EJERCICIO,NRO_CANCE,ESTADO,FECHA_ANULA,COD_PROV,TIPO_CANCE,OBSERVACIONES,USUARIO,FECHA_ALTA
2026,66,N,,2133,A,,CDOPAZO,2026-01-08 10:23:59
2026,68,N,,1119,A,,CDOPAZO,2026-01-08 10:38:02
2026,349,N,,1586,A,,SLEIVA,2026-01-29 08:38:52
2026,67,N,,345,A,,CDOPAZO,2026-01-08 10:28:08
2026,825,N,,3251,A,,CDOPAZO,2026-03-09 09:20:10
2026,348,N,,50031,P,,SLEIVA,2026-01-29 08:21:50
2026,832,N,,2883,P,,CDOPAZO,2026-03-09 09:34:24
2026,823,N,,1943,P,,CDOPAZO,2026-03-09 09:16:36
2026,925,N,,17,A,,GTEVEZ,2026-03-17 08:49:23
2026,827,N,,2371,P,,CDOPAZO,2026-03-09 09:22:24
2026,927,N,,413,P,,GTEVEZ,2026-03-17 08:58:38
2026,833,N,,2883,A,,CDOPAZO,2026-03-09 09:36:09
2026,929,N,,17,P,,GTEVEZ,2026-03-17 09:23:49
2026,926,N,,413,P,,GTEVEZ,2026-03-17 08:55:35
2026,931,N,,3332,A,,GTEVEZ,2026-03-17 09:28:27
2026,928,N,,441,A,,GTEVEZ,2026-03-17 09:05:00
2026,933,N,,1056,A,,GTEVEZ,2026-03-17 09:32:29
2026,930,N,,17,A,,GTEVEZ,2026-03-17 09:25:56
2026,935,N,,2299,A,,GTEVEZ,2026-03-17 09:45:53
2026,932,N,,2998,A,,GTEVEZ,2026-03-17 09:31:18
2026,968,N,,2804,P,,GTEVEZ,2026-03-19 07:56:37
2026,934,N,,1754,P,,GTEVEZ,2026-03-17 09:34:05
2026,972,N,,2627,P,,GTEVEZ,2026-03-19 08:48:38
2026,936,N,,50031,P,,GTEVEZ,2026-03-17 09:48:32
2026,970,N,,441,P,,GTEVEZ,2026-03-19 08:12:24
2026,969,N,,1530,P,,GTEVEZ,2026-03-19 07:57:54
2026,974,N,,3481,P,,GTEVEZ,2026-03-19 09:08:23
2026,971,N,,441,P,,GTEVEZ,2026-03-19 08:14:36
2026,976,N,,3396,A,,GTEVEZ,2026-03-19 09:11:18
2026,973,N,,826,P,,GTEVEZ,2026-03-19 09:00:37
2026,984,N,,2107,P,,SLEIVA,2026-03-19 09:46:56
2026,975,N,,2365,P,,GTEVEZ,2026-03-19 09:09:46
2026,983,N,,1101,P,,SLEIVA,2026-03-19 09:44:21
2026,981,N,,50031,P,,GTEVEZ,2026-03-19 09:25:51
2026,982,N,,3337,P,,SLEIVA,2026-03-19 09:27:18
2026,986,N,,2986,P,,SLEIVA,2026-03-19 09:48:50
2026,988,N,,2513,P,,SLEIVA,2026-03-19 09:50:56
2026,985,N,,53,P,,SLEIVA,2026-03-19 09:47:50
2026,990,N,,3445,P,,SLEIVA,2026-03-19 09:52:53
2026,987,N,,2309,P,,SLEIVA,2026-03-19 09:49:56
2026,992,N,,2098,P,,SLEIVA,2026-03-19 09:55:14
2026,989,N,,2584,P,,SLEIVA,2026-03-19 09:51:57
2026,994,N,,2086,P,,SLEIVA,2026-03-19 09:57:28
2026,991,N,,41,P,,SLEIVA,2026-03-19 09:54:36
2026,998,N,,50575,P,,GTEVEZ,2026-03-20 07:59:51
2026,993,N,,2308,P,,SLEIVA,2026-03-19 09:56:18
2026,996,N,,2770,P,,SLEIVA,2026-03-19 11:58:50
2026,995,N,,174,P,,SLEIVA,2026-03-19 09:59:23
2026,1000,N,,2878,P,,GTEVEZ,2026-03-20 08:02:59
2026,997,N,,50008,P,,SLEIVA,2026-03-19 12:13:49
2026,1002,N,,3561,P,,GTEVEZ,2026-03-20 08:07:01
2026,999,N,,50506,P,,GTEVEZ,2026-03-20 08:01:14
2026,1004,N,,2846,P,,GTEVEZ,2026-03-20 08:18:37
2026,1001,N,,50003,P,,GTEVEZ,2026-03-20 08:05:51
2026,1007,N,,50002,P,,GTEVEZ,2026-03-20 08:41:19
2026,1003,N,,2470,P,,GTEVEZ,2026-03-20 08:17:05
2026,1006,N,,1754,A,,GTEVEZ,2026-03-20 08:22:50
2026,1005,N,,3302,A,,GTEVEZ,2026-03-20 08:21:06
2026,1013,N,,51021,P,,SLEIVA,2026-03-20 11:26:01
2026,1009,N,,50012,P,,GTEVEZ,2026-03-20 09:30:43
2026,1008,N,,707,P,,GTEVEZ,2026-03-20 08:56:26
2026,1011,N,,2369,P,,CDOPAZO,2026-03-20 11:20:03
2026,1010,N,,50012,P,,GTEVEZ,2026-03-20 09:33:36
2026,1015,N,,1489,P,,SLEIVA,2026-03-25 08:20:09
2026,1012,N,,50072,P,,SLEIVA,2026-03-20 11:22:14
2026,1017,N,,50074,P,,RMENDEZ,2026-03-25 08:33:33
2026,1014,N,,2969,P,,SLEIVA,2026-03-25 08:19:11
2026,1019,N,,3426,P,,SLEIVA,2026-03-25 10:14:14
2026,1016,N,,50063,P,,SLEIVA,2026-03-25 08:21:53
2026,1021,N,,50087,P,,RMENDEZ,2026-03-25 10:24:19
2026,1018,N,,2627,P,,SLEIVA,2026-03-25 08:57:20
2026,1023,N,,50553,P,,SLEIVA,2026-03-25 10:44:14
2026,1020,N,,1960,A,,SLEIVA,2026-03-25 10:15:39
2026,1022,N,,400,P,,SLEIVA,2026-03-25 10:41:58
2026,1,N,,2878,A,,SLEIVA,2026-01-02 10:01:26
2026,98,N,,3373,A,,SLEIVA,2026-01-13 08:39:33
2026,3,N,,50008,A,,SLEIVA,2026-01-02 11:36:17
2026,2,N,,50370,P,,SLEIVA,2026-01-02 10:42:50
2026,240,N,,71,A,,CDOPAZO,2026-01-21 08:43:52
2026,26,N,,50036,P,,RMENDEZ,2026-01-06 08:25:13
2026,248,N,,879,A,,CDOPAZO,2026-01-21 09:38:40
2026,99,N,,3478,A,,SLEIVA,2026-01-13 08:40:41
2026,284,N,,50496,P,,SLEIVA,2026-01-23 09:12:11
2026,247,N,,879,A,,CDOPAZO,2026-01-21 09:35:11
2026,286,N,,50031,P,,SLEIVA,2026-01-23 09:19:02
2026,283,N,,2593,A,,SLEIVA,2026-01-23 09:04:18
2026,288,N,,2636,A,,SLEIVA,2026-01-23 09:23:52
2026,285,N,,50011,P,,SLEIVA,2026-01-23 09:14:21
2026,290,N,,295,P,,SLEIVA,2026-01-23 09:27:09
2026,287,N,,167,A,,SLEIVA,2026-01-23 09:20:43
2026,292,N,,2525,P,,SLEIVA,2026-01-23 09:31:55
2026,289,N,,2958,A,,SLEIVA,2026-01-23 09:26:13
2026,294,N,,50003,P,,SLEIVA,2026-01-23 09:36:05
2026,291,N,,2810,A,,SLEIVA,2026-01-23 09:29:13
2026,296,N,,2299,A,,SLEIVA,2026-01-23 11:00:04
2026,293,N,,2525,P,,SLEIVA,2026-01-23 09:32:45
2026,298,N,,2804,A,,SLEIVA,2026-01-23 11:04:32
2026,295,N,,3356,A,,SLEIVA,2026-01-23 10:51:23
2026,300,N,,3452,A,,SLEIVA,2026-01-23 11:08:22
2026,297,N,,50003,P,,SLEIVA,2026-01-23 11:02:07
2026,330,N,,2330,A,,CDOPAZO,2026-01-27 11:40:05
2026,299,N,,2593,A,,SLEIVA,2026-01-23 11:06:38
2026,327,N,,279,A,,CDOPAZO,2026-01-27 09:33:16
2026,315,N,,300,A,,CDOPAZO,2026-01-26 08:44:44
2026,342,N,,51093,P,,SLEIVA,2026-01-28 10:25:39
2026,5,N,,50058,P,,SLEIVA,2026-01-05 08:29:11
2026,7,N,,50084,P,,SLEIVA,2026-01-05 08:39:16
2026,4,N,,50058,P,,SLEIVA,2026-01-05 08:23:23
2026,9,N,,50056,P,,SLEIVA,2026-01-05 08:45:13
2026,6,N,,50062,P,,SLEIVA,2026-01-05 08:33:47
2026,11,N,,50059,P,,SLEIVA,2026-01-05 08:47:46
2026,8,N,,50010,P,,SLEIVA,2026-01-05 08:41:45
2026,13,N,,50065,P,,SLEIVA,2026-01-05 08:49:55
2026,10,N,,50465,P,,SLEIVA,2026-01-05 08:46:38
2026,104,N,,2835,A,,SLEIVA,2026-01-14 08:29:37
2026,12,N,,50064,P,,SLEIVA,2026-01-05 08:48:53
2026,15,N,,1078,A,,SLEIVA,2026-01-05 09:30:53
2026,14,N,,707,P,,SLEIVA,2026-01-05 08:51:02
2026,16,N,,2770,A,,SLEIVA,2026-01-05 09:42:00
2026,106,N,,2697,A,,SLEIVA,2026-01-14 08:36:01
2026,108,N,,53,P,,SLEIVA,2026-01-14 08:38:21
2026,105,N,,2846,A,,SLEIVA,2026-01-14 08:34:22
2026,112,N,,2098,P,,SLEIVA,2026-01-14 08:40:58
2026,107,N,,2513,P,,SLEIVA,2026-01-14 08:37:42
2026,114,N,,1101,A,,SLEIVA,2026-01-14 08:47:16
2026,110,N,,400,P,,SLEIVA,2026-01-14 08:40:19
2026,116,N,,2107,A,,SLEIVA,2026-01-14 08:50:32
2026,113,N,,2308,A,,SLEIVA,2026-01-14 08:44:08
2026,118,N,,2086,P,,SLEIVA,2026-01-14 08:52:18
2026,115,N,,875,A,,SLEIVA,2026-01-14 08:48:56
2026,120,N,,3075,A,,SLEIVA,2026-01-14 08:55:03
2026,117,N,,2522,P,,SLEIVA,2026-01-14 08:51:27
2026,122,N,,2521,A,,SLEIVA,2026-01-14 09:32:22
2026,119,N,,3029,P,,SLEIVA,2026-01-14 08:53:16
2026,124,N,,688,A,,SLEIVA,2026-01-14 09:45:46
2026,121,N,,3338,A,,SLEIVA,2026-01-14 09:27:55
2026,126,N,,2208,A,,SLEIVA,2026-01-14 09:49:36
2026,123,N,,3233,A,,SLEIVA,2026-01-14 09:33:04
2026,128,N,,68,A,,SLEIVA,2026-01-14 09:51:53
2026,125,N,,2450,A,,SLEIVA,2026-01-14 09:48:34
2026,130,N,,3012,A,,SLEIVA,2026-01-14 09:54:36
2026,127,N,,2538,A,,SLEIVA,2026-01-14 09:50:48
2026,132,N,,50008,A,,SLEIVA,2026-01-14 10:21:22
2026,129,N,,2018,A,,SLEIVA,2026-01-14 09:53:16
2026,134,N,,50031,P,,SLEIVA,2026-01-14 11:51:30
2026,131,N,,51093,P,,SLEIVA,2026-01-14 10:18:43
2026,204,N,,50925,P,,RMENDEZ,2026-01-19 10:01:47
2026,133,N,,3470,A,,SLEIVA,2026-01-14 10:58:12
2026,258,N,,879,A,,GTEVEZ,2026-01-22 08:07:00
2026,202,N,,50063,P,,RMENDEZ,2026-01-19 09:42:06
2026,233,N,,163,A,,CDOPAZO,2026-01-20 12:48:09
2026,205,N,,50087,P,,RMENDEZ,2026-01-19 10:12:35
2026,261,A,2026-01-22 00:00:00,2490,A,,GTEVEZ,2026-01-22 08:13:07
2026,255,N,,3012,A,,SLEIVA,2026-01-21 13:28:24
2026,264,N,,688,A,,GTEVEZ,2026-01-22 08:35:15
2026,259,N,,1603,A,,GTEVEZ,2026-01-22 08:11:44
2026,262,N,,1235,A,,GTEVEZ,2026-01-22 08:20:21
2026,265,N,,717,A,,GTEVEZ,2026-01-22 09:04:36
2026,266,N,,717,P,,GTEVEZ,2026-01-22 09:08:08
2026,344,N,,51094,P,,SLEIVA,2026-01-28 11:50:37
2026,343,N,,3177,A,,GTEVEZ,2026-01-28 11:49:22
2026,346,N,,3145,P,,SLEIVA,2026-01-28 11:56:01
2026,369,N,,3218,A,,SLEIVA,2026-01-29 12:06:58
2026,345,N,,1524,P,,SLEIVA,2026-01-28 11:52:20
2026,361,N,,50008,P,,SLEIVA,2026-01-29 11:30:40
2026,347,N,,2969,P,,SLEIVA,2026-01-28 11:59:25
2026,371,N,,5,A,,SLEIVA,2026-01-29 12:22:09
2026,368,N,,3218,P,,SLEIVA,2026-01-29 12:05:43
2026,375,N,,1879,P,,GTEVEZ,2026-01-30 08:24:43
2026,370,N,,2969,P,,SLEIVA,2026-01-29 12:09:53
2026,377,N,,1161,A,,GTEVEZ,2026-01-30 08:32:55
2026,374,N,,2410,A,,GTEVEZ,2026-01-30 08:18:55
2026,379,N,,2627,P,,GTEVEZ,2026-01-30 08:48:35
2026,376,N,,50031,P,,GTEVEZ,2026-01-30 08:29:33
2026,402,N,,167,P,,GTEVEZ,2026-02-03 08:07:34
2026,378,N,,3332,A,,GTEVEZ,2026-01-30 08:35:23
2026,404,N,,2142,A,,GTEVEZ,2026-02-03 08:13:27
2026,380,N,,2627,A,,GTEVEZ,2026-01-30 08:55:46
2026,406,N,,50410,P,,GTEVEZ,2026-02-03 08:16:30
2026,403,N,,1626,P,,GTEVEZ,2026-02-03 08:11:54
2026,408,N,,3405,P,,CDOPAZO,2026-02-03 08:21:20
2026,405,N,,2299,P,,GTEVEZ,2026-02-03 08:15:02
2026,410,N,,50062,P,,GTEVEZ,2026-02-03 08:38:00
2026,407,N,,2804,A,,GTEVEZ,2026-02-03 08:18:23
2026,412,N,,50084,P,,GTEVEZ,2026-02-03 08:43:40
2026,409,N,,50058,P,,GTEVEZ,2026-02-03 08:33:19
2026,414,N,,50059,P,,GTEVEZ,2026-02-03 08:51:38
2026,411,N,,50010,P,,GTEVEZ,2026-02-03 08:40:18
2026,416,N,,50065,P,,GTEVEZ,2026-02-03 08:55:33
2026,413,N,,50056,P,,GTEVEZ,2026-02-03 08:49:00
2026,418,N,,707,P,,GTEVEZ,2026-02-03 08:57:58
2026,415,N,,50064,P,,GTEVEZ,2026-02-03 08:53:31
2026,420,N,,50053,P,,GTEVEZ,2026-02-03 09:28:27
2026,417,N,,50465,P,,GTEVEZ,2026-02-03 08:56:52
2026,423,N,,50087,P,,RMENDEZ,2026-02-03 12:39:11
2026,419,N,,50066,P,,GTEVEZ,2026-02-03 09:02:54
2026,455,N,,2784,P,,GTEVEZ,2026-02-05 08:23:20
2026,421,N,,3509,P,,RMENDEZ,2026-02-03 09:52:31
2026,457,N,,3262,A,,GTEVEZ,2026-02-05 08:28:55
2026,454,N,,1547,P,,GTEVEZ,2026-02-05 08:22:31
2026,459,N,,875,P,,GTEVEZ,2026-02-05 08:32:49
2026,456,N,,2110,A,,GTEVEZ,2026-02-05 08:27:00
2026,461,N,,2613,A,,GTEVEZ,2026-02-05 08:38:11
2026,458,N,,2110,A,,GTEVEZ,2026-02-05 08:31:05
2026,463,N,,1514,A,,GTEVEZ,2026-02-05 08:57:21
2026,460,N,,875,A,,GTEVEZ,2026-02-05 08:35:13
2026,465,N,,2218,A,,GTEVEZ,2026-02-05 09:58:02
2026,462,N,,50003,P,,GTEVEZ,2026-02-05 08:51:28
2026,472,N,,50074,P,,RMENDEZ,2026-02-06 08:23:33
2026,464,N,,2490,A,,GTEVEZ,2026-02-05 09:57:05
2026,483,N,,3390,A,,SLEIVA,2026-02-09 11:07:33
2026,466,N,,50053,P,,GTEVEZ,2026-02-05 10:01:34
2026,485,N,,50002,P,,SLEIVA,2026-02-09 12:01:20
2026,473,N,,708,P,,RMENDEZ,2026-02-06 09:57:11
2026,494,N,,230,P,,RMENDEZ,2026-02-10 10:00:24
2026,484,N,,803,A,,SLEIVA,2026-02-09 11:56:24
2026,538,N,,50087,P,,RMENDEZ,2026-02-12 11:26:04
2026,486,N,,3233,P,,SLEIVA,2026-02-09 12:15:59
2026,622,N,,160,P,,SLEIVA,2026-02-23 07:33:56
2026,500,N,,2595,A,,CDOPAZO,2026-02-11 08:45:31
2026,624,N,,160,P,,SLEIVA,2026-02-23 07:43:21
2026,596,N,,50023,P,,RMENDEZ,2026-02-19 11:19:33
2026,626,N,,1994,P,,SLEIVA,2026-02-23 07:45:19
2026,623,N,,160,A,,SLEIVA,2026-02-23 07:39:25
2026,628,A,2026-02-24 00:00:00,3287,P,,SLEIVA,2026-02-23 08:06:20
2026,625,N,,50496,P,,SLEIVA,2026-02-23 07:44:27
2026,630,N,,3337,P,,SLEIVA,2026-02-23 08:43:03
2026,627,N,,50031,P,,SLEIVA,2026-02-23 07:46:55
2026,632,N,,3299,A,,SLEIVA,2026-02-23 08:48:17
2026,629,N,,3287,P,,SLEIVA,2026-02-23 08:07:01
2026,634,N,,2804,P,,SLEIVA,2026-02-23 08:53:48
2026,631,N,,86,A,,SLEIVA,2026-02-23 08:47:24
2026,636,N,,169,A,,SLEIVA,2026-02-23 08:55:53
2026,633,N,,2151,A,,SLEIVA,2026-02-23 08:49:36
2026,638,N,,41,A,,GTEVEZ,2026-02-23 08:59:06
2026,635,N,,2804,A,,SLEIVA,2026-02-23 08:54:56
2026,640,N,,875,A,,GTEVEZ,2026-02-23 09:01:32
2026,637,N,,1754,A,,GTEVEZ,2026-02-23 08:57:02
2026,642,N,,2425,P,,SLEIVA,2026-02-23 09:11:18
2026,639,N,,2701,A,,GTEVEZ,2026-02-23 09:00:31
2026,644,N,,1228,P,,SLEIVA,2026-02-23 09:12:58
2026,641,N,,2142,A,,GTEVEZ,2026-02-23 09:02:28
2026,646,N,,1259,A,,GTEVEZ,2026-02-23 09:31:13
2026,643,N,,1090,P,,SLEIVA,2026-02-23 09:12:04
2026,654,N,,33,P,,RMENDEZ,2026-02-24 10:09:34
2026,645,N,,1259,A,,GTEVEZ,2026-02-23 09:29:48
2026,652,N,,33,P,,RMENDEZ,2026-02-24 10:05:57
2026,647,N,,635,P,,SLEIVA,2026-02-23 10:59:06
2026,657,N,,193,P,,RMENDEZ,2026-02-24 11:14:20
2026,659,N,,193,P,,RMENDEZ,2026-02-24 11:15:56
2026,655,N,,33,P,,RMENDEZ,2026-02-24 10:19:25
2026,692,N,,50087,P,,RMENDEZ,2026-02-26 10:41:40
2026,658,N,,193,P,,RMENDEZ,2026-02-24 11:15:14
2026,705,N,,50087,P,,RMENDEZ,2026-02-27 09:27:13
2026,690,N,,2209,A,,CDOPAZO,2026-02-26 10:07:19
2026,707,N,,50087,P,,RMENDEZ,2026-02-27 09:34:13
2026,693,N,,50087,P,,RMENDEZ,2026-02-26 10:52:11
2026,709,N,,50063,P,,RMENDEZ,2026-02-27 10:52:05
2026,706,N,,50087,P,,RMENDEZ,2026-02-27 09:31:23
2026,714,N,,866,P,,CDOPAZO,2026-02-27 11:27:22
2026,708,N,,1809,P,,RMENDEZ,2026-02-27 09:35:08
2026,712,N,,1440,A,,CDOPAZO,2026-02-27 11:22:36
2026,710,N,,50063,P,,RMENDEZ,2026-02-27 10:53:37
2026,729,N,,51082,P,,SLEIVA,2026-03-03 09:51:22
2026,713,N,,1440,P,,CDOPAZO,2026-02-27 11:24:19
2026,734,N,,50058,P,,SLEIVA,2026-03-03 11:26:10
2026,728,N,,50002,P,,SLEIVA,2026-03-03 07:53:08
2026,736,N,,50084,P,,SLEIVA,2026-03-03 11:36:01
2026,730,N,,2069,P,,SLEIVA,2026-03-03 09:52:14
2026,738,N,,50059,P,,SLEIVA,2026-03-03 11:41:29
2026,735,N,,50062,P,,SLEIVA,2026-03-03 11:32:17
2026,740,N,,50065,P,,SLEIVA,2026-03-03 11:43:55
2026,737,N,,50010,P,,SLEIVA,2026-03-03 11:38:32
2026,743,N,,707,P,,SLEIVA,2026-03-03 11:47:10
2026,739,N,,50064,P,,SLEIVA,2026-03-03 11:42:29
2026,741,N,,50465,P,,SLEIVA,2026-03-03 11:44:52
2026,758,N,,3364,P,,CDOPAZO,2026-03-04 10:03:24
2026,742,N,,50056,P,,SLEIVA,2026-03-03 11:46:12
2026,757,N,,3562,P,,CDOPAZO,2026-03-04 09:40:26
2026,760,N,,441,A,,CDOPAZO,2026-03-04 11:30:00
2026,21,N,,877,A,,SLEIVA,2026-01-06 08:08:29
2026,23,N,,1603,A,,SLEIVA,2026-01-06 08:10:32
2026,20,N,,1214,A,,SLEIVA,2026-01-06 08:07:00
2026,25,N,,125,A,,SLEIVA,2026-01-06 08:13:26
2026,22,N,,2214,A,,SLEIVA,2026-01-06 08:09:27
2026,28,N,,50053,P,,SLEIVA,2026-01-06 08:30:36
2026,24,N,,2450,A,,SLEIVA,2026-01-06 08:11:36
2026,27,N,,50551,P,,SLEIVA,2026-01-06 08:29:29
2026,48,N,,3454,A,,SLEIVA,2026-01-08 08:03:31
2026,50,N,,3228,A,,SLEIVA,2026-01-08 08:05:57
2026,47,N,,1825,A,,SLEIVA,2026-01-08 08:02:45
2026,52,N,,3240,A,,SLEIVA,2026-01-08 08:07:25
2026,49,N,,2032,A,,SLEIVA,2026-01-08 08:04:39
2026,54,N,,3438,A,,SLEIVA,2026-01-08 08:09:30
2026,51,N,,2812,A,,SLEIVA,2026-01-08 08:06:42
2026,53,N,,3455,A,,SLEIVA,2026-01-08 08:08:10
2026,267,N,,436,A,,GTEVEZ,2026-01-22 09:14:21
2026,269,N,,688,A,,GTEVEZ,2026-01-22 09:20:40
2026,268,N,,3483,A,,GTEVEZ,2026-01-22 09:15:22
2026,273,N,,2259,A,,GTEVEZ,2026-01-22 11:05:04
2026,271,N,,3287,A,,GTEVEZ,2026-01-22 09:47:13
2026,270,N,,3287,A,,GTEVEZ,2026-01-22 09:39:50
2026,301,N,,2869,A,,SLEIVA,2026-01-23 11:42:31
2026,272,N,,3287,A,,GTEVEZ,2026-01-22 09:56:58
2026,360,N,,2170,A,,CDOPAZO,2026-01-29 10:38:37
2026,274,N,,33,P,,RMENDEZ,2026-01-22 11:44:07
2026,307,N,,50036,P,,SLEIVA,2026-01-23 13:16:10
2026,303,N,,2869,P,,SLEIVA,2026-01-23 11:47:57
2026,397,N,,50057,P,,RMENDEZ,2026-02-02 10:21:40
2026,358,N,,3419,A,,CDOPAZO,2026-01-29 09:16:18
2026,373,N,,840,A,,CDOPAZO,2026-01-29 13:11:04
2026,362,A,2026-01-29 00:00:00,840,A,,CDOPAZO,2026-01-29 11:45:54
2026,453,N,,50162,P,,SLEIVA,2026-02-04 12:59:55
2026,546,N,,50031,P,,SLEIVA,2026-02-13 09:48:49
2026,422,N,,50002,P,,SLEIVA,2026-02-03 12:27:49
2026,648,N,,50922,P,,RMENDEZ,2026-02-23 13:00:09
2026,545,N,,50008,P,,SLEIVA,2026-02-13 08:32:31
2026,653,N,,2334,A,,GTEVEZ,2026-02-24 10:06:00
2026,620,N,,87,A,,CDOPAZO,2026-02-20 10:42:44
2026,660,N,,50431,P,,GTEVEZ,2026-02-24 11:49:44
2026,651,N,,3075,P,,GTEVEZ,2026-02-24 09:56:50
2026,663,N,,717,P,,SLEIVA,2026-02-25 07:40:35
2026,656,N,,1555,A,,GTEVEZ,2026-02-24 11:01:30
2026,661,A,2026-02-25 00:00:00,50431,P,,GTEVEZ,2026-02-24 11:55:42
2026,665,N,,3448,P,,SLEIVA,2026-02-25 07:45:33
2026,662,N,,50431,P,,GTEVEZ,2026-02-24 12:03:45
2026,667,N,,2843,P,,SLEIVA,2026-02-25 07:47:36
2026,664,N,,2969,P,,SLEIVA,2026-02-25 07:44:16
2026,672,N,,50072,P,,SLEIVA,2026-02-25 08:21:44
2026,666,N,,2450,P,,SLEIVA,2026-02-25 07:46:38
2026,669,N,,436,P,,SLEIVA,2026-02-25 08:17:40
2026,674,N,,50072,P,,SLEIVA,2026-02-25 08:28:19
2026,671,N,,50003,P,,SLEIVA,2026-02-25 08:18:55
2026,678,N,,879,A,,SLEIVA,2026-02-25 10:10:54
2026,673,N,,50072,P,,SLEIVA,2026-02-25 08:27:19
2026,680,N,,3220,P,,SLEIVA,2026-02-25 10:16:36
2026,676,N,,50031,P,,SLEIVA,2026-02-25 10:04:37
2026,683,N,,2209,A,,GTEVEZ,2026-02-26 08:13:00
2026,679,N,,2969,P,,SLEIVA,2026-02-25 10:15:00
2026,696,N,,2869,P,,SLEIVA,2026-02-27 07:55:29
2026,681,N,,879,A,,SLEIVA,2026-02-25 10:19:54
2026,711,N,,50008,P,,SLEIVA,2026-02-27 11:15:57
2026,694,N,,3556,P,,GTEVEZ,2026-02-26 11:05:41
2026,731,N,,822,P,,GTEVEZ,2026-03-03 10:15:56
2026,697,N,,3390,P,,SLEIVA,2026-02-27 08:02:06
2026,733,N,,3011,P,,GTEVEZ,2026-03-03 11:04:07
2026,715,N,,50470,P,,SLEIVA,2026-02-27 11:28:22
2026,840,N,,3560,P,,SLEIVA,2026-03-10 08:33:28
2026,732,N,,50053,P,,GTEVEZ,2026-03-03 10:21:13
2026,842,N,,777,A,,SLEIVA,2026-03-10 08:44:20
2026,786,N,,850,P,,CDOPAZO,2026-03-05 11:33:35
2026,844,N,,57,P,,GTEVEZ,2026-03-10 08:51:25
2026,841,N,,41,A,,SLEIVA,2026-03-10 08:36:31
2026,846,N,,50278,P,,GTEVEZ,2026-03-10 09:25:42
2026,843,N,,3316,P,,GTEVEZ,2026-03-10 08:47:29
2026,848,N,,90,P,,CDOPAZO,2026-03-10 09:46:14
2026,845,N,,50278,P,,GTEVEZ,2026-03-10 09:02:42
2026,849,N,,216,P,,GTEVEZ,2026-03-10 09:53:49
2026,851,N,,2525,P,,GTEVEZ,2026-03-10 10:00:46
2026,853,N,,2218,A,,GTEVEZ,2026-03-10 11:06:21
2026,850,N,,2525,P,,GTEVEZ,2026-03-10 09:57:49
2026,855,N,,50278,P,,SLEIVA,2026-03-11 08:24:57
2026,852,N,,3516,P,,GTEVEZ,2026-03-10 10:59:05
2026,857,A,2026-03-11 00:00:00,3534,P,,SLEIVA,2026-03-11 08:34:00
2026,854,N,,50278,P,,SLEIVA,2026-03-11 08:14:01
2026,860,N,,3534,P,,GTEVEZ,2026-03-11 12:35:58
2026,856,N,,3233,P,,SLEIVA,2026-03-11 08:33:06
2026,859,N,,3169,P,,SLEIVA,2026-03-11 12:14:18
2026,858,N,,3454,P,,SLEIVA,2026-03-11 09:53:37
2026,863,N,,21,A,,GTEVEZ,2026-03-12 08:32:42
2026,862,N,,68,P,,GTEVEZ,2026-03-12 08:28:26
2026,861,N,,186,P,,SLEIVA,2026-03-12 08:14:46
2026,864,N,,2001,A,,GTEVEZ,2026-03-12 08:35:23
2026,867,N,,2578,A,,GTEVEZ,2026-03-12 08:39:04
2026,865,A,2026-03-12 00:00:00,50209,P,,SLEIVA,2026-03-12 08:37:39
2026,869,N,,2958,P,,GTEVEZ,2026-03-12 08:51:54
2026,866,N,,1810,P,,GTEVEZ,2026-03-12 08:37:40
2026,872,N,,1259,P,,GTEVEZ,2026-03-12 08:58:03
2026,868,A,2026-04-15 00:00:00,50910,P,,SLEIVA,2026-03-12 08:50:17
2026,870,N,,3529,P,,GTEVEZ,2026-03-12 08:54:23
2026,874,N,,1066,P,,GTEVEZ,2026-03-12 09:09:42
2026,871,N,,51080,P,,SLEIVA,2026-03-12 08:54:29
2026,876,N,,2142,A,,GTEVEZ,2026-03-12 09:14:39
2026,873,N,,50261,P,,SLEIVA,2026-03-12 09:03:58
2026,878,N,,2110,A,,GTEVEZ,2026-03-12 09:17:52
2026,875,N,,1259,P,,GTEVEZ,2026-03-12 09:12:57
2026,880,N,,50072,P,,SLEIVA,2026-03-12 09:31:40
2026,877,N,,789,P,,GTEVEZ,2026-03-12 09:16:39
2026,883,N,,51099,P,,SLEIVA,2026-03-12 11:04:44
2026,879,N,,50003,P,,GTEVEZ,2026-03-12 09:21:21
2026,881,N,,50008,P,,SLEIVA,2026-03-12 10:25:49
2026,885,N,,50256,P,,SLEIVA,2026-03-12 11:54:36
2026,882,N,,50002,P,,GTEVEZ,2026-03-12 10:26:00
2026,884,N,,2643,P,,SLEIVA,2026-03-12 11:49:57
2026,319,N,,169,A,,GTEVEZ,2026-01-27 08:24:20
2026,317,N,,169,A,,GTEVEZ,2026-01-27 08:16:55
2026,321,N,,2299,A,,GTEVEZ,2026-01-27 08:43:50
2026,318,N,,85,P,,GTEVEZ,2026-01-27 08:20:04
2026,323,N,,789,P,,GTEVEZ,2026-01-27 08:51:31
2026,320,N,,2593,A,,GTEVEZ,2026-01-27 08:31:43
2026,325,N,,3430,P,,GTEVEZ,2026-01-27 08:54:08
2026,322,N,,1754,A,,GTEVEZ,2026-01-27 08:50:12
2026,329,N,,50072,P,,GTEVEZ,2026-01-27 10:29:46
2026,324,N,,50929,P,,GTEVEZ,2026-01-27 08:53:03
2026,761,N,,441,A,,CDOPAZO,2026-03-04 11:36:28
2026,326,N,,688,A,,GTEVEZ,2026-01-27 09:01:44
2026,762,N,,441,A,,CDOPAZO,2026-03-04 11:38:11
2026,771,N,,50015,P,,SLEIVA,2026-03-05 08:23:59
2026,778,N,,50328,P,,SLEIVA,2026-03-05 09:22:28
2026,770,N,,50020,P,,SLEIVA,2026-03-05 08:20:49
2026,776,N,,50362,P,,SLEIVA,2026-03-05 09:14:15
2026,772,N,,125,P,,SLEIVA,2026-03-05 08:27:59
2026,780,N,,50129,P,,SLEIVA,2026-03-05 09:25:19
2026,777,N,,479,P,,SLEIVA,2026-03-05 09:16:00
2026,783,N,,1876,P,,CDOPAZO,2026-03-05 10:49:00
2026,779,N,,50100,P,,SLEIVA,2026-03-05 09:23:46
2026,782,N,,3184,A,,CDOPAZO,2026-03-05 10:47:04
2026,785,N,,2337,P,,SLEIVA,2026-03-05 11:21:33
2026,788,N,,1825,P,,GTEVEZ,2026-03-06 08:26:02
2026,784,N,,2988,P,,SLEIVA,2026-03-05 11:19:20
2026,790,N,,1864,P,,GTEVEZ,2026-03-06 08:28:41
2026,787,N,,50003,P,,SLEIVA,2026-03-05 12:52:21
2026,792,N,,3240,P,,GTEVEZ,2026-03-06 08:30:32
2026,789,N,,3338,P,,GTEVEZ,2026-03-06 08:27:45
2026,794,N,,3228,P,,GTEVEZ,2026-03-06 08:34:58
2026,791,N,,2032,P,,GTEVEZ,2026-03-06 08:29:38
2026,796,N,,3033,P,,GTEVEZ,2026-03-06 08:38:23
2026,793,N,,2812,P,,GTEVEZ,2026-03-06 08:31:25
2026,798,N,,3438,P,,GTEVEZ,2026-03-06 08:41:41
2026,795,N,,3492,P,,GTEVEZ,2026-03-06 08:36:32
2026,800,N,,1825,P,,GTEVEZ,2026-03-06 08:43:34
2026,797,N,,3453,P,,GTEVEZ,2026-03-06 08:40:11
2026,802,N,,3034,P,,GTEVEZ,2026-03-06 08:45:26
2026,799,N,,3455,P,,GTEVEZ,2026-03-06 08:42:28
2026,804,N,,3361,P,,GTEVEZ,2026-03-06 08:47:39
2026,801,N,,3440,P,,GTEVEZ,2026-03-06 08:44:41
2026,806,N,,2473,P,,GTEVEZ,2026-03-06 08:50:00
2026,803,N,,2704,P,,GTEVEZ,2026-03-06 08:46:42
2026,808,N,,2498,P,,GTEVEZ,2026-03-06 09:54:40
2026,805,N,,3027,P,,GTEVEZ,2026-03-06 08:48:48
2026,810,N,,3470,P,,GTEVEZ,2026-03-06 11:37:38
2026,807,N,,3220,P,,GTEVEZ,2026-03-06 09:52:44
2026,812,N,,1334,P,,GTEVEZ,2026-03-06 12:25:53
2026,809,N,,2991,P,,GTEVEZ,2026-03-06 11:04:17
2026,814,N,,68,A,,GTEVEZ,2026-03-09 08:54:10
2026,811,N,,3439,P,,GTEVEZ,2026-03-06 11:39:17
2026,816,N,,428,A,,GTEVEZ,2026-03-09 08:58:12
2026,813,N,,50003,P,,GTEVEZ,2026-03-09 08:51:20
2026,818,N,,171,A,,GTEVEZ,2026-03-09 09:09:12
2026,815,N,,2804,A,,GTEVEZ,2026-03-09 08:56:31
2026,820,N,,3398,P,,GTEVEZ,2026-03-09 09:12:24
2026,817,N,,2998,A,,GTEVEZ,2026-03-09 09:00:46
2026,824,N,,1943,A,,GTEVEZ,2026-03-09 09:18:29
2026,819,N,,3180,P,,GTEVEZ,2026-03-09 09:11:17
2026,821,N,,50014,P,,SLEIVA,2026-03-09 09:15:02
2026,828,N,,50551,P,,SLEIVA,2026-03-09 09:27:35
2026,822,N,,2883,P,,GTEVEZ,2026-03-09 09:15:08
2026,830,N,,50553,P,,SLEIVA,2026-03-09 09:30:01
2026,826,A,2026-03-09 00:00:00,2110,A,,GTEVEZ,2026-03-09 09:20:29
2026,834,N,,3003,A,,SLEIVA,2026-03-09 09:50:53
2026,829,N,,50053,P,,SLEIVA,2026-03-09 09:28:50
2026,837,N,,2110,P,,SLEIVA,2026-03-09 11:02:32
2026,831,N,,50036,P,,SLEIVA,2026-03-09 09:31:55
2026,836,N,,2110,P,,GTEVEZ,2026-03-09 11:01:43
2026,835,N,,50126,P,,SLEIVA,2026-03-09 10:16:17
2026,839,N,,2228,P,,SLEIVA,2026-03-09 11:14:28
2026,838,N,,1879,P,,SLEIVA,2026-03-09 11:11:25
2026,847,N,,2157,A,,CDOPAZO,2026-03-10 09:39:15
2026,55,N,,3453,A,,SLEIVA,2026-01-08 08:10:58
2026,57,N,,703,A,,SLEIVA,2026-01-08 08:13:19
2026,56,N,,3439,A,,SLEIVA,2026-01-08 08:12:30
2026,59,N,,3492,A,,SLEIVA,2026-01-08 09:08:31
2026,73,N,,3184,A,,CDOPAZO,2026-01-09 08:50:34
2026,58,N,,68,A,,SLEIVA,2026-01-08 08:15:43
2026,61,N,,50031,P,,SLEIVA,2026-01-08 09:21:49
2026,60,N,,3514,A,,SLEIVA,2026-01-08 09:12:44
2026,75,N,,2808,A,,CDOPAZO,2026-01-09 09:14:14
2026,62,N,,3516,A,,SLEIVA,2026-01-08 09:26:01
2026,111,N,,50023,P,,RMENDEZ,2026-01-14 08:40:54
2026,74,N,,771,A,,CDOPAZO,2026-01-09 09:01:56
2026,85,N,,3509,P,,RMENDEZ,2026-01-09 12:49:12
2026,76,N,,3251,A,,CDOPAZO,2026-01-09 11:11:28
2026,109,N,,50087,P,,RMENDEZ,2026-01-14 08:39:31
2026,151,N,,160,A,,CDOPAZO,2026-01-15 10:48:37
2026,150,N,,3297,A,,CDOPAZO,2026-01-15 10:46:20
2026,142,N,,167,A,,CDOPAZO,2026-01-15 08:10:41
2026,196,N,,164,P,,GTEVEZ,2026-01-19 08:17:21
2026,161,N,,2549,P,,RMENDEZ,2026-01-16 08:20:45
2026,159,N,,708,P,,RMENDEZ,2026-01-16 08:18:51
2026,198,N,,2377,P,,GTEVEZ,2026-01-19 08:20:26
2026,195,N,,1344,P,,GTEVEZ,2026-01-19 08:15:19
2026,200,N,,2402,P,,GTEVEZ,2026-01-19 08:23:40
2026,197,N,,1477,P,,GTEVEZ,2026-01-19 08:18:22
2026,215,N,,2167,P,,GTEVEZ,2026-01-20 09:07:24
2026,199,N,,2346,P,,GTEVEZ,2026-01-19 08:22:34
2026,217,N,,2483,P,,GTEVEZ,2026-01-20 09:12:42
2026,201,N,,2746,P,,GTEVEZ,2026-01-19 08:24:48
2026,219,N,,3038,P,,GTEVEZ,2026-01-20 09:42:53
2026,216,N,,371,P,,GTEVEZ,2026-01-20 09:10:05
2026,224,N,,910,P,,GTEVEZ,2026-01-20 09:47:16
2026,218,N,,2161,P,,GTEVEZ,2026-01-20 09:41:57
2026,221,N,,2342,P,,GTEVEZ,2026-01-20 09:44:49
2026,220,N,,2626,P,,GTEVEZ,2026-01-20 09:43:49
2026,222,N,,50922,P,,RMENDEZ,2026-01-20 09:46:06
2026,226,N,,827,P,,GTEVEZ,2026-01-20 09:49:34
2026,223,N,,2211,P,,GTEVEZ,2026-01-20 09:46:09
2026,228,A,2026-01-28 00:00:00,2658,P,,GTEVEZ,2026-01-20 09:51:45
2026,225,N,,685,P,,GTEVEZ,2026-01-20 09:48:09
2026,230,N,,2187,P,,GTEVEZ,2026-01-20 09:53:36
2026,227,A,2026-01-28 00:00:00,2633,P,,GTEVEZ,2026-01-20 09:50:39
2026,280,A,2026-01-23 00:00:00,2330,A,,CDOPAZO,2026-01-23 08:17:24
2026,229,N,,2428,P,,GTEVEZ,2026-01-20 09:52:42
2026,331,N,,3452,A,,SLEIVA,2026-01-28 07:56:30
2026,231,N,,163,A,,GTEVEZ,2026-01-20 12:12:43
2026,306,N,,50154,P,,CDOPAZO,2026-01-23 13:12:24
2026,333,N,,2001,A,,SLEIVA,2026-01-28 10:01:44
2026,335,N,,1267,P,,SLEIVA,2026-01-28 10:12:13
2026,332,N,,50553,P,,SLEIVA,2026-01-28 08:00:21
2026,339,N,,2208,A,,SLEIVA,2026-01-28 10:20:16
2026,334,N,,17,A,,SLEIVA,2026-01-28 10:07:23
2026,338,N,,50154,P,,SLEIVA,2026-01-28 10:16:40
2026,341,N,,57,A,,SLEIVA,2026-01-28 10:24:28
2026,340,N,,68,A,,SLEIVA,2026-01-28 10:21:34
2026,528,N,,51096,P,,GTEVEZ,2026-02-12 08:18:00
2026,530,N,,2843,P,,GTEVEZ,2026-02-12 08:32:08
2026,29,N,,50074,P,,RMENDEZ,2026-01-06 11:23:45
2026,532,N,,2869,P,,GTEVEZ,2026-02-12 09:08:11
2026,529,N,,3316,P,,GTEVEZ,2026-02-12 08:31:00
2026,535,N,,2330,P,,GTEVEZ,2026-02-12 09:32:25
2026,531,N,,3218,P,,GTEVEZ,2026-02-12 08:33:49
2026,562,N,,3322,A,,CDOPAZO,2026-02-18 09:47:45
2026,534,N,,2330,A,,GTEVEZ,2026-02-12 09:23:43
2026,567,N,,1514,A,,CDOPAZO,2026-02-18 10:03:16
2026,560,N,,3322,A,,CDOPAZO,2026-02-18 09:42:30
2026,591,N,,50070,P,,SLEIVA,2026-02-19 09:07:49
2026,564,N,,3322,P,,CDOPAZO,2026-02-18 09:51:39
2026,574,N,,51097,P,,CDOPAZO,2026-02-18 13:17:17
2026,568,N,,1514,P,,CDOPAZO,2026-02-18 10:07:03
2026,589,N,,212,A,,SLEIVA,2026-02-19 08:56:37
2026,593,N,,707,P,,SLEIVA,2026-02-19 09:58:54
2026,590,N,,50370,P,,SLEIVA,2026-02-19 08:59:39
2026,598,N,,50008,P,,SLEIVA,2026-02-19 13:16:27
2026,592,N,,2846,A,,SLEIVA,2026-02-19 09:11:41
2026,765,N,,1315,A,,GTEVEZ,2026-03-05 07:54:27
2026,597,N,,51098,P,,SLEIVA,2026-02-19 12:06:10
2026,766,N,,69,A,,GTEVEZ,2026-03-05 07:57:01
2026,768,N,,50072,P,,GTEVEZ,2026-03-05 08:04:07
2026,773,N,,50087,P,,GTEVEZ,2026-03-05 08:30:49
2026,767,N,,441,A,,GTEVEZ,2026-03-05 07:59:16
2026,775,N,,850,A,,GTEVEZ,2026-03-05 08:48:36
2026,769,N,,50410,P,,GTEVEZ,2026-03-05 08:05:06
2026,888,N,,3198,P,,CDOPAZO,2026-03-12 12:28:41
2026,774,N,,708,P,,GTEVEZ,2026-03-05 08:33:37
2026,887,N,,50003,P,,SLEIVA,2026-03-12 12:02:40
2026,781,N,,441,A,,GTEVEZ,2026-03-05 09:41:27
2026,886,N,,50209,P,,SLEIVA,2026-03-12 11:58:08
2026,891,N,,1514,P,,SLEIVA,2026-03-13 07:22:50
2026,890,N,,2421,P,,SLEIVA,2026-03-13 07:21:57
2026,889,A,2026-03-13 00:00:00,1514,P,,SLEIVA,2026-03-13 07:18:20
2026,893,N,,875,P,,SLEIVA,2026-03-13 07:28:01
2026,897,N,,2843,P,,SLEIVA,2026-03-13 07:44:29
2026,892,N,,3296,P,,SLEIVA,2026-03-13 07:25:45
2026,895,N,,2334,P,,SLEIVA,2026-03-13 07:40:29
2026,894,N,,2490,P,,SLEIVA,2026-03-13 07:28:48
2026,899,N,,1936,P,,SLEIVA,2026-03-13 07:48:32
2026,896,N,,3012,P,,SLEIVA,2026-03-13 07:42:48
2026,901,N,,50087,P,,GTEVEZ,2026-03-13 07:53:24
2026,898,N,,2109,P,,SLEIVA,2026-03-13 07:46:29
2026,903,N,,50008,P,,SLEIVA,2026-03-13 08:10:04
2026,900,N,,2549,P,,GTEVEZ,2026-03-13 07:49:49
2026,905,N,,3075,P,,GTEVEZ,2026-03-13 08:39:55
2026,902,N,,50087,P,,GTEVEZ,2026-03-13 07:56:18
2026,908,N,,3419,A,,CDOPAZO,2026-03-13 10:14:06
2026,904,N,,3218,P,,GTEVEZ,2026-03-13 08:35:43
2026,906,N,,1514,P,,GTEVEZ,2026-03-13 09:50:18
2026,910,N,,1809,P,,CDOPAZO,2026-03-13 10:26:55
2026,907,N,,1962,P,,GTEVEZ,2026-03-13 09:52:11
2026,912,N,,50008,P,,SLEIVA,2026-03-13 12:17:27
2026,909,N,,708,P,,CDOPAZO,2026-03-13 10:24:49
2026,915,N,,1995,P,,GTEVEZ,2026-03-16 09:32:05
2026,911,N,,1394,P,,SLEIVA,2026-03-13 11:26:16
2026,913,N,,50066,P,,GTEVEZ,2026-03-16 09:21:40
2026,917,N,,2917,P,,GTEVEZ,2026-03-16 09:39:18
2026,914,N,,50014,P,,GTEVEZ,2026-03-16 09:28:24
2026,919,N,,163,P,,CDOPAZO,2026-03-16 10:16:21
2026,916,N,,163,P,,GTEVEZ,2026-03-16 09:35:48
2026,921,N,,3177,P,,GTEVEZ,2026-03-16 11:02:17
2026,918,N,,2525,P,,GTEVEZ,2026-03-16 09:44:09
2026,923,N,,141,P,,SLEIVA,2026-03-16 12:33:50
2026,920,N,,50023,P,,GTEVEZ,2026-03-16 10:59:53
2026,937,N,,50023,P,,SLEIVA,2026-03-17 12:30:07
2026,922,N,,2482,P,,GTEVEZ,2026-03-16 11:45:40
2026,939,N,,50023,P,,SLEIVA,2026-03-17 12:33:16
2026,924,N,,2538,P,,SLEIVA,2026-03-16 12:35:04
2026,941,N,,50036,P,,SLEIVA,2026-03-17 12:37:32
2026,938,N,,1489,P,,SLEIVA,2026-03-17 12:31:30
2026,943,N,,1603,A,,GTEVEZ,2026-03-18 08:03:23
2026,940,N,,50002,P,,SLEIVA,2026-03-17 12:34:18
2026,945,N,,19,P,,GTEVEZ,2026-03-18 08:11:51
2026,942,N,,708,P,,SLEIVA,2026-03-17 13:11:39
2026,947,N,,50370,P,,GTEVEZ,2026-03-18 08:16:32
2026,944,N,,1603,P,,GTEVEZ,2026-03-18 08:09:29
2026,949,N,,50002,P,,SLEIVA,2026-03-18 08:23:38
2026,946,N,,2525,P,,GTEVEZ,2026-03-18 08:14:23
2026,951,N,,1259,P,,GTEVEZ,2026-03-18 08:42:21
2026,948,A,2026-03-19 00:00:00,50001,P,,SLEIVA,2026-03-18 08:17:11
2026,953,A,2026-03-18 00:00:00,50072,P,,GTEVEZ,2026-03-18 08:47:28
2026,950,N,,50002,P,,SLEIVA,2026-03-18 08:30:18
2026,955,N,,2110,P,,GTEVEZ,2026-03-18 08:49:47
2026,952,N,,1994,A,,GTEVEZ,2026-03-18 08:44:09
2026,957,N,,3563,P,,GTEVEZ,2026-03-18 08:53:21
2026,954,N,,2790,P,,GTEVEZ,2026-03-18 08:48:47
2026,959,N,,3287,P,,GTEVEZ,2026-03-18 08:59:46
2026,956,N,,2208,P,,GTEVEZ,2026-03-18 08:51:01
2026,961,N,,50054,P,,SLEIVA,2026-03-18 09:31:13
2026,958,N,,50031,P,,GTEVEZ,2026-03-18 08:55:26
2026,963,N,,17,P,,CDOPAZO,2026-03-18 10:20:52
2026,960,N,,3287,A,,GTEVEZ,2026-03-18 09:09:36
2026,965,N,,50070,P,,SLEIVA,2026-03-18 10:47:48
2026,962,N,,3445,P,,SLEIVA,2026-03-18 09:37:49
2026,978,N,,2804,P,,SLEIVA,2026-03-19 09:20:22
2026,964,N,,50031,P,,SLEIVA,2026-03-18 10:28:12
2026,967,N,,50023,P,,SLEIVA,2026-03-18 13:17:48
2026,966,N,,413,P,,CDOPAZO,2026-03-18 11:09:14
2026,977,N,,50072,P,,SLEIVA,2026-03-19 09:12:38
2026,980,N,,2403,P,,SLEIVA,2026-03-19 09:23:20
2026,979,N,,3296,P,,SLEIVA,2026-03-19 09:22:25
2026,257,N,,2675,A,,CDOPAZO,2026-01-22 07:57:01
2026,260,N,,1235,A,,CDOPAZO,2026-01-22 08:12:09
2026,309,N,,2330,A,,GTEVEZ,2026-01-26 08:16:38
2026,311,N,,2450,P,,GTEVEZ,2026-01-26 08:20:06
2026,263,N,,3287,A,,CDOPAZO,2026-01-22 08:33:41
2026,310,N,,2804,A,,GTEVEZ,2026-01-26 08:18:29
2026,312,N,,1977,A,,GTEVEZ,2026-01-26 08:25:11
2026,31,N,,454,A,,SLEIVA,2026-01-07 07:52:14
2026,19,N,,2770,A,,SLEIVA,2026-01-05 12:38:22
2026,33,N,,1608,A,,SLEIVA,2026-01-07 07:57:39
2026,30,N,,50031,P,,SLEIVA,2026-01-07 07:46:19
2026,35,N,,50003,P,,SLEIVA,2026-01-07 07:59:50
2026,32,N,,1626,A,,SLEIVA,2026-01-07 07:56:05
2026,37,N,,395,A,,SLEIVA,2026-01-07 08:03:44
2026,34,N,,1002,A,,SLEIVA,2026-01-07 07:58:36
2026,39,N,,3420,A,,SLEIVA,2026-01-07 08:07:33
2026,36,N,,2337,A,,SLEIVA,2026-01-07 08:01:31
2026,41,N,,50053,P,,SLEIVA,2026-01-07 08:29:24
2026,38,N,,557,A,,SLEIVA,2026-01-07 08:06:24
2026,92,N,,3246,A,,CDOPAZO,2026-01-12 11:51:40
2026,40,N,,527,A,,SLEIVA,2026-01-07 08:11:46
2026,90,N,,2883,A,,CDOPAZO,2026-01-12 11:45:41
2026,45,N,,527,A,,SLEIVA,2026-01-07 11:12:48
2026,94,N,,1573,A,,CDOPAZO,2026-01-12 12:57:44
2026,91,N,,87,A,,CDOPAZO,2026-01-12 11:48:19
2026,93,N,,3165,A,,CDOPAZO,2026-01-12 12:36:18
2026,164,N,,3426,P,,SLEIVA,2026-01-16 10:26:14
2026,169,N,,50011,P,,SLEIVA,2026-01-16 10:45:08
2026,163,N,,1736,A,,SLEIVA,2026-01-16 10:25:12
2026,166,N,,3537,A,,SLEIVA,2026-01-16 10:32:51
2026,165,A,2026-01-16 00:00:00,3537,A,,SLEIVA,2026-01-16 10:28:30
2026,167,N,,50011,P,,SLEIVA,2026-01-16 10:43:06
2026,171,N,,50011,P,,SLEIVA,2026-01-16 10:47:01
2026,168,N,,50011,P,,SLEIVA,2026-01-16 10:44:00
2026,173,N,,50011,P,,SLEIVA,2026-01-16 10:48:55
2026,170,N,,50011,P,,SLEIVA,2026-01-16 10:46:07
2026,175,N,,50011,P,,SLEIVA,2026-01-16 10:51:24
2026,172,N,,50011,P,,SLEIVA,2026-01-16 10:48:01
2026,179,N,,50002,P,,SLEIVA,2026-01-16 11:57:28
2026,174,N,,50011,P,,SLEIVA,2026-01-16 10:49:53
2026,177,N,,50012,P,,SLEIVA,2026-01-16 11:52:07
2026,176,N,,50014,P,,SLEIVA,2026-01-16 11:45:20
2026,181,N,,50324,P,,SLEIVA,2026-01-16 12:26:30
2026,178,N,,50283,P,,SLEIVA,2026-01-16 11:53:10
2026,183,N,,50019,P,,SLEIVA,2026-01-16 12:29:44
2026,180,N,,50280,P,,SLEIVA,2026-01-16 12:25:03
2026,185,N,,50448,P,,SLEIVA,2026-01-16 12:37:01
2026,182,N,,50363,P,,SLEIVA,2026-01-16 12:28:07
2026,187,N,,50522,P,,SLEIVA,2026-01-16 12:44:33
2026,184,N,,50020,P,,SLEIVA,2026-01-16 12:34:10
2026,189,N,,50279,P,,SLEIVA,2026-01-16 12:47:57
2026,186,N,,50015,P,,SLEIVA,2026-01-16 12:42:06
2026,191,N,,50543,P,,SLEIVA,2026-01-16 12:51:41
2026,188,N,,50017,P,,SLEIVA,2026-01-16 12:45:28
2026,235,N,,50003,P,,GTEVEZ,2026-01-21 08:31:52
2026,190,N,,50449,P,,SLEIVA,2026-01-16 12:49:44
2026,237,N,,3296,A,,GTEVEZ,2026-01-21 08:34:32
2026,234,N,,50003,P,,GTEVEZ,2026-01-21 08:29:31
2026,239,N,,57,A,,GTEVEZ,2026-01-21 08:39:59
2026,236,N,,2490,A,,GTEVEZ,2026-01-21 08:33:06
2026,242,N,,2969,P,,GTEVEZ,2026-01-21 08:45:46
2026,238,N,,416,P,,GTEVEZ,2026-01-21 08:36:35
2026,244,N,,71,A,,GTEVEZ,2026-01-21 09:17:51
2026,241,N,,1514,A,,GTEVEZ,2026-01-21 08:44:17
2026,246,N,,71,A,,GTEVEZ,2026-01-21 09:28:37
2026,243,N,,879,A,,GTEVEZ,2026-01-21 09:14:20
2026,252,N,,50031,P,,GTEVEZ,2026-01-21 11:57:26
2026,245,N,,71,A,,GTEVEZ,2026-01-21 09:20:54
2026,254,N,,50002,P,,GTEVEZ,2026-01-21 13:21:33
2026,249,N,,50031,P,,GTEVEZ,2026-01-21 09:47:23
2026,277,N,,300,A,,GTEVEZ,2026-01-23 08:03:41
2026,253,N,,50031,P,,GTEVEZ,2026-01-21 13:14:52
2026,275,N,,51044,P,,GTEVEZ,2026-01-23 07:56:35
2026,279,N,,2674,A,,GTEVEZ,2026-01-23 08:13:17
2026,276,N,,2843,P,,GTEVEZ,2026-01-23 07:59:09
2026,282,A,2026-01-23 00:00:00,2330,A,,GTEVEZ,2026-01-23 08:44:05
2026,278,N,,2281,A,,GTEVEZ,2026-01-23 08:07:45
2026,308,N,,708,P,,RMENDEZ,2026-01-26 07:46:38
2026,281,N,,2330,A,,GTEVEZ,2026-01-23 08:37:21
2026,305,N,,2784,A,,GTEVEZ,2026-01-23 12:52:03
2026,314,N,,300,A,,GTEVEZ,2026-01-26 08:34:24
2026,313,N,,2525,A,,GTEVEZ,2026-01-26 08:26:26
2026,364,A,2026-01-30 00:00:00,50031,P,,GTEVEZ,2026-01-29 11:51:08
2026,363,N,,2843,P,,GTEVEZ,2026-01-29 11:48:40
2026,328,N,,50087,P,,RMENDEZ,2026-01-27 09:41:01
2026,359,N,,1977,A,,GTEVEZ,2026-01-29 09:16:42
2026,366,N,,1949,A,,GTEVEZ,2026-01-29 11:55:38
2026,372,N,,5,P,,GTEVEZ,2026-01-29 12:24:07
2026,365,N,,2578,A,,GTEVEZ,2026-01-29 11:54:28
2026,383,N,,50052,P,,RMENDEZ,2026-01-30 09:33:28
2026,367,N,,2498,P,,GTEVEZ,2026-01-29 11:58:22
2026,381,N,,50087,P,,RMENDEZ,2026-01-30 09:18:02
2026,385,N,,230,P,,RMENDEZ,2026-01-30 09:43:51
2026,382,N,,50051,P,,RMENDEZ,2026-01-30 09:30:07
2026,387,N,,50087,P,,RMENDEZ,2026-01-30 10:51:03
2026,384,N,,230,P,,RMENDEZ,2026-01-30 09:43:15
2026,389,N,,50087,P,,RMENDEZ,2026-01-30 10:55:11
2026,386,N,,50087,P,,RMENDEZ,2026-01-30 10:42:45
2026,424,N,,50553,P,,GTEVEZ,2026-02-04 07:53:06
2026,388,N,,50087,P,,RMENDEZ,2026-01-30 10:52:10
2026,426,N,,776,A,,GTEVEZ,2026-02-04 08:01:26
2026,390,N,,50087,P,,RMENDEZ,2026-01-30 10:57:21
2026,428,N,,2228,P,,GTEVEZ,2026-02-04 08:07:19
2026,425,N,,1578,A,,GTEVEZ,2026-02-04 07:56:07
2026,430,N,,2365,A,,GTEVEZ,2026-02-04 08:09:54
2026,427,N,,1825,P,,GTEVEZ,2026-02-04 08:06:19
2026,432,N,,3516,P,,GTEVEZ,2026-02-04 08:20:38
2026,429,N,,3542,A,,GTEVEZ,2026-02-04 08:08:56
2026,434,N,,3033,P,,GTEVEZ,2026-02-04 08:23:28
2026,431,N,,3027,P,,GTEVEZ,2026-02-04 08:18:52
2026,436,N,,3453,P,,GTEVEZ,2026-02-04 08:25:53
2026,433,N,,3492,P,,GTEVEZ,2026-02-04 08:21:44
2026,440,N,,1825,P,,GTEVEZ,2026-02-04 09:02:34
2026,435,N,,2473,P,,GTEVEZ,2026-02-04 08:24:37
2026,438,N,,3228,P,,GTEVEZ,2026-02-04 08:58:58
2026,437,N,,3338,P,,GTEVEZ,2026-02-04 08:27:06
2026,442,N,,3361,P,,GTEVEZ,2026-02-04 09:05:35
2026,439,N,,3440,P,,GTEVEZ,2026-02-04 09:00:50
2026,444,N,,3034,P,,GTEVEZ,2026-02-04 09:07:51
2026,441,N,,1864,P,,GTEVEZ,2026-02-04 09:04:46
2026,446,N,,3438,P,,GTEVEZ,2026-02-04 09:09:43
2026,443,N,,3240,P,,GTEVEZ,2026-02-04 09:06:36
2026,448,N,,3455,P,,GTEVEZ,2026-02-04 09:12:34
2026,445,N,,2704,P,,GTEVEZ,2026-02-04 09:08:49
2026,450,N,,2812,P,,GTEVEZ,2026-02-04 09:14:31
2026,447,N,,3454,P,,GTEVEZ,2026-02-04 09:11:28
2026,452,N,,3226,P,,GTEVEZ,2026-02-04 11:27:18
2026,449,N,,2032,P,,GTEVEZ,2026-02-04 09:13:27
2026,475,N,,3439,P,,GTEVEZ,2026-02-09 09:02:04
2026,451,N,,2337,P,,GTEVEZ,2026-02-04 11:25:24
2026,477,N,,2538,P,,GTEVEZ,2026-02-09 09:06:41
2026,474,N,,2843,P,,GTEVEZ,2026-02-09 09:00:27
2026,476,N,,717,P,,GTEVEZ,2026-02-09 09:03:49
2026,101,N,,1098,A,,SLEIVA,2026-01-13 09:53:06
2026,152,N,,454,A,,SLEIVA,2026-01-16 08:06:47
2026,100,N,,2109,A,,SLEIVA,2026-01-13 09:51:33
2026,154,N,,1586,A,,SLEIVA,2026-01-16 08:11:11
2026,102,N,,3075,A,,SLEIVA,2026-01-13 09:54:58
2026,156,N,,2309,P,,SLEIVA,2026-01-16 08:13:00
2026,153,N,,50070,P,,SLEIVA,2026-01-16 08:09:48
2026,158,N,,2986,P,,SLEIVA,2026-01-16 08:14:42
2026,155,N,,130,A,,SLEIVA,2026-01-16 08:11:53
2026,162,N,,3262,A,,SLEIVA,2026-01-16 08:21:34
2026,157,N,,174,P,,SLEIVA,2026-01-16 08:13:44
2026,393,N,,297,P,,GTEVEZ,2026-02-02 09:18:38
2026,160,N,,1527,A,,SLEIVA,2026-01-16 08:19:29
2026,396,N,,51095,P,,GTEVEZ,2026-02-02 09:58:00
2026,392,N,,1078,A,,GTEVEZ,2026-02-02 09:16:30
2026,468,N,,1514,A,,GTEVEZ,2026-02-06 07:52:16
2026,394,N,,612,A,,GTEVEZ,2026-02-02 09:22:47
2026,470,N,,3296,P,,GTEVEZ,2026-02-06 07:56:13
2026,467,N,,1214,P,,GTEVEZ,2026-02-06 07:51:01
2026,480,N,,195,P,,GTEVEZ,2026-02-09 09:19:56
2026,469,N,,2450,A,,GTEVEZ,2026-02-06 07:54:58
2026,479,N,,44,A,,GTEVEZ,2026-02-09 09:18:47
2026,471,N,,50054,P,,GTEVEZ,2026-02-06 08:09:17
2026,478,N,,688,A,,GTEVEZ,2026-02-09 09:14:12
2026,482,N,,3470,P,,GTEVEZ,2026-02-09 09:47:59
2026,488,N,,50553,P,,SLEIVA,2026-02-10 08:02:42
2026,481,N,,50031,P,,GTEVEZ,2026-02-09 09:21:49
2026,490,N,,3534,P,,SLEIVA,2026-02-10 08:04:03
2026,487,N,,3270,P,,SLEIVA,2026-02-10 08:00:36
2026,495,N,,51021,P,,GTEVEZ,2026-02-11 08:18:08
2026,489,N,,869,P,,SLEIVA,2026-02-10 08:03:23
2026,492,N,,141,A,,SLEIVA,2026-02-10 08:41:35
2026,491,N,,877,A,,SLEIVA,2026-02-10 08:39:20
2026,497,N,,1603,P,,GTEVEZ,2026-02-11 08:37:21
2026,493,N,,141,A,,SLEIVA,2026-02-10 08:44:27
2026,499,N,,2951,A,,GTEVEZ,2026-02-11 08:44:31
2026,496,N,,50072,P,,GTEVEZ,2026-02-11 08:24:17
2026,498,N,,2869,P,,GTEVEZ,2026-02-11 08:42:57
2026,502,N,,50087,P,,RMENDEZ,2026-02-11 08:56:27
2026,504,N,,2595,P,,GTEVEZ,2026-02-11 09:05:57
2026,501,N,,68,A,,GTEVEZ,2026-02-11 08:45:44
2026,506,N,,2595,A,,GTEVEZ,2026-02-11 09:10:13
2026,503,N,,2680,A,,GTEVEZ,2026-02-11 09:01:41
2026,508,N,,2680,A,,GTEVEZ,2026-02-11 09:13:57
2026,505,N,,2680,A,,GTEVEZ,2026-02-11 09:08:47
2026,510,N,,313,P,,SLEIVA,2026-02-11 09:30:47
2026,507,N,,2595,P,,GTEVEZ,2026-02-11 09:12:05
2026,514,N,,193,P,,RMENDEZ,2026-02-11 11:21:51
2026,509,N,,708,P,,RMENDEZ,2026-02-11 09:21:29
2026,512,N,,193,P,,RMENDEZ,2026-02-11 11:17:13
2026,511,N,,50023,P,,RMENDEZ,2026-02-11 10:22:23
2026,527,N,,174,P,,SLEIVA,2026-02-12 08:03:57
2026,513,N,,193,P,,RMENDEZ,2026-02-11 11:17:48
2026,533,N,,313,P,,CDOPAZO,2026-02-12 09:17:58
2026,537,N,,441,P,,CDOPAZO,2026-02-12 10:41:09
2026,540,N,,3537,A,,GTEVEZ,2026-02-13 07:49:26
2026,536,N,,50008,P,,SLEIVA,2026-02-12 10:00:51
2026,539,N,,2410,A,,GTEVEZ,2026-02-13 07:47:41
2026,542,N,,1063,P,,GTEVEZ,2026-02-13 07:52:46
2026,544,N,,2410,A,,GTEVEZ,2026-02-13 07:57:01
2026,541,N,,3426,P,,GTEVEZ,2026-02-13 07:51:10
2026,549,N,,50023,P,,RMENDEZ,2026-02-13 11:59:13
2026,543,N,,1063,A,,GTEVEZ,2026-02-13 07:54:07
2026,547,N,,50470,P,,GTEVEZ,2026-02-13 10:24:13
2026,548,A,2026-02-13 00:00:00,50087,P,,RMENDEZ,2026-02-13 11:57:36
2026,64,A,2026-01-09 00:00:00,50087,P,,RMENDEZ,2026-01-08 09:41:39
2026,88,N,,3540,A,,SLEIVA,2026-01-12 10:05:13
2026,63,N,,50087,P,,RMENDEZ,2026-01-08 09:39:46
2026,87,N,,3441,A,,SLEIVA,2026-01-12 10:03:35
2026,65,N,,50087,P,,RMENDEZ,2026-01-08 09:43:19
2026,206,N,,3260,P,,SLEIVA,2026-01-20 07:36:33
2026,208,N,,130,A,,SLEIVA,2026-01-20 07:39:06
2026,89,N,,4719,A,,SLEIVA,2026-01-12 10:06:11
2026,210,N,,2548,A,,SLEIVA,2026-01-20 08:09:44
2026,207,N,,1995,P,,SLEIVA,2026-01-20 07:38:09
2026,212,N,,3177,A,,SLEIVA,2026-01-20 08:36:03
2026,209,N,,211,A,,SLEIVA,2026-01-20 08:08:02
2026,214,N,,50002,P,,SLEIVA,2026-01-20 08:53:10
2026,211,N,,3012,P,,SLEIVA,2026-01-20 08:10:55
2026,337,A,2026-01-28 00:00:00,3419,A,,CDOPAZO,2026-01-28 10:16:14
2026,213,N,,875,A,,SLEIVA,2026-01-20 08:42:12
2026,316,N,,3521,A,,SLEIVA,2026-01-26 10:59:46
2026,395,N,,3441,A,,SLEIVA,2026-02-02 09:27:51
2026,336,N,,604,A,,CDOPAZO,2026-01-28 10:12:38
2026,391,N,,1478,A,,SLEIVA,2026-02-02 08:16:18
2026,399,N,,1586,P,,SLEIVA,2026-02-02 12:18:28
2026,401,N,,2584,P,,SLEIVA,2026-02-02 13:06:40
2026,398,N,,2299,A,,SLEIVA,2026-02-02 11:20:15
2026,550,N,,2549,P,,RMENDEZ,2026-02-13 12:01:08
2026,400,N,,50008,P,,SLEIVA,2026-02-02 12:47:50
2026,551,N,,230,P,,RMENDEZ,2026-02-13 12:07:22
2026,552,N,,50087,P,,RMENDEZ,2026-02-13 12:23:10
2026,554,N,,2490,P,,SLEIVA,2026-02-18 08:24:07
2026,556,N,,282,P,,SLEIVA,2026-02-18 08:27:41
2026,553,N,,50219,A,,SLEIVA,2026-02-18 08:21:27
2026,558,N,,2151,A,,SLEIVA,2026-02-18 08:32:17
2026,555,N,,2490,P,,SLEIVA,2026-02-18 08:25:53
2026,561,N,,1514,A,,SLEIVA,2026-02-18 09:45:26
2026,557,A,2026-02-18 00:00:00,1267,P,,SLEIVA,2026-02-18 08:28:50
2026,565,N,,193,P,,RMENDEZ,2026-02-18 09:54:30
2026,559,N,,1477,P,,SLEIVA,2026-02-18 08:52:36
2026,569,N,,1514,P,,SLEIVA,2026-02-18 10:29:09
2026,563,N,,193,P,,RMENDEZ,2026-02-18 09:51:36
2026,572,N,,50002,P,,SLEIVA,2026-02-18 12:05:40
2026,566,N,,193,P,,RMENDEZ,2026-02-18 09:56:55
2026,570,N,,50003,P,,SLEIVA,2026-02-18 10:57:14
2026,575,N,,2538,P,,GTEVEZ,2026-02-19 08:09:40
2026,571,N,,1809,P,,RMENDEZ,2026-02-18 12:00:36
2026,577,N,,3122,P,,GTEVEZ,2026-02-19 08:18:56
2026,573,N,,1267,P,,SLEIVA,2026-02-18 12:12:51
2026,579,N,,3445,P,,GTEVEZ,2026-02-19 08:23:45
2026,576,N,,2692,P,,GTEVEZ,2026-02-19 08:11:38
2026,581,N,,2308,P,,GTEVEZ,2026-02-19 08:25:59
2026,578,N,,2513,P,,GTEVEZ,2026-02-19 08:20:14
2026,583,N,,2107,P,,GTEVEZ,2026-02-19 08:28:48
2026,580,N,,53,P,,GTEVEZ,2026-02-19 08:24:57
2026,585,N,,2584,P,,GTEVEZ,2026-02-19 08:31:24
2026,582,N,,400,P,,GTEVEZ,2026-02-19 08:26:53
2026,587,N,,2098,P,,GTEVEZ,2026-02-19 08:34:36
2026,584,N,,2309,P,,GTEVEZ,2026-02-19 08:30:03
2026,594,N,,50925,P,,GTEVEZ,2026-02-19 10:46:42
2026,586,N,,41,P,,GTEVEZ,2026-02-19 08:33:25
2026,599,N,,2183,P,,SLEIVA,2026-02-20 07:24:33
2026,588,N,,1101,P,,GTEVEZ,2026-02-19 08:45:48
2026,601,N,,592,P,,SLEIVA,2026-02-20 07:26:37
2026,595,N,,50087,P,,GTEVEZ,2026-02-19 10:50:45
2026,603,N,,2228,P,,SLEIVA,2026-02-20 07:35:15
2026,600,N,,1483,P,,SLEIVA,2026-02-20 07:25:29
2026,605,N,,717,P,,SLEIVA,2026-02-20 07:38:32
2026,602,N,,2001,A,,SLEIVA,2026-02-20 07:31:25
2026,607,N,,3218,P,,SLEIVA,2026-02-20 07:40:04
2026,604,N,,717,P,,SLEIVA,2026-02-20 07:36:48
2026,609,N,,68,A,,SLEIVA,2026-02-20 07:42:58
2026,606,N,,1214,P,,SLEIVA,2026-02-20 07:39:19
2026,611,N,,2109,P,,GTEVEZ,2026-02-20 09:51:25
2026,608,N,,3208,A,,SLEIVA,2026-02-20 07:41:10
2026,613,N,,2086,P,,GTEVEZ,2026-02-20 09:55:29
2026,610,N,,1112,A,,SLEIVA,2026-02-20 07:44:38
2026,615,N,,492,P,,SLEIVA,2026-02-20 10:21:26
2026,612,N,,2986,P,,GTEVEZ,2026-02-20 09:54:33
2026,617,N,,3529,A,,SLEIVA,2026-02-20 10:24:02
2026,614,N,,875,P,,GTEVEZ,2026-02-20 09:56:46
2026,619,N,,2421,P,,GTEVEZ,2026-02-20 10:35:08
2026,616,N,,1960,A,,SLEIVA,2026-02-20 10:23:11
2026,649,N,,3287,P,,SLEIVA,2026-02-24 08:25:07
2026,618,N,,2843,P,,SLEIVA,2026-02-20 10:30:54
2026,668,N,,1112,A,,GTEVEZ,2026-02-25 08:07:15
2026,621,N,,2751,P,,SLEIVA,2026-02-20 12:57:40
2026,682,N,,2454,P,,SLEIVA,2026-02-26 08:11:46
2026,650,N,,2969,P,,SLEIVA,2026-02-24 08:33:16
2026,675,N,,50431,P,,GTEVEZ,2026-02-25 10:02:57
2026,670,N,,117,A,,GTEVEZ,2026-02-25 08:18:01
2026,685,N,,158,P,,SLEIVA,2026-02-26 08:20:16
2026,677,N,,2695,A,,GTEVEZ,2026-02-25 10:08:11
2026,687,N,,685,P,,SLEIVA,2026-02-26 08:26:33
2026,684,N,,2450,P,,SLEIVA,2026-02-26 08:17:45
2026,689,N,,1213,A,,SLEIVA,2026-02-26 08:29:17
2026,686,N,,2770,P,,SLEIVA,2026-02-26 08:21:59
2026,695,N,,2548,P,,SLEIVA,2026-02-26 12:19:03
2026,688,N,,3441,P,,SLEIVA,2026-02-26 08:27:56
2026,699,N,,285,A,,GTEVEZ,2026-02-27 08:07:19
2026,691,N,,2209,A,,SLEIVA,2026-02-26 10:26:11
2026,701,N,,2654,P,,GTEVEZ,2026-02-27 08:13:36
2026,698,N,,285,P,,GTEVEZ,2026-02-27 08:05:54
2026,703,N,,2159,P,,GTEVEZ,2026-02-27 08:21:24
2026,700,N,,3525,A,,GTEVEZ,2026-02-27 08:08:43
2026,716,N,,50057,P,,RMENDEZ,2026-03-02 09:10:24
2026,702,N,,3003,P,,GTEVEZ,2026-02-27 08:15:09
2026,718,N,,708,P,,GTEVEZ,2026-03-02 09:13:36
2026,704,N,,2133,P,,GTEVEZ,2026-02-27 08:24:54
2026,720,N,,50283,P,,SLEIVA,2026-03-02 09:36:31
2026,717,N,,2973,P,,SLEIVA,2026-03-02 09:11:59
2026,722,N,,789,P,,SLEIVA,2026-03-02 09:44:21
2026,719,N,,50012,P,,SLEIVA,2026-03-02 09:24:16
2026,724,N,,50553,P,,SLEIVA,2026-03-02 09:48:23
2026,721,N,,50280,P,,SLEIVA,2026-03-02 09:40:03
2026,744,N,,360,P,,SLEIVA,2026-03-04 07:24:06
2026,723,N,,50575,P,,SLEIVA,2026-03-02 09:46:46
2026,726,N,,50063,P,,RMENDEZ,2026-03-02 12:26:05
2026,725,N,,51095,P,,SLEIVA,2026-03-02 12:02:34
2026,727,N,,50008,P,,SLEIVA,2026-03-02 12:53:28
2026,746,N,,169,A,,SLEIVA,2026-03-04 07:29:57
2026,748,N,,2450,P,,SLEIVA,2026-03-04 07:32:57
2026,745,N,,50003,P,,SLEIVA,2026-03-04 07:28:48
2026,750,N,,216,A,,SLEIVA,2026-03-04 07:37:26
2026,747,N,,216,A,,SLEIVA,2026-03-04 07:32:02
2026,752,N,,452,A,,SLEIVA,2026-03-04 07:45:01
2026,749,N,,216,P,,SLEIVA,2026-03-04 07:34:33
2026,754,N,,1266,A,,SLEIVA,2026-03-04 07:48:01
2026,751,N,,688,A,,SLEIVA,2026-03-04 07:40:53
2026,756,N,,3324,P,,SLEIVA,2026-03-04 08:21:00
2026,753,N,,1658,A,,SLEIVA,2026-03-04 07:46:19
2026,763,N,,2636,A,,GTEVEZ,2026-03-05 07:50:38
2026,755,N,,3236,A,,SLEIVA,2026-03-04 07:49:01
2026,759,N,,3509,P,,SLEIVA,2026-03-04 11:01:28
2026,764,N,,86,A,,GTEVEZ,2026-03-05 07:53:00
2026,18,N,,50063,P,,RMENDEZ,2026-01-05 11:43:17
2026,43,N,,50087,P,,RMENDEZ,2026-01-07 08:40:02
2026,17,N,,50057,P,,RMENDEZ,2026-01-05 11:28:22
2026,194,N,,2334,A,,SLEIVA,2026-01-19 08:02:53
2026,42,N,,708,A,,RMENDEZ,2026-01-07 08:37:11
2026,192,N,,50496,P,,SLEIVA,2026-01-19 08:00:11
2026,302,N,,50031,P,,RMENDEZ,2026-01-23 11:46:29
2026,193,N,,50553,P,,SLEIVA,2026-01-19 08:01:19
2026,516,N,,3336,A,,SLEIVA,2026-02-12 07:41:29
2026,203,N,,50008,P,,SLEIVA,2026-01-19 09:58:24
2026,515,N,,3297,A,,SLEIVA,2026-02-12 07:38:53
2026,304,N,,1489,P,,RMENDEZ,2026-01-23 12:51:38
2026,518,N,,125,A,,SLEIVA,2026-02-12 07:44:46
2026,520,N,,866,A,,SLEIVA,2026-02-12 07:51:32
2026,517,N,,141,A,,SLEIVA,2026-02-12 07:42:18
2026,522,N,,3075,A,,SLEIVA,2026-02-12 07:53:45
2026,519,N,,50072,P,,SLEIVA,2026-02-12 07:50:26
2026,524,N,,1603,P,,SLEIVA,2026-02-12 08:00:01
2026,521,N,,50496,P,,SLEIVA,2026-02-12 07:52:35
2026,526,N,,2309,A,,SLEIVA,2026-02-12 08:02:57
2026,523,N,,50014,P,,SLEIVA,2026-02-12 07:55:54
2026,525,N,,1765,P,,SLEIVA,2026-02-12 08:01:21
2026,96,N,,50023,P,,RMENDEZ,2026-01-13 08:14:07
2026,103,A,2026-01-14 00:00:00,167,A,,CDOPAZO,2026-01-14 08:27:56
2026,95,N,,50087,P,,RMENDEZ,2026-01-13 08:12:51
2026,250,N,,50023,P,,RMENDEZ,2026-01-21 10:04:51
2026,97,N,,50063,P,,RMENDEZ,2026-01-13 08:16:16
2026,135,N,,1573,A,,CDOPAZO,2026-01-14 12:30:17
2026,136,N,,2663,A,,CDOPAZO,2026-01-14 12:36:05
2026,350,N,,50002,P,,GTEVEZ,2026-01-29 08:53:16
2026,137,N,,416,A,,CDOPAZO,2026-01-14 12:37:30
2026,352,N,,3395,P,,GTEVEZ,2026-01-29 09:03:04
2026,251,N,,50023,P,,RMENDEZ,2026-01-21 10:22:30
2026,354,N,,1494,A,,GTEVEZ,2026-01-29 09:10:56
2026,351,N,,1141,A,,GTEVEZ,2026-01-29 09:00:19
2026,356,N,,2490,P,,GTEVEZ,2026-01-29 09:13:42
2026,353,N,,3452,A,,GTEVEZ,2026-01-29 09:07:26
2026,355,N,,2490,A,,GTEVEZ,2026-01-29 09:12:18
2026,357,N,,1494,P,,GTEVEZ,2026-01-29 09:14:39
2026,46,N,,90,A,,CDOPAZO,2026-01-07 11:26:44
2026,70,N,,2577,A,,SLEIVA,2026-01-09 08:07:25
2026,44,N,,2595,A,,CDOPAZO,2026-01-07 10:24:26
2026,69,N,,50003,P,,SLEIVA,2026-01-09 08:06:03
2026,72,N,,2846,A,,SLEIVA,2026-01-09 08:13:11
2026,78,N,,3440,A,,SLEIVA,2026-01-09 11:51:43
2026,71,N,,44,A,,SLEIVA,2026-01-09 08:08:18
2026,80,N,,3534,A,,SLEIVA,2026-01-09 11:55:53
2026,77,N,,2704,A,,SLEIVA,2026-01-09 11:50:18
2026,82,N,,3027,A,,SLEIVA,2026-01-09 11:59:24
2026,79,N,,2473,A,,SLEIVA,2026-01-09 11:54:51
2026,84,N,,3033,A,,SLEIVA,2026-01-09 12:01:22
2026,81,N,,1864,A,,SLEIVA,2026-01-09 11:57:35
2026,138,N,,3336,A,,SLEIVA,2026-01-15 07:41:48
2026,83,N,,3361,A,,SLEIVA,2026-01-09 12:00:34
2026,140,N,,1267,A,,SLEIVA,2026-01-15 07:43:45
2026,86,N,,3034,A,,SLEIVA,2026-01-09 13:03:38
2026,143,N,,50072,P,,SLEIVA,2026-01-15 09:37:08
2026,139,N,,1334,A,,SLEIVA,2026-01-15 07:42:40
2026,145,N,,50060,P,,SLEIVA,2026-01-15 10:00:45
2026,141,N,,2403,A,,SLEIVA,2026-01-15 07:44:49
2026,147,A,2026-01-15 00:00:00,50370,P,,SLEIVA,2026-01-15 10:08:07
2026,144,N,,2209,A,,SLEIVA,2026-01-15 09:42:46
2026,149,N,,1253,A,,SLEIVA,2026-01-15 10:11:47
2026,146,N,,50066,P,,SLEIVA,2026-01-15 10:04:06
2026,148,N,,50370,P,,SLEIVA,2026-01-15 10:11:08
2026,256,N,,2310,A,,CDOPAZO,2026-01-22 07:49:10
2026,232,N,,707,P,,SLEIVA,2026-01-20 12:34:00
2026,1029,N,,300,P,,SLEIVA,2026-03-26 08:40:52
2026,1027,N,,50280,P,,SLEIVA,2026-03-26 08:35:16
2026,1031,N,,300,P,,SLEIVA,2026-03-26 08:45:40
2026,1028,N,,50283,P,,SLEIVA,2026-03-26 08:36:57
2026,1033,N,,1119,A,,SLEIVA,2026-03-26 08:51:22
2026,1030,N,,300,P,,SLEIVA,2026-03-26 08:42:32
2026,1035,N,,791,A,,SLEIVA,2026-03-26 09:40:02
2026,1032,N,,300,P,,SLEIVA,2026-03-26 08:47:17
2026,1098,N,,216,P,,CDOPAZO,2026-04-06 13:08:53
2026,1034,N,,2988,P,,SLEIVA,2026-03-26 09:35:56
2026,1113,N,,313,P,,CDOPAZO,2026-04-08 08:10:59
2026,1036,N,,791,P,,SLEIVA,2026-03-26 09:46:06
2026,1119,N,,50056,P,,CDOPAZO,2026-04-08 09:34:34
2026,1099,N,,216,P,,CDOPAZO,2026-04-06 13:10:03
2026,1813,N,,50031,P,,SLEIVA,2026-05-21 10:40:41
2026,1114,N,,2367,P,,CDOPAZO,2026-04-08 08:53:24
2026,1951,N,,708,P,,RMENDEZ,2026-06-02 09:19:41
2026,1544,N,,50003,P,,SLEIVA,2026-05-06 09:37:38
2026,2126,N,,1810,P,,SLEIVA,2026-06-11 08:03:59
2026,1820,N,,50008,P,,SLEIVA,2026-05-21 12:06:51
2026,2128,N,,1658,P,,SLEIVA,2026-06-11 08:08:09
2026,2125,N,,50066,P,,SLEIVA,2026-06-11 08:01:07
2026,2130,N,,3552,P,,SLEIVA,2026-06-11 08:11:49
2026,2127,N,,5,P,,SLEIVA,2026-06-11 08:05:23
2026,2132,N,,717,P,,SLEIVA,2026-06-11 08:14:49
2026,2129,A,2026-06-11 00:00:00,612,P,,SLEIVA,2026-06-11 08:10:25
2026,2134,N,,791,P,,SLEIVA,2026-06-11 08:18:38
2026,2131,N,,2578,P,,SLEIVA,2026-06-11 08:13:12
2026,2136,N,,3588,P,,SLEIVA,2026-06-11 08:22:11
2026,2133,N,,3573,P,,SLEIVA,2026-06-11 08:16:31
2026,2140,N,,50031,P,,SLEIVA,2026-06-11 09:54:05
2026,2135,N,,1547,P,,SLEIVA,2026-06-11 08:20:23
2026,2147,N,,50534,P,,SLEIVA,2026-06-11 11:44:54
2026,2139,N,,50098,P,,SLEIVA,2026-06-11 09:51:30
2026,2141,N,,612,P,,SLEIVA,2026-06-11 10:20:55
2026,2142,N,,50002,P,,SLEIVA,2026-06-11 10:31:34
2026,2149,N,,3540,P,,SLEIVA,2026-06-11 12:10:43
2026,1328,N,,50003,P,,SLEIVA,2026-04-21 07:45:42
2026,1326,A,2026-04-21 00:00:00,2986,P,,SLEIVA,2026-04-21 07:42:45
2026,1330,N,,2259,P,,SLEIVA,2026-04-21 07:48:52
2026,1327,N,,50449,P,,SLEIVA,2026-04-21 07:44:26
2026,1335,N,,2410,P,,SLEIVA,2026-04-21 09:01:25
2026,1329,N,,186,P,,SLEIVA,2026-04-21 07:47:30
2026,1333,N,,163,P,,SLEIVA,2026-04-21 08:57:41
2026,1331,N,,717,P,,SLEIVA,2026-04-21 07:50:46
2026,1338,N,,2299,A,,SLEIVA,2026-04-21 09:06:39
2026,1340,N,,117,A,,SLEIVA,2026-04-21 09:10:31
2026,1336,N,,2410,P,,SLEIVA,2026-04-21 09:03:25
2026,1342,A,2026-04-22 00:00:00,3529,A,,SLEIVA,2026-04-21 09:14:10
2026,1339,N,,1685,A,,SLEIVA,2026-04-21 09:09:08
2026,1345,N,,2105,A,,SLEIVA,2026-04-21 09:18:00
2026,1341,N,,3542,P,,SLEIVA,2026-04-21 09:11:48
2026,1348,N,,2222,A,,SLEIVA,2026-04-21 09:21:49
2026,1344,N,,3258,A,,SLEIVA,2026-04-21 09:17:06
2026,1352,N,,2732,A,,SLEIVA,2026-04-21 09:25:33
2026,1346,A,2026-04-21 00:00:00,3072,A,,SLEIVA,2026-04-21 09:19:36
2026,1355,N,,50003,P,,SLEIVA,2026-04-21 09:31:52
2026,1350,N,,3226,A,,SLEIVA,2026-04-21 09:22:50
2026,1367,N,,3072,A,,SLEIVA,2026-04-21 11:29:02
2026,1354,N,,50003,P,,SLEIVA,2026-04-21 09:27:40
2026,1366,N,,3495,P,,SLEIVA,2026-04-21 11:27:08
2026,1356,N,,50072,P,,SLEIVA,2026-04-21 09:34:46
2026,1378,N,,2110,P,,SLEIVA,2026-04-22 10:13:54
2026,1377,N,,2330,P,,SLEIVA,2026-04-22 10:07:54
2026,1368,N,,2991,P,,SLEIVA,2026-04-21 11:47:41
2026,1382,N,,50922,P,,SLEIVA,2026-04-22 12:46:05
2026,1384,N,,50023,P,,SLEIVA,2026-04-22 13:26:55
2026,1379,N,,3075,P,,SLEIVA,2026-04-22 10:14:42
2026,1383,N,,50023,P,,SLEIVA,2026-04-22 12:57:00
2026,1427,N,,3337,P,,SLEIVA,2026-04-24 11:42:41
2026,1424,N,,2261,P,,SLEIVA,2026-04-24 10:31:32
2026,1578,N,,3534,P,,SLEIVA,2026-05-08 07:59:43
2026,1426,N,,1267,P,,SLEIVA,2026-04-24 11:41:19
2026,1580,N,,2701,P,,SLEIVA,2026-05-08 08:02:39
2026,1428,N,,2969,P,,SLEIVA,2026-04-24 11:49:12
2026,1602,N,,2595,P,,SLEIVA,2026-05-08 09:41:29
2026,1579,N,,1810,P,,SLEIVA,2026-05-08 08:01:50
2026,1581,N,,50370,P,,SLEIVA,2026-05-08 08:03:39
2026,1129,N,,2473,P,,SLEIVA,2026-04-09 07:38:14
2026,1127,N,,3240,P,,SLEIVA,2026-04-09 07:34:59
2026,1131,N,,3027,P,,SLEIVA,2026-04-09 07:40:07
2026,1128,N,,3033,P,,SLEIVA,2026-04-09 07:37:20
2026,1133,N,,3228,P,,SLEIVA,2026-04-09 07:41:47
2026,1130,N,,3453,P,,SLEIVA,2026-04-09 07:39:10
2026,1136,N,,3440,P,,SLEIVA,2026-04-09 07:43:38
2026,1132,N,,3438,P,,SLEIVA,2026-04-09 07:40:52
2026,1138,N,,1864,P,,SLEIVA,2026-04-09 07:45:28
2026,1135,N,,3455,P,,SLEIVA,2026-04-09 07:42:51
2026,1141,N,,3454,P,,SLEIVA,2026-04-09 07:47:32
2026,1137,N,,3338,P,,SLEIVA,2026-04-09 07:44:32
2026,1144,N,,1825,P,,SLEIVA,2026-04-09 07:49:24
2026,1140,N,,3034,P,,SLEIVA,2026-04-09 07:46:41
2026,1146,N,,3492,P,,SLEIVA,2026-04-09 07:50:52
2026,1143,N,,3361,P,,SLEIVA,2026-04-09 07:48:35
2026,1148,N,,50551,P,,SLEIVA,2026-04-09 07:53:10
2026,1145,N,,2704,P,,SLEIVA,2026-04-09 07:50:06
2026,1150,N,,2843,P,,SLEIVA,2026-04-09 07:54:49
2026,1147,N,,2812,P,,SLEIVA,2026-04-09 07:51:41
2026,1157,N,,211,P,,SLEIVA,2026-04-09 10:04:54
2026,1149,N,,1825,P,,SLEIVA,2026-04-09 07:53:58
2026,1155,N,,635,P,,SLEIVA,2026-04-09 10:02:57
2026,1151,N,,2302,A,,SLEIVA,2026-04-09 07:55:42
2026,1159,N,,50053,P,,SLEIVA,2026-04-09 10:11:32
2026,1156,N,,436,P,,SLEIVA,2026-04-09 10:03:48
2026,1161,N,,3470,P,,SLEIVA,2026-04-09 10:20:56
2026,1158,N,,50003,P,,SLEIVA,2026-04-09 10:09:42
2026,1163,N,,3514,P,,SLEIVA,2026-04-09 10:31:13
2026,1160,N,,3534,P,,SLEIVA,2026-04-09 10:19:48
2026,1165,N,,50031,P,,SLEIVA,2026-04-09 12:17:24
2026,1162,N,,2032,P,,SLEIVA,2026-04-09 10:21:47
2026,2457,N,,2663,P,,CDOPAZO,2026-07-03 08:21:04
2026,1164,N,,2846,P,,SLEIVA,2026-04-09 11:32:53
2026,1807,N,,50072,P,,SLEIVA,2026-05-20 09:45:15
2026,1754,N,,3419,A,,CDOPAZO,2026-05-18 07:57:13
2026,2496,N,,2369,P,,CDOPAZO,2026-07-03 11:05:20
2026,2456,N,,87,P,,CDOPAZO,2026-07-03 08:16:46
2026,2458,N,,1440,P,,CDOPAZO,2026-07-03 08:23:35
2026,2501,N,,3430,P,,CDOPAZO,2026-07-03 13:20:37
2026,1068,N,,68,A,,GTEVEZ,2026-03-31 08:40:25
2026,1063,N,,50087,P,,GTEVEZ,2026-03-31 08:15:51
2026,1072,N,,50553,P,,GTEVEZ,2026-03-31 08:43:33
2026,1065,N,,50087,P,,GTEVEZ,2026-03-31 08:28:19
2026,1615,N,,707,P,,GTEVEZ,2026-05-11 08:08:17
2026,1071,N,,51082,P,,GTEVEZ,2026-03-31 08:42:14
2026,1617,N,,169,P,,GTEVEZ,2026-05-11 08:16:45
2026,1073,N,,1603,P,,GTEVEZ,2026-03-31 08:46:10
2026,1619,N,,2801,P,,GTEVEZ,2026-05-11 08:26:03
2026,1616,N,,50066,P,,GTEVEZ,2026-05-11 08:10:56
2026,1623,N,,51101,P,,GTEVEZ,2026-05-11 11:27:08
2026,1618,N,,169,P,,GTEVEZ,2026-05-11 08:21:13
2026,1621,N,,50003,P,,GTEVEZ,2026-05-11 08:31:40
2026,1620,N,,3296,P,,GTEVEZ,2026-05-11 08:27:43
2026,2289,N,,50922,P,,RMENDEZ,2026-06-22 12:49:26
2026,1622,N,,2859,A,,GTEVEZ,2026-05-11 08:33:02
2026,2396,A,2026-06-29 00:00:00,50010,P,,SLEIVA,2026-06-29 08:34:17
2026,2280,N,,50087,P,,RMENDEZ,2026-06-22 10:37:49
2026,2691,N,,90,P,,CDOPAZO,2026-07-17 11:28:25
2026,2290,N,,1489,P,,RMENDEZ,2026-06-22 12:50:06
2026,2397,N,,50010,P,,SLEIVA,2026-06-29 08:36:27
2026,2693,N,,3322,P,,CDOPAZO,2026-07-17 11:31:03
2026,2692,N,,3322,P,,CDOPAZO,2026-07-17 11:29:29
2026,1478,N,,2400,P,,CDOPAZO,2026-04-30 09:28:40
2026,1362,N,,1943,P,,CDOPAZO,2026-04-21 10:27:38
2026,1783,N,,90,P,,CDOPAZO,2026-05-19 08:08:36
2026,1363,N,,1235,P,,CDOPAZO,2026-04-21 10:30:31
2026,2293,N,,50496,P,,GTEVEZ,2026-06-23 07:44:44
2026,1486,N,,3297,P,,CDOPAZO,2026-04-30 10:39:25
2026,2295,N,,379,P,,GTEVEZ,2026-06-23 07:52:29
2026,2292,N,,57,P,,GTEVEZ,2026-06-23 07:42:58
2026,2297,N,,1658,P,,GTEVEZ,2026-06-23 07:59:38
2026,2294,N,,1259,P,,GTEVEZ,2026-06-23 07:49:37
2026,2296,N,,51079,P,,GTEVEZ,2026-06-23 07:58:22
2026,2298,N,,2110,P,,GTEVEZ,2026-06-23 08:05:28
2026,1197,N,,2299,A,,SLEIVA,2026-04-13 08:12:25
2026,1195,N,,1603,A,,SLEIVA,2026-04-13 08:08:56
2026,1199,N,,1206,P,,SLEIVA,2026-04-13 08:14:20
2026,1196,N,,428,A,,SLEIVA,2026-04-13 08:10:10
2026,1201,N,,50012,P,,SLEIVA,2026-04-13 08:17:42
2026,1198,N,,68,A,,SLEIVA,2026-04-13 08:13:14
2026,1203,N,,50031,P,,SLEIVA,2026-04-13 09:57:33
2026,1200,N,,50020,P,,SLEIVA,2026-04-13 08:16:16
2026,1205,N,,2490,P,,SLEIVA,2026-04-13 10:01:29
2026,1202,N,,50072,P,,SLEIVA,2026-04-13 09:33:07
2026,1207,N,,3557,P,,SLEIVA,2026-04-13 10:04:07
2026,1204,N,,1603,P,,SLEIVA,2026-04-13 10:00:15
2026,1209,N,,3233,P,,SLEIVA,2026-04-13 12:39:14
2026,1206,N,,1141,P,,SLEIVA,2026-04-13 10:02:21
2026,1305,N,,50098,P,,SLEIVA,2026-04-17 10:12:29
2026,1208,N,,50053,P,,SLEIVA,2026-04-13 11:26:33
2026,1304,N,,3558,P,,SLEIVA,2026-04-17 10:06:59
2026,2138,N,,313,P,,CDOPAZO,2026-06-11 09:43:25
2026,1213,N,,3163,P,,SLEIVA,2026-04-14 09:38:32
2026,1211,N,,2078,P,,SLEIVA,2026-04-14 09:10:05
2026,1215,N,,17,A,,SLEIVA,2026-04-14 09:44:14
2026,1212,N,,3481,P,,SLEIVA,2026-04-14 09:37:32
2026,1217,N,,1837,P,,SLEIVA,2026-04-14 09:46:59
2026,1214,N,,117,A,,SLEIVA,2026-04-14 09:39:49
2026,1219,N,,1066,P,,SLEIVA,2026-04-14 09:49:10
2026,1216,N,,1879,P,,SLEIVA,2026-04-14 09:45:37
2026,1224,N,,50342,P,,SLEIVA,2026-04-14 12:08:18
2026,1218,N,,1514,P,,SLEIVA,2026-04-14 09:48:04
2026,2059,A,2026-06-08 00:00:00,1879,P,,CDOPAZO,2026-06-08 09:12:05
2026,1220,N,,50008,P,,SLEIVA,2026-04-14 10:09:22
2026,2058,N,,1514,P,,CDOPAZO,2026-06-08 09:07:54
2026,1626,N,,50529,P,,CDOPAZO,2026-05-11 12:53:54
2026,1624,N,,2747,P,,CDOPAZO,2026-05-11 11:30:21
2026,2247,N,,50003,P,,GTEVEZ,2026-06-22 08:28:00
2026,1625,N,,1977,P,,CDOPAZO,2026-05-11 11:35:00
2026,2249,N,,2110,P,,GTEVEZ,2026-06-22 08:30:51
2026,2246,N,,3226,P,,GTEVEZ,2026-06-22 08:26:26
2026,2251,N,,2770,P,,GTEVEZ,2026-06-22 08:36:11
2026,2248,N,,3529,P,,GTEVEZ,2026-06-22 08:29:20
2026,2253,N,,688,P,,GTEVEZ,2026-06-22 08:42:59
2026,2250,N,,826,P,,GTEVEZ,2026-06-22 08:31:51
2026,2255,N,,3258,P,,GTEVEZ,2026-06-22 08:46:13
2026,2252,N,,2218,P,,GTEVEZ,2026-06-22 08:37:35
2026,2257,N,,1578,P,,GTEVEZ,2026-06-22 08:47:58
2026,2254,N,,69,P,,GTEVEZ,2026-06-22 08:45:29
2026,2259,N,,2636,P,,GTEVEZ,2026-06-22 08:50:20
2026,2256,N,,2998,P,,GTEVEZ,2026-06-22 08:47:00
2026,2261,N,,1063,P,,GTEVEZ,2026-06-22 08:57:48
2026,2258,N,,3170,P,,GTEVEZ,2026-06-22 08:49:06
2026,2263,N,,2302,P,,GTEVEZ,2026-06-22 09:00:12
2026,2260,N,,2151,P,,GTEVEZ,2026-06-22 08:51:28
2026,2266,N,,2110,P,,GTEVEZ,2026-06-22 09:06:39
2026,2262,N,,2593,P,,GTEVEZ,2026-06-22 08:59:08
2026,2268,N,,1530,P,,GTEVEZ,2026-06-22 09:11:01
2026,2264,N,,3208,P,,GTEVEZ,2026-06-22 09:04:46
2026,2278,N,,1259,P,,GTEVEZ,2026-06-22 10:10:58
2026,2267,N,,1213,P,,GTEVEZ,2026-06-22 09:08:19
2026,2270,N,,688,P,,GTEVEZ,2026-06-22 09:14:02
2026,2279,N,,1259,P,,GTEVEZ,2026-06-22 10:12:50
2026,1102,N,,120,P,,SLEIVA,2026-04-07 09:48:11
2026,1100,N,,248,A,,SLEIVA,2026-04-07 09:40:16
2026,1104,N,,2408,P,,SLEIVA,2026-04-07 09:59:16
2026,1101,N,,3561,P,,SLEIVA,2026-04-07 09:46:27
2026,1107,N,,1555,P,,SLEIVA,2026-04-07 10:12:53
2026,1103,N,,3430,P,,SLEIVA,2026-04-07 09:58:03
2026,1105,N,,2450,P,,SLEIVA,2026-04-07 10:00:19
2026,1614,N,,50023,P,,RMENDEZ,2026-05-11 07:58:02
2026,1168,N,,164,P,,SLEIVA,2026-04-10 07:53:30
2026,1166,N,,717,P,,SLEIVA,2026-04-10 07:49:08
2026,1170,N,,2843,P,,SLEIVA,2026-04-10 07:55:02
2026,1167,N,,717,P,,SLEIVA,2026-04-10 07:52:42
2026,1172,N,,50219,P,,SLEIVA,2026-04-10 07:58:33
2026,1169,N,,3331,P,,SLEIVA,2026-04-10 07:54:17
2026,1174,N,,2595,P,,SLEIVA,2026-04-10 08:07:59
2026,1171,N,,3516,P,,SLEIVA,2026-04-10 07:56:07
2026,1176,N,,612,A,,SLEIVA,2026-04-10 08:28:48
2026,1173,N,,789,P,,SLEIVA,2026-04-10 07:59:44
2026,1178,N,,2613,A,,SLEIVA,2026-04-10 08:34:16
2026,1175,N,,2595,P,,SLEIVA,2026-04-10 08:15:24
2026,1180,N,,2110,A,,SLEIVA,2026-04-10 08:38:43
2026,1177,N,,777,A,,SLEIVA,2026-04-10 08:32:20
2026,1187,N,,19,P,,SLEIVA,2026-04-10 10:06:57
2026,1179,N,,2998,A,,SLEIVA,2026-04-10 08:37:03
2026,1189,N,,2228,P,,SLEIVA,2026-04-10 10:13:35
2026,1181,N,,2302,A,,SLEIVA,2026-04-10 08:40:44
2026,2102,N,,50008,P,,SLEIVA,2026-06-10 08:42:01
2026,1188,N,,19,P,,SLEIVA,2026-04-10 10:10:19
2026,1194,N,,51093,P,,SLEIVA,2026-04-10 11:49:26
2026,1192,N,,50031,P,,SLEIVA,2026-04-10 10:52:20
2026,2104,N,,3511,P,,SLEIVA,2026-06-10 09:02:01
2026,2101,N,,3534,P,,SLEIVA,2026-06-10 08:12:29
2026,2106,N,,17,P,,SLEIVA,2026-06-10 09:05:14
2026,2103,N,,1578,P,,SLEIVA,2026-06-10 08:58:27
2026,2108,N,,1259,P,,SLEIVA,2026-06-10 09:10:20
2026,2105,N,,71,P,,SLEIVA,2026-06-10 09:03:48
2026,2110,N,,5,P,,SLEIVA,2026-06-10 09:16:06
2026,2107,N,,688,P,,SLEIVA,2026-06-10 09:06:54
2026,2112,N,,492,P,,SLEIVA,2026-06-10 09:20:29
2026,2109,N,,1658,P,,SLEIVA,2026-06-10 09:11:49
2026,2115,N,,3567,P,,SLEIVA,2026-06-10 11:36:45
2026,2111,N,,3075,P,,SLEIVA,2026-06-10 09:17:01
2026,2117,N,,120,P,,SLEIVA,2026-06-10 11:58:56
2026,2114,N,,3332,P,,SLEIVA,2026-06-10 11:33:44
2026,2119,N,,3470,P,,SLEIVA,2026-06-10 12:01:35
2026,2116,N,,3586,P,,SLEIVA,2026-06-10 11:57:44
2026,2121,A,2026-06-10 00:00:00,1810,P,,SLEIVA,2026-06-10 12:03:24
2026,2118,N,,2490,P,,SLEIVA,2026-06-10 12:00:39
2026,2124,N,,117,P,,SLEIVA,2026-06-10 12:07:06
2026,2120,N,,2801,P,,SLEIVA,2026-06-10 12:02:33
2026,2352,N,,3356,P,,GTEVEZ,2026-06-25 08:13:13
2026,2122,N,,879,P,,SLEIVA,2026-06-10 12:04:21
2026,2350,N,,160,P,,GTEVEZ,2026-06-25 08:06:03
2026,2351,N,,141,P,,GTEVEZ,2026-06-25 08:09:36
2026,2357,N,,2595,P,,GTEVEZ,2026-06-25 08:30:07
2026,2619,N,,2259,P,,GTEVEZ,2026-07-15 07:58:04
2026,1808,N,,313,P,,CDOPAZO,2026-05-20 09:49:52
2026,2622,N,,57,P,,GTEVEZ,2026-07-15 08:49:03
2026,1822,N,,90,P,,CDOPAZO,2026-05-22 08:35:14
2026,2624,N,,3236,P,,GTEVEZ,2026-07-15 08:51:34
2026,2620,N,,2490,P,,GTEVEZ,2026-07-15 07:59:59
2026,2626,N,,436,P,,GTEVEZ,2026-07-15 08:54:31
2026,2623,N,,2701,P,,GTEVEZ,2026-07-15 08:49:57
2026,2628,N,,50410,P,,GTEVEZ,2026-07-15 08:56:44
2026,2625,N,,578,P,,GTEVEZ,2026-07-15 08:52:50
2026,2630,N,,2593,P,,GTEVEZ,2026-07-15 09:00:07
2026,2627,N,,2521,P,,GTEVEZ,2026-07-15 08:55:28
2026,2632,N,,1527,P,,GTEVEZ,2026-07-15 09:01:58
2026,2629,N,,3581,P,,GTEVEZ,2026-07-15 08:58:50
2026,2634,N,,3595,P,,GTEVEZ,2026-07-15 09:19:54
2026,2631,N,,3332,P,,GTEVEZ,2026-07-15 09:00:58
2026,2636,N,,2490,P,,GTEVEZ,2026-07-15 09:21:50
2026,2633,N,,50072,P,,GTEVEZ,2026-07-15 09:16:04
2026,2638,N,,1514,P,,GTEVEZ,2026-07-15 09:32:27
2026,2635,N,,57,P,,GTEVEZ,2026-07-15 09:20:51
2026,2640,N,,2299,P,,GTEVEZ,2026-07-15 09:37:40
2026,2637,N,,685,P,,GTEVEZ,2026-07-15 09:23:07
2026,2639,N,,2450,P,,GTEVEZ,2026-07-15 09:35:16
2026,2641,N,,50544,P,,GTEVEZ,2026-07-15 09:38:42
2026,1229,N,,57,P,,SLEIVA,2026-04-15 08:38:59
2026,1226,N,,2421,P,,SLEIVA,2026-04-15 08:27:43
2026,1228,N,,57,P,,SLEIVA,2026-04-15 08:32:02
2026,1227,A,2026-04-15 00:00:00,3537,P,,SLEIVA,2026-04-15 08:29:19
2026,1231,N,,2636,A,,SLEIVA,2026-04-15 08:43:02
2026,1233,N,,3482,P,,SLEIVA,2026-04-15 08:51:16
2026,1230,N,,572,P,,SLEIVA,2026-04-15 08:40:00
2026,1236,N,,1494,P,,SLEIVA,2026-04-15 09:01:09
2026,1232,N,,2476,P,,SLEIVA,2026-04-15 08:50:24
2026,1238,N,,2613,A,,SLEIVA,2026-04-15 09:04:58
2026,1234,N,,171,A,,SLEIVA,2026-04-15 08:53:04
2026,1240,N,,169,A,,SLEIVA,2026-04-15 09:08:00
2026,1237,N,,3075,P,,SLEIVA,2026-04-15 09:02:52
2026,1242,N,,2209,P,,SLEIVA,2026-04-15 09:34:43
2026,1239,N,,3317,A,,SLEIVA,2026-04-15 09:06:10
2026,1248,N,,50066,P,,SLEIVA,2026-04-15 10:02:42
2026,1241,N,,2636,P,,SLEIVA,2026-04-15 09:31:56
2026,1250,N,,50064,P,,SLEIVA,2026-04-15 10:06:20
2026,1243,N,,50002,P,,SLEIVA,2026-04-15 09:37:38
2026,1252,N,,50283,P,,SLEIVA,2026-04-15 10:09:13
2026,1249,N,,50065,P,,SLEIVA,2026-04-15 10:04:57
2026,1254,N,,50363,P,,SLEIVA,2026-04-15 10:13:03
2026,1251,N,,50059,P,,SLEIVA,2026-04-15 10:08:10
2026,1256,N,,395,P,,SLEIVA,2026-04-15 10:27:49
2026,1253,N,,50014,P,,SLEIVA,2026-04-15 10:10:52
2026,1258,N,,2883,P,,SLEIVA,2026-04-15 10:30:21
2026,1255,N,,3441,P,,SLEIVA,2026-04-15 10:14:49
2026,1260,N,,169,A,,SLEIVA,2026-04-15 10:58:01
2026,1257,N,,3246,P,,SLEIVA,2026-04-15 10:28:59
2026,1263,N,,2869,P,,SLEIVA,2026-04-16 09:56:36
2026,1259,N,,527,P,,SLEIVA,2026-04-15 10:32:39
2026,1265,N,,1530,P,,SLEIVA,2026-04-16 10:10:21
2026,1261,N,,50031,P,,SLEIVA,2026-04-15 11:00:36
2026,1267,N,,2869,P,,SLEIVA,2026-04-16 10:15:08
2026,1264,N,,3297,P,,SLEIVA,2026-04-16 10:09:03
2026,1269,N,,50031,P,,SLEIVA,2026-04-16 10:19:34
2026,1266,N,,2680,P,,SLEIVA,2026-04-16 10:11:19
2026,1271,N,,174,P,,SLEIVA,2026-04-16 10:26:36
2026,1268,N,,2209,P,,SLEIVA,2026-04-16 10:16:19
2026,1273,N,,50002,P,,SLEIVA,2026-04-16 10:28:25
2026,1270,N,,1962,P,,SLEIVA,2026-04-16 10:25:41
2026,1275,N,,3537,P,,SLEIVA,2026-04-16 10:32:37
2026,1272,N,,282,P,,SLEIVA,2026-04-16 10:27:30
2026,1277,N,,2302,A,,SLEIVA,2026-04-16 10:41:34
2026,1274,N,,1514,P,,SLEIVA,2026-04-16 10:30:30
2026,1279,N,,212,P,,SLEIVA,2026-04-16 10:44:32
2026,1276,N,,2209,P,,SLEIVA,2026-04-16 10:35:48
2026,1307,N,,50031,P,,SLEIVA,2026-04-17 11:33:26
2026,1278,N,,2222,A,,SLEIVA,2026-04-16 10:42:40
2026,1309,N,,3439,P,,SLEIVA,2026-04-17 11:45:13
2026,1306,N,,2969,P,,SLEIVA,2026-04-17 11:31:11
2026,1313,N,,50008,P,,SLEIVA,2026-04-17 12:56:56
2026,1308,N,,2843,P,,SLEIVA,2026-04-17 11:43:25
2026,1446,N,,3184,P,,CDOPAZO,2026-04-27 11:08:09
2026,1310,N,,2069,P,,SLEIVA,2026-04-17 11:47:04
2026,1448,N,,3322,P,,CDOPAZO,2026-04-27 11:28:25
2026,1444,N,,134,P,,CDOPAZO,2026-04-27 11:06:50
2026,1531,N,,3226,P,,SLEIVA,2026-05-05 13:03:52
2026,1447,N,,3322,P,,CDOPAZO,2026-04-27 11:24:35
2026,1533,N,,50072,P,,SLEIVA,2026-05-05 13:39:59
2026,1530,N,,169,P,,SLEIVA,2026-05-05 13:02:36
2026,1535,N,,50064,P,,GTEVEZ,2026-05-06 07:53:52
2026,1532,N,,1320,P,,SLEIVA,2026-05-05 13:04:53
2026,1537,N,,2453,P,,GTEVEZ,2026-05-06 07:57:09
2026,1534,N,,50465,P,,GTEVEZ,2026-05-06 07:52:30
2026,1539,N,,2208,P,,GTEVEZ,2026-05-06 08:00:30
2026,1536,N,,2694,P,,GTEVEZ,2026-05-06 07:55:25
2026,1549,N,,3455,P,,SLEIVA,2026-05-07 07:38:30
2026,1538,N,,2208,P,,GTEVEZ,2026-05-06 07:59:04
2026,1551,N,,2032,P,,SLEIVA,2026-05-07 07:40:21
2026,1540,N,,50431,P,,GTEVEZ,2026-05-06 08:02:08
2026,1553,N,,3027,P,,SLEIVA,2026-05-07 07:42:18
2026,1550,N,,1864,P,,SLEIVA,2026-05-07 07:39:22
2026,1555,N,,3338,P,,SLEIVA,2026-05-07 07:44:59
2026,1552,N,,3454,P,,SLEIVA,2026-05-07 07:41:15
2026,1557,N,,3240,P,,SLEIVA,2026-05-07 07:48:28
2026,1554,N,,3514,P,,SLEIVA,2026-05-07 07:44:10
2026,1559,N,,3470,P,,SLEIVA,2026-05-07 07:50:08
2026,1556,N,,3228,P,,SLEIVA,2026-05-07 07:46:25
2026,1561,N,,1825,P,,SLEIVA,2026-05-07 07:52:11
2026,1558,N,,3453,P,,SLEIVA,2026-05-07 07:49:15
2026,1563,N,,2812,P,,SLEIVA,2026-05-07 07:54:07
2026,1560,N,,2473,P,,SLEIVA,2026-05-07 07:51:10
2026,1565,N,,19,P,,SLEIVA,2026-05-07 07:56:25
2026,1562,N,,3361,P,,SLEIVA,2026-05-07 07:53:08
2026,1567,N,,1206,P,,SLEIVA,2026-05-07 08:17:19
2026,1564,N,,3034,P,,SLEIVA,2026-05-07 07:54:51
2026,1569,N,,3037,P,,SLEIVA,2026-05-07 08:21:55
2026,1566,N,,50342,P,,SLEIVA,2026-05-07 08:00:38
2026,1571,N,,1825,P,,SLEIVA,2026-05-07 10:08:51
2026,1568,N,,68,P,,SLEIVA,2026-05-07 08:20:45
2026,1573,N,,33,P,,SLEIVA,2026-05-07 10:11:40
2026,1570,N,,2704,P,,SLEIVA,2026-05-07 08:22:49
2026,1955,N,,50062,P,,GTEVEZ,2026-06-03 08:02:30
2026,1572,N,,2078,P,,SLEIVA,2026-05-07 10:10:17
2026,1575,N,,50031,P,,SLEIVA,2026-05-07 10:15:58
2026,1574,N,,3440,P,,SLEIVA,2026-05-07 10:12:34
2026,1953,N,,50084,P,,GTEVEZ,2026-06-03 07:54:49
2026,1576,N,,50072,P,,SLEIVA,2026-05-07 10:17:38
2026,1957,N,,216,P,,GTEVEZ,2026-06-03 08:08:18
2026,1954,A,2026-06-18 00:00:00,50058,P,,GTEVEZ,2026-06-03 07:59:06
2026,1959,N,,51043,P,,GTEVEZ,2026-06-03 08:13:41
2026,1956,N,,300,P,,GTEVEZ,2026-06-03 08:06:48
2026,1961,N,,50053,P,,GTEVEZ,2026-06-03 08:16:35
2026,1958,N,,50551,P,,GTEVEZ,2026-06-03 08:10:03
2026,1963,N,,51068,P,,GTEVEZ,2026-06-03 08:19:26
2026,1960,N,,50496,P,,GTEVEZ,2026-06-03 08:15:08
2026,1965,N,,50065,P,,GTEVEZ,2026-06-03 08:22:38
2026,1962,N,,50053,P,,GTEVEZ,2026-06-03 08:17:50
2026,1967,N,,50059,P,,GTEVEZ,2026-06-03 08:25:51
2026,1964,N,,50465,P,,GTEVEZ,2026-06-03 08:21:26
2026,1969,N,,2371,P,,GTEVEZ,2026-06-03 08:31:04
2026,1966,N,,50064,P,,GTEVEZ,2026-06-03 08:24:48
2026,1971,N,,41,P,,GTEVEZ,2026-06-03 08:34:48
2026,1968,N,,707,P,,GTEVEZ,2026-06-03 08:27:22
2026,1974,N,,68,P,,GTEVEZ,2026-06-03 08:38:35
2026,1970,N,,436,P,,GTEVEZ,2026-06-03 08:32:26
2026,1972,N,,1213,P,,GTEVEZ,2026-06-03 08:36:19
2026,1976,N,,50012,P,,GTEVEZ,2026-06-03 08:47:37
2026,1973,N,,2222,P,,GTEVEZ,2026-06-03 08:37:29
2026,1981,N,,2869,P,,GTEVEZ,2026-06-03 09:39:21
2026,1975,N,,2454,P,,GTEVEZ,2026-06-03 08:41:16
2026,2300,N,,50411,P,,SLEIVA,2026-06-23 08:09:09
2026,1980,N,,17,P,,GTEVEZ,2026-06-03 09:33:04
2026,2299,N,,50287,P,,SLEIVA,2026-06-23 08:07:28
2026,2304,N,,50106,P,,SLEIVA,2026-06-23 11:33:18
2026,2302,N,,50199,P,,SLEIVA,2026-06-23 08:37:37
2026,2301,N,,452,P,,SLEIVA,2026-06-23 08:25:36
2026,2571,N,,51079,P,,SLEIVA,2026-07-13 08:15:10
2026,2303,N,,50227,P,,SLEIVA,2026-06-23 11:11:25
2026,2642,N,,1692,P,,SLEIVA,2026-07-15 10:24:05
2026,2305,N,,50326,P,,SLEIVA,2026-06-23 12:05:11
2026,2645,N,,2735,P,,SLEIVA,2026-07-15 12:36:36
2026,2621,N,,50023,P,,SLEIVA,2026-07-15 08:18:33
2026,2644,N,,50002,P,,SLEIVA,2026-07-15 12:35:24
2026,1988,N,,50036,P,,RMENDEZ,2026-06-04 08:06:21
2026,1627,N,,50087,P,,RMENDEZ,2026-05-12 07:56:30
2026,2018,N,,193,P,DETALLE EN REPA 2017,RMENDEZ,2026-06-04 11:06:46
2026,1869,N,,50002,P,,SLEIVA,2026-05-27 09:41:26
2026,2407,N,,777,P,,GTEVEZ,2026-06-30 08:03:42
2026,2017,N,,193,P,,RMENDEZ,2026-06-04 11:05:29
2026,2406,N,,3337,P,,GTEVEZ,2026-06-30 08:00:22
2026,2019,N,,193,P,DETALLE EB REPA 2017,RMENDEZ,2026-06-04 11:09:14
2026,2409,N,,5090,P,,GTEVEZ,2026-06-30 08:07:36
2026,2412,N,,50506,P,,GTEVEZ,2026-06-30 08:57:22
2026,2408,N,,1994,P,,GTEVEZ,2026-06-30 08:05:55
2026,2411,N,,51082,P,,GTEVEZ,2026-06-30 08:56:23
2026,1543,N,,50052,P,,RMENDEZ,2026-05-06 08:09:16
2026,1541,N,,1809,P,,RMENDEZ,2026-05-06 08:04:35
2026,1546,N,,3509,P,,RMENDEZ,2026-05-06 11:59:57
2026,1542,N,,50051,P,,RMENDEZ,2026-05-06 08:07:17
2026,1548,N,,708,P,,RMENDEZ,2026-05-06 12:42:11
2026,1545,N,,50074,P,,RMENDEZ,2026-05-06 11:21:46
2026,2137,N,,708,P,,RMENDEZ,2026-06-11 09:02:33
2026,1547,N,,50036,P,,RMENDEZ,2026-05-06 12:00:40
2026,2144,N,,50087,P,,RMENDEZ,2026-06-11 11:38:12
2026,2045,N,,708,P,,RMENDEZ,2026-06-05 12:01:48
2026,2146,N,,2549,P,,RMENDEZ,2026-06-11 11:44:23
2026,2143,N,,50063,P,,RMENDEZ,2026-06-11 10:45:23
2026,2405,N,,50008,P,,SLEIVA,2026-06-29 11:59:18
2026,2145,N,,50087,P,,RMENDEZ,2026-06-11 11:43:25
2026,2148,N,,2541,P,,RMENDEZ,2026-06-11 11:46:05
2026,1480,N,,50087,P,,RMENDEZ,2026-04-30 09:56:38
2026,1280,N,,50063,P,,RMENDEZ,2026-04-16 12:17:25
2026,1482,N,,50087,P,,RMENDEZ,2026-04-30 10:08:05
2026,1281,N,,1809,P,,RMENDEZ,2026-04-16 12:19:29
2026,1484,N,,50063,P,,RMENDEZ,2026-04-30 10:36:58
2026,1481,N,,50087,P,,RMENDEZ,2026-04-30 10:06:40
2026,1483,N,,50063,P,,RMENDEZ,2026-04-30 10:35:38
2026,1734,N,,2330,P,,SLEIVA,2026-05-15 08:26:45
2026,1731,N,,2538,P,,SLEIVA,2026-05-15 08:22:46
2026,1736,N,,2334,P,,SLEIVA,2026-05-15 08:30:51
2026,1732,N,,776,P,,SLEIVA,2026-05-15 08:24:19
2026,1738,N,,90,P,,SLEIVA,2026-05-15 08:39:17
2026,1735,N,,1141,A,,SLEIVA,2026-05-15 08:29:34
2026,1740,N,,50002,P,,SLEIVA,2026-05-15 08:52:01
2026,1737,N,,164,P,,SLEIVA,2026-05-15 08:36:23
2026,1742,N,,879,P,,SLEIVA,2026-05-15 09:37:55
2026,1739,N,,3316,P,,SLEIVA,2026-05-15 08:40:57
2026,1746,N,,2931,P,,SLEIVA,2026-05-15 11:03:53
2026,1741,N,,174,P,,SLEIVA,2026-05-15 09:31:23
2026,1748,N,,2843,P,,SLEIVA,2026-05-15 12:02:58
2026,1743,N,,50012,P,,SLEIVA,2026-05-15 10:02:47
2026,1772,N,,1206,P,,GTEVEZ,2026-05-19 07:57:12
2026,1747,N,,50008,P,,SLEIVA,2026-05-15 11:35:36
2026,1776,N,,131,P,,GTEVEZ,2026-05-19 08:01:11
2026,1770,N,,826,P,,GTEVEZ,2026-05-19 07:55:21
2026,1784,N,,171,P,,GTEVEZ,2026-05-19 08:15:29
2026,1774,N,,2110,P,,GTEVEZ,2026-05-19 07:59:34
2026,1786,A,2026-05-19 00:00:00,2281,P,,GTEVEZ,2026-05-19 08:23:43
2026,1778,N,,3072,P,,GTEVEZ,2026-05-19 08:02:44
2026,1788,N,,171,P,,GTEVEZ,2026-05-19 08:32:39
2026,1785,N,,171,A,,GTEVEZ,2026-05-19 08:20:08
2026,1787,N,,2281,P,,GTEVEZ,2026-05-19 08:27:40
2026,1790,N,,517,P,,GTEVEZ,2026-05-19 09:27:06
2026,1794,N,,707,P,,GTEVEZ,2026-05-19 10:34:26
2026,1789,N,,50002,P,,GTEVEZ,2026-05-19 09:25:26
2026,1875,N,,2330,P,,GTEVEZ,2026-05-28 08:01:52
2026,1791,N,,772,P,,GTEVEZ,2026-05-19 09:29:28
2026,1877,N,,3177,P,,GTEVEZ,2026-05-28 08:05:07
2026,1874,N,,1320,P,,GTEVEZ,2026-05-28 07:58:24
2026,1879,N,,2770,P,,GTEVEZ,2026-05-28 08:10:24
2026,1876,N,,3520,P,,GTEVEZ,2026-05-28 08:03:53
2026,1881,N,,21,P,,GTEVEZ,2026-05-28 08:14:43
2026,1878,N,,1586,P,,GTEVEZ,2026-05-28 08:06:43
2026,1886,N,,50370,P,,GTEVEZ,2026-05-28 11:20:28
2026,1880,N,,2593,P,,GTEVEZ,2026-05-28 08:12:26
2026,2189,N,,2309,P,,SLEIVA,2026-06-18 09:46:27
2026,1885,N,,50031,P,,GTEVEZ,2026-05-28 10:46:04
2026,2186,N,,2746,P,,SLEIVA,2026-06-18 09:33:25
2026,2191,N,,50003,P,,SLEIVA,2026-06-18 09:49:27
2026,2188,N,,160,P,,SLEIVA,2026-06-18 09:40:05
2026,2193,N,,69,P,,SLEIVA,2026-06-18 09:52:44
2026,2190,N,,1206,P,,SLEIVA,2026-06-18 09:47:46
2026,2195,N,,127,P,,SLEIVA,2026-06-18 10:02:39
2026,2192,N,,50003,P,,SLEIVA,2026-06-18 09:51:30
2026,2197,N,,1101,P,,SLEIVA,2026-06-18 10:05:10
2026,2194,N,,789,P,,SLEIVA,2026-06-18 09:55:36
2026,2199,N,,875,P,,SLEIVA,2026-06-18 10:06:35
2026,2196,N,,2098,P,,SLEIVA,2026-06-18 10:04:21
2026,2201,N,,1960,P,,SLEIVA,2026-06-18 10:08:14
2026,2198,N,,3445,P,,SLEIVA,2026-06-18 10:05:52
2026,2203,N,,3072,A,,SLEIVA,2026-06-18 10:11:08
2026,2200,N,,1962,P,,SLEIVA,2026-06-18 10:07:18
2026,2205,N,,2513,P,,SLEIVA,2026-06-18 10:14:55
2026,2202,N,,300,P,,SLEIVA,2026-06-18 10:09:27
2026,2207,N,,50058,P,,SLEIVA,2026-06-18 10:50:33
2026,2204,N,,2654,P,,SLEIVA,2026-06-18 10:13:43
2026,2209,N,,3332,P,,SLEIVA,2026-06-18 11:12:16
2026,2206,N,,2107,P,,SLEIVA,2026-06-18 10:15:42
2026,2358,N,,3297,P,,CDOPAZO,2026-06-25 08:32:12
2026,2208,N,,169,P,,SLEIVA,2026-06-18 11:03:05
2026,2211,N,,2086,P,,SLEIVA,2026-06-18 12:01:09
2026,2359,N,,2595,P,,CDOPAZO,2026-06-25 08:46:23
2026,1836,N,,50449,P,,GTEVEZ,2026-05-26 07:58:21
2026,1834,N,,2969,P,,GTEVEZ,2026-05-26 07:50:48
2026,1838,N,,51082,P,,GTEVEZ,2026-05-26 10:07:30
2026,1835,N,,50543,P,,GTEVEZ,2026-05-26 07:53:40
2026,2048,N,,1603,P,,SLEIVA,2026-06-08 08:15:18
2026,1837,N,,50014,P,,GTEVEZ,2026-05-26 09:40:17
2026,1840,N,,50031,P,,GTEVEZ,2026-05-26 10:14:14
2026,1839,N,,3332,P,,GTEVEZ,2026-05-26 10:08:34
2026,2050,N,,2228,P,,SLEIVA,2026-06-08 08:17:09
2026,2047,N,,1994,P,,SLEIVA,2026-06-08 08:10:22
2026,2052,N,,877,P,,SLEIVA,2026-06-08 08:18:44
2026,2049,N,,3287,P,,SLEIVA,2026-06-08 08:16:10
2026,2054,N,,2810,P,,SLEIVA,2026-06-08 08:36:54
2026,2051,N,,3233,P,,SLEIVA,2026-06-08 08:17:57
2026,2056,N,,50031,P,,SLEIVA,2026-06-08 08:40:56
2026,2053,N,,50588,P,,SLEIVA,2026-06-08 08:20:55
2026,2060,N,,2281,P,,SLEIVA,2026-06-08 09:24:34
2026,2055,N,,2810,P,,SLEIVA,2026-06-08 08:38:02
2026,2647,N,,3389,P,,GTEVEZ,2026-07-16 08:13:51
2026,2057,N,,2110,P,,SLEIVA,2026-06-08 08:46:10
2026,2650,N,,2142,P,,GTEVEZ,2026-07-16 08:17:41
2026,2646,N,,2421,P,,GTEVEZ,2026-07-16 08:11:49
2026,2653,N,,3258,P,,GTEVEZ,2026-07-16 08:21:48
2026,2649,N,,2310,P,,GTEVEZ,2026-07-16 08:16:07
2026,2655,N,,2835,P,,GTEVEZ,2026-07-16 08:24:20
2026,2652,N,,1608,P,,GTEVEZ,2026-07-16 08:18:56
2026,2657,N,,2513,P,,GTEVEZ,2026-07-16 08:26:28
2026,2654,N,,2810,P,,GTEVEZ,2026-07-16 08:22:57
2026,2659,N,,3445,P,,GTEVEZ,2026-07-16 08:28:27
2026,2656,N,,41,P,,GTEVEZ,2026-07-16 08:25:26
2026,2661,N,,875,P,,GTEVEZ,2026-07-16 08:31:59
2026,2658,N,,2107,P,,GTEVEZ,2026-07-16 08:27:11
2026,2663,N,,2086,P,,GTEVEZ,2026-07-16 08:33:55
2026,2660,N,,1101,P,,GTEVEZ,2026-07-16 08:31:03
2026,2662,N,,400,P,,GTEVEZ,2026-07-16 08:32:49
2026,2664,N,,2308,P,,GTEVEZ,2026-07-16 08:36:20
2026,1225,N,,2675,P,,CDOPAZO,2026-04-14 12:53:13
2026,1043,N,,3316,P,,SLEIVA,2026-03-27 08:55:58
2026,1910,N,,50063,P,,RMENDEZ,2026-05-29 11:45:44
2026,1052,N,,50003,P,,SLEIVA,2026-03-27 11:47:37
2026,1915,N,,50052,P,,RMENDEZ,2026-05-29 13:39:01
2026,1453,N,,33,P,,RMENDEZ,2026-04-28 07:58:14
2026,2515,N,,2525,P,,GTEVEZ,2026-07-07 07:53:07
2026,1911,N,,50063,P,,RMENDEZ,2026-05-29 11:48:59
2026,2517,N,,2804,P,,GTEVEZ,2026-07-07 07:57:30
2026,1916,N,,50051,P,,RMENDEZ,2026-05-29 13:40:21
2026,2519,N,,1266,P,,GTEVEZ,2026-07-07 08:07:24
2026,2516,N,,2410,P,,GTEVEZ,2026-07-07 07:56:08
2026,2521,N,,1879,P,,GTEVEZ,2026-07-07 08:10:13
2026,2518,N,,688,P,,GTEVEZ,2026-07-07 08:04:07
2026,2523,N,,300,P,,GTEVEZ,2026-07-07 08:12:36
2026,2520,N,,2784,P,,GTEVEZ,2026-07-07 08:08:48
2026,2526,N,,3391,P,,GTEVEZ,2026-07-07 08:16:21
2026,2522,N,,2310,P,,GTEVEZ,2026-07-07 08:11:25
2026,2529,N,,50060,P,,GTEVEZ,2026-07-07 08:27:55
2026,2524,A,2026-07-07 00:00:00,2636,P,,GTEVEZ,2026-07-07 08:14:18
2026,2540,N,,50072,P,,GTEVEZ,2026-07-07 08:58:49
2026,2527,N,,717,P,,GTEVEZ,2026-07-07 08:18:21
2026,2532,N,,2636,P,,GTEVEZ,2026-07-07 08:33:53
2026,2546,N,,50031,P,,GTEVEZ,2026-07-07 11:01:25
2026,2537,N,,707,P,,GTEVEZ,2026-07-07 08:52:01
2026,2545,N,,3027,P,,GTEVEZ,2026-07-07 10:14:54
2026,1142,N,,50023,P,,RMENDEZ,2026-04-09 07:47:39
2026,1134,N,,50063,P,,RMENDEZ,2026-04-09 07:42:17
2026,1153,N,,50036,P,,RMENDEZ,2026-04-09 09:04:35
2026,1139,N,,50925,P,,RMENDEZ,2026-04-09 07:46:38
2026,1332,N,,2636,A,,GTEVEZ,2026-04-21 08:50:41
2026,1152,N,,33,P,,RMENDEZ,2026-04-09 09:03:47
2026,1337,N,,117,A,,GTEVEZ,2026-04-21 09:06:35
2026,1154,N,,50087,P,,RMENDEZ,2026-04-09 09:05:50
2026,1347,N,,167,P,,GTEVEZ,2026-04-21 09:20:08
2026,1334,N,,171,A,,GTEVEZ,2026-04-21 09:01:01
2026,1351,N,,2421,P,,GTEVEZ,2026-04-21 09:24:02
2026,1343,N,,3339,A,,GTEVEZ,2026-04-21 09:14:20
2026,1357,N,,688,A,,GTEVEZ,2026-04-21 09:35:22
2026,1349,N,,3420,A,,GTEVEZ,2026-04-21 09:22:36
2026,1359,N,,1063,P,,GTEVEZ,2026-04-21 09:45:43
2026,1353,N,,3356,P,,GTEVEZ,2026-04-21 09:27:14
2026,1361,N,,3556,P,,GTEVEZ,2026-04-21 09:48:50
2026,1358,N,,1078,P,,GTEVEZ,2026-04-21 09:44:00
2026,1365,N,,1235,P,,GTEVEZ,2026-04-21 10:37:18
2026,1360,N,,2578,P,,GTEVEZ,2026-04-21 09:47:26
2026,1751,N,,2513,P,,SLEIVA,2026-05-18 07:55:13
2026,1364,N,,1235,A,,GTEVEZ,2026-04-21 10:31:12
2026,1755,N,,2490,P,,SLEIVA,2026-05-18 07:57:16
2026,1750,N,,1101,P,,SLEIVA,2026-05-18 07:54:10
2026,1760,N,,50003,P,,SLEIVA,2026-05-18 08:20:23
2026,1753,N,,1962,P,,SLEIVA,2026-05-18 07:56:09
2026,1762,N,,2309,P,,SLEIVA,2026-05-18 09:27:07
2026,1757,N,,1478,P,,SLEIVA,2026-05-18 07:58:20
2026,1766,N,,50002,P,,SLEIVA,2026-05-18 10:07:37
2026,1761,N,,3364,P,,SLEIVA,2026-05-18 09:26:02
2026,1817,N,,163,P,,CDOPAZO,2026-05-21 11:20:56
2026,1763,N,,2197,P,,SLEIVA,2026-05-18 09:28:04
2026,2064,N,,685,P,,GTEVEZ,2026-06-09 08:14:48
2026,1769,N,,2969,P,,SLEIVA,2026-05-18 10:33:46
2026,2066,N,,3556,P,,GTEVEZ,2026-06-09 08:17:50
2026,2063,N,,1603,P,,GTEVEZ,2026-06-09 08:12:58
2026,2069,N,,2627,P,,GTEVEZ,2026-06-09 08:20:42
2026,2065,N,,2450,P,,GTEVEZ,2026-06-09 08:16:22
2026,2071,N,,5,P,,GTEVEZ,2026-06-09 08:24:17
2026,2067,N,,1810,P,,GTEVEZ,2026-06-09 08:18:58
2026,2073,N,,803,P,,GTEVEZ,2026-06-09 08:31:57
2026,2070,N,,2575,P,,GTEVEZ,2026-06-09 08:22:33
2026,2075,N,,1527,P,,GTEVEZ,2026-06-09 08:37:36
2026,2072,N,,1994,P,,GTEVEZ,2026-06-09 08:30:18
2026,2078,N,,68,P,,GTEVEZ,2026-06-09 08:49:54
2026,2074,A,2026-06-09 00:00:00,212,P,,GTEVEZ,2026-06-09 08:36:03
2026,2076,N,,117,P,,GTEVEZ,2026-06-09 08:42:06
2026,2080,N,,3482,P,,GTEVEZ,2026-06-09 08:51:55
2026,2077,A,2026-06-09 00:00:00,692,P,,GTEVEZ,2026-06-09 08:47:57
2026,2082,N,,3585,P,,GTEVEZ,2026-06-09 08:59:10
2026,2079,N,,2770,P,,GTEVEZ,2026-06-09 08:50:53
2026,2085,A,2026-06-29 00:00:00,777,P,,GTEVEZ,2026-06-09 09:21:02
2026,2081,A,2026-06-09 00:00:00,2470,P,,GTEVEZ,2026-06-09 08:53:17
2026,2084,N,,5,P,,GTEVEZ,2026-06-09 09:16:56
2026,2083,N,,169,P,,GTEVEZ,2026-06-09 09:05:21
2026,2086,N,,212,P,,GTEVEZ,2026-06-09 09:46:09
2026,2177,N,,1809,P,,RMENDEZ,2026-06-17 10:53:10
2026,2176,N,,708,P,,RMENDEZ,2026-06-17 10:50:56
2026,2438,N,,877,P,,SLEIVA,2026-07-02 08:38:32
2026,2443,N,,578,P,,SLEIVA,2026-07-02 10:05:14
2026,2440,N,,50031,P,,SLEIVA,2026-07-02 08:43:13
2026,2439,N,,2843,P,,SLEIVA,2026-07-02 08:39:41
2026,2445,N,,2337,P,,SLEIVA,2026-07-02 11:15:17
2026,2442,N,,3220,P,,SLEIVA,2026-07-02 10:03:20
2026,2447,N,,50036,P,,SLEIVA,2026-07-02 11:21:42
2026,2444,N,,3180,P,,SLEIVA,2026-07-02 10:06:10
2026,2612,N,,50087,P,,RMENDEZ,2026-07-14 10:35:16
2026,2446,N,,216,P,,SLEIVA,2026-07-02 11:16:40
2026,2606,N,,708,P,,RMENDEZ,2026-07-14 08:29:23
2026,2609,N,,50087,P,,RMENDEZ,2026-07-14 08:46:11
2026,2617,N,,50087,P,,RMENDEZ,2026-07-14 11:13:59
2026,1819,N,,2549,P,,RMENDEZ,2026-05-21 11:34:04
2026,1814,N,,50922,P,,RMENDEZ,2026-05-21 10:46:36
2026,2558,N,,50012,P,,GTEVEZ,2026-07-08 08:12:47
2026,1818,N,,708,P,,RMENDEZ,2026-05-21 11:32:53
2026,2560,N,,282,P,,GTEVEZ,2026-07-08 08:19:18
2026,2555,N,,2804,P,,GTEVEZ,2026-07-08 08:10:50
2026,2562,N,,3482,P,,GTEVEZ,2026-07-08 08:21:56
2026,2559,N,,174,P,,GTEVEZ,2026-07-08 08:18:27
2026,2564,N,,19,P,,GTEVEZ,2026-07-08 08:27:40
2026,2561,N,,578,P,,GTEVEZ,2026-07-08 08:20:39
2026,2573,N,,50003,P,,GTEVEZ,2026-07-13 08:27:21
2026,2563,N,,2365,P,,GTEVEZ,2026-07-08 08:26:07
2026,2576,N,,5,P,,GTEVEZ,2026-07-13 08:30:48
2026,2565,N,,50012,P,,GTEVEZ,2026-07-08 08:43:49
2026,2578,N,,2578,P,,GTEVEZ,2026-07-13 08:34:26
2026,2574,N,,50553,P,,GTEVEZ,2026-07-13 08:29:09
2026,2584,N,,2218,P,,GTEVEZ,2026-07-13 08:50:47
2026,2577,N,,5,P,,GTEVEZ,2026-07-13 08:31:56
2026,2586,N,,1356,P,,GTEVEZ,2026-07-13 08:56:12
2026,2579,N,,2663,P,,GTEVEZ,2026-07-13 08:35:58
2026,2588,N,,2701,P,,GTEVEZ,2026-07-13 08:58:25
2026,2585,N,,5,P,,GTEVEZ,2026-07-13 08:54:49
2026,2590,N,,50031,P,,GTEVEZ,2026-07-13 09:28:01
2026,2587,N,,1547,P,,GTEVEZ,2026-07-13 08:57:25
2026,2589,N,,50003,P,,GTEVEZ,2026-07-13 09:05:40
2026,1983,N,,2869,P,,CDOPAZO,2026-06-03 10:47:52
2026,1977,N,,86,P,,CDOPAZO,2026-06-03 09:02:49
2026,2360,N,,708,P,,RMENDEZ,2026-06-25 10:00:50
2026,1979,N,,17,P,,CDOPAZO,2026-06-03 09:18:18
2026,2362,N,,33,P,,RMENDEZ,2026-06-25 10:05:37
2026,2034,N,,3003,P,,CDOPAZO,2026-06-05 09:45:16
2026,2364,N,,50087,P,,RMENDEZ,2026-06-25 12:36:21
2026,2361,N,,33,P,,RMENDEZ,2026-06-25 10:03:22
2026,2363,N,,33,P,,RMENDEZ,2026-06-25 10:09:54
2026,1729,N,,50010,P,,RMENDEZ,2026-05-14 12:15:27
2026,1053,N,,50087,P,,RMENDEZ,2026-03-27 13:19:17
2026,1888,N,,2218,P,,SLEIVA,2026-05-29 08:23:29
2026,1727,N,,50023,P,,RMENDEZ,2026-05-14 10:32:28
2026,1890,N,,50012,P,,SLEIVA,2026-05-29 08:26:59
2026,1730,N,,50087,P,,RMENDEZ,2026-05-14 12:19:02
2026,1892,N,,1879,P,,SLEIVA,2026-05-29 09:00:54
2026,1889,N,,50551,P,,SLEIVA,2026-05-29 08:25:01
2026,1895,N,,3558,P,,SLEIVA,2026-05-29 09:09:34
2026,1891,N,,2584,P,,SLEIVA,2026-05-29 08:40:54
2026,1909,N,,3337,P,,SLEIVA,2026-05-29 11:36:54
2026,1894,N,,1810,P,,SLEIVA,2026-05-29 09:03:18
2026,1943,N,,578,P,,GTEVEZ,2026-06-02 08:42:35
2026,1908,N,,1267,P,,SLEIVA,2026-05-29 11:34:49
2026,1945,N,,3395,P,,GTEVEZ,2026-06-02 08:47:16
2026,1912,N,,3571,P,,SLEIVA,2026-05-29 12:57:24
2026,1947,N,,557,P,,GTEVEZ,2026-06-02 08:49:57
2026,1944,N,,3245,P,,GTEVEZ,2026-06-02 08:43:51
2026,1949,N,,1514,P,,GTEVEZ,2026-06-02 08:53:36
2026,1946,N,,2151,P,,GTEVEZ,2026-06-02 08:48:53
2026,1952,N,,50056,P,,GTEVEZ,2026-06-02 12:42:46
2026,1948,N,,2801,P,,GTEVEZ,2026-06-02 08:52:03
2026,2164,N,,1890,P,,GTEVEZ,2026-06-17 08:45:32
2026,1950,N,,3075,P,,GTEVEZ,2026-06-02 08:54:55
2026,2166,N,,3316,P,,GTEVEZ,2026-06-17 08:49:28
2026,2163,N,,50496,P,,GTEVEZ,2026-06-17 08:42:24
2026,2173,N,,50003,P,,GTEVEZ,2026-06-17 10:06:44
2026,2165,N,,174,P,,GTEVEZ,2026-06-17 08:47:43
2026,2182,N,,2643,P,,GTEVEZ,2026-06-17 12:31:34
2026,2167,N,,692,P,,GTEVEZ,2026-06-17 08:51:44
2026,2179,N,,441,P,,GTEVEZ,2026-06-17 11:26:02
2026,2174,A,2026-06-17 00:00:00,2330,P,,GTEVEZ,2026-06-17 10:42:03
2026,1642,N,,2700,P,,SLEIVA,2026-05-12 08:43:06
2026,1083,N,,803,P,,RMENDEZ,2026-04-01 09:43:47
2026,1640,N,,717,P,,SLEIVA,2026-05-12 08:41:48
2026,1646,N,,1514,P,,SLEIVA,2026-05-12 08:45:41
2026,1650,N,,2804,P,,SLEIVA,2026-05-12 08:48:24
2026,1644,N,,2209,P,,SLEIVA,2026-05-12 08:44:13
2026,1654,N,,360,P,,SLEIVA,2026-05-12 08:50:53
2026,1648,N,,1259,P,,SLEIVA,2026-05-12 08:46:48
2026,1657,N,,3492,P,,SLEIVA,2026-05-12 08:53:25
2026,1652,N,,5,P,,SLEIVA,2026-05-12 08:49:54
2026,1667,N,,50002,P,,SLEIVA,2026-05-12 11:07:30
2026,1656,N,,3438,P,,SLEIVA,2026-05-12 08:52:32
2026,1661,N,,50003,P,,SLEIVA,2026-05-12 09:08:13
2026,1664,N,,3516,P,,SLEIVA,2026-05-12 10:28:24
2026,1662,N,,50053,P,,SLEIVA,2026-05-12 09:10:07
2026,1868,N,,50087,P,,RMENDEZ,2026-05-27 09:41:00
2026,1665,N,,3033,P,,SLEIVA,2026-05-12 10:29:29
2026,1871,N,,1489,P,,RMENDEZ,2026-05-27 12:47:19
2026,1668,N,,50054,P,,SLEIVA,2026-05-12 13:17:50
2026,2592,N,,50023,P,,RMENDEZ,2026-07-13 13:33:46
2026,1870,N,,708,P,,RMENDEZ,2026-05-27 12:46:20
2026,1872,N,,50087,P,,RMENDEZ,2026-05-27 12:49:12
2026,2593,N,,50087,P,,RMENDEZ,2026-07-13 13:37:28
2026,2340,N,,50286,P,,SLEIVA,2026-06-25 07:13:35
2026,1887,N,,50008,P,,SLEIVA,2026-05-28 12:09:09
2026,2342,N,,1995,P,,SLEIVA,2026-06-25 07:29:28
2026,1978,N,,3509,P,,RMENDEZ,2026-06-03 09:06:15
2026,2344,N,,789,P,,SLEIVA,2026-06-25 07:32:09
2026,2341,N,,50098,P,,SLEIVA,2026-06-25 07:17:21
2026,2346,N,,2330,P,,SLEIVA,2026-06-25 07:35:29
2026,2343,N,,50003,P,,SLEIVA,2026-06-25 07:31:19
2026,2348,N,,5090,P,,SLEIVA,2026-06-25 07:49:19
2026,2345,N,,50054,P,,SLEIVA,2026-06-25 07:33:41
2026,2353,N,,51107,P,,SLEIVA,2026-06-25 08:17:57
2026,2347,N,,2410,P,,SLEIVA,2026-06-25 07:39:32
2026,2355,N,,51105,P,,SLEIVA,2026-06-25 08:22:20
2026,2349,N,,5090,P,,SLEIVA,2026-06-25 07:57:01
2026,2682,N,,50063,P,,RMENDEZ,2026-07-17 08:56:52
2026,2354,N,,51104,P,,SLEIVA,2026-06-25 08:20:18
2026,2688,N,,50036,P,,RMENDEZ,2026-07-17 09:51:12
2026,2356,N,,51106,P,,SLEIVA,2026-06-25 08:23:19
2026,2690,N,,2541,P,,RMENDEZ,2026-07-17 11:04:14
2026,2687,N,,708,P,,RMENDEZ,2026-07-17 09:49:58
2026,2710,N,,2310,P,,GTEVEZ,2026-07-20 09:39:07
2026,2689,N,,50087,P,,RMENDEZ,2026-07-17 10:11:30
2026,2713,N,,2801,P,,GTEVEZ,2026-07-20 09:42:14
2026,2706,N,,1489,P,,RMENDEZ,2026-07-17 12:39:09
2026,2716,N,,3587,P,,GTEVEZ,2026-07-20 09:56:36
2026,2712,N,,141,P,,GTEVEZ,2026-07-20 09:40:40
2026,2718,N,,3287,P,,GTEVEZ,2026-07-20 09:58:58
2026,2715,N,,2410,P,,GTEVEZ,2026-07-20 09:54:39
2026,2722,N,,50053,P,,GTEVEZ,2026-07-20 11:32:56
2026,2717,N,,85,P,,GTEVEZ,2026-07-20 09:57:52
2026,2721,N,,51101,P,,GTEVEZ,2026-07-20 11:17:14
2026,1262,N,,2209,P,,CDOPAZO,2026-04-16 09:22:12
2026,1666,N,,50065,P,,CDOPAZO,2026-05-12 10:53:17
2026,1109,N,,33,P,,RMENDEZ,2026-04-07 11:22:46
2026,1106,N,,50057,P,,RMENDEZ,2026-04-07 10:10:18
2026,1111,N,,1809,P,,RMENDEZ,2026-04-07 11:28:50
2026,1108,N,,708,P,,RMENDEZ,2026-04-07 11:19:06
2026,1407,N,,3521,P,,GTEVEZ,2026-04-24 08:10:42
2026,1110,N,,3509,P,,RMENDEZ,2026-04-07 11:24:26
2026,1409,N,,650,P,,GTEVEZ,2026-04-24 08:14:08
2026,1112,N,,50087,P,,RMENDEZ,2026-04-07 12:25:08
2026,1411,N,,2450,P,,GTEVEZ,2026-04-24 08:19:04
2026,1408,N,,3364,P,,GTEVEZ,2026-04-24 08:12:51
2026,1414,N,,50496,P,,GTEVEZ,2026-04-24 08:21:39
2026,1410,N,,43,A,,GTEVEZ,2026-04-24 08:16:44
2026,1416,N,,2578,P,,GTEVEZ,2026-04-24 08:25:06
2026,1413,N,,360,P,,GTEVEZ,2026-04-24 08:20:21
2026,1420,N,,167,P,,GTEVEZ,2026-04-24 08:45:31
2026,1415,N,,1603,P,,GTEVEZ,2026-04-24 08:23:54
2026,1422,N,,68,P,,GTEVEZ,2026-04-24 08:50:18
2026,1419,N,,130,P,,GTEVEZ,2026-04-24 08:42:31
2026,1429,N,,2251,P,,GTEVEZ,2026-04-24 12:12:45
2026,1421,N,,1603,P,,GTEVEZ,2026-04-24 08:48:23
2026,1611,N,,50010,P,,RMENDEZ,2026-05-08 12:08:43
2026,1423,N,,90,P,,GTEVEZ,2026-04-24 09:47:50
2026,1613,N,,50925,P,,RMENDEZ,2026-05-08 12:15:35
2026,1596,N,,50087,P,,RMENDEZ,2026-05-08 09:30:41
2026,1773,N,,1879,P,,SLEIVA,2026-05-19 07:58:23
2026,1612,N,,708,P,,RMENDEZ,2026-05-08 12:14:53
2026,1777,N,,688,P,,SLEIVA,2026-05-19 08:01:26
2026,1771,N,,1514,P,,SLEIVA,2026-05-19 07:55:48
2026,1780,N,,2450,P,,SLEIVA,2026-05-19 08:04:36
2026,1775,N,,688,P,,SLEIVA,2026-05-19 07:59:41
2026,1782,N,,3556,P,,SLEIVA,2026-05-19 08:07:06
2026,1779,N,,57,P,,SLEIVA,2026-05-19 08:03:30
2026,1796,N,,3062,P,,SLEIVA,2026-05-19 12:07:03
2026,1781,N,,3537,P,,SLEIVA,2026-05-19 08:05:47
2026,2310,N,,2208,P,,SLEIVA,2026-06-24 08:41:07
2026,1795,N,,50008,P,,SLEIVA,2026-05-19 11:22:04
2026,2313,N,,650,P,,SLEIVA,2026-06-24 08:49:06
2026,1797,N,,2991,P,,SLEIVA,2026-05-19 13:38:57
2026,2317,N,,2310,P,,SLEIVA,2026-06-24 08:51:49
2026,2312,N,,50003,P,,SLEIVA,2026-06-24 08:48:20
2026,2320,N,,436,P,,SLEIVA,2026-06-24 08:55:24
2026,2315,N,,3398,P,,SLEIVA,2026-06-24 08:50:22
2026,2328,N,,3395,P,,SLEIVA,2026-06-24 09:05:10
2026,2319,N,,2110,P,,SLEIVA,2026-06-24 08:54:21
2026,2332,N,,2969,P,,SLEIVA,2026-06-24 10:16:03
2026,2322,N,,50012,P,,SLEIVA,2026-06-24 08:56:43
2026,2334,N,,50109,P,,SLEIVA,2026-06-24 10:18:22
2026,2331,N,,2482,P,,SLEIVA,2026-06-24 10:08:22
2026,2337,N,,50101,P,,SLEIVA,2026-06-24 11:07:47
2026,2333,N,,50478,P,,SLEIVA,2026-06-24 10:17:06
2026,2339,N,,50393,P,,SLEIVA,2026-06-24 12:55:18
2026,2336,N,,332,P,,SLEIVA,2026-06-24 10:56:21
2026,2338,N,,50455,P,,SLEIVA,2026-06-24 12:41:16
2026,2666,N,,1809,P,,RMENDEZ,2026-07-16 08:51:07
2026,2665,N,,50023,P,,RMENDEZ,2026-07-16 08:42:22
2026,1710,N,,2810,P,,SLEIVA,2026-05-14 08:23:03
2026,1235,N,,50087,P,,RMENDEZ,2026-04-15 08:56:26
2026,1709,N,,1259,P,,SLEIVA,2026-05-14 08:21:51
2026,1723,N,,117,P,,SLEIVA,2026-05-14 09:43:25
2026,1823,N,,2770,P,,GTEVEZ,2026-05-22 08:35:21
2026,1715,N,,50070,P,,SLEIVA,2026-05-14 08:32:01
2026,1728,N,,50031,P,,SLEIVA,2026-05-14 10:40:37
2026,1724,N,,1763,A,,SLEIVA,2026-05-14 09:47:37
2026,1942,N,,50063,P,,RMENDEZ,2026-06-01 12:52:54
2026,1821,N,,68,P,,GTEVEZ,2026-05-22 08:31:38
2026,1932,N,,50057,P,"$206.945,61 FARIAS ALBA-BRITO JOSE LUIS",RMENDEZ,2026-06-01 09:30:55
2026,1824,N,,158,P,,GTEVEZ,2026-05-22 08:36:58
2026,2550,N,,3233,P,,SLEIVA,2026-07-08 07:32:09
2026,1939,N,,50087,P,,RMENDEZ,2026-06-01 10:41:06
2026,2552,N,,2109,P,,SLEIVA,2026-07-08 07:33:45
2026,2549,N,,752,P,,SLEIVA,2026-07-08 07:30:40
2026,2554,N,,2843,P,,SLEIVA,2026-07-08 07:35:34
2026,2551,N,,2228,P,,SLEIVA,2026-07-08 07:32:58
2026,2566,N,,50199,P,,SLEIVA,2026-07-08 08:59:59
2026,2553,N,,1547,P,,SLEIVA,2026-07-08 07:34:35
2026,2568,N,,50031,P,,SLEIVA,2026-07-08 11:44:23
2026,2557,N,,50053,P,,SLEIVA,2026-07-08 08:12:16
2026,2570,N,,2991,P,,SLEIVA,2026-07-08 12:20:55
2026,2567,N,,50002,P,,SLEIVA,2026-07-08 11:03:27
2026,2569,N,,3594,P,,SLEIVA,2026-07-08 12:20:31
2026,1316,N,,50448,P,,SLEIVA,2026-04-20 07:43:01
2026,1314,N,,50012,P,,SLEIVA,2026-04-20 07:40:51
2026,1318,N,,707,P,,SLEIVA,2026-04-20 09:58:31
2026,1315,N,,50280,P,,SLEIVA,2026-04-20 07:42:00
2026,1320,N,,50070,P,,SLEIVA,2026-04-20 10:08:26
2026,1317,N,,50219,P,,SLEIVA,2026-04-20 07:44:46
2026,2367,N,,50002,P,,SLEIVA,2026-06-26 07:49:23
2026,1319,N,,2643,P,,SLEIVA,2026-04-20 10:05:18
2026,1454,N,,50031,P,,SLEIVA,2026-04-28 08:19:19
2026,1325,A,2026-04-20 00:00:00,167,P,,SLEIVA,2026-04-20 11:37:14
2026,2366,N,,50031,P,,SLEIVA,2026-06-26 07:39:44
2026,2371,N,,360,P,,SLEIVA,2026-06-26 07:57:26
2026,2374,N,,50072,P,,SLEIVA,2026-06-26 08:06:14
2026,2370,N,,50370,P,,SLEIVA,2026-06-26 07:53:48
2026,2378,N,,68,P,,SLEIVA,2026-06-26 08:17:49
2026,2373,N,,2403,P,,SLEIVA,2026-06-26 08:02:24
2026,2395,A,2026-06-26 00:00:00,50010,P,,SLEIVA,2026-06-26 13:01:11
2026,2377,N,,2548,P,,SLEIVA,2026-06-26 08:16:13
2026,2478,N,,50134,P,,SLEIVA,2026-07-03 09:01:57
2026,2379,N,,2843,P,,SLEIVA,2026-06-26 08:18:51
2026,2461,N,,50464,P,,SLEIVA,2026-07-03 08:30:01
2026,2494,N,,3534,P,,SLEIVA,2026-07-03 10:56:45
2026,2470,N,,50366,P,,SLEIVA,2026-07-03 08:39:47
2026,2497,N,,50101,P,,SLEIVA,2026-07-03 11:32:09
2026,2490,N,,1259,P,,SLEIVA,2026-07-03 10:50:29
2026,2499,N,,50274,P,,SLEIVA,2026-07-03 11:56:38
2026,2495,N,,50003,P,,SLEIVA,2026-07-03 11:00:37
2026,2648,N,,50072,P,,SLEIVA,2026-07-16 08:15:51
2026,2498,N,,2753,P,,SLEIVA,2026-07-03 11:44:51
2026,2667,N,,879,P,,SLEIVA,2026-07-16 09:09:30
2026,2514,N,,50072,P,,SLEIVA,2026-07-06 11:54:45
2026,2670,N,,50066,P,,SLEIVA,2026-07-16 10:04:48
2026,2651,N,,50020,P,,SLEIVA,2026-07-16 08:18:01
2026,2672,N,,1962,P,,SLEIVA,2026-07-16 10:34:23
2026,2668,N,,879,P,,SLEIVA,2026-07-16 09:11:44
2026,2671,N,,3062,P,,SLEIVA,2026-07-16 10:11:05
2026,1433,N,,879,P,,SLEIVA,2026-04-27 08:13:04
2026,1210,N,,708,P,,RMENDEZ,2026-04-13 13:18:49
2026,1445,N,,50002,P,,SLEIVA,2026-04-27 11:07:57
2026,1430,N,,879,P,,SLEIVA,2026-04-27 08:07:04
2026,2611,N,,50008,P,,SLEIVA,2026-07-14 09:46:06
2026,1435,N,,1603,P,,SLEIVA,2026-04-27 08:15:19
2026,2610,N,,50003,P,,SLEIVA,2026-07-14 09:38:47
2026,1223,N,,50023,P,,RMENDEZ,2026-04-14 10:16:19
2026,1221,N,,2549,P,,RMENDEZ,2026-04-14 10:14:21
2026,1418,N,,167,P,,CDOPAZO,2026-04-24 08:32:59
2026,1222,N,,708,P,,RMENDEZ,2026-04-14 10:15:14
2026,1829,N,,3011,P,,GTEVEZ,2026-05-22 09:44:20
2026,1417,N,,300,P,,CDOPAZO,2026-04-24 08:29:26
2026,1826,N,,50033,P,,GTEVEZ,2026-05-22 09:21:56
2026,1825,N,,300,P,,GTEVEZ,2026-05-22 08:54:34
2026,2212,N,,2142,P,,SLEIVA,2026-06-19 08:58:46
2026,1827,N,,1119,P,,CDOPAZO,2026-05-22 09:31:26
2026,2214,N,,2334,P,,SLEIVA,2026-06-19 09:04:29
2026,1832,N,,51103,P,,GTEVEZ,2026-05-22 11:14:29
2026,2216,N,,2018,P,,SLEIVA,2026-06-19 09:07:08
2026,2213,N,,3529,P,,SLEIVA,2026-06-19 09:02:21
2026,2218,N,,3542,P,,SLEIVA,2026-06-19 09:13:37
2026,2215,N,,1478,P,,SLEIVA,2026-06-19 09:05:28
2026,2220,N,,1658,P,,SLEIVA,2026-06-19 09:15:30
2026,2217,N,,51101,P,,SLEIVA,2026-06-19 09:11:57
2026,2222,N,,3316,P,,SLEIVA,2026-06-19 09:20:49
2026,2219,N,,3220,P,,SLEIVA,2026-06-19 09:14:42
2026,2224,N,,2450,P,,SLEIVA,2026-06-19 09:28:25
2026,2221,N,,50003,P,,SLEIVA,2026-06-19 09:19:20
2026,2226,N,,50031,P,,SLEIVA,2026-06-19 09:36:36
2026,2223,N,,1315,P,,SLEIVA,2026-06-19 09:22:06
2026,2229,N,,3104,P,,SLEIVA,2026-06-19 10:08:38
2026,2225,N,,19,P,,SLEIVA,2026-06-19 09:33:43
2026,2235,N,,50008,P,,SLEIVA,2026-06-19 11:32:35
2026,2228,N,,50070,P,,SLEIVA,2026-06-19 10:07:23
2026,2237,N,,117,P,,SLEIVA,2026-06-19 11:44:43
2026,2233,N,,50033,P,,SLEIVA,2026-06-19 10:40:22
2026,2240,N,,1267,P,,SLEIVA,2026-06-19 11:58:33
2026,2236,N,,2801,P,,SLEIVA,2026-06-19 11:43:50
2026,2238,N,,2843,P,,SLEIVA,2026-06-19 11:51:56
2026,2404,N,,708,P,,RMENDEZ,2026-06-29 11:02:32
2026,2123,N,,167,P,,CDOPAZO,2026-06-10 12:05:40
2026,1451,N,,50031,P,,SLEIVA,2026-04-27 12:23:23
2026,2185,N,,441,P,,CDOPAZO,2026-06-18 08:59:45
2026,2113,N,,1235,P,,CDOPAZO,2026-06-10 09:56:33
2026,2184,N,,441,P,,CDOPAZO,2026-06-18 08:51:45
2026,2421,N,,866,P,,CDOPAZO,2026-06-30 12:18:04
2026,2420,N,,1876,P,,CDOPAZO,2026-06-30 12:04:36
2026,2505,N,,3165,P,,CDOPAZO,2026-07-06 08:45:27
2026,2510,N,,850,P,,CDOPAZO,2026-07-06 09:09:07
2026,2509,N,,2883,P,,CDOPAZO,2026-07-06 08:51:42
2026,2547,N,,313,P,,CDOPAZO,2026-07-07 11:14:31
2026,1024,N,,776,P,,SLEIVA,2026-03-25 10:45:26
2026,1026,N,,50002,P,,SLEIVA,2026-03-25 11:00:05
2026,1025,N,,50031,P,,SLEIVA,2026-03-25 10:48:13
2026,1084,N,,3180,P,,SLEIVA,2026-04-01 10:45:47
2026,1086,N,,50449,P,,SLEIVA,2026-04-06 07:52:56
2026,1082,N,,1394,P,,SLEIVA,2026-04-01 08:18:45
2026,1088,N,,50014,P,,SLEIVA,2026-04-06 07:55:05
2026,1085,N,,50015,P,,SLEIVA,2026-04-06 07:50:21
2026,1090,N,,50219,P,,SLEIVA,2026-04-06 08:00:09
2026,1087,N,,50012,P,,SLEIVA,2026-04-06 07:54:02
2026,1092,N,,3180,P,,SLEIVA,2026-04-06 10:05:04
2026,1089,N,,50283,P,,SLEIVA,2026-04-06 07:56:12
2026,1094,N,,50002,P,,SLEIVA,2026-04-06 10:07:09
2026,1091,N,,1578,P,,SLEIVA,2026-04-06 08:01:12
2026,1096,N,,3365,A,,SLEIVA,2026-04-06 11:08:23
2026,1093,N,,2337,P,,SLEIVA,2026-04-06 10:05:53
2026,1246,N,,1266,A,,CDOPAZO,2026-04-15 09:48:29
2026,1095,N,,50003,P,,SLEIVA,2026-04-06 11:05:26
2026,1244,N,,1266,A,,CDOPAZO,2026-04-15 09:38:29
2026,1097,N,,50008,P,,SLEIVA,2026-04-06 11:33:30
2026,2169,N,,51093,P,,SLEIVA,2026-06-17 08:59:26
2026,1245,N,,1266,A,,CDOPAZO,2026-04-15 09:46:29
2026,2171,A,2026-06-17 00:00:00,2330,P,,SLEIVA,2026-06-17 09:03:47
2026,1247,N,,1266,A,,CDOPAZO,2026-04-15 09:52:29
2026,2181,N,,50283,P,,SLEIVA,2026-06-17 11:39:39
2026,2170,A,2026-06-17 00:00:00,2330,P,,SLEIVA,2026-06-17 09:01:47
2026,2178,N,,2330,P,,SLEIVA,2026-06-17 11:22:19
2026,2172,N,,50002,P,,SLEIVA,2026-06-17 09:16:53
2026,2180,N,,2330,P,,SLEIVA,2026-06-17 11:27:17
2026,2441,N,,50063,P,,RMENDEZ,2026-07-02 09:52:25
2026,1282,N,,50002,P,,SLEIVA,2026-04-17 07:56:34
2026,1060,N,,50087,P,,GTEVEZ,2026-03-30 11:53:15
2026,1284,N,,2218,P,,SLEIVA,2026-04-17 08:00:49
2026,1061,N,,50087,P,,GTEVEZ,2026-03-30 11:56:59
2026,1286,N,,2584,P,,SLEIVA,2026-04-17 08:02:32
2026,1283,N,,1478,P,,SLEIVA,2026-04-17 07:59:48
2026,1288,N,,2086,P,,SLEIVA,2026-04-17 08:04:11
2026,1285,N,,2308,P,,SLEIVA,2026-04-17 08:01:45
2026,1290,N,,2835,P,,SLEIVA,2026-04-17 08:05:48
2026,1287,N,,875,P,,SLEIVA,2026-04-17 08:03:24
2026,1292,N,,2098,P,,SLEIVA,2026-04-17 08:07:32
2026,1289,N,,2109,P,,SLEIVA,2026-04-17 08:04:58
2026,1294,N,,3445,P,,SLEIVA,2026-04-17 08:10:02
2026,1291,N,,41,P,,SLEIVA,2026-04-17 08:06:51
2026,1296,N,,2107,P,,SLEIVA,2026-04-17 08:11:24
2026,1293,N,,53,P,,SLEIVA,2026-04-17 08:09:09
2026,1298,N,,1101,P,,SLEIVA,2026-04-17 08:12:52
2026,1295,N,,2309,P,,SLEIVA,2026-04-17 08:10:45
2026,1300,N,,2110,A,,SLEIVA,2026-04-17 08:15:02
2026,1297,N,,400,P,,SLEIVA,2026-04-17 08:12:09
2026,1302,N,,776,P,,SLEIVA,2026-04-17 08:21:59
2026,1299,N,,3336,P,,SLEIVA,2026-04-17 08:13:38
2026,1467,N,,3297,P,,GTEVEZ,2026-04-30 08:46:18
2026,1301,N,,2490,P,,SLEIVA,2026-04-17 08:18:07
2026,1303,N,,1810,P,,SLEIVA,2026-04-17 08:23:41
2026,1469,N,,5,P,,GTEVEZ,2026-04-30 08:52:39
2026,1471,N,,2804,P,,GTEVEZ,2026-04-30 08:57:13
2026,1468,N,,1213,P,,GTEVEZ,2026-04-30 08:49:25
2026,1473,N,,688,P,,GTEVEZ,2026-04-30 09:01:42
2026,1470,N,,2209,P,,GTEVEZ,2026-04-30 08:54:48
2026,1475,N,,3561,P,,GTEVEZ,2026-04-30 09:17:20
2026,1472,N,,1514,P,,GTEVEZ,2026-04-30 09:00:15
2026,1477,N,,3220,P,,GTEVEZ,2026-04-30 09:23:48
2026,1474,N,,3297,P,,GTEVEZ,2026-04-30 09:10:18
2026,1485,N,,1629,P,,GTEVEZ,2026-04-30 10:38:45
2026,1476,N,,1259,P,,GTEVEZ,2026-04-30 09:21:38
2026,1488,N,,50008,P,,GTEVEZ,2026-04-30 12:18:42
2026,1479,N,,776,P,,GTEVEZ,2026-04-30 09:29:41
2026,1490,N,,3287,P,,GTEVEZ,2026-04-30 12:27:33
2026,1487,N,,2753,P,,GTEVEZ,2026-04-30 11:20:58
2026,1849,N,,1468,P,,CDOPAZO,2026-05-27 08:17:13
2026,1489,N,,3287,P,,GTEVEZ,2026-04-30 12:26:38
2026,1858,N,,866,P,,CDOPAZO,2026-05-27 08:29:54
2026,1491,N,,3287,P,,GTEVEZ,2026-04-30 12:28:28
2026,1867,N,,2809,P,,CDOPAZO,2026-05-27 09:30:35
2026,1852,N,,2833,P,,CDOPAZO,2026-05-27 08:22:28
2026,1882,N,,1876,P,,CDOPAZO,2026-05-28 08:56:45
2026,1866,N,,2319,P,,CDOPAZO,2026-05-27 09:26:58
2026,1884,N,,3368,P,,CDOPAZO,2026-05-28 09:02:02
2026,1873,N,,2400,P,,CDOPAZO,2026-05-28 07:38:53
2026,2369,N,,3287,P,,CDOPAZO,2026-06-26 07:53:36
2026,1883,N,,1242,P,,CDOPAZO,2026-05-28 08:59:53
2026,2100,N,,413,P,,CDOPAZO,2026-06-09 12:35:50
2026,2089,N,,1879,P,,CDOPAZO,2026-06-09 10:20:43
2026,2643,N,,3569,P,,CDOPAZO,2026-07-15 11:28:12
2026,2368,N,,2747,P,,CDOPAZO,2026-06-26 07:52:09
2026,2714,N,,51021,P,,SLEIVA,2026-07-20 09:42:48
2026,2391,N,,1573,P,,CDOPAZO,2026-06-26 10:48:34
2026,2711,N,,51093,P,,SLEIVA,2026-07-20 09:40:28
2026,2719,N,,50072,P,,SLEIVA,2026-07-20 10:28:19
2026,2473,N,,3509,P,,RMENDEZ,2026-07-03 08:44:20
2026,1058,N,,50036,P,,RMENDEZ,2026-03-30 11:18:00
2026,1059,N,,50063,P,,RMENDEZ,2026-03-30 11:34:10
2026,2022,N,,50003,P,,GTEVEZ,2026-06-05 07:47:09
2026,2020,N,,2636,P,,GTEVEZ,2026-06-05 07:42:33
2026,2024,N,,2636,P,,GTEVEZ,2026-06-05 07:51:15
2026,2021,N,,776,P,,GTEVEZ,2026-06-05 07:43:50
2026,2026,N,,2869,P,,GTEVEZ,2026-06-05 07:57:50
2026,2023,N,,3494,P,,GTEVEZ,2026-06-05 07:48:34
2026,2028,N,,1603,P,,GTEVEZ,2026-06-05 08:43:57
2026,2025,N,,2636,P,,GTEVEZ,2026-06-05 07:54:48
2026,2030,N,,248,P,,GTEVEZ,2026-06-05 08:47:31
2026,2027,N,,50053,P,,GTEVEZ,2026-06-05 08:00:22
2026,2032,N,,3208,P,,GTEVEZ,2026-06-05 08:50:03
2026,2029,N,,71,P,,GTEVEZ,2026-06-05 08:46:30
2026,2035,N,,1514,P,,GTEVEZ,2026-06-05 10:10:26
2026,2031,N,,2302,P,,GTEVEZ,2026-06-05 08:48:43
2026,2037,N,,3075,P,,GTEVEZ,2026-06-05 10:52:45
2026,2033,N,,41,P,,GTEVEZ,2026-06-05 08:52:12
2026,2039,N,,2843,P,,GTEVEZ,2026-06-05 11:34:51
2026,2036,N,,50496,P,,GTEVEZ,2026-06-05 10:49:35
2026,2041,N,,3514,P,,GTEVEZ,2026-06-05 11:38:08
2026,2038,N,,3516,P,,GTEVEZ,2026-06-05 11:33:33
2026,2043,N,,2473,P,,GTEVEZ,2026-06-05 11:39:42
2026,2040,A,2026-06-05 00:00:00,2110,P,,GTEVEZ,2026-06-05 11:36:59
2026,2162,N,,3322,P,,CDOPAZO,2026-06-16 11:59:45
2026,2042,N,,1864,P,,GTEVEZ,2026-06-05 11:38:54
2026,2160,N,,3564,P,,CDOPAZO,2026-06-16 09:57:13
2026,2044,N,,3573,P,,GTEVEZ,2026-06-05 11:48:10
2026,2556,N,,285,P,,CDOPAZO,2026-07-08 08:11:48
2026,2548,N,,50925,P,,RMENDEZ,2026-07-07 11:38:22
2026,1039,N,,2969,P,,SLEIVA,2026-03-27 08:39:36
2026,1037,N,,1119,P,,RMENDEZ,2026-03-26 09:49:58
2026,1117,N,,3337,P,,SLEIVA,2026-04-08 09:30:21
2026,1038,N,,300,P,,RMENDEZ,2026-03-26 09:57:25
2026,1115,N,,2109,P,,SLEIVA,2026-04-08 09:24:27
2026,1040,N,,2969,P,,SLEIVA,2026-03-27 08:40:22
2026,1121,N,,2427,P,,SLEIVA,2026-04-08 09:57:01
2026,1116,N,,1810,P,,SLEIVA,2026-04-08 09:26:28
2026,1120,N,,2330,A,,SLEIVA,2026-04-08 09:52:17
2026,1118,A,2026-04-08 00:00:00,2330,A,,SLEIVA,2026-04-08 09:32:30
2026,1123,N,,2869,P,,SLEIVA,2026-04-08 10:14:40
2026,1125,N,,50072,P,,SLEIVA,2026-04-08 10:20:17
2026,1122,N,,2330,P,,SLEIVA,2026-04-08 10:12:10
2026,1124,N,,3365,A,,SLEIVA,2026-04-08 10:18:32
2026,1841,N,,33,P,,RMENDEZ,2026-05-26 10:24:44
2026,1126,N,,2330,P,,SLEIVA,2026-04-08 10:21:55
2026,1460,N,,50363,P,,GTEVEZ,2026-04-29 07:50:11
2026,1458,N,,3177,P,,GTEVEZ,2026-04-29 07:38:07
2026,1466,N,,50162,P,,GTEVEZ,2026-04-29 12:32:13
2026,1459,N,,50283,P,,GTEVEZ,2026-04-29 07:43:27
2026,2046,N,,50342,P,,SLEIVA,2026-06-05 14:06:02
2026,1465,N,,1001,P,,GTEVEZ,2026-04-29 11:53:39
2026,1528,N,,2369,P,,CDOPAZO,2026-05-05 10:33:30
2026,2365,N,,50162,P,,CDOPAZO,2026-06-25 13:29:40
2026,1914,N,,3180,P,,CDOPAZO,2026-05-29 13:33:04
2026,1577,N,,51100,P,,GTEVEZ,2026-05-07 11:43:40
2026,1922,N,,3336,P,,SLEIVA,2026-06-01 08:19:38
2026,1913,N,,2251,P,,CDOPAZO,2026-05-29 13:31:50
2026,1924,N,,160,P,,SLEIVA,2026-06-01 08:21:40
2026,1921,N,,875,P,,SLEIVA,2026-06-01 08:18:49
2026,1926,N,,2878,P,,SLEIVA,2026-06-01 08:23:47
2026,1923,N,,3220,P,,SLEIVA,2026-06-01 08:20:39
2026,1928,N,,789,P,,SLEIVA,2026-06-01 08:25:21
2026,1925,N,,3163,P,,SLEIVA,2026-06-01 08:22:40
2026,1930,N,,2525,P,,SLEIVA,2026-06-01 08:35:15
2026,1927,N,,877,P,,SLEIVA,2026-06-01 08:24:32
2026,1935,N,,50036,P,,SLEIVA,2026-06-01 10:01:44
2026,1929,N,,50219,P,,SLEIVA,2026-06-01 08:27:59
2026,1937,N,,216,P,,SLEIVA,2026-06-01 10:26:19
2026,1934,N,,216,P,,SLEIVA,2026-06-01 09:54:56
2026,2183,N,,50023,P,,RMENDEZ,2026-06-18 08:14:30
2026,1936,N,,50008,P,,SLEIVA,2026-06-01 10:03:34
2026,1940,N,,216,P,,SLEIVA,2026-06-01 11:09:28
2026,1938,A,2026-06-01 00:00:00,216,P,,SLEIVA,2026-06-01 10:28:39
2026,2210,N,,50023,P,,RMENDEZ,2026-06-18 11:49:27
2026,2187,N,,707,P,Fidelidad Costa,RMENDEZ,2026-06-18 09:36:17
2026,2450,N,,3516,P,,GTEVEZ,2026-07-03 07:58:14
2026,1455,N,,90,P,,CDOPAZO,2026-04-28 08:29:15
2026,2452,N,,3332,P,,GTEVEZ,2026-07-03 08:03:33
2026,2449,N,,50053,P,,GTEVEZ,2026-07-03 07:56:44
2026,2454,N,,50280,P,,GTEVEZ,2026-07-03 08:11:58
2026,2451,N,,1825,P,,GTEVEZ,2026-07-03 08:00:22
2026,2459,N,,2032,P,,GTEVEZ,2026-07-03 08:27:07
2026,2453,N,,50031,P,,GTEVEZ,2026-07-03 08:07:40
2026,2462,A,2026-07-03 00:00:00,3455,P,,GTEVEZ,2026-07-03 08:30:46
2026,2455,N,,3542,P,,GTEVEZ,2026-07-03 08:16:03
2026,2464,N,,3492,P,,GTEVEZ,2026-07-03 08:33:23
2026,2460,N,,3514,P,,GTEVEZ,2026-07-03 08:29:11
2026,2466,A,2026-07-03 00:00:00,3033,P,,GTEVEZ,2026-07-03 08:35:50
2026,2463,A,2026-07-03 00:00:00,3454,P,,GTEVEZ,2026-07-03 08:31:51
2026,2468,N,,3361,P,,GTEVEZ,2026-07-03 08:37:58
2026,2465,N,,3228,P,,GTEVEZ,2026-07-03 08:34:27
2026,2471,N,,3338,P,,GTEVEZ,2026-07-03 08:40:12
2026,2467,N,,3440,P,,GTEVEZ,2026-07-03 08:36:49
2026,2474,N,,3034,P,,GTEVEZ,2026-07-03 08:45:15
2026,2469,A,2026-07-03 00:00:00,2704,P,,GTEVEZ,2026-07-03 08:38:58
2026,2476,N,,3240,P,,GTEVEZ,2026-07-03 08:47:58
2026,2472,N,,2473,P,,GTEVEZ,2026-07-03 08:41:37
2026,2479,N,,50109,P,,GTEVEZ,2026-07-03 09:09:22
2026,2475,N,,2812,P,,GTEVEZ,2026-07-03 08:46:49
2026,2481,N,,50326,P,,GTEVEZ,2026-07-03 09:38:32
2026,2477,N,,51080,P,,GTEVEZ,2026-07-03 08:55:59
2026,2480,N,,50105,P,,GTEVEZ,2026-07-03 09:22:32
2026,2483,N,,625,P,,GTEVEZ,2026-07-03 09:51:16
2026,2488,N,,3454,P,,GTEVEZ,2026-07-03 10:38:49
2026,2482,A,2026-07-03 00:00:00,50236,P,,GTEVEZ,2026-07-03 09:44:56
2026,2485,N,,50236,P,,GTEVEZ,2026-07-03 10:11:23
2026,2484,A,2026-07-03 00:00:00,50101,P,,GTEVEZ,2026-07-03 10:02:38
2026,2486,N,,2704,P,,GTEVEZ,2026-07-03 10:35:35
2026,2491,N,,3455,P,,GTEVEZ,2026-07-03 10:53:31
2026,2487,N,,3453,P,,GTEVEZ,2026-07-03 10:37:09
2026,2493,N,,3470,P,,GTEVEZ,2026-07-03 10:55:50
2026,2489,N,,3033,P,,GTEVEZ,2026-07-03 10:41:15
2026,2502,N,,1259,P,,GTEVEZ,2026-07-06 07:54:25
2026,2492,N,,1864,P,,GTEVEZ,2026-07-03 10:54:42
2026,2504,N,,50003,P,,GTEVEZ,2026-07-06 08:39:40
2026,2500,N,,216,P,,GTEVEZ,2026-07-03 12:20:33
2026,2507,N,,3577,P,,GTEVEZ,2026-07-06 08:47:26
2026,2503,N,,2810,P,,GTEVEZ,2026-07-06 07:56:20
2026,2511,N,,51109,P,,GTEVEZ,2026-07-06 10:51:55
2026,2506,N,,216,P,,GTEVEZ,2026-07-06 08:45:53
2026,2508,N,,2216,P,,GTEVEZ,2026-07-06 08:48:25
2026,1184,N,,50058,P,,CDOPAZO,2026-04-10 09:15:23
2026,1182,N,,50084,P,,CDOPAZO,2026-04-10 09:09:28
2026,1186,N,,707,P,,CDOPAZO,2026-04-10 09:28:56
2026,1183,N,,50010,P,,CDOPAZO,2026-04-10 09:12:26
2026,1450,N,,33,P,,RMENDEZ,2026-04-27 12:20:44
2026,1185,N,,50062,P,,CDOPAZO,2026-04-10 09:17:40
2026,1449,N,,33,P,,RMENDEZ,2026-04-27 12:17:17
2026,1190,N,,50465,P,,CDOPAZO,2026-04-10 10:26:15
2026,1688,N,,193,P,,RMENDEZ,2026-05-13 10:54:49
2026,1690,N,,193,P,,RMENDEZ,2026-05-13 10:58:47
2026,1680,N,,50087,P,,RMENDEZ,2026-05-13 08:30:04
2026,1695,N,,1809,P,,RMENDEZ,2026-05-13 11:39:38
2026,1689,N,,193,P,,RMENDEZ,2026-05-13 10:55:25
2026,1692,N,,193,P,,RMENDEZ,2026-05-13 11:08:17
2026,1691,A,2026-05-13 00:00:00,193,P,,RMENDEZ,2026-05-13 10:59:51
2026,1699,N,,50087,P,,RMENDEZ,2026-05-13 13:00:25
2026,1830,N,,33,P,,RMENDEZ,2026-05-22 09:55:28
2026,1696,N,,708,P,,RMENDEZ,2026-05-13 11:40:17
2026,1833,N,,33,P,,RMENDEZ,2026-05-22 12:04:37
2026,1828,N,,33,P,,RMENDEZ,2026-05-22 09:41:05
2026,2309,N,,1289,P,,CDOPAZO,2026-06-24 08:37:48
2026,1831,N,,50023,P,,RMENDEZ,2026-05-22 10:45:45
2026,2591,A,2026-07-13 00:00:00,2450,P,,CDOPAZO,2026-07-13 12:33:59
2026,2277,N,,1259,P,,CDOPAZO,2026-06-22 10:04:44
2026,2335,N,,2675,P,,CDOPAZO,2026-06-24 10:34:02
2026,1323,N,,87,P,,CDOPAZO,2026-04-20 10:22:29
2026,1321,N,,3165,P,,CDOPAZO,2026-04-20 10:08:30
2026,2151,N,,50496,P,,GTEVEZ,2026-06-16 07:51:56
2026,1322,N,,285,P,,CDOPAZO,2026-04-20 10:12:50
2026,2153,N,,2308,P,,GTEVEZ,2026-06-16 07:56:34
2026,2150,N,,51043,P,,GTEVEZ,2026-06-16 07:50:27
2026,2155,N,,2835,P,,GTEVEZ,2026-06-16 07:58:44
2026,2152,N,,2109,P,,GTEVEZ,2026-06-16 07:55:00
2026,2157,N,,441,P,,GTEVEZ,2026-06-16 08:23:49
2026,2154,N,,53,P,,GTEVEZ,2026-06-16 07:57:44
2026,2437,N,,2400,P,,CDOPAZO,2026-07-01 11:33:00
2026,2156,N,,2969,P,,GTEVEZ,2026-06-16 07:59:54
2026,2158,N,,441,P,,GTEVEZ,2026-06-16 08:26:56
2026,2448,N,,163,P,,CDOPAZO,2026-07-02 11:30:31
2026,1067,N,,186,P,,SLEIVA,2026-03-31 08:38:27
2026,1064,N,,50036,P,,SLEIVA,2026-03-31 08:19:20
2026,1070,N,,3395,P,,SLEIVA,2026-03-31 08:42:04
2026,1066,N,,875,P,,SLEIVA,2026-03-31 08:36:49
2026,1809,N,,50054,P,,GTEVEZ,2026-05-21 07:59:15
2026,1069,N,,21352,P,,SLEIVA,2026-03-31 08:40:52
2026,1811,N,,1879,P,,GTEVEZ,2026-05-21 08:07:21
2026,1074,N,,1879,P,,SLEIVA,2026-03-31 08:53:59
2026,1815,N,,1879,P,,GTEVEZ,2026-05-21 10:46:49
2026,1810,N,,160,P,,GTEVEZ,2026-05-21 08:02:26
2026,2242,N,,2498,P,,CDOPAZO,2026-06-19 13:40:17
2026,1812,N,,1066,P,,GTEVEZ,2026-05-21 09:44:44
2026,1816,N,,17,P,,GTEVEZ,2026-05-21 11:00:10
2026,2669,N,,879,P,,CDOPAZO,2026-07-16 09:24:11
2026,1079,N,,50087,P,,RMENDEZ,2026-03-31 10:50:26
2026,1077,N,,193,P,,RMENDEZ,2026-03-31 10:43:46
2026,1081,N,,50051,P,,RMENDEZ,2026-03-31 10:59:14
2026,1078,N,,50063,P,,RMENDEZ,2026-03-31 10:48:40
2026,2399,N,,50553,P,,GTEVEZ,2026-06-29 10:21:32
2026,1080,N,,50052,P,,RMENDEZ,2026-03-31 10:55:58
2026,2401,N,,1765,P,,GTEVEZ,2026-06-29 10:49:56
2026,2398,N,,612,P,,GTEVEZ,2026-06-29 10:19:56
2026,2403,N,,2105,P,,GTEVEZ,2026-06-29 10:52:44
2026,2400,N,,1514,P,,GTEVEZ,2026-06-29 10:22:56
2026,2402,N,,3316,P,,GTEVEZ,2026-06-29 10:51:43
2026,1457,N,,517,P,,GTEVEZ,2026-04-28 12:12:07
2026,1452,N,,604,P,,GTEVEZ,2026-04-28 07:46:16
2026,2161,N,,50008,P,,RMENDEZ,2026-06-16 10:38:39
2026,1456,N,,2001,P,,GTEVEZ,2026-04-28 12:02:14
2026,2230,N,,2209,P,,CDOPAZO,2026-06-19 10:27:03
2026,2159,N,,50023,P,,RMENDEZ,2026-06-16 09:14:08
2026,2232,N,,2209,P,,CDOPAZO,2026-06-19 10:29:30
2026,2227,N,,2209,P,,CDOPAZO,2026-06-19 09:45:59
2026,2241,N,,707,P,,CDOPAZO,2026-06-19 13:23:12
2026,2231,N,,2209,P,,CDOPAZO,2026-06-19 10:28:03
2026,2413,N,,50087,P,,RMENDEZ,2026-06-30 09:13:52
2026,2234,N,,1692,P,,CDOPAZO,2026-06-19 10:49:49
2026,2415,N,,50074,P,,RMENDEZ,2026-06-30 10:29:36
2026,2410,N,,50087,P,,RMENDEZ,2026-06-30 08:32:47
2026,2417,N,,50052,P,,RMENDEZ,2026-06-30 10:43:02
2026,2414,N,,50087,P,,RMENDEZ,2026-06-30 09:24:25
2026,2419,N,,50087,P,,RMENDEZ,2026-06-30 11:34:58
2026,2416,N,,50051,P,,RMENDEZ,2026-06-30 10:38:20
2026,2418,N,,50063,P,,RMENDEZ,2026-06-30 11:27:40
2026,2422,N,,50087,P,,RMENDEZ,2026-06-30 13:02:00
2026,1705,N,,3296,P,,SLEIVA,2026-05-14 08:15:01
2026,1703,N,,19,P,,SLEIVA,2026-05-14 08:13:11
2026,1707,N,,2595,P,,SLEIVA,2026-05-14 08:19:29
2026,1704,N,,160,P,,SLEIVA,2026-05-14 08:14:08
2026,1752,N,,879,P,,GTEVEZ,2026-05-18 07:56:06
2026,1706,N,,1259,P,,SLEIVA,2026-05-14 08:18:24
2026,1758,N,,51102,P,,GTEVEZ,2026-05-18 08:00:23
2026,1749,N,,2878,P,,GTEVEZ,2026-05-18 07:53:31
2026,1765,A,2026-05-18 00:00:00,50002,P,,GTEVEZ,2026-05-18 09:53:30
2026,1756,N,,50551,P,,GTEVEZ,2026-05-18 07:58:00
2026,1903,N,,50087,P,,RMENDEZ,2026-05-29 09:36:31
2026,1759,N,,50553,P,,GTEVEZ,2026-05-18 08:02:47
2026,1893,N,,50087,P,,RMENDEZ,2026-05-29 09:01:47
2026,1917,N,,5,P,,GTEVEZ,2026-06-01 08:14:07
2026,1919,N,,2804,P,,GTEVEZ,2026-06-01 08:16:33
2026,1904,N,,50087,P,,RMENDEZ,2026-05-29 09:40:38
2026,1931,N,,650,P,,GTEVEZ,2026-06-01 09:15:57
2026,1918,N,,2410,P,,GTEVEZ,2026-06-01 08:15:26
2026,1985,N,,2310,P,,GTEVEZ,2026-06-04 07:59:08
2026,1920,N,,2695,P,,GTEVEZ,2026-06-01 08:17:45
2026,1987,N,,3218,P,,GTEVEZ,2026-06-04 08:04:07
2026,1941,N,,2078,P,,GTEVEZ,2026-06-01 11:27:25
2026,1990,N,,50003,P,,GTEVEZ,2026-06-04 08:11:28
2026,1986,N,,2521,P,,GTEVEZ,2026-06-04 08:00:44
2026,1992,N,,3542,P,,GTEVEZ,2026-06-04 08:13:49
2026,1989,N,,717,P,,GTEVEZ,2026-06-04 08:06:49
2026,1994,N,,3561,P,,GTEVEZ,2026-06-04 08:16:49
2026,1991,N,,1825,P,,GTEVEZ,2026-06-04 08:12:40
2026,1996,N,,2310,P,,GTEVEZ,2026-06-04 08:20:25
2026,1993,N,,2151,P,,GTEVEZ,2026-06-04 08:15:47
2026,1998,N,,2354,P,,GTEVEZ,2026-06-04 08:23:25
2026,1995,N,,2325,P,,GTEVEZ,2026-06-04 08:18:23
2026,2000,N,,3361,P,,GTEVEZ,2026-06-04 08:52:44
2026,1997,N,,50003,P,,GTEVEZ,2026-06-04 08:22:15
2026,2002,N,,3240,P,,GTEVEZ,2026-06-04 08:55:04
2026,1999,N,,50014,P,,GTEVEZ,2026-06-04 08:26:38
2026,2004,N,,3228,P,,GTEVEZ,2026-06-04 08:59:12
2026,2001,N,,2032,P,,GTEVEZ,2026-06-04 08:53:47
2026,2006,N,,3338,P,,GTEVEZ,2026-06-04 09:01:45
2026,2003,N,,3455,P,,GTEVEZ,2026-06-04 08:56:45
2026,2008,N,,3440,P,,GTEVEZ,2026-06-04 09:04:04
2026,2005,N,,3033,P,,GTEVEZ,2026-06-04 09:00:57
2026,2010,N,,3034,P,,GTEVEZ,2026-06-04 09:06:33
2026,2007,N,,3027,P,,GTEVEZ,2026-06-04 09:03:07
2026,2012,N,,3454,P,,GTEVEZ,2026-06-04 09:10:55
2026,2009,N,,3492,P,,GTEVEZ,2026-06-04 09:05:41
2026,2014,N,,2812,P,,GTEVEZ,2026-06-04 09:13:48
2026,2011,N,,1825,P,,GTEVEZ,2026-06-04 09:07:39
2026,2016,N,,2704,P,,GTEVEZ,2026-06-04 09:15:47
2026,2013,N,,3438,P,,GTEVEZ,2026-06-04 09:12:54
2026,2307,N,,717,P,,GTEVEZ,2026-06-24 08:25:17
2026,2015,N,,3453,P,,GTEVEZ,2026-06-04 09:14:48
2026,2311,N,,1629,P,,GTEVEZ,2026-06-24 08:47:36
2026,2306,N,,50283,P,,GTEVEZ,2026-06-24 08:18:57
2026,2316,N,,2450,P,,GTEVEZ,2026-06-24 08:51:26
2026,2308,N,,2627,P,,GTEVEZ,2026-06-24 08:36:12
2026,2321,N,,1078,P,,GTEVEZ,2026-06-24 08:56:10
2026,2314,N,,3556,P,,GTEVEZ,2026-06-24 08:49:22
2026,2324,N,,2159,P,,GTEVEZ,2026-06-24 09:00:27
2026,2318,N,,117,P,,GTEVEZ,2026-06-24 08:53:34
2026,2326,N,,1658,P,,GTEVEZ,2026-06-24 09:02:45
2026,2323,N,,688,P,,GTEVEZ,2026-06-24 08:58:25
2026,2329,N,,1259,P,,GTEVEZ,2026-06-24 09:05:37
2026,2325,N,,413,P,,GTEVEZ,2026-06-24 09:01:38
2026,2428,N,,50057,P,,RMENDEZ,2026-07-01 09:41:28
2026,2327,N,,3296,P,,GTEVEZ,2026-06-24 09:03:51
2026,2575,N,,50290,P,,SLEIVA,2026-07-13 08:29:22
2026,2330,N,,17,P,,GTEVEZ,2026-06-24 09:07:19
2026,2581,N,,50283,P,,SLEIVA,2026-07-13 08:38:51
2026,2572,N,,50384,P,,SLEIVA,2026-07-13 08:27:07
2026,2583,N,,50219,P,,SLEIVA,2026-07-13 08:43:52
2026,2580,N,,50015,P,,SLEIVA,2026-07-13 08:37:45
2026,2582,N,,50014,P,,SLEIVA,2026-07-13 08:39:54
2026,2720,N,,3238,P,,CDOPAZO,2026-07-20 10:55:02
2026,1431,N,,5,P,,GTEVEZ,2026-04-27 08:08:24
2026,1412,N,,50087,P,,RMENDEZ,2026-04-24 08:19:13
2026,1434,N,,1603,P,,GTEVEZ,2026-04-27 08:14:23
2026,1425,N,,1489,P,,RMENDEZ,2026-04-24 11:04:08
2026,1437,N,,1658,A,,GTEVEZ,2026-04-27 08:19:23
2026,1432,N,,879,P,,GTEVEZ,2026-04-27 08:12:06
2026,1439,A,2026-04-27 00:00:00,1259,P,,GTEVEZ,2026-04-27 08:26:56
2026,1436,N,,2525,P,,GTEVEZ,2026-04-27 08:17:12
2026,1441,A,2026-04-29 00:00:00,50370,P,,GTEVEZ,2026-04-27 08:35:43
2026,1438,N,,3395,P,,GTEVEZ,2026-04-27 08:20:59
2026,1440,N,,1259,P,,GTEVEZ,2026-04-27 08:31:27
2026,1443,N,,3322,P,,GTEVEZ,2026-04-27 10:02:42
2026,2528,A,2026-07-07 00:00:00,50199,P,,SLEIVA,2026-07-07 08:23:08
2026,1442,N,,3184,P,,GTEVEZ,2026-04-27 08:39:33
2026,2525,N,,50198,P,,SLEIVA,2026-07-07 08:14:59
2026,2531,N,,50287,P,,SLEIVA,2026-07-07 08:31:22
2026,2534,N,,50169,P,,SLEIVA,2026-07-07 08:38:56
2026,2530,N,,50105,P,,SLEIVA,2026-07-07 08:28:34
2026,2536,N,,625,P,,SLEIVA,2026-07-07 08:50:59
2026,2533,N,,50344,P,,SLEIVA,2026-07-07 08:37:06
2026,2539,N,,50101,P,,SLEIVA,2026-07-07 08:57:38
2026,2535,N,,50236,P,,SLEIVA,2026-07-07 08:43:54
2026,2542,N,,50278,P,,SLEIVA,2026-07-07 09:08:13
2026,2538,N,,50393,P,,SLEIVA,2026-07-07 08:55:14
2026,2544,N,,50386,P,,SLEIVA,2026-07-07 09:28:47
2026,2541,N,,50274,P,,SLEIVA,2026-07-07 09:05:43
2026,2543,N,,50109,P,,SLEIVA,2026-07-07 09:14:21
2026,1385,N,,3543,P,,GTEVEZ,2026-04-23 08:44:49
2026,1324,N,,50087,P,,RMENDEZ,2026-04-20 11:09:22
2026,1387,N,,282,P,,GTEVEZ,2026-04-23 09:19:16
2026,1370,N,,50003,P,,GTEVEZ,2026-04-22 09:11:43
2026,1389,N,,2595,P,,GTEVEZ,2026-04-23 09:35:03
2026,1386,N,,3336,P,,GTEVEZ,2026-04-23 09:14:26
2026,1391,N,,1658,A,,GTEVEZ,2026-04-23 09:55:09
2026,1388,N,,1658,A,,GTEVEZ,2026-04-23 09:25:24
2026,1395,N,,1514,P,,GTEVEZ,2026-04-23 10:08:42
2026,1390,N,,2843,P,,GTEVEZ,2026-04-23 09:40:19
2026,1397,N,,2538,P,,GTEVEZ,2026-04-23 10:14:45
2026,1392,N,,2306,P,,GTEVEZ,2026-04-23 10:00:13
2026,1403,N,,1001,P,,GTEVEZ,2026-04-23 10:44:49
2026,1396,N,,688,P,,GTEVEZ,2026-04-23 10:11:02
2026,1405,N,,300,P,,GTEVEZ,2026-04-23 10:56:09
2026,1398,N,,1658,A,,GTEVEZ,2026-04-23 10:16:41
2026,1798,N,,313,P,,GTEVEZ,2026-05-20 08:07:50
2026,1404,N,,300,P,,GTEVEZ,2026-04-23 10:54:30
2026,1800,N,,2325,P,,GTEVEZ,2026-05-20 08:34:13
2026,1406,N,,300,P,,GTEVEZ,2026-04-23 11:01:04
2026,1802,N,,2674,P,,GTEVEZ,2026-05-20 08:39:01
2026,1799,N,,71,P,,GTEVEZ,2026-05-20 08:22:15
2026,1804,N,,2735,P,,GTEVEZ,2026-05-20 08:41:49
2026,1801,N,,2558,P,,GTEVEZ,2026-05-20 08:37:09
2026,1806,N,,50506,P,,GTEVEZ,2026-05-20 09:07:20
2026,1803,N,,3573,P,,GTEVEZ,2026-05-20 08:40:27
2026,1905,N,,285,P,,CDOPAZO,2026-05-29 09:41:55
2026,1805,N,,50496,P,,GTEVEZ,2026-05-20 08:43:38
2026,2094,N,,752,P,,RMENDEZ,2026-06-09 11:31:04
2026,1902,N,,850,P,,CDOPAZO,2026-05-29 09:35:11
2026,2097,N,,50925,P,,RMENDEZ,2026-06-09 11:34:09
2026,1906,N,,1440,P,,CDOPAZO,2026-05-29 09:49:03
2026,2676,N,,90,P,,GTEVEZ,2026-07-17 08:23:05
2026,2096,N,,50023,P,,RMENDEZ,2026-06-09 11:31:59
2026,2678,N,,68,P,,GTEVEZ,2026-07-17 08:26:30
2026,2674,N,,2450,P,,GTEVEZ,2026-07-17 08:19:22
2026,2680,N,,3395,P,,GTEVEZ,2026-07-17 08:30:04
2026,2677,N,,2219,P,,GTEVEZ,2026-07-17 08:25:08
2026,2683,N,,50003,P,,GTEVEZ,2026-07-17 09:10:42
2026,2679,N,,3336,P,,GTEVEZ,2026-07-17 08:28:48
2026,2685,N,,707,P,,GTEVEZ,2026-07-17 09:14:08
2026,2681,N,,50070,P,,GTEVEZ,2026-07-17 08:33:40
2026,2695,N,,2098,P,,GTEVEZ,2026-07-17 11:54:17
2026,2684,N,,50002,P,,GTEVEZ,2026-07-17 09:12:13
2026,2697,N,,53,P,,GTEVEZ,2026-07-17 11:56:04
2026,2686,N,,50002,P,,GTEVEZ,2026-07-17 09:31:16
2026,2700,N,,869,P,,GTEVEZ,2026-07-17 11:59:04
2026,2696,N,,2584,P,,GTEVEZ,2026-07-17 11:55:08
2026,2702,N,,2838,P,,GTEVEZ,2026-07-17 12:01:39
2026,2699,N,,2986,P,,GTEVEZ,2026-07-17 11:58:09
2026,2704,N,,3483,P,,GTEVEZ,2026-07-17 12:03:25
2026,2701,N,,1101,P,,GTEVEZ,2026-07-17 12:00:39
2026,2703,N,,3177,P,,GTEVEZ,2026-07-17 12:02:32
2026,1496,N,,50012,P,,GTEVEZ,2026-05-04 08:16:13
2026,1492,N,,50553,P,,GTEVEZ,2026-05-04 08:04:26
2026,1494,N,,3297,P,,GTEVEZ,2026-05-04 08:09:02
2026,1493,N,,50496,P,,GTEVEZ,2026-05-04 08:05:44
2026,1498,N,,50031,P,,GTEVEZ,2026-05-04 08:30:34
2026,1495,N,,50286,P,,GTEVEZ,2026-05-04 08:11:36
2026,1500,N,,50072,P,,GTEVEZ,2026-05-04 08:52:55
2026,1497,N,,2454,P,,GTEVEZ,2026-05-04 08:19:25
2026,1499,N,,50072,P,,GTEVEZ,2026-05-04 08:51:23
2026,1502,N,,50031,P,,GTEVEZ,2026-05-04 10:23:57
2026,1764,N,,50063,P,,RMENDEZ,2026-05-18 09:52:05
2026,1501,N,,3330,P,,GTEVEZ,2026-05-04 08:54:57
2026,1768,N,,708,P,,RMENDEZ,2026-05-18 10:09:42
2026,1503,N,,3568,P,,GTEVEZ,2026-05-04 10:26:00
2026,1793,N,,50023,P,,RMENDEZ,2026-05-19 09:51:10
2026,1767,N,,2549,P,,RMENDEZ,2026-05-18 10:08:51
2026,2425,N,,3390,P,,GTEVEZ,2026-07-01 08:04:36
2026,1792,N,,50023,P,,RMENDEZ,2026-05-19 09:42:02
2026,2427,N,,345,P,,GTEVEZ,2026-07-01 08:36:40
2026,2424,N,,2142,P,,GTEVEZ,2026-07-01 08:02:20
2026,2430,N,,50059,P,,GTEVEZ,2026-07-01 10:29:43
2026,2426,N,,50136,P,,GTEVEZ,2026-07-01 08:32:58
2026,2432,N,,50064,P,,GTEVEZ,2026-07-01 10:37:28
2026,2429,N,,50465,P,,GTEVEZ,2026-07-01 10:22:25
2026,2434,N,,50010,P,,GTEVEZ,2026-07-01 11:05:24
2026,2431,N,,50065,P,,GTEVEZ,2026-07-01 10:31:03
2026,2436,N,,50058,P,,GTEVEZ,2026-07-01 11:07:52
2026,2433,N,,50056,P,,GTEVEZ,2026-07-01 10:40:46
2026,2435,N,,50062,P,,GTEVEZ,2026-07-01 11:06:32
2026,1630,N,,879,P,,GTEVEZ,2026-05-12 08:14:45
2026,1587,N,,1890,A,,CDOPAZO,2026-05-08 09:12:23
2026,1628,N,,879,P,,GTEVEZ,2026-05-12 08:04:31
2026,1592,N,,163,P,,CDOPAZO,2026-05-08 09:26:37
2026,1632,N,,612,P,,GTEVEZ,2026-05-12 08:26:41
2026,1629,N,,3537,P,,GTEVEZ,2026-05-12 08:09:08
2026,1634,N,,3208,P,,GTEVEZ,2026-05-12 08:33:59
2026,1631,N,,875,P,,GTEVEZ,2026-05-12 08:21:52
2026,1636,N,,2142,P,,GTEVEZ,2026-05-12 08:37:11
2026,1633,N,,171,P,,GTEVEZ,2026-05-12 08:28:12
2026,1638,N,,1267,P,,GTEVEZ,2026-05-12 08:40:00
2026,1635,N,,3395,P,,GTEVEZ,2026-05-12 08:35:18
2026,1641,N,,2098,P,,GTEVEZ,2026-05-12 08:42:47
2026,1637,N,,3122,P,,GTEVEZ,2026-05-12 08:38:39
2026,1645,N,,2513,P,,GTEVEZ,2026-05-12 08:44:34
2026,1639,N,,50002,P,,GTEVEZ,2026-05-12 08:41:17
2026,1649,N,,3445,P,,GTEVEZ,2026-05-12 08:48:09
2026,1643,N,,53,P,,GTEVEZ,2026-05-12 08:43:43
2026,1653,N,,2086,P,,GTEVEZ,2026-05-12 08:50:45
2026,1647,N,,2109,P,,GTEVEZ,2026-05-12 08:46:00
2026,1659,N,,400,P,,GTEVEZ,2026-05-12 08:54:35
2026,1651,N,,2107,P,,GTEVEZ,2026-05-12 08:49:45
2026,1658,N,,2308,P,,GTEVEZ,2026-05-12 08:53:34
2026,1655,N,,2835,P,,GTEVEZ,2026-05-12 08:52:11
2026,1663,N,,50031,P,,GTEVEZ,2026-05-12 09:36:55
2026,2375,N,,2133,P,,GTEVEZ,2026-06-26 08:07:33
2026,1660,N,,1578,P,,GTEVEZ,2026-05-12 08:55:23
2026,2380,N,,400,P,,GTEVEZ,2026-06-26 08:23:05
2026,2372,N,,3287,P,,GTEVEZ,2026-06-26 08:01:54
2026,2382,N,,2986,P,,GTEVEZ,2026-06-26 08:27:55
2026,2376,N,,3287,P,,GTEVEZ,2026-06-26 08:09:50
2026,2384,N,,3038,P,,GTEVEZ,2026-06-26 10:27:19
2026,2381,N,,2584,P,,GTEVEZ,2026-06-26 08:23:56
2026,2386,N,,3540,P,,GTEVEZ,2026-06-26 10:29:36
2026,2383,N,,41,P,,GTEVEZ,2026-06-26 08:29:09
2026,2388,N,,3567,P,,GTEVEZ,2026-06-26 10:44:12
2026,2385,N,,1810,P,,GTEVEZ,2026-06-26 10:28:26
2026,2390,N,,1179,P,,GTEVEZ,2026-06-26 10:47:47
2026,2387,N,,1810,P,,GTEVEZ,2026-06-26 10:33:32
2026,2393,N,,1514,P,,GTEVEZ,2026-06-26 10:51:01
2026,2389,N,,1078,P,,GTEVEZ,2026-06-26 10:46:06
2026,2512,N,,50074,P,,RMENDEZ,2026-07-06 10:55:10
2026,2392,N,,3336,P,,GTEVEZ,2026-06-26 10:49:16
2026,2594,N,,50496,P,,GTEVEZ,2026-07-14 08:12:20
2026,2423,N,,50003,P,,SLEIVA,2026-07-01 07:33:26
2026,2596,N,,2110,P,,GTEVEZ,2026-07-14 08:15:16
2026,2513,N,,708,P,,RMENDEZ,2026-07-06 11:07:42
2026,2598,N,,1578,P,,GTEVEZ,2026-07-14 08:19:33
2026,2595,N,,3075,P,,GTEVEZ,2026-07-14 08:14:04
2026,2600,N,,3558,P,,GTEVEZ,2026-07-14 08:22:40
2026,2597,N,,3356,P,,GTEVEZ,2026-07-14 08:18:26
2026,2602,N,,5,P,,GTEVEZ,2026-07-14 08:25:05
2026,2599,N,,3537,P,,GTEVEZ,2026-07-14 08:21:04
2026,2604,N,,845,P,,GTEVEZ,2026-07-14 08:27:40
2026,2601,N,,2403,P,,GTEVEZ,2026-07-14 08:24:08
2026,2607,N,,3226,P,,GTEVEZ,2026-07-14 08:30:01
2026,2603,N,,19,P,,GTEVEZ,2026-07-14 08:26:30
2026,2613,N,,3552,P,,GTEVEZ,2026-07-14 10:37:23
2026,2605,N,,3482,P,,GTEVEZ,2026-07-14 08:28:49
2026,2615,N,,216,P,,GTEVEZ,2026-07-14 11:10:39
2026,2608,N,,1578,P,,GTEVEZ,2026-07-14 08:34:00
2026,2618,N,,1206,P,,GTEVEZ,2026-07-14 11:14:14
2026,2614,N,,2770,P,,GTEVEZ,2026-07-14 10:39:31
2026,2616,N,,50003,P,,GTEVEZ,2026-07-14 11:12:52
2026,1694,N,,685,P,,GTEVEZ,2026-05-13 11:38:57
2026,1685,N,,771,P,,GTEVEZ,2026-05-13 10:13:05
2026,1698,N,,2299,P,,GTEVEZ,2026-05-13 11:41:32
2026,1693,N,,1977,P,,GTEVEZ,2026-05-13 11:37:46
2026,1697,N,,2810,P,,GTEVEZ,2026-05-13 11:40:27
2026,2175,N,,2330,P,,CDOPAZO,2026-06-17 10:44:14
2026,2168,A,2026-06-17 00:00:00,2330,P,,CDOPAZO,2026-06-17 08:56:33
2026,1380,N,,1440,P,,CDOPAZO,2026-04-22 10:55:36
2026,1191,N,,50074,P,,RMENDEZ,2026-04-10 10:42:03
2026,1461,N,,50008,P,,RMENDEZ,2026-04-29 09:59:28
2026,1193,N,,50925,P,,RMENDEZ,2026-04-10 11:10:21
2026,1463,N,,50087,P,,RMENDEZ,2026-04-29 10:54:37
2026,1381,N,,1876,P,,CDOPAZO,2026-04-22 11:01:43
2026,1462,N,,50087,P,,RMENDEZ,2026-04-29 10:11:33
2026,1504,N,,169,P,,GTEVEZ,2026-05-05 08:05:41
2026,1506,N,,2337,P,,GTEVEZ,2026-05-05 08:08:32
2026,1464,N,,708,P,,RMENDEZ,2026-04-29 10:55:13
2026,1508,N,,169,P,,GTEVEZ,2026-05-05 08:14:20
2026,1505,N,,1547,P,,GTEVEZ,2026-05-05 08:07:04
2026,1510,N,,3568,P,,GTEVEZ,2026-05-05 08:17:04
2026,1507,N,,1112,P,,GTEVEZ,2026-05-05 08:11:40
2026,1512,N,,51014,P,,GTEVEZ,2026-05-05 08:20:06
2026,1509,N,,2151,P,,GTEVEZ,2026-05-05 08:15:39
2026,1516,N,,822,P,,GTEVEZ,2026-05-05 08:25:34
2026,1511,N,,1494,P,,GTEVEZ,2026-05-05 08:18:48
2026,1514,N,,428,P,,GTEVEZ,2026-05-05 08:22:50
2026,1513,N,,2403,P,,GTEVEZ,2026-05-05 08:21:11
2026,1518,N,,21,A,,GTEVEZ,2026-05-05 08:28:40
2026,1515,N,,2310,P,,GTEVEZ,2026-05-05 08:24:21
2026,1521,N,,50056,P,,GTEVEZ,2026-05-05 08:53:19
2026,1517,N,,3570,P,,GTEVEZ,2026-05-05 08:27:15
2026,1525,N,,50058,P,,GTEVEZ,2026-05-05 09:46:32
2026,1520,N,,50059,P,,GTEVEZ,2026-05-05 08:51:02
2026,1522,N,,50003,P,,GTEVEZ,2026-05-05 09:01:38
2026,1527,N,,50062,P,,GTEVEZ,2026-05-05 09:52:08
2026,1523,N,,50003,P,,GTEVEZ,2026-05-05 09:16:12
2026,1744,N,,50051,A,,RMENDEZ,2026-05-15 10:37:49
2026,1526,N,,50010,P,,GTEVEZ,2026-05-05 09:49:33
2026,1933,N,,3184,P,,CDOPAZO,2026-06-01 09:43:56
2026,1733,N,,50087,P,,RMENDEZ,2026-05-15 08:25:20
2026,1984,N,,2337,P,,SLEIVA,2026-06-03 12:51:26
2026,1745,N,,50052,A,,RMENDEZ,2026-05-15 10:42:14
2026,1982,N,,50008,P,,SLEIVA,2026-06-03 10:45:25
2026,2394,N,,33,P,,RMENDEZ,2026-06-26 10:59:15
2026,2239,N,,708,P,,RMENDEZ,2026-06-19 11:57:06
2026,1702,N,,1514,P,,GTEVEZ,2026-05-14 08:12:42
2026,1700,N,,655,P,,GTEVEZ,2026-05-14 08:03:09
2026,1711,N,,195,P,,GTEVEZ,2026-05-14 08:24:57
2026,1701,N,,2627,P,,GTEVEZ,2026-05-14 08:09:48
2026,1713,N,,3482,P,,GTEVEZ,2026-05-14 08:28:54
2026,1708,N,,50031,P,,GTEVEZ,2026-05-14 08:21:03
2026,1716,N,,2593,P,,GTEVEZ,2026-05-14 08:32:32
2026,1712,N,,2595,P,,GTEVEZ,2026-05-14 08:26:28
2026,1718,N,,803,P,,GTEVEZ,2026-05-14 08:36:08
2026,1714,N,,3503,A,,GTEVEZ,2026-05-14 08:30:00
2026,1720,N,,2810,P,,GTEVEZ,2026-05-14 08:38:18
2026,1717,N,,5,P,,GTEVEZ,2026-05-14 08:34:55
2026,1722,N,,1578,P,,GTEVEZ,2026-05-14 08:40:43
2026,1719,N,,3336,P,,GTEVEZ,2026-05-14 08:37:13
2026,1726,N,,2753,P,,GTEVEZ,2026-05-14 09:50:14
2026,1721,N,,1658,P,,GTEVEZ,2026-05-14 08:39:27
2026,2694,N,,313,P,,SLEIVA,2026-07-17 11:48:09
2026,1725,N,,2228,P,,GTEVEZ,2026-05-14 09:48:25
2026,2673,N,,50011,P,,SLEIVA,2026-07-17 08:18:41
2026,2705,N,,2969,P,,SLEIVA,2026-07-17 12:27:28
2026,2675,N,,2299,P,,SLEIVA,2026-07-17 08:22:09
2026,2708,N,,3038,P,,SLEIVA,2026-07-17 12:48:18
2026,2698,N,,50008,P,,SLEIVA,2026-07-17 11:56:11
2026,2707,N,,2078,P,,SLEIVA,2026-07-17 12:47:13
2026,2709,N,,3540,P,,SLEIVA,2026-07-17 12:49:26
2026,1056,A,2026-03-30 00:00:00,50063,P,,SLEIVA,2026-03-30 08:24:18
2026,1054,A,2026-03-30 00:00:00,50087,P,,SLEIVA,2026-03-30 07:56:24
2026,2068,N,,50060,P,,SLEIVA,2026-06-09 08:20:08
2026,1055,A,2026-03-30 00:00:00,50063,P,,SLEIVA,2026-03-30 08:11:56
2026,1062,N,,5090,P,,SLEIVA,2026-03-30 12:20:56
2026,1057,N,,50008,P,,SLEIVA,2026-03-30 10:32:34
2026,2061,N,,3516,P,,SLEIVA,2026-06-09 07:41:58
2026,2088,N,,50002,P,,SLEIVA,2026-06-09 10:11:50
2026,2062,N,,50010,P,,SLEIVA,2026-06-09 07:43:57
2026,2091,N,,51082,P,,SLEIVA,2026-06-09 11:23:47
2026,2087,N,,50072,P,,SLEIVA,2026-06-09 09:48:17
2026,2093,N,,2593,P,,SLEIVA,2026-06-09 11:26:24
2026,2090,N,,2470,P,,SLEIVA,2026-06-09 11:03:48
2026,2092,N,,2450,P,,SLEIVA,2026-06-09 11:24:46
2026,2098,N,,413,P,,SLEIVA,2026-06-09 12:21:42
2026,2095,N,,2410,P,,SLEIVA,2026-06-09 11:31:11
2026,2099,N,,413,P,,SLEIVA,2026-06-09 12:25:31
2026,1529,N,,50063,P,,RMENDEZ,2026-05-05 11:56:25
2026,1519,N,,50057,P,,RMENDEZ,2026-05-05 08:41:58
2026,1897,N,,3208,P,,GTEVEZ,2026-05-29 09:27:46
2026,1524,N,,50087,P,,RMENDEZ,2026-05-05 09:30:04
2026,1899,N,,3552,P,,GTEVEZ,2026-05-29 09:32:04
2026,1896,N,,688,P,,GTEVEZ,2026-05-29 09:24:34
2026,1901,N,,2142,P,,GTEVEZ,2026-05-29 09:34:22
2026,1898,N,,2410,P,,GTEVEZ,2026-05-29 09:28:30
2026,2243,N,,50363,P,,SLEIVA,2026-06-22 07:46:53
2026,1900,N,,1754,P,,GTEVEZ,2026-05-29 09:33:40
2026,2245,N,,50449,P,,SLEIVA,2026-06-22 07:52:19
2026,1907,N,,51082,P,,GTEVEZ,2026-05-29 11:21:47
2026,2269,N,,2525,P,,SLEIVA,2026-06-22 09:11:18
2026,2244,N,,50280,P,,SLEIVA,2026-06-22 07:49:34
2026,2272,N,,50129,P,,SLEIVA,2026-06-22 09:38:45
2026,2265,N,,50278,P,,SLEIVA,2026-06-22 09:06:29
2026,2274,N,,479,P,,SLEIVA,2026-06-22 09:43:34
2026,2271,N,,50431,P,,SLEIVA,2026-06-22 09:16:20
2026,2276,N,,51076,P,,SLEIVA,2026-06-22 09:49:51
2026,2273,N,,50306,P,,SLEIVA,2026-06-22 09:40:43
2026,2282,N,,625,P,,SLEIVA,2026-06-22 10:52:12
2026,2275,N,,50328,P,,SLEIVA,2026-06-22 09:46:00
2026,2284,A,2026-06-22 00:00:00,50560,P,,SLEIVA,2026-06-22 11:04:14
2026,2281,N,,50236,P,,SLEIVA,2026-06-22 10:48:25
2026,2286,N,,50311,P,,SLEIVA,2026-06-22 11:28:39
2026,2283,N,,50169,P,,SLEIVA,2026-06-22 10:53:57
2026,2291,N,,50344,P,,SLEIVA,2026-06-22 12:53:58
2026,2285,N,,50384,P,,SLEIVA,2026-06-22 11:06:43
2026,2288,N,,50560,P,,SLEIVA,2026-06-22 12:11:43
2026,2287,N,,50105,P,,SLEIVA,2026-06-22 11:54:48
2026,1044,N,,33,P,,GTEVEZ,2026-03-27 09:00:57
2026,1041,N,,33,P,,GTEVEZ,2026-03-27 08:52:29
2026,1046,N,,33,P,,GTEVEZ,2026-03-27 09:05:40
2026,1042,N,,33,P,,GTEVEZ,2026-03-27 08:55:07
2026,1048,N,,50031,P,,GTEVEZ,2026-03-27 09:38:28
2026,1045,N,,50922,P,,GTEVEZ,2026-03-27 09:03:01
2026,1050,N,,51095,P,,GTEVEZ,2026-03-27 11:28:33
2026,1047,N,,33,P,,GTEVEZ,2026-03-27 09:08:25
2026,1582,N,,50053,P,,GTEVEZ,2026-05-08 09:04:23
2026,1049,N,,2218,P,,GTEVEZ,2026-03-27 09:45:59
2026,1311,N,,866,P,,CDOPAZO,2026-04-17 12:20:50
2026,1051,N,,1977,P,,GTEVEZ,2026-03-27 11:29:47
2026,1393,N,,141,P,,SLEIVA,2026-04-23 10:01:51
2026,1312,N,,1468,P,,CDOPAZO,2026-04-17 12:22:30
2026,1400,N,,50011,P,,SLEIVA,2026-04-23 10:25:00
2026,1394,N,,2627,P,,SLEIVA,2026-04-23 10:08:09
2026,1584,N,,50496,P,,GTEVEZ,2026-05-08 09:07:58
2026,1401,N,,50553,P,,SLEIVA,2026-04-23 10:25:53
2026,1586,N,,1348,A,,GTEVEZ,2026-05-08 09:12:05
2026,1583,N,,50553,P,,GTEVEZ,2026-05-08 09:06:40
2026,1589,N,,1063,P,,GTEVEZ,2026-05-08 09:19:53
2026,1585,N,,1879,P,,GTEVEZ,2026-05-08 09:09:56
2026,1591,N,,169,P,,GTEVEZ,2026-05-08 09:23:41
2026,1588,N,,1879,P,,GTEVEZ,2026-05-08 09:14:57
2026,1590,N,,3521,P,,GTEVEZ,2026-05-08 09:21:38
2026,1669,N,,1608,P,,SLEIVA,2026-05-13 08:14:49
2026,1075,N,,2421,P,,SLEIVA,2026-03-31 09:51:33
2026,1671,N,,50015,P,,SLEIVA,2026-05-13 08:17:32
2026,1076,N,,3441,P,,SLEIVA,2026-03-31 09:52:33
2026,1673,N,,650,P,,SLEIVA,2026-05-13 08:19:35
2026,1670,N,,50031,P,,SLEIVA,2026-05-13 08:16:13
2026,1675,N,,2578,P,,SLEIVA,2026-05-13 08:23:04
2026,1672,N,,50014,P,,SLEIVA,2026-05-13 08:18:38
2026,1677,N,,3356,P,,SLEIVA,2026-05-13 08:25:12
2026,1674,N,,436,P,,SLEIVA,2026-05-13 08:21:18
2026,1679,N,,2595,P,,SLEIVA,2026-05-13 08:29:32
2026,1676,N,,2490,P,,SLEIVA,2026-05-13 08:23:51
2026,1683,N,,50020,P,,SLEIVA,2026-05-13 09:02:59
2026,1678,N,,1078,P,,SLEIVA,2026-05-13 08:27:45
2026,1686,N,,50072,P,,SLEIVA,2026-05-13 10:19:14
2026,1681,N,,50072,P,,SLEIVA,2026-05-13 08:41:18
2026,1684,N,,50008,P,,SLEIVA,2026-05-13 09:32:54
2026,1687,N,,51093,P,,SLEIVA,2026-05-13 10:37:04
2026,1595,N,,3226,P,,GTEVEZ,2026-05-08 09:29:46
2026,1593,N,,1527,P,,GTEVEZ,2026-05-08 09:27:24
2026,1598,N,,300,P,,GTEVEZ,2026-05-08 09:33:09
2026,1594,N,,3552,P,,GTEVEZ,2026-05-08 09:28:31
2026,1600,N,,2450,P,,GTEVEZ,2026-05-08 09:37:34
2026,1597,N,,1578,P,,GTEVEZ,2026-05-08 09:30:53
2026,1603,N,,1810,P,,GTEVEZ,2026-05-08 09:42:54
2026,1599,N,,85,P,,GTEVEZ,2026-05-08 09:36:12
2026,1605,N,,3537,P,,GTEVEZ,2026-05-08 09:46:27
2026,1601,N,,57,P,,GTEVEZ,2026-05-08 09:41:25
2026,1607,N,,125,P,,GTEVEZ,2026-05-08 09:50:37
2026,1604,N,,3558,P,,GTEVEZ,2026-05-08 09:44:40
2026,1609,N,,86,P,,GTEVEZ,2026-05-08 12:05:45
2026,1606,N,,51096,P,,GTEVEZ,2026-05-08 09:48:09
2026,1844,N,,3452,P,,GTEVEZ,2026-05-27 08:02:43
2026,1608,N,,3233,P,,GTEVEZ,2026-05-08 12:04:42
2026,1846,A,2026-05-27 00:00:00,167,P,,GTEVEZ,2026-05-27 08:08:17
2026,1610,N,,1810,P,,GTEVEZ,2026-05-08 12:07:39
2026,1848,N,,395,P,,GTEVEZ,2026-05-27 08:16:08
2026,1845,N,,3502,P,,GTEVEZ,2026-05-27 08:04:47
2026,1847,N,,167,P,,GTEVEZ,2026-05-27 08:12:11
2026,1851,N,,50003,P,,GTEVEZ,2026-05-27 08:21:28
2026,1854,N,,2299,P,,GTEVEZ,2026-05-27 08:24:40
2026,1850,N,,717,P,,GTEVEZ,2026-05-27 08:17:42
2026,1856,N,,791,P,,GTEVEZ,2026-05-27 08:27:45
2026,1853,N,,3075,P,,GTEVEZ,2026-05-27 08:23:21
2026,1859,N,,117,P,,GTEVEZ,2026-05-27 08:31:32
2026,1855,N,,85,P,,GTEVEZ,2026-05-27 08:25:45
2026,1861,N,,19,P,,GTEVEZ,2026-05-27 08:33:54
2026,1857,N,,1754,P,,GTEVEZ,2026-05-27 08:28:47
2026,1863,N,,3552,P,,GTEVEZ,2026-05-27 08:36:40
2026,1860,N,,3075,P,,GTEVEZ,2026-05-27 08:32:54
2026,1865,N,,300,P,,GTEVEZ,2026-05-27 08:40:07
2026,1862,N,,2110,P,,GTEVEZ,2026-05-27 08:35:19
2026,1864,N,,2299,P,,GTEVEZ,2026-05-27 08:38:27
2026,1682,N,,2377,A,,CDOPAZO,2026-05-13 08:42:23
2026,1399,N,,850,P,,CDOPAZO,2026-04-23 10:24:20
2026,1843,N,,50283,P,,SLEIVA,2026-05-26 12:14:03
2026,1402,N,,345,P,,CDOPAZO,2026-04-23 10:39:21
2026,1842,N,,51093,P,,SLEIVA,2026-05-26 12:05:55
2026,1372,N,,2450,P,,SLEIVA,2026-04-22 09:21:00
2026,1369,N,,3529,A,,SLEIVA,2026-04-22 08:23:39
2026,1374,N,,3177,P,,SLEIVA,2026-04-22 09:24:11
2026,1371,N,,160,P,,SLEIVA,2026-04-22 09:18:44
2026,1376,N,,50023,P,,SLEIVA,2026-04-22 09:50:25
2026,1373,N,,2986,P,,SLEIVA,2026-04-22 09:22:32
2026,1375,N,,50023,P,,SLEIVA,2026-04-22 09:42:08
