EJERCICIO,UNI_COMPRA,NRO_OC,NRO_ADJUD,FECH_OC,LUG_EMI,COD_PROV,COD_LUG_ENT,FECH_ENTREGA,ESTADO_OC,TIPO_DOC_APROB,NRO_DOC_APROB,ANIO_DOC_APROB,CONFIRMADO,FECH_CONFIRM,CANT_IMPRES,FECH_ANUL,MOTIVO_ANUL,OBSERVACIONES,IMPORTE_TOT,COND_PAGO,DESC_COND_PAGO,OC_DIFERIDO
2026,1,533,533,2026-02-02 00:00:00,GMADA,2627,2,,R,SUM,499,2026,S,2026-02-02 00:00:00,1,,,SANTA PAULA- PRESUPUESTO N° 0001-00002167 DESDE EL 14/01 al 21/01/26,28000.0,000115,,N
2026,1,578,578,2026-02-05 00:00:00,GMADA,436,3,,R,SUM,559,2026,S,2026-02-05 00:00:00,1,,,"PROV. BAIGORRIA LORENZO PRESUP.03/02/2026 PARCHES Y REPARACIONES  DE CUBIERTAS PARA: EPK06,CII58,CII59,LED013,LED010,XNE245,UYW682,BNA17,ASZ490,BMV14,BGZ45.",1339000.0,000115,,N
2026,1,534,534,2026-02-02 00:00:00,GMADA,688,25,,R,SUM,515,2026,S,2026-02-02 00:00:00,1,,,"Baterias La Primera, presupuesto 6310 (JCH 069)",10000.0,000115,,N
2026,1,535,535,2026-02-02 00:00:00,GMADA,2627,2,,R,SUM,519,2026,S,2026-02-02 00:00:00,1,,,SANTA PAULA- PRESUPUESTO N° 0001-00002171 - DESDE EL 23/01/26 AL 30/01/26,30000.0,000115,,N
2026,1,589,589,2026-02-09 00:00:00,GMADA,635,1,,R,SUM,612,2026,S,2026-02-09 00:00:00,1,,,Escudero Sergio Fabián,285000.0,000115,,N
2026,1,579,579,2026-02-05 00:00:00,GMADA,300,3,,R,SUM,561,2026,S,2026-02-05 00:00:00,1,,,"PROV.SILVIA MAISTEGUI PRESUP.5929 ARTICULOS DE FERRETERIA PARA CAMION OOI617,Y ARREGLOS EN CORRALON",234453.0,000115,,N
2026,1,580,580,2026-02-05 00:00:00,GMADA,826,3,,R,SUM,566,2026,S,2026-02-05 00:00:00,1,,,PROV. DUENDE AZUL PRESUP.2641 COMISION A LA PLATA POR REPUESTOS,65000.0,000115,,N
2026,1,582,582,2026-02-05 00:00:00,GMADA,1266,PLANT,,R,SUM,585,2026,S,2026-02-05 00:00:00,2,,,"RENOVACION DE ABONO DE ALARMAS,1° CUATRIMESTRE, EXPTE. 20/2025 Abono 6149 Galpones de Planta de Resiclado.",236800.0,000115,,N
2026,1,586,586,2026-02-09 00:00:00,GMADA,2109,1,,R,SUM,598,2026,S,2026-02-09 00:00:00,1,,,Gomez Alberto Daniel,40000.0,000115,,N
2026,1,590,590,2026-02-09 00:00:00,GMADA,635,21,,R,SUM,613,2026,S,2026-02-09 00:00:00,1,,,Escudero Sergio Fabián,140000.0,000115,,N
2026,1,592,592,2026-02-09 00:00:00,GMADA,441,26,,R,SUM,572,2026,S,2026-02-09 00:00:00,1,,,CORRESPONDE PRESUPUESTO N° 0002-00003858/0002-00003859/0002-00003863/00003868/0002-00003865 - MATIENZO PAOLA A.,296235.93,000115,,N
2026,1,594,594,2026-02-09 00:00:00,GMADA,2770,2,,R,SUM,570,2026,S,2026-02-09 00:00:00,2,,,PRESUPUESTO 803 MARTIN FERNANDO,1751500.0,000115,,N
2026,1,621,621,2026-02-12 00:00:00,GMADA,3481,5,,R,SUM,681,2026,S,2026-02-12 00:00:00,1,,,PATRICIO DANIEL CASTRO   PROVEEDOR 3481  CARNAVAL 2026  EXPTE 224/26,840000.0,000115,,N
2026,1,622,622,2026-02-12 00:00:00,GMADA,2991,5,,R,SUM,679,2026,S,2026-02-12 00:00:00,1,,,SIP EVENTOS CARNAVAL 2026  PRESUPUESTO N° 3097    EX´PTE 224/26,1400000.0,000115,,N
2026,1,624,624,2026-02-12 00:00:00,GMADA,1477,35,,R,SUM,701,2026,S,2026-02-12 00:00:00,2,,,Exp.:699/25 Sol. Reparaciones p/ Oficina de Medio Ambiente - Prov.:Solari Federico - Presup.:Contrato,3500000.0,000115,,N
2026,1,640,640,2026-02-13 00:00:00,GMADA,3177,5,,A,SUM,643,2026,S,2026-02-13 00:00:00,1,2026-02-26 00:00:00,NO,GUSTAVO ADOLFO FARIAS,1800000.0,000010,,N
2026,1,639,639,2026-02-13 00:00:00,GMADA,2674,9,,R,SUM,719,2026,S,2026-02-13 00:00:00,1,,,Expte 129/26 Edición de Rally pagos del Tuyo 2026.Sodor Pablo,504900.0,000029,,N
2026,1,644,644,2026-02-13 00:00:00,GMADA,1977,6,,R,PRESU,7390,2026,S,2026-02-13 00:00:00,5,,,"PRESUPUESTO 0001-00007390, ZMG ARGENTINA",815489.79,000000,,N
2026,1,653,653,2026-02-13 00:00:00,GMADA,167,2,,R,PRESU,77,2026,S,2026-02-13 00:00:00,1,,,"""TODO POLLO"" GONZALO A BUSTAMANTE. PRESUPUESTO Nº 77.COCINA HOSPITAL. SEMANA DEL 2 DE FEBRERO AL 8 DE FEBRERO.",491550.0,000000,,N
2026,1,775,775,2026-02-24 00:00:00,GMADA,1962,1,,R,SUM,806,2026,S,2026-02-24 00:00:00,1,,,Escobar Juan Carlos,140000.0,000115,,N
2026,1,776,776,2026-02-24 00:00:00,GMADA,1514,3,,R,SUM,774,2026,S,2026-02-24 00:00:00,3,,,PROV. CASA ELICEIRY PRESUP.23/02/2026 ACEITES Y LUBRICANTES PARA FLOTA VEHICULAR DE ESTA SECRETARIA,2343000.0,000115,,N
2026,1,777,777,2026-02-24 00:00:00,GMADA,2525,1,,R,SUM,811,2026,S,2026-02-24 00:00:00,3,,,Asociacion de Bomberos Voluntarios.Expte129-2026,10500000.0,000115,,N
2026,1,784,784,2026-02-25 00:00:00,GMADA,2869,CASA,,R,SUM,781,2026,S,2026-02-25 00:00:00,1,,,"PRESUPUESTO N° X 0001-00000980 de ""MADA POY S.A."" Taller de cocina",17990.0,000115,,N
2026,1,785,785,2026-02-25 00:00:00,GMADA,68,4,,R,SUM,743,2026,S,2026-02-25 00:00:00,2,,,"PRESUPUESTO N° X 7390245  de Peyrano, Sergio de ""ATMÓSFERICO LA PRIMERA""",990000.0,000115,,N
2026,1,786,786,2026-02-25 00:00:00,GMADA,2869,2,,R,SUM,791,2026,S,2026-02-25 00:00:00,1,,,MADA POY - PRESUPUESTO N° 1-966 SEMANA DEL 23/01/26 AL 30/01/2026,1310844.0,000115,,N
2026,1,787,787,2026-02-25 00:00:00,GMADA,2869,2,,R,SUM,792,2026,S,2026-02-25 00:00:00,1,,,MADA POY - PRESUPUESTO N° 1-978 SEMANA DEL 02/02/26 AL 09/02/26,1035799.0,000115,,N
2026,1,788,788,2026-02-25 00:00:00,GMADA,2869,H.ANC,,R,SUM,790,2026,S,2026-02-25 00:00:00,2,,,MADA POY - PRESUPUESTO 1-965 SEMANA DEL 16/01/26 AL 22/01/26,1780668.0,000115,,N
2026,1,833,833,2026-02-27 00:00:00,GMADA,2708,2,,R,SUM,817,2026,S,2026-02-27 00:00:00,2,,,PRESUPUESTO 74562 INSTITUTO RADIOLOGICO S.R.L PACIENTE BIGORITO  MILAGROS CATALINA,76472.0,000115,,N
2026,1,834,834,2026-02-27 00:00:00,GMADA,441,13,,R,SUM,807,2026,S,2026-02-27 00:00:00,1,,,ALPA- PRESUPUESTO N° 0002-00003869,8000.0,000115,,N
2026,1,835,835,2026-02-27 00:00:00,GMADA,3220,25,,R,SUM,827,2026,S,2026-02-27 00:00:00,1,,,"Ricciuto, presupuesto 023 (AE331 IY)",600000.0,000115,,N
2026,1,837,837,2026-02-27 00:00:00,GMADA,441,25,,R,SUM,821,2026,S,2026-02-27 00:00:00,1,,,"Papelera Alpa, presupuesto 3874 (inspeccion)",45749.7,000115,,N
2026,1,838,838,2026-02-27 00:00:00,GMADA,3220,25,,R,SUM,822,2026,S,2026-02-27 00:00:00,1,,,"Ricciuto, presupuesto 0022 (AB038FH)",600000.0,000115,,N
2026,1,839,839,2026-02-27 00:00:00,GMADA,2330,8,,R,SUM,820,2026,S,2026-02-27 00:00:00,2,,,PROV.COMBUSTIBLE DEL SALADO- SEC PRODUCCION- PREVISION,38160.0,000115,,N
2026,1,379,380,2026-01-21 00:00:00,GMADA,3495,17,,R,PRESU,19544,2026,S,2026-01-21 00:00:00,1,,,PROV. VIVERO GRANADOS PEDIDO NRO19544 PINO PARA PALACIO MUNICIPAL,425000.0,000000,,N
2026,1,303,303,2026-01-19 00:00:00,GMADA,2330,8,,R,SUM,328,2026,S,2026-01-19 00:00:00,2,,,PROV. COMBUSTIBLE DEL SALADO- SEC PRODUCCION- PREVISION,100394.37,000115,,N
2026,1,304,304,2026-01-19 00:00:00,GMADA,2627,2,,R,SUM,314,2026,S,2026-01-19 00:00:00,1,,,SANTA PAULA- PRESUPUESTO N° 0001-00002166 (COCINA) DESDE EL 13/01/26 AL 20/01/26,33000.0,000115,,N
2026,1,306,306,2026-01-19 00:00:00,GMADA,1259,13,,R,SUM,315,2026,S,2026-01-19 00:00:00,1,,,ELECTRO DANNUNZIO. SUC DE DANNUNZIO JORGE N. PRESUPUESTO Nº 00029883.BROMATOLOGIA.,30152.16,000115,,N
2026,1,308,308,2026-01-19 00:00:00,GMADA,2209,2,,R,SUM,313,2026,S,2026-01-19 00:00:00,1,,,DURANTE JAVIER- PRESUPUESTO N° 0001-00000835 (HOGAR DE ANCIANOS) DESDE EL 29/11/25 AL 29/12/25,2060593.67,000115,,N
2026,1,310,310,2026-01-19 00:00:00,GMADA,2209,2,,R,SUM,318,2026,S,2026-01-19 00:00:00,1,,,DURANTE JAVIER- PRESUPUESTO N° 0001-00000836 (COCINA) DESDE EL 2/12/25 AL 02/01/26,1258064.12,000115,,N
2026,1,328,328,2026-01-19 00:00:00,GMADA,3439,JARDM,,R,SUM,371,2026,S,2026-01-19 00:00:00,2,,,"Expte N° 141/2026 Contrato: Lopéz, María Manuela - Acompañante terapéutico - No cumple con el Art. 45 de la Ley 14.656",2042870.4,000115,,N
2026,1,409,409,2026-01-23 00:00:00,GMADA,1514,3,,R,PRESU,0,2026,S,2026-01-23 00:00:00,3,,,PROV. CASA ELICEIRY GAS OIL PARA  MAQUIANAS DE PREDIO DISPOSICION FINAL DE RESIDUSO RUTA 11 KM 405.5,4700898.0,000000,,N
2026,1,406,406,2026-01-22 00:00:00,GMADA,195,25,,R,PRESU,202645,2026,S,2026-01-22 00:00:00,4,,,"Casa Blanco, presuouesto 202645 (Centro de Monitoreo-tecnica)",307168.55,000000,,N
2026,1,407,407,2026-01-22 00:00:00,GMADA,297,DEFCI,,R,PRESU,29045,2026,S,2026-01-22 00:00:00,2,,,PROV. RAFAEL BOBINO Y CIA PRESUP.29045  HERBICIDA PARA ESAPACIOS PUBLICOS,645980.0,000000,,N
2026,1,408,408,2026-01-22 00:00:00,GMADA,2222,8,,R,PRESU,0,2026,S,2026-01-22 00:00:00,1,,,PROV. ESPONDABURU PEDRO HORACIO- SEC PRODUCCION,1875000.0,000000,,N
2026,1,576,576,2026-02-05 00:00:00,GMADA,2988,9,,R,SUM,574,2026,S,2026-02-05 00:00:00,1,,,PRESUPUESTO COTTINI CARLOS MARTIN - 5 MILLAS NOCTURNAS,850000.0,000115,,N
2026,1,840,840,2026-02-27 00:00:00,GMADA,360,CONTR,,R,SUM,825,2026,S,2026-02-27 00:00:00,1,,,"PRESUPUESTO 046, LOMBERA CARLOS",25000.0,000115,,N
2026,1,854,854,2026-03-04 00:00:00,GMADA,2843,4,,R,PRESU,6926954,2026,S,2026-03-04 00:00:00,2,,,"PRESUPUESTO N º X 6926954 de Rost, Tamara de ""FRUTERIA NEGRIN"" Plan Alimentario 2026",2187500.0,000000,,N
2026,1,841,841,2026-02-27 00:00:00,GMADA,2209,6,,R,SUM,824,2026,S,2026-02-27 00:00:00,1,,,"Durante Javier ,presupuesto 0001-00000853",120004.4,000115,,N
2026,1,850,850,2026-03-03 00:00:00,GMADA,3482,8,,R,PRESU,0,2026,S,2026-03-03 00:00:00,1,,, PROV. MARC ALICIA BEATRIZ - PRESUP. 03/03/2026- SEC PRODUCCION-,400000.0,000000,,N
2026,1,855,855,2026-03-04 00:00:00,GMADA,313,3,,R,PRESU,0,2026,S,2026-03-04 00:00:00,1,,,PROV. ATREUCO PUEL COMBUSTIBLE PARA MAQUINAS Y VEHICULOS DE ESTA SECRETARIA,8000000.0,000000,,N
2026,1,856,856,2026-03-04 00:00:00,GMADA,3296,CASA,,R,PRESU,3595,2026,S,2026-03-04 00:00:00,3,,,"PRESUPUESTO N° 0003-00003595 de ""PINTURERIA CONCEPTO S. CAP I"" Para pintar frente de la Casa del Adolescente",68767.02,000000,,N
2026,1,857,857,2026-03-04 00:00:00,GMADA,71,TURIS,,R,PRESU,15272,2026,S,2026-03-04 00:00:00,1,,,Campo y ciudad. presupuesto 15272.,7000.0,000000,,N
2026,1,858,858,2026-03-04 00:00:00,GMADA,441,1,,R,PRESU,3884,2026,S,2026-03-04 00:00:00,1,,,Presupuesto N° 0002-00003884   Proveedor Matienzo Paola,1575.0,000000,,N
2026,1,859,859,2026-03-04 00:00:00,GMADA,1259,6,,R,PRESU,30288,2026,S,2026-03-04 00:00:00,1,,,"PRESUPUESTO 30288, SUC DANNUNZIO JORGE",73222.35,000000,,N
2026,1,860,860,2026-03-04 00:00:00,GMADA,2958,2,,R,PRESU,30048,2026,S,2026-03-04 00:00:00,2,,,PRESUPUESTO AVICOLA DEL TUYU ANDERS VICTOR REMITOS 30048 - 30063 - 31125 - 31134,310500.0,000000,,N
2026,1,861,861,2026-03-04 00:00:00,GMADA,90,4,,R,PRESU,40,2026,S,2026-03-04 00:00:00,2,,,"PRESUPUESTO N° X 00000040 de Lo coco, Marcelo Alejandro de ""TODO COLOR""",8042585.0,000000,,N
2026,1,862,862,2026-03-04 00:00:00,GMADA,688,6,,R,PRESU,7025,2026,S,2026-03-04 00:00:00,2,,,"PRESUPUESTO 7025/7010/7007, RAMOS-ISIDRO",1109000.0,000000,,N
2026,1,863,863,2026-03-04 00:00:00,GMADA,130,TURIS,,R,PRESU,133,2026,S,2026-03-04 00:00:00,1,,,Mecanica Integral PEREYRA - presupuesto 133 invernada,45000.0,000000,,N
2026,1,864,864,2026-03-04 00:00:00,GMADA,2302,INFOR,,R,PRESU,11376,2026,S,2026-03-04 00:00:00,2,,,"PRESUPUESTO 11376, DGM DE MARTIN SRL",119796.0,000000,,N
2026,1,865,865,2026-03-04 00:00:00,GMADA,3072,1,,R,PRESU,0,2026,S,2026-03-04 00:00:00,1,,,Copia de 2026/40 Correo Oficial de la República Argentina,8070000.0,000000,,N
2026,1,867,867,2026-03-04 00:00:00,GMADA,2330,1,,R,PRESU,0,2026,S,2026-03-04 00:00:00,3,,,"PREVISION PARA DISTINTAS AREAS,COMBUSTIBLE DEL SALADO",177335.41,000000,,N
2026,1,870,870,2026-03-05 00:00:00,GMADA,313,9,,R,PRESU,0,2026,S,2026-03-05 00:00:00,1,,,PREVISION SIN N°  - ATREUCO PUEL S.A -  ABASTECIMIENTO ANUAL DE COMBIS SECRETARIA DE DEPORTES,2000000.0,000000,,N
2026,1,871,871,2026-03-05 00:00:00,GMADA,2770,ASLEG,,R,PRESU,0,2026,S,2026-03-06 00:00:00,1,,,"PRESUPUESTO 000, MARTIN FERNANDO HIJO",7600.0,000000,,N
2026,1,872,872,2026-03-05 00:00:00,GMADA,3337,6,,R,PRESU,595,2026,S,2026-03-05 00:00:00,1,,,"PRESUPUESTO 595, GARCIA FEDERICO",959710.0,000000,,N
2026,1,883,883,2026-03-06 00:00:00,GMADA,3563,5,,R,PRESU,0,2026,S,2026-03-06 00:00:00,1,,,SONIDO CD  CLAUDIO OSCAR DIAZ  FINAL FOLKLORE EN LOS BARRIOS  EXPTE 224/26,500000.0,000000,,N
2026,1,887,887,2026-03-06 00:00:00,GMADA,33,3,,R,PRESU,0,2026,S,2026-03-06 00:00:00,1,,,"PRESUPUESTO 000, PCIA BS AS",3000000.0,000000,,N
2026,1,888,888,2026-03-09 00:00:00,GMADA,3529,9,,R,PRESU,0,2026,S,2026-03-09 00:00:00,1,,,PRESUPUESTO TISERA SANITARIOS PORTATILES,340000.0,000000,,N
2026,1,889,889,2026-03-09 00:00:00,GMADA,3364,5,,A,PRESU,0,2026,S,2026-03-09 00:00:00,1,2026-03-10 00:00:00,NO,MATIAS LIGARI    FINAL FOLKLORE EN LOS BARRIOS   EXPTE 224/26,250000.0,000000,,N
2026,1,890,890,2026-03-09 00:00:00,GMADA,2330,2,,R,PRESU,0,2026,S,2026-03-09 00:00:00,2,,,"COMBUSTIBLES DEL SALADO. PREVISION DEL 16/02/26 AL 28/02/2026.VEHICULOS HOSPITAL MUNICIPAL.DOMINIOS EQM 605, FJX 453, KYV 365, JQS 879, AA 775 QW, PAA 334, AB 039 OI, AF 591 SU, AF 545 VGL, AF 548 KJ.",272373.6,000000,,N
2026,1,891,891,2026-03-09 00:00:00,GMADA,1259,CONTR,,R,PRESU,30086,2026,S,2026-03-09 00:00:00,1,,,"PRESUPUESTO 30086, SUC DANNUNZIO JORGE",30121.0,000000,,N
2026,1,892,892,2026-03-09 00:00:00,GMADA,2627,H.ANC,,R,PRESU,2180,2026,S,2026-03-09 00:00:00,1,,,SANTA PAULA- PRESUPUESTO N° 0001-00002180 (SEMANA DEL 11/02 HASTA EL 18/02/26),6500.0,000000,,N
2026,1,893,893,2026-03-09 00:00:00,GMADA,850,2,,R,PRESU,15176,2026,S,2026-03-09 00:00:00,2,,,UNO ELECTROMEDICINA- PRESUPUESTO N° 00003-00015176 (LABORATORIO DE ANALISIS),1330541.03,000000,,N
2026,1,894,894,2026-03-09 00:00:00,GMADA,3165,2,,R,PRESU,10771,2026,S,2026-03-09 00:00:00,3,,,VELIBO SUPPLIES S.A.S- PREUPUESTO N° 0001-00010771,7172480.0,000000,,N
2026,1,895,895,2026-03-09 00:00:00,GMADA,1603,2,,R,PRESU,693953,2026,S,2026-03-09 00:00:00,1,,,PANADERIA ALEM DE GARCIA GLADYS- PRESUPUESTO N° 6939053 HOSPITAL Y HOGAR DE ANCIANOS (DESDE EL 28/02 HASTA EL 14/03/2026),766400.0,000000,,N
2026,1,896,896,2026-03-09 00:00:00,GMADA,3322,2,,R,PRESU,2451,2026,S,2026-03-09 00:00:00,2,,,PINAMAR HIGIENE INSTITUCIONAL - PRESUPUESTO N° 16-2451,287777.01,000000,,N
2026,1,897,897,2026-03-09 00:00:00,GMADA,2109,1,,R,PRESU,0,2026,S,2026-03-09 00:00:00,2,,,Gomez Alberto Daniel,250000.0,000000,,N
2026,1,898,898,2026-03-09 00:00:00,GMADA,3322,2,,R,PRESU,2481,2026,S,2026-03-09 00:00:00,2,,,PINAMAR HIGIENE INSTITUCIONAL - PRESUPUESTO N° 16-2481,244535.63,000000,,N
2026,1,899,899,2026-03-09 00:00:00,GMADA,3322,2,,R,SUM,835,2026,S,2026-03-09 00:00:00,2,,,PINAMAR HIGIENE INSTITUCIONAL - PRESUPUESTO N° 16-2479 (HOSPITAL),89507.56,000115,,N
2026,1,900,900,2026-03-09 00:00:00,GMADA,1440,2,,R,PRESU,91,2026,S,2026-03-09 00:00:00,3,,,QUALIMED- PRESUPUESTO N° 91,5073395.0,000000,,N
2026,1,901,901,2026-03-09 00:00:00,GMADA,850,2,,R,SUM,860,2026,S,2026-03-09 00:00:00,3,,,UNO ELECTROMEDICINA- PRESUPUESTO N° 00003-00015129 (LABORATORIO DE ANALISIS),2833657.09,000115,,N
2026,1,902,902,2026-03-09 00:00:00,GMADA,866,2,,R,SUM,718,2026,S,2026-03-09 00:00:00,1,,,PRESUPUESTO 13/02/26 ´PILOÑA,3048039.07,000115,,N
2026,1,903,903,2026-03-09 00:00:00,GMADA,2627,H.ANC,,R,PRESU,2178,2026,S,2026-03-09 00:00:00,1,,,SANTA PAULA- PRESUPUESTO N° 0001-00002178 (DIARIO),6000.0,000000,,N
2026,1,904,904,2026-03-09 00:00:00,GMADA,2883,2,,R,SUM,848,2026,S,2026-03-09 00:00:00,3,,,INSUMOS GENERALES 3 F- PRESUPUESTO N° 25/02/2026,287047.0,000115,,N
2026,1,905,905,2026-03-09 00:00:00,GMADA,441,2,,R,ORDCO,823,2026,S,2026-03-09 00:00:00,1,,,ALPA- PRESUPUESTO N° 0002-00003880/3881 (DIRECCION- LABORATORIO),78549.86,000115,,N
2026,1,906,906,2026-03-09 00:00:00,GMADA,171,2,,R,SUM,828,2026,S,2026-03-09 00:00:00,1,,,ELECTRICIDAD EL GALLEGO- PRESUPUESTO N° 54899/54810,35900.0,000115,,N
2026,1,907,907,2026-03-09 00:00:00,GMADA,160,13,,R,SUM,830,2026,S,2026-03-09 00:00:00,1,,,AGROVETERINARIA MARZULLO- PRESUPUESTO N° 0001-00001172/1173,282740.0,000115,,N
2026,1,908,908,2026-03-09 00:00:00,GMADA,2869,2,,R,SUM,858,2026,S,2026-03-09 00:00:00,1,,,MADA POY S.A- PRESUPUESTO N° 0001-00000982 (DESDE EL 19/02/2026 AL 26/02/2026),1523303.0,000115,,N
2026,1,909,909,2026-03-09 00:00:00,GMADA,612,2,,R,SUM,829,2026,S,2026-03-09 00:00:00,1,,,MARZULLO COMPUTACION- PRESUPUESTO N° 001-00001296 (ENFERMERIA),94000.0,000115,,N
2026,1,910,910,2026-03-09 00:00:00,GMADA,527,2,,R,SUM,826,2026,S,2026-03-09 00:00:00,2,,,SERVIMED- PRESUPUESTO N° 7269/26 R,151950.0,000115,,N
2026,1,911,911,2026-03-09 00:00:00,GMADA,441,1,,R,SUM,854,2026,S,2026-03-09 00:00:00,1,,,"Matienzo Paola ,presupuesto 00003882",27900.0,000115,,N
2026,1,912,912,2026-03-09 00:00:00,GMADA,1514,6,,R,PRESU,0,2026,S,2026-03-09 00:00:00,2,,,"PRESUPUESTO 000, CASA ELICEIRY, 9/03/2026",10248000.0,000000,,N
2026,1,913,913,2026-03-09 00:00:00,GMADA,717,4,,R,SUM,846,2026,S,2026-03-09 00:00:00,2,,,"PRESUPUESTO N° X  021422 de Marina Irene Pinilla de ""PROVEDURIA LA ILUSION"" Para la oficina del Equipo de Violencias",13000.0,000115,,N
2026,1,914,914,2026-03-09 00:00:00,GMADA,1141,3,,R,SUM,921,2026,S,2026-03-09 00:00:00,1,,,PROV. RUBEN BASTONS PRESUP.0146 LONA PARA CAMION VW 17260 AF497IJ,770000.0,000115,,N
2026,1,524,524,2026-02-02 00:00:00,GMADA,527,2,,R,SUM,506,2026,S,2026-02-02 00:00:00,5,,,SERVIMED- PRESUPUESTO N° 148/26 E-U,897815.0,000115,,N
2026,1,525,525,2026-02-02 00:00:00,GMADA,850,2,,R,SUM,524,2026,S,2026-02-02 00:00:00,2,,,UNO ELECTROMEDICINA- PRESUPUESTO N° 00003-00014882,3449855.93,000115,,N
2026,1,527,527,2026-02-02 00:00:00,GMADA,158,2,,R,SUM,485,2026,S,2026-02-02 00:00:00,1,,,FARMACIA SOTO- PRESUPUESTO N° 934 MEDICAMENTOS DISPENSADOS DESDE EL 26/12/25  AL 26/01/26,254792.57,000115,,N
2026,1,531,531,2026-02-02 00:00:00,GMADA,441,2,,R,SUM,501,2026,S,2026-02-02 00:00:00,1,,,ALPA- PRESUPUESTO N° 3861/3856 (COCINA- INTERNACION- ADMINISTRACION),117416.24,000115,,N
2026,1,532,532,2026-02-02 00:00:00,GMADA,1259,DEFCI,,R,SUM,510,2026,S,2026-02-02 00:00:00,1,,,"PROV.ELECTRO DANNUNZIO PRESUP.30022 ARTICULOS DE ELECTRICIDA PARA ROTONDA DE ILLIA Y PELEGRINI , GUIRNALDAS, PASEO DE BICENTENARIO Y PARQUE DE LA ESTACION",380126.7,000115,,N
2026,1,606,606,2026-02-11 00:00:00,GMADA,3287,4,,R,PRESU,1856,2026,S,2026-02-11 00:00:00,2,,,"PRESUPUESTO N° 1856 de ""Hispanograf"" Bonos de pan para los programas de alimentos",75500.0,000000,,N
2026,1,915,915,2026-03-09 00:00:00,GMADA,777,25,,R,PRESU,122,2026,S,2026-03-09 00:00:00,1,,,"MP repuestos, presupuestos 122-135-134-129 ( AB038FG-AE704AW-AB038FH)",240400.0,000000,,N
2026,1,607,607,2026-02-11 00:00:00,GMADA,41,5,,R,PRESU,0,2026,S,2026-02-11 00:00:00,1,,,SAMUEL CALANDRON        CARNAVAL 2026,1700000.0,000000,,N
2026,1,608,608,2026-02-11 00:00:00,GMADA,3364,5,,R,PRESU,0,2026,S,2026-02-11 00:00:00,1,,,MATIAS LIGARI     CARNAVAL 2026,1050000.0,000000,,N
2026,1,620,620,2026-02-11 00:00:00,GMADA,685,6,,R,PRESU,0,2026,S,2026-02-11 00:00:00,1,,,"PRESUPUESTO DEL 4/02/2026, DRAGOJEVIC SIMON",1275000.0,000000,,N
2026,1,623,623,2026-02-12 00:00:00,GMADA,3441,6,,R,PRESU,0,2026,S,2026-02-12 00:00:00,1,,,"PREVISION, FURNO VANESA SOLEDAD",4000000.0,000000,,N
2026,1,626,626,2026-02-13 00:00:00,GMADA,2917,3,,R,PRESU,5609,2026,S,2026-02-13 00:00:00,4,,,PROV. AMERICAN VIAL PRESUP.5609  FILTROS PARA WECAM X650  EPK06,1068795.02,000029,,N
2026,1,627,627,2026-02-13 00:00:00,GMADA,2410,8,,R,PRESU,1166,2026,S,2026-02-13 00:00:00,3,,,PROV. BOGADO LEANDRO RUBEN - PRESUP. N°1166 - SEC PRODUCCION- FOTON AF591SL,150000.0,000000,,N
2026,1,628,628,2026-02-13 00:00:00,GMADA,441,9,,R,PRESU,3866,2026,S,2026-02-13 00:00:00,1,,,Presupuesto N  00003866 ALPA,4800.0,000000,,N
2026,1,629,629,2026-02-13 00:00:00,GMADA,2410,6,,R,PRESU,1179,2026,S,2026-02-13 00:00:00,2,,,"PRESUPUESTO 1179/1184/1186/1173, BOGADO LEANDRO RUBEN",820000.0,000000,,N
2026,1,630,631,2026-02-13 00:00:00,GMADA,300,DEFCI,,R,PRESU,5933,2026,S,2026-02-13 00:00:00,1,,,PROV.SILVIA MAISTEGUI PRESUP.5933 ARTICULOS DE FERRETERIA PARA  ARREGLO DE FAROLAS CALLE 33 REMPLAZO DE COLUMNAS,64146.0,000000,,N
2026,1,632,632,2026-02-13 00:00:00,GMADA,826,3,,R,PRESU,2642,2026,S,2026-02-13 00:00:00,1,,,PROV.DUENDE AZUL PRESUP.2642 COMISION A LA PLATA REPUSTOS PARA VEHICULOS,65000.0,000000,,N
2026,1,633,633,2026-02-13 00:00:00,GMADA,441,7,,R,PRESU,3862,2026,S,2026-02-13 00:00:00,1,,,PROV.ALPA PRESUP.3862 PARA CEMENTERIO,24550.0,000000,,N
2026,1,635,635,2026-02-13 00:00:00,GMADA,2751,8,,R,PRESU,0,2026,S,2026-02-13 00:00:00,2,,,  PROV. AGRONOMIA HORTICOLA SRL- PRES. N°27/01/26- SEC PRODUCCION,375000.0,000000,,N
2026,1,931,931,2026-03-09 00:00:00,GMADA,1066,35,,R,SUM,641,2026,S,2026-03-09 00:00:00,3,,,Expte.:363/26 Sol. Compra de 450 toneladas de estabilizado,7954200.0,000029,,N
2026,1,1200,1201,2026-04-06 00:00:00,GMADA,2753,1,,R,SUM,1206,2026,S,2026-04-06 00:00:00,1,,,Dia del Veterano y de los Cáidos en la Guerra de las Malvinas. Expte 893/26,280000.0,000115,,N
2026,1,1260,1261,2026-04-09 00:00:00,GMADA,1440,2,,R,PRESU,90,2026,S,2026-04-09 00:00:00,2,,,QUALIMED S.A-PRESUPUESTO N° 90 (RAYOS- ENFERMERIA),4734220.0,000000,,N
2026,1,1262,1263,2026-04-09 00:00:00,GMADA,3568,25,,R,PRESU,0,2026,S,2026-04-09 00:00:00,2,,,"Desarmadero El Taca, presupuesto",5082000.0,000000,,N
2026,1,1263,1264,2026-04-09 00:00:00,GMADA,3568,25,,R,PRESU,0,2026,S,2026-04-09 00:00:00,2,,,"Desarmadero El Taca, presupuesto",3630000.0,000000,,N
2026,1,1264,1265,2026-04-09 00:00:00,GMADA,1809,9,,R,PRESU,20047,2026,S,2026-04-09 00:00:00,1,,,"POLIZA 20047, IAM",335559.97,000000,,N
2026,1,1270,1272,2026-04-10 00:00:00,GMADA,164,3,,R,PRESU,211,2026,S,2026-04-10 00:00:00,1,,,PROV. JOSE CORREA PRESUP.0211 REPARACION DE AUTOMATICO DE TANQUE DE AGUA BARRIO KENNEDY,120000.0,000000,,N
2026,1,1272,1273,2026-04-10 00:00:00,GMADA,822,3,,R,PRESU,20473,2026,S,2026-04-10 00:00:00,3,,,PROV.ESCANDINAVIA DEL PLATA PRESUP.20473 REPUESTO PARA CARGADORA SDLG936,121939.32,000000,,N
2026,1,1274,1275,2026-04-10 00:00:00,GMADA,117,4,,R,PRESU,252817,2026,S,2026-04-10 00:00:00,1,,,Presupuesto N° 0014-00252817-Papelera LAS 3 MARÍAS-Para Areas de Servicio local- Prog. Envion-Equipo Violencia de Genero y fliar.- Desarrollo Social-Area de Discapacidad,149322.8,000000,,N
2026,1,1404,1405,2026-04-16 00:00:00,GMADA,2575,2,,R,SUM,1413,2026,S,2026-04-16 00:00:00,1,,,PRESUPUESTO SAPETI GUSTAVO TRASLADO DEL MENOR CANTERO GONZALEZ DEL HOSPITAL EL CRUCE DE LA CIUDAD DE LA PLATA A GRAL. MADARIAGA,1130000.0,000010,,N
2026,1,1422,1423,2026-04-17 00:00:00,GMADA,3322,2,,R,SUM,1395,2026,S,2026-04-17 00:00:00,2,,,PINAMAR HIGIENE INSTITUCIONAL - PRESUPUESTO N° 16-2578 (COCINA HOSPITAL),71553.06,000115,,N
2026,1,1423,1424,2026-04-17 00:00:00,GMADA,2878,2,,R,SUM,1394,2026,S,2026-04-17 00:00:00,1,,,LOPEZ LEONARDO - PRESUPUESTO S/N FECHA 14/4/26,200000.0,000115,,N
2026,1,799,799,2026-02-26 00:00:00,GMADA,3481,9,,R,SUM,840,2026,S,2026-02-26 00:00:00,1,,,"PRESUPUESTO 000, CASTRO PATRICIO DANIEL",850000.0,000029,,N
2026,1,802,802,2026-02-26 00:00:00,GMADA,2216,2,,A,SUM,816,2026,S,2026-02-26 00:00:00,1,2026-03-02 00:00:00,NO,PRESUPUESTO 30777 RAFAEL CIOFFI SERVICIO AUTOMOTOR AMBULANCIA DOMINIO PAA 334,2460000.0,000029,,N
2026,1,1424,1425,2026-04-17 00:00:00,GMADA,2627,2,,R,SUM,1393,2026,S,2026-04-17 00:00:00,1,,,SANTA PAULA - PRESUPUESTO N° 1-2211,40000.0,000115,,N
2026,1,1425,1426,2026-04-17 00:00:00,GMADA,85,1,,R,SUM,1425,2026,S,2026-04-17 00:00:00,1,,,Sorba S.R.l.,59999.0,000115,,N
2026,1,1445,1446,2026-04-21 00:00:00,GMADA,2883,2,,R,SUM,1421,2026,S,2026-04-21 00:00:00,2,,,INSUMOS GENERALES 3F- PRESUPUESTO N° 16/04/26,145345.2,000115,,N
2026,1,1453,1454,2026-04-21 00:00:00,GMADA,3322,2,,R,SUM,1397,2026,S,2026-04-21 00:00:00,2,,,PINAMAR HIGIENE INSTITUCIONAL - PRESUPUESTO N° 16-2586,78460.44,000115,,N
2026,1,1457,1458,2026-04-21 00:00:00,GMADA,2330,2,,R,SUM,1430,2026,S,2026-04-23 00:00:00,2,,,PREVISION COMBUSTIBLES DEL SALADADO DEL 16/04/2026 AL 30/04/2026 PARA VEHICULOS Y AMBULANCIA DEL AREA DE SALUD. DOMINIOS AF591SU - AF545GL -AE619QS - PAA334 - AA775QW - AG180HE,1270357.4,000115,,N
2026,1,1461,1461,2026-04-21 00:00:00,GMADA,866,2,,R,SUM,1426,2026,S,2026-04-21 00:00:00,4,,,PILOÑA- PRESUPUESTO N° 16/04/2026,4872104.07,000115,,N
2026,1,1463,1464,2026-04-21 00:00:00,GMADA,2869,2,,R,SUM,1439,2026,S,2026-04-21 00:00:00,1,,,MADA POY S.A- PRESUPUESTO N° 0001-00001014 (SEMANA DEL 16/04 AL 23/04/26),1639752.0,000115,,N
2026,1,1467,1468,2026-04-21 00:00:00,GMADA,3184,2,,R,SUM,1440,2026,S,2026-04-21 00:00:00,2,,,DROGUERIA PERDOMINICI- PRESUPUESTO  N° 10/04/2026,1975260.0,000115,,N
2026,1,1469,1470,2026-04-21 00:00:00,GMADA,1078,2,,R,SUM,1442,2026,S,2026-04-21 00:00:00,2,,,OPAZO DANIEL- PRESUPUESTO N° 8/04/26,80000.0,000115,,N
2026,1,1472,1473,2026-04-21 00:00:00,GMADA,2663,2,,R,SUM,1449,2026,S,2026-04-21 00:00:00,3,,,ALAIS PHARMA S.A- PRESUPUESTO N° 0001-00019737,1264447.56,000115,,N
2026,1,1473,1474,2026-04-21 00:00:00,GMADA,527,2,,R,SUM,1444,2026,S,2026-04-21 00:00:00,4,,,SERVIMED - PRESUPUESTO N° 877/26,340000.0,000115,,N
2026,1,1475,1476,2026-04-21 00:00:00,GMADA,3529,21,,R,SUM,1468,2026,S,2026-04-21 00:00:00,1,,,PROV.TISERA SANITARIOS PORTATILES ALQUILER DE BAÑO QUIMICO PARA LAGUNA EL CARBON POR 9 MESES DE ABRIL A DICIEMBRE SEGUN  EXPT.272/25,900000.0,000115,,N
2026,1,1479,1480,2026-04-23 00:00:00,GMADA,2595,3,,R,SUM,1454,2026,S,2026-04-23 00:00:00,1,,,PROV. IVAN PERICO PRES.8435 PARA  RANGER FSL723,34140.0,000115,,N
2026,1,1482,1483,2026-04-23 00:00:00,GMADA,86,6,,R,SUM,1466,2026,S,2026-04-23 00:00:00,1,,,"PRESUPUESTO DEL 13/01/2026, PABLO SUAREZ",140000.0,000115,,N
2026,1,1483,1484,2026-04-23 00:00:00,GMADA,2595,3,,R,SUM,1457,2026,S,2026-04-23 00:00:00,1,,,"PROV. IVANPER PRESUP.8481 PARA FORD 14000 DMI232, XNE245,LED010",190020.0,000115,,N
2026,1,1485,1486,2026-04-23 00:00:00,GMADA,164,3,,R,SUM,1460,2026,S,2026-04-23 00:00:00,1,,,PROV.JOSE OSCAR CORREA  PRESUP.0214 REPARACION INSTALACION ELECTRICA EN CORRALON MUNICIPAL Y SURTIDOR,210000.0,000115,,N
2026,1,1486,1487,2026-04-23 00:00:00,GMADA,2595,25,,R,SUM,1471,2026,S,2026-04-23 00:00:00,2,,,"Ivanper, presupuesto 08567 -08470(NUX 030-KYV 375-AE704AW- LBN155)",284310.0,000115,,N
2026,1,1487,1488,2026-04-23 00:00:00,GMADA,19,4,,R,SUM,1455,2026,S,2026-04-23 00:00:00,2,,,"PRESUPUESTO  N° X 0002-00003043 de Inocencio Cimos de ""ICIMOS FERRETERIA"" Para la realización de rampas  en las veredas",25000.0,000115,,N
2026,1,1488,1489,2026-04-23 00:00:00,GMADA,3552,29,,R,SUM,1459,2026,S,2026-04-23 00:00:00,2,,,MATAFUEGOS RUTA 11 PRESUPUESTO N° 9473,66000.0,000115,,N
2026,1,1489,1490,2026-04-23 00:00:00,GMADA,1213,CASA,,R,SUM,1437,2026,S,2026-04-23 00:00:00,3,,,"PRESUPUESTO N° 38543 de ""DE LAS MISIONES""Taller de carpintería",150145.16,000115,,N
2026,1,1491,1492,2026-04-23 00:00:00,GMADA,3537,2,,R,SUM,935,2026,S,2026-04-23 00:00:00,1,,,EXPEDIENTE 2545/26 CONTRATO  DEL 01/03/26 AL 30/03/2026 BUGIOLACHI JORGE  GUARDIAS ANESTESIA,27520000.0,000115,,N
2026,1,1603,1604,2026-05-04 00:00:00,GMADA,650,3,,R,PRESU,0,2026,S,2026-05-04 00:00:00,2,,,PROV. SUAREZ OSVALDO CONTRATACION DE BATEA PARA TRASLADO DE RESIDUOS SEGUN EXPTE.861/26,4000000.0,000000,,N
2026,1,1606,1606,2026-05-05 00:00:00,GMADA,2110,H.ANC,,R,PRESU,555,2026,S,2026-05-05 00:00:00,1,,,EDUARDO FUMEGA - PRESUPUESTO N° 555,130000.0,000000,,N
2026,1,1607,1607,2026-05-05 00:00:00,GMADA,3395,3,,R,PRESU,181,2026,S,2026-05-05 00:00:00,2,,,PROV. YANINA PECORARI PRES.0181 BATERIA PARA MUSTANG BMV14,325000.0,000000,,N
2026,1,1608,1608,2026-05-05 00:00:00,GMADA,160,17,,R,PRESU,1189,2026,S,2026-05-05 00:00:00,1,,,PROV. AGROVETERINARIA MARZULLO PRESUP.1189 PARA VIVERO MUNICIPAL,17880.0,000000,,N
2026,1,1609,1609,2026-05-05 00:00:00,GMADA,688,3,,R,PRESU,7094,2026,S,2026-05-05 00:00:00,1,,,PROV. LA PRIMERA PRESUP.7094 FILTRO HIDRAULICO PARA FORD 14000 SOG742,187400.0,000000,,N
2026,1,1610,1610,2026-05-05 00:00:00,GMADA,160,JARDM,,R,PRESU,1191,2026,S,2026-05-05 00:00:00,2,,,"PRESUPUESTO N° 0001 00001191 de ""AGROVETERINARIA MARZULLO"" Para desinfectar  y matar ratas en la casita de Chocolate",17432.0,000000,,N
2026,1,1611,1611,2026-05-05 00:00:00,GMADA,3287,CASA,,R,PRESU,1884,2026,S,2026-05-05 00:00:00,2,,,"PRESUPUESTO X 1884 de ""HISPANOGRAF"" Certificados para el Taller de Peluquería",28000.0,000000,,N
2026,1,1612,1612,2026-05-05 00:00:00,GMADA,2110,35,,R,PRESU,0,2026,S,2026-05-05 00:00:00,1,,,Exp.:437/26 Sol. Revisión Integral del Edificio de Secretaría de Cultura - Prov.:Fumega Eduardo - Presup.:Contrato,1000000.0,000000,,N
2026,1,1613,1613,2026-05-05 00:00:00,GMADA,1335,35,,R,PRESU,0,2026,S,2026-05-05 00:00:00,3,,,Exp.:1108/26 Sol. Compra de Equipamiento Integral y Tecnología para el Polo Tecnológico - Prov.:Santini - Presup.:066997,543153.6,000000,,N
2026,1,1614,1614,2026-05-05 00:00:00,GMADA,19,1,,R,PRESU,3081,2026,S,2026-05-05 00:00:00,1,,,Cimos Inocencio presupuesto  X 0002*000003081,74200.0,000000,,N
2026,1,1615,1615,2026-05-05 00:00:00,GMADA,1514,3,,R,PRESU,0,2026,S,2026-05-05 00:00:00,2,,,PROV. CASA ELICEIRY GAS OIL PARA MAQUINAS  DE PREDIOS DISPOSICION FINAL DE RESIDUOS RUTA 11 KM 405.5,3861000.0,000000,,N
2026,1,1616,1616,2026-05-05 00:00:00,GMADA,1514,6,,R,PRESU,0,2026,S,2026-05-05 00:00:00,3,,,"PRESUPUESTO 000, CASA ELICEIRY,05/05/2026",17160000.0,000000,,N
2026,1,1617,1617,2026-05-05 00:00:00,GMADA,1514,3,,R,PRESU,0,2026,S,2026-05-05 00:00:00,3,,,PROV. CASA ELICEIRY GAS OIL PARA MAQUIANAS Y VEHICULOS DE ESTA SECRETARIA,12870000.0,000000,,N
2026,1,1618,1618,2026-05-05 00:00:00,GMADA,3011,3,,R,PRESU,0,2026,S,2026-05-05 00:00:00,2,,,PROV. LUCAS SARMIENTO PRESUP.29/04/2026  PARA MOTONIVELADORA VOLVO G710,1136190.0,000000,,N
2026,1,1619,1619,2026-05-05 00:00:00,GMADA,3287,12,,R,SUM,1642,2026,S,2026-05-05 00:00:00,1,,,"Avellaneda ,presupuesto 1885",58500.0,000115,,N
2026,1,1620,1620,2026-05-05 00:00:00,GMADA,1962,1,,R,SUM,1649,2026,S,2026-05-05 00:00:00,1,,, Escobar Juan Carlos,18000.0,000115,,N
2026,1,1621,1621,2026-05-05 00:00:00,GMADA,1206,4,,R,PRESU,241333,2026,S,2026-05-05 00:00:00,2,,,"PRESUPUESTO N° 42-241333 de ""NUCLEO CABA"" Para el aréa de prestaciones",635000.0,000000,,N
2026,1,1622,1622,2026-05-05 00:00:00,GMADA,3075,3,,R,SUM,1615,2026,S,2026-05-05 00:00:00,1,,,"PROV.JUAN MARTIN CORREA PRESUP.0093,0094 PARA CORRALON MUNICIPAL",19904.92,000115,,N
2026,1,1623,1623,2026-05-05 00:00:00,GMADA,3075,6,,R,SUM,1614,2026,S,2026-05-05 00:00:00,1,,,Corresponde presupuesto N° 0001-00000091 - Correa Juan Martin,157905.0,000115,,N
2026,1,1624,1624,2026-05-05 00:00:00,GMADA,2281,9,,R,SUM,1592,2026,S,2026-05-05 00:00:00,1,,,PRESUPUESTO N° 0818 - LUBRICENTRO MADARIAGA - MANTENIMIENTO IVECO DAILY KBQ331,298000.0,000115,,N
2026,1,1625,1625,2026-05-05 00:00:00,GMADA,612,2,,R,SUM,1569,2026,S,2026-05-05 00:00:00,1,,,MARZULLO COMPUTACION - PRESUPUESTO N° 1-1298,52000.0,000115,,N
2026,1,1626,1626,2026-05-05 00:00:00,GMADA,57,2,,R,SUM,1568,2026,S,2026-05-05 00:00:00,1,,,IMPRENTA EL ARGENTINO - PRESUPUESTO N° 566 (INTERNACION Y CIRUGIA HOSPITAL),76000.0,000115,,N
2026,1,1627,1627,2026-05-05 00:00:00,GMADA,1259,25,,R,SUM,1599,2026,S,2026-05-05 00:00:00,2,,,"Electro Dannunzio, presupuesto 30632 ( CENTRO DE MONITOREO)",460443.12,000115,,N
2026,1,1646,1646,2026-05-06 00:00:00,GMADA,2330,1,,R,SUM,1664,2026,S,2026-05-06 00:00:00,3,,,Corresponde a previsión de Combustible del Salado.Intendencia.,2950000.0,000115,,N
2026,1,1647,1647,2026-05-06 00:00:00,GMADA,2330,1,,R,SUM,1663,2026,S,2026-05-06 00:00:00,2,,,Corresponde a Previsión de Combustible del Salado.Gobierno,238453.52,000115,,N
2026,1,2068,2067,2026-06-04 00:00:00,GMADA,578,3,,R,PRESU,5359,2026,S,2026-06-04 00:00:00,2,,,PROV. ITURRARTE JORGE PRESUP.5359 REPUESTOS PARA CAMION IVECO PPU739,3055199.26,000000,,N
2026,1,2069,2068,2026-06-04 00:00:00,GMADA,2643,1,,R,PRESU,11,2026,S,2026-06-04 00:00:00,3,,," PRESUPUESTO 0011,EMPRESA DE TRANSPORTE 12 DE OCTUBRE",240800.0,000000,,N
2026,1,599,599,2026-02-11 00:00:00,GMADA,5,2,,R,PRESU,0,2026,S,2026-02-11 00:00:00,1,,,"PREVISION, ANDRES PONSA S.A",500000.0,000000,,N
2026,1,22,22,2026-01-06 00:00:00,GMADA,2804,6,,R,SUM,46,2026,S,2026-01-06 00:00:00,1,,,PREVISION DE GAREN ORLANDO,1500000.0,000115,,N
2026,1,24,24,2026-01-06 00:00:00,GMADA,57,2,,R,PRESU,545,2026,S,2026-01-06 00:00:00,2,,,IMPRENTA EL ARGENTINO. IRMA CRISTINA BONOMI.PRESUPUESTO Nº 545.- 547 SERVICIO HEMOTERAPIA - SERVICIO DE EMERGENCIA.,64000.0,000115,,N
2026,1,26,26,2026-01-06 00:00:00,GMADA,2427,2,,R,SUM,7,2026,S,2026-01-06 00:00:00,2,,,REFRIGERACION ADIS. PABLO ADIS. PRESUPUESTO Nº 103.FARMACIA HOSPITAL.,55000.0,000115,,N
2026,1,28,28,2026-01-06 00:00:00,GMADA,216,2,,R,SUM,8,2026,S,2026-01-06 00:00:00,2,,,FAE. PRESUPUESTO. SECTOR MUCAMAS.,157200.0,000115,,N
2026,1,35,35,2026-01-06 00:00:00,GMADA,134,2,,R,SUM,28,2026,S,2026-01-06 00:00:00,2,,,SORRENTINO S.A- PRESUPUESTO S/N° REM 45872  (FARMACIA),3139700.0,000115,,N
2026,1,40,40,2026-01-06 00:00:00,GMADA,441,2,,R,SUM,62,2026,S,2026-01-06 00:00:00,1,,,ALPA - PRESUPUESTO N° 0002-00003830 (COCINA),342208.78,000115,,N
2026,1,45,45,2026-01-06 00:00:00,GMADA,441,2,,R,SUM,63,2026,S,2026-01-06 00:00:00,1,,,ALPA- PRESUPUESTO N° 0002-00003834/3838 (COCINA),71838.6,000115,,N
2026,1,52,51,2026-01-06 00:00:00,GMADA,2627,2,,R,SUM,65,2026,S,2026-01-06 00:00:00,1,,,SANTA PAULA- PRESUPUESTO N° 0001-00002149 (HOGAR DE ANCIANOS) DESDE 24/11/25 HASTA EL 1/12/25,69000.0,000115,,N
2026,1,53,54,2026-01-06 00:00:00,GMADA,2627,2,,R,PRESU,2151,2026,S,2026-01-06 00:00:00,1,,,SANTA PAULA- PRESUPUESTO N° 0001-00002151 (HOGAR DE ANCIANOS) DESDE 3/12/25 AL  10/12/25,32400.0,000115,,N
2026,1,61,61,2026-01-06 00:00:00,GMADA,441,SECGO,,R,SUM,140,2026,S,2026-01-06 00:00:00,11,,,Corresponde Concurso de precios N° 20-2025 Expte N° 3523/2025,17307080.0,CTACTE,,N
2026,1,66,66,2026-01-07 00:00:00,GMADA,3258,SECGO,,R,SUM,50,2026,S,2026-01-07 00:00:00,1,,,Corresponde prevision anual OCA LOG S.A,3000000.0,000115,,N
2026,1,439,439,2026-01-27 00:00:00,GMADA,2330,SECGO,,R,SUM,453,2026,S,2026-01-27 00:00:00,2,,,CORRESPONDE PREVISION COMBUSTIBLES DEL SALADO - SEC GOBIERNO,222210.81,000115,,N
2026,1,441,441,2026-01-27 00:00:00,GMADA,2843,4,,R,SUM,438,2026,S,2026-01-27 00:00:00,2,,,"PRESUPUESTO N° X 6976064 de Rost, Tamara de ""Frutería Negrin"" Esfuerzo Solidario",384000.0,000115,,N
2026,1,444,444,2026-01-27 00:00:00,GMADA,3322,2,,R,SUM,439,2026,S,2026-01-27 00:00:00,2,,,PINAMAR HIGIENE SRL- PRESUPUESTO N° 0016-00002311/2312/2313/2314/2315 (LAVADERO-COCINA- OFICCE DE MUCAMAS),1307722.86,000115,,N
2026,1,447,447,2026-01-27 00:00:00,GMADA,3165,2,,R,SUM,440,2026,S,2026-01-27 00:00:00,2,,,VELIBO SUPPLIES S.A.S- PRESUPUESTO N° 0001-00010768 (FARMACIA),6445044.4,000115,,N
2026,1,505,505,2026-01-30 00:00:00,GMADA,877,12,,R,SUM,530,2026,S,2026-01-30 00:00:00,1,,,"PRESUPUESTO 000, TORRES GUSTAVO RODOLFO",1650000.0,000115,,N
2026,1,506,506,2026-01-30 00:00:00,GMADA,127,12,,R,SUM,529,2026,S,2026-01-30 00:00:00,2,,,"PRESUPUESTO 000, GOMEZ MARCOS",312000.0,000115,,N
2026,1,507,507,2026-01-30 00:00:00,GMADA,2704,4,,R,SUM,338,2026,S,2026-01-30 00:00:00,1,,,"Expte 118/2026 contrato: Ruau, María carolina - Abogada Abordaje a la violencia familiar y Género. No cumple con el Art. 45 de la Ley 14.656",6715750.08,000115,,N
2026,1,509,509,2026-01-30 00:00:00,GMADA,2654,2,,R,SUM,531,2026,S,2026-01-30 00:00:00,1,,,EXPEDIENTE 262/26 CONTRATO BIONICS INGENIERIA S.AS DEL 01/01/26 AL 30/06/26  CHIPS MONITOREO,2653320.0,000115,,N
2026,1,510,510,2026-01-30 00:00:00,GMADA,2133,2,,R,SUM,533,2026,S,2026-01-30 00:00:00,3,,,EXPEDIENTE 154/2026 CONTRATO BIONUCLEAR DEL 01/01/2026 AL 31/03/2026 SERVICIO MANTENIMIENTO TOMOGRAFO,4398981.0,000115,,N
2026,1,564,564,2026-02-04 00:00:00,GMADA,1943,2,,A,PRESU,7341,2026,S,2026-02-04 00:00:00,4,2026-02-13 00:00:00,NO,B GATE - PRESUPUESTO N° 0005-00007341,1392216.28,000000,,N
2026,1,565,565,2026-02-04 00:00:00,GMADA,1658,24,,R,PRESU,0,2026,S,2026-02-04 00:00:00,2,,,"PREVISION, YELITO",1200000.0,000000,,N
2026,1,566,566,2026-02-04 00:00:00,GMADA,2369,3,,R,PRESU,188113,2026,S,2026-02-04 00:00:00,2,,,"PROV.MERCEDES LA PLATA PRESUP.188113 REPUESTOS PARA MERCEDES XNE245,DMI 232,PJY978,OOI617,",2146194.76,000000,,N
2026,1,567,567,2026-02-04 00:00:00,GMADA,1879,6,,R,PRESU,3041,2026,S,2026-02-04 00:00:00,1,,,"Corresponde presupuesto N° 00003041- ZUBIARRAIN DANIEL ""RODAMIENTOS DEL TUYU""",66800.0,000000,,N
2026,1,568,568,2026-02-04 00:00:00,GMADA,2208,CONTR,,R,PRESU,394,2026,S,2026-02-04 00:00:00,2,,,Corresponde presupuesto N° 394 - Lombardi Martin,228000.0,000000,,N
2026,1,570,570,2026-02-04 00:00:00,GMADA,90,4,,R,PRESU,39,2026,S,2026-02-04 00:00:00,3,,,"PRESUPUESTO NX 00000039 de Lo coco, Marcelo Alejandro de ""TODO COLOR""",8011800.0,000000,,N
2026,1,583,583,2026-02-06 00:00:00,GMADA,400,SECRE,,R,SUM,357,2026,S,2026-02-06 00:00:00,1,,,Corresponde Expte n ° 26/2026 - Servicio de Publicidad- Silvia Tolosa,1080000.0,000115,,N
2026,1,597,597,2026-02-10 00:00:00,GMADA,90,4,,R,EXPED,77,2026,S,2026-02-10 00:00:00,7,,,Licitación Privada enero 2026,96077940.0,000300,,N
2026,1,602,602,2026-02-11 00:00:00,GMADA,3075,CONTR,,R,PRESU,70,2026,S,2026-02-11 00:00:00,1,,,"PRESUPUESTO 0001-000000070, JUAN MARTIN CORREA LORENTE",122500.0,000000,,N
2026,1,603,603,2026-02-11 00:00:00,GMADA,169,9,,R,PRESU,1026,2026,S,2026-02-11 00:00:00,1,,,PRESUPUESTO TERRANOVA QUIMICA N 1026,9600.0,000000,,N
2026,1,604,604,2026-02-11 00:00:00,GMADA,441,1,,R,PRESU,3872,2026,S,2026-02-11 00:00:00,1,,,"Matienzo Paola ,presupuesto 00003872",24000.2,000000,,N
2026,1,605,605,2026-02-11 00:00:00,GMADA,171,9,,R,PRESU,4481,2026,S,2026-02-11 00:00:00,1,,,Presupuesto N 4481 Electricidad El Gallego,15900.0,000000,,N
2026,1,322,322,2026-01-19 00:00:00,GMADA,441,2,,R,SUM,282,2026,S,2026-01-19 00:00:00,1,,,"PAPELERA ALPA. PAOLA AMELIA MATIENZO.,PRESUPUESTOS Nº 0002-00003848, 00003849.COCINA HOSPITAL, QUIROFANO.",23500.02,000115,,N
2026,1,323,323,2026-01-19 00:00:00,GMADA,1603,4,,R,SUM,224,2026,S,2026-01-19 00:00:00,2,,,"PRESUPUESTO N° X 1342394 de Garcia Gladys de ""Panadería Alem"" Esfuerzo Solidario",143000.0,000115,,N
2026,1,325,325,2026-01-19 00:00:00,GMADA,167,2,,R,SUM,353,2026,S,2026-01-19 00:00:00,1,,,TODO POLLO- PRESUPUESTO N° 66 (HOGAR DE ANCIANOS) DESDE 3/01/2026 AL 10/01/2026,474200.0,000115,,N
2026,1,327,327,2026-01-19 00:00:00,GMADA,167,2,,R,SUM,352,2026,S,2026-01-19 00:00:00,1,,,TODO POLLO- PRESUPUESTO N° 64 (HOGAR DE ANCIANOS) DESDE EL 3/01/26 AL 17/01/26,419470.0,000115,,N
2026,1,330,330,2026-01-19 00:00:00,GMADA,167,2,,R,SUM,351,2026,S,2026-01-19 00:00:00,1,,,TODO POLLO-  PRESUPUESTO N° 62 (COCINA) DESDE EL 3/01/26 AL 10/01/26,902425.0,000115,,N
2026,1,332,332,2026-01-19 00:00:00,GMADA,2869,2,,R,SUM,345,2026,S,2026-01-19 00:00:00,1,,,MADA POY S.A- PRESUPUESTO N° 0001-00000958 (COCINA) DESDE EL 6/01/26 AL 13/01/26,1192821.0,000115,,N
2026,1,333,333,2026-01-19 00:00:00,GMADA,3356,2,,R,SUM,344,2026,S,2026-01-19 00:00:00,2,,,PEREZ JORGE- PRESUPUESTO N° 282189 (HOGAR DE ANCIANOS) DESDE EL 22/12/25 AL 29/12/25,68000.0,000115,,N
2026,1,334,334,2026-01-19 00:00:00,GMADA,1440,2,,R,SUM,340,2026,S,2026-01-19 00:00:00,2,,,QUALIMED S.A- PRESUPUESTO N° 87 (ECOGRAFO),3775200.0,000115,,N
2026,1,335,335,2026-01-19 00:00:00,GMADA,1864,4,,R,SUM,319,2026,S,2026-01-19 00:00:00,1,,,"Expte N° 118/2026 Contrato: Amigorena, María Paula - Psicóloga Programa Envión. No cumple con el Art. 45 de la Ley 14.656",5567398.08,000115,,N
2026,1,336,336,2026-01-19 00:00:00,GMADA,1825,4,,R,SUM,320,2026,S,2026-01-19 00:00:00,2,,,"Expte N°118/2026 Contrato: Anrríquez, Gustavo Oscar - Trabajador Social Abordaje a la violencia masculino. No cumple con el Art. 45 de la Ley 14.656",1838583.36,000115,,N
2026,1,337,337,2026-01-19 00:00:00,GMADA,3492,4,,R,SUM,321,2026,S,2026-01-19 00:00:00,1,,,"Expte N° 118/2026 Contrato: Baigorria, Daniela - Operadora Grupal.Programa Envión. No cumple con el Art. 45 de la Ley 14.656",1634296.32,000115,,N
2026,1,338,338,2026-01-19 00:00:00,GMADA,3455,4,,R,SUM,322,2026,S,2026-01-19 00:00:00,1,,,"Expte N° 118/2026 Contrato: Cardozo, Aranza Celeste - Operadora de calle Servicio Local. No cumple con el Art. 45 de la Ley 14.656",6307176.0,000115,,N
2026,1,339,339,2026-01-19 00:00:00,GMADA,3034,4,,R,SUM,323,2026,S,2026-01-19 00:00:00,1,,,"Expte N° 118/2026 Contrato: Escobar, Estela - Operadora Territorial Abordaje a la Violencia Familiar y de Género. No cumple con el Art. 45 de la Ley 14.656",6307176.0,000115,,N
2026,1,340,340,2026-01-19 00:00:00,GMADA,3240,4,,R,SUM,325,2026,S,2026-01-19 00:00:00,1,,,"Expte N° 118/2026 Contrato: Etchart, María Eugenia - Abogada Servicio Local. No cumple con el Art. 45 de la Ley 14.656",6307176.0,000115,,N
2026,1,341,341,2026-01-19 00:00:00,GMADA,3470,4,,R,SUM,326,2026,S,2026-01-19 00:00:00,1,,,"Expte N° 118/2026 Contrato: Flores Herrero, Martina - Abogada Servicio Local. No cumple con el Art. 45 de la Ley 14.656",6307176.0,000115,,N
2026,1,342,342,2026-01-19 00:00:00,GMADA,2032,4,,R,SUM,327,2026,S,2026-01-19 00:00:00,1,,,"Expte N° 118/2026 Contrato: Gabito, Cristián Raúl - Abogado en Equipo de Abordaje a la violencian  masculino, coordinador de las intervenciones en vulneración de derechos. No cumple con el Art. 45 de la Ley 14.656",13425864.96,000115,,N
2026,1,343,343,2026-01-19 00:00:00,GMADA,3438,4,,R,SUM,329,2026,S,2026-01-19 00:00:00,1,,,"Expte N° 118/2026 Contrato: Golart, Noelia Belén - Psicóloga Servicio Local. No cumple con el Art. 45 de la Ley 14.656",6307176.0,000115,,N
2026,1,344,344,2026-01-19 00:00:00,GMADA,3516,4,,R,SUM,330,2026,S,2026-01-19 00:00:00,1,,,"Expte N° 118/2026 Contrato: Lopéz, Luis Miguel - Barbero Programa Envión. No cumple con el Art. 45 de la Ley 14.656",340000.0,000115,,N
2026,1,345,345,2026-01-19 00:00:00,GMADA,3453,4,,R,SUM,331,2026,S,2026-01-19 00:00:00,1,,,"Expte N° 118/2026 Contrato: Lorente, Ana Victoria . Trabajadora Social Servicio Local. No cumple con el Art. 45 de la Ley 14.656",6307176.0,000115,,N
2026,1,346,346,2026-01-19 00:00:00,GMADA,3361,4,,R,SUM,332,2026,S,2026-01-19 00:00:00,1,,,"Expte N° 118/2026 Contrato: Morando, Araceli - Operadora Territorial  Abordaje a la violencia familiar y de Género. No cumple con el Art. 45 de la Ley 14.656",6307176.0,000115,,N
2026,1,1873,1872,2026-05-19 00:00:00,GMADA,441,8,,R,SUM,1830,2026,S,2026-05-19 00:00:00,1,,, PROV.MATIENZO PAOLA AMELIA - PAPELERA ALPA   - PRES. N°3924- SEC. PRODUCCION- SALA DE ELABORACION,6300.02,000115,,N
2026,1,1874,1873,2026-05-19 00:00:00,GMADA,1879,24,,R,SUM,1831,2026,S,2026-05-19 00:00:00,1,,,"PRESUPUESTO 3911, ZUBIARRAIN DANIEL",78500.0,000115,,N
2026,1,1876,1875,2026-05-19 00:00:00,GMADA,840,3,,R,SUM,1833,2026,S,2026-05-19 00:00:00,2,,,"PRESUPUESTO 31537, ABETE Y CIA. S.A",46777.5,000115,,N
2026,1,1917,1916,2026-05-22 00:00:00,GMADA,1440,2,,R,SUM,1877,2026,S,2026-05-22 00:00:00,3,,,QUALIMED S.A- PRESUPUESTO N° 97,270072.0,000115,,N
2026,1,1918,1917,2026-05-22 00:00:00,GMADA,3332,3,,R,SUM,1879,2026,S,2026-05-22 00:00:00,1,,,PROV. ANA PAOLA RODRIGUEZ PRESUP.0219 PARA MAQUINA SOLDADORA,189200.0,000115,,N
2026,1,1919,1918,2026-05-22 00:00:00,GMADA,3580,2,,R,SUM,1688,2026,S,2026-05-22 00:00:00,2,,,PRESUPUESTO DIAGNOSTICA Y QUIMICA NOROESTE,2093179.0,000115,,N
2026,1,1920,1919,2026-05-22 00:00:00,GMADA,1876,2,,R,SUM,1885,2026,S,2026-05-22 00:00:00,4,,,MAX CONTINENTAL- PRESUPUESTO N° 18/05/26,607852.53,000115,,N
2026,1,1921,1920,2026-05-22 00:00:00,GMADA,2663,2,,R,SUM,1878,2026,S,2026-05-22 00:00:00,2,,,ALAIS PHARMA S.A- PRESUPUESTO N° 0001-00020236,799896.9,000115,,N
2026,1,2000,1999,2026-06-01 00:00:00,GMADA,1267,3,,R,SUM,1964,2026,S,2026-06-01 00:00:00,1,,,"PROV. SILVIA SORAGNI PRESUP.0618 REPUESTOS Y REPARACIONES PARA  SOG742,AF947,AWK675,ASZ490",1580603.0,000115,,N
2026,1,2001,2000,2026-06-01 00:00:00,GMADA,2675,3,,R,SUM,1962,2026,S,2026-06-01 00:00:00,2,,,PROV. CAROLINA NOWE PRESUP.0707 REPUESTOS PARA PALA CARGADORA CII58,586000.0,000115,,N
2026,1,2002,2001,2026-06-01 00:00:00,GMADA,2310,3,,R,SUM,1961,2026,S,2026-06-01 00:00:00,2,,,PROV.CENTRO HIERRO PRESUP.7884 PARA ARREGLOS DE CONTENEDORES,66829.24,000115,,N
2026,1,2003,2002,2026-06-01 00:00:00,GMADA,3287,4,,R,SUM,1949,2026,S,2026-06-01 00:00:00,2,,,"PRESUPUESTO N° 1890 de ""HISPANOGRAF"" Flyders ""Ni Una Menos""",34800.0,000115,,N
2026,1,2004,2003,2026-06-01 00:00:00,GMADA,1112,4,,R,SUM,1956,2026,S,2026-06-01 00:00:00,2,,,"PRESUPUESTO de Cecilia Ruau de ""EL CENTRO DE LOS AMIGOS"" Familias: María José Saganias  - Ceferino Carrizo Santos - Rosana Mirta Ruiz",579780.0,000115,,N
2026,1,2005,2004,2026-06-01 00:00:00,GMADA,117,CASA,,R,SUM,1955,2026,S,2026-06-01 00:00:00,1,,,"Expte N° 304/2026 ""Proyecto de Talleres Programa Envión"" PRESUPUESTO N° X 0014-00255604 de ""PAPELERAS LAS 3 MARIAS"" Para taller de diseño y de cocina",78400.0,000115,,N
2026,1,2006,2005,2026-06-01 00:00:00,GMADA,117,4,,R,SUM,1954,2026,S,2026-06-01 00:00:00,1,,,"PRESUPUESTO N° X 0014-00255603 de ""PAPELERA LAS  3 MARIAS"" Para sede y Servicio Local",42620.0,000115,,N
2026,1,2007,2006,2026-06-01 00:00:00,GMADA,117,CASA,,R,SUM,1953,2026,S,2026-06-01 00:00:00,1,,,"PRESUPUESTO N° X 0014-00255601 de ""PAPELERAS LAS 3 MARIAS"" Para egreso, actividades varias",238369.86,000115,,N
2026,1,2008,2007,2026-06-01 00:00:00,GMADA,345,2,,R,SUM,1915,2026,S,2026-06-01 00:00:00,2,,,AZCUENAGA- PRESUPUESTO N° 00002-00057861,1944878.34,000115,,N
2026,1,2009,2008,2026-06-01 00:00:00,GMADA,3390,2,,R,SUM,1843,2025,S,2026-06-01 00:00:00,2,,,ALTA MORENA - PRESUPUESTO N° 1-56 (HOSPITAL Y HOGAR ANCIANOS) CONSUMO DEL03/03/2026 al 05/04/2026,1835000.0,000115,,N
2026,1,2010,2009,2026-06-01 00:00:00,GMADA,2627,2,,A,SUM,1957,2026,S,2026-06-01 00:00:00,1,2026-06-03 00:00:00,NO,SANTA PAULA - PRESUPUESTO N° 1-2223,70800.0,000115,,N
2026,1,2011,2010,2026-06-01 00:00:00,GMADA,117,2,,R,SUM,1958,2025,S,2026-06-01 00:00:00,1,,,PAPELERA LAS 3 MARIAS - PRESUPUESTO N° 14-255602,779969.46,000115,,N
2026,1,2012,2011,2026-06-01 00:00:00,GMADA,3075,H.ANC,,R,SUM,1959,2026,S,2026-06-01 00:00:00,1,,,JUAN MARTIN CORREA - PRESUPUESTO N° 1-101,52620.95,000115,,N
2026,1,2071,2070,2026-06-05 00:00:00,GMADA,1890,2,,R,PRESU,354710,2026,S,2026-06-05 00:00:00,3,,,"CIARDI HNOS - PRESUPUESTO N° 1-354710 UPS PARA ECOGRAFO, MAMOGRAFO Y EQUIPO DE RAYOS",2384147.47,000000,,N
2026,1,2013,2012,2026-06-01 00:00:00,GMADA,1078,H.ANC,,R,SUM,1960,2026,S,2026-06-01 00:00:00,2,,,OPAZO DANIEL - PRESUPUESTO S/N FECHA 26/5/26,90000.0,000115,,N
2026,1,2016,2015,2026-06-01 00:00:00,GMADA,1259,6,,A,SUM,1980,2026,S,2026-06-01 00:00:00,1,2026-06-03 00:00:00,NO,"PRODUCCION 30833, SUC DANNUNZIO JORGE",217172.5,000115,,N
2026,1,2017,2016,2026-06-01 00:00:00,GMADA,2838,5,,R,SUM,1973,2026,S,2026-06-01 00:00:00,1,,,LUIS MONSERRAT  DIA DEL PAYADOR  09/07  EXPTE 1471/26,180000.0,000115,,N
2026,1,2018,2017,2026-06-01 00:00:00,GMADA,1547,DESTS,,R,SUM,1988,2026,S,2026-06-01 00:00:00,1,,,"PRESUPUESTO 22/5/2026, MENDEZ MARCOS",560000.0,000115,,N
2026,1,2019,2018,2026-06-01 00:00:00,GMADA,2208,1,,R,SUM,1985,2026,S,2026-06-01 00:00:00,1,,,"Lombardi Martín ,presupuesto 398 bis ,399.",200000.0,000115,,N
2026,1,2142,2141,2026-06-10 00:00:00,GMADA,2663,2,,R,SUM,2106,2026,S,2026-06-10 00:00:00,3,,,ALAIS PHARMA - PRESUPUESTO N° 1-20453,3083002.4,000115,,N
2026,1,2144,2143,2026-06-10 00:00:00,GMADA,441,1,,A,SUM,2121,2026,S,2026-06-10 00:00:00,1,2026-06-30 00:00:00,NO,"PRESUPUESTO 000, MATIENZO PAOLA EMILIA",87500.0,000115,,N
2026,1,2145,2144,2026-06-10 00:00:00,GMADA,3299,6,,R,SUM,2132,2026,S,2026-06-10 00:00:00,1,,,"PRESUPRUESTO 108, BERON BRAULIO",240000.0,000115,,N
2026,1,2146,2145,2026-06-10 00:00:00,GMADA,1514,3,,R,SUM,2114,2026,S,2026-06-10 00:00:00,2,,,PROV.CASA ELICEIRY PRESUP.08/06/2026 PARA VAHICULOS DE ESTA SECRETARIA,1350000.0,000115,,N
2026,1,2147,2146,2026-06-10 00:00:00,GMADA,3287,3,,R,SUM,2116,2026,S,2026-06-10 00:00:00,1,,,PROV.HISPANOGRAF PRESUP.1892 FOLLETOS HORARIOS RECOLECCION,193000.0,000115,,N
2026,1,2148,2147,2026-06-10 00:00:00,GMADA,2675,3,,R,SUM,2117,2026,S,2026-06-10 00:00:00,3,,,"PROV. CARLONA NOWE PRESUP.0709 REPUESTOS PARA CII58,Y VUHICULOS  EN GENERAL",128000.0,000115,,N
2026,1,2149,2148,2026-06-10 00:00:00,GMADA,1692,3,,R,SUM,2118,2026,S,2026-06-10 00:00:00,2,,,PROV. PABLO FERNANDEZ PRESUP.08/06 TUBO DESAGUE PLUVIAL PARA CALLE 9 Y 46,1158889.6,000115,,N
2026,1,2150,2149,2026-06-10 00:00:00,GMADA,2310,3,,R,SUM,2130,2026,S,2026-06-10 00:00:00,2,,,PROV. CENTRO HIERRO PRESUP.7912 HIERROS PARA REPARACION DE BARANDAS DEL CALLES 33,776392.05,000115,,N
2026,1,2152,2151,2026-06-10 00:00:00,GMADA,3587,3,,R,SUM,2115,2026,S,2026-06-10 00:00:00,3,,,PROV.FD SEGURIDA FLORENCIA TATANGELLO PRESUP.0128 GUANTES DE TRABAJO Y PROTECTORES PARA AGENTES MUNICIPALES,1898622.0,000115,,N
2026,1,2154,2153,2026-06-10 00:00:00,GMADA,2310,3,,R,SUM,2131,2026,S,2026-06-10 00:00:00,2,,,PROV.CENTRO HIERRO PRESUP.7909 HIERROS PARA CAMION PPU739,101186.17,000115,,N
2026,1,2156,2155,2026-06-10 00:00:00,GMADA,1629,4,,R,SUM,2112,2026,S,2026-06-10 00:00:00,2,,,"PRESUPUESTO DE ""EXTRAGAS""",5070000.0,000115,,N
2026,1,2382,2382,2026-06-29 00:00:00,GMADA,2812,4,,R,SUM,2008,2026,S,2026-06-29 00:00:00,1,,,"Expte N° 118/2026 ADDENDA Sr. Peréz, Santiago Oscar Operador Grupal en el equipo del Programa En vión y Operador de Calle en el equipo del Servicio Local - No cumple con el Art. 45 de la Ley 14.656",148738.76,000115,,N
2026,1,2384,2384,2026-06-29 00:00:00,GMADA,1810,2,,R,SUM,2349,2026,S,2026-06-29 00:00:00,2,,,AC REFRIGERACION - PRESUPUESTO N°387,200000.0,000115,,N
2026,1,2391,2391,2026-06-29 00:00:00,GMADA,1356,5,,R,SUM,2384,2026,S,2026-06-29 00:00:00,2,,,CRISTIAN MENDEZ  PROVEEDOR N° 1356 ENCUENTRO DE PAYADORES EXPTE. 14714/26,1300000.0,000115,,N
2026,1,2393,2394,2026-06-29 00:00:00,GMADA,2869,H.ANC,,R,SUM,2319,2026,S,2026-06-29 00:00:00,1,,,MADA POY - PRESUPUESTO N° 1-1031 SEMANA DEL 09/06/2026 AL 16/06/2026,2499395.0,000115,,N
2026,1,2397,2397,2026-06-29 00:00:00,GMADA,158,2,,R,SUM,2326,2026,S,2026-06-29 00:00:00,1,,,FARMACIA SOTO - PRESUPUESTO N° 1-945 (HOSPITAL),218258.09,000115,,N
2026,1,2402,2402,2026-06-29 00:00:00,GMADA,2869,2,,R,SUM,2320,2026,S,2026-06-29 00:00:00,1,,,MADA POY - PRESUPUESTO N° 1-1030 SEMANA DEL 09/06/2026 AL 16/06/2026,1839009.0,000115,,N
2026,1,2403,2403,2026-06-29 00:00:00,GMADA,527,2,,R,SUM,2325,2026,S,2026-06-29 00:00:00,2,,,SERVIMED - PRESUPUESTO N° 1667/26 PARA PESAR A PACIENTES QUE INGRESAN HACERSE UNA TOMOGRAFIA CON CONTRASTE SE NECESITA SABER EL PESO,1565365.0,000115,,N
2026,1,2467,2467,2026-07-06 00:00:00,GMADA,87,2,,R,SUM,2419,2026,S,2026-07-06 00:00:00,1,,,DROGUERIA DANA- PRESUPUESTO N° 1/07/2026,55220.0,000115,,N
2026,1,2468,2468,2026-07-06 00:00:00,GMADA,2454,2,,R,SUM,2428,2026,S,2026-07-06 00:00:00,3,,,PRESUPUESTO  ANTONIO NAHUEL,370000.0,000115,,N
2026,1,2469,2469,2026-07-06 00:00:00,GMADA,1440,2,,R,SUM,2443,2026,S,2026-07-06 00:00:00,1,,,PRESUPUESTO QUALIMED S.A REPARACION CHASIS DE MAMOGRAFIA,809768.0,000115,,N
2026,1,2470,2470,2026-07-06 00:00:00,GMADA,3557,2,,R,SUM,2446,2026,S,2026-07-06 00:00:00,2,,,PRESUPUESTO GOÑI HECTOR DANIEL REAPRACIONES DE CORTINAS EN INTERNACION,320000.0,000115,,N
2026,1,2472,2472,2026-07-06 00:00:00,GMADA,3595,2,,R,SUM,2448,2026,S,2026-07-06 00:00:00,2,,,PRESUPUESTO 116 RAVENTOS MARIANA RECARGA CO2,132000.0,000115,,N
2026,1,2474,2474,2026-07-06 00:00:00,GMADA,3287,5,,R,SUM,2427,2026,S,2026-07-06 00:00:00,1,,,HISPANOGRAF PRESUPUESTO N° 1901  EXPTE 1471/26,46000.0,000115,,N
2026,1,2481,2481,2026-07-06 00:00:00,GMADA,285,2,,R,SUM,2362,2023,S,2026-07-06 00:00:00,3,,,PROVEEDOR RADIOGRAFICA - PRESUPUESTO X0000100054634,1327659.04,000115,,N
2026,1,2482,2482,2026-07-06 00:00:00,GMADA,2701,3,,R,SUM,2426,2026,S,2026-07-06 00:00:00,1,,,PROV.CORONEL NAHUEL PRESUP.0915 REPUESTO PARA CAMION XNE245,35000.0,000115,,N
2026,1,2484,2484,2026-07-06 00:00:00,GMADA,578,3,,R,SUM,2433,2026,S,2026-07-06 00:00:00,2,,,PROV.ITURRARTE JORGE PRESUP.5399  REPUESTO PARA IVECO PPU739,282065.62,000115,,N
2026,1,2487,2486,2026-07-06 00:00:00,GMADA,436,3,,R,SUM,2431,2026,S,2026-07-06 00:00:00,1,,,"PROV.BAIGORRIA LORENZO PRESP.01/07/2026 PARCHES Y REPARACIONES PARA XNE245,FIAT ALLIS 140,AF591SL,LED010,AWK675,CII58,MUSTANG B44,AE388ZF,BGZ45,AF591SL,AE388ZF,HKO983,OI617,JZH266",1842000.0,000115,,N
2026,1,2489,2489,2026-07-06 00:00:00,GMADA,3322,2,,R,SUM,2374,2026,S,2026-07-06 00:00:00,2,,,PINAMAR HIGIENE INSTITUCIONAL - PRESUPUESTO N° 16-2658,27885.82,000115,,N
2026,1,2490,2490,2026-07-06 00:00:00,GMADA,2627,2,,R,SUM,2372,2026,S,2026-07-06 00:00:00,1,,,SANTA PAULA - PRESUPUESTO N° 1-2234 (HOSPITAL),128000.0,000115,,N
2026,1,2491,2491,2026-07-06 00:00:00,GMADA,717,2,,R,SUM,2373,2026,S,2026-07-06 00:00:00,1,,,PROVEDURIA LA ILUSION - PRESUPUESTO N° 21434 (HOSPITAL),207900.0,000115,,N
2026,1,2492,2492,2026-07-06 00:00:00,GMADA,285,2,,A,SUM,2367,2026,S,2026-07-06 00:00:00,2,2026-07-14 00:00:00,NO,PROVEEDOR RADRIOGRAFICA OESTE - PRESUPUESTO N° X0000100054489,331271.54,000115,,N
2026,1,2493,2493,2026-07-06 00:00:00,GMADA,2883,2,,R,SUM,2369,2026,S,2026-07-06 00:00:00,2,,,PROVEEDOR INSUMOS GENERALES 3F - PRESUPUESTO 19/06/2026,85597.3,000115,,N
2026,1,1203,1204,2026-04-07 00:00:00,GMADA,441,1,,R,SUM,1221,2026,S,2026-04-07 00:00:00,1,,,"Matienzo Paola Amelia, N°0002-0003907",126700.0,000115,,N
2026,1,1205,1206,2026-04-07 00:00:00,GMADA,1468,2,,R,SUM,1204,2026,S,2026-04-07 00:00:00,2,,,NOVAFARMA- PRESUPUESTO N° 31/03/2026,1297679.48,000115,,N
2026,1,1207,1208,2026-04-07 00:00:00,GMADA,1440,2,,R,SUM,1193,2026,S,2026-04-07 00:00:00,2,,,QUALIMED S.A- PRESUPUESTO N° 93,4604209.0,000115,,N
2026,1,1210,1211,2026-04-07 00:00:00,GMADA,313,3,,R,SUM,1201,2026,S,2026-04-07 00:00:00,1,,,PROV. ATREUCO PUEL COMBUSTIBLE PARA VEHICULOS Y MAQUINAS DE ESTA SECRETARIA,8000000.0,000115,,N
2026,1,1212,1213,2026-04-07 00:00:00,GMADA,117,3,,R,SUM,1197,2026,S,2026-04-07 00:00:00,1,,,PROV. PAPELERA LAS 3 MARIAS PRESUP.252824 MEDIO AMBIENTE RECICLAJE,74448.0,000115,,N
2026,1,1214,1215,2026-04-07 00:00:00,GMADA,300,22,,R,SUM,1195,2026,S,2026-04-07 00:00:00,1,,,PROV.TODO COLOR PRESUP.7213 PARA ARREGLOS EN DEFENSA CIVIL,655840.0,000115,,N
2026,1,1217,1218,2026-04-07 00:00:00,GMADA,436,3,,R,SUM,1196,2026,S,2026-04-07 00:00:00,1,,,"PROV.BAIGORRIA LORENZO PRESUP.31/03/26 PARCHES Y REPARACIONES DE CAMARAS Y CUBIERTAS PARA AWZ675,BNA17,LED013,AE388ZE, ASZ490,BGZ45,BNA17,LED010,UYW682,AE388ZE,SVN719,PPU739,",868000.0,000115,,N
2026,1,1758,1758,2026-05-13 00:00:00,GMADA,3582,1,,R,SUM,1779,2026,S,2026-05-13 00:00:00,2,,,Corresponde presupuesto n ° 14697- NUEVO MILENIO,828099.8,000120,,N
2026,1,1761,1761,2026-05-13 00:00:00,GMADA,612,2,,R,SUM,1716,2026,S,2026-05-13 00:00:00,1,,,MARZULLO COMPUTACION - PRESUPUESTO N° 1-1299  -1300 (SALUD MENTAL HOSPITAL),52000.0,000115,,N
2026,1,1765,1765,2026-05-13 00:00:00,GMADA,441,8,,R,SUM,1756,2026,S,2026-05-13 00:00:00,1,,,PROV.MATIENZO PAOLA AMELIA - PAPELERA ALPA   - PRES. N°3924- SEC. PRODUCCION- SALA DE ELABORACION,23634.4,000115,,N
2026,1,1766,1766,2026-05-13 00:00:00,GMADA,441,CASA,,R,SUM,1644,2026,S,2026-05-13 00:00:00,2,,,"PRESUPUESTO N° X 0002-00003921 3925  de Matienzo, Paola Amelia de ""ALPA MADARIAGA"" Taller de Diseño",10100.21,000115,,N
2026,1,1767,1767,2026-05-13 00:00:00,GMADA,1876,2,,R,SUM,1742,2026,S,2026-05-13 00:00:00,3,,,MAX CONTINENTAL - PRESUPUESTO N° 6/05/26,2933264.59,000115,,N
2026,1,1769,1769,2026-05-13 00:00:00,GMADA,160,JARDM,,R,SUM,1753,2026,S,2026-05-13 00:00:00,2,,,"PRESUPUESTO N° 0001-00001195 de ""AGROVETERINARIA MARZULLO"" Para limpieza en la casita de chocolate",37079.7,000115,,N
2026,1,1771,1771,2026-05-13 00:00:00,GMADA,2627,H.ANC,,R,SUM,1584,2026,S,2026-05-13 00:00:00,1,,,SANTA PAULA - PRESUPUESTO N° 1-2218  SEMANA DEL  19/04/2026 AL 26/04/2026,82700.0,000115,,N
2026,1,1773,1773,2026-05-13 00:00:00,GMADA,167,H.ANC,,R,SUM,1579,2026,S,2026-05-13 00:00:00,1,,,TODO POLLO - PRESUPUESTO N° 97 SEMANA DEL 21/04/2026 AL 28/04/2026,529950.0,000115,,N
2026,1,1783,1783,2026-05-13 00:00:00,GMADA,2636,2,,R,SUM,1687,2026,S,2026-05-13 00:00:00,2,,,VIDRIERIA SUAREZ - PRESUPUESTO S/N CAMBIO VIDRIO CONSULTORIO PEDIATRIA - CIC QUINTANILLA  - HABITACION 5 - PUERTA OFFICE ENFERMERIA - VENTANA PASILLO GUARDIA - VENTANA HABITACION 16 - VENTANA HABITACION 11  -PUERTA TERAPIA,516100.0,000115,,N
2026,1,1785,1785,2026-05-13 00:00:00,GMADA,1078,2,,R,SUM,1710,2026,S,2026-05-13 00:00:00,2,,,OPAZO - PRESUPUESTO S/N FECHA 7/5/26,195000.0,000115,,N
2026,1,1793,1793,2026-05-13 00:00:00,GMADA,193,35,,R,SUM,1787,2026,S,2026-05-13 00:00:00,2,,,Exp.:3053/26 Infraestructura para las 70 viviendas - Alumbrado Público - Prov.:Coema LTDA - Presup.:Convenio,40974628.87,000115,,N
2026,1,1795,1795,2026-05-13 00:00:00,GMADA,193,35,,R,SUM,1785,2026,S,2026-05-13 00:00:00,2,,,Exp.:3053/26 Infraestructura para las 70 viviendas - Alumbrado Público - Prov.:Coema LTDA - Presup.:Contrato,93015096.23,000115,,N
2026,1,1797,1797,2026-05-13 00:00:00,GMADA,2498,35,,R,SUM,1774,2026,S,2026-05-13 00:00:00,1,,,Exp.:3052/26 Infraestructura para las 70 viviendas - Cordon Cuneta - Agua Corriente y Desagüe Cloacal - Prov.:Coop. de Trab. Grupo Alfa Ltda. - Presup.:Contrato,333100837.41,000115,,N
2026,1,1799,1799,2026-05-13 00:00:00,GMADA,3296,2,,R,SUM,1713,2026,S,2026-05-13 00:00:00,1,,,PINTURERIA CONCEPTO - PRESUPUESTO N° 3-3868 MATERIALES PARA REFACCIONES CAÑOS DE GAS CALDERA,106107.09,000115,,N
2026,1,1800,1800,2026-05-13 00:00:00,GMADA,879,CASA,,R,SUM,1733,2026,S,2026-05-13 00:00:00,3,,,"PRESUPUESTOS N° X 0001-00001068/1081 de Tatano Harisgarat S.R.L. de ""CASA HARISGARAT"" Colocación de calefactor",110530.0,000115,,N
2026,1,1801,1801,2026-05-13 00:00:00,GMADA,1603,4,,R,SUM,1736,2026,S,2026-05-13 00:00:00,2,,,"PRESUPUESTO N° X 6939064 de García, Gladys de ""PANADERIA ALEM"" Esfuerzo Solidario abril 2026",224000.0,000115,,N
2026,1,112,112,2026-01-09 00:00:00,GMADA,1530,6,,R,SUM,164,2026,S,2026-01-09 00:00:00,1,,,"PRESUPUESTO 29001070, TOMAS ELORRIAGA E HIJOS",180169.0,000115,,N
2026,1,113,113,2026-01-09 00:00:00,GMADA,413,3,,R,SUM,131,2026,S,2026-01-09 00:00:00,1,,,"PROV.AGUSTIN PASO , PRESUP.3995,3988,3987,3986,3981,3978,3974,3973,3971,3967,3694,3692,3958,3957,3954,3684,3953,3947,3950,3951,PARCHE Y REPARACIONES PARA VEHICULOS Y MAQUINAS:CII58,EFJ13,OOI617,DMI232,LED013,CII59, VOLVO G710,BMV14,AF947IJ,LFN114,PJY978,INI856",1390000.0,000115,,N
2026,1,115,115,2026-01-09 00:00:00,GMADA,2595,3,,R,SUM,154,2026,S,2026-01-09 00:00:00,1,,,"PROV.IVAN PERICO PRESUP.7887 REPEUSTOS PARA FORD 14000 DMI 232,PALA SDLG936 CII58",96600.0,000115,,N
2026,1,117,117,2026-01-09 00:00:00,GMADA,2595,3,,R,SUM,153,2026,S,2026-01-09 00:00:00,1,,,"PROV.IVAN PERICO PRESUP.7915 REPUESTOS PARA VW LED013, COLECTIVO JZH266",178110.0,000115,,N
2026,1,118,118,2026-01-09 00:00:00,GMADA,212,3,,R,SUM,148,2026,S,2026-01-09 00:00:00,1,,,PROV.JOSE ANGEL FERNADEZ PRESUP.0071 REPARACION DE RADIADOR PARA FORD 14000 ASZ490,190000.0,000115,,N
2026,1,120,120,2026-01-09 00:00:00,GMADA,1879,3,,R,SUM,144,2026,S,2026-01-09 00:00:00,1,,,"PROV.DANIEL ZUBIARRAIN PRESUP.3035,3031 REPUSTOS PARA FLS723,INI856,KYV355",133500.0,000115,,N
2026,1,29,29,2026-01-06 00:00:00,GMADA,2365,1,,R,SUM,42,2026,S,2026-01-06 00:00:00,1,,,PREVISION FARIAS GONZALEZ CARLOS JOAQUIN,3000000.0,000115,,N
2026,1,30,30,2026-01-06 00:00:00,GMADA,2627,2,,R,SUM,67,2026,S,2026-01-06 00:00:00,1,,,SANTA PAULA- PRESUPUESTO N° 0001-00002156 (COCINA) DESDE 12/12/25 AL 19/12/25,33000.0,000115,,N
2026,1,32,32,2026-01-06 00:00:00,GMADA,2627,2,,R,SUM,68,2026,S,2026-01-06 00:00:00,1,,,SANTA PAULA- PRESUPUESTO N° 0001-00002159 (COCINA) DESDE 20/12/25 AL 27/12/25,18000.0,000115,,N
2026,1,34,33,2026-01-06 00:00:00,GMADA,2627,2,,R,SUM,69,2026,S,2026-01-06 00:00:00,1,,,SANTA PAULA- PRESUPUESTO N° 0001-00003253 (COCINA) DESDE 27/12/25 AL 3/01/26,13000.0,000115,,N
2026,1,36,36,2026-01-06 00:00:00,GMADA,2627,2,,R,SUM,70,2026,S,2026-01-06 00:00:00,1,,,SANTA PAULA- PRESUPUESTO N° 0001-00002162 (COCINA) DESDE 2/01/26 AL 9/01/26,29000.0,000115,,N
2026,1,38,38,2026-01-06 00:00:00,GMADA,1658,2,,R,SUM,74,2026,S,2026-01-06 00:00:00,1,,,PREVISON YELITO BIDONES X 5 LITROS AGUA DESTILADA PARA EQUIPOS DE LABORATORIO DE ANALISIS CLINICO,1620000.0,000115,,N
2026,1,42,42,2026-01-06 00:00:00,GMADA,1078,2,,R,SUM,71,2026,S,2026-01-06 00:00:00,2,,,OPAZO DANIEL- PRESUPUESTO N° 29/12/25 (CONSULTORIO DE PSICOLOGIA Y LAVADERO),190000.0,000115,,N
2026,1,46,46,2026-01-06 00:00:00,GMADA,2883,2,,R,SUM,78,2026,S,2026-01-06 00:00:00,2,,, INSUMOS GENERALES 3F- PRESUPUESTO N° 4/12/2025 (FARMACIA),149230.14,000115,,N
2026,1,51,52,2026-01-06 00:00:00,GMADA,1440,2,,R,SUM,79,2026,S,2026-01-06 00:00:00,2,,,QUALIMED - PRESUPUESTO N° 86 (RAYOS),5797485.0,000115,,N
2026,1,76,76,2026-01-07 00:00:00,GMADA,2218,ASLEG,,R,SUM,156,2025,S,2026-01-07 00:00:00,1,,,Expte. 3 Contrato Alomso Leandro Martín Desde Enero a Marzo.,4950000.0,000115,,N
2026,1,77,77,2026-01-08 00:00:00,GMADA,3426,2,,R,SUM,123,2026,S,2026-01-08 00:00:00,2,,,JAIME MARIA GRACIELA. PREVISION  MES  ENERO -FEBRERO.GUARDIA PEDIATRICA.|,12800000.0,000115,,N
2026,1,78,78,2026-01-08 00:00:00,GMADA,3537,2,,R,SUM,125,2026,S,2026-01-08 00:00:00,1,,,JORGE ADRIAN BUGIOLACHI. PREVISION MES DE ENERO-FEBRERO. GUARDIA QUIROFANO. ANESTESISTA.,16480000.0,000115,,N
2026,1,114,114,2026-01-09 00:00:00,GMADA,3233,25,,R,SUM,165,2026,S,2026-01-09 00:00:00,2,,,"Contrato Viviana Rodriguez, periodo enero-junio 2026 (expt. 1262/23)",3300000.0,000115,,N
2026,1,116,116,2026-01-09 00:00:00,GMADA,2228,25,,R,SUM,163,2026,S,2026-01-09 00:00:00,1,,,"Bianco Ezequiel (tecnico-com), contrato enero-junio del 2026(expt. 160/25)",3180000.0,000115,,N
2026,1,119,119,2026-01-09 00:00:00,GMADA,2142,25,,R,SUM,166,2026,S,2026-01-09 00:00:00,4,,,"Julasoft, contrado enero- junio 2026 (expt. 161/25)",7860000.0,000115,,N
2026,1,127,127,2026-01-09 00:00:00,GMADA,1119,2,,R,SUM,64,2026,S,2026-01-09 00:00:00,2,,,EXPEDIENTE 5/2025 CONTRATO SOMA S.A DEL 01/01/26 AL 30/06/2026 RECOLECCIÓN SERVICIOS RESIDUOS  PATOGENICOS,12900000.0,000115,,N
2026,1,141,141,2026-01-13 00:00:00,GMADA,17,1,,R,SUM,221,2026,S,2026-01-13 00:00:00,1,,,PRESUPUESTO N° 00149 - MOTOMAQUINARIAS LUIS / REPARACION Y REPUESTOS NUEVOS EN MOTOMAQUINARIAS DE CESPED,310000.0,000115,,N
2026,1,142,142,2026-01-13 00:00:00,GMADA,441,9,,R,SUM,219,2026,S,2026-01-13 00:00:00,1,,,PRESUPUESTO N° 3836 - ALPA MADARIAGA / MATERIALES PARA LA COLONIA DE VERANO MUNICIPAL,8945.03,000115,,N
2026,1,144,144,2026-01-13 00:00:00,GMADA,169,9,,R,SUM,220,2026,S,2026-01-13 00:00:00,1,,,PRESUPUESTO N°1008 - TERRANOVA QUIMICA / PRODUCTOS Y MATERIALES DE LIMPIEZA PARA EL POLIDEPORTIVO MUNICIPAL,14200.0,000115,,N
2026,1,147,147,2026-01-13 00:00:00,GMADA,71,9,,R,SUM,207,2026,S,2026-01-13 00:00:00,1,,,PRESUPUESTO N°15606 - PROVEEDURIA CAMPO Y CIUDAD / MATERIALES DE MANTENIMIENTO,38000.0,000115,,N
2026,1,150,150,2026-01-13 00:00:00,GMADA,612,25,,R,SUM,240,2026,S,2026-01-13 00:00:00,1,,,"Marzullo computacion, presupuesto 1295 (tecnica-com)",31000.0,000115,,N
2026,1,152,152,2026-01-13 00:00:00,GMADA,1879,25,,R,SUM,247,2026,S,2026-01-13 00:00:00,1,,,"Rodamientos Tuyu, presupuesto 3042 ( AE331IY)",81300.0,000115,,N
2026,1,154,154,2026-01-13 00:00:00,GMADA,3297,25,,R,SUM,264,2026,S,2026-01-13 00:00:00,2,,,"Frenos Madariaga, presupuesto 092 (ae704aw)",396000.0,000115,,N
2026,1,170,170,2026-01-13 00:00:00,GMADA,160,6,,A,SUM,162,2026,S,2026-01-13 00:00:00,1,2026-04-22 00:00:00,NO,"PRESUPUESTO 1156, SUC MARZULLO ABEL",64520.0,000115,,N
2026,1,172,172,2026-01-13 00:00:00,GMADA,1266,29,,R,SUM,101,2026,S,2026-01-13 00:00:00,3,,,"RENOVACION DE ABONO DE ALARMA, 1° CUATRIMESTRE, EXPTE 20/2025",710400.0,000115,,N
2026,1,175,175,2026-01-13 00:00:00,GMADA,33,DEFCI,,R,SUM,250,2026,S,2026-01-13 00:00:00,1,,,"RENOVACION POLIZA, PCIA SEGUROS(33), POLIZA 10946164",473536.94,000115,,N
2026,1,177,177,2026-01-13 00:00:00,GMADA,33,8,,R,SUM,252,2026,S,2026-01-13 00:00:00,1,,,"RENOVACION POLIZA, PCIA SEGUROS(33), POLIZA 10946164",1394646.97,000115,,N
2026,1,179,179,2026-01-13 00:00:00,GMADA,33,3,,R,SUM,249,2026,S,2026-01-13 00:00:00,1,,,"RENOVACION POLIZA, PCIA SEGUROS(33), POLIZA 10946164",25160.31,000115,,N
2026,1,181,181,2026-01-13 00:00:00,GMADA,33,25,,R,SUM,257,2026,S,2026-01-13 00:00:00,2,,,"RENOVACION POLIZA, PCIA SEGUROS(33), POLIZA 10946164",13104289.05,000115,,N
2026,1,182,182,2026-01-13 00:00:00,GMADA,33,21,,R,SUM,248,2026,S,2026-01-13 00:00:00,1,,,"RENOVACION POLIZA, PCIA SEGUROS(33), POLIZA 10946164",13738560.16,000115,,N
2026,1,183,183,2026-01-13 00:00:00,GMADA,33,5,,R,SUM,246,2026,S,2026-01-13 00:00:00,1,,,"RENOVACION POLIZA, PCIA SEGUROS(33), POLIZA 10946164",10621373.73,000115,,N
2026,1,184,184,2026-01-13 00:00:00,GMADA,3145,29,,R,SUM,273,2026,S,2026-01-13 00:00:00,3,,,"WAGNER LUCAS DARIO,   PRESUPUESTO",371999.0,000115,,N
2026,1,185,185,2026-01-13 00:00:00,GMADA,33,1,,R,SUM,245,2026,S,2026-01-13 00:00:00,1,,,"RENOVACION DE POLIZA, PCIA SEGUROS(33), POLIZA 10946164",3436775.39,000115,,N
2026,1,187,187,2026-01-13 00:00:00,GMADA,33,24,,R,SUM,244,2026,S,2026-01-13 00:00:00,1,,,"RENOVACION POLIZA, PCIA SEGUROS(33), POLIZA 10946164",1064255.55,000115,,N
2026,1,190,190,2026-01-13 00:00:00,GMADA,33,4,,R,SUM,243,2026,S,2026-01-13 00:00:00,1,,,"RENOVACION DE POLIZA, PCIA SEGUROS(33) POLIZA 10946164",3500363.22,000115,,N
2026,1,191,192,2026-01-13 00:00:00,GMADA,33,35,,R,SUM,241,2026,S,2026-01-13 00:00:00,1,,,"RENOVACION DE POLIZA, PCIA SEGUROS POLIZA 10946164(33)",1004493.42,000115,,N
2026,1,193,193,2026-01-13 00:00:00,GMADA,33,9,,R,SUM,239,2026,S,2026-01-13 00:00:00,1,,,"RENOVACION POLIZA, PCIA SEGUROS POLIZA 10946164",8404581.12,000115,,N
2026,1,196,196,2026-01-13 00:00:00,GMADA,717,2,,R,SUM,152,2026,S,2026-01-13 00:00:00,1,,,PROVEEDURIA LA ILUSION. PINILLA MARINA IRENE.PRESUPUESTO COCINA HOSPITAL MUNICIPAL.,112000.0,000115,,N
2026,1,121,121,2026-01-09 00:00:00,GMADA,17,DEFCI,,R,SUM,143,2026,S,2026-01-09 00:00:00,1,,,"PROV. LUIS LOMBARDIA PRESUP.0146 REPUSTOS PARA MOTOGUADAÑA, MOTOSIERRAS",726500.0,000115,,N
2026,1,122,122,2026-01-09 00:00:00,GMADA,17,DEFCI,,R,SUM,142,2026,S,2026-01-09 00:00:00,1,,,PROV. LUIS LOMBARDIA PRESUP.0053 INSUMOS Y REPUESTOS PARA MAQUINAS CORTA PASTO,536000.0,000115,,N
2026,1,123,123,2026-01-09 00:00:00,GMADA,436,3,,R,SUM,1,2026,S,2026-01-09 00:00:00,1,,,"PROV.BAIGORIA LORENZO PRESUP.02/01/2025 REPARACION DE  CAMARAS Y CUBIETRAS PARA  SVN719,SOG742, ASZ490,UWV265,BMV14, LED 013,AF947IJ CII58 VOLVO G710, PJY978 , J",2050000.0,000115,,N
2026,1,124,124,2026-01-09 00:00:00,GMADA,2558,DEFCI,,R,SUM,160,2026,S,2026-01-09 00:00:00,1,,,PROV.IGUI PRESUP.4495 PARA FUENTE DEL BICENTENARIO,185000.0,000115,,N
2026,1,125,125,2026-01-09 00:00:00,GMADA,1626,DEFCI,,R,SUM,159,2026,S,2026-01-09 00:00:00,1,,,PROV.VOLTIOS PRESUP.06012026 REFLECTORES PARA PARCHE ANCHORENA Y PASEO DEL BICENTENARIO,464000.0,000115,,N
2026,1,126,126,2026-01-09 00:00:00,GMADA,3122,3,,R,SUM,158,2026,S,2026-01-09 00:00:00,2,,,PROV. BERTRAND BELLEMUR PRESUP.07/01/2025 REPUESTOS PARA VW LED013,379299.0,000115,,N
2026,1,267,267,2026-01-16 00:00:00,GMADA,3356,2,,R,SUM,281,2026,S,2026-01-16 00:00:00,2,,,"PEREZ, JORGE- PRESUPUESTO N° 282185 (HOGAR DE ANCIANOS) DESDE EL 9/12/25 AL 16/12/25",60300.0,000115,,N
2026,1,271,271,2026-01-16 00:00:00,GMADA,130,24,,R,SUM,294,2026,S,2026-01-16 00:00:00,1,,,CORRESPONDE PRESUPUESTO N° 0001-00000149 - PEREYRA JUAN CARLOS,63000.0,000115,,N
2026,1,275,275,2026-01-16 00:00:00,GMADA,1259,JARDM,,R,SUM,277,2026,S,2026-01-16 00:00:00,1,,,"PRESUPUESTO N° 00029520 de ""Electro D annunzio"" Para llave de ventilador de la Casita de Chocolate",26705.0,000115,,N
2026,1,277,277,2026-01-16 00:00:00,GMADA,1603,CASA,,R,SUM,278,2026,S,2026-01-16 00:00:00,3,,,"Corresponde a Previsión de Garcia, Gladys Mabel de ""Panadería Alem""",810000.0,000115,,N
2026,1,279,279,2026-01-16 00:00:00,GMADA,1259,4,,R,SUM,279,2026,S,2026-01-16 00:00:00,1,,,"PRESUPUESTO N° 00029469 de ""Electro D annunzio"" Para cambiar lámparas de farolas, ubicadas  afuera en  sede",93664.2,000115,,N
2026,1,282,282,2026-01-16 00:00:00,GMADA,211,1,,R,SUM,303,2026,S,2026-01-16 00:00:00,1,,,"Tornería Milani , orden 19299 .Motor Agua Municipalidad",80000.0,000115,,N
2026,1,285,285,2026-01-16 00:00:00,GMADA,1879,25,,R,SUM,272,2026,S,2026-01-16 00:00:00,1,,,"Rodamientos Tuyu, presupuesto 3045 (AD283EL)",590000.0,000115,,N
2026,1,437,437,2026-01-27 00:00:00,GMADA,850,2,,R,SUM,447,2026,S,2026-01-27 00:00:00,2,,,UNO ELECTROMEDICINA- PRESUPUESTO N° 00003-00014779 (LABORATORIO DE ANALISIS),2932446.16,000115,,N
2026,1,438,438,2026-01-27 00:00:00,GMADA,2883,2,,R,SUM,449,2026,S,2026-01-27 00:00:00,2,,,INSUMOS GENERALES 3F- PRESUPUESTO N° 19/01/2026 (FARMACIA),471223.5,000115,,N
2026,1,440,440,2026-01-27 00:00:00,GMADA,557,2,,R,SUM,450,2026,S,2026-01-27 00:00:00,4,,,NORMEDICAL DE ALEJANDRO GARAY- PRESUPUESTO N° 19/01/2026 (QUIROFANO- MATERNIDAD),380000.0,000115,,N
2026,1,442,442,2026-01-27 00:00:00,GMADA,2869,2,,R,SUM,451,2026,S,2026-01-27 00:00:00,2,,,MADA POY S.A- PRESUPUESTO N° 0001-00000964 (COCINA) DESDE EL 21/01/26 AL 4/02/26,1508301.0,000115,,N
2026,1,443,443,2026-01-27 00:00:00,GMADA,688,2,,R,SUM,446,2026,S,2026-01-27 00:00:00,2,,,BATERIAS LA PRIMERA SH. AMBULANCIA DOMINIO AB 039 OI.PRESUPUESTO Nº 0000006962.,114000.0,000115,,N
2026,1,445,445,2026-01-27 00:00:00,GMADA,2209,2,,R,SUM,316,2026,S,2026-01-27 00:00:00,1,,,JAVIER DURANTE. DISTRIBUIDORA DE ALIMENTOS. PRESUPUESTO Nº 0001-00000817.COCINA HOSPITAL.,381369.5,000115,,N
2026,1,446,446,2026-01-27 00:00:00,GMADA,285,2,,R,SUM,448,2026,S,2026-01-27 00:00:00,2,,,RADIOGRAFICAOESTE- PRESUPUESTO N° 100052678 (LABORATORIO DE ANALISIS),1782798.01,000115,,N
2026,1,448,448,2026-01-27 00:00:00,GMADA,3322,2,,R,SUM,436,2026,S,2026-01-27 00:00:00,2,,,PINAMAR HIGIENE INSTITUCIONAL SRL- PRESUPUESTO N° 0016-00002306/2307/2308/2309/2310 (COCINA- LAVADERO- MUCAMAS),1305867.82,000115,,N
2026,1,449,449,2026-01-27 00:00:00,GMADA,169,JARDM,,R,SUM,443,2026,S,2026-01-27 00:00:00,2,,,"PRESUPESTO N° 001016 de Terranova Lucas Hernán de ""TERRANOVAQUÍIMICA"" Para uso de la Casita de Chocolate (repasadores, toallas, etc)",9700.0,000115,,N
2026,1,450,450,2026-01-27 00:00:00,GMADA,169,GRAN,,R,SUM,444,2026,S,2026-01-27 00:00:00,2,,,"PRESUPUESTO N° 001018 de Terranova Lucas Hernán de ""TERRANOVAQUIMICA"" Para uso en la Granja de contención (ropa, sábanas, repasadores, etc?",9700.0,000115,,N
2026,1,574,574,2026-02-04 00:00:00,GMADA,3218,5,,R,PRESU,0,2026,S,2026-02-04 00:00:00,1,,,"PRESUPUESTO 000, USS SERVICIO DE SEGURIDAD",97262.26,000000,,N
2026,1,575,575,2026-02-04 00:00:00,GMADA,141,2,,R,PRESU,9689,2026,S,2026-02-04 00:00:00,2,,,PRESUPUESTO 9689 SAGITARIO,368508.33,000000,,N
2026,1,584,584,2026-02-06 00:00:00,GMADA,2450,9,,R,PRESU,0,2026,S,2026-02-06 00:00:00,2,,,PREVICION  MARCELO LABATUT,240000.0,000000,,N
2026,1,581,581,2026-02-05 00:00:00,GMADA,685,6,,A,PRESU,0,2026,S,2026-02-05 00:00:00,1,2026-02-11 00:00:00,NO,"PRESUPUESTO DEL 4/02/2026, DRAGOJEVIC SIMON",127500.0,000000,,N
2026,1,585,585,2026-02-06 00:00:00,GMADA,879,5,,R,PRESU,1038,2026,S,2026-02-06 00:00:00,2,,,"Tatano Harisgarat, presupuesto 0001-00001038",53526.0,000000,,N
2026,1,1062,1062,2026-03-18 00:00:00,GMADA,2330,9,,R,SUM,1001,2026,S,2026-03-18 00:00:00,2,,,Previcion sin  N / COMBUSTIBLE DEL SALADO YPF /diferentes trabajos y logistica del año,387084.44,000115,,N
2026,1,199,199,2026-01-13 00:00:00,GMADA,2470,3,,R,SUM,233,2026,S,2026-01-13 00:00:00,4,,,PROV.LS-PROTEC PRESUP.09/01/2026  GUANTES Y PROTECTORES Y ELEMENTOS DE SEGURIDAD PARA PERSONAL DE ESTA SECRETARIA,1831589.95,000115,,N
2026,1,201,201,2026-01-13 00:00:00,GMADA,2299,JARDM,,R,SUM,155,2026,S,2026-01-13 00:00:00,1,,,"Corresponde a Previsión de ""Scigliano Diego Beltran""",600000.0,000115,,N
2026,1,203,203,2026-01-13 00:00:00,GMADA,5,4,,R,SUM,157,2026,S,2026-01-13 00:00:00,4,,,"Corresponde a Previsión de ""Andres Ponsa S.A."" Para Envión, sede, equipos",1500000.0,000115,,N
2026,1,205,205,2026-01-13 00:00:00,GMADA,3270,3,,R,SUM,185,2026,S,2026-01-13 00:00:00,1,,,PROV.. HARSIGARAT ALEJANDRO PRESUP 08.01.26 REPARACION ELECTRICA EN CEMENTERIO,120000.0,000115,,N
2026,1,207,207,2026-01-13 00:00:00,GMADA,441,TESOR,,R,SUM,108,2026,S,2026-01-13 00:00:00,1,,,Corresponde presupuesto Matienzo Paola-,387500.0,000115,,N
2026,1,209,209,2026-01-13 00:00:00,GMADA,2538,2,,R,SUM,75,2026,S,2026-01-13 00:00:00,2,,,DF. AIRE ACONDICIONADO FRANCO RICOTTI. PRESUPUESTO .MOVIL 9 AB 039OI.,175000.0,000115,,N
2026,1,211,211,2026-01-13 00:00:00,GMADA,441,2,,R,SUM,72,2026,S,2026-01-13 00:00:00,1,,,"PAPELERA ALPA., PAOLA AMELIA MATIENZO. PRESUPUESTOS Nº 3829,3832.LABORATORIO, FACTURACION, HOGAR DE ANCIANOS.",74489.1,000115,,N
2026,1,213,213,2026-01-13 00:00:00,GMADA,3287,1,,R,SUM,117,2026,S,2026-01-13 00:00:00,1,,,"Presupuesto 1850, Avellaneda 7163",152100.0,000115,,N
2026,1,546,546,2026-02-03 00:00:00,GMADA,2209,5,,R,SUM,560,2026,S,2026-02-03 00:00:00,1,,,Expte.224/2026 Rally Nacional,300000.0,000115,,N
2026,1,551,551,2026-02-03 00:00:00,GMADA,791,2,,R,SUM,555,2026,S,2026-02-03 00:00:00,1,,,PRESUPUESTO  MARTIN GUSTAVO AMBULANCIA DOMINIO AA775QW,85000.0,000115,,N
2026,1,552,552,2026-02-03 00:00:00,GMADA,866,2,,R,SUM,543,2026,S,2026-02-03 00:00:00,3,,,PILOÑA- PRESUPUESTO N° 1646763 (FARMACIA),5999994.23,000115,,N
2026,1,554,553,2026-02-03 00:00:00,GMADA,3165,2,,R,SUM,540,2026,S,2026-02-03 00:00:00,2,,,VELIBO SUPPLIES S.A.S- PRESUPUESTO N° 0001-00010770,5374159.75,000001,,N
2026,1,556,556,2026-02-03 00:00:00,GMADA,1078,2,,R,SUM,536,2026,S,2026-02-03 00:00:00,2,,,OPAZO DANIEL- PRESUPUESTO N° 30/01/2026,50000.0,000115,,N
2026,1,558,558,2026-02-03 00:00:00,GMADA,167,2,,R,SUM,538,2026,S,2026-02-03 00:00:00,1,,,""" TODO POLLO"" Gonzalo A. Bustamante.PRESUPUESTO Nº 71.COCINA HOGAR DE ANCIANOS.SEMANA DEL 19/01/26 AL 26/01/26 .",300630.0,000115,,N
2026,1,1492,1493,2026-04-23 00:00:00,GMADA,866,2,,A,EXPED,910,2026,S,2026-04-23 00:00:00,3,2026-04-23 00:00:00,NO,LICITACION PRIVADA N° 2   2026 DE MEDICAMENTOS,27289170.57,000300,,N
2026,1,1493,1494,2026-04-23 00:00:00,GMADA,87,2,,A,EXPED,910,2026,S,2026-04-23 00:00:00,1,2026-04-23 00:00:00,NO,LICITACION PRIVADA N° 2   2026 DE MEDICAMENTOS,8797670.0,000300,,N
2026,1,1494,1495,2026-04-23 00:00:00,GMADA,1242,2,,A,EXPED,910,2026,S,2026-04-23 00:00:00,1,2026-04-23 00:00:00,NO,LICITACION PRIVADA N° 2   2026 DE MEDICAMENTOS,14410792.0,000300,,N
2026,1,1495,1496,2026-04-23 00:00:00,GMADA,2319,2,,A,EXPED,910,2026,S,2026-04-23 00:00:00,1,2026-04-23 00:00:00,NO,LICITACION PRIVADA N° 2   2026 DE MEDICAMENTOS,10489317.0,000300,,N
2026,1,1064,1064,2026-03-18 00:00:00,GMADA,3356,2,,R,SUM,1043,2026,S,2026-03-18 00:00:00,3,,,PEREZ JORGE  PRESUPUESTO 22982002 SEMANA DEL 01/01/2026 AL 07/01/2026,171000.0,000115,,N
2026,1,1065,1065,2026-03-18 00:00:00,GMADA,3356,H.ANC,,R,SUM,1045,2026,S,2026-03-18 00:00:00,2,,,PEREZ JORGE - PRESUPUESTO 22982004 SEMANA DEL 12/01/26 AL 19/1/26,57000.0,000115,,N
2026,1,1066,1066,2026-03-18 00:00:00,GMADA,3356,H.ANC,,R,SUM,1046,2026,S,2026-03-18 00:00:00,2,,,PEREZ JORGE - PRESUPUESTO 22982005 SEMANA DEL 22/01/26 AL  29/1/26,57750.0,000115,,N
2026,1,1067,1067,2026-03-18 00:00:00,GMADA,3356,2,,R,SUM,1047,2026,S,2026-03-18 00:00:00,2,,,PEREZ JORGE - PRESUPUESTO 22982007 SEMANA DEL 29/01/2026 AL 06/ 02/2026,157500.0,000115,,N
2026,1,1068,1068,2026-03-18 00:00:00,GMADA,2770,2,,R,SUM,1067,2026,S,2026-03-18 00:00:00,2,,,PRESUPUESTO 817 MARTIN FERNADNDO  ROUTER PARA OFICINA 107 Y GUARDIA MEDICA,26800.0,000115,,N
2026,1,1070,1070,2026-03-18 00:00:00,GMADA,2869,2,,R,SUM,1065,2026,S,2026-03-18 00:00:00,1,,,MADA POY S.A- PRESUPUESTO N° 0001-00000990 (SEMANA DEL 6/03 AL 13/03/26),1242147.0,000115,,N
2026,1,1071,1071,2026-03-18 00:00:00,GMADA,134,2,,R,SUM,1063,2026,S,2026-03-18 00:00:00,2,,,SORRENTINO S.A- PRESUPUESTO 09/03/26,2625900.0,000115,,N
2026,1,1072,1072,2026-03-18 00:00:00,GMADA,3184,2,,R,SUM,1028,2026,S,2026-03-18 00:00:00,2,,,DROGUERIA PERDOMINICI- PRESUPUESTO N° 26/02/206,5609805.61,000115,,N
2026,1,1073,1073,2026-03-18 00:00:00,GMADA,612,2,,R,SUM,1064,2026,S,2026-03-18 00:00:00,2,,,MARZULLO COMPUTACION PRESUPUESTO 12/03/2026 TONER PARA OFINA DIRECCION MEDICAS - DIRECCION ADMINITRATICA - OFICINA PERSONAL,141000.0,000115,,N
2026,1,1074,1074,2026-03-18 00:00:00,GMADA,688,2,,R,SUM,1061,2026,S,2026-03-18 00:00:00,1,,,BATERIA LA PRIMERA PRESUPUESTO 7036 AMBULANCIA DOMINIO KYV365,160000.0,000115,,N
2026,1,1076,1076,2026-03-18 00:00:00,GMADA,3356,H.ANC,,R,SUM,1052,2026,S,2026-03-18 00:00:00,2,,,PEREZ JORGE - PRESUPUESTO 22982011 SEMAN DEL 20/02/2026 AL 27/2/26,134750.0,000115,,N
2026,1,1078,1078,2026-03-18 00:00:00,GMADA,3356,H.ANC,,R,SUM,1050,2026,S,2026-03-18 00:00:00,3,,,PEREZ JORGE - PRESUPUESTO  22982006 SEMANA DEL 28/01/2026 AL 04/02/26,76000.0,000115,,N
2026,1,1079,1079,2026-03-18 00:00:00,GMADA,3356,2,,R,SUM,1051,2026,S,2026-03-18 00:00:00,2,,,PEREZ JORGE - PRESUPUESTO 22982010 DEL 18/02/2026 AL 25/2/26,157500.0,000115,,N
2026,1,1080,1080,2026-03-18 00:00:00,GMADA,3356,H.ANC,,R,SUM,1049,2026,S,2026-03-18 00:00:00,2,,,PEREZ JORGE - PRESUPUESTO 22982009  SEMANA DEL 06/02/26 AL  13/2/26,65100.0,000115,,N
2026,1,1081,1081,2026-03-18 00:00:00,GMADA,3356,2,,R,SUM,1048,2026,S,2026-03-18 00:00:00,2,,,PEREZ JORGE - PRESUPUESTO 22982008 SEMANA DEL 05/02/2026 AL 12/2/26,190000.0,000115,,N
2026,1,1082,1082,2026-03-18 00:00:00,GMADA,3556,2,,R,SUM,1042,2026,S,2026-03-18 00:00:00,2,,,"CARACCIOLI EDUARDO - PRESUPUESTO N° 27978, 27983, 27985 Y 27986 (COCINA Y HOGAR HOSPITAL)",414000.0,000115,,N
2026,1,1083,1083,2026-03-18 00:00:00,GMADA,3322,H.ANC,,R,SUM,1022,2026,S,2026-03-18 00:00:00,2,,,PINAMAR HIGIENE INSTITUCIONAL - PRESUPUESTO N° 16-2528,78460.44,000115,,N
2026,1,1084,1084,2026-03-18 00:00:00,GMADA,3322,2,,R,SUM,952,2026,S,2026-03-18 00:00:00,2,,,PINAMAR HIGIENE INSTITUCIONAL - PRESUPUESTO N° 16-2390 (COCINA HOSPITAL),107348.86,000115,,N
2026,1,1085,1085,2026-03-18 00:00:00,GMADA,3322,2,,R,SUM,950,2026,S,2026-03-18 00:00:00,2,,,PINAMAR HIGIENE INSTITUCIONAL - PRESUPUESTO N° 16-2366,97393.86,000115,,N
2026,1,1086,1086,2026-03-18 00:00:00,GMADA,3322,H.ANC,,R,SUM,949,2026,S,2026-03-18 00:00:00,4,,,PINAMAR HIGIENE INSTITUCIONAL - PRESUPUESTO N° 16-2398,115505.6,000115,,N
2026,1,1087,1087,2026-03-18 00:00:00,GMADA,2777,25,,A,PRESU,10054,2026,S,2026-03-18 00:00:00,2,2026-03-18 00:00:00,NO,"Artec, presupuesto 10054 (COM)",547888.0,000000,,N
2026,1,1088,1088,2026-03-18 00:00:00,GMADA,3163,25,,R,PRESU,10054,2026,S,2026-03-18 00:00:00,2,,,"Artec, presupuesto 10054 (COM)",547888.0,000000,,N
2026,1,1089,1089,2026-03-18 00:00:00,GMADA,3552,42,,R,SUM,1077,2026,S,2026-03-18 00:00:00,3,,,"PRESUPUESTO 9341, MATAFUEGOS RUTA 11",98000.0,000115,,N
2026,1,1090,1090,2026-03-18 00:00:00,GMADA,2843,CASA,,R,SUM,1075,2026,S,2026-03-18 00:00:00,2,,,"PRESUPUESTO N° X 6926957 de Rost, Tamara de ""FRUTERIA NEGRIN"" taller de cocnina y Desayuno de los chicos del Programa Envión",224500.0,000115,,N
2026,1,1091,1091,2026-03-18 00:00:00,GMADA,167,4,,R,SUM,1074,2026,S,2026-03-18 00:00:00,3,,,"PRESUPUESTO N° 00000085 de Gonzalo A. Bustamante de ""TODO POLLO""Esfuerzo Solidario",195402.5,000115,,N
2026,1,1092,1092,2026-03-18 00:00:00,GMADA,3452,4,,R,SUM,1072,2026,S,2026-03-18 00:00:00,2,,,"PRESUPUESTO N° 0001-00002958 / 2959  de Carlos Alberto Ochoa, de ""PANADERIA LA UNION"" Esfuerzo Solidario",149800.0,000115,,N
2026,1,1093,1093,2026-03-18 00:00:00,GMADA,3452,4,,R,SUM,1071,2026,S,2026-03-18 00:00:00,3,,,"PRESUPUESTO N° 0001-00003116 de Carlos Alberto Ochoa de ""PANADERÍA LA UNION"" Esfuerzo Solidario",105000.0,000115,,N
2026,1,1094,1094,2026-03-18 00:00:00,GMADA,2843,4,,R,SUM,1059,2026,S,2026-03-18 00:00:00,2,,,"PRESUPUESTO N° X 6926956 de Rost, Tamara de ""FRUTERIA NEGRIN"" Plan Alimentario 2026 -",1575000.0,000115,,N
2026,1,1265,1266,2026-04-09 00:00:00,GMADA,1547,SECGO,,R,SUM,1300,2026,S,2026-04-09 00:00:00,2,,,Corresponde expte N° 957/2026 - Contratacion a Mendez Marcos,720000.0,000115,,N
2026,1,1301,1302,2026-04-13 00:00:00,GMADA,3226,35,,R,SUM,1328,2026,S,2026-04-13 00:00:00,3,,,Prov.:ELECTRO HD (Hector Anibal Curto) - Presup.:828;827,861746.03,000115,,N
2026,1,1302,1303,2026-04-13 00:00:00,GMADA,360,37,,R,SUM,1327,2026,S,2026-04-13 00:00:00,1,,,"Presupuesto N° 0001-00000049 Proveedor, Lombera Carlos Argentino",42000.0,000115,,N
2026,1,1303,1304,2026-04-13 00:00:00,GMADA,2843,4,,R,SUM,1316,2026,S,2026-04-13 00:00:00,2,,,"PRESUPUESTO N° X 6926958 de Rost, Tamara de ""FRUTERIA EL NEGRIN"" Plan Alimentario 2026",2127000.0,000115,,N
2026,1,1326,1327,2026-04-14 00:00:00,GMADA,2209,9,,R,PRESU,883,2026,S,2026-04-14 00:00:00,1,,,PRESUPUESTO N° 0883 - DISTRIBUIDORA DEL SUDESTE - PROGRAMA ABUELOS,6716.0,000000,,N
2026,1,1327,1329,2026-04-14 00:00:00,GMADA,1259,29,,R,PRESU,30577,2026,S,2026-04-14 00:00:00,1,,,"SUCESION DE D ANNUNZIO JORGE NELDO ""ELECTRO DANNUNZIO"",  PRESUPUESTOS N° 30576/ 30577/ 30579",207864.96,000000,,N
2026,1,1329,1330,2026-04-14 00:00:00,GMADA,360,29,,R,PRESU,50,2026,S,2026-04-14 00:00:00,1,,,"CARLOS ARGENTINO LOMBERA ""ELECTRICIDAD LOMBERA"",  PRESUPUESTO  R001-00050",230000.0,000000,,N
2026,1,1331,1332,2026-04-14 00:00:00,GMADA,2209,H.ANC,,R,PRESU,874,2026,S,2026-04-14 00:00:00,1,,,DURANTE JAVIER - PRESUPUESTO N° 1-874  DEL 14/03/2026 AL 30/03/2026,2040141.93,000000,,N
2026,1,1332,1333,2026-04-14 00:00:00,GMADA,2209,H.ANC,,R,PRESU,875,2026,S,2026-04-14 00:00:00,1,,,DURANTE JAVIER PRESUPUESTO N° 1-875 DEL 14/03/2026 AL 30/03/2026,1011722.48,000000,,N
2026,1,1334,1335,2026-04-14 00:00:00,GMADA,2208,35,,R,EXPED,437,2026,S,2026-04-14 00:00:00,2,,,Exp.:437/26 Sol. Revisión Integral del Edificio de Secretaría de Cultura - Prov.:Lombardi Sebastian - Pr,300400.0,000000,,N
2026,1,1336,1337,2026-04-14 00:00:00,GMADA,3287,1,,R,PRESU,1869,2026,S,2026-04-14 00:00:00,1,,,"Avellaneda 7163,presupuesto 1877",163500.0,000000,,N
2026,1,1337,1338,2026-04-14 00:00:00,GMADA,688,25,,R,PRESU,7053,2026,S,2026-04-14 00:00:00,1,,,"Bateria La Primera, presupuesto 7053 (AE 704 PM)",154000.0,000000,,N
2026,1,1340,1341,2026-04-14 00:00:00,GMADA,688,3,,R,PRESU,7065,2026,S,2026-04-14 00:00:00,1,,,PROV. BATERIA LA PRIMERA PRESUP.7065 PARA  MUSTANG R2044,50600.0,000000,,N
2026,1,1342,1343,2026-04-14 00:00:00,GMADA,1259,25,,R,PRESU,30349,2026,S,2026-04-14 00:00:00,2,,,"Electro Dannunzio, presupuesto 30349-30378-30562 (TECNICA-COM)",156417.8,000000,,N
2026,1,1344,1345,2026-04-14 00:00:00,GMADA,2450,JARDM,,R,PRESU,0,2026,S,2026-04-14 00:00:00,2,,,"PRESUPUESTO de Labatut Marcelo de ""LA FRUTERIA"" Marzo 2026",259200.0,000000,,N
2026,1,1346,1347,2026-04-14 00:00:00,GMADA,1259,22,,R,PRESU,1304,2026,S,2026-04-14 00:00:00,1,,,"PROV.ELECTRO DANNUNZIO PRESUP.0533,0580 PARA LUMINARIA ROTONDA DEL JUVENTUD Y ARCO CALLE 25 Y RUTA 56",158905.16,000000,,N
2026,1,1347,1348,2026-04-14 00:00:00,GMADA,2770,3,,R,PRESU,829,2026,S,2026-04-14 00:00:00,1,,,PROV.COMPUTACION SYSTEC PRESP.0829 PARA OFICINA CORRALON,18500.0,000000,,N
2026,1,2269,2268,2026-06-22 00:00:00,GMADA,300,9,,R,PRESU,7232,2026,S,2026-06-22 00:00:00,1,,,PRESUPUESTOS N° 7232 Y N° 7233 PINTURERIA FERRETERIA TODO COLOR,126939.0,000000,,N
2026,1,2271,2270,2026-06-22 00:00:00,GMADA,688,4,,R,PRESU,7160,2026,S,2026-06-22 00:00:00,1,,,"PRESUPUESTO N° 0000007160 de ""BATERIAS LA PRIMERA S.A."" Para camioneta KGL 116",233000.0,000000,,N
2026,1,2273,2272,2026-06-22 00:00:00,GMADA,688,8,,R,PRESU,7141,2026,S,2026-06-22 00:00:00,1,,,PROV.BATERIAS LA PRIMERA S.H- RAMOS OSVALDO R. Y ISIDRO JUAN C.. PRES.  N°7141- SEC. PRODUCCION - FOTON AF591SM,78000.0,000000,,N
2026,1,2275,2275,2026-06-22 00:00:00,GMADA,169,GRAN,,R,PRESU,1059,2026,S,2026-06-22 00:00:00,1,,,"PRESUPUESTO N° 001059 de Terranova Lucas Hernan de ""TERRANOVAQUIMICA""",21400.0,000000,,N
2026,1,2276,2276,2026-06-22 00:00:00,GMADA,2843,4,,R,PRESU,6926961,2026,S,2026-06-22 00:00:00,2,,,"PRESUPUESTO N° X 6926961 de Tamara Rost de ""FRUTERIA NEGRIN"" Plan Alimentario  2026",2187500.0,000000,,N
2026,1,2279,2278,2026-06-22 00:00:00,GMADA,688,3,,R,PRESU,7121,2026,S,2026-06-22 00:00:00,1,,,"PROV. BATERIA LA 1ERA  PRESUP.7121,7159,7165,7167 FILRTOS PARA CII59,MUSTANG 2044,JONH DEERE 2030,AE388ZF",359600.0,000000,,N
2026,1,2280,2279,2026-06-22 00:00:00,GMADA,578,3,,R,PRESU,5376,2026,S,2026-06-22 00:00:00,2,,,PROV. ITURRARTE JORGE PRESUP.5376 REPUESTOS PARA OOI617,307214.8,000000,,N
2026,1,2281,2281,2026-06-22 00:00:00,GMADA,688,9,,R,PRESU,7150,2026,S,2026-06-22 00:00:00,1,,,PRESUPUESTO N° 7150 BATERIAS LA PRIMERA,49200.0,000000,,N
2026,1,2282,2282,2026-06-22 00:00:00,GMADA,1578,9,,R,PRESU,406,2026,S,2026-06-22 00:00:00,1,,, PRESUPUESTO N° 0406 - COLOMBRARO - SILLAS A UTILIZAR EN DISTINTOS EVENOS DEPORTIVOS,420000.0,000000,,N
2026,1,2283,2283,2026-06-22 00:00:00,GMADA,2770,4,,R,PRESU,849,2026,S,2026-06-22 00:00:00,2,,,"PRESUPUESTO 849, MARTIN FERNANDO HIJO",217100.0,000000,,N
2026,1,2284,2284,2026-06-22 00:00:00,GMADA,2770,1,,R,PRESU,848,2026,S,2026-06-22 00:00:00,2,,,"PRESUPUESTO 848, MARTIN FERNANDO HIJO",162900.0,000000,,N
2026,1,2285,2285,2026-06-22 00:00:00,GMADA,85,25,,R,PRESU,0,2026,S,2026-06-22 00:00:00,2,,,Casa Sampietro (sorba) presupuesto,469999.0,000000,,N
2026,1,2311,2311,2026-06-24 00:00:00,GMADA,1212,29,,R,PRESU,446,2026,S,2026-06-24 00:00:00,2,,,"PRESUPUESTO 446, SUC DE SCHAPIRO ENRIQUE NORBERTO",767587.0,000000,,N
2026,1,2532,2532,2026-07-08 00:00:00,GMADA,2753,1,,R,SUM,2531,2036,S,2026-07-08 00:00:00,1,,,"Carnero Echegaray.Expte 1692/2026 9 de Julio ""Día de la Independencia"".",400000.0,000115,,N
2026,1,2534,2534,2026-07-08 00:00:00,GMADA,3597,5,,R,SUM,2529,2026,S,2026-07-08 00:00:00,1,,,KARINA PONCE ALQUILER PULPERIA 09/07 PROVEEDOR 3597 EXPTE 1471/26,300000.0,000115,,N
2026,1,1348,1349,2026-04-14 00:00:00,GMADA,688,6,,R,PRESU,7066,2026,S,2026-04-14 00:00:00,1,,, Corresponde presupuesto N° 0000007071-0000007066 BATERIAS LA PRIMERA,435000.0,000000,,N
2026,1,1849,1833,2026-05-19 00:00:00,GMADA,2330,2,,R,SUM,1808,2026,S,2026-05-19 00:00:00,2,,,PREVISION COMBUSTIBLES DEL SALADO DEL 15/05/2026 AL 31/05/2026 VEHICULOS DE SALUD,360325.25,000115,,N
2026,1,1349,1350,2026-04-14 00:00:00,GMADA,1530,6,,R,PRESU,1187,2026,S,2026-04-14 00:00:00,2,,,"PRESUPUESTO 29001187, TOMAS ELORRIAGA E HIJOS",700418.46,000000,,N
2026,1,1350,1351,2026-04-14 00:00:00,GMADA,1977,6,,R,PRESU,8098,2026,S,2026-04-14 00:00:00,3,,,"PRESUPUESTO 8098, ZMG ARGENTINA SRL",229651.95,000000,,N
2026,1,1352,1353,2026-04-14 00:00:00,GMADA,2330,9,,R,PRESU,0,2026,S,2026-04-14 00:00:00,2,,,PREVISION COMBUSTIBLE DEL SALDO VHICULOS AB603TW - MKF817,401946.0,000000,,N
2026,1,1354,1355,2026-04-14 00:00:00,GMADA,441,9,,R,PRESU,2704,2026,S,2026-04-14 00:00:00,1,,,PRESUPUESTO N° 02704 - PAPELERA ALPA - MATERIAL PARA MEDALLAS TORNEO NEWCOM,3400.0,000000,,N
2026,1,1356,1357,2026-04-14 00:00:00,GMADA,1514,3,,R,PRESU,0,2026,S,2026-04-14 00:00:00,3,,,PROV.CASA ELICEIRY LUBRICANTES PARA FLOTA VEHICULAR DE ESTA SECRETARIA,2618000.0,000000,,N
2026,1,1357,1358,2026-04-14 00:00:00,GMADA,2643,1,,R,PRESU,0,2026,S,2026-04-14 00:00:00,2,,," PRESUPUESTO 0007,EMPRESA DE TRANSPORTE 12 DE OCTUBRE",108000.0,000000,,N
2026,1,1360,1361,2026-04-14 00:00:00,GMADA,850,2,,R,PRESU,15562,2026,S,2026-04-14 00:00:00,4,,,UNO ELECTROMEDICINA- PRESUPUESTO N° 00003-00015562,1125657.0,000000,,N
2026,1,1362,1363,2026-04-14 00:00:00,GMADA,850,2,,A,PRESU,15561,2026,S,2026-04-14 00:00:00,2,2026-04-15 00:00:00,NO,UNO ELECTROMEDICINA - PRESUPUESTO N° 00003-00015561,1174480.84,000000,,N
2026,1,1367,1368,2026-04-14 00:00:00,GMADA,1078,2,,R,PRESU,0,2026,S,2026-04-14 00:00:00,2,,,OPAZO DANIEL- PRESUPUESTO N° 6/04/2026,150000.0,000000,,N
2026,1,1368,1369,2026-04-14 00:00:00,GMADA,160,13,,R,PRESU,1174,2026,S,2026-04-14 00:00:00,2,,,AGROVETERINARIA MARZULLO - PRESUPUESTO N° 1-1174 (BROMATOLOGIA),12700.0,000000,,N
2026,1,1370,1371,2026-04-14 00:00:00,GMADA,2770,2,,R,PRESU,828,2026,S,2026-04-14 00:00:00,1,,,SYSTEC COMPUTACION - PRESUPUESTO N° 828 (PROGRAMATICA HOSPITAL),40200.0,000000,,N
2026,1,1371,1372,2026-04-14 00:00:00,GMADA,1259,2,,R,PRESU,30447,2026,S,2026-04-14 00:00:00,1,,,ELECTRO DANNUNZIO - PRESUPUESTO N° 30447 (SALUD MENTAL HOSPITAL),68639.35,000000,,N
2026,1,1372,1373,2026-04-14 00:00:00,GMADA,2450,H.ANC,,R,PRESU,0,2026,S,2026-04-14 00:00:00,1,,,LA FRUTERIA LABATUT MARCELO - ENTREGAS DEL 01/03/2026 AL 31/03/2026,2876400.0,000000,,N
2026,1,1373,1374,2026-04-14 00:00:00,GMADA,3322,2,,R,PRESU,2562,2026,S,2026-04-14 00:00:00,2,,,PINAMAR HIGIENE PRESUPUESTO 16-2562 SEMANA DEL 16/01/2026 AL 23/01/2026,92636.46,000000,,N
2026,1,1510,1511,2026-04-28 00:00:00,GMADA,3395,3,,R,PRESU,173,2026,S,2026-04-28 00:00:00,2,,,PROV. YANINA PECORARI PRESUP.0173 BATERIA PARA RANGER INI856,230000.0,000000,,N
2026,1,1707,1707,2026-05-11 00:00:00,GMADA,17,ESPVE,,R,SUM,1721,2026,S,2026-05-11 00:00:00,1,,,PROV. LUIS LOMBARDIA PRESUP.0073 INSUMO REPUESRTOS Y REPARACIONES PARA MOTOGUADAÑA MOTOSIERRA,413100.0,000115,,N
2026,1,1710,1710,2026-05-11 00:00:00,GMADA,2883,2,,R,SUM,1735,2026,S,2026-05-11 00:00:00,2,,,INSUMOS GENERALES 3 F- PRESUPUESTO N° 4/05 (3),949661.53,000115,,N
2026,1,1712,1712,2026-05-11 00:00:00,GMADA,866,2,,R,SUM,1708,2026,S,2026-05-11 00:00:00,2,,,PILOÑA- PRESUPUESTO N° 5/05/26,4640709.53,000115,,N
2026,1,1714,1714,2026-05-11 00:00:00,GMADA,300,2,,R,SUM,1666,2026,S,2026-05-11 00:00:00,1,,,PINTURERIA FERRETERIA TODO COLOR - PRESUPUESTO N° 7226 (HOSPITAL),459613.0,000115,,N
2026,1,1744,1744,2026-05-12 00:00:00,GMADA,850,2,,R,SUM,1596,2026,S,2026-05-12 00:00:00,2,,,EXPEDIENTE 178/26 CONTRATO ALQUILER SIGISMONDI JOSE DEL 01/05/26 AL 31/08/26,1858208.0,000115,,N
2026,1,1745,1745,2026-05-12 00:00:00,GMADA,850,2,,R,SUM,1595,2026,S,2026-05-12 00:00:00,2,,,EXPEDIENTE 177/26 CONTRATO ALQUILER SIGISMONDI JOSE DEL 01/05/26 AL 31/08/26,2684076.0,000115,,N
2026,1,1746,1746,2026-05-12 00:00:00,GMADA,850,2,,R,SUM,1597,2026,S,2026-05-12 00:00:00,2,,,EXPEDIENTE 179/26 CONTRATO ALQUILER SIGISMONDI JOSE DEL 01/05/26 AL 31/08/26,1978640.0,000115,,N
2026,1,1747,1747,2026-05-12 00:00:00,GMADA,850,2,,R,SUM,1598,2026,S,2026-05-12 00:00:00,2,,,EXPEDIENTE 180/26 CONTRATO ALQUILER SIGISMONDI JOSE DEL 01/05/26 AL 31/08/26,2591312.0,000115,,N
2026,1,1748,1748,2026-05-12 00:00:00,GMADA,86,35,,R,SUM,1652,2026,S,2026-05-12 00:00:00,1,,,Exp.:1040/26 Sol. Compra de Aberturas para Sala Apicola - Prov.:Aberturas SP - Presup.:01/04/26,7020000.0,000115,,N
2026,1,1750,1750,2026-05-12 00:00:00,GMADA,1994,SECGO,,R,SUM,1749,2026,S,2026-05-12 00:00:00,1,,," CORRESPONDE PREVISION, ANDINA 1923 S.A",1000000.0,000115,,N
2026,1,1751,1751,2026-05-12 00:00:00,GMADA,688,3,,R,SUM,1475,2026,S,2026-05-12 00:00:00,1,,,PROV. BATERIA LA PRIMERA PRESUP.7107 ADITIVO PARA PPU739,37000.0,000115,,N
2026,1,1752,1752,2026-05-12 00:00:00,GMADA,2421,6,,R,SUM,1746,2026,S,2026-05-12 00:00:00,2,,,"CONTRATO MAYO-JULIO, OTERMIN GERMAN CEFERINO",450000.0,000115,,N
2026,1,1753,1753,2026-05-12 00:00:00,GMADA,2330,9,,R,SUM,1739,2026,S,2026-05-12 00:00:00,1,,, PREVISION COMBUSTIBLE DEL SALADO VHICULOS AB603TW - MKF817 Y MAQUINARIAS,4919750.0,000115,,N
2026,1,1830,1830,2026-05-18 00:00:00,GMADA,2354,1,,R,SUM,1834,2026,S,2026-05-18 00:00:00,2,,,Presupuesto amancio Valdés.,1180600.0,000115,,N
2026,1,1839,1839,2026-05-18 00:00:00,GMADA,2334,1,,R,SUM,1832,2026,S,2026-05-18 00:00:00,1,,, Expte. 3735 Convenio de Asistencia y Soporte RAFAM- Grid It Seven S.A.,3593892.0,000115,,N
2026,1,1846,1846,2026-05-19 00:00:00,GMADA,2218,ASLEG,,R,SUM,1847,2026,S,2026-05-19 00:00:00,2,,,Expte N° 372026 Renovación Contrato Alonso Leandro Martín .Desde el 1 de Abril al 30 de Junio.,5400000.0,000115,,N
2026,1,1850,1849,2026-05-19 00:00:00,GMADA,3322,2,,R,SUM,1823,2026,S,2026-05-19 00:00:00,2,,,PINAMAR HIGIENE INSTITUCIONAL - PRESUPUESTO N° 16-2562 (HOSPITAL),408663.28,000115,,N
2026,1,1851,1850,2026-05-19 00:00:00,GMADA,2593,13,,R,SUM,1822,2026,S,2026-05-19 00:00:00,1,,,BALLETO JUAN - PRESUPUESTO S/N FECHA 15/5/26 (HOSPITAL),17000.0,000115,,N
2026,1,1852,1851,2026-05-19 00:00:00,GMADA,2801,2,,R,SUM,1821,2026,S,2026-05-19 00:00:00,1,,,PASINI REFRIGERACION - PRESUPUESTO S/N FECHA 15/5/26  TERMOSTATO PARA CALDERA DEL HOSPITAL,150000.0,000115,,N
2026,1,1853,1852,2026-05-19 00:00:00,GMADA,1943,2,,R,SUM,1820,2026,S,2026-05-19 00:00:00,2,,,B-GATE - PRESUPUESTO N° 5-7850 ACEITE PARA COMPRESORES,1074438.57,000115,,N
2026,1,1854,1853,2026-05-19 00:00:00,GMADA,2627,2,,R,SUM,1819,2026,S,2026-05-19 00:00:00,1,,,SANTA PAULA - PRESUPUESTO N° 1-2221,33000.0,000115,,N
2026,1,1855,1854,2026-05-19 00:00:00,GMADA,2627,2,,R,SUM,1818,2026,S,2026-05-19 00:00:00,1,,,SANTA PAULA - PRESUPUESTO N° 1-2222,66000.0,000115,,N
2026,1,1856,1855,2026-05-19 00:00:00,GMADA,216,2,,R,SUM,1817,2026,S,2026-05-19 00:00:00,5,,,FAE - PRESUPUESTO N° 4921550 (HOSPITAL Y HOGAR DE ANCIANOS ),272000.0,000115,,N
2026,1,1859,1858,2026-05-19 00:00:00,GMADA,167,2,,R,SUM,1806,2026,S,2026-05-19 00:00:00,1,,,TODO POLLO - PRESUPUESTO N° 100  SEMANA DEL 04/05/2026 AL 11/05/2026,571500.0,000115,,N
2026,1,1861,1860,2026-05-19 00:00:00,GMADA,441,2,,R,SUM,1807,2026,S,2026-05-19 00:00:00,1,,,PAPELERA ALPA - PRESUPUESTO N° 2-3930 SELLO PARA FARMACIA / ADMISION,42200.0,000115,,N
2026,1,1863,1862,2026-05-19 00:00:00,GMADA,1879,2,,R,SUM,1815,2026,S,2026-05-19 00:00:00,1,,,RODAMIENTOS TUYU - PRESUPUESTO N° 3912 PARA AMBULANCIA DOMINIO AA775QW,798000.0,000115,,N
2026,1,1864,1863,2026-05-19 00:00:00,GMADA,21,2,,R,SUM,1816,2026,S,2026-05-19 00:00:00,1,,,FABRIMAR - PRESUPUESTO N° 301 REPARACION  AMBULANCIA DOMINIO AB039OI,80000.0,000115,,N
2026,1,1866,1865,2026-05-19 00:00:00,GMADA,167,H.ANC,,R,SUM,1805,2026,S,2026-05-19 00:00:00,3,,,TODO POLLO - PRESUPUESTO N° 1 SEMANA DEL 04/05/2026 AL 11/05/2026,232285.0,000115,,N
2026,1,1868,1867,2026-05-19 00:00:00,GMADA,850,2,,R,SUM,1783,2026,S,2026-05-19 00:00:00,1,,,UNO ELECTROMEDICINA - PRESUPUESTO N° 3-15870,1699029.73,000115,,N
2026,1,1870,1869,2026-05-19 00:00:00,GMADA,1259,H.ANC,,R,SUM,1781,2026,S,2026-05-19 00:00:00,1,,,ELECTRO DANNUNZIO - PRESUPUESTO N° 30758 (HOGAR HOSPITAL),80656.8,000115,,N
2026,1,1872,1871,2026-05-19 00:00:00,GMADA,3287,13,,R,SUM,1780,2026,S,2026-05-19 00:00:00,1,,,HISPANOGRAF - PRESUPUESTO N° 1886,89000.0,000115,,N
2026,1,2439,2439,2026-07-03 00:00:00,GMADA,685,6,,R,SUM,2416,2026,S,2026-07-03 00:00:00,1,,,"Dragojevic Simón ,presupuesto N°0005",1330000.0,000115,,N
2026,1,2440,2440,2026-07-03 00:00:00,GMADA,3184,2,,R,SUM,2392,2026,S,2026-07-03 00:00:00,1,,,DROGUERIA PERDOMINICI- PRESUPUESTO N° 26/06/26,1016634.56,000115,,N
2026,1,2442,2442,2026-07-03 00:00:00,GMADA,1242,2,,R,SUM,2394,2026,S,2026-07-03 00:00:00,1,,,DONNAXPHARMA- PRESUPEUSTO N° 25/06/26,253420.0,000115,,N
2026,1,2443,2443,2026-07-03 00:00:00,GMADA,866,2,,R,SUM,2393,2026,S,2026-07-03 00:00:00,1,,,PILOÑA- PRESUPUESTO N° 25/06/2026,549515.54,000115,,N
2026,1,2445,2445,2026-07-03 00:00:00,GMADA,850,2,,R,SUM,2357,2026,S,2026-07-03 00:00:00,4,,,PROVEEDOR UNO ELECTROMEDICINA- PRESUPUESTO N° 00003-00016204,2459588.72,000115,,N
2026,1,2448,2448,2026-07-03 00:00:00,GMADA,2627,H.ANC,,R,SUM,2363,2026,S,2026-07-03 00:00:00,1,,,SANTA PAULA - PRESUPUESTO N° 1-2233,40500.0,000115,,N
2026,1,2451,2451,2026-07-03 00:00:00,GMADA,216,2,,R,SUM,2364,2026,S,2026-07-03 00:00:00,2,,,FAE - PRESUPUESTO N° 3397733 HOSPITAL Y HOGAR DE ANCIANOS,195000.0,000115,,N
2026,1,2453,2453,2026-07-03 00:00:00,GMADA,57,2,,R,SUM,2365,2026,S,2026-07-03 00:00:00,1,,,IMPRENTA EL ARGENTINO - PRESUPUESTO N° 569,60000.0,000115,,N
2026,1,2454,2454,2026-07-03 00:00:00,GMADA,2869,2,,R,SUM,2366,2026,S,2026-07-03 00:00:00,1,,,MADA POY - PRESUPUESTO N° 1-1032,1655063.0,000115,,N
2026,1,2455,2455,2026-07-03 00:00:00,GMADA,171,2,,R,SUM,2395,2026,S,2026-07-03 00:00:00,1,,,ELECTRICIDAD EL GALLEGO - PRESUPUESTO N° 1-55927 GARAGE AMBULANCIAS Y VEHICULOS,79600.0,000115,,N
2026,1,96,95,2026-01-08 00:00:00,GMADA,2593,9,,R,SUM,137,2026,S,2026-01-08 00:00:00,1,,,PREVISION SIN N° - JUAN AGUSTIN BALLETO URRUTIA / TRABAJOS DE CERRAJERIA Y LLAVES EN EL AREA,150000.0,000115,,N
2026,1,99,99,2026-01-08 00:00:00,GMADA,2973,9,,R,SUM,134,2026,S,2026-01-08 00:00:00,1,,,PREVISION SIN N° - NERO PISCINAS / PROCUTOS QUIMICOS PARA LIMPIEZA Y MANTENIMIENTO DE PISCINAS,1500000.0,000115,,N
2026,1,100,100,2026-01-08 00:00:00,GMADA,33,6,,R,SUM,186,2026,S,2026-01-08 00:00:00,1,,,"POLIZA 172703 DE SEGURO TECNICO RETRO, PCIA SEGUROS(33)",2029892.68,000115,,N
2026,1,101,102,2026-01-08 00:00:00,GMADA,169,8,,R,SUM,170,2026,S,2026-01-08 00:00:00,1,,,"PRESUPUESTO 1001, TERRANOVA LUCAS",10900.0,000115,,N
2026,1,103,103,2026-01-08 00:00:00,GMADA,33,3,,R,SUM,188,2026,S,2026-01-08 00:00:00,1,,,"POLIZA SEGURO TECNICO 172704, PCIA SEGUROS(33)",28002044.73,000115,,N
2026,1,105,105,2026-01-08 00:00:00,GMADA,33,9,,R,SUM,178,2026,S,2026-01-08 00:00:00,1,,,"POLIZA 129856, PROVINCIA SEGUROS(33)",525687.42,000115,,N
2026,1,106,106,2026-01-08 00:00:00,GMADA,33,1,,R,SUM,177,2025,S,2026-01-08 00:00:00,1,,,"POLIZA 129855, PROVINCIA SEGUROS(33)",484704.48,000115,,N
2026,1,107,107,2026-01-08 00:00:00,GMADA,33,PASEO,,R,SUM,180,2026,S,2026-01-08 00:00:00,1,,,"POLIZA 129857, PROVINCIA SEGUROS(33)",508355.19,000115,,N
2026,1,137,137,2026-01-13 00:00:00,GMADA,2538,2,,R,SUM,213,2026,S,2026-01-13 00:00:00,1,,,FRANCO RICOTTI- PRESUPUESTO N° 10/12/2025 MOVIL 7 DOMINIO: AA775QW,156000.0,000115,,N
2026,1,138,138,2026-01-13 00:00:00,GMADA,345,2,,R,SUM,214,2026,S,2026-01-13 00:00:00,3,,,AZCUENAGA- PRESUPUESTO N° 00002-00055437 (FARMACIA),1241489.45,000115,,N
2026,1,140,140,2026-01-13 00:00:00,GMADA,1138,2,,A,SUM,215,2026,S,2026-01-13 00:00:00,1,2026-01-28 00:00:00,NO,PEREZ JORGE- PRESUPUESTO N° 282188 (COCINA) DESDE EL 22/12/25 AL 29/12/25,72000.0,000115,,N
2026,1,145,146,2026-01-13 00:00:00,GMADA,2627,2,,R,SUM,216,2026,S,2026-01-13 00:00:00,1,,,SANTA PAULA- PRESUPUESTO N° 0001-00002158 ( HOGAR DE ANCIANOS) DESDE EL 17/12/25 AL 24/12/25,40800.0,000115,,N
2026,1,148,148,2026-01-13 00:00:00,GMADA,2627,2,,R,SUM,222,2026,S,2026-01-13 00:00:00,1,,,SANTA PAULA- PRESUPUESTO N° 0001-00002163 (COCINA)  DESDE EL 6/01/26 AL 13/01/26,32500.0,000115,,N
2026,1,151,151,2026-01-13 00:00:00,GMADA,2595,13,,R,SUM,225,2026,S,2026-01-13 00:00:00,1,,,IVANPER REPUESTOS. PRESPUESTO Nº 7976.BROMATOLOGIA. VEHICULO DOMINIO AB437WY,56200.0,000115,,N
2026,1,153,153,2026-01-13 00:00:00,GMADA,441,25,,R,SUM,251,2026,S,2026-01-13 00:00:00,1,,,"Papelera Alpa, presupuesto 3820-3828 (inspeccion)",20800.0,000115,,N
2026,1,155,155,2026-01-13 00:00:00,GMADA,688,25,,R,SUM,262,2026,S,2026-01-13 00:00:00,2,,,"Baterias La Primera, presupuestos 6911-6924-6917.",120500.0,000115,,N
2026,1,157,157,2026-01-13 00:00:00,GMADA,441,9,,R,SUM,208,2026,S,2026-01-13 00:00:00,1,,,PRESUPUESTO N° 3835- ALPA MADARIAGA - SELLO SECRETARIO DE DEPORTES,8500.0,000115,,N
2026,1,161,161,2026-01-13 00:00:00,GMADA,1266,1,,R,SUM,98,2026,S,2026-01-13 00:00:00,2,,,"RENOVACION ABONOS DE ALARMAS 1° CUATRIMESTRE,EXPTE 20/2025",473600.0,000115,,N
2026,1,165,165,2026-01-13 00:00:00,GMADA,1266,PLANT,,R,SUM,99,2026,S,2026-01-13 00:00:00,2,,,"RENOVACION DE ABONO DE ALARMAS,1° CUATRIMESTRE, EXPTE. 20/2025",236800.0,000115,,N
2026,1,167,167,2026-01-13 00:00:00,GMADA,1266,6,,A,SUM,102,2026,S,2026-01-13 00:00:00,1,2026-01-14 00:00:00,NO,"RENOVACION DE ABONO DE ALARMA, 1° CUATRIMESTRE, EXPTE 20/2025",236800.0,000115,,N
2026,1,186,186,2026-01-13 00:00:00,GMADA,3430,INFOR,,R,SUM,276,2026,S,2026-01-13 00:00:00,3,,,Corresponde cotización N° 0001-00166400 FUTURE GRAPHICS LLC ARGENTINA S.A,2200997.5,000115,,N
2026,1,188,188,2026-01-13 00:00:00,GMADA,33,6,,R,SUM,230,2026,S,2026-01-13 00:00:00,1,,,"RENOVACION DE POLIZA AUTOMOTOR, POLIZA 10946172, PCIA SEGUROS(33)",6332135.0,000115,,N
2026,1,192,191,2026-01-13 00:00:00,GMADA,1527,25,,R,SUM,259,2026,S,2026-01-13 00:00:00,1,,,"Gomeria La Diagonal, presupuesto 0559 -0560( policiales-secretaria)",154000.0,000115,,N
2026,1,194,194,2026-01-13 00:00:00,GMADA,71,25,,R,SUM,256,2026,S,2026-01-13 00:00:00,1,,,"Campo y Ciudad, presupuesto 15603 ( taller)",4000.0,000115,,N
2026,1,195,195,2026-01-13 00:00:00,GMADA,1063,22,,R,SUM,231,2026,S,2026-01-13 00:00:00,2,,,PROV.ELECTRONICA RURAL PRESUP.09/01/26 REPARACION DE EQUIPO DE RADIO DEFENSA CIVIL,1120000.0,000115,,N
2026,1,197,197,2026-01-13 00:00:00,GMADA,413,6,,R,SUM,111,2026,S,2026-01-13 00:00:00,1,,,"Paso Agustín ,presupuesto 3946,3955,3963,3972,3977,3990,3994,3998.",263000.0,000115,,N
2026,1,291,291,2026-01-19 00:00:00,GMADA,33,CACUL,,R,SUM,306,2026,S,2026-01-19 00:00:00,1,,,"RENOVACION POLIZA, PCIA, SEGUROS(33), POLIZA 3374737",552679.0,000115,,N
2026,1,292,292,2026-01-19 00:00:00,GMADA,33,4,,R,SUM,307,2026,S,2026-01-19 00:00:00,1,,,"RENOVACION POLIZA, PCIA SEGUROS(339, POLIZA 3374898",367866.0,000115,,N
2026,1,293,293,2026-01-19 00:00:00,GMADA,33,33,,R,SUM,309,2026,S,2026-01-19 00:00:00,1,,,"RENOVACION POLIZA, PCIA SEGUROS(33), POLIZA 3374899",502262.0,000115,,N
2026,1,294,294,2026-01-19 00:00:00,GMADA,33,CICQ,,R,SUM,310,2026,S,2026-01-19 00:00:00,1,,,"RENOVACION POLIZA, PCIA SEGUROS, POLIZA 3374901",493506.0,000115,,N
2026,1,295,295,2026-01-19 00:00:00,GMADA,33,MUSH,,R,SUM,311,2026,S,2026-01-19 00:00:00,1,,,"RENOVACION POLIZA, PCIA SEGUROS(33), POLIZA 3374903",290490.0,000115,,N
2026,1,296,296,2026-01-19 00:00:00,GMADA,33,1,,R,SUM,312,2026,S,2026-01-19 00:00:00,1,,,"RENOVACION POLIZA, PCIA SEGUROS(33),POLIZA 3374905",1330489.0,000115,,N
2026,1,297,297,2026-01-19 00:00:00,GMADA,1259,25,,R,SUM,295,2026,S,2026-01-19 00:00:00,2,,,"Electro Danunzio, presupuesto 29499 (Comisaria Comunal)",135744.0,000115,,N
2026,1,298,298,2026-01-19 00:00:00,GMADA,1259,25,,R,SUM,292,2026,S,2026-01-19 00:00:00,2,,,"Electro Dannunzio, presupuesto 29626-29585 (COM)",71191.33,000115,,N
2026,1,299,299,2026-01-19 00:00:00,GMADA,1810,2,,R,SUM,269,2026,S,2026-01-19 00:00:00,4,,,AC REFRIGERADOR. ADOLFO CATALDO E HIJOS. PRESUPUESTO N 000375.CAPS B NORTE ABELARDO M COSTA.,120000.0,000115,,N
2026,1,300,300,2026-01-19 00:00:00,GMADA,2627,2,,R,SUM,258,2026,S,2026-01-19 00:00:00,1,,,SANTA PAULA- PRESUPUESTO N° 0002-00003347  (HOGAR DE ANCIANOS) DESDE EL 29/12/25 AL 4/01/26,52000.0,000115,,N
2026,1,301,301,2026-01-19 00:00:00,GMADA,125,2,,R,SUM,255,2026,S,2026-01-19 00:00:00,1,,,FARMACIA GIORGI- PRESUPUESTO S/N° MEDICAMENTOS DISPENSADOS 23/12/25 Y 24/12/25,44517.6,000115,,N
2026,1,302,302,2026-01-19 00:00:00,GMADA,3356,2,,R,SUM,260,2026,S,2026-01-19 00:00:00,2,,,PEREZ JORGE - PRESUPUESTO N° 282183 (HOGAR DE ANCIANOS) DESDE 1/12/25 AL 8/12/25,59500.0,000115,,N
2026,1,305,305,2026-01-19 00:00:00,GMADA,33,14,,R,SUM,302,2026,S,2026-01-19 00:00:00,1,,,"RENOVACION POLIZA, PCIA SEGUROS(33), POLIZA 3374698",335917.0,000115,,N
2026,1,307,307,2026-01-19 00:00:00,GMADA,33,14,,R,SUM,304,2026,S,2026-01-19 00:00:00,1,,,"RENOVACION POLIZA, PCIA SEGUROS(33), POLIZA 3374734",588764.0,000115,,N
2026,1,309,309,2026-01-19 00:00:00,GMADA,33,25,,R,SUM,283,2026,S,2026-01-19 00:00:00,2,,,"RENOVACION POLIZA, PCIA SEGUROS(33), POLIZA 96993",783604.0,000115,,N
2026,1,311,311,2026-01-19 00:00:00,GMADA,33,2,,R,SUM,284,2026,S,2026-01-19 00:00:00,1,,,"RENOVACION POLIZA, PCIA SEGUROS(33), POLIZA 3374536",3352728.0,000115,,N
2026,1,312,312,2026-01-19 00:00:00,GMADA,33,DMACE,,R,SUM,285,2026,S,2026-01-19 00:00:00,1,,,"RENOVACION POLIZA, PCIA SEGUROS(33), POLIZA 3374538",318241.0,000115,,N
2026,1,313,313,2026-01-19 00:00:00,GMADA,33,JARDM,,R,SUM,286,2026,S,2026-01-19 00:00:00,1,,,"RENOVACION POLIZA, PCIA SEGUROS(33), POLIZA 3374583",837666.0,000115,,N
2026,1,314,314,2026-01-19 00:00:00,GMADA,33,4,,R,SUM,288,2026,S,2026-01-19 00:00:00,1,,,"RENOVACION POLIZA, PCIA SEGUROS(33),POLIZA 3374633",1131077.0,000115,,N
2026,1,320,319,2026-01-19 00:00:00,GMADA,2369,3,,R,SUM,347,2026,S,2026-01-19 00:00:00,2,,,"PROV. MERCEDES  LA PLATA PRESUP.186902 REPUESTOS PARA  DMI232, LED010,LED013, LAN557, JZH266",2011262.71,000115,,N
2026,1,321,321,2026-01-19 00:00:00,GMADA,441,CONTR,,R,SUM,349,2026,S,2026-01-19 00:00:00,1,,,Corresponde presupuesto N° 0002-00003852 - MATIENZO PAOLA,15000.0,000115,,N
2026,1,2577,2577,2026-07-14 00:00:00,GMADA,86,35,,R,PRESU,0,2026,S,2026-07-14 00:00:00,1,,,Exp.:1040/26 Sol. Compra de Aberturas para Sala Apicola - Prov.:Aberturas SP - Presup.:01/04/26,6845000.0,000000,,N
2026,1,2578,2578,2026-07-14 00:00:00,GMADA,3540,35,,R,PRESU,0,2026,S,2026-07-15 00:00:00,2,,,"Exp.:507/26 Sol. Reparacion de Cubierta de EP Nº17 ""9 de Julio de 1986"" del Paraje Medaland - Prov.:Baigorria Gonzalo - Presup.:Contrato",9000000.0,000000,,N
2026,1,1266,1267,2026-04-10 00:00:00,GMADA,1320,33,,R,SUM,1252,2026,S,2026-04-10 00:00:00,1,,,EXPEDIENTE 2414/2025 PRESUPUESTO 12 QUIROGA MANUEL FABIAN,350000.0,000115,,N
2026,1,1267,1268,2026-04-10 00:00:00,GMADA,441,1,,R,SUM,1277,2026,S,2026-04-10 00:00:00,1,,,Presupuesto M° 0002-00003911.Matienzo Paola,307499.7,000115,,N
2026,1,1268,1269,2026-04-10 00:00:00,GMADA,2869,6,,R,SUM,1282,2026,S,2026-04-10 00:00:00,1,,,"PRESUPUESTO 1009, MADA-POY",2079000.0,000115,,N
2026,1,1269,1270,2026-04-10 00:00:00,GMADA,2410,25,,R,SUM,1239,2026,S,2026-04-10 00:00:00,2,,,"LRB electricidad del automotor, presupuestos 1208-1209-1199-1203-1204-1205",760000.0,000115,,N
2026,1,1271,1271,2026-04-10 00:00:00,GMADA,1527,25,,R,SUM,943,2026,S,2026-04-10 00:00:00,1,,,"Gomeria La Diagonal, presupuesto 0577 (af496mn- ah005uv-af 173ln- ah 137 yd- oig 911- jch 069- )",171000.0,000115,,N
2026,1,1273,1274,2026-04-10 00:00:00,GMADA,2410,25,,R,SUM,1240,2026,S,2026-04-10 00:00:00,3,,,"LRB electricidad del automotor, presupuestos 1206-1207",410000.0,000115,,N
2026,1,1276,1277,2026-04-10 00:00:00,GMADA,68,25,,R,SUM,1273,2026,S,2026-04-10 00:00:00,2,,,"Atmosferico Peyrano, presupuesto (trabajo realizado en destacamento policial del frente de ruta )",645000.0,000115,,N
2026,1,1277,1278,2026-04-10 00:00:00,GMADA,17,3,,R,SUM,1265,2026,S,2026-04-10 00:00:00,1,,,PROV. LUIS LOMBARDIA PRESUP.0067 REPUESTOS PARA GENERADOR ELECTRICO,104500.0,000115,,N
2026,1,1278,1279,2026-04-10 00:00:00,GMADA,2410,3,,R,SUM,1264,2026,S,2026-04-10 00:00:00,2,,,PROV. LEANDRO BOGADO PRESUP.1202 IVECO PJY978,120000.0,000115,,N
2026,1,1282,1283,2026-04-10 00:00:00,GMADA,17,3,,R,SUM,1266,2026,S,2026-04-10 00:00:00,1,,,"PROV. LUIS LOMBARDIA PRESUP.0069,0068 INSUMOS Y REPUESTOS PARA MAQUINAS CORTA PASTO Y MOTOGUADAÑAS",702600.0,000115,,N
2026,1,1293,1294,2026-04-10 00:00:00,GMADA,692,9,,R,PRESU,0,2026,S,2026-04-10 00:00:00,2,,,"Prevision TORNEO DE TAEKWONDO ITF,Exp. N° 97/26 Proveedor Maiolo",378945.1,000000,,N
2026,1,1294,1295,2026-04-10 00:00:00,GMADA,2299,9,,R,PRESU,0,2026,S,2026-04-10 00:00:00,2,,,"PREVISION, TORNEO DE TAEKWONDO ITF,SCIGLIANO DIEGO",45000.0,000000,,N
2026,1,1295,1296,2026-04-10 00:00:00,GMADA,2454,DESPA,,R,PRESU,0,2026,S,2026-04-10 00:00:00,1,,,"FACTURA 656, ANTONIO NAHUEL MERSID",99800.0,000000,,N
2026,1,1,1,2026-01-02 00:00:00,GMADA,4719,23,,R,SUM,15,2026,S,2026-01-02 00:00:00,1,,,Expte 3723.Ernalz Marcelo Dante,6600000.0,000115,,N
2026,1,238,238,2026-01-14 00:00:00,GMADA,2369,3,,R,SUM,189,2026,S,2026-01-14 00:00:00,2,,,"PROV. MERCEDES LA PLATA PRESUP.186855 REPUESTOS PARA  LAN557, IVW614, DMI232,",1687979.86,000115,,N
2026,1,240,240,2026-01-14 00:00:00,GMADA,2369,3,,R,SUM,206,2026,S,2026-01-14 00:00:00,2,,,"PROV.MERCEDES LA PLATA PRESUP.186856 REPUESTOS PARA VW LED010 JZH266, FORD 14000ASZ490 LAN557, DMI232",2366209.0,000115,,N
2026,1,244,242,2026-01-14 00:00:00,GMADA,3356,2,,R,SUM,192,2026,S,2026-01-14 00:00:00,3,,,PEREZ JORGE- PRESUPUESTO N° 282184 (DESDE EL 1/12/25 AL 8/12/25),135000.0,000115,,N
2026,1,251,251,2026-01-14 00:00:00,GMADA,3356,2,,R,SUM,201,2026,S,2026-01-14 00:00:00,2,,,PEREZ JORGE- PRESUPUESTO N° 282192 (COCINA) DESDE 15/12/25 AL 22/12/25,90000.0,000115,,N
2026,1,252,252,2026-01-14 00:00:00,GMADA,3287,13,,A,SUM,202,2026,S,2026-01-14 00:00:00,2,2026-01-15 00:00:00,NO,HISPANOGRAF- PRESUPUESTO N° 1849 (BROMATOLOGIA),225500.0,000115,,N
2026,1,261,261,2026-01-14 00:00:00,GMADA,1478,25,,R,SUM,167,2026,S,2026-01-14 00:00:00,3,,,"Gesell Seguridad, contrato enero-junio (expediente 342/22)",4348800.0,000115,,N
2026,1,376,376,2026-01-21 00:00:00,GMADA,688,6,,R,SUM,389,2026,S,2026-01-21 00:00:00,2,,,Corresponde presupuesto N° 06937/06957/06961/06968- RAMOS E ISIDRO,885800.0,000115,,N
2026,1,377,377,2026-01-21 00:00:00,GMADA,68,4,,R,SUM,392,2026,S,2026-01-21 00:00:00,2,,,"PRESUPUESTO N° X 7390243 de Peyrano, Sergio de ""ATMOSFERICO LA PRIMERA""",770000.0,000115,,N
2026,1,380,379,2026-01-21 00:00:00,GMADA,1810,5,,R,SUM,411,2026,S,2026-01-21 00:00:00,1,,,"PRESUPUESTO 377, CATALDO ADOLFO E HIJO",100000.0,000115,,N
2026,1,381,381,2026-01-21 00:00:00,GMADA,826,3,,R,SUM,388,2026,S,2026-01-21 00:00:00,1,,,PROV.DUENDE AZUL PRESUP.2639 COMISION A LA PLATA (REPUESTOS),65000.0,000115,,N
2026,1,382,382,2026-01-21 00:00:00,GMADA,1334,3,,R,SUM,393,2026,S,2026-01-21 00:00:00,2,,,PROV.TRACKMAR PRESUP.807298 CUCHILLAS PARA MOTONIVELADORA NEW HOLLAND CII59 Y VOLVO G710,1188215.84,000115,,N
2026,1,383,383,2026-01-21 00:00:00,GMADA,1825,GRAN,,R,SUM,374,2026,S,2026-01-21 00:00:00,3,,,"Expte N° 119/2026 Contrato: Anrríquez, Gustavo Oscar - Trabajador Social, No cumple con el Art. 45 de la Ley 14.656",2234296.32,000115,,N
2026,1,384,384,2026-01-21 00:00:00,GMADA,3226,4,,R,SUM,390,2026,S,2026-01-21 00:00:00,4,,,"PRESUPUESTO N° 00000619 de Héctor Aníbal Curto de ""ELECTRO HD"" Para la oficina de Desarrollo Social",680949.0,000115,,N
2026,1,385,385,2026-01-21 00:00:00,GMADA,1879,25,,R,SUM,395,2026,S,2026-01-21 00:00:00,2,,,"Rodamietos Tuyu, presupuesto 3040 (KYV375)",221000.0,000115,,N
2026,1,386,386,2026-01-21 00:00:00,GMADA,441,25,,R,SUM,396,2026,S,2026-01-21 00:00:00,1,,,"Papelera Alpa, presupuesto 3842 ( Inspeccion)",28099.72,000115,,N
2026,1,387,387,2026-01-21 00:00:00,GMADA,2595,25,,R,SUM,397,2026,S,2026-01-21 00:00:00,2,,,"Ivanper, presupuesto 7889 (KYV375-NUF386-AE704AX)",90150.0,000115,,N
2026,1,392,388,2026-01-21 00:00:00,GMADA,1514,3,,R,SUM,403,2026,S,2026-01-21 00:00:00,5,,,PROV. CASA ELICEIRY  GAS OIL PARA FLOTA VEHICULAR DE ESTA SECRETARIA,10076805.0,000115,,N
2026,1,393,393,2026-01-21 00:00:00,GMADA,1514,6,,R,SUM,405,2026,S,2026-01-21 00:00:00,2,,,Corresponde CASA ELICEIRY - Pedido 20/01/2026,11277000.0,000115,,N
2026,1,394,394,2026-01-21 00:00:00,GMADA,1514,3,,A,SUM,404,2025,S,2026-01-21 00:00:00,2,2026-01-23 00:00:00,NO,PROV. CASA ELICEIRY GAS OIL PARA  MAQUIANAS DE PREDIO DISPOSICION FINAL DE RESIDUSO RUTA 11 KM 405.5,1933200.0,000115,,N
2026,1,395,395,2026-01-21 00:00:00,GMADA,1267,6,,R,SUM,406,2026,S,2026-01-21 00:00:00,1,,,"PRESUPUESTO 600, SORAGNI SILVIA ALEJANDRA",574434.0,000115,,N
2026,1,396,396,2026-01-21 00:00:00,GMADA,33,2,,R,SUM,402,2026,S,2026-01-21 00:00:00,1,,,"RENOVACION POLIZA, PCIA SEGUROS(33), POLIZA 172779",2183354.9,000115,,N
2026,1,397,397,2026-01-21 00:00:00,GMADA,1809,9,,R,SUM,401,2025,S,2026-01-21 00:00:00,1,,,"RENOVACION POLIZA AP PATIN, IAM(1809),POLIZA 19691",500000.0,000115,,N
2026,1,398,398,2026-01-21 00:00:00,GMADA,2883,2,,R,SUM,382,2026,S,2026-01-21 00:00:00,2,,,INSUMOS GENERALES 3F- PRESUPUESTO N° 7/01/26 Y 14/01/26,762755.1,000115,,N
2026,1,723,723,2026-02-19 00:00:00,GMADA,57,2,,R,SUM,705,2026,S,2026-02-19 00:00:00,1,,,IMPRENTA EL ARGENTINO - PRESUPUESTO N° 555,37000.0,000115,,N
2026,1,724,724,2026-02-19 00:00:00,GMADA,527,2,,R,SUM,707,2026,S,2026-02-19 00:00:00,2,,,SERVIMED - PRESUPUESTO N° 298/26 CAJA INSTRUMENTAL PARA SUTURAS,82628.0,000115,,N
2026,1,726,726,2026-02-19 00:00:00,GMADA,413,2,,A,SUM,706,2026,S,2026-02-19 00:00:00,2,2026-02-20 00:00:00,NO,NEUMATICOS PASO - PRESUPUESTO N° 1-4051  VEHICULO DOMINIO AF545GL,8000.0,000115,,N
2026,1,728,728,2026-02-19 00:00:00,GMADA,285,2,,R,SUM,724,2026,S,2026-02-19 00:00:00,3,,,PRESUPUESTO 0000100052481 RADIOGRAFICA OESTE,484803.98,000115,,N
2026,1,730,730,2026-02-19 00:00:00,GMADA,1810,2,,R,SUM,721,2026,S,2026-02-19 00:00:00,1,,,PRESUPUESTO 000374 CATALDO ADOLFO REPARACION COMPRESOR PLANTA OXIGENO Nº 2,200000.0,000115,,N
2026,1,731,731,2026-02-19 00:00:00,GMADA,1810,2,,A,SUM,718,2026,S,2026-02-19 00:00:00,6,2026-02-19 00:00:00,NO,PRESUPUESTO 13/02/26 ´PILOÑA,2132124.7,000115,,N
2026,1,733,733,2026-02-19 00:00:00,GMADA,2595,25,,R,SUM,398,2026,S,2026-02-19 00:00:00,2,,,"Ivanper, presupuesto 7870 (taller del area )",43800.0,000115,,N
2026,1,735,735,2026-02-19 00:00:00,GMADA,413,2,,R,SUM,666,2026,S,2026-02-19 00:00:00,2,,,NEUMATICOS PASO - PRESUPUESTO N° 1-4056 VEHICULO AE619QS,170000.0,000115,,N
2026,1,762,762,2026-02-23 00:00:00,GMADA,2110,CASA,,R,SUM,740,2026,S,2026-02-23 00:00:00,2,,,"PRESUPUESTO N° 542 de ""EDUARDO FUMEGA"" Arreglos en Casa del Adolescente",60000.0,000115,,N
2026,1,764,764,2026-02-23 00:00:00,GMADA,3398,3,,A,SUM,751,2026,S,2026-02-23 00:00:00,2,2026-02-25 00:00:00,NO,PROV.CHAYE HNOS PRESUP.0414 REPUESTO PARA TRACTOR JONH DEERE BNA17,1957867.6,000115,,N
2026,1,766,766,2026-02-23 00:00:00,GMADA,3075,1,,R,SUM,778,2026,S,2026-02-23 00:00:00,2,,,"Correa Lorente Juan Martín,presupuesto 0001-00000072",1084690.62,000115,,N
2026,1,767,767,2026-02-23 00:00:00,GMADA,169,1,,R,SUM,777,2026,S,2026-02-23 00:00:00,3,,,"Terranova , presupesto 001030",296000.0,000115,,N
2026,1,796,796,2026-02-26 00:00:00,GMADA,2110,25,,R,SUM,763,2026,S,2026-02-26 00:00:00,2,,,"Eduardo Fumega, presupuesto 540 ( comisaria de la mujer)",225000.0,000115,,N
2026,1,797,797,2026-02-26 00:00:00,GMADA,1259,25,,R,SUM,764,2026,S,2026-02-26 00:00:00,2,,,"Electri Dannunzio, presupuesto 30183 (COM-tecnica)",5838.0,000115,,N
2026,1,804,805,2026-02-26 00:00:00,GMADA,3454,4,,R,SUM,843,2026,S,2026-02-26 00:00:00,1,,,Expte N° 441/2026 Contrato: Muscia Caldarella Gian Franco - Operador Social Servicio Local. No cumple con el Art. 45 de la Ley 14.656,710717.6,000115,,N
2026,1,808,808,2026-02-26 00:00:00,GMADA,2110,CACUL,,R,SUM,818,2026,S,2026-02-26 00:00:00,1,,,EDUARDO FUMEGA  PRESUPUESTO N° 545,75000.0,000115,,N
2026,1,810,810,2026-02-26 00:00:00,GMADA,3529,9,,A,SUM,812,2026,S,2026-02-26 00:00:00,2,2026-03-09 00:00:00,NO,PRESUPUESTO TISERA SANITARIOS PORTATILES,340000.0,000115,,N
2026,1,813,813,2026-02-26 00:00:00,GMADA,3184,2,,R,SUM,772,2026,S,2026-02-26 00:00:00,3,,,DROGUERIA PERDOMINICI- PRESUPUESTO N° 12/02/2026,5325216.2,000115,,N
2026,1,817,817,2026-02-26 00:00:00,GMADA,850,2,,R,SUM,794,2026,S,2026-02-26 00:00:00,2,,,UNO ELECTROMEDICINA- PRESUPUESTO N° 00003-00015081/15094 (LABORATORIO DE IMAGENES),4024482.54,000115,,N
2026,1,818,818,2026-02-26 00:00:00,GMADA,2306,2,,R,SUM,782,2026,S,2026-02-26 00:00:00,2,,,PRESUPUESTO  OXI - REF  SANTIAGO PEREZ,119000.0,000115,,N
2026,1,1129,1129,2026-03-26 00:00:00,GMADA,688,25,,R,SUM,1090,2026,S,2026-03-26 00:00:00,3,,,"Baterias La Primera, presupouesto 7034 (af747pm)",18500.0,000115,,N
2026,1,1130,1130,2026-03-26 00:00:00,GMADA,441,JARDM,,R,SUM,1099,2026,S,2026-03-26 00:00:00,2,,,"PRESUPUESTO N° X 0002-00003892 de Matienzo, Paola Amelia de ""ALPA MADARIAGA"" Para asistencia de los chicos que concuerren a La Casita de Chocolate",27600.03,000115,,N
2026,1,1131,1131,2026-03-26 00:00:00,GMADA,441,1,,R,SUM,1120,2026,S,2026-03-26 00:00:00,1,,,"PRESUPUESTO 3895, MATIENZO PAOLA AMELIA",11500.0,000115,,N
2026,1,1132,1132,2026-03-26 00:00:00,GMADA,441,4,,R,SUM,1104,2026,S,2026-03-26 00:00:00,2,,,"PRESUPUESTO N° X 0002-00003891 de Matienzo, Paola Amelia de ""ALPA MADARIAGA"" Jornada  Día de la Mujer",12760.08,000115,,N
2026,1,1133,1133,2026-03-26 00:00:00,GMADA,3287,4,,R,SUM,1100,2026,S,2026-03-26 00:00:00,2,,,"PRESUPUESTO N° 1869 de ""HISPANOGRAF"" Certificados de la Jornada artística",10900.0,000115,,N
2026,1,1134,1134,2026-03-26 00:00:00,GMADA,3287,TURIS,,R,SUM,1112,2026,S,2026-03-26 00:00:00,1,,,Avellaneda 7163 - presupuesto 1871. parche lona Pasion Segun San Juan.,467000.0,000115,,N
2026,1,1135,1135,2026-03-26 00:00:00,GMADA,2110,2,,R,SUM,1101,2026,S,2026-03-26 00:00:00,1,,,EXPEDIENTE  819/26 FUMEGA EDUARDO TRABAJOS DE PLOMERIA EN HOSPITAL - HOGAR DE ANCIANOS - CAPS,3570000.0,000115,,N
2026,1,1136,1136,2026-03-26 00:00:00,GMADA,3184,2,,R,SUM,1115,2026,S,2026-03-26 00:00:00,2,,,DROGUERIA PERDOMINICI- PRESUPUESTO N° 10/03/26,1150035.0,000115,,N
2026,1,1166,1167,2026-03-31 00:00:00,GMADA,826,3,,R,SUM,1166,2026,S,2026-03-31 00:00:00,1,,,PROV. DUENDE AZUL PRESUP.2645 COMISION A LA PLATA,65000.0,000115,,N
2026,1,1167,1168,2026-03-31 00:00:00,GMADA,791,3,,R,SUM,1165,2026,S,2026-03-31 00:00:00,1,,,PROV.MARTIN GUSTAVO PRESUP.0203 CUBIERTA USADA PARA CITROEN C15 CAR748,80000.0,000115,,N
2026,1,1168,1169,2026-03-31 00:00:00,GMADA,2869,2,,R,SUM,1149,2026,S,2026-03-31 00:00:00,1,,,MADA POY S.A- PRESUPUESTO N° 0001-00001006 (SEMANA DEL DIA 25/03/26 AL 1/04/26),1652297.0,000115,,N
2026,1,1169,1170,2026-03-31 00:00:00,GMADA,3297,25,,R,SUM,1167,2026,S,2026-03-31 00:00:00,1,,,"Frenos Madariaga, presupuesto 096 (AG713ZV-AE704AW)",304000.0,000115,,N
2026,1,1171,1172,2026-03-31 00:00:00,GMADA,3184,2,,R,SUM,1160,2026,S,2026-03-31 00:00:00,2,,,DROGUERIA PERDOMINICI- PRESUPUESTO N° 25/03/26,3132045.4,000115,,N
2026,1,1172,1173,2026-03-31 00:00:00,GMADA,117,1,,R,SUM,1172,2026,S,2026-03-31 00:00:00,1,,,"PL3 ,presupuesto 0014-00252820",10500.0,000115,,N
2026,1,1173,1174,2026-03-31 00:00:00,GMADA,2069,JARDM,,R,SUM,1163,2026,S,2026-03-31 00:00:00,2,,,-Presupuesto Carpinteria MUNTION -Mano de Obra de Marco y 3 hojas vidrio repartido.,850000.0,000115,,N
2026,1,1174,1175,2026-03-31 00:00:00,GMADA,1078,2,,R,SUM,1169,2026,S,2026-03-31 00:00:00,2,,,OPAZO DANIEL- PRESUPUESTO N° 26/03/2026,160000.0,000115,,N
2026,1,1175,1176,2026-03-31 00:00:00,GMADA,285,2,,R,SUM,1171,2026,S,2026-03-31 00:00:00,3,,,RADIOGRAFICAOESTE - PRESUPUESTO N° 100053687,959493.84,000115,,N
2026,1,1296,1297,2026-04-13 00:00:00,GMADA,688,25,,R,SUM,1323,2026,S,2026-04-13 00:00:00,1,,,"Baterias La Primera, presuouesto 07077 (AE 704 AW)",190600.0,000115,,N
2026,1,1297,1298,2026-04-13 00:00:00,GMADA,1603,CASA,,R,SUM,1312,2026,S,2026-04-13 00:00:00,2,,,"PRESUPUESTO N° 6939057 de Garcia, Gladys de ""PANADERIA ALEM""",72000.0,000115,,N
2026,1,1300,1301,2026-04-13 00:00:00,GMADA,3567,2,,A,SUM,1330,2026,S,2026-04-13 00:00:00,1,2026-04-16 00:00:00,NO,EXPEDIENTE 968/2026 CONTRATO SEÑOR ANDIARENA JOSE MARIA DEL 1 DE ABRIL AL 31 DE JULIO DEL 2026,6800000.0,000115,,N
2026,1,1304,1305,2026-04-13 00:00:00,GMADA,3075,1,,R,SUM,1365,2026,S,2026-04-13 00:00:00,2,,,"Correa Lorente Martín, presupuesto 000090",1254610.4,000115,,N
2026,1,1305,1306,2026-04-13 00:00:00,GMADA,169,1,,R,SUM,1367,2026,S,2026-04-13 00:00:00,2,,,"Terranova, presupuesto 001050",490200.0,000115,,N
2026,1,1307,1308,2026-04-13 00:00:00,GMADA,3322,2,,R,SUM,1263,2026,S,2026-04-13 00:00:00,2,,,PINAMAR HIGIENE INSTITUCIONAL - PRESUPUESTO N° 16-2572 SEMANA DEL 23/03/2026 AL 30/03/2026,709011.73,000115,,N
2026,1,1308,1309,2026-04-13 00:00:00,GMADA,3322,2,,R,SUM,1261,2026,S,2026-04-13 00:00:00,2,,,PINAMAR HIGIENE INSTITUCIONAL - PRESUPUESTO N° 16-2568 (QUIROFANO HOSPITAL),71215.76,000115,,N
2026,1,1310,1311,2026-04-14 00:00:00,GMADA,3322,2,,R,SUM,1292,2026,S,2026-04-14 00:00:00,2,,,PINAMAR HIGIENE INSTITUCIONAL - PRESUPUESTO N° 16-2527 (COCINA HOSPITAL),97038.61,000115,,N
2026,1,1311,1312,2026-04-14 00:00:00,GMADA,791,13,,R,SUM,1291,2026,S,2026-04-14 00:00:00,2,,,NEUMATICOS MADARIAGA - PRESUPUESTO 1870 REPARACION VEHICULO DOMINIO AB437WY,212000.0,000115,,N
2026,1,1312,1313,2026-04-14 00:00:00,GMADA,3287,2,,R,SUM,1289,2026,S,2026-04-14 00:00:00,1,,,HISPANOGRAF - PRESUPUESTO N° 1860 (HOSPITAL),69700.0,000115,,N
2026,1,1314,1315,2026-04-14 00:00:00,GMADA,2627,2,,R,SUM,1253,2026,S,2026-04-14 00:00:00,1,,,SANTA PAULA - PRESUPUESTO N° 1-2202,30000.0,000115,,N
2026,1,1315,1316,2026-04-14 00:00:00,GMADA,2453,35,,R,SUM,1315,2026,S,2026-04-14 00:00:00,2,,,Exp.:437/26 Sol. Revisión Integral del Edificio de Secretaría de Cultura - Prov.:Refrigeraci{on Mitre - Presup.:9884,960000.0,000115,,N
2026,1,1316,1317,2026-04-14 00:00:00,GMADA,2410,13,,R,SUM,1285,2026,S,2026-04-14 00:00:00,1,,,LEANDRO RUBEN BOGADO - PRESUPUESTO N° 1-1200 (BROMATOLOGIA),220000.0,000115,,N
2026,1,1318,1319,2026-04-14 00:00:00,GMADA,167,2,,R,SUM,1284,2026,S,2026-04-14 00:00:00,1,,,TODO POLLO - PRESUPUESTO N° 92  SEMANA DEL 30/03/2026 AL 06/04/2026,1145250.0,000115,,N
2026,1,1319,1320,2026-04-14 00:00:00,GMADA,167,H.ANC,,R,SUM,1283,2026,S,2026-04-14 00:00:00,1,,,TODO POLLO - PRESUPUESTO N° 93 SEMANA DEL 30/03/2026 AL 06/04/2026,532450.0,000115,,N
2026,1,1321,1322,2026-04-14 00:00:00,GMADA,1876,2,,R,SUM,1274,2026,S,2026-04-14 00:00:00,2,,,MAX CONTINENTAL- PRESUPUESTO N° 0001-161069,1131320.76,000115,,N
2026,1,1322,1323,2026-04-14 00:00:00,GMADA,3322,2,,R,SUM,1257,2026,S,2026-04-14 00:00:00,2,,,PINAMAR HIGIENE INSTITUCIONAL - PRESUPUESTO N° 16-2549 SEMANA DEL 08/03/2026/AL 15/03/2026,193264.45,000115,,N
2026,1,1323,1324,2026-04-14 00:00:00,GMADA,3322,2,,R,SUM,1256,2026,S,2026-04-14 00:00:00,2,,,PINAMAR HIGIENE INSTITUCIONAL - PRESUPUESTO N° 16-2529,207470.54,000115,,N
2026,1,1324,1325,2026-04-14 00:00:00,GMADA,2627,2,,R,SUM,1254,2026,S,2026-04-14 00:00:00,1,,,SANTA PAULA - PRESUPUESTO N° 1-2209,14000.0,000115,,N
2026,1,1325,1326,2026-04-14 00:00:00,GMADA,1578,2,,R,SUM,1251,2026,S,2026-04-14 00:00:00,1,,,PRODUCTOS COLOMBRARO - PRESUPUESTO N° 1-400 (LABORATORIO Y CIRUGIA HOSPITAL),184000.0,000115,,N
2026,1,1508,1509,2026-04-27 00:00:00,GMADA,3561,8,,R,SUM,1535,2026,S,2026-04-27 00:00:00,2,,,Mundo Cargo SA-Presupuesto nº3379- SEC PRODUCCION,175801.0,000115,,N
2026,1,1514,1515,2026-04-29 00:00:00,GMADA,3322,2,,R,SUM,1515,2026,S,2026-04-29 00:00:00,2,,,PINAMAR HIGIENE INSTITUCIONAL - PRESUPUESTO N° 16-2597 (COCINA HOSPITAL),68483.54,000115,,N
2026,1,1515,1516,2026-04-29 00:00:00,GMADA,441,MESEN,,R,SUM,1516,2026,S,2026-04-29 00:00:00,1,,,Corresponde presupuesto N° 0002-00003918 - MATIENZO PAOLA A.,38000.04,000115,,N
2026,1,1527,1528,2026-04-29 00:00:00,GMADA,3170,5,,R,SUM,1564,2026,S,2026-04-29 00:00:00,1,,,MAURICIO GARCIA LOCUCION  JORNADAS 1 DE MAYO PARQUE DE LA ESTACION EXPTE 1126/26,200000.0,000115,,N
2026,1,1529,1530,2026-04-29 00:00:00,GMADA,3364,5,,R,SUM,1563,2026,S,2026-04-29 00:00:00,1,,,MATIAS LIGARI   JORNADAS 1 DE MAYO  PARQUE DE LA ESTACION  EXPTE 1126/26,300000.0,000115,,N
2026,1,1531,1532,2026-04-29 00:00:00,GMADA,2371,3,,R,SUM,1518,2026,S,2026-04-29 00:00:00,3,,,PROV.MERIO INDUSTRIAL PRESUP.23/04/2026  INSUMOS PARA BARREDORA BNW472,1320500.0,000115,,N
2026,1,1533,1534,2026-04-29 00:00:00,GMADA,3336,5,,R,SUM,1539,2026,S,2026-04-29 00:00:00,2,,,MORALES ROCIO ALEJANDRINA PROVEEDOR 3336 COLECTIVO JZH 266,560000.0,000115,,N
2026,1,819,819,2026-02-26 00:00:00,GMADA,345,2,,R,SUM,776,2026,S,2026-02-26 00:00:00,2,,,DROGUERIA AZCUENAGA - PRESUPUESTO N° 200056152,1186830.0,000115,,N
2026,1,2100,2099,2026-06-05 00:00:00,GMADA,2330,1,,R,SUM,2092,2026,S,2026-06-05 00:00:00,2,,,  Corresponde a Previsión de Combustible del Salado.Gobierno,269294.48,000115,,N
2026,1,820,820,2026-02-26 00:00:00,GMADA,1573,2,,R,SUM,775,2026,S,2026-02-26 00:00:00,2,,,DROGUERIA ALBERDI S.A- PRESUPUESTO N° 26/01/2026,260976.16,000115,,N
2026,1,823,823,2026-02-26 00:00:00,GMADA,2209,1,,R,SUM,850,2026,S,2026-02-26 00:00:00,1,,,Expte 129/26 Rally 2026.Durante Javier,44640.0,000115,,N
2026,1,824,824,2026-02-26 00:00:00,GMADA,285,2,,R,SUM,769,2026,S,2026-02-26 00:00:00,2,,,RADIOGRAFICAOESTE- PRESUPUESTO N° 100053111 (LABORATORIO DE ANALISIS),1361668.42,000115,,N
2026,1,826,826,2026-02-26 00:00:00,GMADA,1810,2,,R,SUM,780,2026,S,2026-02-26 00:00:00,3,,,CATALDO ADOLFO E HIJOS PRESUPUESTO 000373,180000.0,000115,,N
2026,1,827,827,2026-02-26 00:00:00,GMADA,866,2,,R,SUM,766,2026,S,2026-02-26 00:00:00,3,,,PILOÑA- PRESUPUESTO N° 5/02/26,5916739.18,000115,,N
2026,1,828,828,2026-02-26 00:00:00,GMADA,1658,9,,R,SUM,849,2026,S,2026-02-26 00:00:00,1,,,PREVISION SIN N° - YELITO AGUA - HIDRATACION EN EVENTOS DEPORTIVOS PRIMER SEMESTRE DEL AÑO,500000.0,000115,,N
2026,1,829,829,2026-02-26 00:00:00,GMADA,1876,2,,R,SUM,767,2026,S,2026-03-02 00:00:00,3,,,MAX CONTINENTAL- PRESUPUESTO N° 20/02/2026,2463332.93,000115,,N
2026,1,831,831,2026-02-27 00:00:00,GMADA,1063,2,,R,SUM,805,2026,S,2026-02-27 00:00:00,2,,,PRESUPUESTO LOPEZ MIGUEN ANGEL TELEFONO FIJO PARA CENTRAL TELEFONICA,319000.0,000115,,N
2026,1,832,832,2026-02-27 00:00:00,GMADA,1267,3,,R,SUM,786,2026,S,2026-02-27 00:00:00,1,,,"PROV.SILVIA SORAGNI PRESUP.0607  REPARACION Y REPUESTOS PARA PALA CARGADORA CII58,",292371.0,000115,,N
2026,1,842,842,2026-02-27 00:00:00,GMADA,2869,1,,R,SUM,862,2026,S,2026-02-27 00:00:00,2,,,Mada-Poy.Expte 129/26 Rally 2026,577189.99,000115,,N
2026,1,843,843,2026-02-27 00:00:00,GMADA,3198,9,,R,SUM,863,2026,S,2026-02-27 00:00:00,3,,,Cirucci Silvia (Trofeos).Expte 129/2026,2233674.52,000115,,N
2026,1,844,844,2026-02-27 00:00:00,GMADA,71,TURIS,,R,SUM,750,2026,S,2026-02-27 00:00:00,1,,,Campo y ciudad. presupuesto 15276.,41000.0,000115,,N
2026,1,845,845,2026-02-27 00:00:00,GMADA,3287,9,,R,SUM,867,2026,S,2026-02-27 00:00:00,2,,,Prevision Avellaneda 7163,76020.0,000115,,N
2026,1,1742,1742,2026-05-12 00:00:00,GMADA,3238,3,,R,EXPED,461,2026,S,2026-05-12 00:00:00,2,,,,14183068.0,0006,,N
2026,1,1743,1743,2026-05-12 00:00:00,GMADA,413,3,,R,EXPED,461,2026,S,2026-05-12 00:00:00,3,,,,15524336.0,000010,,N
2026,1,2082,2081,2026-06-05 00:00:00,GMADA,167,H.ANC,,R,SUM,1982,2026,S,2026-06-05 00:00:00,1,,,TODO POLLO - PRESUPUESTO N° 7  SEMANA 20/05/2026 AL 27/05/2026,241400.0,000115,,N
2026,1,2083,2082,2026-06-05 00:00:00,GMADA,167,2,,R,SUM,1981,2026,S,2026-06-05 00:00:00,1,,,TODO POLLO - PRESUPUESTO N° 5 SEMANA DEL 20/05/2026 AL 27/05/2026,621750.0,000115,,N
2026,1,2084,2083,2026-06-05 00:00:00,GMADA,3337,6,,R,FACT,2040,2026,S,2026-06-05 00:00:00,1,,,"PRESUPUESTO 619, GARCIA FEDERICO",177201.0,000115,,N
2026,1,2085,2084,2026-06-05 00:00:00,GMADA,1235,INGPU,,R,SUM,2044,2026,S,2026-06-05 00:00:00,1,,,"Copia de 2026/14, ENDOSO PRESUPUESTO 1611, CAMINO JOSE, EXPTE. 3655/2021 1 CUERPO",9346920.0,000115,,N
2026,1,2086,2085,2026-06-05 00:00:00,GMADA,2627,2,,R,SUM,1957,2026,S,2026-06-05 00:00:00,1,,,SANTA PAULA - PRESUPUESTO N° 1-2223,78000.0,000115,,N
2026,1,2087,2086,2026-06-05 00:00:00,GMADA,2627,H.ANC,,R,SUM,1967,2026,S,2026-06-05 00:00:00,1,,,SANTA PAULA - PRESUPUESTO N° 1-2225,59400.0,000115,,N
2026,1,2410,2410,2026-06-30 00:00:00,GMADA,1119,2,,R,SUM,2389,2026,S,2026-06-30 00:00:00,1,,,EXPEDIENTE 5/2025 RENOVACION CONTRATO SOMA DEL 01/07/2026 AL 30/09/2026,42900000.0,000115,,N
2026,1,2411,2411,2026-06-30 00:00:00,GMADA,1478,25,,R,SUM,2382,2026,S,2026-06-30 00:00:00,1,,,Renovacion de contrato empresa Gesell Seguridad periodo julio- diciembre 2026,5184000.0,000115,,N
2026,1,2412,2412,2026-06-30 00:00:00,GMADA,2142,25,,R,SUM,2380,2026,S,2026-06-30 00:00:00,1,,,Renovacion de contrato- Julasoft periodo julio- diciembre 2026,8220000.0,000115,,N
2026,1,2413,2413,2026-06-30 00:00:00,GMADA,3003,2,,R,SUM,2390,2026,S,2026-06-30 00:00:00,1,,,EXPEDIENTE 463/2026 RENAVACION CONTRATO CON EL SERVICO DE LICENCIA DE SOFTWARE (HISTORIA CLINICA DIGILTAL) DEL 01/07/202+ AL 31/12/2026,26400000.0,000115,,N
2026,1,2471,2471,2026-07-06 00:00:00,GMADA,441,1,,R,SUM,2467,2026,S,2026-07-06 00:00:00,1,,,Matienzo Paola  presupuesto 00002-00003968,27000.0,000115,,N
2026,1,2473,2473,2026-07-06 00:00:00,GMADA,688,3,,R,SUM,2429,2026,S,2026-07-06 00:00:00,1,,,PROV. BATERIA LA 1RA PRESUP.7192 PARA CAMION FORD 14000 ASZ490,19400.0,000115,,N
2026,1,2475,2475,2026-07-06 00:00:00,GMADA,3287,1,,R,SUM,2425,2026,S,2026-07-06 00:00:00,1,,,"PRESUPUESTO 1902, AVELLANEDA 7163",163500.0,000115,,N
2026,1,2476,2476,2026-07-06 00:00:00,GMADA,285,2,,R,SUM,2368,2026,S,2026-07-06 00:00:00,4,,,PROVEEDOR RADIOGRAFICA OESTE- PRESUPUESTO N° X0000100054877,337780.12,000115,,N
2026,1,2477,2477,2026-07-06 00:00:00,GMADA,2843,4,,R,SUM,2462,2026,S,2026-07-06 00:00:00,2,,,"PRESUPUESTO N° X 6926962 de Tamara Rost de ""FRUTERIA NEGRIN"" Plan A limentario 2026",2072000.0,000115,,N
2026,1,2478,2478,2026-07-06 00:00:00,GMADA,1478,3,,R,SUM,2441,2026,S,2026-07-06 00:00:00,4,,,PROV.GESELL SEGURIDAD PRESUP.30/06/2026 RASTREADOR SATELITAL PARA MERCEDES SPRINT AH782NM,453750.0,000115,,N
2026,1,2480,2480,2026-07-06 00:00:00,GMADA,436,3,,R,SUM,2430,2026,S,2026-07-06 00:00:00,1,,,PROV.BAIGORRIA LORENZO PRESP.02/07/2026 REPARACION DE 2 CUBIERTA VULCANIZADAS  LAN557,350000.0,000115,,N
2026,1,2494,2494,2026-07-06 00:00:00,GMADA,3317,5,,R,SUM,2503,2026,S,2026-07-06 00:00:00,1,,,CHARO ENSAGARAY  ENCUENTRO DE PAYADORES 09/07  EXPTE 1471/26,100000.0,000115,,N
2026,1,2495,2495,2026-07-07 00:00:00,GMADA,3594,3,,R,PRESU,2026,2026,S,2026-07-07 00:00:00,3,,,PROV. ROUTE TRUCKS S.A PRESUP.03072026 TRASLADO DE MOTONIVELADORA LIUGONG CLG4165D PATENTE FHJ16 DESDE LA PLATA A GENERAL MADARIAGA SEGUEN PRESUP.,1960200.0,000000,,N
2026,1,2496,2496,2026-07-07 00:00:00,GMADA,2454,2,,R,PRESU,0,2026,S,2026-07-07 00:00:00,2,,,PRESUPUESTO ANTONIO NAHUEL INSUMOS PARA GUARDIA HOSPITAL Y TRIAGGE,310000.0,000000,,N
2026,1,1535,1536,2026-04-29 00:00:00,GMADA,688,6,,R,SUM,1544,2026,S,2026-04-29 00:00:00,1,,,"Ramos e Isidro La Primera, presupuestos 7100,43509,7097,7084 Domino EPK 07 Retro Liugong y Amarok AB 597 ZF.",1126500.0,000115,,N
2026,1,1536,1537,2026-04-29 00:00:00,GMADA,3356,H.ANC,,R,SUM,1489,2026,S,2026-04-29 00:00:00,2,,,PEREZ ERNESTO - PRESUPUESTO 22982016 SEMANA DEL 01/04/2026 AL 09/04/2026,95000.0,000115,,N
2026,1,1540,1541,2026-04-29 00:00:00,GMADA,125,2,,R,SUM,1504,2026,S,2026-04-29 00:00:00,2,,,FARMACIA GIORGI- PRESUPUESTO N° 17/04/2026 MEDICAMENTOS DISPENSADOS DESDE EL 6/02/26  AL 3/04/26,124141.99,000115,,N
2026,1,1541,1542,2026-04-29 00:00:00,GMADA,1876,2,,R,SUM,1509,2026,S,2026-04-29 00:00:00,2,,,MAX  CONTINENTAL- PRESUPUESTO N° 0001-00161402/161455,1106733.75,000115,,N
2026,1,1542,1543,2026-04-29 00:00:00,GMADA,3356,2,,R,SUM,1490,2026,S,2026-04-29 00:00:00,2,,,PEREZ ERNESTO - PRESUPUESTO 22982017 SEMANA DEL 05/04/2026 AL 12/04/2026,105000.0,000115,,N
2026,1,1544,1545,2026-04-29 00:00:00,GMADA,2869,2,,R,SUM,1501,2026,S,2026-04-29 00:00:00,1,,,MADA POY S.A- PRESUPUESTO N° 0001-00001015 (SEMANA DEL 22/04 AL 29/04/26),1711968.0,000115,,N
2026,1,1546,1547,2026-04-29 00:00:00,GMADA,2883,2,,R,SUM,1502,2026,S,2026-04-29 00:00:00,2,,,INSUMOS GENERALES 3 F- PRESUPUESTO N° 20/04/26,216243.26,000115,,N
2026,1,1548,1549,2026-04-29 00:00:00,GMADA,2595,4,,R,SUM,1497,2026,S,2026-04-29 00:00:00,2,,,"PRESUPUESTO N° 00008557 de ""IVANPER REPUESTOS"" Para camioneta Ford KGL 116",14400.0,000115,,N
2026,1,1550,1551,2026-04-29 00:00:00,GMADA,850,2,,R,SUM,1473,2026,S,2026-04-29 00:00:00,2,,,UNO ELECTROMEDICINA- PRESUPUESTO N° 00003-00015662,1238525.37,000115,,N
2026,1,1551,1552,2026-04-29 00:00:00,GMADA,2541,9,,R,SUM,1507,2026,S,2026-04-29 00:00:00,1,,,"PRESUPUESTO 1378397163, LA SEGUNDA",850000.0,000115,,N
2026,1,1552,1553,2026-04-29 00:00:00,GMADA,171,9,,R,SUM,1380,2026,S,2026-04-29 00:00:00,1,,,PRESUPUESTO N° 55316 - ELECTRICIDAD EL GALLEGO - ILUMINACION TORNEO TAEKWONDO,438000.0,000115,,N
2026,1,1553,1554,2026-04-29 00:00:00,GMADA,717,2,,R,SUM,1463,2026,S,2026-04-29 00:00:00,2,,,PROVEDURIA LA ILUSION - PRESUPUESTO N° 21429,329020.0,000115,,N
2026,1,1554,1555,2026-04-29 00:00:00,GMADA,2325,TURIS,,R,SUM,1499,2026,S,2026-04-29 00:00:00,1,,,Michia Javier Edgardo - presupuesto 23/04 arreglos de gas y plomeria en Delegacion Sur,280000.0,000115,,N
2026,1,1556,1557,2026-04-29 00:00:00,GMADA,1259,2,,R,SUM,1339,2026,S,2026-04-29 00:00:00,1,,,ELECTRO DANNUNZIO - PRESUPUESTO N° 30522 (SALUD MENTAL HOSPITAL),530214.05,000115,,N
2026,1,1557,1558,2026-04-29 00:00:00,GMADA,3287,TURIS,,R,SUM,1481,2026,S,2026-04-29 00:00:00,1,,,Avellaneda 7163 - Hispanograf. Impresiones. Presupuesto 1881,183300.0,000115,,N
2026,1,422,422,2026-01-23 00:00:00,GMADA,688,9,,R,SUM,408,2026,S,2026-01-23 00:00:00,1,,,PRESUPUESTO N° 6969- BATERIAS LA PRIMERA,20000.0,000115,,N
2026,1,660,659,2026-02-18 00:00:00,GMADA,441,2,,R,SUM,649,2026,S,2026-02-18 00:00:00,1,,,ALPA - PRESUPUESTO N° 2-3873 (ADMINISTRACION HOSPITAL),44296.45,000115,,N
2026,1,661,661,2026-02-18 00:00:00,GMADA,2410,25,,R,SUM,674,2026,S,2026-02-18 00:00:00,2,,,L.R.B Bogado presupuesto 1180 (AF345SU),60000.0,000115,,N
2026,1,662,662,2026-02-18 00:00:00,GMADA,2410,25,,R,SUM,671,2026,S,2026-02-18 00:00:00,1,,,"L.R.B bogado , presupuesto 01182 (AE704AW)",120000.0,000115,,N
2026,1,663,663,2026-02-18 00:00:00,GMADA,3220,25,,R,SUM,659,2026,S,2026-02-18 00:00:00,1,,,"Ricciuto, presupouesto 020 (jch 069)",440000.0,000115,,N
2026,1,664,664,2026-02-18 00:00:00,GMADA,879,7,,R,SUM,683,2026,S,2026-02-18 00:00:00,2,,,"PROV.CASA HARISGARAT PRESUP.1025,1031,1022,1034,1036 PARA ARREGLOS EN CEMENTERIO, CORRALON MUNICIPAL Y CORDON DE CALLES ALEM Y VENEZUELA",100000.0,000115,,N
2026,1,665,665,2026-02-18 00:00:00,GMADA,360,5,,R,SUM,704,2026,S,2026-02-18 00:00:00,1,,,CARLOS ARGENTINO LOMBERA PROVEEDOR N° 360,140000.0,000115,,N
2026,1,666,666,2026-02-18 00:00:00,GMADA,164,3,,R,SUM,699,2026,S,2026-02-18 00:00:00,1,,,PROV.JOSE CORREA PRESUP.0209 REPARACION DE INSTALACION ELECTRICA EN CORRALON MUNICIPAL,98000.0,000115,,N
2026,1,667,667,2026-02-18 00:00:00,GMADA,2110,1,,A,SUM,712,2026,S,2026-02-18 00:00:00,1,2026-02-18 00:00:00,NO,"Fumega Eduardo,presuesto 537",55000.0,000115,,N
2026,1,668,668,2026-02-18 00:00:00,GMADA,2110,1,,R,SUM,714,2026,S,2026-02-18 00:00:00,1,,,"Fumega Eduardo,presupuesto 535",130000.0,000115,,N
2026,1,669,669,2026-02-18 00:00:00,GMADA,2110,1,,R,SUM,715,2026,S,2026-02-18 00:00:00,1,,,"Fumega Eduardo,presupuesto 536",295000.0,000115,,N
2026,1,670,670,2026-02-18 00:00:00,GMADA,879,2,,R,SUM,657,2026,S,2026-02-18 00:00:00,2,,,CASA HARISGARAT - PRESUPUESTO N° 1-1042 (PLANTA OXIGENO HOSPITAL),31090.0,000115,,N
2026,1,671,671,2026-02-18 00:00:00,GMADA,879,2,,R,SUM,658,2026,S,2026-02-18 00:00:00,2,,,CASA HARISGARAT - PRESUPUESTO N° 1-1041 (INTERNACION HOSPITAL),46940.0,000115,,N
2026,1,672,672,2026-02-18 00:00:00,GMADA,300,2,,R,SUM,660,2026,S,2026-02-18 00:00:00,1,,,PINTURERIA FERRETERIA TODO COLOR - PRESUPUESTO N° 5941 (ENFERMERIA HOSPITAL),135583.0,000115,,N
2026,1,676,676,2026-02-18 00:00:00,GMADA,300,2,,R,SUM,662,2026,S,2026-02-18 00:00:00,1,,,"PINTURERIA FERRETERIA TODO COLOR - PRESUPUESTO N° 5930 (DIRECCION, TERAPIA, INTERNACION, LABORATORIO)",253260.0,000115,,N
2026,1,680,680,2026-02-18 00:00:00,GMADA,300,2,,R,SUM,663,2026,S,2026-02-18 00:00:00,1,,,PINTURERIA FERRETERIA TODO COLOR - PRESUPUESTO N° 5939 (INTERNACION HOSPITAL),116910.0,000115,,N
2026,1,687,688,2026-02-18 00:00:00,GMADA,2627,H.ANC,,R,SUM,668,2026,S,2026-02-18 00:00:00,1,,,PENACCA SRL PRESUPUESTO 2164,17600.0,000115,,N
2026,1,690,690,2026-02-18 00:00:00,GMADA,2330,2,,R,SUM,634,2026,S,2026-02-18 00:00:00,2,,,"COMBUSTIBLES DEL SALADO. PREVISION DEL 01/02/26 AL 15/02/26.VEHICULOS HOSPITAL MUNICIPAL.. DOMINIOS EQM 605, FJX 453, KYV 365, JQS 879,AA 775 QW, PAA 334, AB 039 OI, AF 591 SU, AF 545 GL, AF 548 KJ.",171197.13,000115,,N
2026,1,694,693,2026-02-18 00:00:00,GMADA,850,2,,R,SUM,698,2026,S,2026-02-18 00:00:00,3,,,UNO ELECTROMEDICINA - PRESUPUESTO N° 3-15020,380739.98,000115,,N
2026,1,705,705,2026-02-18 00:00:00,GMADA,285,2,,R,SUM,697,2026,S,2026-02-18 00:00:00,2,,,RADIOGRAFICAOESTE - PRESUPUESTO N° 100052677,1431762.63,000115,,N
2026,1,709,709,2026-02-18 00:00:00,GMADA,2450,2,,R,SUM,693,2026,S,2026-02-18 00:00:00,2,,,LA FRUTERIA - PRESUPUESTO  del 01/01/26 al 31/01/26,4345200.0,000115,,N
2026,1,711,711,2026-02-18 00:00:00,GMADA,2450,2,,R,SUM,695,2026,S,2026-02-18 00:00:00,1,,,LA FRUTERIA - PRESUPUESTO DEL 01/01/2026 AL 31/01/2026,3925625.0,000115,,N
2026,1,712,712,2026-02-18 00:00:00,GMADA,3556,2,,R,SUM,696,2026,S,2026-02-18 00:00:00,2,,,"LAS MARIAS GRANJA AVICOLA - PRESUPUESTOS N° 27962, 27967, 27971, 27974, 27963 Y 27975 (COCINA Y HOGAR HOSPITAL)",414000.0,000115,,N
2026,1,713,713,2026-02-18 00:00:00,GMADA,2627,H.ANC,,R,SUM,678,2026,S,2026-02-18 00:00:00,1,,,SANTA PAULA - PRESUPUESTO N° 1-2180,6500.0,000115,,N
2026,1,714,714,2026-02-18 00:00:00,GMADA,2883,2,,R,SUM,676,2026,S,2026-02-18 00:00:00,2,,,INSUMOS GENERALES - PRESUPUESTO S/N FECHA 2/2/2026,209462.06,000115,,N
2026,1,715,715,2026-02-18 00:00:00,GMADA,1943,2,,R,SUM,664,2026,S,2026-02-18 00:00:00,2,,,B-GATE INGENIERIA EN GASES - PRESUPUESTO 7482,1614943.44,000115,,N
2026,1,716,716,2026-02-18 00:00:00,GMADA,1259,H.ANC,,R,SUM,665,2026,S,2026-02-18 00:00:00,1,,,ELECTRO DANNUNZIO - PRESUPUESTO N° 30162,146659.8,000115,,N
2026,1,717,717,2026-02-18 00:00:00,GMADA,300,2,,R,SUM,646,2026,S,2026-02-18 00:00:00,1,,,PINTURERIA FERRETERIA TODO COLOR - PRESUPUESTO N° 5945 MATERIAL UTILIZADO EN INTERNACION  Y OTRAS DEPENDENCIAS,150520.0,000115,,N
2026,1,718,718,2026-02-18 00:00:00,GMADA,57,2,,R,SUM,644,2026,S,2026-02-18 00:00:00,1,,,IMPRENTA EL ARGENTINO - PRESUPUESTO N° 554 (MATERNIDAD - HOSPITAL),20000.0,000115,,N
2026,1,719,719,2026-02-18 00:00:00,GMADA,879,25,,R,SUM,685,2026,S,2026-02-18 00:00:00,3,,,"Casa Harisgarat, presupuesto 1026 (comisaria de la mujer)",21840.0,000115,,N
2026,1,720,720,2026-02-18 00:00:00,GMADA,21,25,,R,SUM,684,2026,S,2026-02-18 00:00:00,2,,,"Fabrimar, presupuesto 0296 (AB038FH)",80000.0,000115,,N
2026,1,721,721,2026-02-18 00:00:00,GMADA,300,25,,R,SUM,686,2026,S,2026-02-18 00:00:00,2,,,"Ferreteria Todo Color, presupuesto 5937 (mantenimiento en general del area)",57740.0,000115,,N
2026,1,790,790,2026-02-25 00:00:00,GMADA,2110,JARDM,,R,SUM,803,2026,S,2026-02-25 00:00:00,2,,,"Expte N° 550/2026 PRESUPUESTOS N° 534/544 de ""FUMEGA EDUARDO""",1075000.0,000115,,N
2026,1,1694,1694,2026-05-08 00:00:00,GMADA,879,21,,R,SUM,1702,2026,S,2026-05-08 00:00:00,2,,,"PROV.CASA HARISGARAT PRESUP.1062,1103,1066,1049 ALAMBRE PARA FARDOS DE MEDIO AMBIENTE",771730.0,000115,,N
2026,1,1699,1699,2026-05-08 00:00:00,GMADA,3573,3,,R,SUM,1719,2026,S,2026-05-08 00:00:00,1,,,PROV. MECANICA SOTO PRESUP.0625  REPARACION LOGAN AF545GL,480000.0,000115,,N
2026,1,1563,1564,2026-04-29 00:00:00,GMADA,2151,2,,R,SUM,1533,2026,S,2026-04-29 00:00:00,2,,,"PRESUPUESTO 0465 JAUREGUIVERRY HERNAN TALADRO PARA EL AREA MANTENIMEINTO DEL HOSPITAL , EL QUE TENIAN SE QUEMO Y NO SE PUEDE ARREGLAR",61300.0,000115,,N
2026,1,1564,1565,2026-04-29 00:00:00,GMADA,3297,1,,R,SUM,1547,2026,S,2026-04-29 00:00:00,1,,,"PRESUPUESTO 101, ISIDRO-SANTOS",210000.0,000115,,N
2026,1,1565,1566,2026-04-29 00:00:00,GMADA,1259,4,,R,SUM,1540,2026,S,2026-04-29 00:00:00,1,,,"PRESUPUESTO N° 00030649 de Sucesión de D annunzio Jorge Neldo de ""ELECTRO D ANNUNZIO"" Familia: Madrid, Cintia",157920.0,000115,,N
2026,1,1567,1568,2026-04-29 00:00:00,GMADA,3573,8,,R,SUM,1594,2026,S,2026-04-29 00:00:00,1,,,PROV. SOTO VICTOR MANUEL-- SEC PRODUCCION- FOTON AF591SL,450000.0,000115,,N
2026,1,1569,1570,2026-04-29 00:00:00,GMADA,2078,3,,R,SUM,1560,2026,S,2026-04-29 00:00:00,2,,,"PRESUPUESTO DEL 28/04/2026, ZANNINI MATIAS JORGE",65000.0,000115,,N
2026,1,1570,1571,2026-04-29 00:00:00,GMADA,2627,2,,R,SUM,1550,2026,S,2026-04-29 00:00:00,1,,,SANTA PAULA - PRESUPUESTO N° 1-2216,73200.0,000115,,N
2026,1,2109,2108,2026-06-09 00:00:00,GMADA,57,21,,R,SUM,2091,2026,S,2026-06-09 00:00:00,1,,,"Bonomi Irma Cristina ,presupuesto 00000568",38000.0,000115,,N
2026,1,2110,2110,2026-06-09 00:00:00,GMADA,3583,4,,R,SUM,2051,2026,S,2026-06-09 00:00:00,2,,,Presupuesto N° 00030844-Electro D´ANNUNZIO,8584.8,000115,,N
2026,1,2116,2115,2026-06-09 00:00:00,GMADA,3287,4,,R,SUM,2052,2026,S,2026-06-09 00:00:00,2,,,Presupuesto N° 1889-HISPANOGRAF -SERVICIO GRAFICO INTEGRAL.,94500.0,000115,,N
2026,1,2120,2119,2026-06-09 00:00:00,GMADA,791,3,,R,SUM,2073,2026,S,2026-06-09 00:00:00,2,,,PROV. NEUMATICOS MADARIAGA MARTIN GUTAVO PRESUP.03/06 REPARACION TREN DELANTERO PARA FORD FSL723,127000.0,000115,,N
2026,1,2121,2121,2026-06-09 00:00:00,GMADA,2595,3,,R,SUM,2050,2026,S,2026-06-09 00:00:00,1,,,"PROV. IVAN PERICO PRESUP.8623 REPUESTOS PARA XNE245,LED010",332390.0,000115,,N
2026,1,2123,2122,2026-06-09 00:00:00,GMADA,2595,3,,R,SUM,2045,2026,S,2026-06-09 00:00:00,1,,,PROV.IVANPERICO PRESUP.8751  PARA  DMI233,122100.0,000115,,N
2026,1,2124,2123,2026-06-09 00:00:00,GMADA,436,3,,R,SUM,2085,2026,S,2026-06-09 00:00:00,1,,,"PROV.BAIGORRIA LORENZO PRESUP.05/06/2026  PARCHES Y REPARACIONES DE CUBIERTAS PARA: ASZ490,JYN229, EQM605, EFJ13,AE388FF,CII58, SVN719,LED010,LED013, FIART ALLIS,AF951SL, CII59",1829000.0,000115,,N
2026,1,2125,2124,2026-06-09 00:00:00,GMADA,717,2,,R,SUM,2023,2026,S,2026-06-09 00:00:00,1,,,PROVEDURIA LA ILUSION - PRESUPUESTO N° 21432,252000.0,000115,,N
2026,1,2126,2125,2026-06-09 00:00:00,GMADA,2595,8,,R,SUM,2083,2026,S,2026-06-09 00:00:00,1,,, PROV. REPUESTOS IVANPER. PRES. N°8816- SEC PRODUCCION- FOTON,13330.0,000115,,N
2026,1,2127,2126,2026-06-09 00:00:00,GMADA,3322,2,,R,SUM,2033,2026,S,2026-06-09 00:00:00,2,,,PINAMAR HIGIENE INSTITUCIONAL - PRESUPUESTO N° 16-2625,911085.46,000115,,N
2026,1,2128,2127,2026-06-09 00:00:00,GMADA,3555,2,,R,SUM,2038,2026,S,2026-06-09 00:00:00,1,,,SERVICIO DE INGENIERIA - PUA LEANDRO AGUSTIN  PRESUPUESTO S/N FECHA 14/1/26 (HOSPITAL),680000.0,000115,,N
2026,1,2129,2128,2026-06-09 00:00:00,GMADA,3356,2,,R,SUM,2030,2026,S,2026-06-09 00:00:00,2,,,PEREZ ERNESTO - PRESUPUESTO  22982019 SEMANA DEL 29/05/2026 AL 05/05/2026,131250.0,000115,,N
2026,1,2131,2129,2026-06-09 00:00:00,GMADA,2869,H.ANC,,R,SUM,2096,2026,S,2026-06-09 00:00:00,1,,,MADA POY - PRESUPUESTO N° 1-1024,140060.0,000115,,N
2026,1,2132,2131,2026-06-09 00:00:00,GMADA,1810,2,,R,SUM,2097,2026,S,2026-06-09 00:00:00,2,,,ADOLFO CATALDO - PRESUPUESTO N° 384 (LABORATORIO HOSPITAL),450000.0,000115,,N
2026,1,2133,2132,2026-06-09 00:00:00,GMADA,216,2,,R,SUM,2098,2026,S,2026-06-09 00:00:00,2,,,FAE - PRESUPUESTO N° 3397729 (HOSPITAL Y HOGAR DE ANCIANOS ),292000.0,000115,,N
2026,1,2135,2134,2026-06-09 00:00:00,GMADA,3287,2,,R,SUM,2099,2026,S,2026-06-09 00:00:00,1,,,HISPANOGRAF - PRESUPUESTO N° 1891 CAPS -  BROMATOLOGIA,10720.0,000115,,N
2026,1,2139,2138,2026-06-09 00:00:00,GMADA,395,2,,R,SUM,2093,2026,S,2026-06-09 00:00:00,5,,,PRESUPUESTO LABORATORIO BIQUIMICO PRACTICAS DE ANALISIS CLINICOS DE MAYOR COMPLEJIDAD DEL 01/04/2026 AL 31/05/2026,626990.0,000115,,N
2026,1,2140,2139,2026-06-09 00:00:00,GMADA,2869,2,,R,SUM,2095,2026,S,2026-06-09 00:00:00,1,,,MADA POY - PRESUPUESTO N° 1-1025 (HOSPITAL),1785416.0,000115,,N
2026,1,2357,2357,2026-06-26 00:00:00,GMADA,90,4,,R,EXPED,1562,2026,S,2026-06-26 00:00:00,3,,,Licitación Privada de Alimentos N° 4/2026,120288160.0,000300,,N
2026,1,2426,2426,2026-07-01 00:00:00,GMADA,1440,2,,R,EXPED,1530,2026,S,2026-07-01 00:00:00,4,,,LICITACION PRIVADA N° 3 INSUMOS DESCARTABLES Y MEDICAMENTOS,8507592.28,CTACTE,,N
2026,1,2429,2429,2026-07-01 00:00:00,GMADA,1876,2,,R,EXPED,1530,2026,S,2026-07-01 00:00:00,2,,,LICITACION PRIVADA N° 3 INSUMOS DESCARTABLES Y MEDICAMENTOS,5167470.0,CTACTE,,N
2026,1,2430,2430,2026-07-01 00:00:00,GMADA,2883,2,,R,EXPED,1530,2026,S,2026-07-01 00:00:00,4,,,LICITACION PRIVADA N° 3 INSUMOS DESCARTABLES Y MEDICAMENTOS,1144027.33,CTACTE,,N
2026,1,2431,2431,2026-07-01 00:00:00,GMADA,2663,2,,R,EXPED,1530,2026,S,2026-07-01 00:00:00,2,,,LICITACION PRIVADA N° 3 INSUMOS DESCARTABLES Y MEDICAMENTOS,1884807.0,CTACTE,,N
2026,1,2432,2432,2026-07-01 00:00:00,GMADA,2606,2,,R,EXPED,1530,2026,S,2026-07-01 00:00:00,2,,,LICITACION PRIVADA N° 3 INSUMOS DESCARTABLES Y MEDICAMENTOS,717260.0,CTACTE,,N
2026,1,1375,1376,2026-04-14 00:00:00,GMADA,3571,5,,R,SUM,1356,2026,S,2026-04-14 00:00:00,1,,,MARTIN JUAREZ   PROVEEDOR N° 3571   TRABAJOS EN LA INVERNADA,1666000.0,000115,,N
2026,1,1376,1377,2026-04-14 00:00:00,GMADA,441,9,,R,SUM,1299,2026,S,2026-04-14 00:00:00,1,,,PRESUPUESTO N° 3908 - PAPELERA ALPA -,38419.04,000115,,N
2026,1,1377,1378,2026-04-14 00:00:00,GMADA,163,42,,R,SUM,1357,2026,S,2026-04-14 00:00:00,2,,,"PROV. ALFIO DISTEFANO PRESUP.079-7065, 079-7066  REPARACIONES PARA TOPADORA  LIULONGH EUF96 U PALA LIULONG H855",1522720.0,000115,,N
2026,1,1378,1379,2026-04-14 00:00:00,GMADA,3072,1,,R,SUM,1360,2026,S,2026-04-14 00:00:00,1,,, Correo Oficial de la República Argentina,8000000.0,000115,,N
2026,1,1379,1380,2026-04-14 00:00:00,GMADA,3394,8,,R,SUM,1387,2026,S,2026-04-14 00:00:00,1,,, PROV-CHIABRANDO FRANCO - LA MAROMA -14/04/2026-SEC PRODUCCION-,500000.0,000115,,N
2026,1,223,223,2026-01-14 00:00:00,GMADA,2330,2,,R,SUM,84,2026,S,2026-01-14 00:00:00,2,,,"COMBUSTIBLES DEL SALADO. PREVISION VEHICULOS HOSPITAL MUNICIPAL.DOMINIOS EQM 605, FJX 453, KYV 365, JQS 879, AA 775 QW, PAA 334, AB 039 OI, AF 451 QS, AC 548 KJ..MES DE ENERO.",219086.72,000115,,N
2026,1,226,226,2026-01-14 00:00:00,GMADA,313,2,,R,SUM,86,2026,S,2026-01-14 00:00:00,1,,,"ATREUCO-PUEL.. PREVISION DE COMBUSTIBLES VEHICULOS HOSPITAL MUNICIPAL. MES DE ENERO.DOMINIOS: EQM 605,FJX 453, KYV 365, JQS 879, AA 775 QW, PAA 334, AB 039 OI, AF 451 QS, AC 548 KJ,",4140000.0,000115,,N
2026,1,227,227,2026-01-14 00:00:00,GMADA,1267,3,,R,SUM,107,2026,S,2026-01-14 00:00:00,1,,,"PROV.SILVIA SORAGNI PRESUP.0597  REPARACIONES PARA CAMION OOI617,AB597ZZ,FORD 14000 DMI232,",1626733.0,000115,,N
2026,1,230,230,2026-01-14 00:00:00,GMADA,17,DEFCI,,R,SUM,112,2026,S,2026-01-14 00:00:00,1,,,PROV.LUIS LOMBARIDA PRESUP.0051 REPUETOS E INSUMOS PARA MAQUINAS CORTA  PASTO,341600.0,000115,,N
2026,1,235,234,2026-01-14 00:00:00,GMADA,57,2,,R,SUM,96,2026,S,2026-01-14 00:00:00,1,,,IMPRENTA ELARGENTINO. IRMA CRISTINA BONOMI. PRESUPUESTO Nº 547.HEMOTERAPIA.,22000.0,000115,,N
2026,1,236,236,2026-01-14 00:00:00,GMADA,2538,2,,R,SUM,76,2026,S,2026-01-14 00:00:00,2,,,DF AIRE ACONDICIONADO.FRANCO RICOTTI. PRESUPUESTO. MOVIL 7 AA 775 QW.,156000.0,000115,,N
2026,1,239,239,2026-01-14 00:00:00,GMADA,33,4,,R,SUM,81,2026,S,2026-01-14 00:00:00,1,,,"RENOVACION AP DE PROG ENVION POLIZA 2108718, PCIA SEGUROS",1200000.0,000115,,N
2026,1,242,243,2026-01-14 00:00:00,GMADA,441,JARDM,,R,SUM,60,2026,S,2026-01-14 00:00:00,1,,,Presupuesto N° 00003827-Papelera ALPA de Matienzo Paola Amelia-Proyecto Navidad,31135.12,000115,,N
2026,1,243,244,2026-01-14 00:00:00,GMADA,295,2,,R,SUM,183,2026,S,2026-01-14 00:00:00,2,,,"PRESUPUESTO 119 CRISALDO GUZMAN BOMBA TRIFASICA PARA LLENADO TANQUE AGUA QUE ABASTECE LA GUARDIA , CONSULTORIO EXTERNOS, BAÑOS PUBLICOS",600000.0,000115,,N
2026,1,245,245,2026-01-14 00:00:00,GMADA,2960,2,,A,SUM,184,2026,S,2026-01-14 00:00:00,1,2026-02-02 00:00:00,NO,GRANJA AVICOLA LAS MARIAS EDUARDO CARACCIOLI ENTREGAS HOSPITAL Y HOGAR DE ANCIANOS,972000.0,000115,,N
2026,1,246,246,2026-01-14 00:00:00,GMADA,441,CACUL,,R,SUM,175,2026,S,2026-01-14 00:00:00,1,,,ALPA PAPELERA  PAOLA AMELIA MATIENZO PRESUPUESTO N° 3846,63519.62,000115,,N
2026,1,247,247,2026-01-14 00:00:00,GMADA,1489,2,,R,SUM,193,2026,S,2026-01-14 00:00:00,1,,,"RENOVACION POLIZA DE MALA PRAXIS1° TRIMESTRE,SMG(1489)",4923023.85,000115,,N
2026,1,248,248,2026-01-14 00:00:00,GMADA,2105,1,,A,SUM,30,2026,S,2026-01-14 00:00:00,2,2026-05-20 00:00:00,NO,Previsión Cambet Jorge,238354.52,000115,,N
2026,1,249,249,2026-01-14 00:00:00,GMADA,2593,1,,R,SUM,27,2026,S,2026-01-14 00:00:00,2,,,"Balletto Urrutia Juan Agustín,previsión",500000.0,000115,,N
2026,1,250,250,2026-01-14 00:00:00,GMADA,313,1,,R,SUM,26,2026,S,2026-01-14 00:00:00,1,,,Atreuco  Puel S.A.,7000000.0,000115,,N
2026,1,884,884,2026-03-06 00:00:00,GMADA,120,8,,R,SUM,922,2026,S,2026-03-06 00:00:00,1,,, PROV. BARRAL LUIS FRANCISCO - PRESUP. N° 02/03/2026 - SEC PRODUCCION- FOTON AF591SL,1350000.0,000010,,N
2026,1,2050,2049,2026-06-03 00:00:00,GMADA,3361,4,,R,SUM,2005,2026,S,2026-06-03 00:00:00,1,,,"Expte N° 118/2026 ADDENDA Sra. Morando, Araceli Operadora territorial en el equipo del Servicio Local - No cumple con el Art. 45 de la Ley 14.656",135119.6,000115,,N
2026,1,2051,2050,2026-06-03 00:00:00,GMADA,2704,4,,R,SUM,2009,2026,S,2026-06-03 00:00:00,1,,,"Expte N° 118/2026 ADDENDA Sra. Ruau, María Carolina abogada en el equipo de Abordaje a la violencia Familiar y de Género - No cumple con el Art. 45 de la Ley 14.656",141929.17,000115,,N
2026,1,2052,2051,2026-06-03 00:00:00,GMADA,2306,4,,A,SUM,2008,2026,S,2026-06-03 00:00:00,1,2026-06-29 00:00:00,NO,"Expte N° 118/2026 ADDENDA Sr. Peréz, Santiago Oscar Operador Grupal en el equipo del Programa En vión y Operador de Calle en el equipo del Servicio Local - No cumple con el Art. 45 de la Ley 14.656",148738.76,000115,,N
2026,1,2053,2052,2026-06-03 00:00:00,GMADA,3440,4,,R,SUM,2012,2026,S,2026-06-03 00:00:00,1,,,"Expte N° 118/2026 ADDENDA Sra. Tolosa, Carolina Paola Trabajadora Social en el equipo de Abordaje a la VIolencia Familiar y de Género _ no cumple con el Art. 45 de la Ley 14.656",114690.9,000115,,N
2026,1,2054,2053,2026-06-03 00:00:00,GMADA,3027,4,,R,SUM,2011,2026,S,2026-06-03 00:00:00,1,,,"Expte N° 118/2026 ADDENDA Sra. Suarez, Micaela Brunella Operadora Territorial en el equipo de Violencia de Género y Familia - No cumple con el Art. 45 de la Ley 14.656",135119.6,000115,,N
2026,1,2055,2054,2026-06-03 00:00:00,GMADA,3338,4,,R,SUM,2010,2026,S,2026-06-03 00:00:00,1,,,"Expte N° 118/2026 ADDENDA Sr. Saquetti, Pablo Cristián Operador Grupal en el equipo de Abordaje a la Violencia Masculino - No cumple con el Art. 45 de la Ley 14.656",30643.06,000115,,N
2026,1,2059,2058,2026-06-03 00:00:00,GMADA,3583,1,,R,SUM,1979,2026,S,2026-06-03 00:00:00,1,,,"DNZ Brothers 302 SRL,presupuesto 30825,30845,30885.",844622.73,000115,,N
2026,1,2062,2061,2026-06-03 00:00:00,GMADA,2595,1,,R,SUM,1999,2026,S,2026-06-03 00:00:00,1,,,"Ivanoer,presupuesto 8721,8833.Volvo CGS 18.",134220.0,000115,,N
2026,1,2063,2062,2026-06-03 00:00:00,GMADA,300,3,,R,SUM,2016,2026,S,2026-06-03 00:00:00,2,,,PROV. SILVIA MAISTEGUI PRESUP.7228 PARA IVECO PPU739 Y CEMENTERIO,438026.0,000115,,N
2026,1,2064,2063,2026-06-03 00:00:00,GMADA,441,OMIC,,R,SUM,2014,2026,S,2026-06-03 00:00:00,1,,,"PRESUPUESTO 3939, MATIENZO PAOLA AMELIA",165000.25,000115,,N
2026,1,2065,2064,2026-06-03 00:00:00,GMADA,441,1,,R,SUM,2015,2026,S,2026-06-03 00:00:00,1,,,"Matienzo Paola ,presupeusto 0002-00003940",9000.0,000115,,N
2026,1,2066,2065,2026-06-03 00:00:00,GMADA,3583,3,,R,SUM,2001,2026,S,2026-06-03 00:00:00,1,,,PROV. 3583  PRESP.30824 PARA BARRIO KENNEDY,51018.8,000115,,N
2026,1,2580,2580,2026-07-15 00:00:00,GMADA,3583,2,,R,SUM,2519,2026,S,2026-07-15 00:00:00,1,,,ELECTRO DANUNNZIO - PRESUPUESTO N° 31148 (HOSPITAL),10883.6,000115,,N
2026,1,2582,2582,2026-07-15 00:00:00,GMADA,3322,2,,A,PRESU,112,2026,S,2026-07-15 00:00:00,1,2026-07-16 00:00:00,NO,JUAN MARTIN CORREA - PRESUPUESTO N° 1-112 (HOSPITAL),69237.14,000115,,N
2026,1,2583,2583,2026-07-15 00:00:00,GMADA,285,2,,R,SUM,2542,2026,S,2026-07-15 00:00:00,1,,,PROVEEDOR RADIOGRAFICA OESTE - PRESUPUESTO N° X000100055088,1089359.67,000115,,N
2026,1,2585,2585,2026-07-15 00:00:00,GMADA,850,2,,R,SUM,2543,2026,S,2026-07-15 00:00:00,1,,,PROVEEDOR UNO ELECTROMEDICINA - PRESUPUESTO N° 00003-00016474,1007632.74,000115,,N
2026,1,2591,2591,2026-07-15 00:00:00,GMADA,69,2,,R,SUM,2554,2026,S,2026-07-15 00:00:00,1,,,PREVISION ADRIAN OLIVERA GARRAFAS 10 KG PARA USO EN DIFERENTES SECTORES DEL HOSPITAL,2800000.0,000115,,N
2026,1,2592,2592,2026-07-15 00:00:00,GMADA,1603,2,,R,SUM,2514,2026,S,2026-07-15 00:00:00,1,,,PANADERIA ALEM - PRESUPUESTO  CONSUMO DEL 01/06/2026 AL 30/6/26 (HOGAR Y HOSPITAL),893600.0,000115,,N
2026,1,2593,2593,2026-07-15 00:00:00,GMADA,300,2,,R,SUM,2510,2026,S,2026-07-15 00:00:00,1,,,PINTURERIA FERRETERIA TODO COLOR - PRESUPUESTO N° 7250 (HOSPITAL),76120.0,000115,,N
2026,1,2594,2594,2026-07-15 00:00:00,GMADA,3322,2,,R,SUM,2513,2026,S,2026-07-15 00:00:00,1,,,PINAMAR HIGIENE INSTITUCIONAL - PRESUPUESTO N° 16-2662 (HOSPITAL),640942.21,000115,,N
2026,1,1060,1060,2026-03-17 00:00:00,GMADA,3511,2,,R,ORDCO,816,2026,S,2026-03-17 00:00:00,3,,,PRESUPUESTO ESPINOSA MARIA SILVIA  SERVICIO AUTOMOTOR AMBULANCIA DOMINIO PAA 334,2847000.0,000115,,N
2026,1,1119,1119,2026-03-25 00:00:00,GMADA,2770,12,,R,SUM,1105,2026,S,2026-03-25 00:00:00,1,,,"PRESUPUESTO 824, MARTIN FERNANDO(HIJO)",33700.0,000115,,N
2026,1,1120,1120,2026-03-26 00:00:00,GMADA,3521,42,,R,SUM,1110,2026,S,2026-03-26 00:00:00,1,,,PROV.SUSZCZYK CLAUDIO PRESUP.20/03 REPARACION PARA TOPADORA LUILONG EUF96,420000.0,000115,,N
2026,1,1121,1121,2026-03-26 00:00:00,GMADA,3521,42,,R,SUM,1129,2026,S,2026-03-26 00:00:00,1,,,PROV.SUSZCZYK CLAUDIO PRESUP.09/03/2025 FABRIC AR UNA REGILLA PARA TOPADORA Y REPARAR PUERTA DE CASILLA,1480000.0,000115,,N
2026,1,1122,1122,2026-03-26 00:00:00,GMADA,717,2,,R,SUM,1117,2026,S,2026-03-26 00:00:00,1,,,PROVEEDURIA LA ILUSION- PRESUPUESTO N° 021423,179760.0,000115,,N
2026,1,1123,1123,2026-03-26 00:00:00,GMADA,2869,2,,R,SUM,1113,2026,S,2026-03-26 00:00:00,1,,,MADA POY S.A- PRESUPUESTO N° 0001-00001000/1002 (SEMANA DEL DIA 11/03/26 AL 18/3/26),1390980.0,000115,,N
2026,1,1124,1124,2026-03-26 00:00:00,GMADA,2869,2,,R,SUM,1114,2026,S,2026-03-26 00:00:00,1,,,MADA POY S.A- PRESUPUESTO N° 0001-00001001 (SEMAN DEL 13/3/26 AL 20/03/26),76500.0,000115,,N
2026,1,1125,1125,2026-03-26 00:00:00,GMADA,3165,2,,R,SUM,1070,2026,S,2026-03-26 00:00:00,3,,,VELIBO SUPPLIES S.A.S- PRESUPUESTO N° 0001-00011229,7085296.75,000115,,N
2026,1,1126,1126,2026-03-26 00:00:00,GMADA,866,2,,R,SUM,1091,2026,S,2026-03-26 00:00:00,4,,,PILOÑA- PRESUPUESTO N° 9/03/26,7292940.92,000115,,N
2026,1,1127,1127,2026-03-26 00:00:00,GMADA,776,25,,R,SUM,1116,2026,S,2026-03-26 00:00:00,2,,,Gomeria V+B presupuesto 0804-0508-0807-0808-0809-0810-0811-0813-0815-0816-0818-0819-0820,105000.0,000115,,N
2026,1,1128,1128,2026-03-26 00:00:00,GMADA,776,25,,R,SUM,1118,2026,S,2026-03-26 00:00:00,2,,,"Gomeria V+B, presupuestos 0812-0806-0802",110000.0,000115,,N
2026,1,263,263,2026-01-15 00:00:00,GMADA,2843,4,,R,SUM,236,2026,S,2026-01-15 00:00:00,2,,,Presupuesto N°6976063-Fruteria EL NEGRIN de Rost Tamara-Para Programa ESFUERZO SOLIDARIO.,1662500.0,000115,,N
2026,1,264,264,2026-01-15 00:00:00,GMADA,1603,CASA,,R,SUM,223,2026,S,2026-01-15 00:00:00,2,,,"PRESUPUESTO N° X 1342391 de Garcia Gladys de ""Panadería Alem""",56100.0,000115,,N
2026,1,846,846,2026-03-02 00:00:00,GMADA,492,2,,R,SUM,876,2026,S,2026-03-02 00:00:00,4,,,MAXIMO PINASCO S.A PRESUPUESTO 1000354096 SERVICE MINIBUS AF591SU,893711.0,000029,,N
2026,1,2061,2060,2026-06-03 00:00:00,GMADA,1492,2,,R,SUM,2058,2026,S,2026-06-03 00:00:00,1,,,PRESUPUESTO 35776 FASIPLANTS PACIENTE BAZAN JUNIO EDUARDO,1030000.0,000010,,N
2026,1,1847,1847,2026-05-19 00:00:00,GMADA,1514,3,,R,PRESU,0,2026,S,2026-05-19 00:00:00,2,,,PROV.CASA ELICEIRY  GAS OIL PARA MAQUINAS Y VEHICULOS DE ESTA SECRETARIA,17504000.0,000000,,N
2026,1,1848,1848,2026-05-19 00:00:00,GMADA,1514,42,,A,PRESU,0,2026,S,2026-05-19 00:00:00,1,2026-05-20 00:00:00,NO,PROV. CASA ELICEIRY  GAS OIL PARA MAQUINAS DE PREDIO DISPOSICION FINAL RUTA 11 KM 405.5,2844400.0,000000,,N
2026,1,84,84,2026-01-08 00:00:00,GMADA,216,2,,R,SUM,126,2026,S,2026-01-08 00:00:00,3,,,FAE- PRESUPUESTO N° 3397707,186300.0,000115,,N
2026,1,87,86,2026-01-08 00:00:00,GMADA,2538,2,,R,SUM,129,2026,S,2026-01-08 00:00:00,1,,,RICOTTI FRANCO- PRESUPUESTO S/N° 10/12/25 MOVIL DOMINIO: JQS879,165000.0,000115,,N
2026,1,89,89,2026-01-08 00:00:00,GMADA,2538,2,,R,SUM,133,2026,S,2026-01-08 00:00:00,1,,,RICOTTI FRANCO- PRESUPUESTO S/N° (MOVIL 5 ),133000.0,000115,,N
2026,1,92,92,2026-01-08 00:00:00,GMADA,2627,2,,R,SUM,136,2026,S,2026-01-08 00:00:00,2,,,SANTA PAULA- PRESUPUESTO N° 0001-00002161 (COCINA) DESDE EL 23/11/25 AL 30/11/2025,33000.0,000115,,N
2026,1,542,542,2026-02-03 00:00:00,GMADA,3322,2,,R,SUM,464,2026,S,2026-02-03 00:00:00,3,,,PINAMAR HIGIENE INSTITUCIONAL- PRESUPUESTO N° 0016-00002316/2317/2318/2319/2320 (LAVADERO-COCINA- OFICCE MUCAMAS),1959414.66,000115,,N
2026,1,543,543,2026-02-03 00:00:00,GMADA,2810,8,,R,SUM,546,2026,S,2026-02-03 00:00:00,2,,,"PROV. ARRIOLA MARIA TERESA - MERCERIA ""EL DEDAL""- SEC PRODUCCION- TALLER TEXTIL",24550.0,000115,,N
2026,1,544,544,2026-02-03 00:00:00,GMADA,688,6,,R,SUM,544,2026,S,2026-02-03 00:00:00,2,,,"PRESUPUESTO 6986, RAMOS-ISIDRO",364000.0,000115,,N
2026,1,545,545,2026-02-03 00:00:00,GMADA,3534,5,,R,SUM,557,2026,S,2026-02-03 00:00:00,1,,,Corresponde Cto. Melisa Pinto Expte n° 329/2026,4800000.0,000115,,N
2026,1,548,548,2026-02-03 00:00:00,GMADA,3529,21,,R,SUM,553,2026,S,2026-02-03 00:00:00,1,,,PROV.TISERA SANITARIOS PORTATILES ALQUIELER DE BAÑO  QUIMICO PARA LAGUNA EL CARBON  POR 3 MESES DE ENERO A MARZO,300000.0,000115,,N
2026,1,549,549,2026-02-03 00:00:00,GMADA,3529,21,,R,ORDCO,552,2026,S,2026-02-03 00:00:00,1,,,PROV.TISERA SANITARIOS PORTATILES ALQUILER DE BAÑO QUIMICO PARA LAGUNA LA LARGA POR 3 MESES DE ENERO A MARZO,300000.0,000115,,N
2026,1,550,550,2026-02-03 00:00:00,GMADA,3529,21,,R,SUM,551,2026,S,2026-02-03 00:00:00,1,,,"PROV.TISERA SANITARIO PORTATILES ALQUIER DE BAÑO QUIMICO PARA PREDIOS DISPOSICION FINAL RUTA 11 KM.405,5 POR 3 MESES DE ENERO A MARZO",300000.0,000115,,N
2026,1,768,768,2026-02-23 00:00:00,GMADA,1063,25,,R,PRESU,0,2026,S,2026-02-23 00:00:00,2,,,"Miguel Lopez, presupuesto (COM)",595000.0,000000,,N
2026,1,266,266,2026-01-16 00:00:00,GMADA,1879,13,,R,SUM,274,2026,S,2026-01-16 00:00:00,1,,,RODAMIENTOS TUYU- PRESUPUESTO N° 3032 ( BROMATOLOGIA) DOMINIO: AB437WY,91000.0,000115,,N
2026,1,270,269,2026-01-16 00:00:00,GMADA,1440,2,,R,SUM,271,2026,S,2026-01-16 00:00:00,3,,,QUALIMED- PRESUPUESTO N° 88 (FARMACIA),3553530.0,000115,,N
2026,1,273,273,2026-01-16 00:00:00,GMADA,1879,2,,R,SUM,275,2026,S,2026-01-16 00:00:00,2,,,RODAMIENTOS TUYU- PRESUPUESTO N° 3034 DOMINIO: KYV365,1453200.0,000115,,N
2026,1,281,281,2026-01-16 00:00:00,GMADA,441,2,,A,SUM,282,2026,S,2026-01-16 00:00:00,1,2026-01-16 00:00:00,NO,"PAPELERA ALPA. PAOLA AMELIA MATIENZO.,PRESUPUESTOS Nº 0002-00003848, 00003849.COCINA HOSPITAL, QUIROFANO.",129000.12,000115,,N
2026,1,283,283,2026-01-16 00:00:00,GMADA,2209,2,,R,SUM,308,2026,S,2026-01-16 00:00:00,1,,,DURANTE JAVIER- PRESUPUESTO N° 0001-00000821 (HOGAR DE ANCIANOS) DESDE 23/12/25 AL 26/12/25,74379.0,000115,,N
2026,1,284,284,2026-01-16 00:00:00,GMADA,527,2,,R,SUM,301,2026,S,2026-01-16 00:00:00,2,,,SERVIMED- PRESUPUESTO N° 7045/26 R (UTI),42350.0,000115,,N
2026,1,493,493,2026-01-29 00:00:00,GMADA,2209,12,,R,PRESU,0,2026,S,2026-01-29 00:00:00,1,,,"CORRESPONDE PREVISION, DURANTE JAVIER",1000000.0,000000,,N
2026,1,494,494,2026-01-29 00:00:00,GMADA,875,12,,R,PRESU,0,2026,S,2026-01-29 00:00:00,1,,,Corresponde prevision Eyras Juan Carlos- El mensajero de la Costa,200000.0,000000,,N
2026,1,495,495,2026-01-29 00:00:00,GMADA,1259,CONTR,,R,PRESU,30062,2026,S,2026-01-29 00:00:00,1,,,"PRESUPUESTO 30062, SUC DANNUNZIO JORGE",10259.2,000000,,N
2026,1,885,885,2026-03-06 00:00:00,GMADA,1119,2,,R,SUM,954,2026,S,2026-03-06 00:00:00,1,,, EXPEDIENTE 5/2025 CONTRATO SOMA S.A DEL 01/01/26 AL 30/06/2026 RECOLECCIÓN SERVICIOS RESIDUOS  PATOGENICOS - DIF ORDEN DE COMPRA N° 127,43000.0,000115,,N
2026,1,496,496,2026-01-29 00:00:00,GMADA,1440,2,,R,PRESU,89,2026,S,2026-01-29 00:00:00,2,,,QUALIMED S.A- PRESUPUESTO N° 89 (FARMACIA- QUIROFANO),4242369.0,000000,,N
2026,1,497,497,2026-01-29 00:00:00,GMADA,2454,9,,R,PRESU,0,2026,S,2026-01-29 00:00:00,1,,,PRESUPUESTO SIN N° - NAHUEL ANTONIO / PILETA PARA COLONIA DE VERANO EN EL MARCO DEL PROGRAMA NUESTROS CHICOS N° EXP 3759,538400.0,000000,,N
2026,1,498,498,2026-01-29 00:00:00,GMADA,2299,27,,R,PRESU,0,2026,S,2026-01-29 00:00:00,2,,,"PRESUPUESTO DEL 29/01, SCIGLIANO DIEGO BELTRAN",280000.0,000000,,N
2026,1,503,503,2026-01-29 00:00:00,GMADA,216,CONTR,,R,PRESU,3397706,2026,S,2026-01-29 00:00:00,1,,,Corresponde presupuesto N° 3397706 - TALLER PROTEGIDO FAE,268500.0,000000,,N
2026,1,504,504,2026-01-29 00:00:00,GMADA,17,DEFCI,,R,PRESU,59,2026,S,2026-01-29 00:00:00,1,,,PROV.LUIS LOMBARDIA PRESUP.0059 REPUESTOS E INSUMOS PARA MAQUINAS CORTA PASTO MOTOGUADAÑAS,673200.0,000000,,N
2026,1,830,830,2026-02-26 00:00:00,GMADA,3561,3,,R,SUM,787,2026,S,2026-02-26 00:00:00,4,,,PROV. MUNDO CARGO PRESUP.3147 REPUSTOS PARA FOTON AE969PX,116910.0,000115,,N
2026,1,866,866,2026-03-04 00:00:00,GMADA,2869,2,,R,SUM,869,2026,S,2026-03-04 00:00:00,1,,,MADA POY S.A- PRESUPUESTO N° 0001-00000983 DESDE EL 24/02/26 AL 3/03/26,102810.0,000115,,N
2026,1,868,868,2026-03-04 00:00:00,GMADA,167,2,,R,SUM,873,2026,S,2026-03-04 00:00:00,1,,,TODO POLLO - PRESUPUESTO N° 79 (SEMANA DEL 19/02/26 AL 26/02/26),561250.0,000115,,N
2026,1,869,869,2026-03-04 00:00:00,GMADA,2869,2,,R,SUM,870,2026,S,2026-03-04 00:00:00,1,,, MADA POY - PRESUPUESTO N° 0001-00000985/986  SEMANA DEL 26/02/2026 AL 5/03/2026,1302038.0,000115,,N
2026,1,1430,1431,2026-04-20 00:00:00,GMADA,1629,4,,R,PRESU,0,2026,S,2026-04-20 00:00:00,2,,,"PRESUPUESTO de ""EXTRAGAS""",4050000.0,000000,,N
2026,1,886,886,2026-03-06 00:00:00,GMADA,3430,2,,A,SUM,931,2026,S,2026-03-06 00:00:00,4,2026-03-16 00:00:00,NO,PRESUPUESTO 167212 GLOBAL TONER PARA OFICINA FACTURACION - OFICINA ESTADISTICA - DIRECCION MEDICA - DIRECION ADMINISTRATIVA - INTERNACION - GUARDIA ADULTO - GUARDIA PEDIATRICA - OFICINA DE PERSONAL - CONSULTORIOS EXTERNOS - CAPS BELGRANO - CAPS SAN MARTIN  - CAPS NORTE - CAPS QUINTANILLA,255966.43,000115,,N
2026,1,1149,1149,2026-03-27 00:00:00,GMADA,2216,25,,A,SUM,1132,2026,S,2026-03-27 00:00:00,2,2026-05-07 00:00:00,NO,"Rafael Cioffi Servicio Automotor , presupuesto (ae331iy-oig911)",250000.0,000115,,N
2026,1,1150,1151,2026-03-27 00:00:00,GMADA,650,3,,R,SUM,1162,2026,S,2026-03-27 00:00:00,3,,,PROV.SUAREZ OSVALDO CONTRATACION DE CAMION CON BATEA PARA  TRANSLADO DE RESIDUOS SEGUN EXPTE.861/26,8000000.0,000115,,N
2026,1,1159,1160,2026-03-30 00:00:00,GMADA,1879,6,,R,SUM,1159,2026,S,2026-03-30 00:00:00,1,,,"Zubiarrain Daniel ,presupuesto 00003050.Pauny 1",182800.0,000115,,N
2026,1,1160,1161,2026-03-30 00:00:00,GMADA,1489,2,,R,SUM,1134,2026,S,2026-03-30 00:00:00,2,,,"RENOVACION POLIZA DE MALA PRAXIS 2° TRIMESTRE,SMG(1489)",8500000.0,000115,,N
2026,1,1161,1162,2026-03-30 00:00:00,GMADA,1879,3,,R,SUM,1157,2026,S,2026-03-30 00:00:00,1,,,"PROV.DANIEL ZUBIARRAIN PRESUP.3049 REPUESTOS PARA AF497IJ, MUSTANG 2044, BNW472,FSL723",311200.0,000115,,N
2026,1,1162,1163,2026-03-30 00:00:00,GMADA,19,CASA,,R,SUM,1145,2026,S,2026-03-30 00:00:00,1,,,"PRESUPUESTO N° X 0002-00003015 de Inocencio Cimos de ""FERRETERIA CIMOS"" Para ventanas de la Casa del Adolescente",11700.0,000115,,N
2026,1,1579,1580,2026-04-30 00:00:00,GMADA,3287,2,,R,SUM,1553,2026,S,2026-04-30 00:00:00,1,,,HISPANOGRAF - PRESUPUESTO N° 1882 (HOSPITAL),53500.0,000115,,N
2026,1,1580,1581,2026-04-30 00:00:00,GMADA,85,H.ANC,,R,SUM,1546,2026,S,2026-04-30 00:00:00,2,,,PRESUPUESTO 402 SORBA PASRA COLOCAR EN BAÑO SECTOR HOMBRE,460000.0,000115,,N
2026,1,1583,1584,2026-04-30 00:00:00,GMADA,1440,2,,R,SUM,1542,2026,S,2026-04-30 00:00:00,2,,,QUALIMED S.A- PRESUPUESTO N° 97,3945850.0,000115,,N
2026,1,1586,1587,2026-04-30 00:00:00,GMADA,160,13,,R,SUM,1557,2026,S,2026-04-30 00:00:00,1,,,AGROVETERINARIA MARZULLO - PRESUPUESTO N° 1-1192 (BROMATOLOGIA),55100.0,000115,,N
2026,1,1755,1755,2026-05-12 00:00:00,GMADA,2454,CACUL,,R,SUM,1761,2026,S,2026-05-12 00:00:00,1,,,NAHUEL MERSID ANTONIO   DIFERENCIA PEDIDO N° 1651  EXPTE 1252/26,120000.0,000010,,N
2026,1,1881,248,2026-05-20 00:00:00,GMADA,2105,1,,R,SUM,30,2026,S,2026-05-20 00:00:00,1,,,Previsión Cambet Jorge,7000000.0,000115,,N
2026,1,1885,1883,2026-05-20 00:00:00,GMADA,3492,4,,R,SUM,1852,2026,S,2026-05-20 00:00:00,1,,,"Expte N° 632/2026 Addenda: :Sra. Baigorria,Daniela Operadora Grupal-Equipo Envión. No cumple con el Art.45 de la Ley 14.656",68095.68,000115,,N
2026,1,1884,1882,2026-05-20 00:00:00,GMADA,2330,1,,R,SUM,1860,2026,S,2026-05-20 00:00:00,2,,, Corresponde a Previsión de Combustible del Salado.Gobierno,380613.76,000115,,N
2026,1,1887,1885,2026-05-20 00:00:00,GMADA,68,25,,R,SUM,1850,2026,S,2026-05-20 00:00:00,2,,,"Atmorferico La Primera, presupuesto ( comisaria comunal)",420000.0,000115,,N
2026,1,1888,1886,2026-05-20 00:00:00,GMADA,3332,2,,R,SUM,1842,2026,S,2026-05-20 00:00:00,1,,,ESCAPES QUIROGA - PRESUPUESTO N° 1-215 VEHICULO FORD RANGER DOMINIO KYV372,393700.0,000115,,N
2026,1,1889,1887,2026-05-20 00:00:00,GMADA,717,2,,R,SUM,1841,2026,S,2026-05-20 00:00:00,1,,,PROVEDURIA LA ILUSION - PRESUPUESTO N° 21431 (HOSPITAL),302000.0,000115,,N
2026,1,1890,1888,2026-05-20 00:00:00,GMADA,1578,2,,R,SUM,1851,2026,S,2026-05-20 00:00:00,1,,,PRESUPUESTO 402 FERRARO LILIANA  SILLA PARA CONSULTORIOS 1 - 2 - 3  DE LA GUARDIA,516000.0,000115,,N
2026,1,1892,1890,2026-05-20 00:00:00,GMADA,1586,2,,R,SUM,1876,2026,S,2026-05-20 00:00:00,2,,,Hendel Hogar S.A.,335997.9,000115,,N
2026,1,1923,1922,2026-05-26 00:00:00,GMADA,1962,1,,R,SUM,1937,2026,S,2026-05-26 00:00:00,1,,,Escobar Juan Carlos,26400.0,000115,,N
2026,1,1932,1931,2026-05-26 00:00:00,GMADA,3075,1,,R,SUM,1938,2026,S,2026-05-26 00:00:00,2,,,"Correa Lorente Juan Martín,presupuesto 0001-00000102",1018846.88,000115,,N
2026,1,1933,1932,2026-05-26 00:00:00,GMADA,169,1,,R,SUM,1939,2026,S,2026-05-26 00:00:00,2,,,"Terranova Química ,presupuesto 001058.",583400.0,000115,,N
2026,1,1936,1935,2026-05-27 00:00:00,GMADA,3322,2,,R,SUM,1919,2026,S,2026-05-27 00:00:00,2,,,PINAMAR HIGIENE INSTITUCIONAL - PRESUPUESTO N° 16-2624 (COCINA HOSPITAL),77271.29,000115,,N
2026,1,1938,1937,2026-05-27 00:00:00,GMADA,2869,2,,R,SUM,1934,2026,S,2026-05-27 00:00:00,1,,,MADA POY - PRESUPUESTO N° 1-1022 SEMANA DEL 13/05/2026 AL 20/05/2026,1729760.0,000115,,N
2026,1,1940,1939,2026-05-27 00:00:00,GMADA,285,2,,R,SUM,1927,2026,S,2026-05-27 00:00:00,2,,,RADIOGRAFICA OESTE - PRESUPUESTO N° 100054489,331271.54,000115,,N
2026,1,1942,1941,2026-05-27 00:00:00,GMADA,850,2,,R,SUM,1926,2026,S,2026-05-27 00:00:00,2,,,UNO ELECTROMEDICINA - PRESUPUESTO N° 3-15928,3567141.9,000115,,N
2026,1,1944,1942,2026-05-27 00:00:00,GMADA,850,2,,R,SUM,1925,2026,S,2026-05-27 00:00:00,2,,,UNO ELECTROMEDICINA - PRESUPUESTO N° 3-15925 (HOSPITAL),725792.06,000115,,N
2026,1,2020,2019,2026-06-02 00:00:00,GMADA,1259,1,,A,SUM,1979,2026,S,2026-06-02 00:00:00,1,2026-06-03 00:00:00,NO,"Suc. D Annuzio Jorge Neldo,presupuesto 30825,30845,30885.",844622.73,000115,,N
2026,1,2021,2020,2026-06-02 00:00:00,GMADA,3586,8,,R,SUM,2000,2026,S,2026-06-02 00:00:00,2,,,PROV. CORREA SILVIA GRACIELA- PREVISION TALLERES - SEC PRODUCCION-,300000.0,000115,,N
2026,1,2023,2022,2026-06-02 00:00:00,GMADA,3075,22,,R,SUM,1984,2026,S,2026-06-02 00:00:00,1,,,PROV.JUAN MARTIN CORREA PRESUP.0103  PARA FUENTE DEL BICENTENARIO,38718.06,000115,,N
2026,1,2025,2024,2026-06-02 00:00:00,GMADA,71,9,,R,SUM,1971,2026,S,2026-06-02 00:00:00,1,,,PRESUPUESTO N° 16022,148000.0,000115,,N
2026,1,2027,2026,2026-06-02 00:00:00,GMADA,2627,H.ANC,,A,SUM,1967,2026,S,2026-06-02 00:00:00,1,2026-06-04 00:00:00,NO,SANTA PAULA - PRESUPUESTO N° 1-2225,58900.0,000001,,N
2026,1,2029,2028,2026-06-02 00:00:00,GMADA,3588,2,,R,SUM,1970,2026,S,2026-06-02 00:00:00,3,,,PRESUPUESTO HERRERA ROBERTO GABRIEL RECAMBIO BOMBA CALEFACION,900000.0,000115,,N
2026,1,2035,2034,2026-06-02 00:00:00,GMADA,1825,4,,R,SUM,1989,2026,S,2026-06-02 00:00:00,2,,,"Expte 119/2026 ADDENDA Sr. Anrríquez, Gustavo Oscar Trabajador Social en la Granja de contención. No cumple con el Art. 45 de la Ley 14.656",77238.27,000115,,N
2026,1,2545,2545,2026-07-13 00:00:00,GMADA,850,2,,R,SUM,2479,2026,S,2026-07-13 00:00:00,2,,,PROVEEDOR UNOELECTROMEDICINA - PRESUPUESTO N° 00003-00016370,2013717.55,000115,,N
2026,1,2036,2035,2026-06-02 00:00:00,GMADA,2473,4,,R,SUM,2013,2026,S,2026-06-02 00:00:00,1,,,"Expte N° 118/2026 ADDENDA Sra. Verón Saavedra, Marianela Victoria Psicóloga en el equipo de Abordaje a la Violencia Familiar y de Género - No cumple con el Art. 45 de la Ley 14.656",135119.6,000115,,N
2026,1,2037,2036,2026-06-02 00:00:00,GMADA,1864,4,,R,SUM,1991,2026,S,2026-06-02 00:00:00,1,,,"Expte N° 118/2026 ADDENDA  Sra. Amigorena, María Paula abogaday coordinadora del Programa Envión. No cumple con el Art. 45 de la Ley 14.656",52789.97,000115,,N
2026,1,2038,2037,2026-06-02 00:00:00,GMADA,1825,4,,R,SUM,1992,2026,S,2026-06-02 00:00:00,3,,,"Expte N° 118/2026 ADDENDA Sr. Anrríquez, Gustavo Oscar Trabajador Social en el equipo de Abordaje a la Violenica Masculino - No cumple con el Art. 45 de la Ley 14.656",30643.06,000115,,N
2026,1,2040,2039,2026-06-02 00:00:00,GMADA,3455,4,,R,SUM,1993,2026,S,2026-06-02 00:00:00,1,,,"Expte N° 118/2026 ADDENDA Sra. Cardozo, Aranza Celeste Operadora de calle en el Equipo del Servicio Local- No cumple con el Art. 45 de la Ley 14.656",135119.6,000115,,N
2026,1,2041,2040,2026-06-02 00:00:00,GMADA,3470,4,,R,SUM,2002,2026,S,2026-06-02 00:00:00,1,,,"Expte N° 118/2026 ADDENDA Sra. Flores Herrerp, Martina abogada en el equipo del Servicio Local -No cumple con el Art. 45 de la Ley 14.656",135119.6,000115,,N
2026,1,2042,2041,2026-06-02 00:00:00,GMADA,3034,4,,R,SUM,1994,2026,S,2026-06-02 00:00:00,1,,,"Expte N° 118/2026 ADDENDA Sra. Escobar, Estela Operadora territorial en el equipo de Abordaje a la violencia familiar y de género - No cumple con el Art. 45 de la Ley 14.656",135119.6,000115,,N
2026,1,2043,2042,2026-06-02 00:00:00,GMADA,3543,OMIC,,R,PRESU,303,2026,S,2026-06-02 00:00:00,3,,,"PRESUPUESTO 2026/303, ATTIE NOELIA VERONICA",78900.0,000000,,N
2026,1,2044,2043,2026-06-02 00:00:00,GMADA,3240,4,,R,SUM,1995,2026,S,2026-06-02 00:00:00,1,,,"Expte N° 118/2026 ADDENDA Sra. Etchart, María Eugenia Abogada en el quipo del Servicio Local - No cumple con el Art. 45 de la Ley 14.656",135119.6,000115,,N
2026,1,2045,2044,2026-06-02 00:00:00,GMADA,3453,4,,R,SUM,2004,2026,S,2026-06-02 00:00:00,1,,,"Expte N° 118/2026 ADDENDA Sra. Lorente, Ana Victoria trabajadora social en el equipo del Servicio Local - No cumple con el Art. 45 de la Ley 14.656",135119.6,000115,,N
2026,1,2046,2045,2026-06-02 00:00:00,GMADA,2032,4,,R,SUM,2003,2026,S,2026-06-02 00:00:00,1,,,"Expte N° 118/2026 ADDENDA Sr: Gabito, Cristián Raúl abogado  en el equipo de Abordaje masculino y coordinador de las intervenciones en vulneración de derechos - No cumple con el Art. 45 de la Ley 14.656",193764.96,000115,,N
2026,1,2047,2046,2026-06-02 00:00:00,GMADA,3228,4,,R,SUM,2007,2026,S,2026-06-02 00:00:00,1,,,"Expte N° 118/2026 ADDENDA Sra. Pelinski, Eva Lorena Psicóloga en el equipo del Servicio Local - No cumple con el Art. 45 de la Ley 14.656",135119.6,000115,,N
2026,1,2048,2047,2026-06-02 00:00:00,GMADA,3033,4,,R,SUM,2006,2026,S,2026-06-02 00:00:00,1,,,"Expte N° 118/2026 ADDENDA Sra. Olaizola, Rocío Operadora Social en el equipo de Violencia de Género y Familia - No cumple con el Art. 45 de la Ley 14.656",135119.6,000115,,N
2026,1,2331,2330,2026-06-25 00:00:00,GMADA,492,2,,R,SUM,2263,2026,S,2026-06-25 00:00:00,2,,,MAXIMO PINASCO - PRESUPUESTO N° 1000432172  MINIBUS DOMINIO AF591SU,398781.54,000115,,N
2026,1,2332,2332,2026-06-25 00:00:00,GMADA,2627,H.ANC,,R,SUM,2259,2026,S,2026-06-25 00:00:00,1,,,SANTA PAULA - PRESUPUESTO N° 2-3618,52800.0,000115,,N
2026,1,2335,2334,2026-06-25 00:00:00,GMADA,3552,2,,R,SUM,2279,2026,S,2026-06-25 00:00:00,1,,,MATAFUEGOS RUTA 11 - PRESUPUESTO N° 9705  VEHICULO AF545GL,45000.0,000115,,N
2026,1,2338,2338,2026-06-25 00:00:00,GMADA,1440,2,,R,SUM,2291,2026,S,2026-06-25 00:00:00,2,,,QUALIMED S.A - PRESUPUESTO N° 104,360520.0,000115,,N
2026,1,2340,2340,2026-06-25 00:00:00,GMADA,2330,2,,R,SUM,2305,2026,S,2026-06-25 00:00:00,2,,,COMBUSTIBLES DEL SALADO PREVISION PARA VEHICULOS Y AMBULANCIAS DE SALUD DOMINIOS: AF545GL - AF591SU - AE619QS - KYV372 - PAA334 - AA775QW - AB039OI - AG180HE - AG234BV,245682.86,000115,,N
2026,1,2342,2342,2026-06-25 00:00:00,GMADA,1320,35,,R,SUM,2289,2026,S,2026-06-25 00:00:00,1,,,Exp.:1152/26 Ref. Intervención Edilicia - Techo de Galería del Museo Histórico del Tuyú - Prov.:Quiroga Fabian - Presup.:Contrato,4000000.0,000115,,N
2026,1,2344,2344,2026-06-25 00:00:00,GMADA,2403,3,,R,SUM,2288,2026,S,2026-06-25 00:00:00,1,,,PROV. BIGORITO LEONARDO PRES. 0098 REPARACION DE FORD 14000 AWK675,700000.0,000115,,N
2026,1,2386,2386,2026-06-29 00:00:00,GMADA,3322,2,,R,SUM,2321,2026,S,2026-06-29 00:00:00,2,,,PINAMAR HIGIENE INSTITUCIONAL - PRESUPUESTO N° 16-2652,154570.64,000115,,N
2026,1,2388,2389,2026-06-29 00:00:00,GMADA,527,2,,R,SUM,2324,2026,S,2026-06-29 00:00:00,2,,,SERVIMED - PRESUPUESTO N° 1671/26 E,178200.0,000115,,N
2026,1,2548,2547,2026-07-13 00:00:00,GMADA,850,2,,R,SUM,2480,2026,S,2026-07-13 00:00:00,3,,,PROVEEDOR UNOELECTROMEDICINA - PRESUPUESTO N° 00003-00016309,893873.45,000115,,N
2026,1,2550,2550,2026-07-13 00:00:00,GMADA,300,5,,R,SUM,2525,2026,S,2026-07-13 00:00:00,1,,,PINTURERIA TODO COLOR  SILVIA BEATRIZ MAISTEGUI  PRESUPUESTO N° 7203,180960.0,000115,,N
2026,1,2421,2421,2026-06-30 00:00:00,GMADA,3508,CACUL,,R,SUM,2391,2026,S,2026-06-30 00:00:00,1,,,PABLO DANIEL FONTANA LO LUMVRISE    15/08   EXPTE 1747/26,2180000.0,000115,,N
2026,1,972,972,2026-03-10 00:00:00,GMADA,441,H.ANC,,R,ORDCO,957,2026,S,2026-03-10 00:00:00,1,,,ALPA- PRESUPUESTO N° 0002-00003885,38298.5,000115,,N
2026,1,940,941,2026-03-10 00:00:00,GMADA,3322,2,,R,SUM,903,2026,S,2026-03-10 00:00:00,2,,,PINAMAR HIGIENE INSTITUCIONAL - PRESUPUESTO N° 16-2500,627166.83,000115,,N
2026,1,942,942,2026-03-10 00:00:00,GMADA,1603,JARDM,,R,SUM,942,2026,S,2026-03-10 00:00:00,2,,,"PRESUPUESTO N° X 6939051 de Garcia, Gladys de ""PANADERIA ALEM""",64800.0,000115,,N
2026,1,943,943,2026-03-10 00:00:00,GMADA,2330,SECGO,,R,SUM,956,2026,S,2026-03-10 00:00:00,2,,,CORRESPONDE PREVISION COMBUSTIBLES DEL SALADO - SEC GOBIERNO,464140.0,000115,,N
2026,1,944,944,2026-03-10 00:00:00,GMADA,1206,4,,R,SUM,955,2026,S,2026-03-10 00:00:00,2,,,Presupuesto N°1-459157 nUCLEO MDP GRUPO NUCLEO-para Area de Prestaciones,165000.0,000115,,N
2026,1,946,946,2026-03-10 00:00:00,GMADA,2770,4,,R,SUM,938,2026,S,2026-03-10 00:00:00,2,,,"PRESUPUESTO de ""FERNANDO, MARTIN"" Para computadora de la oficina de género",32500.0,000115,,N
2026,1,947,948,2026-03-10 00:00:00,GMADA,688,25,,R,SUM,934,2026,S,2026-03-10 00:00:00,3,,,"Baterias La Primera, presupuesto 7001-7020-7000 ( jch069,lbn155,ae331iy)",487000.0,000115,,N
2026,1,951,951,2026-03-10 00:00:00,GMADA,216,17,,R,SUM,953,2026,S,2026-03-10 00:00:00,2,,,"PROV. F.A.E.  PRESUP.1549,7711 BOLSA DE RESIDUOS PARA VIVERO MUNICIPAL Y MEDIO AMBIENTE",180500.0,000115,,N
2026,1,953,953,2026-03-10 00:00:00,GMADA,1259,4,,R,SUM,939,2026,S,2026-03-10 00:00:00,2,,,"PRESUPUESTOS N° 00030270/30304 de Sucesión de D annunzio Jorge Neldo de ""ELECTRO D ANNUNZIO"" Para la oficina de Desarrollo Social (afuera)",53970.66,000115,,N
2026,1,962,962,2026-03-10 00:00:00,GMADA,2001,2,,R,SUM,970,2026,S,2026-03-10 00:00:00,1,,,FARMACIA TONANI- PRESUPUESTO S/N° MEDICAMENTOS DISPENSADOS DESDE EL 3/12/25 AL 21/02/26,654621.78,000115,,N
2026,1,963,963,2026-03-10 00:00:00,GMADA,2310,2,,R,SUM,880,2026,S,2026-03-10 00:00:00,4,,,CENTRO HIERRO- PRESUPUESTO N° 11-7791,94095.28,000115,,N
2026,1,964,964,2026-03-10 00:00:00,GMADA,2216,2,,A,ORDCO,816,2026,S,2026-03-10 00:00:00,2,2026-03-17 00:00:00,NO,PRESUPUESTO 30777 RAFAEL CIOFFI SERVICIO AUTOMOTOR AMBULANCIA DOMINIO PAA 334,2847000.0,000115,,N
2026,1,965,965,2026-03-10 00:00:00,GMADA,3322,2,,R,SUM,971,2026,S,2026-03-10 00:00:00,2,,,PRESUPUESTO 2095  REMITO 975 03/01/26 - PRESUPUESTO 2096 - REMITO 968 10/01/2026 PRESUPUESTO 2093 REMITO 967 17/01/2026,830283.53,000115,,N
2026,1,966,966,2026-03-10 00:00:00,GMADA,2209,2,,R,SUM,902,2026,S,2026-03-10 00:00:00,1,,,DURANTE JAVIER - PRESUPUESTO N° 1-857  SEMANA DEL 16/02/26 AL 24/02/26,1747360.48,000115,,N
2026,1,967,967,2026-03-10 00:00:00,GMADA,2209,2,,R,SUM,901,2026,S,2026-03-10 00:00:00,1,,,DURANTE JAVIER- PRESUPUESTO N° 1-858 DEL 18/02/26 AL 25/02/26,1083309.96,000115,,N
2026,1,968,968,2026-03-10 00:00:00,GMADA,3322,2,,R,SUM,948,2026,S,2026-03-10 00:00:00,2,,,PINAMAR HIGIENE INSTITUCIONAL - PRESUPUESTO N° 16-240 SEMANA 20/01/26 AL 26/01/2026,848920.81,000115,,N
2026,1,969,969,2026-03-10 00:00:00,GMADA,441,2,,R,SUM,968,2026,S,2026-03-10 00:00:00,1,,,ALPA- PRESUPUESTO N° 0002-00003886/3887 (FACTURACION- INTERNACION- COCINA),90778.92,000115,,N
2026,1,971,971,2026-03-10 00:00:00,GMADA,3322,2,,R,SUM,951,2026,S,2026-03-10 00:00:00,2,,,PINAMAR HIGIENE INSTITUCIONAL - PRESUPUESTO N° 16-2371 SEMANA DEL 12/03/26 AL 19/03/26,774226.24,000115,,N
2026,1,973,973,2026-03-10 00:00:00,GMADA,1259,2,,R,SUM,960,2026,S,2026-03-10 00:00:00,1,,,ELECTRO D ANNUNZIO- PRESUPUESTO N° 23/02/26,89083.4,000115,,N
2026,1,974,974,2026-03-10 00:00:00,GMADA,2330,2,,R,SUM,972,2026,S,2026-03-10 00:00:00,2,,,"COMBUSTIBLES DEL SALADO. PREVISION DEL 01/03/26 AL 15/03/26.VEHICULOS HOSPITAL MUNICIPAL.DOMINIOS: EQM 605, FJX 453, KYV 365, JQS 879, AA 775 QW, PAA 334, AB 039 OI, AF 591 SU, AF 545 GL. AF 548 KJ.",139603.0,000115,,N
2026,1,976,976,2026-03-10 00:00:00,GMADA,1810,31,,R,ORDCO,961,2026,S,2026-03-10 00:00:00,1,,,AC REFRIGERACION DE ADOLFO CATALDO E HIJOS - PRESUPUESTO N° 379,140000.0,000115,,N
2026,1,978,978,2026-03-10 00:00:00,GMADA,2627,H.ANC,,A,SUM,965,2026,S,2026-03-10 00:00:00,1,2026-03-13 00:00:00,NO,SANTA PAULA- PRESUPUESTO N° 0001-00002190/2191 (DESDE 3/03 HASTA EL 10/03/26),13400.0,000115,,N
2026,1,1107,1107,2026-03-20 00:00:00,GMADA,612,2,,R,PRESU,0,2026,S,2026-03-20 00:00:00,1,,,MARZULLO COMPUTACION - PRESUPUESTO S/N FECHA 12/3/26 (HOSPITAL),40800.0,000000,,N
2026,1,1108,1108,2026-03-20 00:00:00,GMADA,2209,2,,R,PRESU,867,2026,S,2026-03-20 00:00:00,1,,,DURANTE JAVIER- PRESUPUESTO N° 1-867 (HOSPITAL),134576.0,000000,,N
2026,1,1109,1109,2026-03-20 00:00:00,GMADA,160,13,,R,PRESU,1178,2026,S,2026-03-20 00:00:00,1,,,AGROVETERINARIA MARZULLO - PRESUPUESTO N° 1-1178 (BROMATOLOGIA),137978.1,000000,,N
2026,1,1110,1110,2026-03-20 00:00:00,GMADA,3322,2,,R,PRESU,2532,2026,S,2026-03-20 00:00:00,4,,,PINAMAR HIGIENE INSTITUCIONAL - PRESUPUESTO N° 16-2532 (LAVADERO HOSPITAL),527339.43,000000,,N
2026,1,1111,1111,2026-03-20 00:00:00,GMADA,57,2,,R,PRESU,558,2026,S,2026-03-20 00:00:00,1,,,IMPRENTA EL ARGENTINO - PRESUPUESTO N° 558 (HEMOTERAPIA HOSPITAL),80000.0,000000,,N
2026,1,1112,1112,2026-03-20 00:00:00,GMADA,413,3,,R,PRESU,4045,2026,S,2026-03-20 00:00:00,1,,,"PROV. AGUSTIN PASO PRESUP.4055,4120,4116,4114,4112,4109,4107,4105,4100,4094,4090,4089,4081,4079,4071,4065,4063,4062 PARCHES Y REPARACIONES DE CUBIERTAS PARA:EFJ13,LED013,CII58,SOG742,CII59,DKT498,FSL723,AB597ZZ,UYW682",737000.0,000000,,N
2026,1,1113,1113,2026-03-20 00:00:00,GMADA,216,CONTR,,R,PRESU,3397713,2026,S,2026-03-20 00:00:00,4,,,"PRESUPUESTO 3397713, TALLER PROTEGIDO FAE",336000.0,000000,,N
2026,1,1114,1114,2026-03-20 00:00:00,GMADA,1960,3,,R,PRESU,0,2026,S,2026-03-20 00:00:00,2,,,PROV. RUAU REPARACION RANGER KYV355,150000.0,000000,,N
2026,1,1115,1115,2026-03-20 00:00:00,GMADA,3337,3,,R,PRESU,611,2026,S,2026-03-20 00:00:00,1,,,"PROV.FEDERICO GARCIA PRESUP.0611 REPARACIONES Y REPUESTOS PARA FIAT ALLIS 140G, VW LED010,CII59,",507363.0,000000,,N
2026,1,1829,1829,2026-05-18 00:00:00,GMADA,1876,2,,R,SUM,1795,2026,S,2026-05-18 00:00:00,3,,,MAX CONTINENTAL - PRESUPUESTO N° 7/05/26,1031944.51,000115,,N
2026,1,1831,1831,2026-05-18 00:00:00,GMADA,527,2,,A,SUM,1804,2026,S,2026-05-18 00:00:00,3,2026-05-26 00:00:00,NO,UNO ELECTROMEDICINA- PRESUPUESTO N° 00003-00015886,3425199.35,000115,,N
2026,1,1832,1832,2026-05-18 00:00:00,GMADA,1573,2,,R,SUM,1797,2026,S,2026-05-18 00:00:00,2,,,DROGUERIA ALBERDI- PRESUPUESTO N° 5/05/26,3322190.0,000115,,N
2026,1,1833,1833,2026-05-18 00:00:00,GMADA,2330,2,,A,SUM,1808,2026,S,2026-05-18 00:00:00,2,2026-05-19 00:00:00,NO,PREVISION COMBUSTIBLES DEL SALADO DEL 15/05/2026 AL 31/05/2026 VEHICULOS DE SALUD,148447.0,000115,,N
2026,1,1834,1834,2026-05-18 00:00:00,GMADA,2810,CASA,,R,SUM,1800,2026,S,2026-05-18 00:00:00,1,,,"PRESUPUESTOS N° X 0001-00000864/0880 de María Teresa Arriola de ""MERCERIA EL DEDAL"" Taller de costura",72969.98,000115,,N
2026,1,1836,1836,2026-05-18 00:00:00,GMADA,2810,JARDM,,R,SUM,1801,2026,S,2026-05-18 00:00:00,1,,,"PRESUPUESTOS N° X 0001-0000863/ 0869  de María Teresa Arriola de ""MERCADERIA EL DEDAL""",14400.0,000115,,N
2026,1,1837,1837,2026-05-18 00:00:00,GMADA,2869,CASA,,R,SUM,1802,2026,S,2026-05-18 00:00:00,2,,,"PRESUPUESTO N°  X 0001-00001012 de ""MADA POY S.A."" Taller de cocina",15500.0,000115,,N
2026,1,1838,1838,2026-05-18 00:00:00,GMADA,1259,4,,R,SUM,1803,2026,S,2026-05-18 00:00:00,1,,,"PRESUPUESTO N° 00030788 de Sucesión de D annunzio Jorge Neldo de ""ELECTRO D ANNUNZIO"" Para oficina de sede y para la Casita de chocolate",97106.8,000115,,N
2026,1,1840,1840,2026-05-18 00:00:00,GMADA,3165,2,,R,SUM,1799,2026,S,2026-05-18 00:00:00,2,,,VELIBO SUPPLIES- PRESUPUESTO N° 0001-00012184,7166363.76,000115,,N
2026,1,1843,1843,2026-05-18 00:00:00,GMADA,1578,9,,R,SUM,1813,2026,S,2026-05-18 00:00:00,1,,,PRESUPUESTO N° 0404 - COLOMBRARO -  MATERIAL PARA ARROJAR RESIDUOS EN SANITARIOS,32000.0,000115,,N
2026,1,1844,1844,2026-05-18 00:00:00,GMADA,2330,9,,R,SUM,1809,2026,S,2026-05-18 00:00:00,2,,,PREVISION COMBUSTIBLE DEL SALADO VHICULOS AB603TW - MKF817 Y MAQUINARIAS,693041.94,000115,,N
2026,1,2425,2425,2026-07-01 00:00:00,GMADA,3430,INFOR,,R,SUM,2408,2026,S,2026-07-01 00:00:00,1,,,"PRESUPUESTO 170063, FUTURE GRAPHICS LLC ARGENTINA",593118.53,000115,,N
2026,1,2533,2533,2026-07-08 00:00:00,GMADA,1578,35,,R,PRESU,0,2026,S,2026-07-08 00:00:00,2,,,"EXPTE. 1108/26, FERRARO LILIANA",1890000.0,000000,,N
2026,1,2540,2540,2026-07-13 00:00:00,GMADA,413,3,,R,SUM,2497,2026,S,2026-07-13 00:00:00,1,,,"PROV. AGUSTIN PASO PRESUP.4193,4187,4189 REPARACION DE CAMARAS Y CUBIERTAS PARA JZH266,EFJ13,AB597ZZ",270000.0,000115,,N
2026,1,2542,2542,2026-07-13 00:00:00,GMADA,413,3,,R,SUM,2499,2026,S,2026-07-13 00:00:00,1,,,PROV.AGUSTIN PASO PRESUP.4190 CAMARAS PARA RETRO PALA ASTARSA BGZ37,2216000.0,000115,,N
2026,1,1845,1845,2026-05-18 00:00:00,GMADA,300,9,,R,SUM,1810,2026,S,2026-05-18 00:00:00,1,,,PRESUPUESTOS N° 7222 - N° 7225 -  FERRETERIA TODO COLOR - TRABAJOS DE MANTENIMIENTO POLIDEPORTIVO MUNICIPAL,498746.0,000115,,N
2026,1,2501,2501,2026-07-07 00:00:00,GMADA,3552,8,,R,SUM,2485,2026,S,2026-07-07 00:00:00,1,,, PROV. MATAFUEGOS RUTA 11 SRL  - PRES. N°9715- SEC. PRODUCCION-,156000.0,000115,,N
2026,1,2504,2504,2026-07-07 00:00:00,GMADA,413,6,,R,SUM,2481,2026,S,2026-07-07 00:00:00,1,,,Corresponde presupuesto N° 0001-00004192/00004194/000004191- PASO AGUSTIN,186000.0,000115,,N
2026,1,2507,2507,2026-07-07 00:00:00,GMADA,866,2,,R,SUM,2465,2026,S,2026-07-07 00:00:00,1,,,PILOÑA- PRESUPUESTO N° 30/06/2026,589201.66,000115,,N
2026,1,2517,2517,2026-07-07 00:00:00,GMADA,3075,DEFCI,,R,SUM,2482,2026,S,2026-07-07 00:00:00,1,,,PROV. JUAN MARTIN CORREA PRESUP.0111 PARA DEFENSA CIVIL,53000.0,000115,,N
2026,1,2519,2519,2026-07-07 00:00:00,GMADA,1864,4,,R,SUM,2432,2026,S,2026-07-07 00:00:00,1,,,"Expte N° 118/2026 Contrato Amigorena, María Paula Psicóloga y Coordinadora en el Equipo del Programa Envión - No cumple con el Art. 45 de la Ley 14.656",2942068.95,000115,,N
2026,1,995,995,2026-03-11 00:00:00,GMADA,2595,3,,R,SUM,981,2026,S,2026-03-11 00:00:00,1,,,"PROV.IVAN PERICO PRESUP.8088,8237,8241 REPEUSTOS PARA KYV355 LED010, SVN719",234650.0,000115,,N
2026,1,997,997,2026-03-11 00:00:00,GMADA,3336,3,,R,SUM,988,2026,S,2026-03-11 00:00:00,3,,,PROV.ROCIO MORALES PRESUP.09.03 REPARACION PARA LED013N ASZ490,780000.0,000115,,N
2026,1,1001,1001,2026-03-11 00:00:00,GMADA,3395,3,,R,SUM,992,2026,S,2026-03-11 00:00:00,2,,,PROV. YANINA PECORARI PRESUP.5090 BARETIA PARA LED013,430000.0,000115,,N
2026,1,1002,1002,2026-03-11 00:00:00,GMADA,2450,2,,R,ORDCO,991,2026,S,2026-03-11 00:00:00,2,,,LA FRUTERIA - PRESUPUESTO S/N FECHA 26/2/26   HOSPITAL - HOGAR DE ANCIANOS,3270700.0,000115,,N
2026,1,1003,1003,2026-03-11 00:00:00,GMADA,3564,8,,R,SUM,994,2026,S,2026-03-11 00:00:00,2,,,PROV MADRID MIGUEL ANGEL- PRESUP 12/02/26-SEC PRODUCCION-,800000.0,000115,,N
2026,1,1004,1004,2026-03-11 00:00:00,GMADA,1440,2,,R,SUM,1005,2026,S,2026-03-11 00:00:00,4,,,QUALIMED S.A- PRESUPUESTO N° 92,6209745.0,000115,,N
2026,1,1005,1005,2026-03-11 00:00:00,GMADA,2627,2,,R,SUM,999,2026,S,2026-03-11 00:00:00,1,,,SANTA PAULA- PRESUPUESTO N° 0001-00002194 (SEMANA DEL 9/03 AL 16/03/26),60300.0,000115,,N
2026,1,1006,1006,2026-03-11 00:00:00,GMADA,850,2,,R,SUM,974,2026,S,2026-03-11 00:00:00,2,,,UNO ELECTROMEDICINA- PRESUPUESTO N° 00003-00015228 (LABORATORIO DE ANALISIS),2698667.97,000115,,N
2026,1,1008,1007,2026-03-11 00:00:00,GMADA,300,2,,R,SUM,986,2026,S,2026-03-11 00:00:00,1,,,PINTURERIA FERRETERIA TODO COLOR - PRESUPUESTO N° 5949  REPARACIONES EN DIFERENTES SECTORES DEL HOSPITAL,203112.0,000115,,N
2026,1,1009,1009,2026-03-11 00:00:00,GMADA,3165,2,,R,SUM,1004,2026,S,2026-03-11 00:00:00,3,,,VELIBO SUPPLIES S.A.S- PRESUPUESTO N° 0001-00011228,6879680.0,000115,,N
2026,1,1010,1010,2026-03-11 00:00:00,GMADA,2416,25,,A,SUM,943,2026,S,2026-03-11 00:00:00,2,2026-04-08 00:00:00,NO,"Cesviauto, presupuesto (para colocar en el vehiculo ford ka que pertenecia a salud AC 548KJ)",3029100.0,000115,,N
2026,1,1011,1011,2026-03-11 00:00:00,GMADA,2801,TURIS,,R,SUM,1007,2026,S,2026-03-11 00:00:00,1,,,Pasini refrigeracion - presupuestocon fecha10/03/26,95000.0,000115,,N
2026,1,1012,1012,2026-03-11 00:00:00,GMADA,2627,2,,R,SUM,987,2026,S,2026-03-11 00:00:00,1,,,SANTA PAULA - PRESUPUESTO N° 1-2192,13000.0,000115,,N
2026,1,1013,1013,2026-03-11 00:00:00,GMADA,1879,25,,R,SUM,998,2026,S,2026-03-11 00:00:00,1,,,"Rodamientos Tuyu, presupuesto 3048 (OIG 911-AE704AW-AE331IY-AB038FH)",467800.0,000115,,N
2026,1,1014,1014,2026-03-11 00:00:00,GMADA,1879,25,,R,SUM,1003,2026,S,2026-03-11 00:00:00,1,,,"Rodamientos Tuyu, presupuesto 3901 (AE704AW)",291600.0,000115,,N
2026,1,1015,1015,2026-03-11 00:00:00,GMADA,285,2,,R,ORDCO,1002,2026,S,2026-03-11 00:00:00,2,,,RADIOGRAFICAOESTE - PRESUPUESTO N° 100053328,921363.49,000115,,N
2026,1,1016,1016,2026-03-11 00:00:00,GMADA,2595,25,,R,SUM,1000,2026,S,2026-03-11 00:00:00,2,,,"Ivanper, presupuesto 8244 (ag7143zv-af747pm-oig911)",158560.0,000115,,N
2026,1,1017,1017,2026-03-11 00:00:00,GMADA,1810,2,,R,SUM,1006,2026,S,2026-03-11 00:00:00,1,,,PRESUPUESTO 000378  CATALDO ADOLFO SERVICE + LIMPIEZA AIRE ACONDICIONADO SALA TOMOGRAFO,100000.0,000115,,N
2026,1,1193,1194,2026-04-01 00:00:00,GMADA,3287,1,,R,SUM,1205,2026,S,2026-04-01 00:00:00,1,,,"Avellaneda 7163,presupuesto 1874",139400.0,000115,,N
2026,1,1194,1195,2026-04-01 00:00:00,GMADA,2259,14,,R,SUM,1210,2026,S,2026-04-01 00:00:00,1,,,Bonomi Beatríz Expte 961/2026 Pasión,200000.0,000115,,N
2026,1,1195,1196,2026-04-01 00:00:00,GMADA,2991,14,,R,SUM,1208,2026,S,2026-04-01 00:00:00,2,,,Alegre Expte 961/2026 Pasión,300000.0,000115,,N
2026,1,1196,1197,2026-04-01 00:00:00,GMADA,1514,6,,R,SUM,1214,2026,S,2026-04-01 00:00:00,2,,," PRESUPUESTO 000, CASA ELICEIRY, 1/04/2026",10725000.0,000115,,N
2026,1,1197,1198,2026-04-01 00:00:00,GMADA,1514,3,,R,SUM,1215,2026,S,2026-04-01 00:00:00,2,,,PROV. CASA ELICEIRY GAS OIL PARA MAQUINAS Y CAMIONES DE ESTA SECRETARIA,17160000.0,000115,,N
2026,1,1198,1199,2026-04-01 00:00:00,GMADA,1514,3,,R,SUM,1216,2026,S,2026-04-01 00:00:00,2,,,PROV. CASA ELICEIRY GAS OIL PARA MAQUINAS PREDIOS DISPOSICION FINAL RESIDUOS RUTA 11 KM 405.5,4290000.0,000115,,N
2026,1,1199,1200,2026-04-01 00:00:00,GMADA,2969,TURIS,,R,SUM,1217,2026,S,2026-04-01 00:00:00,1,,,Telpin,2420000.0,000115,,N
2026,1,1935,1934,2026-05-27 00:00:00,GMADA,492,2,,R,SUM,1882,2026,S,2026-05-27 00:00:00,3,,,PREVISION SERVICE  GENERAL MINIBUS AF591SU,1155311.62,000010,,N
2026,1,81,81,2026-01-08 00:00:00,GMADA,167,2,,R,SUM,97,2026,S,2026-01-08 00:00:00,1,,,TODO POLLO- PRESUPUESTO N° 57 (COCINA) DESDE EL 5/12/25 AL 31/12/2025,324575.0,000115,,N
2026,1,93,93,2026-01-08 00:00:00,GMADA,17,2,,R,SUM,110,2026,S,2026-01-08 00:00:00,1,,,MOTOMAQUINARIAS LUIS. LUIS LOMBARDIA. PRESUPUESTO Nº 144.MANTENIMIENTO HOSPITAL.,163000.0,000115,,N
2026,1,94,94,2026-01-08 00:00:00,GMADA,71,2,,R,SUM,113,2026,S,2026-01-08 00:00:00,1,,,"PROVEEDURIA CAMPO Y CIUDAD. RAUL A IRIARTE. PRESUPUESTOS Nº 15604,15612.",111400.0,000115,,N
2026,1,97,97,2026-01-08 00:00:00,GMADA,717,2,,R,SUM,116,2026,S,2026-01-08 00:00:00,1,,,PROVEEDURIA LA ILUSION. PINILLA MARINA IRENE. PRESUPUESTO 021417 COCINA HOSPITAL.,160060.0,000115,,N
2026,1,104,104,2026-01-08 00:00:00,GMADA,101,9,,A,SUM,190,2026,S,2026-01-08 00:00:00,2,2026-01-29 00:00:00,NO,PRESUPUESTO SIN N° - HUGO ANTONIO / PILETA PARA COLONIA DE VERANO EN EL MARCO DEL PROGRAMA NUESTROS CHICOS N° EXP 3759,538400.0,000115,,N
2026,1,1806,1806,2026-05-14 00:00:00,GMADA,772,2,,R,SUM,1798,2026,S,2026-05-14 00:00:00,1,,,PRESUPUESTO 87250 TECNOPROST PACIENTE AVALOS ADRIANA,4160000.0,000010,,N
2026,1,1825,1825,2026-05-15 00:00:00,GMADA,1066,3,,R,PRESU,0,2026,S,2026-05-15 00:00:00,3,,,PROV. CANTERA YARAVI GRANZA CON POLVO DE PIEDRA 030  PARA ARREGLOS Y MEJORADO DEL BARRIO BELGRANO,7982806.5,000000,,N
2026,1,1826,1826,2026-05-15 00:00:00,GMADA,2549,4,,R,PRESU,0,2026,S,2026-05-15 00:00:00,2,,,"PRESUPUESTO DEL 15/05, RIVADAVIA SEGUROS,ENCUENTRO DE PCD",48544.0,000000,,N
2026,1,1828,1828,2026-05-15 00:00:00,GMADA,708,2,,A,PRESU,9038230,2026,S,2026-05-15 00:00:00,1,2026-06-29 00:00:00,NO,"PRESUPUESTO 903823081, SANCOR SEGUROS",360000.0,000000,,N
2026,1,1835,1835,2026-05-18 00:00:00,GMADA,1514,6,,R,PRESU,0,2026,S,2026-05-18 00:00:00,3,,,"PRESUPUESTO 0000, CASA ELICEIRY, 18-5/23-5",15316000.0,000000,,N
2026,1,1841,1841,2026-05-18 00:00:00,GMADA,2159,2,,R,PRESU,18417,2026,S,2026-05-18 00:00:00,3,,,JG ELECTROMEDICINA SRL- PRESUPUESTO N° 18417,1724976.0,000000,,N
2026,1,1842,1842,2026-05-18 00:00:00,GMADA,2159,2,,R,PRESU,18418,2026,S,2026-05-18 00:00:00,1,,,JG ELECTROMEDICINA SRL- PRESUPUESTO N° 18418,66066.0,000000,,N
2026,1,1061,1061,2026-03-18 00:00:00,GMADA,3322,2,,R,PRESU,2425,2026,S,2026-03-18 00:00:00,2,,,PINAMAR HIGIENE INSTITUCIONAL - PRESUPUESTO N° 16-2425 (HOSPITAL),414571.08,000000,,N
2026,1,1063,1063,2026-03-18 00:00:00,GMADA,612,2,,R,PRESU,0,2026,S,2026-03-18 00:00:00,3,,,MARZULLO COMPUTACION PRESUPUESTO 14/03/2026 CPU PARA AREA PROGRAMATICA,600000.0,000000,,N
2026,1,128,128,2026-01-12 00:00:00,GMADA,3405,3,,R,SUM,109,2026,S,2026-01-12 00:00:00,2,,,"PROV.CLEANOSOL PRESUP.05/01/2026 ASFALTO EN FRIO PARA ARREGLOS Y VBACHEOS DE TUYU Y ARIAS, PERU Y CHILE, PERU Y CUBA, CALLE 25 Y 8 , CALLE 8 Y 33, BS.AS Y CALLE 7",3008000.0,000115,,N
2026,1,131,131,2026-01-12 00:00:00,GMADA,1213,5,,R,SUM,209,2026,S,2026-01-12 00:00:00,2,,,DE LAS MISIONES      PRESUPUESTO N° 2671    PROVEEDOR N° 1213- PARA REPARACION DE TARIMAS,513031.29,000115,,N
2026,1,315,315,2026-01-19 00:00:00,GMADA,413,2,,R,SUM,348,2026,S,2026-01-19 00:00:00,1,,,PRESUPUESTO 4001 PASOS AGUSTIN CUBIERTAS VEHICULO DOMINIO AF545GL,500000.0,000115,,N
2026,1,316,316,2026-01-19 00:00:00,GMADA,85,4,,R,SUM,354,2026,S,2026-01-19 00:00:00,2,,,PRESUPUESTO 43556 SORBA  TERMOTANQUE PARA SECTOR INTERNACION - CELUALR PARA OFICINA 107,1604998.0,000115,,N
2026,1,317,317,2026-01-19 00:00:00,GMADA,2209,2,,R,SUM,324,2026,S,2026-01-19 00:00:00,1,,,DURANTE JAVIER- PRESUPUESTO N° 0001-00000824/829 (HOGAR DE ANCIANOS) DESDE EL 30/12/25 AL 30/01/26,1370366.23,000115,,N
2026,1,318,318,2026-01-19 00:00:00,GMADA,1078,2,,R,SUM,333,2026,S,2026-01-19 00:00:00,4,,,OPAZO DANIEL- PRESUPUESTO N° 13/01/26 (ADMISION),170000.0,000115,,N
2026,1,319,320,2026-01-19 00:00:00,GMADA,57,3,,R,SUM,377,2026,S,2026-01-19 00:00:00,1,,,"PRESUPUESTO  549, BONOMI IRMA CRISTINA",299500.0,000115,,N
2026,1,324,324,2026-01-19 00:00:00,GMADA,57,CONTR,,R,SUM,375,2026,S,2026-01-19 00:00:00,1,,,"PRESUPUESTO 550, BONOMI IRMA CRISTINA",299500.0,000115,,N
2026,1,326,326,2026-01-19 00:00:00,GMADA,1259,25,,R,SUM,289,2026,S,2026-01-19 00:00:00,2,,,"Electro Dannunzio, presupuesto 29837-29877-29696 (COM)",198413.6,000115,,N
2026,1,329,329,2026-01-19 00:00:00,GMADA,441,INGPU,,R,SUM,373,2026,S,2026-01-19 00:00:00,1,,,"PRESUPUESTO 3843, MATIENZO PAOLA",34500.0,000115,,N
2026,1,331,331,2026-01-19 00:00:00,GMADA,441,ASLEG,,R,SUM,372,2026,S,2026-01-19 00:00:00,1,,,"PRESUPUESTO 3841, MATIENZO PAOLA",18400.02,000115,,N
2026,1,347,347,2026-01-20 00:00:00,GMADA,3454,4,,R,SUM,334,2026,S,2026-01-20 00:00:00,1,,,"Expte N° 118/2026 Contrato: Muscia Caldarella, Gian Franco - Operador Social Servicio Local. No cumple con el Art. 45 de la Ley 14.656",710717.6,000115,,N
2026,1,348,348,2026-01-20 00:00:00,GMADA,3033,4,,R,SUM,335,2026,S,2026-01-20 00:00:00,1,,,"Expte N° 118/2026 Contrato: Olaizola, Rocío - Operadora Social Abordaje a la violencia familiar y Género. No cumple con el Art. 45 de la Ley 14.656",6307176.0,000115,,N
2026,1,349,349,2026-01-20 00:00:00,GMADA,3228,4,,R,SUM,336,2026,S,2026-01-20 00:00:00,1,,,"Expte N° 118/2026 Contrato: Pelinski, Eva Lorena - Psicóloga Servicio Local. No cumple con el Art. 45 de la Ley 14.656",6307176.0,000115,,N
2026,1,350,350,2026-01-20 00:00:00,GMADA,2812,4,,R,SUM,337,2026,S,2026-01-20 00:00:00,2,,,"Expte N° 118/2026 Contrto: Peréz, Oscar Santiago - Operador Grupal Envión, Operador de Calle Servicio Local. No cumple con el Art. 45 de la Ley 14.656",7124325.96,000115,,N
2026,1,351,351,2026-01-20 00:00:00,GMADA,1112,4,,A,SUM,338,2026,S,2026-01-20 00:00:00,1,2026-01-30 00:00:00,NO,"Expte 118/2026 contrato: Ruau, María carolina - Abogada Abordaje a la violencia familiar y Género. No cumple con el Art. 45 de la Ley 14.656",6715750.08,000115,,N
2026,1,352,352,2026-01-20 00:00:00,GMADA,3338,4,,R,SUM,339,2026,S,2026-01-20 00:00:00,1,,,"Expte N° 118/2026 Contrato: Saquetti, Pablo Cristián - Operador Grupal  Abordaje a la violencia masculino. No cumple con el Art. 45 de la Ley 14.656",1838583.36,000115,,N
2026,1,353,353,2026-01-20 00:00:00,GMADA,3027,4,,R,SUM,341,2026,S,2026-01-20 00:00:00,1,,,"Expte N° 118/2026 Contrato: Suarez, Micaela Brunella - Operadora Territorial Abordaje a la violencia familiar y Género . No cumple con el Art. 45 de la Ley 14.656",6307176.0,000115,,N
2026,1,354,354,2026-01-20 00:00:00,GMADA,33,4,,R,SUM,317,2026,S,2026-01-20 00:00:00,1,,,"RENOVACION AP DE JARDIN MATERNAL POLIZA 2108792, PCIA SEGUROS",1800000.0,000115,,N
2026,1,355,355,2026-01-20 00:00:00,GMADA,33,23,,R,SUM,287,2026,S,2026-01-20 00:00:00,1,,,"RENOVACION POLIZA, PCIA SEGUROS(33), POLIZAS 3374697/3374629",3210307.0,000115,,N
2026,1,356,356,2026-01-20 00:00:00,GMADA,3440,4,,R,SUM,342,2026,S,2026-01-20 00:00:00,2,,,Expte N° 118/2026 Contrato: Tolosa Carolina Paola - Trabajadora Social Abordaje a la violencia familiar y Género. No cumple con el Art. 45 de la Ley 14656,5081453.76,000115,,N
2026,1,357,357,2026-01-20 00:00:00,GMADA,2473,4,,R,SUM,343,2026,S,2026-01-20 00:00:00,1,,,"Expte N° 118/2026 Contrato: Verón Saavedra, Marianela Victoria - Psicóloga Abordaje a la violencia familiar y Género. No cumple con el Art. 45 de la Ley 14.656",6307176.0,000115,,N
2026,1,370,370,2026-01-20 00:00:00,GMADA,2986,SECRE,,R,EXPED,26,2026,S,2026-01-20 00:00:00,1,,,Corresponde Expte n ° 26/2026 - Servicio de Publicidad- Gomez Fermin,780000.0,000000,,N
2026,1,373,373,2026-01-20 00:00:00,GMADA,3445,SECRE,,R,EXPED,26,2026,S,2026-01-20 00:00:00,1,,,Corresponde Expte n ° 26/2026 - Servicio de Publicidad- Alejandro Morales,780000.0,000000,,N
2026,1,374,374,2026-01-20 00:00:00,GMADA,41,SECRE,,R,EXPED,26,2026,S,2026-01-20 00:00:00,1,,,Corresponde Expte n ° 26/2026 - Servicio de Publicidad- Calandron Samuel,1080000.0,000000,,N
2026,1,738,738,2026-02-19 00:00:00,GMADA,1514,3,,R,SUM,747,2026,S,2026-02-19 00:00:00,3,,,PROV.CASA ELICEIRY GAS OIL PARA MAQUINAS DE PREDIO DE DISPOSICION FINAL DE RESIDUOS RUTA 11 KM 405.5,3295902.0,000115,,N
2026,1,739,739,2026-02-19 00:00:00,GMADA,1514,3,,R,SUM,746,2026,S,2026-02-19 00:00:00,3,,,PROV. CASA ELICEIRY GASOIL PARA MAQUINAS Y VEHICULOS DE ESTA SECRETARIA,9268200.0,000115,,N
2026,1,1421,1422,2026-04-17 00:00:00,GMADA,248,25,,R,PRESU,0,2026,S,2026-04-17 00:00:00,2,,,"Fava, presupusto (para ser entregado a personal de CPR- base operativa)",92199.0,000000,,N
2026,1,1426,1427,2026-04-17 00:00:00,GMADA,441,9,,R,PRESU,3913,2026,S,2026-04-17 00:00:00,1,,,PRESUPUESTO N° 03913 - PAPELERA ALPA -,21691.4,000000,,N
2026,1,1427,1428,2026-04-17 00:00:00,GMADA,688,9,,R,PRESU,7063,2026,S,2026-04-17 00:00:00,1,,,PRESUPUESTO N° 7063 - BATERIAS LA PRIMERA S. H -,271200.0,000000,,N
2026,1,1428,1429,2026-04-17 00:00:00,GMADA,1001,3,,R,PRESU,1432,2026,S,2026-04-17 00:00:00,2,,,"PRESUPUESTO 44943, BURG S.A, EXPTE. 683/26",164550.32,000000,,N
2026,1,1509,1510,2026-04-27 00:00:00,GMADA,650,3,,R,SUM,1371,2026,S,2026-04-27 00:00:00,2,,,PROV.SUAREZ OSVALDO CONTRATACION DE BATEA PARA TRASLADO DE RESIDUOS SEGUN EXPTE.861/26,4000000.0,000115,,N
2026,1,2024,2023,2026-06-02 00:00:00,GMADA,68,4,,R,SUM,1975,2026,S,2026-06-02 00:00:00,2,,,"PRESUPUESTO N° X 9094956 de Sergio Peyrano de ""ATMOSFERICO LA PRIMERA""",1020000.0,000115,,N
2026,1,2026,2025,2026-06-02 00:00:00,GMADA,1810,35,,R,SUM,1952,2026,S,2026-06-02 00:00:00,2,,,Exp.:437/26 Sol. Revisión Integral del Edificio de Secretaría de Cultura - Prov.:Cataldo Adolfo - Presup.:0383,100000.0,000115,,N
2026,1,2028,2027,2026-06-02 00:00:00,GMADA,441,2,,R,SUM,1966,2026,S,2026-06-02 00:00:00,1,,,PAPELERA ALPA - PRESUPUESTO N° 2-3927,228600.0,000115,,N
2026,1,2030,2029,2026-06-02 00:00:00,GMADA,3552,2,,R,SUM,1969,2026,S,2026-06-02 00:00:00,2,,,MATAFUEGOS RUTA 11 - PRESUPUESTO N° 9596  RECAMBIO AMBULANCIAS DOMINIOS JQS 879 - KYV065 - PAA334 - AA775QW - AB039OI -,83000.0,000115,,N
2026,1,2031,2030,2026-06-02 00:00:00,GMADA,3452,4,,R,SUM,1974,2026,S,2026-06-02 00:00:00,2,,,"PRESUPUESTOS N° 0001-00002375/2376 de Carlos Alberto Ochoa de ""PANADERIA LA UNION° Esfuerzo Solidario mes marzo-abril 2026",212800.0,000115,,N
2026,1,2032,2031,2026-06-02 00:00:00,GMADA,313,3,,R,SUM,1986,2026,S,2026-06-02 00:00:00,1,,,PROV. ATREUCO PUEL  COMBUSTIBLE PARA MAQUINAS Y VEHICULOS DE ESTAS SECRETARIA,8000000.0,000115,,N
2026,1,2033,2032,2026-06-02 00:00:00,GMADA,125,2,,R,SUM,1977,2026,S,2026-06-02 00:00:00,1,,,PRESUPUESTO FARMACI GIORGI SEMANA DEL 04/05/2026 AL 10/05/2026,270603.75,000115,,N
2026,1,2034,2033,2026-06-02 00:00:00,GMADA,3322,2,,R,SUM,1968,2026,S,2026-06-02 00:00:00,2,,,PINAMAR HIGIENE INSTITUCIONAL - PRESUPUESTO N° 16-2619,103105.14,000115,,N
2026,1,2039,2038,2026-06-02 00:00:00,GMADA,3236,3,,R,SUM,1862,2026,S,2026-06-02 00:00:00,7,,,PROV. JACOBO LAFRENCH ALQUILER DE CAMION PLAYO PARA TRASLADO DE TOPADORA,700000.0,000115,,N
2026,1,2072,2071,2026-06-05 00:00:00,GMADA,3583,2,,R,PRESU,30938,2026,S,2026-06-05 00:00:00,3,,,ELECTRO DANUNZIO PRESUPUESTO  30938  TELEFONO INTERNOS PARA INTERNACION - CONSUTORIOS MEDICOS - GUARDIA - LAVADERO -  COCINA - MATERNIDAD - TERAPIA,240000.0,000000,,N
2026,1,2088,2087,2026-06-05 00:00:00,GMADA,2595,22,,R,PRESU,8759,2026,S,2026-06-05 00:00:00,1,,,PROV.IVANPERICO PRESUP.8759 PARA F 100 SNG651,57200.0,000000,,N
2026,1,2089,2088,2026-06-05 00:00:00,GMADA,2595,3,,R,PRESU,8864,2026,S,2026-06-05 00:00:00,1,,,"PROV.IVAN PERICO PRESUP.8864 REPUESTOS PARA SVN719,JZH266,CII58",467700.0,000000,,N
2026,1,2104,2103,2026-06-08 00:00:00,GMADA,2784,6,,A,PRESU,89825,2026,S,2026-06-08 00:00:00,2,2026-06-09 00:00:00,NO,"PRESUPUESTO 00013-00089825, NORDEMAQ",3905750.95,000000,,N
2026,1,2106,2105,2026-06-09 00:00:00,GMADA,2784,6,,R,PRESU,9825,2026,S,2026-06-09 00:00:00,2,,,"PRESUPUESTO 00013-00089825, NORDEMAQ, REPUESTOS PARA RETRO FAZ 81",3905750.96,000000,,N
2026,1,2130,2130,2026-06-09 00:00:00,GMADA,2450,2,,R,PRESU,0,2026,S,2026-06-09 00:00:00,1,,,LA FRUTERIA - PRESUPUESTO CONSUMO DEL 01/05/2026 AL 31/05/2026 HOSPITAL Y HOGAR DE ANCIANOS,4915500.0,000000,,N
2026,1,2134,2133,2026-06-09 00:00:00,GMADA,2450,2,,R,PRESU,0,2026,S,2026-06-09 00:00:00,1,,,LA FRUTERIA - PRESUPUESTO  CONSUMO DEL 01/05/2026 AL 31/05/2026 HOSPITAL Y HOGAR DE ANCIANOS,3092000.0,000000,,N
2026,1,2136,2135,2026-06-09 00:00:00,GMADA,167,2,,R,PRESU,9,2026,S,2026-06-09 00:00:00,1,,,TODO POLLO - PRESUPUESTO N° 9  SEMANA DEL 26/05/2026 AL 01/06/2026,591500.0,000000,,N
2026,1,2137,2136,2026-06-09 00:00:00,GMADA,167,H.ANC,,R,PRESU,8,2026,S,2026-06-09 00:00:00,1,,,TODO POLLO - PRESUPUESTO N° 8  SEMANA DEL 26/05/2026 AL 01/06/2026,313000.0,000000,,N
2026,1,2138,2137,2026-06-09 00:00:00,GMADA,3075,2,,R,PRESU,104,2026,S,2026-06-09 00:00:00,1,,,JUAN MARTIN CORREA LORENTE - PRESUPUESTO N° 1-104,26136.0,000000,,N
2026,1,2157,2156,2026-06-10 00:00:00,GMADA,1995,4,,A,SUM,2088,2026,S,2026-06-10 00:00:00,2,2026-06-17 00:00:00,NO,"PRESUPUESTO N° 00000061 de Esteban Erreguerena de ""CARPINTERIA SAN SEBASTIAN"" Para la realización de estanterías varias en Prestaciones",1550000.0,000115,,N
2026,1,2206,2205,2026-06-17 00:00:00,GMADA,441,1,,R,SUM,2220,2026,S,2026-06-17 00:00:00,1,,,"Matienzo Paola ,presupuesto 00003952,00003954Expte. 1460/26 Acto 20 de Junio .",339460.01,000115,,N
2026,1,2316,2316,2026-06-24 00:00:00,GMADA,1547,23,,R,SUM,2311,2026,S,2026-06-24 00:00:00,1,,,Mendez Marcos Expte. 1680/2026 Casa del Estudiante de Tandil,380000.0,000115,,N
2026,1,2581,2581,2026-07-15 00:00:00,GMADA,3322,2,,A,SUM,2520,2026,S,2026-07-15 00:00:00,1,2026-07-17 00:00:00,NO,PINAMAR HIGIENE INSTITUCIONAL - PRESUPUESTO N° 16-2648 - 16 - 2665 (LAVADERO HOSPITAL),66344.65,000115,,N
2026,1,2584,2584,2026-07-15 00:00:00,GMADA,2883,2,,R,SUM,2523,2026,S,2026-07-15 00:00:00,1,,,INSUMOS GENERALES 3F- PRESUPUESTO N° 6/07/2026,775938.0,000115,,N
2026,1,2586,2586,2026-07-15 00:00:00,GMADA,850,2,,R,SUM,2541,2026,S,2026-07-15 00:00:00,1,,,PROVEEDOR UNO ELECTROMEDICINA - PRESUPUESTO N° 00003-00016471,3590601.75,000115,,N
2026,1,2587,2587,2026-07-15 00:00:00,GMADA,3336,5,,R,SUM,2561,2026,S,2026-07-15 00:00:00,1,,,ROCIO ALEJANDRA MORALES  MECANICA EN GENERAL. PATENTE JZH 266,780000.0,000115,,N
2026,1,2588,2588,2026-07-15 00:00:00,GMADA,3322,2,,R,SUM,2512,2026,S,2026-07-15 00:00:00,1,,,PINAMAR HIGIENE INSTITUCIONAL - PRESUPUESTO N° 16-2666 (HOSPITAL),440089.78,000115,,N
2026,1,2600,2600,2026-07-15 00:00:00,GMADA,300,2,,R,SUM,2509,2026,S,2026-07-15 00:00:00,1,,,PINTURERIA FERRETERIA TODO COLOR - PRESUPUESTO N°7702 (HOSPITAL),190600.0,000115,,N
2026,1,2601,2601,2026-07-15 00:00:00,GMADA,3337,6,,R,SUM,2586,2026,S,2026-07-15 00:00:00,1,,," PRESUPUESTOS 621, GARCIA FEDERICO",258800.0,000115,,N
2026,1,2644,2645,2026-07-17 00:00:00,GMADA,3184,2,,R,SUM,2605,2026,S,2026-07-17 00:00:00,1,,,DROGUERIA PERDOMINICI- PRESUPUESTO N° 13/07/2026,1408250.0,000115,,N
2026,1,2646,2647,2026-07-17 00:00:00,GMADA,791,3,,R,SUM,2607,2026,S,2026-07-17 00:00:00,2,,,PROV.GUATAVO MARTIN PRESUP.15/07/2026 ALINEACION PARA CITROEN C15,45000.0,000115,,N
2026,1,2647,2648,2026-07-17 00:00:00,GMADA,3337,3,,R,SUM,2606,2026,S,2026-07-17 00:00:00,1,,,PROV.GARCIA FEDERICO PRESUP.0622 REPUESTO PARA FIAT ALLIS GR140,261297.0,000115,,N
2026,1,2649,2650,2026-07-17 00:00:00,GMADA,3398,3,,R,SUM,2603,2026,S,2026-07-17 00:00:00,3,,,PROV.CHAYE HNOS PRESUP.0643 REPUESTO PARA TRACTOR JONH DEERE BNA17,1055858.1,000115,,N
2026,1,2650,2651,2026-07-17 00:00:00,GMADA,3398,3,,R,SUM,2601,2026,S,2026-07-17 00:00:00,2,,,PROV.CHAYE HNOS PRESUP.0644 REPUESTO PARA JONH DEERE BGZ45,2279608.45,000115,,N
2026,1,919,919,2026-03-09 00:00:00,GMADA,826,3,,R,SUM,912,2026,S,2026-03-09 00:00:00,1,,,PROV.DUENDE AZUL PRESUP.2644 COMISION A LA PLATA POR REPUESTOS,65000.0,000115,,N
2026,1,923,923,2026-03-09 00:00:00,GMADA,2209,H.ANC,,R,SUM,896,2026,S,2026-03-09 00:00:00,1,,,DURANTE JAVIER- PRESUPUESTO N° 0001-0000847 ( DESDE EL 9/02/26 HASTA EL 9/03/26),1225473.99,000115,,N
2026,1,925,925,2026-03-09 00:00:00,GMADA,777,3,,R,SUM,911,2026,S,2026-03-09 00:00:00,1,,,"PROV. MP REPUESTOS PRESUP.131,0120 REPUESTOS PARA INI856,CAR748",201500.0,000115,,N
2026,1,926,926,2026-03-09 00:00:00,GMADA,3287,8,,R,SUM,923,2026,S,2026-03-09 00:00:00,1,,, PROV. HISPANOGRAF- SEC PRODUCCION-TALLER TEXTIL,52500.0,000115,,N
2026,1,1202,1203,2026-04-07 00:00:00,GMADA,171,25,,R,SUM,1202,2026,S,2026-04-07 00:00:00,1,,,"Electricidad el Gallego, presupuesto 55088 (KYV 375)",130400.0,000115,,N
2026,1,1204,1205,2026-04-07 00:00:00,GMADA,117,25,,R,SUM,1209,2026,S,2026-04-07 00:00:00,2,,,"Papelera las 3 marias, presupuestos",165099.98,000115,,N
2026,1,1206,1207,2026-04-07 00:00:00,GMADA,441,25,,R,SUM,1211,2026,S,2026-04-07 00:00:00,1,,,"Papelera Alpa, presupuesto 3905",46000.05,000115,,N
2026,1,1208,1209,2026-04-07 00:00:00,GMADA,285,2,,R,SUM,1203,2026,S,2026-04-07 00:00:00,2,,,RADIOGRAFICAOESTE- PRESUPUESTO N° 100053737,466077.03,000115,,N
2026,1,1209,1210,2026-04-07 00:00:00,GMADA,2833,2,,R,SUM,1200,2026,S,2026-04-07 00:00:00,2,,,MIL FARMA  S.A- PRESUPUESTO N° 0248-00004186,5241056.85,000115,,N
2026,1,1211,1212,2026-04-07 00:00:00,GMADA,3322,2,,R,SUM,1207,2026,S,2026-04-07 00:00:00,4,,,PINAMAR HIGIENE INSTITUCIONAL SRL- PRESUPUESTO N 0016-00002546/2559 ( PORTERIA),392608.18,000115,,N
2026,1,2378,2378,2026-06-29 00:00:00,GMADA,776,25,,R,PRESU,751,2026,S,2026-06-29 00:00:00,2,,,"Gomeria V+B, presupuestos 0751-0752-0754-0755-0756-0757-0759-0760-0761-0842-0848-0844-0845-0846-0847)",196000.0,000000,,N
2026,1,2381,2381,2026-06-29 00:00:00,GMADA,2310,14,,R,PRESU,0,2026,S,2026-06-29 00:00:00,2,,,"P´RESUPUESTO DEL 25/06, CALABRO",446580.1,000000,,N
2026,1,2614,2614,2026-07-16 00:00:00,GMADA,2146,35,,R,SUM,2532,2026,S,2026-07-16 00:00:00,1,,,Prov.:Quilindro Martin - Presup.:S/N,180000.0,000115,,N
2026,1,2616,2616,2026-07-16 00:00:00,GMADA,777,35,,R,SUM,2564,2026,S,2026-07-16 00:00:00,1,,,Prov.:MP Respuestos - Presup.:142,53000.0,000115,,N
2026,1,2618,2618,2026-07-16 00:00:00,GMADA,441,35,,R,SUM,2566,2026,S,2026-07-16 00:00:00,1,,,Prov.:Alpa - Presup.:03956,60925.0,000115,,N
2026,1,2620,2620,2026-07-16 00:00:00,GMADA,300,35,,R,SUM,2570,2026,S,2026-07-16 00:00:00,1,,,Exp.:1811/21 PREIMBA- PROYECTO PARQUE DE LA ESTACIÓN - Prov.:Todo Color - Presup.:07208,55675.0,000115,,N
2026,1,2624,2624,2026-07-16 00:00:00,GMADA,879,35,,R,SUM,2571,2026,S,2026-07-16 00:00:00,1,,,Exp.:1811/21 PREIMBA- PROYECTO PARQUE DE LA ESTACIÓN - Prov.:Casa Harisgarat - Presup.:01057,16270.0,000115,,N
2026,1,2625,2625,2026-07-16 00:00:00,GMADA,3287,RESID,,R,SUM,2593,2026,S,2026-07-16 00:00:00,1,,,"PRESUPUESTO 1898, AVELLANEDA 7163 SRL",238000.0,000115,,N
2026,1,2626,2626,2026-07-16 00:00:00,GMADA,3336,3,,R,SUM,2565,2026,S,2026-07-16 00:00:00,1,,,PROV. MORALES ROCIO PRESUP.13/07/2026 PARA VW 17220 LED013,320000.0,000115,,N
2026,1,2627,2627,2026-07-16 00:00:00,GMADA,300,14,,R,SUM,2595,2026,S,2026-07-16 00:00:00,1,,,"PRESUPUESTO 5506, MAISTEGUI SILVIA",15820.0,000115,,N
2026,1,2628,2628,2026-07-16 00:00:00,GMADA,2627,2,,R,SUM,2577,2026,S,2026-07-16 00:00:00,1,,,SANTA PAULA - PRESUPUESTO N° 1-2241  SEMANA DEL 05/07/2026 AL 12/07/2026,48000.0,000115,,N
2026,1,2629,2629,2026-07-16 00:00:00,GMADA,57,2,,R,SUM,2578,2026,S,2026-07-16 00:00:00,1,,,IMPRENTA EL ARGENTINO - PRESUPUESTO N° 571 (HOSPITAL),64000.0,000115,,N
2026,1,2630,2630,2026-07-16 00:00:00,GMADA,3322,2,,R,SUM,2579,2026,S,2026-07-16 00:00:00,1,,,PINAMAR HIGIENE INSTITUCIONAL - PRESUPUESTO N° 16-2677 (HOSPITAL),229732.92,000115,,N
2026,1,2632,2632,2026-07-16 00:00:00,GMADA,3322,2,,R,SUM,2580,2026,S,2026-07-16 00:00:00,1,,,PINAMAR HIGIENE INSTITUCIONAL - PRESUPUESTO N° 16-2671 (HOSPITAL),553577.24,000115,,N
2026,1,2633,2633,2026-07-16 00:00:00,GMADA,2302,2,,R,SUM,2588,2026,S,2026-07-16 00:00:00,2,,,DGM PRESUPUESTO 11713 TONER PARA IMPRESORAS DE OFICINA SAMO - ESTADISTICA CONSULTORIOS EXTERNOS - LABORATORIO,515227.1,000115,,N
2026,1,2634,2634,2026-07-16 00:00:00,GMADA,866,2,,R,SUM,2540,2026,S,2026-07-16 00:00:00,1,,,PILOÑA- PRESUPUESTO N° 7/07/2026,953007.87,000115,,N
2026,1,2635,2635,2026-07-16 00:00:00,GMADA,1440,2,,R,SUM,2534,2026,S,2026-07-16 00:00:00,1,,,QUALIMED S.A- PRESUPUESTO N° 110,167542.3,000115,,N
2026,1,2636,2636,2026-07-16 00:00:00,GMADA,1242,2,,R,SUM,2573,2026,S,2026-07-16 00:00:00,1,,,DONNAXPHARMA- PRESUPUESTO N° 8/07/26,248448.0,000115,,N
2026,1,2637,2637,2026-07-16 00:00:00,GMADA,216,2,,R,SUM,2544,2026,S,2026-07-16 00:00:00,1,,,FAE - PRESUPUESTO N°3397737 (HOSPITAL Y HOGAR DE ANCIANOS ),149000.0,000115,,N
2026,1,2638,2639,2026-07-16 00:00:00,GMADA,441,2,,R,SUM,2574,2026,S,2026-07-16 00:00:00,1,,,ALPA MADARIAGA - PRESUPUESTO N° 2-3973 (HOSPITAL),151500.0,000115,,N
2026,1,2639,2640,2026-07-16 00:00:00,GMADA,167,2,,R,SUM,2575,2026,S,2026-07-16 00:00:00,1,,,TODO POLLO - PRESUPUESTO N° 18  SEMANA DEL 05/07/2026 AL 12/07/2026,1002400.0,000115,,N
2026,1,2640,2641,2026-07-16 00:00:00,GMADA,1879,3,,R,SUM,2563,2026,S,2026-07-16 00:00:00,1,,,PROV.DANIEL ZUBIARRAIN PRESUP.3919 REPUESTO PARA CAMION LED013,193000.0,000115,,N
2026,1,2359,2359,2026-06-26 00:00:00,GMADA,3066,CACUL,,R,SUM,2314,2026,S,2026-06-26 00:00:00,1,,,JUAN MANUEL TEVEZ   TEVEZ CONSTRUCCIONES PROVEEDOR N° 3066,800000.0,000115,,N
2026,1,2360,2360,2026-06-26 00:00:00,GMADA,441,21,,R,SUM,2329,2026,S,2026-06-26 00:00:00,1,,,PROV. ALPA MADARIAGA PRESUP.3961 PARA MEDIO AMBIENTE,58102.5,000115,,N
2026,1,2364,2364,2026-06-26 00:00:00,GMADA,2330,1,,R,SUM,2331,2026,S,2026-06-26 00:00:00,2,,, Corresponde a Previsión de Combustible del Salado.Gobierno,528624.58,000115,,N
2026,1,2368,2368,2026-06-26 00:00:00,GMADA,2330,1,,R,SUM,2332,2026,S,2026-06-26 00:00:00,1,,,Corresponde a previsión de Combustible del Salado.Intendencia.,2950000.0,000115,,N
2026,1,2371,2371,2026-06-26 00:00:00,GMADA,791,3,,R,SUM,2328,2026,S,2026-06-26 00:00:00,1,,,PROV. GUSTAVO MARTIN PRESP.24/06/26 BALANCEO PARA CITROEN CAR748,40000.0,000115,,N
2026,1,934,934,2026-03-09 00:00:00,GMADA,395,2,,R,PRESU,0,2026,S,2026-03-09 00:00:00,2,,,LABORATORIO BIOQUIMICO MAR DEL PLATA S.A- PRESUPUESTO S/N° PRACTICAS REALIZADAS EN EL MES DE FEBRERO,97345.0,000000,,N
2026,1,916,916,2026-03-09 00:00:00,GMADA,777,25,,R,PRESU,126,2026,S,2026-03-09 00:00:00,1,,,"MP Repuestos, presupuestos 126-127 (jwg 930-ae704ax)",347100.0,000000,,N
2026,1,917,917,2026-03-09 00:00:00,GMADA,1259,25,,R,PRESU,30268,2026,S,2026-03-09 00:00:00,1,,,"Electro Dannunzio, prespuesto 30268-30315 (COM)",110322.8,000000,,N
2026,1,918,918,2026-03-09 00:00:00,GMADA,717,2,,R,PRESU,21424,2026,S,2026-03-09 00:00:00,1,,,PROVEEDURIA LA ILUSION- PRESPUESTO N° 21424,115200.0,000000,,N
2026,1,920,920,2026-03-09 00:00:00,GMADA,1514,3,,R,PRESU,0,2026,S,2026-03-09 00:00:00,3,,,"PROV. CASA ELICEIY GAS OIL PARA FLOTA VEHICULAR DE ESTA SECRETARIA,9/03/2026",8147160.0,000000,,N
2026,1,922,922,2026-03-09 00:00:00,GMADA,1514,3,,R,PRESU,0,2026,S,2026-03-09 00:00:00,2,,,"PROV. CASA ELICEIRY GAS OIL PARA MAQUINAS DE PREDIO,DISPOSICION FINAL DE RESIDUOS RUTA 11 KM 405.5, 9/03/2026",4270000.0,000000,,N
2026,1,935,935,2026-03-09 00:00:00,GMADA,2209,H.ANC,,R,PRESU,855,2026,S,2026-03-09 00:00:00,1,,,DURANTE JAVIER - PRESUPUESTO N° 1-855 DEL 01/02/2026 AL 28/02/2026,86148.0,000000,,N
2026,1,937,937,2026-03-09 00:00:00,GMADA,3395,3,,R,PRESU,5087,2026,S,2026-03-09 00:00:00,3,,,"PROV. YANINA PECORARI PRESUP.5087,5086 BATERIA PARA CAMION ASZ490 Y EQM607",671000.0,000000,,N
2026,1,1410,1411,2026-04-16 00:00:00,GMADA,3537,2,,A,SUM,935,2026,S,2026-04-16 00:00:00,2,2026-04-23 00:00:00,NO,EXPEDIENTE 2545/26 CONTRATO  DEL 01/03/26 AL 30/03/2026 BUGIOLACHI JORGE  GUARDIAS ANESTESIA,27520000.0,000115,,N
2026,1,1996,1994,2026-05-29 00:00:00,GMADA,840,3,,R,EXPED,684,2026,S,2026-05-29 00:00:00,1,,,ROPA PARA PERSONAL EXPT.684/26,5778380.0,CTACTE,,N
2026,1,1997,1996,2026-05-29 00:00:00,GMADA,3342,3,,R,EXPED,684,2026,S,2026-05-29 00:00:00,3,,,ROPA PARA PERSONAL EXPT.684/26,1848832.0,CTACTE,,N
2026,1,1998,1997,2026-05-29 00:00:00,GMADA,3422,3,,R,EXPED,684,2026,S,2026-05-29 00:00:00,2,,,ROPA PARA PERSONAL EXPT.684/26,4326400.0,CTACTE,,N
2026,1,1999,1998,2026-05-29 00:00:00,GMADA,3569,3,,R,EXPED,684,2026,S,2026-05-29 00:00:00,1,,,ROPA PARA PERSONAL EXPT.684/26,2557440.0,CTACTE,,N
2026,1,2105,2104,2026-06-09 00:00:00,GMADA,2219,3,,R,SUM,2090,2026,S,2026-06-09 00:00:00,2,,,PROV. PREMOLDEADOS VINCENT HNOS. PRESUP.05/06/2026 TUBO DE HORMIGON PARA DESAGUES PLUVIALES PARA TENES ACOPIADO EN EL CORRALON MUNICIAL Y COLOCAR DONDE SEA REQUEDIDO CUADNO SEA NECESARIO,3440000.0,000115,,N
2026,1,2107,2106,2026-06-09 00:00:00,GMADA,685,6,,R,SUM,2087,2026,S,2026-06-09 00:00:00,2,,,"PRESUPUESTO 0001, SIMON DRAGOJEVIC",890000.0,000115,,N
2026,1,2108,2107,2026-06-09 00:00:00,GMADA,3583,25,,R,SUM,2079,2026,S,2026-06-09 00:00:00,2,,,"Prov,3583 presupuestos 30903-30897",147790.4,000115,,N
2026,1,2111,2109,2026-06-09 00:00:00,GMADA,2595,25,,R,SUM,2076,2026,S,2026-06-09 00:00:00,2,,,"Ivanper, presupuesto 8788-8924",180180.0,000115,,N
2026,1,2113,2112,2026-06-09 00:00:00,GMADA,171,1,,R,SUM,2084,2026,S,2026-06-09 00:00:00,1,,,"PRESUPUESTO 55697, SANCHEZ JUAN ALBERTO",29800.0,000115,,N
2026,1,2114,2114,2026-06-09 00:00:00,GMADA,3075,4,,R,SUM,2048,2026,S,2026-06-09 00:00:00,2,,,Presupuesto N°0001-00000100 MC Juan Martin Corrrea Lorente.,38893.64,000115,,N
2026,1,2151,2150,2026-06-10 00:00:00,GMADA,2627,H.ANC,,R,SUM,2094,2026,S,2026-06-10 00:00:00,1,,,SANTA PAULA - PRESUPUESTO N° 1-2229,58000.0,000115,,N
2026,1,2153,2152,2026-06-10 00:00:00,GMADA,2595,2,,R,SUM,2069,2026,S,2026-06-10 00:00:00,1,,,IVANPER - PRESUPUESTO N° 8692 REPUESTOS PARA AMBULANCIAS DOMINIO PAA334 - AB039OI - AG180HE - AG243BV,292320.0,000115,,N
2026,1,2155,2154,2026-06-10 00:00:00,GMADA,2595,2,,R,SUM,2067,2026,S,2026-06-10 00:00:00,1,,,IVANPER - PRESUPUESTO N° 8878 REPUESTOS PARA VEHICULO DOMINIO AA775QW - DOMINIO PAA334 - DOMINIO AB039OI,149050.0,000115,,N
2026,1,2158,2157,2026-06-10 00:00:00,GMADA,2595,2,,R,SUM,2068,2026,S,2026-06-10 00:00:00,1,,,IVANPER - PRESUPUESTO N° 8903  REPUESTOS PARA DOMINIO AA775QW - DOMINIO AF545GL,24800.0,000115,,N
2026,1,2160,2159,2026-06-10 00:00:00,GMADA,2595,2,,R,SUM,2066,2026,S,2026-06-10 00:00:00,1,,,IVANPER - PRESUPUESTO N°8797 REPUESTOS PARA VEHICULOS DOMINIO AA775QW - DOMINIOAB039OI,221900.0,000115,,N
2026,1,2161,2160,2026-06-10 00:00:00,GMADA,441,2,,R,SUM,2065,2026,S,2026-06-10 00:00:00,1,,,PAPELERA ALPA - PRESUPUESTO N° 2-3941,31639.34,000115,,N
2026,1,2441,2441,2026-07-03 00:00:00,GMADA,527,2,,R,SUM,2401,2026,S,2026-07-03 00:00:00,1,,,SERVIMED - PRESUPUESTO N° 10274/26 V,1345000.0,000115,,N
2026,1,2444,2444,2026-07-03 00:00:00,GMADA,1468,2,,R,SUM,2387,2026,S,2026-07-03 00:00:00,2,,,NOVAFARMA- PRESUPUESTO N° 26/06/26,52850.0,000115,,N
2026,1,2446,2446,2026-07-03 00:00:00,GMADA,1514,3,,R,SUM,2414,2026,S,2026-07-03 00:00:00,2,,,PROV. CASA ELICEIRY ACEITES PARA VEHICULOS DE ESTA SECRETARIA,3288000.0,000115,,N
2026,1,2449,2449,2026-07-03 00:00:00,GMADA,313,3,,R,SUM,2413,2026,S,2026-07-03 00:00:00,1,,,PROV. ATREUCO PUEL COMBUSTIBLES PARA MAQUINAS Y VEHICULOS DE ESTA SECRETARIA,9000000.0,000115,,N
2026,1,2450,2450,2026-07-03 00:00:00,GMADA,688,6,,R,SUM,2417,2026,S,2026-07-03 00:00:00,2,,,Corresponde presupuesto N° 0000007193-0000007190 - RAMOS E ISIDRO,98300.0,000115,,N
2026,1,2452,2452,2026-07-03 00:00:00,GMADA,3297,25,,R,SUM,2386,2026,S,2026-07-03 00:00:00,1,,,"Frenos Madariaga, presupuesto 106 (AE 704 AX- JCH 069- AB 038 FG)",1036000.0,000115,,N
2026,1,2460,2460,2026-07-03 00:00:00,GMADA,826,3,,R,SUM,2378,2026,S,2026-07-03 00:00:00,1,,,PROV. DUENDE AZUL PRESUP.0853 COMOSION  A LA PLATA (REPEUSTOS),65000.0,000115,,N
2026,1,2461,2461,2026-07-03 00:00:00,GMADA,2369,3,,R,SUM,2379,2026,S,2026-07-03 00:00:00,2,,,"PROV. MERCEDES LA PLATA PRESUP.6641 REPUESTOS PARA LAN557, AF947IJ,OOI617,DMI232",946732.43,000115,,N
2026,1,2462,2462,2026-07-03 00:00:00,GMADA,3297,3,,R,SUM,2381,2026,S,2026-07-03 00:00:00,1,,,PROV. FRENOS MADARIAGA PRESUP.27/06/26 REPUESTO PARA FORD 14000 DMI232,89000.0,000115,,N
2026,1,2645,2646,2026-07-17 00:00:00,GMADA,63,MUSEO,,R,SUM,2597,2026,S,2026-07-17 00:00:00,1,,,"PRESUPUESTO 14761, JORGE N FLORES E HIJOS",16423.3,000115,,N
2026,1,2648,2649,2026-07-17 00:00:00,GMADA,71,14,,R,SUM,2596,2026,S,2026-07-17 00:00:00,1,,,"PRESUPUESTO 15272/15276,IRIARTE RAUL",41000.0,000115,,N
2026,1,2651,2652,2026-07-17 00:00:00,GMADA,2450,2,,R,SUM,2545,2026,S,2026-07-17 00:00:00,1,,,LA FRUTERIA - PRESUPUESTO S/N FECHA 26/6/26 (HOSPITAL),6055500.0,000115,,N
2026,1,2652,2653,2026-07-17 00:00:00,GMADA,578,3,,R,SUM,2616,2026,S,2026-07-17 00:00:00,2,,,PROV. ITURRARTE JORGE PRESUP.5433 PARA IVECO PPU739,398195.34,000115,,N
2026,1,2653,2654,2026-07-17 00:00:00,GMADA,1514,3,,R,SUM,2618,2026,S,2026-07-17 00:00:00,2,,,PROV. CASA ELICEIRY PRESUP.15/07/2026 LUBRICANTES PARA FLOTA VEHICULAR,3527000.0,000115,,N
2026,1,2654,2655,2026-07-17 00:00:00,GMADA,3075,37,,R,SUM,2625,2026,S,2026-07-17 00:00:00,1,,,"PRESUPUESTO 113, CORREA LORENTE JUAN MARTIN",11104.17,000115,,N
2026,1,2655,2656,2026-07-17 00:00:00,GMADA,2998,17,,R,SUM,2626,2026,S,2026-07-17 00:00:00,1,,,"Ernalz Juan Manuel ,presupuesto 012672",80000.0,000115,,N
2026,1,2656,2657,2026-07-17 00:00:00,GMADA,1527,25,,A,SUM,2617,2026,S,2026-07-17 00:00:00,1,2026-07-20 00:00:00,NO,Gomeria La Diagonal ( fac 0592),117000.0,000115,,N
2026,1,2657,2658,2026-07-17 00:00:00,GMADA,3583,25,,R,SUM,2619,2026,S,2026-07-17 00:00:00,1,,,"Electro Dannunzio, presupuestos 31039-21115-31207",155987.44,000115,,N
2026,1,2658,2659,2026-07-17 00:00:00,GMADA,688,25,,R,SUM,2620,2026,S,2026-07-17 00:00:00,1,,,"Bateria La Primera, presupuesto 7157-7149-7187",619800.0,000115,,N
2026,1,2659,2660,2026-07-17 00:00:00,GMADA,612,25,,R,SUM,2622,2026,S,2026-07-17 00:00:00,1,,,"Marzullo Computacion, presupuesto 1303 ( COM)",100000.0,000115,,N
2026,1,2660,2661,2026-07-17 00:00:00,GMADA,1682,6,,R,SUM,2627,2026,S,2026-07-17 00:00:00,1,,,"Grupo Univeco S.A. ,presupesto 000400009959",90273.49,000115,,N
2026,1,2662,2663,2026-07-17 00:00:00,GMADA,1962,1,,R,SUM,2646,2026,S,2026-07-17 00:00:00,1,,,Escobar Juan Carlos,34000.0,000115,,N
2026,1,473,473,2026-01-28 00:00:00,GMADA,3208,8,,R,CONTR,0,2026,S,2026-01-28 00:00:00,3,,,PROV. CASTILLO MANUEL ALEJANDRO- SEC PRODUCCION- PARQUE INDUSTRIAL,420000.0,000000,,N
2026,1,111,111,2026-01-09 00:00:00,GMADA,2843,4,,R,SUM,118,2026,S,2026-01-09 00:00:00,2,,,"Presupuesto N° 6926951-Fruteria EL NEGRIN de Rost Tamara-Para Programa ""ESFUERZO SOLIDARIO""",1785000.0,000115,,N
2026,1,474,474,2026-01-28 00:00:00,GMADA,3356,2,,R,PRESU,282190,2026,S,2026-01-28 00:00:00,2,,,PEREZ JORGE- PRESUPUESTO N° 282190 (COCINA) DESDE 16/12/25 AL 23/12/25,108000.0,000000,,N
2026,1,475,475,2026-01-28 00:00:00,GMADA,3356,2,,R,PRESU,282188,2026,S,2026-01-28 00:00:00,2,,,PEREZ JORGE- PRESUPUESTO N° 282188 (COCINA) DESDE EL 22/12/25 AL 29/12/25,72000.0,000000,,N
2026,1,476,476,2026-01-28 00:00:00,GMADA,3287,1,,R,PRESU,1854,2026,S,2026-01-28 00:00:00,1,,,"PRESUPUESTO 1854, AVELLANEDA 7163",32500.0,000000,,N
2026,1,479,479,2026-01-28 00:00:00,GMADA,3448,JARDM,,R,PRESU,0,2026,S,2026-01-28 00:00:00,2,,,"PRESUPUESTO de ""Sabina Anahí Flores "" Regalo para egresados de La Casita de Chocolate",133300.0,000000,,N
2026,1,484,484,2026-01-28 00:00:00,GMADA,3075,7,,R,PRESU,69,2026,S,2026-01-28 00:00:00,1,,,"PROV. JUAN MARTIN CORREA PRESUP.0069,0068 PARA CEMENTERIO Y DEFENSA CIVIL RIEGO",87904.11,000000,,N
2026,1,486,486,2026-01-28 00:00:00,GMADA,826,3,,R,PRESU,2640,2026,S,2026-01-28 00:00:00,1,,,PROV.DUENDE AZUL PRESUP 2640 COMISION A LA PLATA POR REPUESTOS,65000.0,000000,,N
2026,1,487,487,2026-01-28 00:00:00,GMADA,1259,5,,R,PRESU,30023,2026,S,2026-01-28 00:00:00,1,,,"PRESUPUESTO 30023, SUC DANNUNZIO JORGE",8250.4,000000,,N
2026,1,489,489,2026-01-28 00:00:00,GMADA,3287,JARDM,,R,PRESU,1853,2026,S,2026-01-28 00:00:00,1,,,"PRESUPUESTO N°  01853 de ""Hispanograf"" Para realizar diplomas, distintivos, fotos, invitaciones para el egreso de La Casita de Chocolate",73410.0,000000,,N
2026,1,491,491,2026-01-28 00:00:00,GMADA,1259,3,,R,PRESU,29984,2026,S,2026-01-28 00:00:00,1,,,PROV.ELECTRO DANNUNZIO PRESUP.29984 ALARGUE PARA CORRALON,18260.2,000000,,N
2026,1,492,492,2026-01-28 00:00:00,GMADA,2403,6,,R,PRESU,93,2026,S,2026-01-28 00:00:00,3,,,"Bigorito  Leonardo Fabio ,presupuesto 0001-00000093.Motoniveladora Pauny 180 BGZ 53.",150000.0,000000,,N
2026,1,638,638,2026-02-13 00:00:00,GMADA,2330,SECGO,,R,SUM,584,2026,S,2026-02-13 00:00:00,2,,,CORRESPONDE PREVISION COMBUSTIBLES DEL SALADO - SEC GOBIERNO,267670.45,000115,,N
2026,1,647,647,2026-02-13 00:00:00,GMADA,2450,JARDM,,R,SUM,675,2026,S,2026-02-13 00:00:00,2,,,"PRESUPUESTO de Labatut, Marcelo de ""LA FRUTERIA"" enero 2026",263500.0,000115,,N
2026,1,649,649,2026-02-13 00:00:00,GMADA,879,2,,R,SUM,655,2026,S,2026-02-13 00:00:00,3,,,CASA HARISGARAT - PRESUPUESTO N° 1-1029 (GUARDIA HOSPITAL),9620.0,000115,,N
2026,1,754,755,2026-02-23 00:00:00,GMADA,3562,27,,R,SUM,761,2026,S,2026-02-23 00:00:00,2,,,desarrollo de software portal de proveedores,3630000.0,000029,,N
2026,1,769,769,2026-02-24 00:00:00,GMADA,3169,TURIS,,R,PRESU,0,2026,S,2026-02-24 00:00:00,1,,,Casa Yoseli de Marta Zaupa. Alojamiento rally. DECRETO 78/26,210000.0,000000,,N
2026,1,770,770,2026-02-24 00:00:00,GMADA,2593,1,,R,PRESU,0,2026,S,2026-02-24 00:00:00,1,,,"Balletto Urrutia ,Juan Ignacio",21000.0,000000,,N
2026,1,771,771,2026-02-24 00:00:00,GMADA,3287,TURIS,,R,PRESU,1862,2026,S,2026-02-24 00:00:00,2,,,Avellaneda 7163 - Hispanograf.Triptico fiestas y eventos anuales. Presupuesto 1862,274000.0,000000,,N
2026,1,772,772,2026-02-24 00:00:00,GMADA,441,3,,R,PRESU,3871,2026,S,2026-02-24 00:00:00,1,,,PROV.ALPÁ MADARIAGA PRESUP.3871 SELLO PARA CEMENTERIO,8500.0,000000,,N
2026,1,773,773,2026-02-24 00:00:00,GMADA,2151,7,,R,PRESU,262,2026,S,2026-02-24 00:00:00,2,,,PROV. BARRACA MARIBEL PRESUP.0262  REPUESTO PARA MOTOGUADAÑA,15000.0,000000,,N
2026,1,774,774,2026-02-24 00:00:00,GMADA,413,6,,R,PRESU,4043,2026,S,2026-02-24 00:00:00,1,,,Corresponde presupuesto N° 0001-00004043/000004038/00004029/00004021/00004018/00004015/00004046/00004049/00004053/00004045 PASO AGUSTIN,1109600.0,000000,,N
2026,1,778,778,2026-02-24 00:00:00,GMADA,2367,9,,R,EXPED,129,2026,S,2026-02-24 00:00:00,1,,,"PRESUPUESTO 000, FED REG DE AUT DEP MAR Y SIERRA",3501000.0,000000,,N
2026,1,2162,2161,2026-06-11 00:00:00,GMADA,2450,4,,R,SUM,2086,2026,S,2026-06-11 00:00:00,2,,,"PRESUPUESTO de Labatut, Marcelo de ""LA FRUTERIA"" Mayo 2026",191150.0,000115,,N
2026,1,2170,2169,2026-06-11 00:00:00,GMADA,3165,2,,R,SUM,2104,2026,S,2026-06-11 00:00:00,2,,,VELIBO SUPPLIES - PRESUPUESTO N° 1-12441 (HOSPITAL),1253770.08,000115,,N
2026,1,2172,2171,2026-06-11 00:00:00,GMADA,866,2,,R,SUM,2107,2026,S,2026-06-11 00:00:00,4,,,PILOÑA - PRESUPUESTO 05/05/2026,1833804.9,000115,,N
2026,1,2193,2192,2026-06-11 00:00:00,GMADA,866,2,,R,SUM,2103,2026,S,2026-06-11 00:00:00,4,,,PILOÑA - PRESUPUESTO S/N FECHA 1/6/26 (HOSPITAL),2667570.18,000115,,N
2026,1,2423,2423,2026-07-01 00:00:00,GMADA,3558,2,,R,SUM,2407,2026,S,2026-07-01 00:00:00,1,,,EXPEDIENTE 436/2026 RENOVACION CONTRATO VILLAFAÑE ELVIRA DEL 01/07/2026 AL 31/07/2026,17952000.0,000115,,N
2026,1,2424,2424,2026-07-01 00:00:00,GMADA,3537,2,,R,SUM,2406,2026,S,2026-07-01 00:00:00,1,,,EXPEDIENTE 2545/25 RENOVACON CONTRATO BUGIOLACHI JORGE  DEL 01/07/2026 AL 31/07/2026,42360000.0,000115,,N
2026,1,2427,2427,2026-07-01 00:00:00,GMADA,2209,6,,R,SUM,2388,2026,S,2026-07-01 00:00:00,1,,,"Durante Javier,presupuesta 0001-00000915",158689.0,000115,,N
2026,1,561,561,2026-02-04 00:00:00,GMADA,1514,RESID,,R,SUM,564,2026,S,2026-02-04 00:00:00,3,,,PROV. CASA ELICEIRY GASOIL PARA MAQUINAS DE PREDIOS DISPOSICION FINAL DE RESIDUOS RUTA 11 KM 405.5,2439000.0,000115,,N
2026,1,562,562,2026-02-04 00:00:00,GMADA,1514,3,,R,SUM,563,2026,S,2026-02-04 00:00:00,3,,,PROV. CASA ELICEIRY GAS OIL PARA FLOTA VEHICULAR DE ESTA SECRETARIA,5691000.0,000115,,N
2026,1,587,587,2026-02-09 00:00:00,GMADA,3558,2,,R,SUM,605,2026,S,2026-02-09 00:00:00,2,,,Corresponde cto. Villafañe Elvira A. Expte N° 436,13800000.0,000115,,N
2026,1,588,588,2026-02-09 00:00:00,GMADA,2692,TESOR,,R,SUM,611,2026,S,2026-02-09 00:00:00,2,,,Corresponde presupuesto PAIS HERNAN HORACIO-,3600000.0,000115,,N
2026,1,595,595,2026-02-09 00:00:00,GMADA,2110,8,,R,SUM,586,2026,S,2026-02-09 00:00:00,2,,,PROV. FUMEGA EDUARDO- PRESUP. N°5201 - SEC PRODUCCION- SALA DE ELABORACION,70000.0,000115,,N
2026,1,596,596,2026-02-09 00:00:00,GMADA,1259,DESPA,,R,SUM,573,2026,S,2026-02-09 00:00:00,1,,,CORRESPONDE PRESUPUESTO N ° 00030122 - SUC DANNUNZIO,29483.0,000115,,N
2026,1,625,625,2026-02-12 00:00:00,GMADA,3560,5,,R,SUM,700,2026,S,2026-02-12 00:00:00,1,,,JUAN MARCELO GUTIERREZ  PROVEEDOR 3560   BARRA LIBRE CUMBIA  CARNAVAL 2026  EXPTE 224/26,450000.0,000115,,N
2026,1,641,641,2026-02-13 00:00:00,GMADA,879,9,,R,SUM,650,2026,S,2026-02-13 00:00:00,2,,,PRESUPUESTO N° 1027 - CASA HARISGARAT - REPARACIONES ESTADIO MUNICIPAL,193682.0,000115,,N
2026,1,642,642,2026-02-13 00:00:00,GMADA,879,2,,R,SUM,654,2026,S,2026-02-13 00:00:00,2,,,CASA HARISGARAT - PRESUPUESTO N° 1-1033 (INTERNACION HOSPITAL),15220.0,000115,,N
2026,1,451,451,2026-01-27 00:00:00,GMADA,163,6,,R,SUM,472,2026,S,2026-01-27 00:00:00,2,,,"PRESUPUESTO 079-7027,ALFIO DISTEFANO",7842000.0,000115,,N
2026,1,452,452,2026-01-27 00:00:00,GMADA,163,3,,R,SUM,471,2026,S,2026-01-27 00:00:00,2,,,PROV.ALFIO DISTEFANO PRESUP.079-7029 REPARACION DE PALA CARGADORA FIAT ALLIS  G140,1916710.0,000115,,N
2026,1,453,453,2026-01-27 00:00:00,GMADA,2337,6,,R,SUM,474,2026,S,2026-01-27 00:00:00,1,,,CORRESPONDE CONTRATO GERMAN VON SALDERN,5381234.0,000115,,N
2026,1,454,454,2026-01-27 00:00:00,GMADA,2330,8,,R,SUM,476,2026,S,2026-01-27 00:00:00,2,,, PROV. COMBUSTIBLE DEL SALADO- SEC PRODUCCION- PREVISION,82090.42,000115,,N
2026,1,455,455,2026-01-27 00:00:00,GMADA,169,2,,R,SUM,467,2026,S,2026-01-27 00:00:00,1,,,TERRANOVA QUIMICA. PRESUPUESTO Nº 001017.QUIROFANO-INTERNACION.,17400.0,000115,,N
2026,1,456,456,2026-01-27 00:00:00,GMADA,87,2,,R,SUM,452,2026,S,2026-01-27 00:00:00,2,,,DROGUERIA DANA- PRESUPUESTO N° 16/01/2026 (FARMACIA),1031635.0,000115,,N
2026,1,457,457,2026-01-27 00:00:00,GMADA,216,2,,R,SUM,455,2026,S,2026-01-27 00:00:00,2,,,FAE- PRESUPUESTO N° 4921548 (COCINA),129200.0,000115,,N
2026,1,458,458,2026-01-27 00:00:00,GMADA,1259,CONTR,,R,SUM,18,2026,S,2026-01-27 00:00:00,1,,,"PRESUPUESTO 00030025, SUC DANNUNZIO JORGE",30769.2,000115,,N
2026,1,459,459,2026-01-27 00:00:00,GMADA,1943,2,,R,SUM,462,2026,S,2026-01-27 00:00:00,2,,,B - GATE PRESUPUESTO0005 - 00007342  MANTENIMIENTO PREVENTIVO BGOX - 6,2800424.38,000115,,N
2026,1,460,460,2026-01-27 00:00:00,GMADA,1810,2,,R,SUM,454,2026,S,2026-01-27 00:00:00,3,,,AC REFRIGERACION. ADOLFO CATALDO. PRESUPUESTO Nº 000376.TOMOGRAFO Y QUIROFANO.,100000.0,000115,,N
2026,1,461,461,2026-01-27 00:00:00,GMADA,1524,2,,R,SUM,478,2026,S,2026-01-27 00:00:00,2,,,IMAGENES TANDIL COTIZACION 50315,324500.0,000115,,N
2026,1,462,462,2026-01-27 00:00:00,GMADA,3322,2,,R,SUM,475,2026,S,2026-01-27 00:00:00,2,,,PINAMAR HIGIENE INSTITUCIONAL- PRESPUESTO N° 0016-00002321/2322/2323/2324 (LAVADERO-COCINA- OFFICE DE MUCAMAS),950125.13,000115,,N
2026,1,463,463,2026-01-27 00:00:00,GMADA,1078,2,,R,SUM,456,2026,S,2026-01-27 00:00:00,2,,,OPAZO DANIEL- PRESUPUESTO N° 20/01/2026 (OFICCE DE ENFERMERIA),185000.0,000115,,N
2026,1,464,464,2026-01-27 00:00:00,GMADA,167,2,,R,SUM,458,2026,S,2026-01-27 00:00:00,1,,,TODO POLLO-  PRESUPUESTO N° 69 (COCINA) DESDE EL14/01/26 AL 21/01/26,844720.0,000115,,N
2026,1,465,465,2026-01-27 00:00:00,GMADA,167,2,,R,SUM,459,2026,S,2026-01-27 00:00:00,1,,, TODO POLLO-  PRESUPUESTO N° 70 (HOGAR DE ANCIANOS ) DESDE EL 21/01/26 AL 28/01/26,535500.0,000115,,N
2026,1,466,466,2026-01-27 00:00:00,GMADA,2627,2,,R,SUM,461,2026,S,2026-01-27 00:00:00,1,,,SANTA PAULA- PRESUPUESTO N° 0001-00002169 (COCINA) DESDE EL 19/01/26 AL 26/01/26,33000.0,000115,,N
2026,1,467,467,2026-01-27 00:00:00,GMADA,2427,2,,R,SUM,465,2026,S,2026-01-27 00:00:00,2,,,REFRIGERACON ADIS- PRESUPUESTO N° 118,125000.0,000115,,N
2026,1,468,468,2026-01-27 00:00:00,GMADA,171,2,,R,SUM,466,2026,S,2026-01-27 00:00:00,1,,,ELECTRICIDAD EL GALLEGO- PRESUPUESTO N° 0001-00054672( INTERNACION),74500.0,000115,,N
2026,1,469,469,2026-01-27 00:00:00,GMADA,866,2,,R,SUM,470,2026,S,2026-01-27 00:00:00,4,,,PILOÑA- PRESPUESTO N° 1646752 (FARMACIA),6217411.15,000115,,N
2026,1,470,470,2026-01-27 00:00:00,GMADA,3163,25,,R,SUM,477,2026,S,2026-01-27 00:00:00,2,,,"Artec Seguridad, presupuesto 10032 (Centro de Monitoreo)",718304.4,000115,,N
2026,1,471,471,2026-01-27 00:00:00,GMADA,117,2,,R,SUM,469,2026,S,2026-01-27 00:00:00,1,,,PAPELERA LAS 3 MARIAS. PRESUPUESTO Nº 00003849.COCINA HOSPITAL.,105500.1,000115,,N
2026,1,472,472,2026-01-27 00:00:00,GMADA,3075,2,,R,SUM,468,2026,S,2026-01-27 00:00:00,1,,,JUAN MARTIN CORREA LORENTE. PRESUPUESTO Nº 0001-00000067.QUIROFANO-MATERNIDAD Y HOGAR.,35808.07,000115,,N
2026,1,643,643,2026-02-13 00:00:00,GMADA,167,H.ANC,,R,SUM,653,2026,S,2026-02-13 00:00:00,1,,,TODO POLLO - PRESUPUESTO N° 75  SEMANA DEL 29/01 AL05/02,467699.98,000115,,N
2026,1,645,645,2026-02-13 00:00:00,GMADA,2371,3,,R,SUM,638,2026,S,2026-02-13 00:00:00,3,,,PROV.MERIO INDUSTRIA PRESUP.10/02/2026 CEPILLOS DE BARRENDERO PARA BARRIDO DE CALLES,423200.0,000115,,N
2026,1,646,646,2026-02-13 00:00:00,GMADA,1879,25,,R,SUM,673,2026,S,2026-02-13 00:00:00,1,,,"Rodamientos Tuyu, presupuesto 3046 (AE704AX)",110000.0,000115,,N
2026,1,648,648,2026-02-13 00:00:00,GMADA,3297,25,,R,SUM,670,2026,S,2026-02-13 00:00:00,1,,,"Frenos Madariaga, presupuesto 093 (AW704AX- OIG911-AF747PM)",811100.0,000115,,N
2026,1,650,650,2026-02-13 00:00:00,GMADA,1995,25,,R,SUM,661,2026,S,2026-02-13 00:00:00,3,,,"Carpinteria San Sebastian, presupuesto 060 (escalera COM)",337800.0,000115,,N
2026,1,848,848,2026-03-03 00:00:00,GMADA,3534,5,,R,SUM,889,2026,S,2026-03-03 00:00:00,1,,," Corresponde Cto. Melisa Pinto Expte n° 329/2026, ADENDAS POR PARITARIAS DURANTE EL AÑO",500000.0,000115,,N
2026,1,849,849,2026-03-03 00:00:00,GMADA,3296,CACUL,,R,SUM,875,2026,S,2026-03-03 00:00:00,1,,,PINTURERIA CONCEPTO,74572.88,000115,,N
2026,1,2661,2662,2026-07-17 00:00:00,GMADA,850,2,,R,SUM,2551,2026,S,2026-07-17 00:00:00,1,,,PROVEEDOR UNO ELECTROMEDICINA - PRESUPUESTO N° 00003-00016479,97605.56,000115,,N
2026,1,2663,2664,2026-07-17 00:00:00,GMADA,63,6,,R,SUM,2609,2026,S,2026-07-17 00:00:00,1,,,"PRESUPUESTO 14762, JORGE N FLORES E HIJOS",13234.85,000115,,N
2026,1,2664,2665,2026-07-17 00:00:00,GMADA,2595,6,,A,SUM,2615,2026,S,2026-07-17 00:00:00,1,2026-07-20 00:00:00,NO,"Ivanper ,presupuesto 00009011",170030.0,000115,,N
2026,1,2665,2666,2026-07-17 00:00:00,GMADA,2450,2,,R,SUM,2546,2026,S,2026-07-17 00:00:00,1,,,LA FRUTERIA - PRESUPUESTO DEL 01/06/2026 AL 30/06/2026 DEL HOSPITAL Y HOGAR DE ANCIANOS,3378800.0,000115,,N
2026,1,2666,2667,2026-07-17 00:00:00,GMADA,3322,2,,R,SUM,2547,2026,S,2026-07-17 00:00:00,1,,,PINAMAR HIGIENE INSTITUCIONAL - PRESUPUESTO N° 16-2667 (COCINA HOSPITAL),127563.17,000115,,N
2026,1,2667,2668,2026-07-17 00:00:00,GMADA,167,H.ANC,,R,SUM,2576,2026,S,2026-07-17 00:00:00,1,,,TODO POLLO - PRESUPUESTO N° 19   SEMANA DEL 05/07/2026 AL 12/07/2026,563750.0,000115,,N
2026,1,2668,2669,2026-07-17 00:00:00,GMADA,527,2,,R,SUM,2548,2026,S,2026-07-17 00:00:00,1,,,SERVIMED - PRESUPUESTO N° 8099/26 R (HOSPITAL),87120.0,000115,,N
2026,1,851,851,2026-03-03 00:00:00,GMADA,866,2,,R,SUM,881,2026,S,2026-03-03 00:00:00,2,,,PILOÑA- PRESUPUESTO N° 1646764,4900407.05,000115,,N
2026,1,852,852,2026-03-03 00:00:00,GMADA,2408,2,,R,SUM,878,2026,S,2026-03-03 00:00:00,2,,,EL CENTRO DEL KINESIOLOGO- PRESUPUESTO S/N° 26/02/26,131969.53,000115,,N
2026,1,853,853,2026-03-03 00:00:00,GMADA,57,2,,R,SUM,877,2026,S,2026-03-03 00:00:00,1,,,EL ARGENTINO- PRESUPUESTO N° 556,19000.0,000115,,N
2026,1,1069,1069,2026-03-18 00:00:00,GMADA,2869,2,,R,PRESU,989,2026,S,2026-03-18 00:00:00,1,,,MADA POY S.A- PRESUPUESTO N° 0001-00000989 (SEMANA DESDE EL 6/03/26 AL 13/06/26),502050.0,000000,,N
2026,1,1075,1075,2026-03-18 00:00:00,GMADA,688,6,,R,PRESU,7049,2026,S,2026-03-18 00:00:00,2,,,Corresponde presupuesto N° 00000007038/0000007047/0000007049 - RAMOS E ISIDRO,351600.0,000000,,N
2026,1,1077,1077,2026-03-18 00:00:00,GMADA,3356,2,,R,PRESU,0,2026,S,2026-03-18 00:00:00,2,,,PEREZ JORGE - PRESUPUESTO 2982003 SEMANA  DEL 12 AL/01/26 AL 19/1/26,95000.0,000000,,N
2026,1,1183,1184,2026-04-01 00:00:00,GMADA,167,2,,R,SUM,1150,2026,S,2026-04-01 00:00:00,1,,,TODO POLLO - PRESUPUESTO N° 87 SEMANA DEL 10/03/26 AL 17/03/26,184500.0,000115,,N
2026,1,1185,1186,2026-04-01 00:00:00,GMADA,167,2,,R,SUM,1151,2026,S,2026-04-01 00:00:00,1,,,TODO POLLO - PRESUPUESTO N° 86 SEMANA DEL 10/03/2026  AL 17/03/2026,626450.0,000115,,N
2026,1,1187,1188,2026-04-01 00:00:00,GMADA,2209,H.ANC,,A,SUM,1156,2026,S,2026-04-01 00:00:00,1,2026-05-20 00:00:00,NO,DURANTE  JAVIER - PRESUPUESTO N° 1-866   SEMANA DEL 02/03/2026 AL 10/03/2026,405352.2,000115,,N
2026,1,1189,1190,2026-04-01 00:00:00,GMADA,3287,13,,A,SUM,1155,2026,S,2026-04-01 00:00:00,1,2026-04-06 00:00:00,NO,HISPANOGRAF - PRESUPUESTO N°1849 (BROMATOLOGIA),225500.0,000115,,N
2026,1,1191,1192,2026-04-01 00:00:00,GMADA,2883,2,,R,SUM,1147,2026,S,2026-04-01 00:00:00,2,,,INSUMOS GENERALES 3F- PRESUPUESTO S/N° 19/03/2026,305158.37,000115,,N
2026,1,1390,1391,2026-04-15 00:00:00,GMADA,3165,2,,R,SUM,1364,2026,S,2026-04-15 00:00:00,3,,,VELIBO SUPPLIES S.A.S- PRESUPUESTO N° 0001-00011231,1887850.0,000115,,N
2026,1,1389,1389,2026-04-15 00:00:00,GMADA,1809,4,,R,SUM,1375,2026,S,2026-04-15 00:00:00,1,,," POLIZA 19669, IAM, ENDOSO",100000.0,000115,,N
2026,1,1391,1392,2026-04-15 00:00:00,GMADA,2883,2,,R,SUM,1373,2026,S,2026-04-15 00:00:00,2,,,INSUMOS GENERALES 3 F-  PRESUPUESTO N° 9/04/2026,220646.21,000115,,N
2026,1,1392,1393,2026-04-15 00:00:00,GMADA,2770,INGPU,,R,SUM,1386,2026,S,2026-04-15 00:00:00,1,,,Corresponde presupuesto N° 000830- SYSTEC  COMPUTACION,44000.0,000115,,N
2026,1,1397,1398,2026-04-15 00:00:00,GMADA,3336,3,,R,SUM,1378,2026,S,2026-04-15 00:00:00,1,,,"PROV. ROCIO MORALES  PRESP.14/04/2026 REPARACION PARA CAMION UYW682,XNE245,PJY978,",1570000.0,000115,,N
2026,1,1399,1400,2026-04-15 00:00:00,GMADA,441,8,,R,SUM,1405,2026,S,2026-04-15 00:00:00,1,,,PROV.MATIENZO PAOLA AMELIA - PAPELERA ALPA   - PRES. N°3915- SEC. PRODUCCION- MERCADO CONCENTRADOR,25220.11,000115,,N
2026,1,1429,1430,2026-04-17 00:00:00,GMADA,17,9,,R,PRESU,62,2026,S,2026-04-17 00:00:00,1,,,PRESPUESTO N° 0062 - MOTOMAQUINARIAS LUIS - REPUESTO MAQUINARIAS UTILIZADAS EN POLIDEPORTIVO - ESTADIO - PARQUE ANCHORENA,689000.0,000000,,N
2026,1,1893,1891,2026-05-21 00:00:00,GMADA,2410,3,,R,SUM,1864,2026,S,2026-05-21 00:00:00,1,,,PROV. LEANDRO BOGADO  PRESUP.1224 REPARACION MERCEDES SPRINT EMQ605,130000.0,000115,,N
2026,1,1894,1892,2026-05-21 00:00:00,GMADA,2410,22,,R,SUM,1865,2026,S,2026-05-21 00:00:00,1,,,PROV. LEANDRO BOGADO PRESUP.1226 SE REPARO INSTALACION ELECRTICA A NUEVO FORD F100 SNG651,2300000.0,000115,,N
2026,1,1895,1893,2026-05-21 00:00:00,GMADA,2209,6,,R,SUM,1861,2026,S,2026-05-21 00:00:00,1,,,Corresponde presupuesto N° 0001-00000900- DURANTE JAVIER H.,271528.0,000115,,N
2026,1,1896,1894,2026-05-21 00:00:00,GMADA,1514,3,,R,SUM,1867,2026,S,2026-05-21 00:00:00,3,,,PROV. CASA ELISEIRY PRESP.20/05/2026 ACEITES PARA MAQUINAS Y VEHICULOS DE ESTA SECRETARIA,4009319.0,000115,,N
2026,1,1897,1895,2026-05-21 00:00:00,GMADA,144,3,,A,SUM,1862,2026,S,2026-05-21 00:00:00,2,2026-06-02 00:00:00,NO,PROV. JACOBO LAFRENCH ALQUILER DE CAMION PLAYO PARA TRASLADO DE TOPADORA,700000.0,000115,,N
2026,1,1898,1896,2026-05-21 00:00:00,GMADA,2110,37,,R,SUM,1874,2026,S,2026-05-21 00:00:00,1,,,"PRESUPUESTO 568/563, FUMEGA EDUARDO",340000.0,000115,,N
2026,1,1899,1897,2026-05-21 00:00:00,GMADA,2330,8,,R,SUM,1875,2026,S,2026-05-21 00:00:00,2,,,PROV. COMBUSTIBLE DEL SALADO- SEC PRODUCCION- PREVISION,97266.0,000115,,N
2026,1,1900,1898,2026-05-21 00:00:00,GMADA,879,9,,R,SUM,1863,2026,S,2026-05-21 00:00:00,2,,,PRESUPUESTOS N° 1079 - 1089   CASA HARISGARAT,68090.0,000115,,N
2026,1,1901,1899,2026-05-21 00:00:00,GMADA,17,9,,R,SUM,1873,2026,S,2026-05-21 00:00:00,1,,,PRESUPUESTO N° 0072 - MOTOMAQUINARIAS LUIS -,1674500.0,000115,,N
2026,1,2553,2553,2026-07-13 00:00:00,GMADA,2310,22,,R,PRESU,7962,2026,S,2026-07-13 00:00:00,2,,,"PRESUPUESTO 7962, CALABRO JORGE GUILLERMO",438532.55,000000,,N
2026,1,1902,1900,2026-05-21 00:00:00,GMADA,1315,9,,R,SUM,1872,2026,S,2026-05-21 00:00:00,1,,,PRESUPUESTO N° 0000 DEPOR HOUSE - MATERIAL DEPORTIVO,587300.0,000115,,N
2026,1,1903,1901,2026-05-21 00:00:00,GMADA,2330,9,,R,SUM,1871,2026,S,2026-05-21 00:00:00,2,,, PREVISION COMBUSTIBLE DEL SALADO VHICULOS AB603TW - MKF817 Y MAQUINARIAS,605692.96,000115,,N
2026,1,1906,1904,2026-05-21 00:00:00,GMADA,2208,1,,R,SUM,1453,2026,S,2026-05-21 00:00:00,1,,,"Lombardi Martín ,presupuesto 396 Centro Cívico.",944000.0,000115,,N
2026,1,1949,1948,2026-05-28 00:00:00,GMADA,1603,2,,R,PRESU,6939062,2026,S,2026-05-28 00:00:00,1,,,PRESUPUESTO 6939062 GARCIA GLADYS CONSUMO DEL 01/04/2026 AL 30/04/2026,851200.0,000000,,N
2026,1,1946,1945,2026-05-28 00:00:00,GMADA,2310,6,,R,PRESU,7885,2026,S,2026-05-28 00:00:00,5,,,"PRESUPUESTO 7885, CALABRO JORGE GUILLERMO",482179.23,000000,,N
2026,1,1955,1954,2026-05-28 00:00:00,GMADA,441,9,,R,PRESU,20052,2026,S,2026-05-28 00:00:00,1,,,PRESUPUESTO N° 020052 - PAPELERA ALPA,6300.0,000000,,N
2026,1,1958,1957,2026-05-28 00:00:00,GMADA,879,35,,R,PRESU,0,2026,S,2026-05-28 00:00:00,4,,,Exp.:437/26 Sol. Revisión Integral del Edificio de Secretaría de Cultura - Prov.:Casa Harisgarat - Presup.:1069;1064;1065;1075,337980.0,000000,,N
2026,1,1960,1959,2026-05-28 00:00:00,GMADA,2747,3,,R,PRESU,0,2026,S,2026-05-28 00:00:00,2,,,PROV. MINERA TANDIL GRANZA CON POLVO DE PIEDRA 030 PARA ARREGLOS Y MEJORADO DE CALLES DEL BARRIO  SAN MARTIN B,8015040.0,000000,,N
2026,1,1961,1960,2026-05-28 00:00:00,GMADA,163,3,,R,PRESU,7087,2026,S,2026-05-28 00:00:00,2,,,PROV. ALFIO DISTEFANO PRESUP.079-7087 REPUESTOS Y REPARACION DE FIATL ALLIS R.O517,2677700.0,000000,,N
2026,1,1963,1962,2026-05-28 00:00:00,GMADA,1879,6,,R,PRESU,3908,2026,S,2026-05-28 00:00:00,1,,,"PRESUPUESTO 3908, ZUBIARRAIN DANIEL",232000.0,000000,,N
2026,1,1970,1969,2026-05-28 00:00:00,GMADA,216,1,,R,SUM,1965,2026,S,2026-05-28 00:00:00,1,,,Taller Protegido presuesto 3397726,175000.0,000029,,N
2026,1,1974,1973,2026-05-28 00:00:00,GMADA,19,4,,R,PRESU,3087,2026,S,2026-05-28 00:00:00,1,,,"PRESUPUESTO N° X 0002-00003087 / 3090 de Inocencio Cimos de ""FERRETERIA CIMOS"" Para Servicio Local y Casita de Chocolate",13400.0,000000,,N
2026,1,1975,1974,2026-05-28 00:00:00,GMADA,2110,CASA,,R,PRESU,564,2026,S,2026-05-28 00:00:00,1,,,"PRESUPUESTO N° 564 de ""EDUARDO FUMEGA"" Arreglos varios en la Casa del Adolescente",360000.0,000000,,N
2026,1,1976,1975,2026-05-28 00:00:00,GMADA,300,25,,R,PRESU,7205,2026,S,2026-05-28 00:00:00,2,,,"Ferreteria Todo Color, presupuesto 7205 (taller del area )",84310.0,000000,,N
2026,1,1977,1976,2026-05-28 00:00:00,GMADA,2110,JARDM,,R,PRESU,569,2026,S,2026-05-28 00:00:00,1,,,"PRESUPUESTO N° 569 de ""EDUARDO FUMEGA"" Arreglos en la Casita deChocolate",300000.0,000000,,N
2026,1,1993,1992,2026-05-29 00:00:00,GMADA,2337,6,,R,SUM,1972,2026,S,2026-05-29 00:00:00,1,,,CORRESPONDE CONTRATO GERMAN VON SALDERN,5757920.0,000115,,N
2026,1,1995,1995,2026-05-29 00:00:00,GMADA,2578,2,,R,SUM,1978,2026,S,2026-05-29 00:00:00,1,,,EXPEDIENTE 3/26 RENOVACION CONTRATO DEL 01/05/2026 AL 31/12/2026  PHOYU MARIA ALCIRA,4410000.0,000115,,N
2026,1,2383,2383,2026-06-29 00:00:00,GMADA,1078,2,,R,PRESU,0,2026,S,2026-06-29 00:00:00,2,,,DANIEL OPAZO - PRESUPUESTO S/N FECHA 23/6/26 (HOSPITAL),180000.0,000000,,N
2026,1,2385,2385,2026-06-29 00:00:00,GMADA,3075,2,,R,PRESU,105,2026,S,2026-06-29 00:00:00,1,,,JUAN MARTIN CORREA - PRESUPUESTO N° 1-108 (HOSPITAL),177092.8,000000,,N
2026,1,2387,2387,2026-06-29 00:00:00,GMADA,1810,2,,R,PRESU,385,2026,S,2026-06-29 00:00:00,2,,,AC REFRIGERACION - PRESUPUESTO N° 385 (MATERNIDAD HOSPITAL),350000.0,000000,,N
2026,1,2404,2404,2026-06-30 00:00:00,GMADA,2400,3,,R,PRESU,480915,2026,S,2026-06-30 00:00:00,2,,,PROV. PUNTO TRUCK PRESUP.480915 PARA IVECO OOI617,1693032.0,000000,,N
2026,1,2405,2405,2026-06-30 00:00:00,GMADA,3483,14,,R,PRESU,0,2026,S,2026-06-30 00:00:00,2,,,"EXPTE. 1635, GARAY FRANCO",1000000.0,000000,,N
2026,1,2407,2407,2026-06-30 00:00:00,GMADA,2400,3,,R,PRESU,480876,2026,S,2026-06-30 00:00:00,2,,,PROV. PUNTO TRUCK PRESUP.480876 REPUESTOS Y REPARACION DE CAMION IVECO PJY978,9417362.31,000000,,N
2026,1,2420,2420,2026-06-30 00:00:00,GMADA,3226,INFOR,,R,PRESU,1045,2026,S,2026-06-30 00:00:00,2,,,"PRESUPUESTO 1045, CURTO HECTOR ANIBAL",1397964.97,000000,,N
2026,1,2414,2414,2026-06-30 00:00:00,GMADA,3430,INFOR,,A,PRESU,2408,2026,S,2026-06-30 00:00:00,2,2026-07-01 00:00:00,NO,"PRESUPUESTO 170063, FUTURE GRAPHICS LLC ARGENTINA",593118.53,000000,,N
2026,1,2422,2422,2026-07-01 00:00:00,GMADA,1440,2,,R,PRESU,0,2026,S,2026-07-01 00:00:00,3,,,PRESUPUESTO 09/06/2026 QUALIMED S.A,514080.0,000000,,N
2026,1,2551,2551,2026-07-13 00:00:00,GMADA,2078,3,,R,PRESU,0,2026,S,2026-07-13 00:00:00,2,,,"PRESUPUESTO 000, ZANNINI MATIAS JORGE",50000.0,000000,,N
2026,1,416,416,2026-01-23 00:00:00,GMADA,57,2,,R,SUM,399,2026,S,2026-01-23 00:00:00,1,,,IMPRENTA EL ARGENTINO. IRMA CRISTINA BONOMI.PRESUPUESTO Nº551.HEMOTERAPIA.,74000.0,000115,,N
2026,1,417,417,2026-01-23 00:00:00,GMADA,441,DESPA,,R,SUM,424,2026,S,2026-01-23 00:00:00,1,,,"PRESUPUESTO 3854, MATIENZO PAOLA",38100.0,000115,,N
2026,1,418,418,2026-01-23 00:00:00,GMADA,441,JUZGA,,R,SUM,423,2026,S,2026-01-23 00:00:00,1,,,"PRESUPUESTO 3853,MATIENZO PAOLA",73800.0,000115,,N
2026,1,419,419,2026-01-23 00:00:00,GMADA,688,9,,R,SUM,407,2026,S,2026-01-23 00:00:00,1,,,PRESUPUESTO N° 6953 - BATERIAS LA PRIMERA,40000.0,000115,,N
2026,1,420,420,2026-01-23 00:00:00,GMADA,688,9,,R,SUM,409,2026,S,2026-01-23 00:00:00,1,,,PRESUPUESTO N° 6960 - BATERIAS LA PRIMERA,54000.0,000115,,N
2026,1,421,421,2026-01-23 00:00:00,GMADA,2209,9,,R,SUM,442,2026,S,2026-01-23 00:00:00,1,,,PRESUPUESTO N° 0822 - DISTRIBUIDOR A DEL SUDESTE - CIERRE PROGRAMA ABUELOS,16760.0,000115,,N
2026,1,423,423,2026-01-23 00:00:00,GMADA,1837,2,,R,SUM,203,2026,S,2026-01-23 00:00:00,2,,,DISTRILAB SERGIO FERNANDEZ- PRESUPUESTO N° S00315 (SERVICIO DE ODONTOLOGIA),693340.0,000115,,N
2026,1,425,425,2026-01-23 00:00:00,GMADA,850,2,,R,SUM,426,2026,S,2026-01-23 00:00:00,2,,,UNO ELECTROMEDICINA- PRESUPUESTO N° 00003-00014775 (LABORATORIO DE ANALISIS),3014545.68,000115,,N
2026,1,426,426,2026-01-23 00:00:00,GMADA,850,2,,R,SUM,427,2026,S,2026-01-23 00:00:00,2,,,UNO ELECTROMEDICINA - PRESUPUESTO N° 00003-00014663 (LABORATORIO DE ANALISIS),580578.24,000115,,N
2026,1,427,427,2026-01-23 00:00:00,GMADA,3322,2,,R,SUM,428,2026,S,2026-01-23 00:00:00,2,,,PINAMAR HIGIENE INSTITUCIONAL- PRESPUESTO N° 0016-00002299/2300/2301 (LAVADERO-COCINA),468217.53,000115,,N
2026,1,428,428,2026-01-23 00:00:00,GMADA,3322,2,,R,SUM,429,2026,S,2026-01-23 00:00:00,2,,,PINAMAR HIGIENE INSTITUCIONAL- PRESUPUESTO N° 0016-00002302/2303/2304/2305 (COCINA-LAVADERO),782439.72,000115,,N
2026,1,429,429,2026-01-23 00:00:00,GMADA,2878,2,,R,SUM,434,2026,S,2026-01-23 00:00:00,2,,,PRESUPUESTO LOPEZ LEONARDO 21/01/26,200000.0,000115,,N
2026,1,984,984,2026-03-11 00:00:00,GMADA,300,9,,A,SUM,989,2026,S,2026-03-11 00:00:00,1,2026-03-11 00:00:00,NO,PRESUPUESTO N° 5950 - FERRETERIA TODO COLOR - MATERIALES PARA REACONDICIONAMIENTO ESPACIO PROGRAMA NUESTROS ABUELOS,128380.0,000115,,N
2026,1,985,985,2026-03-11 00:00:00,GMADA,300,9,,R,SUM,983,2026,S,2026-03-11 00:00:00,1,,,PRESUPUESTO N° 7206 - FERRETERIA TODO COLOR -MATERIALES PARA MEJORAS ANTE EVENTOS DEPORTIVOS,151247.0,000115,,N
2026,1,986,986,2026-03-11 00:00:00,GMADA,3332,3,,R,SUM,962,2026,S,2026-03-11 00:00:00,1,,,PROV. ANA PAOLA RODRIGUEZ PRESUP.0192 REPUSTOS PARA MUSTANG BMV14,329200.0,000115,,N
2026,1,987,987,2026-03-11 00:00:00,GMADA,300,3,,R,SUM,963,2026,S,2026-03-11 00:00:00,1,,,PROV. SILVIA MAISTEGUI PRESUP.5948 ARTICULSO DE FERRETERIA PARA USO EN CORRALON Y PINTURA DE CORDON ILLIA Y PELEGRINI Y BS.AS Y PELEGRINI,633330.0,000115,,N
2026,1,988,988,2026-03-11 00:00:00,GMADA,300,DEFCI,,R,SUM,964,2026,S,2026-03-11 00:00:00,1,,,PROV.SILVIA MAISTEGUI PRESUP.5943 PARA   PINTURA DE CORDONES Y PREPARATIVOS PARA EL RALLY,629362.0,000115,,N
2026,1,989,989,2026-03-11 00:00:00,GMADA,300,22,,R,SUM,966,2026,S,2026-03-11 00:00:00,1,,,PROV.SILVA MAISTEGUI  PRESUP.7204 PARA ARREGLOS  DE DEFENSA CIVIL,353626.0,000115,,N
2026,1,990,990,2026-03-11 00:00:00,GMADA,68,3,,R,SUM,973,2026,S,2026-03-11 00:00:00,1,,,PROV.ATMOSFERICO LA PRIMERA PRESUP.0246 DESTAPE DE CAÑERIA Y REGISTRO EN CORRALON MUNICIPAL,380000.0,000115,,N
2026,1,993,992,2026-03-11 00:00:00,GMADA,285,2,,R,SUM,969,2026,S,2026-03-11 00:00:00,2,,,RADIOGRAFICAOESTE - PRESUPUESTO N° 100053327,417597.28,000115,,N
2026,1,1106,1106,2026-03-20 00:00:00,GMADA,3542,35,,R,SUM,1073,2026,S,2026-03-20 00:00:00,1,,,Exp.:1692/25 Contrato Personal Tecnico Medio Ambiente - Prov.:Ing. Fernandes Anabela - Contrato,5400000.0,000115,,N
2026,1,1116,1116,2026-03-20 00:00:00,GMADA,2337,6,,R,SUM,1094,2026,S,2026-03-20 00:00:00,1,,,CORRESPONDE CONTRATO GERMAN VON SALDERN,5381234.0,000115,,N
2026,1,1117,1117,2026-03-20 00:00:00,GMADA,3297,6,,R,SUM,1095,2026,S,2026-03-20 00:00:00,1,,,"PRESUPUESTO 095, ISIDRO-SANTOS",489000.0,000115,,N
2026,1,1118,1118,2026-03-20 00:00:00,GMADA,57,JUZGA,,R,SUM,1093,2026,S,2026-03-20 00:00:00,1,,,Corresponde presupuesto n° 00000559- BONOMI IRMA CRISTINA,98000.0,000115,,N
2026,1,1261,1262,2026-04-09 00:00:00,GMADA,2078,22,,R,SUM,1174,2026,S,2026-04-09 00:00:00,1,,,PROV. MATIAS ZANINI PRESUP.30/03/2026  PLOTEO PARA SPRINTER AH782NM,45000.0,000010,,N
2026,1,1275,1276,2026-04-10 00:00:00,GMADA,1066,35,,R,SUM,1306,2026,S,2026-04-10 00:00:00,1,,,Exp.:363/26 Sol. Compra de 450 toneladas de estabilizado,7954200.0,000010,,N
2026,1,1513,1514,2026-04-29 00:00:00,GMADA,90,1,,R,SUM,1521,2026,S,2026-04-29 00:00:00,4,,,"Lo Coco MArcelo Alejandro, presupuesto 00000038",3229133.0,000115,,N
2026,1,1516,1517,2026-04-29 00:00:00,GMADA,3502,6,,R,SUM,1532,2026,S,2026-04-29 00:00:00,2,,,"PRESUPUESTO DEL 24/04, GARCIA CRISTIAN(3502)",750000.0,000115,,N
2026,1,1517,1518,2026-04-29 00:00:00,GMADA,3332,3,,R,SUM,1517,2026,S,2026-04-29 00:00:00,1,,,PROV. ANA PAOLA RODRIGUEZ PRESP.0209 PARA TELLES CORRALON MUNICIPAL,546200.0,000115,,N
2026,1,1519,1520,2026-04-29 00:00:00,GMADA,169,3,,R,SUM,1538,2026,S,2026-04-29 00:00:00,1,,,PROV. TERRANOVA QUIMICA PRESUP.1053,13500.0,000115,,N
2026,1,1558,1559,2026-04-29 00:00:00,GMADA,3062,35,,R,SUM,1523,2026,S,2026-04-29 00:00:00,3,,,Exp.:1053/26 Espacios Publicos (Reflectores) - Prov.:Sandis SRL - Presup.:17564,6510000.0,000115,,N
2026,1,1559,1560,2026-04-29 00:00:00,GMADA,3287,35,,R,SUM,1498,2026,S,2026-04-29 00:00:00,2,,,Prov.:Hispanograf - Presup.:1878;1880,443100.0,000115,,N
2026,1,1560,1561,2026-04-29 00:00:00,GMADA,3398,3,,R,SUM,1494,2026,S,2026-04-29 00:00:00,3,,,"PROV. CHAYE PRESUP.0503 FILTROS PARA  TRACTORES JONH DEERE BNA17,BGZ45",668682.0,000115,,N
2026,1,1561,1562,2026-04-29 00:00:00,GMADA,1440,2,,R,SUM,1456,2026,S,2026-04-29 00:00:00,2,,,QUALIMED S.A- PRESUPUESTO N° 96,4709150.0,000115,,N
2026,1,1562,1563,2026-04-29 00:00:00,GMADA,2110,JARDM,,R,SUM,1495,2026,S,2026-04-29 00:00:00,2,,,"PRESUPUESTO N° 551 de ""EDUARDO FUMEGA""  Varios arreglos en la Casita de Chocolate",425000.0,000115,,N
2026,1,1566,1567,2026-04-29 00:00:00,GMADA,3296,JARDM,,R,SUM,1496,2026,S,2026-04-29 00:00:00,1,,,"PRESUPUESTO N° 0003-00003812  de ""PINTURERIA CONCEPTO S. CAP I SECC IV"" Para pintar puerta y reja en la Casita de Chocolate",126258.83,000115,,N
2026,1,1568,1569,2026-04-29 00:00:00,GMADA,2403,6,,R,SUM,1483,2026,S,2026-04-29 00:00:00,3,,,"PRESUPUESTO 000, BIGORITO LEONARDO FABIO",300000.0,000115,,N
2026,1,1571,1572,2026-04-29 00:00:00,GMADA,2663,2,,R,SUM,1474,2026,S,2026-04-29 00:00:00,2,,,ALAIS PHARMA S.A- PRESUPUESTO N° 0001-00019866,1104618.85,000115,,N
2026,1,1574,1575,2026-04-30 00:00:00,GMADA,131,3,,R,PRESU,0,2026,S,2026-04-30 00:00:00,2,,,PROV. EMBRAGUES RUBEN Y JORGE VEZZOSI Y CIA PRESP.29/04/2026 REPARACION DE EMBRAGUE PARA TRACTRO JONH DEERE BNA17,795000.0,000000,,N
2026,1,1575,1576,2026-04-30 00:00:00,GMADA,2197,2,,R,PRESU,0,2026,S,2026-04-30 00:00:00,2,,,PRESUPUESTO ORELLANA PRESUPUESTO 24/04/2026 REFACION INTERIOR SALA DE TERAPIA,1806000.0,000000,,N
2026,1,1576,1577,2026-04-30 00:00:00,GMADA,3165,2,,R,PRESU,1527,2026,S,2026-04-30 00:00:00,2,,,VELIBO SUPPLIES S.A.S- PRESUPUESTO N° 0001-00011770,5719404.87,000000,,N
2026,1,1578,1579,2026-04-30 00:00:00,GMADA,2843,4,,R,PRESU,6926959,2026,S,2026-04-30 00:00:00,2,,,"PRESUPUESTO N°   X 6926959 de Rost, Tamara de ""FRUTERIA NEGRIN"" Plan Alimentario 2026",1627500.0,000000,,N
2026,1,1581,1582,2026-04-30 00:00:00,GMADA,3287,TURIS,,R,PRESU,1883,2026,S,2026-04-30 00:00:00,1,,,Avellaneda 7163 - Hispanograf - Presupuesto 1883. Impresion de dossier,267000.0,000000,,N
2026,1,1582,1583,2026-04-30 00:00:00,GMADA,1259,2,,R,PRESU,30638,2026,S,2026-04-30 00:00:00,1,,,ELECTRO DANNUNZIO - PRESUPUESTO N° 30638 (GUARDIA HOSPITAL),39970.0,000000,,N
2026,1,1584,1585,2026-04-30 00:00:00,GMADA,688,2,,R,PRESU,7089,2026,S,2026-04-30 00:00:00,1,,,BATERIAS LA PRIMERA - PRESUPUESTO N° 7098  PARA AMBULANCIA DOMINIO AG243BV,326000.0,000000,,N
2026,1,1587,1588,2026-04-30 00:00:00,GMADA,2735,13,,R,PRESU,0,2026,S,2026-04-30 00:00:00,3,,,FRANCI TOMAS PRESUPUESTO S/N FECHA 24/4/26,469800.0,000000,,N
2026,1,1588,1589,2026-04-30 00:00:00,GMADA,285,2,,R,PRESU,54082,2026,S,2026-04-30 00:00:00,2,,,RADIOGRAFICAOESTE- PRESUPUESTO N° 100054082,447458.61,000000,,N
2026,1,1589,1590,2026-04-30 00:00:00,GMADA,17,2,,R,PRESU,877,2026,S,2026-04-30 00:00:00,2,,,PRESUPUESTO 877 MOTOMAQUINARIAS LUIS MOTOR PARA MINI TRACTOR DE 16 HP HUSQVARNA,890000.0,000000,,N
2026,1,1604,1605,2026-05-04 00:00:00,GMADA,3516,CASA,,R,SUM,1605,2026,S,2026-05-04 00:00:00,2,,,"Expte N° 709/2026 Contrato Sr. Lopéz, Luis Miguel- Barbero Programa Envión. No cumple con el Art. 45 de la Ley N° 14.656",750000.0,000115,,N
2026,1,1643,1643,2026-05-06 00:00:00,GMADA,776,25,,R,PRESU,822,2026,S,2026-05-06 00:00:00,2,,,"Gomeria V+B, presupuestos 822-824-825-827-829-830-832-833-834-835-837",93000.0,000000,,N
2026,1,1605,609,2026-05-04 00:00:00,GMADA,2330,4,,R,SUM,583,2026,S,2026-05-04 00:00:00,2,,,Corresponde a Previsón de Combustible del Salado. Desarrollo Social,1326350.44,000115,,N
2026,1,1644,1644,2026-05-06 00:00:00,GMADA,776,25,,R,PRESU,831,2026,S,2026-05-06 00:00:00,1,,,Gomeria V+B presupuestos 831-828-826,160000.0,000000,,N
2026,1,1645,1645,2026-05-06 00:00:00,GMADA,3220,25,,R,PRESU,26,2026,S,2026-05-06 00:00:00,4,,,Ricciuto presupuesto 026 (AE704AX- AE 704AW),500000.0,000000,,N
2026,1,1648,1648,2026-05-06 00:00:00,GMADA,441,CERE,,R,PRESU,0,2026,S,2026-05-06 00:00:00,1,,,Corresponde prevision MATIENZO PAOLA A. - PLACAS,3000000.0,000000,,N
2026,1,1649,1649,2026-05-06 00:00:00,GMADA,313,1,,R,PRESU,0,2026,S,2026-05-06 00:00:00,1,,,Atreuco  Puel S.A.,7000000.0,000000,,N
2026,1,1650,1650,2026-05-06 00:00:00,GMADA,300,6,,R,PRESU,7218,2026,S,2026-05-06 00:00:00,1,,,Corresponde presupuesto N° 00007218- MAISTEGUI SILVIA B,69900.0,000000,,N
2026,1,1651,1651,2026-05-07 00:00:00,GMADA,2869,9,,R,PRESU,0,2026,S,2026-05-07 00:00:00,1,,,Expte N° 97/26 Mada-Poy Torneo Nacional de Taekwondo ITF.,340280.0,000000,,N
2026,1,1652,1652,2026-05-07 00:00:00,GMADA,3075,2,,R,PRESU,92,2026,S,2026-05-07 00:00:00,2,,,JUAN MARTIN CORREA LORENTE - PRESUPUESTO N° 1-92 (INTERNACION HOSPITAL),23065.18,000000,,N
2026,1,1653,1653,2026-05-07 00:00:00,GMADA,2454,CACUL,,R,PRESU,0,2026,S,2026-05-07 00:00:00,1,,,"NAHUEL MERSID ANTONIO CENA OBRA DE TEATRO ""NEGOCIEMOS"" EXPTE 1252/26",350000.0,000000,,N
2026,1,1654,1654,2026-05-07 00:00:00,GMADA,703,2,,R,PRESU,75469,2026,S,2026-05-07 00:00:00,2,,,PRESUPUESTO 75469 CHIMEHUING S.A PACIENTE PEÑALVA PAULA,67760.0,000000,,N
2026,1,1655,1655,2026-05-07 00:00:00,GMADA,3322,2,,R,PRESU,2607,2026,S,2026-05-07 00:00:00,2,,,PINAMAR HIGIENE INSTITUCIONAL - PRESUPUESTO N° 16-2607,56837.4,000000,,N
2026,1,1656,1656,2026-05-07 00:00:00,GMADA,2627,H.ANC,,R,PRESU,2215,2026,S,2026-05-07 00:00:00,1,,,SANTA PAULA - PRESUPUESTO N° 1-2215,13500.0,000000,,N
2026,1,1657,1657,2026-05-07 00:00:00,GMADA,3390,2,,R,PRESU,56,2026,S,2026-05-07 00:00:00,2,,,PRESUPUESTO 56 RODRIGUEZ NORBERTO MARTIN CONSUMO COCINA HOSPITAL Y HOGAR DE ANCIANOS  DEL 01/01/2026 AL 31/01/2026,1987500.0,000000,,N
2026,1,1658,1658,2026-05-07 00:00:00,GMADA,1810,2,,R,PRESU,382,2026,S,2026-05-07 00:00:00,1,,,AC REFRIGERACION - CATALDO ADOLFO  PRESUPUESTO N° 382,200000.0,000000,,N
2026,1,1659,1659,2026-05-07 00:00:00,GMADA,216,2,,R,PRESU,97722,2026,S,2026-05-07 00:00:00,3,,,FAE - PRESUPUESTO N° 3397722 (HOSPITAL y HOGAR DE ANCIANOS ),138000.0,000000,,N
2026,1,1660,1660,2026-05-07 00:00:00,GMADA,3482,8,,R,PRESU,0,2026,S,2026-05-07 00:00:00,1,,,  PROV. MARC ALICIA BEATRIZ - PRESUP. 07/05/2026- SEC PRODUCCION-,400000.0,000000,,N
2026,1,1669,1669,2026-05-07 00:00:00,GMADA,216,CONTR,,R,PRESU,3397724,2026,S,2026-05-07 00:00:00,2,,,"PRESUPUESTO 3397724, TALLER PROT.FAE",208000.0,000000,,N
2026,1,1672,1672,2026-05-07 00:00:00,GMADA,1692,3,,A,PRESU,0,2026,S,2026-05-07 00:00:00,2,2026-05-08 00:00:00,NO,PROV.PABLO FERNANDEZ PRESUP.06/05 TUBOS PARA DESAGUE PLUVIAL CALLE ARIAS Y COLON,2402290.8,000000,,N
2026,1,1674,1674,2026-05-07 00:00:00,GMADA,300,3,,R,PRESU,7214,2026,S,2026-05-07 00:00:00,1,,,"PROV.SILVIA MAISTEGUI PRESUP.7214 PARA BARRIDO DE CALLES,Y ARREGLOS EN CORRALON MUNICIPAL.",197362.0,000000,,N
2026,1,1680,1680,2026-05-07 00:00:00,GMADA,1879,3,,R,PRESU,3910,2026,S,2026-05-07 00:00:00,1,,,PROV.DANIEL ZUBIARRAIN PRESUP.3910 REPUESTOS PARA AF545GL,225000.0,000000,,N
2026,1,1681,1681,2026-05-07 00:00:00,GMADA,2310,3,,R,PRESU,7858,2026,S,2026-05-07 00:00:00,2,,,PROV.CENTRO HIERRO PRESUP.7858 PARA PUERTA DE CAMION IVECO PPU739,184379.38,000000,,N
2026,1,1682,1682,2026-05-07 00:00:00,GMADA,650,3,,R,PRESU,0,2026,S,2026-05-07 00:00:00,3,,,PROV.SUAREZ OSVALDO CONTRATACION DE BATEA PARA TRASLADO DE RESIDUOS SEGUN EXPT.861/26,4000000.0,000000,,N
2026,1,1226,1227,2026-04-08 00:00:00,GMADA,1879,1,,R,SUM,1161,2026,S,2026-04-08 00:00:00,1,,,"Zubiarrain Daniel,presupuesto 00003903.Volkwagen Vento 114",257350.0,000115,,N
2026,1,1234,1234,2026-04-08 00:00:00,GMADA,3356,2,,R,SUM,1135,2026,S,2026-04-08 00:00:00,3,,,PEREZ ERNESTO - PRESUPUESTO  22982012 SEMANA 5/3/26 AL 12/03/26,157500.0,000115,,N
2026,1,1237,1238,2026-04-08 00:00:00,GMADA,57,2,,R,SUM,1182,2026,S,2026-04-08 00:00:00,1,,,IMPRENTA EL ARGENTINO - PRESUPUESTO N°560,38000.0,000115,,N
2026,1,1239,1240,2026-04-08 00:00:00,GMADA,441,2,,R,SUM,1181,2026,S,2026-04-08 00:00:00,1,,,PAPELERA ALPA - PRESUPUESTO N° 2-3897  SELLO PARA DIRECCION MEDICA Y BOLSAS PARA INTERNACION,23612.6,000115,,N
2026,1,1242,1243,2026-04-08 00:00:00,GMADA,717,2,,R,SUM,1180,2026,S,2026-04-08 00:00:00,1,,,PROVEDURIA LA ILUSION - PRESUPUESTO N° 21427,187500.0,000115,,N
2026,1,1243,1244,2026-04-08 00:00:00,GMADA,2627,2,,R,SUM,1139,2026,S,2026-04-08 00:00:00,2,,,SANTA PAULA - PRESUPUESTO N° 1-2195 SEMANA DEL 05/03/2026 AL 12/03/2026,80000.0,000115,,N
2026,1,1244,1245,2026-04-08 00:00:00,GMADA,3356,H.ANC,,R,SUM,1136,2026,S,2026-04-08 00:00:00,2,,,PEREZ ERNESTO - PRESUPUESTO 22982013 SEMANA DEL 05/03/2026 AL 12/03/2026,129080.0,000115,,N
2026,1,1247,1248,2026-04-08 00:00:00,GMADA,117,JARDM,,R,SUM,1219,2026,S,2026-04-08 00:00:00,1,,,presupuesto N° 0014-00252815-Papelera LAS 3 MARÍAS-ACTIVIDADES JARDIN MATERNAL-FESTEJO DIA DE LA INFANCIA-ACTO 9 DE JULIO.,197970.06,000115,,N
2026,1,1684,1684,2026-05-07 00:00:00,GMADA,5,8,,R,PRESU,0,2026,S,2026-05-07 00:00:00,1,,,"PREVISION, ANDRES PONSA",500000.0,000000,,N
2026,1,1686,1686,2026-05-08 00:00:00,GMADA,86,35,,A,PRESU,0,2026,S,2026-05-08 00:00:00,2,2026-05-12 00:00:00,NO,Exp.:1040/26 Sol. Compra de Aberturas para Sala Apicola - Prov.:Aberturas SP - Presup.:01/04/26,7020000.0,000000,,N
2026,1,1683,1683,2026-05-07 00:00:00,GMADA,879,1,,R,PRESU,1098,2026,S,2026-05-07 00:00:00,2,,,"PRESUPUESTO 1098/1101, TATANO SRL",68060.0,000000,,N
2026,1,1927,1926,2026-05-26 00:00:00,GMADA,2801,35,,R,SUM,1870,2026,S,2026-05-26 00:00:00,1,,,Exp.:437/26 Sol. Revisión Integral del Edificio de Secretaría de Cultura - Prov.:Pasini Refrigeracion - Presup.:S/N,33500.0,000115,,N
2026,1,1929,1928,2026-05-26 00:00:00,GMADA,2151,7,,R,SUM,1895,2026,S,2026-05-26 00:00:00,2,,,PROV. BARRACA MARIBEL PRESUP.0567   REPUESTO PARA DESMALEZADORA 52CC,26500.0,000115,,N
2026,1,1931,1930,2026-05-26 00:00:00,GMADA,3297,3,,R,SUM,1896,2026,S,2026-05-26 00:00:00,1,,,"PROV.FRENOS MADARIAGA PRESUP.20/05/26 REPUESTOS PARA FORD RANGER FSL723, F 100 SNG651",2103000.0,000115,,N
2026,1,1947,1946,2026-05-28 00:00:00,GMADA,413,3,,R,SUM,1929,2026,S,2026-05-28 00:00:00,1,,,"PROV.AGUSTIN PASO PRESUP.4122,4147,4143,4138,4136,4132,4126,4124 PARCHES Y REPARACIONES DE CAMARAS Y CUBIERTAS PARA BMV14,FSL723,EFJ13,CII58,AF947IJ",300000.0,000115,,N
2026,1,1948,1947,2026-05-28 00:00:00,GMADA,2627,H.ANC,,R,SUM,1893,2026,S,2026-05-28 00:00:00,1,,,SANTA PAULA - PRESUPUESTO N° 2-3588 (HOGAR HOSPITAL),34500.0,000115,,N
2026,1,1950,1949,2026-05-28 00:00:00,GMADA,2810,CASA,,R,SUM,1901,2026,S,2026-05-28 00:00:00,2,,,"Expte N° 304/26 ""Proyecto de Talleres Programa Envión"" PRESUPUESTO N° X 0001-00000884 de María Teresa Arriola de ""MERCERIA EL DEDAL"" Taller de costura",82200.0,000115,,N
2026,1,1951,1950,2026-05-28 00:00:00,GMADA,167,H.ANC,,R,SUM,1916,2026,S,2026-05-28 00:00:00,1,,,TODO POLLO - PRESUPUESTO N° 4  SEMANA DEL 11/05/2026 AL 18/05/2026,328400.0,000115,,N
2026,1,1969,1967,2026-05-28 00:00:00,GMADA,117,25,,R,SUM,1936,2026,S,2026-05-28 00:00:00,1,,,"Papelera las 3 marias, presupuesto (COM)",3400.0,000115,,N
2026,1,1971,1970,2026-05-28 00:00:00,GMADA,3297,25,,R,SUM,1941,2026,S,2026-05-28 00:00:00,2,,,"Frenos Madariaga,presupuesto 102 ( LBN 155-AE331IY)",520000.0,000115,,N
2026,1,1972,1971,2026-05-28 00:00:00,GMADA,3552,9,,R,SUM,1948,2026,S,2026-05-28 00:00:00,2,,,PRESUPUESTO N° 9594 MATAFUEGOS RUTA 11 -MATAFUEGOS VEHICULOS Y DEPENDENCIAS,37000.0,000115,,N
2026,1,1973,1972,2026-05-28 00:00:00,GMADA,879,9,,R,SUM,1910,2026,S,2026-05-28 00:00:00,2,,,PRESUPUESTOS N° 1076 -N°1044 - N° 1043 - N° 1037 - CASA HARISGARAT,481535.0,000115,,N
2026,1,1978,1977,2026-05-28 00:00:00,GMADA,3218,5,,R,SUM,936,2026,S,2026-05-28 00:00:00,1,,,"PRESUPUESTO 000, USS SERVICIO DE SEGURIDAD .Año 2026",1800000.0,000115,,N
2026,1,1979,1978,2026-05-28 00:00:00,GMADA,850,2,,R,SUM,1887,2026,S,2026-05-28 00:00:00,3,,,INSUMOS GENERALES 3F- PRESUPUESTO N° 18/05/26,116160.0,000115,,N
2026,1,1981,1980,2026-05-28 00:00:00,GMADA,2883,2,,R,SUM,1890,2026,S,2026-05-28 00:00:00,2,,,INSUMOS GENERALES 3F- PRESUPUESTO N° 20/05/26,54449.5,000115,,N
2026,1,1687,1687,2026-05-08 00:00:00,GMADA,1259,35,,R,PRESU,30713,2026,S,2026-05-08 00:00:00,3,,,Exp.:437/26 Sol. Revisión Integral del Edificio de Secretaría de Cultura - Prov.:Electro DAnnunzio - Presup.:030713,189365.59,000000,,N
2026,1,1688,1688,2026-05-08 00:00:00,GMADA,2216,25,,R,PRESU,0,2026,S,2026-05-12 00:00:00,2,,,Rafael Cioffi. presupuesto (ae331iy-oig911),302500.0,000000,,N
2026,1,1690,1690,2026-05-08 00:00:00,GMADA,2636,12,,R,PRESU,10401,2026,S,2026-05-08 00:00:00,3,,,"PRESUPUESTO 010401,SUAREZ JUAN MANUEL",45000.0,000000,,N
2026,1,1691,1691,2026-05-08 00:00:00,GMADA,2636,6,,R,PRESU,104112,2026,S,2026-05-08 00:00:00,2,,,PRESUPUESTO 010411 SUAREZ JUAN MANUEL,40000.0,000000,,N
2026,1,1692,1692,2026-05-08 00:00:00,GMADA,1692,3,,R,PRESU,0,2026,S,2026-05-08 00:00:00,2,,,PROV.PABLO FERNANDEZ PRESUP.06/05 TUBOS PARA DESAGUE PLUVIAL CALLE ARIAS Y COLON,2494826.4,000000,,N
2026,1,1697,1696,2026-05-08 00:00:00,GMADA,2695,6,,R,PRESU,67,2026,S,2026-05-08 00:00:00,2,,,"PRESUPUESTO 067, PEREZ PABLO FRANCISCO",1040000.0,000000,,N
2026,1,1701,1701,2026-05-08 00:00:00,GMADA,655,2,,R,SUM,9032,2026,S,2026-05-08 00:00:00,2,,,PRESUPUESTO  9032 BAZAR GASTRONOMICO CARRO DE SERVICIO DE ALIMENTOS,1114393.2,000000,,N
2026,1,1702,1702,2026-05-08 00:00:00,GMADA,345,2,,R,PRESU,57505,2026,S,2026-05-08 00:00:00,2,,,AZCUENAGA- PRESUPUESTO N° 0002-00057505,97000.0,000000,,N
2026,1,1703,1703,2026-05-08 00:00:00,GMADA,2869,2,,R,PRESU,1017,2026,S,2026-05-08 00:00:00,1,,,MADA POY S.A- PRESUPUESTO N° 0001-00001017 (DESDE EL 29/04/26 AL 5/05/26),1625784.0,000000,,N
2026,1,1715,1715,2026-05-11 00:00:00,GMADA,879,H.ANC,,R,PRESU,1094,2026,S,2026-05-12 00:00:00,2,,,CASA HARISGARAT - PRESUPUESTO N° 1-1094  - 1096 HOGAR DE ANCIANOS - FARMACIA,148720.0,000000,,N
2026,1,1718,1718,2026-05-11 00:00:00,GMADA,879,H.ANC,,R,PRESU,1099,2026,S,2026-05-11 00:00:00,2,,,CASA HARISGARAT - PRESUPUESTO N° 1-1099,192300.0,000000,,N
2026,1,1719,1719,2026-05-11 00:00:00,GMADA,879,2,,R,PRESU,35643,2026,S,2026-05-11 00:00:00,2,,,CASA HARISGARAT - PRESUPUESTO N° 1-35643,226360.0,000000,,N
2026,1,1721,1721,2026-05-11 00:00:00,GMADA,879,2,,R,PRESU,1085,2026,S,2026-05-11 00:00:00,2,,,CASA HARISGARAT - PRESUPUESTO N° 1-1085 - 1-1083 - 1046 - 34528,240270.0,000000,,N
2026,1,1722,1722,2026-05-11 00:00:00,GMADA,879,H.ANC,,R,PRESU,1059,2026,S,2026-05-11 00:00:00,3,,,CASA HARISGARAT - PRESUPUESTO N° 1-1059 Y 1-1058,146848.0,000000,,N
2026,1,1724,1724,2026-05-11 00:00:00,GMADA,158,2,,R,PRESU,940,2026,S,2026-05-11 00:00:00,1,,,FARMACIA SOTO- PRESUPUESTO N° 940 MEDICAMENTOS DISPENSADOS DESDE EL 5/02/26 AL 21/04/26,258490.51,000000,,N
2026,1,1725,1725,2026-05-11 00:00:00,GMADA,850,2,,R,PRESU,15562,2026,S,2026-05-11 00:00:00,3,,,UNO ELECTROMEDICINA- PRESUPUESTO N° 00003-00015562,1125657.0,000000,,N
2026,1,1726,1726,2026-05-11 00:00:00,GMADA,395,2,,R,PRESU,0,2026,S,2026-05-11 00:00:00,4,,,PRESUPUESTO LABORATORIO BIOQUIMICO PRACTICAS DEL 01/04/2026 AL 30/04/2026,208480.0,000000,,N
2026,1,1727,1727,2026-05-11 00:00:00,GMADA,2627,H.ANC,,R,PRESU,2220,2026,S,2026-05-11 00:00:00,1,,,SANTA PAULA - PRESUPUESTO N° 1-2220,29500.0,000000,,N
2026,1,1728,1728,2026-05-11 00:00:00,GMADA,300,2,,R,PRESU,7216,2026,S,2026-05-11 00:00:00,1,,,PINTURERIA FERRETERIA TODO COLOR - PRESUPUESTO N° 7216 (HOSPITALY HOGAR DE ANCIANOS,87470.0,000000,,N
2026,1,1729,1729,2026-05-11 00:00:00,GMADA,171,2,,R,PRESU,55268,2026,S,2026-05-11 00:00:00,1,,,ELECTRICIDAD EL GALLEGO - PRESUPUESTO N° 1-55268   AREA SERVICIO SOCIAL,42900.0,000000,,N
2026,1,1730,1730,2026-05-11 00:00:00,GMADA,171,2,,R,PRESU,55398,2026,S,2026-05-11 00:00:00,1,,,ELECTRICIDAD EL GALLEGO - PRESUPUESTO N° 1-55398 (LAVADERO - INTERNACION ),113800.0,000000,,N
2026,1,1731,1731,2026-05-11 00:00:00,GMADA,879,H.ANC,,R,PRESU,1067,2026,S,2026-05-11 00:00:00,2,,,CASA HARISGARAT - PRESUPUESTO N° 1-1067,255910.0,000000,,N
2026,1,1732,1732,2026-05-11 00:00:00,GMADA,879,H.ANC,,R,PRESU,1074,2026,S,2026-05-11 00:00:00,2,,,CASA HARISGARAT - PRESUPUESTO N° 1-1074 (HOSPITAL),185270.0,000000,,N
2026,1,1733,1733,2026-05-11 00:00:00,GMADA,3577,9,,R,EXPED,956,2026,S,2026-05-11 00:00:00,2,,,"EXPTE 956/26, LORENZO GABRIEL",3150000.0,000000,,N
2026,1,1734,1734,2026-05-11 00:00:00,GMADA,879,2,,R,PRESU,1056,2026,S,2026-05-11 00:00:00,3,,,CASA HARISGARAT - PRESUPUESTO N° 1-1056 (HOSPITAL),160340.0,000000,,N
2026,1,1735,1735,2026-05-11 00:00:00,GMADA,879,2,,R,PRESU,1052,2026,S,2026-05-11 00:00:00,2,,,CASA HARISGARAT - PRESUPUESTO N° 1-1052,138750.0,000000,,N
2026,1,1736,1736,2026-05-11 00:00:00,GMADA,3322,2,,R,PRESU,2616,2026,S,2026-05-11 00:00:00,2,,,PINAMAR HIGIENE INSTITUCIONAL - PRESUPUESTO N° 16-2616 (HOSPITAL),143175.18,000000,,N
2026,1,1737,1737,2026-05-11 00:00:00,GMADA,141,33,,R,PRESU,10109,2026,S,2026-05-11 00:00:00,1,,,PINTURERIAS SAGITARIO - PRESUPUESTO N° 16-10109 (CAPS SAN MARTIN),157234.0,000000,,N
2026,1,1738,1738,2026-05-11 00:00:00,GMADA,3556,2,,R,PRESU,0,2026,S,2026-05-11 00:00:00,2,,,"CARACCIOLI - PRESUPUESTO S/N FECHA 3/4/26, 10/4/26, 17/4/26 Y 24/4/26 (HOSPITA Y HOGAR DE ANCIANOS",517500.0,000000,,N
2026,1,1739,1739,2026-05-11 00:00:00,GMADA,2209,2,,R,PRESU,889,2026,S,2026-05-11 00:00:00,1,,,DURANTE JAVIER- PRESUPUESTO N° 1-889 (HOSPITAL),18783.0,000000,,N
2026,1,1740,1740,2026-05-11 00:00:00,GMADA,313,9,,R,PRESU,0,2026,S,2026-05-11 00:00:00,1,,,PREVISION ATREUCO PUEL SA VHICULOS AB603TW - MKF817,4725000.0,000000,,N
2026,1,1741,1741,2026-05-11 00:00:00,GMADA,2330,9,,R,PRESU,0,2026,S,2026-05-11 00:00:00,3,,, PREVISION COMBUSTIBLE DEL SALDO VHICULOS AB603TW - MKF817,558828.9,000000,,N
2026,1,1827,1827,2026-05-15 00:00:00,GMADA,285,2,,R,SUM,1784,2026,S,2026-05-15 00:00:00,2,,,RADIOGRAFICAOESTE- PRESUPUESTO N° 100054306,1352490.82,000115,,N
2026,1,1925,1924,2026-05-26 00:00:00,GMADA,3336,35,,R,SUM,1869,2026,S,2026-05-26 00:00:00,1,,,Prov.:Morales Rocio Alejandra - Presup.:S/N,240000.0,000115,,N
2026,1,410,410,2026-01-23 00:00:00,GMADA,1259,1,,R,SUM,414,2026,S,2026-01-23 00:00:00,1,,,Corresponde presupuesto N° 00029975/00029992 - ELECTRO DANNUNZIO,19390.0,000115,,N
2026,1,411,411,2026-01-23 00:00:00,GMADA,1267,3,,R,SUM,413,2026,S,2026-01-23 00:00:00,1,,,"PROV.SILVIA SORAGNI PRESUP.601 REPUESTOS PARA PALA SDLG CII58, DMI232,LED010",293402.0,000115,,N
2026,1,412,412,2026-01-23 00:00:00,GMADA,33,6,,R,SUM,437,2026,S,2026-01-23 00:00:00,1,,,"RENOVACION DE POLIZA, PCIA SEGUROS(33)",34567.97,000115,,N
2026,1,413,413,2026-01-23 00:00:00,GMADA,688,8,,R,SUM,169,2026,S,2026-01-23 00:00:00,2,,,PROV.BATERIAS LA PRIMERA S.H- RAMOS OSVALDO R. Y ISIDRO JUAN C.. PRES. N°6970/ N°6971- SEC. PRODUCCION,94000.0,000115,,N
2026,1,414,414,2026-01-23 00:00:00,GMADA,688,2,,R,SUM,400,2026,S,2026-01-23 00:00:00,1,,,"BATERIAS LA PRIMERA S.H. PRESUPUESTOS Nº 6943,6966.AMBULANCIAS AA 775 QW, AE 619 QS.",53800.0,000115,,N
2026,1,415,415,2026-01-23 00:00:00,GMADA,1586,CASA,,A,SUM,410,2026,S,2026-01-23 00:00:00,2,2026-02-02 00:00:00,NO,"PRESUPUESTO N° 0130-00000090 de ""HENDEL"" Para el taller de peluquería",75499.0,000115,,N
2026,1,21,21,2026-01-06 00:00:00,GMADA,3246,2,,R,SUM,80,2026,S,2026-01-06 00:00:00,2,,,MUNDIAL 2022- PRESUPUESTO N° 0001-0000883 MEDICAMENTO DISPENSADO 2/12/2025,121513.19,000115,,N
2026,1,23,23,2026-01-06 00:00:00,GMADA,3337,6,,A,SUM,94,2026,S,2026-01-06 00:00:00,1,2026-01-09 00:00:00,NO,Presupuesto N° 598 Proveedor Garcia Federico,278200.0,000115,,N
2026,1,25,25,2026-01-06 00:00:00,GMADA,3297,3,,R,SUM,88,2026,S,2026-01-06 00:00:00,1,,,PROV.FRENOS MADARIAGA PRES.091  REPUESTOS PARA FORD RANGER INI856,352000.0,000115,,N
2026,1,27,27,2026-01-06 00:00:00,GMADA,17,7,,R,SUM,92,2026,S,2026-01-06 00:00:00,2,,,PROV.LUIS LOMBARDIA PRESUP.0052  INSUMOS PARA MAQUINAS CEMENTERIO MUNICIPAL,100200.0,000115,,N
2026,1,41,41,2026-01-06 00:00:00,GMADA,33,6,,R,SUM,83,2026,S,2026-01-06 00:00:00,1,,,"RENOVACION POLIZA DE RADIO TRANSMISOR, POLIZA 3068314",64000.0,000115,,N
2026,1,47,47,2026-01-06 00:00:00,GMADA,1879,SECGO,,R,SUM,106,2026,S,2026-01-06 00:00:00,1,,,Corresponde presupuesto N° 00003038 - ZUBIARRAIN DANIEL - FOR FOCUS ILZ 693,37300.0,000115,,N
2026,1,49,49,2026-01-06 00:00:00,GMADA,441,JARDM,,R,SUM,53,2026,S,2026-01-06 00:00:00,1,,,Presupuesto N° 00003833-Papelera ALPA de Matienzo Paola Amelia,32660.52,000115,,N
2026,1,55,55,2026-01-06 00:00:00,GMADA,3316,1,,R,SUM,57,2026,S,2026-01-06 00:00:00,1,,,Previsión SAN MARCOS E.S.A.,7000000.0,000115,,N
2026,1,56,56,2026-01-06 00:00:00,GMADA,1494,SECGO,,R,SUM,56,2026,S,2026-01-06 00:00:00,1,,,PREVISION ANUAL- RODRIGUEZ MARIANO,1500000.0,000115,,N
2026,1,740,740,2026-02-20 00:00:00,GMADA,3557,TURIS,,R,SUM,730,2026,S,2026-02-20 00:00:00,1,,,Daniel Goñi. Alojamiento Rally. Decreto 78/26,880000.0,000115,,N
2026,1,742,742,2026-02-20 00:00:00,GMADA,169,JARDM,,R,SUM,741,2026,S,2026-02-20 00:00:00,2,,,"PRESUPUESTO N° 001025 de Terranova, Lucas Hernán de ""TERRANOVAQUÍMICA"" Parra lavar toallas, repasadores, etc. en La Casita de Chocolate",16100.0,000115,,N
2026,1,745,745,2026-02-20 00:00:00,GMADA,3169,TURIS,,R,SUM,720,2026,S,2026-02-20 00:00:00,1,,,Marta Cristina Zaupa - Alquiler alojamiento Rally. DECRETO 78/26,1456000.0,000115,,N
2026,1,1097,1097,2026-03-19 00:00:00,GMADA,803,3,,R,PRESU,551,2026,S,2026-03-19 00:00:00,3,,,PROV.BLUECAR PRESUP.0551 LUBRICANTE PARA CAMION VW AF947IJ,353874.77,000000,,N
2026,1,1098,1098,2026-03-19 00:00:00,GMADA,3322,2,,R,PRESU,2426,2026,S,2026-03-19 00:00:00,5,,,PINAMAR HIGIENE INSTITUCIONAL - PRESUPUESTO N° 16-2426 (HOSPITAL),46112.8,000000,,N
2026,1,1099,1099,2026-03-19 00:00:00,GMADA,3165,2,,R,PRESU,10772,2026,S,2026-03-19 00:00:00,2,,,VELIBO SUPPLIES S.A.S- PRESUPUESTO N° 0001-00010772,7192684.39,000000,,N
2026,1,1100,1100,2026-03-19 00:00:00,GMADA,428,3,,R,PRESU,1862,2026,S,2026-03-19 00:00:00,4,,,PROV.YOLDI AGUSTIN PRESUP.1862 HERRAMIENTA PARA CUADRILLA DE CORRALON,118325.39,000000,,N
2026,1,1101,1101,2026-03-19 00:00:00,GMADA,3287,3,,R,PRESU,1868,2026,S,2026-03-19 00:00:00,1,,,PROV. HISPANOGRAF PRESUP.1868 CARTELES DE SEÑALIZACION CONTRAMANO  Y CIRCULE DESPACIO,207900.0,000000,,N
2026,1,1102,1102,2026-03-19 00:00:00,GMADA,2310,3,,R,PRESU,7807,2026,S,2026-03-19 00:00:00,2,,,PROV.CENTRO HIERRO PRESUP.7807HIERRO PARA REPARACION DE VOLQUETE,71384.78,000000,,N
2026,1,1103,1103,2026-03-19 00:00:00,GMADA,879,9,,R,PRESU,1072,2026,S,2026-03-19 00:00:00,5,,,PRESUPUESTOS N°  - 1073 CASA HARISGARAT - MATERIALES PARA CANCHAS PROGRAMA NUESTROS ABUELOS,60810.0,000000,,N
2026,1,1693,1693,2026-05-08 00:00:00,GMADA,517,CONTR,,R,SUM,1731,2026,S,2026-05-08 00:00:00,3,,,Corresponde presupuesto LALOSEVICH,112000.0,000115,,N
2026,1,1695,1695,2026-05-08 00:00:00,GMADA,3573,1,,R,SUM,1725,2026,S,2026-05-08 00:00:00,1,,,Corresponde presupuesto N° 0001-00000503 - Mecanica Soto - VENTO DOMINIO LFN114,450000.0,000115,,N
2026,1,1696,1697,2026-05-08 00:00:00,GMADA,803,3,,R,SUM,1723,2026,S,2026-05-08 00:00:00,3,,,"PROV. BLUECAR PRESUP.0577 REPUESTOS PARA CARGADORA  CII58, BGZ45,WECAN 650T LAN557",540463.46,000115,,N
2026,1,1698,1698,2026-05-08 00:00:00,GMADA,2636,12,,R,SUM,1727,2026,S,2026-05-08 00:00:00,2,,,Corresponde presupuesto N° 010415 - SUAREZ JUAN M.,25000.0,000115,,N
2026,1,1700,1700,2026-05-08 00:00:00,GMADA,3336,3,,R,SUM,1695,2026,S,2026-05-08 00:00:00,2,,,PROV. MORALES ROCIO PRESUP.07/05 REPARACION DE JONH DEERE BNA17,370000.0,000115,,N
2026,1,1704,1704,2026-05-08 00:00:00,GMADA,879,7,,R,SUM,1700,2026,S,2026-05-08 00:00:00,2,,,PROV.CASA HARISGARAT PRESUP.1051 PARA ARREGLO EN CEMENTERIO  TANQUE DE AGUA,76519.0,000115,,N
2026,1,1705,1705,2026-05-08 00:00:00,GMADA,879,3,,R,SUM,1705,2026,S,2026-05-08 00:00:00,2,,,PROV. CASA ARISGARAT PRESUP.1090  ENTABLADO PARA CORDON CUNETA,99770.0,000115,,N
2026,1,1803,1803,2026-05-14 00:00:00,GMADA,3336,3,,R,SUM,1775,2026,S,2026-05-14 00:00:00,1,,,PROV.ROCIO MORALES PRESUP.13/05 REPARACION DE TRACTOR JONH DEERE 2030,540000.0,000115,,N
2026,1,1805,1805,2026-05-14 00:00:00,GMADA,1259,3,,R,SUM,1776,2026,S,2026-05-14 00:00:00,1,,,PROV.ELECTRO DANNUNZIO PRESUP.30768 PARA ARREGLOS EN CORRALON MUNICIPAL,9026.89,000115,,N
2026,1,1807,1807,2026-05-14 00:00:00,GMADA,2325,TURIS,,R,SUM,1782,2026,S,2026-05-14 00:00:00,1,,,"Javier Michia - arreglo de calefactor en Delegacion Sur, oficina de turismo",35000.0,000115,,N
2026,1,1808,1808,2026-05-14 00:00:00,GMADA,717,2,,R,SUM,1757,2026,S,2026-05-14 00:00:00,1,,,PROVEDURIA LA ILUSION - PRESUPUESTO N° 21430 (HOSPITAL),345700.0,000115,,N
2026,1,1909,1907,2026-05-22 00:00:00,GMADA,791,1,,R,PRESU,0,2026,S,2026-05-22 00:00:00,3,,,"PRESUPUESTO 21/05/2026, MARTIN GUSTAVO",945000.0,000000,,N
2026,1,1910,1909,2026-05-22 00:00:00,GMADA,866,2,,R,PRESU,0,2026,S,2026-05-22 00:00:00,2,,,PILOÑA- PRESUPUESTO N° 18/05/26,921586.75,000000,,N
2026,1,1911,1910,2026-05-22 00:00:00,GMADA,2209,H.ANC,,R,PRESU,899,2026,S,2026-05-22 00:00:00,1,,,DURANTE JAVIER- PRESUPUESTO N° 1-899,1085653.81,000000,,N
2026,1,1913,1912,2026-05-22 00:00:00,GMADA,3322,2,,R,PRESU,2617,2026,S,2026-05-22 00:00:00,2,,,PINAMAR HIGIENE INSTITUCIONAL - PRESUPUESTO N° 16-2617 (HOSPITAL),631483.69,000000,,N
2026,1,1915,1914,2026-05-22 00:00:00,GMADA,3322,2,,R,PRESU,2622,2026,S,2026-05-22 00:00:00,2,,,PINAMAR HIGIENE INSTITUCIONAL - PRESUPUESTO N° 16-2622 (HOSPITAL),213197.42,000000,,N
2026,1,1916,1915,2026-05-22 00:00:00,GMADA,1879,2,,R,PRESU,3913,2026,S,2026-05-22 00:00:00,1,,,RODAMIENTOS TUYU - PRESUPUESTO N° 3913 AMBULANCIA DOMINIO PAA334,798000.0,000000,,N
2026,1,1922,1921,2026-05-26 00:00:00,GMADA,850,2,,R,PRESU,15886,2026,S,2026-05-26 00:00:00,1,,,UNO ELECTROMEDICINA- PRESUPUESTO N° 00003-00015886,3425199.35,000000,,N
2026,1,1924,1923,2026-05-26 00:00:00,GMADA,2078,4,,R,PRESU,0,2026,S,2026-05-26 00:00:00,2,,,"PRESUPUESTOP DEL 22/05/2026, ZANNINI MATIAS JORGE",190000.0,000000,,N
2026,1,1926,1925,2026-05-26 00:00:00,GMADA,2251,35,,R,PRESU,0,2026,S,2026-05-26 00:00:00,3,,,Exp.:1108/26 Sol. Compra de Equipamiento Integral y Tecnología para el Polo Tecnológico - Prov. LAUFQUEN,134019.6,000000,,N
2026,1,1928,1927,2026-05-26 00:00:00,GMADA,441,1,,R,PRESU,3935,2026,S,2026-05-26 00:00:00,1,,,"Matienzo Paola ,presupuesto 0003935",137500.0,000000,,N
2026,1,1930,1929,2026-05-26 00:00:00,GMADA,413,6,,R,PRESU,4142,2026,S,2026-05-26 00:00:00,1,,,"Agustín Paso,presupuesto 4142,4156,4152,4150,4144,4141,4140,4135,4125,4123.",2494000.0,000000,,N
2026,1,1934,1933,2026-05-26 00:00:00,GMADA,2643,1,,R,PRESU,10,2026,S,2026-05-26 00:00:00,2,,,"PRESUPUESTO 00010,EMPRESA DE TRANSPORTE 12 DE OCTUBRE",135000.0,000000,,N
2026,1,3,3,2026-01-05 00:00:00,GMADA,1235,INGPU,,A,SUM,14,2026,S,2026-01-05 00:00:00,1,2026-01-16 00:00:00,NO,"PRESUPUESTO X 1° TRIMESTRE, CAMINO JOSE, EXPTE. 3655/2021 1 CUERPO",4436730.0,000115,,N
2026,1,6,6,2026-01-05 00:00:00,GMADA,1235,1,,A,SUM,16,2026,S,2026-01-05 00:00:00,1,2026-01-16 00:00:00,NO,"PRESUPUESTO 1611 X 1° TRIMESTRE ,CAMINO JOSE, EXPTE. 3665/2021 1° CUERPO",3473460.0,000115,,N
2026,1,8,8,2026-01-05 00:00:00,GMADA,1235,12,,A,SUM,17,2026,S,2026-01-05 00:00:00,1,2026-01-16 00:00:00,NO,"PRESUPUESTO 1611 X 1° TRIMESTRE, CAMINO JOSE, EXPTE. 3655/2021 1° CUERPO",1796730.0,000115,,N
2026,1,10,10,2026-01-05 00:00:00,GMADA,1235,4,,A,SUM,18,2026,S,2026-01-05 00:00:00,1,2026-01-16 00:00:00,NO,"PRESUPUESTO 1611 X 1° TRIMESTRE, CAMINO JOSE,EXPTE. 3655/2021 1° CUERPO",937950.0,000115,,N
2026,1,12,12,2026-01-05 00:00:00,GMADA,1235,20,,A,SUM,19,2026,S,2026-01-05 00:00:00,1,2026-01-16 00:00:00,NO,"PRESUPUESTO 1611 X 1° TRIMESTRE, CAMINO JOSE EXPTE 3655/2021 CUERPO 1",847950.0,000115,,N
2026,1,13,13,2026-01-05 00:00:00,GMADA,1235,2,,A,SUM,20,2026,S,2026-01-05 00:00:00,1,2026-01-16 00:00:00,NO,"PRESUPUESTO 1611 X 1° TRIMESTRE, CAMINO JOSE, EXPTE 3655/2021 CUERPO 1",3473460.0,000115,,N
2026,1,14,14,2026-01-05 00:00:00,GMADA,1235,8,,A,SUM,9,2026,S,2026-01-05 00:00:00,1,2026-01-06 00:00:00,NO,PROV. COMBUSTIBLE DEL SALADO- SEC PRODUCCION,1660000.0,000115,,N
2026,1,16,16,2026-01-05 00:00:00,GMADA,826,1,,R,SUM,61,2026,S,2026-01-05 00:00:00,1,,,Previsión Maiz Susana,2000000.0,000115,,N
2026,1,17,17,2026-01-05 00:00:00,GMADA,2791,1,,R,SUM,59,2026,S,2026-01-05 00:00:00,1,,,Previsión Management Pzz (La Plata),7000000.0,000115,,N
2026,1,18,18,2026-01-05 00:00:00,GMADA,1608,1,,R,SUM,58,2026,S,2026-01-05 00:00:00,2,,,PREVISION INMOBILARIA SAN CARLOS,2000000.0,000115,,N
2026,1,1984,1983,2026-05-28 00:00:00,GMADA,2001,2,,R,SUM,1911,2026,S,2026-05-28 00:00:00,1,,,FARMACIA TONANI - PRESUPUESTO S/N° MEDICAMENTOS DISPENSADOS DESDE EL 31/03/26 AL 15/04/26,425298.17,000115,,N
2026,1,19,19,2026-01-05 00:00:00,GMADA,2931,1,,R,SUM,49,2026,S,2026-01-05 00:00:00,1,,,PREVISION DE GUAMAFLO S.A,3000000.0,000115,,N
2026,1,20,20,2026-01-05 00:00:00,GMADA,174,1,,R,SUM,47,2026,S,2026-01-05 00:00:00,1,,,Previsión Moyano Jorge Mario,2000000.0,000115,,N
2026,1,64,64,2026-01-07 00:00:00,GMADA,2150,1,,R,SUM,35,2026,S,2026-01-07 00:00:00,1,,,PREVISION DE CHANCHA DE DELEGACION,2000000.0,000115,,N
2026,1,72,72,2026-01-07 00:00:00,GMADA,1765,1,,R,SUM,54,2026,S,2026-01-07 00:00:00,1,,,Previsión Oscar Gustavo,5000000.0,000115,,N
2026,1,73,73,2026-01-07 00:00:00,GMADA,201,1,,R,SUM,29,2026,S,2026-01-07 00:00:00,1,,,"PREVISION DE PUBLICIDAD DE LICITACIONES, BOLETIN OFICIAL",2000000.0,000115,,N
2026,1,74,74,2026-01-07 00:00:00,GMADA,1994,SECGO,,R,SUM,38,2026,S,2026-01-07 00:00:00,1,,,Corresponde prevision ANDINA 1923 S.A,1000000.0,000115,,N
2026,1,75,75,2026-01-07 00:00:00,GMADA,2330,1,,R,SUM,33,2026,S,2026-01-07 00:00:00,2,,,COMBUSTIBLE DEL SALADO,3376115.12,000115,,N
2026,1,1105,1105,2026-03-19 00:00:00,GMADA,1977,42,,R,SUM,1087,2026,S,2026-03-19 00:00:00,3,,,PROV.ZMG ARGENTINA PRESUP.7808 REPUSTOS PARA PALA LUILONG H855 Y TOPADORA EUF96,3547951.96,000115,,N
2026,1,1164,1165,2026-03-31 00:00:00,GMADA,1440,2,,R,EXPED,674,2026,S,2026-03-31 00:00:00,5,,,CONCURSO DE PRECIOS 2026-  SOLUCIONES PARA LA FARMACIA DEL HOSPITAL,34178000.0,000010,,N
2026,1,1165,1166,2026-03-31 00:00:00,GMADA,2663,2,,R,EXPED,674,2026,S,2026-03-31 00:00:00,10,,,CONCURSO DE PRECIOS 2026-  SOLUCIONES PARA LA FARMACIA DEL HOSPITAL,2700720.0,CTACTE,,N
2026,1,1170,1171,2026-03-31 00:00:00,GMADA,2159,2,,R,SUM,1198,2026,S,2026-03-31 00:00:00,1,,,PRESUPUESTO 18242 JG ELECTROMEDICINA,202644.75,000010,,N
2026,1,1437,1438,2026-04-20 00:00:00,GMADA,2208,1,,R,PRESU,398,2026,S,2026-04-20 00:00:00,2,,, Presupuesto N° 398 RGB,252000.0,000000,,N
2026,1,1438,1439,2026-04-20 00:00:00,GMADA,2208,1,,A,PRESU,396,2026,S,2026-04-20 00:00:00,1,2026-05-21 00:00:00,NO,"Lombardi Martín ,presupuesto 396 Centro Cívico.",944000.0,000000,,N
2026,1,1439,1440,2026-04-20 00:00:00,GMADA,2208,1,,R,PRESU,397,2026,S,2026-04-20 00:00:00,1,,,Lombardii Martín presupuesto 397 Palacio.,60000.0,000000,,N
2026,1,1440,1441,2026-04-20 00:00:00,GMADA,692,9,,R,PRESU,0,2026,S,2026-04-20 00:00:00,1,,,PREVISION MAIOLO SRL,700000.0,000000,,N
2026,1,1442,1443,2026-04-21 00:00:00,GMADA,2595,6,,R,PRESU,8508,2026,S,2026-04-21 00:00:00,1,,,"Ivanper,presupuesto 00008508-Tractor Pauny EFJ 11 y 10.",10020.0,000000,,N
2026,1,1443,1444,2026-04-21 00:00:00,GMADA,1514,3,,R,PRESU,0,2026,S,2026-04-21 00:00:00,3,,,PROV.CASA ELICEIRY PRESUP.16/04 ACEITES PARA VEHICULOS DE ESTA SECRETARIA,424600.0,000000,,N
2026,1,1444,1445,2026-04-21 00:00:00,GMADA,2869,2,,R,PRESU,1010,2026,S,2026-04-21 00:00:00,1,,,MADA POY S.A- PRESUPUESTO N° 0001-00001010 (SEMANA DEL 8/04/26 AL 15/04/26),1774814.0,000000,,N
2026,1,1447,1448,2026-04-21 00:00:00,GMADA,1876,2,,R,PRESU,0,2026,S,2026-04-21 00:00:00,3,,,MAX CONTINENTAL- PRESUPUESTO N° 14/04/2026,3218319.2,000000,,N
2026,1,1449,1450,2026-04-21 00:00:00,GMADA,2746,5,,R,PRESU,3398,2026,S,2026-04-21 00:00:00,3,,,BOHNKE ARTICULOS RURALES SAS  PRESUPUESTO N° 3398  LA INVERNADA,114000.0,000000,,N
2026,1,1451,1451,2026-04-21 00:00:00,GMADA,57,2,,R,PRESU,564,2026,S,2026-04-21 00:00:00,1,,,IMPRENTA EL ARGENTINO - PRESUPUESTO N° 564 (TERAPIA HOSPITAL),40000.0,000000,,N
2026,1,1454,1455,2026-04-21 00:00:00,GMADA,441,2,,R,PRESU,3914,2026,S,2026-04-21 00:00:00,1,,,PAPELERA ALPA - PRESUPUESTO N° 2-3914 COCIAN - LABORATORIO,103086.07,000000,,N
2026,1,1458,1459,2026-04-21 00:00:00,GMADA,2151,9,,R,PRESU,464,2026,S,2026-04-21 00:00:00,2,,,PRESUPUESTO N° 0464 BARRACA MARIBEL -,90000.0,000000,,N
2026,1,1462,1463,2026-04-21 00:00:00,GMADA,879,9,,R,PRESU,1077,2026,S,2026-04-21 00:00:00,3,,,PRESUPUESTOS N° 1077 - N° 1087 - CASA HARISGARAT - CANCHAS DE TEJO Y CAJON DE SALTO - REPARACION AGUA,356046.0,000000,,N
2026,1,1465,1466,2026-04-21 00:00:00,GMADA,2281,9,,R,PRESU,748,2026,S,2026-04-21 00:00:00,1,,,PRESUPUESTO N° 0748 LUBRICENTRO MADARIAGA - MANTENIMIENTO IVECO MKF817,298000.0,000000,,N
2026,1,1468,1469,2026-04-21 00:00:00,GMADA,313,9,,R,PRESU,0,2026,S,2026-04-21 00:00:00,1,,,PREVISION ATREUCO PUEL SA VHICULOS AB603TW - MKF817,460000.0,000000,,N
2026,1,1470,1471,2026-04-21 00:00:00,GMADA,2330,9,,R,PRESU,0,2026,S,2026-04-21 00:00:00,2,,,PREVISION COMBUSTIBLE DEL SALDO VHICULOS AB603TW - MKF817,446949.23,000000,,N
2026,1,1471,1472,2026-04-21 00:00:00,GMADA,1259,5,,R,PRESU,30465,2026,S,2026-04-21 00:00:00,1,,,ELECTRO D´ANNUNZIO PRESUPUESTO N° 30465,39986.8,000000,,N
2026,1,1478,1479,2026-04-23 00:00:00,GMADA,2400,3,,R,PRESU,9727,2026,S,2026-04-23 00:00:00,2,,,PROV. PUNTO TRUCK PRESUP.9727 PARA IVECO PJY978 DE ACUERDO A ART156 INC6,8755696.48,000000,,N
2026,1,1480,1481,2026-04-23 00:00:00,GMADA,2595,3,,R,PRESU,8527,2026,S,2026-04-23 00:00:00,1,,,PROV.IVAN PERICO PRESUP.8527 PARA SPRINTER AH782NM,65400.0,000000,,N
2026,1,1481,1482,2026-04-23 00:00:00,GMADA,90,4,,R,PRESU,42,2026,S,2026-04-23 00:00:00,2,,,"PRESUPUESTO N° X 00000042 de Lo coco, Marcelo Alejandro de TODO COLOR""",8030267.0,000000,,N
2026,1,1484,1485,2026-04-23 00:00:00,GMADA,1063,25,,R,PRESU,0,2026,S,2026-04-23 00:00:00,4,,,"Miguel Lopez, presupuesto",360000.0,000000,,N
2026,1,1490,1491,2026-04-23 00:00:00,GMADA,3037,24,,R,PRESU,126,2026,S,2026-04-23 00:00:00,1,,,"PRESUPUESTO 126, TISERA ALEJANDRO JAVIER",150000.0,000000,,N
2026,1,1499,1500,2026-04-24 00:00:00,GMADA,2400,9,,R,PRESU,480741,2026,S,2026-04-24 00:00:00,4,,,PRESUPUESTO N° 480741 - PUNTO TRUCK S.A - TRABAJOS DE REPARACION EN VEHICULO DOMINIO AB603TW,3132021.1,000000,,N
2026,1,1503,1504,2026-04-24 00:00:00,GMADA,1514,6,,R,PRESU,0,2026,S,2026-04-24 00:00:00,3,,,"PRESUPUESTO 000, CASA ELICEIRY",4336440.0,000000,,N
2026,1,1504,1505,2026-04-24 00:00:00,GMADA,1514,6,,R,PRESU,0,2026,S,2026-04-24 00:00:00,4,,,"PRESUPUESTO 000, CASA ELICEIRY",1050000.0,000000,,N
2026,1,1505,1506,2026-04-24 00:00:00,GMADA,3226,35,,R,PRESU,831,2026,S,2026-04-24 00:00:00,4,,,Exp.:1108/26 Sol. Compra de Equipamiento Integral y Tecnología para el Polo Tecnológico - Prov.:Electro HD - Presup.:0831,3963950.0,000000,,N
2026,1,1506,1507,2026-04-24 00:00:00,GMADA,2251,35,,R,PRESU,0,2026,S,2026-04-24 00:00:00,2,,,Exp.:1108/26 Sol. Compra de Equipamiento Integral y Tecnología para el Polo Tecnológico - Prov. LAUFQUEN,5967895.05,000000,,N
2026,1,1812,1812,2026-05-14 00:00:00,GMADA,2784,6,,R,PRESU,89110,2026,S,2026-05-14 00:00:00,3,,,"PRESUPUESTO 89110, NORDEMAQ",9574.68,000000,,N
2026,1,1819,1819,2026-05-14 00:00:00,GMADA,285,2,,R,PRESU,54289,2026,S,2026-05-14 00:00:00,2,,,RADIOGRAFICAOESTE- PRESUPUESTO N° 100054289,252128.7,000000,,N
2026,1,1820,1820,2026-05-14 00:00:00,GMADA,879,22,,R,PRESU,1106,2026,S,2026-05-14 00:00:00,2,,,PROV. CASA HARISGARAT PRESUP.1106 PARA ARREGLOS EN DEFENSA CIVIL,20930.0,000000,,N
2026,1,1821,1821,2026-05-14 00:00:00,GMADA,879,3,,R,PRESU,1070,2026,S,2026-05-14 00:00:00,2,,,PROV. CASA HARISGARAT PRESUP.1070 PARA PLAZA CELESTINO DELUCHI,82860.0,000000,,N
2026,1,2174,2173,2026-06-11 00:00:00,GMADA,3075,4,,R,SUM,2134,2026,S,2026-06-11 00:00:00,2,,,"PRESUPUESTO N° X 0001-00000105 de Juan Martín Correa Lorente de ""MC"" Para la cocina  de la Casita de Chocolate",15442.0,000115,,N
2026,1,2175,2174,2026-06-11 00:00:00,GMADA,441,JARDM,,R,SUM,2133,2026,S,2026-06-11 00:00:00,1,,,"PRESUPUESTO N° X 0002-00003938 de Matienzo, Paola Amelia de ""ALPA MADARIAGA"" Festejo día del bombero",38800.15,000115,,N
2026,1,2177,2176,2026-06-11 00:00:00,GMADA,379,3,,R,SUM,2141,2026,S,2026-06-11 00:00:00,2,,,PROV.PLASTIGAS PRESUP.84697 CAÑOS PARA REPARACIN DE BARANDA CALLE 33,200285.6,000115,,N
2026,1,2180,2179,2026-06-11 00:00:00,GMADA,2209,6,,R,SUM,2136,2026,S,2026-06-11 00:00:00,1,,,Presupuesto N° 0001-00000913 Proveedor Durante Javier,127466.0,000115,,N
2026,1,2182,2181,2026-06-11 00:00:00,GMADA,3062,22,,R,SUM,2140,2026,S,2026-06-11 00:00:00,2,,,"PROV. SANDIS SRL PRESUP.09/06/2026 REFLECTORES PARA: MONUMENTOS PRIMEROS POBLADORES,ZUBIAURRE, PALACIO MUNICIPAL. EL TALA, Y PARA TENER ACOPIADO",946220.0,000115,,N
2026,1,2317,2317,2026-06-25 00:00:00,GMADA,3075,37,,R,PRESU,109,2026,S,2026-06-25 00:00:00,1,,,"PRESUPUESTO 109, JUAN MARTIN CORREA LORENTE",223624.95,000000,,N
2026,1,2183,2183,2026-06-11 00:00:00,GMADA,2330,9,,R,SUM,2135,2026,S,2026-06-11 00:00:00,2,,,PREVISION COMBUSTIBLE DEL SALADO VHICULOS AB603TW - MKF817 Y MAQUINARIAS,725810.44,000115,,N
2026,1,2185,2185,2026-06-11 00:00:00,GMADA,3552,9,,R,SUM,2137,2026,S,2026-06-11 00:00:00,2,,,PRESUPUESTO N° 9661 - MATAFUEGOS RUTA 11,198000.0,000115,,N
2026,1,2186,2186,2026-06-11 00:00:00,GMADA,87,2,,R,SUM,2105,2026,S,2026-06-11 00:00:00,2,,,DROGUERIA DANA - PRESUPUESTO S/N FECHA 4/6/26,648355.5,000115,,N
2026,1,2249,2248,2026-06-19 00:00:00,GMADA,3287,1,,R,SUM,2271,2026,S,2026-06-19 00:00:00,1,,,"PRESUPUESTO 1894, AVELLANEDA 7163",753435.0,000115,,N
2026,1,2251,2250,2026-06-19 00:00:00,GMADA,688,6,,R,SUM,2215,2026,S,2026-06-19 00:00:00,1,,,"Ramos Oscvaldo e Isidro,presupuesto 007135.Motoniveladora New Hollands",236000.0,000115,,N
2026,1,2253,2252,2026-06-19 00:00:00,GMADA,2593,MUSEO,,R,SUM,2221,2026,S,2026-06-19 00:00:00,1,,,Juan Balleto Urutia. Copias de llave de puerta de ingreso Museo Tuyú Mapu. Presupuesto sin N°,25500.0,000115,,N
2026,1,2255,2254,2026-06-19 00:00:00,GMADA,1206,2,,R,SUM,2193,2026,S,2026-06-19 00:00:00,3,,,GRUPO NUCLEO - PRESUPUESTO N! 1-461020,1756950.0,000115,,N
2026,1,2258,2257,2026-06-19 00:00:00,GMADA,1943,2,,R,SUM,2192,2026,S,2026-06-19 00:00:00,2,,,B-GATE - PRESUPUESTO N° 5-7604,269997.95,000115,,N
2026,1,2260,2259,2026-06-19 00:00:00,GMADA,1489,2,,R,SUM,2254,2026,S,2026-06-19 00:00:00,1,,," RENOVACION POLIZA DE MALA PRAXIS 3° TRIMESTRE,SMG(1489)",8500000.0,000115,,N
2026,1,2262,2261,2026-06-19 00:00:00,GMADA,160,OMIC,,R,SUM,2218,2026,S,2026-06-19 00:00:00,1,,,"PRESUPUESTO 1201, SUC MARZULLO CESAR ABEL",35935.0,000115,,N
2026,1,2318,2318,2026-06-25 00:00:00,GMADA,3583,4,,R,PRESU,31014,2026,S,2026-06-25 00:00:00,2,,,"PRESUPUESTO N° 00031014 de DNZBROTHERS 302 S.R.L. de ""ELECTRO DANNUNZIO"" Para sede y casita de chocolate",56154.0,000000,,N
2026,1,2319,2319,2026-06-25 00:00:00,GMADA,3583,4,,R,PRESU,31072,2026,S,2026-06-25 00:00:00,2,,,"PRESUPUESTO N° 00031072 / 31082 de DNZBROTHERS 302 S.R.L. de ""ELECTRO DANUNNZIO"" Familia: Olguín, Sergio",146038.38,000000,,N
2026,1,2320,2320,2026-06-25 00:00:00,GMADA,1586,4,,R,PRESU,188,2026,S,2026-06-25 00:00:00,3,,,"PRESUPUESTO N° 0130-00000188  de ""HENDEL"" Para Equipo Interdisciplinario de Género y Familia",262498.95,000000,,N
2026,1,2321,2321,2026-06-25 00:00:00,GMADA,68,4,,R,PRESU,9094957,2026,S,2026-06-25 00:00:00,2,,,"PRESUPUESTO N° X 9094957 de Sergio Peyrano de ""ATMOSFERICO LA PRIMERA""",1080000.0,000000,,N
2026,1,2322,2322,2026-06-25 00:00:00,GMADA,33,14,,R,PRESU,3374698,2026,S,2026-06-25 00:00:00,1,,,ENDOSO POLIZA 3374698,450000.0,000000,,N
2026,1,2323,2323,2026-06-25 00:00:00,GMADA,413,3,,R,PRESU,4174,2026,S,2026-06-25 00:00:00,1,,,"PROV. AGUSTIN PASO PRESUP.4174,4176,4182PARA CARGADORARA SDLG EFJ13,PALA LUILONG 850 MUSTANG BMV14",1560000.0,000000,,N
2026,1,2324,2324,2026-06-25 00:00:00,GMADA,803,3,,R,PRESU,662,2026,S,2026-06-25 00:00:00,3,,,"PROV. BLUECAR PRESUP.0662 REPEUSTOS PARA VW 17220 LED010, XNE244",552229.07,000000,,N
2026,1,2325,2325,2026-06-25 00:00:00,GMADA,160,3,,R,PRESU,1200,2026,S,2026-06-25 00:00:00,1,,,PROV. AGROVETERINARIA MARZULLO PRESUP.1200 VENENO PARA RATAS PARA CORRALON MUNICIPAL,147636.0,000000,,N
2026,1,2326,2326,2026-06-25 00:00:00,GMADA,413,3,,R,PRESU,4166,2026,S,2026-06-25 00:00:00,1,,,"PROV. AGUSTIN PASO  PRESUP.4166,4158,4161,4160,4167,4169,4173 PARCHES Y REPARACIONES PARA AE597ZZ,EFJ013,LED010",323000.0,000000,,N
2026,1,2327,2327,2026-06-25 00:00:00,GMADA,2400,3,,R,PRESU,480911,2026,S,2026-06-25 00:00:00,2,,,PROV. PUNTO TRUCK S.A PRESUP.480911 REPUESTOS PARA IVECO OOI617,4214250.44,000000,,N
2026,1,2328,2328,2026-06-25 00:00:00,GMADA,1440,2,,R,PRESU,102,2026,S,2026-06-25 00:00:00,2,,,QUALIMED S.A-  PRESUPUESTO N° 102,7063800.0,000000,,N
2026,1,2329,2329,2026-06-25 00:00:00,GMADA,1179,24,,R,PRESU,1106,2026,S,2026-06-25 00:00:00,2,,,"PRESUPUESTO  1106     , REPUSTO ISIDRO RAUL",295000.0,000001,,N
2026,1,2330,2331,2026-06-25 00:00:00,GMADA,160,13,,R,PRESU,1202,2026,S,2026-06-25 00:00:00,1,,,AGROVETERINARIA MARZULLO - PRESUPUESTO N° 1-1202 (BROMATOLOGIA),155746.0,000000,,N
2026,1,2334,2335,2026-06-25 00:00:00,GMADA,3491,3,,R,PRESU,1550,2026,S,2026-06-25 00:00:00,2,,,FG ILUMINACION  PRESUP.1550 PILAR DE ILUMINACION  PARA CALLE EL TALA,2592810.0,000000,,N
2026,1,2346,2346,2026-06-25 00:00:00,GMADA,167,H.ANC,,R,PRESU,13,2026,S,2026-06-25 00:00:00,2,,,TODO POLLO - PRESUPUESTO N° 13  SEMANA DEL 10/06/2026 AL 17/06/2026,310700.0,000000,,N
2026,1,2350,2350,2026-06-25 00:00:00,GMADA,216,2,,R,PRESU,3397731,2026,S,2026-06-25 00:00:00,2,,,FAE - PRESUPUESTO N° 3397731 (HOSPITAL Y HOGAR DE ANCIANOS ),199000.0,000000,,N
2026,1,2353,2353,2026-06-25 00:00:00,GMADA,1468,2,,R,PRESU,0,2026,S,2026-06-25 00:00:00,3,,,NOVAFARMA- PRESUPUESTO N° 22/6/26,79050.0,000000,,N
2026,1,2354,2354,2026-06-25 00:00:00,GMADA,688,6,2026-06-25 00:00:00,R,PRESU,7178,2026,S,2026-06-25 00:00:00,1,,,"PRESUPUESTO 7178, RAMOS-ISIDRO",280300.0,000000,,N
2026,1,2355,2355,2026-06-25 00:00:00,GMADA,1810,CACUL,,R,PRESU,386,2026,S,2026-06-25 00:00:00,1,,,AC REFRIGERACION     ADOLFO CATALDO E HIJOS  PRESUPUESTO N° 386,250000.0,000000,,N
2026,1,2356,2356,2026-06-25 00:00:00,GMADA,413,6,,R,PRESU,4179,2026,S,2026-06-25 00:00:00,1,,,"Paso Agustín,presupuestos 4179,4180,4162,4170,4171,4175,4177,4181.",2935000.0,000000,,N
2026,1,2389,2388,2026-06-29 00:00:00,GMADA,2770,CASA,,R,SUM,2343,2026,S,2026-06-29 00:00:00,2,,,"PRESUPUESTO N° 000846 de ""SOMPUTACION SUSTEL""Para computadora de la casa del Programa Envión",35200.0,000115,,N
2026,1,2390,2390,2026-06-29 00:00:00,GMADA,527,2,,R,SUM,2348,2026,S,2026-06-29 00:00:00,3,,,SERVIMED - PRESUPUESTO N° 1664/26 NU,415610.0,000115,,N
2026,1,2392,2392,2026-06-29 00:00:00,GMADA,2701,7,,R,SUM,2351,2026,S,2026-06-29 00:00:00,1,,,PROV.CORONEL NAHUEL PRESUP.25/06/26 CAMBIO DE VIDRIO PUERTA DE NICHO,40000.0,000115,,N
2026,1,2394,2393,2026-06-29 00:00:00,GMADA,845,3,,R,SUM,2350,2026,S,2026-06-29 00:00:00,1,,,PROV.JUAN GABRIEL COLOMBO PRESUP.25/06/2026 CITROEN C 15 CAR748,280000.0,000115,,N
2026,1,2395,2395,2026-06-29 00:00:00,GMADA,90,4,,R,SUM,2342,2026,S,2026-06-29 00:00:00,2,,,"PRESUPUESTO N° X 00000045 de Lo coco, Marcelo Alejandro de ""TODO COLOR"" junio 2026",8023454.0,000115,,N
2026,1,2396,2396,2026-06-29 00:00:00,GMADA,2883,2,,R,SUM,2317,2026,S,2026-06-29 00:00:00,2,,,INSUMOS GENERALES- PRESUPUESTO N° 24/06/26,258405.1,000115,,N
2026,1,2398,2398,2026-06-29 00:00:00,GMADA,3233,25,,R,SUM,2355,2026,S,2026-06-29 00:00:00,1,,,"Contrato Viviana Rodriguez,periodo julio- diciembre 2026",4500000.0,000115,,N
2026,1,2399,2399,2026-06-29 00:00:00,GMADA,2228,25,,R,SUM,2356,2026,S,2026-06-29 00:00:00,1,,,"Ezequiel Bianco, renovacion de contrato periodo julio- diciembre 2026",3660000.0,000115,,N
2026,1,2400,2400,2026-06-29 00:00:00,GMADA,2654,2,,R,SUM,2358,2026,S,2026-06-29 00:00:00,1,,,EXPEDIENTE 262/2026 RENOVACION CONTRATO BIONICS INGENIERIA S.A.S  DEL 01/07/2026 AL 31/12/2026,2701842.0,000115,,N
2026,1,2401,2401,2026-06-29 00:00:00,GMADA,2133,2,,R,SUM,2359,2026,S,2026-06-29 00:00:00,2,,,EXPEDIENTE 1097/2026 RENOVACION CONTRATO EMPRESA BIONUCLEAR DEL 01/07/2026 AL 30/09/2026 POR MANTENIMIENTO PREVENTIVO DEL TOMOGRAFO,5101101.0,000115,,N
2026,1,2555,2555,2026-07-14 00:00:00,GMADA,57,2,,R,SUM,2424,2026,S,2026-07-14 00:00:00,1,,,IMPRENTA EL ARGENTINO - PRESUPUESTO N° 570,40000.0,000115,,N
2026,1,2556,2556,2026-07-14 00:00:00,GMADA,413,2,,R,SUM,2477,2026,S,2026-07-14 00:00:00,2,,,NEUMATICOS PASO - PRESUPUESTO N° 1-4185  VEHICULO DOMINIO AE619QS,192000.0,000115,,N
2026,1,2557,2557,2026-07-14 00:00:00,GMADA,2869,2,,R,SUM,2478,2026,S,2026-07-14 00:00:00,1,,,MADA POY - PRESUPUESTO N° 1-1034 SEMANA DEL 24/07/2026 AL 01/07/2026,2081295.0,000115,,N
2026,1,2558,2558,2026-07-14 00:00:00,GMADA,441,2,,R,SUM,2506,2026,S,2026-07-14 00:00:00,1,,,PAPELERA ALPA - PRESUPUESTO N° 2-3971 (HOSPITAL),57624.0,000115,,N
2026,1,2559,2559,2026-07-14 00:00:00,GMADA,2627,2,,R,SUM,2505,2026,S,2026-07-14 00:00:00,1,,,SANTA PAULA - PRESUPUESTO N° 1-2237 (HOSPITAL),76000.0,000115,,N
2026,1,2683,2684,2026-07-20 00:00:00,GMADA,5,29,,A,PRESU,0,2026,S,2026-07-20 00:00:00,1,2026-07-20 00:00:00,NO,"PRESUPUESTO 000,ANDRES PONSA",200000.0,000000,,N
2026,1,2560,2560,2026-07-14 00:00:00,GMADA,300,2,,R,SUM,2507,2026,S,2026-07-14 00:00:00,1,,,PINTURERIA FERRETERIA TODO COLOR - PRESUPUESTO N° 7249,87160.0,000115,,N
2026,1,2561,2561,2026-07-14 00:00:00,GMADA,2627,2,,R,SUM,2421,2026,S,2026-07-14 00:00:00,1,,,SANTA PAULA - PRESUPUESTO N° 1-2236,46000.0,000115,,N
2026,1,2562,2562,2026-07-14 00:00:00,GMADA,167,2,,R,SUM,2475,2026,S,2026-07-14 00:00:00,1,,,TODO POLLO - PRESUPUESTO N° 14  SEMANA DEL 18/06/2026 AL 25/06/2026,557750.0,000115,,N
2026,1,2563,2563,2026-07-14 00:00:00,GMADA,167,2,,R,SUM,2476,2026,S,2026-07-14 00:00:00,1,,,TODO POLLO - PRESUPUESTO N° 17 SEMANA DEL 22/06/2026 AL 29/06/2026,519100.0,000115,,N
2026,1,2564,2564,2026-07-14 00:00:00,GMADA,167,H.ANC,,R,SUM,2474,2026,S,2026-07-14 00:00:00,1,,,TODO POLLO - PRESUPUESTO N° 15 SEMANA DEL 19/06/2026 AL 25/06/2026,253800.0,000115,,N
2026,1,2565,2565,2026-07-14 00:00:00,GMADA,167,H.ANC,,R,SUM,2473,2026,S,2026-07-14 00:00:00,1,,,TODO POLLO - PRESUPUESTO N° 16  SEMANA DEL 22/06/2026 AL 29/06/2026,278200.0,000115,,N
2026,1,2567,2567,2026-07-14 00:00:00,GMADA,2735,13,,R,SUM,2526,2026,S,2026-07-14 00:00:00,2,,,PRESUPUESTO FRANCI TOMAS,2987410.0,000115,,N
2026,1,2570,2570,2026-07-14 00:00:00,GMADA,2330,1,,R,SUM,2536,2026,S,2026-07-14 00:00:00,1,,, Corresponde a Previsión de Combustible del Salado.Gobierno,2950000.0,000115,,N
2026,1,2571,2571,2026-07-14 00:00:00,GMADA,2330,1,,R,SUM,2537,2026,S,2026-07-14 00:00:00,1,,, Corresponde a previsión de Combustible del Salado.Intendencia.,2950000.0,000115,,N
2026,1,2572,2572,2026-07-14 00:00:00,GMADA,1879,2,,R,SUM,2472,2026,S,2026-07-14 00:00:00,1,,,RODAMIENTOS TUYU - PRESUPUESTO N° 3915 PARA AMBULANCIA DOMINIO  PAA 334,93000.0,000115,,N
2026,1,2576,2576,2026-07-14 00:00:00,GMADA,1213,35,,R,SUM,2528,2026,S,2026-07-14 00:00:00,3,,,Exp.:1152/26 Ref. Intervención Edilicia - Techo de Galería del Museo Histórico del Tuyú - Prov.:De Las Misiones - Presup.:41494,2816988.1,000115,,N
2026,1,2602,2602,2026-07-15 00:00:00,GMADA,2549,8,,R,PRESU,8550,2026,S,2026-07-15 00:00:00,1,,," POLIZA 56/008550, RIVADAVIA SEGUROS",1826286.0,000000,,N
2026,1,2603,2603,2026-07-15 00:00:00,GMADA,1713,8,,R,PRESU,0,2026,S,2026-07-15 00:00:00,1,,,PROV.MIYAMA PLUG SYSTEM- MIYAMA HUGO Y MIYAMA CARLOS ALBERTO SH. PRES.  N°JULIO- SEC. PRODUCCION. PARQUE INDUSTRIAL,272250.0,000000,,N
2026,1,2604,2604,2026-07-16 00:00:00,GMADA,3075,2,,R,PRESU,112,2026,S,2026-07-16 00:00:00,1,,,JUAN MARTIN CORREA - PRESUPUESTO N° 1-112 (HOSPITAL),69237.14,000000,,N
2026,1,2609,2609,2026-07-16 00:00:00,GMADA,195,25,,R,PRESU,215537,2026,S,2026-07-16 00:00:00,2,,,"Casa Blanco, presupuesto 215537 (TECNICA- COM)",160115.4,000000,,N
2026,1,2610,2610,2026-07-16 00:00:00,GMADA,1147,3,,R,PRESU,104795,2026,S,2026-07-16 00:00:00,2,,,PROV. ITAR PRESUP.104795 HORMIGON H30 PARA BACHEO CALLE BS.AS E/ITUÑO Y EL TALA,1481731.86,000000,,N
2026,1,2611,2611,2026-07-16 00:00:00,GMADA,3395,3,,R,PRESU,2158,2026,S,2026-07-16 00:00:00,3,,,PROV. YANINA PECORARI PRESUP.2158 BATERIA PARA MOTOCOMPRESOR SULLER,337000.0,000000,,N
2026,1,2612,2612,2026-07-16 00:00:00,GMADA,2369,3,,R,PRESU,7385,2026,S,2026-07-16 00:00:00,2,,,"PROV. MERCEDES LA PLATA PRESUP.7385 JZH266,LAN557,BNW472",1752649.78,000000,,N
2026,1,2613,2613,2026-07-16 00:00:00,GMADA,3038,35,,R,PRESU,0,2026,S,2026-07-16 00:00:00,1,,,Exp.:1484/26 Sol. Trabajos de Pintura - Prov.:Diaz Fatima - Presup.:Contrato,2500000.0,000000,,N
2026,1,2615,2615,2026-07-16 00:00:00,GMADA,3542,35,,R,PRESU,0,2026,S,2026-07-16 00:00:00,1,,,Exp.:1692/25 Contrato Personal Tecnico Medio Ambiente - Prov.:Ing. Fernandez Anabela - Contrato,5400000.0,000000,,N
2026,1,2617,2617,2026-07-16 00:00:00,GMADA,1547,35,,R,PRESU,2535,2026,S,2026-07-16 00:00:00,1,,,Exp.:95/25 Reparación  en General del Centro Civico - Prov.:Mendez Marcos - Presup.:Contrato,430000.0,000000,,N
2026,1,2641,2642,2026-07-17 00:00:00,GMADA,803,3,,R,PRESU,689,2026,S,2026-07-17 00:00:00,2,,,PROV. BLUECAR PRESUP.0689 ACEITES PARA VW 17280 AF947IJ,1041482.54,000000,,N
2026,1,2642,2643,2026-07-17 00:00:00,GMADA,866,2,,R,PRESU,0,2026,S,2026-07-17 00:00:00,1,,,PILOÑA- PRESUPUESTO N° 13/07/2026,2857989.16,000000,,N
2026,1,2643,2644,2026-07-17 00:00:00,GMADA,3165,2,,R,PRESU,13035,2026,S,2026-07-17 00:00:00,1,,,VELIBO SUPPLIES S.A.S-PRESUPUETO N° 0001-00013035,629200.0,000000,,N
2026,1,2669,2670,2026-07-20 00:00:00,GMADA,1495,29,,R,PRESU,0,2026,S,2026-07-20 00:00:00,1,,,"STELLA MARIS HILLER ""CERAMICA HILLER"", PRESUPUESTO",243900.0,000000,,N
2026,1,2672,2673,2026-07-20 00:00:00,GMADA,2986,8,,R,PRESU,0,2026,S,2026-07-20 00:00:00,1,,,  PROV. GOMEZ CARROZO FERMIN ALEJANDRO  - PRESUP.JULIO- SEC PRODUCCION- RONDA DE INVERSIONES,200000.0,000000,,N
2026,1,2673,2674,2026-07-20 00:00:00,GMADA,3482,8,,R,PRESU,0,2026,S,2026-07-20 00:00:00,1,,, PROV. MARC ALICIA BEATRIZ - PRESUP. 07/2026- SEC PRODUCCION-,400000.0,000000,,N
2026,1,2674,2675,2026-07-20 00:00:00,GMADA,2086,8,,R,PRESU,0,2026,S,2026-07-20 00:00:00,1,,, PROV. SCIGLIANO GASTON  - PRESUP.JULIO- SEC PRODUCCION- RONDA DE INVERSIONES,200000.0,000000,,N
2026,1,2676,2677,2026-07-20 00:00:00,GMADA,1629,4,,R,PRESU,0,2026,S,2026-07-20 00:00:00,1,,,"PRESUPUESTO de ""EXTRAGAS""",5670000.0,000000,,N
2026,1,2677,2678,2026-07-20 00:00:00,GMADA,441,1,,R,PRESU,3979,2026,S,2026-07-20 00:00:00,1,,,"Matienzo, Paola Amelia,presupuesto N° 0002-00003979",987657.7,000000,,N
2026,1,2678,2679,2026-07-20 00:00:00,GMADA,2595,3,,N,PRESU,9023,2026,S,2026-07-20 00:00:00,1,,,"PROV. IVAN PERICO PRESUP.9023  REPUESTOS PARA CITROEN C15, HKO983,",161760.0,000000,,N
2026,1,1507,1508,2026-04-24 00:00:00,GMADA,2018,14,,R,SUM,1526,2026,S,2026-04-24 00:00:00,3,,,Corresponde presupuesto N° 0001-00000243 - DAGUSEMI,240000.0,000115,,N
2026,1,1095,1095,2026-03-19 00:00:00,GMADA,2209,8,,R,SUM,1098,2026,S,2026-03-19 00:00:00,2,,,PROVEDOR-DURANTE JAVIER-DISTRIBUIDORA DEL SUDESTE-19/03/2026-SEC PRODUCCION-SALA DE ELABORACION-PREVICION,500000.0,000115,,N
2026,1,1104,1104,2026-03-19 00:00:00,GMADA,1206,25,,R,SUM,1088,2026,S,2026-03-19 00:00:00,3,,,"Nucleo, presupuesto 459113 (para utilizar en la oficina de transito)",610000.0,000115,,N
2026,1,1813,1813,2026-05-14 00:00:00,GMADA,1879,25,,R,SUM,1767,2026,S,2026-05-14 00:00:00,1,,,"Rodamientos Tuyu, presupuesto 3906 ( OIG 911- AE331 IY)",160000.0,000115,,N
2026,1,1814,1814,2026-05-14 00:00:00,GMADA,879,25,,R,SUM,1772,2026,S,2026-05-14 00:00:00,4,,,"Casa Harosgarat, presupuesto 1097( comisaria de la mujer)",12640.0,000115,,N
2026,1,1815,1815,2026-05-14 00:00:00,GMADA,3573,24,,R,SUM,1790,2026,S,2026-05-14 00:00:00,2,,,"PRESUPUESTO 505, SOTO MANUEL",3500000.0,000115,,N
2026,1,1816,1816,2026-05-14 00:00:00,GMADA,3220,25,,R,SUM,1763,2026,S,2026-05-14 00:00:00,3,,,"Ricciuto, presupuesto 028 ( AC 824 KM)",570000.0,000115,,N
2026,1,1817,1817,2026-05-14 00:00:00,GMADA,1527,25,,R,SUM,1764,2026,S,2026-05-14 00:00:00,1,,,"Gomeria La Diagonal, presupuestos 0582-0583",135000.0,000115,,N
2026,1,1818,1818,2026-05-14 00:00:00,GMADA,1259,25,,R,SUM,1766,2026,S,2026-05-14 00:00:00,2,,,"Electro Dannunzio, presupuestos 30721-30761(COM)",185824.8,000115,,N
2026,1,1822,1822,2026-05-14 00:00:00,GMADA,879,3,,R,SUM,1791,2026,S,2026-05-14 00:00:00,2,,,"PROV.CASA HARISGARAT PRESUP.1030,1005 ARTICULOS DE CORRALON PARA ARREGLOS EN PARQUE DE LA ESTACION",266850.0,000115,,N
2026,1,1823,1823,2026-05-14 00:00:00,GMADA,685,6,,R,SUM,1794,2026,S,2026-05-14 00:00:00,1,,,"Dragojevic Simón,presupuesto Caser.",640000.0,000115,,N
2026,1,399,399,2026-01-22 00:00:00,GMADA,717,2,,R,SUM,387,2026,S,2026-01-22 00:00:00,1,,,PROVEEDURIA LA ILUSION.PINILLA MARINA IRENE. COCINA HOSPITAL MUNICIPAL.,123760.0,000115,,N
2026,1,400,400,2026-01-22 00:00:00,GMADA,2209,2,,R,SUM,380,2026,S,2026-01-22 00:00:00,1,,,DURANTE JAVIER- PRESUPUESTO N° 0001-00000834  (COCINA) DESDE EL 6/01/26 AL 6/02/26,2292094.0,000115,,N
2026,1,401,401,2026-01-22 00:00:00,GMADA,2209,2,,R,SUM,305,2026,S,2026-01-22 00:00:00,1,,,DURANTE JAVIER- PRESUPUESTO N° 0001-00000820 (COCINA) DESDE EL 23/12/25 AL 22/01/2026,686538.91,000115,,N
2026,1,402,402,2026-01-22 00:00:00,GMADA,441,2,,R,SUM,384,2026,S,2026-01-22 00:00:00,1,,,PAPELERA ALPA. PAOLA AMELIA MATIENZO. PRESUPUESTO Nº 0002-00003851.HEMOTERAPIA.,54491.56,000115,,N
2026,1,403,403,2026-01-22 00:00:00,GMADA,441,13,,R,SUM,383,2026,S,2026-01-22 00:00:00,1,,,"PAPELERA ALPA, PAOLA AMELIA MATIENZO. PRESUPUESTO Nº 0002-3844.",31952.94,000115,,N
2026,1,404,404,2026-01-22 00:00:00,GMADA,3356,2,,R,SUM,391,2026,S,2026-01-22 00:00:00,2,,,PEREZ JORGE- PRESUPUESTO N° 282193 (COCINA) DESDE EL 7/01/26 AL 14/01/26,153000.0,000115,,N
2026,1,405,405,2026-01-22 00:00:00,GMADA,1943,2,,R,SUM,386,2026,S,2026-01-22 00:00:00,2,,,PRESUPUESTO 005-00007340 B GATE MANTENIMIENTO GENERADOR BGOX-12,1826436.92,000115,,N
2026,1,1163,1164,2026-03-31 00:00:00,GMADA,3561,8,,R,SUM,1189,2026,S,2026-03-31 00:00:00,2,,,Mundo Cargo SA-Presupuesto nº3296- SEC PRODUCCION,145200.0,000115,,N
2026,1,262,262,2026-01-15 00:00:00,GMADA,1266,6,,R,SUM,102,2026,S,2026-01-15 00:00:00,2,,,"RENOVACION DE ABONO DE ALARMA, 1° CUATRIMESTRE, EXPTE 20/2025",236800.0,000115,,N
2026,1,424,424,2026-01-23 00:00:00,GMADA,850,2,,R,PRESU,14778,2026,S,2026-01-23 00:00:00,2,,,UNO ELECTROMEDICINA- PRESUPUESTO N° 00003- 00014778 (LABORATORIO DE ANALISIS),1147086.56,000000,,N
2026,1,631,630,2026-02-13 00:00:00,GMADA,3287,3,,R,SUM,599,2026,S,2026-02-13 00:00:00,1,,,PROV. HISPANOGRAF PRESUP.1859 CARTELES PARA BADEN DE CALLE,78000.0,000115,,N
2026,1,634,634,2026-02-13 00:00:00,GMADA,300,DEFCI,,R,SUM,597,2026,S,2026-02-13 00:00:00,1,,,"PROV.SILVIA MAISTEGUI PRESUP.5936 ARTICULOS DE FERRETERIA PARA BANCOS DE PLAZA,FUENTE DEL BICENTENARIO REPARACION DE COLUMNAS DE ALUMBRADO MOTOR PARA BOMBEADOR DE ESTADIO MUNICIPAL",563612.0,000115,,N
2026,1,636,636,2026-02-13 00:00:00,GMADA,1879,3,,R,SUM,596,2026,S,2026-02-13 00:00:00,1,,,"PROV.DANIEL ZUBIARRAIN PRESUP.3043 REPUESTOS PARA OOI617,PPU739",161600.0,000115,,N
2026,1,637,637,2026-02-13 00:00:00,GMADA,300,3,,R,SUM,595,2026,S,2026-02-13 00:00:00,1,,,PROV.MAISTEGUI SILVIA 5923 ARTICULOS DE FERRETERIA PARA REPARACIONS EN CORRALON MUNICIPAL CAMION OOI617 LAN 557,163971.0,000115,,N
2026,1,651,651,2026-02-13 00:00:00,GMADA,879,2,,R,SUM,656,2026,S,2026-02-13 00:00:00,3,,,CASA HARISGARAT - PRESUPUESTO N° 1-1020 (CIC QUINTANILLA),132760.0,000115,,N
2026,1,652,652,2026-02-13 00:00:00,GMADA,57,2,,R,SUM,632,2026,S,2026-02-13 00:00:00,1,,,IMPRENTA EL ARGENTINO. IRMA CRISTINA BONOMI. PRESPUESTO Nº 553. DIAGNOSTICO POR IMAGENES.,32000.0,000115,,N
2026,1,654,654,2026-02-13 00:00:00,GMADA,413,3,,R,SUM,642,2026,S,2026-02-13 00:00:00,1,,,"PROV.AGUSTIN PASO PRESUP.4031,4041,4039,4036,4033,4027,4017,4009,4007,4005,4002,4047,4050,4048,4052  PARA CAMION XNE244,SOG742,DMI232RFJ13,CII59, FSL723,",534000.0,000115,,N
2026,1,675,675,2026-02-18 00:00:00,GMADA,688,9,,R,PRESU,6978,2026,S,2026-02-18 00:00:00,1,,,PRESUPUESTO N° 6978 - PRESUPUESTO N° 6987- BATERIAS LA PRIMERA - ACEITE QUEMADO PARA PINTAR QUEBRACHOS DEL PARQUE ANCHORENA,70000.0,000000,,N
2026,1,678,678,2026-02-18 00:00:00,GMADA,2330,8,,R,PRESU,0,2026,S,2026-02-18 00:00:00,2,,,PROV. COMBUSTIBLE DEL SALADO- SEC PRODUCCION- PREVISION,85300.01,000000,,N
2026,1,681,681,2026-02-18 00:00:00,GMADA,300,9,,R,PRESU,5928,2026,S,2026-02-18 00:00:00,1,,,Presupuesto N 5938 Pintureria Todo Color presupuesto N 5928 - MANTENIMIENTO GRAL DEL AREA DE DEPORTES,182177.0,000000,,N
2026,1,682,682,2026-02-18 00:00:00,GMADA,2410,13,,R,PRESU,1183,2026,S,2026-02-18 00:00:00,1,,,LEANDRO RUBEN BOGADO - PRESUPUESTO N° 1-1183  VEHICULO REANULT KANGOO DOMINIO AB437WY,60000.0,000000,,N
2026,1,684,684,2026-02-18 00:00:00,GMADA,1259,2,,R,PRESU,30100,2026,S,2026-02-18 00:00:00,1,,,"ELECTRO DANNUNZIO - PRESUPUESTO N° 30100 (COCINA, INTERNACION HOSPITAL)",52122.0,000000,,N
2026,1,686,686,2026-02-18 00:00:00,GMADA,163,3,,R,PRESU,7028,2026,S,2026-02-18 00:00:00,3,,,PROV.ALFIO DISTEFANO PRESP.079-7028 REPARACION DE TOPADORA LUILONG EUF96,1988250.0,000000,,N
2026,1,688,687,2026-02-18 00:00:00,GMADA,2410,3,,R,SUM,618,2026,S,2026-02-18 00:00:00,3,,,"PROV.LEANDRO BOGAD PRESUP.1160,1159,1163,1187,1188,1174,1185 REPARACIONES DE ALTERNADOR E INSTALACIONES ELECTRICAS PARA :DKT498,SVN719,BNA17,FSL723",950000.0,000115,,N
2026,1,692,692,2026-02-18 00:00:00,GMADA,879,8,,R,PRESU,1040,2026,S,2026-02-18 00:00:00,2,,,"PROV. TATANO HARISGARAT SRL- SEC PRODUCCION- SALA DE ELABORACION,PRESUPUESTO 1040/1045",52440.0,000000,,N
2026,1,696,696,2026-02-18 00:00:00,GMADA,3075,2,,R,PRESU,71,2026,S,2026-02-18 00:00:00,1,,,PRESUPUESTO 71 CORREA JUAN MARTIN,63892.95,000000,,N
2026,1,697,698,2026-02-18 00:00:00,GMADA,2627,2,,R,PRESU,2177,2026,S,2026-02-18 00:00:00,1,,,PRESUPUESTO 2177 PENACCA SRL SEMANA DEL 01/02/26 AL 08/02/2026,26000.0,000000,,N
2026,1,700,700,2026-02-18 00:00:00,GMADA,2110,1,,R,PRESU,537,2026,S,2026-02-18 00:00:00,1,,,"Fumega Eduardo,presuesto 537",130000.0,000000,,N
2026,1,701,701,2026-02-18 00:00:00,GMADA,2627,H.ANC,,R,PRESU,2176,2026,S,2026-02-18 00:00:00,1,,,PRESUPUESTO 2176 PENACCA SRL SEMANA DEL 01/02/26 AL 08/02/2026,24100.0,000000,,N
2026,1,702,702,2026-02-18 00:00:00,GMADA,1259,1,,R,PRESU,30129,2026,S,2026-02-18 00:00:00,1,,,"Suc. D´annunzio Jorge Neldo,presupuesto 00030129",20654.2,000000,,N
2026,1,704,704,2026-02-18 00:00:00,GMADA,879,JARDM,,R,PRESU,1028,2026,S,2026-02-18 00:00:00,3,,,"PRESUPUESTO N° X 0001-00001028 / 1035 / 1039 / de Tatano Harisgarat S.R.L. de ""CASA HARISGARAT"" Para arreglo en baño y tanque de agua",136500.0,000000,,N
2026,1,725,725,2026-02-19 00:00:00,GMADA,2209,6,,R,SUM,717,2026,S,2026-02-19 00:00:00,1,,,CORRESPONDE PRESUPUESTO N° 0001-00000846 - C.A.S.E.R,133294.0,000115,,N
2026,1,727,727,2026-02-19 00:00:00,GMADA,1578,37,,R,SUM,716,2026,S,2026-02-19 00:00:00,1,,,Corresponde presupuesto N° 0001-00000390 FERRARO LILIANA N.,59000.0,000115,,N
2026,1,729,729,2026-02-19 00:00:00,GMADA,2110,3,,R,SUM,713,2026,S,2026-02-19 00:00:00,1,,,"PROV.EDUARDO FUMEGA PRESUP.0539,0538 TRABAJOS DE PLOMERIA PARA VIVERO MUNICIPAL Y BAÑOS TERMINAL",110000.0,000115,,N
2026,1,732,732,2026-02-19 00:00:00,GMADA,212,3,,R,SUM,732,2026,S,2026-02-19 00:00:00,1,,,PROV.JOSE ANGEL FERNADEZ PRESUP.0073 REPARACION DE RADIADOR  MINICARDORA MUSTANG BMV14,250000.0,000115,,N
2026,1,734,734,2026-02-19 00:00:00,GMADA,2790,3,,R,SUM,736,2026,S,2026-02-19 00:00:00,2,,,PROV.I DE ARTE ARTISTICA PRESP.03/02/2026 CARTEL DE INGRESO EN PELLEGRINI,160000.0,000115,,N
2026,1,736,736,2026-02-19 00:00:00,GMADA,1810,1,,R,SUM,733,2026,S,2026-02-19 00:00:00,2,,,"PRESUPUESTO 377, CATALDO ADOLFO",100000.0,000115,,N
2026,1,737,737,2026-02-19 00:00:00,GMADA,441,2,,R,SUM,648,2025,S,2026-02-19 00:00:00,1,,,ALPA - PRESUPUESTO N° 2-3867 (COCINA - HOGAR HOSPITAL),97509.9,000115,,N
2026,1,847,847,2026-03-03 00:00:00,GMADA,3514,4,,R,SUM,882,2026,S,2026-03-03 00:00:00,1,,,"Expte N° 604/2026 Contrato: Sra. Suaréz Acevedo, Sheila,  Psicóloga Servicio Local - No cumple con el Art. 45 de la Ley 14.656",4204784.0,000029,,N
2026,1,1029,1029,2026-03-13 00:00:00,GMADA,68,4,,R,SUM,1010,2025,S,2026-03-13 00:00:00,2,,,"PRESUPUESTO N° X 7390248 de Peyrano, Sergio de ""ATMOSFERICO LA PRIMERA""",990000.0,000115,,N
2026,1,1032,1032,2026-03-13 00:00:00,GMADA,17,3,,R,SUM,1018,2026,S,2026-03-13 00:00:00,1,,,PROV.LUIS LOMBARDIA PRESP.0063 INSUMOS PARA MAQUINAS CORTA PASTO,775000.0,000115,,N
2026,1,1034,1034,2026-03-13 00:00:00,GMADA,17,3,,R,SUM,1030,2026,S,2026-03-13 00:00:00,1,,,PROV. LUIS LOMBARDIA PRESUP.0061 REPEUSTOS E ISUMOS PARA MAQUINAS CORTA PASTO,543500.0,000115,,N
2026,1,1038,1038,2026-03-13 00:00:00,GMADA,1879,25,,R,SUM,1034,2026,S,2026-03-13 00:00:00,1,,,"Rodamientos Tuyu, presupuesto 3044 ( AE704AW-LBN 155)",348500.0,000115,,N
2026,1,1040,1040,2026-03-13 00:00:00,GMADA,2261,2,,R,SUM,1024,2026,S,2026-03-13 00:00:00,2,,,MATAFUEGOS AVELLANEDA - PRESUPUESTO N° 1-7271 MATAFUEGOS NUEVOS POR VENCIMIENTO DE LOS  CILINDRO,1785000.0,000115,,N
2026,1,1044,1044,2026-03-16 00:00:00,GMADA,167,H.ANC,,R,SUM,1013,2026,S,2026-03-16 00:00:00,1,,,TODO POLLO - PRESUPUESTO N° 83 SEMANA DEL 02/03/26 AL 08/03/2026,536900.0,000115,,N
2026,1,1047,1047,2026-03-16 00:00:00,GMADA,167,2,,R,SUM,1015,2026,S,2026-03-16 00:00:00,1,,,TODO POLLO - PRESUPUESTO N° 84 SEMANA DEL 02/03/2026 AL 09/03/2026,970305.0,000115,,N
2026,1,1050,1050,2026-03-16 00:00:00,GMADA,2595,2,,R,SUM,1016,2026,S,2026-03-16 00:00:00,1,,,IVANPER REPUESTOS - PRESUPUESTO N°8243  PARA AMBULANCIA DOMINIO PAA334 - PARA COMPRESOR DE PLANTA OXIGENO - PARA MINIBUS AF591SU,75210.0,000115,,N
2026,1,1053,1053,2026-03-16 00:00:00,GMADA,2595,25,,R,SUM,1057,2026,S,2026-03-16 00:00:00,3,,,"Ivanper, presupuesto 8087 ( kyv 375- ae704aw)",238565.0,000115,,N
2026,1,1054,1054,2026-03-16 00:00:00,GMADA,2595,6,,R,SUM,1056,2026,S,2026-03-16 00:00:00,1,,,Corresponde presupuesto N° 00008078 -00008242 IVAN PER,133090.0,000115,,N
2026,1,1056,1055,2026-03-16 00:00:00,GMADA,879,32,,R,SUM,1036,2026,S,2026-03-16 00:00:00,2,,,PRESUPUESTO N° 1072 - CASA HARISGARAT - ARENA PARA RELLENADO DE CANCHA DE TEJO PROGRAMA NUESTROS ABUELOS,12600.0,000115,,N
2026,1,1256,1257,2026-04-09 00:00:00,GMADA,2421,2,,R,SUM,1233,2026,S,2026-04-09 00:00:00,2,,,PRESUPUESTO OTERMI GERMAN CEFERINO CAMBIO DE RASTREADOR SATELITAL SE SACO DE LA AMBULANCIA DOMINIO FJX453  Y SE COLOCA EN AMBULANCIA DOMINIO AG243BV,60000.0,000115,,N
2026,1,1257,1258,2026-04-09 00:00:00,GMADA,3556,2,,R,SUM,1234,2026,S,2026-04-09 00:00:00,2,,,CARACCIOLI EDUARDO PRESUPUESTO ENTREGAS DEL 26/02/26 AL 27/03/2026 EN COCINA DEL HOSPITAL Y COCINA HOGAR DE ANCIANOS,621000.0,000115,,N
2026,1,1258,1259,2026-04-09 00:00:00,GMADA,1573,2,,R,SUM,1237,2026,S,2026-04-09 00:00:00,3,,,DROGUERIA ALBERDI- PRESUPUESTO S/N° 6/04/26,1701850.0,000115,,N
2026,1,1259,1260,2026-04-09 00:00:00,GMADA,395,2,,R,SUM,1238,2026,S,2026-04-09 00:00:00,2,,,LABORATORIO BIOQUIMICO MAR DEL PLATA S.A- PRESUPUESTO S/N° PRACTICAS REALIZADAS EN EL MES DE MARZO,62790.0,000115,,N
2026,1,1628,1628,2026-05-06 00:00:00,GMADA,33,3,,R,SUM,1618,2026,S,2026-05-06 00:00:00,1,,,"ENDOSO POLIZA N° 10946164, DOMINIO AI172SV",1400000.0,000115,,N
2026,1,1629,1629,2026-05-06 00:00:00,GMADA,2369,3,,R,SUM,1616,2026,S,2026-05-06 00:00:00,2,,,"PROV.MERCEDES LA PLATA PRESUP.3412 REPEUSTOS PARA JZH266, INI856,LED010,LAN557",4841830.69,000115,,N
2026,1,1630,1630,2026-05-06 00:00:00,GMADA,1259,25,,R,SUM,1602,2026,S,2026-05-06 00:00:00,2,,,"Electro Dannunzio, presupuesto 30676 (COM)",63756.0,000115,,N
2026,1,1631,1631,2026-05-06 00:00:00,GMADA,1259,25,,R,SUM,1600,2026,S,2026-05-06 00:00:00,2,,,"Electro Dannunzio, presupuesto 30685 (PARA IMPRESORA DE LICENCIAS)",141612.8,000115,,N
2026,1,1632,1632,2026-05-06 00:00:00,GMADA,436,3,,R,SUM,1591,2026,S,2026-05-06 00:00:00,1,,,"PROV. LORENZO BAIGORRIA PRESUP.29/04/2026  PARCHES Y REPARACIONES DE CUBIETAS PARA PPU739,BNA17,KYV355,EFJ13,LED010,HKO983,SVN719,CII58,LED013,BGZ45,UYW682,SOG742,CII59,WECAM,LAN557,",1150000.0,000115,,N
2026,1,1633,1633,2026-05-06 00:00:00,GMADA,688,25,,R,SUM,1603,2026,S,2026-05-06 00:00:00,4,,,"Baterias La Primera, presupuesto 7090 ( TALLER DEL AREA)",130000.0,000115,,N
2026,1,1634,1634,2026-05-06 00:00:00,GMADA,803,3,,R,SUM,1582,2026,S,2026-05-06 00:00:00,2,,,PROV.BLUECAR PRESUP.0571 REPUESTOS PARA CAMION VW 17280 AF947IJ,379264.61,000115,,N
2026,1,2252,2251,2026-06-19 00:00:00,GMADA,2209,2,,R,SUM,2189,2026,S,2026-06-19 00:00:00,1,,,DURANTE JAVIER - PRESUPUESTO N° 1-905  CONSUMO MENSUAL DEL MES,3036579.84,000115,,N
2026,1,2254,2253,2026-06-19 00:00:00,GMADA,688,6,,R,SUM,2217,2026,S,2026-06-19 00:00:00,1,,,"Ramos Osvaldo,Isidro  07151 Motoniveladora Volvo CGs 18.",335000.0,000115,,N
2026,1,2256,2255,2026-06-19 00:00:00,GMADA,688,6,,R,SUM,2216,2026,S,2026-06-19 00:00:00,1,,,"Ramos Osvaldo,Isidro presupuesto 07127.Tractor Pauny 180.",308900.0,000115,,N
2026,1,2257,2256,2026-06-19 00:00:00,GMADA,441,2,,R,SUM,2181,2026,S,2026-06-19 00:00:00,1,,,PAPELERA ALPA - PRESUPUESTO N° 2-3947,112000.0,000115,,N
2026,1,2259,2258,2026-06-19 00:00:00,GMADA,167,H.ANC,,R,SUM,2180,2026,S,2026-06-19 00:00:00,1,,,TODO POLLO - PRESUPUESTO N° 11 SEMANA DEL  01/06/2026 AL 08/06/2026,234500.0,000115,,N
2026,1,2261,2260,2026-06-19 00:00:00,GMADA,441,2,,R,SUM,2178,2026,S,2026-06-19 00:00:00,1,,,PAPELERA ALPA - PRESUPUESTO N° 2-3950,5558.26,000115,,N
2026,1,2263,2262,2026-06-19 00:00:00,GMADA,167,2,,R,SUM,2179,2026,S,2026-06-19 00:00:00,1,,,TODO POLLO - PRESUPUESTO N° 10  SEMANA DEL 01/06/2026 AL 08/06/2026,585750.0,000115,,N
2026,1,2264,2263,2026-06-22 00:00:00,GMADA,688,6,,R,SUM,2213,2026,S,2026-06-22 00:00:00,1,,,"Ramos e Isidro, presupuesto 007146",260500.0,000115,,N
2026,1,2265,2264,2026-06-22 00:00:00,GMADA,688,6,,R,SUM,2214,2026,S,2026-06-22 00:00:00,1,,,"Ramos Osvaldo e Isidro ,presupuesto 7144  Tractor Pauny ! Motoniveladora 160",601500.0,000115,,N
2026,1,2266,2265,2026-06-22 00:00:00,GMADA,2209,H.ANC,,R,SUM,2188,2026,S,2026-06-22 00:00:00,1,,,DURANTE JAVIER- PRESUPUESTO N° 1-905  CONSUMO MENSUAL  DEL MES,1121900.19,000115,,N
2026,1,2267,2266,2026-06-22 00:00:00,GMADA,3075,1,,R,SUM,2275,2026,S,2026-06-22 00:00:00,2,,,"Correa Lorente Juan Martín, presupuesto 0001-00000107",1623233.35,000115,,N
2026,1,2268,2267,2026-06-22 00:00:00,GMADA,2869,2,,R,SUM,2195,2026,S,2026-06-22 00:00:00,1,,,MADA POY - PRESUPUESTO N° 1-1027  SEMANA DEL 27/05/2026 AL 03/806/2026,1627481.0,000115,,N
2026,1,2270,2269,2026-06-22 00:00:00,GMADA,169,1,,R,SUM,2274,2026,S,2026-06-22 00:00:00,2,,,Terranova presupuesto 000633,696600.0,000115,,N
2026,1,2272,2271,2026-06-22 00:00:00,GMADA,1440,2,,R,SUM,2208,2026,S,2026-06-22 00:00:00,2,,,QUALIMED S.A- PRESUPUESTO N° 99,1002946.0,000115,,N
2026,1,2274,2273,2026-06-22 00:00:00,GMADA,2869,2,,R,SUM,2194,2026,S,2026-06-22 00:00:00,1,,,MADA POY - PRESUPUESTO N! 1-1029 SEMANA DEL 27/05/2026 AL 03/06/2026,1887505.0,000115,,N
2026,1,2277,2274,2026-06-22 00:00:00,GMADA,1943,2,,R,SUM,2191,2026,S,2026-06-22 00:00:00,3,,,B-GATE - PRESUPUESTO N° 5-7232,1298451.0,000115,,N
2026,1,2278,2277,2026-06-22 00:00:00,GMADA,850,2,,R,SUM,2147,2026,S,2026-06-22 00:00:00,4,,,PRESUPUESTO N 00003-00016118- UNO ELECTROMEDICINA,80465.0,000115,,N
2026,1,2312,2312,2026-06-24 00:00:00,GMADA,2110,2,,R,SUM,2276,2026,S,2026-06-24 00:00:00,1,,,EXPEDIENTE 1531/2026 FUMEGA EDUARDO PRESUPUESTO REPARACIONES REALIZADAS EN CONSULTORIO DE PEDIATRIA Y HABITACION DE CHOFERES,1050000.0,000115,,N
2026,1,2313,2313,2026-06-24 00:00:00,GMADA,866,2,,R,SUM,2273,2026,S,2026-06-24 00:00:00,2,,,PILOÑA- PRESUPUESTO N° 18/06/26,4171592.9,000115,,N
2026,1,2314,2314,2026-06-24 00:00:00,GMADA,1876,2,,R,SUM,2102,2026,S,2026-06-24 00:00:00,3,,,MAX CONTINENTAL - PRESUPUESTO S/N FECHA 2/6/26 (HOSPITAL),1297324.24,000115,,N
2026,1,2315,2315,2026-06-24 00:00:00,GMADA,3322,2,,R,SUM,2236,2026,S,2026-06-24 00:00:00,2,,,PINAMAR HIGIENE INSTITUCIONAL - PRESUPUESTO N° 16-2643,754300.67,000115,,N
2026,1,2333,2333,2026-06-25 00:00:00,GMADA,3322,2,,R,SUM,2261,2026,S,2026-06-25 00:00:00,2,,,PINAMAR HIGIENE INSTITUCIONAL - PRESUPUESTO N° 16-2647 (HOSPITAL),246147.81,000115,,N
2026,1,2336,2336,2026-06-25 00:00:00,GMADA,3322,2,,R,SUM,2237,2026,S,2026-06-25 00:00:00,2,,,PINAMAR HIGIENE INSTITUCIONAL - PRESUPUESTO N° 16-2638 (HOSPITAL),911085.46,000115,,N
2026,1,2337,2337,2026-06-25 00:00:00,GMADA,2627,H.ANC,,R,SUM,2260,2026,S,2026-06-25 00:00:00,1,,,SANTA PAULA - PRESUPUESTO N° 1-2230 (HOGAR ),40500.0,000115,,N
2026,1,2339,2339,2026-06-25 00:00:00,GMADA,1578,2,,R,SUM,2292,2026,S,2026-06-25 00:00:00,1,,,PRODUCTOS COLOMBRARO - PRESUPUESTO N° 1-408,23000.0,000115,,N
2026,1,2341,2341,2026-06-25 00:00:00,GMADA,3322,2,,R,SUM,2296,2026,S,2026-06-25 00:00:00,1,,,PINAMAR HIGIENE INSTITUCIONAL - PRESUPUESTO N° 16-2651,228121.21,000115,,N
2026,1,2343,2343,2026-06-25 00:00:00,GMADA,3322,2,,R,SUM,2295,2026,S,2026-06-25 00:00:00,2,,,PINAMAR HIGIENE INSTITUCIONAL - PRESUPUESTO N° 16-2653,65848.32,000115,,N
2026,1,2670,2671,2026-07-20 00:00:00,GMADA,2595,6,,R,SUM,2615,2026,S,2026-07-20 00:00:00,1,,,"Ivanper ,presupuesto 00009011",170030.0,000115,,N
2026,1,2671,2672,2026-07-20 00:00:00,GMADA,1527,25,,R,SUM,2617,2026,S,2026-07-20 00:00:00,1,,,Gomeria La Diagonal ( fac 0592),117000.0,000115,,N
2026,1,2675,2676,2026-07-20 00:00:00,GMADA,5,MUSH,,N,SUM,2663,2026,S,2026-07-20 00:00:00,1,,,ANDRES PONSA SA,80400.0,000115,,N
2026,1,2679,2680,2026-07-20 00:00:00,GMADA,169,8,,N,SUM,2644,2026,S,2026-07-20 00:00:00,1,,, PROV.TERRANOVA QUIMICA   - PRES. N°1078- SEC. PRODUCCION- POLO INFORFMATICO,154500.0,000115,,N
2026,1,2680,2681,2026-07-20 00:00:00,GMADA,2385,2,,N,SUM,2613,2026,S,2026-07-20 00:00:00,1,,,PRESUPUESTO LUIS VILLARREAL &CIA.SRL SERVICE MINIBUS DOMINIO AF591SU,193600.0,000115,,N
2026,1,2681,2682,2026-07-20 00:00:00,GMADA,2883,2,,N,SUM,2598,2026,S,2026-07-20 00:00:00,1,,,INSUMOS GENERALES 3F- PRESUPUESTO N° 10/07/2026,1003978.4,000115,,N
2026,1,2682,2683,2026-07-20 00:00:00,GMADA,413,2,,N,SUM,2600,2026,S,2026-07-20 00:00:00,1,,,NEUMATICOS PASO - PRESUPUESTO N° 1-4202  PARA MINIBUS DOMINIO AF591SU,605000.0,000115,,N
2026,1,2684,2685,2026-07-20 00:00:00,GMADA,3322,2,,N,SUM,2599,2026,S,2026-07-20 00:00:00,1,,,PINAMAR HIGIENE INSTITUCIONAL - PRESUPUESTO N° 16-2679 (LAVADERO HOSPITAL),47550.97,000115,,N
2026,1,2685,2686,2026-07-20 00:00:00,GMADA,850,2,,N,SUM,2550,2026,S,2026-07-20 00:00:00,1,,,PROVEEDOR UNO ELECTROMEDICINA - PRESUPUESTO N° 00003-00016472,3487273.4,000115,,N
2026,1,1290,1291,2026-04-10 00:00:00,GMADA,2869,9,,A,SUM,1319,2026,S,2026-04-10 00:00:00,1,2026-05-07 00:00:00,NO,Expte N° 97/26 Mada-Poy Torneo Nacional de Taekwondo ITF.,300000.0,000115,,N
2026,1,1291,1292,2026-04-10 00:00:00,GMADA,3249,9,,R,SUM,1322,2026,S,2026-04-10 00:00:00,1,,,"PREVISION, MICAELA OLIVERA",180000.0,000115,,N
2026,1,1292,1293,2026-04-10 00:00:00,GMADA,1001,SECOP,,R,EXPED,683,2026,S,2026-04-10 00:00:00,4,,,Corresponde Expte N° 683 / 2026 Concurso de precios N° 3/2026 - Compra Utilitario,35600000.0,000010,,N
2026,1,43,43,2026-01-06 00:00:00,GMADA,160,JARDM,,R,PRESU,1160,2026,S,2026-01-06 00:00:00,3,,,pRESUPUESTO n° 0001-00001160-AGROVETERINARIA MARZULLO,9800.0,000000,,N
2026,1,268,268,2026-01-16 00:00:00,GMADA,2869,2,,R,PRESU,945,2026,S,2026-01-16 00:00:00,1,,,MADA POY- PRESUPUESTO N° 0001-00000945 (COCINA) DESDE 26/12/25 AL 1/01/26,1495929.0,000000,,N
2026,1,44,44,2026-01-06 00:00:00,GMADA,169,4,,R,PRESU,1000,2026,S,2026-01-06 00:00:00,3,,,Presupuesto N° 001000 Terranova Quimica de Terranova Lucas Hernan,15000.0,000000,,N
2026,1,48,48,2026-01-06 00:00:00,GMADA,717,4,,R,PRESU,21416,2026,S,2026-01-06 00:00:00,2,,,"Presupuesto N° 021416-Proveduria "" LA ILUSION""-Para Modulo de Protección.",18050.0,000000,,N
2026,1,50,50,2026-01-06 00:00:00,GMADA,183,1,,R,PRESU,0,2026,S,2026-01-06 00:00:00,1,,,Previsión Sadaic,6000000.0,000000,,N
2026,1,54,53,2026-01-06 00:00:00,GMADA,2330,8,,R,PRESU,0,2026,S,2026-01-06 00:00:00,2,,,PROV. COMBUSTIBLE DEL SALADO- SEC PRODUCCION,40866.34,000000,,N
2026,1,57,57,2026-01-06 00:00:00,GMADA,708,GRAN,,R,PRESU,0,2026,S,2026-01-06 00:00:00,1,,,"RENOVACION DE POLIZAS DE AP Y VIDA DE LA GRANJA, AP 13186083 Y VIDA 2212513",1200000.0,000000,,N
2026,1,58,58,2026-01-06 00:00:00,GMADA,708,35,,R,PRESU,0,2026,S,2026-01-06 00:00:00,1,,,"RENOVACION DE POLIZA INTEGRAL OF DE OBRAS PUBLICAS, POLIZA 1039548",1200000.0,000000,,N
2026,1,59,59,2026-01-06 00:00:00,GMADA,2299,TURIS,,R,PRESU,0,2026,S,2026-01-06 00:00:00,1,,,Lagos del Sur - SCIGLIANO - Agua bidon para oficina turismo y delegacion sur.,400000.0,000000,,N
2026,1,60,60,2026-01-06 00:00:00,GMADA,69,TURIS,,R,PRESU,0,2026,S,2026-01-06 00:00:00,2,,,Adrain Gas - Adrain Olivera. Tubos de gas para Delegacion Sur y Oficina de turismo,2925000.0,000000,,N
2026,1,62,62,2026-01-07 00:00:00,GMADA,186,SECGO,,R,PRESU,0,2026,S,2026-01-07 00:00:00,2,,,CORRESPONDE PREVISION ANUAL PASINI MARCELO,9000000.0,000000,,N
2026,1,63,63,2026-01-07 00:00:00,GMADA,282,1,,R,PRESU,0,2026,S,2026-01-07 00:00:00,1,,,Previsión Nuñez Rosa,2000000.0,000000,,N
2026,1,65,65,2026-01-07 00:00:00,GMADA,875,SECGO,,R,PRESU,0,2026,S,2026-01-07 00:00:00,1,,,CORRESPONDE PREVISION DISTINTAS PUBLICACIONES EN EL AÑO,6000000.0,000000,,N
2026,1,67,67,2026-01-07 00:00:00,GMADA,875,1,,R,PRESU,0,2026,S,2026-01-07 00:00:00,1,,,CORRESPONDE PREVISION DISTINTAS PUBLICACIONES DEL AÑO,6000000.0,000000,,N
2026,1,68,68,2026-01-07 00:00:00,GMADA,846,1,,R,PRESU,0,2026,S,2026-01-07 00:00:00,2,,,Previsión Lorente Cecilia,1000000.0,000000,,N
2026,1,69,69,2026-01-07 00:00:00,GMADA,3119,1,,R,PRESU,0,2026,S,2026-01-07 00:00:00,1,,,Espindola Elba Esther,1000000.0,000000,,N
2026,1,70,70,2026-01-07 00:00:00,GMADA,3072,1,,R,PRESU,0,2026,S,2026-01-07 00:00:00,1,,,Correo Oficial de la República Argentina,7000000.0,000000,,N
2026,1,71,71,2026-01-07 00:00:00,GMADA,1551,1,,R,PRESU,0,2026,S,2026-01-07 00:00:00,1,,,PREVISION DE EYRAS VILLAR MARINA,1500000.0,000000,,N
2026,1,91,91,2026-01-08 00:00:00,GMADA,3509,CACUL,,R,PRESU,0,2026,S,2026-01-08 00:00:00,1,,,"POLIZA SEGURO TECNICO INCCA, RIO URUGUAY SEGUROS (RUS) N° 15557",4381980.0,000000,,N
2026,1,95,96,2026-01-08 00:00:00,GMADA,3529,9,,R,PRESU,0,2026,S,2026-01-08 00:00:00,2,,,PRESUPUESTO SIN N° - BRAIAN OSVALDO TISERA / ALQUILER DE BAÑOS QUIMICOS SOLO POR ENERO PARA COLONIA DE VERANO MUNICIPAL,400000.0,000000,,N
2026,1,98,98,2026-01-08 00:00:00,GMADA,2330,9,,R,PRESU,0,2026,S,2026-01-08 00:00:00,2,,,PREVISION SIN N° - COMBUSTIBLE DEL SALADO (YPF) / DIFERENTES TRABAJOS Y LOGISTICA DEL AÑO,294120.0,000000,,N
2026,1,102,101,2026-01-08 00:00:00,GMADA,71,8,,R,PRESU,15620,2026,S,2026-01-08 00:00:00,1,,," PROV. CAMPO Y CIUDAD, RAUL ALBERTO IRIARTE- SEC PRODUCCION15620",92500.0,000000,,N
2026,1,108,108,2026-01-08 00:00:00,GMADA,33,8,,R,PRESU,4357,2026,S,2026-01-08 00:00:00,1,,,"POLIZA 3374357,PROVINCIA SEGUROS(33)",477746.0,000000,,N
2026,1,109,109,2026-01-08 00:00:00,GMADA,1809,9,,R,PRESU,0,2026,S,2026-01-08 00:00:00,1,,,"PREVISION DE SEGUROS DE AP Y RC, DE COMPETENCIAS DURANTE EL AÑO,IAM",4500000.0,000000,,N
2026,1,110,110,2026-01-08 00:00:00,GMADA,1809,4,,R,PRESU,19669,2026,S,2026-01-08 00:00:00,1,,,"POLIZA 19669, IAM",834302.92,000000,,N
2026,1,214,214,2026-01-14 00:00:00,GMADA,3395,3,,R,SUM,232,2026,S,2026-01-14 00:00:00,2,,,PROV. BATERIA  EL PELA  PRESUP.22315 BATERIA PARA PALA SDLG 936 CII58,335000.0,000115,,N
2026,1,215,215,2026-01-14 00:00:00,GMADA,2538,6,,R,SUM,238,2026,S,2026-01-14 00:00:00,1,,,CORRESPONDE PRESUPUESTO RICOTTI FRANCO - CASER DOMINIO FAZ81,145000.0,000115,,N
2026,1,216,216,2026-01-14 00:00:00,GMADA,2450,JARDM,,R,SUM,217,2026,S,2026-01-14 00:00:00,2,,,"PRESUPUESTO  de Labatut, Marcelo de ""LA FRUTERIA""",222900.0,000115,,N
2026,1,217,217,2026-01-14 00:00:00,GMADA,1266,7,,R,SUM,105,2026,S,2026-01-14 00:00:00,3,,," RENOVACION DE ABONO DE ALARMA, 1° CUATRIMESTRE, EXPTE 20/2025",236800.0,000115,,N
2026,1,218,218,2026-01-14 00:00:00,GMADA,57,2,,R,SUM,146,2026,S,2026-01-14 00:00:00,1,,,IMPRENTA EL ARGENTINO. IRMA CRISTINA BONOMI. PRESUPUESTO Nº 548.DIAGNOSTICO POR IMAGENES.,119400.0,000115,,N
2026,1,219,219,2026-01-14 00:00:00,GMADA,2369,3,,R,SUM,176,2026,S,2026-01-14 00:00:00,2,,,PROV. MERCEDES LA PLATA PRESUP.186858 REPARACION PARA IVECO PJY978,849420.0,000115,,N
2026,1,220,220,2026-01-14 00:00:00,GMADA,313,3,,R,SUM,179,2026,S,2026-01-14 00:00:00,1,,,PROV. ATREUCO PUEL COMBUSTIBLE PARA MAQUINAS Y CAMIONES DE ESTA SECRETARIA,8000000.0,000115,,N
2026,1,221,221,2026-01-14 00:00:00,GMADA,1994,3,,R,SUM,182,2026,S,2026-01-14 00:00:00,1,,,PROV. ANDINA 1923 S.A   SERVICIO  DE FLETES PREVISION ANUAL,1000000.0,000115,,N
2026,1,222,222,2026-01-14 00:00:00,GMADA,2538,2,,A,SUM,203,2026,S,2026-01-14 00:00:00,1,2026-01-20 00:00:00,NO,FRANCO RICOTTI - PRESUPUESTO N° 10/12/2025 MOVIL 9 DOMINIO: AB039OI,175000.0,000115,,N
2026,1,224,224,2026-01-14 00:00:00,GMADA,1138,2,,A,SUM,195,2026,S,2026-01-14 00:00:00,1,2026-01-28 00:00:00,NO,PEREZ JORGE- PRESUPUESTO N° 282190 (COCINA) DESDE 16/12/25 AL 23/12/25,108000.0,000115,,N
2026,1,225,225,2026-01-14 00:00:00,GMADA,850,2,,R,SUM,198,2026,S,2026-01-14 00:00:00,3,,,UNO ELECTROMEDICINA- PRESUPUESTO N° 00003-00014647 (LABORATORIO DE ANALISIS),1723517.86,000115,,N
2026,1,228,228,2026-01-14 00:00:00,GMADA,3287,2,,R,SUM,204,2026,S,2026-01-14 00:00:00,2,,,HISPANOGRAF. PRESUPUESTO Nº 01849.BROMATOLOGIA.,225500.0,000115,,N
2026,1,229,229,2026-01-14 00:00:00,GMADA,2595,2,,R,SUM,205,2026,S,2026-01-14 00:00:00,1,,,"IVANPER REPUESTOS. PRESUPUESTOS Nº 7871,8018.DOMINIOS MOVBILES: PAA 334, AA 775 QW,AE 619 QS,AG 180 HE.",98680.0,000115,,N
2026,1,231,231,2026-01-14 00:00:00,GMADA,850,2,,R,SUM,210,2026,S,2026-01-14 00:00:00,3,,,UNO ELECTROMEDICINA- PRESUPUESTO N° 00003-00014651 (LABORATORIO DE ANALISIS),3717618.69,000115,,N
2026,1,233,233,2026-01-14 00:00:00,GMADA,285,2,,R,SUM,212,2026,S,2026-01-14 00:00:00,3,,,RADIOGAFICAOESTE- PRESUPUESTO N° 100052481 (LABORATORIO DE ANALISIS),70455.66,000115,,N
2026,1,234,235,2026-01-14 00:00:00,GMADA,3075,CONTR,,R,SUM,187,2026,S,2026-01-14 00:00:00,1,,,Corresponde presupuesto N° 0001-00000065 - Correa Lorente Juan Martin,122500.0,000115,,N
2026,1,237,237,2026-01-14 00:00:00,GMADA,2593,4,,R,SUM,145,2026,S,2026-01-14 00:00:00,1,,,"PREVISION de Balleto Urrutia, Juan Agustín",500000.0,000115,,N
2026,1,241,241,2026-01-14 00:00:00,GMADA,2330,4,,R,SUM,147,2026,S,2026-01-14 00:00:00,3,,,Corresponde a Previsión de Combustible del Salado -  Desarrollo Social,22257.08,000115,,N
2026,1,265,265,2026-01-15 00:00:00,GMADA,708,9,,R,PRESU,0,2026,S,2026-01-15 00:00:00,2,,,"POLIZA AP N° 13246152, SANCOR SEGUROS",6487.0,000000,,N
2026,1,269,270,2026-01-16 00:00:00,GMADA,2843,4,,R,PRESU,6065,2026,S,2026-01-16 00:00:00,2,,,Presupuesto N°6976065-Fruteria EL NEGRÍN de Rost Tamara Para PROGRAMA ENVION.,87000.0,000000,,N
2026,1,286,286,2026-01-16 00:00:00,GMADA,2770,ASLEG,,R,PRESU,798,2026,S,2026-01-16 00:00:00,2,,,"PRESUPUESTO 798, MARTIN FERNANDO HIJO",36000.0,000000,,N
2026,1,436,436,2026-01-26 00:00:00,GMADA,2259,1,,R,SUM,483,2026,S,2026-01-26 00:00:00,2,,,"Bonomi , Beatriz Isabel. Presentación Rally 2026",160000.0,000115,,N
2026,1,508,508,2026-01-30 00:00:00,GMADA,2209,9,,R,EXPED,3759,2025,S,2026-01-30 00:00:00,1,,,"PRESUPUESTO 000, DURANTE JAVIER",150000.0,000000,,N
2026,1,511,511,2026-02-02 00:00:00,GMADA,3556,2,,R,PRESU,0,2026,S,2026-02-02 00:00:00,2,,,GRANJA AVICOLA LAS MARIAS EDUARDO CARACCIOLI ENTREGAS HOSPITAL Y HOGAR DE ANCIANOS,972000.0,000000,,N
2026,1,521,521,2026-02-02 00:00:00,GMADA,87,2,,R,PRESU,0,2026,S,2026-02-02 00:00:00,2,,,DROGUERIA DANA- PRESUPUESTO N° 28/01/26,1374380.0,000000,,N
2026,1,522,522,2026-02-02 00:00:00,GMADA,441,9,,R,PRESU,420,2026,S,2026-02-02 00:00:00,1,,,PRESUPUESTO N° 3845 - ALPA MADARIAGA  - SELLO SECRETARIO DE DEPORTES,8500.0,000000,,N
2026,1,523,523,2026-02-02 00:00:00,GMADA,2843,4,,R,PRESU,6926952,2026,S,2026-02-02 00:00:00,2,,,"PRESUPUESTO N° X 6926952 de Rost, Tamara de ""FRUTERIA NEGRIN"" Plan Alimento  2026",2047500.0,000000,,N
2026,1,591,591,2026-02-09 00:00:00,GMADA,2593,5,,R,PRESU,1124729,2026,S,2026-02-09 00:00:00,1,,,"PRESUPUESTO 11247296, BALLETTO URRUTIA JUAN",28000.0,000000,,N
2026,1,593,593,2026-02-09 00:00:00,GMADA,2627,2,,R,PRESU,2170,2026,S,2026-02-09 00:00:00,1,,,SANTA PAULA- PRESUPUESTO N° 0001-00002170 - DESDE EL 19/01/26 AL 26/01/26,24100.0,000000,,N
2026,1,598,598,2026-02-10 00:00:00,GMADA,3324,5,,R,PRESU,0,2026,S,2026-02-10 00:00:00,3,,,"PRESUPUESTO 000, PROST EMILIANO AGUSTIN",164735.0,000000,,N
2026,1,752,753,2026-02-23 00:00:00,GMADA,2846,TURIS,,R,PRESU,0,2026,S,2026-02-23 00:00:00,1,,,Cueli Miguel. Alojamiento Rally. DECRETO 78/26.,640000.0,000000,,N
2026,1,755,754,2026-02-23 00:00:00,GMADA,186,TURIS,,R,PRESU,0,2026,S,2026-02-23 00:00:00,1,,,Marcelo Pasini - Hotel London. Alojamiento Rally. Decreto 78/26,540000.0,000000,,N
2026,1,756,756,2026-02-23 00:00:00,GMADA,3322,2,,R,PRESU,2452,2026,S,2026-02-23 00:00:00,2,,,PINAMAR HIGIENE INSTITUCIONAL - PRESUPUESTO N° 16-2452 (COCINA HOSPITAL),70902.9,000000,,N
2026,1,757,757,2026-02-23 00:00:00,GMADA,1259,4,,R,PRESU,30134,2026,S,2026-02-23 00:00:00,2,,,"PRESUPUESTOS N° 00030134/30174/30182/30193/ de Sucesión de D annunzio Jorge Neldo de ELECTRO D ANNUNZIO"" Para oficinas de sede, prestaciones, género, casita de chocolate",81196.44,000000,,N
2026,1,1059,1059,2026-03-17 00:00:00,GMADA,1527,25,,R,SUM,1058,2026,S,2026-03-17 00:00:00,1,,,"Gomeria La Diagonal, presupuesto 0572",203000.0,000115,,N
2026,1,1137,1137,2026-03-27 00:00:00,GMADA,3122,3,,R,SUM,1130,2026,S,2026-03-27 00:00:00,2,,,PROV.BERTRAND BELLEMUR PRESUP.20/03/2026 REPUESTOS PARA VW 17220 LED013 Y LED010,297605.56,000115,,N
2026,1,1138,1138,2026-03-27 00:00:00,GMADA,1514,3,,R,SUM,1109,2026,S,2026-03-27 00:00:00,5,,,PROV.CASA ELICEIRY PRESUP.19/03/2026 ACEITE Y LUBRICANTES PARA VEHICULOS DE ESTA SECRETARIA,1560800.0,000115,,N
2026,1,1139,1139,2026-03-27 00:00:00,GMADA,776,2,,R,SUM,1106,2026,S,2026-03-27 00:00:00,1,,,GOMERIA V+B - PRESUPUESTO N° 1-801 VEHICULO DOMINIO AE619QS,5000.0,000115,,N
2026,1,1140,1140,2026-03-27 00:00:00,GMADA,2627,2,,R,SUM,1127,2026,S,2026-03-27 00:00:00,1,,,SANTA PAULA- PRESUPUESTO N° 0001-00002198 (SEMANA DEL 20/03 AL 27/03/26),46000.0,000115,,N
2026,1,1141,1141,2026-03-27 00:00:00,GMADA,527,2,,R,SUM,1128,2026,S,2026-03-27 00:00:00,2,,,SERVIMED- PRESUPUESTO N° 7427/26 R,117880.0,000115,,N
2026,1,1142,1142,2026-03-27 00:00:00,GMADA,1876,2,,R,SUM,1131,2026,S,2026-03-27 00:00:00,2,,,MAX CONTINENTAL- PRESUPUESTO N° 0001-00160230/235/399,2503959.37,000115,,N
2026,1,1143,1143,2026-03-27 00:00:00,GMADA,2770,2,,R,SUM,1121,2026,S,2026-03-27 00:00:00,1,,,COMPUTACION SYSTEC - PRESUPUESTO N°823,16700.0,000115,,N
2026,1,1144,1144,2026-03-27 00:00:00,GMADA,850,2,,R,SUM,1123,2026,S,2026-03-27 00:00:00,2,,,UNO ELECTROMEDICINA - PRESUPUESTO N° 3-15399,784015.89,000115,,N
2026,1,1145,1145,2026-03-27 00:00:00,GMADA,850,2,,R,SUM,1124,2026,S,2026-03-27 00:00:00,2,,,UNO ELECTROMEDICINA - PRESUPUESTO N° 3-15400,1717529.06,000115,,N
2026,1,1146,1146,2026-03-27 00:00:00,GMADA,141,2,,R,SUM,1122,2026,S,2026-03-27 00:00:00,1,,,PINTURERIA SAGITARIO - PRESUPUESTO S/N FECHA 20/3/26 (SALUD MENTAL HOSPITAL),200628.0,000115,,N
2026,1,1147,1147,2026-03-27 00:00:00,GMADA,171,9,,R,SUM,1125,2026,S,2026-03-27 00:00:00,1,,,REMITOS N° 54952- N°54966- N° 54979 - N° 55008 - ELECTRICIDAD EL GALLEGO - REPARACIONES ELCTRICAS PROGRAMA NUESTROS ABUELOS,74300.0,000115,,N
2026,1,1148,1148,2026-03-27 00:00:00,GMADA,441,9,,R,SUM,1126,2026,S,2026-03-27 00:00:00,1,,,PRESUPUESTO N° 03893 - ALPA MADARIAGA - MATERIALES PARA JUEGOS PROGRAMA NUESTROS ABUELOS,27200.0,000115,,N
2026,1,1279,1280,2026-04-10 00:00:00,GMADA,441,8,,R,PRESU,3910,2026,S,2026-04-10 00:00:00,1,,, PROV.MATIENZO PAOLA AMELIA - PAPELERA ALPA   - PRES. N°3910- SEC. PRODUCCION- MERCADO CONCENTRADOR,11000.02,000000,,N
2026,1,1280,1281,2026-04-10 00:00:00,GMADA,163,6,,R,PRESU,7047,2026,S,2026-04-10 00:00:00,2,,,"PRESUPUESTO 079-7047, ALFIO DISTEFANO",410380.0,000000,,N
2026,1,1281,1282,2026-04-10 00:00:00,GMADA,850,2,,R,PRESU,15477,2026,S,2026-04-10 00:00:00,4,,,UNO ELECTROMEDICINA- PRESUPUESTO N° 00003-00015477,3763857.02,000000,,N
2026,1,1283,1284,2026-04-10 00:00:00,GMADA,141,33,,R,PRESU,1259,2026,S,2026-04-10 00:00:00,1,,,EXPEDIENTE 2414/2025 PRESUPUESTO PINTURERIA SAGITARIO,307123.0,000000,,N
2026,1,1284,1285,2026-04-10 00:00:00,GMADA,1078,2,,R,PRESU,0,2026,S,2026-04-10 00:00:00,2,,,OPAZO DANIEL- PRESUPUESTO N° 6/04/2026 (CONSULTORIO DE PSIQUIATRIA),200000.0,000000,,N
2026,1,1285,1286,2026-04-10 00:00:00,GMADA,300,2,,R,PRESU,7210,2026,S,2026-04-10 00:00:00,1,,,PINTURERIA FERRETERIA TODO COLOR - PRESUPUESTO N° 7210,95495.0,000000,,N
2026,1,1286,1287,2026-04-10 00:00:00,GMADA,3322,2,,A,PRESU,2568,2026,S,2026-04-10 00:00:00,2,2026-04-24 00:00:00,NO,PINAMAR HIGIENE INSTITUCIONAL - PRESUPUESTO N° 16-2568,71215.76,000000,,N
2026,1,1287,1288,2026-04-10 00:00:00,GMADA,3322,2,,R,PRESU,2566,2026,S,2026-04-10 00:00:00,2,,,PINAMAR HIGIENE INSTITUCIONAL - PRESUPUESTO N° 16-2566,186997.38,000000,,N
2026,1,1288,1289,2026-04-10 00:00:00,GMADA,300,2,,R,PRESU,7207,2026,S,2026-04-10 00:00:00,1,,,PINTURERIA FERRETERIA TODO COLOR - PRESUPUESTO N° 7207,218131.0,000000,,N
2026,1,1600,1601,2026-04-30 00:00:00,GMADA,2784,6,,R,PRESU,88694,2026,S,2026-04-30 00:00:00,3,,,"PRESUPUESTO 00013-00088694, NORDEMAQ S.A",69910.52,000000,,N
2026,1,1749,1749,2026-05-12 00:00:00,GMADA,2636,6,,R,PRESU,10416,2026,S,2026-05-12 00:00:00,3,,,Corresponde presupuesto n° 010416- SUAREZ JUAN MANUEL,106500.0,000000,,N
2026,1,1754,1754,2026-05-12 00:00:00,GMADA,3395,25,,R,PRESU,0,2026,S,2026-05-12 00:00:00,3,,,"Baterias El Pela, presupuesto ( COM)",592000.0,000000,,N
2026,1,1756,1756,2026-05-12 00:00:00,GMADA,195,25,,R,PRESU,210737,2026,S,2026-05-12 00:00:00,2,,,"Casa Blanco, presupuesto 210737 ( COM)",702482.1,000000,,N
2026,1,1757,1757,2026-05-13 00:00:00,GMADA,2151,17,,R,PRESU,566,2026,S,2026-05-13 00:00:00,2,,,PROV. HERNAN JAUREGUIBERRY PRESUPUESTO 566 PARA MOTOGUADAÑA VIVERO MUNICIPAL,16000.0,000000,,N
2026,1,1774,1774,2026-05-13 00:00:00,GMADA,160,2,,R,PRESU,1194,2026,S,2026-05-13 00:00:00,1,,,AGROVETERINARIA MARZULLO - PERSUPUESTO N° 1-1194,10257.0,000000,,N
2026,1,1775,1775,2026-05-13 00:00:00,GMADA,578,3,,R,PRESU,1121,2026,S,2026-05-13 00:00:00,2,,,PROV. ITURRARTE JORGE ALBERTO PRESUP.1121 REPUESTOS PARA  CAMION AE3588ZF,116029.25,000000,,N
2026,1,1776,1776,2026-05-13 00:00:00,GMADA,688,8,,R,PRESU,7112,2026,S,2026-05-13 00:00:00,1,,,PROV.BATERIAS LA PRIMERA S.H- RAMOS OSVALDO R. Y ISIDRO JUAN C.. PRES.  N°7112- SEC. PRODUCCI,36200.0,000000,,N
2026,1,1777,1777,2026-05-13 00:00:00,GMADA,169,GRAN,,R,PRESU,1054,2026,S,2026-05-13 00:00:00,2,,,"PRESUPUESTOS N° 001054 / 1057 de Terranova Lucas Hernán de ""TERRANOVAQUIMICA"" Para uso de la granja",31100.0,000000,,N
2026,1,1778,1778,2026-05-13 00:00:00,GMADA,2450,2,,R,PRESU,0,2026,S,2026-05-13 00:00:00,1,,,LA FRUTERIA CONCUMO DEL  01/04/2026 AL 30/04/2026 (HOSPITAL Y HOGAR DE ANCIANOS ),3005500.0,000000,,N
2026,1,1779,1779,2026-05-13 00:00:00,GMADA,2450,2,,R,PRESU,0,2026,S,2026-05-13 00:00:00,1,,,LA FRUTERIA -  CONSUMO DEL 01/04/2026 AL 30/04/2026  (HOSPITAL Y HOGAR DE ANCIANOS,5069200.0,000000,,N
2026,1,1780,1780,2026-05-13 00:00:00,GMADA,167,2,,R,PRESU,96,2026,S,2026-05-13 00:00:00,1,,,TODO POLLO - PRESUPUESTO N° 96 CONSUMO DEL 21/04/206 AL 28/04/2026,784600.0,000000,,N
2026,1,1781,1781,2026-05-13 00:00:00,GMADA,879,29,,R,PRESU,1071,2026,S,2026-05-13 00:00:00,2,,,"TATANO HARISGARAT S.R.L,   PRESUPUESTOS X001-1071/ 1086/ 1092/ 1102",97240.0,000000,,N
2026,1,1789,1789,2026-05-13 00:00:00,GMADA,1259,1,,R,PRESU,30753,2026,S,2026-05-13 00:00:00,1,,,"Sucesión  de D annunzio Jorge,presupuesto 00030753,30762",323740.2,000000,,N
2026,1,1790,1790,2026-05-13 00:00:00,GMADA,441,2,,R,PRESU,3923,2026,S,2026-05-13 00:00:00,1,,,PAPELERA ALPA - PRESUPUESTO N° 2-3923  OFICINA SAMO - COCINA - GUARDIA,105420.58,000000,,N
2026,1,1791,1791,2026-05-13 00:00:00,GMADA,2869,2,,R,PRESU,1019,2026,S,2026-05-13 00:00:00,1,,,MADA POY - PRESUPUESTO N° 1-1019 CONSUMO DEL 28/04/2026 AL 04/05/2026,1769365.0,000000,,N
2026,1,1792,1792,2026-05-13 00:00:00,GMADA,1603,CASA,,R,PRESU,6939067,2026,S,2026-05-13 00:00:00,2,,,"PRESUPUESTO N° X 6939067 de Garcia, Gladys de ""PANADERIA ALEM""",79800.0,000000,,N
2026,1,1794,1794,2026-05-13 00:00:00,GMADA,879,JARDM,,R,PRESU,1060,2026,S,2026-05-13 00:00:00,3,,,"PRESUPUESTO N° X 0001-00001060/1061/1082/ de Tatano Harisgarat S.R.L. de ""CASA HARISGARAT"" Para arreglos en la Casita de Chocolate",217490.0,000000,,N
2026,1,1796,1796,2026-05-13 00:00:00,GMADA,3337,6,,R,PRESU,617,2026,S,2026-05-13 00:00:00,1,,,"PRESUPUESTO 617, GARCIA FEDERICO",1187322.0,000000,,N
2026,1,1798,1798,2026-05-13 00:00:00,GMADA,1267,6,,R,PRESU,616,2026,S,2026-05-13 00:00:00,1,,,"PRESUPUESTO 616, SORAGNI SILVIA ALEJANDRA",731628.0,000000,,N
2026,1,1908,1906,2026-05-22 00:00:00,GMADA,3585,25,,R,SUM,1906,2026,S,2026-05-22 00:00:00,3,,,Expte. 3538 Bignone Esteban presupuesto 0005-00002342,1998000.0,000115,,N
2026,1,1912,1911,2026-05-22 00:00:00,GMADA,2209,2,,R,SUM,1859,2026,S,2026-05-22 00:00:00,1,,,DURANTE JAVIER - PRESUPUESTO N° 1-897,3069905.59,000115,,N
2026,1,1952,1951,2026-05-28 00:00:00,GMADA,68,CACUL,,R,SUM,1943,2026,S,2026-05-28 00:00:00,1,,,ATMOSFERICO LA PRIMERA,460000.0,000115,,N
2026,1,1953,1952,2026-05-28 00:00:00,GMADA,167,2,,R,SUM,1917,2026,S,2026-05-28 00:00:00,1,,,TODO POLLO - PRESUPUESTO N° 3  SEMANA DEL 11/05/2026 AL 18/05/2026,574350.0,000115,,N
2026,1,1954,1953,2026-05-28 00:00:00,GMADA,3336,3,,R,SUM,1928,2026,S,2026-05-28 00:00:00,2,,,PROV. ROCIO MORALES PRESUP.26/05 REPARACION DE VW 17220 LED013,630000.0,000115,,N
2026,1,1956,1955,2026-05-28 00:00:00,GMADA,2627,H.ANC,,R,SUM,1894,2026,S,2026-05-28 00:00:00,2,,,SANTA PAULA - PRESUPUESTO N° 2-3587 (HOGAR HOSPITAL),59300.0,000115,,N
2026,1,1957,1956,2026-05-28 00:00:00,GMADA,413,3,,R,SUM,1909,2026,S,2026-05-28 00:00:00,1,,,PROV. AGUSTIN PASO PRESUP.4155 CUBIERTAS PARA MINICARGADORA MUSTANG BMV14,440000.0,000115,,N
2026,1,1959,1958,2026-05-28 00:00:00,GMADA,68,4,,R,SUM,1904,2026,S,2026-05-28 00:00:00,2,,,"PRESUPUESTO N° X 9094954 de Sergio Favian Peyrano de ""ATMOSFERICO LA PRIMERA""",1200000.0,000115,,N
2026,1,1962,1961,2026-05-28 00:00:00,GMADA,1547,CACUL,,R,SUM,1950,2026,S,2026-05-28 00:00:00,1,,,MARCOS MENDEZ,180000.0,000115,,N
2026,1,1964,1963,2026-05-28 00:00:00,GMADA,441,2,,R,SUM,1918,2026,S,2026-05-28 00:00:00,1,,,PAPELERA ALPA - PRESUPUESTO N° 2-3933  COSTURERIA - SAMO,16990.46,000115,,N
2026,1,1965,1964,2026-05-28 00:00:00,GMADA,2593,MUSEO,,R,SUM,1930,2026,S,2026-05-28 00:00:00,1,,,"JUAN BALLETO,  PRESUPUESTO",88500.0,000115,,N
2026,1,1966,1965,2026-05-28 00:00:00,GMADA,2110,MUSEO,,R,SUM,1933,2026,S,2026-05-28 00:00:00,1,,,"EDUARDO FUMEGA,  PRESUPUESTO 566",200000.0,000115,,N
2026,1,1967,1966,2026-05-28 00:00:00,GMADA,2110,ARCHI,,R,SUM,1931,2026,S,2026-05-28 00:00:00,1,,,"EDUARDO FUMEGA,  PRESUPUESTO 565",170000.0,000115,,N
2026,1,1968,1968,2026-05-28 00:00:00,GMADA,2110,MUSH,,R,SUM,1932,2026,S,2026-05-28 00:00:00,1,,,"EDUARDO FUMEGA,  PRESUPUESTO 567",500000.0,000115,,N
2026,1,1980,1979,2026-05-28 00:00:00,GMADA,3220,25,,R,SUM,1881,2026,S,2026-05-28 00:00:00,2,,,"Ricciuto, presupuesto 029 (AC 548 KJ)",2000000.0,000115,,N
2026,1,1982,1981,2026-05-28 00:00:00,GMADA,3220,25,,R,SUM,1880,2026,S,2026-05-28 00:00:00,2,,,"Ricciuto, presupuesto 030 ( Gol trend ab 038 fg)",1700000.0,000115,,N
2026,1,1983,1982,2026-05-28 00:00:00,GMADA,57,2,,R,SUM,1892,2026,S,2026-05-28 00:00:00,1,,,IMPRENTA EL ARGENTINO - PRESUPUESTO N° 567( HOSPITAL),125000.0,000115,,N
2026,1,1986,1985,2026-05-28 00:00:00,GMADA,866,2,,R,SUM,1912,2026,S,2026-05-28 00:00:00,2,,,PILOÑA- PRESUPUESTO N° 1655773,791586.0,000115,,N
2026,1,1989,1988,2026-05-28 00:00:00,GMADA,3184,2,,R,SUM,1913,2026,S,2026-05-28 00:00:00,2,,,DROGUERIA PERDOMINICI- PRESUPUESTO N° 22/05/26,275923.8,000115,,N
2026,1,2014,2013,2026-06-01 00:00:00,GMADA,3104,6,,R,SUM,1987,2026,S,2026-06-01 00:00:00,2,,,"Teza Leandro Agustín,presupuesto 7801",550000.0,000115,,N
2026,1,2141,2140,2026-06-10 00:00:00,GMADA,1603,4,,R,PRESU,39072,2026,S,2026-06-10 00:00:00,2,,,Presupuesto N° 6939072-Panaderia Alem de Garcia Gladys-Programa ESFUERZO SOLIDARIO.,266000.0,000000,,N
2026,1,2143,2142,2026-06-10 00:00:00,GMADA,1289,3,,R,PRESU,0,2026,S,2026-06-10 00:00:00,2,,,PROV. VIEJO PETRO PRESUP.05/06/26  REPARACION DE INYECTORES Y  BOMBA INYECTORA PARA CAMION  IVECO PPU739,3408700.0,000000,,N
2026,1,2159,2158,2026-06-10 00:00:00,GMADA,2151,9,,R,PRESU,668,2026,S,2026-06-10 00:00:00,3,,,"PRESUPUESTO 668, JAUREGUIBERRY HERNAN",693700.0,000000,,N
2026,1,2171,2170,2026-06-11 00:00:00,GMADA,1994,SECGO,,R,EXPED,3538,2026,S,2026-06-11 00:00:00,2,,," CORRESPONDEEXPTE 3538/25, ANDINA 1923 S.A",450000.0,000000,,N
2026,1,2173,2172,2026-06-11 00:00:00,GMADA,2310,23,,R,PRESU,7913,2026,S,2026-06-11 00:00:00,3,,,"PRESUPUESTO 11-7913, CALABRO JORGE GUILLERMO",185230.38,000000,,N
2026,1,2176,2175,2026-06-11 00:00:00,GMADA,452,6,,R,PRESU,2927,2026,S,2026-06-11 00:00:00,2,,,"PRESUPUESTO 2927, ABDO JOSE",670000.0,000000,,N
2026,1,2178,2177,2026-06-11 00:00:00,GMADA,19,23,,R,PRESU,3102,2026,S,2026-06-11 00:00:00,2,,,"PRESUPUESTO 3102, CIMOS INOCENCIO",39000.0,000000,,N
2026,1,2179,2178,2026-06-11 00:00:00,GMADA,3482,8,,R,PRESU,0,2026,S,2026-06-11 00:00:00,1,,, PROV. MARC ALICIA BEATRIZ - PRESUP. 01/05/2026- SEC PRODUCCION-,540000.0,000000,,N
2026,1,2181,2180,2026-06-11 00:00:00,GMADA,2330,8,,R,PRESU,0,2026,S,2026-06-16 00:00:00,2,,,PROV. COMBUSTIBLE DEL SALADO- SEC PRODUCCION- PREVISION,176686.8,000000,,N
2026,1,2184,2184,2026-06-11 00:00:00,GMADA,2985,9,,R,PRESU,0,2026,S,2026-06-11 00:00:00,2,,,PRESUPUESTO LUMINARIA DEPORTIVA  PARA ESTADIO MUNICIPAL,582494.0,000000,,N
2026,1,2194,2193,2026-06-11 00:00:00,GMADA,1002,23,,R,PRESU,0,2026,S,2026-06-11 00:00:00,1,,,"PRESUPUESTO 000, MARIA ELENA MELON GIL,EXPTE.1584/26",1300000.0,000000,,N
2026,1,2195,2194,2026-06-11 00:00:00,GMADA,3491,25,,R,PRESU,0,2026,S,2026-06-11 00:00:00,3,,,FG iluminacion- presupuesto ( camino rural- cpr),528165.0,000000,,N
2026,1,2358,2358,2026-06-26 00:00:00,GMADA,2770,8,,R,PRESU,2352,2026,S,2026-06-26 00:00:00,2,,,PROV. MARTIN FERNANDO - COMPUTACION SYSTEC    - PRES. N°851- SEC. PRODUCCION-,18500.0,000000,,N
2026,1,2362,2362,2026-06-26 00:00:00,GMADA,2804,8,,R,PRESU,0,2026,S,2026-06-26 00:00:00,2,,,"PRESUPUESTO 000, GAREN ORLANDO,PREVISION",400000.0,000000,,N
2026,1,2366,2366,2026-06-26 00:00:00,GMADA,169,25,,R,PRESU,1061,2026,S,2026-06-26 00:00:00,2,,,"Terranova Quimica, presupuesto 1061 ( mantenimiento)",12400.0,000000,,N
2026,1,2369,2369,2026-06-26 00:00:00,GMADA,3287,25,,R,PRESU,1896,2026,S,2026-06-26 00:00:00,2,,,"Hispanograf, presupuesto 1896 ( Inspeccion )",209000.0,000000,,N
2026,1,2372,2372,2026-06-26 00:00:00,GMADA,2770,25,,R,PRESU,843,2026,S,2026-06-26 00:00:00,2,,,"Computacion Systec, presupuesto 0843 ( COM )",66350.0,000000,,N
2026,1,2406,2406,2026-06-30 00:00:00,GMADA,3395,24,,R,SUM,2375,2026,S,2026-06-30 00:00:00,2,,,"PRESUPUESTO 2212153, PECORARI YANINA GISELLE",195000.0,000115,,N
2026,1,2408,2408,2026-06-30 00:00:00,GMADA,826,1,,R,SUM,2377,2026,S,2026-06-30 00:00:00,1,,,"PRESUPUESTO 6920852, MAIZ SUSANA",95000.0,000115,,N
2026,1,2409,2409,2026-06-30 00:00:00,GMADA,3297,6,,R,SUM,2383,2026,S,2026-06-30 00:00:00,2,,,"PRESUPUESTO 107, ISIDRO-SANTOS",216000.0,000115,,N
2026,1,2415,2415,2026-06-30 00:00:00,GMADA,2365,1,,R,SUM,2411,2026,S,2026-06-30 00:00:00,1,,,Farias Gonzalez Joaquín . Expo Educativo  2026  .Expte 1584/26.,252000.0,000115,,N
2026,1,2416,2416,2026-06-30 00:00:00,GMADA,216,1,,R,SUM,2412,2026,S,2026-06-30 00:00:00,1,,,"Taller Protegido ,prespuesto 3397734",78000.0,000029,,N
2026,1,2419,2419,2026-06-30 00:00:00,GMADA,866,2,,R,SUM,366,2026,S,2026-06-30 00:00:00,1,,,PILOÑA- PRESUPUESTO N° 1657588,1122240.0,000115,,N
2026,1,2464,2464,2026-07-06 00:00:00,GMADA,2883,2,,R,SUM,2404,2026,S,2026-07-06 00:00:00,1,,,INSUMOS GENERALES 3 F- PRESUPUESTO N° 18/05/26,309314.92,000115,,N
2026,1,2465,2465,2026-07-06 00:00:00,GMADA,3075,2,,R,RESOL,2415,2026,S,2026-07-06 00:00:00,1,,,PRESUPUESTO 110 CORREA JUAN MARTIN,44723.28,000115,,N
2026,1,2466,2466,2026-07-06 00:00:00,GMADA,2663,2,,R,SUM,2420,2026,S,2026-07-06 00:00:00,1,,,ALAIS PHARMA S.A- PRESUPUESTO N° 0001-00020787,379298.4,000115,,N
2026,1,2479,2479,2026-07-06 00:00:00,GMADA,1962,1,,R,SUM,2500,2026,S,2026-07-06 00:00:00,1,,, Escobar Juan Carlos,19000.0,000115,,N
2026,1,2483,2483,2026-07-06 00:00:00,GMADA,850,2,,R,SUM,2360,2026,S,2026-07-06 00:00:00,3,,,PROVEEDOR UNO ELECTROMEDICINA - PRESUPUESTO N° 00003-00016219,354080.56,000115,,N
2026,1,2485,2485,2026-07-06 00:00:00,GMADA,2883,2,,R,SUM,2370,2026,S,2026-07-06 00:00:00,2,,,PROVEEDOR INSUMOS GENERALES 3 F -PRESUPUESTO N° 21/05/2026,37752.0,000115,,N
2026,1,2486,2487,2026-07-06 00:00:00,GMADA,850,2,,R,SUM,2371,2026,S,2026-07-06 00:00:00,3,,,PROVEEDOR  UNO ELECTROMEDICINA - PRESUPUESTO N° 00003-00016309,893873.45,000115,,N
2026,1,2488,2488,2026-07-06 00:00:00,GMADA,171,CACUL,,R,SUM,2405,2026,S,2026-07-06 00:00:00,1,,,ELECTRICIDAD EL GALLEGO DE JUAN ALBERTO SANCHEZ PRESUPUESTO N° 55902,425000.0,000115,,N
2026,1,2537,2537,2026-07-13 00:00:00,GMADA,300,3,,R,SUM,2517,2026,S,2026-07-13 00:00:00,1,,,PROV. SILVIA MAISTEGUI PRESUP.7244 PARA BANCOS DE ESPACIOS PUBLICOS Y DEFENSA  CIVIL,552520.0,000115,,N
2026,1,2539,2539,2026-07-13 00:00:00,GMADA,300,3,,R,SUM,2516,2026,S,2026-07-13 00:00:00,1,,,PROV.SILVIA MAISTEGUI  PRESUP.7235 PARA PINTAR BANCOS Y JUEGOS  EN ESPACIOS PUBLICOS,426722.0,000115,,N
2026,1,2541,2541,2026-07-13 00:00:00,GMADA,578,3,,R,SUM,2515,2026,S,2026-07-13 00:00:00,2,,,PROV.ITURRARTE JORGE PRESP.5405 REPUESTOS PARA MOTONIVELADORA VOLVO G710,3023786.31,000115,,N
2026,1,1914,1913,2026-05-22 00:00:00,GMADA,2869,2,,R,SUM,1857,2026,S,2026-05-22 00:00:00,1,,,MADA POY - PRESUPUESTO N° 1-1021 SEMANA DEL 06/05/2026 AL 13/05/2026,1932440.0,000115,,N
2026,1,2073,2072,2026-06-05 00:00:00,GMADA,300,3,,R,SUM,2017,2026,S,2026-06-05 00:00:00,1,,,PROV.SILVIA MAISTEGUI  PRESUP.7221 PARA VIVERO MUNICIPAL  LED010 ARMADO DE TRIBUNAS,234597.0,000115,,N
2026,1,2074,2073,2026-06-05 00:00:00,GMADA,300,3,,R,SUM,2019,2026,S,2026-06-05 00:00:00,1,,,PROV.SILVIA MAISTEGUI PRESP.7234 PARA TRABAJOS CORRALON MUNICIPAL,240560.0,000115,,N
2026,1,2075,2074,2026-06-05 00:00:00,GMADA,300,22,,R,SUM,2020,2026,S,2026-06-05 00:00:00,1,,,PROV.  SILVIA MAISGTEGUI PRESUP.7229,169528.0,000115,,N
2026,1,2076,2075,2026-06-05 00:00:00,GMADA,33,2,,R,SUM,2057,2026,S,2026-06-05 00:00:00,1,,,"RENOVACION POLIZA, PCIA SEGUROS(33), POLIZA 3374536, ENDOSO",250000.0,000115,,N
2026,1,2077,2076,2026-06-05 00:00:00,GMADA,300,22,,R,SUM,2039,2026,S,2026-06-05 00:00:00,1,,,PROV.SILVIA MAISTEGUI PRESUP.7220 PARA ARREGLOS DEFENSA CIVIL,401487.0,000115,,N
2026,1,2078,2077,2026-06-05 00:00:00,GMADA,19,1,,R,SUM,2059,2026,S,2026-06-05 00:00:00,1,,,Cimos Inocencio presupuesto 0002-00003125,170000.0,000115,,N
2026,1,2079,2078,2026-06-05 00:00:00,GMADA,2843,4,,R,SUM,2054,2026,S,2026-06-05 00:00:00,2,,,"Presupuesto N° 6926960-Fruteria ""EL NEGRIN"" de ROST TAMARA.-PARA PROGRAMA DIETAS",991000.0,000115,,N
2026,1,2080,2079,2026-06-05 00:00:00,GMADA,2843,4,,R,SUM,2055,2026,S,2026-06-05 00:00:00,2,,,Presupuesto N° 6976069 FRUTERIA NEGRIN de ROST TAMARA- PARA PROGRAMA ESFUERZO SOLIDARIO.,336000.0,000115,,N
2026,1,2081,2080,2026-06-05 00:00:00,GMADA,2843,4,,R,SUM,2060,2026,S,2026-06-05 00:00:00,2,,,"PRESUPUESTO N° X 6976068 de Rost, Tamara de ""FRUTERIA EL NEGRIN"" plan alimentario 2026",1387500.0,000115,,N
2026,1,2090,2089,2026-06-05 00:00:00,GMADA,2595,22,,R,SUM,2042,2026,S,2026-06-05 00:00:00,1,,,PROV.IVANPERICO PRESUP.8777 REPUESTOS PARA SNG650,108755.0,000115,,N
2026,1,2091,2090,2026-06-05 00:00:00,GMADA,2595,3,,R,SUM,2047,2026,S,2026-06-05 00:00:00,1,,,"PROV.IVANPERICO PRESUP.8630 REPUESTOS PARA XNE244, PJY978",248440.0,000115,,N
2026,1,2092,2091,2026-06-05 00:00:00,GMADA,3356,H.ANC,,R,SUM,2026,2026,S,2026-06-05 00:00:00,2,,,PEREZ ERNESTO - PRESUPUESTO  22982024 SEMANA DEL 14/05/2026/ AL 21/05/2026,78750.0,000115,,N
2026,1,2093,2092,2026-06-05 00:00:00,GMADA,3356,2,,R,SUM,2027,2026,S,2026-06-05 00:00:00,2,,,PEREZ ERNESTO - PRESUPUESTO 22982023  SEMANA DEL 13/05/2026 AL 20/05/2026,189000.0,000115,,N
2026,1,2094,2093,2026-06-05 00:00:00,GMADA,3356,H.ANC,,R,SUM,2028,2026,S,2026-06-05 00:00:00,2,,,PEREZ ERNESTO - PRESUPUESTO 22982022 SEMANA DEL 03/05/2026 AL 10/05/2026,88357.5,000115,,N
2026,1,2095,2094,2026-06-05 00:00:00,GMADA,3356,2,,R,SUM,2029,2026,S,2026-06-05 00:00:00,2,,,PEREZ ERNESTO - PRESUPUESTO 22982020 SEMANA DEL 30/04/2026 AL 06/05/2026,189000.0,000115,,N
2026,1,2096,2095,2026-06-05 00:00:00,GMADA,3356,H.ANC,,R,SUM,2031,2026,S,2026-06-05 00:00:00,2,,,PEREZ ERNESTO - PRESUPUESTO 22982018 SEMANA DEL 29/04/2026 AL  03/05/2026,95000.0,000115,,N
2026,1,2097,2096,2026-06-05 00:00:00,GMADA,3322,2,,R,SUM,2032,2026,S,2026-06-05 00:00:00,2,,,PINAMAR HIGIENE INSTITUCIONAL - PRESUPUESTO N° 16-2634,618257.31,000115,,N
2026,1,2098,2097,2026-06-05 00:00:00,GMADA,3322,2,,R,SUM,2034,2026,S,2026-06-05 00:00:00,2,,,PINAMAR HIGIENE INSTITUCIONAL - PRESUPUESTO N° 16-2635 (COCINA HOSPITAL),81787.7,000115,,N
2026,1,2099,2098,2026-06-05 00:00:00,GMADA,1603,2,,R,SUM,2035,2026,S,2026-06-05 00:00:00,1,,,PANADERIA ALEM - PRESUPUESTO 6939071  CONSUMO DEL 01/05/2026 AL 31/05/2026,806400.0,000115,,N
2026,1,2101,2100,2026-06-05 00:00:00,GMADA,3583,2,,R,SUM,2036,2026,S,2026-06-05 00:00:00,1,,,ELECTRO DANNUNZIO - PRESUPUESTO N° 914  INTERNACION - CONSULTORIOS - GUARDIA,88408.03,000115,,N
2026,1,2102,2101,2026-06-05 00:00:00,GMADA,527,2,,R,SUM,2037,2026,S,2026-06-05 00:00:00,5,,,SERVIMED - PRESUPUESTO N° 1401/26  EQUIPAMIENTO PARA AMBULANCIA DOMINIO AG243BV,290332.0,000115,,N
2026,1,2103,2102,2026-06-08 00:00:00,GMADA,2575,2,,R,SUM,2110,2026,S,2026-06-08 00:00:00,2,,,PRESUPUESTO SAPETTI GUSTAVO TRASLADO ARRIOLA MIGUELINA DE BS AS A MADARIAGA,1605000.0,000115,,N
2026,1,2293,2293,2026-06-23 00:00:00,GMADA,2627,2,,R,SUM,2227,2026,S,2026-06-23 00:00:00,1,,,SANTA PAULA - PRESUPUESTO N° 1-2231,141000.0,000115,,N
2026,1,2294,2294,2026-06-23 00:00:00,GMADA,171,2,,R,SUM,2122,2026,S,2026-06-23 00:00:00,2,,,ELECTRICIDAD EL GALLEGO - PRESUPUESTO N° 1-55733 (HOSPITAL),59400.0,000115,,N
2026,1,2295,2295,2026-06-23 00:00:00,GMADA,3075,2,,R,SUM,2123,2026,S,2026-06-23 00:00:00,1,,,JUAN MARTIN CORREA - PRESUPUESTO N° 1-106 (HOSPITAL),57795.59,000115,,N
2026,1,2296,2296,2026-06-23 00:00:00,GMADA,3322,2,,R,SUM,2124,2026,S,2026-06-23 00:00:00,2,,,PINAMAR HIGIENE INSTITUCIONAL - PRESUPUESTO N° 16-2639 (HOSPITAL),197544.96,000115,,N
2026,1,2297,2297,2026-06-23 00:00:00,GMADA,3322,2,,R,SUM,2125,2026,S,2026-06-23 00:00:00,2,,,PINAMAR HIGIENE INSTITUCIONAL - PRESUPUESTO N° 2633 - 2640 -2641- 2642 -,228512.4,000115,,N
2026,1,2298,2298,2026-06-23 00:00:00,GMADA,688,2,,R,SUM,2228,2026,S,2026-06-23 00:00:00,1,,,BATERIAS LA PRIMERA - PRESUPUESTO N° 7138 - 7147 -  7172 CAMIONETA KYV372 - AMBULANCIA  DOMINIO PAA 334 - AMBULANCIA DOMINIO  AA775QW,223200.0,000115,,N
2026,1,2299,2299,2026-06-23 00:00:00,GMADA,688,2,,R,SUM,2231,2026,S,2026-06-23 00:00:00,1,,,BATERIAS LA PRIMERA - PRESUPUESTO N° 7131 AMBULANCIA DOMINIO AA775QW,43000.0,000115,,N
2026,1,2300,2300,2026-06-23 00:00:00,GMADA,688,2,,R,SUM,2232,2026,S,2026-06-23 00:00:00,1,,,BATERIAS LA PRIMERA - PRESUPUESTO N° 7155 PARA AMBULANCIA FJX453,326000.0,000115,,N
2026,1,2301,2301,2026-06-23 00:00:00,GMADA,688,2,,R,SUM,2233,2026,S,2026-06-23 00:00:00,1,,,BATERIAS LA PRIMERA - PRESUPUESTO N° 7162  CAMIONETA DOMINIO KYV372,252000.0,000115,,N
2026,1,2302,2302,2026-06-23 00:00:00,GMADA,3322,2,,R,SUM,2238,2026,S,2026-06-23 00:00:00,2,,,PINAMAR HIGIENE INSTITUCIONAL - PRESUPUESTO N° 16-2649 (COCINA HOSPITAL),50395.19,000115,,N
2026,1,2303,2303,2026-06-23 00:00:00,GMADA,1943,2,,R,SUM,2234,2026,S,2026-06-23 00:00:00,2,,,B-GATE - PRESUPUESTO N° 5-7977,582978.0,000115,,N
2026,1,2304,2304,2026-06-23 00:00:00,GMADA,1078,2,,R,SUM,2235,2026,S,2026-06-23 00:00:00,3,,,DANIEL OPAZO - PRESUPUESTO S/N FECHA 16/6/26 (HOSPITAL),200000.0,000115,,N
2026,1,2305,2305,2026-06-23 00:00:00,GMADA,193,25,,R,SUM,2270,2026,S,2026-06-23 00:00:00,1,,,Coema L.t.d.a (para tendido electrico en camino rural),147378.0,000115,,N
2026,1,2306,2306,2026-06-23 00:00:00,GMADA,1078,25,,R,SUM,2240,2026,S,2026-06-23 00:00:00,2,,,"Electricidad Opazo, presupuesto (TRABAJO EN COMISARIA COMUNAL)",270000.0,000115,,N
2026,1,2544,2544,2026-07-13 00:00:00,GMADA,1147,3,,A,SUM,2518,2026,S,2026-07-13 00:00:00,4,2026-07-16 00:00:00,NO,PROV. ITAR PRESUP.104795 HORMIGON H30 PARA BACHEO CALLE BS.AS E/ITUÑO Y EL TALA,1456271.52,000115,,N
2026,1,2547,2548,2026-07-13 00:00:00,GMADA,3332,3,,R,SUM,2496,2026,S,2026-07-13 00:00:00,1,,,PROV. ANA PAOLA RODRIGUEZ PRESUP.0228 CARGA DE  GAS PARA SOLDAR,189200.0,000115,,N
2026,1,2552,2552,2026-07-13 00:00:00,GMADA,692,1,,R,SUM,2555,2026,S,2026-07-13 00:00:00,1,,,"Maiolo.Ronda de Promoción de Inversores"".Expte 1570/25",1000000.0,000115,,N
2026,1,2579,2579,2026-07-15 00:00:00,GMADA,300,2,,R,SUM,2508,2026,S,2026-07-15 00:00:00,1,,,PINTURERIA FERRETERIA TODO COLOR - PRESUPUESTO N°7237 (HOSPITAL),214466.0,000115,,N
2026,1,2595,2595,2026-07-15 00:00:00,GMADA,163,6,,R,SUM,2572,2026,S,2026-07-15 00:00:00,1,,,"PRESUPUESTO 079-7106,ALFIO DISTEFANO",4759500.0,000115,,N
2026,1,2596,2596,2026-07-15 00:00:00,GMADA,612,2,,R,SUM,2521,2026,S,2026-07-15 00:00:00,3,,,MARZULLO JOSE PRESUPUESTO IMPRESORA,550000.0,000115,,N
2026,1,2597,2597,2026-07-15 00:00:00,GMADA,850,2,,A,SUM,2551,2026,S,2026-07-15 00:00:00,2,2026-07-17 00:00:00,NO,PROVEEDOR UNO ELECTROMEDICINA - PRESUPUESTO N° 00003-00016479,97605.56,000115,,N
2026,1,2598,2598,2026-07-15 00:00:00,GMADA,850,2,,R,SUM,2549,2026,S,2026-07-15 00:00:00,1,,,PROVEEDOR UNO ELECTROMEDICINA - PRESUPUESTO N° 00003-00016475,968238.25,000115,,N
2026,1,2599,2599,2026-07-15 00:00:00,GMADA,395,2,,R,SUM,2511,2026,S,2026-07-15 00:00:00,1,,,LABORATORIO FARESTAIE - PRESUPUESTO PRACTICAS REALIZADAS DEL 01/06/2026 AL 30/06/2026,458345.0,000115,,N
2026,1,11,11,2026-01-05 00:00:00,GMADA,2159,2,,R,PRESU,17578,2026,S,2026-01-05 00:00:00,1,,,"PRESUPUESTO 17578, JG ELECTROMEDICINA SRL",2032800.0,000000,,N
2026,1,31,31,2026-01-06 00:00:00,GMADA,2593,OMIC,,R,PRESU,1124728,2026,S,2026-01-06 00:00:00,1,,,Presupuesto 2-1-26 Proveedor Balletto Urrutia Juan11247285,51000.0,000000,,N
2026,1,33,34,2026-01-06 00:00:00,GMADA,71,3,,R,PRESU,15609,2026,S,2026-01-06 00:00:00,1,,,"PROV. RAUL IRIARTE PRESUP.15609,15607.15618,15601,15619 ARTICULOS DE FERRETERRIA PARA MOTOGUADAÑA,  INSUMOS PARA TRABAJOS EN VIVERO MUNICIPAL Y CEMENTERIO",386000.0,000000,,N
2026,1,37,37,2026-01-06 00:00:00,GMADA,71,DEFCI,,R,PRESU,15613,2026,S,2026-01-06 00:00:00,1,,,PROV.RAUL IRIARTE PRES.151613 INSUMOS PARA ARREGLOS EN AREA DEFENSA CIVIL,125000.0,000000,,N
2026,1,39,39,2026-01-06 00:00:00,GMADA,2490,2,,R,PRESU,0,2026,S,2026-01-06 00:00:00,1,,,PREVISION GONZALEZ MARIA BIDON AGUA X 20 LTS PARA CONSUMO DE LOS RESIDENTES DEL HOGAR,1500000.0,000000,,N
2026,1,2575,2575,2026-07-14 00:00:00,GMADA,692,9,,R,SUM,2591,2026,S,2026-07-14 00:00:00,1,,,PREVISION MAIOLO SRL,1500000.0,000115,,N
2026,1,430,430,2026-01-26 00:00:00,GMADA,17,9,,R,SUM,432,2026,S,2026-01-26 00:00:00,1,,,presupuesto 0058  Motomaquinarias Luis,160500.0,000115,,N
2026,1,431,431,2026-01-26 00:00:00,GMADA,2330,9,,R,SUM,435,2026,S,2026-01-26 00:00:00,1,,,"COMBUSTIBLE DEL SALADO, VEHICULOS AB603TW/MKF817",461500.0,000115,,N
2026,1,432,432,2026-01-26 00:00:00,GMADA,1259,25,,R,SUM,433,2026,S,2026-01-26 00:00:00,1,,,"Electro Dannunzio, presupuesto 30007 (COM)",77084.0,000115,,N
2026,1,433,433,2026-01-26 00:00:00,GMADA,17,DEFCI,,R,SUM,430,2026,S,2026-01-26 00:00:00,1,,,"PROV. LUIS LOMBARDIA PRESUP.0057  INSUMOS Y REPUESTOS PARA MOTOGUADAÑAS,MOTOSIERRAS, MAQUINAS CORTA PASTO",325000.0,000115,,N
2026,1,434,434,2026-01-26 00:00:00,GMADA,1876,2,,R,SUM,422,2026,S,2026-01-26 00:00:00,2,,,MAX CONTINENTAL- PRESUPUESTO N° 19/01/2026 (FARMACIA- QUIROFANO),3121974.52,000115,,N
2026,1,435,435,2026-01-26 00:00:00,GMADA,17,DEFCI,,A,SUM,417,2026,S,2026-01-26 00:00:00,1,2026-01-29 00:00:00,NO,PROV.LUIS LOMBARDIA PRESUP.0059 REPUESTOS E INSUMOS PARA MAQUINAS CORTA PASTO MOTOGUADAÑAS,665200.0,000115,,N
2026,1,79,79,2026-01-08 00:00:00,GMADA,167,2,,R,SUM,121,2026,S,2026-01-08 00:00:00,1,,,TODO POLLO- PRESUPUESTO N° 67 (COCINA) DESDE EL 28/11/25 AL 5/12/25,363850.0,000115,,N
2026,1,80,80,2026-01-08 00:00:00,GMADA,717,2,,R,SUM,119,2026,S,2026-01-08 00:00:00,1,,,PROVEEDURIA LA ILUSION. MARINA IRENE PINILLA. PRESUPUESTO 021418. COCINA HOSPITAL.,119760.0,000115,,N
2026,1,82,82,2026-01-08 00:00:00,GMADA,160,2,,R,SUM,122,2026,S,2026-01-08 00:00:00,2,,,"AGROVETERINARIA MARZULLO. PRESUPUESTOS Nº 0001-00001161,0001-00001156.",247755.0,000115,,N
2026,1,83,83,2026-01-08 00:00:00,GMADA,167,2,,R,SUM,124,2026,S,2026-01-08 00:00:00,1,,,TODO POLLO- PRESUPUESTO N° 58 (HOGAR DE ANCIANOS) DESDE 5/12/25 AL 31/12/25,279000.0,000115,,N
2026,1,85,85,2026-01-08 00:00:00,GMADA,2627,2,,R,SUM,138,2025,S,2026-01-08 00:00:00,1,,,SANTA PAULA- PRESUPUESTO N° 0001-00002153 (COCINA) DESDE 6/12/2025 AL 13/12/2025,30000.0,000115,,N
2026,1,86,87,2026-01-08 00:00:00,GMADA,2627,2,,R,SUM,139,2026,S,2026-01-08 00:00:00,1,,,SANTA PAULA- PRESUPUESTO N° 0001-00002155 ( HOGAR DE ANCIANOS) DESDE 9/12/25 AL 16/12/26,18000.0,000115,,N
2026,1,88,88,2026-01-08 00:00:00,GMADA,441,TURIS,,R,SUM,171,2026,S,2026-01-08 00:00:00,1,,,"Alpa - Matienza, Paola - Materiales oficina - Presupuesto 3847",28667.45,000115,,N
2026,1,90,90,2026-01-08 00:00:00,GMADA,167,2,,R,SUM,95,2026,S,2026-01-08 00:00:00,1,,,TODO POLLO- PRESUPUESTO N° 56 ( HOGAR DE ANCIANOS) DESDE EL 28/11/25 AL 5/12/25,277650.0,000115,,N
2026,1,526,526,2026-02-02 00:00:00,GMADA,3322,2,,R,PRESU,2325,2026,S,2026-02-02 00:00:00,3,,,PINAMAR HIGIENE INSTITUCIONAL- PRESPUESTO N° 0016-00002325/2326/2327 (LAVADERO-COCINA- OFFICE DE MUCAMAS),648346.56,000000,,N
2026,1,528,528,2026-02-02 00:00:00,GMADA,3337,6,,R,PRESU,603,2026,S,2026-02-02 00:00:00,1,,,"PRESUPUESTO 603, GARCIA FEDERICO",654701.0,000000,,N
2026,1,529,529,2026-02-02 00:00:00,GMADA,1943,2,,R,PRESU,7341,2026,S,2026-02-02 00:00:00,1,,,Copia de 2026/473 B GATE - PRESUPUESTO N° 0005-00007341,1392216.28,000000,,N
2026,1,530,530,2026-02-02 00:00:00,GMADA,1586,CASA,,R,PRESU,90,2026,S,2026-02-02 00:00:00,1,,,"PRESUPUESTO N° 0130-00000090 de ""HENDEL"" Para el taller de peluquería",77492.41,000000,,N
2026,1,536,536,2026-02-02 00:00:00,GMADA,441,13,,R,PRESU,3855,2026,S,2026-02-02 00:00:00,1,,,ALPA- PRESUPUESTO N° 0002-00003855 (BROMATOLOGIA),30750.04,000000,,N
2026,1,537,537,2026-02-02 00:00:00,GMADA,2490,DEFCI,,R,PRESU,0,2026,S,2026-02-02 00:00:00,1,,,"PREVISION, GONZALEZ MARIA TERESA",750000.0,000000,,N
2026,1,538,538,2026-02-02 00:00:00,GMADA,1078,2,,R,PRESU,0,2026,S,2026-02-02 00:00:00,1,,,OPAZO DANIEL- PRESUPUESTO N° 20/01/2026 (INTERNACION-PLANTA DE OXIGENO),170000.0,000000,,N
2026,1,539,539,2026-02-02 00:00:00,GMADA,3165,2,,R,PRESU,10769,2026,S,2026-02-02 00:00:00,2,,,VELIBO SUPPLIES S.A.S- PRESUPUESTO N° 0001-00010769,6985428.61,000000,,N
2026,1,540,540,2026-02-02 00:00:00,GMADA,1879,25,,R,PRESU,3030,2026,S,2026-02-02 00:00:00,2,,,"Rodamientos Tuyu, presupuesto 3030 (OIG 911- AF173LP-AF245CY)",416800.0,000000,,N
2026,1,541,541,2026-02-02 00:00:00,GMADA,717,2,,R,PRESU,21421,2026,S,2026-02-02 00:00:00,1,,,PROVEEDURIA LA ILUSION- PRESUPUESTO N° 21421 (COCINA) DESDE EL 23/01/26 AL 30/01/26,370500.0,000000,,N
2026,1,563,563,2026-02-04 00:00:00,GMADA,1876,2,,R,SUM,542,2026,S,2026-02-04 00:00:00,2,,,MAX CONTINENTAL- PRESUPUESTO N° 0001-00158849/158994/159040,1803048.5,000120,,N
2026,1,569,569,2026-02-04 00:00:00,GMADA,3184,2,,R,SUM,534,2026,S,2026-02-04 00:00:00,2,,,DROGUERIA PERDOMIINICI- PRESUPUESTO N° 27/01/2026,6548379.18,000115,,N
2026,1,571,571,2026-02-04 00:00:00,GMADA,395,2,,R,SUM,556,2026,S,2026-02-04 00:00:00,3,,,PRESUPUESTO LABORATORIO BIOQUIMICO PRACTICAS MES DE ENERO,197600.0,000115,,N
2026,1,572,572,2026-02-04 00:00:00,GMADA,3322,2,,R,SUM,535,2026,S,2026-02-04 00:00:00,2,,,PINAMAR HIGIENE INSTITUCIONAL SRL- PRESUPUESTO N° 0016-00002341/2342/2365 (COCINA- OFFICE MUCAMAS),328102.69,000115,,N
2026,1,573,573,2026-02-04 00:00:00,GMADA,167,2,,R,SUM,539,2026,S,2026-02-04 00:00:00,1,,,""" TODO POLLÑO"" Gonzalo A. Bustamasnte. PRESUPUESTO Nº 72.COCINA HOSPITAL.SEMAN DEL 19/01/26 AL 26/01/26",1132905.5,000115,,N
2026,1,921,921,2026-03-09 00:00:00,GMADA,3322,2,,R,SUM,929,2026,S,2026-03-09 00:00:00,2,,,PINAMAR HIGIENE INSTITUCIONAL SRL- PRESUPUESTO N° 0016-00002427/2428/2496/2511/2512 (COCINA-LAVADERO- OFFICE DE MUCAMAS),958575.56,000115,,N
2026,1,924,924,2026-03-09 00:00:00,GMADA,171,5,,R,SUM,926,2026,S,2026-03-09 00:00:00,1,,,ELECTRICIDAD EL GALLEGO   PRESUP. N° 54883,78600.0,000115,,N
2026,1,927,927,2026-03-09 00:00:00,GMADA,777,25,,R,SUM,930,2026,S,2026-03-09 00:00:00,1,,,"MP Repuestos, presupuestos 136-123-121-137 (oig911-jwg930-ae704aw)",361000.0,000115,,N
2026,1,928,928,2026-03-09 00:00:00,GMADA,216,2,,R,SUM,859,2026,S,2026-03-09 00:00:00,2,,,FAE- PRESUPUESTO N° 3397710,231400.0,000115,,N
2026,1,929,929,2026-03-09 00:00:00,GMADA,3322,2,,R,SUM,798,2026,S,2026-03-09 00:00:00,2,,,PINAMAR HIGIENE INSTITUCIONAL - PRESUPUESTO N° 16-2480,191750.12,000115,,N
2026,1,930,930,2026-03-09 00:00:00,GMADA,3322,2,,R,SUM,800,2026,S,2026-03-09 00:00:00,2,,,PINAMAR HIGIENE INSTITUCIONAL - PRESUPUESTO N° 16-2497 (HOSPITAL),203339.51,000115,,N
2026,1,932,932,2026-03-09 00:00:00,GMADA,866,2,,R,SUM,804,2026,S,2026-03-09 00:00:00,2,,,PILOÑA- PRESUPUESTO N° 5/02/2026,3942134.28,000115,,N
2026,1,933,933,2026-03-09 00:00:00,GMADA,169,2,,R,SUM,837,2026,S,2026-03-09 00:00:00,1,,,TERRANOVA QUIMICA - PRESUPUESTO N° 1032 (QUIROFANO HOSPITAL),90600.0,000115,,N
2026,1,936,936,2026-03-09 00:00:00,GMADA,169,32,,R,SUM,914,2026,S,2026-03-09 00:00:00,1,,,PRESUPUESTO N° 1031 - TERRANOVA QUIMICA - ARTICULOS PARA TAREAS DE LIMPIEZA EN EL POLIDEPORTIVO,42550.0,000115,,N
2026,1,938,938,2026-03-09 00:00:00,GMADA,2310,3,,R,SUM,904,2026,S,2026-03-09 00:00:00,2,,,PROV.CENTRO HIERRO PRESUP.7798 HIERRO PARA REPARACION DE CAMION AF987IJ,60834.34,000115,,N
2026,1,949,949,2026-03-10 00:00:00,GMADA,1810,31,,R,PRESU,380,2026,S,2026-03-10 00:00:00,1,,,AC REFRIGERACION - CATALDO ADOLFO PRESUPUESTO N° 380 AIRE ACONDIONADO CONSULTORIO DE CLINICA,140000.0,000000,,N
2026,1,950,950,2026-03-10 00:00:00,GMADA,688,2,,R,PRESU,898,2026,S,2026-03-10 00:00:00,1,,,BATERIAS LA PRIMERA - PRESUPUESTO N° 7008 VEHICULOL FORD KA AE619QS,150000.0,000000,,N
2026,1,954,954,2026-03-10 00:00:00,GMADA,2450,JARDM,,R,PRESU,0,2026,S,2026-03-10 00:00:00,2,,,"PRESUPUESTO de Labatut, Marcelo de ""LA FRUTERIA"" Febrero 2026",249550.0,000000,,N
2026,1,970,970,2026-03-10 00:00:00,GMADA,3364,5,,R,PRESU,0,2026,S,2026-03-10 00:00:00,1,,,MATIAS LIGARI    FINAL FOLKLORE EN LOS BARRIOS   EXPTE 224/26,250000.0,000000,,N
2026,1,975,975,2026-03-10 00:00:00,GMADA,3184,2,,R,PRESU,0,2026,S,2026-03-10 00:00:00,2,,,DROGUERIA PERDOMINICI- PRESUPUESTO N° 4/03/26,473237.9,000000,,N
2026,1,977,977,2026-03-10 00:00:00,GMADA,1578,9,,R,PRESU,394,2026,S,2026-03-10 00:00:00,1,,,PRESUPUESTO N° 0394 - COLOMBRARO - SILLAS PLASTICAS PARA SER UTILIZADAS EN DIFERENTES DISCIPLINAS DURANTE EL AÑO,140000.0,000000,,N
2026,1,979,979,2026-03-10 00:00:00,GMADA,167,2,,R,PRESU,80,2026,S,2026-03-10 00:00:00,1,,, TODO POLLO - PRESUPUESTO N° 80 ( SEMANA  DEL 26/02/26 AL  5/03/26),776750.0,000000,,N
2026,1,980,980,2026-03-10 00:00:00,GMADA,300,9,,R,PRESU,7201,2026,S,2026-03-10 00:00:00,1,,,PRESUPUESTO N° 7201 - FERRETERIA TODO COLOR - MATERIALES PARA REACONDICIONAMIENTO ESPACIO PROGRAMA ABUELOS,271146.0,000000,,N
2026,1,981,981,2026-03-10 00:00:00,GMADA,300,9,,R,PRESU,7202,2026,S,2026-03-10 00:00:00,1,,,PRESUPUESTO N° 7202 - FERRETERIA TODO COLOR - REACONDICIONAMIENTO PARA PROGRAMA ABUELOS,136971.0,000000,,N
2026,1,982,982,2026-03-10 00:00:00,GMADA,3529,9,,R,PRESU,0,2026,S,2026-03-10 00:00:00,1,,,PREUSPUESTO S/N TISERA SANITARIOS PORTATILES - ALQUILER BAÑOS CARRERA DE LA MUJER,140000.0,000000,,N
2026,1,983,983,2026-03-10 00:00:00,GMADA,2643,1,,R,PRESU,4,2026,S,2026-03-10 00:00:00,2,,,"PRESUPUESTO 0004,EMPRESA DE TRANSPORTE 12 DE OCTUBRE",172800.0,000000,,N
2026,1,991,991,2026-03-11 00:00:00,GMADA,300,3,,R,PRESU,5922,2026,S,2026-03-11 00:00:00,1,,,"PROV. SILVIA MAISTEGUI PRESUP.5922 PARA REPARAR TARIMAS,RAMPA DE RALLY,REPARACION EN VIVERO",267470.0,000000,,N
2026,1,992,993,2026-03-11 00:00:00,GMADA,2595,9,,R,PRESU,8131,2026,S,2026-03-11 00:00:00,1,,,PRESUPUESTO N° 8131 - IVANPER - REPUESTO PARA REPARACION ELECTRICA IVECO AB603TW,16150.0,000000,,N
2026,1,994,994,2026-03-11 00:00:00,GMADA,2209,2,,R,PRESU,852,2026,S,2026-03-11 00:00:00,1,,,DURANTE JAVIER- PRESUPUESTO N° 1-852 del 09/02/16 al 16/02/26,511306.5,000000,,N
2026,1,996,996,2026-03-11 00:00:00,GMADA,2310,8,,R,PRESU,7802,2026,S,2026-03-11 00:00:00,3,,,PROV.CENTRO DE HIERRO PRESUP.11-7802- SEC PRODUCCION,326419.51,000000,,N
2026,1,998,998,2026-03-11 00:00:00,GMADA,2369,3,,R,PRESU,216,2022,S,2026-03-11 00:00:00,3,,,"PROV.MERCEDES LA PLATA PRESUP.0216 REPUESTOS PARA XNE245,DMI232,LAN557,LED013",787121.82,000000,,N
2026,1,999,999,2026-03-11 00:00:00,GMADA,2595,3,,R,PRESU,8086,2026,S,2026-03-11 00:00:00,1,,,"PROV. IVAN  PERICO PRESP. 8086 REPUESTOS PARA  DMI 232, FSL723, PJY978",51620.0,000000,,N
2026,1,1000,1000,2026-03-11 00:00:00,GMADA,2595,3,,R,PRESU,8270,2026,S,2026-03-11 00:00:00,2,,,PROV.IVAN PERICO PRESUP.8270 REPEUSTOS PARA LAN557 LED010,69420.0,000000,,N
2026,1,1007,1008,2026-03-11 00:00:00,GMADA,2259,1,,R,PRESU,0,2026,S,2026-03-11 00:00:00,1,,,PREVISION PARA DISTINTAS ACTIVIDADES DURANTE EL AÑO,800000.0,000000,,N
2026,1,1018,1018,2026-03-12 00:00:00,GMADA,300,9,,R,PRESU,5950,2026,S,2026-03-12 00:00:00,1,,,PRESUPUESTO N° 5950 - FERRETERIA TODO COLOR - MATERIALES PARA REACONDICIONAMIENTO ESPACIO PROGRAMA NUESTROS ABUELOS,128380.0,000000,,N
2026,1,1051,1051,2026-03-16 00:00:00,GMADA,1206,25,,R,PRESU,239915,2026,S,2026-03-16 00:00:00,2,,,"Grupo Nucleo, presupuesto 239915 (inspeccion)",79500.0,000000,,N
2026,1,1019,1019,2026-03-12 00:00:00,GMADA,2675,25,,R,PRESU,687,2026,S,2026-03-12 00:00:00,3,,,"Repuestos LC, presupuesto 000687 (AF747PM- AE704AW)",242000.0,000000,,N
2026,1,1020,1020,2026-03-12 00:00:00,GMADA,2675,25,,R,PRESU,670,2026,S,2026-03-12 00:00:00,4,,,"Repuestos LC, presupuesto 000670 (taller del area)",809600.0,000000,,N
2026,1,1021,1021,2026-03-13 00:00:00,GMADA,169,37,,R,PRESU,1036,2026,S,2026-03-13 00:00:00,2,,,"PRESUPUESTO 1036, TERRANOVA LUCAS HERNAN",656400.0,000000,,N
2026,1,1022,1022,2026-03-13 00:00:00,GMADA,3075,37,,R,PRESU,83,2026,S,2026-03-13 00:00:00,2,,,"PRESUPUESTO 83, CORREA LORENTE JUAN MARTIN",1039354.3,000000,,N
2026,1,1023,1023,2026-03-13 00:00:00,GMADA,3516,4,,R,EXPED,709,2026,S,2026-03-13 00:00:00,1,,,"Expte N° 709/2026 Renovación de contrato . Sr. Lopéz, Luis Miguel - Barbero - Programa Envión",340000.0,000000,,N
2026,1,1024,1024,2026-03-13 00:00:00,GMADA,3454,4,,R,EXPED,441,2026,S,2026-03-13 00:00:00,1,,,"Expte N° 441/2026 Renovación de contrato. Sr. Muscia Caldarella, Gian Franco - Operador Social Servicio Local -  No cumple con el Art. 45 de la Ley 14.656",710717.6,000000,,N
2026,1,1028,1028,2026-03-13 00:00:00,GMADA,17,3,,R,PRESU,64,2026,S,2026-03-13 00:00:00,1,,,PROV. LUIS LOMBARDIA PRESUP.0064 INSUMOS Y REPUESTOS PARA MAQUINAS CORTA PASTO MOTOGUADAÑA,388000.0,000000,,N
2026,1,1030,1030,2026-03-13 00:00:00,GMADA,17,DEFCI,,R,PRESU,66,2026,S,2026-03-13 00:00:00,1,,,PROV. LUIS LOMBARDIA PRESP.0066 REPUSTOS PARA MOTOGUADAÑAS Y MOTOSIERRA,304800.0,000000,,N
2026,1,1031,1031,2026-03-13 00:00:00,GMADA,604,3,,R,PRESU,1623,2026,S,2026-03-13 00:00:00,2,,,PROV.PROCAM ITURRARTE GUSTAVO PRESUP.1623 PARA FORD 14000 AWK675,630894.0,000000,,N
2026,1,1033,1033,2026-03-13 00:00:00,GMADA,2988,9,,R,PRESU,0,2026,S,2026-03-13 00:00:00,1,,,PRESUPUESTO S/N°   COTTINI MARTIN -  ORGANIZACION CARRERA DE LA MUJER,280000.0,000000,,N
2026,1,1035,1035,2026-03-13 00:00:00,GMADA,441,9,,R,PRESU,3888,2026,S,2026-03-13 00:00:00,1,,,PRESUPUESTO N° 03888 - ALPA MADARIAGA- MATERIAL A UTILIZAR EN LA CONFECCION DE JUEGOS PROGRAMA NUESTROS ABUELOS,7650.0,000000,,N
2026,1,1036,1036,2026-03-13 00:00:00,GMADA,1879,25,,R,PRESU,3033,2026,S,2026-03-13 00:00:00,1,,,"Rodamientos Tuyu, presupuesto 3033 ( OIG911-AE331IY-AB038FH)",455500.0,000000,,N
2026,1,1037,1037,2026-03-13 00:00:00,GMADA,1879,25,,R,PRESU,3037,2026,S,2026-03-13 00:00:00,1,,,"Rodamientos Tuyu, presupuesto 3037(AB038FH-NUF386-OIG911-AE331IY  )",459000.0,000000,,N
2026,1,1039,1039,2026-03-13 00:00:00,GMADA,300,25,,R,PRESU,5946,2026,S,2026-03-13 00:00:00,3,,,"Pintureria Todo Color, presupuesto 5946 ( matenimiento )",210689.0,000000,,N
2026,1,1041,1041,2026-03-16 00:00:00,GMADA,1440,2,,R,PRESU,93,2026,S,2026-03-16 00:00:00,2,,,QUALIMED- PRESUPUESTO N° 93,5973340.0,000000,,N
2026,1,1042,1042,2026-03-16 00:00:00,GMADA,866,2,,R,PRESU,0,2026,S,2026-03-16 00:00:00,2,,,PILOÑA- PRESUPUESTO N° 9/03/2026,7928060.23,000000,,N
2026,1,1043,1043,2026-03-16 00:00:00,GMADA,2595,2,,R,PRESU,8105,2026,S,2026-03-16 00:00:00,1,,,Copia de 2026/1019 IVANPER REPUESTOS - PRESUPUESTO N° 8105 DOMINIO AG180HE - LAMAPRA AMBULANCIA DOMINIO AA775QWDOMINIO,77500.0,000000,,N
2026,1,1045,1045,2026-03-16 00:00:00,GMADA,3322,2,,R,PRESU,2514,2026,S,2026-03-16 00:00:00,2,,,PINAMAR HIGIENE INSTITUCIONAL - PRESUPUESTO N° 16-2514,638481.85,000000,,N
2026,1,1046,1046,2026-03-16 00:00:00,GMADA,2450,2,,R,PRESU,0,2026,S,2026-03-16 00:00:00,2,,,LA FRUTERIA - PRESUPUESTO S/N FECHA 26/2/26 HOSPITAL - HOGAR DE ANCIANOS,3048800.0,000000,,N
2026,1,1048,1048,2026-03-16 00:00:00,GMADA,57,2,,R,PRESU,1012,2026,S,2026-03-16 00:00:00,1,,,IMPRENTA EL ARGENTINO - PRESUPUESTO N° 557 (INTERNACION CIRUGIA HOSPITAL),50000.0,000000,,N
2026,1,1049,1049,2026-03-16 00:00:00,GMADA,2595,13,,R,PRESU,8310,2026,S,2026-03-16 00:00:00,1,,,IVANPER REPUESTOS - PRESUPUESTO N°8310 VEHICULO DOMINIO AB437WY,82500.0,000000,,N
2026,1,1052,1052,2026-03-16 00:00:00,GMADA,3552,2,,R,PRESU,9308,2026,S,2026-03-16 00:00:00,2,,,MATAFUEGOS RUTA 11 - PRESUPUESTO N°9308  REVISION Y CARGAS MATAFUEGOS,876000.0,000000,,N
2026,1,1055,1056,2026-03-16 00:00:00,GMADA,688,6,,R,PRESU,7003,2026,S,2026-03-16 00:00:00,2,,,Corresponde presupuesto N° 0000007003- RAMOS E ISIDRO,263000.0,000000,,N
2026,1,1057,1057,2026-03-16 00:00:00,GMADA,2627,H.ANC,,R,PRESU,2190,2026,S,2026-03-16 00:00:00,1,,,SANTA PAULA- PRESUPUESTO N° 0001-00002190/2191 (DESDE 3/03 HASTA EL 10/03/26),18800.0,000000,,N
2026,1,1058,1058,2026-03-16 00:00:00,GMADA,3430,2,,R,PRESU,167212,2026,S,2026-03-16 00:00:00,2,,,PRESUPUESTO 167212 GLOBAL TONER PARA OFICINA FACTURACION - OFICINA ESTADISTICA - DIRECCION MEDICA - DIRECION ADMINISTRATIVA - INTERNACION - GUARDIA ADULTO - GUARDIA PEDIATRICA - OFICINA DE PERSONAL - CONSULTORIOS EXTERNOS - CAPS BELGRANO - CAPS SAN MARTIN  - CAPS NORTE - CAPS QUINTANILLA,255966.48,000000,,N
2026,1,1151,1152,2026-03-30 00:00:00,GMADA,3322,2,,R,SUM,1137,2026,S,2026-03-30 00:00:00,4,,,PINAMAR HIGIENE INSTITUCIONAL - PRESUPUESTO N° 16-2547,62022.7,000115,,N
2026,1,1152,1153,2026-03-30 00:00:00,GMADA,3322,2,,R,SUM,1138,2026,S,2026-03-30 00:00:00,3,,,PINAMAR HIGIENE INSTITUCIONAL - PRESUPUESTO N° 16-2558,81167.36,000115,,N
2026,1,1153,1154,2026-03-30 00:00:00,GMADA,3287,MUSH,,A,SUM,1141,2026,S,2026-03-30 00:00:00,1,2026-03-31 00:00:00,NO,"HUGO PIEDRA ""HISPANOGRAF"",  PRESUPUESTO X 1872",29500.0,000115,,N
2026,1,1154,1155,2026-03-30 00:00:00,GMADA,1962,1,,R,SUM,1178,2026,S,2026-03-30 00:00:00,2,,, Escobar Juan Carlos,54000.0,000115,,N
2026,1,1155,1156,2026-03-30 00:00:00,GMADA,2330,2,,R,SUM,1140,2026,S,2026-03-30 00:00:00,2,,,"COMBUSTIBLES DEL SALADO.PREVISION DEL 16/03/26 AL 31/03/26.VEHICULOS HOSP MUNIC. DOMINIOS: EQM 605, FJX 453, KYV 365, JQS 879, AA 775 QW, PAA 334, AB 039 OI, AF 591 SU, AF 545 GL, AF 548 KJ.",227909.7,000115,,N
2026,1,1156,1157,2026-03-30 00:00:00,GMADA,3332,3,,R,SUM,1142,2026,S,2026-03-30 00:00:00,1,,,PROV.ANA PAOLA RODRIGUEZ PRESUP.0195 PARA TALLER MECANICO CORRALON MUNICIPAL,269000.0,000115,,N
2026,1,1157,1158,2026-03-30 00:00:00,GMADA,19,CASA,,R,SUM,1144,2026,S,2026-03-30 00:00:00,1,,,"PRESUPUESTOS N° X 0002-00002961 / 3022 de Inocencio Cimos de ""FERRETERIA CIMOS"" Para arreglos varios en la Casita de Chocolate",12650.0,000115,,N
2026,1,1158,1159,2026-03-30 00:00:00,GMADA,441,4,,R,SUM,1146,2026,S,2026-03-30 00:00:00,1,,,"PRESUPUESTOS N° X 0002-00003894 / 3896 de Matienzo, Paola Amelia de ""ALPA MADARIAGA"" Para el Servicio local y Equipo de género",12500.01,000115,,N
2026,1,1201,1202,2026-04-07 00:00:00,GMADA,2330,2,,R,SUM,1246,2026,S,2026-04-07 00:00:00,1,,,Diferencia Compromiso 2371.Combustoble del Salado.,296.4,000115,,N
2026,1,1215,1216,2026-04-07 00:00:00,GMADA,2330,1,,R,SUM,1249,2026,S,2026-04-07 00:00:00,1,,,Combustibles del Salado.,20150.26,000115,,N
2026,1,1216,1217,2026-04-07 00:00:00,GMADA,441,29,,R,SUM,1190,2026,S,2026-04-07 00:00:00,1,,,"MATIENZO PAOLA AMELIA  ""ALPA"", PRESUPUESTO X0002-0003901",116100.06,000115,,N
2026,1,1218,1219,2026-04-07 00:00:00,GMADA,3297,2,,R,SUM,1194,2026,S,2026-04-07 00:00:00,2,,,FRENOS MADARIAGA PRESUPUESTO 26/03/2026 VEHIUCLO DOMINIOKYV372,410000.0,000115,,N
2026,1,1219,1220,2026-04-07 00:00:00,GMADA,2869,2,,R,SUM,1220,2026,S,2026-04-07 00:00:00,1,,,MADA POY S.A- PRESUPUESTO N° 0001-00001007 (SEMANA DESDE EL 31/03 AL 7/04/26),1563876.0,000115,,N
2026,1,1220,1221,2026-04-07 00:00:00,GMADA,866,2,,R,SUM,1212,2026,S,2026-04-07 00:00:00,3,,,PILOÑA- PRESUPUESTO S/N° 31/03/26,4331642.88,000115,,N
2026,1,1221,1222,2026-04-07 00:00:00,GMADA,360,5,,R,SUM,1218,2026,S,2026-04-07 00:00:00,1,,,CARLOS ARGENTINO LOMBERA,60000.0,000115,,N
2026,1,1225,1226,2026-04-08 00:00:00,GMADA,441,JARDM,,R,SUM,1199,2026,S,2026-04-08 00:00:00,2,,,"Presupuestos N°0002-00003902-00003903 Para Jardin Maternal Presupuesto N° 0002-00003898 Des. Social Area de Discapácidad - Curso Capacitacion ""APRENDE INCLUSION II""",98856.77,000115,,N
2026,1,1227,1228,2026-04-08 00:00:00,GMADA,117,JARDM,,R,SUM,1213,2026,S,2026-04-08 00:00:00,1,,,"Presupuestos N°0014-00252814- Paprelera ""LAS 3 MARIAS""",147575.01,000115,,N
2026,1,1230,1231,2026-04-08 00:00:00,GMADA,2470,3,,R,SUM,1228,2026,S,2026-04-08 00:00:00,4,,,PROV.LS-PROTECT PRESUP.06/04  GUANTES PARA PERSONAL DE ESTA SECRETARIA,972325.0,000115,,N
2026,1,1233,1233,2026-04-08 00:00:00,GMADA,3005,22,,A,SUM,1174,2026,S,2026-04-08 00:00:00,1,2026-04-09 00:00:00,NO,PROV. MATIAS ZANINI PRESUP.30/03/2026  PLOTEO PARA SPRINTER AH782NM,45000.0,000115,,N
2026,1,1236,1237,2026-04-08 00:00:00,GMADA,2209,6,,R,SUM,1191,2026,S,2026-04-08 00:00:00,1,,,Corresponde presupuesto N° 0001-00000870 - Durante Javier H.,150364.0,000115,,N
2026,1,1238,1239,2026-04-08 00:00:00,GMADA,3287,13,,R,SUM,1155,2026,S,2026-04-08 00:00:00,1,,,HISPANOGRAF - PRESUPUESTO N°1873(BROMATOLOGIA),233500.0,000115,,N
2026,1,1240,1241,2026-04-08 00:00:00,GMADA,90,4,,R,SUM,1225,2026,S,2026-04-08 00:00:00,2,,,"PRESUPUESTO N° X 00000041 de Lo coco Marcelo Alejandro de ""TODO COLOR""",7999896.9,000115,,N
2026,1,1241,1242,2026-04-08 00:00:00,GMADA,3075,JARDM,,R,SUM,1226,2026,S,2026-04-08 00:00:00,1,,,"PRESUPUESTO N° X 0001-00000086 de Martín Correa de ""MC"" Para guardar los juguetes de La Casita de Chocolate",23038.4,000115,,N
2026,1,1431,1432,2026-04-20 00:00:00,GMADA,68,CACUL,,R,SUM,1409,2026,S,2026-04-20 00:00:00,1,,,ATMOSFERICO LA PRIMERA  DE SERGIO PEYRANO PROVEEDOR N° 68,460000.0,000115,,N
2026,1,1432,1433,2026-04-20 00:00:00,GMADA,3297,6,,R,SUM,1424,2026,S,2026-04-20 00:00:00,1,,,"PRESUPUESTO 098, ISIDRO-SANTOS",364000.0,000115,,N
2026,1,1433,1434,2026-04-20 00:00:00,GMADA,1578,37,,R,SUM,1408,2026,S,2026-04-20 00:00:00,1,,,Corresponde presupuesto N° 0001-00000402- FERRARO LILIANA NOEMI,27600.0,000115,,N
2026,1,1434,1435,2026-04-20 00:00:00,GMADA,685,1,,A,SUM,1423,2026,S,2026-04-20 00:00:00,1,2026-04-20 00:00:00,NO,"Simón Dragojevic ,presupuesto 17/04/2026 Motoniveladora CGS 018.",1195000.0,000115,,N
2026,1,1435,1436,2026-04-20 00:00:00,GMADA,2770,25,,R,SUM,1414,2026,S,2026-04-20 00:00:00,2,,,"Systec, presupuesto 831 (COM)",37500.0,000115,,N
2026,1,1496,1497,2026-04-24 00:00:00,GMADA,3368,2,,R,EXPED,910,2026,S,2026-04-24 00:00:00,3,,,LICITACION PRIVADA N° 2   2026 DE MEDICAMENTOS,3213688.0,000300,,N
2026,1,1497,1498,2026-04-24 00:00:00,GMADA,2809,2,,R,EXPED,910,2026,S,2026-04-24 00:00:00,3,,,LICITACION PRIVADA N° 2   2026 DE MEDICAMENTOS,3135095.25,000300,,N
2026,1,1498,1499,2026-04-24 00:00:00,GMADA,2319,2,,R,EXPED,910,2026,S,2026-04-24 00:00:00,6,,,LICITACION PRIVADA N° 2   2026 DE MEDICAMENTOS,10489317.0,000300,,N
2026,1,1500,1501,2026-04-24 00:00:00,GMADA,1242,2,,R,EXPED,910,2026,S,2026-04-24 00:00:00,2,,,LICITACION PRIVADA N° 2   2026 DE MEDICAMENTOS,14410792.0,000300,,N
2026,1,1501,1502,2026-04-24 00:00:00,GMADA,87,2,,R,EXPED,910,2026,S,2026-04-24 00:00:00,5,,,LICITACION PRIVADA N° 2   2026 DE MEDICAMENTOS,8797670.0,000300,,N
2026,1,1502,1503,2026-04-24 00:00:00,GMADA,866,2,,R,EXPED,910,2026,S,2026-04-24 00:00:00,5,,,LICITACION PRIVADA N° 2   2026 DE MEDICAMENTOS,27289170.57,000300,,N
2026,1,1689,1689,2026-05-08 00:00:00,GMADA,248,24,,A,,,,S,2026-05-08 00:00:00,1,2026-05-20 00:00:00,NO,"PRESUPUESTO 000, FAVA",316999.0,000010,,N
2026,1,1759,1759,2026-05-13 00:00:00,GMADA,688,2,,R,SUM,1715,2026,S,2026-05-13 00:00:00,1,,,BATERIAS LA PRIMERA - PRESUPUESTO N° 7102   AMBULANCIA DOMINIO AA775QW),157200.0,000115,,N
2026,1,1760,1760,2026-05-13 00:00:00,GMADA,688,2,,R,SUM,1714,2026,S,2026-05-13 00:00:00,1,,,BATERIAS LA PRIMERA - PRESUPUESTO N° 7113  PARA AMBULANCIA DOMINIO AG243BV,326000.0,000115,,N
2026,1,1762,1762,2026-05-13 00:00:00,GMADA,879,8,,R,SUM,1768,2026,S,2026-05-13 00:00:00,2,,,PROV. TATANO HARISGARAT SRL-PRES. N°1078/1084/1091 SEC PRODUCCION- SALA DE ELABORACION,125540.0,000115,,N
2026,1,1763,1763,2026-05-13 00:00:00,GMADA,3581,CACUL,,R,SUM,1760,2026,S,2026-05-13 00:00:00,3,,,HUGO MANUEL ABAIT  FUMIGACION CASA DE LA CULTURA  PROV. N° 3581,725000.0,000115,,N
2026,1,1764,1764,2026-05-13 00:00:00,GMADA,169,JARDM,,R,SUM,1752,2026,S,2026-05-13 00:00:00,2,,,"PRESUPUESTO N° 001056 de Terranova Lucas Hernán de ""TERRANOVAQUIMICA"" Para uso en la Casita de chocolate",21100.0,000115,,N
2026,1,1768,1768,2026-05-13 00:00:00,GMADA,2663,2,,R,SUM,1743,2026,S,2026-05-13 00:00:00,3,,,ALAIS PHARMA S.A- PRESUPUESTO N° 0001-00020122,444784.9,000115,,N
2026,1,1770,1770,2026-05-13 00:00:00,GMADA,2110,2,,R,SUM,1673,2026,S,2026-05-13 00:00:00,1,,,PRESUPUESTO FUMEGA EDUARDO CAMBIO TERMOTANQUE INTERNACION,200000.0,000115,,N
2026,1,1772,1772,2026-05-13 00:00:00,GMADA,2627,2,,R,SUM,1581,2026,S,2026-05-13 00:00:00,1,,,SANTA PAULA - PRESUPUESTO N° 1-2219  SEMANA DEL 220/04/2026 AL 27/04/2026,112800.0,000115,,N
2026,1,1782,1782,2026-05-13 00:00:00,GMADA,1259,6,,R,SUM,1755,2026,S,2026-05-13 00:00:00,1,,,"Suc. de D Annunzio Jorge.,presupuesto N° 00030769",105196.0,000115,,N
2026,1,1784,1784,2026-05-13 00:00:00,GMADA,2110,2,,R,SUM,1555,2026,S,2026-05-13 00:00:00,1,,,"EDUARDO FUMEGA - PRESUPUESTO N° 549 (BROMATOLOGIA, CAPS BELGRANO, HOGAR)",260000.0,000115,,N
2026,1,1786,1786,2026-05-13 00:00:00,GMADA,1078,2,,R,SUM,1711,2026,S,2026-05-13 00:00:00,2,,,OPAZO -- PRESUPUESTO S/N FECHA 6/5/26 LAVADERO PASILLO CONSULTORIOS EXTERNOS - TERAPIA,120000.0,000115,,N
2026,1,1787,1787,2026-05-13 00:00:00,GMADA,879,4,,R,SUM,1734,2026,S,2026-05-13 00:00:00,3,,,"PRESUPUESTO N° X 0001-00001088 de Tatano Harisgarat S.R.L. de ""CASA HARISGARAT"" Para la realización  de rampas de discapacidad",250800.0,000115,,N
2026,1,1788,1788,2026-05-13 00:00:00,GMADA,879,4,,R,SUM,1729,2026,S,2026-05-13 00:00:00,3,,,"PRESUPUESTO N° X 0001-00001053 / 1100 de Tatano Harisgarat S.R.L. de ""CASA HARISGARAT"" Familia: Pastorino, Dora - Vigorito, Blanca",141470.0,000115,,N
2026,1,1802,1802,2026-05-14 00:00:00,GMADA,167,H.ANC,,R,SUM,1758,2026,S,2026-05-14 00:00:00,1,,,TODO POLLO - PRESUPUESTO N° 99 SEMANA DEL 29/04/2026 AL 05/05/2026,338300.0,000115,,N
2026,1,1804,1804,2026-05-14 00:00:00,GMADA,167,2,,R,SUM,1759,2026,S,2026-05-14 00:00:00,1,,,TODO POLLO - PRESUPUESTO N° 98 SEMANA DEL 29/04/2026 AL 05/2026,501500.0,000115,,N
2026,1,1809,1809,2026-05-14 00:00:00,GMADA,2869,2,,R,SUM,1773,2026,S,2026-05-14 00:00:00,1,,,MADA POY PRESUPUESTO 1020 SEMANA DEL 03/05/2026 AL 10/05/2026,1546344.0,000115,,N
2026,1,1810,1810,2026-05-14 00:00:00,GMADA,120,8,,A,SUM,1786,2026,S,2026-05-14 00:00:00,1,2026-05-14 00:00:00,NO,  PROV. BARRAL LUIS FRANCISCO - PRESUP. N° 11/05/2026 - SEC PRODUCCION- FOTON AF591SL,120000.0,000115,,N
2026,1,1811,1811,2026-05-14 00:00:00,GMADA,33,24,,R,SUM,1788,2026,S,2026-05-14 00:00:00,1,,,ENDOSO DE POLIZA 10946164,3500000.0,000115,,N
2026,1,1824,1824,2026-05-14 00:00:00,GMADA,120,8,,R,SUM,1786,2026,S,2026-05-14 00:00:00,1,,,  PROV. BARRAL LUIS FRANCISCO - PRESUP. N° 11/05/2026 - SEC PRODUCCION- FOTON AF591SL,120000.0,000115,,N
2026,1,1880,1879,2026-05-20 00:00:00,GMADA,1514,42,,R,PRESU,0,2026,S,2026-05-20 00:00:00,2,,,PROV. CASA ELICEIRY  GAS OIL PARA MAQUINAS DE PREDIO DISPOSICION FINAL RUTA 11 KM 405.5,3282000.0,000000,,N
2026,1,1882,1880,2026-05-20 00:00:00,GMADA,2869,2,,R,PRESU,974,2026,S,2026-05-20 00:00:00,1,,,MADA POY PRESUPUESTO 974 SEMANA DEL 31/01/2026 AL 05/02/2026,1421578.0,000000,,N
2026,1,1883,1881,2026-05-20 00:00:00,GMADA,2869,2,,R,PRESU,963,2026,S,2026-05-20 00:00:00,1,,,MADA POY PRESUPUESTO 963 CONSUMO DEL 06/01/2026 AL 13/01/2026,1209825.0,000000,,N
2026,1,1886,1884,2026-05-20 00:00:00,GMADA,85,24,,R,PRESU,0,2026,S,2026-05-20 00:00:00,2,,,"PRESUPUESTO 000, SORBA",279000.0,000000,,N
2026,1,1891,1889,2026-05-20 00:00:00,GMADA,2410,25,,R,PRESU,1221,2026,S,2026-05-20 00:00:00,1,,,"Electricidad del automotor, presupuesto 1221-1220-1219",310000.0,000000,,N
2026,1,1907,1905,2026-05-22 00:00:00,GMADA,332,SECOP,,R,SUM,1846,2026,S,2026-05-22 00:00:00,3,,,PROV.ARENERA QUERANDI  ARENA PARA RELLENO Y MEJORADO DE CALLES DE INGRESO Y DEPOSITOS DE RSU SEGUN EXPT.1242,7972023.77,000010,,N
2026,1,2197,2196,2026-06-16 00:00:00,GMADA,1977,6,,R,PRESU,8830,2026,S,2026-06-16 00:00:00,3,,,"PRESUPUESTO 8830, ZMG ARGENTINA SRL",231182.97,000000,,N
2026,1,2198,2197,2026-06-16 00:00:00,GMADA,578,3,,R,PRESU,5371,2026,S,2026-06-16 00:00:00,2,,,PROV.ITURRARTE JORGE PRESUP.5371 REPUESTOS PARA IVECO PPU739,329987.23,000000,,N
2026,1,2200,2199,2026-06-17 00:00:00,GMADA,803,3,,R,PRESU,647,2026,S,2026-06-17 00:00:00,3,,,"PROV. BLUECAR PRESUP.0647, 0648  REPEUSTOS PARA LED13,LGT081 HKO983",944261.98,000000,,N
2026,1,2201,2200,2026-06-17 00:00:00,GMADA,163,42,,R,PRESU,7084,2026,S,2026-06-17 00:00:00,2,,,"PROV. ALFIO DISTEFANO PRESUP.079-7084,079-7088 PARA REPARACION DE MOTONIVELADO SIAM",3536200.0,000000,,N
2026,1,2202,2201,2026-06-17 00:00:00,GMADA,3583,6,,R,PRESU,30989,2026,S,2026-06-17 00:00:00,1,,,Corresponde presupuesto n ° 00030989 - Electro Dannunzio,179575.2,000000,,N
2026,1,2203,2202,2026-06-17 00:00:00,GMADA,3583,JUZGA,,R,PRESU,30938,2026,S,2026-06-17 00:00:00,1,,,Corresponde presupuesto n° 00030938- Electro Dannunzio,30345.0,000000,,N
2026,1,2204,2203,2026-06-17 00:00:00,GMADA,3297,6,,R,PRESU,104,2026,S,2026-06-17 00:00:00,1,,,"PRESUPUESTO 104, ISIDRO-SANTOS",396000.0,000000,,N
2026,1,2205,2204,2026-06-17 00:00:00,GMADA,2883,2,,R,PRESU,0,2026,S,2026-06-17 00:00:00,2,,,INSUMO GENERALES- PRESUPUESTO 03/06/2026,128373.86,000000,,N
2026,1,2207,2206,2026-06-17 00:00:00,GMADA,1995,4,,R,PRESU,61,2002,S,2026-06-17 00:00:00,2,,,"PRESUPUESTO N° 00000061 de Esteban Erreguerena de ""CARPINTERIA SAN SEBASTIAN"" Para la realización de estanterías varias en Prestaciones",1550000.0,000000,,N
2026,1,2417,2417,2026-06-30 00:00:00,GMADA,2196,8,,R,SUM,2409,2026,S,2026-06-30 00:00:00,1,,, PROV. LEON MIGUEL ANGEL  - PRESUP.JUNIO 2026- SEC PRODUCCION- PARQUE INDUSTRIAL,4500000.0,000115,,N
2026,1,2418,2418,2026-06-30 00:00:00,GMADA,3297,25,,R,SUM,2385,2026,S,2026-06-30 00:00:00,1,,,"Frenos Madariaga, presupuesto 105 (AB 038 FG- KYV 375)",470000.0,000115,,N
2026,1,2428,2428,2026-07-01 00:00:00,GMADA,527,2,,R,PRESU,10230,2026,S,2026-07-01 00:00:00,1,,,SERVIMED - PRESUPUESTO N° 10230/26 V SERVICE EQUIPO AUTOCLAVE A VAPOR,3164500.0,000000,,N
2026,1,2433,2433,2026-07-02 00:00:00,GMADA,1514,6,,R,PRESU,0,2026,S,2026-07-02 00:00:00,1,,,"PRESUPUESTO 000, CASA ELICEIRY, 3/07/2026",5522500.0,000000,,N
2026,1,2434,2434,2026-07-02 00:00:00,GMADA,3591,8,,R,PRESU,0,2026,S,2026-07-02 00:00:00,1,,, PROV. GARCIA ANA NORMA  - PRESUP. - SEC PRODUCCION-,500000.0,000000,,N
2026,1,2435,2435,2026-07-02 00:00:00,GMADA,2770,ASLEG,,R,PRESU,857,2026,S,2026-07-02 00:00:00,2,,,"PRESUPUESTO 857, FERNANDO MARTIN HIJO",21600.0,000000,,N
2026,1,2436,2436,2026-07-02 00:00:00,GMADA,3482,8,,R,PRESU,0,2026,S,2026-07-02 00:00:00,2,,,"PRESUPUESTO 000, MARC ALICIA BEATRIZ, RONDA INVERSIONES",960000.0,000000,,N
2026,1,2437,2437,2026-07-02 00:00:00,GMADA,1514,3,,R,PRESU,0,2026,S,2026-07-02 00:00:00,1,,,PROV. CASA ELICEIRY GAS OIL PARA MAQUINAS Y VEHICULOS DE ESTA SECRETARIA,17672000.0,000000,,N
2026,1,2438,2438,2026-07-02 00:00:00,GMADA,1514,42,,R,PRESU,0,2026,S,2026-07-02 00:00:00,2,,,PROV. CASA ELICEIRY GAS OIL PARA MAQUINAS DE PREDIO DISPOSICION FINAL DE RESIDUOS RUTA 11 KM 405,3313500.0,000000,,N
2026,1,2497,2497,2026-07-07 00:00:00,GMADA,19,8,,R,SUM,2484,2026,S,2026-07-07 00:00:00,1,,,PROV. FERRETERIA CIMOS - INOCENCIO CIMOS- PRESUP. N°3159/ N°3156- SEC PRODUCCION,9000.0,000115,,N
2026,1,2498,2498,2026-07-07 00:00:00,GMADA,3296,MUSEO,,R,SUM,2487,2026,S,2026-07-07 00:00:00,1,,,Pintureria Concepto. Pinturas para Museo. Presupuesto N°00004075,117939.63,000115,,N
2026,1,2499,2499,2026-07-07 00:00:00,GMADA,1825,4,,R,SUM,2434,2026,S,2026-07-07 00:00:00,1,,,"Expte N° 118/2026 Contrato Sr. Anrríquez, Gustavo Oscar Trabajador Social en el Equipo de Abordaje a la Violencia Masculina - No cumple con el Art. 45 de la Ley 14.656",1011220.86,000115,,N
2026,1,2500,2500,2026-07-07 00:00:00,GMADA,3583,ARCHI,,R,SUM,2492,2026,S,2026-07-07 00:00:00,1,,,"PRESUPUESTO 31116, DNZ BROTHER 302 SRL",10256.0,000115,,N
2026,1,2502,2502,2026-07-07 00:00:00,GMADA,3165,2,,R,SUM,2463,2026,S,2026-07-07 00:00:00,1,,,VELIBO SUPPLIES S.A.S- PRESUPUESTO N° 0001-00012902,2728296.6,000115,,N
2026,1,2505,2505,2026-07-07 00:00:00,GMADA,1810,6,,R,SUM,2501,2026,S,2026-07-07 00:00:00,1,,,"PRESUPUESTO 388, ADOLFO CATALDO E HIJOS",100000.0,000115,,N
2026,1,2508,2508,2026-07-07 00:00:00,GMADA,3455,4,,R,SUM,2435,2026,S,2026-07-07 00:00:00,1,,,"Expte N° 118/2026 Contrato Sra. Cardozo, Aranza Celeste Operadora de Calle en el Equipo del Servicio Local - No cumple con el Art. 45 de la Ley 14.656",3558946.8,000115,,N
2026,1,2511,2511,2026-07-07 00:00:00,GMADA,3583,6,,R,SUM,2491,2026,S,2026-07-07 00:00:00,1,,,"PRESUPUESTO 31111, DNZ BROTHER 302 SRL",16076.2,000115,,N
2026,1,2516,2516,2026-07-07 00:00:00,GMADA,300,1,,R,SUM,2494,2026,S,2026-07-07 00:00:00,1,,,"Maistegui Silvia Beatríz ,presupuesto 00007238",84361.0,000115,,N
2026,1,2566,2566,2026-07-14 00:00:00,GMADA,2330,9,,R,PRESU,0,2026,S,2026-07-14 00:00:00,1,,,PREVISION COMBUSTIBLE DEL SALADO VHICULOS AB603TW - MKF817 Y MAQUINARIAS,4919750.0,000000,,N
2026,1,2568,2568,2026-07-14 00:00:00,GMADA,441,9,,R,PRESU,3960,2026,S,2026-07-14 00:00:00,1,,,PRESUPUESTO N° 3960 PAPELERA ALPA MADARIAGA,8800.0,000000,,N
2026,1,2569,2569,2026-07-14 00:00:00,GMADA,441,1,,R,PRESU,3970,2026,S,2026-07-14 00:00:00,1,,,Matienzo  Paola  Amelia presupuesto 00003970,255506.6,000000,,N
2026,1,2574,2574,2026-07-14 00:00:00,GMADA,2986,8,,R,PRESU,56,2026,S,2026-07-14 00:00:00,1,,,"PRESUPUESTO 056, GOMEZ CARROZZO ALELANDRO FERMIN",200000.0,000000,,N
2026,1,136,136,2026-01-13 00:00:00,GMADA,413,2,,R,SUM,226,2026,S,2026-01-13 00:00:00,1,,,NEUMATICOS PASO. de AGUSTIN PASO. PRESUPUESTO Nº 0001-00003975.DOMINIO AF 548 KJ.,40000.0,000115,,N
2026,1,139,139,2026-01-13 00:00:00,GMADA,441,2,,R,SUM,229,2026,S,2026-01-13 00:00:00,1,,,ALPA PAPELERA. PAOLA AMELIA MATIENZO. PRESUPUESTO Nº 0002-00003825.COCINA HOSPITAL.,279861.8,000115,,N
2026,1,143,143,2026-01-13 00:00:00,GMADA,2450,2,,R,SUM,228,2026,S,2026-01-13 00:00:00,1,,,""" LA FRUTERIA"" LABATUT MARCELO.PRESUPUESTO COCINA HOGAR DE ANCIANOS Y COCINA HOSPITAL MUNICIPAL. MES DE DICIEMBR.E",6448700.0,000115,,N
2026,1,146,145,2026-01-13 00:00:00,GMADA,717,2,,R,SUM,237,2026,S,2026-01-13 00:00:00,1,,,PRESUPUESTO 021411 SOTO LUIS  INSUMOS PARA HOSPITAL Y HOGAR DE ANCIANOS,132800.0,000115,,N
2026,1,149,149,2026-01-13 00:00:00,GMADA,2595,8,,R,SUM,254,2026,S,2026-01-13 00:00:00,1,,, PROV. REPUESTOS IVANPER. PRES. N°7898- SEC PRODUCCION,29500.0,000115,,N
2026,1,156,156,2026-01-13 00:00:00,GMADA,688,9,,R,SUM,200,2026,S,2026-01-13 00:00:00,1,,,PRESUPUESTO N° 6935 - BATERIAS LA PRIMERA / LUBRICANTE USADO PARA QUEBRACHOS EN PREDIO MUNICIPAL,20000.0,000115,,N
2026,1,158,158,2026-01-13 00:00:00,GMADA,1259,SECGO,,R,SUM,266,2026,S,2026-01-13 00:00:00,1,,,Corresponde presupuesto N° 00029673 - Suc. Dannunzio,24191.0,000115,,N
2026,1,159,159,2026-01-13 00:00:00,GMADA,17,25,,R,SUM,253,2026,S,2026-01-13 00:00:00,1,,,"Motomaquinarias Luis, presupuesto 056",52000.0,000115,,N
2026,1,160,160,2026-01-13 00:00:00,GMADA,1879,9,,R,SUM,211,2026,S,2026-01-13 00:00:00,1,,,PRESUPUESTO N° 3039 - RODAMIENTOS TUYU -  PIEZA DE TRACTOR DE CORTAR CESPED,46200.0,000115,,N
2026,1,162,162,2026-01-13 00:00:00,GMADA,1266,33,,R,SUM,100,2026,S,2026-01-13 00:00:00,2,,,"RENOVACION DE ABONO DE ALARMAS, 1° CUATRIMESTRE,EXPTE 20/2025",670000.0,000115,,N
2026,1,163,163,2026-01-13 00:00:00,GMADA,1266,4,,R,SUM,103,2026,S,2026-01-13 00:00:00,2,,," RENOVACION DE ABONO DE ALARMA, 1° CUATRIMESTRE, EXPTE 20/2025",866400.0,000115,,N
2026,1,164,164,2026-01-13 00:00:00,GMADA,1266,8,,R,SUM,104,2025,S,2026-01-13 00:00:00,2,,,"RENOVACION DE ABONO DE ALARMA, 1° CUATRIMESTRE, EXPTE 20/2025",196400.0,000115,,N
2026,1,166,166,2026-01-13 00:00:00,GMADA,68,4,,R,SUM,194,2026,S,2026-01-13 00:00:00,2,,,"PRESUPUESTO N° X 7390242 de Peyrano, Sergio de ""Atmósferico La Primera""",880000.0,000115,,N
2026,1,168,168,2026-01-13 00:00:00,GMADA,1112,4,,R,SUM,199,2026,S,2026-01-13 00:00:00,2,,,"PRESUPUESTO de ""El centro de los Amigos"" Familias: Arce, Evelyn - Britos",252652.0,000115,,N
2026,1,169,169,2026-01-13 00:00:00,GMADA,1879,4,,R,SUM,197,2026,S,2026-01-13 00:00:00,2,,,"PRESUPUESTO N° 00003036 de ""Rodamientos Tuyú"" Para camioneta F100 patente AYQ 605",19000.0,000115,,N
2026,1,171,171,2026-01-13 00:00:00,GMADA,1213,CASA,,R,SUM,196,2025,S,2026-01-13 00:00:00,3,,,"PRESUPUESTO N° 2663 de ""de las misiones"" Para el taller de carpintería",113607.05,000115,,N
2026,1,173,173,2026-01-13 00:00:00,GMADA,33,2,,R,SUM,268,2026,S,2026-01-13 00:00:00,1,,,"RENOVACION DE POLIZA, PCIA SEGUROS (33), POLIZA 3374535",1953034.0,000115,,N
2026,1,174,174,2026-01-13 00:00:00,GMADA,33,3,,R,SUM,267,2026,S,2026-01-13 00:00:00,1,,,"RENOVACION POLIZA, PCIA SEGUROS(33), POLIZA 10946164",13799206.99,000115,,N
2026,1,176,176,2026-01-13 00:00:00,GMADA,33,3,,R,SUM,265,2026,S,2026-01-13 00:00:00,1,,,"RENOVACION POLIZA, PCIA SEGUROS(33) POLIZA 10964164",5856236.44,000115,,N
2026,1,1213,1214,2026-04-07 00:00:00,GMADA,2330,8,,R,PRESU,0,2026,S,2026-04-07 00:00:00,2,,,  PROV. COMBUSTIBLE DEL SALADO- SEC PRODUCCION- PREVISION,102250.0,000000,,N
2026,1,1381,1382,2026-04-15 00:00:00,GMADA,3184,2,,R,SUM,1353,2026,S,2026-04-15 00:00:00,2,,,DROGUERIA PERDOMINICI- PRESUPUESTO N° 10/04/2026,3114414.8,000115,,N
2026,1,1382,1383,2026-04-15 00:00:00,GMADA,3322,2,,A,SUM,1333,2026,S,2026-04-15 00:00:00,2,2026-05-27 00:00:00,NO,PINAMAR HIGIENE INSTITUCIONAL - PRESUPUESTO N° 16-2546 (HOSPITAL),238866.16,000115,,N
2026,1,1383,1384,2026-04-15 00:00:00,GMADA,3296,5,,R,SUM,1188,2026,S,2026-04-15 00:00:00,1,,,PINTURERIA CONCEPTO PROVEEDOR 3296  PRESUO S/N,111562.0,000115,,N
2026,1,1384,1385,2026-04-15 00:00:00,GMADA,1259,2,,R,SUM,1340,2026,S,2026-04-15 00:00:00,1,,,ELECTRO DANNUNZIO - PRESUPUESTO N° 30522 - 30472 - 30492 (PEDIATRIA HOSPITAL),86589.56,000115,,N
2026,1,1385,1386,2026-04-15 00:00:00,GMADA,3322,33,,A,SUM,1332,2026,S,2026-04-15 00:00:00,2,2026-05-27 00:00:00,NO,PINAMAR HIGIENE INSTITUCIONAL - PRESUPUESTO N° 16-2559,153742.02,000115,,N
2026,1,1393,1394,2026-04-15 00:00:00,GMADA,160,13,,R,SUM,1345,2026,S,2026-04-15 00:00:00,1,,,AGROVETERINARIA MARZULLO - PRESUPUESTO N° 1-1181 (BROMATOLOGIA),6100.0,000115,,N
2026,1,1394,1395,2026-04-15 00:00:00,GMADA,688,13,,R,SUM,1346,2026,S,2026-04-15 00:00:00,1,,,BATERIAS LA PRIMERA - PRESUPUESTO N° 7075 VEHIOCULO DOMINIOAB437WY,139000.0,000115,,N
2026,1,1395,1396,2026-04-15 00:00:00,GMADA,850,2,,R,SUM,1349,2026,S,2026-04-15 00:00:00,3,,,UNO ELECTROMEDICINA- PRESUPUESTO N° 00003-00015560,4955845.16,000115,,N
2026,1,1396,1397,2026-04-15 00:00:00,GMADA,1879,25,,R,SUM,1377,2026,S,2026-04-15 00:00:00,2,,,"Rodamientos Tuyu, presupuesto 3904 ( AE 704 AW- AE 704 AX)",529670.0,000115,,N
2026,1,1398,1399,2026-04-15 00:00:00,GMADA,2663,2,,R,SUM,1368,2026,S,2026-04-15 00:00:00,6,,,ALAIS PHARMA S.A- PRESUPUESTO N° 0001-00019729,1129780.52,000115,,N
2026,1,1400,1401,2026-04-15 00:00:00,GMADA,2593,8,,R,SUM,1406,2026,S,2026-04-15 00:00:00,1,,,PROV. BALLETO URRUTIA JUAN AGUSTIN - PRESUP. N° 10/04/2026 - SEC PRODUCCION- FOTON AF591SL,71000.0,000115,,N
2026,1,1937,1936,2026-05-27 00:00:00,GMADA,3390,2,,R,SUM,1940,2026,S,2026-05-27 00:00:00,2,,,PRESUPUESTO 56 CONSUMO DEL 01/01/2026 AL 31/01/2026 HOSPITAL Y HOGAR DE ANCIANOS,1987500.0,000115,,N
2026,1,1939,1938,2026-05-27 00:00:00,GMADA,2869,H.ANC,,R,SUM,1935,2026,S,2026-05-27 00:00:00,1,,,MADA POY - PRESUPUESTO N° 1-1023  SEMANA DEL 15/05/2026 AL 22/05/2026,1848243.0,000115,,N
2026,1,1941,1940,2026-05-27 00:00:00,GMADA,285,2,,R,SUM,1924,2026,S,2026-05-27 00:00:00,2,,,RADIOGRAFICA OESTE - PRESUPUESTO N° 100054469,999924.9,000115,,N
2026,1,1943,1943,2026-05-27 00:00:00,GMADA,2110,H.ANC,,R,SUM,1921,2026,S,2026-05-27 00:00:00,1,,,EDUARDO FUMEGA - PRESUPUESTO N° 561,120000.0,000115,,N
2026,1,1945,1944,2026-05-27 00:00:00,GMADA,3322,2,,R,SUM,1920,2026,S,2026-05-27 00:00:00,2,,,PINAMAR HIGIENE INSTITUCIONAL - PRESUPUESTO N° 16-2628,101796.67,000115,,N
2026,1,178,178,2026-01-13 00:00:00,GMADA,33,RESID,,R,SUM,263,2026,S,2026-01-13 00:00:00,1,,,"RENOVACION SEGUROS, PCIA SEGUROS(33), POLIZA 10964164",14974886.89,000115,,N
2026,1,180,180,2026-01-13 00:00:00,GMADA,33,2,,R,SUM,261,2026,S,2026-01-13 00:00:00,1,,,"RENOVACION POLIZA, PCIA SEGUROS(33), POLIZA 10946164",25861604.6,000115,,N
2026,1,189,189,2026-01-13 00:00:00,GMADA,3495,17,,A,SUM,235,2026,S,2026-01-13 00:00:00,1,2026-01-21 00:00:00,NO,PROV. VIVERO GRANADOS PEDIDO NRO19544 PINO PARA PALACIO MUNICIPAL,425000.0,000115,,N
2026,1,198,198,2026-01-13 00:00:00,GMADA,1514,3,,R,SUM,173,2026,S,2026-01-13 00:00:00,3,,,PROV.CASA ELICEIRY PRESUP.07/01/2026 ACEITES Y LUBRICANTES PARA TODA LA  FLOTA VEHICULAR DE ESTA SECRETARIA,4606439.0,000115,,N
2026,1,200,200,2026-01-13 00:00:00,GMADA,2209,4,,R,SUM,149,2026,S,2026-01-13 00:00:00,2,,,"Corresponde a Previsión de Durante, Javier de ""Distribuidora del Sudeste"" Para granja, prestaciones, sede, servicio local, envión,",603000.0,000115,,N
2026,1,202,202,2026-01-13 00:00:00,GMADA,2843,GRAN,,R,SUM,150,2026,S,2026-01-13 00:00:00,1,,,"Corresponde a Previsión de Rost, Tamara de ""Frutería y Verdulería  Negrin""",1000000.0,000115,,N
2026,1,204,204,2026-01-13 00:00:00,GMADA,2869,GRAN,,R,SUM,151,2026,S,2026-01-13 00:00:00,2,,,"Corresponde a Previsión de ""Mada Poy S.A.""",4000000.0,000115,,N
2026,1,206,206,2026-01-13 00:00:00,GMADA,2930,1,,R,SUM,36,2026,S,2026-01-13 00:00:00,1,,,Previsión Esperón Juan Manuel,4000000.0,000115,,N
2026,1,208,208,2026-01-13 00:00:00,GMADA,918,1,,R,SUM,32,2026,S,2026-01-13 00:00:00,1,,,Previsión Correo Andreani,2000000.0,000115,,N
2026,1,210,210,2026-01-13 00:00:00,GMADA,2209,6,,R,SUM,141,2026,S,2026-01-13 00:00:00,1,,,"Durante Javier, presupuesto 0001-00000813",150707.0,000115,,N
2026,1,212,212,2026-01-13 00:00:00,GMADA,2593,9,,R,SUM,82,2026,S,2026-01-13 00:00:00,1,,,Presupuesto 11247287 Proveedor Balletto Urrutia Juan,35000.0,000115,,N
2026,1,481,481,2026-01-28 00:00:00,GMADA,441,TESOR,,R,SUM,486,2026,S,2026-01-28 00:00:00,1,,,"PRESUPUESTO 1811,MATIENZO PAOLA",55939.85,000115,,N
2026,1,485,485,2026-01-28 00:00:00,GMADA,3296,CASA,,R,SUM,482,2026,S,2026-01-28 00:00:00,2,,,"PRESUPUESTO N° 0003-00003448 de ""PInturería Concepto S: Cap I"" Para pintar casa del Programa Envión (adentro)",109529.2,000115,,N
2026,1,488,488,2026-01-28 00:00:00,GMADA,2403,3,,R,SUM,493,2026,S,2026-01-28 00:00:00,1,,,PROV.BIGORITO LEONARDO PRESUP.0091 REPARACION PARA VW13180 HKO983,150000.0,000115,,N
2026,1,490,490,2026-01-28 00:00:00,GMADA,1514,6,,R,SUM,489,2026,S,2026-01-28 00:00:00,4,,,CASA ELICEIRY,960000.0,000115,,N
2026,1,547,547,2026-02-03 00:00:00,GMADA,1514,6,,R,PRESU,0,2026,S,2026-02-03 00:00:00,2,,,"PRESUPUESTO, CASA ELICEIRY, 4/02/2026",16260000.0,000000,,N
2026,1,553,554,2026-02-03 00:00:00,GMADA,3287,INSP,,R,PRESU,1857,2026,S,2026-02-03 00:00:00,2,,,"Hispanograf, presupuesto 1857 (INSPECCION)",21600.0,000000,,N
2026,1,555,555,2026-02-03 00:00:00,GMADA,3322,2,,R,PRESU,2340,2026,S,2026-02-03 00:00:00,2,,,PINAMAR HIGIENE INSTITUCIONAL SRL- PRESUPUESTO N° 0016-00002340/2345 (LAVADERO- ADMINISTRACION),1214734.66,000000,,N
2026,1,557,557,2026-02-03 00:00:00,GMADA,2427,2,,R,PRESU,117,2026,S,2026-02-03 00:00:00,2,,,REFRIGERACION ADIS- PRESUPUESTO N° 117,140000.0,000000,,N
2026,1,559,559,2026-02-03 00:00:00,GMADA,776,2,,R,PRESU,728,2026,S,2026-02-03 00:00:00,1,,,PRESUPUESTO 0728 VERDUM CRISTOBAL VEHICULO DOMINIO AF545GL,110000.0,000000,,N
2026,1,560,560,2026-02-03 00:00:00,GMADA,1936,2,,R,PRESU,0,2026,S,2026-02-04 00:00:00,2,,,PRESUPUESTO CONRADO GUBITTA JUAN INDUMENTARIA PARA PERSONAL DE MANTENIMIENTO - SEGURIDAD - INFOMARTICA - ELECTROMEDICINA,2100000.0,000000,,N
2026,1,600,600,2026-02-11 00:00:00,GMADA,5,5,,R,SUM,615,2026,S,2026-02-11 00:00:00,2,,,CORRESPONDE PREVISION PONSA S.A  CARNAVAL,800000.0,000115,,N
2026,1,601,601,2026-02-11 00:00:00,GMADA,2365,5,,R,SUM,614,2026,S,2026-02-11 00:00:00,3,,,CORRESPONDE PREVISION GONZALEZ FARIAS J. CARNAVAL,440000.0,000115,,N
2026,1,609,609,2026-02-11 00:00:00,GMADA,2330,4,,A,SUM,583,2026,S,2026-02-11 00:00:00,1,2026-05-04 00:00:00,NO,Corresponde a Previsón de Combustible del Salado. Desarrollo Social,1241836.12,000115,,N
2026,1,610,610,2026-02-11 00:00:00,GMADA,2810,JARDM,,R,SUM,579,2026,S,2026-02-11 00:00:00,2,,,"PRESUPUESTO N° X 0001-00000768 / 771 / 795 / 851  de Arriola, María Teresa de ""MERCERIA EL DEDAL"" Para la realización de adornos para celebración aniversario de la Casita",62720.0,000115,,N
2026,1,611,611,2026-02-11 00:00:00,GMADA,441,26,,R,SUM,603,2026,S,2026-02-11 00:00:00,1,,,Corresponde presupuesto N° 0002-00003870 - MATIENZO PAOLA,16200.0,000115,,N
2026,1,612,612,2026-02-11 00:00:00,GMADA,19,CASA,,R,SUM,600,2026,S,2026-02-11 00:00:00,2,,,"PRESUPUESTO N° X 0002-00002957/2959 de Inocencio Cimos de ""FERRETERIA CIMOS"" Para el taller de carpintería y arreglos en la Casa del Adolescente",12934.0,000115,,N
2026,1,613,613,2026-02-11 00:00:00,GMADA,1603,CASA,,R,SUM,601,2026,S,2026-02-11 00:00:00,2,,,"PRESUPUESTO N° X 1342396 de Garcia Mabel de ""PANADERIA ALEM""",66000.0,000115,,N
2026,1,722,722,2026-02-18 00:00:00,GMADA,3003,2,,R,SUM,742,2026,S,2026-02-18 00:00:00,3,,,EXPEDIENTE 463/26 SOLICITUD CONTRATO HEALTCHARE SOLUTIONS del 01/01/26 al 30/06/2026,24000000.0,000115,,N
2026,1,749,749,2026-02-23 00:00:00,GMADA,2593,5,,R,SUM,734,2026,S,2026-02-23 00:00:00,1,,,JUAN AGUSTIN BALLETTO,67500.0,000115,,N
2026,1,750,750,2026-02-23 00:00:00,GMADA,441,1,,R,SUM,745,2026,S,2026-02-23 00:00:00,1,,,"Matienzo Paola ,presupuesto 0002-00003875",13200.0,000115,,N
2026,1,751,751,2026-02-23 00:00:00,GMADA,2627,2,,R,SUM,709,2026,S,2026-02-23 00:00:00,1,,,SANTA PAULA - PRESUPUESTO N° 1-2182 (HOSPITAL),26000.0,000115,,N
2026,1,753,752,2026-02-23 00:00:00,GMADA,186,TURIS,,R,SUM,729,2026,S,2026-02-23 00:00:00,1,,,Marcelo Pasini - Hotel London. Alojamiento rally. Decreto 78/26,675000.0,000115,,N
2026,1,758,758,2026-02-23 00:00:00,GMADA,186,TURIS,,R,SUM,726,2026,S,2026-02-23 00:00:00,1,,,Marcelo Pasini - Hotel London - Alojamiento Rally. decreto 78/26,300000.0,000115,,N
2026,1,759,759,2026-02-23 00:00:00,GMADA,2846,TURIS,,R,SUM,723,2026,S,2026-02-23 00:00:00,1,,,Miguel Cueli. Alojamiento Rally. DECRETO 78/26,960000.0,000115,,N
2026,1,760,760,2026-02-23 00:00:00,GMADA,1169,TURIS,,A,SUM,748,2026,S,2026-02-23 00:00:00,1,2026-02-23 00:00:00,NO,Aldaz Oscar Alfredo y Garmendia Mirta condominio. Alojamiento rally. DECRETO 78/26,1000000.0,000115,,N
2026,1,761,761,2026-02-23 00:00:00,GMADA,3552,4,,R,SUM,739,2026,S,2026-02-23 00:00:00,3,,,"PRESUPUESTO N° X 9178 de ""MATAFUEGOS RUTA 11"" Para el aréa de prestaciones",120000.0,000115,,N
2026,1,763,763,2026-02-23 00:00:00,GMADA,160,3,,R,SUM,737,2026,S,2026-02-23 00:00:00,1,,,PROV. AGROVETERINARIA MARZULLO PRESUP.1168 INSECTISIDA PARA  ESPACIOS PÚBLICOS,292000.0,000115,,N
2026,1,765,765,2026-02-23 00:00:00,GMADA,3330,TURIS,,R,SUM,748,2026,S,2026-02-23 00:00:00,1,,,Aldaz Oscar Alfredo y Garmendia Mirta condominio. Alojamiento rally. DECRETO 78/26,1000000.0,000115,,N
2026,1,779,779,2026-02-25 00:00:00,GMADA,3287,9,,R,PRESU,1863,2026,S,2026-02-25 00:00:00,1,,,PRESUPUESTO N° 1863 - HISPANOGRAF - RALLY PAGOS DEL TUYU,426000.0,000000,,N
2026,1,780,780,2026-02-25 00:00:00,GMADA,3180,5,,R,PRESU,0,2026,S,2026-02-25 00:00:00,1,,,CARLA MARTINEZ  PROGRAMACION INCAA,150000.0,000000,,N
2026,1,781,781,2026-02-25 00:00:00,GMADA,163,6,,R,PRESU,7045,2026,S,2026-02-25 00:00:00,2,,,Alfio Distefano.Tractor Pauny presupuesto N° 079-7045.,4378030.0,000000,,N
2026,1,782,782,2026-02-25 00:00:00,GMADA,163,6,,R,PRESU,0,2026,S,2026-02-25 00:00:00,2,,,"Alfio Distefano Tractor Pauny,presupuesto 079-7046",383250.0,000000,,N
2026,1,783,783,2026-02-25 00:00:00,GMADA,413,2,,R,PRESU,4051,2026,S,2026-02-25 00:00:00,1,,,NEUMATICOS PASO - PRESUPUESTO N° 1-4051/823  VEHICULO DOMINIO AF545GL,16000.0,000000,,N
2026,1,789,789,2026-02-25 00:00:00,GMADA,2548,4,,R,PRESU,0,2026,S,2026-02-25 00:00:00,1,,,"PRESUPUESTO de Speziale, Ana María de "" CASA SAINZ"" Sr. Molina, José Arturo DNI: 4.923.674 fallecido el 31/12/2025",200000.0,000000,,N
2026,1,791,791,2026-02-25 00:00:00,GMADA,1608,8,,R,PRESU,0,2026,S,2026-02-25 00:00:00,2,,,PROV.HOTEL SAN CARLOS - PRES. N°25/02/2026- SEC. PRODUCCION,120000.0,000000,,N
2026,1,792,792,2026-02-25 00:00:00,GMADA,3398,3,,R,PRESU,414,2026,S,2026-02-25 00:00:00,1,,,PROV.CHAYE HNOS PRESUP.0414 REPUESTO PARA TRACTOR JONH DEERE BNA17,1977927.97,000000,,N
2026,1,793,793,2026-02-25 00:00:00,GMADA,2869,2,,R,PRESU,979,2026,S,2026-02-25 00:00:00,1,,,PRESUPUESTO 979 MADA POY,1081796.0,000000,,N
2026,1,794,794,2026-02-25 00:00:00,GMADA,1603,2,,R,PRESU,1342395,2026,S,2026-02-25 00:00:00,1,,,PANADERIA ALEM - PRESUPUESTO N° 1342395 (HOGAR Y HOSPITAL),833000.0,000000,,N
2026,1,795,795,2026-02-25 00:00:00,GMADA,2869,2,,A,PRESU,981,2026,S,2026-02-25 00:00:00,1,2026-02-26 00:00:00,NO,PRESUPUESTO 981 MADA POY,411147.0,000000,,N
2026,1,800,800,2026-02-26 00:00:00,GMADA,21352,9,,R,PRESU,0,2026,S,2026-02-26 00:00:00,2,,," PRESUPUESTO 000, VILLALIBRE JOSE",120000.0,000000,,N
2026,1,798,798,2026-02-26 00:00:00,GMADA,822,3,,R,PRESU,20166,2026,S,2026-02-26 00:00:00,3,,,PROV.ESCANDINAVIA DEL PLATA PRESUP.20166 REPUESTO PARA CARGADORA SDLG 936 CII58,424136.94,000000,,N
2026,1,801,801,2026-02-26 00:00:00,GMADA,2869,2,,R,PRESU,981,2026,S,2026-02-26 00:00:00,1,,,PRESUPUESTO 981 MADA POY,412137.0,000000,,N
2026,1,803,803,2026-02-26 00:00:00,GMADA,879,9,,R,PRESU,46079,2026,S,2026-02-26 00:00:00,2,,,PRESUPUESTO 0002-46079 CASA HARISGARAT - RALLY,192140.0,000000,,N
2026,1,805,804,2026-02-26 00:00:00,GMADA,3177,5,,R,PRESU,0,2026,S,2026-02-26 00:00:00,1,,,GUSTAVO ADOLFO FARIAS,1800000.0,000000,,N
2026,1,806,806,2026-02-26 00:00:00,GMADA,2299,9,,R,PRESU,0,2026,S,2026-02-26 00:00:00,2,,,PREVISION SIN N° - LAGOS - HIDRATACION EN EVENTOS DEPORTIVOS PRIMER SEMESTRE,500000.0,000000,,N
2026,1,807,807,2026-02-26 00:00:00,GMADA,163,3,,R,PRESU,7052,2026,S,2026-02-26 00:00:00,2,,,PROV. ALFIO DISTEFANO PRESUP.079-7052 REPUSTOS PARA MOTONIVELADARA NEW HOLLAND CII59,1276200.0,000000,,N
2026,1,809,809,2026-02-26 00:00:00,GMADA,3287,9,,R,PRESU,1864,2026,S,2026-02-27 00:00:00,1,,,PRESUPUESTO N° 1864 - HISPANOGRAF - SEÑALETICA RALLY 2026,166500.0,000000,,N
2026,1,811,811,2026-02-26 00:00:00,GMADA,3297,25,,R,PRESU,94,2026,S,2026-02-26 00:00:00,1,,,"Frenos Madariaga, presupuesto 094 (AE 704 AW-LBN 155- JCH 069)",1570000.0,000000,,N
2026,1,812,812,2026-02-26 00:00:00,GMADA,3322,2,,R,PRESU,2455,2026,S,2026-02-26 00:00:00,2,,,PINAMAR HIGIENE INSTITUCIONAL - PRESUPUESTO N° 16-2455,497777.59,000000,,N
2026,1,814,814,2026-02-26 00:00:00,GMADA,3075,H.ANC,,R,PRESU,73,2026,S,2026-02-26 00:00:00,1,,,JUAN MARTIN CORREA LORENTE - PRESUPUESTO N° 1-73,185293.58,000000,,N
2026,1,815,815,2026-02-26 00:00:00,GMADA,1078,2,,R,PRESU,0,2026,S,2026-02-26 00:00:00,2,,,OPAZO DANIEL- PRESUPUESTO N° 20/02/2026 ( LABORATORIO- PLANTA DE OXIGENO- INTERNACION),170000.0,000000,,N
2026,1,816,816,2026-02-26 00:00:00,GMADA,612,2,,R,PRESU,783,2026,S,2026-02-26 00:00:00,2,,,PRESUPUESTO JOSE MARZULLO SECRETARIA INTERNACION,450000.0,000000,,N
2026,1,821,821,2026-02-26 00:00:00,GMADA,160,13,,R,PRESU,1169,2026,S,2026-02-26 00:00:00,1,,,AGROVETERINARIA MARZULLO- PRESUPUESTO N° 1169/1170,52900.0,000000,,N
2026,1,822,822,2026-02-26 00:00:00,GMADA,171,9,,R,PRESU,20013,2026,S,2026-02-26 00:00:00,1,,,PRESUPUESTO N° 20013 - ELECTRICIDAD EL GALLEGO -  REPARACION ELECTRICIDAD EN PROGRAMA NUESTROS ABUELOS,4000.0,000000,,N
2026,1,825,825,2026-02-26 00:00:00,GMADA,1876,2,,R,PRESU,768,2026,S,2026-02-26 00:00:00,2,,,MAX CONTINENTAL- PRESUPUESTO N° 20/02/26,2321489.69,000000,,N
2026,1,836,836,2026-02-27 00:00:00,GMADA,3529,9,,R,EXPED,129,2026,S,2026-03-03 00:00:00,2,,,"PRESUPUESTO, TISERA BRAIAN, EXPTE.129/26",140000.0,000000,,N
2026,1,873,873,2026-03-05 00:00:00,GMADA,1468,2,,R,SUM,801,2026,S,2026-03-05 00:00:00,2,,,NOVAFARMA- PRESUPUESTO N° 23/02/2026,4167621.15,000115,,N
2026,1,874,874,2026-03-05 00:00:00,GMADA,3180,CACUL,,R,SUM,890,2026,S,2026-03-05 00:00:00,1,,,CARLA MARTINEZ        PROGRAMACION INCAA,1925000.0,000115,,N
2026,1,875,875,2026-03-05 00:00:00,GMADA,517,2,,R,SUM,879,2026,S,2026-03-05 00:00:00,3,,,PRESUPUESTO 260226 LALOSECVICH  INSUMOS PARA INTERNACION - CAPS NORTE,495800.0,000115,,N
2026,1,876,876,2026-03-05 00:00:00,GMADA,300,TURIS,,R,SUM,752,2026,S,2026-03-05 00:00:00,1,,,Pintureria - ferreteria TODO COLOR - presupuesto 5506 - invernada,15820.0,000115,,N
2026,1,877,877,2026-03-05 00:00:00,GMADA,2627,2,,R,SUM,871,2026,S,2026-03-05 00:00:00,1,,,SANTA PAULA- PRESUPUESTO N° 0001-00002184 (SEMANA DEL 26/02/26 AL 23/02/26),36000.0,000115,,N
2026,1,878,878,2026-03-05 00:00:00,GMADA,688,1,,R,SUM,865,2026,S,2026-03-05 00:00:00,1,,,"PRESUPUESTO 7018, RAMOS-ISIDRO",18000.0,000115,,N
2026,1,879,879,2026-03-05 00:00:00,GMADA,2627,2,,R,SUM,872,2026,S,2026-03-05 00:00:00,1,,,SANTA PAULA- PRESUPUESTO N° 0001-00002188 (SEMANA  DEL 23/02/26 AL 2/03/26),50800.0,000115,,N
2026,1,880,880,2026-03-05 00:00:00,GMADA,3492,4,,R,SUM,919,2026,S,2026-03-05 00:00:00,1,,,"EXpte N° 632/2026 Contrato: Sra. Baigorria, Daniela Operadora Grupal -  Equipo Envión. No cumple con el Art. 45 de la Ley 14.656",2723827.2,000115,,N
2026,1,881,881,2026-03-05 00:00:00,GMADA,3218,5,,A,ORDCO,936,2026,S,2026-03-05 00:00:00,2,2026-03-11 00:00:00,NO,"PRESUPUESTO 000, USS SERVICIO DE SEGURIDAD DIFERENCIA OC 574",2723.33,000115,,N
2026,1,882,882,2026-03-05 00:00:00,GMADA,3540,35,,R,SUM,918,2026,S,2026-03-05 00:00:00,2,,,"Exp.:507/26 Sol. Reparacion de Cubierta de EP Nº17 ""9 de Julio de 1986"" del Paraje Medaland - Prov.:Baigorria Gonzalo Ezequiel (3540) - Presup.:Contrato",7900000.0,000115,,N
2026,1,1176,1177,2026-04-01 00:00:00,GMADA,2869,2,,R,SUM,1148,2026,S,2026-04-01 00:00:00,1,,,MADA POY S.A- PRESUPUESTO N° 0001-00001004/1005 (SEMANA DEL 19/03 AL 26/03/26),1824994.0,000115,,N
2026,1,1177,1178,2026-04-01 00:00:00,GMADA,3165,2,,R,SUM,1143,2026,S,2026-04-01 00:00:00,2,,,VELIBO SUPPLIES S.A.S- PRESUPUESTO N° 0001-00011230,7046729.3,000115,,N
2026,1,1178,1179,2026-04-01 00:00:00,GMADA,167,2,,R,SUM,1153,2026,S,2026-04-01 00:00:00,1,,,TODO POLLO - PRESUPUESTO N° 88  SEMANA DEL 18/03/2026 AL 25/03/2026,637000.0,000115,,N
2026,1,1179,1180,2026-04-01 00:00:00,GMADA,167,H.ANC,,R,SUM,1152,2026,S,2026-04-01 00:00:00,1,,,TODO POLLO - PRESUPUESTO N° 89 SEMANA DEL 18/03/2026 AL 25/03/2026,327000.0,000115,,N
2026,1,1180,1181,2026-04-01 00:00:00,GMADA,2627,H.ANC,,R,SUM,1154,2026,S,2026-04-01 00:00:00,1,,,SANTA PAULA - PRESUPUESTO N° 1-2196,70000.0,000115,,N
2026,1,1181,1182,2026-04-01 00:00:00,GMADA,117,1,,R,SUM,1170,2026,S,2026-04-01 00:00:00,1,,,"Presupuesto 0014-00252823,PL3",5590.0,000115,,N
2026,1,1182,1183,2026-04-01 00:00:00,GMADA,1876,2,,R,SUM,1168,2026,S,2026-04-01 00:00:00,2,,,MAX CONTINENTAL- PRESUPUESTO Nº 0001-00160877/160917,2388158.53,000115,,N
2026,1,1184,1185,2026-04-01 00:00:00,GMADA,527,2,,R,SUM,1175,2026,S,2026-04-01 00:00:00,3,,,SERVIMED- PRESUPUESTO N 7454/26 R,112960.0,000115,,N
2026,1,1186,1187,2026-04-01 00:00:00,GMADA,163,6,,R,SUM,1177,2026,S,2026-04-01 00:00:00,2,,,"Alfio Distefano ,presupuesto  079-7063 Motoniveladora New Holland 170",7783030.0,000115,,N
2026,1,1188,1189,2026-04-01 00:00:00,GMADA,2869,2,,R,SUM,1108,2026,S,2026-04-01 00:00:00,1,,,MADA POY - PRESUPUESTO N°1-1003 SEMANA DEL 10/03/2026 AL 17/03/2026,1379038.0,000115,,N
2026,1,1190,1191,2026-04-01 00:00:00,GMADA,2746,5,,R,SUM,1158,2026,S,2026-04-01 00:00:00,2,,,BOHNKE ARTICULOS RURALES SAS   PROVEEDOR 2746  PRESUPUSTO N° 3215  LA INVERNADA,693940.0,000115,,N
2026,1,1192,1193,2026-04-01 00:00:00,GMADA,3287,MUSH,,R,SUM,1141,2026,S,2026-04-01 00:00:00,1,,,"HUGO PIEDRA ""HISPANOGRAF"",  PRESUPUESTO X 1872",29500.0,000115,,N
2026,1,1661,1661,2026-05-07 00:00:00,GMADA,3322,2,,R,SUM,1623,2026,S,2026-05-07 00:00:00,2,,,PINAMAR HIGIENE INSTITUCIONAL - PRESUPUESTO N° 16-2606,487927.83,000115,,N
2026,1,1662,1662,2026-05-07 00:00:00,GMADA,3322,2,,R,SUM,1622,2026,S,2026-05-07 00:00:00,2,,,PINAMAR HIGIENE INSTITUCIONAL - PRESUPUESTO N° 16-2579 (HOSPITAL),575801.98,000115,,N
2026,1,1663,1663,2026-05-07 00:00:00,GMADA,1440,2,,R,SUM,1610,2026,S,2026-05-12 00:00:00,2,,,QUALIMED- PRESUPUESTO N° 98,5200000.0,000115,,N
2026,1,1664,1664,2026-05-07 00:00:00,GMADA,850,2,,R,SUM,1613,2026,S,2026-05-07 00:00:00,2,,,UNO ELECTROMEDICINA- PRESUPUESTO N° 00003-00015396,784015.89,000115,,N
2026,1,1665,1665,2026-05-07 00:00:00,GMADA,850,2,,R,SUM,1619,2026,S,2026-05-07 00:00:00,3,,,UNO ELECTROMEDICINA- PRESUPUESTO N° 00003-00015404,123387.56,000115,,N
2026,1,1666,1666,2026-05-07 00:00:00,GMADA,850,2,,R,SUM,1611,2026,S,2026-05-07 00:00:00,2,,,UNO ELECTROMEDICINA- PRESUPUESTO N° 00003-00015076 (LABORATORIO DE ANALISIS),2773192.38,000115,,N
2026,1,1667,1667,2026-05-07 00:00:00,GMADA,3165,2,,R,SUM,1612,2026,S,2026-05-07 00:00:00,3,,,VELIBO SUPPLIES S.A.S- PRESUPUESTO N° 0001-00011953,768049.3,000115,,N
2026,1,1668,1668,2026-05-07 00:00:00,GMADA,2302,2,,R,SUM,1654,2026,S,2026-05-07 00:00:00,2,,,PRESUPUESTO 11565 DGM TONERS PARA CONSULTORIOS EXTERNOS,419554.2,000115,,N
2026,1,1670,1670,2026-05-07 00:00:00,GMADA,86,12,,A,SUM,1648,2026,S,2026-05-07 00:00:00,2,2026-05-08 00:00:00,NO,"PRESUPUESTO 010401,SUAREZ PABLO(86)",45000.0,000115,,N
2026,1,1671,1671,2026-05-07 00:00:00,GMADA,86,6,,A,SUM,1647,2026,S,2026-05-07 00:00:00,1,2026-05-08 00:00:00,NO,PRESUPUESTO 010411 SUAREZ PABLO(86),40000.0,000115,,N
2026,1,1673,1673,2026-05-07 00:00:00,GMADA,2636,4,,R,SUM,1637,2026,S,2026-05-07 00:00:00,4,,,"PRESUPUESTO N° X 010410 de Juan Manuel Suarez de ""CARPINTERIA DE ALUMINIO VIDRIERIA SUAREZ"" Para la oficina de sede",30000.0,000115,,N
2026,1,1675,1675,2026-05-07 00:00:00,GMADA,300,JARDM,,R,SUM,1640,2026,S,2026-05-07 00:00:00,3,,,"PRESUPUESTO N° 00005940 de Silvia Beatriz Maitegui de "" PINTURERIA-FERRETERIA TODO COLOR"" Para arreglos varios en la Casita de Chocolate",174677.0,000115,,N
2026,1,1676,1676,2026-05-07 00:00:00,GMADA,2636,JARDM,,R,SUM,1638,2026,S,2026-05-07 00:00:00,5,,,"PRESUPUESTO N° X 010413 de Juan Manuel Suarez de ""CARPINTERIA DE ALUMNIO VIDRIERIA SUAREZ"" para puerta nueva",291700.0,000115,,N
2026,1,1677,1677,2026-05-07 00:00:00,GMADA,1879,1,,R,SUM,1636,2026,S,2026-05-07 00:00:00,1,,,"Zubiarrain Daniel ,presupuesto 00003909",438600.0,000115,,N
2026,1,1678,1678,2026-05-07 00:00:00,GMADA,2801,5,,R,SUM,1578,2026,S,2026-05-07 00:00:00,1,,,PASINI REFRIGERACION PRESUPUESTO S/N       ARREGLO OFICINA EX SECRETARIA DE CULTURA,83000.0,000115,,N
2026,1,1679,1679,2026-05-07 00:00:00,GMADA,3075,CACUL,,R,SUM,1634,2026,S,2026-05-07 00:00:00,1,,,MARTIN CORREA LORENTE PRESUPUESTO N° 3013,23349.83,000115,,N
2026,1,1685,1685,2026-05-07 00:00:00,GMADA,1206,5,,R,SUM,1704,2026,S,2026-05-07 00:00:00,2,,,NUCLEO CABA PRESUPUESTO N° 42-241420,810000.0,000115,,N
2026,1,2112,2111,2026-06-09 00:00:00,GMADA,216,2,,R,SUM,2024,2026,S,2026-06-09 00:00:00,2,,,FAE - PRESUPUESTO N° 3397728 (HOSPITAL Y HOGAR DE ANCIANOS ) CONSUMO SEMANAL,287000.0,000115,,N
2026,1,2115,2113,2026-06-09 00:00:00,GMADA,2627,2,,R,SUM,2025,2026,S,2026-06-09 00:00:00,2,,,SANTA PAULA - PRESUPUESTO N° 1-2226,57000.0,000115,,N
2026,1,2117,2116,2026-06-09 00:00:00,GMADA,850,2,,R,SUM,2053,2026,S,2026-06-09 00:00:00,5,,,UNO ELECTROMEDICINA - PRESUPUESTO N° 00003-00016019,177357.88,000115,,N
2026,1,2118,2117,2026-06-09 00:00:00,GMADA,826,1,,R,SUM,2074,2026,S,2026-06-09 00:00:00,1,,,"Maiz Susana ,presupuesto 65512648",95000.0,000115,,N
2026,1,2119,2118,2026-06-09 00:00:00,GMADA,3038,35,,R,SUM,2077,2026,S,2026-06-09 00:00:00,1,,,Exp.:1218/26 Ref. Demanda Edilicia del Jardín Maternal N° 1 - Gral. Madariaga - Prov.:Diaz Fatima - Presup.:Contrato,3800000.0,000115,,N
2026,1,2122,2120,2026-06-09 00:00:00,GMADA,850,2,,A,SUM,2049,2026,S,2026-06-09 00:00:00,8,2026-06-17 00:00:00,NO,INSUMO GENERALES- PRESUPUESTO 03/06/2026,128373.86,000115,,N
2026,1,2196,2195,2026-06-16 00:00:00,GMADA,171,3,,R,SUM,2108,2026,S,2026-06-16 00:00:00,1,,,PROV.ELECTRICIDAS EL GALLEGO PRESUP.5771 PARA BARSURAL RUTA 11,206700.0,000115,,N
2026,1,2199,2198,2026-06-16 00:00:00,GMADA,3332,3,,R,SUM,2154,2026,S,2026-06-16 00:00:00,1,,,PROV.ANA RODRIGUEZ PRESP.0220 PARA MAQUNA SOLDADORA,189200.0,000115,,N
2026,1,2223,2222,2026-06-17 00:00:00,GMADA,2883,2,,R,PRESU,0,2026,S,2026-06-17 00:00:00,6,,,PROVEEDOR : INSUMOS GENERALES 3F - PRESUPUESTO N° 10/06/2026,25972.65,000000,,N
2026,1,2224,2223,2026-06-17 00:00:00,GMADA,2753,1,,R,PRESU,0,2026,S,2026-06-17 00:00:00,4,,,"PRESUPUESTO 000, CARNERO ECHEGARAY OCTAVIO",750000.0,000000,,N
2026,1,2225,2224,2026-06-18 00:00:00,GMADA,1440,2,,R,PRESU,101,2026,S,2026-06-18 00:00:00,2,,,QUALIMED S.A- PRESUPUESTO N° 101,6591129.0,000000,,N
2026,1,2226,2225,2026-06-18 00:00:00,GMADA,2209,H.ANC,,R,PRESU,914,2026,S,2026-06-18 00:00:00,1,,,DURANTE JAVIER- PRESUPUESTO N° 1-914,101156.0,000000,,N
2026,1,2227,2226,2026-06-18 00:00:00,GMADA,2209,2,,R,PRESU,904,2026,S,2026-06-18 00:00:00,1,,,DURANTE JAVIER PRESUPUESTO N° 1-904 (HOGAR Y HEMOTERAPIA HOSPITAL),161952.0,000000,,N
2026,1,2228,2227,2026-06-18 00:00:00,GMADA,3583,2,,R,PRESU,30961,2026,S,2026-06-18 00:00:00,1,,,ELECTRO DANUNNZIO - PRESUPUESTO N° 30961 (COCINA - LAVADERO),46859.4,000000,,N
2026,1,2229,2228,2026-06-18 00:00:00,GMADA,216,2,,R,PRESU,3397730,2026,S,2026-06-18 00:00:00,2,,,FAE - PRESUPUESTO N° 3397730 (HOSPITAL Y HOGAR DE ANCIANOS),228500.0,000000,,N
2026,1,2230,2229,2026-06-18 00:00:00,GMADA,717,2,,R,PRESU,21433,2026,S,2026-06-18 00:00:00,1,,,PROVEDURIA LA ILUSION - PRESUPUESTO N° 21433,179900.0,000000,,N
2026,1,2231,2230,2026-06-18 00:00:00,GMADA,850,2,,R,PRESU,16174,2026,S,2026-06-18 00:00:00,2,,,PROVEEDOR: UNOELECTROMEDICINA- PRESUPUESTO N° 000003-00016174,285790.3,000000,,N
2026,1,2232,2231,2026-06-18 00:00:00,GMADA,285,2,,R,PRESU,54635,2026,S,2026-06-18 00:00:00,3,,,PROVEEDOR : RADIOGRAFICA OESTE- PRESUPUESTO N° X0000100054635,811927.03,000000,,N
2026,1,2233,2232,2026-06-18 00:00:00,GMADA,285,2,,R,PRESU,54721,2026,S,2026-06-18 00:00:00,2,,,PROVEEDOR : RADIOGRAFICA OESTE-  PRESUESTO N° X0000100054721,499585.04,000000,,N
2026,1,2234,2233,2026-06-18 00:00:00,GMADA,285,2,,R,PRESU,54634,2026,S,2026-06-18 00:00:00,2,,,RADIOGRAFICA OESTE- PRESUPUESTO N° X0000100054634,532705.0,000000,,N
2026,1,2235,2234,2026-06-18 00:00:00,GMADA,2883,2,,R,PRESU,0,2026,S,2026-06-18 00:00:00,3,,,PROVEEDOR INSUMOS GENERALES 3F  -  PRESUPUESTO 03/06/2026,586523.43,000000,,N
2026,1,2236,2235,2026-06-18 00:00:00,GMADA,3184,2,,R,PRESU,0,2026,S,2026-06-18 00:00:00,2,,,DROGUERIA PERDOMINICI- PRESUPUESTO N° 27/05/2026,669743.95,000000,,N
2026,1,2237,2236,2026-06-18 00:00:00,GMADA,850,2,,R,PRESU,16118,2026,S,2026-06-18 00:00:00,3,,,UNO ELECTROMEDICINA PRESUPUESTO N°00003-00016118,806316.56,000000,,N
2026,1,2238,2237,2026-06-18 00:00:00,GMADA,866,2,,R,PRESU,1657094,2026,S,2026-06-18 00:00:00,2,,,PILOÑA- PRESUPUESTO N° 01657094,338724.0,000000,,N
2026,1,2239,2238,2026-06-18 00:00:00,GMADA,2883,2,,R,PRESU,0,2026,S,2026-06-18 00:00:00,2,,,INSUMOS GENERALES 3 F- PRESUPUESTO N° 9/06/26,1233674.4,000000,,N
2026,1,2240,2239,2026-06-18 00:00:00,GMADA,1514,3,,R,PRESU,0,2026,S,2026-06-18 00:00:00,2,,,PROV. CASA ELICEIRY GAS OIL PARA VEHICULOS Y MAQUINAS DE ESTA SECRETARIA,17672000.0,000000,,N
2026,1,2241,2240,2026-06-18 00:00:00,GMADA,1101,14,,R,PRESU,0,2026,S,2026-06-18 00:00:00,1,,,"EXPTE 1636/26, DESTINO MADARIAGA, RUIZ DANIEL",150000.0,000000,,N
2026,1,2242,2241,2026-06-18 00:00:00,GMADA,1213,CASA,,R,PRESU,0,2026,S,2026-06-18 00:00:00,2,,,"Expte N° 304/2026 Proyecto de Talleres Programa Envión.  PRESUPUESTO de ""DE LAS MISIONES"" Taller de carpintería",27976.48,000000,,N
2026,1,2243,2242,2026-06-18 00:00:00,GMADA,2991,1,,R,PRESU,3104,2026,S,2026-06-18 00:00:00,1,,,"PRESUPUESTO 3104, ALEGRE SAUL ALBERTO, EXPTE 1460/26",500000.0,000000,,N
2026,1,2244,2243,2026-06-19 00:00:00,GMADA,160,CONTR,,R,PRESU,1203,2026,S,2026-06-19 00:00:00,1,,,"PRESUPUESTO 1203, SUC MARZULLO CESAR ABEL",3900.0,000000,,N
2026,1,2245,2244,2026-06-19 00:00:00,GMADA,1514,42,,R,PRESU,0,2026,S,2026-06-19 00:00:00,3,,,PROV. CASA ELISEIRY GAS OIL PARA MAQUINAS PREDIOS DISPOSICION FINAL RUTA 11 KM 405.5,3291410.0,000000,,N
2026,1,2246,2245,2026-06-19 00:00:00,GMADA,3583,3,,R,PRESU,30996,2026,S,2026-06-19 00:00:00,1,,,"PROV. ELECTRO DANNUNZIO PRESUP.30996  INSUMOS PARA MONUMENTO AL TANGO, DESTACAMENTO CPR",916152.6,000000,,N
2026,1,2247,2246,2026-06-19 00:00:00,GMADA,2369,3,,R,PRESU,6032,2026,S,2026-06-19 00:00:00,2,,,PROV.MERCEDES LA PLATA PRESUP.6032 REPUESTO PARA LED013,85824.1,000000,,N
2026,1,2248,2247,2026-06-19 00:00:00,GMADA,1586,CASA,,R,PRESU,182,2026,S,2026-06-19 00:00:00,2,,,"PRESUPUESTO N° 0130-00000182 de ""HENDEL"" Para la casa del adolescente",377998.95,000000,,N
2026,1,2250,2249,2026-06-19 00:00:00,GMADA,3236,6,,R,PRESU,0,2026,S,2026-06-19 00:00:00,1,,,"CONTRATO, MADAGRO",1007400.0,000000,,N
2026,1,2361,2361,2026-06-26 00:00:00,GMADA,3514,4,,R,SUM,2344,2026,S,2026-06-26 00:00:00,1,,,"Expte N° 604/2026 Contrato Sra. Suarez Acevedo, Sheila - Psicóloga en el Equipo del Servicio Local - No cumple con el Art. 45 de la Ley 14.656",3558946.8,000115,,N
2026,1,2363,2363,2026-06-26 00:00:00,GMADA,3454,4,,R,SUM,2346,2026,S,2026-06-26 00:00:00,1,,,"Expte N° 441/2026 Contrato Sr. Muscia Caldarella, Gian Franco Operador Social en el Equipo del Servicio Local-- No cumple con el Art. 45 de la Ley 14.656",811789.36,000115,,N
2026,1,2365,2365,2026-06-26 00:00:00,GMADA,3492,4,,R,SUM,2345,2026,S,2026-06-26 00:00:00,1,,,"Expte N° 632/2026 Contrato Sra. Baigorria, Daniela Operadora Grupal en el Equipo Programa Envión- No cumple con el Art. 45 de la Ley 14.656",2247157.44,000115,,N
2026,1,2367,2367,2026-06-26 00:00:00,GMADA,3336,3,,R,SUM,2330,2026,S,2026-06-26 00:00:00,3,,,"PROV. ROCIO MORELES  PRESP.25/06 REPARCIONES PARA XNE244,CAR748,BMV14",380000.0,000115,,N
2026,1,2370,2370,2026-06-26 00:00:00,GMADA,441,8,,R,SUM,2333,2026,S,2026-06-26 00:00:00,1,,,PROV.MATIENZO PAOLA AMELIA - PAPELERA ALPA   - PRES. N°3959- SEC. PRODUCCION-,5400.0,000010,,N
2026,1,2373,2373,2026-06-26 00:00:00,GMADA,3583,8,,R,SUM,2334,2026,S,2026-06-26 00:00:00,1,,,PROV. DNZBROTHERS 302 SRL- ELECTRO DANUNNZIO   - PRES. N°31071- SEC. PRODUCCION-,24507.0,000115,,N
2026,1,2374,2374,2026-06-26 00:00:00,GMADA,1527,25,,R,SUM,2341,2026,S,2026-06-26 00:00:00,1,,,"Gomeria La Diagonal,presupuesto",99000.0,000115,,N
2026,1,2375,2375,2026-06-26 00:00:00,GMADA,612,25,,R,SUM,2340,2026,S,2026-06-26 00:00:00,3,,,"Marzullo Computacion, presupuesto 1302 ( COM)",39000.0,000115,,N
2026,1,130,130,2026-01-12 00:00:00,GMADA,2578,2,,R,FACT,227,2026,S,2026-01-12 00:00:00,2,,,EXPEDIENTE 83/26 CONTRATO PHOYU MARIA ALCIRA DEL 01/01/26 AL 30/04/26 TRABAJOS DE COSTURA,2320000.0,000115,,N
2026,1,129,129,2026-01-12 00:00:00,GMADA,2334,1,,R,SUM,234,2026,S,2026-01-12 00:00:00,3,,,Expte. 3735 Convenio de Asistencia y Soporte RAFAM- Grid It Seven S.A.,3200260.0,000115,,N
2026,1,132,132,2026-01-12 00:00:00,GMADA,1494,2,,A,SUM,161,2026,S,2026-01-12 00:00:00,1,2026-01-12 00:00:00,NO,MARIANO ARIEL RODRIGUEZ.COMISIONES LA PLATA- BUENOS AIRES. HOSPITAL MUNICIPAL..PREVISION.,2000000.0,000115,,N
2026,1,133,133,2026-01-12 00:00:00,GMADA,1494,2,,R,SUM,161,2026,S,2026-01-12 00:00:00,1,,,MARIANO ARIEL RODRIGUEZ.COMISIONES LA PLATA- BUENOS AIRES. HOSPITAL MUNICIPAL..PREVISION.,2000000.0,000115,,N
2026,1,134,134,2026-01-12 00:00:00,GMADA,3445,5,,R,SUM,218,2026,S,2026-01-12 00:00:00,1,,,ALEJANDRO MORALES     CARNAVAL,350000.0,000115,,N
2026,1,135,135,2026-01-12 00:00:00,GMADA,3337,6,,R,SUM,94,2026,S,2026-01-12 00:00:00,2,,,Presupuesto N° 598 Proveedor Garcia Federico,2780200.0,000115,,N
2026,1,272,272,2026-01-16 00:00:00,GMADA,850,2,,R,SUM,299,2026,S,2026-01-16 00:00:00,3,,,UNO ELECTROMEDICINA- PRESUPUESTO N° 00003-00014718 (LABORATORIO DE ANALISIS),1630151.61,000115,,N
2026,1,274,274,2026-01-16 00:00:00,GMADA,2883,2,,R,SUM,298,2026,S,2026-01-16 00:00:00,2,,,INSUMOS GENERALES 3F- PRESUPUESTO N° 7/01/26 (FARMACIA),121859.1,000115,,N
2026,1,276,276,2026-01-16 00:00:00,GMADA,167,2,,R,SUM,296,2026,S,2026-01-16 00:00:00,1,,,TODO POLLO- PRESUPUESTO N° 61 (COCINA) DESDE EL 3/01/2026 AL 10/01/26,1118690.0,000115,,N
2026,1,278,278,2026-01-16 00:00:00,GMADA,2869,2,,R,SUM,293,2026,S,2026-01-16 00:00:00,1,,,MADA POY - PRESUPUESTO N° 0001-00000957 (HOGAR DE ANCIANOS) DESDE EL 2/01/26  AL 9/01/26,1518843.0,000115,,N
2026,1,280,280,2026-01-16 00:00:00,GMADA,1078,2,,R,SUM,290,2026,S,2026-01-16 00:00:00,2,,,OPAZO DANIEL- PRESUPUESTO N° 31/01/2026 SECTOR: PASILLO ENTRADA DE ADMISION),175000.0,000115,,N
2026,1,287,287,2026-01-16 00:00:00,GMADA,33,29,,R,SUM,291,2026,S,2026-01-16 00:00:00,1,,,"RENOVACION POLIZA, PCIA SEGUROS(33), POLIZA 3374634",566687.0,000115,,N
2026,1,288,288,2026-01-16 00:00:00,GMADA,33,25,,R,SUM,300,2026,S,2026-01-16 00:00:00,1,,,"RENOVACION POLIZA, PCIA SEGUROS(33) POLIZA 3374638",1290174.0,000115,,N
2026,1,289,289,2026-01-16 00:00:00,GMADA,33,32,,R,SUM,297,2026,S,2026-01-16 00:00:00,1,,,"RENOVACION POLIZA, PCIA SEGUROS(33), POLIZA 3374635",831252.0,000115,,N
2026,1,290,290,2026-01-16 00:00:00,GMADA,866,2,,R,SUM,242,2026,S,2026-01-16 00:00:00,5,,,PILOÑA- PRESUPUESTO N° 1646758,5999983.64,000115,,N
2026,1,358,358,2026-01-20 00:00:00,GMADA,2513,SECRE,,R,SUM,364,2026,S,2026-01-20 00:00:00,1,,,Corresponde Expte n ° 26/2026 - Servicio de Publicidad- Oliva Ruben,1800000.0,000115,,N
2026,1,359,359,2026-01-20 00:00:00,GMADA,2107,SECRE,,R,SUM,363,2026,S,2026-01-20 00:00:00,1,,, Corresponde Expte n ° 26/2026 - Servicio de Publicidad- Pereyra Guillermo,1800000.0,000115,,N
2026,1,360,360,2026-01-20 00:00:00,GMADA,2098,SECRE,,R,SUM,362,2026,S,2026-01-20 00:00:00,1,,,Corresponde Expte n ° 26/2026 - Servicio de Publicidad- Mendez Angel,1200000.0,000115,,N
2026,1,361,361,2026-01-20 00:00:00,GMADA,2835,SECRE,,R,SUM,369,2026,S,2026-01-20 00:00:00,1,,,Corresponde Expte n ° 26/2026 - Servicio de Publicidad- Cerfoglio Fabian,2160000.0,000115,,N
2026,1,362,362,2026-01-20 00:00:00,GMADA,2584,SECRE,,R,SUM,361,2026,S,2026-01-20 00:00:00,1,,,Corresponde Expte n ° 26/2026 - Servicio de Publicidad- Manzo Hugo,1200000.0,000115,,N
2026,1,363,363,2026-01-20 00:00:00,GMADA,2086,SECRE,,R,SUM,366,2026,S,2026-01-20 00:00:00,1,,,Corresponde Expte n ° 26/2026 - Servicio de Publicidad- Scigliano Gaston,1200000.0,000115,,N
2026,1,364,364,2026-01-20 00:00:00,GMADA,53,SECRE,,R,SUM,368,2026,S,2026-01-20 00:00:00,1,,,Corresponde Expte n ° 26/2026 - Servicio de Publicidad- Andrioletti Miguel,1080000.0,000115,,N
2026,1,365,365,2026-01-20 00:00:00,GMADA,2109,SECRE,,R,SUM,381,2026,S,2026-01-20 00:00:00,1,,,Corresponde Expte n ° 26/2026 - Servicio de Publicidad- Gomez Alberto D.,2280000.0,000115,,N
2026,1,366,366,2026-01-20 00:00:00,GMADA,875,SECRE,,R,SUM,376,2026,S,2026-01-20 00:00:00,1,,,Corresponde Expte n ° 26/2026 - Servicio de Publicidad- El mensajero de la Costa,960000.0,000115,,N
2026,1,367,367,2026-01-20 00:00:00,GMADA,1101,SECRE,,R,SUM,370,2026,S,2026-01-20 00:00:00,1,,, Corresponde Expte n ° 26/2026 - Servicio de Publicidad- Ruiz Daniel,1800000.0,000115,,N
2026,1,368,368,2026-01-20 00:00:00,GMADA,2308,SECRE,,R,SUM,359,2026,S,2026-01-20 00:00:00,1,,,Corresponde Expte n ° 26/2026 - Servicio de Publicidad- Carlos Pua,780000.0,000115,,N
2026,1,369,369,2026-01-20 00:00:00,GMADA,869,SECRE,,R,SUM,356,2026,S,2026-01-20 00:00:00,1,,,Corresponde Expte n ° 26/2026 - Servicio de Publicidad- Soledad Kociupk,1200000.0,000115,,N
2026,1,371,371,2026-01-20 00:00:00,GMADA,2309,SECRE,,R,SUM,365,2026,S,2026-01-20 00:00:00,1,,,Corresponde Expte n ° 26/2026 - Servicio de Publicidad- Aluman Sebastian,600000.0,000115,,N
2026,1,372,372,2026-01-20 00:00:00,GMADA,2969,SECRE,,R,SUM,378,2026,S,2026-01-20 00:00:00,1,,,Corresponde Expte n ° 26/2026 - Servicio de Publicidad- Coop. Telefonica de Pinamar,1800000.0,000115,,N
2026,1,375,375,2026-01-20 00:00:00,GMADA,1214,5,,R,SUM,412,2026,S,2026-01-20 00:00:00,1,,,Corresponde - ALQUILER SOCIEDAD ESPAÑOLA EXPTE N°  94/2025,480000.0,000115,,N
2026,1,477,477,2026-01-28 00:00:00,GMADA,1235,INGPU,,R,SUM,14,2026,S,2026-01-28 00:00:00,3,,,"PRESUPUESTO 1611, CAMINO JOSE, EXPTE. 3655/2021 1 CUERPO",7546920.0,000115,,N
2026,1,478,478,2026-01-28 00:00:00,GMADA,1235,DESPA,,R,SUM,16,2026,S,2026-01-28 00:00:00,2,,,"PRESUPUESTO 1611  ,CAMINO JOSE, EXPTE. 3665/2021 1° CUERPO",4073460.0,000115,,N
2026,1,480,480,2026-01-28 00:00:00,GMADA,1235,20,,R,SUM,19,2026,S,2026-01-28 00:00:00,2,,,"PRESUPUESTO 1611 , CAMINO JOSE EXPTE 3655/2021 CUERPO 1",1515900.0,000115,,N
2026,1,482,482,2026-01-28 00:00:00,GMADA,1235,2,,R,SUM,20,2026,S,2026-01-28 00:00:00,2,,,"PRESUPUESTO 1611 , CAMINO JOSE, EXPTE 3655/2021 CUERPO 1",3953460.0,000115,,N
2026,1,483,483,2026-01-28 00:00:00,GMADA,1235,12,,R,SUM,17,2026,S,2026-01-28 00:00:00,2,,,"PRESUPUESTO 1611 , CAMINO JOSE, EXPTE. 3655/2021 1° CUERPO",2153460.0,000115,,N
2026,1,512,512,2026-02-02 00:00:00,GMADA,2878,2,,R,SUM,460,2026,S,2026-02-02 00:00:00,1,,,LOPEZ LEONARDO- PRESUPUESTO N°  20/01/26 (LABORATORIO- FARMACIA),200000.0,000115,,N
2026,1,513,513,2026-02-02 00:00:00,GMADA,441,2,,R,SUM,484,2026,S,2026-02-02 00:00:00,1,,,ALPA PAPELERA. PAOLA AMELIA MATIENZO.PRESUPUESTO Nº 0002-00003857.RECURSOS HUMANOS HOSPITAL.,17920.0,000115,,N
2026,1,514,514,2026-02-02 00:00:00,GMADA,850,2,,R,SUM,495,2026,S,2026-02-02 00:00:00,2,,,UNO ELECTROMEDICINA- PRESUPUESTO N° 00003-00014844/14864 (LABORATORIO DE IMAGENES),1061609.34,000115,,N
2026,1,515,515,2026-02-02 00:00:00,GMADA,1259,25,,R,SUM,504,2026,S,2026-02-02 00:00:00,3,,,"Electro Dannunzio, presupuesto 29981-30014-300332( COM)",76257.6,000115,,N
2026,1,516,516,2026-02-02 00:00:00,GMADA,2627,2,,A,SUM,513,2026,S,2026-02-02 00:00:00,1,2026-02-04 00:00:00,NO,SANTA PAULA- PRESUPUESTO N° 0001-00002171 - DESDE EL 23/01/26 AL 30/01/26,30000.0,000115,,N
2026,1,517,517,2026-02-02 00:00:00,GMADA,1259,25,,R,SUM,509,2026,S,2026-02-02 00:00:00,2,,,"Electro Dannunzio, presupuesto 29947 (COM)",78838.92,000115,,N
2026,1,518,518,2026-02-02 00:00:00,GMADA,2700,13,,R,SUM,511,2026,S,2026-02-02 00:00:00,2,,,ARANA DIEGO- PRESUPUESTO N° 28/01/2026 (BROMATOLOGIA),1370000.0,000115,,N
2026,1,519,519,2026-02-02 00:00:00,GMADA,850,2,,R,SUM,526,2026,S,2026-02-02 00:00:00,2,,,UNO ELECTROMEDICINA- PRESUPUESTO N° 00003-00014884  (LABORATORIO DE ANALISIS),1507405.04,000115,,N
2026,1,520,520,2026-02-02 00:00:00,GMADA,2843,4,,R,SUM,521,2026,S,2026-02-02 00:00:00,2,,,"PRESUPUESTO N° X 6926953 de Rost, Tamara de ""FRUTERIA NEGRIN"" Programa Dietas 2026",1460300.0,000115,,N
2026,1,614,614,2026-02-11 00:00:00,GMADA,2810,CASA,,R,SUM,581,2026,S,2026-02-11 00:00:00,2,,,"PRESUPUESTO N° X 0001- 00000785 / 00000787 / 00000796 de Arriola, María Teresa de ""MERCERIA EL DEDAL"" Para el taller de costura del Programa Envión",38750.0,000115,,N
2026,1,615,615,2026-02-11 00:00:00,GMADA,300,CASA,,R,SUM,576,2026,S,2026-02-11 00:00:00,2,,,"PRESUPUESTO N° 00005935  de Silvia Beatriz Maistegui de ""PINTURERIA - FERRETERIA TODO COLOR"" Para el taller de carpintería del Programa Envión",75116.0,000115,,N
2026,1,616,616,2026-02-11 00:00:00,GMADA,1603,4,,R,SUM,602,2026,S,2026-02-11 00:00:00,2,,,"PRESUPUESTO N° X 1342398 de Gracia Gladys ""PANADERIA ALEM"" Esfuerzo Solidario 2026",110000.0,000115,,N
2026,1,617,617,2026-02-11 00:00:00,GMADA,3296,CASA,,R,SUM,608,2026,S,2026-02-11 00:00:00,2,,,"PRESUPUESTO N° 0003-00003519 de ""PINTURERIA CONCEPTO S.CAP I""Para Proyecto de Diseño",62920.0,000115,,N
2026,1,618,618,2026-02-11 00:00:00,GMADA,2410,4,,R,SUM,610,2026,S,2026-02-11 00:00:00,3,,,"PRESUPUESTO N° X 0001-00001167 de Leandro Ruben Bogado de ""L.R.B"" Camioneta Ford Ranger JYN 229",180000.0,000115,,N
2026,1,619,619,2026-02-11 00:00:00,GMADA,2593,29,,R,SUM,621,2026,S,2026-02-11 00:00:00,1,,,"PRESUPUESTO 11247298, BALLETTO URRUTIA JUAN",95000.0,000115,,N
2026,1,655,655,2026-02-18 00:00:00,GMADA,2410,25,,R,SUM,672,2026,S,2026-02-18 00:00:00,1,,,"L.R.B Bogado, presupuesto 1178 (KYV375)",120000.0,000115,,N
2026,1,656,656,2026-02-18 00:00:00,GMADA,1259,25,,R,SUM,667,2026,S,2026-02-18 00:00:00,1,,,"Electro Dannunzio, presupuestos 30163 (inspeccion)",8125.6,000115,,N
2026,1,657,657,2026-02-18 00:00:00,GMADA,1259,3,,R,SUM,682,2026,S,2026-02-18 00:00:00,1,,,PROV.ELECTRO DANNUNZIO PRESUP.30143 PARA CORRALON MUNICIPAL,44370.2,000115,,N
2026,1,658,658,2026-02-18 00:00:00,GMADA,441,2,,R,SUM,651,2026,S,2026-02-18 00:00:00,1,,,ALPA - PRESUPUESTO N° 2-3864 (DIRECCION HOSPITAL),12500.0,000115,,N
2026,1,659,660,2026-02-18 00:00:00,GMADA,413,1,,R,SUM,669,2026,S,2026-02-18 00:00:00,1,,,"PRESUPUESTO 4014, PASO AGUSTIN",8000.0,000115,,N
2026,1,741,741,2026-02-20 00:00:00,GMADA,441,9,,R,SUM,735,2026,S,2026-02-20 00:00:00,1,,,PRESUPUESTO N° 3876 - N° 3877 PAPELERA ALPA MADARIAGA - MATERIALES A UTILIZAR DURANTE EL AÑO EN PROGRAMA NUESTROS ABUELOS,78016.89,000115,,N
2026,1,673,673,2026-02-18 00:00:00,GMADA,3011,3,,R,SUM,708,2026,S,2026-02-18 00:00:00,2,,,PROV. LUCAS NAHUEL SARMIENTO PRESUP.13/02/2026 REPUESTOS PARA MOTONIVELADRA NEW HOLLAND RG 140 CII59,3005640.0,000115,,N
2026,1,674,674,2026-02-18 00:00:00,GMADA,2069,JARDM,,R,SUM,625,2025,S,2026-02-18 00:00:00,2,,,"PRESUPUESTO de ""CARPINTERIA MUNTION"" Para realización de puerta en la Casita de Chocolate",850000.0,000115,,N
2026,1,677,677,2026-02-18 00:00:00,GMADA,879,4,,R,SUM,622,2026,S,2026-02-18 00:00:00,3,,,"PRESUPUESTO N° X 0001-00001021 de Tatano Harisgarat S.R.L. de ""CASA HARISGARAT"" Familia: Rodriguez, Belén Soledad",72320.0,000115,,N
2026,1,679,679,2026-02-18 00:00:00,GMADA,413,6,,A,SUM,640,2026,S,2026-02-18 00:00:00,1,2026-02-20 00:00:00,NO,Corresponde presupuesto N° 0001-00004043/000004038/00004029/00004021/00004018/00004015/00004046/00004049/00004053/00004045 PASO AGUSTIN,1041500.0,000115,,N
2026,1,683,683,2026-02-18 00:00:00,GMADA,2593,29,,R,SUM,624,2026,S,2026-02-18 00:00:00,1,,,"PRESUPUESTO 11247299, BALLETTO URRUTIA JUAN",14000.0,000115,,N
2026,1,685,685,2026-02-18 00:00:00,GMADA,879,3,,R,SUM,619,2026,S,2026-02-18 00:00:00,2,,,PROV.CASA HARISGARAT PRESUP.1023 ARTICULOS DE PLOMERIA PARA ARREGLO EN MEDIO AMBIENTE,53370.0,000115,,N
2026,1,689,689,2026-02-18 00:00:00,GMADA,879,3,,R,PRESU,1024,2026,S,2026-02-18 00:00:00,5,,,PROV. CASA HARISGARAT PRESUP.1024 PARA OFICINA DE DEFENASA CIVIL,9620.0,000000,,N
2026,1,691,691,2026-02-18 00:00:00,GMADA,300,DEFCI,,R,SUM,607,2026,S,2026-02-18 00:00:00,1,,,PROV.SILVIA MAISTEGUI PRESUP.5925 PARA ARREGLOS GENERALES DEFENSA CIVIL,199954.0,000115,,N
2026,1,693,694,2026-02-18 00:00:00,GMADA,300,25,,R,SUM,687,2026,S,2026-02-18 00:00:00,1,,,"Todo Color, presupuesto 5944 (mantenimiento general del area)",98633.0,000115,,N
2026,1,695,695,2026-02-18 00:00:00,GMADA,300,25,,R,SUM,688,2026,S,2026-02-18 00:00:00,1,,,"Todo Color, presupuesto 5924 (mantenimiento en general del area )",57931.0,000115,,N
2026,1,698,697,2026-02-18 00:00:00,GMADA,776,25,,R,SUM,689,2026,S,2026-02-18 00:00:00,1,,,Gomeria V+B presupuestos 0727-0729-0730-0731-0732-0733-0735-0737-0738-0739-0740-0742-0743-0744,103000.0,000115,,N
2026,1,699,699,2026-02-18 00:00:00,GMADA,776,25,,R,SUM,690,2026,S,2026-02-18 00:00:00,1,,,"Gomeria V+B, presupuesto 0745-0741",50000.0,000115,,N
2026,1,703,703,2026-02-18 00:00:00,GMADA,1527,25,,R,SUM,691,2026,S,2026-02-18 00:00:00,1,,,"Gomeria La Diagonal, presupuesto 0568-0569-0570",306000.0,000115,,N
2026,1,706,706,2026-02-18 00:00:00,GMADA,2770,25,,R,SUM,692,2026,S,2026-02-18 00:00:00,1,,,"Systec, presupuesto 0800 (COM)",47400.0,000115,,N
2026,1,707,707,2026-02-18 00:00:00,GMADA,2410,9,,R,SUM,652,2026,S,2026-02-18 00:00:00,1,,,PREUSPUESTO N° 1181 - L.R.B  ELECTRICIDAD AUTOMOTOR - ARRANQUE IVECO AB603TW,250000.0,000115,,N
2026,1,708,708,2026-02-18 00:00:00,GMADA,441,1,,R,SUM,703,2026,S,2026-02-18 00:00:00,1,,,"Matienzo Paola, presupuesto 00003878",34500.0,000115,,N
2026,1,710,710,2026-02-18 00:00:00,GMADA,2701,9,,R,SUM,587,2026,S,2026-02-18 00:00:00,1,,,PRESUPUESTO ALUCOR REMITO N 0880 PRESUPUESTO N 0879 -  PARA ARMADO DE RECONOCIMIENTOS A ENTREGAR A DEPORTISTAS,42000.0,000115,,N
2026,1,743,743,2026-02-20 00:00:00,GMADA,2209,2,,R,SUM,711,2026,S,2026-02-20 00:00:00,1,,,DURANTE JAVIER - PRESUPUESTO N° 1-850 (COCINA HOSPITAL),460766.0,000115,,N
2026,1,744,744,2026-02-20 00:00:00,GMADA,2593,DMACE,,R,SUM,744,2026,S,2026-02-20 00:00:00,1,,,"PRESUPUESTO 9748501, BALLETTO JUAN",179000.0,000115,,N
2026,1,746,746,2026-02-20 00:00:00,GMADA,186,TURIS,,R,SUM,727,2026,S,2026-02-20 00:00:00,1,,,Marcelo Pasini - Hotel London. Alojamiento Rally. decreto 78/26,540000.0,000115,,N
2026,1,747,747,2026-02-20 00:00:00,GMADA,3331,TURIS,,R,SUM,731,2026,S,2026-02-20 00:00:00,1,,,Liliana Señorans - Parroquinos departamentos. Alojamiento rally. Decreto 78/26,450000.0,000115,,N
2026,1,748,748,2026-02-20 00:00:00,GMADA,572,TURIS,,R,SUM,722,2026,S,2026-02-20 00:00:00,1,,,Leonardo Soraire - Alojamiento para rally. Decreto 78/26,360000.0,000115,,N
2026,1,1401,1402,2026-04-16 00:00:00,GMADA,1514,3,,R,PRESU,0,2026,S,2026-04-16 00:00:00,3,,,PROV. CASA ELICEIRY GAS OIL PARA MAQUINAS Y VEHICULSO DE ESTA SECRETARIA,16924050.0,000000,,N
2026,1,1403,1404,2026-04-16 00:00:00,GMADA,2450,2,,R,PRESU,0,2026,S,2026-04-16 00:00:00,1,,,LA FRUTERIA LABATUT MARCELO - ENTREGAS DEL  01/03/2026 AL 31/03/2026,3551300.0,000000,,N
2026,1,1412,1413,2026-04-17 00:00:00,GMADA,441,1,,R,PRESU,3912,2026,S,2026-04-17 00:00:00,1,,,"Matienzo Paola,presupuesto 00003912",42500.0,000000,,N
2026,1,1413,1414,2026-04-17 00:00:00,GMADA,1259,3,,R,PRESU,30441,2026,S,2026-04-17 00:00:00,1,,,PROV.ELECTRO DANNUNZIO PRESUP.30441 PARA INSTALACION ELECTRICA EN CANCHA MUNICIPAL.,800486.93,000000,,N
2026,1,1414,1415,2026-04-17 00:00:00,GMADA,3165,2,,R,PRESU,11771,2026,S,2026-04-17 00:00:00,2,,,VELIBO SUPPLIES S.A.S- PRESUPUESTO N° 0001-00011771,4367833.2,000000,,N
2026,1,1415,1416,2026-04-17 00:00:00,GMADA,1879,2,,R,PRESU,3905,2026,S,2026-04-17 00:00:00,1,,,RODAMIENTOS TUYU - PRESUPUESTO N° 3905 AMBULANCIA DOMINIOAB039OI,289000.0,000000,,N
2026,1,1416,1417,2026-04-17 00:00:00,GMADA,2627,2,,R,PRESU,2201,2026,S,2026-04-17 00:00:00,1,,,SANTA PAULA - PRESUPUESTO N° 1-2201,68300.0,000000,,N
2026,1,1417,1418,2026-04-17 00:00:00,GMADA,717,2,,R,PRESU,21428,2026,S,2026-04-17 00:00:00,1,,,PROVEDURIA LA ILUSION - PRESUPUESTO N° 21428,147600.0,000000,,N
2026,1,1418,1419,2026-04-17 00:00:00,GMADA,2627,2,,R,PRESU,2213,2026,S,2026-04-17 00:00:00,1,,,SANTA PAULA - PRESUPUESTO N° 1-2213,119000.0,000000,,N
2026,1,1419,1420,2026-04-17 00:00:00,GMADA,2627,H.ANC,,R,PRESU,2210,2026,S,2026-04-17 00:00:00,1,,,SANTA PAULA - PRESUPUESTO N° 1-2210,53000.0,000000,,N
2026,1,1420,1421,2026-04-17 00:00:00,GMADA,3543,29,,R,PRESU,183,2026,S,2026-04-17 00:00:00,3,,,NOELIA VERONICA ATTIE   PROVEEDOR 3543,346000.0,000000,,N
2026,1,1601,1602,2026-05-04 00:00:00,GMADA,3494,5,,R,SUM,1572,2026,S,2026-05-04 00:00:00,1,,,SERGIO DANIEL PEREZ VOLPIN  PROVEEDOR N° 3494 EXPTE 1111/26 OBRA DE TREATRO SOBRE LA LUDOPATIA,1300000.0,000115,,N
2026,1,1602,1603,2026-05-04 00:00:00,GMADA,2133,2,,R,SUM,1573,2026,S,2026-05-04 00:00:00,4,,,EXPEDIENTE 1097/2026 RENOVACION CONTRATO BIONUCLEAR DEL 01/04/2026 AL 30/04/2026,4760979.0,000115,,N
2026,1,2310,2310,2026-06-23 00:00:00,GMADA,441,1,,R,SUM,2282,2026,S,2026-06-23 00:00:00,1,,,Matienzo Paola presupuesto 0002-00003958,1471449.8,000115,,N
2026,1,378,378,2026-01-21 00:00:00,GMADA,3075,1,,R,SUM,415,2025,S,2026-01-21 00:00:00,1,,,"Correa Lorente Martín ,presupuesto N° 0001-00000066",872494.7,000115,,N
2026,1,388,389,2026-01-21 00:00:00,GMADA,850,2,,R,SUM,418,2026,S,2026-01-21 00:00:00,3,,,EXPEDIENTE 178/26 CONTRATO ALQUILER SIGISMONDI JOSE DEL 01/01/26 AL 30/04/26,1683160.0,000115,,N
2026,1,389,390,2026-01-21 00:00:00,GMADA,850,2,,R,SUM,419,2026,S,2026-01-21 00:00:00,3,,,EXPEDIENTE 179/26 CONTRATO ALQUILER SIGISMONDI JOSE DEL 01/01/26 AL 30/04/26,1792260.0,000115,,N
2026,1,390,391,2026-01-21 00:00:00,GMADA,850,2,,R,SUM,421,2026,S,2026-01-21 00:00:00,4,,,EXPEDIENTE 180/26 CONTRATO ALQUILER SIGISMONDI JOSE DEL 01/01/26 AL 30/04/26,2347208.0,000010,,N
2026,1,391,392,2026-01-21 00:00:00,GMADA,850,2,,R,SUM,416,2026,S,2026-01-21 00:00:00,2,,,EXPEDIENTE 177/26 CONTRATO ALQUILER SIGISMONDI JOSE DEL 01/01/26 AL 30/04/26,2431228.0,000115,,N
2026,1,499,499,2026-01-29 00:00:00,GMADA,171,DEFCI,,R,SUM,508,2026,S,2026-01-29 00:00:00,1,,,PROV. JUAN SANCHEZ PRESUP.54551 CABLE PARA DEFENSA CIVIL,49800.0,000115,,N
2026,1,500,500,2026-01-29 00:00:00,GMADA,3395,3,,R,SUM,507,2026,S,2026-01-29 00:00:00,2,,,PROV.BATERIA EL PELA  YANINA PECORARI PRESUP.5065 BATERIAS PARA MOTONIVELADOR NEW HOLLAND CII59,620000.0,000115,,N
2026,1,501,501,2026-01-29 00:00:00,GMADA,3336,3,,R,SUM,505,2026,S,2026-01-29 00:00:00,3,,,PROV. ROCIO MORALES PRESUP.29/10/26 REPARACION DE VW 17220 LED013 Y MINITRACTOR HUSQVANA CEMENTERIO,660000.0,000115,,N
2026,1,502,502,2026-01-29 00:00:00,GMADA,2421,6,,R,SUM,517,2026,S,2026-01-29 00:00:00,2,,,"CONTRATO ENERO-MARZO, OTERMOIN GERMAN CEFERINO",300000.0,000115,,N
2026,1,2286,2286,2026-06-22 00:00:00,GMADA,3583,CACUL,,R,SUM,266,2026,S,2026-06-22 00:00:00,1,,,ELECTRO D´ANNUNZIO PRESUPUESTO N° 31089,336140.0,000115,,N
2026,1,2287,2287,2026-06-22 00:00:00,GMADA,1547,CACUL,,R,SUM,2267,2026,S,2026-06-22 00:00:00,1,,,MARCOS MENDEZ PROVEEDOR 1547,80000.0,000115,,N
2026,1,2288,2288,2026-06-22 00:00:00,GMADA,1440,2,,R,SUM,2247,2026,S,2026-06-22 00:00:00,2,,,QUALIMED S.A- PRESUPUESTO N° 103,493810.0,000115,,N
2026,1,2289,2289,2026-06-22 00:00:00,GMADA,866,2,,R,SUM,2248,2026,S,2026-06-22 00:00:00,2,,,PILOÑA- PRESUPUESTO N° 16/06/26,3863789.61,000115,,N
2026,1,2290,2290,2026-06-22 00:00:00,GMADA,2883,2,,R,SUM,2252,2026,S,2026-06-22 00:00:00,3,,,INSUMOS GENERALES 3 F- PRESUPUESTO N° 17/06/2026,453802.1,000115,,N
2026,1,2291,2291,2026-06-22 00:00:00,GMADA,2663,2,,R,SUM,2268,2026,S,2026-06-22 00:00:00,4,,,ALAIS PHARMA S.A- PRESUPUESTO N° 0001-00020623,662426.5,000115,,N
2026,1,2292,2292,2026-06-22 00:00:00,GMADA,3165,2,,R,SUM,2269,2026,S,2026-06-22 00:00:00,3,,,VELIBO SUPPLIES S.A.S- PRESUPUESTO N° 0001-00012708,2020456.78,000115,,N
2026,1,2345,2345,2026-06-25 00:00:00,GMADA,3556,2,,R,SUM,2264,2026,S,2026-06-25 00:00:00,2,,,"CARACCIOLI - PRESUPUESTO N° 29013, 29016, 29041, 29043, 29017 Y 29044 (HOGAR Y HOSPITAL)",621000.0,000115,,N
2026,1,2347,2347,2026-06-25 00:00:00,GMADA,167,2,,R,SUM,2258,2026,S,2026-06-25 00:00:00,1,,,TODO POLLO - PRESUPUESTO N° 12 SEMANA DEL 10/06/2026 AL 17/06/2026,471750.0,000115,,N
2026,1,2348,2348,2026-06-25 00:00:00,GMADA,527,2,,A,SUM,2280,2026,S,2026-06-25 00:00:00,2,2026-07-01 00:00:00,NO,SERVIMED - PRESUPUESTO N° 10230/26 V SERVICE EQUIPO AUTOCLAVE A VAPOR,3164500.0,000115,,N
2026,1,2349,2349,2026-06-25 00:00:00,GMADA,313,3,,R,SUM,2287,2026,S,2026-06-25 00:00:00,1,,,PROV.  ATREUCO PUEL COMBUSTIBLE PARA MAQUINAS  Y VEHICULOS DE ESTA SECRETARIA,5000000.0,000115,,N
2026,1,2351,2351,2026-06-25 00:00:00,GMADA,2627,2,,R,SUM,2293,2026,S,2026-06-25 00:00:00,1,,,SANTA PAULA - PRESUPUESTO N° 1-2232,16000.0,000115,,N
2026,1,2352,2352,2026-06-25 00:00:00,GMADA,441,2,,R,SUM,2294,2026,S,2026-06-25 00:00:00,1,,,PAPELERA ALPA - PRESUPUESTO N° 2-3955,443085.0,000115,,N
2026,1,2573,2573,2026-07-14 00:00:00,GMADA,2150,1,,R,SUM,2589,2026,S,2026-07-14 00:00:00,1,,, PREVISION DE CHANCHA DE DELEGACION,2000000.0,000115,,N
2026,1,2605,2605,2026-07-16 00:00:00,GMADA,3583,8,,R,SUM,2557,2026,S,2026-07-16 00:00:00,1,,,PROV. DNZBROTHERS 302 SRL- ELECTRO DANUNNZIO   - PRES. N°31206/N°31181- SEC. PRODUCCION-,23468.2,000115,,N
2026,1,2606,2606,2026-07-16 00:00:00,GMADA,1603,4,,R,SUM,2502,2026,S,2026-07-16 00:00:00,1,,,"PRESUPUESTO N° X 6939074 de Garcia , Gladyz Mabel de ""PANADERIA ALEM""Esfuerzo Solidario",303800.0,000115,,N
2026,1,2607,2607,2026-07-16 00:00:00,GMADA,2450,JARDM,,R,SUM,2504,2026,S,2026-07-16 00:00:00,2,,,"PRESUPUESTO de Labatut, Marcelo de ""LA FRUTERIA"" junio 2026",320750.0,000115,,N
2026,1,2608,2608,2026-07-16 00:00:00,GMADA,2869,CASA,,R,SUM,2493,2026,S,2026-07-16 00:00:00,1,,,"Expte N° 304/2026 Proyecto de Talleres Programa Envión 2026- PRESUPUESTO N° X 0001-00001028 de ""MADA POY S.A."" Taller de cocina",31000.0,000115,,N
2026,1,2619,2619,2026-07-16 00:00:00,GMADA,164,4,,R,SUM,2567,2026,S,2026-07-16 00:00:00,1,,,"PRESUPUESTO N° 0001-00000215 de José Oscar Correa ""ELECTRICISTA"" Familia: Sergio Miguel Olguín",1115000.0,000115,,N
2026,1,2621,2621,2026-07-16 00:00:00,GMADA,3573,4,,R,SUM,2560,2026,S,2026-07-16 00:00:00,1,,,"PRESUPUESTO N° X 0001-00000508 de ""MECANICA SOTO"" Camioneta  AYQ 605",180000.0,000115,,N
2026,1,2622,2622,2026-07-16 00:00:00,GMADA,3583,JARDM,,R,SUM,2558,2026,S,2026-07-16 00:00:00,1,,,"PRESUPUESTO N° 00031182 de  DNZBROTHERS 302 S.E.L. de ""ELECTRO DANUNNZIO""",22152.2,000115,,N
2026,1,2623,2623,2026-07-16 00:00:00,GMADA,1879,3,,R,SUM,2583,2026,S,2026-07-16 00:00:00,1,,,"PROV. DANIEL ZUBIARRAIN PRESUP.3914 REPUESTOS PARA FLS723,CII59,LGT081",254000.0,000115,,N
2026,1,2631,2631,2026-07-16 00:00:00,GMADA,567,CASA,,R,SUM,2556,2026,S,2026-07-16 00:00:00,2,,,"Expte N° 304/26 Proyecto de Talleres Programa Envión. PRESUPUESTO de ""CASA LOMBARDI"" Taller de costura",203000.0,000115,,N
2026,1,2376,2376,2026-06-29 00:00:00,GMADA,160,25,,R,SUM,2339,2026,S,2026-06-29 00:00:00,3,,,"Agroveterinatia Marzullo, presupuesto 1199 (mantenimiento)",8095.0,000115,,N
2026,1,2377,2377,2026-06-29 00:00:00,GMADA,1440,2,,R,SUM,2313,2026,S,2026-06-29 00:00:00,2,,,QUALIMED S.A- PRESUPUESTO N° 105,1353718.0,000115,,N
2026,1,2379,2379,2026-06-29 00:00:00,GMADA,866,2,,R,SUM,2315,2026,S,2026-06-29 00:00:00,3,,,PILOÑA - PRESUPUESTO N° 24/06/2026,461932.47,000115,,N
2026,1,2380,2380,2026-06-29 00:00:00,GMADA,2663,2,,R,SUM,2316,2026,S,2026-06-29 00:00:00,2,,,ALAIS PHARMA- PRESUPUESTO N° 0001-00020704,803831.8,000115,,N
2026,1,2535,2535,2026-07-13 00:00:00,GMADA,866,2,,R,SUM,2594,2026,S,2026-07-13 00:00:00,2,,,PILOÑA- PRESUPUESTO N° 2/07/26,1762971.85,000115,,N
2026,1,2536,2536,2026-07-13 00:00:00,GMADA,866,2,,R,SUM,2522,2026,S,2026-07-13 00:00:00,1,,,PILOÑA- PRESUPUESTO N° 6/07/2026,387450.0,000115,,N
2026,1,2538,2538,2026-07-13 00:00:00,GMADA,2606,2,,R,SUM,2524,2026,S,2026-07-13 00:00:00,1,,,DROGUERIA SIST MEDICAL S.R.L- PRESUPUESTO N° 6/07/26,330400.0,000115,,N
2026,1,2543,2543,2026-07-13 00:00:00,GMADA,285,2,,R,SUM,2471,2026,S,2026-07-13 00:00:00,2,,,PROVEEDOR RADIOGRAFICA OESTE - PRESUPUESTO N°  X0000100055035,346393.5,000115,,N
2026,1,2546,2546,2026-07-13 00:00:00,GMADA,285,2,,R,SUM,2470,2026,S,2026-07-13 00:00:00,2,,,PROVEEDOR RADIOGRAFICA OESTE - PRESUPUESTO N° X0000100054985,156672.0,000115,,N
2026,1,2549,2549,2026-07-13 00:00:00,GMADA,3322,2,,R,SUM,2423,2026,S,2026-07-13 00:00:00,1,,,PINAMAR HIGIENE INSTITUCIONAL - PRESUPUESTO N° 16-2660 (HOSPITAL),111599.53,000115,,N
2026,1,2554,2554,2026-07-13 00:00:00,GMADA,313,6,,R,SUM,2569,2026,S,2026-07-13 00:00:00,1,,,Corresponde prevision C.A.S.E.R ATREUCO PUEL,2700000.0,000115,,N
2026,1,1096,1096,2026-03-19 00:00:00,GMADA,2753,5,,R,SUM,1103,2026,S,2026-03-19 00:00:00,2,,,Corresponde presupuesto Echegaray Carnero Jose Octavio,350000.0,000115,,N
2026,1,1222,1223,2026-04-08 00:00:00,GMADA,2369,3,,R,SUM,1224,2026,S,2026-04-08 00:00:00,2,,,"PROV. MERCEDES LA PLATA PRESUP.1954 REPUESTOS PARA  LED010,JZH266,DMI232,XNE245,AF388IJ",2003590.03,000115,,N
2026,1,1223,1224,2026-04-08 00:00:00,GMADA,3075,3,,R,SUM,1173,2026,S,2026-04-08 00:00:00,1,,,PROV.JUAN MARTIN CORREA PRESUP.0085 BOLSAS DE RESIDUOS,71842.5,000115,,N
2026,1,1224,1225,2026-04-08 00:00:00,GMADA,3520,25,,R,SUM,1192,2026,S,2026-04-08 00:00:00,2,,,"Blanco y Castro, presupuesto (reparacion baño del com)",14803.14,000115,,N
2026,1,1228,1229,2026-04-08 00:00:00,GMADA,117,4,,R,SUM,1231,2026,S,2026-04-08 00:00:00,1,,,Presupuesto N° 0014-00252818-PARA AREAS DE: ENVION-OFICINA DE GENERO-DES. SOCIAL.-SERVICIO LOCAL-PRESTACIONES-AREA DE DISCAPACIDAD.,489339.81,000115,,N
2026,1,1229,1230,2026-04-08 00:00:00,GMADA,169,JARDM,,R,SUM,1227,2026,S,2026-04-08 00:00:00,2,,,"PRESUPUESTO N° 000583 de Terranova Lucas Hérnan de ""TERRANOVAQUIMICA"" Para uso en La Casita de Chocolate""",9700.0,000115,,N
2026,1,1231,1232,2026-04-08 00:00:00,GMADA,117,GRAN,,R,SUM,1230,2026,S,2026-04-08 00:00:00,1,,,"Presupuesto N° 0014-00252825 ""Papelera las 3 Marias""",104750.0,000115,,N
2026,1,1232,1235,2026-04-08 00:00:00,GMADA,2410,6,,R,SUM,1236,2026,S,2026-04-08 00:00:00,1,,,"Bogado Leandro Rubén,presupuesto 0001-00001201-Dominio BMU 02",60000.0,000115,,N
2026,1,1235,1236,2026-04-08 00:00:00,GMADA,2680,6,,R,SUM,1232,2026,S,2026-04-08 00:00:00,2,,,"Eijo Marcelo Alejandro,presupuesto 00006",488500.0,000115,,N
2026,1,1245,1246,2026-04-08 00:00:00,GMADA,3336,3,,R,PRESU,0,2026,S,2026-04-08 00:00:00,2,,,PROV. ROCIO MORALES PRESUP.07/04/2026  REPARACION NEW HOLLAND CII59,650000.0,000000,,N
2026,1,1246,1247,2026-04-08 00:00:00,GMADA,117,4,,R,PRESU,2816,2026,S,2026-04-08 00:00:00,1,,,Presupuesto N° 0014-00252816-PAPELERA LAS 3 MARIAS,131266.25,000000,,N
2026,1,1248,1249,2026-04-08 00:00:00,GMADA,1530,6,,R,PRESU,1171,2026,S,2026-04-08 00:00:00,1,,,"Tomas Elorriaga e Hijos S.A.,presupuesto 29001171 Tractor Pauny N° 2,",253764.64,000000,,N
2026,1,1250,1251,2026-04-08 00:00:00,GMADA,117,13,,R,PRESU,252821,2026,S,2026-04-08 00:00:00,1,,,PAPELERA LAS 3 MARIAS - PRESUPUESTO N° 14-252821 (BROMATOLOGIA),2400.0,000000,,N
2026,1,1249,1250,2026-04-08 00:00:00,GMADA,717,2,,R,PRESU,21426,2026,S,2026-04-08 00:00:00,1,,,PROVEDURIA LA ILUSION - PRESUPUESTO  021426,319260.0,000000,,N
2026,1,1251,1252,2026-04-08 00:00:00,GMADA,413,2,,R,PRESU,4134,2026,S,2026-04-08 00:00:00,2,,,PRESUPUESTO 4134 PASO AGUSTIN VEHICULO AF545GL,120000.0,000000,,N
2026,1,1252,1253,2026-04-08 00:00:00,GMADA,117,2,,R,PRESU,252822,2026,S,2026-04-08 00:00:00,1,,,PAPELERA LAS 3 MARIAS - PRESUPUESTO N° 14-252822 ( VACUNATORIO HOSPITAL),224654.8,000000,,N
2026,1,1253,1254,2026-04-08 00:00:00,GMADA,2209,2,,R,PRESU,866,2026,S,2026-04-08 00:00:00,1,,,DURANTE JAVIER - PRESUPUESTO N° 1-866  SEMAN DEL 01/03/2026 AL 10/03/2026,405352.2,000000,,N
2026,1,1254,1255,2026-04-08 00:00:00,GMADA,2209,H.ANC,,A,PRESU,867,2026,S,2026-04-08 00:00:00,1,2026-05-20 00:00:00,NO,DURANTE JAVIER - PRESUPUESTO N° 1-867  SEMANA DEL 01/03/2026 AL 15/03/2026,134576.0,000000,,N
2026,1,1255,1256,2026-04-08 00:00:00,GMADA,1494,8,,R,PRESU,0,2026,S,2026-04-08 00:00:00,1,,, PROV. RODRIGUEZ MARIANO- GIS SERVICIOS-  SEC PRODUCCION-,45000.0,000000,,N
2026,1,1289,1290,2026-04-10 00:00:00,GMADA,3287,9,,R,SUM,1320,2026,S,2026-04-10 00:00:00,1,,,Corresponde presupuesto N° 1876- AVELLANEDA 7163- EXPTE N° 97/2026 - TORNEO NACIONAL DE TAEKWONDO,92000.0,000115,,N
2026,1,1298,1299,2026-04-13 00:00:00,GMADA,1266,1,,R,PRESU,0,2026,S,2026-04-13 00:00:00,1,,,Iassa .Servicio de Mantenimiento.,1000000.0,000000,,N
2026,1,1299,1300,2026-04-13 00:00:00,GMADA,1603,4,,R,PRESU,9058,2026,S,2026-04-13 00:00:00,2,,,"PRESUPUESTO N° 6939058 de Garcia, Gladys de ""PANADERIA ALEM"" Esfuerzo Solidario",168000.0,000000,,N
2026,1,1306,1307,2026-04-13 00:00:00,GMADA,3482,8,,R,PRESU,0,2026,S,2026-04-13 00:00:00,1,,,  PROV. MARC ALICIA BEATRIZ - PRESUP. 10/04/2026- SEC PRODUCCION-,400000.0,000000,,N
2026,1,1309,1310,2026-04-14 00:00:00,GMADA,2627,2,,R,SUM,1262,2026,S,2026-04-14 00:00:00,1,,,SANTA PAULA PRESUPUESTO N° 2186,53000.0,000115,,N
2026,1,1313,1314,2026-04-14 00:00:00,GMADA,1119,2,,R,SUM,1260,2026,S,2026-04-14 00:00:00,1,,,EXPEDIENTE 5/2026 CONTRATO SOMA DE ENERO A JUNIO 2026 DESPOSICION RESIDUOS PATOLOGICOS,32250000.0,000115,,N
2026,1,1317,1318,2026-04-14 00:00:00,GMADA,3287,2,,R,SUM,1290,2026,S,2026-04-14 00:00:00,1,,,HISPANOGRAF - PRESUPUESTO N° 1870 (HOSPITAL),68800.0,000115,,N
2026,1,1320,1321,2026-04-14 00:00:00,GMADA,1603,2,,R,SUM,1271,2026,S,2026-04-14 00:00:00,1,,,PANADERIA ALEM - PRESUPUESTO 6939059 DEL 01/03/2026 AL 31/032026,748800.0,000115,,N
2026,1,1328,1328,2026-04-14 00:00:00,GMADA,1320,35,,R,SUM,1309,2026,S,2026-04-14 00:00:00,1,,,Exp.:437/26 Sol. Revisión Integral del Edificio de Secretaría de Cultura - Prov.:Quiroga Fabian - Presup.:Contrato,800000.0,000115,,N
2026,1,1330,1331,2026-04-14 00:00:00,GMADA,3287,1,,R,SUM,1302,2026,S,2026-04-14 00:00:00,1,,,"PRESUPUESTO 1858, AVELLANEDA 7163 SRL",372000.0,000115,,N
2026,1,1333,1334,2026-04-14 00:00:00,00049,3570,3,,R,SUM,1293,2026,S,2026-04-14 00:00:00,2,,,PROV.ANDERE OLEOHIDRAULICA PRESP.01/04/2026 PARA CAMION FORD 14000 SOG742,110000.0,000115,,N
2026,1,1335,1336,2026-04-14 00:00:00,GMADA,1810,35,,R,SUM,1311,2026,S,2026-04-14 00:00:00,1,,,Exp.:437/26 Sol. Revisión Integral del Edificio de Secretaría de Cultura - Prov.:Cataldo Adolfo - Presup.:Contrato,2000000.0,000115,,N
2026,1,1338,1339,2026-04-14 00:00:00,GMADA,19,JARDM,,R,SUM,1280,2026,S,2026-04-14 00:00:00,2,,,"PRESUPUESTO N°  X 0002-00003025 de inocencio Cimos de ""FERRETERIA CIMOS"" Para puerta nueva de La Casita de Chocolate",83500.0,000115,,N
2026,1,1339,1340,2026-04-14 00:00:00,GMADA,850,2,,R,SUM,1297,2026,S,2026-04-14 00:00:00,2,,,UNO ELECTROMEDICINA- PRESUPUESTO N° 00003-00015561,1174480.84,000115,,N
2026,1,1341,1342,2026-04-14 00:00:00,GMADA,17,2,,R,SUM,1286,2026,S,2026-04-14 00:00:00,1,,,MOTOMAQUINARIAS LUIS - PRESUPUESTO N° 60  CORREA TRACTOR CORTA CESPED,111200.0,000115,,N
2026,1,1343,1344,2026-04-14 00:00:00,GMADA,441,2,,R,SUM,1287,2026,S,2026-04-14 00:00:00,1,,,"PAPELERA ALPA - PRESUPUESTO N° 2-3909 (OFICINA FACTURACION, GUARDIA HOSPITAL)",75320.14,000115,,N
2026,1,1345,1346,2026-04-14 00:00:00,GMADA,2883,2,,R,SUM,1295,2026,S,2026-04-14 00:00:00,2,,,INSUMOS GENERALES 3F- PRESUPUESTO N° 7/04/26,813933.41,000115,,N
2026,1,1380,1381,2026-04-15 00:00:00,GMADA,2521,6,,R,PRESU,2723,2026,S,2026-04-15 00:00:00,2,,,"PRESUPUESTO 2723, PROTO SRL",2485887.5,000000,,N
2026,1,1386,1387,2026-04-15 00:00:00,GMADA,1078,2,,R,PRESU,0,2026,S,2026-04-15 00:00:00,2,,,OPAZO DANIEL- PRESUPUESTO N° 6/04/2026 ( AREA PROGRAMATICA- SERVICIO SOCIAL),120000.0,000000,,N
2026,1,1387,1388,2026-04-15 00:00:00,GMADA,850,2,,R,PRESU,15563,2026,S,2026-04-15 00:00:00,2,,,UNO ELECTROMEDICINA- PRESUPUESTO N° 00003-00015563,901904.37,000000,,N
2026,1,1388,1390,2026-04-15 00:00:00,GMADA,2694,6,,R,PRESU,0,2026,S,2026-04-15 00:00:00,3,,,"PRESUPUESTO DEL 13/06/2026, STAIB VANESA MARINA",1680000.0,000000,,N
2026,1,1436,1437,2026-04-20 00:00:00,GMADA,86,24,,R,SUM,1461,2026,S,2026-04-20 00:00:00,2,,,"Aberturas SP ,Suarez Pablo Miguel",1220000.0,000115,,N
2026,1,1441,1442,2026-04-20 00:00:00,GMADA,685,1,,R,SUM,1423,2026,S,2026-04-20 00:00:00,1,,,"Simón Dragojevic ,presupuesto 17/04/2026 Motoniveladora CGS 018.",1195000.0,000115,,N
2026,1,1446,1447,2026-04-21 00:00:00,GMADA,1440,2,,R,SUM,1422,2026,S,2026-04-21 00:00:00,2,,,QUALIMED S.A-PRESUPUESTO N° 95,5790945.0,000115,,N
2026,1,1448,1449,2026-04-21 00:00:00,GMADA,3322,2,,R,SUM,1399,2026,S,2026-04-21 00:00:00,2,,,PINAMAR HIGIENE INSTITUCIONAL - PRESUPUESTO N° 16-2581 (LAVADERO HOSPITAL),53107.9,000115,,N
2026,1,1450,1452,2026-04-21 00:00:00,GMADA,3322,2,,R,SUM,1396,2026,S,2026-04-21 00:00:00,2,,,PINAMAR HIGIENE INSTITUCIONAL - PRESUPUESTO N° 16-2585 (COCINA HOSPITAL),57773.42,000115,,N
2026,1,1452,1453,2026-04-21 00:00:00,GMADA,2627,H.ANC,,R,SUM,1415,2026,S,2026-04-21 00:00:00,1,,,SANTA PAULA - PRESUPUESTO N° 2-3552,53100.0,000115,,N
2026,1,1455,1456,2026-04-21 00:00:00,GMADA,2878,2,,R,SUM,1441,2026,S,2026-04-21 00:00:00,1,,,PRESUPUESTO LOPEZ LEONARDO,200000.0,000115,,N
2026,1,1456,1457,2026-04-21 00:00:00,GMADA,216,2,,R,SUM,1438,2026,S,2026-04-21 00:00:00,3,,,FAE - PRESUPUESTO 3397720 (HOSPITAL- HOGAR DE ANCIANOS ),308000.0,000115,,N
2026,1,1459,1460,2026-04-21 00:00:00,GMADA,57,2,,R,SUM,1418,2026,S,2026-04-21 00:00:00,1,,,IMPRENTA EL ARGENTINO - PRESUPUESTO N° 565,85000.0,000115,,N
2026,1,1460,1462,2026-04-21 00:00:00,GMADA,164,JUZGA,,R,SUM,1462,2026,S,2026-04-21 00:00:00,1,,,Corresponde presupuesto N° 0001-00000213 - CORREA JOSE,150000.0,000115,,N
2026,1,1464,1465,2026-04-21 00:00:00,GMADA,2627,2,,R,SUM,1338,2026,S,2026-04-21 00:00:00,1,,,PRESUPUESTO 3562 SANTA PAULA,21000.0,000115,,N
2026,1,1466,1467,2026-04-21 00:00:00,GMADA,612,2,,R,SUM,1443,2026,S,2026-04-21 00:00:00,1,,,MARZULLO COMPUTACION - PRESUPUESTO N° 1-1297,156000.0,000115,,N
2026,1,1474,1475,2026-04-21 00:00:00,GMADA,3529,21,,R,SUM,1467,2026,S,2026-04-21 00:00:00,1,,,PROV. TISERA SANITARIOS PORTATILES ALQUILER DE BAÑO QUIMICO PARA LAGUNA LA LARGA POR 9 MESES DE ABRIL A DICIEMBRE SEGUN EXPT.273/25,900000.0,000115,,N
2026,1,1476,1477,2026-04-21 00:00:00,GMADA,3529,21,,R,SUM,1469,2026,S,2026-04-21 00:00:00,1,,,PROV.TISERA SANITARIOS PORTATILES ALQUILER DE BAÑO QUIMICO PARA PREDIO DISPOSICION FINAL RUTA 11 KM 405.5 POR 9 MESES DE ABRIL A MARZO SEGUN EXPT. 271/25,900000.0,000115,,N
2026,1,1477,1478,2026-04-21 00:00:00,GMADA,3454,4,,R,SUM,1435,2026,S,2026-04-21 00:00:00,1,,,"Expte N° 441/2026 Renovación de contrato Sr. Muscia Caldarella, Gian Franco - Operador Social Servicio Local  - No cumple con el Art. 45 de la Ley 14.656",2132152.8,000115,,N
2026,1,1511,1512,2026-04-29 00:00:00,GMADA,1266,25,,R,PRESU,0,2026,S,2026-04-29 00:00:00,3,,,Copia de 2026/1561 RENOVACION DE CONTRATO IASSA 2° CUATRIMESTRE,3920000.0,000000,,N
2026,1,1512,1513,2026-04-29 00:00:00,GMADA,1266,25,,R,PRESU,0,2026,S,2026-04-29 00:00:00,2,,,RENOVACION DE CONTRATO IASSA 2° CUATRIMESTRE,256000.0,000000,,N
2026,1,1518,1519,2026-04-29 00:00:00,GMADA,167,H.ANC,,R,PRESU,95,2026,S,2026-04-29 00:00:00,1,,,TODO POLLO - PRESUPUESTO N° 95 (HOGAR ANCIANOS HOSPITAL),263100.0,000000,,N
2026,1,1520,1521,2026-04-29 00:00:00,GMADA,441,H.ANC,,R,PRESU,3919,2026,S,2026-04-29 00:00:00,1,,,PAPELERA ALPA - PRESUPUESTO N° 2-3919,56674.18,000000,,N
2026,1,1521,1522,2026-04-29 00:00:00,GMADA,167,2,,R,PRESU,94,2026,S,2026-04-29 00:00:00,1,,,TODO POLLO - PRESUPUESTO N° 94,776000.0,000000,,N
2026,1,1522,1523,2026-04-29 00:00:00,GMADA,68,25,,R,PRESU,9094951,2026,S,2026-04-29 00:00:00,2,,,"Atmosferico La Primera, (trabajo realizado en comisaria comunal)PRESUPUESTO 9094951",346000.0,000000,,N
2026,1,1523,1524,2026-04-29 00:00:00,GMADA,3356,2,,R,PRESU,2298201,2026,S,2026-04-29 00:00:00,2,,,PEREZ ERNESTO - PRESUPUESTO 22982015 SEMANA DEL 24/03/2026 AL 31/03/2026,171000.0,000000,,N
2026,1,1524,1525,2026-04-29 00:00:00,GMADA,1063,2,,R,PRESU,0,2026,S,2026-04-29 00:00:00,2,,,LOPEZ MIGUEL ANGEL - PRESUPUESTO S/N FECHA 20/4/26 (HOSPITAL),214000.0,000000,,N
2026,1,1525,1526,2026-04-29 00:00:00,GMADA,3322,2,,R,PRESU,2587,2026,S,2026-04-29 00:00:00,2,,,PINAMAR HIGIENE INSTITUCIONAL - PRESUPUESTO N° 16-2587,656240.16,000000,,N
2026,1,1526,1527,2026-04-29 00:00:00,GMADA,1578,9,,R,PRESU,401,2026,S,2026-04-29 00:00:00,1,,,PRESUPUESTO N° 0401 - COLOMBRARO - SILLAS A UTILIZAR EN DISTINTOS EVENOS DEPORTIVOS,300000.0,000000,,N
2026,1,1528,1529,2026-04-29 00:00:00,GMADA,19,JARDM,,R,PRESU,3059,2026,S,2026-04-29 00:00:00,1,,,"PRESUPUESTOS N° X 0002-00003059 / 3061 de Inocencio Cimos de ""IC FERRETERÍA CIMOS"" Para colocación de puerta de entrada en la Casita de Chocolate",11800.0,000000,,N
2026,1,1530,1531,2026-04-29 00:00:00,GMADA,2302,INFOR,,R,PRESU,11531,2026,S,2026-04-29 00:00:00,2,,,"PRESUPUESTO 11531, DGM de DIEGO MARTIN SRL",167923.0,000000,,N
2026,1,1532,1533,2026-04-29 00:00:00,GMADA,3226,INFOR,,R,PRESU,866,2026,S,2026-04-29 00:00:00,4,,,"PRESUPUESTO 866, CURTO HECTOR ANIBAL",102369.0,000000,,N
2026,1,1534,1535,2026-04-29 00:00:00,GMADA,2110,SECGO,,R,PRESU,550,2026,S,2026-04-29 00:00:00,1,,,Corresponde presupuesto N° 550 - EDUARDO FUMEGA,160000.0,000000,,N
2026,1,1537,1538,2026-04-29 00:00:00,GMADA,2110,CACUL,,R,PRESU,553,2026,S,2026-04-29 00:00:00,1,,,EDUARDO FUMEGA PRESUPUESTO N° 553,150000.0,000000,,N
2026,1,1538,1539,2026-04-29 00:00:00,GMADA,2110,5,,R,PRESU,552,2026,S,2026-04-29 00:00:00,1,,,EDUARDO FUMEGA PREUPUESTO N° 552,120000.0,000000,,N
2026,1,1539,1540,2026-04-29 00:00:00,GMADA,2746,5,,R,PRESU,3463,2026,S,2026-04-29 00:00:00,1,,,BOHNKE ARTICULO RURALES SAS PRESUPUEATO N° 3463  LA INVERNADA,351693.0,000000,,N
2026,1,1543,1544,2026-04-29 00:00:00,GMADA,3297,25,,R,PRESU,99,2026,S,2026-04-29 00:00:00,1,,,"Frenos Madariaga, presupuesto 099 ( AE704 AW- OIG 911- AF 173 LN )",630000.0,000000,,N
2026,1,1545,1546,2026-04-29 00:00:00,GMADA,688,25,,R,PRESU,2072,2026,S,2026-04-29 00:00:00,1,,,"Baterias La  Primera, presupuesto 2072 (taller del area- utilizado para service de autos de la secretariay moviles policiales)",1150000.0,000000,,N
2026,1,1547,1548,2026-04-29 00:00:00,GMADA,2878,25,,R,PRESU,0,2026,S,2026-04-29 00:00:00,1,,,Presupuesto- Lopez Leonardo,80000.0,000000,,N
2026,1,1549,1550,2026-04-29 00:00:00,GMADA,2675,25,,R,PRESU,695,2026,S,2026-04-29 00:00:00,3,,,Repuestos LC- presupuesto 0695,137000.0,000000,,N
2026,1,1555,1556,2026-04-29 00:00:00,GMADA,17,DEFCI,,R,PRESU,79,2026,S,2026-04-29 00:00:00,3,,,"PRESUPUESTO 079, LOMBARDIA LUIS",2800000.0,000000,,N
2026,1,1572,1573,2026-04-30 00:00:00,GMADA,68,4,,R,SUM,1475,2026,S,2026-04-30 00:00:00,2,,,"Presupuestos N° 7390249-N° 7390250 Atmosferico ""LA PRIMERA"" de Peyrano Sergio.",1500000.0,000115,,N
2026,1,1573,1574,2026-04-30 00:00:00,GMADA,1259,2,,R,SUM,1487,2026,S,2026-04-30 00:00:00,1,,,"ELECTRO DANNUNZIO - PRESUPUESTO  ORDEN Nº17704,PRESUPUESTO 30039",86582.35,000115,,N
2026,1,1577,1578,2026-04-30 00:00:00,GMADA,2209,H.ANC,,R,SUM,1485,2026,S,2026-04-30 00:00:00,2,,,DURANTE JAVIER - PRESUPUESTO N° 1-884,78816.0,000115,,N
2026,1,1585,1586,2026-04-30 00:00:00,GMADA,2595,2,,R,SUM,1464,2026,S,2026-04-30 00:00:00,1,,,IVANPER REPUESTOS - PRESUPUESTO N° 8448  PARA PLANTA DE OXIGENO Y VEHICULO AF591SU,33730.0,000115,,N
2026,1,1590,1591,2026-04-30 00:00:00,GMADA,2869,2,,R,SUM,1529,2026,S,2026-04-30 00:00:00,1,,,MADA POY S.A- PRESUPUESTO N° 0001-00001016 (DESDE EL 22/04/26 AL 22/05/26),2501723.0,000115,,N
2026,1,1591,1592,2026-04-30 00:00:00,GMADA,1259,3,,R,SUM,1548,2026,S,2026-04-30 00:00:00,1,,,"PROV.ELECTRO DANNUNZIO PRESUP.30644,30661PARA ARREGLOS EN CORRALON MUNICIPAL",54220.6,000115,,N
2026,1,1592,1593,2026-04-30 00:00:00,GMADA,169,4,,R,SUM,1524,2026,S,2026-04-30 00:00:00,2,,,"PRESUPUESTO N° 001051/ 1052 de Terranova, Lucas Hérnan de ""TERRANOVAQUIMICA""",49000.0,000115,,N
2026,1,1593,1594,2026-04-30 00:00:00,GMADA,2514,H.ANC,,A,SUM,1554,2026,S,2026-04-30 00:00:00,1,2026-05-05 00:00:00,NO,EDUARDO FUMEGA - PRESUPUESTO N° 555,130000.0,000115,,N
2026,1,1594,1595,2026-04-30 00:00:00,GMADA,850,2,,R,SUM,1559,2026,S,2026-04-30 00:00:00,2,,,UNO ELECTROMEDICINA- PRESUPUESTO N° 00003-00015725,1653656.92,000115,,N
2026,1,1595,1596,2026-04-30 00:00:00,GMADA,2209,2,,A,SUM,1531,2026,S,2026-04-30 00:00:00,1,2026-05-05 00:00:00,NO,DURANTE JAVIER - PRESUPUESTO N° 1-875,1011722.48,000115,,N
2026,1,1596,1597,2026-04-30 00:00:00,GMADA,3322,2,,R,SUM,1551,2026,S,2026-04-30 00:00:00,2,,,PINAMAR HIGIENE INSTITUCIONAL - PRESUPUESTO N° 16-2601,470329.09,000115,,N
2026,1,1597,1598,2026-04-30 00:00:00,GMADA,3184,2,,R,SUM,1458,2026,S,2026-04-30 00:00:00,3,,,DROGUERIA PERDOMINICI- PRESUPUESTO N° 17/04/26,3712727.0,000115,,N
2026,1,1598,1599,2026-04-30 00:00:00,GMADA,160,13,,R,ORDCO,1558,2026,S,2026-04-30 00:00:00,2,,,AGROVETERINARIA MARZULLO - PRESUPUESTO N° 1-1188 (BROMATOLOGIA),33297.0,000115,,N
2026,1,1599,1600,2026-04-30 00:00:00,GMADA,90,4,,R,EXPED,939,2026,S,2026-04-30 00:00:00,5,,,Licitacion Privada  3 2026,99335825.0,000300,,N
2026,1,1857,1856,2026-05-19 00:00:00,GMADA,2410,6,,R,SUM,1849,2026,S,2026-05-19 00:00:00,1,,,"PRESUPUESTO 1225/1222, BOGADO LEANDRO",390000.0,000115,,N
2026,1,1858,1857,2026-05-19 00:00:00,GMADA,3573,4,,R,SUM,1828,2026,S,2026-05-19 00:00:00,2,,,"PRESUPUESTO N° X 0001-00000506 de ""SOTO MECANICA"" Camioneta AYQ 605 F100",250000.0,000115,,N
2026,1,1860,1859,2026-05-19 00:00:00,GMADA,2251,35,,A,SUM,1750,2026,S,2026-05-19 00:00:00,2,2026-05-20 00:00:00,NO,Exp.:1108/26 Sol. Compra de Equipamiento Integral y Tecnología para el Polo Tecnológico - Prov. LAUFQUEN,123710.4,000115,,N
2026,1,1862,1861,2026-05-19 00:00:00,GMADA,2843,4,,R,SUM,1829,2026,S,2026-05-19 00:00:00,2,,,"PRESUPUESTO N° X 6976067 de Rost, Tamara de ""FRUTERIA NEGRIN"" Plan Alimentario 2026",1750000.0,000115,,N
2026,1,1865,1864,2026-05-19 00:00:00,GMADA,2330,4,,R,SUM,1838,2026,S,2026-05-19 00:00:00,2,,,Corresponde a Previsión de Combustible del Salado,93780.0,000115,,N
2026,1,1867,1866,2026-05-19 00:00:00,GMADA,2369,3,,R,SUM,1837,2026,S,2026-05-19 00:00:00,2,,,"PROV.MERCEDES LA PLATA PRESUP.194430 REPUESTOS PARA LED013, AF747IJ, OII617",3180479.4,000115,,N
2026,1,1869,1868,2026-05-19 00:00:00,GMADA,3391,3,,R,SUM,1827,2026,S,2026-05-19 00:00:00,3,,,PROV.MATERIALES VIALES PRESUP.15/5/26 PINTURA DE DEMARCACION VIAL PARA BADENES DE CALLES DE LA CIUDAD.,1290389.4,000115,,N
2026,1,1871,1870,2026-05-19 00:00:00,GMADA,3561,3,,R,SUM,1845,2026,S,2026-05-19 00:00:00,3,,,"PROV. MUNDO CARGO PRESUP.3450 FILTROS PARA FOTON AF591SM, AF591SL, AE969PX",242757.18,000115,,N
2026,1,1875,1874,2026-05-19 00:00:00,GMADA,3287,1,,R,SUM,1839,2026,S,2026-05-19 00:00:00,1,,,Avellaneda 7163.Presupuesto 1888,867000.0,000115,,N
2026,1,1877,1876,2026-05-19 00:00:00,GMADA,2998,22,,R,SUM,1824,2026,S,2026-05-19 00:00:00,1,,,PROV.VIVERO BOSQUE VERDE PRESP.2654 PLANTAS PARA PALACIO MUNICIPAL,44000.0,000115,,N
2026,1,1878,1877,2026-05-19 00:00:00,GMADA,3332,22,,R,SUM,1825,2026,S,2026-05-19 00:00:00,1,,,PROV.ANA PAOLA RODRIGUEZ PRESUP.0217 PARA  FORD F100 SNG651,405200.0,000115,,N
2026,1,1879,1878,2026-05-19 00:00:00,GMADA,1879,3,,R,SUM,1826,2026,S,2026-05-19 00:00:00,1,,,PROV.DANIEL ZUBIARRAIN PRESUP.3907  REPUESTOS PARA FORD 14000 BNW472,108600.0,000115,,N
2026,1,1904,1902,2026-05-21 00:00:00,GMADA,3514,4,,R,SUM,1866,2026,S,2026-05-21 00:00:00,1,,,"Expediente N° 604/2026 Addenda: Sra. Suarez Acevedo Sheila, Psicologa Servicio Local-No cumple con el Art. 45 de la Ley 14.656",135119.6,000115,,N
2026,1,1905,1903,2026-05-21 00:00:00,GMADA,3454,4,,R,SUM,1868,2026,S,2026-05-21 00:00:00,2,,,Expte. N° 441/2026 Addenda: Muscia Caldarella Gian Franco-Operador Social Servicio Local. No cumple con el Art.45 de la Ley 14.656,101071.76,000115,,N
2026,1,1994,1993,2026-05-29 00:00:00,GMADA,1608,8,,R,PRESU,1976,2026,S,2026-05-29 00:00:00,2,,,"FACTURA 1256, INMOBILIARIA SAN CARLOS SACIFA",500000.0,000000,,N
2026,1,2015,2014,2026-06-01 00:00:00,GMADA,1514,6,,R,PRESU,0,2026,S,2026-06-01 00:00:00,3,,,"PRESUPUESTO 000, CASA ELICEIRY, 3/4/06",8836000.0,000000,,N
2026,1,2022,2021,2026-06-02 00:00:00,GMADA,708,9,,R,PRESU,0,2026,S,2026-06-02 00:00:00,1,,,"Copia de 2026/346 POLIZA AP N° 13246152, SANCOR SEGUROS",50000.0,000000,,N
2026,1,2070,2069,2026-06-04 00:00:00,GMADA,2377,6,,R,SUM,2082,2026,S,2026-06-04 00:00:00,2,,,Building Energy S.A.,3094000.0,000115,,N
2026,1,2208,2207,2026-06-17 00:00:00,GMADA,2548,4,,R,SUM,2150,2026,S,2026-06-17 00:00:00,2,,,"PRESUPUESTO  de Ana María Speziale de ""CASA SAINZ"" Extinto; Rivero, Arturo Ricardo DNI: 5.323.451  fallecido : 01/06/2026",200000.0,000115,,N
2026,1,2209,2208,2026-06-17 00:00:00,GMADA,1530,6,,R,SUM,2168,2026,S,2026-06-17 00:00:00,2,,,"PRESUPUESTO 29001255, TOMAS ELORRIAGA E HIJOS S.A",369927.17,000115,,N
2026,1,2210,2209,2026-06-17 00:00:00,GMADA,2595,25,,R,SUM,2167,2026,S,2026-06-17 00:00:00,3,,,"Ivanper, presupuesto 8591 (AE 704 AX)",180860.0,000115,,N
2026,1,2211,2210,2026-06-17 00:00:00,GMADA,441,25,,R,SUM,2163,2026,S,2026-06-17 00:00:00,1,,,"Papelera Alpa, presupusto 3944 ( inspeccion)",6450.0,000115,,N
2026,1,2212,2211,2026-06-17 00:00:00,GMADA,1879,25,,R,SUM,2166,2026,S,2026-06-17 00:00:00,1,,,"Rodamientos Tuyu, presupuesto 3917 ( AB 038 FG)",160600.0,000115,,N
2026,1,2213,2212,2026-06-17 00:00:00,GMADA,1879,25,,R,SUM,2165,2026,S,2026-06-17 00:00:00,1,,,"Rodamientos Tuyu, presupuesto 3916 ( AE 704 AX-  KYV 375)",187500.0,000115,,N
2026,1,2214,2213,2026-06-17 00:00:00,GMADA,3297,25,,R,SUM,2164,2026,S,2026-06-17 00:00:00,1,,,"Frenos Madariaga, presupuesto 100 ( AE 704 AX)",90000.0,000115,,N
2026,1,2215,2214,2026-06-17 00:00:00,GMADA,2878,8,,R,SUM,2225,2026,S,2026-06-17 00:00:00,1,,, PROV. LOPEZ ROBERTO LEONARDO - PRESUP. PREVISION- SEC PRODUCCION-,200000.0,000115,,N
2026,1,2216,2215,2026-06-17 00:00:00,GMADA,3336,3,,R,SUM,2210,2026,S,2026-06-17 00:00:00,2,,,PROV. MORALES ROCIO PRESUP.16/06/2026 PARA IVECO PPU739,3080000.0,000115,,N
2026,1,2217,2216,2026-06-17 00:00:00,GMADA,3336,3,,R,SUM,2211,2026,S,2026-06-17 00:00:00,2,,,PROV.MORALES ROCIO  PRESUP.16/06/2026 REPARACION DE MOTONIVELADORA VOLVO G710,1650000.0,000115,,N
2026,1,2218,2217,2026-06-17 00:00:00,GMADA,1514,6,,R,SUM,2212,2026,S,2026-06-17 00:00:00,2,,,"PRESUPUESTO 000, CASA ELICEIRY, 19/06/2026",15463000.0,000115,,N
2026,1,2219,2218,2026-06-17 00:00:00,GMADA,826,1,,R,SUM,2207,2026,S,2026-06-17 00:00:00,1,,," Maiz Susana ,presupuesto 6920851",95000.0,000115,,N
2026,1,2220,2219,2026-06-17 00:00:00,GMADA,441,1,,R,SUM,2209,2026,S,2026-06-17 00:00:00,1,,,"Matienzo Paola ,presupuesto X0002-00003949 Acto 20 de Junio.",87500.0,000115,,N
2026,1,2221,2220,2026-06-17 00:00:00,GMADA,90,4,,R,SUM,2170,2026,S,2026-06-17 00:00:00,2,,,"PRESUPUESTO N° X 00000043 de Lo coco, Marcelo Alejandro de ""TODO COLOR"" MAYO 2026",8028960.0,000115,,N
2026,1,2222,2221,2026-06-17 00:00:00,GMADA,3583,CASA,,R,SUM,2171,2026,S,2026-06-17 00:00:00,2,,,"PRESUPUESTO N° 00030962 de DNZBROTHERS 302 S.R.L. de ""ELECTRO D ANNUNZIO"" Para las farolas de afuera de la Casita de Chocolate",8933.4,000115,,N
2026,1,2307,2307,2026-06-23 00:00:00,GMADA,3583,2,,R,SUM,2190,2026,S,2026-06-23 00:00:00,1,,,ELECTRO DANUNNZIO - PRESUPUESTO N° 30997 (HOSPITAL y HOGAR DE ANCIANOS ),495136.12,000115,,N
2026,1,2308,2308,2026-06-23 00:00:00,GMADA,3165,2,,A,SUM,366,2026,S,2026-06-23 00:00:00,2,2026-06-30 00:00:00,NO,PILOÑA- PRESUPUESTO N° 1657588,1122240.0,000115,,N
2026,1,2309,2309,2026-06-23 00:00:00,GMADA,1876,2,,R,SUM,2281,2026,S,2026-06-23 00:00:00,2,,,MAX CONTINENTAL- PRESUPUESTO N° 18/06/2026,1208036.5,000115,,N
2026,1,15,15,2026-01-05 00:00:00,GMADA,117,2,,R,SUM,93,2026,S,2026-01-05 00:00:00,9,,,CORRESPONDE CONCURSO DE PRECIOS N° 21/2025 EXPTE N° 3643/2025,7318400.0,CTACTE,,N
2026,1,577,577,2026-02-05 00:00:00,GMADA,313,3,,R,SUM,565,2026,S,2026-02-05 00:00:00,1,,,PROV. ATREUCO PUEL COMBUSTIBLES PARA MAQUINAS CORTA PASTO Y CAMION VW 17260 AF947IJ,8000000.0,000115,,N
2026,1,939,939,2026-03-10 00:00:00,GMADA,803,3,,R,SUM,907,2026,S,2026-03-10 00:00:00,2,,,"PROV. BLUECAR PRESUP.0545 FILTROS PARA VEHICULOS SVN719,SOG742,AWK675,XNE245,XNE244,UQV264,UQV265,DMI232,FSL723,HKO983,INI856,BMV14,LED10,LED013,CII59,CII58,OOI617,AF947IJ,AF947IN",2884844.92,000115,,N
2026,1,941,940,2026-03-10 00:00:00,GMADA,169,GRAN,,R,SUM,847,2026,S,2026-03-10 00:00:00,1,,,"PRESUPUESTO N° 001033 de Terranova Lucas Hernán de ""TERRANOVAQUIMICA"" Para uso de la granja de contención",9700.0,000115,,N
2026,1,945,945,2026-03-10 00:00:00,GMADA,2110,35,,R,SUM,839,2026,S,2026-03-10 00:00:00,1,,,Prov.:Eduardo Fumega - Presup.:543,65000.0,000115,,N
2026,1,948,947,2026-03-10 00:00:00,GMADA,2627,2,,R,SUM,857,2026,S,2026-03-10 00:00:00,1,,,SANTA PAULA- PRESUPUESTO N° 0001-00002400 (DESDE EL 28/01/26 AL 4/02/2026),14400.0,000115,,N
2026,1,952,952,2026-03-10 00:00:00,GMADA,2627,2,,R,SUM,856,2026,S,2026-03-10 00:00:00,1,,,SANTA PAULA- PRESUPUESTO N° 0001-00002173 DESDE EL 27/01/26 AL 3/02/26,58800.0,000115,,N
2026,1,955,955,2026-03-10 00:00:00,GMADA,1573,2,,R,SUM,853,2026,S,2026-03-10 00:00:00,2,,,DROGUERIA ALBERDI- PRESUPUESTO N° 25/02/2026,4495905.85,000115,,N
2026,1,956,956,2026-03-10 00:00:00,GMADA,167,2,,R,SUM,897,2026,S,2026-03-10 00:00:00,1,,,TODO POLLO - PRESUPUESTO N° 81 ( SEMANA  DEL 26/02/26 AL  5/03/26),513900.0,000115,,N
2026,1,957,957,2026-03-10 00:00:00,GMADA,717,2,,R,SUM,925,2026,S,2026-03-10 00:00:00,1,,,PROVEEDURIA LA ILUSION- PRESUPUESTO N° 21425,67760.0,000115,,N
2026,1,958,958,2026-03-10 00:00:00,GMADA,167,2,,R,SUM,927,2026,S,2026-03-10 00:00:00,2,,,TODO POLLO- PRESUPUESTO N° 82 ( SEMANA DEL 26/02 HASTA EL 5/03/26),758785.0,000115,,N
2026,1,959,959,2026-03-10 00:00:00,GMADA,3287,4,,R,SUM,937,2026,S,2026-03-10 00:00:00,2,,,"PRESUPUESTO N° 1866 de ""HISPANOGRAF"" Certificados del curso de barbería",22869.0,000115,,N
2026,1,960,960,2026-03-10 00:00:00,GMADA,3296,GRAN,,R,SUM,940,2026,S,2026-03-10 00:00:00,2,,,"PRESUPUESTO N° 0003-00003620 de ""PINTURERIA CONCEPTO S. CAP 1"" Para pintar mástil en la granja de contención",57112.0,000115,,N
2026,1,961,961,2026-03-10 00:00:00,GMADA,1603,4,,R,SUM,944,2026,S,2026-03-10 00:00:00,2,,,"PRESUPUESTO N° X 6939054 de Garcia Gladys de ""PANADERIA ALEM"" Esfuerzo Solidario 2026",132000.0,000115,,N
2026,1,1025,1025,2026-03-13 00:00:00,GMADA,441,9,,R,SUM,1032,2026,S,2026-03-13 00:00:00,2,,,PRESPUESTO N° 20042 - PAPELERA ALPA MADARIAGA - VASOS PARA HIDRATACION CARRERA DE LA MUJER,15300.0,000115,,N
2026,1,1026,1026,2026-03-13 00:00:00,GMADA,2991,9,,R,SUM,1031,2026,S,2026-03-13 00:00:00,1,,,PRESUPUESTO N° 3101 - SIP EVENTOS - SONIDO PARA LOCUCION Y MUSICALIZACION EN LA  XI EDICON DE LA CARRERA DE LA MUJER,450000.0,000115,,N
2026,1,1027,1027,2026-03-13 00:00:00,GMADA,2450,9,,R,SUM,1041,2026,S,2026-03-13 00:00:00,2,,,PREVISION S/N MARCELO LABATUT - FRUTAS PARA ENTRAGAR A CORRERDORES EN CARRERA DE LA MUJER,116000.0,000115,,N
2026,1,1351,1352,2026-04-14 00:00:00,GMADA,164,MUSH,,R,SUM,1362,2026,S,2026-04-14 00:00:00,1,,,JOSE OSCAR CORREA  MUSEO HISTORICO,110000.0,000115,,N
2026,1,1353,1354,2026-04-14 00:00:00,GMADA,300,9,,R,SUM,1298,2026,S,2026-04-14 00:00:00,1,,,PRESUPUESTO N°  7211 - N° 7212 - N° 7215 - N° 7217 - PINTURERIA FERRETERIA  TODO COLOR -  TAREAS DE MANTENIMIENTO GIMNASIO Y ESTADIO MUNICIPAL .,534068.0,000115,,N
2026,1,1355,1356,2026-04-14 00:00:00,GMADA,2209,9,,R,SUM,1278,2026,S,2026-04-14 00:00:00,1,,,PRESUPUESTO N° 0849 - DISTRIBUIDORA DEL SUDESTE - PROGRAMA ABUELOS,25269.0,000115,,N
2026,1,1358,1359,2026-04-14 00:00:00,GMADA,2747,3,,R,SUM,1358,2026,S,2026-04-14 00:00:00,2,,,PROV. MINERA TANDIL  POLVO DE PIEDRA ESTABILIZADO 030 PARA ARREGLOS Y MEJORAS EN CALLES DEL BARRIO BELGRANO,8015040.0,000115,,N
2026,1,1359,1360,2026-04-14 00:00:00,GMADA,3184,2,,R,SUM,1361,2026,S,2026-04-14 00:00:00,3,,,DROGUERIA PERDOMINICI- PRESUPUESTO N° 10/04/2026,1386851.88,000115,,N
2026,1,1361,1362,2026-04-14 00:00:00,GMADA,2883,2,,R,SUM,1352,2026,S,2026-04-14 00:00:00,2,,,INSUMOS GENERALES 3F- PRESUPUESTO N° 7/04/26,198543.98,000115,,N
2026,1,1363,1364,2026-04-14 00:00:00,GMADA,285,2,,R,SUM,1348,2026,S,2026-04-14 00:00:00,2,,,RADIOGRAFICAOESTE- PRESUPUESTO N° 1000553807,267695.86,000115,,N
2026,1,1364,1365,2026-04-14 00:00:00,GMADA,160,13,,R,SUM,1344,2026,S,2026-04-14 00:00:00,1,,,AGROVETERINARIA MARZULLO - PRESUPUESTO N° 1-1184 (BROMATOLOGIA),257300.0,000115,,N
2026,1,2,2,2026-01-05 00:00:00,GMADA,216,CONTR,,A,SUM,12,2026,S,2026-01-05 00:00:00,3,2026-01-29 00:00:00,NO,Corresponde presupuesto N° 3397706 - TALLER PROTEGIDO FAE,268000.0,000115,,N
2026,1,4,4,2026-01-05 00:00:00,GMADA,688,6,,R,SUM,3,2026,S,2026-01-05 00:00:00,2,,,Corresponde presupuesto N° 0000006927 - Ramos e Isidro,329500.0,000115,,N
2026,1,5,5,2026-01-05 00:00:00,GMADA,688,1,,R,SUM,2,2026,S,2026-01-05 00:00:00,2,,,Corresponde presupuesto N° 0000006933 - Ramos e Isidro,18000.0,000115,,N
2026,1,7,7,2026-01-05 00:00:00,GMADA,3075,CONTR,,R,SUM,4,2026,S,2026-01-05 00:00:00,1,,,Corresponde presupuesto N° 0001-00000064 CORREA MARTIN,407586.24,000115,,N
2026,1,9,9,2026-01-05 00:00:00,GMADA,441,CONTR,,R,SUM,6,2026,S,2026-01-05 00:00:00,1,,,Corresponde presupuesto N° 0002-0003823 / 0002-00003831 MATIENZO PAOLA,502069.97,000115,,N
2026,1,232,232,2026-01-14 00:00:00,GMADA,3287,1,,R,SUM,114,2026,S,2026-01-14 00:00:00,1,,,Presupuesto  1851 .Avellaneda 7163,1670000.0,000115,,N
2026,1,253,253,2026-01-14 00:00:00,GMADA,5,6,,R,SUM,25,2026,S,2026-01-14 00:00:00,1,,,"Andres Ponsa ,previsión Caser",1500000.0,000115,,N
2026,1,254,254,2026-01-14 00:00:00,GMADA,1823,1,,R,SUM,24,2026,S,2026-01-14 00:00:00,1,,,"Aadi Capif ACR, previsión",5000000.0,000115,,N
2026,1,255,255,2026-01-14 00:00:00,GMADA,71,24,,R,SUM,10,2026,S,2026-01-14 00:00:00,2,,,"PRESUPUESTO 15616/15611,IRIARTE RAUL",42800.0,000115,,N
2026,1,256,256,2026-01-14 00:00:00,GMADA,71,37,,R,SUM,11,2026,S,2026-01-14 00:00:00,1,,,"PRESUPUESTO 15615/15614, IRIARTE RAUL",67500.0,000115,,N
2026,1,257,257,2026-01-14 00:00:00,GMADA,441,CONTR,,R,SUM,13,2026,S,2026-01-14 00:00:00,1,,,"PRESUPUESTO 3837/3839/3826, MATIENZO PAOLA AMELIA",673848.5,000115,,N
2026,1,258,258,2026-01-14 00:00:00,GMADA,708,8,,R,SUM,21,2026,S,2026-01-14 00:00:00,1,,,"POLIZA N° 1034553, SANCOR SEGUROS, DESDE EL 01/01/2026 AL 31/12/2026",1100000.0,000115,,N
2026,1,259,259,2026-01-14 00:00:00,GMADA,708,4,,R,SUM,22,2026,S,2026-01-14 00:00:00,1,,,PREVISION DE POLIZA DE  ACCIDENTES PERSONALES,3000000.0,000115,,N
2026,1,260,260,2026-01-14 00:00:00,GMADA,2549,8,,R,SUM,23,2025,S,2026-01-14 00:00:00,2,,,"POLIZA 56/007502, RIVADAVIA SEGUROS",1503558.0,000115,,N
2026,1,1402,1403,2026-04-16 00:00:00,GMADA,2674,1,,R,SUM,1410,2026,S,2026-04-16 00:00:00,2,,,"Sodor Pablo Enrique,presupuesto 3198",382000.0,000115,,N
2026,1,1405,1406,2026-04-16 00:00:00,GMADA,3567,2,,R,SUM,1330,2026,S,2026-04-16 00:00:00,4,,,EXPEDIENTE 968/2026 CONTRATO SEÑOR ANDIARENA JOSE MARIA DEL 1 DE ABRIL AL 31 DE JULIO DEL 2026,7200000.0,000115,,N
2026,1,1406,1407,2026-04-16 00:00:00,GMADA,160,13,,R,SUM,1402,2026,S,2026-04-16 00:00:00,1,,,AGROVETERINARIA MARZULLO - PRESUPUESTO N° 1-1182 (BROMATOLOGIA),162300.0,000115,,N
2026,1,1407,1408,2026-04-16 00:00:00,GMADA,2209,H.ANC,,R,SUM,1401,2026,S,2026-04-16 00:00:00,2,,,DURANTE EDUARDO - PRESUPUESTO N° 1-885  DEL 01/04/2026 AL 30/04/2026,814079.46,000115,,N
2026,1,1408,1409,2026-04-16 00:00:00,GMADA,2209,2,,A,SUM,1400,2026,S,2026-04-16 00:00:00,1,2026-05-20 00:00:00,NO,DURANTE EDUARDO - PRESUPUESTO N° 1-889,18783.0,000115,,N
2026,1,1409,1410,2026-04-16 00:00:00,GMADA,57,2,,R,SUM,1288,2026,S,2026-04-16 00:00:00,1,,,IMPRENTA EL ARGENTINO - PRESUPUESTO N° 563,38000.0,000115,,N
2026,1,1411,1412,2026-04-16 00:00:00,GMADA,3322,2,,R,SUM,1398,2026,S,2026-04-16 00:00:00,2,,,PINAMAR HIGIENE INSTITUCIONAL - PRESUPUESTO N° 16-2582 SEMANA DEL 30/03/2026 AL 05/03/2026 (LAVADERO HOSPITAL),491378.74,000115,,N
2026,1,1985,1984,2026-05-28 00:00:00,GMADA,2663,2,,R,SUM,1891,2026,S,2026-05-28 00:00:00,2,,,ALAIS PHARMA- PRESUPUESTO N° 0001-00020278,1553609.85,000115,,N
2026,1,1987,1986,2026-05-28 00:00:00,GMADA,1242,2,,R,SUM,1902,2026,S,2026-05-28 00:00:00,1,,,DONNAX PHARMA- PRESUPUESTO N° 22/05/2026,2459000.0,000115,,N
2026,1,1988,1987,2026-05-28 00:00:00,GMADA,866,2,,R,SUM,1903,2026,S,2026-05-28 00:00:00,2,,,PILOÑA- PRESUPUESTO N° 20/05/2026,165129.88,000115,,N
2026,1,1990,1989,2026-05-28 00:00:00,GMADA,2883,2,,R,SUM,1886,2026,S,2026-05-28 00:00:00,4,,,INSUMOS GENERALES 3F- PRESUPUESTO N° 18/05/26,268934.62,000115,,N
2026,1,1991,1990,2026-05-28 00:00:00,GMADA,3165,2,,R,SUM,1914,2026,S,2026-05-28 00:00:00,2,,,VELIBO SUPPLIES S.A.S- PRESUPUESTO N° 0001-00012344,200682.78,000115,,N
2026,1,1992,1991,2026-05-28 00:00:00,GMADA,3287,2,,R,SUM,1844,2026,S,2026-05-28 00:00:00,1,,,HISPANOGRAF - PRESUPUESTO N° 1887 CAMPAÑA PREVENCION CONS PEDIATRIA,26700.0,000115,,N
2026,1,2163,2162,2026-06-11 00:00:00,GMADA,300,2,,R,SUM,2064,2026,S,2026-06-11 00:00:00,1,,,PINTURERIA FERRETERIA TODO COLOR - PRESUPUESTO N° 7236  REPUESTOS Y ACCESORIOS PARA ARREGLOS REPARACIONES EN DIFERENTES SERVICIOS DEL  HOSPITAL Y HOGAR DE ANCIANOS,155570.0,000115,,N
2026,1,2164,2163,2026-06-11 00:00:00,GMADA,300,2,,R,SUM,2063,2026,S,2026-06-11 00:00:00,1,,,PINTURERIA FERRETERIA TODO COLOR - PRESUPUESTO N° 7231 REPUESTOS Y ACCESORIOS PARA ARREGLOS REPARACIONES EN EL HOSPITAL Y HOGAR DE ANCIANOS,166670.0,000115,,N
2026,1,2165,2164,2026-06-11 00:00:00,GMADA,441,8,,R,SUM,2109,2026,S,2026-06-11 00:00:00,1,,,PROV.MATIENZO PAOLA AMELIA - PAPELERA ALPA   - PRES. N°3924- SEC. PRODUCCION-,7200.0,000115,,N
2026,1,2166,2165,2026-06-11 00:00:00,GMADA,313,9,,R,SUM,2119,2026,S,2026-06-11 00:00:00,1,,,"PRESUPUESTO 000, PREVISION, ATREUCO PUEL",5000000.0,000115,,N
2026,1,2167,2166,2026-06-11 00:00:00,GMADA,2695,2,,R,SUM,2071,2026,S,2026-06-11 00:00:00,1,,,TALLER VERONICA - PRESUPUESTO N° 68 REPARACIONES AMBULANCIA DOMINIO AB039OI AMBULANCIA DOMINIO AA775QW,660000.0,000115,,N
2026,1,2168,2167,2026-06-11 00:00:00,GMADA,360,6,,R,SUM,2113,2026,S,2026-06-11 00:00:00,1,,,"PRESUPUESTO 082, LOMBERA CARLOS ARGENTINO",260000.0,000115,,N
2026,1,2169,2168,2026-06-11 00:00:00,GMADA,167,4,,R,SUM,2089,2026,S,2026-06-11 00:00:00,2,,,"PRESUPUESTO N° 00000002 de Gonzalo A. Bustamante de ""TODO POLLO"" Esfuerzo Solidario 2026",127500.0,000115,,N
2026,1,2187,2182,2026-06-11 00:00:00,GMADA,441,1,,R,SUM,2151,2026,S,2026-06-11 00:00:00,1,,,"Matienzo Paola ,presupuesto 0002-00003948 Feria de Ciencias",58800.22,000115,,N
2026,1,2188,2187,2026-06-11 00:00:00,GMADA,19,9,,R,SUM,2139,2026,S,2026-06-11 00:00:00,1,,,PRESUPUESTO  FERRETERIA CIMOS,316000.0,000115,,N
2026,1,2189,2188,2026-06-11 00:00:00,GMADA,612,25,,R,SUM,2144,2026,S,2026-06-11 00:00:00,2,,,"Marzullo Computacion, presupuesto 1301 ( COM)",128000.0,000115,,N
2026,1,2190,2189,2026-06-11 00:00:00,GMADA,777,25,,R,SUM,2143,2026,S,2026-06-11 00:00:00,3,,,"MP repeustos, presupuesto 140 ( AE 704 AW )",175000.0,000115,,N
2026,1,2191,2190,2026-06-11 00:00:00,GMADA,777,ARCHI,,R,SUM,2142,2026,S,2026-06-11 00:00:00,3,,,"MP repuestos, presupuesto 141-143 ( AE 704 AX)",294000.0,000115,,N
2026,1,2192,2191,2026-06-11 00:00:00,GMADA,441,1,,R,SUM,2146,2026,S,2026-06-11 00:00:00,1,,,"Matienzo Paola ,presupuesto 0002-00003946",235599.06,000115,,N
2026,1,1365,1366,2026-04-14 00:00:00,GMADA,160,13,,R,SUM,1343,2026,S,2026-04-14 00:00:00,1,,,AGROVETERINARIA MARZULLO - PRESUPUESTO N° 1-1183 (BROMATOLOGIA),98700.0,000115,,N
2026,1,1366,1367,2026-04-14 00:00:00,GMADA,1259,2,,R,SUM,1336,2026,S,2026-04-14 00:00:00,1,,,ELECTRO DANNUNZIO - PRESUPUESTO N° 30437 (INTERNACION Y CONSULTORIOS HOSPITAL),97515.6,000115,,N
2026,1,1369,1370,2026-04-14 00:00:00,GMADA,3073,2,,A,SUM,1335,2026,S,2026-04-14 00:00:00,1,2026-04-16 00:00:00,NO,LA FRUTERIA LABATUT MARCELO - ENTREGAS DEL  01/03/2026 AL 31/03/2026,3551300.0,000115,,N
2026,1,1374,1375,2026-04-14 00:00:00,GMADA,57,4,,R,SUM,1255,2026,S,2026-04-14 00:00:00,1,,,IMPRENTA EL ARGENTINO - PRESUPUESTO N° 561,28000.0,000115,,N
2026,1,1635,1635,2026-05-06 00:00:00,GMADA,1514,6,,R,PRESU,0,2026,S,2026-05-06 00:00:00,5,,," PRESUPUESTO 000, CASA ELICEIRY",1050000.0,000000,,N
2026,1,1636,1636,2026-05-06 00:00:00,GMADA,3245,24,,R,PRESU,2664,2026,S,2026-05-06 00:00:00,3,,,"PRESUPUESTO 2664, PEÑA ADRIAN EUGENIO",96800.0,000000,,N
2026,1,1637,1637,2026-05-06 00:00:00,GMADA,313,3,,R,PRESU,0,2026,S,2026-05-06 00:00:00,1,,,PROV. ATREUCO PUEL COMBUSTIBLE PARA MAQUINAS Y VEHICULOS DE ESTA SECRETARA,8000000.0,000000,,N
2026,1,1638,1638,2026-05-06 00:00:00,GMADA,160,9,,R,PRESU,1187,2026,S,2026-05-06 00:00:00,1,,,PRESUPUESTO N° 1187 - AGROVETERINARIA MARZULLO - PREVENCION  Y DES-RATIZACION,13000.0,000000,,N
2026,1,1639,1639,2026-05-06 00:00:00,GMADA,688,9,,R,PRESU,7081,2026,S,2026-05-06 00:00:00,1,,,PRESUPUESTO N° 7081 - BATERIAS LA PRIMERA SH - ACEITE RUBIA 6400 15W40,40000.0,000000,,N
2026,1,1640,1640,2026-05-06 00:00:00,GMADA,441,26,,R,PRESU,3920,2026,S,2026-05-06 00:00:00,1,,,Corresponde presupuesto N° 0002-00003920 - MATIENZO PAOLA A.,25000.1,000000,,N
2026,1,1641,1641,2026-05-06 00:00:00,GMADA,19,4,,R,PRESU,3067,2026,S,2026-05-06 00:00:00,1,,,"PRESUPUESTOS N° X 0002-00003067/3083 de Inocencio Cimos de ""IC FERRETERIA CIMOS"" Para arreglos en el módulo de proteción y para barrer el parque en sede",11950.0,000000,,N
2026,1,1642,1642,2026-05-06 00:00:00,GMADA,2521,3,,R,PRESU,2739,2026,S,2026-05-06 00:00:00,3,,,"PROV. PROTO SRL PRESUP.2739 CUCHILLAS PARA MOTONIVELADORA CII59, G710",952342.64,000000,,N
2026,1,1706,1706,2026-05-11 00:00:00,GMADA,517,CONTR,,R,SUM,1730,2026,S,2026-05-11 00:00:00,3,,,Corresponde presupuesto LALOSEVICH,112000.0,000115,,N
2026,1,1708,1708,2026-05-11 00:00:00,GMADA,2636,23,,R,SUM,1726,2026,S,2026-05-11 00:00:00,2,,,Corresponde presupuesto N° 010417- SUAREZ JUAN MANUEL,281300.0,000115,,N
2026,1,1709,1709,2026-05-11 00:00:00,GMADA,3322,2,,R,SUM,1627,2026,S,2026-05-11 00:00:00,2,,,PINAMAR HIGIENE INSTITUCIONAL - PRESUPUESTO N° 16-2611 (LAVANDERIA HOSPITAL),910423.58,000115,,N
2026,1,1711,1711,2026-05-11 00:00:00,GMADA,17,22,,R,SUM,1722,2026,S,2026-05-11 00:00:00,1,,,PROV.LUIS LOMBARDIA PRESUP.0071 INSUMOS Y REPARACIONES PARA MAQUINAS CORTA PASTO,457600.0,000115,,N
2026,1,1713,1713,2026-05-11 00:00:00,GMADA,3573,1,,R,SUM,1724,2026,S,2026-05-11 00:00:00,1,,,Corresponde presupuesto N° 0001-00000502 - SOTO MECANICA- VENTO DOMINIO AC821KM,430000.0,000115,,N
2026,1,1716,1716,2026-05-11 00:00:00,GMADA,86,6,,A,SUM,1728,2026,S,2026-05-11 00:00:00,1,2026-05-12 00:00:00,NO,Corresponde presupuesto n° 010416- SUAREZ PABLO M.,106500.0,000115,,N
2026,1,1717,1717,2026-05-11 00:00:00,GMADA,879,3,,R,SUM,1699,2026,S,2026-05-11 00:00:00,3,,,"PROV.CASA HARISGARAT PRESUP.1063,1055,1054,1048,1047 PARA BOCAS DE TORMENTA, CORDON CALLE ALEM Y VENEZUELA, BS.AS Y 33",251040.0,000115,,N
2026,1,1720,1720,2026-05-11 00:00:00,GMADA,879,7,,R,SUM,1703,2026,S,2026-05-11 00:00:00,2,,,"PROV. CASA HARISGARAT PRES.1095,1093 PARA REFACCIONES EN CEMENTERIO",247600.0,000115,,N
2026,1,1723,1723,2026-05-11 00:00:00,GMADA,17,3,,R,SUM,1720,2026,S,2026-05-11 00:00:00,1,,,PROV.LUIS LOMBARIDA PRESUP.0070 INSUMOS Y REPARACIONES PARA MAQUINAS CORTA PASTO Y MOTOGUADAÑA,489000.0,000115,,N
2026,1,2447,2447,2026-07-03 00:00:00,GMADA,171,2,,R,SUM,2396,2026,S,2026-07-03 00:00:00,1,,,ELECTRICIDAD EL GALLEGO - PRESUPUESTO N° 1-55903,37800.0,000115,,N
2026,1,2456,2456,2026-07-03 00:00:00,GMADA,441,2,,R,SUM,2397,2026,S,2026-07-03 00:00:00,1,,,PAPELERA ALPA - PRESUPUESTO N° 2-3965 LABORATORIO - GUARDIA,32000.03,000115,,N
2026,1,2457,2457,2026-07-03 00:00:00,GMADA,2801,2,,R,SUM,2398,2026,S,2026-07-03 00:00:00,1,,,PASINI REFRIGERACION - PRESUPUESTO S/N FECHA 8/6/26,245000.0,000115,,N
2026,1,2458,2458,2026-07-03 00:00:00,GMADA,3322,2,,R,SUM,2399,2026,S,2026-07-03 00:00:00,2,,,PINAMAR HIGIENE INSTITUCIONAL - PRESUPUESTO N° 16-2656,798638.56,000115,,N
2026,1,2459,2459,2026-07-03 00:00:00,GMADA,3322,2,,R,SUM,2400,2026,S,2026-07-03 00:00:00,2,,,PINAMAR HIGIENE INSTITUCIONAL - PRESUPUESTO N° 16-2659,219657.36,000115,,N
2026,1,2463,2463,2026-07-03 00:00:00,GMADA,2674,1,,R,SUM,2444,2026,S,2026-07-03 00:00:00,2,,,"Sodor Pablo Enrique,presupuesto 3240",521000.0,000115,,N
2026,1,2503,2503,2026-07-07 00:00:00,GMADA,3034,4,,R,SUM,2436,2026,S,2026-07-07 00:00:00,1,,,"Expte N° 118/2026 Contrato Sra. Escobar, Estela Operadora Territorial en el Equipi de Abordaje a la Violencia Familiar y de Género - No cumple con el Art. 45 de la Ley 14.656",3558946.8,000115,,N
2026,1,2506,2506,2026-07-07 00:00:00,GMADA,3240,4,,R,SUM,2437,2026,S,2026-07-07 00:00:00,1,,,"Expte N° 118/2026 Contrato Sra. Etchart, María Eugenia Abogada en el Equipo del Servicio Local - No cumple con el Art. 45 de la Ley 14.656",3558946.8,000115,,N
2026,1,2509,2509,2026-07-07 00:00:00,GMADA,3470,4,,R,SUM,2438,2026,S,2026-07-07 00:00:00,1,,,"Expte N° 118/2026 Contrato Sra. Flores Herrero, Martina Abogada en el Servicio Local - No cumple con el Art. 45 de  la Ley 14.656",3558946.8,000115,,N
2026,1,2510,2510,2026-07-07 00:00:00,GMADA,2032,4,,R,SUM,2439,2026,S,2026-07-07 00:00:00,1,,,"Expte N° 118/2026 Contrato Sr. Gabito, Cristián Raúl Abogado en el Equipo de Abordaje a la Violencia Masculino y Coordinador en las intervenciones en vulneración de derechos - No cumple con el Art. 45 de la Ley 14.656",7294225.74,000115,,N
2026,1,2512,2512,2026-07-07 00:00:00,GMADA,3453,4,,R,SUM,2440,2026,S,2026-07-07 00:00:00,1,,,"Expte N° 118/2026 Contrato Sra. Lorente, Ana Victoria Trabajadora Social en el Equipo del Servicio Local - No cumple con el Art.45 de la Ley 14.656",3558946.8,000115,,N
2026,1,2513,2513,2026-07-07 00:00:00,GMADA,3361,4,,R,SUM,2442,2026,S,2026-07-07 00:00:00,1,,,"Expte N° 118/2026 Contrato Sra. Morando, Araceli Operadora Territorial en el Equipo de Violencia Fmiliar y  de Género - No cumple con el Art.45 de la Ley 14.656",3558946.8,000115,,N
2026,1,2514,2514,2026-07-07 00:00:00,GMADA,3033,4,,R,SUM,2445,2026,S,2026-07-07 00:00:00,1,,,"Expte N° 118/2026 Contrato Sra. Olaizola, Rocio Operadora Social en el Equipo de Violencia Familiar y de Género - No cumple con el Art. 45 de la Ley 14.656",3558946.8,000115,,N
2026,1,2515,2515,2026-07-07 00:00:00,GMADA,3228,4,,R,SUM,2447,2026,S,2026-07-07 00:00:00,1,,,"Expte N° 118/2026 Contrato Sra. Pelinski, Eva Lorena Psicóloga en el Equipo del Servicio Local - No cumple con el Art. 45  de la Ley 14.656",3558946.8,000115,,N
2026,1,2518,2518,2026-07-07 00:00:00,GMADA,2812,4,,R,SUM,2449,2026,S,2026-07-07 00:00:00,1,,,"Expte N° 118/2026 Contrato Sr. Peréz, Oscar Santiagp Operador Grupal en el Equipo del Programa Envión y Operador de Calle en el Equipo del Servicio Local - No cumple con el Art. 45 de la Ley 14.656",4008379.29,000115,,N
2026,1,2520,2520,2026-07-07 00:00:00,GMADA,2704,4,,R,SUM,2450,2026,S,2026-07-07 00:00:00,1,,,"Expte N° 118/2026 Contrato Sra. Ruau, María Carolina Abogada en el Equipo de Abordaje a la Violencia Familiar y de Género - No cumple con el Art. 45 de la Ley 14.656",3783662.55,000115,,N
2026,1,2521,2521,2026-07-07 00:00:00,GMADA,3338,4,,R,SUM,2451,2026,S,2026-07-07 00:00:00,1,,,"Expte N° 118/2026 Contrato Sr. Saquetti, Pablo Cristián Operador Grupal en el Equipo de Abordaje a la Violencia Masculina - No cumple con el Art. 45 de la Ley 14.656",1011220.86,000115,,N
2026,1,2522,2522,2026-07-07 00:00:00,GMADA,3027,4,,R,SUM,2452,2026,S,2026-07-07 00:00:00,1,,,"Expte N° 118/2026 Contrato Sra. Suarez, Micaela Brunella Operadora Territorial en el Equipo de Abordaje a la Violencia Familiar y de Género - No cumple con el Art. 45 de la Ley 14.656",3558946.8,000115,,N
2026,1,2523,2523,2026-07-07 00:00:00,GMADA,3440,4,,R,SUM,2454,2026,S,2026-07-07 00:00:00,1,,,"Expte N° 118/2026 Contrato Sra. Tolosa, CArolina Paola Trabajadora Social en el Equipo de Abordaje a la ViolenciaFamiliar y de Género - No cumple con el Art. 45 de la Ley 14.656",3558946.8,000115,,N
2026,1,2524,2524,2026-07-07 00:00:00,GMADA,2473,4,,R,SUM,2455,2026,S,2026-07-07 00:00:00,1,,,"Expte N° 118/2026 Contrato Sra. Verón Saavedra, Marianela Victoria Psicóloga en el Equipo de Abordaje a la Violencia Familiar y de Género - No cumple con el Art. 45 de la Ley 14.656",3558946.8,000115,,N
2026,1,2525,2525,2026-07-07 00:00:00,GMADA,2663,2,,R,SUM,2468,2026,S,2026-07-07 00:00:00,1,,,ALAIS PHARMA- PRESUPUESTO N° 0001-00020802,1012273.08,000115,,N
2026,1,2526,2526,2026-07-07 00:00:00,GMADA,300,3,,R,SUM,2490,2026,S,2026-07-07 00:00:00,1,,,PROV.TODO COLOR PRESUP.7239 PARA MANTENIMIENTO DE CORDON CUNETE  Y LOMOS DE BURRO,469537.0,000115,,N
2026,1,2527,2527,2026-07-07 00:00:00,GMADA,300,1,,R,SUM,2498,2026,S,2026-07-07 00:00:00,1,,,"Maistegui Silvia Beatriz ,presupuesto 00007243",128962.0,000115,,N
2026,1,2528,2528,2026-07-07 00:00:00,GMADA,1825,GRAN,,R,SUM,2418,2026,S,2026-07-07 00:00:00,1,,,"Expte N° 119/2026 Contrato Sr. Anrríquez, Gustavo Oscar Trabajador Social en la Granja de Contención- No cumple con el Art. 45 de la Ley 14.656",1348862.97,000115,,N
2026,1,2529,2529,2026-07-07 00:00:00,GMADA,3389,25,,R,SUM,2459,2026,S,2026-07-07 00:00:00,3,,,"LARLUZ herramientas, presupuesto (taller del area)",760000.0,000115,,N
2026,1,2530,2530,2026-07-07 00:00:00,GMADA,5,2,,R,SUM,2469,2026,S,2026-07-07 00:00:00,1,,,PREVISION ANDRES PONSA BOLSAS SAL GRUESA X 25 KG PARA EQUIPO AUTOCLAVE,200000.0,000115,,N
2026,1,2531,2531,2026-07-07 00:00:00,GMADA,1440,2,,R,SUM,2466,2026,S,2026-07-07 00:00:00,1,,,QUALIMED S.A- PRESUPUESTO N° 107,193410.0,000115,,N
2026,1,2589,2589,2026-07-15 00:00:00,GMADA,3562,27,,R,PRESU,0,2026,S,2026-07-15 00:00:00,1,,,alojamiento de software portal de proveedores en la web proveedores.madariaga.gob.ar hosting plus abstracta,210000.0,000000,,N
2026,1,2590,2590,2026-07-15 00:00:00,GMADA,1267,6,,R,PRESU,624,2026,S,2026-07-15 00:00:00,1,,,"PRESUPUESTOS 624, SORAGNI ALEJANDRA SILVIA",101142.0,000000,,N
2026,1,2049,2048,2026-06-03 00:00:00,GMADA,2770,ASLEG,,R,PRESU,841,2026,S,2026-06-03 00:00:00,2,,,"PRESUPUESTO 841, MARTIN FERNANDO",147100.0,000000,,N
2026,1,2056,2055,2026-06-03 00:00:00,GMADA,1514,42,,R,PRESU,0,2026,S,2026-06-03 00:00:00,4,,,PROV. CASA ELICEIRY GAS OIL PARA MAQUINAS DE PREDIOS DE RESIDUOS RUTA 11 KM405.5,3534400.0,000000,,N
2026,1,2057,2056,2026-06-03 00:00:00,GMADA,1514,3,,R,PRESU,0,2026,S,2026-06-03 00:00:00,2,,,PROV. CASAM ELICEIRY  GAS OIL PARA MAQUINAS Y VEHICULOS DE ESTA SECRETARIA,17672000.0,000000,,N
2026,1,2058,2057,2026-06-03 00:00:00,GMADA,3583,6,,R,PRESU,1980,2026,S,2026-06-03 00:00:00,1,,,"PRODUCCION 30833, DNZ BROTHER",217172.5,000000,,N
2026,1,2060,2059,2026-06-03 00:00:00,GMADA,2310,3,,R,PRESU,7897,2026,S,2026-06-03 00:00:00,2,,,PROV. CENTRO HIERRO PRESUP.7897 CHAPA PARA CAMION FORD 14000 SVN719,579813.38,000000,,N
2026,1,2067,2066,2026-06-04 00:00:00,GMADA,2310,6,,R,PRESU,7900,2026,S,2026-06-04 00:00:00,3,,,"PRESUPUESTO 7900, CALABRO JORGE GUILLERMO",75459.68,000000,,N
