EJERCICIO,NRO_REG_COMP,FECH_REG_COMP,LUG_EMI,JURISDICCION,CODIGO_UE,COD_PROV,TIPO_REGIS,NRO_ORIG,CODIGO_FF,UNI_COMPRA,NRO_OC,DELEG_SOLIC,NRO_SOLIC,TIPO_DOC,NRO_DOC,ANIO_DOC,IMPORTE_TOT,ESTADO_REG_COMP,CONFIRMADO,FECH_CONFIRM,FECH_ANUL,MOTIVO_ANUL,CANT_IMPRES,CONCEPTO,FECH_RELOJ,DEUDA,DEPENDENCIA,INSISTIDO,RC_DIFERIDO,EJERCICIO_ANT,NRO_REG_COMP_ANT,RC_EJERCICIO_ANT
2026,672,2026-01-28 00:00:00,GMADA,1110104000,5,1138,A,170,131,1,140,1,139,,,,-72000.0,N,S,2026-01-13 00:00:00,2026-01-28 00:00:00,ERROR,1,pescado,2026-01-28 00:00:00,N,COC,2026-01-13 00:00:00,N,2026,,N
2026,673,2026-01-28 00:00:00,GMADA,1110104000,5,1138,A,350,131,1,224,1,224,,,,-108000.0,N,S,2026-01-16 00:00:00,2026-01-28 00:00:00,ERROR,1,pescado,2026-01-28 00:00:00,N,COC,2026-01-16 00:00:00,N,2026,,N
2026,674,2026-01-28 00:00:00,GMADA,1110104000,5,1524,R,674,131,1,461,1,493,,,,324500.0,D,S,2026-01-28 00:00:00,,,1,Insumos quirurgicos,2026-01-28 00:00:00,N,HOSP,2026-01-28 00:00:00,N,2026,,N
2026,1041,2026-02-09 00:00:00,GMADA,1110108000,14,1754,R,1041,110,,,,,,,,21000.0,D,S,2026-02-09 00:00:00,,,1,Reg.Comp. 213/2025 agua,2026-02-09 00:00:00,N,PROD,2026-02-09 00:00:00,N,,,N
2026,1043,2026-02-09 00:00:00,GMADA,1110108000,14,1754,R,1043,110,,,,,,,,73000.0,D,S,2026-02-09 00:00:00,,,1,Reg.Comp. 213/2025 agua,2026-02-09 00:00:00,N,PROD,2026-02-09 00:00:00,N,,,N
2026,1217,2026-02-18 00:00:00,GMADA,1110104000,5,167,R,1217,131,1,653,1,693,,,,491550.0,D,S,2026-02-18 00:00:00,,,1,pollo,2026-02-18 00:00:00,N,HOSP,2026-02-18 00:00:00,N,2026,,N
2026,1219,2026-02-18 00:00:00,GMADA,1110118000,25,3287,R,1219,110,1,631,1,657,,,,78000.0,D,S,2026-02-18 00:00:00,,,1,cartel de señalizac,2026-02-18 00:00:00,N,000SU,2026-02-18 00:00:00,N,2026,,N
2026,1220,2026-02-18 00:00:00,GMADA,1110118000,25,300,R,1220,110,1,634,1,658,,,,563612.0,D,S,2026-02-18 00:00:00,,,1,arts de ferret,2026-02-18 00:00:00,N,DECI,2026-02-18 00:00:00,N,2026,,N
2026,1221,2026-02-18 00:00:00,GMADA,1110118000,25,1879,R,1221,110,1,636,1,659,,,,161600.0,D,S,2026-02-18 00:00:00,,,1,repuestos,2026-02-18 00:00:00,N,000SU,2026-02-18 00:00:00,N,2026,,N
2026,1222,2026-02-18 00:00:00,GMADA,1110118000,25,300,R,1222,110,1,637,1,660,,,,163971.0,D,S,2026-02-18 00:00:00,,,1,arts de ferret,2026-02-18 00:00:00,N,000SU,2026-02-18 00:00:00,N,2026,,N
2026,1223,2026-02-18 00:00:00,GMADA,1110104000,5,879,R,1223,131,1,651,1,698,,,,132760.0,D,S,2026-02-18 00:00:00,,,1,canilla,2026-02-18 00:00:00,N,CICQ,2026-02-18 00:00:00,N,2026,,N
2026,1224,2026-02-18 00:00:00,GMADA,1110104000,5,57,R,1224,131,1,652,1,694,,,,32000.0,D,S,2026-02-18 00:00:00,,,1,servs de imp,2026-02-18 00:00:00,N,HOSP,2026-02-18 00:00:00,N,2026,,N
2026,1225,2026-02-18 00:00:00,GMADA,1110118000,25,413,R,1225,110,1,654,1,689,,,,534000.0,D,S,2026-02-18 00:00:00,,,1,parches,2026-02-18 00:00:00,N,000SU,2026-02-18 00:00:00,N,2026,,N
2026,1226,2026-02-18 00:00:00,GMADA,1110111000,3,1977,R,1226,131,1,644,1,727,,,,815489.79,D,S,2026-02-18 00:00:00,,,1,repuestos,2026-02-18 00:00:00,N,CAS,2026-02-18 00:00:00,N,2026,,N
2026,1227,2026-02-18 00:00:00,GMADA,1110109000,13,879,R,1227,110,1,641,1,676,,,,193682.0,D,S,2026-02-18 00:00:00,,,1,materiales de corralón,2026-02-18 00:00:00,N,DEP,2026-02-18 00:00:00,N,2026,,N
2026,1228,2026-02-18 00:00:00,GMADA,1110104000,5,879,R,1228,131,1,642,1,695,,,,15220.0,D,S,2026-02-18 00:00:00,,,1,materiales,2026-02-18 00:00:00,N,INTER,2026-02-18 00:00:00,N,2026,,N
2026,1230,2026-02-18 00:00:00,GMADA,1110104000,5,167,R,1230,131,1,643,1,692,,,,467699.98,D,S,2026-02-18 00:00:00,,,1,pollo,2026-02-18 00:00:00,N,HOGANC,2026-02-18 00:00:00,N,2026,,N
2026,1232,2026-02-18 00:00:00,GMADA,1110118000,25,2371,R,1232,110,1,645,1,688,,,,423200.0,D,S,2026-02-18 00:00:00,,,1,insumos,2026-02-18 00:00:00,N,000SU,2026-02-18 00:00:00,N,2026,,N
2026,1233,2026-02-18 00:00:00,GMADA,1110113000,20,1879,R,1233,110,1,646,1,685,,,,110000.0,D,S,2026-02-18 00:00:00,,,1,repuestos,2026-02-18 00:00:00,N,SECSEG,2026-02-18 00:00:00,N,2026,,N
2026,1234,2026-02-18 00:00:00,GMADA,1110113000,20,3297,R,1234,110,1,648,1,682,,,,811100.0,D,S,2026-02-18 00:00:00,,,1,repuestos,2026-02-18 00:00:00,N,SECSEG,2026-02-18 00:00:00,N,2026,,N
2026,1235,2026-02-18 00:00:00,GMADA,1110113000,20,1995,R,1235,110,1,650,1,679,,,,337800.0,D,S,2026-02-18 00:00:00,,,1,trabajos de carpint,2026-02-18 00:00:00,N,SECSEG,2026-02-18 00:00:00,N,2026,,N
2026,1236,2026-02-18 00:00:00,GMADA,1110106000,7,2450,R,1236,132,1,647,1,675,,,,263500.0,D,S,2026-02-18 00:00:00,,,1,frutas y verds,2026-02-18 00:00:00,N,JARD,2026-02-18 00:00:00,N,2026,,N
2026,506,2026-01-21 00:00:00,GMADA,1110118000,25,3495,A,257,110,1,189,1,208,,,,-425000.0,N,S,2026-01-14 00:00:00,2026-01-21 00:00:00,ERROR,1,plantas,2026-01-21 00:00:00,N,VIMUNI,2026-01-14 00:00:00,N,2026,,N
2026,793,2026-01-29 00:00:00,GMADA,1110109000,13,101,A,145,132,1,104,1,107,,,,-538400.0,N,S,2026-01-13 00:00:00,2026-01-29 00:00:00,ERROR,1,pileta,2026-01-29 00:00:00,N,DEP,,N,2026,,N
2026,677,2026-01-29 00:00:00,GMADA,1110108000,14,3208,R,677,110,1,473,1,509,,,,420000.0,D,S,2026-01-29 00:00:00,,,1,Alquiler baños quimicos,2026-01-29 00:00:00,N,PROD,2026-01-29 00:00:00,N,2026,,N
2026,678,2026-01-29 00:00:00,GMADA,1110104000,5,3356,R,678,131,1,474,1,224,,,,108000.0,D,S,2026-01-29 00:00:00,,,1,Alimentos,2026-01-29 00:00:00,N,COC,2026-01-29 00:00:00,N,2026,,N
2026,679,2026-01-29 00:00:00,GMADA,1110102000,2,3287,R,679,110,1,476,1,525,,,,32500.0,D,S,2026-01-29 00:00:00,,,1,Serv. impresion,2026-01-29 00:00:00,N,GOBHAC,2026-01-29 00:00:00,N,2026,,N
2026,680,2026-01-29 00:00:00,GMADA,1110104000,5,3322,R,680,131,1,448,1,477,,,,1305867.82,D,S,2026-01-29 00:00:00,,,1,Art. limpieza,2026-01-29 00:00:00,N,HOSP,2026-01-29 00:00:00,N,2026,,N
2026,681,2026-01-29 00:00:00,GMADA,1110104000,5,2209,R,681,131,1,445,1,468,,,,381369.5,D,S,2026-01-29 00:00:00,,,1,Alimentos,2026-01-29 00:00:00,N,HOSP,2026-01-29 00:00:00,N,2026,,N
2026,682,2026-01-29 00:00:00,GMADA,1110104000,5,285,R,682,131,1,446,1,476,,,,1782798.01,D,S,2026-01-29 00:00:00,,,1,Insumos laboratorio,2026-01-29 00:00:00,N,LAB,2026-01-29 00:00:00,N,2026,,N
2026,683,2026-01-29 00:00:00,GMADA,1110104000,5,688,R,683,131,1,443,1,469,,,,114000.0,D,S,2026-01-29 00:00:00,,,1,Combustibles,2026-01-29 00:00:00,N,HOSP,2026-01-29 00:00:00,N,2026,,N
2026,791,2026-01-29 00:00:00,GMADA,1110104000,5,2869,R,791,131,1,442,1,475,,,,1508301.0,D,S,2026-01-29 00:00:00,,,1,Alimentos,2026-01-29 00:00:00,N,COC,2026-01-29 00:00:00,N,2026,,N
2026,792,2026-01-29 00:00:00,GMADA,1110104000,5,557,R,792,131,1,440,1,474,,,,380000.0,N,S,2026-01-29 00:00:00,,,1,Insumos quirurgicos,2026-01-29 00:00:00,N,HOSP,2026-01-29 00:00:00,N,2026,,N
2026,870,2026-01-29 00:00:00,GMADA,1110112000,19,216,A,30,110,1,2,1,13,,,,-268000.0,N,S,2026-01-07 00:00:00,2026-01-29 00:00:00,ERROR,1,art de limp,2026-01-29 00:00:00,N,SEHA,2026-01-07 00:00:00,N,2026,,N
2026,794,2026-01-29 00:00:00,GMADA,1110104000,5,2883,R,794,131,1,438,1,473,,,,471223.5,D,S,2026-01-29 00:00:00,,,1,Insumos farmacia,2026-01-29 00:00:00,N,FARM,2026-01-29 00:00:00,N,2026,,N
2026,795,2026-01-29 00:00:00,GMADA,1110104000,5,850,R,795,131,1,437,1,472,,,,2932446.16,D,S,2026-01-29 00:00:00,,,1,Insumos laboratorio,2026-01-29 00:00:00,N,LAB,2026-01-29 00:00:00,N,2026,,N
2026,796,2026-01-29 00:00:00,GMADA,1110118000,25,2403,R,796,110,1,488,1,514,,,,150000.0,D,S,2026-01-29 00:00:00,,,1,Reparacion vehiculo,2026-01-29 00:00:00,N,000SU,2026-01-29 00:00:00,N,2026,,N
2026,797,2026-01-29 00:00:00,GMADA,1110111000,3,1514,R,797,131,1,490,1,511,,,,960000.0,D,S,2026-01-29 00:00:00,,,1,Combustible,2026-01-29 00:00:00,N,CAS,2026-01-29 00:00:00,N,2026,,N
2026,798,2026-01-29 00:00:00,GMADA,1110106000,7,3296,R,798,132,1,485,1,517,,,,109529.2,D,S,2026-01-29 00:00:00,,,1,Pintura,2026-01-29 00:00:00,N,ENV,2026-01-29 00:00:00,N,2026,,N
2026,799,2026-01-29 00:00:00,GMADA,1110112000,19,441,R,799,110,1,481,1,520,,,,55939.85,D,S,2026-01-29 00:00:00,,,1,Art. de libreria,2026-01-29 00:00:00,N,TESOR,2026-01-29 00:00:00,N,2026,,N
2026,800,2026-01-29 00:00:00,GMADA,1110111000,3,2403,R,800,131,1,492,1,512,,,,150000.0,D,S,2026-01-29 00:00:00,,,1,Reparacion vehiculo,2026-01-29 00:00:00,N,CAS,2026-01-29 00:00:00,N,2026,,N
2026,801,2026-01-29 00:00:00,GMADA,1110118000,25,1259,R,801,110,1,491,1,515,,,,18260.2,D,S,2026-01-29 00:00:00,,,1,Art. electricidad,2026-01-29 00:00:00,N,000SU,2026-01-29 00:00:00,N,2026,,N
2026,802,2026-01-29 00:00:00,GMADA,1110106000,7,3287,R,802,132,1,489,1,518,,,,73410.0,D,S,2026-01-29 00:00:00,,,1,Servicio de impresion,2026-01-29 00:00:00,N,JARD,2026-01-29 00:00:00,N,2026,,N
2026,803,2026-01-29 00:00:00,GMADA,1110105000,6,1259,R,803,110,1,487,1,510,,,,8250.4,D,S,2026-01-29 00:00:00,,,1,Art. electricos,2026-01-29 00:00:00,N,CULTUR,2026-01-29 00:00:00,N,2026,,N
2026,804,2026-01-29 00:00:00,GMADA,1110200000,8,2209,R,804,110,1,493,1,527,,,,1000000.0,D,S,2026-01-29 00:00:00,,,1,Agua mineral.,2026-01-29 00:00:00,N,PRESID,2026-01-29 00:00:00,N,2026,,N
2026,805,2026-01-29 00:00:00,GMADA,1110200000,8,875,R,805,110,1,494,1,528,,,,200000.0,D,S,2026-01-29 00:00:00,,,1,Diarios,2026-01-29 00:00:00,N,PRESID,2026-01-29 00:00:00,N,2026,,N
2026,806,2026-01-29 00:00:00,GMADA,1110112000,19,1259,R,806,110,1,495,1,529,,,,10259.2,D,S,2026-01-29 00:00:00,,,1,Art. electricidad,2026-01-29 00:00:00,N,CONTRA,2026-01-29 00:00:00,N,2026,,N
2026,807,2026-01-29 00:00:00,GMADA,1110106000,7,3448,R,807,132,1,479,1,519,,,,133300.0,D,S,2026-01-29 00:00:00,,,1,Art. bazar,2026-01-29 00:00:00,N,JARD,2026-01-29 00:00:00,N,2026,,N
2026,808,2026-01-29 00:00:00,GMADA,1110118000,25,3075,R,808,110,1,484,1,516,,,,87904.11,D,S,2026-01-29 00:00:00,,,2,Art. de limpieza,2026-01-29 00:00:00,N,18C,2026-01-29 00:00:00,N,2026,,N
2026,810,2026-01-29 00:00:00,GMADA,1110118000,25,826,R,810,110,1,486,1,513,,,,65000.0,D,S,2026-01-29 00:00:00,,,1,Comisiones,2026-01-29 00:00:00,N,000SU,2026-01-29 00:00:00,N,2026,,N
2026,811,2026-01-29 00:00:00,GMADA,1110112000,19,1235,R,811,110,1,477,1,526,,,,7546920.0,D,S,2026-01-29 00:00:00,,,2,Alquiler fotocopiadora,2026-01-29 00:00:00,N,INGPUB,2026-01-29 00:00:00,N,2026,,N
2026,812,2026-01-29 00:00:00,GMADA,1110102000,2,1235,R,812,110,1,478,1,524,,,,4073460.0,D,S,2026-01-29 00:00:00,,,1,Alquiler Fotocopiadora,2026-01-29 00:00:00,N,DESP,2026-01-29 00:00:00,N,2026,,N
2026,813,2026-01-29 00:00:00,GMADA,1110117000,24,1235,R,813,110,1,480,1,523,,,,1515900.0,D,S,2026-01-29 00:00:00,,,1,Alquiler fotocopiadora,2026-01-29 00:00:00,N,000F,2026-01-29 00:00:00,N,2026,,N
2026,815,2026-01-29 00:00:00,GMADA,1110104000,5,1235,R,815,131,1,482,1,522,,,,3953460.0,D,S,2026-01-29 00:00:00,,,1,Alquiler fotocopiadora,2026-01-29 00:00:00,N,OSA,2026-01-29 00:00:00,N,2026,,N
2026,816,2026-01-29 00:00:00,GMADA,1110200000,8,1235,R,816,110,1,483,1,521,,,,2153460.0,D,S,2026-01-29 00:00:00,,,1,Alquiler fotocopiadora,2026-01-29 00:00:00,N,PRESID,2026-01-29 00:00:00,N,2026,,N
2026,875,2026-01-29 00:00:00,GMADA,1110118000,25,17,A,657,110,1,435,1,454,,,,-665200.0,N,S,2026-01-26 00:00:00,2026-01-29 00:00:00,ERROR,1,repuestos,2026-01-29 00:00:00,N,DECI,2026-01-26 00:00:00,N,2026,,N
2026,873,2026-01-29 00:00:00,GMADA,1110112000,19,216,R,873,110,1,503,1,536,,,,268500.0,D,S,2026-01-29 00:00:00,,,1,Armado de bolsas,2026-01-29 00:00:00,N,SEHA,2026-01-29 00:00:00,N,2026,,N
2026,878,2026-01-29 00:00:00,GMADA,1110112000,19,50087,A,874,110,,,,,,,,-524967.92,N,S,2026-01-29 00:00:00,2026-01-29 00:00:00,ERROR,1,comisiones,2026-01-29 00:00:00,N,SEHA,2026-01-29 00:00:00,N,2026,,N
2026,996,2026-02-04 00:00:00,GMADA,1110104000,5,2627,A,943,131,1,516,1,544,,,,-30000.0,N,S,2026-02-02 00:00:00,2026-02-04 00:00:00,ERROR,1,Alimentos (pastas),2026-02-04 00:00:00,N,HOGANC,2026-02-02 00:00:00,N,2026,,N
2026,994,2026-02-04 00:00:00,GMADA,1110101000,1,50003,R,994,110,,,,,,,,180000.0,D,S,2026-02-04 00:00:00,,,4,Santoro E,2026-02-04 00:00:00,N,INT,,N,2026,,N
2026,995,2026-02-04 00:00:00,GMADA,1110102000,2,50003,R,995,110,,,,,,,,270000.0,D,S,2026-02-04 00:00:00,,,2,Arrachea T,2026-02-04 00:00:00,N,AREAJ,,N,2026,,N
2026,998,2026-02-04 00:00:00,GMADA,1110104000,5,3322,R,998,131,1,555,1,589,,,,1214734.66,D,S,2026-02-04 00:00:00,,,1,Art limpieza,2026-02-04 00:00:00,N,HOSP,2026-02-04 00:00:00,N,2026,,N
2026,999,2026-02-04 00:00:00,GMADA,1110104000,5,2427,R,999,131,1,557,1,586,,,,140000.0,D,S,2026-02-04 00:00:00,,,1,Reparacion aire acondicionado,2026-02-04 00:00:00,N,TOMO,2026-02-04 00:00:00,N,2026,,N
2026,1000,2026-02-04 00:00:00,GMADA,1110104000,5,791,R,1000,131,1,551,1,594,,,,85000.0,D,S,2026-02-04 00:00:00,,,1,Alineacion neumaticos,2026-02-04 00:00:00,N,HOSP,2026-02-04 00:00:00,N,2026,,N
2026,1001,2026-02-04 00:00:00,GMADA,1110104000,5,866,R,1001,131,1,552,1,591,,,,5999994.23,D,S,2026-02-04 00:00:00,,,1,Insumos farmacia,2026-02-04 00:00:00,N,FARM,2026-02-04 00:00:00,N,2026,,N
2026,1002,2026-02-04 00:00:00,GMADA,1110104000,5,3165,R,1002,131,1,554,1,588,,,,5374159.75,D,S,2026-02-04 00:00:00,,,1,Insumos farmacia,2026-02-04 00:00:00,N,FARM,2026-02-04 00:00:00,N,2026,,N
2026,1003,2026-02-04 00:00:00,GMADA,1110104000,5,1078,R,1003,131,1,556,1,585,,,,50000.0,D,S,2026-02-04 00:00:00,,,1,Trabajos electricidad,2026-02-04 00:00:00,N,PO,2026-02-04 00:00:00,N,2026,,N
2026,1004,2026-02-04 00:00:00,GMADA,1110104000,5,167,R,1004,131,1,558,1,582,,,,300630.0,D,S,2026-02-04 00:00:00,,,1,Alimentos (pollo),2026-02-04 00:00:00,N,HOSP,2026-02-04 00:00:00,N,2026,,N
2026,1005,2026-02-04 00:00:00,GMADA,1110104000,5,776,R,1005,131,1,559,1,583,,,,110000.0,D,S,2026-02-04 00:00:00,,,1,Alineacion vehiculo,2026-02-04 00:00:00,N,HOSP,2026-02-04 00:00:00,N,2026,,N
2026,1006,2026-02-04 00:00:00,GMADA,1110118000,25,1514,R,1006,132,1,561,1,606,,,,2926800.0,D,S,2026-02-04 00:00:00,,,1,Combustible,2026-02-04 00:00:00,N,BARU,2026-02-04 00:00:00,N,2026,,N
2026,1007,2026-02-04 00:00:00,GMADA,1110118000,25,1514,R,1007,132,1,562,1,605,,,,9756000.0,D,S,2026-02-04 00:00:00,,,1,Combustible,2026-02-04 00:00:00,N,000SU,2026-02-04 00:00:00,N,2026,,N
2026,2403,2026-04-01 00:00:00,GMADA,1110104000,5,50087,A,2389,131,,,,,,,,-6000000.0,N,S,2026-03-31 00:00:00,2026-04-01 00:00:00,ERROR,2,COPRES,2026-04-01 00:00:00,N,ADMI,,N,2026,,N
2026,1514,2026-02-27 00:00:00,GMADA,1110102000,2,2334,R,1514,110,,,,,,,,724301.0,D,S,2026-02-27 00:00:00,,,1,Reg.Comp. 7885/2025 soporte,2026-02-27 00:00:00,N,GOBHAC,2026-02-27 00:00:00,N,,,N
2026,1515,2026-02-27 00:00:00,GMADA,1110102000,2,2334,R,1515,110,,,,,,,,676419.0,D,S,2026-02-27 00:00:00,,,1,Reg.Comp. 5510/2025 soporte técnico,2026-02-27 00:00:00,N,GOBHAC,2026-02-27 00:00:00,N,,,N
2026,2415,2026-04-01 00:00:00,GMADA,1110118000,25,1514,A,2414,132,1,1197,1,1263,,,,-17160000.0,N,S,2026-04-01 00:00:00,2026-04-01 00:00:00,ERROR,1,gasoil,2026-04-01 00:00:00,N,000SU,,N,2026,,N
2026,2404,2026-04-01 00:00:00,GMADA,1110103000,3,1555,R,2404,132,,,,,EXPED,3292,2022,19791976.48,D,S,2026-04-01 00:00:00,,,1,Reg.Comp. 299/2025 contruccion,2026-04-01 00:00:00,N,OPP,,N,,,N
2026,2405,2026-04-01 00:00:00,GMADA,1110105000,6,2991,R,2405,110,1,1195,1,1257,,,,300000.0,D,S,2026-04-01 00:00:00,,,1,sonido,2026-04-01 00:00:00,N,TURIS,2026-04-01 00:00:00,N,2026,,N
2026,2406,2026-04-01 00:00:00,GMADA,1110105000,6,2259,R,2406,110,1,1194,1,1258,,,,200000.0,N,S,2026-04-01 00:00:00,,,1,alimentos,2026-04-01 00:00:00,N,TURIS,2026-04-01 00:00:00,N,2026,,N
2026,2407,2026-04-01 00:00:00,GMADA,1110106000,7,50087,R,2407,132,,,,,,,,300000.0,D,S,2026-04-01 00:00:00,,,2,copres,2026-04-01 00:00:00,N,ACCSOC,,N,2026,,N
2026,2408,2026-04-01 00:00:00,GMADA,1110113000,20,50087,R,2408,131,,,,,,,,6000000.0,D,S,2026-04-01 00:00:00,,,2,copres,2026-04-01 00:00:00,N,SECSEG,,N,2026,,N
2026,2409,2026-04-01 00:00:00,GMADA,1110102000,2,50087,R,2409,110,,,,,,,,167360.0,D,S,2026-04-01 00:00:00,,,2,comisiones,2026-04-01 00:00:00,N,ADFIN,,N,2026,,N
2026,2411,2026-04-01 00:00:00,GMADA,1110105000,6,2969,R,2411,110,1,1199,1,1261,,,,2420000.0,D,S,2026-04-01 00:00:00,,,2,serv publicidad,2026-04-01 00:00:00,N,TURIS,2026-04-01 00:00:00,N,2026,,N
2026,2413,2026-04-01 00:00:00,GMADA,1110118000,25,1514,R,2413,132,1,1198,1,1262,,,,4290000.0,A,S,2026-04-01 00:00:00,2026-04-01 00:00:00,ERROR,2,combust,2026-04-01 00:00:00,N,BARU,,N,2026,,N
2026,2414,2026-04-01 00:00:00,GMADA,1110118000,25,1514,R,2414,132,1,1197,1,1263,,,,17160000.0,A,S,2026-04-01 00:00:00,2026-04-01 00:00:00,ERROR,1,gasoil,2026-04-01 00:00:00,N,000SU,,N,2026,,N
2026,2417,2026-04-01 00:00:00,GMADA,1110118000,25,1514,A,2413,132,1,1198,1,1262,,,,-4290000.0,N,S,2026-04-01 00:00:00,2026-04-01 00:00:00,ERROR,2,combust,2026-04-01 00:00:00,N,BARU,,N,2026,,N
2026,2416,2026-04-01 00:00:00,GMADA,1110118000,25,1514,R,2416,132,1,1197,1,1263,,,,17160000.0,D,S,2026-04-01 00:00:00,,,1,gasoil,2026-04-01 00:00:00,N,000SU,2026-04-01 00:00:00,N,2026,,N
2026,2418,2026-04-01 00:00:00,GMADA,1110118000,25,1514,R,2418,132,1,1198,1,1262,,,,4290000.0,D,S,2026-04-01 00:00:00,,,1,gasoil,2026-04-01 00:00:00,N,BARU,2026-04-01 00:00:00,N,2026,,N
2026,2419,2026-04-01 00:00:00,GMADA,1110111000,3,1514,R,2419,131,1,1196,1,1260,,,,10725000.0,D,S,2026-04-01 00:00:00,,,1,gasoil,2026-04-01 00:00:00,N,CAS,2026-04-01 00:00:00,N,2026,,N
2026,507,2026-01-21 00:00:00,GMADA,1110106000,7,33,R,507,110,,,,,,,,2221.58,D,S,2026-01-21 00:00:00,,,1,Reg.Comp. 44/2025 seguros,2026-01-21 00:00:00,N,JARD,2026-01-21 00:00:00,N,,,N
2026,2124,2026-03-20 00:00:00,GMADA,1110104000,5,3426,R,2124,131,,,,,,,,94000.0,D,S,2026-03-20 00:00:00,,,1,Reg.Comp. 7669/2025 honorarios,2026-03-20 00:00:00,N,HOSP,2026-03-20 00:00:00,N,,,N
2026,2127,2026-03-20 00:00:00,GMADA,1110118000,25,1977,R,2127,110,1,1105,1,1160,,,,3547951.96,D,S,2026-03-20 00:00:00,,,1,rep,2026-03-20 00:00:00,N,BARU,2026-03-20 00:00:00,N,2026,,N
2026,2128,2026-03-20 00:00:00,GMADA,1110113000,20,1206,R,2128,110,1,1104,1,1159,,,,610000.0,D,S,2026-03-20 00:00:00,,,1,computadora,2026-03-20 00:00:00,N,SECSEG,,N,2026,,N
2026,1237,2026-02-18 00:00:00,GMADA,1110104000,5,879,R,1237,131,1,649,1,697,,,,9620.0,D,S,2026-02-18 00:00:00,,,1,cemento,2026-02-18 00:00:00,N,TRIA,2026-02-18 00:00:00,N,2026,,N
2026,1499,2026-02-26 00:00:00,GMADA,1110105000,6,3177,A,1203,110,1,640,1,674,,,,-1800000.0,N,S,2026-02-13 00:00:00,2026-02-26 00:00:00,ERROR,1,servs,2026-02-26 00:00:00,N,CULTUR,2026-02-13 00:00:00,N,2026,,N
2026,1240,2026-02-18 00:00:00,GMADA,1110102000,2,50002,R,1240,110,,,,,,,,42134.0,D,S,2026-02-18 00:00:00,,,1,servs,2026-02-18 00:00:00,N,GOBHAC,2026-02-18 00:00:00,N,2026,,N
2026,1242,2026-02-18 00:00:00,GMADA,1110102000,2,50002,R,1242,110,,,,,,,,1726062.36,D,S,2026-02-18 00:00:00,,,1,servs,2026-02-18 00:00:00,N,GOBHAC,2026-02-18 00:00:00,N,2026,,N
2026,1246,2026-02-18 00:00:00,GMADA,1110104000,5,3075,R,1246,131,1,696,1,751,,,,63892.95,D,S,2026-02-18 00:00:00,,,1,arts de limp,2026-02-18 00:00:00,N,INTER,2026-02-18 00:00:00,N,2026,,N
2026,1247,2026-02-18 00:00:00,GMADA,1110109000,13,300,R,1247,110,1,681,1,747,,,,182177.0,D,S,2026-02-18 00:00:00,,,1,arts de ferret,2026-02-18 00:00:00,N,DEP,2026-02-18 00:00:00,N,2026,,N
2026,1248,2026-02-18 00:00:00,GMADA,1110104000,11,2410,R,1248,110,1,682,1,723,,,,60000.0,D,S,2026-02-18 00:00:00,,,1,reparaciones,2026-02-18 00:00:00,N,BROM,2026-02-18 00:00:00,N,2026,,N
2026,1250,2026-02-18 00:00:00,GMADA,1110104000,5,1259,R,1250,131,1,684,1,728,,,,52122.0,D,S,2026-02-18 00:00:00,,,1,arts de elect,2026-02-18 00:00:00,N,COC,2026-02-18 00:00:00,N,2026,,N
2026,1251,2026-02-18 00:00:00,GMADA,1110118000,25,163,R,1251,110,1,686,1,748,,,,1988250.0,D,S,2026-02-18 00:00:00,,,1,reparac de camión,2026-02-18 00:00:00,N,BARU,2026-02-18 00:00:00,N,2026,,N
2026,1252,2026-02-18 00:00:00,GMADA,1110118000,25,2410,R,1252,110,1,688,1,726,,,,950000.0,D,S,2026-02-18 00:00:00,,,2,reparac,2026-02-18 00:00:00,N,000SU,2026-02-18 00:00:00,N,2026,,N
2026,1258,2026-02-18 00:00:00,GMADA,1110104000,5,879,R,1258,131,1,670,1,699,,,,31090.0,D,S,2026-02-18 00:00:00,,,1,materiales de corralón,2026-02-18 00:00:00,N,HOSP,2026-02-18 00:00:00,N,2026,,N
2026,1259,2026-02-18 00:00:00,GMADA,1110104000,5,879,R,1259,131,1,671,1,700,,,,46940.0,D,S,2026-02-18 00:00:00,,,1,materiales de corralón,2026-02-18 00:00:00,N,HOSP,2026-02-18 00:00:00,N,2026,,N
2026,1260,2026-02-18 00:00:00,GMADA,1110104000,5,300,R,1260,131,1,672,1,701,,,,135583.0,D,S,2026-02-18 00:00:00,,,1,arts de ferret,2026-02-18 00:00:00,N,HOSP,2026-02-18 00:00:00,N,2026,,N
2026,1261,2026-02-18 00:00:00,GMADA,1110104000,5,300,R,1261,131,1,676,1,702,,,,253260.0,D,S,2026-02-18 00:00:00,,,1,arts de ferret,2026-02-18 00:00:00,N,HOSP,2026-02-18 00:00:00,N,2026,,N
2026,1262,2026-02-18 00:00:00,GMADA,1110104000,5,300,R,1262,131,1,680,1,703,,,,116910.0,D,S,2026-02-18 00:00:00,,,1,arts de ferret,2026-02-18 00:00:00,N,HOSP,2026-02-18 00:00:00,N,2026,,N
2026,1263,2026-02-18 00:00:00,GMADA,1110104000,5,2627,R,1263,131,1,687,1,704,,,,17600.0,D,S,2026-02-18 00:00:00,,,1,pastas,2026-02-18 00:00:00,N,HOGANC,2026-02-18 00:00:00,N,2026,,N
2026,1264,2026-02-18 00:00:00,GMADA,1110104000,5,2330,R,1264,131,1,690,1,705,,,,6120000.0,D,S,2026-02-18 00:00:00,,,1,comb,2026-02-18 00:00:00,N,HOSP,2026-02-18 00:00:00,N,2026,,N
2026,1265,2026-02-18 00:00:00,GMADA,1110104000,5,850,R,1265,131,1,694,1,706,,,,380739.98,D,S,2026-02-18 00:00:00,,,1,insumos,2026-02-18 00:00:00,N,LAB,2026-02-18 00:00:00,N,2026,,N
2026,1266,2026-02-18 00:00:00,GMADA,1110108000,14,879,R,1266,110,1,692,1,750,,,,52440.0,D,S,2026-02-18 00:00:00,,,1,materiales de corralón,2026-02-18 00:00:00,N,PROD,2026-02-18 00:00:00,N,2026,,N
2026,1267,2026-02-18 00:00:00,GMADA,1110113000,20,2410,R,1267,110,1,655,1,684,,,,120000.0,D,S,2026-02-18 00:00:00,,,1,luces,2026-02-18 00:00:00,N,SECSEG,2026-02-18 00:00:00,N,2026,,N
2026,1269,2026-02-18 00:00:00,GMADA,1110113000,20,1259,R,1269,110,1,656,1,681,,,,8125.6,D,S,2026-02-18 00:00:00,,,1,pilas,2026-02-18 00:00:00,N,SECSEG,2026-02-18 00:00:00,N,2026,,N
2026,1270,2026-02-18 00:00:00,GMADA,1110118000,25,1259,R,1270,110,1,657,1,678,,,,44370.2,D,S,2026-02-18 00:00:00,,,1,arts de elect,2026-02-18 00:00:00,N,000SU,2026-02-18 00:00:00,N,2026,,N
2026,1271,2026-02-18 00:00:00,GMADA,1110104000,5,441,R,1271,131,1,658,1,691,,,,12500.0,D,S,2026-02-18 00:00:00,,,1,sellos,2026-02-18 00:00:00,N,DIR,2026-02-18 00:00:00,N,2026,,N
2026,1272,2026-02-18 00:00:00,GMADA,1110104000,5,441,R,1272,131,1,660,1,690,,,,44296.45,D,S,2026-02-18 00:00:00,,,2,arts de libreria,2026-02-18 00:00:00,N,ESTH,2026-02-18 00:00:00,N,2026,,N
2026,1273,2026-02-18 00:00:00,GMADA,1110113000,20,2410,R,1273,110,1,661,1,686,,,,60000.0,D,S,2026-02-18 00:00:00,,,1,luces,2026-02-18 00:00:00,N,SECSEG,2026-02-18 00:00:00,N,2026,,N
2026,1274,2026-02-18 00:00:00,GMADA,1110113000,20,2410,R,1274,110,1,662,1,683,,,,120000.0,D,S,2026-02-18 00:00:00,,,1,reparac,2026-02-18 00:00:00,N,SECSEG,2026-02-18 00:00:00,N,2026,,N
2026,1275,2026-02-18 00:00:00,GMADA,1110113000,20,3220,R,1275,110,1,663,1,680,,,,440000.0,D,S,2026-02-18 00:00:00,,,1,reparac,2026-02-18 00:00:00,N,SECSEG,2026-02-18 00:00:00,N,2026,,N
2026,1276,2026-02-18 00:00:00,GMADA,1110118000,25,879,R,1276,110,1,664,1,677,,,,100000.0,D,S,2026-02-18 00:00:00,,,1,materiales,2026-02-18 00:00:00,N,18C,2026-02-18 00:00:00,N,2026,,N
2026,1277,2026-02-18 00:00:00,GMADA,1110105000,6,360,R,1277,110,1,665,1,708,,,,140000.0,D,S,2026-02-18 00:00:00,,,1,trabajos de elect,2026-02-18 00:00:00,N,CULTUR,2026-02-18 00:00:00,N,2026,,N
2026,1697,2026-03-04 00:00:00,GMADA,1110117000,24,50410,R,1697,110,,,,,EXPED,3716,2025,64000.0,D,S,2026-03-04 00:00:00,,,1,servs de public,2026-03-04 00:00:00,N,000002,2026-03-04 00:00:00,N,2026,,N
2026,1700,2026-03-04 00:00:00,GMADA,1110104000,5,50280,R,1700,110,,,,,NOTA,3,2026,138799.58,D,S,2026-03-04 00:00:00,,,1,caja chica,2026-03-04 00:00:00,N,HOSP,2026-03-04 00:00:00,N,2026,,N
2026,1701,2026-03-04 00:00:00,GMADA,1110104000,5,50280,R,1701,110,,,,,NOTA,2,2026,246282.89,D,S,2026-03-04 00:00:00,,,1,caja chica,2026-03-04 00:00:00,N,HOSP,2026-03-04 00:00:00,N,2026,,N
2026,1702,2026-03-04 00:00:00,GMADA,1110102000,2,3072,R,1702,110,1,865,1,919,,,,8070000.0,D,S,2026-03-04 00:00:00,,,1,correo,2026-03-04 00:00:00,N,GOBHAC,2026-03-04 00:00:00,N,2026,,N
2026,1703,2026-03-04 00:00:00,GMADA,1110106000,7,50015,R,1703,110,,,,,NOTA,1,2026,54360.0,D,S,2026-03-04 00:00:00,,,1,caja chica,2026-03-04 00:00:00,N,ACCSOC,2026-03-04 00:00:00,N,2026,,N
2026,1704,2026-03-04 00:00:00,GMADA,1110112000,19,1235,R,1704,110,,,,,,,,883975.0,D,S,2026-03-04 00:00:00,,,1,Reg.Comp. 172/2025 alquiler,2026-03-04 00:00:00,N,INGPUB,2026-03-04 00:00:00,N,,,N
2026,1705,2026-03-04 00:00:00,GMADA,1110200000,8,1235,R,1705,110,,,,,,,,242530.0,D,S,2026-03-04 00:00:00,,,1,Reg.Comp. 2899/2025 alquiler,2026-03-04 00:00:00,N,PRESID,2026-03-04 00:00:00,N,,,N
2026,1706,2026-03-04 00:00:00,GMADA,1110106000,7,1235,R,1706,110,,,,,,,,183500.0,D,S,2026-03-04 00:00:00,,,1,Reg.Comp. 6004/2025 alq de equipos,2026-03-04 00:00:00,N,ACCSOC,2026-03-04 00:00:00,N,,,N
2026,1707,2026-03-04 00:00:00,GMADA,1110104000,5,1235,R,1707,131,,,,,,,,485060.0,D,S,2026-03-04 00:00:00,,,1,Reg.Comp. 8685/2025 alquiler de equipos,2026-03-04 00:00:00,N,ADM,2026-03-04 00:00:00,N,,,N
2026,1708,2026-03-04 00:00:00,GMADA,1110117000,24,1235,R,1708,110,,,,,,,,211000.0,D,S,2026-03-04 00:00:00,,,2,Reg.Comp. 6005/2025 alq de equips,2026-03-04 00:00:00,N,000F,2026-03-04 00:00:00,N,,,N
2026,1709,2026-03-04 00:00:00,GMADA,1110102000,2,1235,R,1709,110,,,,,,,,485060.0,D,S,2026-03-04 00:00:00,,,1,Reg.Comp. 173/2025 alquiler,2026-03-04 00:00:00,N,GOBHAC,2026-03-04 00:00:00,N,,,N
2026,1710,2026-03-04 00:00:00,GMADA,1110104000,5,866,R,1710,131,1,851,1,894,,,,4900407.05,D,S,2026-03-04 00:00:00,,,1,medicamentos,2026-03-04 00:00:00,N,FARM,2026-03-04 00:00:00,N,2026,,N
2026,1711,2026-03-04 00:00:00,GMADA,1110104000,5,2408,R,1711,131,1,852,1,896,,,,131969.53,D,S,2026-03-04 00:00:00,,,1,medicamentos,2026-03-04 00:00:00,N,HOSP,2026-03-04 00:00:00,N,2026,,N
2026,1712,2026-03-04 00:00:00,GMADA,1110104000,5,57,R,1712,131,1,853,1,897,,,,19000.0,D,S,2026-03-04 00:00:00,,,1,servs de imp,2026-03-04 00:00:00,N,QUI,2026-03-04 00:00:00,N,2026,,N
2026,1713,2026-03-04 00:00:00,GMADA,1110106000,7,2843,R,1713,132,1,854,1,916,,,,2187500.0,D,S,2026-03-04 00:00:00,,,1,frutas y verds,2026-03-04 00:00:00,N,ACCSOC,2026-03-04 00:00:00,N,2026,,N
2026,1714,2026-03-04 00:00:00,GMADA,1110105000,6,71,R,1714,110,1,857,1,912,,,,7000.0,D,S,2026-03-04 00:00:00,,,1,repuestos,2026-03-04 00:00:00,N,TURIS,2026-03-04 00:00:00,N,2026,,N
2026,1715,2026-03-04 00:00:00,GMADA,1110101000,1,441,R,1715,110,1,858,1,904,,,,1575.0,D,S,2026-03-04 00:00:00,,,1,arts de papelera,2026-03-04 00:00:00,N,INT,2026-03-04 00:00:00,N,2026,,N
2026,1716,2026-03-04 00:00:00,GMADA,1110111000,3,1259,R,1716,131,1,859,1,905,,,,73222.35,D,S,2026-03-04 00:00:00,,,1,arts de elect,2026-03-04 00:00:00,N,CAS,2026-03-04 00:00:00,N,2026,,N
2026,1717,2026-03-04 00:00:00,GMADA,1110104000,5,2958,R,1717,131,1,860,1,906,,,,310500.0,D,S,2026-03-04 00:00:00,,,1,huevos,2026-03-04 00:00:00,N,COC,2026-03-04 00:00:00,N,2026,,N
2026,1718,2026-03-04 00:00:00,GMADA,1110106000,7,90,R,1718,132,1,861,1,907,,,,8042585.0,D,S,2026-03-04 00:00:00,,,1,alimentos,2026-03-04 00:00:00,N,ACCSOC,2026-03-04 00:00:00,N,2026,,N
2026,1719,2026-03-04 00:00:00,GMADA,1110111000,3,688,R,1719,131,1,862,1,908,,,,1109000.0,D,S,2026-03-04 00:00:00,,,1,agua dest,2026-03-04 00:00:00,N,CAS,2026-03-04 00:00:00,N,2026,,N
2026,1720,2026-03-04 00:00:00,GMADA,1110115000,22,2302,R,1720,110,1,864,1,917,,,,119796.0,D,S,2026-03-04 00:00:00,,,1,cartucho,2026-03-04 00:00:00,N,DIRINF,2026-03-04 00:00:00,N,2026,,N
2026,3112,2026-04-30 00:00:00,GMADA,1110106000,7,90,R,3112,132,1,1599,1,1306,,,,99335825.0,D,S,2026-04-30 00:00:00,,,2,Alimentos personas,2026-04-30 00:00:00,N,ACCSOC,2026-04-30 00:00:00,N,2026,,N
2026,1721,2026-03-04 00:00:00,GMADA,1110105000,6,130,R,1721,110,1,863,1,909,,,,45000.0,D,S,2026-03-04 00:00:00,,,1,reparac de motor,2026-03-04 00:00:00,N,TURIS,2026-03-04 00:00:00,N,2026,,N
2026,1740,2026-03-06 00:00:00,GMADA,1110102000,2,2330,D,1211,110,1,638,1,641,,,,-791258.55,D,S,2026-03-09 00:00:00,,,1,Registro generado por Compras,2026-03-06 00:00:00,N,GOB,2026-02-13 00:00:00,N,,,N
2026,1756,2026-03-06 00:00:00,GMADA,1110108000,14,2330,D,1690,110,1,839,1,879,,,,-565540.0,D,S,2026-03-09 00:00:00,,,1,Registro generado por Compras,2026-03-06 00:00:00,N,PROD,2026-03-03 00:00:00,N,,,N
2026,1742,2026-03-06 00:00:00,GMADA,1110102000,2,2330,D,1211,110,1,638,1,641,,,,-980140.0,D,S,2026-03-09 00:00:00,,,1,Registro generado por Compras,2026-03-06 00:00:00,N,GOB,2026-02-13 00:00:00,N,,,N
2026,1743,2026-03-06 00:00:00,GMADA,1110102000,2,2330,D,1211,110,1,638,1,641,,,,-440931.0,D,S,2026-03-09 00:00:00,,,1,Registro generado por Compras,2026-03-06 00:00:00,N,GOB,2026-02-13 00:00:00,N,,,N
2026,1745,2026-03-06 00:00:00,GMADA,1110102000,2,2330,D,1211,110,1,638,1,641,,,,-1000000.0,D,S,2026-03-09 00:00:00,,,1,Registro generado por Compras,2026-03-06 00:00:00,N,GOB,2026-02-13 00:00:00,N,,,N
2026,1744,2026-03-06 00:00:00,GMADA,1110102000,2,2330,D,1211,110,1,638,1,641,,,,-1000000.0,D,S,2026-03-09 00:00:00,,,1,Registro generado por Compras,2026-03-06 00:00:00,N,GOB,2026-02-13 00:00:00,N,,,N
2026,1747,2026-03-06 00:00:00,GMADA,1110102000,2,2330,D,1211,110,1,638,1,641,,,,-9069.0,D,S,2026-03-09 00:00:00,,,1,Registro generado por Compras,2026-03-06 00:00:00,N,GOB,2026-02-13 00:00:00,N,,,N
2026,1746,2026-03-06 00:00:00,GMADA,1110102000,2,2330,D,1211,110,1,638,1,641,,,,-260931.0,D,S,2026-03-09 00:00:00,,,1,Registro generado por Compras,2026-03-06 00:00:00,N,GOB,2026-02-13 00:00:00,N,,,N
2026,1909,2026-03-12 00:00:00,GMADA,1110104000,11,50008,R,1909,110,,,,,,,,198000.0,D,S,2026-03-12 00:00:00,,,1,Generado Automáticamente - Periodo 3/2026 - Tipo/Grupo 2/52,2026-03-12 00:00:00,N,HOSP,,,,,
2026,1757,2026-03-06 00:00:00,GMADA,1110108000,14,2330,D,1690,110,1,839,1,879,,,,-1000000.0,D,S,2026-03-09 00:00:00,,,1,Registro generado por Compras,2026-03-06 00:00:00,N,PROD,2026-03-03 00:00:00,N,,,N
2026,1758,2026-03-06 00:00:00,GMADA,1110108000,14,2330,D,1690,110,1,839,1,879,,,,-26300.0,D,S,2026-03-09 00:00:00,,,1,Registro generado por Compras,2026-03-06 00:00:00,N,PROD,2026-03-03 00:00:00,N,,,N
2026,1905,2026-03-12 00:00:00,GMADA,1110118000,25,2369,R,1905,110,1,998,1,1045,,,,787121.82,D,S,2026-03-12 00:00:00,,,1,repuestos,2026-03-12 00:00:00,N,000SU,2026-03-12 00:00:00,N,2026,,N
2026,1759,2026-03-06 00:00:00,GMADA,1110108000,14,2330,D,1690,110,1,839,1,879,,,,-30000.0,D,S,2026-03-09 00:00:00,,,1,Registro generado por Compras,2026-03-06 00:00:00,N,PROD,2026-03-03 00:00:00,N,,,N
2026,1906,2026-03-12 00:00:00,GMADA,1110118000,25,2595,R,1906,110,1,999,1,1046,,,,51620.0,D,S,2026-03-12 00:00:00,,,1,repuestos,2026-03-12 00:00:00,N,000SU,2026-03-12 00:00:00,N,2026,,N
2026,1907,2026-03-12 00:00:00,GMADA,1110118000,25,2595,R,1907,110,1,1000,1,1047,,,,69420.0,D,S,2026-03-12 00:00:00,,,1,repuestos,2026-03-12 00:00:00,N,000SU,2026-03-12 00:00:00,N,2026,,N
2026,1908,2026-03-12 00:00:00,GMADA,1110102000,2,2259,R,1908,110,1,1007,1,1072,,,,800000.0,N,S,2026-03-12 00:00:00,,,1,alimentos,2026-03-12 00:00:00,N,GOBHAC,2026-03-12 00:00:00,N,2026,,N
2026,1910,2026-03-12 00:00:00,GMADA,1110104000,11,50051,R,1910,110,,,,,,,,23760.0,D,S,2026-03-12 00:00:00,,,1,Generado Automáticamente - Periodo 3/2026 - Tipo/Grupo 2/52,2026-03-12 00:00:00,N,HOSP,,,,,
2026,1911,2026-03-12 00:00:00,GMADA,1110104000,11,50052,R,1911,110,,,,,,,,9504.0,D,S,2026-03-12 00:00:00,,,1,Generado Automáticamente - Periodo 3/2026 - Tipo/Grupo 2/52,2026-03-12 00:00:00,N,HOSP,,,,,
2026,1912,2026-03-12 00:00:00,GMADA,1110106000,7,50008,R,1912,110,,,,,,,,692000.0,D,S,2026-03-12 00:00:00,,,1,Generado Automáticamente - Periodo 3/2026 - Tipo/Grupo 2/52,2026-03-12 00:00:00,N,ACCSOC,,,,,
2026,1913,2026-03-12 00:00:00,GMADA,1110106000,7,50051,R,1913,110,,,,,,,,83040.0,D,S,2026-03-12 00:00:00,,,1,Generado Automáticamente - Periodo 3/2026 - Tipo/Grupo 2/52,2026-03-12 00:00:00,N,ACCSOC,,,,,
2026,1914,2026-03-12 00:00:00,GMADA,1110106000,7,50052,R,1914,110,,,,,,,,33216.0,D,S,2026-03-12 00:00:00,,,1,Generado Automáticamente - Periodo 3/2026 - Tipo/Grupo 2/52,2026-03-12 00:00:00,N,ACCSOC,,,,,
2026,1915,2026-03-12 00:00:00,GMADA,1110109000,13,50008,R,1915,110,,,,,,,,198000.0,D,S,2026-03-12 00:00:00,,,1,Generado Automáticamente - Periodo 3/2026 - Tipo/Grupo 2/52,2026-03-12 00:00:00,N,DEPORT,,,,,
2026,1916,2026-03-12 00:00:00,GMADA,1110109000,13,50051,R,1916,110,,,,,,,,23760.0,D,S,2026-03-12 00:00:00,,,1,Generado Automáticamente - Periodo 3/2026 - Tipo/Grupo 2/52,2026-03-12 00:00:00,N,DEPORT,,,,,
2026,1917,2026-03-12 00:00:00,GMADA,1110109000,13,50052,R,1917,110,,,,,,,,9504.0,D,S,2026-03-12 00:00:00,,,1,Generado Automáticamente - Periodo 3/2026 - Tipo/Grupo 2/52,2026-03-12 00:00:00,N,DEPORT,,,,,
2026,1918,2026-03-12 00:00:00,GMADA,1110111000,3,50008,R,1918,131,,,,,,,,792000.0,D,S,2026-03-12 00:00:00,,,1,Generado Automáticamente - Periodo 3/2026 - Tipo/Grupo 2/52,2026-03-12 00:00:00,N,SEOP,,,,,
2026,1919,2026-03-12 00:00:00,GMADA,1110111000,3,50051,R,1919,131,,,,,,,,95040.0,D,S,2026-03-12 00:00:00,,,1,Generado Automáticamente - Periodo 3/2026 - Tipo/Grupo 2/52,2026-03-12 00:00:00,N,SEOP,,,,,
2026,1920,2026-03-12 00:00:00,GMADA,1110111000,3,50052,R,1920,131,,,,,,,,38016.0,D,S,2026-03-12 00:00:00,,,1,Generado Automáticamente - Periodo 3/2026 - Tipo/Grupo 2/52,2026-03-12 00:00:00,N,SEOP,,,,,
2026,1921,2026-03-12 00:00:00,GMADA,1110118000,25,50008,R,1921,110,,,,,,,,396000.0,D,S,2026-03-12 00:00:00,,,1,Generado Automáticamente - Periodo 3/2026 - Tipo/Grupo 2/52,2026-03-12 00:00:00,N,DECI,,,,,
2026,1922,2026-03-12 00:00:00,GMADA,1110118000,25,50008,R,1922,110,,,,,,,,99000.0,D,S,2026-03-12 00:00:00,,,1,Generado Automáticamente - Periodo 3/2026 - Tipo/Grupo 2/52,2026-03-12 00:00:00,N,00003,,,,,
2026,1923,2026-03-12 00:00:00,GMADA,1110118000,25,50051,R,1923,110,,,,,,,,47520.0,D,S,2026-03-12 00:00:00,,,1,Generado Automáticamente - Periodo 3/2026 - Tipo/Grupo 2/52,2026-03-12 00:00:00,N,DECI,,,,,
2026,1924,2026-03-12 00:00:00,GMADA,1110118000,25,50051,R,1924,110,,,,,,,,11880.0,D,S,2026-03-12 00:00:00,,,1,Generado Automáticamente - Periodo 3/2026 - Tipo/Grupo 2/52,2026-03-12 00:00:00,N,00003,,,,,
2026,1925,2026-03-12 00:00:00,GMADA,1110118000,25,50052,R,1925,110,,,,,,,,4752.0,D,S,2026-03-12 00:00:00,,,1,Generado Automáticamente - Periodo 3/2026 - Tipo/Grupo 2/52,2026-03-12 00:00:00,N,00003,,,,,
2026,1926,2026-03-12 00:00:00,GMADA,1110118000,25,50052,R,1926,110,,,,,,,,19008.0,D,S,2026-03-12 00:00:00,,,1,Generado Automáticamente - Periodo 3/2026 - Tipo/Grupo 2/52,2026-03-12 00:00:00,N,DECI,,,,,
2026,1927,2026-03-12 00:00:00,GMADA,1110118000,25,3336,R,1927,110,1,997,1,1053,,,,780000.0,D,S,2026-03-12 00:00:00,,,1,reparac de camión,2026-03-12 00:00:00,N,000SU,2026-03-12 00:00:00,N,2026,,N
2026,1928,2026-03-12 00:00:00,GMADA,1110118000,25,2595,R,1928,110,1,995,1,1052,,,,234650.0,D,S,2026-03-12 00:00:00,,,1,repuestos,2026-03-12 00:00:00,N,000SU,2026-03-12 00:00:00,N,2026,,N
2026,1929,2026-03-12 00:00:00,GMADA,1110118000,25,3395,R,1929,110,1,1001,1,1054,,,,430000.0,D,S,2026-03-12 00:00:00,,,1,bateria,2026-03-12 00:00:00,N,000SU,2026-03-12 00:00:00,N,2026,,N
2026,1930,2026-03-12 00:00:00,GMADA,1110104000,5,2450,R,1930,131,1,1002,1,1057,,,,3270700.0,D,S,2026-03-12 00:00:00,,,1,frutas y verds,2026-03-12 00:00:00,N,COC,2026-03-12 00:00:00,N,2026,,N
2026,1931,2026-03-12 00:00:00,GMADA,1110108000,14,3564,R,1931,110,1,1003,1,1058,,,,800000.0,N,S,2026-03-12 00:00:00,,,1,servs,2026-03-12 00:00:00,N,PROD,2026-03-12 00:00:00,N,2026,,N
2026,1932,2026-03-12 00:00:00,GMADA,1110104000,5,1440,R,1932,131,1,1004,1,1059,,,,6209745.0,D,S,2026-03-12 00:00:00,,,1,medicamentos,2026-03-12 00:00:00,N,HOSP,2026-03-12 00:00:00,N,2026,,N
2026,1933,2026-03-12 00:00:00,GMADA,1110104000,5,2627,R,1933,131,1,1005,1,1060,,,,60300.0,D,S,2026-03-12 00:00:00,,,1,pastas,2026-03-12 00:00:00,N,COC,2026-03-12 00:00:00,N,2026,,N
2026,1934,2026-03-12 00:00:00,GMADA,1110104000,5,850,R,1934,131,1,1006,1,1061,,,,2698667.97,D,S,2026-03-12 00:00:00,,,1,medicamentos,2026-03-12 00:00:00,N,LAB,2026-03-12 00:00:00,N,2026,,N
2026,1935,2026-03-12 00:00:00,GMADA,1110104000,5,300,R,1935,131,1,1008,1,1066,,,,203112.0,D,S,2026-03-12 00:00:00,,,1,arts de ferret,2026-03-12 00:00:00,N,HOSP,2026-03-12 00:00:00,N,2026,,N
2026,1936,2026-03-12 00:00:00,GMADA,1110104000,5,3165,R,1936,131,1,1009,1,1062,,,,6879680.0,D,S,2026-03-12 00:00:00,,,1,insumos hosps,2026-03-12 00:00:00,N,FARM,2026-03-12 00:00:00,N,2026,,N
2026,1937,2026-03-12 00:00:00,GMADA,1110113000,20,2416,R,1937,110,1,1010,1,1070,,,,3029100.0,A,S,2026-03-12 00:00:00,2026-04-08 00:00:00,ERROR,1,motor p/veh,2026-03-12 00:00:00,N,SECSEG,2026-03-12 00:00:00,N,2026,,N
2026,1938,2026-03-12 00:00:00,GMADA,1110105000,6,2801,R,1938,110,1,1011,1,1071,,,,95000.0,D,S,2026-03-12 00:00:00,,,1,tubo de gas,2026-03-12 00:00:00,N,TURIS,2026-03-12 00:00:00,N,2026,,N
2026,1939,2026-03-12 00:00:00,GMADA,1110104000,5,2627,R,1939,131,1,1012,1,1065,,,,13000.0,D,S,2026-03-12 00:00:00,,,1,empanada,2026-03-12 00:00:00,N,COC,2026-03-12 00:00:00,N,2026,,N
2026,1984,2026-03-13 00:00:00,GMADA,1110108000,14,50008,R,1984,110,,,,,,,,239143.51,D,S,2026-03-13 00:00:00,,,1,Generado Automáticamente - Periodo 2/2026 - Tipo/Grupo 4/todos,2026-03-13 00:00:00,N,PROD,,,,,
2026,1982,2026-03-13 00:00:00,GMADA,1110105000,6,1394,R,1982,110,,,,,EXPED,129,2026,26957788.0,D,S,2026-03-13 00:00:00,,,2,apoyo promocion Rally Argentino,2026-03-13 00:00:00,N,TURIS,2026-03-13 00:00:00,N,2026,,N
2026,1983,2026-03-13 00:00:00,GMADA,1110113000,20,2525,R,1983,131,,,,,EXPED,682,2026,10324295.76,D,S,2026-03-13 00:00:00,,,2,tasas feb/26,2026-03-13 00:00:00,N,SECSEG,,N,2026,,N
2026,1985,2026-03-13 00:00:00,GMADA,1110112000,19,50008,R,1985,110,,,,,,,,261000.35,D,S,2026-03-13 00:00:00,,,1,Generado Automáticamente - Periodo 2/2026 - Tipo/Grupo 4/todos,2026-03-13 00:00:00,N,SECHAC,,,,,
2026,1990,2026-03-13 00:00:00,GMADA,1110113000,20,50449,A,1989,110,,,,,,,,-57800.0,N,S,2026-03-13 00:00:00,2026-03-13 00:00:00,ERROR,1,caja chica seguridad,2026-03-13 00:00:00,N,SECSEG,2026-03-13 00:00:00,N,2026,,N
2026,1988,2026-03-13 00:00:00,GMADA,1110102000,2,50036,R,1988,110,,,,,,,,122860.0,A,S,2026-03-13 00:00:00,2026-03-16 00:00:00,ERROR,3,fact,2026-03-13 00:00:00,N,ADFIN,,N,2026,,N
2026,1989,2026-03-13 00:00:00,GMADA,1110113000,20,50449,R,1989,110,,,,,,,,57800.0,A,S,2026-03-13 00:00:00,2026-03-13 00:00:00,ERROR,1,caja chica seguridad,2026-03-13 00:00:00,N,SECSEG,2026-03-13 00:00:00,N,2026,,N
2026,1991,2026-03-13 00:00:00,GMADA,1110113000,20,50449,R,1991,110,,,,,,,,67800.0,D,S,2026-03-13 00:00:00,,,1,caja chica seguridad,2026-03-13 00:00:00,N,SECSEG,,N,2026,,N
2026,1940,2026-03-12 00:00:00,GMADA,1110113000,20,1879,R,1940,110,1,1014,1,1068,,,,291600.0,D,S,2026-03-12 00:00:00,,,1,repuestos,2026-03-12 00:00:00,N,SECSEG,2026-03-12 00:00:00,N,2026,,N
2026,2129,2026-03-20 00:00:00,GMADA,1110118000,25,803,R,2129,110,1,1097,1,1152,,,,359483.14,D,S,2026-03-20 00:00:00,,,1,aceites,2026-03-20 00:00:00,N,000SU,2026-03-20 00:00:00,N,2026,,N
2026,1941,2026-03-12 00:00:00,GMADA,1110113000,20,1879,R,1941,110,1,1013,1,1069,,,,467800.0,D,S,2026-03-12 00:00:00,,,1,repuestos,2026-03-12 00:00:00,N,SECSEG,2026-03-12 00:00:00,N,2026,,N
2026,1942,2026-03-12 00:00:00,GMADA,1110104000,5,285,R,1942,131,1,1015,1,1063,,,,921363.49,D,S,2026-03-12 00:00:00,,,1,reactivos,2026-03-12 00:00:00,N,LAB,2026-03-12 00:00:00,N,2026,,N
2026,1943,2026-03-12 00:00:00,GMADA,1110113000,20,2595,R,1943,110,1,1016,1,1067,,,,158560.0,D,S,2026-03-12 00:00:00,,,1,repuestos,2026-03-12 00:00:00,N,SECSEG,2026-03-12 00:00:00,N,2026,,N
2026,1944,2026-03-12 00:00:00,GMADA,1110104000,5,1810,R,1944,131,1,1017,1,1064,,,,100000.0,D,S,2026-03-12 00:00:00,,,1,mantenim aire acond,2026-03-12 00:00:00,N,SALA I,2026-03-12 00:00:00,N,2026,,N
2026,1945,2026-03-12 00:00:00,GMADA,1110105000,6,3534,R,1945,110,1,848,1,892,,,,500000.0,N,S,2026-03-12 00:00:00,,,1,servs técnicos,2026-03-12 00:00:00,N,CULTUR,2026-03-12 00:00:00,N,2026,,N
2026,1947,2026-03-12 00:00:00,GMADA,1110112000,19,50087,R,1947,110,,,,,,,,102960.0,D,S,2026-03-12 00:00:00,,,1,copres 11-3,2026-03-12 00:00:00,N,SEHA,2026-03-12 00:00:00,N,2026,,N
2026,1949,2026-03-12 00:00:00,GMADA,1110101000,1,50256,R,1949,131,,,,,EXPED,2361,2025,358750.0,D,S,2026-03-12 00:00:00,,,1,MULTAS,2026-03-12 00:00:00,N,INT,2026-03-12 00:00:00,N,2026,,N
2026,1951,2026-03-12 00:00:00,GMADA,1110108000,14,789,R,1951,110,,,,,,,,1277397.36,D,S,2026-03-12 00:00:00,,,1,gtos ENERO,2026-03-12 00:00:00,N,SECPRO,2026-03-12 00:00:00,N,2026,,N
2026,2657,2026-04-15 00:00:00,GMADA,1110118000,25,803,D,2129,110,1,1097,1,1152,,,,-5608.37,D,S,2026-04-15 00:00:00,,,1,Registro generado por Compras,2026-04-15 00:00:00,N,000SU,2026-03-20 00:00:00,N,,,N
2026,2130,2026-03-20 00:00:00,GMADA,1110104000,5,3322,R,2130,131,1,1098,1,1153,,,,46112.8,D,S,2026-03-20 00:00:00,,,1,elementos de limpieza,2026-03-20 00:00:00,N,LAB,2026-03-20 00:00:00,N,2026,,N
2026,2131,2026-03-20 00:00:00,GMADA,1110103000,3,3542,R,2131,110,1,1106,1,1165,,,,5400000.0,D,S,2026-03-20 00:00:00,,,1,serv de asist,2026-03-20 00:00:00,N,OPP,2026-03-20 00:00:00,N,2026,,N
2026,2132,2026-03-20 00:00:00,GMADA,1110118000,25,428,R,2132,110,1,1100,1,1155,,,,118325.39,D,S,2026-03-20 00:00:00,,,1,horquilla,2026-03-20 00:00:00,N,000SU,2026-03-20 00:00:00,N,2026,,N
2026,2133,2026-03-20 00:00:00,GMADA,1110118000,25,3287,R,2133,110,1,1101,1,1157,,,,207900.0,D,S,2026-03-20 00:00:00,,,1,serv de ploteo,2026-03-20 00:00:00,N,000SU,2026-03-20 00:00:00,N,2026,,N
2026,2134,2026-03-20 00:00:00,GMADA,1110118000,25,2310,R,2134,110,1,1102,1,1156,,,,71384.78,D,S,2026-03-20 00:00:00,,,1,flete,2026-03-20 00:00:00,N,000SU,2026-03-20 00:00:00,N,2026,,N
2026,2135,2026-03-20 00:00:00,GMADA,1110102000,2,2969,R,2135,110,,,,,,,,1829015.99,D,S,2026-03-20 00:00:00,,,2,fact b 0007-02510351/02510350,2026-03-20 00:00:00,N,ADFIN,,N,2026,,N
2026,2142,2026-03-20 00:00:00,GMADA,1110104000,5,3165,R,2142,131,1,1099,1,1154,,,,7192684.39,D,S,2026-03-20 00:00:00,,,1,prod farm,2026-03-20 00:00:00,N,FARM,2026-03-20 00:00:00,N,2026,,N
2026,2143,2026-03-20 00:00:00,GMADA,1110105000,6,50363,R,2143,110,,,,,,,,31222.0,D,S,2026-03-20 00:00:00,,,1,caja chica bellas artes,2026-03-20 00:00:00,N,BA,,N,2026,,N
2026,2145,2026-03-20 00:00:00,GMADA,1110102000,2,50283,R,2145,110,,,,,,,,200000.0,D,S,2026-03-20 00:00:00,,,1,caja chica delegacion,2026-03-20 00:00:00,N,DELRU,2026-03-20 00:00:00,N,2026,,N
2026,3457,2026-05-14 00:00:00,GMADA,1110104000,11,160,R,3457,131,1,1774,1,1829,,,,10257.0,N,S,2026-05-14 00:00:00,,,1,insecticida,2026-05-14 00:00:00,N,COC,2026-05-14 00:00:00,N,2026,,N
2026,3458,2026-05-14 00:00:00,GMADA,1110118000,25,578,R,3458,110,1,1775,1,1825,,,,116029.25,N,S,2026-05-14 00:00:00,,,1,repuestos,2026-05-14 00:00:00,N,000SU,2026-05-14 00:00:00,N,2026,,N
2026,3459,2026-05-14 00:00:00,GMADA,1110108000,14,688,R,3459,110,1,1776,1,1826,,,,36200.0,N,S,2026-05-14 00:00:00,,,1,agua dest,2026-05-14 00:00:00,N,PROD,2026-05-14 00:00:00,N,2026,,N
2026,3460,2026-05-14 00:00:00,GMADA,1110106000,7,169,R,3460,110,1,1777,1,1835,,,,31100.0,N,S,2026-05-14 00:00:00,,,1,arts de limp,2026-05-14 00:00:00,N,GRAN,2026-05-14 00:00:00,N,2026,,N
2026,3461,2026-05-14 00:00:00,GMADA,1110104000,5,2450,R,3461,131,1,1778,1,1847,,,,3005500.0,N,S,2026-05-14 00:00:00,,,1,frutas y verds,2026-05-14 00:00:00,N,COC,2026-05-14 00:00:00,N,2026,,N
2026,3462,2026-05-14 00:00:00,GMADA,1110113000,20,3395,R,3462,110,1,1754,1,1821,,,,592000.0,D,S,2026-05-14 00:00:00,,,1,bateria,2026-05-14 00:00:00,N,SECSEG,2026-05-14 00:00:00,N,2026,,N
2026,3463,2026-05-14 00:00:00,GMADA,1110102000,2,1259,R,3463,110,1,1789,1,1855,,,,323740.2,N,S,2026-05-14 00:00:00,,,1,arts de elect,2026-05-14 00:00:00,N,GOBHAC,2026-05-14 00:00:00,N,2026,,N
2026,3464,2026-05-14 00:00:00,GMADA,1110104000,5,441,R,3464,131,1,1790,1,1852,,,,105420.58,N,S,2026-05-14 00:00:00,,,1,arts de papelera,2026-05-14 00:00:00,N,OSA,2026-05-14 00:00:00,N,2026,,N
2026,3465,2026-05-14 00:00:00,GMADA,1110111000,3,1259,R,3465,131,1,1782,1,1856,,,,105196.0,N,S,2026-05-14 00:00:00,,,1,arts de elect,2026-05-14 00:00:00,N,CAS,2026-05-14 00:00:00,N,2026,,N
2026,3466,2026-05-14 00:00:00,GMADA,1110104000,5,2636,R,3466,131,1,1783,1,1854,,,,516100.0,N,S,2026-05-14 00:00:00,,,1,aberturas,2026-05-14 00:00:00,N,HOSP,2026-05-14 00:00:00,N,2026,,N
2026,3467,2026-05-14 00:00:00,GMADA,1110104000,5,1078,R,3467,131,1,1785,1,1851,,,,195000.0,N,S,2026-05-14 00:00:00,,,1,trabajos de elect,2026-05-14 00:00:00,N,INTER,2026-05-14 00:00:00,N,2026,,N
2026,3468,2026-05-14 00:00:00,GMADA,1110103000,3,193,R,3468,110,1,1793,1,1869,,,,40974628.87,N,S,2026-05-14 00:00:00,,,1,obra de infraest,2026-05-14 00:00:00,N,OPP,2026-05-14 00:00:00,N,2026,,N
2026,3469,2026-05-14 00:00:00,GMADA,1110103000,3,193,R,3469,132,1,1795,1,1866,EXPED,3053,2026,93015096.23,N,S,2026-05-14 00:00:00,,,1,obra,2026-05-14 00:00:00,N,OPP,2026-05-14 00:00:00,N,2026,,N
2026,136,2026-01-12 00:00:00,GMADA,1110106000,7,2843,R,136,132,1,111,1,110,,,,1785000.0,D,S,2026-01-12 00:00:00,,,1,verduras,2026-01-12 00:00:00,N,ACCSOC,,N,2026,,N
2026,2343,2026-03-30 00:00:00,GMADA,1110106000,7,441,R,2343,110,1,1132,1,1186,,,,12760.08,D,S,2026-03-30 00:00:00,,,1,arts de libreria,2026-03-30 00:00:00,N,ACCSOC,2026-03-30 00:00:00,N,2026,,N
2026,2344,2026-03-30 00:00:00,GMADA,1110106000,7,3287,R,2344,110,1,1133,1,1185,,,,10900.0,D,S,2026-03-30 00:00:00,,,1,servs de imp,2026-03-30 00:00:00,N,ACCSOC,2026-03-30 00:00:00,N,2026,,N
2026,2345,2026-03-30 00:00:00,GMADA,1110105000,6,3287,R,2345,110,1,1134,1,1184,,,,467000.0,D,S,2026-03-30 00:00:00,,,1,servs de impresión,2026-03-30 00:00:00,N,TURIS,2026-03-30 00:00:00,N,2026,,N
2026,2346,2026-03-30 00:00:00,GMADA,1110104000,5,2110,R,2346,131,1,1135,1,1183,EXPED,819,2026,3570000.0,N,S,2026-03-30 00:00:00,,,1,plomeria,2026-03-30 00:00:00,N,HOSP,2026-03-30 00:00:00,N,2026,,N
2026,2347,2026-03-30 00:00:00,GMADA,1110104000,5,3184,R,2347,131,1,1136,1,1182,,,,1150035.0,D,S,2026-03-30 00:00:00,,,1,medicamentos,2026-03-30 00:00:00,N,FARM,2026-03-30 00:00:00,N,2026,,N
2026,2348,2026-03-30 00:00:00,GMADA,1110118000,25,3122,R,2348,110,1,1137,1,1196,,,,297605.56,D,S,2026-03-30 00:00:00,,,1,repuestos,2026-03-30 00:00:00,N,000SU,2026-03-30 00:00:00,N,2026,,N
2026,2349,2026-03-30 00:00:00,GMADA,1110118000,25,1514,R,2349,110,1,1138,1,1197,,,,1560800.0,D,S,2026-03-30 00:00:00,,,1,comb,2026-03-30 00:00:00,N,000SU,2026-03-30 00:00:00,N,2026,,N
2026,2350,2026-03-30 00:00:00,GMADA,1110104000,5,776,R,2350,131,1,1139,1,1198,,,,5000.0,D,S,2026-03-30 00:00:00,,,1,parches,2026-03-30 00:00:00,N,HOSP,2026-03-30 00:00:00,N,2026,,N
2026,2351,2026-03-30 00:00:00,GMADA,1110104000,5,2627,R,2351,131,1,1140,1,1199,,,,46000.0,D,S,2026-03-30 00:00:00,,,1,pastas,2026-03-30 00:00:00,N,COC,2026-03-30 00:00:00,N,2026,,N
2026,2212,2026-03-27 00:00:00,GMADA,1110113000,20,688,R,2212,110,1,1129,1,1188,,,,18500.0,D,S,2026-03-27 00:00:00,,,1,filtro habitaculo,2026-03-27 00:00:00,N,SECSEG,,N,2026,,N
2026,2227,2026-03-27 00:00:00,GMADA,1110102000,2,50003,A,2218,110,,,,,,,,-26000.0,N,S,2026-03-27 00:00:00,2026-03-27 00:00:00,ERROR,2,viatico Tomas ARRACHEA,2026-03-27 00:00:00,N,AREAJ,,N,2026,,N
2026,2213,2026-03-27 00:00:00,GMADA,1110106000,7,441,R,2213,132,1,1130,1,1187,,,,27600.03,D,S,2026-03-27 00:00:00,,,1,prod papel,2026-03-27 00:00:00,N,ACCSOC,2026-03-27 00:00:00,N,2026,,N
2026,2214,2026-03-27 00:00:00,GMADA,1110112000,19,441,R,2214,110,1,1131,1,1192,,,,11500.0,D,S,2026-03-27 00:00:00,,,1,calculadora,2026-03-27 00:00:00,N,INTIM,,N,2026,,N
2026,2216,2026-03-27 00:00:00,GMADA,1110106000,7,50031,R,2216,110,,,,,,,,25000.0,D,S,2026-03-27 00:00:00,,,1,subsidio FELIPE Gomez,2026-03-27 00:00:00,N,ACCSOC,2026-03-27 00:00:00,N,2026,,N
2026,2217,2026-03-27 00:00:00,GMADA,1110112000,19,50014,R,2217,110,,,,,,,,22200.0,D,S,2026-03-27 00:00:00,,,1,caja chica contaduria,2026-03-27 00:00:00,N,CONTAD,2026-03-27 00:00:00,N,2026,,N
2026,2218,2026-03-27 00:00:00,GMADA,1110102000,2,50003,R,2218,110,,,,,,,,26000.0,A,S,2026-03-27 00:00:00,2026-03-27 00:00:00,ERROR,2,viatico Tomas ARRACHEA,2026-03-27 00:00:00,N,AREAJ,,N,2026,,N
2026,2219,2026-03-27 00:00:00,GMADA,1110102000,2,50003,R,2219,110,,,,,,,,260000.0,D,S,2026-03-27 00:00:00,,,1,VIATICO Tomas ARRACHEA,2026-03-27 00:00:00,N,AREAJ,2026-03-27 00:00:00,N,2026,,N
2026,2226,2026-03-27 00:00:00,GMADA,1110112000,19,50014,R,2226,110,,,,,,,,56434.1,D,S,2026-03-27 00:00:00,,,3,CAJA CHICA CONTADURIA,2026-03-27 00:00:00,N,SEHA,,N,2026,,N
2026,2228,2026-03-27 00:00:00,GMADA,1110102000,2,50087,R,2228,110,,,,,,,,425983.48,D,S,2026-03-27 00:00:00,,,2,COMISIONES,2026-03-27 00:00:00,N,ADFIN,,N,2026,,N
2026,2229,2026-03-27 00:00:00,GMADA,1110102000,2,50087,R,2229,110,,,,,,,,111047.39,D,S,2026-03-27 00:00:00,,,3,COMISIONES,2026-03-27 00:00:00,N,ADFIN,,N,2026,,N
2026,2230,2026-03-27 00:00:00,GMADA,1110102000,2,50087,R,2230,110,,,,,,,,20417.01,D,S,2026-03-27 00:00:00,,,2,COMISIONES,2026-03-27 00:00:00,N,ADFIN,,N,2026,,N
2026,2352,2026-03-30 00:00:00,GMADA,1110104000,5,527,R,2352,131,1,1141,1,1200,,,,117880.0,D,S,2026-03-30 00:00:00,,,1,insumos,2026-03-30 00:00:00,N,HOSP,2026-03-30 00:00:00,N,2026,,N
2026,2353,2026-03-30 00:00:00,GMADA,1110104000,5,1876,R,2353,131,1,1142,1,1201,,,,2503959.37,D,S,2026-03-30 00:00:00,,,1,medicamentos,2026-03-30 00:00:00,N,FARM,2026-03-30 00:00:00,N,2026,,N
2026,2354,2026-03-30 00:00:00,GMADA,1110104000,5,2770,R,2354,131,1,1143,1,1202,,,,16700.0,D,S,2026-03-30 00:00:00,,,1,insumos de computac,2026-03-30 00:00:00,N,NEUROL,2026-03-30 00:00:00,N,2026,,N
2026,2355,2026-03-30 00:00:00,GMADA,1110104000,5,850,R,2355,131,1,1144,1,1203,,,,784015.89,D,S,2026-03-30 00:00:00,,,1,reactivos,2026-03-30 00:00:00,N,LAB,2026-03-30 00:00:00,N,2026,,N
2026,2356,2026-03-30 00:00:00,GMADA,1110104000,5,850,R,2356,131,1,1145,1,1204,,,,1717529.06,D,S,2026-03-30 00:00:00,,,1,mediacamentos,2026-03-30 00:00:00,N,LAB,2026-03-30 00:00:00,N,2026,,N
2026,2357,2026-03-30 00:00:00,GMADA,1110104000,5,141,R,2357,131,1,1146,1,1206,,,,200628.0,D,S,2026-03-30 00:00:00,,,1,pintura,2026-03-30 00:00:00,N,NEUROL,2026-03-30 00:00:00,N,2026,,N
2026,1948,2026-03-12 00:00:00,GMADA,1110102000,2,3029,A,1021,110,,,,,,,,-200000.01,N,S,2026-02-05 00:00:00,2026-03-12 00:00:00,ERROR,1,Reg.Comp. 436/2025 publicidad,2026-03-12 00:00:00,N,GOB,2026-02-05 00:00:00,N,,,N
2026,1946,2026-03-12 00:00:00,GMADA,1110102000,2,50002,R,1946,110,,,,,,,,58760.42,D,S,2026-03-12 00:00:00,,,2,linea 2267-431053,2026-03-12 00:00:00,N,ADFIN,,N,2026,,N
2026,1953,2026-03-12 00:00:00,GMADA,1110109000,13,50448,A,1952,110,,,,,,,,-288699.95,N,S,2026-03-12 00:00:00,2026-03-12 00:00:00,ERROR,1,caja chica deportes,2026-03-12 00:00:00,N,DEP,,N,2026,,N
2026,2359,2026-03-30 00:00:00,GMADA,1110109000,13,171,R,2359,132,1,1147,1,1207,,,,74300.0,D,S,2026-03-30 00:00:00,,,1,arts de elect,2026-03-30 00:00:00,N,DEP,2026-03-30 00:00:00,N,2026,,N
2026,2360,2026-03-30 00:00:00,GMADA,1110109000,13,441,R,2360,132,1,1148,1,1205,,,,27200.0,D,S,2026-03-30 00:00:00,,,1,arts de papelera,2026-03-30 00:00:00,N,DEP,2026-03-30 00:00:00,N,2026,,N
2026,2362,2026-03-30 00:00:00,GMADA,1110101000,1,50012,R,2362,110,,,,,NOTA,7,2026,119332.66,D,S,2026-03-30 00:00:00,,,1,caja chica,2026-03-30 00:00:00,N,INT,2026-03-30 00:00:00,N,2026,,N
2026,2365,2026-03-30 00:00:00,GMADA,1110102000,2,1962,R,2365,110,1,1154,1,1225,,,,65000.0,D,S,2026-03-30 00:00:00,,,1,CUADROS,2026-03-30 00:00:00,N,PRENS,2026-03-30 00:00:00,N,2026,,N
2026,2668,2026-04-16 00:00:00,GMADA,1110118000,25,1259,R,2668,110,1,1346,1,1371,,,,158905.16,D,S,2026-04-16 00:00:00,,,1,Art electricidad,2026-04-16 00:00:00,N,DECI,2026-04-16 00:00:00,N,2026,,N
2026,2670,2026-04-16 00:00:00,GMADA,1110118000,25,688,R,2670,110,1,1340,1,1367,,,,50600.0,D,S,2026-04-16 00:00:00,,,1,Repuestos vehiculos,2026-04-16 00:00:00,N,000SU,2026-04-16 00:00:00,N,2026,,N
2026,2672,2026-04-16 00:00:00,GMADA,1110103000,3,2208,R,2672,132,1,1334,1,1395,,,,300400.0,A,S,2026-04-16 00:00:00,2026-04-16 00:00:00,ERROR,1,Trabajos electricidad,2026-04-16 00:00:00,N,OPP,2026-04-16 00:00:00,N,2026,,N
2026,2673,2026-04-16 00:00:00,GMADA,1110118000,25,2747,R,2673,110,1,1358,1,1444,,,,8015040.0,D,S,2026-04-16 00:00:00,,,1,Polvo de piedra,2026-04-16 00:00:00,N,000SU,2026-04-16 00:00:00,N,2026,,N
2026,2674,2026-04-16 00:00:00,GMADA,1110105000,6,164,R,2674,110,1,1351,1,1427,,,,110000.0,D,S,2026-04-16 00:00:00,,,1,Trabajos electricista,2026-04-16 00:00:00,N,MUSH,2026-04-16 00:00:00,N,2026,,N
2026,2675,2026-04-16 00:00:00,GMADA,1110105000,6,360,R,2675,132,1,1329,1,1410,,,,230000.0,A,S,2026-04-16 00:00:00,2026-04-16 00:00:00,ERROR,1,Trabajos de electricidad,2026-04-16 00:00:00,N,BA,2026-04-16 00:00:00,N,2026,,N
2026,2677,2026-04-16 00:00:00,GMADA,1110109000,13,2209,R,2677,132,1,1355,1,1447,,,,25269.0,D,S,2026-04-16 00:00:00,,,1,Alimentos personas,2026-04-16 00:00:00,N,DEP,2026-04-16 00:00:00,N,2026,,N
2026,2678,2026-04-16 00:00:00,GMADA,1110109000,13,300,R,2678,110,1,1353,1,1450,,,,534068.0,D,S,2026-04-16 00:00:00,,,1,Art ferreteria,2026-04-16 00:00:00,N,DEP,2026-04-16 00:00:00,N,2026,,N
2026,2679,2026-04-16 00:00:00,GMADA,1110106000,7,2450,R,2679,132,1,1344,1,1370,,,,259200.0,D,S,2026-04-16 00:00:00,,,1,Alimentos personas-verduras-,2026-04-16 00:00:00,N,JARD,,N,2026,,N
2026,1950,2026-03-12 00:00:00,GMADA,1110102000,2,3012,R,1950,110,,,,,,,,1781718.3,D,S,2026-03-12 00:00:00,,,2,fact 040/035,2026-03-12 00:00:00,N,ADFIN,,N,2026,,N
2026,1952,2026-03-12 00:00:00,GMADA,1110109000,13,50448,R,1952,110,,,,,,,,288699.95,A,S,2026-03-12 00:00:00,2026-03-12 00:00:00,ERROR,1,caja chica deportes,2026-03-12 00:00:00,N,DEP,,N,2026,,N
2026,2592,2026-04-14 00:00:00,GMADA,1110102000,2,50008,R,2592,110,,,,,,,,1882712.16,D,S,2026-04-14 00:00:00,,,1,Generado Automáticamente - Periodo 3/2026 - Tipo/Grupo HEX/23,2026-04-14 00:00:00,N,GOBHAC,,,,,
2026,1954,2026-03-12 00:00:00,GMADA,1110109000,13,50448,R,1954,110,,,,,,,,288699.95,D,S,2026-03-12 00:00:00,,,1,caja chica deportes,2026-03-12 00:00:00,N,DEP,2026-03-12 00:00:00,N,2026,,N
2026,2591,2026-04-14 00:00:00,GMADA,1110102000,2,50342,R,2591,132,,,,,EXPED,343,2026,5197841.4,D,S,2026-04-14 00:00:00,,,2,becas MARZO/ABRIL,2026-04-14 00:00:00,N,AREAJ,,N,2026,,N
2026,2593,2026-04-14 00:00:00,GMADA,1110102000,2,50008,R,2593,110,,,,,,,,228183.08,D,S,2026-04-14 00:00:00,,,1,Generado Automáticamente - Periodo 3/2026 - Tipo/Grupo HEX/23,2026-04-14 00:00:00,N,AREAJ,,,,,
2026,2594,2026-04-14 00:00:00,GMADA,1110103000,3,50008,R,2594,110,,,,,,,,302867.44,D,S,2026-04-14 00:00:00,,,1,Generado Automáticamente - Periodo 3/2026 - Tipo/Grupo HEX/23,2026-04-14 00:00:00,N,SECOP,,,,,
2026,2595,2026-04-14 00:00:00,GMADA,1110104000,5,50008,R,2595,110,,,,,,,,90713.92,D,S,2026-04-14 00:00:00,,,1,Generado Automáticamente - Periodo 3/2026 - Tipo/Grupo HEX/23,2026-04-14 00:00:00,N,OSA,,,,,
2026,2596,2026-04-14 00:00:00,GMADA,1110104000,5,50008,R,2596,110,,,,,,,,180028.71,D,S,2026-04-14 00:00:00,,,1,Generado Automáticamente - Periodo 3/2026 - Tipo/Grupo HEX/23,2026-04-14 00:00:00,N,BROM,,,,,
2026,2597,2026-04-14 00:00:00,GMADA,1110104000,5,50008,R,2597,110,,,,,,,,39637146.49,D,S,2026-04-14 00:00:00,,,1,Generado Automáticamente - Periodo 3/2026 - Tipo/Grupo HEX/23,2026-04-14 00:00:00,N,HOSP,,,,,
2026,2598,2026-04-14 00:00:00,GMADA,1110104000,11,50008,R,2598,110,,,,,,,,523363.09,D,S,2026-04-14 00:00:00,,,1,Generado Automáticamente - Periodo 3/2026 - Tipo/Grupo HEX/23,2026-04-14 00:00:00,N,HOSP,,,,,
2026,2599,2026-04-14 00:00:00,GMADA,1110104000,11,50008,R,2599,110,,,,,,,,442338.92,D,S,2026-04-14 00:00:00,,,1,Generado Automáticamente - Periodo 3/2026 - Tipo/Grupo HEX/23,2026-04-14 00:00:00,N,BROM,,,,,
2026,2600,2026-04-14 00:00:00,GMADA,1110105000,6,50008,R,2600,110,,,,,,,,461666.66,D,S,2026-04-14 00:00:00,,,1,Generado Automáticamente - Periodo 3/2026 - Tipo/Grupo HEX/23,2026-04-14 00:00:00,N,CULTUR,,,,,
2026,2601,2026-04-14 00:00:00,GMADA,1110105000,6,50008,R,2601,132,,,,,,,,612685.56,D,S,2026-04-14 00:00:00,,,1,Generado Automáticamente - Periodo 3/2026 - Tipo/Grupo HEX/23,2026-04-14 00:00:00,N,CULTUR,,,,,
2026,2602,2026-04-14 00:00:00,GMADA,1110106000,7,50008,R,2602,110,,,,,,,,67846.38,D,S,2026-04-14 00:00:00,,,1,Generado Automáticamente - Periodo 3/2026 - Tipo/Grupo HEX/23,2026-04-14 00:00:00,N,ACCSOC,,,,,
2026,2603,2026-04-14 00:00:00,GMADA,1110106000,7,50008,R,2603,132,,,,,,,,34813.21,D,S,2026-04-14 00:00:00,,,1,Generado Automáticamente - Periodo 3/2026 - Tipo/Grupo HEX/23,2026-04-14 00:00:00,N,ACCSOC,,,,,
2026,2604,2026-04-14 00:00:00,GMADA,1110108000,14,50008,R,2604,110,,,,,,,,463335.77,D,S,2026-04-14 00:00:00,,,1,Generado Automáticamente - Periodo 3/2026 - Tipo/Grupo HEX/23,2026-04-14 00:00:00,N,PROD,,,,,
2026,2605,2026-04-14 00:00:00,GMADA,1110109000,13,50008,R,2605,110,,,,,,,,3940785.8,D,S,2026-04-14 00:00:00,,,1,Generado Automáticamente - Periodo 3/2026 - Tipo/Grupo HEX/23,2026-04-14 00:00:00,N,DEPORT,,,,,
2026,2606,2026-04-14 00:00:00,GMADA,1110109000,13,50008,R,2606,132,,,,,,,,1296275.8,D,S,2026-04-14 00:00:00,,,1,Generado Automáticamente - Periodo 3/2026 - Tipo/Grupo HEX/23,2026-04-14 00:00:00,N,DEPORT,,,,,
2026,2607,2026-04-14 00:00:00,GMADA,1110111000,3,50008,R,2607,131,,,,,,,,5248158.21,D,S,2026-04-14 00:00:00,,,1,Generado Automáticamente - Periodo 3/2026 - Tipo/Grupo HEX/23,2026-04-14 00:00:00,N,SEOP,,,,,
2026,2608,2026-04-14 00:00:00,GMADA,1110112000,19,50008,R,2608,110,,,,,,,,557379.99,D,S,2026-04-14 00:00:00,,,1,Generado Automáticamente - Periodo 3/2026 - Tipo/Grupo HEX/23,2026-04-14 00:00:00,N,SECHAC,,,,,
2026,2609,2026-04-14 00:00:00,GMADA,1110113000,20,50008,R,2609,110,,,,,,,,6825999.51,D,S,2026-04-14 00:00:00,,,1,Generado Automáticamente - Periodo 3/2026 - Tipo/Grupo HEX/23,2026-04-14 00:00:00,N,SECSEG,,,,,
2026,2610,2026-04-14 00:00:00,GMADA,1110115000,22,50008,R,2610,110,,,,,,,,284340.31,D,S,2026-04-14 00:00:00,,,1,Generado Automáticamente - Periodo 3/2026 - Tipo/Grupo HEX/23,2026-04-14 00:00:00,N,SECGRA,,,,,
2026,2611,2026-04-14 00:00:00,GMADA,1110118000,25,50008,R,2611,110,,,,,,,,4547015.16,D,S,2026-04-14 00:00:00,,,1,Generado Automáticamente - Periodo 3/2026 - Tipo/Grupo HEX/23,2026-04-14 00:00:00,N,DECI,,,,,
2026,2612,2026-04-14 00:00:00,GMADA,1110118000,25,50008,R,2612,110,,,,,,,,20797981.94,D,S,2026-04-14 00:00:00,,,1,Generado Automáticamente - Periodo 3/2026 - Tipo/Grupo HEX/23,2026-04-14 00:00:00,N,00003,,,,,
2026,2613,2026-04-14 00:00:00,GMADA,1110118000,25,50008,R,2613,110,,,,,,,,4714073.0,D,S,2026-04-14 00:00:00,,,1,Generado Automáticamente - Periodo 3/2026 - Tipo/Grupo HEX/23,2026-04-14 00:00:00,N,BARU,,,,,
2026,2614,2026-04-14 00:00:00,GMADA,1110118000,25,50008,R,2614,110,,,,,,,,1365964.41,D,S,2026-04-14 00:00:00,,,1,Generado Automáticamente - Periodo 3/2026 - Tipo/Grupo HEX/23,2026-04-14 00:00:00,N,MEAM,,,,,
2026,2615,2026-04-14 00:00:00,GMADA,1110106000,7,1603,A,2587,132,1,1299,1,1361,,,,-168000.0,N,S,2026-04-13 00:00:00,2026-04-14 00:00:00,ERROR,1,pan,2026-04-14 00:00:00,N,ACCSOC,,N,2026,,N
2026,2616,2026-04-14 00:00:00,GMADA,1110106000,7,1603,R,2616,132,1,1299,1,1361,,,,168000.0,D,S,2026-04-14 00:00:00,,,1,PAN,2026-04-14 00:00:00,N,ACCSOC,,N,2026,,N
2026,2617,2026-04-14 00:00:00,GMADA,1110103000,3,3226,R,2617,110,1,1301,1,1398,,,,861746.03,D,S,2026-04-14 00:00:00,,,1,REP,2026-04-14 00:00:00,N,OPP,,N,2026,,N
2026,2618,2026-04-14 00:00:00,GMADA,1110111000,3,50087,R,2618,131,,,,,,,,280000.0,D,S,2026-04-14 00:00:00,,,2,COPRES,2026-04-14 00:00:00,N,CAS,,N,2026,,N
2026,2619,2026-04-14 00:00:00,GMADA,1110113000,20,50087,R,2619,110,,,,,,,,6000000.0,D,S,2026-04-14 00:00:00,,,2,COPRES,2026-04-14 00:00:00,N,SECSEG,,N,2026,,N
2026,2620,2026-04-14 00:00:00,GMADA,1110104000,5,50087,R,2620,131,,,,,,,,1488000.0,D,S,2026-04-14 00:00:00,,,2,COPRES,2026-04-14 00:00:00,N,ADMI,,N,2026,,N
2026,2764,2026-04-17 00:00:00,GMADA,1110102000,2,50008,R,2764,110,,,,,,,,93670.0,D,S,2026-04-17 00:00:00,,,1,Generado Automáticamente - Periodo 4/2026 - Tipo/Grupo 52/7,2026-04-17 00:00:00,N,ARCHG,,,,,
2026,2621,2026-04-14 00:00:00,GMADA,1110106000,7,50087,R,2621,131,,,,,,,,300000.0,D,S,2026-04-14 00:00:00,,,2,COPRES,2026-04-14 00:00:00,N,ACCSOC,,N,2026,,N
2026,2622,2026-04-14 00:00:00,GMADA,1110102000,2,50087,R,2622,110,,,,,,,,161360.0,D,S,2026-04-14 00:00:00,,,2,COPRES,2026-04-14 00:00:00,N,ADFIN,,N,2026,,N
2026,2765,2026-04-17 00:00:00,GMADA,1110102000,2,50008,R,2765,110,,,,,,,,257640.0,D,S,2026-04-17 00:00:00,,,1,Generado Automáticamente - Periodo 4/2026 - Tipo/Grupo 52/7,2026-04-17 00:00:00,N,GOBHAC,,,,,
2026,2766,2026-04-17 00:00:00,GMADA,1110102000,2,50008,R,2766,110,,,,,,,,70300.0,D,S,2026-04-17 00:00:00,,,1,Generado Automáticamente - Periodo 4/2026 - Tipo/Grupo 52/7,2026-04-17 00:00:00,N,GOB,,,,,
2026,2767,2026-04-17 00:00:00,GMADA,1110102000,2,50051,R,2767,110,,,,,,,,8436.0,D,S,2026-04-17 00:00:00,,,1,Generado Automáticamente - Periodo 4/2026 - Tipo/Grupo 52/7,2026-04-17 00:00:00,N,GOB,,,,,
2026,2768,2026-04-17 00:00:00,GMADA,1110102000,2,50051,R,2768,110,,,,,,,,11240.4,D,S,2026-04-17 00:00:00,,,1,Generado Automáticamente - Periodo 4/2026 - Tipo/Grupo 52/7,2026-04-17 00:00:00,N,ARCHG,,,,,
2026,2769,2026-04-17 00:00:00,GMADA,1110102000,2,50051,R,2769,110,,,,,,,,30916.8,D,S,2026-04-17 00:00:00,,,1,Generado Automáticamente - Periodo 4/2026 - Tipo/Grupo 52/7,2026-04-17 00:00:00,N,GOBHAC,,,,,
2026,2770,2026-04-17 00:00:00,GMADA,1110102000,2,50052,R,2770,110,,,,,,,,12366.72,D,S,2026-04-17 00:00:00,,,1,Generado Automáticamente - Periodo 4/2026 - Tipo/Grupo 52/7,2026-04-17 00:00:00,N,GOBHAC,,,,,
2026,2771,2026-04-17 00:00:00,GMADA,1110102000,2,50052,R,2771,110,,,,,,,,4496.16,D,S,2026-04-17 00:00:00,,,1,Generado Automáticamente - Periodo 4/2026 - Tipo/Grupo 52/7,2026-04-17 00:00:00,N,ARCHG,,,,,
2026,2772,2026-04-17 00:00:00,GMADA,1110102000,2,50052,R,2772,110,,,,,,,,3374.4,D,S,2026-04-17 00:00:00,,,1,Generado Automáticamente - Periodo 4/2026 - Tipo/Grupo 52/7,2026-04-17 00:00:00,N,GOB,,,,,
2026,2773,2026-04-17 00:00:00,GMADA,1110106000,7,50008,R,2773,110,,,,,,,,208240.0,D,S,2026-04-17 00:00:00,,,1,Generado Automáticamente - Periodo 4/2026 - Tipo/Grupo 52/7,2026-04-17 00:00:00,N,ACCSOC,,,,,
2026,2774,2026-04-17 00:00:00,GMADA,1110106000,7,50051,R,2774,110,,,,,,,,24988.8,D,S,2026-04-17 00:00:00,,,1,Generado Automáticamente - Periodo 4/2026 - Tipo/Grupo 52/7,2026-04-17 00:00:00,N,ACCSOC,,,,,
2026,2775,2026-04-17 00:00:00,GMADA,1110106000,7,50052,R,2775,110,,,,,,,,9995.52,D,S,2026-04-17 00:00:00,,,1,Generado Automáticamente - Periodo 4/2026 - Tipo/Grupo 52/7,2026-04-17 00:00:00,N,ACCSOC,,,,,
2026,2776,2026-04-17 00:00:00,GMADA,1110106000,7,50008,R,2776,132,,,,,,,,52250.0,D,S,2026-04-17 00:00:00,,,1,Generado Automáticamente - Periodo 4/2026 - Tipo/Grupo 52/7,2026-04-17 00:00:00,N,ACCSOC,,,,,
2026,2777,2026-04-17 00:00:00,GMADA,1110106000,7,50051,R,2777,132,,,,,,,,6270.0,D,S,2026-04-17 00:00:00,,,1,Generado Automáticamente - Periodo 4/2026 - Tipo/Grupo 52/7,2026-04-17 00:00:00,N,ACCSOC,,,,,
2026,2778,2026-04-17 00:00:00,GMADA,1110106000,7,50052,R,2778,132,,,,,,,,2508.0,D,S,2026-04-17 00:00:00,,,1,Generado Automáticamente - Periodo 4/2026 - Tipo/Grupo 52/7,2026-04-17 00:00:00,N,ACCSOC,,,,,
2026,2779,2026-04-17 00:00:00,GMADA,1110112000,19,50008,R,2779,110,,,,,,,,454860.0,D,S,2026-04-17 00:00:00,,,1,Generado Automáticamente - Periodo 4/2026 - Tipo/Grupo 52/7,2026-04-17 00:00:00,N,SECHAC,,,,,
2026,2780,2026-04-17 00:00:00,GMADA,1110112000,19,50051,R,2780,110,,,,,,,,54583.2,D,S,2026-04-17 00:00:00,,,1,Generado Automáticamente - Periodo 4/2026 - Tipo/Grupo 52/7,2026-04-17 00:00:00,N,SECHAC,,,,,
2026,2781,2026-04-17 00:00:00,GMADA,1110112000,19,50052,R,2781,110,,,,,,,,21833.28,D,S,2026-04-17 00:00:00,,,1,Generado Automáticamente - Periodo 4/2026 - Tipo/Grupo 52/7,2026-04-17 00:00:00,N,SECHAC,,,,,
2026,2782,2026-04-17 00:00:00,GMADA,1110113000,20,50008,R,2782,110,,,,,,,,67640.0,D,S,2026-04-17 00:00:00,,,1,Generado Automáticamente - Periodo 4/2026 - Tipo/Grupo 52/7,2026-04-17 00:00:00,N,SECSEG,,,,,
2026,2783,2026-04-17 00:00:00,GMADA,1110113000,20,50051,R,2783,110,,,,,,,,8116.8,D,S,2026-04-17 00:00:00,,,1,Generado Automáticamente - Periodo 4/2026 - Tipo/Grupo 52/7,2026-04-17 00:00:00,N,SECSEG,,,,,
2026,2784,2026-04-17 00:00:00,GMADA,1110113000,20,50052,R,2784,110,,,,,,,,3246.72,D,S,2026-04-17 00:00:00,,,1,Generado Automáticamente - Periodo 4/2026 - Tipo/Grupo 52/7,2026-04-17 00:00:00,N,SECSEG,,,,,
2026,2785,2026-04-17 00:00:00,GMADA,1110118000,25,50008,R,2785,110,,,,,,,,127110.0,D,S,2026-04-17 00:00:00,,,1,Generado Automáticamente - Periodo 4/2026 - Tipo/Grupo 52/7,2026-04-17 00:00:00,N,00003,,,,,
2026,2786,2026-04-17 00:00:00,GMADA,1110118000,25,50051,R,2786,110,,,,,,,,15253.2,D,S,2026-04-17 00:00:00,,,1,Generado Automáticamente - Periodo 4/2026 - Tipo/Grupo 52/7,2026-04-17 00:00:00,N,00003,,,,,
2026,2787,2026-04-17 00:00:00,GMADA,1110118000,25,50052,R,2787,110,,,,,,,,6101.28,D,S,2026-04-17 00:00:00,,,1,Generado Automáticamente - Periodo 4/2026 - Tipo/Grupo 52/7,2026-04-17 00:00:00,N,00003,,,,,
2026,2793,2026-04-17 00:00:00,GMADA,1110104000,5,50003,R,2793,110,,,,,,,,1269000.0,D,S,2026-04-17 00:00:00,,,2,"viaticos ZOtta,medina,fagundez,carrizo.echeveguren,bello,Proto.LOPEZ,SALA.RUIZ,FERNANDEZ,heredia,",2026-04-17 00:00:00,N,ADMI,,N,2026,,N
2026,2794,2026-04-17 00:00:00,GMADA,1110118000,25,50003,R,2794,110,,,,,,,,1076600.0,D,S,2026-04-17 00:00:00,,,2,viaticos obredor,2026-04-17 00:00:00,N,00003,,N,2026,,N
2026,1164,2026-02-13 00:00:00,GMADA,1110102000,2,50008,R,1164,110,,,,,,,,1798221.39,D,S,2026-02-13 00:00:00,,,1,Generado Automáticamente - Periodo 2/2026 - Tipo/Grupo HEX/23,2026-02-13 00:00:00,N,GOBHAC,,,,,
2026,384,2026-01-16 00:00:00,GMADA,1110109000,13,708,R,384,110,1,265,1,291,,,,6487.0,D,S,2026-01-16 00:00:00,,,1,SEG,2026-01-16 00:00:00,N,DEP,,N,2026,,N
2026,387,2026-01-16 00:00:00,GMADA,1110102000,2,50002,R,387,110,,,,,,,,40841.06,D,S,2026-01-16 00:00:00,,,2,FACT 2503-15539535,2026-01-16 00:00:00,N,ADFIN,,N,2026,,N
2026,388,2026-01-16 00:00:00,GMADA,1110111000,3,707,R,388,131,,,,,,,,12480.0,D,S,2026-01-16 00:00:00,,,2,SEG,2026-01-16 00:00:00,N,CAS,,N,2026,,N
2026,389,2026-01-16 00:00:00,GMADA,1110102000,2,707,R,389,110,,,,,,,,996752.9,D,S,2026-01-16 00:00:00,,,2,SEG,2026-01-16 00:00:00,N,ADFIN,,N,2026,,N
2026,392,2026-01-16 00:00:00,GMADA,1110112000,19,50063,R,392,110,,,,,,,,578118.5,D,S,2026-01-16 00:00:00,,,3,COMISIONES,2026-01-16 00:00:00,N,SEHA,,N,2026,,N
2026,628,2026-01-26 00:00:00,GMADA,1110104000,5,850,R,628,131,1,425,1,459,,,,3014545.68,D,S,2026-01-26 00:00:00,,,2,insumos hosps,2026-01-26 00:00:00,N,LAB,2026-01-26 00:00:00,N,2026,,N
2026,629,2026-01-26 00:00:00,GMADA,1110104000,5,850,R,629,131,1,426,1,458,,,,580578.24,D,S,2026-01-26 00:00:00,,,2,insumos hosps,2026-01-26 00:00:00,N,LAB,2026-01-26 00:00:00,N,2026,,N
2026,630,2026-01-26 00:00:00,GMADA,1110104000,5,3322,R,630,131,1,427,1,460,,,,468217.53,D,S,2026-01-26 00:00:00,,,2,arts de limp,2026-01-26 00:00:00,N,HOSP,2026-01-26 00:00:00,N,2026,,N
2026,631,2026-01-26 00:00:00,GMADA,1110104000,5,3322,R,631,131,1,428,1,461,,,,782439.72,D,S,2026-01-26 00:00:00,,,2,arts de limp,2026-01-26 00:00:00,N,HOSP,2026-01-26 00:00:00,N,2026,,N
2026,632,2026-01-26 00:00:00,GMADA,1110104000,5,2878,R,632,131,1,429,1,462,,,,200000.0,D,S,2026-01-26 00:00:00,,,2,cerrajeria,2026-01-26 00:00:00,N,INTER,2026-01-26 00:00:00,N,2026,,N
2026,633,2026-01-26 00:00:00,GMADA,1110118000,25,1267,R,633,110,1,411,1,429,,,,293402.0,D,S,2026-01-26 00:00:00,,,2,repuestos,2026-01-26 00:00:00,N,000SU,2026-01-26 00:00:00,N,2026,,N
2026,634,2026-01-26 00:00:00,GMADA,1110112000,19,1259,R,634,110,1,410,1,428,,,,19390.0,D,S,2026-01-26 00:00:00,,,2,arts de elect,2026-01-26 00:00:00,N,SECHAC,2026-01-26 00:00:00,N,2026,,N
2026,635,2026-01-26 00:00:00,GMADA,1110111000,3,33,R,635,131,1,412,1,436,,,,34567.97,D,S,2026-01-26 00:00:00,,,2,seguro,2026-01-26 00:00:00,N,CAS,2026-01-26 00:00:00,N,2026,,N
2026,636,2026-01-26 00:00:00,GMADA,1110108000,14,688,R,636,110,1,413,1,437,,,,94000.0,D,S,2026-01-26 00:00:00,,,2,mano de obra,2026-01-26 00:00:00,N,PROD,2026-01-26 00:00:00,N,2026,,N
2026,637,2026-01-26 00:00:00,GMADA,1110113000,20,195,R,637,110,1,406,1,427,,,,307168.55,D,S,2026-01-26 00:00:00,,,2,cable,2026-01-26 00:00:00,N,SECSEG,2026-01-26 00:00:00,N,2026,,N
2026,638,2026-01-26 00:00:00,GMADA,1110104000,5,688,R,638,131,1,414,1,441,,,,53800.0,D,S,2026-01-26 00:00:00,,,2,filtros y aceites,2026-01-26 00:00:00,N,HOSP,2026-01-26 00:00:00,N,2026,,N
2026,639,2026-01-26 00:00:00,GMADA,1110106000,7,1586,R,639,132,1,415,1,442,,,,75499.0,A,S,2026-01-26 00:00:00,2026-01-27 00:00:00,ERROR,2,maquina de cortar cabello,2026-01-26 00:00:00,N,ENV,2026-01-26 00:00:00,N,2026,,N
2026,640,2026-01-26 00:00:00,GMADA,1110104000,5,57,R,640,131,1,416,1,443,,,,74000.0,D,S,2026-01-26 00:00:00,,,2,serv de impresión,2026-01-26 00:00:00,N,HOSP,2026-01-26 00:00:00,N,2026,,N
2026,2035,2026-03-16 00:00:00,GMADA,1110104000,5,167,R,2035,131,1,1044,1,1104,,,,536900.0,D,S,2026-03-16 00:00:00,,,1,pollo,2026-03-16 00:00:00,N,HOGANC,2026-03-16 00:00:00,N,2026,,N
2026,2233,2026-03-30 00:00:00,GMADA,1110101000,1,50008,R,2233,110,,,,,,,,8434419.74,D,S,2026-03-30 00:00:00,,,1,Generado Automáticamente - Periodo 3/2026 - Tipo/Grupo 9/1,2026-03-30 00:00:00,N,INT,,,,,
2026,2037,2026-03-16 00:00:00,GMADA,1110102000,2,50002,R,2037,110,,,,,,,,43567.08,D,S,2026-03-16 00:00:00,,,2,servs,2026-03-16 00:00:00,N,GOBHAC,,N,2026,,N
2026,2038,2026-03-16 00:00:00,GMADA,1110104000,5,167,R,2038,131,1,1047,1,1105,,,,970305.0,D,S,2026-03-16 00:00:00,,,1,pollo,2026-03-16 00:00:00,N,HOSP,2026-03-16 00:00:00,N,2026,,N
2026,2039,2026-03-16 00:00:00,GMADA,1110104000,5,2595,R,2039,131,1,1050,1,1106,,,,75210.0,D,S,2026-03-16 00:00:00,,,1,repuestos,2026-03-16 00:00:00,N,HOSP,2026-03-16 00:00:00,N,2026,,N
2026,2146,2026-03-25 00:00:00,GMADA,1110104000,5,612,R,2146,131,1,1107,1,1163,,,,40800.0,D,S,2026-03-25 00:00:00,,,1,cartucho,2026-03-25 00:00:00,N,ESTH,2026-03-25 00:00:00,N,2026,,N
2026,2147,2026-03-25 00:00:00,GMADA,1110104000,5,2209,R,2147,131,1,1108,1,1164,,,,134576.0,D,S,2026-03-25 00:00:00,,,1,aliementos,2026-03-25 00:00:00,N,COC,2026-03-25 00:00:00,N,2026,,N
2026,2148,2026-03-25 00:00:00,GMADA,1110104000,11,160,R,2148,110,1,1109,1,1166,,,,137978.1,D,S,2026-03-25 00:00:00,,,1,medicamentos,2026-03-25 00:00:00,N,BROM,2026-03-25 00:00:00,N,2026,,N
2026,2149,2026-03-25 00:00:00,GMADA,1110104000,5,3322,R,2149,131,1,1110,1,1167,,,,527339.43,D,S,2026-03-25 00:00:00,,,1,arts de limp,2026-03-25 00:00:00,N,LAV,,N,2026,,N
2026,2150,2026-03-25 00:00:00,GMADA,1110104000,5,57,R,2150,131,1,1111,1,1168,,,,80000.0,D,S,2026-03-25 00:00:00,,,1,sevs de imp,2026-03-25 00:00:00,N,HEMO,2026-03-25 00:00:00,N,2026,,N
2026,2151,2026-03-25 00:00:00,GMADA,1110118000,25,413,R,2151,110,1,1112,1,1170,,,,737000.0,D,S,2026-03-25 00:00:00,,,1,parches,2026-03-25 00:00:00,N,000SU,2026-03-25 00:00:00,N,2026,,N
2026,2152,2026-03-25 00:00:00,GMADA,1110112000,19,216,R,2152,110,1,1113,1,1169,,,,336000.0,D,S,2026-03-25 00:00:00,,,1,bolsas de residuos,2026-03-25 00:00:00,N,CONTRA,2026-03-25 00:00:00,N,2026,,N
2026,2153,2026-03-25 00:00:00,GMADA,1110118000,25,1960,R,2153,110,1,1114,1,1171,,,,150000.0,D,S,2026-03-25 00:00:00,,,1,reparac de camión,2026-03-25 00:00:00,N,000SU,2026-03-25 00:00:00,N,2026,,N
2026,2154,2026-03-25 00:00:00,GMADA,1110118000,25,3337,R,2154,110,1,1115,1,1172,,,,507363.0,D,S,2026-03-25 00:00:00,,,1,reparac y repuestos,2026-03-25 00:00:00,N,000SU,2026-03-25 00:00:00,N,2026,,N
2026,2155,2026-03-25 00:00:00,GMADA,1110105000,6,2753,R,2155,110,1,1096,1,1162,,,,350000.0,D,S,2026-03-25 00:00:00,,,1,serv de sonido,2026-03-25 00:00:00,N,CULTUR,2026-03-25 00:00:00,N,2026,,N
2026,2156,2026-03-25 00:00:00,GMADA,1110111000,3,2337,R,2156,131,1,1116,1,1174,,,,5381234.0,D,S,2026-03-25 00:00:00,,,1,honorarios,2026-03-25 00:00:00,N,CAS,2026-03-25 00:00:00,N,2026,,N
2026,2157,2026-03-25 00:00:00,GMADA,1110111000,3,3297,R,2157,131,1,1117,1,1175,,,,489000.0,D,S,2026-03-25 00:00:00,,,1,bomba hid.,2026-03-25 00:00:00,N,CAS,2026-03-25 00:00:00,N,2026,,N
2026,2158,2026-03-25 00:00:00,GMADA,1110117000,24,57,R,2158,110,1,1118,1,1173,,,,98000.0,D,S,2026-03-25 00:00:00,,,1,servs de imp,2026-03-25 00:00:00,N,000J,2026-03-25 00:00:00,N,2026,,N
2026,2161,2026-03-25 00:00:00,GMADA,1110106000,7,50031,R,2161,110,,,,,,,,162500.0,D,S,2026-03-25 00:00:00,,,2,"Gomez Aranda, Vegas, Ceballos",2026-03-25 00:00:00,N,ACCSOC,,N,2026,,N
2026,2162,2026-03-25 00:00:00,GMADA,1110102000,2,50283,R,2162,110,,,,,,,,45000.0,D,S,2026-03-25 00:00:00,,,1,caja chica,2026-03-25 00:00:00,N,DELRU,2026-03-25 00:00:00,N,2026,,N
2026,2215,2026-03-27 00:00:00,GMADA,1110106000,7,50015,R,2215,110,,,,,NOTA,8,2026,183000.0,A,S,2026-03-27 00:00:00,2026-04-06 00:00:00,ERROR,1,caja chica,2026-03-27 00:00:00,N,ACCSOC,2026-03-27 00:00:00,N,2026,,N
2026,2220,2026-03-27 00:00:00,GMADA,1110111000,3,50087,R,2220,131,,,,,,,,280000.0,D,S,2026-03-27 00:00:00,,,1,copres 25-3,2026-03-27 00:00:00,N,CAS,2026-03-27 00:00:00,N,2026,,N
2026,2221,2026-03-27 00:00:00,GMADA,1110113000,20,50087,R,2221,131,,,,,,,,5500000.0,D,S,2026-03-27 00:00:00,,,1,copres 25-3,2026-03-27 00:00:00,N,SECSEG,2026-03-27 00:00:00,N,2026,,N
2026,2222,2026-03-27 00:00:00,GMADA,1110104000,5,50087,R,2222,131,,,,,,,,1488000.0,D,S,2026-03-27 00:00:00,,,1,copres 25-3,2026-03-27 00:00:00,N,HOSP,2026-03-27 00:00:00,N,2026,,N
2026,2223,2026-03-27 00:00:00,GMADA,1110106000,7,50087,R,2223,132,,,,,,,,200000.0,D,S,2026-03-27 00:00:00,,,1,copres,2026-03-27 00:00:00,N,ACCSOC,2026-03-27 00:00:00,N,2026,,N
2026,2224,2026-03-27 00:00:00,GMADA,1110109000,13,50087,R,2224,110,,,,,,,,170000.0,D,S,2026-03-27 00:00:00,,,1,copres 25-3,2026-03-27 00:00:00,N,DEP,2026-03-27 00:00:00,N,2026,,N
2026,2225,2026-03-27 00:00:00,GMADA,1110112000,19,50087,R,2225,110,,,,,,,,152760.0,D,S,2026-03-27 00:00:00,,,1,copres 25-3,2026-03-27 00:00:00,N,SEHA,2026-03-27 00:00:00,N,2026,,N
2026,2231,2026-03-30 00:00:00,GMADA,1110112000,19,50063,R,2231,110,,,,,,,,7970.56,D,S,2026-03-30 00:00:00,,,2,comisiones,2026-03-30 00:00:00,N,TESOR,,N,2026,,N
2026,2232,2026-03-30 00:00:00,GMADA,1110102000,2,50063,R,2232,110,,,,,,,,21925.2,D,S,2026-03-30 00:00:00,,,2,comisiones,2026-03-30 00:00:00,N,ADFIN,,N,2026,,N
2026,641,2026-01-26 00:00:00,GMADA,1110102000,2,441,R,641,110,1,417,1,444,,,,38100.0,D,S,2026-01-26 00:00:00,,,2,sello,2026-01-26 00:00:00,N,DESP,2026-01-26 00:00:00,N,2026,,N
2026,642,2026-01-26 00:00:00,GMADA,1110102000,2,441,R,642,110,1,418,1,445,,,,73800.0,D,S,2026-01-26 00:00:00,,,2,abrochadora,2026-01-26 00:00:00,N,JUZFAL,2026-01-26 00:00:00,N,2026,,N
2026,643,2026-01-26 00:00:00,GMADA,1110109000,13,688,R,643,110,1,419,1,446,,,,40000.0,D,S,2026-01-26 00:00:00,,,2,aceites lubricantes,2026-01-26 00:00:00,N,DEP,2026-01-26 00:00:00,N,2026,,N
2026,644,2026-01-26 00:00:00,GMADA,1110109000,13,688,R,644,110,1,420,1,447,,,,54000.0,D,S,2026-01-26 00:00:00,,,2,aceites y lubricantes,2026-01-26 00:00:00,N,DEP,2026-01-26 00:00:00,N,2026,,N
2026,645,2026-01-26 00:00:00,GMADA,1110109000,13,2209,R,645,132,1,421,1,452,,,,16760.0,D,S,2026-01-26 00:00:00,,,2,alimentos,2026-01-26 00:00:00,N,DEP,2026-01-26 00:00:00,N,2026,,N
2026,646,2026-01-26 00:00:00,GMADA,1110104000,5,492,R,646,131,,,,,,,,476992.13,D,S,2026-01-26 00:00:00,,,2,Reg.Comp. 9669/2025 repuestos,2026-01-26 00:00:00,N,HOSP,2026-01-26 00:00:00,N,,,N
2026,647,2026-01-26 00:00:00,GMADA,1110104000,5,492,R,647,131,,,,,,,,563163.43,D,S,2026-01-26 00:00:00,,,1,Reg.Comp. 7567/2025 Repuesto vehiculos,2026-01-26 00:00:00,N,HOSP,2026-01-26 00:00:00,N,,,N
2026,648,2026-01-26 00:00:00,GMADA,1110109000,13,688,R,648,110,1,422,1,448,,,,20000.0,D,S,2026-01-26 00:00:00,,,1,aceites y lubricante,2026-01-26 00:00:00,N,DEP,2026-01-26 00:00:00,N,2026,,N
2026,649,2026-01-26 00:00:00,GMADA,1110104000,5,850,R,649,131,1,424,1,456,,,,1147086.56,D,S,2026-01-26 00:00:00,,,1,insumos hosps,2026-01-26 00:00:00,N,LAB,2026-01-26 00:00:00,N,2026,,N
2026,650,2026-01-26 00:00:00,GMADA,1110104000,5,1837,R,650,131,1,423,1,457,,,,693340.0,D,S,2026-01-26 00:00:00,,,1,insumos hosps,2026-01-26 00:00:00,N,CICQ,2026-01-26 00:00:00,N,2026,,N
2026,651,2026-01-26 00:00:00,GMADA,1110103000,3,2636,R,651,131,,,,,EXPED,1811,2021,772200.0,D,S,2026-01-26 00:00:00,,,1,Reg.Comp. 9294/2025 puerta,2026-01-26 00:00:00,N,OPP,2026-01-26 00:00:00,N,,,N
2026,652,2026-01-26 00:00:00,GMADA,1110108000,14,789,R,652,110,,,,,,,,1238582.86,D,S,2026-01-26 00:00:00,,,1,gtos oct/25,2026-01-26 00:00:00,N,PROD,2026-01-26 00:00:00,N,2026,,N
2026,653,2026-01-26 00:00:00,GMADA,1110109000,13,17,R,653,110,1,430,1,449,,,,160500.0,D,S,2026-01-26 00:00:00,,,1,repuestos,2026-01-26 00:00:00,N,DEP,2026-01-26 00:00:00,N,2026,,N
2026,654,2026-01-26 00:00:00,GMADA,1110109000,13,2330,R,654,110,1,431,1,450,,,,461500.0,D,S,2026-01-26 00:00:00,,,1,combust,2026-01-26 00:00:00,N,DEP,2026-01-26 00:00:00,N,2026,,N
2026,655,2026-01-26 00:00:00,GMADA,1110113000,20,1259,R,655,110,1,432,1,451,,,,77084.0,D,S,2026-01-26 00:00:00,,,1,arts de elect,2026-01-26 00:00:00,N,SECSEG,2026-01-26 00:00:00,N,2026,,N
2026,656,2026-01-26 00:00:00,GMADA,1110118000,25,17,R,656,110,1,433,1,453,,,,325000.0,D,S,2026-01-26 00:00:00,,,1,reparac y repuestos,2026-01-26 00:00:00,N,DECI,2026-01-26 00:00:00,N,2026,,N
2026,657,2026-01-26 00:00:00,GMADA,1110118000,25,17,R,657,110,1,435,1,454,,,,665200.0,A,S,2026-01-26 00:00:00,2026-01-29 00:00:00,ERROR,1,repuestos,2026-01-26 00:00:00,N,DECI,2026-01-26 00:00:00,N,2026,,N
2026,658,2026-01-26 00:00:00,GMADA,1110104000,5,1876,R,658,131,1,434,1,455,,,,3121974.52,D,S,2026-01-26 00:00:00,,,1,insumos hosps,2026-01-26 00:00:00,N,HOSP,2026-01-26 00:00:00,N,2026,,N
2026,659,2026-01-26 00:00:00,GMADA,1110104000,5,50154,R,659,110,,,,,EXPED,218,2026,58800.0,D,S,2026-01-26 00:00:00,,,1,Diaz Romina N,2026-01-26 00:00:00,N,HOSP,2026-01-26 00:00:00,N,2026,,N
2026,660,2026-01-26 00:00:00,GMADA,1110112000,19,50087,R,660,110,,,,,,,,1746675.72,D,S,2026-01-26 00:00:00,,,1,comisiones  12/25,2026-01-26 00:00:00,N,SEHA,2026-01-26 00:00:00,N,2026,,N
2026,661,2026-01-26 00:00:00,GMADA,1110115000,22,50929,R,661,110,,,,,,,,165600.0,D,S,2026-01-26 00:00:00,,,1,servs,2026-01-26 00:00:00,N,DIRINF,2026-01-26 00:00:00,N,2026,,N
2026,1165,2026-02-13 00:00:00,GMADA,1110102000,2,50008,R,1165,110,,,,,,,,131547.51,D,S,2026-02-13 00:00:00,,,1,Generado Automáticamente - Periodo 2/2026 - Tipo/Grupo HEX/23,2026-02-13 00:00:00,N,DELRU,,,,,
2026,1166,2026-02-13 00:00:00,GMADA,1110103000,3,50008,R,1166,110,,,,,,,,121146.98,D,S,2026-02-13 00:00:00,,,1,Generado Automáticamente - Periodo 2/2026 - Tipo/Grupo HEX/23,2026-02-13 00:00:00,N,SECOP,,,,,
2026,1167,2026-02-13 00:00:00,GMADA,1110104000,5,50008,R,1167,110,,,,,,,,34998830.92,D,S,2026-02-13 00:00:00,,,1,Generado Automáticamente - Periodo 2/2026 - Tipo/Grupo HEX/23,2026-02-13 00:00:00,N,HOSP,,,,,
2026,1243,2026-02-18 00:00:00,GMADA,1110105000,6,50023,R,1243,110,,,,,,,,22595.54,D,S,2026-02-18 00:00:00,,,2,PERIODO 1/26,2026-02-18 00:00:00,N,CULTUR,,N,2026,,N
2026,1255,2026-02-18 00:00:00,GMADA,1110105000,6,50023,A,1254,132,,,,,,,,-22595.54,N,S,2026-02-18 00:00:00,2026-02-18 00:00:00,ERROR,2,PERIODO 1/26,2026-02-18 00:00:00,N,CULTUR,,N,2026,,N
2026,1244,2026-02-18 00:00:00,GMADA,1110102000,2,50023,R,1244,110,,,,,,,,43637.06,D,S,2026-02-18 00:00:00,,,2,PERIODO 1/26,2026-02-18 00:00:00,N,CONT,,N,2026,,N
2026,1245,2026-02-18 00:00:00,GMADA,1110102000,2,50023,R,1245,110,,,,,,,,22934.33,D,S,2026-02-18 00:00:00,,,2,PERIODO 01/26,2026-02-18 00:00:00,N,ADFIN,,N,2026,,N
2026,1249,2026-02-18 00:00:00,GMADA,1110105000,6,50023,R,1249,132,,,,,,,,24176.04,D,S,2026-02-18 00:00:00,,,2,PERIODO 1/26,2026-02-18 00:00:00,N,MUMA,,N,2026,,N
2026,1253,2026-02-18 00:00:00,GMADA,1110105000,6,50370,R,1253,110,,,,,,,,81486.41,D,S,2026-02-18 00:00:00,,,3,REINT GASTOS,2026-02-18 00:00:00,N,CULTUR,,N,2026,,N
2026,1254,2026-02-18 00:00:00,GMADA,1110105000,6,50023,R,1254,132,,,,,,,,22595.54,A,S,2026-02-18 00:00:00,2026-02-18 00:00:00,ERROR,2,PERIODO 1/26,2026-02-18 00:00:00,N,CULTUR,,N,2026,,N
2026,2198,2026-03-26 00:00:00,GMADA,1110102000,2,2969,A,2197,110,,,,,,,,-1829015.99,N,S,2026-03-26 00:00:00,2026-03-26 00:00:00,ERROR,1,servs,2026-03-26 00:00:00,N,GOBHAC,2026-03-26 00:00:00,N,2026,,N
2026,1256,2026-02-18 00:00:00,GMADA,1110104000,5,50023,R,1256,131,,,,,,,,26932.39,D,S,2026-02-18 00:00:00,,,2,PERIODO 1/26,2026-02-18 00:00:00,N,SALA O,,N,2026,,N
2026,1257,2026-02-18 00:00:00,GMADA,1110102000,2,50023,R,1257,110,,,,,,,,22636.98,D,S,2026-02-18 00:00:00,,,2,PERIODO 1/26,2026-02-18 00:00:00,N,ADFIN,,N,2026,,N
2026,1268,2026-02-18 00:00:00,GMADA,1110109000,13,51097,R,1268,110,,,,,EXPED,129,2026,289600.0,D,S,2026-02-18 00:00:00,,,2, Rally Mar y Sierras /Rally Nacional,2026-02-18 00:00:00,N,DEP,,N,2026,,N
2026,1431,2026-02-24 00:00:00,GMADA,1110117000,24,50072,R,1431,110,,,,,,,,8734.2,D,S,2026-02-24 00:00:00,,,2,gastos Munic.gral mad /Hobaica R.,2026-02-24 00:00:00,N,000A,,N,2026,,N
2026,1436,2026-02-24 00:00:00,GMADA,1110117000,24,50072,R,1436,110,,,,,,,,8734.2,D,S,2026-02-24 00:00:00,,,2,gastos judiciales MUNIC./RAMOS MEJIA,2026-02-24 00:00:00,N,000002,,N,2026,,N
2026,1439,2026-02-24 00:00:00,GMADA,1110101000,1,50431,R,1439,131,,,,,EXPED,276,2026,1199037.25,D,S,2026-02-24 00:00:00,,,2,MULTAS DEC1533/25-122/26-1577/25-1621/25-1604/25-1531/25-1530/25-1597/25-19/26-21/26-24/26-189/26-197/26,2026-02-24 00:00:00,N,INT,,N,2026,,N
2026,1442,2026-02-24 00:00:00,GMADA,1110101000,1,50431,R,1442,131,,,,,,,,1031742.75,D,S,2026-02-24 00:00:00,,,2,MULTAS DEC 193/26-1605/25-1596/25-1595/25-129/26-1603/25-1382/25-1516/25-1483/25,2026-02-24 00:00:00,N,INT,,N,2026,,N
2026,2234,2026-03-30 00:00:00,GMADA,1110101000,1,50051,R,2234,110,,,,,,,,923967.87,D,S,2026-03-30 00:00:00,,,1,Generado Automáticamente - Periodo 3/2026 - Tipo/Grupo 9/1,2026-03-30 00:00:00,N,INT,,,,,
2026,2235,2026-03-30 00:00:00,GMADA,1110101000,1,50052,R,2235,110,,,,,,,,369587.15,D,S,2026-03-30 00:00:00,,,1,Generado Automáticamente - Periodo 3/2026 - Tipo/Grupo 9/1,2026-03-30 00:00:00,N,INT,,,,,
2026,2236,2026-03-30 00:00:00,GMADA,1110102000,2,50008,R,2236,110,,,,,,,,22754135.92,D,S,2026-03-30 00:00:00,,,1,Generado Automáticamente - Periodo 3/2026 - Tipo/Grupo 9/1,2026-03-30 00:00:00,N,GOBHAC,,,,,
2026,2237,2026-03-30 00:00:00,GMADA,1110102000,2,50008,R,2237,110,,,,,,,,954905.51,D,S,2026-03-30 00:00:00,,,1,Generado Automáticamente - Periodo 3/2026 - Tipo/Grupo 9/1,2026-03-30 00:00:00,N,ARCHG,,,,,
2026,2238,2026-03-30 00:00:00,GMADA,1110102000,2,50008,R,2238,110,,,,,,,,4998650.7,D,S,2026-03-30 00:00:00,,,1,Generado Automáticamente - Periodo 3/2026 - Tipo/Grupo 9/1,2026-03-30 00:00:00,N,GOB,,,,,
2026,2239,2026-03-30 00:00:00,GMADA,1110102000,2,50008,R,2239,110,,,,,,,,6522017.52,D,S,2026-03-30 00:00:00,,,1,Generado Automáticamente - Periodo 3/2026 - Tipo/Grupo 9/1,2026-03-30 00:00:00,N,DELRU,,,,,
2026,2240,2026-03-30 00:00:00,GMADA,1110102000,2,50008,R,2240,110,,,,,,,,1491951.31,D,S,2026-03-30 00:00:00,,,1,Generado Automáticamente - Periodo 3/2026 - Tipo/Grupo 9/1,2026-03-30 00:00:00,N,DMACED,,,,,
2026,2241,2026-03-30 00:00:00,GMADA,1110102000,2,50008,R,2241,110,,,,,,,,4139224.01,D,S,2026-03-30 00:00:00,,,1,Generado Automáticamente - Periodo 3/2026 - Tipo/Grupo 9/1,2026-03-30 00:00:00,N,AREAJ,,,,,
2026,2242,2026-03-30 00:00:00,GMADA,1110102000,2,50051,R,2242,110,,,,,,,,697309.32,D,S,2026-03-30 00:00:00,,,1,Generado Automáticamente - Periodo 3/2026 - Tipo/Grupo 9/1,2026-03-30 00:00:00,N,DELRU,,,,,
2026,2243,2026-03-30 00:00:00,GMADA,1110102000,2,50051,R,2243,110,,,,,,,,513569.25,D,S,2026-03-30 00:00:00,,,1,Generado Automáticamente - Periodo 3/2026 - Tipo/Grupo 9/1,2026-03-30 00:00:00,N,GOB,,,,,
2026,2244,2026-03-30 00:00:00,GMADA,1110102000,2,50051,R,2244,110,,,,,,,,2147610.52,D,S,2026-03-30 00:00:00,,,1,Generado Automáticamente - Periodo 3/2026 - Tipo/Grupo 9/1,2026-03-30 00:00:00,N,GOBHAC,,,,,
2026,2245,2026-03-30 00:00:00,GMADA,1110102000,2,50051,R,2245,110,,,,,,,,112099.79,D,S,2026-03-30 00:00:00,,,1,Generado Automáticamente - Periodo 3/2026 - Tipo/Grupo 9/1,2026-03-30 00:00:00,N,DMACED,,,,,
2026,2246,2026-03-30 00:00:00,GMADA,1110102000,2,50051,R,2246,110,,,,,,,,104748.66,D,S,2026-03-30 00:00:00,,,1,Generado Automáticamente - Periodo 3/2026 - Tipo/Grupo 9/1,2026-03-30 00:00:00,N,ARCHG,,,,,
2026,2247,2026-03-30 00:00:00,GMADA,1110102000,2,50051,R,2247,110,,,,,,,,422847.91,D,S,2026-03-30 00:00:00,,,1,Generado Automáticamente - Periodo 3/2026 - Tipo/Grupo 9/1,2026-03-30 00:00:00,N,AREAJ,,,,,
2026,2248,2026-03-30 00:00:00,GMADA,1110102000,2,50052,R,2248,110,,,,,,,,887390.37,D,S,2026-03-30 00:00:00,,,1,Generado Automáticamente - Periodo 3/2026 - Tipo/Grupo 9/1,2026-03-30 00:00:00,N,GOBHAC,,,,,
2026,2249,2026-03-30 00:00:00,GMADA,1110102000,2,50052,R,2249,110,,,,,,,,41899.46,D,S,2026-03-30 00:00:00,,,1,Generado Automáticamente - Periodo 3/2026 - Tipo/Grupo 9/1,2026-03-30 00:00:00,N,ARCHG,,,,,
2026,2250,2026-03-30 00:00:00,GMADA,1110102000,2,50052,R,2250,110,,,,,,,,205427.7,D,S,2026-03-30 00:00:00,,,1,Generado Automáticamente - Periodo 3/2026 - Tipo/Grupo 9/1,2026-03-30 00:00:00,N,GOB,,,,,
2026,2251,2026-03-30 00:00:00,GMADA,1110102000,2,50052,R,2251,110,,,,,,,,44839.91,D,S,2026-03-30 00:00:00,,,1,Generado Automáticamente - Periodo 3/2026 - Tipo/Grupo 9/1,2026-03-30 00:00:00,N,DMACED,,,,,
2026,2252,2026-03-30 00:00:00,GMADA,1110102000,2,50052,R,2252,110,,,,,,,,169139.17,D,S,2026-03-30 00:00:00,,,1,Generado Automáticamente - Periodo 3/2026 - Tipo/Grupo 9/1,2026-03-30 00:00:00,N,AREAJ,,,,,
2026,2253,2026-03-30 00:00:00,GMADA,1110102000,2,50052,R,2253,110,,,,,,,,278923.72,D,S,2026-03-30 00:00:00,,,1,Generado Automáticamente - Periodo 3/2026 - Tipo/Grupo 9/1,2026-03-30 00:00:00,N,DELRU,,,,,
2026,2254,2026-03-30 00:00:00,GMADA,1110103000,3,50008,R,2254,110,,,,,,,,18453734.92,D,S,2026-03-30 00:00:00,,,1,Generado Automáticamente - Periodo 3/2026 - Tipo/Grupo 9/1,2026-03-30 00:00:00,N,SECOP,,,,,
2026,2255,2026-03-30 00:00:00,GMADA,1110103000,3,50008,R,2255,110,,,,,,,,2401611.64,D,S,2026-03-30 00:00:00,,,1,Generado Automáticamente - Periodo 3/2026 - Tipo/Grupo 9/1,2026-03-30 00:00:00,N,SECOPU,,,,,
2026,2256,2026-03-30 00:00:00,GMADA,1110103000,3,50051,R,2256,110,,,,,,,,1572883.49,D,S,2026-03-30 00:00:00,,,1,Generado Automáticamente - Periodo 3/2026 - Tipo/Grupo 9/1,2026-03-30 00:00:00,N,SECOP,,,,,
2026,2257,2026-03-30 00:00:00,GMADA,1110103000,3,50051,R,2257,110,,,,,,,,244266.73,D,S,2026-03-30 00:00:00,,,1,Generado Automáticamente - Periodo 3/2026 - Tipo/Grupo 9/1,2026-03-30 00:00:00,N,SECOPU,,,,,
2026,2258,2026-03-30 00:00:00,GMADA,1110103000,3,50052,R,2258,110,,,,,,,,97706.69,D,S,2026-03-30 00:00:00,,,1,Generado Automáticamente - Periodo 3/2026 - Tipo/Grupo 9/1,2026-03-30 00:00:00,N,SECOPU,,,,,
2026,2259,2026-03-30 00:00:00,GMADA,1110103000,3,50052,R,2259,110,,,,,,,,803244.63,D,S,2026-03-30 00:00:00,,,1,Generado Automáticamente - Periodo 3/2026 - Tipo/Grupo 9/1,2026-03-30 00:00:00,N,SECOP,,,,,
2026,2260,2026-03-30 00:00:00,GMADA,1110104000,5,50008,R,2260,110,,,,,,,,863457.26,D,S,2026-03-30 00:00:00,,,1,Generado Automáticamente - Periodo 3/2026 - Tipo/Grupo 9/1,2026-03-30 00:00:00,N,BROM,,,,,
2026,2261,2026-03-30 00:00:00,GMADA,1110104000,5,50008,R,2261,110,,,,,,,,694628217.71,D,S,2026-03-30 00:00:00,,,1,Generado Automáticamente - Periodo 3/2026 - Tipo/Grupo 9/1,2026-03-30 00:00:00,N,HOSP,,,,,
2026,2262,2026-03-30 00:00:00,GMADA,1110104000,5,50008,R,2262,110,,,,,,,,3071920.0,D,S,2026-03-30 00:00:00,,,1,Generado Automáticamente - Periodo 3/2026 - Tipo/Grupo 9/1,2026-03-30 00:00:00,N,CAP,,,,,
2026,2263,2026-03-30 00:00:00,GMADA,1110104000,5,50008,R,2263,110,,,,,,,,790314.04,D,S,2026-03-30 00:00:00,,,1,Generado Automáticamente - Periodo 3/2026 - Tipo/Grupo 9/1,2026-03-30 00:00:00,N,OSA,,,,,
2026,2264,2026-03-30 00:00:00,GMADA,1110104000,5,50051,R,2264,110,,,,,,,,68688808.04,D,S,2026-03-30 00:00:00,,,1,Generado Automáticamente - Periodo 3/2026 - Tipo/Grupo 9/1,2026-03-30 00:00:00,N,HOSP,,,,,
2026,2265,2026-03-30 00:00:00,GMADA,1110104000,5,50051,R,2265,110,,,,,,,,353634.15,D,S,2026-03-30 00:00:00,,,1,Generado Automáticamente - Periodo 3/2026 - Tipo/Grupo 9/1,2026-03-30 00:00:00,N,CAP,,,,,
2026,2266,2026-03-30 00:00:00,GMADA,1110104000,5,50051,R,2266,110,,,,,,,,79006.89,D,S,2026-03-30 00:00:00,,,1,Generado Automáticamente - Periodo 3/2026 - Tipo/Grupo 9/1,2026-03-30 00:00:00,N,BROM,,,,,
2026,2267,2026-03-30 00:00:00,GMADA,1110104000,5,50051,R,2267,110,,,,,,,,67420.93,D,S,2026-03-30 00:00:00,,,1,Generado Automáticamente - Periodo 3/2026 - Tipo/Grupo 9/1,2026-03-30 00:00:00,N,OSA,,,,,
2026,2268,2026-03-30 00:00:00,GMADA,1110104000,5,50052,R,2268,110,,,,,,,,31602.75,D,S,2026-03-30 00:00:00,,,1,Generado Automáticamente - Periodo 3/2026 - Tipo/Grupo 9/1,2026-03-30 00:00:00,N,BROM,,,,,
2026,2269,2026-03-30 00:00:00,GMADA,1110104000,5,50052,R,2269,110,,,,,,,,141453.66,D,S,2026-03-30 00:00:00,,,1,Generado Automáticamente - Periodo 3/2026 - Tipo/Grupo 9/1,2026-03-30 00:00:00,N,CAP,,,,,
2026,2270,2026-03-30 00:00:00,GMADA,1110104000,5,50052,R,2270,110,,,,,,,,27970947.14,D,S,2026-03-30 00:00:00,,,1,Generado Automáticamente - Periodo 3/2026 - Tipo/Grupo 9/1,2026-03-30 00:00:00,N,HOSP,,,,,
2026,2271,2026-03-30 00:00:00,GMADA,1110104000,5,50052,R,2271,110,,,,,,,,26968.37,D,S,2026-03-30 00:00:00,,,1,Generado Automáticamente - Periodo 3/2026 - Tipo/Grupo 9/1,2026-03-30 00:00:00,N,OSA,,,,,
2026,2272,2026-03-30 00:00:00,GMADA,1110104000,5,50008,R,2272,131,,,,,,,,2432000.0,D,S,2026-03-30 00:00:00,,,1,Generado Automáticamente - Periodo 3/2026 - Tipo/Grupo 9/1,2026-03-30 00:00:00,N,HOSP,,,,,
2026,2273,2026-03-30 00:00:00,GMADA,1110104000,5,50051,R,2273,131,,,,,,,,291840.0,D,S,2026-03-30 00:00:00,,,1,Generado Automáticamente - Periodo 3/2026 - Tipo/Grupo 9/1,2026-03-30 00:00:00,N,HOSP,,,,,
2026,2274,2026-03-30 00:00:00,GMADA,1110104000,5,50052,R,2274,131,,,,,,,,116736.0,D,S,2026-03-30 00:00:00,,,1,Generado Automáticamente - Periodo 3/2026 - Tipo/Grupo 9/1,2026-03-30 00:00:00,N,HOSP,,,,,
2026,2275,2026-03-30 00:00:00,GMADA,1110104000,5,50008,R,2275,132,,,,,,,,674497.5,D,S,2026-03-30 00:00:00,,,1,Generado Automáticamente - Periodo 3/2026 - Tipo/Grupo 9/1,2026-03-30 00:00:00,N,HOSP,,,,,
2026,2276,2026-03-30 00:00:00,GMADA,1110104000,5,50051,R,2276,132,,,,,,,,61391.93,D,S,2026-03-30 00:00:00,,,1,Generado Automáticamente - Periodo 3/2026 - Tipo/Grupo 9/1,2026-03-30 00:00:00,N,HOSP,,,,,
2026,2277,2026-03-30 00:00:00,GMADA,1110104000,5,50052,R,2277,132,,,,,,,,24556.77,D,S,2026-03-30 00:00:00,,,1,Generado Automáticamente - Periodo 3/2026 - Tipo/Grupo 9/1,2026-03-30 00:00:00,N,HOSP,,,,,
2026,2278,2026-03-30 00:00:00,GMADA,1110104000,11,50008,R,2278,110,,,,,,,,10152217.79,D,S,2026-03-30 00:00:00,,,1,Generado Automáticamente - Periodo 3/2026 - Tipo/Grupo 9/1,2026-03-30 00:00:00,N,BROM,,,,,
2026,2279,2026-03-30 00:00:00,GMADA,1110104000,11,50008,R,2279,110,,,,,,,,1569368.95,D,S,2026-03-30 00:00:00,,,1,Generado Automáticamente - Periodo 3/2026 - Tipo/Grupo 9/1,2026-03-30 00:00:00,N,HOSP,,,,,
2026,2280,2026-03-30 00:00:00,GMADA,1110104000,11,50051,R,2280,110,,,,,,,,876206.83,D,S,2026-03-30 00:00:00,,,1,Generado Automáticamente - Periodo 3/2026 - Tipo/Grupo 9/1,2026-03-30 00:00:00,N,BROM,,,,,
2026,2281,2026-03-30 00:00:00,GMADA,1110104000,11,50051,R,2281,110,,,,,,,,122396.58,D,S,2026-03-30 00:00:00,,,1,Generado Automáticamente - Periodo 3/2026 - Tipo/Grupo 9/1,2026-03-30 00:00:00,N,HOSP,,,,,
2026,2282,2026-03-30 00:00:00,GMADA,1110104000,11,50052,R,2282,110,,,,,,,,48958.63,D,S,2026-03-30 00:00:00,,,1,Generado Automáticamente - Periodo 3/2026 - Tipo/Grupo 9/1,2026-03-30 00:00:00,N,HOSP,,,,,
2026,2283,2026-03-30 00:00:00,GMADA,1110104000,11,50052,R,2283,110,,,,,,,,380300.74,D,S,2026-03-30 00:00:00,,,1,Generado Automáticamente - Periodo 3/2026 - Tipo/Grupo 9/1,2026-03-30 00:00:00,N,BROM,,,,,
2026,2284,2026-03-30 00:00:00,GMADA,1110105000,6,50008,R,2284,110,,,,,,,,22402713.75,D,S,2026-03-30 00:00:00,,,1,Generado Automáticamente - Periodo 3/2026 - Tipo/Grupo 9/1,2026-03-30 00:00:00,N,CULTUR,,,,,
2026,2285,2026-03-30 00:00:00,GMADA,1110105000,6,50051,R,2285,110,,,,,,,,2289760.71,D,S,2026-03-30 00:00:00,,,1,Generado Automáticamente - Periodo 3/2026 - Tipo/Grupo 9/1,2026-03-30 00:00:00,N,CULTUR,,,,,
2026,2286,2026-03-30 00:00:00,GMADA,1110105000,6,50052,R,2286,110,,,,,,,,943706.78,D,S,2026-03-30 00:00:00,,,1,Generado Automáticamente - Periodo 3/2026 - Tipo/Grupo 9/1,2026-03-30 00:00:00,N,CULTUR,,,,,
2026,2287,2026-03-30 00:00:00,GMADA,1110105000,6,50008,R,2287,132,,,,,,,,12921191.77,D,S,2026-03-30 00:00:00,,,1,Generado Automáticamente - Periodo 3/2026 - Tipo/Grupo 9/1,2026-03-30 00:00:00,N,CULTUR,,,,,
2026,2288,2026-03-30 00:00:00,GMADA,1110105000,6,50051,R,2288,132,,,,,,,,980173.55,D,S,2026-03-30 00:00:00,,,1,Generado Automáticamente - Periodo 3/2026 - Tipo/Grupo 9/1,2026-03-30 00:00:00,N,CULTUR,,,,,
2026,2289,2026-03-30 00:00:00,GMADA,1110105000,6,50052,R,2289,132,,,,,,,,392069.42,D,S,2026-03-30 00:00:00,,,1,Generado Automáticamente - Periodo 3/2026 - Tipo/Grupo 9/1,2026-03-30 00:00:00,N,CULTUR,,,,,
2026,2290,2026-03-30 00:00:00,GMADA,1110106000,7,50008,R,2290,110,,,,,,,,40929978.13,D,S,2026-03-30 00:00:00,,,1,Generado Automáticamente - Periodo 3/2026 - Tipo/Grupo 9/1,2026-03-30 00:00:00,N,ACCSOC,,,,,
2026,2291,2026-03-30 00:00:00,GMADA,1110106000,7,50008,R,2291,110,,,,,,,,6396366.18,D,S,2026-03-30 00:00:00,,,1,Generado Automáticamente - Periodo 3/2026 - Tipo/Grupo 9/1,2026-03-30 00:00:00,N,GRAN,,,,,
2026,2292,2026-03-30 00:00:00,GMADA,1110106000,7,50051,R,2292,110,,,,,,,,4009993.35,D,S,2026-03-30 00:00:00,,,1,Generado Automáticamente - Periodo 3/2026 - Tipo/Grupo 9/1,2026-03-30 00:00:00,N,ACCSOC,,,,,
2026,2293,2026-03-30 00:00:00,GMADA,1110106000,7,50051,R,2293,110,,,,,,,,632990.67,D,S,2026-03-30 00:00:00,,,1,Generado Automáticamente - Periodo 3/2026 - Tipo/Grupo 9/1,2026-03-30 00:00:00,N,GRAN,,,,,
2026,2294,2026-03-30 00:00:00,GMADA,1110106000,7,50052,R,2294,110,,,,,,,,1649686.6,D,S,2026-03-30 00:00:00,,,1,Generado Automáticamente - Periodo 3/2026 - Tipo/Grupo 9/1,2026-03-30 00:00:00,N,ACCSOC,,,,,
2026,2295,2026-03-30 00:00:00,GMADA,1110106000,7,50052,R,2295,110,,,,,,,,253196.27,D,S,2026-03-30 00:00:00,,,1,Generado Automáticamente - Periodo 3/2026 - Tipo/Grupo 9/1,2026-03-30 00:00:00,N,GRAN,,,,,
2026,2296,2026-03-30 00:00:00,GMADA,1110106000,7,50008,R,2296,132,,,,,,,,26006996.79,D,S,2026-03-30 00:00:00,,,1,Generado Automáticamente - Periodo 3/2026 - Tipo/Grupo 9/1,2026-03-30 00:00:00,N,ACCSOC,,,,,
2026,2297,2026-03-30 00:00:00,GMADA,1110106000,7,50051,R,2297,132,,,,,,,,2546439.79,D,S,2026-03-30 00:00:00,,,1,Generado Automáticamente - Periodo 3/2026 - Tipo/Grupo 9/1,2026-03-30 00:00:00,N,ACCSOC,,,,,
2026,2298,2026-03-30 00:00:00,GMADA,1110106000,7,50052,R,2298,132,,,,,,,,1018575.9,D,S,2026-03-30 00:00:00,,,1,Generado Automáticamente - Periodo 3/2026 - Tipo/Grupo 9/1,2026-03-30 00:00:00,N,ACCSOC,,,,,
2026,2299,2026-03-30 00:00:00,GMADA,1110108000,14,50008,R,2299,110,,,,,,,,11059260.22,D,S,2026-03-30 00:00:00,,,1,Generado Automáticamente - Periodo 3/2026 - Tipo/Grupo 9/1,2026-03-30 00:00:00,N,PROD,,,,,
2026,2300,2026-03-30 00:00:00,GMADA,1110108000,14,50051,R,2300,110,,,,,,,,1172736.62,D,S,2026-03-30 00:00:00,,,1,Generado Automáticamente - Periodo 3/2026 - Tipo/Grupo 9/1,2026-03-30 00:00:00,N,PROD,,,,,
2026,2301,2026-03-30 00:00:00,GMADA,1110108000,14,50052,R,2301,110,,,,,,,,469094.65,D,S,2026-03-30 00:00:00,,,1,Generado Automáticamente - Periodo 3/2026 - Tipo/Grupo 9/1,2026-03-30 00:00:00,N,PROD,,,,,
2026,2302,2026-03-30 00:00:00,GMADA,1110109000,13,50008,R,2302,110,,,,,,,,16261572.59,D,S,2026-03-30 00:00:00,,,1,Generado Automáticamente - Periodo 3/2026 - Tipo/Grupo 9/1,2026-03-30 00:00:00,N,DEPORT,,,,,
2026,2303,2026-03-30 00:00:00,GMADA,1110109000,13,50051,R,2303,110,,,,,,,,1545789.12,D,S,2026-03-30 00:00:00,,,1,Generado Automáticamente - Periodo 3/2026 - Tipo/Grupo 9/1,2026-03-30 00:00:00,N,DEPORT,,,,,
2026,2304,2026-03-30 00:00:00,GMADA,1110109000,13,50052,R,2304,110,,,,,,,,636635.95,D,S,2026-03-30 00:00:00,,,1,Generado Automáticamente - Periodo 3/2026 - Tipo/Grupo 9/1,2026-03-30 00:00:00,N,DEPORT,,,,,
2026,2305,2026-03-30 00:00:00,GMADA,1110109000,13,50008,R,2305,132,,,,,,,,12015985.69,D,S,2026-03-30 00:00:00,,,1,Generado Automáticamente - Periodo 3/2026 - Tipo/Grupo 9/1,2026-03-30 00:00:00,N,DEPORT,,,,,
2026,2306,2026-03-30 00:00:00,GMADA,1110109000,13,50051,R,2306,132,,,,,,,,1242446.4,D,S,2026-03-30 00:00:00,,,1,Generado Automáticamente - Periodo 3/2026 - Tipo/Grupo 9/1,2026-03-30 00:00:00,N,DEPORT,,,,,
2026,2307,2026-03-30 00:00:00,GMADA,1110109000,13,50052,R,2307,132,,,,,,,,496978.56,D,S,2026-03-30 00:00:00,,,1,Generado Automáticamente - Periodo 3/2026 - Tipo/Grupo 9/1,2026-03-30 00:00:00,N,DEPORT,,,,,
2026,2308,2026-03-30 00:00:00,GMADA,1110111000,3,50008,R,2308,131,,,,,,,,8996755.67,D,S,2026-03-30 00:00:00,,,1,Generado Automáticamente - Periodo 3/2026 - Tipo/Grupo 9/1,2026-03-30 00:00:00,N,SEOP,,,,,
2026,2309,2026-03-30 00:00:00,GMADA,1110111000,3,50051,R,2309,131,,,,,,,,850327.75,D,S,2026-03-30 00:00:00,,,1,Generado Automáticamente - Periodo 3/2026 - Tipo/Grupo 9/1,2026-03-30 00:00:00,N,SEOP,,,,,
2026,2310,2026-03-30 00:00:00,GMADA,1110111000,3,50052,R,2310,131,,,,,,,,340131.11,D,S,2026-03-30 00:00:00,,,1,Generado Automáticamente - Periodo 3/2026 - Tipo/Grupo 9/1,2026-03-30 00:00:00,N,SEOP,,,,,
2026,2311,2026-03-30 00:00:00,GMADA,1110112000,19,50008,R,2311,110,,,,,,,,48110322.64,D,S,2026-03-30 00:00:00,,,1,Generado Automáticamente - Periodo 3/2026 - Tipo/Grupo 9/1,2026-03-30 00:00:00,N,SECHAC,,,,,
2026,2312,2026-03-30 00:00:00,GMADA,1110112000,19,50051,R,2312,110,,,,,,,,5175494.64,D,S,2026-03-30 00:00:00,,,1,Generado Automáticamente - Periodo 3/2026 - Tipo/Grupo 9/1,2026-03-30 00:00:00,N,SECHAC,,,,,
2026,2313,2026-03-30 00:00:00,GMADA,1110112000,19,50052,R,2313,110,,,,,,,,2070197.87,D,S,2026-03-30 00:00:00,,,1,Generado Automáticamente - Periodo 3/2026 - Tipo/Grupo 9/1,2026-03-30 00:00:00,N,SECHAC,,,,,
2026,2314,2026-03-30 00:00:00,GMADA,1110113000,20,50008,R,2314,110,,,,,,,,120490886.36,D,S,2026-03-30 00:00:00,,,1,Generado Automáticamente - Periodo 3/2026 - Tipo/Grupo 9/1,2026-03-30 00:00:00,N,SECSEG,,,,,
2026,2315,2026-03-30 00:00:00,GMADA,1110113000,20,50051,R,2315,110,,,,,,,,10935843.45,D,S,2026-03-30 00:00:00,,,1,Generado Automáticamente - Periodo 3/2026 - Tipo/Grupo 9/1,2026-03-30 00:00:00,N,SECSEG,,,,,
2026,2316,2026-03-30 00:00:00,GMADA,1110113000,20,50052,R,2316,110,,,,,,,,4417775.1,D,S,2026-03-30 00:00:00,,,1,Generado Automáticamente - Periodo 3/2026 - Tipo/Grupo 9/1,2026-03-30 00:00:00,N,SECSEG,,,,,
2026,2317,2026-03-30 00:00:00,GMADA,1110115000,22,50008,R,2317,110,,,,,,,,13699113.11,D,S,2026-03-30 00:00:00,,,1,Generado Automáticamente - Periodo 3/2026 - Tipo/Grupo 9/1,2026-03-30 00:00:00,N,SECGRA,,,,,
2026,2318,2026-03-30 00:00:00,GMADA,1110115000,22,50051,R,2318,110,,,,,,,,1474267.94,D,S,2026-03-30 00:00:00,,,1,Generado Automáticamente - Periodo 3/2026 - Tipo/Grupo 9/1,2026-03-30 00:00:00,N,SECGRA,,,,,
2026,2319,2026-03-30 00:00:00,GMADA,1110115000,22,50052,R,2319,110,,,,,,,,589707.18,D,S,2026-03-30 00:00:00,,,1,Generado Automáticamente - Periodo 3/2026 - Tipo/Grupo 9/1,2026-03-30 00:00:00,N,SECGRA,,,,,
2026,2320,2026-03-30 00:00:00,GMADA,1110117000,24,50008,R,2320,110,,,,,,,,22722241.55,D,S,2026-03-30 00:00:00,,,1,Generado Automáticamente - Periodo 3/2026 - Tipo/Grupo 9/1,2026-03-30 00:00:00,N,000002,,,,,
2026,2321,2026-03-30 00:00:00,GMADA,1110117000,24,50051,R,2321,110,,,,,,,,2324680.57,D,S,2026-03-30 00:00:00,,,1,Generado Automáticamente - Periodo 3/2026 - Tipo/Grupo 9/1,2026-03-30 00:00:00,N,000002,,,,,
2026,2322,2026-03-30 00:00:00,GMADA,1110117000,24,50052,R,2322,110,,,,,,,,988633.27,D,S,2026-03-30 00:00:00,,,1,Generado Automáticamente - Periodo 3/2026 - Tipo/Grupo 9/1,2026-03-30 00:00:00,N,000002,,,,,
2026,2323,2026-03-30 00:00:00,GMADA,1110118000,25,50008,R,2323,110,,,,,,,,24623687.35,D,S,2026-03-30 00:00:00,,,1,Generado Automáticamente - Periodo 3/2026 - Tipo/Grupo 9/1,2026-03-30 00:00:00,N,DECI,,,,,
2026,2324,2026-03-30 00:00:00,GMADA,1110118000,25,50008,R,2324,110,,,,,,,,7773838.86,D,S,2026-03-30 00:00:00,,,1,Generado Automáticamente - Periodo 3/2026 - Tipo/Grupo 9/1,2026-03-30 00:00:00,N,BARU,,,,,
2026,2325,2026-03-30 00:00:00,GMADA,1110118000,25,50008,R,2325,110,,,,,,,,2681875.1,D,S,2026-03-30 00:00:00,,,1,Generado Automáticamente - Periodo 3/2026 - Tipo/Grupo 9/1,2026-03-30 00:00:00,N,VIMUNI,,,,,
2026,2326,2026-03-30 00:00:00,GMADA,1110118000,25,50008,R,2326,110,,,,,,,,78818408.71,D,S,2026-03-30 00:00:00,,,1,Generado Automáticamente - Periodo 3/2026 - Tipo/Grupo 9/1,2026-03-30 00:00:00,N,00003,,,,,
2026,2327,2026-03-30 00:00:00,GMADA,1110118000,25,50008,R,2327,110,,,,,,,,6419025.08,D,S,2026-03-30 00:00:00,,,1,Generado Automáticamente - Periodo 3/2026 - Tipo/Grupo 9/1,2026-03-30 00:00:00,N,MEAM,,,,,
2026,2328,2026-03-30 00:00:00,GMADA,1110118000,25,50051,R,2328,110,,,,,,,,705414.04,D,S,2026-03-30 00:00:00,,,1,Generado Automáticamente - Periodo 3/2026 - Tipo/Grupo 9/1,2026-03-30 00:00:00,N,BARU,,,,,
2026,2329,2026-03-30 00:00:00,GMADA,1110118000,25,50051,R,2329,110,,,,,,,,6708855.67,D,S,2026-03-30 00:00:00,,,1,Generado Automáticamente - Periodo 3/2026 - Tipo/Grupo 9/1,2026-03-30 00:00:00,N,00003,,,,,
2026,2330,2026-03-30 00:00:00,GMADA,1110118000,25,50051,R,2330,110,,,,,,,,2407602.82,D,S,2026-03-30 00:00:00,,,1,Generado Automáticamente - Periodo 3/2026 - Tipo/Grupo 9/1,2026-03-30 00:00:00,N,DECI,,,,,
2026,2331,2026-03-30 00:00:00,GMADA,1110118000,25,50051,R,2331,110,,,,,,,,578562.8,D,S,2026-03-30 00:00:00,,,1,Generado Automáticamente - Periodo 3/2026 - Tipo/Grupo 9/1,2026-03-30 00:00:00,N,MEAM,,,,,
2026,2332,2026-03-30 00:00:00,GMADA,1110118000,25,50051,R,2332,110,,,,,,,,270674.06,D,S,2026-03-30 00:00:00,,,1,Generado Automáticamente - Periodo 3/2026 - Tipo/Grupo 9/1,2026-03-30 00:00:00,N,VIMUNI,,,,,
2026,2333,2026-03-30 00:00:00,GMADA,1110118000,25,50052,R,2333,110,,,,,,,,2699535.67,D,S,2026-03-30 00:00:00,,,1,Generado Automáticamente - Periodo 3/2026 - Tipo/Grupo 9/1,2026-03-30 00:00:00,N,00003,,,,,
2026,2334,2026-03-30 00:00:00,GMADA,1110118000,25,50052,R,2334,110,,,,,,,,108269.62,D,S,2026-03-30 00:00:00,,,1,Generado Automáticamente - Periodo 3/2026 - Tipo/Grupo 9/1,2026-03-30 00:00:00,N,VIMUNI,,,,,
2026,2335,2026-03-30 00:00:00,GMADA,1110118000,25,50052,R,2335,110,,,,,,,,231425.13,D,S,2026-03-30 00:00:00,,,1,Generado Automáticamente - Periodo 3/2026 - Tipo/Grupo 9/1,2026-03-30 00:00:00,N,MEAM,,,,,
2026,2336,2026-03-30 00:00:00,GMADA,1110118000,25,50052,R,2336,110,,,,,,,,282165.62,D,S,2026-03-30 00:00:00,,,1,Generado Automáticamente - Periodo 3/2026 - Tipo/Grupo 9/1,2026-03-30 00:00:00,N,BARU,,,,,
2026,2337,2026-03-30 00:00:00,GMADA,1110118000,25,50052,R,2337,110,,,,,,,,963041.09,D,S,2026-03-30 00:00:00,,,1,Generado Automáticamente - Periodo 3/2026 - Tipo/Grupo 9/1,2026-03-30 00:00:00,N,DECI,,,,,
2026,2338,2026-03-30 00:00:00,GMADA,1110118000,25,50008,R,2338,131,,,,,,,,738999.06,D,S,2026-03-30 00:00:00,,,1,Generado Automáticamente - Periodo 3/2026 - Tipo/Grupo 9/1,2026-03-30 00:00:00,N,MEAM,,,,,
2026,2339,2026-03-30 00:00:00,GMADA,1110118000,25,50052,R,2339,131,,,,,,,,35471.95,D,S,2026-03-30 00:00:00,,,1,Generado Automáticamente - Periodo 3/2026 - Tipo/Grupo 9/1,2026-03-30 00:00:00,N,MEAM,,,,,
2026,2340,2026-03-30 00:00:00,GMADA,1110200000,8,50008,R,2340,110,,,,,,,,24371704.67,D,S,2026-03-30 00:00:00,,,1,Generado Automáticamente - Periodo 3/2026 - Tipo/Grupo 9/1,2026-03-30 00:00:00,N,PRESID,,,,,
2026,2341,2026-03-30 00:00:00,GMADA,1110200000,8,50051,R,2341,110,,,,,,,,2545432.92,D,S,2026-03-30 00:00:00,,,1,Generado Automáticamente - Periodo 3/2026 - Tipo/Grupo 9/1,2026-03-30 00:00:00,N,PRESID,,,,,
2026,2342,2026-03-30 00:00:00,GMADA,1110200000,8,50052,R,2342,110,,,,,,,,1018173.16,D,S,2026-03-30 00:00:00,,,1,Generado Automáticamente - Periodo 3/2026 - Tipo/Grupo 9/1,2026-03-30 00:00:00,N,PRESID,,,,,
2026,2358,2026-03-30 00:00:00,GMADA,1110102000,2,50036,R,2358,110,,,,,,,,48265.69,D,S,2026-03-30 00:00:00,,,2,fact 0471-01006466,2026-03-30 00:00:00,N,ADFIN,,N,2026,,N
2026,2385,2026-03-31 00:00:00,GMADA,1110108000,14,2310,D,1890,110,1,996,1,1051,,,,-19383.29,D,S,2026-03-31 00:00:00,,,1,Registro generado por Compras,2026-03-31 00:00:00,N,PROD,,N,,,N
2026,2361,2026-03-30 00:00:00,GMADA,1110102000,2,50036,R,2361,110,,,,,,,,46397.45,D,S,2026-03-30 00:00:00,,,2,fact 0471-00996075,2026-03-30 00:00:00,N,ADFIN,,N,2026,,N
2026,2363,2026-03-30 00:00:00,GMADA,1110102000,2,50036,R,2363,132,,,,,,,,119300.0,D,S,2026-03-30 00:00:00,,,1,casa tandil,2026-03-30 00:00:00,N,CATAN,2026-03-30 00:00:00,N,2026,,N
2026,2364,2026-03-30 00:00:00,GMADA,1110102000,2,50087,R,2364,110,,,,,,,,205937.86,D,S,2026-03-30 00:00:00,,,2,comisiones,2026-03-30 00:00:00,N,ADFIN,,N,2026,,N
2026,2366,2026-03-30 00:00:00,GMADA,1110102000,2,50087,R,2366,110,,,,,,,,2771301.13,D,S,2026-03-30 00:00:00,,,2,comisiones,2026-03-30 00:00:00,N,ADFIN,,N,2026,,N
2026,2368,2026-03-30 00:00:00,GMADA,1110102000,2,50036,R,2368,110,,,,,,,,49468.43,D,S,2026-03-30 00:00:00,,,2,periodo 1/26,2026-03-30 00:00:00,N,ADFIN,,N,2026,,N
2026,2386,2026-03-31 00:00:00,GMADA,1110106000,7,167,D,2082,132,1,1091,1,1148,,,,-97.5,D,S,2026-03-31 00:00:00,,,1,Registro generado por Compras,2026-03-31 00:00:00,N,ACCSOC,2026-03-19 00:00:00,N,,,N
2026,2933,2026-04-29 00:00:00,GMADA,1110118000,25,650,R,2933,110,1,1509,1,1453,,,,4000000.0,D,S,2026-04-29 00:00:00,,,1,Alquiler maquinaria,2026-04-29 00:00:00,N,BARU,2026-04-29 00:00:00,N,2026,,N
2026,2934,2026-04-29 00:00:00,GMADA,1110118000,25,3395,R,2934,110,1,1510,1,1579,,,,230000.0,D,S,2026-04-29 00:00:00,,,1,Bateria automotor,2026-04-29 00:00:00,N,000SU,2026-04-29 00:00:00,N,2026,,N
2026,3049,2026-04-29 00:00:00,GMADA,1110113000,20,688,R,3049,110,1,1545,1,1611,,,,1150000.0,D,S,2026-04-29 00:00:00,,,1,Lubricantes,2026-04-29 00:00:00,N,SECSEG,2026-04-29 00:00:00,N,2026,,N
2026,3050,2026-04-29 00:00:00,GMADA,1110113000,20,1266,R,3050,110,1,1511,1,1632,,,,3920000.0,N,S,2026-04-29 00:00:00,,,1,Servicio de alarmas,2026-04-29 00:00:00,N,SECSEG,2026-04-29 00:00:00,N,2026,,N
2026,3051,2026-04-29 00:00:00,GMADA,1110111000,3,1266,R,3051,131,1,1512,1,1631,,,,256000.0,N,S,2026-04-29 00:00:00,,,1,Servicio de alarmas,2026-04-29 00:00:00,N,CAS,2026-04-29 00:00:00,N,2026,,N
2026,3052,2026-04-29 00:00:00,GMADA,1110104000,5,167,R,3052,131,1,1518,1,1624,,,,263100.0,D,S,2026-04-29 00:00:00,,,1,Alimentos personas(pollo),2026-04-29 00:00:00,N,HOGANC,2026-04-29 00:00:00,N,2026,,N
2026,3053,2026-04-29 00:00:00,GMADA,1110104000,5,441,R,3053,131,1,1520,1,1625,,,,56674.18,D,S,2026-04-29 00:00:00,,,1,art libreria,2026-04-29 00:00:00,N,HOGANC,2026-04-29 00:00:00,N,2026,,N
2026,3054,2026-04-29 00:00:00,GMADA,1110104000,5,167,R,3054,131,1,1521,1,1626,,,,776000.0,D,S,2026-04-29 00:00:00,,,1,Alimentos personas(pollo),2026-04-29 00:00:00,N,COC,2026-04-29 00:00:00,N,2026,,N
2026,3055,2026-04-29 00:00:00,GMADA,1110113000,20,68,R,3055,110,1,1522,1,1609,,,,346000.0,N,S,2026-04-29 00:00:00,,,1,Serv atmosferico,2026-04-29 00:00:00,N,SECSEG,2026-04-29 00:00:00,N,2026,,N
2026,3056,2026-04-29 00:00:00,GMADA,1110104000,5,3356,R,3056,131,1,1523,1,1587,,,,171000.0,D,S,2026-04-29 00:00:00,,,1,Alimentos personas (pescado),2026-04-29 00:00:00,N,COC,2026-04-29 00:00:00,N,2026,,N
2026,3057,2026-04-29 00:00:00,GMADA,1110104000,5,1063,R,3057,131,1,1524,1,1584,,,,214000.0,D,S,2026-04-29 00:00:00,,,1,Reparacion de equipos,2026-04-29 00:00:00,N,SASER,2026-04-29 00:00:00,N,2026,,N
2026,3058,2026-04-29 00:00:00,GMADA,1110104000,5,3322,R,3058,131,1,1525,1,1585,,,,656240.16,D,S,2026-04-29 00:00:00,,,1,Art limpieza,2026-04-29 00:00:00,N,LAV,2026-04-29 00:00:00,N,2026,,N
2026,3060,2026-04-29 00:00:00,GMADA,1110109000,13,1578,R,3060,110,1,1526,1,1573,,,,300000.0,D,S,2026-04-29 00:00:00,,,1,Sillas plasticas,2026-04-29 00:00:00,N,DEP,2026-04-29 00:00:00,N,2026,,N
2026,3061,2026-04-29 00:00:00,GMADA,1110106000,7,19,R,3061,132,1,1528,1,1574,,,,11800.0,D,S,2026-04-29 00:00:00,,,1,Art ferreteria,2026-04-29 00:00:00,N,JARD,2026-04-29 00:00:00,N,2026,,N
2026,3062,2026-04-29 00:00:00,GMADA,1110115000,22,2302,R,3062,110,1,1530,1,1600,,,,167923.0,D,S,2026-04-29 00:00:00,,,1,Cartuchos tinta,2026-04-29 00:00:00,N,DIRINF,2026-04-29 00:00:00,N,2026,,N
2026,3063,2026-04-29 00:00:00,GMADA,1110115000,22,3226,R,3063,110,1,1532,1,1601,,,,102369.0,N,S,2026-04-29 00:00:00,,,1,Cartuchos tinta,2026-04-29 00:00:00,N,DIRINF,2026-04-29 00:00:00,N,2026,,N
2026,3064,2026-04-29 00:00:00,GMADA,1110102000,2,2110,R,3064,110,1,1534,1,1596,,,,160000.0,D,S,2026-04-29 00:00:00,,,1,Reparacion bombeador,2026-04-29 00:00:00,N,GOBHAC,2026-04-29 00:00:00,N,2026,,N
2026,3065,2026-04-29 00:00:00,GMADA,1110105000,6,2110,R,3065,110,1,1537,1,1597,,,,150000.0,D,S,2026-04-29 00:00:00,,,1,Reparaciones plomeria,2026-04-29 00:00:00,N,CASA,2026-04-29 00:00:00,N,2026,,N
2026,3066,2026-04-29 00:00:00,GMADA,1110105000,6,2110,R,3066,110,1,1538,1,1598,,,,120000.0,D,S,2026-04-29 00:00:00,,,1,Mantenimiento gasista,2026-04-29 00:00:00,N,CULTUR,2026-04-29 00:00:00,N,2026,,N
2026,3067,2026-04-29 00:00:00,GMADA,1110105000,6,2746,R,3067,110,1,1539,1,1599,,,,351693.0,D,S,2026-04-29 00:00:00,,,1,Art. rurales,2026-04-29 00:00:00,N,CULTUR,2026-04-29 00:00:00,N,2026,,N
2026,3068,2026-04-29 00:00:00,GMADA,1110113000,20,3297,R,3068,110,1,1543,1,1610,,,,630000.0,D,S,2026-04-29 00:00:00,,,1,Alineacion y frenos,2026-04-29 00:00:00,N,SECSEG,2026-04-29 00:00:00,N,2026,,N
2026,3071,2026-04-29 00:00:00,GMADA,1110111000,3,3502,R,3071,131,1,1516,1,1614,,,,750000.0,D,S,2026-04-29 00:00:00,,,1,Reparacion camion,2026-04-29 00:00:00,N,CAS,2026-04-29 00:00:00,N,2026,,N
2026,3072,2026-04-29 00:00:00,GMADA,1110112000,19,90,R,3072,110,1,1513,1,1630,,,,3229133.0,D,S,2026-04-29 00:00:00,,,1,Alimentos personas,2026-04-29 00:00:00,N,CONTRA,2026-04-29 00:00:00,N,2026,,N
2026,3073,2026-04-29 00:00:00,GMADA,1110118000,25,3332,R,3073,110,1,1517,1,1615,,,,546200.0,D,S,2026-04-29 00:00:00,,,1,Carga matafuegos,2026-04-29 00:00:00,N,000SU,2026-04-29 00:00:00,N,2026,,N
2026,3074,2026-04-29 00:00:00,GMADA,1110118000,25,169,R,3074,110,1,1519,1,1616,,,,13500.0,D,S,2026-04-29 00:00:00,,,1,Art limpieza,2026-04-29 00:00:00,N,000SU,2026-04-29 00:00:00,N,2026,,N
2026,3075,2026-04-29 00:00:00,GMADA,1110104000,5,3322,R,3075,131,1,1514,1,1627,,,,68483.54,D,S,2026-04-29 00:00:00,,,1,Art limpieza,2026-04-29 00:00:00,N,COC,2026-04-29 00:00:00,N,2026,,N
2026,3076,2026-04-29 00:00:00,GMADA,1110113000,20,2878,R,3076,110,1,1547,1,1612,,,,80000.0,D,S,2026-04-29 00:00:00,,,1,Serv. de cerrajeria,2026-04-29 00:00:00,N,SECSEG,2026-04-29 00:00:00,N,2026,,N
2026,3077,2026-04-29 00:00:00,GMADA,1110113000,20,2675,R,3077,110,1,1549,1,1613,,,,137000.0,D,S,2026-04-29 00:00:00,,,1,Repuestos vehiculos,2026-04-29 00:00:00,N,SECSEG,2026-04-29 00:00:00,N,2026,,N
2026,1008,2026-02-04 00:00:00,GMADA,1110104000,5,1876,R,1008,131,1,563,1,590,,,,1803048.5,D,S,2026-02-04 00:00:00,,,1,Insumos farmacia,2026-02-04 00:00:00,N,FARM,2026-02-04 00:00:00,N,2026,,N
2026,1009,2026-02-04 00:00:00,GMADA,1110104000,5,3184,R,1009,131,1,569,1,587,,,,6548379.18,D,S,2026-02-04 00:00:00,,,1,Insumos farmacia,2026-02-04 00:00:00,N,FARM,2026-02-04 00:00:00,N,2026,,N
2026,1010,2026-02-04 00:00:00,GMADA,1110104000,5,167,R,1010,131,1,573,1,581,,,,1132905.5,D,S,2026-02-04 00:00:00,,,1,Alimentos (pollo),2026-02-04 00:00:00,N,HOSP,2026-02-04 00:00:00,N,2026,,N
2026,1011,2026-02-04 00:00:00,GMADA,1110104000,5,3322,R,1011,131,1,572,1,584,,,,328102.69,D,S,2026-02-04 00:00:00,,,1,Art limpieza,2026-02-04 00:00:00,N,HOSP,2026-02-04 00:00:00,N,2026,,N
2026,1012,2026-02-04 00:00:00,GMADA,1110104000,5,395,R,1012,131,1,571,1,593,,,,197600.0,D,S,2026-02-04 00:00:00,,,1,Insumos laboratorio,2026-02-04 00:00:00,N,LAB,2026-02-04 00:00:00,N,2026,,N
2026,1013,2026-02-04 00:00:00,GMADA,1110104000,5,1943,R,1013,131,1,564,1,603,,,,1392216.28,A,S,2026-02-04 00:00:00,2026-02-11 00:00:00,ERROR,2,Mant. planta oxigeno,2026-02-04 00:00:00,N,PO,2026-02-04 00:00:00,N,2026,,N
2026,1014,2026-02-04 00:00:00,GMADA,1110118000,25,1658,R,1014,110,1,565,1,604,,,,1200000.0,D,S,2026-02-04 00:00:00,,,1,Agua mineral,2026-02-04 00:00:00,N,BARU,2026-02-04 00:00:00,N,2026,,N
2026,1015,2026-02-04 00:00:00,GMADA,1110118000,25,2369,R,1015,110,1,566,1,599,,,,2146194.76,D,S,2026-02-04 00:00:00,,,1,Repuestos vehiculos,2026-02-04 00:00:00,N,000SU,2026-02-04 00:00:00,N,2026,,N
2026,1016,2026-02-04 00:00:00,GMADA,1110111000,3,1879,R,1016,131,1,567,1,600,,,,66800.0,D,S,2026-02-04 00:00:00,,,1,Repuestos vehiculos,2026-02-04 00:00:00,N,CAS,2026-02-04 00:00:00,N,2026,,N
2026,1018,2026-02-04 00:00:00,GMADA,1110104000,5,1936,R,1018,131,1,560,1,580,,,,2100000.0,D,S,2026-02-04 00:00:00,,,1,Uniformes personal,2026-02-04 00:00:00,N,HOSP,2026-02-04 00:00:00,N,2026,,N
2026,1019,2026-02-04 00:00:00,GMADA,1110106000,7,90,R,1019,132,1,570,1,602,,,,8011800.0,D,S,2026-02-04 00:00:00,,,1,Alimentos,2026-02-04 00:00:00,N,ACCSOC,2026-02-04 00:00:00,N,2026,,N
2026,1020,2026-02-04 00:00:00,GMADA,1110112000,19,2208,R,1020,110,1,568,1,601,,,,228000.0,D,S,2026-02-04 00:00:00,,,1,Repacion electricidad,2026-02-04 00:00:00,N,CONTRA,2026-02-04 00:00:00,N,2026,,N
2026,1036,2026-02-06 00:00:00,GMADA,1110117000,24,50072,R,1036,110,,,,,,,,279824.17,D,S,2026-02-06 00:00:00,,,1,gtos judiciales c/ZHUYU WEI,2026-02-06 00:00:00,N,000A,2026-02-06 00:00:00,N,2026,,N
2026,1037,2026-02-06 00:00:00,GMADA,1110117000,24,51021,R,1037,110,,,,,EXPED,58,2026,344674.64,D,S,2026-02-06 00:00:00,,,1,HONORARIOS,2026-02-06 00:00:00,N,000A,2026-02-06 00:00:00,N,2026,,N
2026,1039,2026-02-06 00:00:00,GMADA,1110118000,25,1754,R,1039,110,,,,,,,,21000.0,D,S,2026-02-06 00:00:00,,,1,Reg.Comp. 1688/2025 agua,2026-02-06 00:00:00,N,000SU,2026-02-06 00:00:00,N,,,N
2026,1726,2026-03-05 00:00:00,GMADA,1110102000,2,50036,R,1726,132,,,,,,,,284743.25,D,S,2026-03-05 00:00:00,,,2,internet .Cema,2026-03-05 00:00:00,N,AREAJ,,N,2026,,N
2026,1729,2026-03-05 00:00:00,GMADA,1110103000,3,2498,R,1729,132,,,,,EXPED,1619,2025,8523380.66,D,S,2026-03-05 00:00:00,,,1,Reg.Comp. 6454/2025 obra,2026-03-05 00:00:00,N,OPP,,N,,,N
2026,1730,2026-03-05 00:00:00,GMADA,1110112000,19,50003,R,1730,110,,,,,,,,82000.0,D,S,2026-03-05 00:00:00,,,2,VIATICO Y. LAMBERTUCCI/S.LEIVA,2026-03-05 00:00:00,N,SEHA,,N,2026,,N
2026,1789,2026-03-10 00:00:00,GMADA,1110104000,5,3322,R,1789,131,1,898,1,963,,,,244535.63,D,S,2026-03-10 00:00:00,,,1,arts de limp,2026-03-10 00:00:00,N,LAV,2026-03-10 00:00:00,N,2026,,N
2026,1790,2026-03-10 00:00:00,GMADA,1110104000,5,1440,R,1790,131,1,900,1,964,,,,5073395.0,D,S,2026-03-10 00:00:00,,,1,insumos hosps,2026-03-10 00:00:00,N,FARM,,N,2026,,N
2026,1791,2026-03-10 00:00:00,GMADA,1110104000,5,3322,R,1791,131,1,930,1,940,,,,203339.51,D,S,2026-03-10 00:00:00,,,1,arts de limp,2026-03-10 00:00:00,N,INTER,2026-03-10 00:00:00,N,2026,,N
2026,1792,2026-03-10 00:00:00,GMADA,1110104000,5,2627,R,1792,131,1,903,1,934,,,,6000.0,D,S,2026-03-10 00:00:00,,,1,pastas,2026-03-10 00:00:00,N,HOGANC,2026-03-10 00:00:00,N,2026,,N
2026,1793,2026-03-10 00:00:00,GMADA,1110105000,6,3563,R,1793,110,1,883,1,969,,,,500000.0,D,S,2026-03-10 00:00:00,,,1,serv de luces,2026-03-10 00:00:00,N,CULTUR,2026-03-10 00:00:00,N,2026,,N
2026,1794,2026-03-10 00:00:00,GMADA,1110111000,3,1514,R,1794,131,1,912,1,1005,,,,10248000.0,D,S,2026-03-10 00:00:00,,,1,gas-oil,2026-03-10 00:00:00,N,CAS,2026-03-10 00:00:00,N,2026,,N
2026,1795,2026-03-10 00:00:00,GMADA,1110113000,20,777,R,1795,110,1,915,1,976,,,,240400.0,D,S,2026-03-10 00:00:00,,,1,repuestos,2026-03-10 00:00:00,N,SECSEG,2026-03-10 00:00:00,N,2026,,N
2026,1796,2026-03-10 00:00:00,GMADA,1110113000,20,777,R,1796,110,1,916,1,979,,,,347100.0,D,S,2026-03-10 00:00:00,,,1,repuestos,2026-03-10 00:00:00,N,SECSEG,2026-03-10 00:00:00,N,2026,,N
2026,1797,2026-03-10 00:00:00,GMADA,1110113000,20,1259,R,1797,110,1,917,1,980,,,,110322.8,D,S,2026-03-10 00:00:00,,,1,arts de elect,2026-03-10 00:00:00,N,SECSEG,2026-03-10 00:00:00,N,2026,,N
2026,1851,2026-03-10 00:00:00,GMADA,1110101000,1,50003,R,1851,110,,,,,,,,260000.0,D,S,2026-03-10 00:00:00,,,2,viatico ESTEBAN SANTORO,2026-03-10 00:00:00,N,INT,,N,2026,,N
2026,1853,2026-03-10 00:00:00,GMADA,1110118000,25,50003,R,1853,110,,,,,,,,220000.0,D,S,2026-03-10 00:00:00,,,1,VIATICO BRUNO YOLDI,2026-03-10 00:00:00,N,MEAM,,N,2026,,N
2026,3113,2026-05-04 00:00:00,GMADA,1110104000,5,2197,R,3113,131,1,1575,1,1661,,,,1806000.0,D,S,2026-05-04 00:00:00,,,1,Durlok Terapia Int.,2026-05-04 00:00:00,N,TERINT,2026-05-04 00:00:00,N,2026,,N
2026,3114,2026-05-04 00:00:00,GMADA,1110104000,5,3165,R,3114,131,1,1576,1,1658,,,,5719404.87,D,S,2026-05-04 00:00:00,,,1,Insumos farmacia,2026-05-04 00:00:00,N,FARM,2026-05-04 00:00:00,N,2026,,N
2026,3115,2026-05-04 00:00:00,GMADA,1110105000,6,3287,R,3115,110,1,1581,1,1652,,,,267000.0,D,S,2026-05-04 00:00:00,,,1,Serv. de impresion,2026-05-04 00:00:00,N,TURIS,2026-05-04 00:00:00,N,2026,,N
2026,3116,2026-05-04 00:00:00,GMADA,1110104000,5,1259,R,3116,131,1,1582,1,1649,,,,39970.0,D,S,2026-05-04 00:00:00,,,1,Art. de electricidad,2026-05-04 00:00:00,N,TRIA,2026-05-04 00:00:00,N,2026,,N
2026,3117,2026-05-04 00:00:00,GMADA,1110104000,5,688,R,3117,131,1,1584,1,1646,,,,326000.0,D,S,2026-05-04 00:00:00,,,1,Rep vehiculo (Bateria AG243BV),2026-05-04 00:00:00,N,HOSP,2026-05-04 00:00:00,N,2026,,N
2026,3118,2026-05-04 00:00:00,GMADA,1110104000,5,2735,R,3118,110,1,1587,1,1643,,,,469800.0,N,S,2026-05-04 00:00:00,,,1,Insumos veterinarios,2026-05-04 00:00:00,N,BROM,2026-05-04 00:00:00,N,2026,,N
2026,3119,2026-05-04 00:00:00,GMADA,1110104000,5,285,R,3119,131,1,1588,1,1640,,,,447458.61,D,S,2026-05-04 00:00:00,,,1,Insumos laboratorio,2026-05-04 00:00:00,N,LAB,2026-05-04 00:00:00,N,2026,,N
2026,3120,2026-05-04 00:00:00,GMADA,1110104000,5,17,R,3120,131,1,1589,1,1635,,,,890000.0,D,S,2026-05-04 00:00:00,,,1,Motor para tractor,2026-05-04 00:00:00,N,HOSP,2026-05-04 00:00:00,N,2026,,N
2026,3121,2026-05-04 00:00:00,GMADA,1110103000,3,3287,R,3121,110,1,1559,1,1618,,,,443100.0,D,S,2026-05-04 00:00:00,,,1,Serv de impresion,2026-05-04 00:00:00,N,OPP,2026-05-04 00:00:00,N,2026,,N
2026,3122,2026-05-04 00:00:00,GMADA,1110118000,25,3398,R,3122,110,1,1560,1,1580,,,,668682.0,N,S,2026-05-04 00:00:00,,,1,Repuestos vehiculos,2026-05-04 00:00:00,N,000SU,2026-05-04 00:00:00,N,2026,,N
2026,3123,2026-05-04 00:00:00,GMADA,1110104000,5,1440,R,3123,131,1,1561,1,1581,,,,4709150.0,D,S,2026-05-04 00:00:00,,,1,Insumos tomografo,2026-05-04 00:00:00,N,TOMO,2026-05-04 00:00:00,N,2026,,N
2026,3124,2026-05-04 00:00:00,GMADA,1110106000,7,2110,R,3124,132,1,1562,1,1575,,,,425000.0,D,S,2026-05-04 00:00:00,,,1,Mantenimiento y reparacion,2026-05-04 00:00:00,N,JARD,2026-05-04 00:00:00,N,2026,,N
2026,3125,2026-05-04 00:00:00,GMADA,1110106000,7,3296,R,3125,132,1,1566,1,1576,,,,126258.83,D,S,2026-05-04 00:00:00,,,1,Art de pintureria,2026-05-04 00:00:00,N,JARD,2026-05-04 00:00:00,N,2026,,N
2026,3126,2026-05-04 00:00:00,GMADA,1110104000,5,2663,R,3126,131,1,1571,1,1604,,,,1104618.85,N,S,2026-05-04 00:00:00,,,1,Insumos farmacia,2026-05-04 00:00:00,N,FARM,2026-05-04 00:00:00,N,2026,,N
2026,3128,2026-05-04 00:00:00,GMADA,1110106000,7,68,R,3128,110,1,1572,1,1605,,,,1500000.0,D,S,2026-05-04 00:00:00,,,1,Serv. atmosferico,2026-05-04 00:00:00,N,ACCSOC,2026-05-04 00:00:00,N,2026,,N
2026,3129,2026-05-04 00:00:00,GMADA,1110104000,5,1259,R,3129,131,1,1573,1,1588,,,,86582.35,D,S,2026-05-04 00:00:00,,,1,Art. electricidad,2026-05-04 00:00:00,N,INTER,2026-05-04 00:00:00,N,2026,,N
2026,3130,2026-05-04 00:00:00,GMADA,1110104000,5,2209,R,3130,131,1,1577,1,1589,,,,78816.0,N,S,2026-05-04 00:00:00,,,1,Art higiene,2026-05-04 00:00:00,N,HOGANC,2026-05-04 00:00:00,N,2026,,N
2026,3131,2026-05-04 00:00:00,GMADA,1110104000,5,2595,R,3131,131,1,1585,1,1591,,,,33730.0,D,S,2026-05-04 00:00:00,,,1,Repuestos vehiculos,2026-05-04 00:00:00,N,PO,2026-05-04 00:00:00,N,2026,,N
2026,3132,2026-05-04 00:00:00,GMADA,1110104000,5,2869,R,3132,131,1,1590,1,1659,,,,2501723.0,D,S,2026-05-04 00:00:00,,,1,Alimentos personas (Carne),2026-05-04 00:00:00,N,HOGANC,2026-05-04 00:00:00,N,2026,,N
2026,3133,2026-05-04 00:00:00,GMADA,1110118000,25,1259,R,3133,110,1,1591,1,1656,,,,54220.6,D,S,2026-05-04 00:00:00,,,1,Insumos electricidad,2026-05-04 00:00:00,N,000SU,2026-05-04 00:00:00,N,2026,,N
2026,3134,2026-05-04 00:00:00,GMADA,1110106000,7,169,R,3134,110,1,1592,1,1653,,,,49000.0,D,S,2026-05-04 00:00:00,,,1,Art de limpieza,2026-05-04 00:00:00,N,ACCSOC,2026-05-04 00:00:00,N,2026,,N
2026,3135,2026-05-04 00:00:00,GMADA,1110104000,5,2514,R,3135,131,1,1593,1,1644,,,,130000.0,A,S,2026-05-04 00:00:00,2026-05-05 00:00:00,ERROR,1,Reparaciones plomeria,2026-05-04 00:00:00,N,HOGANC,2026-05-04 00:00:00,N,2026,,N
2026,3136,2026-05-04 00:00:00,GMADA,1110104000,5,2209,R,3136,131,1,1595,1,1650,,,,1011722.48,A,S,2026-05-04 00:00:00,2026-05-05 00:00:00,ERROR,1,Alimentos personas,2026-05-04 00:00:00,N,COC,,N,2026,,N
2026,3137,2026-05-04 00:00:00,GMADA,1110104000,5,850,R,3137,131,1,1594,1,1641,,,,1653656.92,D,S,2026-05-04 00:00:00,,,1,Insumos laboratorio,2026-05-04 00:00:00,N,LAB,2026-05-04 00:00:00,N,2026,,N
2026,3138,2026-05-04 00:00:00,GMADA,1110104000,5,3322,R,3138,131,1,1596,1,1647,,,,470329.09,D,S,2026-05-04 00:00:00,,,1,Art limpieza,2026-05-04 00:00:00,N,LAV,2026-05-04 00:00:00,N,2026,,N
2026,3139,2026-05-04 00:00:00,GMADA,1110104000,5,3184,R,3139,131,1,1597,1,1638,,,,3712727.0,N,S,2026-05-04 00:00:00,,,1,Insumos farmacia,2026-05-04 00:00:00,N,FARM,2026-05-04 00:00:00,N,2026,,N
2026,3140,2026-05-04 00:00:00,GMADA,1110104000,5,2627,R,3140,131,1,1570,1,1648,,,,73200.0,D,S,2026-05-04 00:00:00,,,1,Alimento personas (pastas),2026-05-04 00:00:00,N,COC,2026-05-04 00:00:00,N,2026,,N
2026,3141,2026-05-04 00:00:00,GMADA,1110104000,5,3287,R,3141,131,1,1579,1,1645,,,,53500.0,D,S,2026-05-04 00:00:00,,,1,Serv impresion,2026-05-04 00:00:00,N,ADM,2026-05-04 00:00:00,N,2026,,N
2026,1444,2026-02-24 00:00:00,GMADA,1110101000,1,50431,R,1444,131,,,,,,,,936783.0,D,S,2026-02-24 00:00:00,,,2,MULTAS DEC 236/26-1480/25-1482/25-1455/25-1531/25-1444/25-1443/25-1441/25-1182/25-609/25,2026-02-24 00:00:00,N,INT,,N,2026,,N
2026,1453,2026-02-24 00:00:00,GMADA,1110106000,7,50031,R,1453,110,,,,,,,,100000.0,D,S,2026-02-24 00:00:00,,,4,subsidio Fernanda Aguirre(feb),2026-02-24 00:00:00,N,ACCSOC,,N,2026,,N
2026,1466,2026-02-24 00:00:00,GMADA,1110105000,6,2846,R,1466,110,1,752,1,788,,,,640000.0,D,S,2026-02-24 00:00:00,,,1,alojamientto,2026-02-24 00:00:00,N,TURIS,2026-02-24 00:00:00,N,2026,,N
2026,1467,2026-02-24 00:00:00,GMADA,1110105000,6,186,R,1467,110,1,755,1,794,,,,540000.0,D,S,2026-02-24 00:00:00,,,1,alojamiento,2026-02-24 00:00:00,N,TURIS,2026-02-24 00:00:00,N,2026,,N
2026,1468,2026-02-24 00:00:00,GMADA,1110104000,5,3322,R,1468,131,1,756,1,800,,,,70902.9,D,S,2026-02-24 00:00:00,,,1,elementos de limp,2026-02-24 00:00:00,N,LAB,2026-02-24 00:00:00,N,2026,,N
2026,1469,2026-02-24 00:00:00,GMADA,1110106000,7,1259,R,1469,110,1,757,1,782,,,,81196.44,D,S,2026-02-24 00:00:00,,,1,utiles,2026-02-24 00:00:00,N,ACCSOC,2026-02-24 00:00:00,N,2026,,N
2026,1470,2026-02-24 00:00:00,GMADA,1110106000,7,2110,R,1470,132,1,762,1,784,,,,60000.0,D,S,2026-02-24 00:00:00,,,1,serv de mant,2026-02-24 00:00:00,N,ENV,2026-02-24 00:00:00,N,2026,,N
2026,1471,2026-02-24 00:00:00,GMADA,1110118000,25,3398,R,1471,110,1,764,1,779,,,,1957867.6,A,S,2026-02-24 00:00:00,2026-02-25 00:00:00,ERROR,1,rep,2026-02-24 00:00:00,N,000SU,2026-02-24 00:00:00,N,2026,,N
2026,2197,2026-03-26 00:00:00,GMADA,1110102000,2,2969,R,2197,110,,,,,,,,1829015.99,A,S,2026-03-26 00:00:00,2026-03-26 00:00:00,ERROR,1,servs,2026-03-26 00:00:00,N,GOBHAC,2026-03-26 00:00:00,N,2026,,N
2026,2200,2026-03-26 00:00:00,GMADA,1110102000,2,2969,R,2200,110,,,,,,,,2630328.98,D,S,2026-03-26 00:00:00,,,1,servs,2026-03-26 00:00:00,N,GOBHAC,2026-03-26 00:00:00,N,2026,,N
2026,2201,2026-03-26 00:00:00,GMADA,1110102000,2,2969,R,2201,110,,,,,,,,150000.01,D,S,2026-03-26 00:00:00,,,2,servs,2026-03-26 00:00:00,N,GOBHAC,,N,2026,,N
2026,2202,2026-03-26 00:00:00,GMADA,1110200000,8,2770,R,2202,110,1,1119,1,1176,,,,33700.0,D,S,2026-03-26 00:00:00,,,1,repuestos,2026-03-26 00:00:00,N,PRESID,2026-03-26 00:00:00,N,2026,,N
2026,2203,2026-03-26 00:00:00,GMADA,1110118000,25,3521,R,2203,110,1,1120,1,1195,,,,420000.0,D,S,2026-03-26 00:00:00,,,1,reparac de cargad,2026-03-26 00:00:00,N,BARU,2026-03-26 00:00:00,N,2026,,N
2026,2204,2026-03-26 00:00:00,GMADA,1110118000,25,3521,R,2204,110,1,1121,1,1194,,,,1480000.0,D,S,2026-03-26 00:00:00,,,1,servs de herreria,2026-03-26 00:00:00,N,BARU,2026-03-26 00:00:00,N,2026,,N
2026,2205,2026-03-26 00:00:00,GMADA,1110104000,5,717,R,2205,131,1,1122,1,1177,,,,179760.0,D,S,2026-03-26 00:00:00,,,1,alimentos,2026-03-26 00:00:00,N,COC,2026-03-26 00:00:00,N,2026,,N
2026,2206,2026-03-26 00:00:00,GMADA,1110104000,5,2869,R,2206,131,1,1123,1,1181,,,,1390980.0,D,S,2026-03-26 00:00:00,,,1,carne,2026-03-26 00:00:00,N,COC,2026-03-26 00:00:00,N,2026,,N
2026,2207,2026-03-26 00:00:00,GMADA,1110104000,5,2869,R,2207,131,1,1124,1,1180,,,,76500.0,D,S,2026-03-26 00:00:00,,,1,carne,2026-03-26 00:00:00,N,HOGANC,2026-03-26 00:00:00,N,2026,,N
2026,2208,2026-03-26 00:00:00,GMADA,1110104000,5,3165,R,2208,131,1,1125,1,1179,,,,7085296.75,D,S,2026-03-26 00:00:00,,,1,medicamentos,2026-03-26 00:00:00,N,FARM,2026-03-26 00:00:00,N,2026,,N
2026,2209,2026-03-26 00:00:00,GMADA,1110104000,5,866,R,2209,131,1,1126,1,1178,,,,7292940.92,D,S,2026-03-26 00:00:00,,,1,medicamentos,2026-03-26 00:00:00,N,FARM,2026-03-26 00:00:00,N,2026,,N
2026,2210,2026-03-26 00:00:00,GMADA,1110113000,20,776,R,2210,110,1,1127,1,1191,,,,105000.0,D,S,2026-03-26 00:00:00,,,1,parche,2026-03-26 00:00:00,N,SECSEG,2026-03-26 00:00:00,N,2026,,N
2026,2211,2026-03-26 00:00:00,GMADA,1110113000,20,776,R,2211,110,1,1128,1,1190,,,,110000.0,D,S,2026-03-26 00:00:00,,,1,reparac,2026-03-26 00:00:00,N,SECSEG,2026-03-26 00:00:00,N,2026,,N
2026,3194,2026-05-06 00:00:00,GMADA,1110102000,2,50342,R,3194,132,,,,,EXPED,1103,2026,182380.4,D,S,2026-05-06 00:00:00,,,2,becas marzo /abril,2026-05-06 00:00:00,N,AREAJ,,N,2026,,N
2026,3195,2026-05-06 00:00:00,GMADA,1110101000,1,51100,R,3195,110,,,,,,,,215531.25,D,S,2026-05-06 00:00:00,,,2,FACT 29470,2026-05-06 00:00:00,N,INT,,N,2026,,N
2026,3200,2026-05-06 00:00:00,GMADA,1110102000,2,50036,R,3200,132,,,,,,,,131580.0,D,S,2026-05-06 00:00:00,,,2,ABONO.CENTRO EST. TANDIL,2026-05-06 00:00:00,N,AREAJ,,N,2026,,N
2026,3216,2026-05-06 00:00:00,GMADA,1110102000,2,50087,R,3216,110,,,,,,,,171360.0,D,S,2026-05-06 00:00:00,,,2,COMISIONES,2026-05-06 00:00:00,N,ADFIN,,N,2026,,N
2026,3217,2026-05-06 00:00:00,GMADA,1110101000,1,50087,R,3217,110,,,,,,,,500000.0,D,S,2026-05-06 00:00:00,,,2,COPRES,2026-05-06 00:00:00,N,INT,,N,2026,,N
2026,3220,2026-05-06 00:00:00,GMADA,1110111000,3,50087,R,3220,131,,,,,,,,280000.0,D,S,2026-05-06 00:00:00,,,2,COPRES,2026-05-06 00:00:00,N,CAS,,N,2026,,N
2026,3224,2026-05-06 00:00:00,GMADA,1110113000,20,50087,R,3224,132,,,,,,,,5500000.0,D,S,2026-05-06 00:00:00,,,2,COPRES,2026-05-06 00:00:00,N,SECSEG,,N,2026,,N
2026,3227,2026-05-06 00:00:00,GMADA,1110104000,5,50087,R,3227,131,,,,,,,,1488000.0,D,S,2026-05-06 00:00:00,,,2,COPRES,2026-05-06 00:00:00,N,ADMI,,N,2026,,N
2026,3228,2026-05-06 00:00:00,GMADA,1110106000,7,50087,R,3228,110,,,,,,,,300000.0,D,S,2026-05-06 00:00:00,,,2,COPRES,2026-05-06 00:00:00,N,ACCSOC,,N,2026,,N
2026,3229,2026-05-06 00:00:00,GMADA,1110103000,3,50087,R,3229,110,,,,,,,,500000.0,D,S,2026-05-06 00:00:00,,,2,COPRES,2026-05-06 00:00:00,N,OPP,,N,2026,,N
2026,1798,2026-03-10 00:00:00,GMADA,1110104000,5,717,R,1798,131,1,918,1,981,,,,115200.0,D,S,2026-03-10 00:00:00,,,1,alimentos,2026-03-10 00:00:00,N,COC,2026-03-10 00:00:00,N,2026,,N
2026,1799,2026-03-10 00:00:00,GMADA,1110118000,25,1514,R,1799,132,1,920,1,1011,,,,10248000.0,D,S,2026-03-10 00:00:00,,,1,gas-oil,2026-03-10 00:00:00,N,000SU,2026-03-10 00:00:00,N,2026,,N
2026,1800,2026-03-10 00:00:00,GMADA,1110118000,25,1514,R,1800,132,1,922,1,1012,,,,4270000.0,D,S,2026-03-10 00:00:00,,,1,gas-oil,2026-03-10 00:00:00,N,BARU,2026-03-10 00:00:00,N,2026,,N
2026,1801,2026-03-10 00:00:00,GMADA,1110104000,5,3322,R,1801,131,1,899,1,944,,,,89507.56,D,S,2026-03-10 00:00:00,,,1,arts de limp,2026-03-10 00:00:00,N,LAB,2026-03-10 00:00:00,N,2026,,N
2026,1802,2026-03-10 00:00:00,GMADA,1110104000,5,850,R,1802,131,1,901,1,945,,,,2833657.09,D,S,2026-03-10 00:00:00,,,1,insumos hosps,2026-03-10 00:00:00,N,LAB,2026-03-10 00:00:00,N,2026,,N
2026,1803,2026-03-10 00:00:00,GMADA,1110104000,5,866,R,1803,131,1,902,1,952,,,,3048039.07,N,S,2026-03-10 00:00:00,,,1,medicamentos,2026-03-10 00:00:00,N,FARM,2026-03-10 00:00:00,N,2026,,N
2026,1804,2026-03-10 00:00:00,GMADA,1110104000,5,2883,R,1804,131,1,904,1,951,,,,287048.13,D,S,2026-03-10 00:00:00,,,1,insumos hosps,2026-03-10 00:00:00,N,FARM,2026-03-10 00:00:00,N,2026,,N
2026,1805,2026-03-10 00:00:00,GMADA,1110104000,5,441,R,1805,131,1,905,1,953,,,,78549.86,D,S,2026-03-10 00:00:00,,,1,arts de libreria,2026-03-10 00:00:00,N,HOSP,2026-03-10 00:00:00,N,2026,,N
2026,1806,2026-03-10 00:00:00,GMADA,1110104000,5,3322,R,1806,131,1,921,1,987,,,,958575.56,D,S,2026-03-10 00:00:00,,,1,arts de limp,2026-03-10 00:00:00,N,HOSP,2026-03-10 00:00:00,N,2026,,N
2026,1807,2026-03-10 00:00:00,GMADA,1110105000,6,171,R,1807,110,1,924,1,978,,,,78600.0,D,S,2026-03-10 00:00:00,,,1,arts de elect,2026-03-10 00:00:00,N,CULTUR,2026-03-10 00:00:00,N,2026,,N
2026,1808,2026-03-10 00:00:00,GMADA,1110113000,20,777,R,1808,110,1,927,1,977,,,,361000.0,D,S,2026-03-10 00:00:00,,,1,repuestos,2026-03-10 00:00:00,N,SECSEG,2026-03-10 00:00:00,N,2026,,N
2026,1809,2026-03-10 00:00:00,GMADA,1110104000,5,216,R,1809,131,1,928,1,946,,,,231400.0,D,S,2026-03-10 00:00:00,,,1,bolsas,2026-03-10 00:00:00,N,HOSP,2026-03-10 00:00:00,N,2026,,N
2026,1810,2026-03-10 00:00:00,GMADA,1110104000,5,3322,R,1810,131,1,929,1,938,,,,191750.12,D,S,2026-03-10 00:00:00,,,1,farts de limp,2026-03-10 00:00:00,N,CONEX,2026-03-10 00:00:00,N,2026,,N
2026,1811,2026-03-10 00:00:00,GMADA,1110104000,5,171,R,1811,131,1,906,1,954,,,,35900.0,D,S,2026-03-10 00:00:00,,,1,arts de elect,2026-03-10 00:00:00,N,TERINT,2026-03-10 00:00:00,N,2026,,N
2026,1812,2026-03-10 00:00:00,GMADA,1110104000,11,160,R,1812,110,1,907,1,957,,,,282740.0,D,S,2026-03-10 00:00:00,,,1,insumos veterinarios,2026-03-10 00:00:00,N,BROM,2026-03-10 00:00:00,N,2026,,N
2026,1813,2026-03-10 00:00:00,GMADA,1110104000,5,2869,R,1813,131,1,908,1,947,,,,1523303.0,D,S,2026-03-10 00:00:00,,,1,carne,2026-03-10 00:00:00,N,HOGANC,2026-03-10 00:00:00,N,2026,,N
2026,1814,2026-03-10 00:00:00,GMADA,1110104000,5,612,R,1814,131,1,909,1,955,,,,94000.0,D,S,2026-03-10 00:00:00,,,1,cartucho toner,2026-03-10 00:00:00,N,HOSP,2026-03-10 00:00:00,N,2026,,N
2026,1815,2026-03-10 00:00:00,GMADA,1110104000,5,527,R,1815,131,1,910,1,956,,,,151950.0,D,S,2026-03-10 00:00:00,,,1,insumos hosps,2026-03-10 00:00:00,N,HOSP,2026-03-10 00:00:00,N,2026,,N
2026,1816,2026-03-10 00:00:00,GMADA,1110118000,25,441,R,1816,110,1,911,1,958,,,,27900.0,D,S,2026-03-10 00:00:00,,,1,bolsas de consorcio,2026-03-10 00:00:00,N,DECI,2026-03-10 00:00:00,N,2026,,N
2026,1817,2026-03-10 00:00:00,GMADA,1110106000,7,717,R,1817,110,1,913,1,959,,,,13000.0,D,S,2026-03-10 00:00:00,,,1,arts de almacén,2026-03-10 00:00:00,N,ACCSOC,2026-03-10 00:00:00,N,2026,,N
2026,1818,2026-03-10 00:00:00,GMADA,1110118000,25,1141,R,1818,110,1,914,1,982,,,,770000.0,D,S,2026-03-10 00:00:00,,,1,lona,2026-03-10 00:00:00,N,000SU,2026-03-10 00:00:00,N,2026,,N
2026,1819,2026-03-10 00:00:00,GMADA,1110118000,25,826,R,1819,110,1,919,1,983,,,,65000.0,D,S,2026-03-10 00:00:00,,,1,comisiones,2026-03-10 00:00:00,N,000SU,2026-03-10 00:00:00,N,2026,,N
2026,1820,2026-03-10 00:00:00,GMADA,1110104000,5,2209,R,1820,131,1,923,1,985,,,,1225473.99,D,S,2026-03-10 00:00:00,,,1,alimentos,2026-03-10 00:00:00,N,HOGANC,2026-03-10 00:00:00,N,2026,,N
2026,1821,2026-03-10 00:00:00,GMADA,1110118000,25,777,R,1821,110,1,925,1,984,,,,201500.0,D,S,2026-03-10 00:00:00,,,1,repuestos,2026-03-10 00:00:00,N,000SU,2026-03-10 00:00:00,N,2026,,N
2026,1822,2026-03-10 00:00:00,GMADA,1110108000,14,3287,R,1822,110,1,926,1,986,,,,52500.0,D,S,2026-03-10 00:00:00,,,1,impresión de publicac,2026-03-10 00:00:00,N,PROD,2026-03-10 00:00:00,N,2026,,N
2026,1826,2026-03-10 00:00:00,GMADA,1110104000,5,395,R,1826,131,1,934,1,997,,,,97345.0,D,S,2026-03-10 00:00:00,,,1,estudios médicos,2026-03-10 00:00:00,N,LAB,2026-03-10 00:00:00,N,2026,,N
2026,1827,2026-03-10 00:00:00,GMADA,1110104000,5,2209,R,1827,131,1,935,1,1001,,,,86148.0,D,S,2026-03-10 00:00:00,,,1,arts de limp,2026-03-10 00:00:00,N,HOGANC,2026-03-10 00:00:00,N,2026,,N
2026,1828,2026-03-10 00:00:00,GMADA,1110118000,25,3395,R,1828,110,1,937,1,927,,,,671000.0,D,S,2026-03-10 00:00:00,,,1,bateria,2026-03-10 00:00:00,N,000SU,2026-03-10 00:00:00,N,2026,,N
2026,1956,2026-03-13 00:00:00,GMADA,1110102000,2,50008,R,1956,110,,,,,,,,319456.32,D,S,2026-03-13 00:00:00,,,1,Generado Automáticamente - Periodo 2/2026 - Tipo/Grupo 1/23,2026-03-13 00:00:00,N,AREAJ,,,,,
2026,1829,2026-03-10 00:00:00,GMADA,1110104000,5,866,R,1829,131,1,932,1,941,,,,3942134.28,D,S,2026-03-10 00:00:00,,,1,medicamentos,2026-03-10 00:00:00,N,FARM,2026-03-10 00:00:00,N,2026,,N
2026,1830,2026-03-10 00:00:00,GMADA,1110104000,5,169,R,1830,131,1,933,1,943,,,,90600.0,D,S,2026-03-10 00:00:00,,,1,arts de limp,2026-03-10 00:00:00,N,INTER,2026-03-10 00:00:00,N,2026,,N
2026,1831,2026-03-10 00:00:00,GMADA,1110109000,13,169,R,1831,110,1,936,1,924,,,,42550.0,D,S,2026-03-10 00:00:00,,,1,arts de limp,2026-03-10 00:00:00,N,DEP,2026-03-10 00:00:00,N,2026,,N
2026,1833,2026-03-10 00:00:00,GMADA,1110118000,25,2310,R,1833,110,1,938,1,926,,,,60834.34,D,S,2026-03-10 00:00:00,,,1,hierro,2026-03-10 00:00:00,N,000SU,2026-03-10 00:00:00,N,2026,,N
2026,1835,2026-03-10 00:00:00,GMADA,1110105000,6,3364,R,1835,110,1,970,1,1043,,,,250000.0,D,S,2026-03-10 00:00:00,,,1,alq de baño,2026-03-10 00:00:00,N,CULTUR,2026-03-10 00:00:00,N,2026,,N
2026,1836,2026-03-10 00:00:00,GMADA,1110104000,5,1810,R,1836,131,1,949,1,1002,,,,140000.0,D,S,2026-03-10 00:00:00,,,1,service,2026-03-10 00:00:00,N,CAPSN,2026-03-10 00:00:00,N,2026,,N
2026,1837,2026-03-10 00:00:00,GMADA,1110104000,5,688,R,1837,131,1,950,1,1003,,,,150000.0,D,S,2026-03-10 00:00:00,,,1,filtros,2026-03-10 00:00:00,N,HOSP,2026-03-10 00:00:00,N,2026,,N
2026,1841,2026-03-10 00:00:00,GMADA,1110118000,25,803,R,1841,110,1,939,1,928,,,,2884844.92,D,S,2026-03-10 00:00:00,,,1,filtros,2026-03-10 00:00:00,N,000SU,2026-03-10 00:00:00,N,2026,,N
2026,1842,2026-03-10 00:00:00,GMADA,1110106000,7,169,R,1842,110,1,941,1,961,,,,9700.0,D,S,2026-03-10 00:00:00,,,1,jabon liq,2026-03-10 00:00:00,N,GRAN,2026-03-10 00:00:00,N,2026,,N
2026,1843,2026-03-10 00:00:00,GMADA,1110103000,3,2110,R,1843,110,1,945,1,960,,,,65000.0,N,S,2026-03-10 00:00:00,,,1,plomeria,2026-03-10 00:00:00,N,OPP,2026-03-10 00:00:00,N,2026,,N
2026,1957,2026-03-13 00:00:00,GMADA,1110102000,2,50008,R,1957,110,,,,,,,,2065810.9,D,S,2026-03-13 00:00:00,,,1,Generado Automáticamente - Periodo 2/2026 - Tipo/Grupo 1/23,2026-03-13 00:00:00,N,GOBHAC,,,,,
2026,1958,2026-03-13 00:00:00,GMADA,1110103000,3,50008,R,1958,110,,,,,,,,151433.72,D,S,2026-03-13 00:00:00,,,1,Generado Automáticamente - Periodo 2/2026 - Tipo/Grupo 1/23,2026-03-13 00:00:00,N,SECOP,,,,,
2026,1959,2026-03-13 00:00:00,GMADA,1110104000,5,50008,R,1959,110,,,,,,,,212605.34,D,S,2026-03-13 00:00:00,,,1,Generado Automáticamente - Periodo 2/2026 - Tipo/Grupo 1/23,2026-03-13 00:00:00,N,BROM,,,,,
2026,1960,2026-03-13 00:00:00,GMADA,1110104000,5,50008,R,1960,110,,,,,,,,93640.17,D,S,2026-03-13 00:00:00,,,1,Generado Automáticamente - Periodo 2/2026 - Tipo/Grupo 1/23,2026-03-13 00:00:00,N,OSA,,,,,
2026,1961,2026-03-13 00:00:00,GMADA,1110104000,5,50008,R,1961,110,,,,,,,,34727641.62,D,S,2026-03-13 00:00:00,,,1,Generado Automáticamente - Periodo 2/2026 - Tipo/Grupo 1/23,2026-03-13 00:00:00,N,HOSP,,,,,
2026,1962,2026-03-13 00:00:00,GMADA,1110104000,11,50008,R,1962,110,,,,,,,,635115.52,D,S,2026-03-13 00:00:00,,,1,Generado Automáticamente - Periodo 2/2026 - Tipo/Grupo 1/23,2026-03-13 00:00:00,N,BROM,,,,,
2026,1963,2026-03-13 00:00:00,GMADA,1110104000,11,50008,R,1963,110,,,,,,,,472359.23,D,S,2026-03-13 00:00:00,,,1,Generado Automáticamente - Periodo 2/2026 - Tipo/Grupo 1/23,2026-03-13 00:00:00,N,HOSP,,,,,
2026,1964,2026-03-13 00:00:00,GMADA,1110105000,6,50008,R,1964,110,,,,,,,,633966.26,D,S,2026-03-13 00:00:00,,,1,Generado Automáticamente - Periodo 2/2026 - Tipo/Grupo 1/23,2026-03-13 00:00:00,N,CULTUR,,,,,
2026,1965,2026-03-13 00:00:00,GMADA,1110105000,6,50008,R,1965,132,,,,,,,,612685.56,D,S,2026-03-13 00:00:00,,,1,Generado Automáticamente - Periodo 2/2026 - Tipo/Grupo 1/23,2026-03-13 00:00:00,N,CULTUR,,,,,
2026,1966,2026-03-13 00:00:00,GMADA,1110106000,7,50008,R,1966,132,,,,,,,,73781.68,D,S,2026-03-13 00:00:00,,,1,Generado Automáticamente - Periodo 2/2026 - Tipo/Grupo 1/23,2026-03-13 00:00:00,N,ACCSOC,,,,,
2026,892,2026-01-30 00:00:00,GMADA,1110118000,25,17,R,892,110,1,504,1,538,,,,673200.0,D,S,2026-01-30 00:00:00,,,1,Insumos maquinaria,2026-01-30 00:00:00,N,DECI,2026-01-30 00:00:00,N,2026,,N
2026,893,2026-01-30 00:00:00,GMADA,1110118000,25,3336,R,893,110,1,501,1,531,,,,660000.0,D,S,2026-01-30 00:00:00,,,1,Reparacion vehiculos,2026-01-30 00:00:00,N,000SU,2026-01-30 00:00:00,N,2026,,N
2026,895,2026-01-30 00:00:00,GMADA,1110118000,25,3395,R,895,110,1,500,1,532,,,,620000.0,D,S,2026-01-30 00:00:00,,,1,Baterias,2026-01-30 00:00:00,N,000SU,2026-01-30 00:00:00,N,2026,,N
2026,896,2026-01-30 00:00:00,GMADA,1110118000,25,171,R,896,110,1,499,1,533,,,,49800.0,D,S,2026-01-30 00:00:00,,,1,Insumos electricos,2026-01-30 00:00:00,N,DECI,2026-01-30 00:00:00,N,2026,,N
2026,897,2026-01-30 00:00:00,GMADA,1110111000,3,2421,R,897,131,1,502,1,534,,,,300000.0,D,S,2026-01-30 00:00:00,,,1,Alquiler edificio,2026-01-30 00:00:00,N,CAS,2026-01-30 00:00:00,N,2026,,N
2026,898,2026-01-30 00:00:00,GMADA,1110104000,5,3356,R,898,131,1,475,1,139,,,,72000.0,D,S,2026-01-30 00:00:00,,,1,Alimentos (pescado),2026-01-30 00:00:00,N,COC,2026-01-30 00:00:00,N,2026,,N
2026,899,2026-01-30 00:00:00,GMADA,1110104000,5,2627,R,899,131,1,466,1,498,,,,33000.0,D,S,2026-01-30 00:00:00,,,1,Alimentos (pastas),2026-01-30 00:00:00,N,COC,2026-01-30 00:00:00,N,2026,,N
2026,900,2026-01-30 00:00:00,GMADA,1110104000,5,2427,R,900,131,1,467,1,499,,,,125000.0,D,S,2026-01-30 00:00:00,,,1,Mantenimiento de equipos,2026-01-30 00:00:00,N,HOSP,2026-01-30 00:00:00,N,2026,,N
2026,901,2026-01-30 00:00:00,GMADA,1110104000,5,171,R,901,131,1,468,1,500,,,,74500.0,D,S,2026-01-30 00:00:00,,,1,Insumos electricos,2026-01-30 00:00:00,N,INTER,2026-01-30 00:00:00,N,2026,,N
2026,902,2026-01-30 00:00:00,GMADA,1110104000,5,866,R,902,131,1,469,1,501,,,,6217411.15,D,S,2026-01-30 00:00:00,,,1,Insumos farmacia,2026-01-30 00:00:00,N,FARM,2026-01-30 00:00:00,N,2026,,N
2026,903,2026-01-30 00:00:00,GMADA,1110113000,20,3163,R,903,110,1,470,1,502,,,,718304.4,D,S,2026-01-30 00:00:00,,,1,Camara CCTV,2026-01-30 00:00:00,N,SECSEG,2026-01-30 00:00:00,N,2026,,N
2026,904,2026-01-30 00:00:00,GMADA,1110104000,5,117,R,904,131,1,471,1,503,,,,105500.1,D,S,2026-01-30 00:00:00,,,1,Art libreria,2026-01-30 00:00:00,N,HOSP,2026-01-30 00:00:00,N,2026,,N
2026,905,2026-01-30 00:00:00,GMADA,1110104000,5,3075,R,905,131,1,472,1,504,,,,35808.07,D,S,2026-01-30 00:00:00,,,1,Art limpieza,2026-01-30 00:00:00,N,HOSP,2026-01-30 00:00:00,N,2026,,N
2026,906,2026-01-30 00:00:00,GMADA,1110106000,7,169,R,906,132,1,449,1,480,,,,9700.0,D,S,2026-01-30 00:00:00,,,1,Art de limpieza,2026-01-30 00:00:00,N,JARD,2026-01-30 00:00:00,N,2026,,N
2026,907,2026-01-30 00:00:00,GMADA,1110104000,5,167,R,907,131,1,465,1,497,,,,535500.0,D,S,2026-01-30 00:00:00,,,1,Alimentos (pollo),2026-01-30 00:00:00,N,HOGANC,2026-01-30 00:00:00,N,2026,,N
2026,908,2026-01-30 00:00:00,GMADA,1110104000,5,167,R,908,131,1,464,1,496,,,,844720.0,D,S,2026-01-30 00:00:00,,,1,Alimentos (pollo),2026-01-30 00:00:00,N,COC,2026-01-30 00:00:00,N,2026,,N
2026,909,2026-01-30 00:00:00,GMADA,1110104000,5,1943,R,909,131,1,459,1,491,,,,2800424.38,N,S,2026-01-30 00:00:00,,,1,Mantenimiento planta oxigeno,2026-01-30 00:00:00,N,HOSP,2026-01-30 00:00:00,N,2026,,N
2026,910,2026-01-30 00:00:00,GMADA,1110104000,5,1810,R,910,131,1,460,1,492,,,,100000.0,D,S,2026-01-30 00:00:00,,,1,Mantenimiento Aire Acondicionado,2026-01-30 00:00:00,N,HOSP,2026-01-30 00:00:00,N,2026,,N
2026,911,2026-01-30 00:00:00,GMADA,1110104000,5,3322,R,911,131,1,462,1,494,,,,950125.13,D,S,2026-01-30 00:00:00,,,1,Art limpieza,2026-01-30 00:00:00,N,HOSP,2026-01-30 00:00:00,N,2026,,N
2026,912,2026-01-30 00:00:00,GMADA,1110104000,5,1078,R,912,131,1,463,1,495,,,,185000.0,D,S,2026-01-30 00:00:00,,,1,Trabajo electricidad,2026-01-30 00:00:00,N,OENF,2026-01-30 00:00:00,N,2026,,N
2026,913,2026-01-30 00:00:00,GMADA,1110106000,7,169,R,913,110,1,450,1,481,,,,9700.0,D,S,2026-01-30 00:00:00,,,1,Art limpieza,2026-01-30 00:00:00,N,GRAN,2026-01-30 00:00:00,N,2026,,N
2026,1967,2026-03-13 00:00:00,GMADA,1110108000,14,50008,R,1967,110,,,,,,,,378684.38,D,S,2026-03-13 00:00:00,,,1,Generado Automáticamente - Periodo 2/2026 - Tipo/Grupo 1/23,2026-03-13 00:00:00,N,PROD,,,,,
2026,1968,2026-03-13 00:00:00,GMADA,1110109000,13,50008,R,1968,110,,,,,,,,2967526.26,D,S,2026-03-13 00:00:00,,,1,Generado Automáticamente - Periodo 2/2026 - Tipo/Grupo 1/23,2026-03-13 00:00:00,N,DEPORT,,,,,
2026,1969,2026-03-13 00:00:00,GMADA,1110109000,13,50008,R,1969,132,,,,,,,,622542.43,D,S,2026-03-13 00:00:00,,,1,Generado Automáticamente - Periodo 2/2026 - Tipo/Grupo 1/23,2026-03-13 00:00:00,N,DEPORT,,,,,
2026,1970,2026-03-13 00:00:00,GMADA,1110111000,3,50008,R,1970,131,,,,,,,,4095679.75,D,S,2026-03-13 00:00:00,,,1,Generado Automáticamente - Periodo 2/2026 - Tipo/Grupo 1/23,2026-03-13 00:00:00,N,SEOP,,,,,
2026,1971,2026-03-13 00:00:00,GMADA,1110113000,20,50008,R,1971,110,,,,,,,,6657351.87,D,S,2026-03-13 00:00:00,,,1,Generado Automáticamente - Periodo 2/2026 - Tipo/Grupo 1/23,2026-03-13 00:00:00,N,SECSEG,,,,,
2026,1972,2026-03-13 00:00:00,GMADA,1110118000,25,50008,R,1972,110,,,,,,,,1545328.13,D,S,2026-03-13 00:00:00,,,1,Generado Automáticamente - Periodo 2/2026 - Tipo/Grupo 1/23,2026-03-13 00:00:00,N,MEAM,,,,,
2026,1973,2026-03-13 00:00:00,GMADA,1110118000,25,50008,R,1973,110,,,,,,,,4397642.55,D,S,2026-03-13 00:00:00,,,1,Generado Automáticamente - Periodo 2/2026 - Tipo/Grupo 1/23,2026-03-13 00:00:00,N,DECI,,,,,
2026,1974,2026-03-13 00:00:00,GMADA,1110118000,25,50008,R,1974,110,,,,,,,,20882056.11,D,S,2026-03-13 00:00:00,,,1,Generado Automáticamente - Periodo 2/2026 - Tipo/Grupo 1/23,2026-03-13 00:00:00,N,00003,,,,,
2026,1975,2026-03-13 00:00:00,GMADA,1110118000,25,50008,R,1975,110,,,,,,,,5814289.58,D,S,2026-03-13 00:00:00,,,1,Generado Automáticamente - Periodo 2/2026 - Tipo/Grupo 1/23,2026-03-13 00:00:00,N,BARU,,,,,
2026,2058,2026-03-18 00:00:00,GMADA,1110106000,7,50031,R,2058,110,,,,,,,,120000.0,D,S,2026-03-18 00:00:00,,,2,subsidio Ricardo Cantero Gonzalez,2026-03-18 00:00:00,N,ACCSOC,,N,2026,,N
2026,2060,2026-03-18 00:00:00,GMADA,1110102000,2,50023,R,2060,110,,,,,,,,23380.84,D,S,2026-03-18 00:00:00,,,2,periodo 02/26,2026-03-18 00:00:00,N,ADFIN,,N,2026,,N
2026,2062,2026-03-18 00:00:00,GMADA,1110101000,1,50003,R,2062,110,,,,,,,,130000.0,D,S,2026-03-18 00:00:00,,,2,viatico Esteban Santoro,2026-03-18 00:00:00,N,INT,,N,2026,,N
2026,2136,2026-03-20 00:00:00,GMADA,1110113000,20,50087,R,2136,132,,,,,,,,4000000.0,D,S,2026-03-20 00:00:00,,,1,copres 18-3,2026-03-20 00:00:00,N,SECSEG,2026-03-20 00:00:00,N,2026,,N
2026,2137,2026-03-20 00:00:00,GMADA,1110106000,7,50087,R,2137,132,,,,,,,,200000.0,D,S,2026-03-20 00:00:00,,,1,copres 18-3,2026-03-20 00:00:00,N,ACCSOC,2026-03-20 00:00:00,N,2026,,N
2026,2138,2026-03-20 00:00:00,GMADA,1110101000,1,50087,R,2138,110,,,,,,,,100000.0,D,S,2026-03-20 00:00:00,,,1,copres 18-3,2026-03-20 00:00:00,N,INT,2026-03-20 00:00:00,N,2026,,N
2026,2139,2026-03-20 00:00:00,GMADA,1110111000,3,50087,R,2139,131,,,,,,,,280000.0,D,S,2026-03-20 00:00:00,,,1,copres 18-3,2026-03-20 00:00:00,N,CAS,2026-03-20 00:00:00,N,2026,,N
2026,2140,2026-03-20 00:00:00,GMADA,1110104000,5,50087,R,2140,131,,,,,,,,1488900.0,D,S,2026-03-20 00:00:00,,,1,copres 18-3,2026-03-20 00:00:00,N,HOSP,2026-03-20 00:00:00,N,2026,,N
2026,2141,2026-03-20 00:00:00,GMADA,1110112000,19,50087,R,2141,110,,,,,,,,121378.0,D,S,2026-03-20 00:00:00,,,1,coprs 18-3,2026-03-20 00:00:00,N,SEHA,2026-03-20 00:00:00,N,2026,,N
2026,3078,2026-04-30 00:00:00,GMADA,1110102000,2,441,R,3078,110,1,1515,1,1628,,,,38000.04,D,S,2026-04-30 00:00:00,,,1,Art libreria,2026-04-30 00:00:00,N,MESEN,2026-04-30 00:00:00,N,2026,,N
2026,3079,2026-04-30 00:00:00,GMADA,1110105000,6,3170,R,3079,110,1,1527,1,1634,,,,200000.0,D,S,2026-04-30 00:00:00,,,1,Serv. de locucion,2026-04-30 00:00:00,N,CULTUR,2026-04-30 00:00:00,N,2026,,N
2026,3080,2026-04-30 00:00:00,GMADA,1110105000,6,3364,R,3080,110,1,1529,1,1633,,,,300000.0,D,S,2026-04-30 00:00:00,,,1,Alquiler baños quimicos,2026-04-30 00:00:00,N,CULTUR,2026-04-30 00:00:00,N,2026,,N
2026,3082,2026-04-30 00:00:00,GMADA,1110118000,25,2371,R,3082,110,1,1531,1,1629,,,,1320500.0,D,S,2026-04-30 00:00:00,,,1,Insumos barredora BNW472,2026-04-30 00:00:00,N,00B,2026-04-30 00:00:00,N,2026,,N
2026,3083,2026-04-30 00:00:00,GMADA,1110105000,6,3336,R,3083,110,1,1533,1,1619,,,,560000.0,D,S,2026-04-30 00:00:00,,,1,Reparacion colectivo JZH266,2026-04-30 00:00:00,N,CULTUR,2026-04-30 00:00:00,N,2026,,N
2026,1088,2026-02-11 00:00:00,GMADA,1110117000,24,50072,R,1088,110,,,,,,,,8496.3,D,S,2026-02-11 00:00:00,,,2,gastos Munic /Echeverria,2026-02-11 00:00:00,N,000J,,N,2026,,N
2026,3084,2026-04-30 00:00:00,GMADA,1110111000,3,688,R,3084,131,1,1535,1,1620,,,,1126500.0,D,S,2026-04-30 00:00:00,,,1,Bateria y lubricantes,2026-04-30 00:00:00,N,CAS,2026-04-30 00:00:00,N,2026,,N
2026,3374,2026-05-12 00:00:00,GMADA,1110118000,25,879,A,3327,110,1,1717,1,1773,,,,-251040.0,N,S,2026-05-11 00:00:00,2026-05-12 00:00:00,ERROR,1,cemento,2026-05-12 00:00:00,N,000SU,2026-05-11 00:00:00,N,2026,,N
2026,3085,2026-04-30 00:00:00,GMADA,1110104000,5,3356,R,3085,131,1,1536,1,1621,,,,95000.0,D,S,2026-04-30 00:00:00,,,1,Alimentos personas(pescado),2026-04-30 00:00:00,N,HOGANC,2026-04-30 00:00:00,N,2026,,N
2026,3086,2026-04-30 00:00:00,GMADA,1110104000,5,125,R,3086,131,1,1540,1,1622,,,,124141.99,D,S,2026-04-30 00:00:00,,,1,Medicamentos,2026-04-30 00:00:00,N,HOSP,2026-04-30 00:00:00,N,2026,,N
2026,3087,2026-04-30 00:00:00,GMADA,1110104000,5,1876,R,3087,131,1,1541,1,1623,,,,1106733.75,N,S,2026-04-30 00:00:00,,,1,Insumos farmacia,2026-04-30 00:00:00,N,FARM,2026-04-30 00:00:00,N,2026,,N
2026,3088,2026-04-30 00:00:00,GMADA,1110104000,5,3356,R,3088,131,1,1542,1,1586,,,,105000.0,N,S,2026-04-30 00:00:00,,,1,Alimentos personas (Pescado),2026-04-30 00:00:00,N,COC,2026-04-30 00:00:00,N,2026,,N
2026,3089,2026-04-30 00:00:00,GMADA,1110104000,5,2869,R,3089,131,1,1544,1,1582,,,,1711968.0,D,S,2026-04-30 00:00:00,,,1,Alimento personas (carne),2026-04-30 00:00:00,N,COC,2026-04-30 00:00:00,N,2026,,N
2026,3091,2026-04-30 00:00:00,GMADA,1110104000,5,2883,R,3091,131,1,1546,1,1583,,,,216243.26,N,S,2026-04-30 00:00:00,,,1,Insumos farmacia,2026-04-30 00:00:00,N,FARM,2026-04-30 00:00:00,N,2026,,N
2026,3092,2026-04-30 00:00:00,GMADA,1110106000,7,2595,R,3092,110,1,1548,1,1577,,,,14400.0,D,S,2026-04-30 00:00:00,,,1,Repuestos vehiculo KGL116,2026-04-30 00:00:00,N,ACCSOC,2026-04-30 00:00:00,N,2026,,N
2026,3093,2026-04-30 00:00:00,GMADA,1110104000,5,850,R,3093,131,1,1550,1,1578,,,,1238525.37,D,S,2026-04-30 00:00:00,,,1,Insumos laboratorio,2026-04-30 00:00:00,N,LAB,2026-04-30 00:00:00,N,2026,,N
2026,3094,2026-04-30 00:00:00,GMADA,1110109000,13,2541,R,3094,110,1,1551,1,1571,,,,850000.0,N,S,2026-04-30 00:00:00,,,1,Seguro a personas,2026-04-30 00:00:00,N,DEP,2026-04-30 00:00:00,N,2026,,N
2026,3095,2026-04-30 00:00:00,GMADA,1110109000,13,171,R,3095,110,1,1552,1,1572,,,,438000.0,D,S,2026-04-30 00:00:00,,,1,Reflectores,2026-04-30 00:00:00,N,DEP,2026-04-30 00:00:00,N,2026,,N
2026,3096,2026-04-30 00:00:00,GMADA,1110104000,5,717,R,3096,131,1,1553,1,1592,,,,329020.0,D,S,2026-04-30 00:00:00,,,1,Alimentos personas,2026-04-30 00:00:00,N,COC,2026-04-30 00:00:00,N,2026,,N
2026,3097,2026-04-30 00:00:00,GMADA,1110118000,25,17,R,3097,110,1,1555,1,1662,,,,2800000.0,D,S,2026-04-30 00:00:00,,,1,Herramientas Defensa Civil,2026-04-30 00:00:00,N,DECI,2026-04-30 00:00:00,N,2026,,N
2026,3099,2026-04-30 00:00:00,GMADA,1110105000,6,2325,R,3099,110,1,1554,1,1593,,,,280000.0,D,S,2026-04-30 00:00:00,,,1,Serv plomeria,2026-04-30 00:00:00,N,TURIS,2026-04-30 00:00:00,N,2026,,N
2026,3100,2026-04-30 00:00:00,GMADA,1110104000,5,1259,R,3100,131,1,1556,1,1594,,,,530214.05,D,S,2026-04-30 00:00:00,,,1,Art. electricidad,2026-04-30 00:00:00,N,NEUROL,2026-04-30 00:00:00,N,2026,,N
2026,3101,2026-04-30 00:00:00,GMADA,1110105000,6,3287,R,3101,110,1,1557,1,1595,,,,183300.0,N,S,2026-04-30 00:00:00,,,1,Serv de impresion,2026-04-30 00:00:00,N,TURIS,2026-04-30 00:00:00,N,2026,,N
2026,3237,2026-05-07 00:00:00,GMADA,1110106000,7,50031,R,3237,110,,,,,,,,100000.0,D,S,2026-05-07 00:00:00,,,2,subs maria e barrientos,2026-05-07 00:00:00,N,ACCSOC,,N,2026,,N
2026,3242,2026-05-07 00:00:00,GMADA,1110102000,2,50072,R,3242,110,,,,,,,,47100.0,D,S,2026-05-07 00:00:00,,,2,gastos Munic /Aguirre s.a,2026-05-07 00:00:00,N,ADFIN,,N,2026,,N
2026,3243,2026-05-07 00:00:00,GMADA,1110102000,2,50023,R,3243,132,,,,,,,,24490.04,D,S,2026-05-07 00:00:00,,,2,periodo 2/26,2026-05-07 00:00:00,N,CDEE,,N,2026,,N
2026,3244,2026-05-07 00:00:00,GMADA,1110105000,6,50370,R,3244,110,,,,,EXPED,909,2026,122749.33,D,S,2026-05-07 00:00:00,,,2,reintegro fact serv Club S  y Dep San Juan Bautista,2026-05-07 00:00:00,N,CULTUR,,N,2026,,N
2026,3313,2026-05-11 00:00:00,GMADA,1110101000,1,50003,R,3313,110,,,,,,,,260000.0,D,S,2026-05-11 00:00:00,,,2,Esteban Santoro,2026-05-11 00:00:00,N,INT,,N,2026,,N
2026,3314,2026-05-11 00:00:00,GMADA,1110115000,22,50003,R,3314,110,,,,,,,,260000.0,D,S,2026-05-11 00:00:00,,,2,Enrique De Mare,2026-05-11 00:00:00,N,SCOOR,,N,2026,,N
2026,3342,2026-05-11 00:00:00,GMADA,1110104000,5,879,R,3342,131,1,1718,1,1794,,,,192300.0,D,S,2026-05-11 00:00:00,,,1,mochila de baño,2026-05-11 00:00:00,N,HOGANC,2026-05-11 00:00:00,N,2026,,N
2026,3343,2026-05-11 00:00:00,GMADA,1110104000,5,879,R,3343,131,1,1719,1,1795,,,,226360.0,D,S,2026-05-11 00:00:00,,,1,arts de corralón,2026-05-11 00:00:00,N,SALA I,2026-05-11 00:00:00,N,2026,,N
2026,3345,2026-05-11 00:00:00,GMADA,1110104000,5,879,R,3345,131,1,1721,1,1796,,,,240270.0,D,S,2026-05-11 00:00:00,,,1,materiales,2026-05-11 00:00:00,N,CONEX,2026-05-11 00:00:00,N,2026,,N
2026,1089,2026-02-11 00:00:00,GMADA,1110102000,2,50014,R,1089,110,,,,,,,,96861.99,D,S,2026-02-11 00:00:00,,,1,caja chica contaduria,2026-02-11 00:00:00,N,ADFIN,2026-02-11 00:00:00,N,2026,,N
2026,1101,2026-02-11 00:00:00,GMADA,1110103000,3,193,A,1067,110,,,,,,,,-21725214.93,N,S,2026-02-10 00:00:00,2026-02-11 00:00:00,ERROR,2,periodo 10/25,2026-02-11 00:00:00,N,OPP,,N,2026,,N
2026,1090,2026-02-11 00:00:00,GMADA,1110102000,2,50023,R,1090,132,,,,,,,,27468.52,D,S,2026-02-11 00:00:00,,,2,periodo 01/26,2026-02-11 00:00:00,N,CATAN,,N,2026,,N
2026,1091,2026-02-11 00:00:00,GMADA,1110104000,5,3558,R,1091,131,1,587,1,626,EXPED,436,2026,13800000.0,D,S,2026-02-11 00:00:00,,,1,serv,2026-02-11 00:00:00,N,HOSP,2026-02-11 00:00:00,N,2026,,N
2026,1092,2026-02-11 00:00:00,GMADA,1110102000,2,1259,R,1092,110,1,596,1,621,,,,29483.0,D,S,2026-02-11 00:00:00,,,1,utiles,2026-02-11 00:00:00,N,DESP,2026-02-11 00:00:00,N,2026,,N
2026,1093,2026-02-11 00:00:00,GMADA,1110105000,6,2593,R,1093,110,1,591,1,623,,,,28000.0,D,S,2026-02-11 00:00:00,,,1,rep,2026-02-11 00:00:00,N,CULTUR,2026-02-11 00:00:00,N,2026,,N
2026,1094,2026-02-11 00:00:00,GMADA,1110104000,5,2627,R,1094,131,1,593,1,619,,,,24100.0,D,S,2026-02-11 00:00:00,,,1,alimentos,2026-02-11 00:00:00,N,HOGANC,2026-02-11 00:00:00,N,2026,,N
2026,1095,2026-02-11 00:00:00,GMADA,1110112000,19,441,R,1095,110,1,592,1,622,,,,296235.93,D,S,2026-02-11 00:00:00,,,1,prod papel,2026-02-11 00:00:00,N,COMPR,,N,2026,,N
2026,1096,2026-02-11 00:00:00,GMADA,1110104000,5,2770,R,1096,131,1,594,1,620,,,,1751500.0,D,S,2026-02-11 00:00:00,,,1,equipo vs,2026-02-11 00:00:00,N,HOSP,2026-02-11 00:00:00,N,2026,,N
2026,1097,2026-02-11 00:00:00,GMADA,1110108000,14,2110,R,1097,110,1,595,1,624,,,,70000.0,D,S,2026-02-11 00:00:00,,,2,prest,2026-02-11 00:00:00,N,PROD,,N,2026,,N
2026,1098,2026-02-11 00:00:00,GMADA,1110105000,6,1214,R,1098,110,,,,,EXPED,94,2025,40000.0,D,S,2026-02-11 00:00:00,,,1,Reg.Comp. 8251/2025 ALQUILER DE EDIFICIO,2026-02-11 00:00:00,N,CULTUR,2026-02-11 00:00:00,N,,,N
2026,1100,2026-02-11 00:00:00,GMADA,1110103000,3,193,R,1100,110,,,,,,,,11725214.93,D,S,2026-02-11 00:00:00,,,2,periodo 10/25,2026-02-11 00:00:00,N,OPP,,N,2026,,N
2026,1118,2026-02-11 00:00:00,GMADA,1110104000,5,1943,A,1013,131,1,564,1,603,,,,-1392216.28,N,S,2026-02-04 00:00:00,2026-02-11 00:00:00,ERROR,2,Mant. planta oxigeno,2026-02-11 00:00:00,N,PO,2026-02-04 00:00:00,N,2026,,N
2026,1104,2026-02-11 00:00:00,GMADA,1110102000,2,50162,R,1104,110,,,,,,,,49835.0,A,S,2026-02-11 00:00:00,2026-02-12 00:00:00,ERROR,2,patentamiento dominio ABO390I,2026-02-11 00:00:00,N,ADFIN,,N,2026,,N
2026,1111,2026-02-11 00:00:00,GMADA,1110112000,19,3075,R,1111,110,1,602,1,643,,,,122500.0,D,S,2026-02-11 00:00:00,,,1,PROD DE LIMP,2026-02-11 00:00:00,N,CONTRA,2026-02-11 00:00:00,N,2026,,N
2026,1112,2026-02-11 00:00:00,GMADA,1110109000,13,169,R,1112,110,1,603,1,645,,,,9600.0,D,S,2026-02-11 00:00:00,,,1,REP,2026-02-11 00:00:00,N,DEP,2026-02-11 00:00:00,N,2026,,N
2026,1113,2026-02-11 00:00:00,GMADA,1110112000,19,441,R,1113,110,1,604,1,644,,,,24000.2,D,S,2026-02-11 00:00:00,,,1,ROLLOS,2026-02-11 00:00:00,N,INGPU,2026-02-11 00:00:00,N,2026,,N
2026,1114,2026-02-11 00:00:00,GMADA,1110109000,13,171,R,1114,110,1,605,1,646,,,,15900.0,D,S,2026-02-11 00:00:00,,,1,REVELADOR,2026-02-11 00:00:00,N,DEP,2026-02-11 00:00:00,N,2026,,N
2026,1115,2026-02-11 00:00:00,GMADA,1110106000,7,3287,R,1115,110,1,606,1,647,,,,75500.0,D,S,2026-02-11 00:00:00,,,1,SERV DE IMP,2026-02-11 00:00:00,N,ACCSOC,2026-02-11 00:00:00,N,2026,,N
2026,1116,2026-02-11 00:00:00,GMADA,1110105000,6,41,R,1116,110,1,607,1,653,,,,1700000.0,D,S,2026-02-11 00:00:00,,,1,SERV,2026-02-11 00:00:00,N,CULTUR,2026-02-11 00:00:00,N,2026,,N
2026,1117,2026-02-11 00:00:00,GMADA,1110105000,6,3364,R,1117,110,1,608,1,652,,,,1050000.0,D,S,2026-02-11 00:00:00,,,1,SERV,2026-02-11 00:00:00,N,CULTUR,2026-02-11 00:00:00,N,2026,,N
2026,1119,2026-02-11 00:00:00,GMADA,1110104000,5,50008,R,1119,110,,,,,,,,32102.84,D,S,2026-02-11 00:00:00,,,1,Generado Automáticamente - Periodo 2/2026 - Tipo/Grupo 20/5,2026-02-11 00:00:00,N,HOSP,,,,,
2026,1120,2026-02-11 00:00:00,GMADA,1110105000,6,50008,R,1120,132,,,,,,,,1176130.0,D,S,2026-02-11 00:00:00,,,1,Generado Automáticamente - Periodo 2/2026 - Tipo/Grupo 20/5,2026-02-11 00:00:00,N,CULTUR,,,,,
2026,1121,2026-02-11 00:00:00,GMADA,1110105000,6,50051,R,1121,132,,,,,,,,140097.6,D,S,2026-02-11 00:00:00,,,1,Generado Automáticamente - Periodo 2/2026 - Tipo/Grupo 20/5,2026-02-11 00:00:00,N,CULTUR,,,,,
2026,1122,2026-02-11 00:00:00,GMADA,1110105000,6,50052,R,1122,132,,,,,,,,56039.04,D,S,2026-02-11 00:00:00,,,1,Generado Automáticamente - Periodo 2/2026 - Tipo/Grupo 20/5,2026-02-11 00:00:00,N,CULTUR,,,,,
2026,1123,2026-02-11 00:00:00,GMADA,1110113000,20,50008,R,1123,110,,,,,,,,56035.28,D,S,2026-02-11 00:00:00,,,1,Generado Automáticamente - Periodo 2/2026 - Tipo/Grupo 20/5,2026-02-11 00:00:00,N,SECSEG,,,,,
2026,1124,2026-02-11 00:00:00,GMADA,1110104000,5,3390,R,1124,131,,,,,,,,750000.0,D,S,2026-02-11 00:00:00,,,1,Reg.Comp. 9075/2025 pan,2026-02-11 00:00:00,N,HOSP,2026-02-11 00:00:00,N,,,N
2026,1125,2026-02-11 00:00:00,GMADA,1110104000,5,3390,R,1125,131,,,,,,,,849700.0,D,S,2026-02-11 00:00:00,,,1,Reg.Comp. 8228/2025 PAN,2026-02-11 00:00:00,N,HOSP,2026-02-11 00:00:00,N,,,N
2026,1126,2026-02-11 00:00:00,GMADA,1110106000,7,1603,R,1126,132,1,616,1,637,,,,110000.0,D,S,2026-02-11 00:00:00,,,1,PAN,2026-02-11 00:00:00,N,ACCSOC,,N,2026,,N
2026,318,2026-01-15 00:00:00,GMADA,1110104000,5,2330,D,264,131,1,223,1,203,,,,-970913.28,D,S,2026-01-16 00:00:00,,,1,Registro generado por Compras,2026-01-15 00:00:00,N,HOSP,2026-01-14 00:00:00,N,,,N
2026,324,2026-01-15 00:00:00,GMADA,1110108000,14,2330,D,208,110,1,54,1,2,,,,-559133.66,D,S,2026-01-16 00:00:00,,,1,Registro generado por Compras,2026-01-15 00:00:00,N,PROD,2026-01-13 00:00:00,N,,,N
2026,319,2026-01-15 00:00:00,GMADA,1110104000,5,2330,D,264,131,1,223,1,203,,,,-140000.0,D,S,2026-01-16 00:00:00,,,1,Registro generado por Compras,2026-01-15 00:00:00,N,HOSP,2026-01-14 00:00:00,N,,,N
2026,320,2026-01-15 00:00:00,GMADA,1110104000,5,2330,D,264,131,1,223,1,203,,,,-150000.0,D,S,2026-01-16 00:00:00,,,1,Registro generado por Compras,2026-01-15 00:00:00,N,HOSP,2026-01-14 00:00:00,N,,,N
2026,322,2026-01-15 00:00:00,GMADA,1110104000,5,2330,D,264,131,1,223,1,203,,,,-1330000.0,D,S,2026-01-16 00:00:00,,,1,Registro generado por Compras,2026-01-15 00:00:00,N,HOSP,2026-01-14 00:00:00,N,,,N
2026,864,2026-01-29 00:00:00,GMADA,1110118000,25,50051,R,864,110,,,,,,,,337475.45,D,S,2026-01-29 00:00:00,,,1,Generado Automáticamente - Periodo 1/2026 - Tipo/Grupo 9/2,2026-01-29 00:00:00,N,DECI,,,,,
2026,865,2026-01-29 00:00:00,GMADA,1110118000,25,50051,R,865,110,,,,,,,,409683.27,D,S,2026-01-29 00:00:00,,,1,Generado Automáticamente - Periodo 1/2026 - Tipo/Grupo 9/2,2026-01-29 00:00:00,N,00003,,,,,
2026,866,2026-01-29 00:00:00,GMADA,1110118000,25,50052,R,866,110,,,,,,,,134990.18,D,S,2026-01-29 00:00:00,,,1,Generado Automáticamente - Periodo 1/2026 - Tipo/Grupo 9/2,2026-01-29 00:00:00,N,DECI,,,,,
2026,867,2026-01-29 00:00:00,GMADA,1110118000,25,50052,R,867,110,,,,,,,,163873.31,D,S,2026-01-29 00:00:00,,,1,Generado Automáticamente - Periodo 1/2026 - Tipo/Grupo 9/2,2026-01-29 00:00:00,N,00003,,,,,
2026,880,2026-01-29 00:00:00,GMADA,1110112000,19,230,A,872,110,,,,,,,,-5783.8,N,S,2026-01-29 00:00:00,2026-01-29 00:00:00,ERROR,1,comisiones,2026-01-29 00:00:00,N,SEHA,2026-01-29 00:00:00,N,2026,,N
2026,868,2026-01-29 00:00:00,GMADA,1110109000,13,2454,R,868,132,1,497,1,107,EXPED,3759,2025,538400.0,D,S,2026-01-29 00:00:00,,,1,pileta,2026-01-29 00:00:00,N,DEP,2026-01-29 00:00:00,N,2026,,N
2026,869,2026-01-29 00:00:00,GMADA,1110102000,2,2969,R,869,110,,,,,,,,2485758.13,D,S,2026-01-29 00:00:00,,,1,servs,2026-01-29 00:00:00,N,GOBHAC,2026-01-29 00:00:00,N,2026,,N
2026,871,2026-01-29 00:00:00,GMADA,1110104000,5,1440,R,871,131,1,496,1,398,,,,4242369.0,D,S,2026-01-29 00:00:00,,,1,insumos hosps,2026-01-29 00:00:00,N,HOSP,2026-01-29 00:00:00,N,2026,,N
2026,872,2026-01-29 00:00:00,GMADA,1110112000,19,230,R,872,110,,,,,,,,5783.8,A,S,2026-01-29 00:00:00,2026-01-29 00:00:00,ERROR,1,comisiones,2026-01-29 00:00:00,N,SEHA,2026-01-29 00:00:00,N,2026,,N
2026,874,2026-01-29 00:00:00,GMADA,1110112000,19,50087,R,874,110,,,,,,,,524967.92,A,S,2026-01-29 00:00:00,2026-01-29 00:00:00,ERROR,1,comisiones,2026-01-29 00:00:00,N,SEHA,2026-01-29 00:00:00,N,2026,,N
2026,876,2026-01-29 00:00:00,GMADA,1110112000,19,50087,R,876,110,,,,,,,,12034.26,D,S,2026-01-29 00:00:00,,,1,comsiones,2026-01-29 00:00:00,N,SEHA,2026-01-29 00:00:00,N,2026,,N
2026,877,2026-01-29 00:00:00,GMADA,1110112000,19,50087,R,877,110,,,,,,,,524967.92,D,S,2026-01-29 00:00:00,,,1,comisiones,2026-01-29 00:00:00,N,SEHA,2026-01-29 00:00:00,N,2026,,N
2026,879,2026-01-29 00:00:00,GMADA,1110112000,19,230,R,879,110,,,,,,,,5783.8,D,S,2026-01-29 00:00:00,,,1,comisiones,2026-01-29 00:00:00,N,SEHA,2026-01-29 00:00:00,N,2026,,N
2026,917,2026-02-02 00:00:00,GMADA,1110104000,5,2960,A,273,131,1,245,1,246,,,,-972000.0,N,S,2026-01-14 00:00:00,2026-02-02 00:00:00,ERROR,1,huevos,2026-02-02 00:00:00,N,HOSP,2026-01-14 00:00:00,N,2026,,N
2026,922,2026-02-02 00:00:00,GMADA,1110106000,7,1586,A,663,132,1,415,1,442,,,,-75499.0,N,S,2026-01-27 00:00:00,2026-02-02 00:00:00,ERROR,1,máquina corta cabello,2026-02-02 00:00:00,N,ENV,2026-01-27 00:00:00,N,2026,,N
2026,918,2026-02-02 00:00:00,GMADA,1110113000,20,1478,R,918,110,,,,,,,,544800.0,N,S,2026-02-02 00:00:00,,,1,Reg.Comp. 5909/2025 servs,2026-02-02 00:00:00,N,SECSEG,2026-02-02 00:00:00,N,,,N
2026,919,2026-02-02 00:00:00,GMADA,1110104000,5,2133,R,919,131,1,510,1,543,EXPED,154,2026,4398981.0,D,S,2026-02-02 00:00:00,,,1,reparac de equipo,2026-02-02 00:00:00,N,SALA I,2026-02-02 00:00:00,N,2026,,N
2026,920,2026-02-02 00:00:00,GMADA,1110117000,24,50410,R,920,110,,,,,EXPED,2455227,2526,102000.0,D,S,2026-02-02 00:00:00,,,1,servs de publicidad,2026-02-02 00:00:00,N,000A,2026-02-02 00:00:00,N,2026,,N
2026,921,2026-02-02 00:00:00,GMADA,1110104000,5,2654,R,921,131,1,509,1,542,EXPED,262,2026,2653320.0,D,S,2026-02-02 00:00:00,,,1,chips monitoreo,2026-02-02 00:00:00,N,SALA I,2026-02-02 00:00:00,N,2026,,N
2026,945,2026-02-02 00:00:00,GMADA,1110108000,14,50008,R,945,110,,,,,,,,300000.0,D,S,2026-02-02 00:00:00,,,1,Generado Automáticamente - Periodo 1/2026 - Tipo/Grupo 51/todos,2026-02-02 00:00:00,N,PROD,,,,,
2026,923,2026-02-02 00:00:00,GMADA,1110106000,7,1586,R,923,132,1,530,1,573,,,,77492.41,D,S,2026-02-02 00:00:00,,,1,máquina de cortar pelo,2026-02-02 00:00:00,N,ENV,2026-02-02 00:00:00,N,2026,,N
2026,946,2026-02-02 00:00:00,GMADA,1110108000,14,50051,R,946,110,,,,,,,,36000.0,D,S,2026-02-02 00:00:00,,,1,Generado Automáticamente - Periodo 1/2026 - Tipo/Grupo 51/todos,2026-02-02 00:00:00,N,PROD,,,,,
2026,3346,2026-05-11 00:00:00,GMADA,1110104000,5,879,R,3346,131,1,1722,1,1797,,,,146848.0,D,S,2026-05-11 00:00:00,,,1,materiales de corralón,2026-05-11 00:00:00,N,HOGANC,2026-05-11 00:00:00,N,2026,,N
2026,3347,2026-05-11 00:00:00,GMADA,1110104000,5,158,R,3347,131,1,1724,1,1759,,,,258490.51,D,S,2026-05-11 00:00:00,,,1,medicamentos,2026-05-11 00:00:00,N,HOSP,2026-05-11 00:00:00,N,2026,,N
2026,3348,2026-05-11 00:00:00,GMADA,1110104000,5,850,R,3348,131,1,1725,1,1760,,,,1125657.0,N,S,2026-05-11 00:00:00,,,1,medicamentos,2026-05-11 00:00:00,N,LAB,2026-05-11 00:00:00,N,2026,,N
2026,3349,2026-05-11 00:00:00,GMADA,1110104000,5,395,R,3349,131,1,1726,1,1761,,,,208480.0,N,S,2026-05-11 00:00:00,,,1,estudios médicos,2026-05-11 00:00:00,N,HOSP,2026-05-11 00:00:00,N,2026,,N
2026,3350,2026-05-11 00:00:00,GMADA,1110104000,5,2627,R,3350,131,1,1727,1,1762,,,,29500.0,N,S,2026-05-11 00:00:00,,,1,tapas,2026-05-11 00:00:00,N,HOGANC,2026-05-11 00:00:00,N,2026,,N
2026,3351,2026-05-11 00:00:00,GMADA,1110104000,5,879,R,3351,131,1,1734,1,1798,,,,160340.0,D,S,2026-05-11 00:00:00,,,1,arts de corralón,2026-05-11 00:00:00,N,INTER,2026-05-11 00:00:00,N,2026,,N
2026,3353,2026-05-11 00:00:00,GMADA,1110104000,5,879,R,3353,131,1,1735,1,1800,,,,138750.0,D,S,2026-05-11 00:00:00,,,1,arts de corralón,2026-05-11 00:00:00,N,INTER,2026-05-11 00:00:00,N,2026,,N
2026,3365,2026-05-12 00:00:00,GMADA,1110113000,20,2216,R,3365,110,1,1688,1,1754,,,,302500.0,D,S,2026-05-12 00:00:00,,,1,repuesto,2026-05-12 00:00:00,N,SECSEG,,N,2026,,N
2026,3367,2026-05-12 00:00:00,GMADA,1110104000,5,1440,R,3367,131,1,1663,1,1715,,,,5200000.0,N,S,2026-05-12 00:00:00,,,1,reparacion,2026-05-12 00:00:00,N,HOSP,,N,2026,,N
2026,3373,2026-05-12 00:00:00,GMADA,1110103000,3,193,R,3373,110,,,,,,,,129662434.12,D,S,2026-05-12 00:00:00,,,2,periodo 2/26,2026-05-12 00:00:00,N,ALUM,,N,2026,,N
2026,3375,2026-05-12 00:00:00,GMADA,1110106000,7,50031,R,3375,110,,,,,,,,100000.0,D,S,2026-05-12 00:00:00,,,2,subs fernanda Aguirre (mayo),2026-05-12 00:00:00,N,ACCSOC,,N,2026,,N
2026,3376,2026-05-12 00:00:00,GMADA,1110111000,3,193,R,3376,131,,,,,,,,237760.23,D,S,2026-05-12 00:00:00,,,2,periodo 2/26-3/26,2026-05-12 00:00:00,N,CAS,,N,2026,,N
2026,3377,2026-05-12 00:00:00,GMADA,1110105000,6,193,R,3377,110,,,,,,,,3963771.2,D,S,2026-05-12 00:00:00,,,1,periodo 2/26-3/26,2026-05-12 00:00:00,N,CULTUR,2026-05-12 00:00:00,N,2026,,N
2026,3378,2026-05-12 00:00:00,GMADA,1110109000,13,193,R,3378,110,,,,,,,,1206438.03,D,S,2026-05-12 00:00:00,,,2,periodo 2/26-3/26,2026-05-12 00:00:00,N,DEP,,N,2026,,N
2026,3379,2026-05-12 00:00:00,GMADA,1110106000,7,193,R,3379,110,,,,,,,,123562.93,D,S,2026-05-12 00:00:00,,,2,periodo 2/26-3/26,2026-05-12 00:00:00,N,ACCSOC,,N,2026,,N
2026,3380,2026-05-12 00:00:00,GMADA,1110106000,7,193,R,3380,110,,,,,,,,117836.89,D,S,2026-05-12 00:00:00,,,1,periodo 3/26,2026-05-12 00:00:00,N,ACCSOC,2026-05-12 00:00:00,N,2026,,N
2026,3381,2026-05-12 00:00:00,GMADA,1110102000,2,193,R,3381,110,,,,,,,,2011512.07,D,S,2026-05-12 00:00:00,,,2,periodo 2/26-3/26,2026-05-12 00:00:00,N,ADFIN,,N,2026,,N
2026,3382,2026-05-12 00:00:00,GMADA,1110200000,8,193,R,3382,110,,,,,,,,1691396.24,D,S,2026-05-12 00:00:00,,,2,periodo 2/26-3/26,2026-05-12 00:00:00,N,PRESID,,N,2026,,N
2026,3383,2026-05-12 00:00:00,GMADA,1110101000,1,193,R,3383,110,,,,,,,,1740382.49,D,S,2026-05-12 00:00:00,,,2,periodo 2/26-3/26,2026-05-12 00:00:00,N,INT,,N,2026,,N
2026,3386,2026-05-12 00:00:00,GMADA,1110104000,5,2330,D,2887,131,1,1457,1,1535,,,,-284362.24,D,S,2026-05-13 00:00:00,,,1,Registro generado por Compras,2026-05-12 00:00:00,N,HOSP,2026-04-23 00:00:00,N,,,N
2026,3388,2026-05-12 00:00:00,GMADA,1110104000,5,2330,D,2887,131,1,1457,1,1535,,,,-1575280.36,D,S,2026-05-13 00:00:00,,,1,Registro generado por Compras,2026-05-12 00:00:00,N,HOSP,2026-04-23 00:00:00,N,,,N
2026,3389,2026-05-12 00:00:00,GMADA,1110106000,7,193,R,3389,110,,,,,,,,928259.87,D,S,2026-05-12 00:00:00,,,2,periodo 2/26-3/26,2026-05-12 00:00:00,N,JARD,,N,2026,,N
2026,3391,2026-05-12 00:00:00,GMADA,1110118000,25,193,R,3391,110,,,,,,,,2060231.39,D,S,2026-05-12 00:00:00,,,2,periodo 2/26-3/26,2026-05-12 00:00:00,N,00003,,N,2026,,N
2026,3393,2026-05-12 00:00:00,GMADA,1110103000,3,193,R,3393,110,,,,,,,,439646.41,D,S,2026-05-12 00:00:00,,,2,periodo 2/26-3/26,2026-05-12 00:00:00,N,OPP,,N,2026,,N
2026,3394,2026-05-12 00:00:00,GMADA,1110108000,14,193,R,3394,110,,,,,,,,395927.23,D,S,2026-05-12 00:00:00,,,2,periodo 2/26-3/26,2026-05-12 00:00:00,N,SECPRO,,N,2026,,N
2026,1127,2026-02-11 00:00:00,GMADA,1110106000,7,2410,R,1127,110,1,618,1,639,,,,180000.0,D,S,2026-02-11 00:00:00,,,1,REP,2026-02-11 00:00:00,N,ACCSOC,,N,2026,,N
2026,1128,2026-02-11 00:00:00,GMADA,1110105000,6,2593,R,1128,110,1,619,1,640,,,,95000.0,D,S,2026-02-11 00:00:00,,,1,CERRAJERIA,2026-02-11 00:00:00,N,MUSH,2026-02-11 00:00:00,N,2026,,N
2026,1129,2026-02-11 00:00:00,GMADA,1110111000,3,685,R,1129,131,1,620,1,664,,,,1275000.0,D,S,2026-02-11 00:00:00,,,1,SERV DE TORNERIA,2026-02-11 00:00:00,N,CAS,2026-02-11 00:00:00,N,2026,,N
2026,1130,2026-02-11 00:00:00,GMADA,1110106000,7,300,R,1130,132,1,615,1,648,,,,75116.0,D,S,2026-02-11 00:00:00,,,1,REP,2026-02-11 00:00:00,N,ENV,2026-02-11 00:00:00,N,2026,,N
2026,1131,2026-02-11 00:00:00,GMADA,1110106000,7,2810,R,1131,132,1,614,1,650,,,,38750.0,D,S,2026-02-11 00:00:00,,,1,CONFECCIONES,2026-02-11 00:00:00,N,ENV,2026-02-11 00:00:00,N,2026,,N
2026,1132,2026-02-11 00:00:00,GMADA,1110106000,7,3296,R,1132,132,1,617,1,638,,,,62920.0,D,S,2026-02-11 00:00:00,,,1,PINTURAS,2026-02-11 00:00:00,N,ENV,2026-02-11 00:00:00,N,2026,,N
2026,321,2026-01-15 00:00:00,GMADA,1110104000,5,2330,D,264,131,1,223,1,203,,,,-1330000.0,D,S,2026-01-16 00:00:00,,,1,Registro generado por Compras,2026-01-15 00:00:00,N,HOSP,2026-01-14 00:00:00,N,,,N
2026,330,2026-01-15 00:00:00,GMADA,1110109000,13,2330,D,187,110,1,98,1,99,,,,-505880.0,D,S,2026-01-16 00:00:00,,,1,Registro generado por Compras,2026-01-15 00:00:00,N,DEP,2026-01-13 00:00:00,N,,,N
2026,325,2026-01-15 00:00:00,GMADA,1110108000,14,2330,D,208,110,1,54,1,2,,,,-30000.0,D,S,2026-01-16 00:00:00,,,1,Registro generado por Compras,2026-01-15 00:00:00,N,PROD,2026-01-13 00:00:00,N,,,N
2026,326,2026-01-15 00:00:00,GMADA,1110108000,14,2330,D,208,110,1,54,1,2,,,,-30000.0,D,S,2026-01-16 00:00:00,,,1,Registro generado por Compras,2026-01-15 00:00:00,N,PROD,2026-01-13 00:00:00,N,,,N
2026,334,2026-01-15 00:00:00,GMADA,1110102000,2,2330,D,110,110,1,75,1,72,,,,-100000.0,D,S,2026-01-16 00:00:00,,,1,Registro generado por Compras,2026-01-15 00:00:00,N,GOBHAC,2026-01-09 00:00:00,N,,,N
2026,327,2026-01-15 00:00:00,GMADA,1110108000,14,2330,D,208,110,1,54,1,2,,,,-1000000.0,D,S,2026-01-16 00:00:00,,,1,Registro generado por Compras,2026-01-15 00:00:00,N,PROD,2026-01-13 00:00:00,N,,,N
2026,331,2026-01-15 00:00:00,GMADA,1110109000,13,2330,D,187,110,1,98,1,99,,,,-300000.0,D,S,2026-01-16 00:00:00,,,1,Registro generado por Compras,2026-01-15 00:00:00,N,DEP,2026-01-13 00:00:00,N,,,N
2026,332,2026-01-15 00:00:00,GMADA,1110109000,13,2330,D,187,110,1,98,1,99,,,,-400000.0,D,S,2026-01-16 00:00:00,,,1,Registro generado por Compras,2026-01-15 00:00:00,N,DEP,2026-01-13 00:00:00,N,,,N
2026,335,2026-01-15 00:00:00,GMADA,1110102000,2,2330,D,110,110,1,75,1,72,,,,-60000.0,D,S,2026-01-16 00:00:00,,,1,Registro generado por Compras,2026-01-15 00:00:00,N,GOBHAC,2026-01-09 00:00:00,N,,,N
2026,336,2026-01-15 00:00:00,GMADA,1110102000,2,2330,D,110,110,1,75,1,72,,,,-1725684.88,D,S,2026-01-16 00:00:00,,,1,Registro generado por Compras,2026-01-15 00:00:00,N,GOBHAC,2026-01-09 00:00:00,N,,,N
2026,2075,2026-03-19 00:00:00,GMADA,1110104000,5,2627,R,2075,131,1,1057,1,1115,,,,18800.0,D,S,2026-03-19 00:00:00,,,1,pastas,2026-03-19 00:00:00,N,HOGANC,2026-03-19 00:00:00,N,2026,,N
2026,2077,2026-03-19 00:00:00,GMADA,1110102000,2,50002,R,2077,110,,,,,,,,364968.92,D,S,2026-03-19 00:00:00,,,1,facts. deuda,2026-03-19 00:00:00,N,GOBHAC,2026-03-19 00:00:00,N,2026,,N
2026,2079,2026-03-19 00:00:00,GMADA,1110106000,7,2843,R,2079,132,1,1094,1,1151,,,,1575000.0,D,S,2026-03-19 00:00:00,,,1,frutas y verds,2026-03-19 00:00:00,N,ACCSOC,2026-03-19 00:00:00,N,2026,,N
2026,2080,2026-03-19 00:00:00,GMADA,1110106000,7,3452,R,2080,132,1,1093,1,1150,,,,105000.0,D,S,2026-03-19 00:00:00,,,1,pan,2026-03-19 00:00:00,N,ACCSOC,2026-03-19 00:00:00,N,2026,,N
2026,2081,2026-03-19 00:00:00,GMADA,1110106000,7,3452,R,2081,132,1,1092,1,1149,,,,149800.0,D,S,2026-03-19 00:00:00,,,1,pan,2026-03-19 00:00:00,N,ACCSOC,2026-03-19 00:00:00,N,2026,,N
2026,2082,2026-03-19 00:00:00,GMADA,1110106000,7,167,R,2082,132,1,1091,1,1148,,,,195500.0,D,S,2026-03-19 00:00:00,,,1,pollo,2026-03-19 00:00:00,N,ACCSOC,2026-03-19 00:00:00,N,2026,,N
2026,2083,2026-03-19 00:00:00,GMADA,1110113000,20,3163,R,2083,110,1,1088,1,1146,,,,547888.0,D,S,2026-03-19 00:00:00,,,1,cámaras,2026-03-19 00:00:00,N,SECSEG,2026-03-19 00:00:00,N,2026,,N
2026,2084,2026-03-19 00:00:00,GMADA,1110118000,25,3552,R,2084,110,1,1089,1,1145,,,,98000.0,D,S,2026-03-19 00:00:00,,,1,carga de mataf,2026-03-19 00:00:00,N,BARU,2026-03-19 00:00:00,N,2026,,N
2026,2085,2026-03-19 00:00:00,GMADA,1110106000,7,2843,R,2085,132,1,1090,1,1147,,,,224500.0,D,S,2026-03-19 00:00:00,,,1,frutas y verds,2026-03-19 00:00:00,N,ENV,2026-03-19 00:00:00,N,2026,,N
2026,2086,2026-03-19 00:00:00,GMADA,1110108000,14,2209,R,2086,110,1,1095,1,1161,,,,500000.0,D,S,2026-03-19 00:00:00,,,1,prods de panaderia,2026-03-19 00:00:00,N,PROD,2026-03-19 00:00:00,N,2026,,N
2026,2115,2026-03-19 00:00:00,GMADA,1110109000,13,879,R,2115,132,1,1103,1,1158,,,,73410.0,D,S,2026-03-19 00:00:00,,,1,materiales,2026-03-19 00:00:00,N,DEP,2026-03-19 00:00:00,N,2026,,N
2026,2748,2026-04-17 00:00:00,GMADA,1110104000,11,160,R,2748,110,1,1406,1,1476,,,,162300.0,D,S,2026-04-17 00:00:00,,,1,Insumos veterinaria,2026-04-17 00:00:00,N,BROM,2026-04-17 00:00:00,N,2026,,N
2026,2749,2026-04-17 00:00:00,GMADA,1110105000,6,1259,R,2749,132,1,1327,1,1409,,,,207864.96,D,S,2026-04-17 00:00:00,,,1,insumos electricidad,2026-04-17 00:00:00,N,BA,2026-04-17 00:00:00,N,2026,,N
2026,2750,2026-04-17 00:00:00,GMADA,1110104000,5,2209,R,2750,131,1,1407,1,1477,,,,814079.46,N,S,2026-04-17 00:00:00,,,1,Alimentos personas,2026-04-17 00:00:00,N,HOGANC,2026-04-17 00:00:00,N,2026,,N
2026,2751,2026-04-17 00:00:00,GMADA,1110104000,5,2209,R,2751,131,1,1408,1,1478,,,,18783.0,N,S,2026-04-17 00:00:00,,,1,Alimentos personas,2026-04-17 00:00:00,N,HEMO,2026-04-17 00:00:00,N,2026,,N
2026,2752,2026-04-17 00:00:00,GMADA,1110104000,5,57,R,2752,131,1,1409,1,1479,,,,38000.0,D,S,2026-04-17 00:00:00,,,1,Serv de impresion,2026-04-17 00:00:00,N,SALA I,2026-04-17 00:00:00,N,2026,,N
2026,3192,2026-05-05 00:00:00,GMADA,1110104000,5,2209,A,3136,131,1,1595,1,1650,,,,-1011722.48,N,S,2026-05-04 00:00:00,2026-05-05 00:00:00,ERROR,1,Alimentos personas,2026-05-05 00:00:00,N,COC,,N,2026,,N
2026,3181,2026-05-05 00:00:00,GMADA,1110112000,19,50063,R,3181,110,,,,,,,,24238.72,D,S,2026-05-05 00:00:00,,,2,comisiones,2026-05-05 00:00:00,N,SEHA,,N,2026,,N
2026,3191,2026-05-05 00:00:00,GMADA,1110101000,1,50431,R,3191,131,,,,,,,,1269307.48,D,S,2026-05-05 00:00:00,,,2,transf de multas,2026-05-05 00:00:00,N,INT,,N,2026,,N
2026,3193,2026-05-05 00:00:00,GMADA,1110101000,1,50003,R,3193,110,,,,,,,,260000.0,D,S,2026-05-05 00:00:00,,,2,viatico Esteban Santoro,2026-05-05 00:00:00,N,INT,,N,2026,,N
2026,947,2026-02-02 00:00:00,GMADA,1110108000,14,50052,R,947,110,,,,,,,,14400.0,D,S,2026-02-02 00:00:00,,,1,Generado Automáticamente - Periodo 1/2026 - Tipo/Grupo 51/todos,2026-02-02 00:00:00,N,PROD,,,,,
2026,948,2026-02-02 00:00:00,GMADA,1110117000,24,50008,R,948,110,,,,,,,,294966.56,D,S,2026-02-02 00:00:00,,,1,Generado Automáticamente - Periodo 1/2026 - Tipo/Grupo 51/todos,2026-02-02 00:00:00,N,000002,,,,,
2026,949,2026-02-02 00:00:00,GMADA,1110117000,24,50051,R,949,110,,,,,,,,32867.7,D,S,2026-02-02 00:00:00,,,1,Generado Automáticamente - Periodo 1/2026 - Tipo/Grupo 51/todos,2026-02-02 00:00:00,N,000002,,,,,
2026,950,2026-02-02 00:00:00,GMADA,1110117000,24,50052,R,950,110,,,,,,,,13147.08,D,S,2026-02-02 00:00:00,,,1,Generado Automáticamente - Periodo 1/2026 - Tipo/Grupo 51/todos,2026-02-02 00:00:00,N,000002,,,,,
2026,1135,2026-02-12 00:00:00,GMADA,1110102000,2,50162,A,1104,110,,,,,,,,-49835.0,N,S,2026-02-11 00:00:00,2026-02-12 00:00:00,ERROR,2,patentamiento dominio ABO390I,2026-02-12 00:00:00,N,ADFIN,,N,2026,,N
2026,997,2026-02-04 00:00:00,GMADA,1110102000,2,5090,R,997,110,,,,,,,,11713071.82,D,S,2026-02-04 00:00:00,,,1,periodo 12/25,2026-02-04 00:00:00,N,GOBHAC,2026-02-04 00:00:00,N,2026,,N
2026,1134,2026-02-12 00:00:00,GMADA,1110102000,2,51096,R,1134,110,,,,,,,,49835.0,D,S,2026-02-12 00:00:00,,,1,SERVS,2026-02-12 00:00:00,N,GOBHAC,2026-02-12 00:00:00,N,2026,,N
2026,1151,2026-02-12 00:00:00,GMADA,1110105000,6,3481,R,1151,110,1,621,1,665,EXPED,224,2026,840000.0,D,S,2026-02-12 00:00:00,,,1,servs,2026-02-12 00:00:00,N,CULTUR,2026-02-12 00:00:00,N,2026,,N
2026,1152,2026-02-12 00:00:00,GMADA,1110105000,6,2991,R,1152,110,1,622,1,666,EXPED,224,2026,1400000.0,D,S,2026-02-12 00:00:00,,,1,serv de luces,2026-02-12 00:00:00,N,CULTUR,2026-02-12 00:00:00,N,2026,,N
2026,1153,2026-02-12 00:00:00,GMADA,1110104000,5,2883,R,1153,131,,,,,,,,71547.3,D,S,2026-02-12 00:00:00,,,1,Reg.Comp. 8947/2025 insumos hosps,2026-02-12 00:00:00,N,FARM,2026-02-12 00:00:00,N,,,N
2026,1154,2026-02-12 00:00:00,GMADA,1110104000,5,2883,R,1154,131,,,,,,,,144428.6,D,S,2026-02-12 00:00:00,,,1,Reg.Comp. 8834/2025 prod farm,2026-02-12 00:00:00,N,QUI,2026-02-12 00:00:00,N,,,N
2026,1155,2026-02-12 00:00:00,GMADA,1110104000,5,2883,R,1155,131,,,,,,,,580875.9,D,S,2026-02-12 00:00:00,,,1,Reg.Comp. 8314/2025 utiles,2026-02-12 00:00:00,N,FARM,2026-02-12 00:00:00,N,,,N
2026,1350,2026-02-20 00:00:00,GMADA,1110101000,1,50261,R,1350,131,,,,,EXPED,1028212,2026,135741.0,D,S,2026-02-20 00:00:00,,,2,multas,2026-02-20 00:00:00,N,INT,,N,2026,,N
2026,1355,2026-02-20 00:00:00,GMADA,1110113000,20,879,R,1355,110,1,719,1,732,,,,21840.0,D,S,2026-02-20 00:00:00,,,1,materiales,2026-02-20 00:00:00,N,SECSEG,2026-02-20 00:00:00,N,2026,,N
2026,1356,2026-02-20 00:00:00,GMADA,1110113000,20,21,R,1356,110,1,720,1,733,,,,80000.0,D,S,2026-02-20 00:00:00,,,1,repuestos,2026-02-20 00:00:00,N,SECSEG,2026-02-20 00:00:00,N,2026,,N
2026,1357,2026-02-20 00:00:00,GMADA,1110113000,20,300,R,1357,110,1,721,1,734,,,,57740.0,D,S,2026-02-20 00:00:00,,,1,arts de ferret,2026-02-20 00:00:00,N,SECSEG,2026-02-20 00:00:00,N,2026,,N
2026,1358,2026-02-20 00:00:00,GMADA,1110104000,5,3003,R,1358,131,1,722,1,760,EXPED,463,2026,24000000.0,D,S,2026-02-20 00:00:00,,,2,programación,2026-02-20 00:00:00,N,HOSP,2026-02-20 00:00:00,N,2026,,N
2026,1359,2026-02-20 00:00:00,GMADA,1110118000,25,1514,R,1359,132,1,738,1,776,,,,4878000.0,A,S,2026-02-20 00:00:00,2026-02-20 00:00:00,ERROR,1,gas-oil,2026-02-20 00:00:00,N,BARU,2026-02-20 00:00:00,N,2026,,N
2026,1360,2026-02-20 00:00:00,GMADA,1110118000,25,1514,R,1360,132,1,739,1,777,,,,13008000.0,D,S,2026-02-20 00:00:00,,,1,gas-oil,2026-02-20 00:00:00,N,000SU,2026-02-20 00:00:00,N,2026,,N
2026,1361,2026-02-20 00:00:00,GMADA,1110104000,5,57,R,1361,131,1,723,1,768,,,,37000.0,D,S,2026-02-20 00:00:00,,,1,servs de impresión,2026-02-20 00:00:00,N,QUI,2026-02-20 00:00:00,N,2026,,N
2026,1362,2026-02-20 00:00:00,GMADA,1110104000,5,527,R,1362,131,1,724,1,769,,,,82628.0,D,S,2026-02-20 00:00:00,,,1,insumos hosps,2026-02-20 00:00:00,N,QUI,2026-02-20 00:00:00,N,2026,,N
2026,1363,2026-02-20 00:00:00,GMADA,1110104000,5,413,R,1363,131,1,726,1,770,,,,8000.0,A,S,2026-02-20 00:00:00,2026-02-20 00:00:00,ERROR,1,parches,2026-02-20 00:00:00,N,HOSP,2026-02-20 00:00:00,N,2026,,N
2026,1364,2026-02-20 00:00:00,GMADA,1110104000,5,285,R,1364,131,1,728,1,771,,,,484803.98,D,S,2026-02-20 00:00:00,,,1,insumos hosps,2026-02-20 00:00:00,N,LAB,2026-02-20 00:00:00,N,2026,,N
2026,1365,2026-02-20 00:00:00,GMADA,1110104000,5,1810,R,1365,131,1,730,1,772,,,,200000.0,D,S,2026-02-20 00:00:00,,,1,reparac,2026-02-20 00:00:00,N,PO,2026-02-20 00:00:00,N,2026,,N
2026,1366,2026-02-20 00:00:00,GMADA,1110113000,20,2595,R,1366,110,1,733,1,774,,,,43800.0,D,S,2026-02-20 00:00:00,,,1,repuestos,2026-02-20 00:00:00,N,SECSEG,2026-02-20 00:00:00,N,2026,,N
2026,1367,2026-02-20 00:00:00,GMADA,1110104000,5,413,R,1367,131,1,735,1,775,,,,170000.0,D,S,2026-02-20 00:00:00,,,1,cubiertas,2026-02-20 00:00:00,N,HOSP,2026-02-20 00:00:00,N,2026,,N
2026,1368,2026-02-20 00:00:00,GMADA,1110111000,3,2209,R,1368,131,1,725,1,761,,,,133294.0,D,S,2026-02-20 00:00:00,,,1,alimentos,2026-02-20 00:00:00,N,CAS,2026-02-20 00:00:00,N,2026,,N
2026,3397,2026-05-12 00:00:00,GMADA,1110104000,5,193,R,3397,110,,,,,,,,29824163.22,D,S,2026-05-12 00:00:00,,,2,periodo 2/26-3/26,2026-05-12 00:00:00,N,ADMI,,N,2026,,N
2026,3401,2026-05-12 00:00:00,GMADA,1110113000,20,193,R,3401,110,,,,,,,,18106468.15,D,S,2026-05-12 00:00:00,,,2,periodo 2/26-3/26,2026-05-12 00:00:00,N,SECSEG,,N,2026,,N
2026,3402,2026-05-12 00:00:00,GMADA,1110101000,1,193,R,3402,110,,,,,,,,1824952.74,D,S,2026-05-12 00:00:00,,,2,periodo 2/26-3/26,2026-05-12 00:00:00,N,INT,,N,2026,,N
2026,603,2026-01-22 00:00:00,GMADA,1110113000,20,2525,A,601,131,,,,,EXPED,3773,2025,-848618.27,N,S,2026-01-22 00:00:00,2026-01-22 00:00:00,ERROR,2,Asoc de bomberos voluntarios,2026-01-22 00:00:00,N,SECSEG,,N,2026,,N
2026,599,2026-01-22 00:00:00,GMADA,1110118000,25,826,R,599,110,1,381,1,400,,,,65000.0,D,S,2026-01-22 00:00:00,,,1,comisiones,2026-01-22 00:00:00,N,000SU,,N,2026,,N
2026,600,2026-01-22 00:00:00,GMADA,1110102000,2,2525,R,600,110,,,,,EXPED,2207,2025,3000000.0,D,S,2026-01-22 00:00:00,,,2,ayuda econ Bomberos Voluntarios,2026-01-22 00:00:00,N,ADFIN,,N,2026,,N
2026,601,2026-01-22 00:00:00,GMADA,1110113000,20,2525,R,601,131,,,,,EXPED,3773,2025,848618.27,A,S,2026-01-22 00:00:00,2026-01-22 00:00:00,ERROR,2,Asoc de bomberos voluntarios,2026-01-22 00:00:00,N,SECSEG,,N,2026,,N
2026,602,2026-01-22 00:00:00,GMADA,1110113000,20,2525,R,602,131,,,,,EXPED,3773,2025,848618.27,D,S,2026-01-22 00:00:00,,,2,ayuda Bomberos Voluntarios,2026-01-22 00:00:00,N,SECSEG,,N,2026,,N
2026,604,2026-01-22 00:00:00,GMADA,1110118000,25,50003,R,604,110,,,,,,,,360000.0,D,S,2026-01-22 00:00:00,,,2,VIATICOS BRUNO YOLDI,2026-01-22 00:00:00,N,DECI,,N,2026,,N
2026,605,2026-01-22 00:00:00,GMADA,1110113000,20,50003,R,605,110,,,,,,,,90000.0,D,S,2026-01-22 00:00:00,,,2,VIATICO ROBERTO LOPEZ,2026-01-22 00:00:00,N,SECSEG,,N,2026,,N
2026,606,2026-01-22 00:00:00,GMADA,1110112000,19,50003,R,606,110,,,,,,,,90000.0,D,S,2026-01-22 00:00:00,,,2,VIATICO EMILIO GOMORY,2026-01-22 00:00:00,N,SEHA,,N,2026,,N
2026,607,2026-01-22 00:00:00,GMADA,1110105000,6,1810,R,607,110,1,380,1,399,,,,100000.0,D,S,2026-01-22 00:00:00,,,1,INSTALACION,2026-01-22 00:00:00,N,CULTUR,2026-01-22 00:00:00,N,2026,,N
2026,2753,2026-04-17 00:00:00,GMADA,1110104000,5,3322,R,2753,131,1,1411,1,1480,,,,491378.74,D,S,2026-04-17 00:00:00,,,1,Art limpieza,2026-04-17 00:00:00,N,LAV,2026-04-17 00:00:00,N,2026,,N
2026,2754,2026-04-17 00:00:00,GMADA,1110104000,5,3537,R,2754,131,1,1410,1,965,,,,27520000.0,A,S,2026-04-17 00:00:00,2026-04-23 00:00:00,ERROR,1,Serv. profesionales,2026-04-17 00:00:00,N,QUI,2026-04-17 00:00:00,N,2026,,N
2026,2755,2026-04-17 00:00:00,GMADA,1110112000,19,441,R,2755,110,1,1412,1,1473,,,,42500.0,D,S,2026-04-17 00:00:00,,,1,Art libreria,2026-04-17 00:00:00,N,INTIM,2026-04-17 00:00:00,N,2026,,N
2026,2756,2026-04-17 00:00:00,GMADA,1110118000,25,1259,R,2756,110,1,1413,1,1470,,,,800486.93,D,S,2026-04-17 00:00:00,,,1,Art electricidad,2026-04-17 00:00:00,N,DECI,2026-04-17 00:00:00,N,2026,,N
2026,2757,2026-04-17 00:00:00,GMADA,1110104000,5,3165,R,2757,131,1,1414,1,1471,,,,4367833.2,D,S,2026-04-17 00:00:00,,,1,Insumos farmacia,2026-04-17 00:00:00,N,FARM,2026-04-17 00:00:00,N,2026,,N
2026,2758,2026-04-17 00:00:00,GMADA,1110104000,5,1879,R,2758,131,1,1415,1,1472,,,,289000.0,D,S,2026-04-17 00:00:00,,,1,Repuestos vehiculos,2026-04-17 00:00:00,N,HOSP,2026-04-17 00:00:00,N,2026,,N
2026,2759,2026-04-17 00:00:00,GMADA,1110104000,5,2627,R,2759,131,1,1416,1,1474,,,,68300.0,D,S,2026-04-17 00:00:00,,,1,Alimentos personas,2026-04-17 00:00:00,N,COC,2026-04-17 00:00:00,N,2026,,N
2026,2760,2026-04-17 00:00:00,GMADA,1110104000,5,717,R,2760,131,1,1417,1,1475,,,,147600.0,D,S,2026-04-17 00:00:00,,,1,Alimentos personas,2026-04-17 00:00:00,N,COC,2026-04-17 00:00:00,N,2026,,N
2026,2761,2026-04-17 00:00:00,GMADA,1110104000,5,2627,R,2761,131,1,1418,1,1484,,,,119000.0,D,S,2026-04-17 00:00:00,,,1,Alimentos personas,2026-04-17 00:00:00,N,COC,2026-04-17 00:00:00,N,2026,,N
2026,2762,2026-04-17 00:00:00,GMADA,1110104000,5,2627,R,2762,131,1,1419,1,1485,,,,53000.0,D,S,2026-04-17 00:00:00,,,1,Alimentos personas,2026-04-17 00:00:00,N,HOGANC,2026-04-17 00:00:00,N,2026,,N
2026,2763,2026-04-17 00:00:00,GMADA,1110105000,6,3543,R,2763,132,1,1420,1,1486,,,,346000.0,D,S,2026-04-17 00:00:00,,,1,Tablero ajedrez,2026-04-17 00:00:00,N,BA,2026-04-17 00:00:00,N,2026,,N
2026,2828,2026-04-22 00:00:00,GMADA,1110101000,1,50087,R,2828,110,,,,,,,,200000.0,D,S,2026-04-22 00:00:00,,,1,copres,2026-04-22 00:00:00,N,INT,2026-04-22 00:00:00,N,2026,,N
2026,2829,2026-04-22 00:00:00,GMADA,1110111000,3,50087,R,2829,131,,,,,,,,280000.0,D,S,2026-04-22 00:00:00,,,2,copres,2026-04-22 00:00:00,N,CAS,,N,2026,,N
2026,2830,2026-04-22 00:00:00,GMADA,1110104000,5,50087,R,2830,131,,,,,,,,1488000.0,D,S,2026-04-22 00:00:00,,,2,copres,2026-04-22 00:00:00,N,ADMI,,N,2026,,N
2026,1370,2026-02-20 00:00:00,GMADA,1110102000,2,1578,R,1370,110,1,727,1,762,,,,59000.0,D,S,2026-02-20 00:00:00,,,1,repuesto termo,2026-02-20 00:00:00,N,GOB,2026-02-20 00:00:00,N,2026,,N
2026,1383,2026-02-20 00:00:00,GMADA,1110111000,3,413,A,1312,131,1,679,1,722,,,,-1041500.0,N,S,2026-02-19 00:00:00,2026-02-20 00:00:00,ERROR,1,repuestos,2026-02-20 00:00:00,N,CAS,2026-02-19 00:00:00,N,2026,,N
2026,1371,2026-02-20 00:00:00,GMADA,1110118000,25,2110,R,1371,110,1,729,1,763,,,,110000.0,D,S,2026-02-20 00:00:00,,,1,trabajos de plomeria,2026-02-20 00:00:00,N,000SU,2026-02-20 00:00:00,N,2026,,N
2026,1372,2026-02-20 00:00:00,GMADA,1110118000,25,212,R,1372,110,1,732,1,764,,,,250000.0,D,S,2026-02-20 00:00:00,,,1,reparac,2026-02-20 00:00:00,N,000SU,2026-02-20 00:00:00,N,2026,,N
2026,1373,2026-02-20 00:00:00,GMADA,1110118000,25,2790,R,1373,110,1,734,1,765,,,,160000.0,D,S,2026-02-20 00:00:00,,,1,cartel de señalizac,2026-02-20 00:00:00,N,DECI,2026-02-20 00:00:00,N,2026,,N
2026,1374,2026-02-20 00:00:00,GMADA,1110112000,19,1810,R,1374,110,1,736,1,766,,,,100000.0,D,S,2026-02-20 00:00:00,,,1,mantenim de aire acond,2026-02-20 00:00:00,N,SEHA,2026-02-20 00:00:00,N,2026,,N
2026,1375,2026-02-20 00:00:00,GMADA,1110104000,5,441,R,1375,131,1,737,1,767,,,,97509.9,D,S,2026-02-20 00:00:00,,,1,arts de papelera,2026-02-20 00:00:00,N,COC,2026-02-20 00:00:00,N,2026,,N
2026,1376,2026-02-20 00:00:00,GMADA,1110102000,2,183,R,1376,110,,,,,,,,5000000.0,D,S,2026-02-20 00:00:00,,,1,Reg.Comp. 74/2025 derechos y tasas,2026-02-20 00:00:00,N,GOB,2026-02-20 00:00:00,N,,,N
2026,1377,2026-02-20 00:00:00,GMADA,1110105000,6,183,R,1377,110,,,,,,,,5000000.0,D,S,2026-02-20 00:00:00,,,1,Reg.Comp. 2967/2025 derechos,2026-02-20 00:00:00,N,CULTUR,2026-02-20 00:00:00,N,,,N
2026,1379,2026-02-20 00:00:00,GMADA,1110102000,2,183,R,1379,110,,,,,,,,1291680.0,D,S,2026-02-20 00:00:00,,,1,comp 150-24,2026-02-20 00:00:00,N,GOBHAC,2026-02-20 00:00:00,N,2026,,N
2026,1380,2026-02-20 00:00:00,GMADA,1110105000,6,183,R,1380,110,,,,,,,,36800.0,D,S,2026-02-20 00:00:00,,,1,comp. 2132-24,2026-02-20 00:00:00,N,CULTUR,2026-02-20 00:00:00,N,2026,,N
2026,1381,2026-02-20 00:00:00,GMADA,1110105000,6,183,R,1381,110,,,,,,,,3387200.0,D,S,2026-02-20 00:00:00,,,1,comp. 6280-24,2026-02-20 00:00:00,N,CULTUR,2026-02-20 00:00:00,N,2026,,N
2026,1385,2026-02-20 00:00:00,GMADA,1110118000,25,1514,A,1359,132,1,738,1,776,,,,-4878000.0,N,S,2026-02-20 00:00:00,2026-02-20 00:00:00,ERROR,1,gas-oil,2026-02-20 00:00:00,N,BARU,2026-02-20 00:00:00,N,2026,,N
2026,1390,2026-02-20 00:00:00,GMADA,1110104000,5,413,A,1363,131,1,726,1,770,,,,-8000.0,N,S,2026-02-20 00:00:00,2026-02-20 00:00:00,ERROR,1,parches,2026-02-20 00:00:00,N,HOSP,2026-02-20 00:00:00,N,2026,,N
2026,1386,2026-02-20 00:00:00,GMADA,1110118000,25,1514,R,1386,132,1,738,1,776,,,,4878000.0,D,S,2026-02-20 00:00:00,,,1,combust,2026-02-20 00:00:00,N,BARU,2026-02-20 00:00:00,N,2026,,N
2026,1461,2026-02-24 00:00:00,GMADA,1110118000,25,1514,D,1360,132,1,739,1,777,,,,-3739800.0,D,S,2026-02-25 00:00:00,,,1,Registro generado por Compras,2026-02-24 00:00:00,N,000SU,2026-02-20 00:00:00,N,,,N
2026,1465,2026-02-24 00:00:00,GMADA,1110118000,25,1514,D,1386,132,1,738,1,776,,,,-1582098.0,D,S,2026-02-25 00:00:00,,,1,Registro generado por Compras,2026-02-24 00:00:00,N,BARU,2026-02-20 00:00:00,N,,,N
2026,1669,2026-03-02 00:00:00,GMADA,1110104000,5,2216,A,1513,131,1,802,1,857,,,,-2460000.0,N,S,2026-02-27 00:00:00,2026-03-02 00:00:00,ERROR,2,REP,2026-03-02 00:00:00,N,HOSP,,N,2026,,N
2026,1670,2026-03-02 00:00:00,GMADA,1110104000,5,50008,R,1670,110,,,,,,,,347451.79,D,S,2026-03-02 00:00:00,,,1,Generado Automáticamente - Periodo 2/2026 - Tipo/Grupo 12/todos,2026-03-02 00:00:00,N,HOSP,,,,,
2026,2030,2026-03-16 00:00:00,GMADA,1110104000,5,3430,A,1773,131,1,886,1,972,,,,-255966.43,N,S,2026-03-09 00:00:00,2026-03-16 00:00:00,ERROR,1,cartucho,2026-03-16 00:00:00,N,HOSP,2026-03-09 00:00:00,N,2026,,N
2026,1993,2026-03-16 00:00:00,GMADA,1110102000,2,169,R,1993,110,1,1021,1,1080,,,,656400.0,D,S,2026-03-16 00:00:00,,,1,ARTS DE LIMP,2026-03-16 00:00:00,N,MAYOR,2026-03-16 00:00:00,N,2026,,N
2026,1994,2026-03-16 00:00:00,GMADA,1110102000,2,3075,R,1994,110,1,1022,1,1081,,,,1039354.3,D,S,2026-03-16 00:00:00,,,1,Arts de limp,2026-03-16 00:00:00,N,MAYOR,2026-03-16 00:00:00,N,2026,,N
2026,1995,2026-03-16 00:00:00,GMADA,1110106000,7,3454,R,1995,131,1,1024,1,1103,,,,710717.6,D,S,2026-03-16 00:00:00,,,1,honorarios,2026-03-16 00:00:00,N,ACCSOC,2026-03-16 00:00:00,N,2026,,N
2026,1996,2026-03-16 00:00:00,GMADA,1110106000,7,3516,R,1996,132,1,1023,1,1102,,,,340000.0,D,S,2026-03-16 00:00:00,,,1,honorarios,2026-03-16 00:00:00,N,ACCSOC,2026-03-16 00:00:00,N,2026,,N
2026,1997,2026-03-16 00:00:00,GMADA,1110118000,25,17,R,1997,110,1,1028,1,1082,,,,388000.0,D,S,2026-03-16 00:00:00,,,1,reparac de motoguadaña,2026-03-16 00:00:00,N,DECI,2026-03-16 00:00:00,N,2026,,N
2026,1168,2026-02-13 00:00:00,GMADA,1110104000,5,50008,R,1168,110,,,,,,,,90713.92,D,S,2026-02-13 00:00:00,,,1,Generado Automáticamente - Periodo 2/2026 - Tipo/Grupo HEX/23,2026-02-13 00:00:00,N,OSA,,,,,
2026,1169,2026-02-13 00:00:00,GMADA,1110104000,5,50008,R,1169,110,,,,,,,,221178.13,D,S,2026-02-13 00:00:00,,,1,Generado Automáticamente - Periodo 2/2026 - Tipo/Grupo HEX/23,2026-02-13 00:00:00,N,BROM,,,,,
2026,1170,2026-02-13 00:00:00,GMADA,1110104000,11,50008,R,1170,110,,,,,,,,402454.11,D,S,2026-02-13 00:00:00,,,1,Generado Automáticamente - Periodo 2/2026 - Tipo/Grupo HEX/23,2026-02-13 00:00:00,N,BROM,,,,,
2026,1171,2026-02-13 00:00:00,GMADA,1110104000,11,50008,R,1171,110,,,,,,,,289094.17,D,S,2026-02-13 00:00:00,,,1,Generado Automáticamente - Periodo 2/2026 - Tipo/Grupo HEX/23,2026-02-13 00:00:00,N,HOSP,,,,,
2026,1172,2026-02-13 00:00:00,GMADA,1110105000,6,50008,R,1172,110,,,,,,,,496999.13,D,S,2026-02-13 00:00:00,,,1,Generado Automáticamente - Periodo 2/2026 - Tipo/Grupo HEX/23,2026-02-13 00:00:00,N,CULTUR,,,,,
2026,1173,2026-02-13 00:00:00,GMADA,1110105000,6,50008,R,1173,132,,,,,,,,612685.56,D,S,2026-02-13 00:00:00,,,1,Generado Automáticamente - Periodo 2/2026 - Tipo/Grupo HEX/23,2026-02-13 00:00:00,N,CULTUR,,,,,
2026,1174,2026-02-13 00:00:00,GMADA,1110106000,7,50008,R,1174,110,,,,,,,,302960.88,D,S,2026-02-13 00:00:00,,,1,Generado Automáticamente - Periodo 2/2026 - Tipo/Grupo HEX/23,2026-02-13 00:00:00,N,ACCSOC,,,,,
2026,1175,2026-02-13 00:00:00,GMADA,1110106000,7,50008,R,1175,132,,,,,,,,179781.92,D,S,2026-02-13 00:00:00,,,1,Generado Automáticamente - Periodo 2/2026 - Tipo/Grupo HEX/23,2026-02-13 00:00:00,N,ACCSOC,,,,,
2026,1176,2026-02-13 00:00:00,GMADA,1110108000,14,50008,R,1176,110,,,,,,,,661437.75,D,S,2026-02-13 00:00:00,,,1,Generado Automáticamente - Periodo 2/2026 - Tipo/Grupo HEX/23,2026-02-13 00:00:00,N,PROD,,,,,
2026,1177,2026-02-13 00:00:00,GMADA,1110109000,13,50008,R,1177,110,,,,,,,,2456104.49,D,S,2026-02-13 00:00:00,,,1,Generado Automáticamente - Periodo 2/2026 - Tipo/Grupo HEX/23,2026-02-13 00:00:00,N,DEPORT,,,,,
2026,1178,2026-02-13 00:00:00,GMADA,1110109000,13,50008,R,1178,132,,,,,,,,968438.49,D,S,2026-02-13 00:00:00,,,1,Generado Automáticamente - Periodo 2/2026 - Tipo/Grupo HEX/23,2026-02-13 00:00:00,N,DEPORT,,,,,
2026,1179,2026-02-13 00:00:00,GMADA,1110111000,3,50008,R,1179,131,,,,,,,,4489751.35,D,S,2026-02-13 00:00:00,,,1,Generado Automáticamente - Periodo 2/2026 - Tipo/Grupo HEX/23,2026-02-13 00:00:00,N,SEOP,,,,,
2026,1999,2026-03-16 00:00:00,GMADA,1110118000,25,604,R,1999,110,1,1031,1,1085,,,,630894.0,D,S,2026-03-16 00:00:00,,,1,parabrisas,2026-03-16 00:00:00,N,000SU,2026-03-16 00:00:00,N,2026,,N
2026,2000,2026-03-16 00:00:00,GMADA,1110109000,13,441,R,2000,132,1,1035,1,1087,,,,7650.0,D,S,2026-03-16 00:00:00,,,1,papel,2026-03-16 00:00:00,N,DEP,2026-03-16 00:00:00,N,2026,,N
2026,2001,2026-03-16 00:00:00,GMADA,1110113000,20,1879,R,2001,110,1,1036,1,1090,,,,455500.0,D,S,2026-03-16 00:00:00,,,1,repuestos,2026-03-16 00:00:00,N,SECSEG,2026-03-16 00:00:00,N,2026,,N
2026,2002,2026-03-16 00:00:00,GMADA,1110113000,20,1879,R,2002,110,1,1037,1,1091,,,,459000.0,D,S,2026-03-16 00:00:00,,,1,repuestos,2026-03-16 00:00:00,N,SECSEG,2026-03-16 00:00:00,N,2026,,N
2026,2003,2026-03-16 00:00:00,GMADA,1110113000,20,300,R,2003,110,1,1039,1,1092,,,,210689.0,D,S,2026-03-16 00:00:00,,,1,arts de ferret,2026-03-16 00:00:00,N,SECSEG,2026-03-16 00:00:00,N,2026,,N
2026,2004,2026-03-16 00:00:00,GMADA,1110109000,13,2988,R,2004,110,1,1033,1,1109,,,,280000.0,D,S,2026-03-16 00:00:00,,,1,organizac de eventos,2026-03-16 00:00:00,N,DEP,2026-03-16 00:00:00,N,2026,,N
2026,2005,2026-03-16 00:00:00,GMADA,1110106000,7,68,R,2005,132,1,1029,1,1079,,,,990000.0,D,S,2026-03-16 00:00:00,,,1,destape de pozos,2026-03-16 00:00:00,N,ACCSOC,2026-03-16 00:00:00,N,2026,,N
2026,2006,2026-03-16 00:00:00,GMADA,1110118000,25,17,R,2006,110,1,1032,1,1084,,,,775000.0,D,S,2026-03-16 00:00:00,,,1,repuestos,2026-03-16 00:00:00,N,000SU,2026-03-16 00:00:00,N,2026,,N
2026,2007,2026-03-16 00:00:00,GMADA,1110118000,25,17,R,2007,110,1,1034,1,1086,,,,543500.0,D,S,2026-03-16 00:00:00,,,1,reparac,2026-03-16 00:00:00,N,000SU,2026-03-16 00:00:00,N,2026,,N
2026,2008,2026-03-16 00:00:00,GMADA,1110113000,20,1879,R,2008,110,1,1038,1,1089,,,,348500.0,D,S,2026-03-16 00:00:00,,,1,repuestos,2026-03-16 00:00:00,N,SECSEG,2026-03-16 00:00:00,N,2026,,N
2026,2009,2026-03-16 00:00:00,GMADA,1110104000,5,2261,R,2009,131,1,1040,1,1094,,,,1785000.0,D,S,2026-03-16 00:00:00,,,1,matafuegos,2026-03-16 00:00:00,N,HOSP,2026-03-16 00:00:00,N,2026,,N
2026,2011,2026-03-16 00:00:00,GMADA,1110109000,13,441,R,2011,110,1,1025,1,1099,,,,15300.0,D,S,2026-03-16 00:00:00,,,1,vasos desc,2026-03-16 00:00:00,N,DEP,2026-03-16 00:00:00,N,2026,,N
2026,2012,2026-03-16 00:00:00,GMADA,1110109000,13,2991,R,2012,110,1,1026,1,1100,,,,450000.0,D,S,2026-03-16 00:00:00,,,1,servs de sonido,2026-03-16 00:00:00,N,DEP,2026-03-16 00:00:00,N,2026,,N
2026,2013,2026-03-16 00:00:00,GMADA,1110109000,13,2450,R,2013,110,1,1027,1,1101,,,,250000.0,D,S,2026-03-16 00:00:00,,,1,frutas y verds,2026-03-16 00:00:00,N,DEP,2026-03-16 00:00:00,N,2026,,N
2026,2020,2026-03-16 00:00:00,GMADA,1110111000,3,2421,R,2020,131,,,,,,,,100000.0,D,S,2026-03-16 00:00:00,,,1,Reg.Comp. 8688/2025 alquiler de edificio,2026-03-16 00:00:00,N,CAS,2026-03-16 00:00:00,N,,,N
2026,2021,2026-03-16 00:00:00,GMADA,1110106000,7,50031,R,2021,110,,,,,EXPED,527,2026,50000.0,D,S,2026-03-16 00:00:00,,,2,Zaupa Juana,2026-03-16 00:00:00,N,ACCSOC,,N,2026,,N
2026,2024,2026-03-16 00:00:00,GMADA,1110101000,1,50012,R,2024,110,,,,,NOTA,6,2026,211793.35,D,S,2026-03-16 00:00:00,,,1,caja chica,2026-03-16 00:00:00,N,INT,2026-03-16 00:00:00,N,2026,,N
2026,2026,2026-03-16 00:00:00,GMADA,1110113000,20,2525,R,2026,131,,,,,EXPED,42728,2026,7739132.61,D,S,2026-03-16 00:00:00,,,1,tasa de DIC/ENERO,2026-03-16 00:00:00,N,SECSEG,2026-03-16 00:00:00,N,2026,,N
2026,2027,2026-03-16 00:00:00,GMADA,1110104000,5,1440,R,2027,131,1,1041,1,996,,,,5973340.0,D,S,2026-03-16 00:00:00,,,1,INSUMOS HOSPS,2026-03-16 00:00:00,N,FARM,2026-03-16 00:00:00,N,2026,,N
2026,2028,2026-03-16 00:00:00,GMADA,1110104000,5,866,R,2028,131,1,1042,1,1095,,,,7928060.23,D,S,2026-03-16 00:00:00,,,1,Medicamentos,2026-03-16 00:00:00,N,FARM,2026-03-16 00:00:00,N,2026,,N
2026,2029,2026-03-16 00:00:00,GMADA,1110104000,5,2595,R,2029,131,1,1043,1,1096,,,,77500.0,D,S,2026-03-16 00:00:00,,,1,repuestos,2026-03-16 00:00:00,N,HOSP,2026-03-16 00:00:00,N,2026,,N
2026,2031,2026-03-16 00:00:00,GMADA,1110104000,5,3322,R,2031,131,1,1045,1,1093,,,,638481.85,D,S,2026-03-16 00:00:00,,,1,arts de limp,2026-03-16 00:00:00,N,LAV,2026-03-16 00:00:00,N,2026,,N
2026,2032,2026-03-16 00:00:00,GMADA,1110104000,5,2450,R,2032,131,1,1046,1,1097,,,,3048800.0,D,S,2026-03-16 00:00:00,,,1,frutas y verds,2026-03-16 00:00:00,N,HOSP,2026-03-16 00:00:00,N,2026,,N
2026,2033,2026-03-16 00:00:00,GMADA,1110104000,5,57,R,2033,131,1,1048,1,1098,,,,50000.0,D,S,2026-03-16 00:00:00,,,1,servs de imp.,2026-03-16 00:00:00,N,QUI,2026-03-16 00:00:00,N,2026,,N
2026,2034,2026-03-16 00:00:00,GMADA,1110104000,11,2595,R,2034,110,1,1049,1,1107,,,,82500.0,D,S,2026-03-16 00:00:00,,,1,repuestos,2026-03-16 00:00:00,N,BROM,2026-03-16 00:00:00,N,2026,,N
2026,1180,2026-02-13 00:00:00,GMADA,1110113000,20,50008,R,1180,110,,,,,,,,6188583.02,D,S,2026-02-13 00:00:00,,,1,Generado Automáticamente - Periodo 2/2026 - Tipo/Grupo HEX/23,2026-02-13 00:00:00,N,SECSEG,,,,,
2026,1181,2026-02-13 00:00:00,GMADA,1110118000,25,50008,R,1181,110,,,,,,,,2776262.5,D,S,2026-02-13 00:00:00,,,1,Generado Automáticamente - Periodo 2/2026 - Tipo/Grupo HEX/23,2026-02-13 00:00:00,N,DECI,,,,,
2026,1182,2026-02-13 00:00:00,GMADA,1110118000,25,50008,R,1182,110,,,,,,,,3730875.53,D,S,2026-02-13 00:00:00,,,1,Generado Automáticamente - Periodo 2/2026 - Tipo/Grupo HEX/23,2026-02-13 00:00:00,N,MEAM,,,,,
2026,1183,2026-02-13 00:00:00,GMADA,1110118000,25,50008,R,1183,110,,,,,,,,2356373.01,D,S,2026-02-13 00:00:00,,,1,Generado Automáticamente - Periodo 2/2026 - Tipo/Grupo HEX/23,2026-02-13 00:00:00,N,BARU,,,,,
2026,1184,2026-02-13 00:00:00,GMADA,1110118000,25,50008,R,1184,110,,,,,,,,18519926.23,D,S,2026-02-13 00:00:00,,,1,Generado Automáticamente - Periodo 2/2026 - Tipo/Grupo HEX/23,2026-02-13 00:00:00,N,00003,,,,,
2026,1185,2026-02-13 00:00:00,GMADA,1110112000,19,230,R,1185,110,,,,,,,,1204068.92,D,S,2026-02-13 00:00:00,,,1,COMISIONES,2026-02-13 00:00:00,N,SEHA,2026-02-13 00:00:00,N,2026,,N
2026,1186,2026-02-13 00:00:00,GMADA,1110112000,19,50087,R,1186,110,,,,,,,,1454555.19,D,S,2026-02-13 00:00:00,,,1,COMISIONES,2026-02-13 00:00:00,N,SEHA,2026-02-13 00:00:00,N,2026,,N
2026,1187,2026-02-13 00:00:00,GMADA,1110101000,1,50087,R,1187,110,,,,,,,,200000.0,D,S,2026-02-13 00:00:00,,,1,copres 11-2,2026-02-13 00:00:00,N,INT,2026-02-13 00:00:00,N,2026,,N
2026,1188,2026-02-13 00:00:00,GMADA,1110111000,3,50087,R,1188,131,,,,,,,,280000.0,D,S,2026-02-13 00:00:00,,,1,copres 11-2,2026-02-13 00:00:00,N,CAS,2026-02-13 00:00:00,N,2026,,N
2026,1189,2026-02-13 00:00:00,GMADA,1110113000,20,50087,R,1189,132,,,,,,,,6000000.0,D,S,2026-02-13 00:00:00,,,1,copres 11-2,2026-02-13 00:00:00,N,SECSEG,2026-02-13 00:00:00,N,2026,,N
2026,1190,2026-02-13 00:00:00,GMADA,1110104000,5,50087,R,1190,131,,,,,,,,1418000.0,D,S,2026-02-13 00:00:00,,,1,copres 11-2,2026-02-13 00:00:00,N,HOSP,2026-02-13 00:00:00,N,2026,,N
2026,1191,2026-02-13 00:00:00,GMADA,1110106000,7,50087,R,1191,132,,,,,,,,300000.0,D,S,2026-02-13 00:00:00,,,1,copres 11-2,2026-02-13 00:00:00,N,ACCSOC,2026-02-13 00:00:00,N,2026,,N
2026,1192,2026-02-13 00:00:00,GMADA,1110112000,19,50087,R,1192,110,,,,,,,,163960.0,D,S,2026-02-13 00:00:00,,,1,comisiones copres 11-2,2026-02-13 00:00:00,N,SEHA,2026-02-13 00:00:00,N,2026,,N
2026,1197,2026-02-13 00:00:00,GMADA,1110104000,5,50280,R,1197,110,,,,,,,,63250.74,D,S,2026-02-13 00:00:00,,,1,caja chica,2026-02-13 00:00:00,N,HOSP,2026-02-13 00:00:00,N,2026,,N
2026,1199,2026-02-13 00:00:00,GMADA,1110102000,2,50219,R,1199,110,,,,,,,,184937.83,D,S,2026-02-13 00:00:00,,,1,gtos feb,2026-02-13 00:00:00,N,GOBHAC,2026-02-13 00:00:00,N,2026,,N
2026,1200,2026-02-13 00:00:00,GMADA,1110118000,25,50012,R,1200,110,,,,,,,,19118.0,D,S,2026-02-13 00:00:00,,,1,caja chica,2026-02-13 00:00:00,N,00003,2026-02-13 00:00:00,N,2026,,N
2026,1201,2026-02-13 00:00:00,GMADA,1110112000,19,50012,R,1201,110,,,,,,,,3580.0,D,S,2026-02-13 00:00:00,,,1,caja chica,2026-02-13 00:00:00,N,SEHA,2026-02-13 00:00:00,N,2026,,N
2026,1202,2026-02-13 00:00:00,GMADA,1110105000,6,3218,R,1202,132,,,,,,,,89154.79,D,S,2026-02-13 00:00:00,,,1,Reg.Comp. 1262/2025 servs,2026-02-13 00:00:00,N,CULTUR,2026-02-13 00:00:00,N,,,N
2026,1203,2026-02-13 00:00:00,GMADA,1110105000,6,3177,R,1203,110,1,640,1,674,,,,1800000.0,A,S,2026-02-13 00:00:00,2026-02-26 00:00:00,ERROR,1,servs,2026-02-13 00:00:00,N,CULTUR,2026-02-13 00:00:00,N,2026,,N
2026,1204,2026-02-13 00:00:00,GMADA,1110108000,14,2410,R,1204,110,1,627,1,668,,,,150000.0,D,S,2026-02-13 00:00:00,,,1,servs,2026-02-13 00:00:00,N,PROD,2026-02-13 00:00:00,N,2026,,N
2026,1205,2026-02-13 00:00:00,GMADA,1110109000,13,441,R,1205,110,1,628,1,654,,,,4800.0,D,S,2026-02-13 00:00:00,,,1,silicona,2026-02-13 00:00:00,N,DEP,2026-02-13 00:00:00,N,2026,,N
2026,1206,2026-02-13 00:00:00,GMADA,1110111000,3,2410,R,1206,131,1,629,1,655,,,,820000.0,D,S,2026-02-13 00:00:00,,,1,reparac,2026-02-13 00:00:00,N,CAS,2026-02-13 00:00:00,N,2026,,N
2026,1207,2026-02-13 00:00:00,GMADA,1110118000,25,300,R,1207,110,1,630,1,656,,,,64146.0,D,S,2026-02-13 00:00:00,,,1,arts de ferret,2026-02-13 00:00:00,N,DECI,2026-02-13 00:00:00,N,2026,,N
2026,1208,2026-02-13 00:00:00,GMADA,1110118000,25,826,R,1208,110,1,632,1,661,,,,65000.0,D,S,2026-02-13 00:00:00,,,1,comisiones,2026-02-13 00:00:00,N,000SU,2026-02-13 00:00:00,N,2026,,N
2026,1209,2026-02-13 00:00:00,GMADA,1110118000,25,441,R,1209,110,1,633,1,662,,,,24550.0,D,S,2026-02-13 00:00:00,,,1,perforad,2026-02-13 00:00:00,N,18C,2026-02-13 00:00:00,N,2026,,N
2026,1210,2026-02-13 00:00:00,GMADA,1110108000,14,2751,R,1210,110,1,635,1,669,,,,375000.0,D,S,2026-02-13 00:00:00,,,1,semillas,2026-02-13 00:00:00,N,PROD,2026-02-13 00:00:00,N,2026,,N
2026,1211,2026-02-13 00:00:00,GMADA,1110102000,2,2330,R,1211,110,1,638,1,641,,,,4750000.0,D,S,2026-02-13 00:00:00,,,1,combust,2026-02-13 00:00:00,N,GOB,2026-02-13 00:00:00,N,2026,,N
2026,1212,2026-02-13 00:00:00,GMADA,1110118000,25,2917,R,1212,110,1,626,1,673,,,,1068795.02,D,S,2026-02-13 00:00:00,,,1,filtros,2026-02-13 00:00:00,N,000SU,2026-02-13 00:00:00,N,2026,,N
2026,1213,2026-02-13 00:00:00,GMADA,1110109000,13,2674,R,1213,110,1,639,1,696,,,,504900.0,D,S,2026-02-13 00:00:00,,,1,cintas de vallado,2026-02-13 00:00:00,N,DEP,2026-02-13 00:00:00,N,2026,,N
2026,1214,2026-02-13 00:00:00,GMADA,1110102000,2,50283,R,1214,110,,,,,,,,105466.06,D,S,2026-02-13 00:00:00,,,1,caja chica,2026-02-13 00:00:00,N,DELRU,2026-02-13 00:00:00,N,2026,,N
2026,1215,2026-02-18 00:00:00,GMADA,1110101000,1,50003,R,1215,110,,,,,,,,180000.0,D,S,2026-02-18 00:00:00,,,2,viaticos Esteban Santoro,2026-02-18 00:00:00,N,INT,,N,2026,,N
2026,1216,2026-02-18 00:00:00,GMADA,1110106000,7,50003,R,1216,110,,,,,,,,90000.0,D,S,2026-02-18 00:00:00,,,2,VIATICO ENRIQUE DE MAARE,2026-02-18 00:00:00,N,ACCSOC,,N,2026,,N
2026,1218,2026-02-18 00:00:00,GMADA,1110101000,1,50003,R,1218,110,,,,,,,,180000.0,D,S,2026-02-18 00:00:00,,,2,VIATICO ESTEBAN SANTORO,2026-02-18 00:00:00,N,INT,,N,2026,,N
2026,1229,2026-02-18 00:00:00,GMADA,1110104000,5,50023,R,1229,110,,,,,,,,602185.14,D,S,2026-02-18 00:00:00,,,2,PERIODO 01/26,2026-02-18 00:00:00,N,CAP,,N,2026,,N
2026,1231,2026-02-18 00:00:00,GMADA,1110200000,8,50023,R,1231,110,,,,,,,,22966.27,D,S,2026-02-18 00:00:00,,,2,PERIODO 01/26,2026-02-18 00:00:00,N,PRESID,,N,2026,,N
2026,1238,2026-02-18 00:00:00,GMADA,1110106000,7,50023,R,1238,110,,,,,,,,61581.32,D,S,2026-02-18 00:00:00,,,2,PERIODO 01/26,2026-02-18 00:00:00,N,ACCSOC,,N,2026,,N
2026,1239,2026-02-18 00:00:00,GMADA,1110105000,6,50023,R,1239,110,,,,,,,,91708.79,D,S,2026-02-18 00:00:00,,,2,PERIODO 01/26,2026-02-18 00:00:00,N,CULTUR,,N,2026,,N
2026,1241,2026-02-18 00:00:00,GMADA,1110102000,2,50023,R,1241,110,,,,,,,,83773.86,D,S,2026-02-18 00:00:00,,,2,PERIODO 1/26,2026-02-18 00:00:00,N,ADFIN,,N,2026,,N
2026,820,2026-01-29 00:00:00,GMADA,1110102000,2,50008,R,820,110,,,,,,,,2812295.43,D,S,2026-01-29 00:00:00,,,1,Generado Automáticamente - Periodo 1/2026 - Tipo/Grupo 9/2,2026-01-29 00:00:00,N,DELRU,,,,,
2026,821,2026-01-29 00:00:00,GMADA,1110102000,2,50008,R,821,110,,,,,,,,3846470.66,D,S,2026-01-29 00:00:00,,,1,Generado Automáticamente - Periodo 1/2026 - Tipo/Grupo 9/2,2026-01-29 00:00:00,N,GOB,,,,,
2026,822,2026-01-29 00:00:00,GMADA,1110102000,2,50008,R,822,110,,,,,,,,2793546.79,D,S,2026-01-29 00:00:00,,,1,Generado Automáticamente - Periodo 1/2026 - Tipo/Grupo 9/2,2026-01-29 00:00:00,N,AREAJ,,,,,
2026,823,2026-01-29 00:00:00,GMADA,1110102000,2,50051,R,823,110,,,,,,,,335225.61,D,S,2026-01-29 00:00:00,,,1,Generado Automáticamente - Periodo 1/2026 - Tipo/Grupo 9/2,2026-01-29 00:00:00,N,AREAJ,,,,,
2026,3273,2026-05-08 00:00:00,GMADA,1110104000,5,3165,R,3273,131,1,1667,1,1718,,,,768049.3,N,S,2026-05-08 00:00:00,,,1,Insumos farmacia,2026-05-08 00:00:00,N,FARM,2026-05-08 00:00:00,N,2026,,N
2026,3274,2026-05-08 00:00:00,GMADA,1110104000,5,2302,R,3274,131,1,1668,1,1720,,,,419554.2,D,S,2026-05-08 00:00:00,,,1,Insumos informatica,2026-05-08 00:00:00,N,CONEX,2026-05-08 00:00:00,N,2026,,N
2026,3275,2026-05-08 00:00:00,GMADA,1110200000,8,86,R,3275,110,1,1670,1,1734,,,,45000.0,A,S,2026-05-08 00:00:00,2026-05-08 00:00:00,ERROR,1,Cuadros,2026-05-08 00:00:00,N,PRESID,2026-05-08 00:00:00,N,2026,,N
2026,3276,2026-05-08 00:00:00,GMADA,1110111000,3,86,R,3276,131,1,1671,1,1735,,,,40000.0,A,S,2026-05-08 00:00:00,2026-05-08 00:00:00,ERROR,1,Repuesto p/ vehiculo,2026-05-08 00:00:00,N,CAS,2026-05-08 00:00:00,N,2026,,N
2026,3277,2026-05-08 00:00:00,GMADA,1110106000,7,2636,R,3277,110,1,1673,1,1745,,,,30000.0,N,S,2026-05-08 00:00:00,,,1,Vidrio,2026-05-08 00:00:00,N,ACCSOC,2026-05-08 00:00:00,N,2026,,N
2026,3279,2026-05-08 00:00:00,GMADA,1110106000,7,2636,R,3279,132,1,1676,1,1747,,,,291700.0,N,S,2026-05-08 00:00:00,,,1,Vidrios,2026-05-08 00:00:00,N,JARD,2026-05-08 00:00:00,N,2026,,N
2026,3280,2026-05-08 00:00:00,GMADA,1110102000,2,1879,R,3280,110,1,1677,1,1731,,,,438600.0,D,S,2026-05-08 00:00:00,,,1,Repuestos vehiculos,2026-05-08 00:00:00,N,GOBHAC,2026-05-08 00:00:00,N,2026,,N
2026,3281,2026-05-08 00:00:00,GMADA,1110105000,6,2801,R,3281,110,1,1678,1,1732,,,,83000.0,D,S,2026-05-08 00:00:00,,,1,Repuestos refrigeracion,2026-05-08 00:00:00,N,CULTUR,2026-05-08 00:00:00,N,2026,,N
2026,3282,2026-05-08 00:00:00,GMADA,1110105000,6,3075,R,3282,110,1,1679,1,1733,,,,23349.83,D,S,2026-05-08 00:00:00,,,1,Art limpieza,2026-05-08 00:00:00,N,CASA,2026-05-08 00:00:00,N,2026,,N
2026,3283,2026-05-08 00:00:00,GMADA,1110118000,25,1879,R,3283,110,1,1680,1,1741,,,,225000.0,D,S,2026-05-08 00:00:00,,,1,Repuestos camion AF545GL,2026-05-08 00:00:00,N,000SU,2026-05-08 00:00:00,N,2026,,N
2026,3284,2026-05-08 00:00:00,GMADA,1110118000,25,2310,R,3284,110,1,1681,1,1742,,,,184379.38,D,S,2026-05-08 00:00:00,,,1,Repuestos camion PPU739,2026-05-08 00:00:00,N,000SU,2026-05-08 00:00:00,N,2026,,N
2026,3285,2026-05-08 00:00:00,GMADA,1110118000,25,650,R,3285,110,1,1682,1,1743,EXPED,861,2026,4000000.0,N,S,2026-05-08 00:00:00,,,1,Alquiler de maquinaria,2026-05-08 00:00:00,N,BARU,2026-05-08 00:00:00,N,2026,,N
2026,3286,2026-05-08 00:00:00,GMADA,1110102000,2,879,R,3286,110,1,1683,1,1744,,,,68060.0,D,S,2026-05-08 00:00:00,,,1,Repuestos calefactor,2026-05-08 00:00:00,N,MAYOR,2026-05-08 00:00:00,N,2026,,N
2026,3287,2026-05-08 00:00:00,GMADA,1110108000,14,5,R,3287,110,1,1684,1,1752,,,,500000.0,N,S,2026-05-08 00:00:00,,,1,Alimentos personas,2026-05-08 00:00:00,N,SECPRO,2026-05-08 00:00:00,N,2026,,N
2026,3289,2026-05-08 00:00:00,GMADA,1110106000,7,300,R,3289,132,1,1675,1,1746,,,,174677.0,N,S,2026-05-08 00:00:00,,,1,Art ferreteria,2026-05-08 00:00:00,N,JARD,2026-05-08 00:00:00,N,2026,,N
2026,3294,2026-05-08 00:00:00,GMADA,1110102000,2,248,R,3294,110,1,1689,1,1763,,,,316999.0,N,S,2026-05-08 00:00:00,,,1,Calefactor,2026-05-08 00:00:00,N,DELRU,2026-05-08 00:00:00,N,2026,,N
2026,509,2026-01-21 00:00:00,GMADA,1110106000,7,169,D,103,110,1,44,1,29,,,,-200.0,D,S,2026-01-22 00:00:00,,,1,Registro generado por Compras,2026-01-21 00:00:00,N,GRAN,2026-01-09 00:00:00,N,,,N
2026,824,2026-01-29 00:00:00,GMADA,1110102000,2,50051,R,824,110,,,,,,,,337475.45,D,S,2026-01-29 00:00:00,,,1,Generado Automáticamente - Periodo 1/2026 - Tipo/Grupo 9/2,2026-01-29 00:00:00,N,DELRU,,,,,
2026,825,2026-01-29 00:00:00,GMADA,1110102000,2,50051,R,825,110,,,,,,,,461576.48,D,S,2026-01-29 00:00:00,,,1,Generado Automáticamente - Periodo 1/2026 - Tipo/Grupo 9/2,2026-01-29 00:00:00,N,GOB,,,,,
2026,826,2026-01-29 00:00:00,GMADA,1110102000,2,50052,R,826,110,,,,,,,,134090.25,D,S,2026-01-29 00:00:00,,,1,Generado Automáticamente - Periodo 1/2026 - Tipo/Grupo 9/2,2026-01-29 00:00:00,N,AREAJ,,,,,
2026,827,2026-01-29 00:00:00,GMADA,1110102000,2,50052,R,827,110,,,,,,,,184630.59,D,S,2026-01-29 00:00:00,,,1,Generado Automáticamente - Periodo 1/2026 - Tipo/Grupo 9/2,2026-01-29 00:00:00,N,GOB,,,,,
2026,828,2026-01-29 00:00:00,GMADA,1110102000,2,50052,R,828,110,,,,,,,,134990.18,D,S,2026-01-29 00:00:00,,,1,Generado Automáticamente - Periodo 1/2026 - Tipo/Grupo 9/2,2026-01-29 00:00:00,N,DELRU,,,,,
2026,829,2026-01-29 00:00:00,GMADA,1110103000,3,50008,R,829,110,,,,,,,,4506515.92,D,S,2026-01-29 00:00:00,,,1,Generado Automáticamente - Periodo 1/2026 - Tipo/Grupo 9/2,2026-01-29 00:00:00,N,SECOP,,,,,
2026,830,2026-01-29 00:00:00,GMADA,1110103000,3,50051,R,830,110,,,,,,,,540781.91,D,S,2026-01-29 00:00:00,,,1,Generado Automáticamente - Periodo 1/2026 - Tipo/Grupo 9/2,2026-01-29 00:00:00,N,SECOP,,,,,
2026,831,2026-01-29 00:00:00,GMADA,1110103000,3,50052,R,831,110,,,,,,,,216312.76,D,S,2026-01-29 00:00:00,,,1,Generado Automáticamente - Periodo 1/2026 - Tipo/Grupo 9/2,2026-01-29 00:00:00,N,SECOP,,,,,
2026,832,2026-01-29 00:00:00,GMADA,1110104000,5,50008,R,832,110,,,,,,,,14884539.87,D,S,2026-01-29 00:00:00,,,1,Generado Automáticamente - Periodo 1/2026 - Tipo/Grupo 9/2,2026-01-29 00:00:00,N,HOSP,,,,,
2026,833,2026-01-29 00:00:00,GMADA,1110104000,5,50051,R,833,110,,,,,,,,1748442.42,D,S,2026-01-29 00:00:00,,,1,Generado Automáticamente - Periodo 1/2026 - Tipo/Grupo 9/2,2026-01-29 00:00:00,N,HOSP,,,,,
2026,834,2026-01-29 00:00:00,GMADA,1110104000,5,50052,R,834,110,,,,,,,,699376.97,D,S,2026-01-29 00:00:00,,,1,Generado Automáticamente - Periodo 1/2026 - Tipo/Grupo 9/2,2026-01-29 00:00:00,N,HOSP,,,,,
2026,835,2026-01-29 00:00:00,GMADA,1110105000,6,50008,R,835,110,,,,,,,,9116230.8,D,S,2026-01-29 00:00:00,,,1,Generado Automáticamente - Periodo 1/2026 - Tipo/Grupo 9/2,2026-01-29 00:00:00,N,CULTUR,,,,,
2026,836,2026-01-29 00:00:00,GMADA,1110105000,6,50051,R,836,110,,,,,,,,1093947.69,D,S,2026-01-29 00:00:00,,,1,Generado Automáticamente - Periodo 1/2026 - Tipo/Grupo 9/2,2026-01-29 00:00:00,N,CULTUR,,,,,
2026,837,2026-01-29 00:00:00,GMADA,1110105000,6,50052,R,837,110,,,,,,,,437579.07,D,S,2026-01-29 00:00:00,,,1,Generado Automáticamente - Periodo 1/2026 - Tipo/Grupo 9/2,2026-01-29 00:00:00,N,CULTUR,,,,,
2026,838,2026-01-29 00:00:00,GMADA,1110106000,7,50008,R,838,110,,,,,,,,10804917.16,D,S,2026-01-29 00:00:00,,,1,Generado Automáticamente - Periodo 1/2026 - Tipo/Grupo 9/2,2026-01-29 00:00:00,N,ACCSOC,,,,,
2026,839,2026-01-29 00:00:00,GMADA,1110106000,7,50051,R,839,110,,,,,,,,1296590.06,D,S,2026-01-29 00:00:00,,,1,Generado Automáticamente - Periodo 1/2026 - Tipo/Grupo 9/2,2026-01-29 00:00:00,N,ACCSOC,,,,,
2026,840,2026-01-29 00:00:00,GMADA,1110106000,7,50052,R,840,110,,,,,,,,518636.03,D,S,2026-01-29 00:00:00,,,1,Generado Automáticamente - Periodo 1/2026 - Tipo/Grupo 9/2,2026-01-29 00:00:00,N,ACCSOC,,,,,
2026,841,2026-01-29 00:00:00,GMADA,1110106000,7,50008,R,841,132,,,,,,,,3580989.52,D,S,2026-01-29 00:00:00,,,1,Generado Automáticamente - Periodo 1/2026 - Tipo/Grupo 9/2,2026-01-29 00:00:00,N,ACCSOC,,,,,
2026,842,2026-01-29 00:00:00,GMADA,1110106000,7,50051,R,842,132,,,,,,,,429718.74,D,S,2026-01-29 00:00:00,,,1,Generado Automáticamente - Periodo 1/2026 - Tipo/Grupo 9/2,2026-01-29 00:00:00,N,ACCSOC,,,,,
2026,843,2026-01-29 00:00:00,GMADA,1110106000,7,50052,R,843,132,,,,,,,,171887.5,D,S,2026-01-29 00:00:00,,,1,Generado Automáticamente - Periodo 1/2026 - Tipo/Grupo 9/2,2026-01-29 00:00:00,N,ACCSOC,,,,,
2026,844,2026-01-29 00:00:00,GMADA,1110108000,14,50008,R,844,110,,,,,,,,3550588.3,D,S,2026-01-29 00:00:00,,,1,Generado Automáticamente - Periodo 1/2026 - Tipo/Grupo 9/2,2026-01-29 00:00:00,N,PROD,,,,,
2026,845,2026-01-29 00:00:00,GMADA,1110108000,14,50051,R,845,110,,,,,,,,426070.6,D,S,2026-01-29 00:00:00,,,1,Generado Automáticamente - Periodo 1/2026 - Tipo/Grupo 9/2,2026-01-29 00:00:00,N,PROD,,,,,
2026,846,2026-01-29 00:00:00,GMADA,1110108000,14,50052,R,846,110,,,,,,,,170428.24,D,S,2026-01-29 00:00:00,,,1,Generado Automáticamente - Periodo 1/2026 - Tipo/Grupo 9/2,2026-01-29 00:00:00,N,PROD,,,,,
2026,847,2026-01-29 00:00:00,GMADA,1110109000,13,50008,R,847,110,,,,,,,,3414027.21,D,S,2026-01-29 00:00:00,,,1,Generado Automáticamente - Periodo 1/2026 - Tipo/Grupo 9/2,2026-01-29 00:00:00,N,DEPORT,,,,,
2026,848,2026-01-29 00:00:00,GMADA,1110109000,13,50051,R,848,110,,,,,,,,409683.27,D,S,2026-01-29 00:00:00,,,1,Generado Automáticamente - Periodo 1/2026 - Tipo/Grupo 9/2,2026-01-29 00:00:00,N,DEPORT,,,,,
2026,849,2026-01-29 00:00:00,GMADA,1110109000,13,50052,R,849,110,,,,,,,,163873.31,D,S,2026-01-29 00:00:00,,,1,Generado Automáticamente - Periodo 1/2026 - Tipo/Grupo 9/2,2026-01-29 00:00:00,N,DEPORT,,,,,
2026,850,2026-01-29 00:00:00,GMADA,1110112000,19,50008,R,850,110,,,,,,,,6732451.54,D,S,2026-01-29 00:00:00,,,1,Generado Automáticamente - Periodo 1/2026 - Tipo/Grupo 9/2,2026-01-29 00:00:00,N,SECHAC,,,,,
2026,851,2026-01-29 00:00:00,GMADA,1110112000,19,50051,R,851,110,,,,,,,,807894.18,D,S,2026-01-29 00:00:00,,,1,Generado Automáticamente - Periodo 1/2026 - Tipo/Grupo 9/2,2026-01-29 00:00:00,N,SECHAC,,,,,
2026,852,2026-01-29 00:00:00,GMADA,1110112000,19,50052,R,852,110,,,,,,,,323157.68,D,S,2026-01-29 00:00:00,,,1,Generado Automáticamente - Periodo 1/2026 - Tipo/Grupo 9/2,2026-01-29 00:00:00,N,SECHAC,,,,,
2026,853,2026-01-29 00:00:00,GMADA,1110113000,20,50008,R,853,110,,,,,,,,8955600.44,D,S,2026-01-29 00:00:00,,,1,Generado Automáticamente - Periodo 1/2026 - Tipo/Grupo 9/2,2026-01-29 00:00:00,N,SECSEG,,,,,
2026,854,2026-01-29 00:00:00,GMADA,1110113000,20,50051,R,854,110,,,,,,,,1074672.05,D,S,2026-01-29 00:00:00,,,1,Generado Automáticamente - Periodo 1/2026 - Tipo/Grupo 9/2,2026-01-29 00:00:00,N,SECSEG,,,,,
2026,855,2026-01-29 00:00:00,GMADA,1110113000,20,50052,R,855,110,,,,,,,,429868.82,D,S,2026-01-29 00:00:00,,,1,Generado Automáticamente - Periodo 1/2026 - Tipo/Grupo 9/2,2026-01-29 00:00:00,N,SECSEG,,,,,
2026,856,2026-01-29 00:00:00,GMADA,1110115000,22,50008,R,856,110,,,,,,,,3482307.76,D,S,2026-01-29 00:00:00,,,1,Generado Automáticamente - Periodo 1/2026 - Tipo/Grupo 9/2,2026-01-29 00:00:00,N,SECGRA,,,,,
2026,857,2026-01-29 00:00:00,GMADA,1110115000,22,50051,R,857,110,,,,,,,,417876.93,D,S,2026-01-29 00:00:00,,,1,Generado Automáticamente - Periodo 1/2026 - Tipo/Grupo 9/2,2026-01-29 00:00:00,N,SECGRA,,,,,
2026,858,2026-01-29 00:00:00,GMADA,1110115000,22,50052,R,858,110,,,,,,,,167150.77,D,S,2026-01-29 00:00:00,,,1,Generado Automáticamente - Periodo 1/2026 - Tipo/Grupo 9/2,2026-01-29 00:00:00,N,SECGRA,,,,,
2026,859,2026-01-29 00:00:00,GMADA,1110117000,24,50008,R,859,110,,,,,,,,9282350.35,D,S,2026-01-29 00:00:00,,,1,Generado Automáticamente - Periodo 1/2026 - Tipo/Grupo 9/2,2026-01-29 00:00:00,N,000002,,,,,
2026,860,2026-01-29 00:00:00,GMADA,1110117000,24,50051,R,860,110,,,,,,,,1113882.05,D,S,2026-01-29 00:00:00,,,1,Generado Automáticamente - Periodo 1/2026 - Tipo/Grupo 9/2,2026-01-29 00:00:00,N,000002,,,,,
2026,861,2026-01-29 00:00:00,GMADA,1110117000,24,50052,R,861,110,,,,,,,,445552.82,D,S,2026-01-29 00:00:00,,,1,Generado Automáticamente - Periodo 1/2026 - Tipo/Grupo 9/2,2026-01-29 00:00:00,N,000002,,,,,
2026,862,2026-01-29 00:00:00,GMADA,1110118000,25,50008,R,862,110,,,,,,,,3414027.21,D,S,2026-01-29 00:00:00,,,1,Generado Automáticamente - Periodo 1/2026 - Tipo/Grupo 9/2,2026-01-29 00:00:00,N,00003,,,,,
2026,863,2026-01-29 00:00:00,GMADA,1110118000,25,50008,R,863,110,,,,,,,,2812295.43,D,S,2026-01-29 00:00:00,,,1,Generado Automáticamente - Periodo 1/2026 - Tipo/Grupo 9/2,2026-01-29 00:00:00,N,DECI,,,,,
2026,1825,2026-03-10 00:00:00,GMADA,1110102000,2,50087,R,1825,110,,,,,,,,135600.0,D,S,2026-03-10 00:00:00,,,2,comision copres,2026-03-10 00:00:00,N,ADFIN,,N,2026,,N
2026,1832,2026-03-10 00:00:00,GMADA,1110113000,20,50087,R,1832,131,,,,,,,,5000000.0,D,S,2026-03-10 00:00:00,,,2,copres,2026-03-10 00:00:00,N,SECSEG,,N,2026,,N
2026,2433,2026-04-06 00:00:00,GMADA,1110106000,7,2330,D,290,110,1,241,1,232,,,,-260000.0,D,S,2026-04-07 00:00:00,,,1,Registro generado por Compras,2026-04-06 00:00:00,N,ACCSOC,,N,,,N
2026,2438,2026-04-06 00:00:00,GMADA,1110106000,7,2330,D,290,110,1,241,1,232,,,,0.0,D,S,2026-04-07 00:00:00,,,1,Registro generado por Compras,2026-04-06 00:00:00,N,ACCSOC,,N,,,N
2026,2434,2026-04-06 00:00:00,GMADA,1110106000,7,2330,D,290,110,1,241,1,232,,,,-180000.0,D,S,2026-04-07 00:00:00,,,1,Registro generado por Compras,2026-04-06 00:00:00,N,ACCSOC,,N,,,N
2026,2435,2026-04-06 00:00:00,GMADA,1110106000,7,2330,D,290,110,1,241,1,232,,,,-900000.0,D,S,2026-04-07 00:00:00,,,1,Registro generado por Compras,2026-04-06 00:00:00,N,ACCSOC,,N,,,N
2026,2436,2026-04-06 00:00:00,GMADA,1110106000,7,2330,D,290,110,1,241,1,232,,,,-900000.0,D,S,2026-04-07 00:00:00,,,1,Registro generado por Compras,2026-04-06 00:00:00,N,ACCSOC,,N,,,N
2026,228,2026-01-14 00:00:00,GMADA,1110102000,2,50087,R,228,110,,,,,,,,29224.95,D,S,2026-01-14 00:00:00,,,3,visa,2026-01-14 00:00:00,N,ADFIN,,N,2026,,N
2026,230,2026-01-14 00:00:00,GMADA,1110102000,2,50023,R,230,132,,,,,,,,138179.7,D,S,2026-01-14 00:00:00,,,3,periodo 06/25,2026-01-14 00:00:00,N,CASADE,,N,2026,,N
2026,244,2026-01-14 00:00:00,GMADA,1110113000,20,71,R,244,110,1,194,1,184,,,,4000.0,D,S,2026-01-14 00:00:00,,,1,rep,2026-01-14 00:00:00,N,SECSEG,,N,2026,,N
2026,245,2026-01-14 00:00:00,GMADA,1110113000,20,1527,R,245,110,1,192,1,183,,,,154000.0,D,S,2026-01-14 00:00:00,,,1,parches,2026-01-14 00:00:00,N,SECSEG,,N,2026,,N
2026,246,2026-01-14 00:00:00,GMADA,1110111000,3,33,R,246,131,1,188,1,182,,,,6332135.0,D,S,2026-01-14 00:00:00,,,1,seguro,2026-01-14 00:00:00,N,CAS,2026-01-14 00:00:00,N,2026,,N
2026,247,2026-01-14 00:00:00,GMADA,1110118000,25,1266,R,247,110,1,165,1,192,,,,236800.0,N,S,2026-01-14 00:00:00,,,1,alarma,2026-01-14 00:00:00,N,PLANRE,,N,2026,,N
2026,248,2026-01-14 00:00:00,GMADA,1110102000,2,1266,R,248,110,1,161,1,190,,,,473600.0,N,S,2026-01-14 00:00:00,,,1,serv de alarma,2026-01-14 00:00:00,N,GOBHAC,2026-01-14 00:00:00,N,2026,,N
2026,249,2026-01-14 00:00:00,GMADA,1110109000,13,2593,R,249,110,1,212,1,202,,,,35000.0,D,S,2026-01-14 00:00:00,,,1,copias de llave,2026-01-14 00:00:00,N,DEP,2026-01-14 00:00:00,N,2026,,N
2026,250,2026-01-14 00:00:00,GMADA,1110111000,3,2209,R,250,131,1,210,1,201,,,,150707.0,D,S,2026-01-14 00:00:00,,,1,alimentos vs,2026-01-14 00:00:00,N,CAS,,N,2026,,N
2026,251,2026-01-14 00:00:00,GMADA,1110106000,7,2869,R,251,110,1,204,1,235,,,,4000000.0,D,S,2026-01-14 00:00:00,,,1,carne,2026-01-14 00:00:00,N,GRAN,2026-01-14 00:00:00,N,2026,,N
2026,252,2026-01-14 00:00:00,GMADA,1110102000,2,918,R,252,110,1,208,1,200,,,,2000000.0,N,S,2026-01-14 00:00:00,,,1,timbre,2026-01-14 00:00:00,N,GOBHAC,,N,2026,,N
2026,253,2026-01-14 00:00:00,GMADA,1110102000,2,2930,R,253,110,1,206,1,199,,,,4000000.0,N,S,2026-01-14 00:00:00,,,1,cena,2026-01-14 00:00:00,N,GOBHAC,2026-01-14 00:00:00,N,2026,,N
2026,254,2026-01-14 00:00:00,GMADA,1110106000,7,2843,R,254,110,1,202,1,234,,,,1000000.0,D,S,2026-01-14 00:00:00,,,1,frutas y verduras,2026-01-14 00:00:00,N,GRAN,2026-01-14 00:00:00,N,2026,,N
2026,255,2026-01-14 00:00:00,GMADA,1110106000,7,2209,R,255,110,1,200,1,233,,,,603000.0,D,S,2026-01-14 00:00:00,,,2,alimentos,2026-01-14 00:00:00,N,ACCSOC,2026-01-14 00:00:00,N,2026,,N
2026,256,2026-01-14 00:00:00,GMADA,1110118000,25,1514,R,256,110,1,198,1,242,,,,4606439.0,D,S,2026-01-14 00:00:00,,,1,rep,2026-01-14 00:00:00,N,000SU,,N,2026,,N
2026,257,2026-01-14 00:00:00,GMADA,1110118000,25,3495,R,257,110,1,189,1,208,,,,425000.0,A,S,2026-01-14 00:00:00,2026-01-21 00:00:00,ERROR,1,plantas,2026-01-14 00:00:00,N,VIMUNI,2026-01-14 00:00:00,N,2026,,N
2026,258,2026-01-14 00:00:00,GMADA,1110118000,25,1063,R,258,110,1,195,1,187,,,,1120000.0,D,S,2026-01-14 00:00:00,,,1,rep,2026-01-14 00:00:00,N,DECI,,N,2026,,N
2026,259,2026-01-14 00:00:00,GMADA,1110111000,3,413,R,259,131,1,197,1,185,,,,263000.0,D,S,2026-01-14 00:00:00,,,1,cubiertas,2026-01-14 00:00:00,N,CAS,,N,2026,,N
2026,260,2026-01-14 00:00:00,GMADA,1110102000,2,3287,R,260,110,1,213,1,214,,,,152100.0,D,S,2026-01-14 00:00:00,,,1,imprenta,2026-01-14 00:00:00,N,GOBHAC,2026-01-14 00:00:00,N,2026,,N
2026,283,2026-01-14 00:00:00,GMADA,1110106000,7,68,R,283,132,1,166,1,162,,,,880000.0,D,S,2026-01-14 00:00:00,,,1,destape,2026-01-14 00:00:00,N,ACCSOC,2026-01-14 00:00:00,N,2026,,N
2026,1278,2026-02-18 00:00:00,GMADA,1110105000,6,2365,D,1102,110,1,601,1,633,,,,-60000.0,D,S,2026-02-20 00:00:00,,,1,Registro generado por Compras,2026-02-18 00:00:00,N,CULTUR,2026-02-11 00:00:00,N,,,N
2026,1040,2026-02-09 00:00:00,GMADA,1110102000,2,50070,R,1040,110,,,,,,,,17326705.67,D,S,2026-02-09 00:00:00,,,2,seg enero/26,2026-02-09 00:00:00,N,ADFIN,,N,2026,,N
2026,1042,2026-02-09 00:00:00,GMADA,1110111000,3,50070,R,1042,131,,,,,,,,121635.25,D,S,2026-02-09 00:00:00,,,2,seg enero 2026,2026-02-09 00:00:00,N,CAS,,N,2026,,N
2026,1044,2026-02-09 00:00:00,GMADA,1110118000,25,313,R,1044,132,1,577,1,610,,,,8000000.0,D,S,2026-02-09 00:00:00,,,1,combustibles,2026-02-09 00:00:00,N,000SU,,N,2026,,N
2026,1045,2026-02-09 00:00:00,GMADA,1110112000,19,2109,R,1045,110,1,586,1,625,,,,40000.0,D,S,2026-02-09 00:00:00,,,1,mant pag web,2026-02-09 00:00:00,N,INGPU,2026-02-09 00:00:00,N,2026,,N
2026,1046,2026-02-09 00:00:00,GMADA,1110105000,6,3218,R,1046,132,1,574,1,608,,,,97262.26,D,S,2026-02-09 00:00:00,,,1,serv de vigilancia,2026-02-09 00:00:00,N,CULTUR,2026-02-09 00:00:00,N,2026,,N
2026,1054,2026-02-09 00:00:00,GMADA,1110118000,25,1266,R,1054,110,1,582,1,616,,,,236800.0,N,S,2026-02-09 00:00:00,,,1,serv de alarma,2026-02-09 00:00:00,N,PLANRE,2026-02-09 00:00:00,N,2026,,N
2026,1055,2026-02-09 00:00:00,GMADA,1110104000,5,141,R,1055,131,1,575,1,609,,,,368508.33,D,S,2026-02-09 00:00:00,,,1,pinturas,2026-02-09 00:00:00,N,INTER,2026-02-09 00:00:00,N,2026,,N
2026,1056,2026-02-09 00:00:00,GMADA,1110118000,25,436,R,1056,110,1,578,1,611,,,,1339000.0,D,S,2026-02-09 00:00:00,,,1,parches,2026-02-09 00:00:00,N,000SU,2026-02-09 00:00:00,N,2026,,N
2026,1057,2026-02-09 00:00:00,GMADA,1110118000,25,300,R,1057,110,1,579,1,612,,,,234453.0,D,S,2026-02-09 00:00:00,,,1,herramientas,2026-02-09 00:00:00,N,000SU,2026-02-09 00:00:00,N,2026,,N
2026,1059,2026-02-09 00:00:00,GMADA,1110118000,25,826,R,1059,110,1,580,1,613,,,,65000.0,D,S,2026-02-09 00:00:00,,,2,comisiones,2026-02-09 00:00:00,N,000SU,2026-02-09 00:00:00,N,2026,,N
2026,1061,2026-02-09 00:00:00,GMADA,1110111000,3,685,R,1061,131,1,581,1,614,,,,127500.0,A,S,2026-02-09 00:00:00,2026-02-11 00:00:00,ERROR,1,serv de torneria,2026-02-09 00:00:00,N,CAS,2026-02-09 00:00:00,N,2026,,N
2026,1062,2026-02-09 00:00:00,GMADA,1110105000,6,879,R,1062,110,1,585,1,618,,,,53526.0,D,S,2026-02-09 00:00:00,,,1,rep,2026-02-09 00:00:00,N,CULTUR,2026-02-09 00:00:00,N,2026,,N
2026,2042,2026-03-17 00:00:00,GMADA,1110118000,25,17,R,2042,110,1,1030,1,1083,,,,304800.0,D,S,2026-03-17 00:00:00,,,1,reparac y repuestos,2026-03-17 00:00:00,N,000SU,2026-03-17 00:00:00,N,2026,,N
2026,2044,2026-03-17 00:00:00,GMADA,1110113000,20,1206,R,2044,110,1,1051,1,1116,,,,79500.0,D,S,2026-03-17 00:00:00,,,1,UPS SERVIDOR,2026-03-17 00:00:00,N,SECSEG,2026-03-17 00:00:00,N,2026,,N
2026,2045,2026-03-17 00:00:00,GMADA,1110104000,5,3552,R,2045,131,1,1052,1,1108,,,,876000.0,D,S,2026-03-17 00:00:00,,,1,MANTENIM DE MATAF,2026-03-17 00:00:00,N,HOSP,2026-03-17 00:00:00,N,2026,,N
2026,2050,2026-03-17 00:00:00,GMADA,1110101000,1,50012,R,2050,110,,,,,NOTA,1,2026,40898.56,D,S,2026-03-17 00:00:00,,,1,caja chica,2026-03-17 00:00:00,N,INT,2026-03-17 00:00:00,N,2026,,N
2026,2899,2026-04-27 00:00:00,GMADA,1110111000,3,1514,R,2899,131,1,1504,1,1569,,,,1050000.0,D,S,2026-04-27 00:00:00,,,1,Lubricantes,2026-04-27 00:00:00,N,CAS,2026-04-27 00:00:00,N,2026,,N
2026,2901,2026-04-27 00:00:00,GMADA,1110105000,6,2018,R,2901,110,1,1507,1,1570,,,,240000.0,D,S,2026-04-27 00:00:00,,,1,Telefono,2026-04-27 00:00:00,N,TURIS,2026-04-27 00:00:00,N,2026,,N
2026,2903,2026-04-27 00:00:00,GMADA,1110118000,25,2595,R,2903,110,1,1480,1,1553,,,,65400.0,D,S,2026-04-27 00:00:00,,,1,repuesto vehiculo,2026-04-27 00:00:00,N,DECI,2026-04-27 00:00:00,N,2026,,N
2026,2904,2026-04-27 00:00:00,GMADA,1110106000,7,90,R,2904,132,1,1481,1,1551,,,,8030267.0,D,S,2026-04-27 00:00:00,,,1,Alimentos personas,2026-04-27 00:00:00,N,ACCSOC,2026-04-27 00:00:00,N,2026,,N
2026,2905,2026-04-27 00:00:00,GMADA,1110118000,25,2595,R,2905,110,1,1479,1,1554,,,,34140.0,D,S,2026-04-27 00:00:00,,,1,Repuestos vehiculos,2026-04-27 00:00:00,N,000SU,2026-04-27 00:00:00,N,2026,,N
2026,2906,2026-04-27 00:00:00,GMADA,1110111000,3,86,R,2906,131,1,1482,1,1557,,,,140000.0,N,S,2026-04-27 00:00:00,,,1,Vidrio laminado,2026-04-27 00:00:00,N,CAS,2026-04-27 00:00:00,N,2026,,N
2026,2909,2026-04-27 00:00:00,GMADA,1110118000,25,164,R,2909,110,1,1485,1,1556,,,,210000.0,D,S,2026-04-27 00:00:00,,,1,Trabajos electricidad,2026-04-27 00:00:00,N,000SU,2026-04-27 00:00:00,N,2026,,N
2026,2910,2026-04-27 00:00:00,GMADA,1110106000,7,19,R,2910,110,1,1487,1,1552,,,,25000.0,D,S,2026-04-27 00:00:00,,,1,Art. ferreteria,2026-04-27 00:00:00,N,ACCSOC,2026-04-27 00:00:00,N,2026,,N
2026,2911,2026-04-27 00:00:00,GMADA,1110111000,3,1514,R,2911,131,1,1503,1,1566,,,,4336440.0,N,S,2026-04-27 00:00:00,,,1,Lubricantes,2026-04-27 00:00:00,N,CAS,2026-04-27 00:00:00,N,2026,,N
2026,2913,2026-04-27 00:00:00,GMADA,1110106000,7,1213,R,2913,132,1,1489,1,1550,,,,150145.16,D,S,2026-04-27 00:00:00,,,1,Maderas,2026-04-27 00:00:00,N,ENV,2026-04-27 00:00:00,N,2026,,N
2026,2914,2026-04-27 00:00:00,GMADA,1110113000,20,2595,R,2914,110,1,1486,1,1549,,,,284310.0,D,S,2026-04-27 00:00:00,,,1,Repuestos vehiculos,2026-04-27 00:00:00,N,SECSEG,2026-04-27 00:00:00,N,2026,,N
2026,2915,2026-04-27 00:00:00,GMADA,1110118000,25,2595,R,2915,110,1,1483,1,1555,,,,190020.0,D,S,2026-04-27 00:00:00,,,1,Repuestos vehiculos,2026-04-27 00:00:00,N,000SU,2026-04-27 00:00:00,N,2026,,N
2026,284,2026-01-14 00:00:00,GMADA,1110118000,25,33,R,284,110,1,174,1,167,,,,13799206.99,D,S,2026-01-14 00:00:00,,,1,seguros,2026-01-14 00:00:00,N,000SU,,N,2026,,N
2026,285,2026-01-14 00:00:00,GMADA,1110118000,25,33,R,285,110,1,176,1,168,,,,5856236.44,N,S,2026-01-14 00:00:00,,,1,seg,2026-01-14 00:00:00,N,00B,,N,2026,,N
2026,286,2026-01-14 00:00:00,GMADA,1110118000,25,33,R,286,110,1,178,1,169,,,,14974886.89,D,S,2026-01-14 00:00:00,,,1,seg,2026-01-14 00:00:00,N,00B,2026-01-14 00:00:00,N,2026,,N
2026,287,2026-01-14 00:00:00,GMADA,1110104000,5,33,R,287,110,1,180,1,170,,,,25861604.6,D,S,2026-01-14 00:00:00,,,1,seg,2026-01-14 00:00:00,N,HOSP,2026-01-14 00:00:00,N,2026,,N
2026,288,2026-01-14 00:00:00,GMADA,1110112000,19,3075,R,288,110,1,234,1,230,,,,122500.0,D,S,2026-01-14 00:00:00,,,1,lavandina,2026-01-14 00:00:00,N,CONTRA,2026-01-14 00:00:00,N,2026,,N
2026,289,2026-01-14 00:00:00,GMADA,1110106000,7,2593,R,289,110,1,237,1,231,,,,500000.0,D,S,2026-01-14 00:00:00,,,1,cerrajeria,2026-01-14 00:00:00,N,ACCSOC,2026-01-14 00:00:00,N,2026,,N
2026,290,2026-01-14 00:00:00,GMADA,1110106000,7,2330,R,290,110,1,241,1,232,,,,4040000.0,D,S,2026-01-14 00:00:00,,,1,combust,2026-01-14 00:00:00,N,ACCSOC,,N,2026,,N
2026,291,2026-01-14 00:00:00,GMADA,1110104000,5,285,R,291,131,1,233,1,229,,,,70455.66,D,S,2026-01-14 00:00:00,,,1,prod farm,2026-01-14 00:00:00,N,LAB,2026-01-14 00:00:00,N,2026,,N
2026,292,2026-01-14 00:00:00,GMADA,1110104000,5,3356,R,292,131,1,244,1,220,,,,135000.0,D,S,2026-01-14 00:00:00,,,1,pescado,2026-01-14 00:00:00,N,COC,,N,2026,,N
2026,293,2026-01-14 00:00:00,GMADA,1110118000,25,2369,R,293,110,1,240,1,219,,,,2366209.0,D,S,2026-01-14 00:00:00,,,1,rep,2026-01-14 00:00:00,N,000SU,2026-01-14 00:00:00,N,2026,,N
2026,294,2026-01-14 00:00:00,GMADA,1110118000,25,2369,R,294,110,1,238,1,218,,,,1687979.86,D,S,2026-01-14 00:00:00,,,1,rep,2026-01-14 00:00:00,N,000SU,,N,2026,,N
2026,295,2026-01-14 00:00:00,GMADA,1110104000,5,441,R,295,131,1,211,1,213,,,,74489.1,D,S,2026-01-14 00:00:00,,,1,papel,2026-01-14 00:00:00,N,HOSP,2026-01-14 00:00:00,N,2026,,N
2026,296,2026-01-14 00:00:00,GMADA,1110118000,25,1266,R,296,110,1,217,1,198,,,,236800.0,N,S,2026-01-14 00:00:00,,,1,seg,2026-01-14 00:00:00,N,18C,2026-01-14 00:00:00,N,2026,,N
2026,297,2026-01-14 00:00:00,GMADA,1110108000,14,708,R,297,110,1,258,1,261,,,,1100000.0,D,S,2026-01-14 00:00:00,,,1,seg,2026-01-14 00:00:00,N,PROD,2026-01-14 00:00:00,N,2026,,N
2026,298,2026-01-14 00:00:00,GMADA,1110106000,7,708,R,298,110,1,259,1,262,,,,3000000.0,D,S,2026-01-14 00:00:00,,,1,seg,2026-01-14 00:00:00,N,ACCSOC,2026-01-14 00:00:00,N,2026,,N
2026,299,2026-01-14 00:00:00,GMADA,1110108000,14,2549,R,299,110,1,260,1,263,,,,1503558.0,D,S,2026-01-14 00:00:00,,,1,seg,2026-01-14 00:00:00,N,TACOS,,N,2026,,N
2026,300,2026-01-14 00:00:00,GMADA,1110106000,7,1266,R,300,110,1,163,1,196,,,,866400.0,N,S,2026-01-14 00:00:00,,,1,seg,2026-01-14 00:00:00,N,ACCSOC,,N,2026,,N
2026,301,2026-01-14 00:00:00,GMADA,1110108000,14,1266,R,301,110,1,164,1,197,,,,196400.0,N,S,2026-01-14 00:00:00,,,1,serv vig,2026-01-14 00:00:00,N,PROD,2026-01-14 00:00:00,N,2026,,N
2026,302,2026-01-14 00:00:00,GMADA,1110104000,11,3287,R,302,110,1,228,1,226,,,,225500.0,D,S,2026-01-14 00:00:00,,,1,serv de imp,2026-01-14 00:00:00,N,BROM,,N,2026,,N
2026,303,2026-01-14 00:00:00,GMADA,1110104000,5,2595,R,303,131,1,229,1,227,,,,98680.0,D,S,2026-01-14 00:00:00,,,1,utiles,2026-01-14 00:00:00,N,HOSP,,N,2026,,N
2026,304,2026-01-14 00:00:00,GMADA,1110104000,5,850,R,304,131,1,231,1,228,,,,3717618.69,D,S,2026-01-14 00:00:00,,,1,utiles,2026-01-14 00:00:00,N,LAB,2026-01-14 00:00:00,N,2026,,N
2026,305,2026-01-14 00:00:00,GMADA,1110115000,22,3430,R,305,110,1,186,1,249,,,,2200997.5,D,S,2026-01-14 00:00:00,,,1,tonnner,2026-01-14 00:00:00,N,DIRINF,2026-01-14 00:00:00,N,2026,,N
2026,306,2026-01-14 00:00:00,GMADA,1110104000,5,2538,R,306,131,1,209,1,212,,,,175000.0,D,S,2026-01-14 00:00:00,,,1,service,2026-01-14 00:00:00,N,HOSP,2026-01-14 00:00:00,N,2026,,N
2026,307,2026-01-14 00:00:00,GMADA,1110112000,19,441,R,307,110,1,207,1,211,,,,387500.0,D,S,2026-01-14 00:00:00,,,1,caja,2026-01-14 00:00:00,N,TESOR,2026-01-14 00:00:00,N,2026,,N
2026,308,2026-01-14 00:00:00,GMADA,1110118000,25,3270,R,308,110,1,205,1,238,,,,120000.0,D,S,2026-01-14 00:00:00,,,1,trabajos,2026-01-14 00:00:00,N,18C,2026-01-14 00:00:00,N,2026,,N
2026,309,2026-01-14 00:00:00,GMADA,1110106000,7,5,R,309,110,1,203,1,237,,,,1500000.0,D,S,2026-01-14 00:00:00,,,1,alimentos,2026-01-14 00:00:00,N,ACCSOC,2026-01-14 00:00:00,N,2026,,N
2026,310,2026-01-14 00:00:00,GMADA,1110106000,7,2299,R,310,132,1,201,1,236,,,,600000.0,D,S,2026-01-14 00:00:00,,,1,agua,2026-01-14 00:00:00,N,JARD,2026-01-14 00:00:00,N,2026,,N
2026,311,2026-01-14 00:00:00,GMADA,1110118000,25,2470,R,311,110,1,199,1,216,,,,1831589.95,D,S,2026-01-14 00:00:00,,,1,prod,2026-01-14 00:00:00,N,000SU,2026-01-14 00:00:00,N,2026,,N
2026,312,2026-01-14 00:00:00,GMADA,1110104000,5,717,R,312,131,1,196,1,244,,,,112000.0,D,S,2026-01-14 00:00:00,,,1,alimentos,2026-01-14 00:00:00,N,HOSP,2026-01-14 00:00:00,N,2026,,N
2026,313,2026-01-14 00:00:00,GMADA,1110105000,6,1266,R,313,110,1,172,1,194,,,,710400.0,N,S,2026-01-14 00:00:00,,,1,serv de vig,2026-01-14 00:00:00,N,BA,,N,2026,,N
2026,402,2026-01-19 00:00:00,GMADA,1110104000,5,866,R,402,131,1,290,1,293,,,,5999983.64,D,S,2026-01-19 00:00:00,,,1,medicamentos,2026-01-19 00:00:00,N,FARM,2026-01-19 00:00:00,N,2026,,N
2026,403,2026-01-19 00:00:00,GMADA,1110104000,5,33,R,403,131,1,289,1,294,,,,831252.0,D,S,2026-01-19 00:00:00,,,1,seguros,2026-01-19 00:00:00,N,SABEL,2026-01-19 00:00:00,N,2026,,N
2026,443,2026-01-20 00:00:00,GMADA,1110104000,5,2538,A,349,131,1,222,1,223,,,,-175000.0,N,S,2026-01-16 00:00:00,2026-01-20 00:00:00,ERROR,1,carga de gas,2026-01-20 00:00:00,N,HOSP,2026-01-16 00:00:00,N,2026,,N
2026,404,2026-01-19 00:00:00,GMADA,1110113000,20,33,R,404,110,1,288,1,295,,,,1290174.0,D,S,2026-01-19 00:00:00,,,1,seguros,2026-01-19 00:00:00,N,SECSEG,2026-01-19 00:00:00,N,2026,,N
2026,405,2026-01-19 00:00:00,GMADA,1110105000,6,33,R,405,110,1,287,1,296,,,,566687.0,D,S,2026-01-19 00:00:00,,,1,seguros,2026-01-19 00:00:00,N,BA,2026-01-19 00:00:00,N,2026,,N
2026,406,2026-01-19 00:00:00,GMADA,1110109000,13,441,R,406,110,,,,,,,,8300.0,D,S,2026-01-19 00:00:00,,,1,Reg.Comp. 10197/2025 etiquetas,2026-01-19 00:00:00,N,DEP,2026-01-19 00:00:00,N,,,N
2026,438,2026-01-19 00:00:00,GMADA,1110117000,24,2770,R,438,110,1,286,1,322,,,,36000.0,D,S,2026-01-19 00:00:00,,,1,repuestos,2026-01-19 00:00:00,N,000A,2026-01-19 00:00:00,N,2026,,N
2026,439,2026-01-19 00:00:00,GMADA,1110104000,5,1879,R,439,131,1,273,1,273,,,,1453200.0,D,S,2026-01-19 00:00:00,,,1,repuestos,2026-01-19 00:00:00,N,HOSP,2026-01-19 00:00:00,N,2026,,N
2026,440,2026-01-19 00:00:00,GMADA,1110104000,5,1440,R,440,131,1,270,1,272,,,,3553530.0,D,S,2026-01-19 00:00:00,,,1,insumos hops.,2026-01-19 00:00:00,N,FARM,2026-01-19 00:00:00,N,2026,,N
2026,501,2026-01-21 00:00:00,GMADA,1110104000,5,85,A,482,131,1,316,1,362,,,,-1604998.0,N,S,2026-01-20 00:00:00,2026-01-21 00:00:00,ERROR,1,TERMO/TELEF,2026-01-21 00:00:00,N,INTER,2026-01-20 00:00:00,N,2026,,N
2026,500,2026-01-21 00:00:00,GMADA,1110102000,2,50072,R,500,110,,,,,EXPED,3767,2025,1565987.17,A,S,2026-01-21 00:00:00,2026-01-27 00:00:00,ERROR,2,munic c/chacras del rosario,2026-01-21 00:00:00,N,ADFIN,,N,2026,,N
2026,441,2026-01-19 00:00:00,GMADA,1110104000,5,2209,R,441,131,1,283,1,275,,,,74379.0,D,S,2026-01-19 00:00:00,,,1,alimentos,2026-01-19 00:00:00,N,HOGANC,2026-01-19 00:00:00,N,2026,,N
2026,442,2026-01-19 00:00:00,GMADA,1110104000,5,527,R,442,131,1,284,1,276,,,,42350.0,D,S,2026-01-19 00:00:00,,,1,insumos hosps,2026-01-19 00:00:00,N,TERINT,2026-01-19 00:00:00,N,2026,,N
2026,610,2026-01-23 00:00:00,GMADA,1110118000,25,1514,A,544,132,1,394,1,409,,,,-1933200.0,N,S,2026-01-21 00:00:00,2026-01-23 00:00:00,ERROR,1,COMBUST,2026-01-23 00:00:00,N,BARU,2026-01-21 00:00:00,N,2026,,N
2026,444,2026-01-20 00:00:00,GMADA,1110102000,2,50002,R,444,110,,,,,,,,815914.73,D,S,2026-01-20 00:00:00,,,1,servs,2026-01-20 00:00:00,N,GOBHAC,2026-01-20 00:00:00,N,2026,,N
2026,450,2026-01-20 00:00:00,GMADA,1110102000,2,50002,R,450,110,,,,,,,,55013.47,D,S,2026-01-20 00:00:00,,,1,servs,2026-01-20 00:00:00,N,GOBHAC,2026-01-20 00:00:00,N,2026,,N
2026,2123,2026-03-19 00:00:00,GMADA,1110111000,3,707,R,2123,131,,,,,,,,12852.0,D,S,2026-03-19 00:00:00,,,2,seg,2026-03-19 00:00:00,N,CAS,,N,2026,,N
2026,613,2026-01-23 00:00:00,GMADA,1110111000,3,1514,R,613,131,,,,,,,,8055000.0,D,S,2026-01-23 00:00:00,,,1,Reg.Comp. 10167/2025 Combustible,2026-01-23 00:00:00,N,CAS,2026-01-23 00:00:00,N,,,N
2026,618,2026-01-23 00:00:00,GMADA,1110118000,25,1514,R,618,132,,,,,,,,3644082.0,D,S,2026-01-23 00:00:00,,,1,Reg.Comp. 10173/2025 Combustible,2026-01-23 00:00:00,N,BARU,2026-01-23 00:00:00,N,,,N
2026,621,2026-01-23 00:00:00,GMADA,1110118000,25,1514,R,621,132,,,,,,,,11518650.01,D,S,2026-01-23 00:00:00,,,1,Reg.Comp. 10174/2025 Combustible,2026-01-23 00:00:00,N,000SU,2026-01-23 00:00:00,N,,,N
2026,623,2026-01-23 00:00:00,GMADA,1110118000,25,1514,R,623,132,1,409,1,440,,,,4833000.0,D,S,2026-01-23 00:00:00,,,1,gas-oil,2026-01-23 00:00:00,N,BARU,2026-01-23 00:00:00,N,2026,,N
2026,624,2026-01-23 00:00:00,GMADA,1110108000,14,2222,R,624,110,1,408,1,438,,,,1875000.0,D,S,2026-01-23 00:00:00,,,1,honorarios,2026-01-23 00:00:00,N,PROD,2026-01-23 00:00:00,N,2026,,N
2026,625,2026-01-23 00:00:00,GMADA,1110106000,7,50031,R,625,110,,,,,EXPED,57,2026,13000.0,D,S,2026-01-23 00:00:00,,,1,Mase Ruben,2026-01-23 00:00:00,N,ACCSOC,2026-01-23 00:00:00,N,2026,,N
2026,626,2026-01-23 00:00:00,GMADA,1110106000,7,50031,R,626,110,,,,,EXPED,56,2026,20000.0,D,S,2026-01-23 00:00:00,,,1,Hidalgo Claudio,2026-01-23 00:00:00,N,ACCSOC,2026-01-23 00:00:00,N,2026,,N
2026,1047,2026-02-09 00:00:00,GMADA,1110102000,2,50002,R,1047,110,,,,,,,,59373.97,D,S,2026-02-09 00:00:00,,,1,servs},2026-02-09 00:00:00,N,GOBHAC,2026-02-09 00:00:00,N,2026,,N
2026,1048,2026-02-09 00:00:00,GMADA,1110112000,19,230,R,1048,110,,,,,,,,20584.52,D,S,2026-02-09 00:00:00,,,1,COMISIONES,2026-02-09 00:00:00,N,SEHA,2026-02-09 00:00:00,N,2026,,N
2026,1049,2026-02-09 00:00:00,GMADA,1110105000,6,3218,R,1049,132,,,,,,,,87492.48,D,S,2026-02-09 00:00:00,,,1,Reg.Comp. 1262/2025 servs,2026-02-09 00:00:00,N,CULTUR,2026-02-09 00:00:00,N,,,N
2026,1050,2026-02-09 00:00:00,GMADA,1110115000,22,400,R,1050,110,1,583,1,369,EXPED,26,2026,1080000.0,D,S,2026-02-09 00:00:00,,,1,public,2026-02-09 00:00:00,N,SCOOR,2026-02-09 00:00:00,N,2026,,N
2026,1052,2026-02-09 00:00:00,GMADA,1110104000,5,635,R,1052,110,1,589,1,629,,,,285000.0,D,S,2026-02-09 00:00:00,,,1,SERV DE IMP,2026-02-09 00:00:00,N,HOSP,2026-02-09 00:00:00,N,2026,,N
2026,1053,2026-02-09 00:00:00,GMADA,1110103000,3,635,R,1053,110,1,590,1,628,,,,140000.0,D,S,2026-02-09 00:00:00,,,1,SERVS DE IMP,2026-02-09 00:00:00,N,MA,2026-02-09 00:00:00,N,2026,,N
2026,1058,2026-02-09 00:00:00,GMADA,1110104000,5,2330,R,1058,131,,,,,,,,350346.85,D,S,2026-02-09 00:00:00,,,1,Reg.Comp. 10171/2025 COMBUST,2026-02-09 00:00:00,N,HOSP,2026-02-09 00:00:00,N,,,N
2026,1060,2026-02-09 00:00:00,GMADA,1110109000,13,2330,R,1060,110,,,,,,,,386638.98,D,S,2026-02-09 00:00:00,,,2,Reg.Comp. 10172/2025 COMBUST,2026-02-09 00:00:00,N,DEP,2026-02-09 00:00:00,N,,,N
2026,1161,2026-02-12 00:00:00,GMADA,1110106000,7,50031,R,1161,110,,,,,EXPED,346,2026,50000.0,D,S,2026-02-12 00:00:00,,,2,Larrea Iara K,2026-02-12 00:00:00,N,ACCSOC,,N,2026,,N
2026,1162,2026-02-12 00:00:00,GMADA,1110111000,3,3441,R,1162,131,1,623,1,670,,,,4000000.0,D,S,2026-02-12 00:00:00,,,1,pan,2026-02-12 00:00:00,N,CAS,2026-02-12 00:00:00,N,2026,,N
2026,1163,2026-02-12 00:00:00,GMADA,1110105000,6,3560,R,1163,110,1,625,1,672,EXPED,224,2026,450000.0,D,S,2026-02-12 00:00:00,,,1,actuac artist,2026-02-12 00:00:00,N,CULTUR,2026-02-12 00:00:00,N,2026,,N
2026,2540,2026-04-09 00:00:00,GMADA,1110118000,25,3005,A,2509,110,1,1233,1,1300,,,,-45000.0,N,S,2026-04-08 00:00:00,2026-04-09 00:00:00,ERROR,1,ploteado,2026-04-09 00:00:00,N,DECI,2026-04-08 00:00:00,N,2026,,N
2026,2159,2026-03-25 00:00:00,GMADA,1110106000,7,50031,R,2159,110,,,,,,,,25000.0,D,S,2026-03-25 00:00:00,,,3,subsidio Malena Albarengo,2026-03-25 00:00:00,N,ACCSOC,,N,2026,,N
2026,2160,2026-03-25 00:00:00,GMADA,1110102000,2,50002,R,2160,110,,,,,,,,36232.46,D,S,2026-03-25 00:00:00,,,2,linea 7511970,2026-03-25 00:00:00,N,ADFIN,,N,2026,,N
2026,2163,2026-03-25 00:00:00,GMADA,1110101000,1,50003,R,2163,110,,,,,,,,260000.0,D,S,2026-03-25 00:00:00,,,2,viatico Esteban Santoro,2026-03-25 00:00:00,N,INT,,N,2026,,N
2026,2164,2026-03-25 00:00:00,GMADA,1110105000,6,50020,R,2164,110,,,,,,,,147558.95,D,S,2026-03-25 00:00:00,,,1,caja chica cultura,2026-03-25 00:00:00,N,CULTUR,,N,2026,,N
2026,2539,2026-04-09 00:00:00,GMADA,1110106000,7,90,R,2539,132,1,1240,1,1307,,,,7999896.9,D,S,2026-04-09 00:00:00,,,1,ALIMENTOS,2026-04-09 00:00:00,N,ACCSOC,2026-04-09 00:00:00,N,2026,,N
2026,2541,2026-04-09 00:00:00,GMADA,1110108000,14,1494,R,2541,110,1,1255,1,1321,,,,45000.0,D,S,2026-04-09 00:00:00,,,1,comisiones,2026-04-09 00:00:00,N,PROD,2026-04-09 00:00:00,N,2026,,N
2026,2542,2026-04-09 00:00:00,GMADA,1110118000,25,2078,R,2542,110,1,1261,1,1300,,,,45000.0,D,S,2026-04-09 00:00:00,,,1,ploteado,2026-04-09 00:00:00,N,DECI,2026-04-09 00:00:00,N,2026,,N
2026,2545,2026-04-09 00:00:00,GMADA,1110104000,5,2421,R,2545,131,1,1256,1,1326,,,,60000.0,D,S,2026-04-09 00:00:00,,,1,reinstalac de rastreador,2026-04-09 00:00:00,N,HOSP,2026-04-09 00:00:00,N,2026,,N
2026,2546,2026-04-09 00:00:00,GMADA,1110104000,5,3556,R,2546,131,1,1257,1,1325,,,,621000.0,D,S,2026-04-09 00:00:00,,,1,huevos,2026-04-09 00:00:00,N,COC,2026-04-09 00:00:00,N,2026,,N
2026,2547,2026-04-09 00:00:00,GMADA,1110104000,5,1573,R,2547,131,1,1258,1,1323,,,,1701850.0,D,S,2026-04-09 00:00:00,,,1,medicamentos,2026-04-09 00:00:00,N,FARM,2026-04-09 00:00:00,N,2026,,N
2026,2796,2026-04-20 00:00:00,GMADA,1110109000,13,688,R,2796,110,1,1427,1,1492,,,,271200.0,D,S,2026-04-20 00:00:00,,,1,Bateria vehiculo,2026-04-20 00:00:00,N,DEP,2026-04-20 00:00:00,N,2026,,N
2026,2797,2026-04-20 00:00:00,GMADA,1110118000,25,1001,R,2797,132,1,1428,1,1495,,,,164550.32,D,S,2026-04-20 00:00:00,,,1,Repuesto vehiculos,2026-04-20 00:00:00,N,00003,2026-04-20 00:00:00,N,2026,,N
2026,2803,2026-04-20 00:00:00,GMADA,1110113000,20,2770,R,2803,110,1,1435,1,1500,,,,37500.0,D,S,2026-04-20 00:00:00,,,1,DVD insumos Seg.,2026-04-20 00:00:00,N,SECSEG,2026-04-20 00:00:00,N,2026,,N
2026,2804,2026-04-20 00:00:00,GMADA,1110102000,2,1578,R,2804,110,1,1433,1,1497,,,,27600.0,D,S,2026-04-20 00:00:00,,,1,Bombilla,2026-04-20 00:00:00,N,MAYOR,2026-04-20 00:00:00,N,2026,,N
2026,2805,2026-04-20 00:00:00,GMADA,1110105000,6,68,R,2805,110,1,1431,1,1496,,,,460000.0,N,S,2026-04-20 00:00:00,,,1,Serv. atmosferico,2026-04-20 00:00:00,N,CULTUR,2026-04-20 00:00:00,N,2026,,N
2026,2806,2026-04-20 00:00:00,GMADA,1110111000,3,3297,R,2806,131,1,1432,1,1501,,,,364000.0,D,S,2026-04-20 00:00:00,,,1,Repuetos y lubricantes,2026-04-20 00:00:00,N,CAS,2026-04-20 00:00:00,N,2026,,N
2026,2807,2026-04-20 00:00:00,GMADA,1110109000,13,17,R,2807,110,1,1429,1,1493,,,,689000.0,D,S,2026-04-20 00:00:00,,,1,Repuestos y lubricantes,2026-04-20 00:00:00,N,DEP,2026-04-20 00:00:00,N,2026,,N
2026,2808,2026-04-20 00:00:00,GMADA,1110106000,7,1629,R,2808,132,1,1430,1,1498,,,,4050000.0,D,S,2026-04-20 00:00:00,,,1,Gas en garrafas,2026-04-20 00:00:00,N,ACCSOC,2026-04-20 00:00:00,N,2026,,N
2026,504,2026-01-21 00:00:00,GMADA,1110106000,7,1603,A,480,132,1,323,1,333,,,,-143000.0,N,S,2026-01-20 00:00:00,2026-01-21 00:00:00,ERROR,1,PAN,2026-01-21 00:00:00,N,ACCSOC,2026-01-20 00:00:00,N,2026,,N
2026,502,2026-01-21 00:00:00,GMADA,1110104000,5,85,R,502,131,1,316,1,362,,,,1604998.0,D,S,2026-01-21 00:00:00,,,1,equipo,2026-01-21 00:00:00,N,INTER,2026-01-21 00:00:00,N,2026,,N
2026,503,2026-01-21 00:00:00,GMADA,1110117000,24,51093,R,503,110,,,,,EXPED,3767,2025,2653443.76,D,S,2026-01-21 00:00:00,,,2,honorarios,2026-01-21 00:00:00,N,000002,,N,2026,,N
2026,534,2026-01-21 00:00:00,GMADA,1110106000,7,1603,A,505,132,1,323,1,333,,,,-143000.0,N,S,2026-01-21 00:00:00,2026-01-21 00:00:00,ERROR,1,pan,2026-01-21 00:00:00,N,ACCSOC,2026-01-21 00:00:00,N,2026,,N
2026,505,2026-01-21 00:00:00,GMADA,1110106000,7,1603,R,505,132,1,323,1,333,,,,143000.0,A,S,2026-01-21 00:00:00,2026-01-21 00:00:00,ERROR,1,pan,2026-01-21 00:00:00,N,ACCSOC,2026-01-21 00:00:00,N,2026,,N
2026,508,2026-01-21 00:00:00,GMADA,1110106000,7,50031,R,508,110,,,,,EXPED,3462,2025,100000.0,D,S,2026-01-21 00:00:00,,,2,ayuda econ Fernanda  Aguirre (Enero),2026-01-21 00:00:00,N,ACCSOC,,N,2026,,N
2026,1834,2026-03-10 00:00:00,GMADA,1110106000,7,50087,R,1834,132,,,,,,,,300000.0,D,S,2026-03-10 00:00:00,,,2,copres,2026-03-10 00:00:00,N,ACCSOC,,N,2026,,N
2026,1038,2026-02-06 00:00:00,GMADA,1110109000,13,2450,R,1038,110,1,584,1,617,,,,500000.0,D,S,2026-02-06 00:00:00,,,1,Alimentos ( Frutas),2026-02-06 00:00:00,N,DEP,2026-02-06 00:00:00,N,2026,,N
2026,2048,2026-03-17 00:00:00,GMADA,1110104000,5,2216,A,1859,131,1,964,1,1027,,,,-2847000.0,N,S,2026-03-11 00:00:00,2026-03-17 00:00:00,ERROR,1,rep aire,2026-03-17 00:00:00,N,HOSP,2026-03-11 00:00:00,N,2026,,N
2026,1838,2026-03-10 00:00:00,GMADA,1110101000,1,50087,R,1838,110,,,,,,,,200000.0,D,S,2026-03-10 00:00:00,,,2,copres,2026-03-10 00:00:00,N,INT,,N,2026,,N
2026,1839,2026-03-10 00:00:00,GMADA,1110111000,3,50087,R,1839,131,,,,,,,,280000.0,D,S,2026-03-10 00:00:00,,,3,copres,2026-03-10 00:00:00,N,CAS,,N,2026,,N
2026,1840,2026-03-10 00:00:00,GMADA,1110104000,5,50087,R,1840,131,,,,,,,,1000000.0,D,S,2026-03-10 00:00:00,,,2,copres,2026-03-10 00:00:00,N,ADMI,,N,2026,,N
2026,2043,2026-03-17 00:00:00,GMADA,1110104000,5,50023,R,2043,131,,,,,,,,166461.42,D,S,2026-03-17 00:00:00,,,2,periodo 02/26,2026-03-17 00:00:00,N,SALA O,,N,2026,,N
2026,2046,2026-03-17 00:00:00,GMADA,1110106000,7,50031,R,2046,110,,,,,,,,16000.0,D,S,2026-03-17 00:00:00,,,2,sub luisa Gomez,2026-03-17 00:00:00,N,ACCSOC,,N,2026,,N
2026,2047,2026-03-17 00:00:00,GMADA,1110105000,6,50370,R,2047,132,,,,,EXPED,643,2026,111818.92,D,S,2026-03-17 00:00:00,,,2,reintegro fact servicios Club San Juan,2026-03-17 00:00:00,N,CULTUR,,N,2026,,N
2026,510,2026-01-21 00:00:00,GMADA,1110104000,5,33,R,510,131,1,312,1,300,,,,318241.0,D,S,2026-01-21 00:00:00,,,1,seg,2026-01-21 00:00:00,N,HOSP,2026-01-21 00:00:00,N,2026,,N
2026,511,2026-01-21 00:00:00,GMADA,1110106000,7,33,R,511,110,1,313,1,299,,,,837666.0,D,S,2026-01-21 00:00:00,,,1,seg,2026-01-21 00:00:00,N,JARD,2026-01-21 00:00:00,N,2026,,N
2026,512,2026-01-21 00:00:00,GMADA,1110106000,7,33,R,512,110,1,314,1,298,,,,1131077.0,D,S,2026-01-21 00:00:00,,,1,seg,2026-01-21 00:00:00,N,ENV,2026-01-21 00:00:00,N,2026,,N
2026,515,2026-01-21 00:00:00,GMADA,1110106000,7,3439,R,515,132,1,328,1,392,,,,2042870.4,D,S,2026-01-21 00:00:00,,,1,serv,2026-01-21 00:00:00,N,JARD,2026-01-21 00:00:00,N,2026,,N
2026,516,2026-01-21 00:00:00,GMADA,1110118000,25,2369,R,516,110,1,320,1,330,,,,2011262.71,D,S,2026-01-21 00:00:00,,,1,rep,2026-01-21 00:00:00,N,000SU,2026-01-21 00:00:00,N,2026,,N
2026,517,2026-01-21 00:00:00,GMADA,1110112000,19,441,R,517,110,1,321,1,331,,,,15000.0,D,S,2026-01-21 00:00:00,,,1,banda,2026-01-21 00:00:00,N,CONTRA,2026-01-21 00:00:00,N,2026,,N
2026,519,2026-01-21 00:00:00,GMADA,1110104000,5,441,R,519,131,1,322,1,332,,,,23500.02,D,S,2026-01-21 00:00:00,,,1,papel,2026-01-21 00:00:00,N,HOSP,,N,2026,,N
2026,520,2026-01-21 00:00:00,GMADA,1110104000,5,167,R,520,131,1,325,1,355,,,,474200.0,D,S,2026-01-21 00:00:00,,,1,pollo,2026-01-21 00:00:00,N,HOGANC,2026-01-21 00:00:00,N,2026,,N
2026,522,2026-01-21 00:00:00,GMADA,1110115000,22,3445,R,522,110,1,373,1,370,,,,780000.0,D,S,2026-01-21 00:00:00,,,1,publicidad,2026-01-21 00:00:00,N,SCOOR,2026-01-21 00:00:00,N,2026,,N
2026,523,2026-01-21 00:00:00,GMADA,1110115000,22,2513,R,523,110,1,358,1,377,,,,1800000.0,D,S,2026-01-21 00:00:00,,,1,publidad radial,2026-01-21 00:00:00,N,SCOOR,2026-01-21 00:00:00,N,2026,,N
2026,524,2026-01-21 00:00:00,GMADA,1110106000,7,33,R,524,110,1,292,1,309,,,,367866.0,D,S,2026-01-21 00:00:00,,,1,seg,2026-01-21 00:00:00,N,HPI,2026-01-21 00:00:00,N,2026,,N
2026,670,2026-01-27 00:00:00,GMADA,1110118000,25,1514,D,623,132,1,409,1,440,,,,-132102.0,D,S,2026-01-29 00:00:00,,,1,Registro generado por Compras,2026-01-27 00:00:00,N,BARU,2026-01-23 00:00:00,N,,,N
2026,537,2026-01-21 00:00:00,GMADA,1110106000,7,1603,R,537,132,1,323,1,333,,,,143000.0,D,S,2026-01-21 00:00:00,,,1,pan,2026-01-21 00:00:00,N,ACCSOC,2026-01-21 00:00:00,N,2026,,N
2026,538,2026-01-21 00:00:00,GMADA,1110103000,3,2498,R,538,132,,,,,EXPED,1619,2025,11746168.43,D,S,2026-01-21 00:00:00,,,1,Reg.Comp. 6454/2025 obra,2026-01-21 00:00:00,N,OPP,2026-01-21 00:00:00,N,,,N
2026,539,2026-01-21 00:00:00,GMADA,1110104000,5,33,R,539,131,1,293,1,310,,,,502262.0,D,S,2026-01-21 00:00:00,,,1,seguros,2026-01-21 00:00:00,N,SASM,2026-01-21 00:00:00,N,2026,,N
2026,540,2026-01-21 00:00:00,GMADA,1110104000,5,33,R,540,131,1,294,1,311,,,,493506.0,D,S,2026-01-21 00:00:00,,,1,seg,2026-01-21 00:00:00,N,CICQ,2026-01-21 00:00:00,N,2026,,N
2026,541,2026-01-21 00:00:00,GMADA,1110105000,6,50031,R,541,110,,,,,,,,300000.0,D,S,2026-01-21 00:00:00,,,1,ayuda econ LUCRECIA  PAZOS (Barria),2026-01-21 00:00:00,N,CULTUR,,N,2026,,N
2026,542,2026-01-21 00:00:00,GMADA,1110118000,25,1514,R,542,132,1,392,1,407,,,,12888000.0,D,S,2026-01-21 00:00:00,,,1,COMBUST,2026-01-21 00:00:00,N,000SU,2026-01-21 00:00:00,N,2026,,N
2026,543,2026-01-21 00:00:00,GMADA,1110111000,3,1514,R,543,131,1,393,1,408,,,,11277000.0,D,S,2026-01-21 00:00:00,,,1,GASOIL,2026-01-21 00:00:00,N,CAS,2026-01-21 00:00:00,N,2026,,N
2026,544,2026-01-21 00:00:00,GMADA,1110118000,25,1514,R,544,132,1,394,1,409,,,,1933200.0,A,S,2026-01-21 00:00:00,2026-01-23 00:00:00,ERROR,1,COMBUST,2026-01-21 00:00:00,N,BARU,2026-01-21 00:00:00,N,2026,,N
2026,545,2026-01-21 00:00:00,GMADA,1110106000,7,3226,R,545,110,1,384,1,403,,,,768016.54,D,S,2026-01-21 00:00:00,,,1,IMPRESORA,2026-01-21 00:00:00,N,ACCSOC,2026-01-21 00:00:00,N,2026,,N
2026,671,2026-01-28 00:00:00,GMADA,1110104000,5,216,D,186,131,1,84,1,88,,,,-1000.0,D,S,2026-01-29 00:00:00,,,1,Registro generado por Compras,2026-01-28 00:00:00,N,HOSP,,N,,,N
2026,684,2026-01-29 00:00:00,GMADA,1110101000,1,50008,R,684,110,,,,,,,,2242294.11,D,S,2026-01-29 00:00:00,,,1,Generado Automáticamente - Periodo 1/2026 - Tipo/Grupo 9/1,2026-01-29 00:00:00,N,INT,,,,,
2026,685,2026-01-29 00:00:00,GMADA,1110101000,1,50051,R,685,110,,,,,,,,249758.6,D,S,2026-01-29 00:00:00,,,1,Generado Automáticamente - Periodo 1/2026 - Tipo/Grupo 9/1,2026-01-29 00:00:00,N,INT,,,,,
2026,686,2026-01-29 00:00:00,GMADA,1110101000,1,50052,R,686,110,,,,,,,,99903.44,D,S,2026-01-29 00:00:00,,,1,Generado Automáticamente - Periodo 1/2026 - Tipo/Grupo 9/1,2026-01-29 00:00:00,N,INT,,,,,
2026,687,2026-01-29 00:00:00,GMADA,1110102000,2,50008,R,687,110,,,,,,,,21295376.28,D,S,2026-01-29 00:00:00,,,1,Generado Automáticamente - Periodo 1/2026 - Tipo/Grupo 9/1,2026-01-29 00:00:00,N,GOBHAC,,,,,
2026,688,2026-01-29 00:00:00,GMADA,1110102000,2,50008,R,688,110,,,,,,,,4472196.7,D,S,2026-01-29 00:00:00,,,1,Generado Automáticamente - Periodo 1/2026 - Tipo/Grupo 9/1,2026-01-29 00:00:00,N,DELRU,,,,,
2026,689,2026-01-29 00:00:00,GMADA,1110102000,2,50008,R,689,110,,,,,,,,877933.93,D,S,2026-01-29 00:00:00,,,1,Generado Automáticamente - Periodo 1/2026 - Tipo/Grupo 9/1,2026-01-29 00:00:00,N,AREAJ,,,,,
2026,690,2026-01-29 00:00:00,GMADA,1110102000,2,50008,R,690,110,,,,,,,,1229425.31,D,S,2026-01-29 00:00:00,,,1,Generado Automáticamente - Periodo 1/2026 - Tipo/Grupo 9/1,2026-01-29 00:00:00,N,DMACED,,,,,
2026,691,2026-01-29 00:00:00,GMADA,1110102000,2,50008,R,691,110,,,,,,,,698721.09,D,S,2026-01-29 00:00:00,,,1,Generado Automáticamente - Periodo 1/2026 - Tipo/Grupo 9/1,2026-01-29 00:00:00,N,GOB,,,,,
2026,692,2026-01-29 00:00:00,GMADA,1110102000,2,50051,R,692,110,,,,,,,,478226.62,D,S,2026-01-29 00:00:00,,,1,Generado Automáticamente - Periodo 1/2026 - Tipo/Grupo 9/1,2026-01-29 00:00:00,N,DELRU,,,,,
2026,693,2026-01-29 00:00:00,GMADA,1110102000,2,50051,R,693,110,,,,,,,,86779.54,D,S,2026-01-29 00:00:00,,,1,Generado Automáticamente - Periodo 1/2026 - Tipo/Grupo 9/1,2026-01-29 00:00:00,N,AREAJ,,,,,
2026,694,2026-01-29 00:00:00,GMADA,1110102000,2,50051,R,694,110,,,,,,,,51992.77,D,S,2026-01-29 00:00:00,,,1,Generado Automáticamente - Periodo 1/2026 - Tipo/Grupo 9/1,2026-01-29 00:00:00,N,GOB,,,,,
2026,695,2026-01-29 00:00:00,GMADA,1110102000,2,50051,R,695,110,,,,,,,,2199822.2,D,S,2026-01-29 00:00:00,,,1,Generado Automáticamente - Periodo 1/2026 - Tipo/Grupo 9/1,2026-01-29 00:00:00,N,GOBHAC,,,,,
2026,696,2026-01-29 00:00:00,GMADA,1110102000,2,50051,R,696,110,,,,,,,,112099.79,D,S,2026-01-29 00:00:00,,,1,Generado Automáticamente - Periodo 1/2026 - Tipo/Grupo 9/1,2026-01-29 00:00:00,N,DMACED,,,,,
2026,697,2026-01-29 00:00:00,GMADA,1110102000,2,50052,R,697,110,,,,,,,,44839.91,D,S,2026-01-29 00:00:00,,,1,Generado Automáticamente - Periodo 1/2026 - Tipo/Grupo 9/1,2026-01-29 00:00:00,N,DMACED,,,,,
2026,698,2026-01-29 00:00:00,GMADA,1110102000,2,50052,R,698,110,,,,,,,,191290.64,D,S,2026-01-29 00:00:00,,,1,Generado Automáticamente - Periodo 1/2026 - Tipo/Grupo 9/1,2026-01-29 00:00:00,N,DELRU,,,,,
2026,699,2026-01-29 00:00:00,GMADA,1110102000,2,50052,R,699,110,,,,,,,,20797.11,D,S,2026-01-29 00:00:00,,,1,Generado Automáticamente - Periodo 1/2026 - Tipo/Grupo 9/1,2026-01-29 00:00:00,N,GOB,,,,,
2026,700,2026-01-29 00:00:00,GMADA,1110102000,2,50052,R,700,110,,,,,,,,34711.82,D,S,2026-01-29 00:00:00,,,1,Generado Automáticamente - Periodo 1/2026 - Tipo/Grupo 9/1,2026-01-29 00:00:00,N,AREAJ,,,,,
2026,701,2026-01-29 00:00:00,GMADA,1110102000,2,50052,R,701,110,,,,,,,,908275.04,D,S,2026-01-29 00:00:00,,,1,Generado Automáticamente - Periodo 1/2026 - Tipo/Grupo 9/1,2026-01-29 00:00:00,N,GOBHAC,,,,,
2026,702,2026-01-29 00:00:00,GMADA,1110103000,3,50008,R,702,110,,,,,,,,13260089.74,D,S,2026-01-29 00:00:00,,,1,Generado Automáticamente - Periodo 1/2026 - Tipo/Grupo 9/1,2026-01-29 00:00:00,N,SECOP,,,,,
2026,703,2026-01-29 00:00:00,GMADA,1110103000,3,50008,R,703,110,,,,,,,,2341611.64,D,S,2026-01-29 00:00:00,,,1,Generado Automáticamente - Periodo 1/2026 - Tipo/Grupo 9/1,2026-01-29 00:00:00,N,SECOPU,,,,,
2026,704,2026-01-29 00:00:00,GMADA,1110103000,3,50051,R,704,110,,,,,,,,244266.73,D,S,2026-01-29 00:00:00,,,1,Generado Automáticamente - Periodo 1/2026 - Tipo/Grupo 9/1,2026-01-29 00:00:00,N,SECOPU,,,,,
2026,2813,2026-04-21 00:00:00,GMADA,1110113000,20,50003,R,2813,110,,,,,,,,780000.0,D,S,2026-04-21 00:00:00,,,2,"viatico roberto lopez,daniel pereyra",2026-04-21 00:00:00,N,SECSEG,,N,2026,,N
2026,2814,2026-04-21 00:00:00,GMADA,1110101000,1,50003,R,2814,110,,,,,,,,910000.0,D,S,2026-04-21 00:00:00,,,2,viatico Santoro Esteban,2026-04-21 00:00:00,N,INT,,N,2026,,N
2026,2815,2026-04-21 00:00:00,GMADA,1110105000,6,50023,R,2815,110,,,,,,,,149895.82,D,S,2026-04-21 00:00:00,,,2,periodo 3/26,2026-04-21 00:00:00,N,CULTUR,,N,2026,,N
2026,2816,2026-04-21 00:00:00,GMADA,1110106000,7,50023,R,2816,110,,,,,,,,66218.22,D,S,2026-04-21 00:00:00,,,2,periodo 3/26,2026-04-21 00:00:00,N,ACCSOC,,N,2026,,N
2026,2817,2026-04-21 00:00:00,GMADA,1110103000,3,50023,R,2817,110,,,,,,,,51498.21,D,S,2026-04-21 00:00:00,,,3,periodo 3/26,2026-04-21 00:00:00,N,OPP,,N,2026,,N
2026,2818,2026-04-21 00:00:00,GMADA,1110102000,2,50023,R,2818,110,,,,,,,,53684.77,D,S,2026-04-21 00:00:00,,,2,periodo 3/26,2026-04-21 00:00:00,N,INSP,,N,2026,,N
2026,2819,2026-04-21 00:00:00,GMADA,1110109000,13,50023,R,2819,110,,,,,,,,28025.21,D,S,2026-04-21 00:00:00,,,2,periodo 3/26,2026-04-21 00:00:00,N,DEP,,N,2026,,N
2026,2820,2026-04-21 00:00:00,GMADA,1110104000,5,50023,R,2820,131,,,,,,,,174176.84,D,S,2026-04-21 00:00:00,,,2,periodo 3/26,2026-04-21 00:00:00,N,SALA O,,N,2026,,N
2026,2821,2026-04-21 00:00:00,GMADA,1110200000,8,50023,R,2821,110,,,,,,,,24308.65,D,S,2026-04-21 00:00:00,,,3,periodo 3/26,2026-04-21 00:00:00,N,SECHCD,,N,2026,,N
2026,2822,2026-04-21 00:00:00,GMADA,1110104000,5,50023,R,2822,110,,,,,,,,541932.77,D,S,2026-04-21 00:00:00,,,2,periodo 3/26,2026-04-21 00:00:00,N,ADMI,,N,2026,,N
2026,2049,2026-03-17 00:00:00,GMADA,1110102000,2,50002,R,2049,110,,,,,,,,859024.5,D,S,2026-03-17 00:00:00,,,2,linea 420516/420673/420294/420085/420510/424366/420515/4201083,2026-03-17 00:00:00,N,ADFIN,,N,2026,,N
2026,2091,2026-03-19 00:00:00,GMADA,1110102000,2,50008,R,2091,110,,,,,,,,24130.0,D,S,2026-03-19 00:00:00,,,1,Generado Automáticamente - Periodo 3/2026 - Tipo/Grupo 52/7,2026-03-19 00:00:00,N,GOBHAC,,,,,
2026,2063,2026-03-19 00:00:00,GMADA,1110109000,13,2330,R,2063,110,1,1062,1,1120,,,,3323000.0,D,S,2026-03-19 00:00:00,,,1,combustibles,2026-03-19 00:00:00,N,DEP,2026-03-19 00:00:00,N,2026,,N
2026,2064,2026-03-19 00:00:00,GMADA,1110104000,5,3356,R,2064,131,1,1064,1,1122,,,,171000.0,N,S,2026-03-19 00:00:00,,,1,pescado,2026-03-19 00:00:00,N,COC,2026-03-19 00:00:00,N,2026,,N
2026,2065,2026-03-19 00:00:00,GMADA,1110104000,5,3356,R,2065,131,1,1065,1,1123,,,,57000.0,D,S,2026-03-19 00:00:00,,,2,pescado,2026-03-19 00:00:00,N,HOGANC,2026-03-19 00:00:00,N,2026,,N
2026,2066,2026-03-19 00:00:00,GMADA,1110104000,5,3356,R,2066,131,1,1066,1,1124,,,,57750.0,D,S,2026-03-19 00:00:00,,,1,pescado,2026-03-19 00:00:00,N,HOGANC,2026-03-19 00:00:00,N,2026,,N
2026,2067,2026-03-19 00:00:00,GMADA,1110104000,5,3356,R,2067,131,1,1067,1,1125,,,,157500.0,D,S,2026-03-19 00:00:00,,,1,pescado,2026-03-19 00:00:00,N,COC,2026-03-19 00:00:00,N,2026,,N
2026,2068,2026-03-19 00:00:00,GMADA,1110104000,5,2770,R,2068,131,1,1068,1,1126,,,,26800.0,D,S,2026-03-19 00:00:00,,,1,equipos,2026-03-19 00:00:00,N,107,2026-03-19 00:00:00,N,2026,,N
2026,2069,2026-03-19 00:00:00,GMADA,1110104000,5,2869,R,2069,131,1,1070,1,1128,,,,1242147.0,D,S,2026-03-19 00:00:00,,,1,alimentos,2026-03-19 00:00:00,N,HOSP,2026-03-19 00:00:00,N,2026,,N
2026,2070,2026-03-19 00:00:00,GMADA,1110104000,5,134,R,2070,131,1,1071,1,1129,,,,2625900.0,D,S,2026-03-19 00:00:00,,,1,prod farm,2026-03-19 00:00:00,N,FARM,2026-03-19 00:00:00,N,2026,,N
2026,2071,2026-03-19 00:00:00,GMADA,1110104000,5,3184,R,2071,131,1,1072,1,1130,,,,5609805.61,D,S,2026-03-19 00:00:00,,,1,prod farm,2026-03-19 00:00:00,N,FARM,2026-03-19 00:00:00,N,2026,,N
2026,2072,2026-03-19 00:00:00,GMADA,1110104000,5,612,R,2072,131,1,1073,1,1131,,,,141000.0,D,S,2026-03-19 00:00:00,,,1,rep,2026-03-19 00:00:00,N,HOSP,2026-03-19 00:00:00,N,2026,,N
2026,2073,2026-03-19 00:00:00,GMADA,1110104000,5,688,R,2073,131,1,1074,1,1132,,,,160000.0,D,S,2026-03-19 00:00:00,,,1,combustibles,2026-03-19 00:00:00,N,HOSP,2026-03-19 00:00:00,N,2026,,N
2026,2074,2026-03-19 00:00:00,GMADA,1110104000,5,3356,R,2074,131,1,1076,1,1133,,,,134750.0,D,S,2026-03-19 00:00:00,,,1,pescado,2026-03-19 00:00:00,N,HOGANC,,N,2026,,N
2026,2076,2026-03-19 00:00:00,GMADA,1110104000,5,3356,R,2076,131,1,1078,1,1134,,,,76000.0,D,S,2026-03-19 00:00:00,,,1,pescado,2026-03-19 00:00:00,N,HOGANC,2026-03-19 00:00:00,N,2026,,N
2026,2078,2026-03-19 00:00:00,GMADA,1110112000,19,50063,R,2078,110,,,,,,,,592329.2,D,S,2026-03-19 00:00:00,,,2,comisiones,2026-03-19 00:00:00,N,SEHA,,N,2026,,N
2026,2087,2026-03-19 00:00:00,GMADA,1110104000,5,3356,R,2087,131,1,1079,1,1135,,,,157500.0,D,S,2026-03-19 00:00:00,,,1,pescado,2026-03-19 00:00:00,N,COC,2026-03-19 00:00:00,N,2026,,N
2026,2088,2026-03-19 00:00:00,GMADA,1110104000,5,3356,R,2088,131,1,1080,1,1136,,,,65100.0,D,S,2026-03-19 00:00:00,,,2,pescado,2026-03-19 00:00:00,N,HOGANC,2026-03-19 00:00:00,N,2026,,N
2026,2089,2026-03-19 00:00:00,GMADA,1110104000,5,3556,R,2089,131,1,1082,1,1138,,,,414000.0,D,S,2026-03-19 00:00:00,,,1,huevos,2026-03-19 00:00:00,N,COC,2026-03-19 00:00:00,N,2026,,N
2026,2090,2026-03-19 00:00:00,GMADA,1110104000,5,3322,R,2090,131,1,1083,1,1139,,,,78460.44,D,S,2026-03-19 00:00:00,,,1,toallas,2026-03-19 00:00:00,N,HOGANC,2026-03-19 00:00:00,N,2026,,N
2026,2092,2026-03-19 00:00:00,GMADA,1110102000,2,50008,R,2092,110,,,,,,,,34770.0,D,S,2026-03-19 00:00:00,,,1,Generado Automáticamente - Periodo 3/2026 - Tipo/Grupo 52/7,2026-03-19 00:00:00,N,ARCHG,,,,,
2026,2093,2026-03-19 00:00:00,GMADA,1110102000,2,50008,R,2093,110,,,,,,,,19760.0,D,S,2026-03-19 00:00:00,,,1,Generado Automáticamente - Periodo 3/2026 - Tipo/Grupo 52/7,2026-03-19 00:00:00,N,GOB,,,,,
2026,2094,2026-03-19 00:00:00,GMADA,1110102000,2,50051,R,2094,110,,,,,,,,2895.6,D,S,2026-03-19 00:00:00,,,1,Generado Automáticamente - Periodo 3/2026 - Tipo/Grupo 52/7,2026-03-19 00:00:00,N,GOBHAC,,,,,
2026,2095,2026-03-19 00:00:00,GMADA,1110102000,2,50051,R,2095,110,,,,,,,,2371.2,D,S,2026-03-19 00:00:00,,,1,Generado Automáticamente - Periodo 3/2026 - Tipo/Grupo 52/7,2026-03-19 00:00:00,N,GOB,,,,,
2026,2096,2026-03-19 00:00:00,GMADA,1110102000,2,50051,R,2096,110,,,,,,,,4172.4,D,S,2026-03-19 00:00:00,,,1,Generado Automáticamente - Periodo 3/2026 - Tipo/Grupo 52/7,2026-03-19 00:00:00,N,ARCHG,,,,,
2026,2097,2026-03-19 00:00:00,GMADA,1110102000,2,50052,R,2097,110,,,,,,,,1158.24,D,S,2026-03-19 00:00:00,,,1,Generado Automáticamente - Periodo 3/2026 - Tipo/Grupo 52/7,2026-03-19 00:00:00,N,GOBHAC,,,,,
2026,2098,2026-03-19 00:00:00,GMADA,1110102000,2,50052,R,2098,110,,,,,,,,948.48,D,S,2026-03-19 00:00:00,,,1,Generado Automáticamente - Periodo 3/2026 - Tipo/Grupo 52/7,2026-03-19 00:00:00,N,GOB,,,,,
2026,2099,2026-03-19 00:00:00,GMADA,1110102000,2,50052,R,2099,110,,,,,,,,1668.96,D,S,2026-03-19 00:00:00,,,1,Generado Automáticamente - Periodo 3/2026 - Tipo/Grupo 52/7,2026-03-19 00:00:00,N,ARCHG,,,,,
2026,2100,2026-03-19 00:00:00,GMADA,1110104000,5,50008,R,2100,110,,,,,,,,1841000.0,D,S,2026-03-19 00:00:00,,,1,Generado Automáticamente - Periodo 3/2026 - Tipo/Grupo 52/7,2026-03-19 00:00:00,N,HOSP,,,,,
2026,2101,2026-03-19 00:00:00,GMADA,1110104000,5,50051,R,2101,110,,,,,,,,220920.0,D,S,2026-03-19 00:00:00,,,1,Generado Automáticamente - Periodo 3/2026 - Tipo/Grupo 52/7,2026-03-19 00:00:00,N,HOSP,,,,,
2026,2102,2026-03-19 00:00:00,GMADA,1110104000,5,50052,R,2102,110,,,,,,,,88368.0,D,S,2026-03-19 00:00:00,,,1,Generado Automáticamente - Periodo 3/2026 - Tipo/Grupo 52/7,2026-03-19 00:00:00,N,HOSP,,,,,
2026,2103,2026-03-19 00:00:00,GMADA,1110106000,7,50008,R,2103,110,,,,,,,,22230.0,D,S,2026-03-19 00:00:00,,,1,Generado Automáticamente - Periodo 3/2026 - Tipo/Grupo 52/7,2026-03-19 00:00:00,N,ACCSOC,,,,,
2026,2104,2026-03-19 00:00:00,GMADA,1110106000,7,50051,R,2104,110,,,,,,,,2667.6,D,S,2026-03-19 00:00:00,,,1,Generado Automáticamente - Periodo 3/2026 - Tipo/Grupo 52/7,2026-03-19 00:00:00,N,ACCSOC,,,,,
2026,2105,2026-03-19 00:00:00,GMADA,1110106000,7,50052,R,2105,110,,,,,,,,1067.04,D,S,2026-03-19 00:00:00,,,1,Generado Automáticamente - Periodo 3/2026 - Tipo/Grupo 52/7,2026-03-19 00:00:00,N,ACCSOC,,,,,
2026,2106,2026-03-19 00:00:00,GMADA,1110112000,19,50008,R,2106,110,,,,,,,,100890.0,D,S,2026-03-19 00:00:00,,,1,Generado Automáticamente - Periodo 3/2026 - Tipo/Grupo 52/7,2026-03-19 00:00:00,N,SECHAC,,,,,
2026,705,2026-01-29 00:00:00,GMADA,1110103000,3,50051,R,705,110,,,,,,,,1032101.58,D,S,2026-01-29 00:00:00,,,1,Generado Automáticamente - Periodo 1/2026 - Tipo/Grupo 9/1,2026-01-29 00:00:00,N,SECOP,,,,,
2026,706,2026-01-29 00:00:00,GMADA,1110103000,3,50052,R,706,110,,,,,,,,97706.69,D,S,2026-01-29 00:00:00,,,1,Generado Automáticamente - Periodo 1/2026 - Tipo/Grupo 9/1,2026-01-29 00:00:00,N,SECOPU,,,,,
2026,707,2026-01-29 00:00:00,GMADA,1110103000,3,50052,R,707,110,,,,,,,,586931.87,D,S,2026-01-29 00:00:00,,,1,Generado Automáticamente - Periodo 1/2026 - Tipo/Grupo 9/1,2026-01-29 00:00:00,N,SECOP,,,,,
2026,708,2026-01-29 00:00:00,GMADA,1110104000,5,50008,R,708,110,,,,,,,,817194.26,D,S,2026-01-29 00:00:00,,,1,Generado Automáticamente - Periodo 1/2026 - Tipo/Grupo 9/1,2026-01-29 00:00:00,N,BROM,,,,,
2026,709,2026-01-29 00:00:00,GMADA,1110104000,5,50008,R,709,110,,,,,,,,2876497.82,D,S,2026-01-29 00:00:00,,,1,Generado Automáticamente - Periodo 1/2026 - Tipo/Grupo 9/1,2026-01-29 00:00:00,N,CAP,,,,,
2026,2823,2026-04-21 00:00:00,GMADA,1110102000,2,2208,R,2823,110,1,1437,1,1502,,,,252000.0,D,S,2026-04-21 00:00:00,,,1,mano de obra,2026-04-21 00:00:00,N,GOBHAC,,N,2026,,N
2026,2824,2026-04-21 00:00:00,GMADA,1110105000,6,50023,R,2824,132,,,,,,,,26025.54,A,S,2026-04-21 00:00:00,2026-04-22 00:00:00,ERROR,2,periodo 03/26,2026-04-21 00:00:00,N,MUMA,,N,2026,,N
2026,2825,2026-04-21 00:00:00,GMADA,1110104000,5,50023,R,2825,110,,,,,,,,39331.79,D,S,2026-04-21 00:00:00,,,2,periodo 03/26,2026-04-21 00:00:00,N,ADMI,,N,2026,,N
2026,2826,2026-04-21 00:00:00,GMADA,1110109000,13,879,R,2826,132,1,1462,1,1529,,,,356046.0,D,S,2026-04-21 00:00:00,,,1,materiales,2026-04-21 00:00:00,N,DEP,2026-04-21 00:00:00,N,2026,,N
2026,2827,2026-04-21 00:00:00,GMADA,1110102000,2,50023,R,2827,110,,,,,,,,24301.19,D,S,2026-04-21 00:00:00,,,2,periodo 3/26,2026-04-21 00:00:00,N,ADFIN,,N,2026,,N
2026,2848,2026-04-23 00:00:00,GMADA,1110118000,25,3529,R,2848,110,1,1474,1,1545,,,,900000.0,N,S,2026-04-23 00:00:00,,,1,Alquiler Baño Q.,2026-04-23 00:00:00,N,MEAM,2026-04-23 00:00:00,N,2026,,N
2026,2849,2026-04-23 00:00:00,GMADA,1110106000,7,3454,R,2849,131,1,1477,1,1546,,,,2132152.8,D,S,2026-04-23 00:00:00,,,1,Serv. Profesionales,2026-04-23 00:00:00,N,ACCSOC,2026-04-23 00:00:00,N,2026,,N
2026,2850,2026-04-23 00:00:00,GMADA,1110104000,5,3322,R,2850,131,1,1450,1,1536,,,,57773.42,D,S,2026-04-23 00:00:00,,,1,Art. limpieza,2026-04-23 00:00:00,N,COC,2026-04-23 00:00:00,N,2026,,N
2026,2851,2026-04-23 00:00:00,GMADA,1110104000,5,3322,R,2851,131,1,1448,1,1537,,,,53107.9,D,S,2026-04-23 00:00:00,,,1,Art. limpieza,2026-04-23 00:00:00,N,LAV,2026-04-23 00:00:00,N,2026,,N
2026,2852,2026-04-23 00:00:00,GMADA,1110104000,5,1440,R,2852,131,1,1446,1,1542,,,,5790945.0,N,S,2026-04-23 00:00:00,,,1,Insumos tomografo,2026-04-23 00:00:00,N,TOMO,2026-04-23 00:00:00,N,2026,,N
2026,2853,2026-04-23 00:00:00,GMADA,1110118000,25,3529,R,2853,110,1,1476,1,1544,,,,900000.0,N,S,2026-04-23 00:00:00,,,1,Alquiler baños quimicos,2026-04-23 00:00:00,N,BARU,2026-04-23 00:00:00,N,2026,,N
2026,2854,2026-04-23 00:00:00,GMADA,1110109000,13,2281,R,2854,110,1,1465,1,1530,,,,298000.0,N,S,2026-04-23 00:00:00,,,1,Lubricantes,2026-04-23 00:00:00,N,DEP,2026-04-23 00:00:00,N,2026,,N
2026,2855,2026-04-23 00:00:00,GMADA,1110102000,2,2208,R,2855,110,1,1439,1,1504,,,,60000.0,D,S,2026-04-23 00:00:00,,,1,Serv electricista,2026-04-23 00:00:00,N,GOBHAC,2026-04-23 00:00:00,N,2026,,N
2026,2856,2026-04-23 00:00:00,GMADA,1110102000,2,2208,R,2856,110,1,1438,1,1503,,,,944000.0,N,S,2026-04-23 00:00:00,,,1,Serv. electricista,2026-04-23 00:00:00,N,GOBHAC,2026-04-23 00:00:00,N,2026,,N
2026,2857,2026-04-23 00:00:00,GMADA,1110109000,13,692,R,2857,110,1,1440,1,1505,,,,700000.0,D,S,2026-04-23 00:00:00,,,1,Alimentos personas,2026-04-23 00:00:00,N,DEP,2026-04-23 00:00:00,N,2026,,N
2026,2858,2026-04-23 00:00:00,GMADA,1110111000,3,685,R,2858,131,1,1441,1,1510,,,,1195000.0,D,S,2026-04-23 00:00:00,,,1,Serv. herreria,2026-04-23 00:00:00,N,CAS,2026-04-23 00:00:00,N,2026,,N
2026,2859,2026-04-23 00:00:00,GMADA,1110118000,25,1514,R,2859,110,1,1443,1,1507,,,,424600.0,D,S,2026-04-23 00:00:00,,,1,Lubricantes,2026-04-23 00:00:00,N,000SU,2026-04-23 00:00:00,N,2026,,N
2026,2860,2026-04-23 00:00:00,GMADA,1110104000,5,2869,R,2860,131,1,1444,1,1540,,,,1774814.0,D,S,2026-04-23 00:00:00,,,1,Alimento personas(carne),2026-04-23 00:00:00,N,COC,2026-04-23 00:00:00,N,2026,,N
2026,2861,2026-04-23 00:00:00,GMADA,1110104000,5,1876,R,2861,131,1,1447,1,1539,,,,3218319.2,D,S,2026-04-23 00:00:00,,,1,Insumos farmacia,2026-04-23 00:00:00,N,FARM,2026-04-23 00:00:00,N,2026,,N
2026,2862,2026-04-23 00:00:00,GMADA,1110105000,6,2746,R,2862,110,1,1449,1,1534,,,,114000.0,D,S,2026-04-23 00:00:00,,,1,Art rurales,2026-04-23 00:00:00,N,CULTUR,2026-04-23 00:00:00,N,2026,,N
2026,2863,2026-04-23 00:00:00,GMADA,1110104000,5,57,R,2863,131,1,1451,1,1526,,,,40000.0,D,S,2026-04-23 00:00:00,,,1,Serv. impresion,2026-04-23 00:00:00,N,TERINT,2026-04-23 00:00:00,N,2026,,N
2026,2864,2026-04-23 00:00:00,GMADA,1110104000,5,441,R,2864,131,1,1454,1,1527,,,,103086.07,D,S,2026-04-23 00:00:00,,,1,Art papelera,2026-04-23 00:00:00,N,LAB,,N,2026,,N
2026,2865,2026-04-23 00:00:00,GMADA,1110109000,13,2151,R,2865,110,1,1458,1,1528,,,,90000.0,D,S,2026-04-23 00:00:00,,,1,Arnes,2026-04-23 00:00:00,N,DEP,2026-04-23 00:00:00,N,2026,,N
2026,2866,2026-04-23 00:00:00,GMADA,1110104000,5,2627,R,2866,131,1,1452,1,1511,,,,53100.0,D,S,2026-04-23 00:00:00,,,1,Alimentos personas(pastas),2026-04-23 00:00:00,N,HOGANC,2026-04-23 00:00:00,N,2026,,N
2026,2867,2026-04-23 00:00:00,GMADA,1110109000,13,313,R,2867,110,1,1468,1,1531,,,,460000.0,N,S,2026-04-23 00:00:00,,,1,Combustible,2026-04-23 00:00:00,N,DEP,2026-04-23 00:00:00,N,2026,,N
2026,2868,2026-04-23 00:00:00,GMADA,1110109000,13,2330,R,2868,110,1,1470,1,1532,,,,552950.0,N,S,2026-04-23 00:00:00,,,1,Combustible,2026-04-23 00:00:00,N,DEP,2026-04-23 00:00:00,N,2026,,N
2026,2869,2026-04-23 00:00:00,GMADA,1110105000,6,1259,R,2869,110,1,1471,1,1533,,,,39986.8,D,S,2026-04-23 00:00:00,,,1,Art. electricidad,2026-04-23 00:00:00,N,CULTUR,2026-04-23 00:00:00,N,2026,,N
2026,2870,2026-04-23 00:00:00,GMADA,1110104000,5,2883,R,2870,131,1,1445,1,1541,,,,145345.2,D,S,2026-04-23 00:00:00,,,1,Insumos hospital,2026-04-23 00:00:00,N,FARM,2026-04-23 00:00:00,N,2026,,N
2026,2871,2026-04-23 00:00:00,GMADA,1110104000,5,3322,R,2871,131,1,1453,1,1538,,,,78460.44,D,S,2026-04-23 00:00:00,,,1,Art limpieza,2026-04-23 00:00:00,N,CICQ,2026-04-23 00:00:00,N,2026,,N
2026,2872,2026-04-23 00:00:00,GMADA,1110104000,5,866,R,2872,131,1,1461,1,1525,,,,4872104.07,D,S,2026-04-23 00:00:00,,,1,Insumos farmacia,2026-04-23 00:00:00,N,FARM,2026-04-23 00:00:00,N,2026,,N
2026,2873,2026-04-23 00:00:00,GMADA,1110104000,5,2869,R,2873,131,1,1463,1,1524,,,,1639752.0,D,S,2026-04-23 00:00:00,,,1,Alimento personas(carne),2026-04-23 00:00:00,N,COC,2026-04-23 00:00:00,N,2026,,N
2026,2874,2026-04-23 00:00:00,GMADA,1110104000,5,3184,R,2874,131,1,1467,1,1521,,,,1975260.0,D,S,2026-04-23 00:00:00,,,1,Insumos farmacia,2026-04-23 00:00:00,N,FARM,2026-04-23 00:00:00,N,2026,,N
2026,2875,2026-04-23 00:00:00,GMADA,1110104000,5,1078,R,2875,131,1,1469,1,1520,,,,80000.0,N,S,2026-04-23 00:00:00,,,1,Serv electricidad,2026-04-23 00:00:00,N,LAV,2026-04-23 00:00:00,N,2026,,N
2026,2876,2026-04-23 00:00:00,GMADA,1110104000,5,2663,R,2876,131,1,1472,1,1519,,,,1264447.56,D,S,2026-04-23 00:00:00,,,1,Insumos hospitalarios,2026-04-23 00:00:00,N,HOSP,2026-04-23 00:00:00,N,2026,,N
2026,2878,2026-04-23 00:00:00,GMADA,1110104000,5,527,R,2878,131,1,1473,1,1518,,,,340000.0,N,S,2026-04-23 00:00:00,,,1,Insumos hospitalarios,2026-04-23 00:00:00,N,TERINT,2026-04-23 00:00:00,N,2026,,N
2026,2879,2026-04-23 00:00:00,GMADA,1110118000,25,3529,R,2879,110,1,1475,1,1543,,,,900000.0,N,S,2026-04-23 00:00:00,,,1,Alquiler baños quimicos,2026-04-23 00:00:00,N,MEAM,2026-04-23 00:00:00,N,2026,,N
2026,2880,2026-04-23 00:00:00,GMADA,1110104000,5,612,R,2880,131,1,1466,1,1517,,,,156000.0,D,S,2026-04-23 00:00:00,,,1,Insumos informatica,2026-04-23 00:00:00,N,NEUROL,2026-04-23 00:00:00,N,2026,,N
2026,2882,2026-04-23 00:00:00,GMADA,1110104000,5,2627,R,2882,131,1,1464,1,1516,,,,21000.0,D,S,2026-04-23 00:00:00,,,1,Alimento personas (pastas),2026-04-23 00:00:00,N,COC,2026-04-23 00:00:00,N,2026,,N
2026,2883,2026-04-23 00:00:00,GMADA,1110117000,24,164,R,2883,110,1,1460,1,1515,,,,150000.0,D,S,2026-04-23 00:00:00,,,1,Serv electricista,2026-04-23 00:00:00,N,000J,2026-04-23 00:00:00,N,2026,,N
2026,2884,2026-04-23 00:00:00,GMADA,1110104000,5,57,R,2884,131,1,1459,1,1514,,,,85000.0,D,S,2026-04-23 00:00:00,,,1,Serv de impresion,2026-04-23 00:00:00,N,HEMO,2026-04-23 00:00:00,N,2026,,N
2026,2885,2026-04-23 00:00:00,GMADA,1110104000,5,216,R,2885,131,1,1456,1,1513,,,,308000.0,D,S,2026-04-23 00:00:00,,,1,Bolsas residuos,2026-04-23 00:00:00,N,INTER,2026-04-23 00:00:00,N,2026,,N
2026,2107,2026-03-19 00:00:00,GMADA,1110112000,19,50051,R,2107,110,,,,,,,,12106.8,D,S,2026-03-19 00:00:00,,,1,Generado Automáticamente - Periodo 3/2026 - Tipo/Grupo 52/7,2026-03-19 00:00:00,N,SECHAC,,,,,
2026,2108,2026-03-19 00:00:00,GMADA,1110112000,19,50052,R,2108,110,,,,,,,,4842.72,D,S,2026-03-19 00:00:00,,,1,Generado Automáticamente - Periodo 3/2026 - Tipo/Grupo 52/7,2026-03-19 00:00:00,N,SECHAC,,,,,
2026,2109,2026-03-19 00:00:00,GMADA,1110118000,25,50008,R,2109,110,,,,,,,,43510.0,D,S,2026-03-19 00:00:00,,,1,Generado Automáticamente - Periodo 3/2026 - Tipo/Grupo 52/7,2026-03-19 00:00:00,N,00003,,,,,
2026,2110,2026-03-19 00:00:00,GMADA,1110118000,25,50051,R,2110,110,,,,,,,,5221.2,D,S,2026-03-19 00:00:00,,,1,Generado Automáticamente - Periodo 3/2026 - Tipo/Grupo 52/7,2026-03-19 00:00:00,N,00003,,,,,
2026,2111,2026-03-19 00:00:00,GMADA,1110118000,25,50052,R,2111,110,,,,,,,,2088.48,D,S,2026-03-19 00:00:00,,,1,Generado Automáticamente - Periodo 3/2026 - Tipo/Grupo 52/7,2026-03-19 00:00:00,N,00003,,,,,
2026,2112,2026-03-19 00:00:00,GMADA,1110104000,5,3322,R,2112,131,1,1084,1,1140,,,,107348.86,D,S,2026-03-19 00:00:00,,,1,prod papel,2026-03-19 00:00:00,N,COC,2026-03-19 00:00:00,N,2026,,N
2026,2113,2026-03-19 00:00:00,GMADA,1110104000,5,3322,R,2113,131,1,1085,1,1141,,,,97393.86,D,S,2026-03-19 00:00:00,,,1,prod de limp,2026-03-19 00:00:00,N,CONEX,,N,2026,,N
2026,2114,2026-03-19 00:00:00,GMADA,1110104000,5,3322,R,2114,131,1,1086,1,1142,,,,115505.6,D,S,2026-03-19 00:00:00,,,1,soporte,2026-03-19 00:00:00,N,HOGANC,2026-03-19 00:00:00,N,2026,,N
2026,2116,2026-03-19 00:00:00,GMADA,1110104000,5,3322,R,2116,131,1,1061,1,1143,,,,414571.08,D,S,2026-03-19 00:00:00,,,1,rep,2026-03-19 00:00:00,N,INTER,2026-03-19 00:00:00,N,2026,,N
2026,2117,2026-03-19 00:00:00,GMADA,1110104000,5,612,R,2117,131,1,1063,1,1144,,,,600000.0,D,S,2026-03-19 00:00:00,,,1,equipos,2026-03-19 00:00:00,N,HOSP,2026-03-19 00:00:00,N,2026,,N
2026,2119,2026-03-19 00:00:00,GMADA,1110104000,5,2869,R,2119,131,1,1069,1,1127,,,,502050.0,D,S,2026-03-19 00:00:00,,,1,carne,2026-03-19 00:00:00,N,HOGANC,,N,2026,,N
2026,2120,2026-03-19 00:00:00,GMADA,1110104000,5,3356,R,2120,131,1,1077,1,1121,,,,95000.0,D,S,2026-03-19 00:00:00,,,1,pescado,2026-03-19 00:00:00,N,COC,2026-03-19 00:00:00,N,2026,,N
2026,2121,2026-03-19 00:00:00,GMADA,1110111000,3,688,R,2121,131,1,1075,1,1119,,,,396600.0,D,S,2026-03-19 00:00:00,,,1,comb,2026-03-19 00:00:00,N,CAS,2026-03-19 00:00:00,N,2026,,N
2026,2122,2026-03-19 00:00:00,GMADA,1110102000,2,707,R,2122,110,,,,,,,,929180.2,D,S,2026-03-19 00:00:00,,,2,fact 545,2026-03-19 00:00:00,N,ADFIN,,N,2026,,N
2026,710,2026-01-29 00:00:00,GMADA,1110104000,5,50008,R,710,110,,,,,,,,701653187.9,D,S,2026-01-29 00:00:00,,,1,Generado Automáticamente - Periodo 1/2026 - Tipo/Grupo 9/1,2026-01-29 00:00:00,N,HOSP,,,,,
2026,711,2026-01-29 00:00:00,GMADA,1110104000,5,50008,R,711,110,,,,,,,,795391.86,D,S,2026-01-29 00:00:00,,,1,Generado Automáticamente - Periodo 1/2026 - Tipo/Grupo 9/1,2026-01-29 00:00:00,N,OSA,,,,,
2026,712,2026-01-29 00:00:00,GMADA,1110104000,5,50051,R,712,110,,,,,,,,70885598.25,D,S,2026-01-29 00:00:00,,,1,Generado Automáticamente - Periodo 1/2026 - Tipo/Grupo 9/1,2026-01-29 00:00:00,N,HOSP,,,,,
2026,713,2026-01-29 00:00:00,GMADA,1110104000,5,50051,R,713,110,,,,,,,,79006.89,D,S,2026-01-29 00:00:00,,,1,Generado Automáticamente - Periodo 1/2026 - Tipo/Grupo 9/1,2026-01-29 00:00:00,N,BROM,,,,,
2026,714,2026-01-29 00:00:00,GMADA,1110104000,5,50051,R,714,110,,,,,,,,329574.15,D,S,2026-01-29 00:00:00,,,1,Generado Automáticamente - Periodo 1/2026 - Tipo/Grupo 9/1,2026-01-29 00:00:00,N,CAP,,,,,
2026,715,2026-01-29 00:00:00,GMADA,1110104000,5,50051,R,715,110,,,,,,,,67420.93,D,S,2026-01-29 00:00:00,,,1,Generado Automáticamente - Periodo 1/2026 - Tipo/Grupo 9/1,2026-01-29 00:00:00,N,OSA,,,,,
2026,716,2026-01-29 00:00:00,GMADA,1110104000,5,50052,R,716,110,,,,,,,,26968.37,D,S,2026-01-29 00:00:00,,,1,Generado Automáticamente - Periodo 1/2026 - Tipo/Grupo 9/1,2026-01-29 00:00:00,N,OSA,,,,,
2026,717,2026-01-29 00:00:00,GMADA,1110104000,5,50052,R,717,110,,,,,,,,28803636.59,D,S,2026-01-29 00:00:00,,,1,Generado Automáticamente - Periodo 1/2026 - Tipo/Grupo 9/1,2026-01-29 00:00:00,N,HOSP,,,,,
2026,718,2026-01-29 00:00:00,GMADA,1110104000,5,50052,R,718,110,,,,,,,,131829.66,D,S,2026-01-29 00:00:00,,,1,Generado Automáticamente - Periodo 1/2026 - Tipo/Grupo 9/1,2026-01-29 00:00:00,N,CAP,,,,,
2026,719,2026-01-29 00:00:00,GMADA,1110104000,5,50052,R,719,110,,,,,,,,31602.75,D,S,2026-01-29 00:00:00,,,1,Generado Automáticamente - Periodo 1/2026 - Tipo/Grupo 9/1,2026-01-29 00:00:00,N,BROM,,,,,
2026,720,2026-01-29 00:00:00,GMADA,1110104000,5,50008,R,720,131,,,,,,,,2465000.0,D,S,2026-01-29 00:00:00,,,1,Generado Automáticamente - Periodo 1/2026 - Tipo/Grupo 9/1,2026-01-29 00:00:00,N,HOSP,,,,,
2026,721,2026-01-29 00:00:00,GMADA,1110104000,5,50051,R,721,131,,,,,,,,295800.0,D,S,2026-01-29 00:00:00,,,1,Generado Automáticamente - Periodo 1/2026 - Tipo/Grupo 9/1,2026-01-29 00:00:00,N,HOSP,,,,,
2026,722,2026-01-29 00:00:00,GMADA,1110104000,5,50052,R,722,131,,,,,,,,118320.0,D,S,2026-01-29 00:00:00,,,1,Generado Automáticamente - Periodo 1/2026 - Tipo/Grupo 9/1,2026-01-29 00:00:00,N,HOSP,,,,,
2026,723,2026-01-29 00:00:00,GMADA,1110104000,5,50008,R,723,132,,,,,,,,849460.86,D,S,2026-01-29 00:00:00,,,1,Generado Automáticamente - Periodo 1/2026 - Tipo/Grupo 9/1,2026-01-29 00:00:00,N,HOSP,,,,,
2026,724,2026-01-29 00:00:00,GMADA,1110104000,5,50051,R,724,132,,,,,,,,68213.26,D,S,2026-01-29 00:00:00,,,1,Generado Automáticamente - Periodo 1/2026 - Tipo/Grupo 9/1,2026-01-29 00:00:00,N,HOSP,,,,,
2026,725,2026-01-29 00:00:00,GMADA,1110104000,5,50052,R,725,132,,,,,,,,27285.3,D,S,2026-01-29 00:00:00,,,1,Generado Automáticamente - Periodo 1/2026 - Tipo/Grupo 9/1,2026-01-29 00:00:00,N,HOSP,,,,,
2026,726,2026-01-29 00:00:00,GMADA,1110104000,11,50008,R,726,110,,,,,,,,9125275.67,D,S,2026-01-29 00:00:00,,,1,Generado Automáticamente - Periodo 1/2026 - Tipo/Grupo 9/1,2026-01-29 00:00:00,N,BROM,,,,,
2026,727,2026-01-29 00:00:00,GMADA,1110104000,11,50008,R,727,110,,,,,,,,1392183.36,D,S,2026-01-29 00:00:00,,,1,Generado Automáticamente - Periodo 1/2026 - Tipo/Grupo 9/1,2026-01-29 00:00:00,N,HOSP,,,,,
2026,728,2026-01-29 00:00:00,GMADA,1110104000,11,50051,R,728,110,,,,,,,,873614.21,D,S,2026-01-29 00:00:00,,,1,Generado Automáticamente - Periodo 1/2026 - Tipo/Grupo 9/1,2026-01-29 00:00:00,N,BROM,,,,,
2026,729,2026-01-29 00:00:00,GMADA,1110104000,11,50051,R,729,110,,,,,,,,122396.58,D,S,2026-01-29 00:00:00,,,1,Generado Automáticamente - Periodo 1/2026 - Tipo/Grupo 9/1,2026-01-29 00:00:00,N,HOSP,,,,,
2026,730,2026-01-29 00:00:00,GMADA,1110104000,11,50052,R,730,110,,,,,,,,379263.69,D,S,2026-01-29 00:00:00,,,1,Generado Automáticamente - Periodo 1/2026 - Tipo/Grupo 9/1,2026-01-29 00:00:00,N,BROM,,,,,
2026,731,2026-01-29 00:00:00,GMADA,1110104000,11,50052,R,731,110,,,,,,,,48958.63,D,S,2026-01-29 00:00:00,,,1,Generado Automáticamente - Periodo 1/2026 - Tipo/Grupo 9/1,2026-01-29 00:00:00,N,HOSP,,,,,
2026,732,2026-01-29 00:00:00,GMADA,1110105000,6,50008,R,732,110,,,,,,,,11978130.53,D,S,2026-01-29 00:00:00,,,1,Generado Automáticamente - Periodo 1/2026 - Tipo/Grupo 9/1,2026-01-29 00:00:00,N,CULTUR,,,,,
2026,733,2026-01-29 00:00:00,GMADA,1110105000,6,50051,R,733,110,,,,,,,,1190468.24,D,S,2026-01-29 00:00:00,,,1,Generado Automáticamente - Periodo 1/2026 - Tipo/Grupo 9/1,2026-01-29 00:00:00,N,CULTUR,,,,,
2026,734,2026-01-29 00:00:00,GMADA,1110105000,6,50052,R,734,110,,,,,,,,503989.8,D,S,2026-01-29 00:00:00,,,1,Generado Automáticamente - Periodo 1/2026 - Tipo/Grupo 9/1,2026-01-29 00:00:00,N,CULTUR,,,,,
2026,735,2026-01-29 00:00:00,GMADA,1110105000,6,50008,R,735,132,,,,,,,,8973525.43,D,S,2026-01-29 00:00:00,,,1,Generado Automáticamente - Periodo 1/2026 - Tipo/Grupo 9/1,2026-01-29 00:00:00,N,CULTUR,,,,,
2026,736,2026-01-29 00:00:00,GMADA,1110105000,6,50051,R,736,132,,,,,,,,814457.23,D,S,2026-01-29 00:00:00,,,1,Generado Automáticamente - Periodo 1/2026 - Tipo/Grupo 9/1,2026-01-29 00:00:00,N,CULTUR,,,,,
2026,737,2026-01-29 00:00:00,GMADA,1110105000,6,50052,R,737,132,,,,,,,,325782.9,D,S,2026-01-29 00:00:00,,,1,Generado Automáticamente - Periodo 1/2026 - Tipo/Grupo 9/1,2026-01-29 00:00:00,N,CULTUR,,,,,
2026,738,2026-01-29 00:00:00,GMADA,1110106000,7,50008,R,738,110,,,,,,,,5983011.66,D,S,2026-01-29 00:00:00,,,1,Generado Automáticamente - Periodo 1/2026 - Tipo/Grupo 9/1,2026-01-29 00:00:00,N,GRAN,,,,,
2026,739,2026-01-29 00:00:00,GMADA,1110106000,7,50008,R,739,110,,,,,,,,26967371.26,D,S,2026-01-29 00:00:00,,,1,Generado Automáticamente - Periodo 1/2026 - Tipo/Grupo 9/1,2026-01-29 00:00:00,N,ACCSOC,,,,,
2026,740,2026-01-29 00:00:00,GMADA,1110106000,7,50051,R,740,110,,,,,,,,632990.67,D,S,2026-01-29 00:00:00,,,1,Generado Automáticamente - Periodo 1/2026 - Tipo/Grupo 9/1,2026-01-29 00:00:00,N,GRAN,,,,,
2026,741,2026-01-29 00:00:00,GMADA,1110106000,7,50051,R,741,110,,,,,,,,2717964.3,D,S,2026-01-29 00:00:00,,,1,Generado Automáticamente - Periodo 1/2026 - Tipo/Grupo 9/1,2026-01-29 00:00:00,N,ACCSOC,,,,,
2026,742,2026-01-29 00:00:00,GMADA,1110106000,7,50052,R,742,110,,,,,,,,1132874.98,D,S,2026-01-29 00:00:00,,,1,Generado Automáticamente - Periodo 1/2026 - Tipo/Grupo 9/1,2026-01-29 00:00:00,N,ACCSOC,,,,,
2026,743,2026-01-29 00:00:00,GMADA,1110106000,7,50052,R,743,110,,,,,,,,253196.27,D,S,2026-01-29 00:00:00,,,1,Generado Automáticamente - Periodo 1/2026 - Tipo/Grupo 9/1,2026-01-29 00:00:00,N,GRAN,,,,,
2026,744,2026-01-29 00:00:00,GMADA,1110106000,7,50008,R,744,132,,,,,,,,21051747.73,D,S,2026-01-29 00:00:00,,,1,Generado Automáticamente - Periodo 1/2026 - Tipo/Grupo 9/1,2026-01-29 00:00:00,N,ACCSOC,,,,,
2026,745,2026-01-29 00:00:00,GMADA,1110106000,7,50051,R,745,132,,,,,,,,2206686.53,D,S,2026-01-29 00:00:00,,,1,Generado Automáticamente - Periodo 1/2026 - Tipo/Grupo 9/1,2026-01-29 00:00:00,N,ACCSOC,,,,,
2026,746,2026-01-29 00:00:00,GMADA,1110106000,7,50052,R,746,132,,,,,,,,882674.6,D,S,2026-01-29 00:00:00,,,1,Generado Automáticamente - Periodo 1/2026 - Tipo/Grupo 9/1,2026-01-29 00:00:00,N,ACCSOC,,,,,
2026,747,2026-01-29 00:00:00,GMADA,1110108000,14,50008,R,747,110,,,,,,,,7404096.61,D,S,2026-01-29 00:00:00,,,1,Generado Automáticamente - Periodo 1/2026 - Tipo/Grupo 9/1,2026-01-29 00:00:00,N,PROD,,,,,
2026,748,2026-01-29 00:00:00,GMADA,1110108000,14,50051,R,748,110,,,,,,,,737721.29,D,S,2026-01-29 00:00:00,,,1,Generado Automáticamente - Periodo 1/2026 - Tipo/Grupo 9/1,2026-01-29 00:00:00,N,PROD,,,,,
2026,749,2026-01-29 00:00:00,GMADA,1110108000,14,50052,R,749,110,,,,,,,,295088.53,D,S,2026-01-29 00:00:00,,,1,Generado Automáticamente - Periodo 1/2026 - Tipo/Grupo 9/1,2026-01-29 00:00:00,N,PROD,,,,,
2026,750,2026-01-29 00:00:00,GMADA,1110109000,13,50008,R,750,110,,,,,,,,11110786.25,D,S,2026-01-29 00:00:00,,,1,Generado Automáticamente - Periodo 1/2026 - Tipo/Grupo 9/1,2026-01-29 00:00:00,N,DEPORT,,,,,
2026,751,2026-01-29 00:00:00,GMADA,1110109000,13,50051,R,751,110,,,,,,,,1128126.02,D,S,2026-01-29 00:00:00,,,1,Generado Automáticamente - Periodo 1/2026 - Tipo/Grupo 9/1,2026-01-29 00:00:00,N,DEPORT,,,,,
2026,752,2026-01-29 00:00:00,GMADA,1110109000,13,50052,R,752,110,,,,,,,,451250.42,D,S,2026-01-29 00:00:00,,,1,Generado Automáticamente - Periodo 1/2026 - Tipo/Grupo 9/1,2026-01-29 00:00:00,N,DEPORT,,,,,
2026,753,2026-01-29 00:00:00,GMADA,1110109000,13,50008,R,753,132,,,,,,,,5001384.33,D,S,2026-01-29 00:00:00,,,1,Generado Automáticamente - Periodo 1/2026 - Tipo/Grupo 9/1,2026-01-29 00:00:00,N,DEPORT,,,,,
2026,2886,2026-04-23 00:00:00,GMADA,1110104000,5,2878,R,2886,131,1,1455,1,1512,,,,200000.0,D,S,2026-04-23 00:00:00,,,1,Serv cerrajeria,2026-04-23 00:00:00,N,NEUROL,2026-04-23 00:00:00,N,2026,,N
2026,2887,2026-04-23 00:00:00,GMADA,1110104000,5,2330,R,2887,131,1,1457,1,1535,,,,3130000.0,D,S,2026-04-23 00:00:00,,,1,Combustible,2026-04-23 00:00:00,N,HOSP,2026-04-23 00:00:00,N,2026,,N
2026,2889,2026-04-24 00:00:00,GMADA,1110104000,5,771,R,2889,131,,,,,ORDCO,5177,2025,185740.0,D,S,2026-04-24 00:00:00,,,1,Compromiso N° 8835,2026-04-24 00:00:00,N,ADMI,2026-04-24 00:00:00,N,2026,,N
2026,3265,2026-05-08 00:00:00,GMADA,1110112000,19,216,R,3265,110,1,1669,1,1736,,,,208000.0,D,S,2026-05-08 00:00:00,,,1,Bolsas de residuos,2026-05-08 00:00:00,N,CONTRA,2026-05-08 00:00:00,N,2026,,N
2026,3266,2026-05-08 00:00:00,GMADA,1110118000,25,1692,R,3266,110,1,1672,1,1739,,,,2402290.8,A,S,2026-05-08 00:00:00,2026-05-08 00:00:00,ERROR,1,Caños,2026-05-08 00:00:00,N,000SU,2026-05-08 00:00:00,N,2026,,N
2026,3267,2026-05-08 00:00:00,GMADA,1110118000,25,300,R,3267,110,1,1674,1,1740,,,,197362.0,N,S,2026-05-08 00:00:00,,,1,Art ferreteria,2026-05-08 00:00:00,N,000SU,2026-05-08 00:00:00,N,2026,,N
2026,3268,2026-05-08 00:00:00,GMADA,1110104000,5,3322,R,3268,131,1,1661,1,1727,,,,487927.83,D,S,2026-05-08 00:00:00,,,1,Art limpieza,2026-05-08 00:00:00,N,INTER,2026-05-08 00:00:00,N,2026,,N
2026,3269,2026-05-08 00:00:00,GMADA,1110104000,5,3322,R,3269,131,1,1662,1,1728,,,,575801.98,D,S,2026-05-08 00:00:00,,,1,Art limpieza,2026-05-08 00:00:00,N,INTER,2026-05-08 00:00:00,N,2026,,N
2026,3270,2026-05-08 00:00:00,GMADA,1110104000,5,850,R,3270,131,1,1664,1,1716,,,,784015.89,N,S,2026-05-08 00:00:00,,,1,Soluciones laboratorio,2026-05-08 00:00:00,N,LAB,2026-05-08 00:00:00,N,2026,,N
2026,3271,2026-05-08 00:00:00,GMADA,1110104000,5,850,R,3271,131,1,1665,1,1717,,,,123387.56,N,S,2026-05-08 00:00:00,,,1,Soluciones laboratorio,2026-05-08 00:00:00,N,LAB,2026-05-08 00:00:00,N,2026,,N
2026,3272,2026-05-08 00:00:00,GMADA,1110104000,5,850,R,3272,131,1,1666,1,1719,,,,2773192.38,N,S,2026-05-08 00:00:00,,,1, Insumos laboratorio,2026-05-08 00:00:00,N,LAB,2026-05-08 00:00:00,N,2026,,N
2026,754,2026-01-29 00:00:00,GMADA,1110109000,13,50051,R,754,132,,,,,,,,519624.0,D,S,2026-01-29 00:00:00,,,1,Generado Automáticamente - Periodo 1/2026 - Tipo/Grupo 9/1,2026-01-29 00:00:00,N,DEPORT,,,,,
2026,755,2026-01-29 00:00:00,GMADA,1110109000,13,50052,R,755,132,,,,,,,,207849.6,D,S,2026-01-29 00:00:00,,,1,Generado Automáticamente - Periodo 1/2026 - Tipo/Grupo 9/1,2026-01-29 00:00:00,N,DEPORT,,,,,
2026,756,2026-01-29 00:00:00,GMADA,1110111000,3,50008,R,756,131,,,,,,,,9022908.26,D,S,2026-01-29 00:00:00,,,1,Generado Automáticamente - Periodo 1/2026 - Tipo/Grupo 9/1,2026-01-29 00:00:00,N,SEOP,,,,,
2026,757,2026-01-29 00:00:00,GMADA,1110111000,3,50051,R,757,131,,,,,,,,903113.58,D,S,2026-01-29 00:00:00,,,1,Generado Automáticamente - Periodo 1/2026 - Tipo/Grupo 9/1,2026-01-29 00:00:00,N,SEOP,,,,,
2026,758,2026-01-29 00:00:00,GMADA,1110111000,3,50052,R,758,131,,,,,,,,361245.44,D,S,2026-01-29 00:00:00,,,1,Generado Automáticamente - Periodo 1/2026 - Tipo/Grupo 9/1,2026-01-29 00:00:00,N,SEOP,,,,,
2026,759,2026-01-29 00:00:00,GMADA,1110112000,19,50008,R,759,110,,,,,,,,40082065.1,D,S,2026-01-29 00:00:00,,,1,Generado Automáticamente - Periodo 1/2026 - Tipo/Grupo 9/1,2026-01-29 00:00:00,N,SECHAC,,,,,
2026,760,2026-01-29 00:00:00,GMADA,1110112000,19,50051,R,760,110,,,,,,,,4407047.66,D,S,2026-01-29 00:00:00,,,1,Generado Automáticamente - Periodo 1/2026 - Tipo/Grupo 9/1,2026-01-29 00:00:00,N,SECHAC,,,,,
2026,761,2026-01-29 00:00:00,GMADA,1110112000,19,50052,R,761,110,,,,,,,,1762819.07,D,S,2026-01-29 00:00:00,,,1,Generado Automáticamente - Periodo 1/2026 - Tipo/Grupo 9/1,2026-01-29 00:00:00,N,SECHAC,,,,,
2026,762,2026-01-29 00:00:00,GMADA,1110113000,20,50008,R,762,110,,,,,,,,108558400.99,D,S,2026-01-29 00:00:00,,,1,Generado Automáticamente - Periodo 1/2026 - Tipo/Grupo 9/1,2026-01-29 00:00:00,N,SECSEG,,,,,
2026,763,2026-01-29 00:00:00,GMADA,1110113000,20,50051,R,763,110,,,,,,,,10088992.35,D,S,2026-01-29 00:00:00,,,1,Generado Automáticamente - Periodo 1/2026 - Tipo/Grupo 9/1,2026-01-29 00:00:00,N,SECSEG,,,,,
2026,764,2026-01-29 00:00:00,GMADA,1110113000,20,50052,R,764,110,,,,,,,,4079034.69,D,S,2026-01-29 00:00:00,,,1,Generado Automáticamente - Periodo 1/2026 - Tipo/Grupo 9/1,2026-01-29 00:00:00,N,SECSEG,,,,,
2026,765,2026-01-29 00:00:00,GMADA,1110115000,22,50008,R,765,110,,,,,,,,8641126.31,D,S,2026-01-29 00:00:00,,,1,Generado Automáticamente - Periodo 1/2026 - Tipo/Grupo 9/1,2026-01-29 00:00:00,N,SECGRA,,,,,
2026,766,2026-01-29 00:00:00,GMADA,1110115000,22,50051,R,766,110,,,,,,,,946588.85,D,S,2026-01-29 00:00:00,,,1,Generado Automáticamente - Periodo 1/2026 - Tipo/Grupo 9/1,2026-01-29 00:00:00,N,SECGRA,,,,,
2026,767,2026-01-29 00:00:00,GMADA,1110115000,22,50052,R,767,110,,,,,,,,378635.55,D,S,2026-01-29 00:00:00,,,1,Generado Automáticamente - Periodo 1/2026 - Tipo/Grupo 9/1,2026-01-29 00:00:00,N,SECGRA,,,,,
2026,768,2026-01-29 00:00:00,GMADA,1110117000,24,50008,R,768,110,,,,,,,,11847241.47,D,S,2026-01-29 00:00:00,,,1,Generado Automáticamente - Periodo 1/2026 - Tipo/Grupo 9/1,2026-01-29 00:00:00,N,000002,,,,,
2026,769,2026-01-29 00:00:00,GMADA,1110117000,24,50051,R,769,110,,,,,,,,1139402.84,D,S,2026-01-29 00:00:00,,,1,Generado Automáticamente - Periodo 1/2026 - Tipo/Grupo 9/1,2026-01-29 00:00:00,N,000002,,,,,
2026,770,2026-01-29 00:00:00,GMADA,1110117000,24,50052,R,770,110,,,,,,,,514522.18,D,S,2026-01-29 00:00:00,,,1,Generado Automáticamente - Periodo 1/2026 - Tipo/Grupo 9/1,2026-01-29 00:00:00,N,000002,,,,,
2026,771,2026-01-29 00:00:00,GMADA,1110118000,25,50008,R,771,110,,,,,,,,66223069.44,D,S,2026-01-29 00:00:00,,,1,Generado Automáticamente - Periodo 1/2026 - Tipo/Grupo 9/1,2026-01-29 00:00:00,N,00003,,,,,
2026,772,2026-01-29 00:00:00,GMADA,1110118000,25,50008,R,772,110,,,,,,,,3412447.55,D,S,2026-01-29 00:00:00,,,1,Generado Automáticamente - Periodo 1/2026 - Tipo/Grupo 9/1,2026-01-29 00:00:00,N,BARU,,,,,
2026,773,2026-01-29 00:00:00,GMADA,1110118000,25,50008,R,773,110,,,,,,,,2965180.18,D,S,2026-01-29 00:00:00,,,1,Generado Automáticamente - Periodo 1/2026 - Tipo/Grupo 9/1,2026-01-29 00:00:00,N,VIMUNI,,,,,
2026,774,2026-01-29 00:00:00,GMADA,1110118000,25,50008,R,774,110,,,,,,,,20445688.02,D,S,2026-01-29 00:00:00,,,1,Generado Automáticamente - Periodo 1/2026 - Tipo/Grupo 9/1,2026-01-29 00:00:00,N,DECI,,,,,
2026,775,2026-01-29 00:00:00,GMADA,1110118000,25,50008,R,775,110,,,,,,,,9573971.72,D,S,2026-01-29 00:00:00,,,1,Generado Automáticamente - Periodo 1/2026 - Tipo/Grupo 9/1,2026-01-29 00:00:00,N,MEAM,,,,,
2026,776,2026-01-29 00:00:00,GMADA,1110118000,25,50051,R,776,110,,,,,,,,350839.8,D,S,2026-01-29 00:00:00,,,1,Generado Automáticamente - Periodo 1/2026 - Tipo/Grupo 9/1,2026-01-29 00:00:00,N,BARU,,,,,
2026,777,2026-01-29 00:00:00,GMADA,1110118000,25,50051,R,777,110,,,,,,,,2070652.4,D,S,2026-01-29 00:00:00,,,1,Generado Automáticamente - Periodo 1/2026 - Tipo/Grupo 9/1,2026-01-29 00:00:00,N,DECI,,,,,
2026,778,2026-01-29 00:00:00,GMADA,1110118000,25,50051,R,778,110,,,,,,,,309605.86,D,S,2026-01-29 00:00:00,,,1,Generado Automáticamente - Periodo 1/2026 - Tipo/Grupo 9/1,2026-01-29 00:00:00,N,VIMUNI,,,,,
2026,779,2026-01-29 00:00:00,GMADA,1110118000,25,50051,R,779,110,,,,,,,,964720.33,D,S,2026-01-29 00:00:00,,,1,Generado Automáticamente - Periodo 1/2026 - Tipo/Grupo 9/1,2026-01-29 00:00:00,N,MEAM,,,,,
2026,780,2026-01-29 00:00:00,GMADA,1110118000,25,50051,R,780,110,,,,,,,,6341890.28,D,S,2026-01-29 00:00:00,,,1,Generado Automáticamente - Periodo 1/2026 - Tipo/Grupo 9/1,2026-01-29 00:00:00,N,00003,,,,,
2026,781,2026-01-29 00:00:00,GMADA,1110118000,25,50052,R,781,110,,,,,,,,140335.92,D,S,2026-01-29 00:00:00,,,1,Generado Automáticamente - Periodo 1/2026 - Tipo/Grupo 9/1,2026-01-29 00:00:00,N,BARU,,,,,
2026,782,2026-01-29 00:00:00,GMADA,1110118000,25,50052,R,782,110,,,,,,,,828260.92,D,S,2026-01-29 00:00:00,,,1,Generado Automáticamente - Periodo 1/2026 - Tipo/Grupo 9/1,2026-01-29 00:00:00,N,DECI,,,,,
2026,783,2026-01-29 00:00:00,GMADA,1110118000,25,50052,R,783,110,,,,,,,,123842.34,D,S,2026-01-29 00:00:00,,,1,Generado Automáticamente - Periodo 1/2026 - Tipo/Grupo 9/1,2026-01-29 00:00:00,N,VIMUNI,,,,,
2026,784,2026-01-29 00:00:00,GMADA,1110118000,25,50052,R,784,110,,,,,,,,2536756.06,D,S,2026-01-29 00:00:00,,,1,Generado Automáticamente - Periodo 1/2026 - Tipo/Grupo 9/1,2026-01-29 00:00:00,N,00003,,,,,
2026,785,2026-01-29 00:00:00,GMADA,1110118000,25,50052,R,785,110,,,,,,,,385888.13,D,S,2026-01-29 00:00:00,,,1,Generado Automáticamente - Periodo 1/2026 - Tipo/Grupo 9/1,2026-01-29 00:00:00,N,MEAM,,,,,
2026,786,2026-01-29 00:00:00,GMADA,1110118000,25,50008,R,786,131,,,,,,,,738999.06,D,S,2026-01-29 00:00:00,,,1,Generado Automáticamente - Periodo 1/2026 - Tipo/Grupo 9/1,2026-01-29 00:00:00,N,MEAM,,,,,
2026,787,2026-01-29 00:00:00,GMADA,1110118000,25,50052,R,787,131,,,,,,,,35471.95,D,S,2026-01-29 00:00:00,,,1,Generado Automáticamente - Periodo 1/2026 - Tipo/Grupo 9/1,2026-01-29 00:00:00,N,MEAM,,,,,
2026,788,2026-01-29 00:00:00,GMADA,1110200000,8,50008,R,788,110,,,,,,,,22572967.11,D,S,2026-01-29 00:00:00,,,1,Generado Automáticamente - Periodo 1/2026 - Tipo/Grupo 9/1,2026-01-29 00:00:00,N,PRESID,,,,,
2026,789,2026-01-29 00:00:00,GMADA,1110200000,8,50051,R,789,110,,,,,,,,2545432.92,D,S,2026-01-29 00:00:00,,,1,Generado Automáticamente - Periodo 1/2026 - Tipo/Grupo 9/1,2026-01-29 00:00:00,N,PRESID,,,,,
2026,790,2026-01-29 00:00:00,GMADA,1110200000,8,50052,R,790,110,,,,,,,,1018173.16,D,S,2026-01-29 00:00:00,,,1,Generado Automáticamente - Periodo 1/2026 - Tipo/Grupo 9/1,2026-01-29 00:00:00,N,PRESID,,,,,
2026,817,2026-01-29 00:00:00,GMADA,1110101000,1,50008,R,817,110,,,,,,,,5618410.61,D,S,2026-01-29 00:00:00,,,1,Generado Automáticamente - Periodo 1/2026 - Tipo/Grupo 9/2,2026-01-29 00:00:00,N,INT,,,,,
2026,809,2026-01-29 00:00:00,GMADA,1110106000,7,50031,R,809,110,,,,,EXPED,104,2026,50000.0,D,S,2026-01-29 00:00:00,,,1,Peralta Emilia,2026-01-29 00:00:00,N,ACCSOC,2026-01-29 00:00:00,N,2026,,N
2026,818,2026-01-29 00:00:00,GMADA,1110101000,1,50051,R,818,110,,,,,,,,674209.27,D,S,2026-01-29 00:00:00,,,1,Generado Automáticamente - Periodo 1/2026 - Tipo/Grupo 9/2,2026-01-29 00:00:00,N,INT,,,,,
2026,819,2026-01-29 00:00:00,GMADA,1110101000,1,50052,R,819,110,,,,,,,,269683.71,D,S,2026-01-29 00:00:00,,,1,Generado Automáticamente - Periodo 1/2026 - Tipo/Grupo 9/2,2026-01-29 00:00:00,N,INT,,,,,
2026,662,2026-01-27 00:00:00,GMADA,1110106000,7,1586,A,639,132,1,415,1,442,,,,-75499.0,N,S,2026-01-26 00:00:00,2026-01-27 00:00:00,ERROR,2,maquina de cortar cabello,2026-01-27 00:00:00,N,ENV,2026-01-26 00:00:00,N,2026,,N
2026,63,2026-01-08 00:00:00,GMADA,1110104000,5,50003,R,63,110,,,,,,,,453600.0,D,S,2026-01-08 00:00:00,,,3,viatico fagundez,2026-01-08 00:00:00,N,ADMI,,N,2026,,N
2026,64,2026-01-08 00:00:00,GMADA,1110104000,5,3537,R,64,131,1,78,1,77,,,,16480000.0,D,S,2026-01-08 00:00:00,,,1,serv prof,2026-01-08 00:00:00,N,HOSP,,N,2026,,N
2026,65,2026-01-08 00:00:00,GMADA,1110104000,5,3426,R,65,131,1,77,1,76,,,,12800000.0,D,S,2026-01-08 00:00:00,,,1,serv prof,2026-01-08 00:00:00,N,HOSP,,N,2026,,N
2026,66,2026-01-08 00:00:00,GMADA,1110106000,7,50031,R,66,110,,,,,,,,200000.0,D,S,2026-01-08 00:00:00,,,3,subsidio Carla PENACCA,2026-01-08 00:00:00,N,ACCSOC,,N,2026,,N
2026,664,2026-01-27 00:00:00,GMADA,1110102000,2,50072,A,500,110,,,,,EXPED,3767,2025,-1565987.17,N,S,2026-01-21 00:00:00,2026-01-27 00:00:00,ERROR,2,munic c/chacras del rosario,2026-01-27 00:00:00,N,ADFIN,,N,2026,,N
2026,663,2026-01-27 00:00:00,GMADA,1110106000,7,1586,R,663,132,1,415,1,442,,,,75499.0,A,S,2026-01-27 00:00:00,2026-02-02 00:00:00,ERROR,1,máquina corta cabello,2026-01-27 00:00:00,N,ENV,2026-01-27 00:00:00,N,2026,,N
2026,665,2026-01-27 00:00:00,GMADA,1110108000,14,2810,R,665,110,,,,,,,,79200.0,D,S,2026-01-27 00:00:00,,,1,Reg.Comp. 9541/2025 telas,2026-01-27 00:00:00,N,PROD,2026-01-27 00:00:00,N,,,N
2026,666,2026-01-27 00:00:00,GMADA,1110102000,2,2259,R,666,110,1,436,1,482,,,,300000.0,D,S,2026-01-27 00:00:00,,,1,alimentos,2026-01-27 00:00:00,N,GOBHAC,2026-01-27 00:00:00,N,2026,,N
2026,667,2026-01-27 00:00:00,GMADA,1110102000,2,2969,R,667,110,,,,,,,,576759.12,D,S,2026-01-27 00:00:00,,,1,servs,2026-01-27 00:00:00,N,GOBHAC,2026-01-27 00:00:00,N,2026,,N
2026,668,2026-01-27 00:00:00,GMADA,1110102000,2,50219,R,668,110,,,,,,,,186606.43,D,S,2026-01-27 00:00:00,,,1,gtos dic/enero,2026-01-27 00:00:00,N,GOB,2026-01-27 00:00:00,N,2026,,N
2026,669,2026-01-27 00:00:00,GMADA,1110108000,14,789,R,669,110,,,,,,,,1191161.11,D,S,2026-01-27 00:00:00,,,1,servs nov/25,2026-01-27 00:00:00,N,PROD,2026-01-27 00:00:00,N,2026,,N
2026,229,2026-01-14 00:00:00,GMADA,1110104000,5,3537,R,229,131,,,,,,,,4090000.0,D,S,2026-01-14 00:00:00,,,1,Reg.Comp. 9636/2025 PRESTAC,2026-01-14 00:00:00,N,QUI,2026-01-14 00:00:00,N,,,N
2026,231,2026-01-14 00:00:00,GMADA,1110102000,2,313,R,231,110,,,,,,,,3591181.93,D,S,2026-01-14 00:00:00,,,1,Reg.Comp. 8705/2025 combust,2026-01-14 00:00:00,N,GOBHAC,2026-01-14 00:00:00,N,,,N
2026,232,2026-01-14 00:00:00,GMADA,1110118000,25,313,R,232,132,,,,,,,,5885471.04,D,S,2026-01-14 00:00:00,,,1,Reg.Comp. 8546/2025 nafta,2026-01-14 00:00:00,N,000SU,2026-01-14 00:00:00,N,,,N
2026,233,2026-01-14 00:00:00,GMADA,1110118000,25,313,R,233,132,,,,,,,,566075.34,D,S,2026-01-14 00:00:00,,,1,Reg.Comp. 8952/2025 comb,2026-01-14 00:00:00,N,000SU,2026-01-14 00:00:00,N,,,N
2026,1,2026-01-02 00:00:00,GMADA,1110105000,6,50370,R,1,132,,,,,DECRE,1610,2025,97734.94,D,S,2026-01-02 00:00:00,,,3,REINTEGRO GASTOS CLUB SAN JUAN,2026-01-02 00:00:00,N,CULTUR,,N,2026,,N
2026,333,2026-01-15 00:00:00,GMADA,1110104000,11,3287,A,242,110,1,252,1,222,,,,-225500.0,N,S,2026-01-14 00:00:00,2026-01-15 00:00:00,ERROR,1,serv de imp,2026-01-15 00:00:00,N,BROM,2026-01-14 00:00:00,N,2026,,N
2026,316,2026-01-15 00:00:00,GMADA,1110102000,2,3287,R,316,110,1,232,1,215,,,,1670000.0,D,S,2026-01-15 00:00:00,,,1,serv de impresion,2026-01-15 00:00:00,N,GOBHAC,,N,2026,,N
2026,317,2026-01-15 00:00:00,GMADA,1110105000,6,50370,R,317,132,,,,,EXPED,3774,2025,80536.49,D,S,2026-01-15 00:00:00,,,2,rendicion gastos,2026-01-15 00:00:00,N,CULTUR,,N,2026,,N
2026,323,2026-01-15 00:00:00,GMADA,1110101000,1,51094,R,323,131,,,,,EXPED,3670,2025,256650.0,D,S,2026-01-15 00:00:00,,,2,multas transito,2026-01-15 00:00:00,N,INT,,N,2026,,N
2026,328,2026-01-15 00:00:00,GMADA,1110102000,2,50070,R,328,110,,,,,,,,23232132.52,D,S,2026-01-15 00:00:00,,,2,seg dic /25,2026-01-15 00:00:00,N,ADFIN,,N,2026,,N
2026,329,2026-01-15 00:00:00,GMADA,1110111000,3,50070,R,329,131,,,,,,,,170057.57,D,S,2026-01-15 00:00:00,,,2,seg dic/25,2026-01-15 00:00:00,N,CAS,,N,2026,,N
2026,1086,2026-02-11 00:00:00,GMADA,1110109000,13,2450,D,1038,110,1,584,1,617,,,,-260000.0,D,S,2026-02-11 00:00:00,,,1,Registro generado por Compras,2026-02-11 00:00:00,N,DEP,2026-02-06 00:00:00,N,,,N
2026,337,2026-01-15 00:00:00,GMADA,1110106000,7,2843,R,337,132,1,263,1,265,,,,1662500.0,D,S,2026-01-15 00:00:00,,,1,verduras,2026-01-15 00:00:00,N,ACCSOC,2026-01-15 00:00:00,N,2026,,N
2026,1021,2026-02-05 00:00:00,GMADA,1110102000,2,3029,R,1021,110,,,,,,,,200000.01,A,S,2026-02-05 00:00:00,2026-03-12 00:00:00,ERROR,1,Reg.Comp. 436/2025 publicidad,2026-02-05 00:00:00,N,GOB,2026-02-05 00:00:00,N,,,N
2026,1024,2026-02-05 00:00:00,GMADA,1110106000,7,50031,R,1024,110,,,,,EXPED,285,2026,20000.0,D,S,2026-02-05 00:00:00,,,1,Otaso Natalia,2026-02-05 00:00:00,N,ACCSOC,2026-02-05 00:00:00,N,2026,,N
2026,1025,2026-02-05 00:00:00,GMADA,1110109000,13,2988,R,1025,110,1,576,1,615,,,,850000.0,D,S,2026-02-05 00:00:00,,,1,organizac de eeventos,2026-02-05 00:00:00,N,DEP,2026-02-05 00:00:00,N,2026,,N
2026,1279,2026-02-19 00:00:00,GMADA,1110113000,20,2770,R,1279,110,1,706,1,741,,,,47400.0,D,S,2026-02-19 00:00:00,,,1,cd,2026-02-19 00:00:00,N,SECSEG,,N,2026,,N
2026,1280,2026-02-19 00:00:00,GMADA,1110102000,2,50925,R,1280,132,,,,,,,,90759.11,D,S,2026-02-19 00:00:00,,,2,periodo 6/25.cuota 2,2026-02-19 00:00:00,N,CDEE,,N,2026,,N
2026,1281,2026-02-19 00:00:00,GMADA,1110102000,2,707,R,1281,110,,,,,,,,1026659.0,D,S,2026-02-19 00:00:00,,,2,seg,2026-02-19 00:00:00,N,ADFIN,,N,2026,,N
2026,1282,2026-02-19 00:00:00,GMADA,1110111000,3,707,R,1282,131,,,,,,,,12852.0,D,S,2026-02-19 00:00:00,,,2,seg personal,2026-02-19 00:00:00,N,CAS,,N,2026,,N
2026,1283,2026-02-19 00:00:00,GMADA,1110109000,13,2410,R,1283,110,1,707,1,742,,,,250000.0,D,S,2026-02-19 00:00:00,,,1,rep,2026-02-19 00:00:00,N,DEP,2026-02-19 00:00:00,N,2026,,N
2026,1284,2026-02-19 00:00:00,GMADA,1110112000,19,441,R,1284,110,1,708,1,743,,,,34500.0,D,S,2026-02-19 00:00:00,,,1,carpeta,2026-02-19 00:00:00,N,INTIM,,N,2026,,N
2026,1285,2026-02-19 00:00:00,GMADA,1110109000,13,2701,R,1285,110,1,710,1,744,,,,42000.0,D,S,2026-02-19 00:00:00,,,1,vidrio,2026-02-19 00:00:00,N,DEP,2026-02-19 00:00:00,N,2026,,N
2026,1286,2026-02-19 00:00:00,GMADA,1110104000,5,2450,R,1286,131,1,709,1,709,,,,4345200.0,D,S,2026-02-19 00:00:00,,,1,verduras,2026-02-19 00:00:00,N,COC,2026-02-19 00:00:00,N,2026,,N
2026,1287,2026-02-19 00:00:00,GMADA,1110118000,25,879,R,1287,110,1,689,1,749,,,,9620.0,D,S,2026-02-19 00:00:00,,,2,bolsa cemento,2026-02-19 00:00:00,N,DECI,2026-02-19 00:00:00,N,2026,,N
2026,1288,2026-02-19 00:00:00,GMADA,1110118000,25,300,R,1288,110,1,691,1,729,,,,199954.0,D,S,2026-02-19 00:00:00,,,1,prod de pintureria,2026-02-19 00:00:00,N,DECI,2026-02-19 00:00:00,N,2026,,N
2026,1289,2026-02-19 00:00:00,GMADA,1110113000,20,300,R,1289,110,1,693,1,735,,,,98633.0,D,S,2026-02-19 00:00:00,,,1,vs.,2026-02-19 00:00:00,N,SECSEG,2026-02-19 00:00:00,N,2026,,N
2026,1290,2026-02-19 00:00:00,GMADA,1110113000,20,300,R,1290,110,1,695,1,736,,,,57931.0,D,S,2026-02-19 00:00:00,,,1,prod de papel,2026-02-19 00:00:00,N,SECSEG,2026-02-19 00:00:00,N,2026,,N
2026,1291,2026-02-19 00:00:00,GMADA,1110113000,20,776,R,1291,110,1,698,1,737,,,,103000.0,D,S,2026-02-19 00:00:00,,,1,parche,2026-02-19 00:00:00,N,SECSEG,,N,2026,,N
2026,1292,2026-02-19 00:00:00,GMADA,1110113000,20,776,R,1292,110,1,699,1,738,,,,50000.0,D,S,2026-02-19 00:00:00,,,1,alineacion,2026-02-19 00:00:00,N,SECSEG,2026-02-19 00:00:00,N,2026,,N
2026,1293,2026-02-19 00:00:00,GMADA,1110113000,20,1527,R,1293,110,1,703,1,759,,,,306000.0,D,S,2026-02-19 00:00:00,,,1,parches,2026-02-19 00:00:00,N,SECSEG,2026-02-19 00:00:00,N,2026,,N
2026,1294,2026-02-19 00:00:00,GMADA,1110104000,5,2450,R,1294,131,1,711,1,711,,,,3925625.0,D,S,2026-02-19 00:00:00,,,1,alimentos,2026-02-19 00:00:00,N,COC,2026-02-19 00:00:00,N,2026,,N
2026,1295,2026-02-19 00:00:00,GMADA,1110104000,5,3556,R,1295,131,1,712,1,714,,,,414000.0,D,S,2026-02-19 00:00:00,,,1,huevos,2026-02-19 00:00:00,N,COC,,N,2026,,N
2026,1296,2026-02-19 00:00:00,GMADA,1110104000,5,2627,R,1296,131,1,713,1,716,,,,6500.0,D,S,2026-02-19 00:00:00,,,1,empanadas,2026-02-19 00:00:00,N,HOGANC,2026-02-19 00:00:00,N,2026,,N
2026,1297,2026-02-19 00:00:00,GMADA,1110104000,5,2883,R,1297,131,1,714,1,717,,,,209462.06,D,S,2026-02-19 00:00:00,,,1,utiles,2026-02-19 00:00:00,N,FARM,2026-02-19 00:00:00,N,2026,,N
2026,338,2026-01-16 00:00:00,GMADA,1110102000,2,71,D,281,110,1,255,1,258,,,,-4000.0,D,S,2026-01-16 00:00:00,,,1,Registro generado por Compras,2026-01-16 00:00:00,N,DELRU,2026-01-14 00:00:00,N,,,N
2026,67,2026-01-08 00:00:00,GMADA,1110105000,6,3509,R,67,110,1,91,1,96,,,,4381980.0,D,S,2026-01-08 00:00:00,,,1,Seguro equipos electronicos,2026-01-08 00:00:00,N,CASA,2026-01-08 00:00:00,N,2026,,N
2026,546,2026-01-22 00:00:00,GMADA,1110104000,5,717,R,546,131,1,399,1,414,,,,123760.0,D,S,2026-01-22 00:00:00,,,1,alimentos,2026-01-22 00:00:00,N,HOSP,2026-01-22 00:00:00,N,2026,,N
2026,547,2026-01-22 00:00:00,GMADA,1110104000,5,2209,R,547,131,1,400,1,415,,,,2292094.0,D,S,2026-01-22 00:00:00,,,1,alimentos,2026-01-22 00:00:00,N,COC,2026-01-22 00:00:00,N,2026,,N
2026,548,2026-01-22 00:00:00,GMADA,1110104000,5,2209,R,548,131,1,401,1,416,,,,686538.91,D,S,2026-01-22 00:00:00,,,1,alimentos,2026-01-22 00:00:00,N,COC,2026-01-22 00:00:00,N,2026,,N
2026,549,2026-01-22 00:00:00,GMADA,1110104000,5,441,R,549,131,1,402,1,417,,,,54491.56,D,S,2026-01-22 00:00:00,,,1,arts de libreria,2026-01-22 00:00:00,N,HOSP,2026-01-22 00:00:00,N,2026,,N
2026,550,2026-01-22 00:00:00,GMADA,1110104000,11,441,R,550,110,1,403,1,418,,,,31952.94,D,S,2026-01-22 00:00:00,,,1,arts de libreria,2026-01-22 00:00:00,N,BROM,2026-01-22 00:00:00,N,2026,,N
2026,551,2026-01-22 00:00:00,GMADA,1110104000,5,3356,R,551,131,1,404,1,419,,,,153000.0,D,S,2026-01-22 00:00:00,,,1,pescado,2026-01-22 00:00:00,N,COC,2026-01-22 00:00:00,N,2026,,N
2026,552,2026-01-22 00:00:00,GMADA,1110104000,5,1943,R,552,131,1,405,1,420,,,,1826436.92,D,S,2026-01-22 00:00:00,,,1,mantenim planta de oxigeno,2026-01-22 00:00:00,N,HOSP,2026-01-22 00:00:00,N,2026,,N
2026,554,2026-01-22 00:00:00,GMADA,1110118000,25,1334,R,554,110,1,382,1,401,,,,1188215.84,D,S,2026-01-22 00:00:00,,,1,cuchillas,2026-01-22 00:00:00,N,000SU,2026-01-22 00:00:00,N,2026,,N
2026,555,2026-01-22 00:00:00,GMADA,1110106000,7,1825,R,555,110,1,383,1,402,EXPED,119,2026,2234296.32,D,S,2026-01-22 00:00:00,,,1,honorarios,2026-01-22 00:00:00,N,GRAN,2026-01-22 00:00:00,N,2026,,N
2026,556,2026-01-22 00:00:00,GMADA,1110113000,20,1879,R,556,110,1,385,1,404,,,,221000.0,D,S,2026-01-22 00:00:00,,,1,bomba y repuestos,2026-01-22 00:00:00,N,SECSEG,2026-01-22 00:00:00,N,2026,,N
2026,557,2026-01-22 00:00:00,GMADA,1110113000,20,441,R,557,110,1,386,1,405,,,,28099.72,D,S,2026-01-22 00:00:00,,,1,arts de papelera,2026-01-22 00:00:00,N,SECSEG,2026-01-22 00:00:00,N,2026,,N
2026,558,2026-01-22 00:00:00,GMADA,1110113000,20,2595,R,558,110,1,387,1,406,,,,90150.0,D,S,2026-01-22 00:00:00,,,1,repuestos,2026-01-22 00:00:00,N,SECSEG,2026-01-22 00:00:00,N,2026,,N
2026,559,2026-01-22 00:00:00,GMADA,1110111000,3,1267,R,559,131,1,395,1,410,,,,574434.0,D,S,2026-01-22 00:00:00,,,1,servs de torneria,2026-01-22 00:00:00,N,CAS,2026-01-22 00:00:00,N,2026,,N
2026,560,2026-01-22 00:00:00,GMADA,1110104000,5,33,R,560,131,1,396,1,411,,,,2183354.9,D,S,2026-01-22 00:00:00,,,1,seguro,2026-01-22 00:00:00,N,HOSP,2026-01-22 00:00:00,N,2026,,N
2026,561,2026-01-22 00:00:00,GMADA,1110109000,13,1809,R,561,110,1,397,1,412,,,,500000.0,D,S,2026-01-22 00:00:00,,,1,seguro,2026-01-22 00:00:00,N,DEP,2026-01-22 00:00:00,N,2026,,N
2026,562,2026-01-22 00:00:00,GMADA,1110104000,5,2883,R,562,131,1,398,1,413,,,,762755.1,D,S,2026-01-22 00:00:00,,,1,insumos hosps,2026-01-22 00:00:00,N,FARM,2026-01-22 00:00:00,N,2026,,N
2026,563,2026-01-22 00:00:00,GMADA,1110117000,24,441,R,563,110,1,331,1,386,,,,18400.02,D,S,2026-01-22 00:00:00,,,1,sellos,2026-01-22 00:00:00,N,000A,2026-01-22 00:00:00,N,2026,,N
2026,564,2026-01-22 00:00:00,GMADA,1110106000,7,1864,R,564,131,1,335,1,334,,,,5567398.08,A,S,2026-01-22 00:00:00,2026-01-23 00:00:00,ERROR,1,honorarios,2026-01-22 00:00:00,N,ACCSOC,2026-01-22 00:00:00,N,2026,,N
2026,565,2026-01-22 00:00:00,GMADA,1110106000,7,3492,R,565,131,1,337,1,336,EXPED,118,2026,1634296.32,D,S,2026-01-22 00:00:00,,,1,honorarios,2026-01-22 00:00:00,N,ACCSOC,2026-01-22 00:00:00,N,2026,,N
2026,566,2026-01-22 00:00:00,GMADA,1110106000,7,1825,R,566,131,1,336,1,335,EXPED,118,2026,1838583.36,D,S,2026-01-22 00:00:00,,,1,honorarios,2026-01-22 00:00:00,N,ACCSOC,2026-01-22 00:00:00,N,2026,,N
2026,567,2026-01-22 00:00:00,GMADA,1110106000,7,3455,R,567,131,1,338,1,337,EXPED,118,2026,6307176.0,D,S,2026-01-22 00:00:00,,,1,honorarios,2026-01-22 00:00:00,N,ACCSOC,2026-01-22 00:00:00,N,2026,,N
2026,568,2026-01-22 00:00:00,GMADA,1110106000,7,3034,R,568,131,1,339,1,338,EXPED,118,2026,6307176.0,D,S,2026-01-22 00:00:00,,,1,honorarios,2026-01-22 00:00:00,N,ACCSOC,2026-01-22 00:00:00,N,2026,,N
2026,569,2026-01-22 00:00:00,GMADA,1110106000,7,3240,R,569,131,1,340,1,339,EXPED,118,2026,6307176.0,D,S,2026-01-22 00:00:00,,,1,honorarios,2026-01-22 00:00:00,N,ACCSOC,2026-01-22 00:00:00,N,2026,,N
2026,570,2026-01-22 00:00:00,GMADA,1110106000,7,3470,R,570,131,1,341,1,340,EXPED,118,2026,6307176.0,D,S,2026-01-22 00:00:00,,,1,honorarios,2026-01-22 00:00:00,N,ACCSOC,2026-01-22 00:00:00,N,2026,,N
2026,571,2026-01-22 00:00:00,GMADA,1110106000,7,2032,R,571,131,1,342,1,341,,,,13425864.96,D,S,2026-01-22 00:00:00,,,1,honorarios,2026-01-22 00:00:00,N,ACCSOC,2026-01-22 00:00:00,N,2026,,N
2026,572,2026-01-22 00:00:00,GMADA,1110106000,7,3438,R,572,131,1,343,1,342,EXPED,118,2026,6307176.0,D,S,2026-01-22 00:00:00,,,1,honorarios,2026-01-22 00:00:00,N,ACCSOC,2026-01-22 00:00:00,N,2026,,N
2026,573,2026-01-22 00:00:00,GMADA,1110106000,7,3516,R,573,131,1,344,1,343,,,,340000.0,D,S,2026-01-22 00:00:00,,,1,honorarios,2026-01-22 00:00:00,N,ACCSOC,2026-01-22 00:00:00,N,2026,,N
2026,574,2026-01-22 00:00:00,GMADA,1110106000,7,3453,R,574,131,1,345,1,344,,,,6307176.0,D,S,2026-01-22 00:00:00,,,1,honorarios,2026-01-22 00:00:00,N,ACCSOC,2026-01-22 00:00:00,N,2026,,N
2026,575,2026-01-22 00:00:00,GMADA,1110101000,1,3495,R,575,110,1,379,1,426,,,,425000.0,D,S,2026-01-22 00:00:00,,,1,plantas,2026-01-22 00:00:00,N,INT,2026-01-22 00:00:00,N,2026,,N
2026,576,2026-01-22 00:00:00,GMADA,1110104000,5,850,R,576,131,1,391,1,422,EXPED,177,2026,2431228.0,D,S,2026-01-22 00:00:00,,,1,alq de equipos,2026-01-22 00:00:00,N,LAB,2026-01-22 00:00:00,N,2026,,N
2026,577,2026-01-22 00:00:00,GMADA,1110104000,5,850,R,577,131,1,390,1,425,EXPED,180,2026,2347208.0,D,S,2026-01-22 00:00:00,,,1,honorarios,2026-01-22 00:00:00,N,LAB,2026-01-22 00:00:00,N,2026,,N
2026,578,2026-01-22 00:00:00,GMADA,1110104000,5,850,R,578,131,1,389,1,424,EXPED,179,2026,1792260.0,D,S,2026-01-22 00:00:00,,,1,alq de equipos,2026-01-22 00:00:00,N,LAB,2026-01-22 00:00:00,N,2026,,N
2026,579,2026-01-22 00:00:00,GMADA,1110104000,5,850,R,579,131,1,388,1,423,EXPED,178,2026,1683160.0,D,S,2026-01-22 00:00:00,,,1,alq de equipos,2026-01-22 00:00:00,N,LAB,2026-01-22 00:00:00,N,2026,,N
2026,1195,2026-02-13 00:00:00,GMADA,1110106000,7,50031,A,1193,110,,,,,,,,-95000.0,N,S,2026-02-13 00:00:00,2026-02-13 00:00:00,ERROR,2,subs lain k guell barrientos/santillan,2026-02-13 00:00:00,N,ACCSOC,,N,2026,,N
2026,580,2026-01-22 00:00:00,GMADA,1110112000,19,3075,R,580,110,1,378,1,397,,,,872494.7,D,S,2026-01-22 00:00:00,,,1,arts de limp,2026-01-22 00:00:00,N,COMPR,2026-01-22 00:00:00,N,2026,,N
2026,581,2026-01-22 00:00:00,GMADA,1110111000,3,688,R,581,131,1,376,1,395,,,,885800.0,D,S,2026-01-22 00:00:00,,,1,repuestos,2026-01-22 00:00:00,N,CAS,2026-01-22 00:00:00,N,2026,,N
2026,582,2026-01-22 00:00:00,GMADA,1110106000,7,68,R,582,132,1,377,1,396,,,,770000.0,D,S,2026-01-22 00:00:00,,,1,destape de pozos,2026-01-22 00:00:00,N,ACCSOC,2026-01-22 00:00:00,N,2026,,N
2026,583,2026-01-22 00:00:00,GMADA,1110105000,6,33,R,583,110,1,295,1,312,,,,290490.0,D,S,2026-01-22 00:00:00,,,1,seguros,2026-01-22 00:00:00,N,MUSH,2026-01-22 00:00:00,N,2026,,N
2026,584,2026-01-22 00:00:00,GMADA,1110102000,2,33,R,584,110,1,296,1,313,,,,1330489.0,D,S,2026-01-22 00:00:00,,,1,seguros,2026-01-22 00:00:00,N,GOBHAC,2026-01-22 00:00:00,N,2026,,N
2026,585,2026-01-22 00:00:00,GMADA,1110113000,20,1259,R,585,110,1,297,1,307,,,,135744.0,D,S,2026-01-22 00:00:00,,,1,arts de elect,2026-01-22 00:00:00,N,SECSEG,2026-01-22 00:00:00,N,2026,,N
2026,586,2026-01-22 00:00:00,GMADA,1110113000,20,1259,R,586,110,1,298,1,306,,,,71191.33,D,S,2026-01-22 00:00:00,,,1,arts de elect,2026-01-22 00:00:00,N,SECSEG,2026-01-22 00:00:00,N,2026,,N
2026,587,2026-01-22 00:00:00,GMADA,1110104000,5,1810,R,587,131,1,299,1,305,,,,120000.0,D,S,2026-01-22 00:00:00,,,1,service,2026-01-22 00:00:00,N,HOSP,2026-01-22 00:00:00,N,2026,,N
2026,588,2026-01-22 00:00:00,GMADA,1110104000,5,2627,R,588,131,1,300,1,304,,,,52000.0,D,S,2026-01-22 00:00:00,,,1,pastas,2026-01-22 00:00:00,N,HOGANC,2026-01-22 00:00:00,N,2026,,N
2026,589,2026-01-22 00:00:00,GMADA,1110104000,5,125,R,589,131,1,301,1,303,,,,44517.6,D,S,2026-01-22 00:00:00,,,1,medicamentos,2026-01-22 00:00:00,N,HOSP,2026-01-22 00:00:00,N,2026,,N
2026,590,2026-01-22 00:00:00,GMADA,1110104000,5,3356,R,590,131,1,302,1,292,,,,59500.0,D,S,2026-01-22 00:00:00,,,1,pescado,2026-01-22 00:00:00,N,HOGANC,2026-01-22 00:00:00,N,2026,,N
2026,591,2026-01-22 00:00:00,GMADA,1110108000,14,2330,R,591,110,1,303,1,323,,,,1660000.0,D,S,2026-01-22 00:00:00,,,1,nafta,2026-01-22 00:00:00,N,PROD,2026-01-22 00:00:00,N,2026,,N
2026,592,2026-01-22 00:00:00,GMADA,1110104000,5,2627,R,592,131,1,304,1,325,,,,33000.0,D,S,2026-01-22 00:00:00,,,1,pasta frescas,2026-01-22 00:00:00,N,COC,2026-01-22 00:00:00,N,2026,,N
2026,593,2026-01-22 00:00:00,GMADA,1110104000,11,1259,R,593,110,1,306,1,326,,,,30152.16,D,S,2026-01-22 00:00:00,,,1,pilas,2026-01-22 00:00:00,N,BROM,2026-01-22 00:00:00,N,2026,,N
2026,594,2026-01-22 00:00:00,GMADA,1110104000,5,2209,R,594,131,1,308,1,328,,,,2060593.67,D,S,2026-01-22 00:00:00,,,1,alimentos,2026-01-22 00:00:00,N,HOGANC,2026-01-22 00:00:00,N,2026,,N
2026,595,2026-01-22 00:00:00,GMADA,1110104000,5,2209,R,595,131,1,310,1,329,,,,1258064.12,D,S,2026-01-22 00:00:00,,,1,alimentos,2026-01-22 00:00:00,N,COC,2026-01-22 00:00:00,N,2026,,N
2026,596,2026-01-22 00:00:00,GMADA,1110102000,2,869,R,596,110,,,,,EXPED,19,2025,80000.0,D,S,2026-01-22 00:00:00,,,1,Reg.Comp. 258/2025 publicidad,2026-01-22 00:00:00,N,GOB,2026-01-22 00:00:00,N,,,N
2026,597,2026-01-22 00:00:00,GMADA,1110101000,1,441,R,597,110,,,,,,,,585450.0,D,S,2026-01-22 00:00:00,,,1,Reg.Comp. 2233/2025 placas,2026-01-22 00:00:00,N,SEC,2026-01-22 00:00:00,N,,,N
2026,598,2026-01-22 00:00:00,GMADA,1110102000,2,2584,R,598,110,,,,,EXPED,19,2025,80000.0,D,S,2026-01-22 00:00:00,,,1,Reg.Comp. 270/2025 publicidad,2026-01-22 00:00:00,N,GOB,2026-01-22 00:00:00,N,,,N
2026,814,2026-01-29 00:00:00,GMADA,1110112000,19,2299,R,814,110,1,498,1,530,,,,280000.0,D,S,2026-01-29 00:00:00,,,1,dispenser para el area de hacienda,2026-01-29 00:00:00,N,CONTAD,2026-01-29 00:00:00,N,2026,,N
2026,1193,2026-02-13 00:00:00,GMADA,1110106000,7,50031,R,1193,110,,,,,,,,95000.0,A,S,2026-02-13 00:00:00,2026-02-13 00:00:00,ERROR,2,subs lain k guell barrientos/santillan,2026-02-13 00:00:00,N,ACCSOC,,N,2026,,N
2026,1194,2026-02-13 00:00:00,GMADA,1110106000,7,50031,R,1194,110,,,,,,,,85000.0,D,S,2026-02-13 00:00:00,,,2,subs lain kevin guell barrientos/santillan,2026-02-13 00:00:00,N,ACCSOC,,N,2026,,N
2026,1298,2026-02-19 00:00:00,GMADA,1110104000,5,1943,R,1298,131,1,715,1,718,,,,1614943.44,D,S,2026-02-19 00:00:00,,,1,rep,2026-02-19 00:00:00,N,PO,2026-02-19 00:00:00,N,2026,,N
2026,1196,2026-02-13 00:00:00,GMADA,1110102000,2,50023,R,1196,132,,,,,,,,138179.7,D,S,2026-02-13 00:00:00,,,2,periodo 06/25,2026-02-13 00:00:00,N,CASADE,,N,2026,,N
2026,1198,2026-02-13 00:00:00,GMADA,1110105000,6,50470,R,1198,110,,,,,EXPED,224,2024,2558637.84,D,S,2026-02-13 00:00:00,,,2,horas adicionales Carnaval,2026-02-13 00:00:00,N,CULTUR,,N,2026,,N
2026,1324,2026-02-19 00:00:00,GMADA,1110102000,2,50008,R,1324,110,,,,,,,,118180.0,D,S,2026-02-19 00:00:00,,,1,Generado Automáticamente - Periodo 2/2026 - Tipo/Grupo 52/7,2026-02-19 00:00:00,N,GOB,,,,,
2026,1299,2026-02-19 00:00:00,GMADA,1110104000,5,285,R,1299,131,1,705,1,707,,,,1431762.63,D,S,2026-02-19 00:00:00,,,1,utiles,2026-02-19 00:00:00,N,LAB,2026-02-19 00:00:00,N,2026,,N
2026,1318,2026-02-19 00:00:00,GMADA,1110118000,25,51098,R,1318,110,,,,,EXPED,3743,2026,912000.0,D,S,2026-02-19 00:00:00,,,2,gastos por daño vehicular,2026-02-19 00:00:00,N,00003,,N,2026,,N
2026,1323,2026-02-19 00:00:00,GMADA,1110101000,1,50362,R,1323,131,,,,,,,,248874.0,D,S,2026-02-19 00:00:00,,,2,multas,2026-02-19 00:00:00,N,INT,,N,2026,,N
2026,1325,2026-02-19 00:00:00,GMADA,1110102000,2,50008,R,1325,110,,,,,,,,190380.0,D,S,2026-02-19 00:00:00,,,1,Generado Automáticamente - Periodo 2/2026 - Tipo/Grupo 52/7,2026-02-19 00:00:00,N,GOBHAC,,,,,
2026,1326,2026-02-19 00:00:00,GMADA,1110102000,2,50051,R,1326,110,,,,,,,,22845.6,D,S,2026-02-19 00:00:00,,,1,Generado Automáticamente - Periodo 2/2026 - Tipo/Grupo 52/7,2026-02-19 00:00:00,N,GOBHAC,,,,,
2026,1327,2026-02-19 00:00:00,GMADA,1110102000,2,50051,R,1327,110,,,,,,,,14181.6,D,S,2026-02-19 00:00:00,,,1,Generado Automáticamente - Periodo 2/2026 - Tipo/Grupo 52/7,2026-02-19 00:00:00,N,GOB,,,,,
2026,1328,2026-02-19 00:00:00,GMADA,1110102000,2,50052,R,1328,110,,,,,,,,5672.64,D,S,2026-02-19 00:00:00,,,1,Generado Automáticamente - Periodo 2/2026 - Tipo/Grupo 52/7,2026-02-19 00:00:00,N,GOB,,,,,
2026,1329,2026-02-19 00:00:00,GMADA,1110102000,2,50052,R,1329,110,,,,,,,,9138.24,D,S,2026-02-19 00:00:00,,,1,Generado Automáticamente - Periodo 2/2026 - Tipo/Grupo 52/7,2026-02-19 00:00:00,N,GOBHAC,,,,,
2026,1330,2026-02-19 00:00:00,GMADA,1110106000,7,50008,R,1330,110,,,,,,,,424850.2,D,S,2026-02-19 00:00:00,,,1,Generado Automáticamente - Periodo 2/2026 - Tipo/Grupo 52/7,2026-02-19 00:00:00,N,ACCSOC,,,,,
2026,1331,2026-02-19 00:00:00,GMADA,1110106000,7,50051,R,1331,110,,,,,,,,22777.2,D,S,2026-02-19 00:00:00,,,1,Generado Automáticamente - Periodo 2/2026 - Tipo/Grupo 52/7,2026-02-19 00:00:00,N,ACCSOC,,,,,
2026,1332,2026-02-19 00:00:00,GMADA,1110106000,7,50052,R,1332,110,,,,,,,,9110.88,D,S,2026-02-19 00:00:00,,,1,Generado Automáticamente - Periodo 2/2026 - Tipo/Grupo 52/7,2026-02-19 00:00:00,N,ACCSOC,,,,,
2026,1333,2026-02-19 00:00:00,GMADA,1110106000,7,50008,R,1333,132,,,,,,,,177911.01,D,S,2026-02-19 00:00:00,,,1,Generado Automáticamente - Periodo 2/2026 - Tipo/Grupo 52/7,2026-02-19 00:00:00,N,ACCSOC,,,,,
2026,1334,2026-02-19 00:00:00,GMADA,1110106000,7,50051,R,1334,132,,,,,,,,6657.6,D,S,2026-02-19 00:00:00,,,1,Generado Automáticamente - Periodo 2/2026 - Tipo/Grupo 52/7,2026-02-19 00:00:00,N,ACCSOC,,,,,
2026,1335,2026-02-19 00:00:00,GMADA,1110106000,7,50052,R,1335,132,,,,,,,,2663.04,D,S,2026-02-19 00:00:00,,,1,Generado Automáticamente - Periodo 2/2026 - Tipo/Grupo 52/7,2026-02-19 00:00:00,N,ACCSOC,,,,,
2026,1336,2026-02-19 00:00:00,GMADA,1110112000,19,50008,R,1336,110,,,,,,,,1022960.0,D,S,2026-02-19 00:00:00,,,1,Generado Automáticamente - Periodo 2/2026 - Tipo/Grupo 52/7,2026-02-19 00:00:00,N,SECHAC,,,,,
2026,1337,2026-02-19 00:00:00,GMADA,1110112000,19,50051,R,1337,110,,,,,,,,122755.2,D,S,2026-02-19 00:00:00,,,1,Generado Automáticamente - Periodo 2/2026 - Tipo/Grupo 52/7,2026-02-19 00:00:00,N,SECHAC,,,,,
2026,1338,2026-02-19 00:00:00,GMADA,1110112000,19,50052,R,1338,110,,,,,,,,49102.08,D,S,2026-02-19 00:00:00,,,1,Generado Automáticamente - Periodo 2/2026 - Tipo/Grupo 52/7,2026-02-19 00:00:00,N,SECHAC,,,,,
2026,1339,2026-02-19 00:00:00,GMADA,1110113000,20,50008,R,1339,110,,,,,,,,215756.35,D,S,2026-02-19 00:00:00,,,1,Generado Automáticamente - Periodo 2/2026 - Tipo/Grupo 52/7,2026-02-19 00:00:00,N,SECSEG,,,,,
2026,1340,2026-02-19 00:00:00,GMADA,1110113000,20,50051,R,1340,110,,,,,,,,8755.2,D,S,2026-02-19 00:00:00,,,1,Generado Automáticamente - Periodo 2/2026 - Tipo/Grupo 52/7,2026-02-19 00:00:00,N,SECSEG,,,,,
2026,1341,2026-02-19 00:00:00,GMADA,1110113000,20,50052,R,1341,110,,,,,,,,3502.08,D,S,2026-02-19 00:00:00,,,1,Generado Automáticamente - Periodo 2/2026 - Tipo/Grupo 52/7,2026-02-19 00:00:00,N,SECSEG,,,,,
2026,1342,2026-02-19 00:00:00,GMADA,1110117000,24,50008,R,1342,110,,,,,,,,159980.0,D,S,2026-02-19 00:00:00,,,1,Generado Automáticamente - Periodo 2/2026 - Tipo/Grupo 52/7,2026-02-19 00:00:00,N,000002,,,,,
2026,1343,2026-02-19 00:00:00,GMADA,1110117000,24,50051,R,1343,110,,,,,,,,19197.6,D,S,2026-02-19 00:00:00,,,1,Generado Automáticamente - Periodo 2/2026 - Tipo/Grupo 52/7,2026-02-19 00:00:00,N,000002,,,,,
2026,1344,2026-02-19 00:00:00,GMADA,1110117000,24,50052,R,1344,110,,,,,,,,7679.04,D,S,2026-02-19 00:00:00,,,1,Generado Automáticamente - Periodo 2/2026 - Tipo/Grupo 52/7,2026-02-19 00:00:00,N,000002,,,,,
2026,1345,2026-02-19 00:00:00,GMADA,1110118000,25,50008,R,1345,110,,,,,,,,260101.37,D,S,2026-02-19 00:00:00,,,1,Generado Automáticamente - Periodo 2/2026 - Tipo/Grupo 52/7,2026-02-19 00:00:00,N,DECI,,,,,
2026,1346,2026-02-19 00:00:00,GMADA,1110118000,25,50008,R,1346,110,,,,,,,,824748.01,D,S,2026-02-19 00:00:00,,,1,Generado Automáticamente - Periodo 2/2026 - Tipo/Grupo 52/7,2026-02-19 00:00:00,N,00003,,,,,
2026,1347,2026-02-19 00:00:00,GMADA,1110118000,25,50051,R,1347,110,,,,,,,,21158.4,D,S,2026-02-19 00:00:00,,,1,Generado Automáticamente - Periodo 2/2026 - Tipo/Grupo 52/7,2026-02-19 00:00:00,N,00003,,,,,
2026,1348,2026-02-19 00:00:00,GMADA,1110118000,25,50052,R,1348,110,,,,,,,,8463.36,D,S,2026-02-19 00:00:00,,,1,Generado Automáticamente - Periodo 2/2026 - Tipo/Grupo 52/7,2026-02-19 00:00:00,N,00003,,,,,
2026,1351,2026-02-20 00:00:00,GMADA,1110101000,1,479,A,1349,131,,,,,,,,-54000.0,N,S,2026-02-20 00:00:00,2026-02-20 00:00:00,ERROR,6,dec 184/25-,2026-02-20 00:00:00,N,INT,,N,2026,,N
2026,1349,2026-02-20 00:00:00,GMADA,1110101000,1,479,R,1349,131,,,,,,,,54000.0,A,S,2026-02-20 00:00:00,2026-02-20 00:00:00,ERROR,6,dec 184/25-,2026-02-20 00:00:00,N,INT,,N,2026,,N
2026,1497,2026-02-26 00:00:00,GMADA,1110105000,6,3324,D,1110,110,1,598,1,631,,,,-85265.0,D,S,2026-02-26 00:00:00,,,1,Registro generado por Compras,2026-02-26 00:00:00,N,CULTUR,2026-02-11 00:00:00,N,,,N
2026,1352,2026-02-20 00:00:00,GMADA,1110101000,1,479,R,1352,131,,,,,,,,54000.0,D,S,2026-02-20 00:00:00,,,2,multas dec 184/25,2026-02-20 00:00:00,N,INT,,N,2026,,N
2026,1353,2026-02-20 00:00:00,GMADA,1110101000,1,413,R,1353,110,1,659,1,687,,,,8000.0,D,S,2026-02-20 00:00:00,,,1,parches,2026-02-20 00:00:00,N,INT,,N,2026,,N
2026,1354,2026-02-20 00:00:00,GMADA,1110101000,1,50328,R,1354,131,,,,,,,,17937.0,D,S,2026-02-20 00:00:00,,,2,multas dcto 975/25,2026-02-20 00:00:00,N,INT,,N,2026,,N
2026,1369,2026-02-20 00:00:00,GMADA,1110106000,7,50031,R,1369,110,,,,,,,,30000.0,D,S,2026-02-20 00:00:00,,,2,subsidio Felipe Gomez,2026-02-20 00:00:00,N,ACCSOC,,N,2026,,N
2026,1378,2026-02-20 00:00:00,GMADA,1110101000,1,2525,R,1378,131,,,,,,,,248375.0,D,S,2026-02-20 00:00:00,,,2,multas dcto.1190/25,2026-02-20 00:00:00,N,INT,,N,2026,,N
2026,1382,2026-02-20 00:00:00,GMADA,1110101000,1,2525,R,1382,131,,,,,,,,180700.0,D,S,2026-02-20 00:00:00,,,2,dec 124/26-151/26,2026-02-20 00:00:00,N,INT,,N,2026,,N
2026,1384,2026-02-20 00:00:00,GMADA,1110101000,1,2525,R,1384,131,,,,,,,,1208676.0,D,S,2026-02-20 00:00:00,,,2,multas dec 668/25-1334/25-1390/25-943/25-68/25-66/25-844/25-1454-25-1196/25,2026-02-20 00:00:00,N,INT,,N,2026,,N
2026,1388,2026-02-20 00:00:00,GMADA,1110101000,1,216,R,1388,131,,,,,,,,149712.0,D,S,2026-02-20 00:00:00,,,2,multas dec 1600/25,2026-02-20 00:00:00,N,INT,,N,2026,,N
2026,1824,2026-03-10 00:00:00,GMADA,1110105000,6,3364,A,1778,110,1,889,1,925,EXPED,224,2026,-250000.0,N,S,2026-03-09 00:00:00,2026-03-10 00:00:00,ERROR,1,alquiler de baño,2026-03-10 00:00:00,N,CULTUR,2026-03-09 00:00:00,N,2026,,N
2026,1674,2026-03-03 00:00:00,GMADA,1110108000,14,441,R,1674,110,,,,,,,,12400.0,D,S,2026-03-03 00:00:00,,,2,Reg.Comp. 5555/2025 prod de papel,2026-03-03 00:00:00,N,PROD,2026-03-03 00:00:00,N,,,N
2026,1684,2026-03-03 00:00:00,GMADA,1110104000,5,441,R,1684,131,,,,,,,,17215.34,D,S,2026-03-03 00:00:00,,,2,Reg.Comp. 4050/2025 descartables,2026-03-03 00:00:00,N,COC,2026-03-03 00:00:00,N,,,N
2026,1694,2026-03-03 00:00:00,GMADA,1110105000,6,3180,R,1694,110,,,,,,,,100000.0,D,S,2026-03-03 00:00:00,,,1,Reg.Comp. 6196/2025 DISEÑO,2026-03-03 00:00:00,N,CULTUR,2026-03-03 00:00:00,N,,,N
2026,1777,2026-03-09 00:00:00,GMADA,1110112000,19,50014,R,1777,110,,,,,,,,193489.45,D,S,2026-03-09 00:00:00,,,1,caja chica contaduria,2026-03-09 00:00:00,N,SEHA,2026-03-09 00:00:00,N,2026,,N
2026,1788,2026-03-09 00:00:00,GMADA,1110117000,24,50072,R,1788,110,,,,,,,,24000.0,D,S,2026-03-09 00:00:00,,,2,gastos judiciales Cabos Negros S.A. c /Munic.,2026-03-09 00:00:00,N,000002,,N,2026,,N
2026,2367,2026-03-30 00:00:00,GMADA,1110102000,2,1962,D,2365,110,1,1154,1,1225,,,,-11000.0,D,S,2026-03-30 00:00:00,,,1,Registro generado por Compras,2026-03-30 00:00:00,N,PRENS,2026-03-30 00:00:00,N,,,N
2026,2382,2026-03-31 00:00:00,GMADA,1110102000,2,50063,R,2382,110,,,,,,,,898640.1,D,S,2026-03-31 00:00:00,,,3,comisiones,2026-03-31 00:00:00,N,ADFIN,,N,2026,,N
2026,2383,2026-03-31 00:00:00,GMADA,1110102000,2,50087,R,2383,110,,,,,,,,4707572.29,D,S,2026-03-31 00:00:00,,,2,cuota prestamo,2026-03-31 00:00:00,N,ADFIN,,N,2026,,N
2026,2384,2026-03-31 00:00:00,GMADA,1110117000,24,50072,R,2384,110,,,,,,,,8987.5,D,S,2026-03-31 00:00:00,,,2,arancel Munic c/Malle S.A.,2026-03-31 00:00:00,N,000A,,N,2026,,N
2026,2387,2026-03-31 00:00:00,GMADA,1110101000,1,50087,R,2387,110,,,,,,,,300000.0,D,S,2026-03-31 00:00:00,,,2,COPRES,2026-03-31 00:00:00,N,INT,,N,2026,,N
2026,2388,2026-03-31 00:00:00,GMADA,1110111000,3,50087,R,2388,131,,,,,,,,280000.0,D,S,2026-03-31 00:00:00,,,2,COPRES,2026-03-31 00:00:00,N,CAS,,N,2026,,N
2026,2389,2026-03-31 00:00:00,GMADA,1110104000,5,50087,R,2389,131,,,,,,,,6000000.0,A,S,2026-03-31 00:00:00,2026-04-01 00:00:00,ERROR,2,COPRES,2026-03-31 00:00:00,N,ADMI,,N,2026,,N
2026,2390,2026-03-31 00:00:00,GMADA,1110104000,5,50087,R,2390,131,,,,,,,,1488000.0,D,S,2026-03-31 00:00:00,,,2,COPRES,2026-03-31 00:00:00,N,ADMI,,N,2026,,N
2026,2391,2026-03-31 00:00:00,GMADA,1110104000,5,1440,R,2391,131,1,1164,1,1000,,,,34178000.0,D,S,2026-03-31 00:00:00,,,2,PROD FARM,2026-03-31 00:00:00,N,FARM,,N,2026,,N
2026,2392,2026-03-31 00:00:00,GMADA,1110104000,5,2663,R,2392,131,1,1165,1,1000,,,,2700720.0,D,S,2026-03-31 00:00:00,,,3,PROD FARM,2026-03-31 00:00:00,N,FARM,2026-03-31 00:00:00,N,2026,,N
2026,2420,2026-04-06 00:00:00,GMADA,1110102000,2,50023,R,2420,132,,,,,,,,73533.91,D,S,2026-04-06 00:00:00,,,2,periodo 01/26,2026-04-06 00:00:00,N,AREAJ,,N,2026,,N
2026,2423,2026-04-06 00:00:00,GMADA,1110105000,6,3287,R,2423,110,1,1192,1,1228,,,,29500.0,D,S,2026-04-06 00:00:00,,,1,prod papel,2026-04-06 00:00:00,N,MUSH,2026-04-06 00:00:00,N,2026,,N
2026,2424,2026-04-06 00:00:00,GMADA,1110104000,5,167,R,2424,131,1,1183,1,1242,,,,184500.0,D,S,2026-04-06 00:00:00,,,1,alimentos,2026-04-06 00:00:00,N,HOGANC,,N,2026,,N
2026,2425,2026-04-06 00:00:00,GMADA,1110104000,5,167,R,2425,131,1,1185,1,1240,,,,626450.0,D,S,2026-04-06 00:00:00,,,1,alimentos,2026-04-06 00:00:00,N,COC,2026-04-06 00:00:00,N,2026,,N
2026,2426,2026-04-06 00:00:00,GMADA,1110104000,5,2209,R,2426,131,1,1187,1,1238,,,,405352.2,N,S,2026-04-06 00:00:00,,,1,alimentos,2026-04-06 00:00:00,N,HOGANC,2026-04-06 00:00:00,N,2026,,N
2026,2427,2026-04-06 00:00:00,GMADA,1110104000,5,2883,R,2427,131,1,1191,1,1234,,,,305158.37,D,S,2026-04-06 00:00:00,,,1,insumos,2026-04-06 00:00:00,N,FARM,,N,2026,,N
2026,2428,2026-04-06 00:00:00,GMADA,1110105000,6,3287,R,2428,110,1,1193,1,1256,,,,139400.0,D,S,2026-04-06 00:00:00,,,1,serv de impresion,2026-04-06 00:00:00,N,TURIS,2026-04-06 00:00:00,N,2026,,N
2026,2429,2026-04-06 00:00:00,GMADA,1110104000,5,2869,R,2429,131,1,1176,1,1233,,,,1824994.0,D,S,2026-04-06 00:00:00,,,1,alimentos,2026-04-06 00:00:00,N,HOGANC,2026-04-06 00:00:00,N,2026,,N
2026,2430,2026-04-06 00:00:00,GMADA,1110104000,5,3165,R,2430,131,1,1177,1,1235,,,,7046729.3,D,S,2026-04-06 00:00:00,,,2,prod farm,2026-04-06 00:00:00,N,FARM,2026-04-06 00:00:00,N,2026,,N
2026,2431,2026-04-06 00:00:00,GMADA,1110104000,5,167,R,2431,131,1,1178,1,1237,,,,637000.0,D,S,2026-04-06 00:00:00,,,2,alimentos,2026-04-06 00:00:00,N,COC,2026-04-06 00:00:00,N,2026,,N
2026,2432,2026-04-06 00:00:00,GMADA,1110104000,11,3287,R,2432,110,1,1189,1,1236,,,,225500.0,A,S,2026-04-06 00:00:00,2026-04-06 00:00:00,ERROR,1,imprenta,2026-04-06 00:00:00,N,BROM,,N,2026,,N
2026,2437,2026-04-06 00:00:00,GMADA,1110104000,5,2627,R,2437,131,1,1180,1,1241,,,,70000.0,D,S,2026-04-06 00:00:00,,,1,alimentos,2026-04-06 00:00:00,N,HOGANC,2026-04-06 00:00:00,N,2026,,N
2026,2439,2026-04-06 00:00:00,GMADA,1110102000,2,117,R,2439,110,1,1181,1,1248,,,,5590.0,D,S,2026-04-06 00:00:00,,,1,pinturas,2026-04-06 00:00:00,N,GOBHAC,2026-04-06 00:00:00,N,2026,,N
2026,2440,2026-04-06 00:00:00,GMADA,1110104000,5,1876,R,2440,131,1,1182,1,1247,,,,2388158.53,D,S,2026-04-06 00:00:00,,,1,prod farm,2026-04-06 00:00:00,N,FARM,,N,2026,,N
2026,2441,2026-04-06 00:00:00,GMADA,1110104000,5,527,R,2441,131,1,1184,1,1244,,,,112960.0,D,S,2026-04-06 00:00:00,,,1,utiles,2026-04-06 00:00:00,N,PO,2026-04-06 00:00:00,N,2026,,N
2026,2442,2026-04-06 00:00:00,GMADA,1110111000,3,163,R,2442,131,1,1186,1,1252,,,,7783030.0,D,S,2026-04-06 00:00:00,,,1,rep,2026-04-06 00:00:00,N,CAS,2026-04-06 00:00:00,N,2026,,N
2026,2443,2026-04-06 00:00:00,GMADA,1110104000,5,2869,R,2443,131,1,1188,1,1230,,,,1379038.0,D,S,2026-04-06 00:00:00,,,1,carne,2026-04-06 00:00:00,N,COC,2026-04-06 00:00:00,N,2026,,N
2026,2444,2026-04-06 00:00:00,GMADA,1110105000,6,2746,R,2444,110,1,1190,1,1250,,,,693940.0,D,S,2026-04-06 00:00:00,,,1,prod  de madera y ots,2026-04-06 00:00:00,N,CULTUR,2026-04-06 00:00:00,N,2026,,N
2026,2445,2026-04-06 00:00:00,GMADA,1110104000,5,50008,R,2445,110,,,,,,,,3086387.29,D,S,2026-04-06 00:00:00,,,1,Generado Automáticamente - Periodo 3/2026 - Tipo/Grupo 12/24,2026-04-06 00:00:00,N,HOSP,,,,,
2026,2446,2026-04-06 00:00:00,GMADA,1110104000,5,50051,R,2446,110,,,,,,,,352020.0,D,S,2026-04-06 00:00:00,,,1,Generado Automáticamente - Periodo 3/2026 - Tipo/Grupo 12/24,2026-04-06 00:00:00,N,HOSP,,,,,
2026,2447,2026-04-06 00:00:00,GMADA,1110104000,5,50052,R,2447,110,,,,,,,,140808.0,D,S,2026-04-06 00:00:00,,,1,Generado Automáticamente - Periodo 3/2026 - Tipo/Grupo 12/24,2026-04-06 00:00:00,N,HOSP,,,,,
2026,2448,2026-04-06 00:00:00,GMADA,1110109000,13,50008,R,2448,110,,,,,,,,272486.67,D,S,2026-04-06 00:00:00,,,1,Generado Automáticamente - Periodo 3/2026 - Tipo/Grupo 12/24,2026-04-06 00:00:00,N,DEPORT,,,,,
2026,2449,2026-04-06 00:00:00,GMADA,1110109000,13,50051,R,2449,110,,,,,,,,32486.4,D,S,2026-04-06 00:00:00,,,1,Generado Automáticamente - Periodo 3/2026 - Tipo/Grupo 12/24,2026-04-06 00:00:00,N,DEPORT,,,,,
2026,2450,2026-04-06 00:00:00,GMADA,1110109000,13,50052,R,2450,110,,,,,,,,12994.56,D,S,2026-04-06 00:00:00,,,1,Generado Automáticamente - Periodo 3/2026 - Tipo/Grupo 12/24,2026-04-06 00:00:00,N,DEPORT,,,,,
2026,2451,2026-04-06 00:00:00,GMADA,1110109000,13,50008,R,2451,132,,,,,,,,608554.67,D,S,2026-04-06 00:00:00,,,1,Generado Automáticamente - Periodo 3/2026 - Tipo/Grupo 12/24,2026-04-06 00:00:00,N,DEPORT,,,,,
2026,2452,2026-04-06 00:00:00,GMADA,1110109000,13,50051,R,2452,132,,,,,,,,56851.2,D,S,2026-04-06 00:00:00,,,1,Generado Automáticamente - Periodo 3/2026 - Tipo/Grupo 12/24,2026-04-06 00:00:00,N,DEPORT,,,,,
2026,2453,2026-04-06 00:00:00,GMADA,1110109000,13,50052,R,2453,132,,,,,,,,22740.48,D,S,2026-04-06 00:00:00,,,1,Generado Automáticamente - Periodo 3/2026 - Tipo/Grupo 12/24,2026-04-06 00:00:00,N,DEPORT,,,,,
2026,2454,2026-04-06 00:00:00,GMADA,1110112000,19,50008,R,2454,110,,,,,,,,233152.44,D,S,2026-04-06 00:00:00,,,1,Generado Automáticamente - Periodo 3/2026 - Tipo/Grupo 12/24,2026-04-06 00:00:00,N,SECHAC,,,,,
2026,2455,2026-04-06 00:00:00,GMADA,1110113000,20,50008,R,2455,110,,,,,,,,83866.21,D,S,2026-04-06 00:00:00,,,1,Generado Automáticamente - Periodo 3/2026 - Tipo/Grupo 12/24,2026-04-06 00:00:00,N,SECSEG,,,,,
2026,2456,2026-04-06 00:00:00,GMADA,1110115000,22,50008,R,2456,110,,,,,,,,552220.08,D,S,2026-04-06 00:00:00,,,1,Generado Automáticamente - Periodo 3/2026 - Tipo/Grupo 12/24,2026-04-06 00:00:00,N,SECGRA,,,,,
2026,2457,2026-04-06 00:00:00,GMADA,1110115000,22,50051,R,2457,110,,,,,,,,52246.68,D,S,2026-04-06 00:00:00,,,1,Generado Automáticamente - Periodo 3/2026 - Tipo/Grupo 12/24,2026-04-06 00:00:00,N,SECGRA,,,,,
2026,2458,2026-04-06 00:00:00,GMADA,1110115000,22,50052,R,2458,110,,,,,,,,20898.67,D,S,2026-04-06 00:00:00,,,1,Generado Automáticamente - Periodo 3/2026 - Tipo/Grupo 12/24,2026-04-06 00:00:00,N,SECGRA,,,,,
2026,2459,2026-04-06 00:00:00,GMADA,1110106000,7,3514,A,1725,131,1,847,1,891,,,,-4204784.0,N,S,2026-03-05 00:00:00,2026-04-06 00:00:00,ERROR,2,honorarios,2026-04-06 00:00:00,N,ACCSOC,2026-03-05 00:00:00,N,2026,,N
2026,2465,2026-04-07 00:00:00,GMADA,1110104000,5,2330,D,2371,131,1,1155,1,1223,,,,-1680441.0,D,S,2026-04-07 00:00:00,,,1,Registro generado por Compras,2026-04-07 00:00:00,N,HOSP,2026-03-31 00:00:00,N,,,N
2026,2460,2026-04-06 00:00:00,GMADA,1110106000,7,3514,R,2460,131,1,847,1,891,,,,4204784.0,D,S,2026-04-06 00:00:00,,,1,honorarios,2026-04-06 00:00:00,N,ACCSOC,2026-04-06 00:00:00,N,2026,,N
2026,2470,2026-04-07 00:00:00,GMADA,1110102000,2,2330,D,1892,110,1,943,1,1009,,,,-1000000.0,D,S,2026-04-07 00:00:00,,,1,Registro generado por Compras,2026-04-07 00:00:00,N,GOB,2026-03-11 00:00:00,N,,,N
2026,2466,2026-04-07 00:00:00,GMADA,1110104000,5,2330,D,2371,131,1,1155,1,1223,,,,-1760000.0,D,S,2026-04-07 00:00:00,,,1,Registro generado por Compras,2026-04-07 00:00:00,N,HOSP,2026-03-31 00:00:00,N,,,N
2026,2467,2026-04-07 00:00:00,GMADA,1110104000,5,2330,D,2371,131,1,1155,1,1223,,,,-1518780.3,D,S,2026-04-07 00:00:00,,,1,Registro generado por Compras,2026-04-07 00:00:00,N,HOSP,2026-03-31 00:00:00,N,,,N
2026,2468,2026-04-07 00:00:00,GMADA,1110104000,5,2330,D,2371,131,1,1155,1,1223,,,,-1733310.0,D,S,2026-04-07 00:00:00,,,1,Registro generado por Compras,2026-04-07 00:00:00,N,HOSP,2026-03-31 00:00:00,N,,,N
2026,2471,2026-04-07 00:00:00,GMADA,1110102000,2,2330,D,1892,110,1,943,1,1009,,,,-600120.0,D,S,2026-04-07 00:00:00,,,1,Registro generado por Compras,2026-04-07 00:00:00,N,GOB,2026-03-11 00:00:00,N,,,N
2026,2472,2026-04-07 00:00:00,GMADA,1110102000,2,2330,D,1892,110,1,943,1,1009,,,,-1000000.0,D,S,2026-04-07 00:00:00,,,1,Registro generado por Compras,2026-04-07 00:00:00,N,GOB,2026-03-11 00:00:00,N,,,N
2026,2475,2026-04-07 00:00:00,GMADA,1110102000,2,2330,D,1892,110,1,943,1,1009,,,,-935740.0,D,S,2026-04-07 00:00:00,,,1,Registro generado por Compras,2026-04-07 00:00:00,N,GOB,2026-03-11 00:00:00,N,,,N
2026,2473,2026-04-07 00:00:00,GMADA,1110102000,2,2330,D,1892,110,1,943,1,1009,,,,-300000.0,D,S,2026-04-07 00:00:00,,,1,Registro generado por Compras,2026-04-07 00:00:00,N,GOB,2026-03-11 00:00:00,N,,,N
2026,2548,2026-04-10 00:00:00,GMADA,1110102000,2,50925,R,2548,132,,,,,,,,75137.26,D,S,2026-04-10 00:00:00,,,2,CUOTA 2,2026-04-10 00:00:00,N,CASADE,,N,2026,,N
2026,2476,2026-04-07 00:00:00,GMADA,1110102000,2,2330,D,1892,110,1,943,1,1009,,,,-450000.0,D,S,2026-04-07 00:00:00,,,1,Registro generado por Compras,2026-04-07 00:00:00,N,GOB,2026-03-11 00:00:00,N,,,N
2026,2549,2026-04-10 00:00:00,GMADA,1110102000,2,1547,R,2549,110,1,1265,1,1351,,,,720000.0,D,S,2026-04-10 00:00:00,,,1,limp de calefactores,2026-04-10 00:00:00,N,GOB,2026-04-10 00:00:00,N,2026,,N
2026,2550,2026-04-10 00:00:00,GMADA,1110104000,5,395,R,2550,131,1,1259,1,1324,,,,62790.0,D,S,2026-04-10 00:00:00,,,1,estudios,2026-04-10 00:00:00,N,LAB,2026-04-10 00:00:00,N,2026,,N
2026,2551,2026-04-10 00:00:00,GMADA,1110106000,7,50031,R,2551,110,,,,,,,,25000.0,D,S,2026-04-10 00:00:00,,,2,subsidio Laura Caceres,2026-04-10 00:00:00,N,ACCSOC,,N,2026,,N
2026,2552,2026-04-10 00:00:00,GMADA,1110118000,25,1001,R,2552,132,1,1292,1,1075,,,,35600000.0,D,S,2026-04-10 00:00:00,,,2,vehiculo,2026-04-10 00:00:00,N,00003,2026-04-10 00:00:00,N,2026,,N
2026,2553,2026-04-10 00:00:00,GMADA,1110117000,24,50072,R,2553,110,,,,,EXPED,657,2026,80490.9,D,S,2026-04-10 00:00:00,,,2,gastos La sabinita / Munic,2026-04-10 00:00:00,N,000002,,N,2026,,N
2026,2554,2026-04-10 00:00:00,GMADA,1110103000,3,1066,R,2554,110,1,1275,1,1354,,,,7954200.0,D,S,2026-04-10 00:00:00,,,1,piedra,2026-04-10 00:00:00,N,OPP,2026-04-10 00:00:00,N,2026,,N
2026,2555,2026-04-10 00:00:00,GMADA,1110104000,5,1440,R,2555,131,1,1260,1,1328,,,,4734220.0,D,S,2026-04-10 00:00:00,,,1,utiles,2026-04-10 00:00:00,N,HOSP,2026-04-10 00:00:00,N,2026,,N
2026,2556,2026-04-10 00:00:00,GMADA,1110113000,20,3568,R,2556,110,1,1262,1,1330,,,,5082000.0,D,S,2026-04-10 00:00:00,,,1,motor,2026-04-10 00:00:00,N,SECSEG,2026-04-10 00:00:00,N,2026,,N
2026,2557,2026-04-10 00:00:00,GMADA,1110113000,20,3568,R,2557,110,1,1263,1,1329,,,,3630000.0,D,S,2026-04-10 00:00:00,,,1,motor,2026-04-10 00:00:00,N,SECSEG,,N,2026,,N
2026,2558,2026-04-10 00:00:00,GMADA,1110109000,13,1809,R,2558,110,1,1264,1,1327,,,,335559.97,D,S,2026-04-10 00:00:00,,,1,seguro,2026-04-10 00:00:00,N,DEP,2026-04-10 00:00:00,N,2026,,N
2026,2559,2026-04-10 00:00:00,GMADA,1110111000,3,2869,R,2559,131,1,1268,1,1333,,,,2079000.0,D,S,2026-04-10 00:00:00,,,1,carne,2026-04-10 00:00:00,N,CAS,2026-04-10 00:00:00,N,2026,,N
2026,2560,2026-04-10 00:00:00,GMADA,1110113000,20,2410,R,2560,110,1,1269,1,1334,,,,760000.0,D,S,2026-04-10 00:00:00,,,1,otros serv,2026-04-10 00:00:00,N,SECSEG,2026-04-10 00:00:00,N,2026,,N
2026,2561,2026-04-10 00:00:00,GMADA,1110113000,20,1527,R,2561,110,1,1271,1,1335,,,,171000.0,D,S,2026-04-10 00:00:00,,,1,parche,2026-04-10 00:00:00,N,SECSEG,2026-04-10 00:00:00,N,2026,,N
2026,2562,2026-04-10 00:00:00,GMADA,1110113000,20,2410,R,2562,110,1,1273,1,1336,,,,410000.0,N,S,2026-04-10 00:00:00,,,1,otros serv,2026-04-10 00:00:00,N,SECSEG,2026-04-10 00:00:00,N,2026,,N
2026,2563,2026-04-10 00:00:00,GMADA,1110113000,20,68,R,2563,110,1,1276,1,1337,,,,645000.0,D,S,2026-04-10 00:00:00,,,1,desagote,2026-04-10 00:00:00,N,SECSEG,2026-04-10 00:00:00,N,2026,,N
2026,2564,2026-04-10 00:00:00,GMADA,1110118000,25,17,R,2564,110,1,1277,1,1338,,,,104500.0,D,S,2026-04-10 00:00:00,,,1,rep,2026-04-10 00:00:00,N,000SU,2026-04-10 00:00:00,N,2026,,N
2026,2565,2026-04-10 00:00:00,GMADA,1110118000,25,2410,R,2565,110,1,1278,1,1339,,,,120000.0,D,S,2026-04-10 00:00:00,,,1,rep,2026-04-10 00:00:00,N,000SU,2026-04-10 00:00:00,N,2026,,N
2026,2566,2026-04-10 00:00:00,GMADA,1110118000,25,17,R,2566,110,1,1282,1,1340,,,,702600.0,D,S,2026-04-10 00:00:00,,,1,rep,2026-04-10 00:00:00,N,DECI,2026-04-10 00:00:00,N,2026,,N
2026,2567,2026-04-10 00:00:00,GMADA,1110104000,5,850,R,2567,131,1,1281,1,1346,,,,3763857.02,D,S,2026-04-10 00:00:00,,,1,prod farm,2026-04-10 00:00:00,N,LAB,,N,2026,,N
2026,2568,2026-04-10 00:00:00,GMADA,1110104000,5,141,R,2568,131,1,1283,1,1347,,,,307123.0,D,S,2026-04-10 00:00:00,,,1,"rollo, prod vs",2026-04-10 00:00:00,N,SASM,2026-04-10 00:00:00,N,2026,,N
2026,2569,2026-04-10 00:00:00,GMADA,1110104000,5,1078,R,2569,131,1,1284,1,1348,,,,200000.0,N,S,2026-04-10 00:00:00,,,2,trabajos de electricidad,2026-04-10 00:00:00,N,HOSP,2026-04-10 00:00:00,N,2026,,N
2026,3160,2026-05-04 00:00:00,GMADA,1110106000,7,2330,A,1105,110,1,609,1,651,,,,-1241836.12,N,S,2026-02-11 00:00:00,2026-05-04 00:00:00,ERROR,1,comb,2026-05-04 00:00:00,N,ACCSOC,2026-02-11 00:00:00,N,2026,,N
2026,2570,2026-04-10 00:00:00,GMADA,1110104000,5,300,R,2570,131,1,1285,1,1349,,,,95495.0,D,S,2026-04-10 00:00:00,,,1,rep,2026-04-10 00:00:00,N,CONEX,2026-04-10 00:00:00,N,2026,,N
2026,2571,2026-04-10 00:00:00,GMADA,1110104000,5,3322,R,2571,131,1,1286,1,1350,,,,71215.76,A,S,2026-04-10 00:00:00,2026-04-24 00:00:00,ERROR,1,jabon,2026-04-10 00:00:00,N,QUI,2026-04-10 00:00:00,N,2026,,N
2026,2572,2026-04-10 00:00:00,GMADA,1110104000,5,3322,R,2572,131,1,1287,1,1352,,,,186997.38,D,S,2026-04-10 00:00:00,,,1,elementos,2026-04-10 00:00:00,N,LAB,,N,2026,,N
2026,2573,2026-04-10 00:00:00,GMADA,1110104000,5,300,R,2573,131,1,1288,1,1353,,,,218131.0,D,S,2026-04-10 00:00:00,,,1,combustibles,2026-04-10 00:00:00,N,INTER,2026-04-10 00:00:00,N,2026,,N
2026,2574,2026-04-10 00:00:00,GMADA,1110109000,13,3287,R,2574,110,1,1289,1,1356,,,,92000.0,D,S,2026-04-10 00:00:00,,,1,serv de imp,2026-04-10 00:00:00,N,DEP,2026-04-10 00:00:00,N,2026,,N
2026,3127,2026-05-04 00:00:00,GMADA,1110102000,2,50087,R,3127,110,,,,,,,,4647846.26,D,S,2026-05-04 00:00:00,,,3,cuota,2026-05-04 00:00:00,N,ADFIN,,N,2026,,N
2026,3142,2026-05-04 00:00:00,GMADA,1110106000,7,50031,R,3142,110,,,,,,,,30000.0,D,S,2026-05-04 00:00:00,,,2,subs perez carolina,2026-05-04 00:00:00,N,ACCSOC,,N,2026,,N
2026,3196,2026-05-06 00:00:00,GMADA,1110106000,7,3287,A,3187,132,1,1611,1,1673,,,,-28000.0,N,S,2026-05-05 00:00:00,2026-05-06 00:00:00,ERROR,1,Servicio de impresion,2026-05-06 00:00:00,N,ENV,2026-05-05 00:00:00,N,2026,,N
2026,3161,2026-05-04 00:00:00,GMADA,1110102000,2,51014,R,3161,110,,,,,,,,554318.42,D,S,2026-05-04 00:00:00,,,2,FACT 0004-00119116,2026-05-04 00:00:00,N,ADFIN,,N,2026,,N
2026,3162,2026-05-04 00:00:00,GMADA,1110106000,7,2330,R,3162,110,1,1605,1,651,,,,2470000.0,D,S,2026-05-04 00:00:00,,,1,COMBUST,2026-05-04 00:00:00,N,ACCSOC,2026-05-04 00:00:00,N,2026,,N
2026,3163,2026-05-04 00:00:00,GMADA,1110111000,3,2403,R,3163,131,1,1568,1,1602,,,,300000.0,D,S,2026-05-04 00:00:00,,,1,CHAPA Y PINTURA,2026-05-04 00:00:00,N,CAS,2026-05-04 00:00:00,N,2026,,N
2026,3164,2026-05-04 00:00:00,GMADA,1110106000,7,2843,R,3164,132,1,1578,1,1655,,,,1627500.0,D,S,2026-05-04 00:00:00,,,1,VERDURAS,2026-05-04 00:00:00,N,ACCSOC,,N,2026,,N
2026,3165,2026-05-04 00:00:00,GMADA,1110118000,25,131,R,3165,110,1,1574,1,1664,,,,795000.0,D,S,2026-05-04 00:00:00,,,1,REP,2026-05-04 00:00:00,N,000SU,2026-05-04 00:00:00,N,2026,,N
2026,3166,2026-05-04 00:00:00,GMADA,1110111000,3,2784,R,3166,131,1,1600,1,1668,,,,69910.52,D,S,2026-05-04 00:00:00,,,1,REP,2026-05-04 00:00:00,N,CAS,2026-05-04 00:00:00,N,2026,,N
2026,3167,2026-05-04 00:00:00,GMADA,1110104000,11,160,R,3167,110,1,1598,1,1637,,,,33297.0,D,S,2026-05-04 00:00:00,,,1,ANESTESICO,2026-05-04 00:00:00,N,BROM,,N,2026,,N
2026,3197,2026-05-06 00:00:00,GMADA,1110106000,7,3516,A,3179,132,1,1604,1,1677,,,,-750000.0,N,S,2026-05-05 00:00:00,2026-05-06 00:00:00,ERROR,1,Servicios profesionales,2026-05-06 00:00:00,N,ENV,2026-05-05 00:00:00,N,2026,,N
2026,3198,2026-05-06 00:00:00,GMADA,1110106000,7,3287,R,3198,132,1,1611,1,1673,,,,28000.0,D,S,2026-05-06 00:00:00,,,1,Serv. impresion,2026-05-06 00:00:00,N,ENV,2026-05-06 00:00:00,N,2026,,N
2026,3199,2026-05-06 00:00:00,GMADA,1110106000,7,3516,R,3199,132,1,1604,1,1677,EXPED,709,2026,750000.0,D,S,2026-05-06 00:00:00,,,1,Serv. tecnico y profesional,2026-05-06 00:00:00,N,ENV,2026-05-06 00:00:00,N,2026,,N
2026,3201,2026-05-06 00:00:00,GMADA,1110111000,3,1514,R,3201,131,1,1635,1,1706,,,,1050000.0,D,S,2026-05-06 00:00:00,,,1,Lubricantes,2026-05-06 00:00:00,N,CAS,2026-05-06 00:00:00,N,2026,,N
2026,3202,2026-05-06 00:00:00,GMADA,1110102000,2,3245,R,3202,110,1,1636,1,1705,,,,96800.0,D,S,2026-05-06 00:00:00,,,1,Reparacion neumaticos,2026-05-06 00:00:00,N,DELRU,2026-05-06 00:00:00,N,2026,,N
2026,3203,2026-05-06 00:00:00,GMADA,1110118000,25,313,R,3203,110,1,1637,1,1694,,,,8000000.0,D,S,2026-05-06 00:00:00,,,1,Combustible,2026-05-06 00:00:00,N,000SU,2026-05-06 00:00:00,N,2026,,N
2026,3204,2026-05-06 00:00:00,GMADA,1110109000,13,160,R,3204,110,1,1638,1,1688,,,,13000.0,N,S,2026-05-06 00:00:00,,,1,Insumos veterinaria,2026-05-06 00:00:00,N,DEP,2026-05-06 00:00:00,N,2026,,N
2026,3205,2026-05-06 00:00:00,GMADA,1110109000,13,688,R,3205,110,1,1639,1,1689,,,,40000.0,D,S,2026-05-06 00:00:00,,,1,Lubricantes,2026-05-06 00:00:00,N,DEP,2026-05-06 00:00:00,N,2026,,N
2026,3206,2026-05-06 00:00:00,GMADA,1110112000,19,441,R,3206,110,1,1640,1,1690,,,,25000.1,N,S,2026-05-06 00:00:00,,,1,Insumos papelera,2026-05-06 00:00:00,N,CONTRA,2026-05-06 00:00:00,N,2026,,N
2026,3207,2026-05-06 00:00:00,GMADA,1110106000,7,19,R,3207,110,1,1641,1,1691,,,,11950.0,D,S,2026-05-06 00:00:00,,,1,Art ferreteria,2026-05-06 00:00:00,N,ACCSOC,2026-05-06 00:00:00,N,2026,,N
2026,3208,2026-05-06 00:00:00,GMADA,1110118000,25,2521,R,3208,110,1,1642,1,1693,,,,952342.64,N,S,2026-05-06 00:00:00,,,1,Repuesto motoniveladora,2026-05-06 00:00:00,N,000SU,2026-05-06 00:00:00,N,2026,,N
2026,3209,2026-05-06 00:00:00,GMADA,1110118000,25,803,R,3209,110,1,1634,1,1686,,,,379264.61,D,S,2026-05-06 00:00:00,,,1,Repuestos vehiculos,2026-05-06 00:00:00,N,000SU,2026-05-06 00:00:00,N,2026,,N
2026,3210,2026-05-06 00:00:00,GMADA,1110113000,20,688,R,3210,110,1,1633,1,1685,,,,1300000.0,D,S,2026-05-06 00:00:00,,,1,Lubricantes,2026-05-06 00:00:00,N,SECSEG,2026-05-06 00:00:00,N,2026,,N
2026,3211,2026-05-06 00:00:00,GMADA,1110118000,25,436,R,3211,110,1,1632,1,1687,,,,1150000.0,D,S,2026-05-06 00:00:00,,,1,Reparacion neumaticos,2026-05-06 00:00:00,N,000SU,2026-05-06 00:00:00,N,2026,,N
2026,3212,2026-05-06 00:00:00,GMADA,1110113000,20,1259,R,3212,110,1,1631,1,1684,,,,141612.8,D,S,2026-05-06 00:00:00,,,1,Art electricidad,2026-05-06 00:00:00,N,SECSEG,2026-05-06 00:00:00,N,2026,,N
2026,3213,2026-05-06 00:00:00,GMADA,1110113000,20,1259,R,3213,110,1,1630,1,1683,,,,63756.0,D,S,2026-05-06 00:00:00,,,1,Art electricidad,2026-05-06 00:00:00,N,SECSEG,2026-05-06 00:00:00,N,2026,,N
2026,3214,2026-05-06 00:00:00,GMADA,1110118000,25,2369,R,3214,110,1,1629,1,1696,,,,4841830.69,D,S,2026-05-06 00:00:00,,,1,Repuestos vehiculos,2026-05-06 00:00:00,N,000SU,2026-05-06 00:00:00,N,2026,,N
2026,3215,2026-05-06 00:00:00,GMADA,1110118000,25,33,R,3215,110,1,1628,1,1697,,,,1400000.0,N,S,2026-05-06 00:00:00,,,1,Seguro automotor,2026-05-06 00:00:00,N,000SU,2026-05-06 00:00:00,N,2026,,N
2026,3218,2026-05-06 00:00:00,GMADA,1110106000,7,1206,R,3218,110,1,1621,1,1692,,,,635000.0,D,S,2026-05-06 00:00:00,,,1,Art informatica,2026-05-06 00:00:00,N,DDS,2026-05-06 00:00:00,N,2026,,N
2026,3219,2026-05-06 00:00:00,GMADA,1110118000,25,3075,R,3219,110,1,1622,1,1695,,,,19904.92,D,S,2026-05-06 00:00:00,,,1,Art limpieza,2026-05-06 00:00:00,N,000SU,2026-05-06 00:00:00,N,2026,,N
2026,3221,2026-05-06 00:00:00,GMADA,1110111000,3,3075,R,3221,131,1,1623,1,1678,,,,157905.0,D,S,2026-05-06 00:00:00,,,1,Art limpieza,2026-05-06 00:00:00,N,CAS,2026-05-06 00:00:00,N,2026,,N
2026,3222,2026-05-06 00:00:00,GMADA,1110109000,13,2281,R,3222,110,1,1624,1,1679,,,,298000.0,D,S,2026-05-06 00:00:00,,,1,Lubricante y filtro,2026-05-06 00:00:00,N,DEP,2026-05-06 00:00:00,N,2026,,N
2026,3223,2026-05-06 00:00:00,GMADA,1110104000,5,612,R,3223,131,1,1625,1,1680,,,,52000.0,D,S,2026-05-06 00:00:00,,,1,Insumos informatica,2026-05-06 00:00:00,N,NEUROL,2026-05-06 00:00:00,N,2026,,N
2026,3225,2026-05-06 00:00:00,GMADA,1110104000,5,57,R,3225,131,1,1626,1,1681,,,,76000.0,D,S,2026-05-06 00:00:00,,,1,Serv. impresion,2026-05-06 00:00:00,N,HOSP,2026-05-06 00:00:00,N,2026,,N
2026,3226,2026-05-06 00:00:00,GMADA,1110113000,20,1259,R,3226,110,1,1627,1,1682,,,,460443.12,D,S,2026-05-06 00:00:00,,,1,Art. electricidad,2026-05-06 00:00:00,N,SECSEG,2026-05-06 00:00:00,N,2026,,N
2026,3315,2026-05-11 00:00:00,GMADA,1110103000,3,86,R,3315,131,1,1686,1,1749,EXPED,1040,2026,7020000.0,A,S,2026-05-11 00:00:00,2026-05-12 00:00:00,ERROR,1,puertas,2026-05-11 00:00:00,N,OPP,2026-05-11 00:00:00,N,2026,,N
2026,3316,2026-05-11 00:00:00,GMADA,1110103000,3,1259,R,3316,132,1,1687,1,1750,,,,189365.59,A,S,2026-05-11 00:00:00,2026-05-12 00:00:00,ERROR,1,arts de elect,2026-05-11 00:00:00,N,OPP,2026-05-11 00:00:00,N,2026,,N
2026,3317,2026-05-11 00:00:00,GMADA,1110104000,5,2883,R,3317,131,1,1710,1,1785,,,,949661.53,D,S,2026-05-11 00:00:00,,,1,insumos hosps,2026-05-11 00:00:00,N,HOSP,2026-05-11 00:00:00,N,2026,,N
2026,3318,2026-05-11 00:00:00,GMADA,1110101000,1,3573,R,3318,110,1,1713,1,1780,,,,430000.0,N,S,2026-05-11 00:00:00,,,1,mano de obra,2026-05-11 00:00:00,N,INT,2026-05-11 00:00:00,N,2026,,N
2026,3319,2026-05-11 00:00:00,GMADA,1110104000,5,300,R,3319,131,1,1728,1,1788,,,,87470.0,N,S,2026-05-11 00:00:00,,,1,arts de ferret,2026-05-11 00:00:00,N,HOSP,2026-05-11 00:00:00,N,2026,,N
2026,3320,2026-05-11 00:00:00,GMADA,1110104000,5,171,R,3320,131,1,1729,1,1789,,,,42900.0,D,S,2026-05-11 00:00:00,,,1,arts de elect,2026-05-11 00:00:00,N,HOSP,2026-05-11 00:00:00,N,2026,,N
2026,3321,2026-05-11 00:00:00,GMADA,1110104000,5,171,R,3321,131,1,1730,1,1790,,,,113800.0,D,S,2026-05-11 00:00:00,,,1,arts de elect,2026-05-11 00:00:00,N,LAV,2026-05-11 00:00:00,N,2026,,N
2026,3322,2026-05-11 00:00:00,GMADA,1110104000,5,879,R,3322,131,1,1731,1,1791,,,,255910.0,D,S,2026-05-11 00:00:00,,,1,arts de corralón,2026-05-11 00:00:00,N,HOGANC,2026-05-11 00:00:00,N,2026,,N
2026,3143,2026-05-04 00:00:00,GMADA,1110108000,14,2330,D,2536,110,1,1213,1,1313,,,,-889810.0,D,S,2026-05-08 00:00:00,,,1,Registro generado por Compras,2026-05-04 00:00:00,N,PROD,2026-04-08 00:00:00,N,,,N
2026,2916,2026-04-27 00:00:00,GMADA,1110102000,2,3037,R,2916,110,1,1490,1,1560,,,,150000.0,D,S,2026-04-27 00:00:00,,,1,Limpieza pozo agua servida.,2026-04-27 00:00:00,N,DELRU,2026-04-27 00:00:00,N,2026,,N
2026,3147,2026-05-04 00:00:00,GMADA,1110104000,5,2330,D,1873,131,1,974,1,1029,,,,-1540397.0,D,S,2026-05-08 00:00:00,,,1,Registro generado por Compras,2026-05-04 00:00:00,N,HOSP,2026-03-11 00:00:00,N,,,N
2026,3144,2026-05-04 00:00:00,GMADA,1110108000,14,2330,D,2536,110,1,1213,1,1313,,,,-1412040.0,D,S,2026-05-08 00:00:00,,,1,Registro generado por Compras,2026-05-04 00:00:00,N,PROD,2026-04-08 00:00:00,N,,,N
2026,3145,2026-05-04 00:00:00,GMADA,1110108000,14,2330,D,2536,110,1,1213,1,1313,,,,-45900.0,D,S,2026-05-08 00:00:00,,,1,Registro generado por Compras,2026-05-04 00:00:00,N,PROD,2026-04-08 00:00:00,N,,,N
2026,3151,2026-05-04 00:00:00,GMADA,1110109000,13,2330,D,2703,110,1,1352,1,1451,,,,-41004.0,D,S,2026-05-05 00:00:00,,,1,Registro generado por Compras,2026-05-04 00:00:00,N,DEP,2026-04-16 00:00:00,N,,,N
2026,3146,2026-05-04 00:00:00,GMADA,1110108000,14,2330,D,2536,110,1,1213,1,1313,,,,-50000.0,D,S,2026-05-08 00:00:00,,,1,Registro generado por Compras,2026-05-04 00:00:00,N,PROD,2026-04-08 00:00:00,N,,,N
2026,3148,2026-05-04 00:00:00,GMADA,1110104000,5,2330,D,1873,131,1,974,1,1029,,,,-1440000.0,D,S,2026-05-08 00:00:00,,,1,Registro generado por Compras,2026-05-04 00:00:00,N,HOSP,2026-03-11 00:00:00,N,,,N
2026,3149,2026-05-04 00:00:00,GMADA,1110104000,5,2330,D,1873,131,1,974,1,1029,,,,-1440000.0,D,S,2026-05-08 00:00:00,,,1,Registro generado por Compras,2026-05-04 00:00:00,N,HOSP,2026-03-11 00:00:00,N,,,N
2026,3153,2026-05-04 00:00:00,GMADA,1110109000,13,2330,D,2868,110,1,1470,1,1532,,,,-105910.57,N,S,2026-05-05 00:00:00,,,1,Registro generado por Compras,2026-05-04 00:00:00,N,DEP,2026-04-23 00:00:00,N,,,N
2026,3150,2026-05-04 00:00:00,GMADA,1110104000,5,2330,D,1873,131,1,974,1,1029,,,,-1600000.0,D,S,2026-05-08 00:00:00,,,1,Registro generado por Compras,2026-05-04 00:00:00,N,HOSP,2026-03-11 00:00:00,N,,,N
2026,3152,2026-05-04 00:00:00,GMADA,1110109000,13,2330,D,2703,110,1,1352,1,1451,,,,-110000.0,D,S,2026-05-05 00:00:00,,,1,Registro generado por Compras,2026-05-04 00:00:00,N,DEP,2026-04-16 00:00:00,N,,,N
2026,3155,2026-05-04 00:00:00,GMADA,1110106000,7,2330,D,1105,110,1,609,1,651,,,,-682463.88,A,S,2026-05-04 00:00:00,2026-05-04 00:00:00,ERROR,1,Registro generado por Compras,2026-05-04 00:00:00,N,ACCSOC,2026-02-11 00:00:00,N,,,N
2026,3154,2026-05-04 00:00:00,GMADA,1110109000,13,2330,D,2868,110,1,1470,1,1532,,,,-90.2,N,S,2026-05-05 00:00:00,,,1,Registro generado por Compras,2026-05-04 00:00:00,N,DEP,2026-04-23 00:00:00,N,,,N
2026,3156,2026-05-04 00:00:00,GMADA,1110106000,7,2330,D,1105,110,1,609,1,651,,,,-78000.0,A,S,2026-05-04 00:00:00,2026-05-04 00:00:00,ERROR,1,Registro generado por Compras,2026-05-04 00:00:00,N,ACCSOC,2026-02-11 00:00:00,N,,,N
2026,3157,2026-05-04 00:00:00,GMADA,1110106000,7,2330,D,1105,110,1,609,1,651,,,,-66813.0,A,S,2026-05-04 00:00:00,2026-05-04 00:00:00,ERROR,1,Registro generado por Compras,2026-05-04 00:00:00,N,ACCSOC,2026-02-11 00:00:00,N,,,N
2026,3159,2026-05-04 00:00:00,GMADA,1110106000,7,2330,D,1105,110,1,609,1,651,,,,-267258.0,A,S,2026-05-04 00:00:00,2026-05-04 00:00:00,ERROR,1,Registro generado por Compras,2026-05-04 00:00:00,N,ACCSOC,2026-02-11 00:00:00,N,,,N
2026,3158,2026-05-04 00:00:00,GMADA,1110106000,7,2330,D,1105,110,1,609,1,651,,,,-133629.0,A,S,2026-05-04 00:00:00,2026-05-04 00:00:00,ERROR,1,Registro generado por Compras,2026-05-04 00:00:00,N,ACCSOC,2026-02-11 00:00:00,N,,,N
2026,140,2026-01-13 00:00:00,GMADA,1110102000,2,50087,A,61,110,,,,,,,,-92253.54,N,S,2026-01-07 00:00:00,2026-01-13 00:00:00,ERROR,2,comisiones,2026-01-13 00:00:00,N,ADFIN,,N,2026,,N
2026,138,2026-01-13 00:00:00,GMADA,1110102000,2,50023,R,138,132,,,,,,,,60839.69,D,S,2026-01-13 00:00:00,,,2,periodo 6/25,2026-01-13 00:00:00,N,CATAN,,N,2026,,N
2026,141,2026-01-13 00:00:00,GMADA,1110102000,2,50087,R,141,110,,,,,,,,75207.76,D,S,2026-01-13 00:00:00,,,2,comisiones,2026-01-13 00:00:00,N,ADFIN,,N,2026,,N
2026,26,2026-01-06 00:00:00,GMADA,1110108000,14,1235,A,7,110,1,14,1,2,,,,-1660000.0,N,S,2026-01-05 00:00:00,2026-01-06 00:00:00,ERPROV,2,comestibles,2026-01-06 00:00:00,N,PROD,2026-01-05 00:00:00,N,2026,,N
2026,240,2026-01-14 00:00:00,GMADA,1110104000,5,2490,A,238,131,,,,,,,,-739000.0,N,S,2026-01-14 00:00:00,2026-01-14 00:00:00,ERROR,2,Reg.Comp. 7886/2025 agua,2026-01-14 00:00:00,N,HOSP,,N,,,N
2026,236,2026-01-14 00:00:00,GMADA,1110111000,3,5,R,236,131,,,,,,,,1750.0,D,S,2026-01-14 00:00:00,,,1,Reg.Comp. 229/2025 alimentos,2026-01-14 00:00:00,N,CAS,2026-01-14 00:00:00,N,,,N
2026,237,2026-01-14 00:00:00,GMADA,1110111000,3,2804,R,237,131,,,,,,,,32169.0,D,S,2026-01-14 00:00:00,,,1,Reg.Comp. 206/2025 frutas y verds,2026-01-14 00:00:00,N,CAS,2026-01-14 00:00:00,N,,,N
2026,238,2026-01-14 00:00:00,GMADA,1110104000,5,2490,R,238,131,,,,,,,,739000.0,A,S,2026-01-14 00:00:00,2026-01-14 00:00:00,ERROR,2,Reg.Comp. 7886/2025 agua,2026-01-14 00:00:00,N,HOSP,,N,,,N
2026,239,2026-01-14 00:00:00,GMADA,1110104000,5,2490,R,239,131,,,,,,,,287000.0,D,S,2026-01-14 00:00:00,,,1,Reg.Comp. 7886/2025 agua,2026-01-14 00:00:00,N,HOSP,2026-01-14 00:00:00,N,,,N
2026,1823,2026-03-10 00:00:00,GMADA,1110118000,25,1514,D,1799,132,1,920,1,1011,,,,-2100840.0,D,S,2026-03-11 00:00:00,,,1,Registro generado por Compras,2026-03-10 00:00:00,N,000SU,2026-03-10 00:00:00,N,,,N
2026,241,2026-01-14 00:00:00,GMADA,1110118000,25,2490,R,241,110,,,,,,,,49500.0,D,S,2026-01-14 00:00:00,,,1,Reg.Comp. 1419/2025 agua,2026-01-14 00:00:00,N,DECI,2026-01-14 00:00:00,N,,,N
2026,242,2026-01-14 00:00:00,GMADA,1110104000,11,3287,R,242,110,1,252,1,222,,,,225500.0,A,S,2026-01-14 00:00:00,2026-01-15 00:00:00,ERROR,1,serv de imp,2026-01-14 00:00:00,N,BROM,2026-01-14 00:00:00,N,2026,,N
2026,243,2026-01-14 00:00:00,GMADA,1110104000,5,3356,R,243,131,1,251,1,221,,,,90000.0,D,S,2026-01-14 00:00:00,,,2,pescado,2026-01-14 00:00:00,N,COC,2026-01-14 00:00:00,N,2026,,N
2026,1064,2026-02-10 00:00:00,GMADA,1110111000,3,193,R,1064,131,,,,,,,,148363.53,D,S,2026-02-10 00:00:00,,,1,periodo 10/25,2026-02-10 00:00:00,N,CAS,2026-02-10 00:00:00,N,2026,,N
2026,1065,2026-02-10 00:00:00,GMADA,1110109000,13,193,R,1065,110,,,,,,,,376462.24,D,S,2026-02-10 00:00:00,,,1,periodo 10/25,2026-02-10 00:00:00,N,DEP,,N,2026,,N
2026,1066,2026-02-10 00:00:00,GMADA,1110105000,6,193,R,1066,110,,,,,,,,1773792.12,D,S,2026-02-10 00:00:00,,,2,periodo 10/25,2026-02-10 00:00:00,N,CULTUR,,N,2026,,N
2026,1067,2026-02-10 00:00:00,GMADA,1110103000,3,193,R,1067,110,,,,,,,,21725214.93,A,S,2026-02-10 00:00:00,2026-02-11 00:00:00,ERROR,2,periodo 10/25,2026-02-10 00:00:00,N,OPP,,N,2026,,N
2026,1068,2026-02-10 00:00:00,GMADA,1110103000,3,193,R,1068,110,,,,,,,,49000000.0,D,S,2026-02-10 00:00:00,,,2,periodo 10/25,2026-02-10 00:00:00,N,ALUM,,N,2026,,N
2026,1069,2026-02-10 00:00:00,GMADA,1110106000,7,193,R,1069,110,,,,,,,,238179.76,D,S,2026-02-10 00:00:00,,,2,periodo 10/25,2026-02-10 00:00:00,N,ACCSOC,,N,2026,,N
2026,1070,2026-02-10 00:00:00,GMADA,1110104000,5,193,R,1070,110,,,,,,,,3409576.91,D,S,2026-02-10 00:00:00,,,2,periodo 10/25,2026-02-10 00:00:00,N,ADMI,,N,2026,,N
2026,1071,2026-02-10 00:00:00,GMADA,1110103000,3,193,R,1071,110,,,,,,,,564646.25,D,S,2026-02-10 00:00:00,,,2,periodo 10/25,2026-02-10 00:00:00,N,OPP,,N,2026,,N
2026,1072,2026-02-10 00:00:00,GMADA,1110101000,1,193,R,1072,110,,,,,,,,1350486.44,D,S,2026-02-10 00:00:00,,,2,periodo 10/25,2026-02-10 00:00:00,N,INT,,N,2026,,N
2026,1073,2026-02-10 00:00:00,GMADA,1110102000,2,193,R,1073,110,,,,,,,,176981.57,D,S,2026-02-10 00:00:00,,,2,periodo 10/25,2026-02-10 00:00:00,N,DELE,,N,2026,,N
2026,1074,2026-02-10 00:00:00,GMADA,1110105000,6,193,R,1074,110,,,,,,,,128966.25,D,S,2026-02-10 00:00:00,,,2,periodo 10/25,2026-02-10 00:00:00,N,MUMA,,N,2026,,N
2026,1075,2026-02-10 00:00:00,GMADA,1110106000,7,90,R,1075,132,1,597,1,269,,,,96077940.0,D,S,2026-02-10 00:00:00,,,1,alimentos,2026-02-10 00:00:00,N,ACCSOC,,N,2026,,N
2026,1076,2026-02-10 00:00:00,GMADA,1110104000,5,193,R,1076,110,,,,,,,,8634298.51,D,S,2026-02-10 00:00:00,,,2,periodo 10/25,2026-02-10 00:00:00,N,ADMI,,N,2026,,N
2026,1077,2026-02-10 00:00:00,GMADA,1110103000,3,193,R,1077,110,,,,,,,,918673.58,D,S,2026-02-10 00:00:00,,,2,periodo 10/25,2026-02-10 00:00:00,N,111010,,N,2026,,N
2026,1078,2026-02-10 00:00:00,GMADA,1110113000,20,193,R,1078,110,,,,,,,,3717501.9,D,S,2026-02-10 00:00:00,,,2,periodo 10/25,2026-02-10 00:00:00,N,SECSEG,,N,2026,,N
2026,1079,2026-02-10 00:00:00,GMADA,1110101000,1,50087,R,1079,110,,,,,,,,200000.0,D,S,2026-02-10 00:00:00,,,2,copres,2026-02-10 00:00:00,N,INT,,N,2026,,N
2026,1080,2026-02-10 00:00:00,GMADA,1110111000,3,50087,R,1080,131,,,,,,,,280000.0,D,S,2026-02-10 00:00:00,,,2,copres,2026-02-10 00:00:00,N,CAS,,N,2026,,N
2026,1081,2026-02-10 00:00:00,GMADA,1110113000,20,50087,R,1081,131,,,,,,,,6000000.0,D,S,2026-02-10 00:00:00,,,2,copres,2026-02-10 00:00:00,N,SECSEG,,N,2026,,N
2026,1082,2026-02-10 00:00:00,GMADA,1110104000,5,50087,R,1082,110,,,,,,,,1000000.0,D,S,2026-02-10 00:00:00,,,2,copres,2026-02-10 00:00:00,N,ADMI,,N,2026,,N
2026,1084,2026-02-10 00:00:00,GMADA,1110106000,7,50087,R,1084,132,,,,,,,,300000.0,D,S,2026-02-10 00:00:00,,,2,copres,2026-02-10 00:00:00,N,JARD,,N,2026,,N
2026,1085,2026-02-10 00:00:00,GMADA,1110102000,2,50087,R,1085,110,,,,,,,,155600.0,D,S,2026-02-10 00:00:00,,,2,comisiones,2026-02-10 00:00:00,N,ADFIN,,N,2026,,N
2026,142,2026-01-13 00:00:00,GMADA,1110102000,2,50063,R,142,110,,,,,,,,1396811.6,D,S,2026-01-13 00:00:00,,,2,comisiones,2026-01-13 00:00:00,N,ADFIN,,N,2026,,N
2026,143,2026-01-13 00:00:00,GMADA,1110104000,5,17,R,143,131,1,93,1,81,,,,163000.0,D,S,2026-01-13 00:00:00,,,1,rep,2026-01-13 00:00:00,N,HOSP,2026-01-13 00:00:00,N,2026,,N
2026,1542,2026-02-27 00:00:00,GMADA,1110102000,2,50052,R,1542,110,,,,,,,,278923.72,D,S,2026-02-27 00:00:00,,,1,Generado Automáticamente - Periodo 2/2026 - Tipo/Grupo 9/1,2026-02-27 00:00:00,N,DELRU,,,,,
2026,1543,2026-02-27 00:00:00,GMADA,1110102000,2,50052,R,1543,110,,,,,,,,169139.17,D,S,2026-02-27 00:00:00,,,1,Generado Automáticamente - Periodo 2/2026 - Tipo/Grupo 9/1,2026-02-27 00:00:00,N,AREAJ,,,,,
2026,1544,2026-02-27 00:00:00,GMADA,1110103000,3,50008,R,1544,110,,,,,,,,17766605.66,D,S,2026-02-27 00:00:00,,,1,Generado Automáticamente - Periodo 2/2026 - Tipo/Grupo 9/1,2026-02-27 00:00:00,N,SECOP,,,,,
2026,1545,2026-02-27 00:00:00,GMADA,1110103000,3,50008,R,1545,110,,,,,,,,2341611.64,D,S,2026-02-27 00:00:00,,,1,Generado Automáticamente - Periodo 2/2026 - Tipo/Grupo 9/1,2026-02-27 00:00:00,N,SECOPU,,,,,
2026,1546,2026-02-27 00:00:00,GMADA,1110103000,3,50051,R,1546,110,,,,,,,,1572883.49,D,S,2026-02-27 00:00:00,,,1,Generado Automáticamente - Periodo 2/2026 - Tipo/Grupo 9/1,2026-02-27 00:00:00,N,SECOP,,,,,
2026,2015,2026-03-16 00:00:00,GMADA,1110104000,5,492,D,1679,131,1,846,1,889,,,,-450.0,D,S,2026-03-16 00:00:00,,,1,Registro generado por Compras,2026-03-16 00:00:00,N,HOSP,,N,,,N
2026,2788,2026-04-17 00:00:00,GMADA,1110109000,13,441,R,2788,110,1,1426,1,1491,,,,21691.4,D,S,2026-04-17 00:00:00,,,1,Art libreria,2026-04-17 00:00:00,N,DEP,2026-04-17 00:00:00,N,2026,,N
2026,2789,2026-04-17 00:00:00,GMADA,1110113000,20,248,R,2789,110,1,1421,1,1490,,,,92199.0,D,S,2026-04-17 00:00:00,,,1,Telefono,2026-04-17 00:00:00,N,SECSEG,2026-04-17 00:00:00,N,2026,,N
2026,2790,2026-04-17 00:00:00,GMADA,1110104000,5,3322,R,2790,131,1,1422,1,1481,,,,71553.06,D,S,2026-04-17 00:00:00,,,1,Art limpieza,2026-04-17 00:00:00,N,COC,2026-04-17 00:00:00,N,2026,,N
2026,2791,2026-04-17 00:00:00,GMADA,1110104000,5,2878,R,2791,131,1,1423,1,1482,,,,200000.0,D,S,2026-04-17 00:00:00,,,1,Cerrajeria,2026-04-17 00:00:00,N,NEUROL,2026-04-17 00:00:00,N,2026,,N
2026,2792,2026-04-17 00:00:00,GMADA,1110104000,5,2627,R,2792,131,1,1424,1,1483,,,,40000.0,D,S,2026-04-17 00:00:00,,,1,Alimentos personas,2026-04-17 00:00:00,N,COC,2026-04-17 00:00:00,N,2026,,N
2026,144,2026-01-13 00:00:00,GMADA,1110104000,5,71,R,144,131,1,94,1,82,,,,111400.0,D,S,2026-01-13 00:00:00,,,2,art vs,2026-01-13 00:00:00,N,HOSP,2026-01-13 00:00:00,N,2026,,N
2026,145,2026-01-13 00:00:00,GMADA,1110109000,13,101,R,145,132,1,104,1,107,,,,538400.0,A,S,2026-01-13 00:00:00,2026-01-29 00:00:00,ERROR,1,pileta,2026-01-13 00:00:00,N,DEP,,N,2026,,N
2026,146,2026-01-13 00:00:00,GMADA,1110111000,3,1530,R,146,131,1,112,1,111,,,,180169.0,D,S,2026-01-13 00:00:00,,,1,rep,2026-01-13 00:00:00,N,CAS,,N,2026,,N
2026,147,2026-01-13 00:00:00,GMADA,1110106000,7,1809,R,147,110,1,110,1,94,,,,834302.92,D,S,2026-01-13 00:00:00,,,1,seguros,2026-01-13 00:00:00,N,ASIV,2026-01-13 00:00:00,N,2026,,N
2026,148,2026-01-13 00:00:00,GMADA,1110104000,5,2627,R,148,131,1,30,1,39,,,,33000.0,D,S,2026-01-13 00:00:00,,,1,pastas,2026-01-13 00:00:00,N,COC,2026-01-13 00:00:00,N,2026,,N
2026,149,2026-01-13 00:00:00,GMADA,1110102000,2,2365,R,149,110,1,29,1,22,,,,3000000.0,N,S,2026-01-13 00:00:00,,,1,sandwich,2026-01-13 00:00:00,N,GOBHAC,2026-01-13 00:00:00,N,2026,,N
2026,150,2026-01-13 00:00:00,GMADA,1110103000,3,708,R,150,110,1,58,1,57,,,,1200000.0,D,S,2026-01-13 00:00:00,,,1,seguros,2026-01-13 00:00:00,N,OPP,2026-01-13 00:00:00,N,2026,,N
2026,151,2026-01-13 00:00:00,GMADA,1110105000,6,2299,R,151,110,1,59,1,58,,,,400000.0,D,S,2026-01-13 00:00:00,,,1,agua,2026-01-13 00:00:00,N,TURIS,2026-01-13 00:00:00,N,2026,,N
2026,152,2026-01-13 00:00:00,GMADA,1110109000,13,17,R,152,110,1,141,1,153,,,,310000.0,D,S,2026-01-13 00:00:00,,,2,rep,2026-01-13 00:00:00,N,DEP,2026-01-13 00:00:00,N,2026,,N
2026,156,2026-01-13 00:00:00,GMADA,1110105000,6,69,R,156,110,1,60,1,59,,,,2925000.0,D,S,2026-01-13 00:00:00,,,1,gas,2026-01-13 00:00:00,N,TURIS,2026-01-13 00:00:00,N,2026,,N
2026,157,2026-01-13 00:00:00,GMADA,1110106000,7,708,R,157,110,1,57,1,56,,,,1200000.0,D,S,2026-01-13 00:00:00,,,1,seguro,2026-01-13 00:00:00,N,GRAN,2026-01-13 00:00:00,N,2026,,N
2026,180,2026-01-13 00:00:00,GMADA,1110104000,5,167,R,180,131,1,81,1,80,,,,324575.0,D,S,2026-01-13 00:00:00,,,1,alimentos,2026-01-13 00:00:00,N,COC,2026-01-13 00:00:00,N,2026,,N
2026,181,2026-01-13 00:00:00,GMADA,1110104000,5,2627,R,181,131,1,92,1,95,,,,33000.0,D,S,2026-01-13 00:00:00,,,1,pastas,2026-01-13 00:00:00,N,COC,2026-01-13 00:00:00,N,2026,,N
2026,186,2026-01-13 00:00:00,GMADA,1110104000,5,216,R,186,131,1,84,1,88,,,,187300.0,D,S,2026-01-13 00:00:00,,,1,armado de bolsas,2026-01-13 00:00:00,N,HOSP,,N,2026,,N
2026,188,2026-01-13 00:00:00,GMADA,1110104000,5,2538,R,188,131,1,87,1,89,,,,165000.0,D,S,2026-01-13 00:00:00,,,1,carga de gas,2026-01-13 00:00:00,N,HOSP,,N,2026,,N
2026,190,2026-01-13 00:00:00,GMADA,1110104000,5,2538,R,190,131,1,89,1,90,,,,133000.0,D,S,2026-01-13 00:00:00,,,1,carga de gas,2026-01-13 00:00:00,N,HOSP,2026-01-13 00:00:00,N,2026,,N
2026,192,2026-01-13 00:00:00,GMADA,1110104000,5,167,R,192,131,1,79,1,84,,,,363850.0,D,S,2026-01-13 00:00:00,,,1,pollo,2026-01-13 00:00:00,N,COC,,N,2026,,N
2026,194,2026-01-13 00:00:00,GMADA,1110104000,5,717,R,194,131,1,80,1,85,,,,119760.0,D,S,2026-01-13 00:00:00,,,1,alimentos,2026-01-13 00:00:00,N,HOSP,2026-01-13 00:00:00,N,2026,,N
2026,195,2026-01-13 00:00:00,GMADA,1110104000,5,160,R,195,110,1,82,1,86,,,,247755.0,D,S,2026-01-13 00:00:00,,,1,prod farm,2026-01-13 00:00:00,N,HOSP,,N,2026,,N
2026,200,2026-01-13 00:00:00,GMADA,1110104000,5,167,R,200,131,1,83,1,87,,,,279000.0,D,S,2026-01-13 00:00:00,,,1,pollo,2026-01-13 00:00:00,N,HOGANC,2026-01-13 00:00:00,N,2026,,N
2026,203,2026-01-13 00:00:00,GMADA,1110104000,5,2627,R,203,131,1,85,1,91,,,,30000.0,D,S,2026-01-13 00:00:00,,,1,pastas,2026-01-13 00:00:00,N,COC,2026-01-13 00:00:00,N,2026,,N
2026,206,2026-01-13 00:00:00,GMADA,1110104000,5,2627,R,206,131,1,86,1,92,,,,18000.0,D,S,2026-01-13 00:00:00,,,1,pastas,2026-01-13 00:00:00,N,HOGANC,,N,2026,,N
2026,211,2026-01-13 00:00:00,GMADA,1110105000,6,441,R,211,110,1,88,1,78,,,,28667.45,D,S,2026-01-13 00:00:00,,,1,utiles,2026-01-13 00:00:00,N,TURIS,2026-01-13 00:00:00,N,2026,,N
2026,213,2026-01-13 00:00:00,GMADA,1110104000,5,167,R,213,131,1,90,1,79,,,,277650.0,D,S,2026-01-13 00:00:00,,,1,pollo,2026-01-13 00:00:00,N,HOGANC,2026-01-13 00:00:00,N,2026,,N
2026,214,2026-01-13 00:00:00,GMADA,1110108000,14,33,R,214,110,1,108,1,109,,,,477746.0,D,S,2026-01-13 00:00:00,,,1,seguro,2026-01-13 00:00:00,N,PROD,2026-01-13 00:00:00,N,2026,,N
2026,215,2026-01-13 00:00:00,GMADA,1110104000,5,50031,R,215,110,,,,,,,,60000.0,D,S,2026-01-13 00:00:00,,,1,ayuda econ LUCIANO LARRAULE (BRUNO /ENERO),2026-01-13 00:00:00,N,ADMI,2026-01-13 00:00:00,N,2026,,N
2026,219,2026-01-13 00:00:00,GMADA,1110117000,24,50072,R,219,110,,,,,,,,457907.38,D,S,2026-01-13 00:00:00,,,2,GASTOS MUNIC C/CHACRAS DE PINAMAR S.A.,2026-01-13 00:00:00,N,000002,,N,2026,,N
2026,222,2026-01-13 00:00:00,GMADA,1110117000,24,51093,R,222,110,,,,,EXPED,3747,2025,571675.0,D,S,2026-01-13 00:00:00,,,2,honorarios Santiago Durante,2026-01-13 00:00:00,N,000002,,N,2026,,N
2026,1547,2026-02-27 00:00:00,GMADA,1110103000,3,50051,R,1547,110,,,,,,,,244266.73,D,S,2026-02-27 00:00:00,,,1,Generado Automáticamente - Periodo 2/2026 - Tipo/Grupo 9/1,2026-02-27 00:00:00,N,SECOPU,,,,,
2026,1548,2026-02-27 00:00:00,GMADA,1110103000,3,50052,R,1548,110,,,,,,,,803244.63,D,S,2026-02-27 00:00:00,,,1,Generado Automáticamente - Periodo 2/2026 - Tipo/Grupo 9/1,2026-02-27 00:00:00,N,SECOP,,,,,
2026,1549,2026-02-27 00:00:00,GMADA,1110103000,3,50052,R,1549,110,,,,,,,,97706.69,D,S,2026-02-27 00:00:00,,,1,Generado Automáticamente - Periodo 2/2026 - Tipo/Grupo 9/1,2026-02-27 00:00:00,N,SECOPU,,,,,
2026,1550,2026-02-27 00:00:00,GMADA,1110104000,5,50008,R,1550,110,,,,,,,,697842673.0,D,S,2026-02-27 00:00:00,,,1,Generado Automáticamente - Periodo 2/2026 - Tipo/Grupo 9/1,2026-02-27 00:00:00,N,HOSP,,,,,
2026,1551,2026-02-27 00:00:00,GMADA,1110104000,5,50008,R,1551,110,,,,,,,,2649820.03,D,S,2026-02-27 00:00:00,,,1,Generado Automáticamente - Periodo 2/2026 - Tipo/Grupo 9/1,2026-02-27 00:00:00,N,CAP,,,,,
2026,1552,2026-02-27 00:00:00,GMADA,1110104000,5,50008,R,1552,110,,,,,,,,817194.26,D,S,2026-02-27 00:00:00,,,1,Generado Automáticamente - Periodo 2/2026 - Tipo/Grupo 9/1,2026-02-27 00:00:00,N,BROM,,,,,
2026,1553,2026-02-27 00:00:00,GMADA,1110104000,5,50008,R,1553,110,,,,,,,,785714.07,D,S,2026-02-27 00:00:00,,,1,Generado Automáticamente - Periodo 2/2026 - Tipo/Grupo 9/1,2026-02-27 00:00:00,N,OSA,,,,,
2026,1554,2026-02-27 00:00:00,GMADA,1110104000,5,50051,R,1554,110,,,,,,,,69382417.66,D,S,2026-02-27 00:00:00,,,1,Generado Automáticamente - Periodo 2/2026 - Tipo/Grupo 9/1,2026-02-27 00:00:00,N,HOSP,,,,,
2026,1555,2026-02-27 00:00:00,GMADA,1110104000,5,50051,R,1555,110,,,,,,,,303534.15,D,S,2026-02-27 00:00:00,,,1,Generado Automáticamente - Periodo 2/2026 - Tipo/Grupo 9/1,2026-02-27 00:00:00,N,CAP,,,,,
2026,1556,2026-02-27 00:00:00,GMADA,1110104000,5,50051,R,1556,110,,,,,,,,67420.93,D,S,2026-02-27 00:00:00,,,1,Generado Automáticamente - Periodo 2/2026 - Tipo/Grupo 9/1,2026-02-27 00:00:00,N,OSA,,,,,
2026,1557,2026-02-27 00:00:00,GMADA,1110104000,5,50051,R,1557,110,,,,,,,,79006.89,D,S,2026-02-27 00:00:00,,,1,Generado Automáticamente - Periodo 2/2026 - Tipo/Grupo 9/1,2026-02-27 00:00:00,N,BROM,,,,,
2026,1558,2026-02-27 00:00:00,GMADA,1110104000,5,50052,R,1558,110,,,,,,,,28248390.98,D,S,2026-02-27 00:00:00,,,1,Generado Automáticamente - Periodo 2/2026 - Tipo/Grupo 9/1,2026-02-27 00:00:00,N,HOSP,,,,,
2026,1559,2026-02-27 00:00:00,GMADA,1110104000,5,50052,R,1559,110,,,,,,,,26968.37,D,S,2026-02-27 00:00:00,,,1,Generado Automáticamente - Periodo 2/2026 - Tipo/Grupo 9/1,2026-02-27 00:00:00,N,OSA,,,,,
2026,1560,2026-02-27 00:00:00,GMADA,1110104000,5,50052,R,1560,110,,,,,,,,31602.75,D,S,2026-02-27 00:00:00,,,1,Generado Automáticamente - Periodo 2/2026 - Tipo/Grupo 9/1,2026-02-27 00:00:00,N,BROM,,,,,
2026,1561,2026-02-27 00:00:00,GMADA,1110104000,5,50052,R,1561,110,,,,,,,,121413.66,D,S,2026-02-27 00:00:00,,,1,Generado Automáticamente - Periodo 2/2026 - Tipo/Grupo 9/1,2026-02-27 00:00:00,N,CAP,,,,,
2026,1562,2026-02-27 00:00:00,GMADA,1110104000,5,50008,R,1562,131,,,,,,,,2950000.0,D,S,2026-02-27 00:00:00,,,1,Generado Automáticamente - Periodo 2/2026 - Tipo/Grupo 9/1,2026-02-27 00:00:00,N,HOSP,,,,,
2026,1563,2026-02-27 00:00:00,GMADA,1110104000,5,50051,R,1563,131,,,,,,,,354000.0,D,S,2026-02-27 00:00:00,,,1,Generado Automáticamente - Periodo 2/2026 - Tipo/Grupo 9/1,2026-02-27 00:00:00,N,HOSP,,,,,
2026,1564,2026-02-27 00:00:00,GMADA,1110104000,5,50052,R,1564,131,,,,,,,,141600.0,D,S,2026-02-27 00:00:00,,,1,Generado Automáticamente - Periodo 2/2026 - Tipo/Grupo 9/1,2026-02-27 00:00:00,N,HOSP,,,,,
2026,1565,2026-02-27 00:00:00,GMADA,1110104000,5,50008,R,1565,132,,,,,,,,946366.29,D,S,2026-02-27 00:00:00,,,1,Generado Automáticamente - Periodo 2/2026 - Tipo/Grupo 9/1,2026-02-27 00:00:00,N,HOSP,,,,,
2026,1566,2026-02-27 00:00:00,GMADA,1110104000,5,50051,R,1566,132,,,,,,,,68213.26,D,S,2026-02-27 00:00:00,,,1,Generado Automáticamente - Periodo 2/2026 - Tipo/Grupo 9/1,2026-02-27 00:00:00,N,HOSP,,,,,
2026,1567,2026-02-27 00:00:00,GMADA,1110104000,5,50052,R,1567,132,,,,,,,,27285.3,D,S,2026-02-27 00:00:00,,,1,Generado Automáticamente - Periodo 2/2026 - Tipo/Grupo 9/1,2026-02-27 00:00:00,N,HOSP,,,,,
2026,1568,2026-02-27 00:00:00,GMADA,1110104000,11,50008,R,1568,110,,,,,,,,1403155.15,D,S,2026-02-27 00:00:00,,,1,Generado Automáticamente - Periodo 2/2026 - Tipo/Grupo 9/1,2026-02-27 00:00:00,N,HOSP,,,,,
2026,1569,2026-02-27 00:00:00,GMADA,1110104000,11,50008,R,1569,110,,,,,,,,9070637.83,D,S,2026-02-27 00:00:00,,,1,Generado Automáticamente - Periodo 2/2026 - Tipo/Grupo 9/1,2026-02-27 00:00:00,N,BROM,,,,,
2026,1570,2026-02-27 00:00:00,GMADA,1110104000,11,50051,R,1570,110,,,,,,,,875007.36,D,S,2026-02-27 00:00:00,,,1,Generado Automáticamente - Periodo 2/2026 - Tipo/Grupo 9/1,2026-02-27 00:00:00,N,BROM,,,,,
2026,1571,2026-02-27 00:00:00,GMADA,1110104000,11,50051,R,1571,110,,,,,,,,122396.58,D,S,2026-02-27 00:00:00,,,1,Generado Automáticamente - Periodo 2/2026 - Tipo/Grupo 9/1,2026-02-27 00:00:00,N,HOSP,,,,,
2026,1572,2026-02-27 00:00:00,GMADA,1110104000,11,50052,R,1572,110,,,,,,,,379820.95,D,S,2026-02-27 00:00:00,,,1,Generado Automáticamente - Periodo 2/2026 - Tipo/Grupo 9/1,2026-02-27 00:00:00,N,BROM,,,,,
2026,1573,2026-02-27 00:00:00,GMADA,1110104000,11,50052,R,1573,110,,,,,,,,48958.63,D,S,2026-02-27 00:00:00,,,1,Generado Automáticamente - Periodo 2/2026 - Tipo/Grupo 9/1,2026-02-27 00:00:00,N,HOSP,,,,,
2026,1574,2026-02-27 00:00:00,GMADA,1110105000,6,50008,R,1574,110,,,,,,,,22241034.5,D,S,2026-02-27 00:00:00,,,1,Generado Automáticamente - Periodo 2/2026 - Tipo/Grupo 9/1,2026-02-27 00:00:00,N,CULTUR,,,,,
2026,1575,2026-02-27 00:00:00,GMADA,1110105000,6,50051,R,1575,110,,,,,,,,2314309.7,D,S,2026-02-27 00:00:00,,,1,Generado Automáticamente - Periodo 2/2026 - Tipo/Grupo 9/1,2026-02-27 00:00:00,N,CULTUR,,,,,
2026,1576,2026-02-27 00:00:00,GMADA,1110105000,6,50052,R,1576,110,,,,,,,,953526.37,D,S,2026-02-27 00:00:00,,,1,Generado Automáticamente - Periodo 2/2026 - Tipo/Grupo 9/1,2026-02-27 00:00:00,N,CULTUR,,,,,
2026,1577,2026-02-27 00:00:00,GMADA,1110105000,6,50008,R,1577,132,,,,,,,,10053074.11,D,S,2026-02-27 00:00:00,,,1,Generado Automáticamente - Periodo 2/2026 - Tipo/Grupo 9/1,2026-02-27 00:00:00,N,CULTUR,,,,,
2026,1578,2026-02-27 00:00:00,GMADA,1110105000,6,50051,R,1578,132,,,,,,,,929413.55,D,S,2026-02-27 00:00:00,,,1,Generado Automáticamente - Periodo 2/2026 - Tipo/Grupo 9/1,2026-02-27 00:00:00,N,CULTUR,,,,,
2026,1579,2026-02-27 00:00:00,GMADA,1110105000,6,50052,R,1579,132,,,,,,,,371765.42,D,S,2026-02-27 00:00:00,,,1,Generado Automáticamente - Periodo 2/2026 - Tipo/Grupo 9/1,2026-02-27 00:00:00,N,CULTUR,,,,,
2026,1580,2026-02-27 00:00:00,GMADA,1110106000,7,50008,R,1580,110,,,,,,,,38011063.79,D,S,2026-02-27 00:00:00,,,1,Generado Automáticamente - Periodo 2/2026 - Tipo/Grupo 9/1,2026-02-27 00:00:00,N,ACCSOC,,,,,
2026,1581,2026-02-27 00:00:00,GMADA,1110106000,7,50008,R,1581,110,,,,,,,,5983011.66,D,S,2026-02-27 00:00:00,,,1,Generado Automáticamente - Periodo 2/2026 - Tipo/Grupo 9/1,2026-02-27 00:00:00,N,GRAN,,,,,
2026,3231,2026-05-07 00:00:00,GMADA,1110109000,13,2869,A,2708,110,1,1290,1,1355,,,,-300000.0,N,S,2026-04-16 00:00:00,2026-05-07 00:00:00,ERROR,1,carne,2026-05-07 00:00:00,N,DEP,2026-04-16 00:00:00,N,2026,,N
2026,2506,2026-04-08 00:00:00,GMADA,1110106000,7,441,R,2506,132,1,1225,1,1268,,,,98856.77,D,S,2026-04-08 00:00:00,,,1,arts de papelera,2026-04-08 00:00:00,N,JARD,2026-04-08 00:00:00,N,2026,,N
2026,2507,2026-04-08 00:00:00,GMADA,1110106000,7,117,R,2507,132,1,1227,1,1269,,,,147575.01,D,S,2026-04-08 00:00:00,,,1,arts de papelera,2026-04-08 00:00:00,N,JARD,2026-04-08 00:00:00,N,2026,,N
2026,2508,2026-04-08 00:00:00,GMADA,1110118000,25,2470,R,2508,110,1,1230,1,1316,,,,972325.0,N,S,2026-04-08 00:00:00,,,1,guantes de trabajo,2026-04-08 00:00:00,N,000SU,2026-04-08 00:00:00,N,2026,,N
2026,2509,2026-04-08 00:00:00,GMADA,1110118000,25,3005,R,2509,110,1,1233,1,1300,,,,45000.0,A,S,2026-04-08 00:00:00,2026-04-09 00:00:00,ERROR,1,ploteado,2026-04-08 00:00:00,N,DECI,2026-04-08 00:00:00,N,2026,,N
2026,2738,2026-04-17 00:00:00,GMADA,1110104000,5,850,R,2738,131,1,1339,1,1377,,,,1174480.84,D,S,2026-04-17 00:00:00,,,1,Insumos laboratorio,2026-04-17 00:00:00,N,LAB,2026-04-17 00:00:00,N,2026,,N
2026,2739,2026-04-17 00:00:00,GMADA,1110106000,7,117,R,2739,110,1,1274,1,1343,,,,149322.8,D,S,2026-04-17 00:00:00,,,1,Art papelera,2026-04-17 00:00:00,N,ACCSOC,2026-04-17 00:00:00,N,2026,,N
2026,2740,2026-04-17 00:00:00,GMADA,1110118000,25,1514,R,2740,132,1,1401,1,1466,,,,17160000.0,D,S,2026-04-17 00:00:00,,,1,Combustible,2026-04-17 00:00:00,N,000SU,2026-04-17 00:00:00,N,2026,,N
2026,2741,2026-04-17 00:00:00,GMADA,1110108000,14,2593,R,2741,110,1,1400,1,1467,,,,71000.0,D,S,2026-04-17 00:00:00,,,1,Cerrajeria,2026-04-17 00:00:00,N,PROD,2026-04-17 00:00:00,N,2026,,N
2026,2742,2026-04-17 00:00:00,GMADA,1110112000,19,2674,R,2742,110,1,1402,1,1469,,,,382000.0,D,S,2026-04-17 00:00:00,,,1,Bolsas residuos,2026-04-17 00:00:00,N,CONTRA,2026-04-17 00:00:00,N,2026,,N
2026,2743,2026-04-17 00:00:00,GMADA,1110104000,5,2450,R,2743,131,1,1403,1,1419,,,,3551300.0,D,S,2026-04-17 00:00:00,,,1,Verduleria,2026-04-17 00:00:00,N,COC,2026-04-17 00:00:00,N,2026,,N
2026,2744,2026-04-17 00:00:00,GMADA,1110104000,5,3567,R,2744,131,1,1405,1,1489,,,,7200000.0,N,S,2026-04-17 00:00:00,,,1,Honorarios profesionales,2026-04-17 00:00:00,N,HOSP,2026-04-17 00:00:00,N,2026,,N
2026,2745,2026-04-17 00:00:00,GMADA,1110104000,5,1119,R,2745,131,1,1313,1,1408,,,,32250000.0,D,S,2026-04-17 00:00:00,,,1,Serv Residuos patologicos,2026-04-17 00:00:00,N,HOSP,2026-04-17 00:00:00,N,2026,,N
2026,3230,2026-05-07 00:00:00,GMADA,1110118000,25,3011,R,3230,110,1,1618,1,1701,,,,1136190.0,D,S,2026-05-07 00:00:00,,,1,Repuestos motoniveladoras,2026-05-07 00:00:00,N,000SU,2026-05-07 00:00:00,N,2026,,N
2026,3245,2026-05-07 00:00:00,GMADA,1110113000,20,2216,A,2376,110,1,1149,1,1209,,,,-250000.0,N,S,2026-03-31 00:00:00,2026-05-07 00:00:00,ERROR,1,repuestos,2026-05-07 00:00:00,N,SECSEG,2026-03-31 00:00:00,N,2026,,N
2026,3232,2026-05-07 00:00:00,GMADA,1110118000,25,1514,R,3232,132,1,1615,1,1700,,,,5791500.0,D,S,2026-05-07 00:00:00,,,1,Combustible,2026-05-07 00:00:00,N,BARU,2026-05-07 00:00:00,N,2026,,N
2026,3233,2026-05-07 00:00:00,GMADA,1110111000,3,1514,R,3233,131,1,1616,1,1698,,,,17160000.0,N,S,2026-05-07 00:00:00,,,1,Combustible,2026-05-07 00:00:00,N,CAS,2026-05-07 00:00:00,N,2026,,N
2026,3234,2026-05-07 00:00:00,GMADA,1110118000,25,1514,R,3234,132,1,1617,1,1699,,,,17160000.0,D,S,2026-05-07 00:00:00,,,1,Combustible,2026-05-07 00:00:00,N,000SU,2026-05-07 00:00:00,N,2026,,N
2026,3235,2026-05-07 00:00:00,GMADA,1110200000,8,3287,R,3235,110,1,1619,1,1702,,,,58500.0,D,S,2026-05-07 00:00:00,,,1,Servicio impresion,2026-05-07 00:00:00,N,SECHCD,2026-05-07 00:00:00,N,2026,,N
2026,3236,2026-05-07 00:00:00,GMADA,1110102000,2,1962,R,3236,110,1,1620,1,1703,,,,18000.0,D,S,2026-05-07 00:00:00,,,1,Cuadros,2026-05-07 00:00:00,N,PRENS,2026-05-07 00:00:00,N,2026,,N
2026,3238,2026-05-07 00:00:00,GMADA,1110106000,7,1259,R,3238,132,1,1565,1,1654,,,,157920.0,D,S,2026-05-07 00:00:00,,,1,Art electricidad,2026-05-07 00:00:00,N,ACCSOC,2026-05-07 00:00:00,N,2026,,N
2026,3239,2026-05-07 00:00:00,GMADA,1110113000,20,776,R,3239,110,1,1644,1,1708,,,,160000.0,D,S,2026-05-07 00:00:00,,,1,Alineacion y b.(AF354SS-AB038FH-AB038FG ),2026-05-07 00:00:00,N,SECSEG,2026-05-07 00:00:00,N,2026,,N
2026,3240,2026-05-07 00:00:00,GMADA,1110113000,20,3220,R,3240,110,1,1645,1,1709,,,,500000.0,N,S,2026-05-07 00:00:00,,,1,Reparacion vehiculos,2026-05-07 00:00:00,N,SECSEG,2026-05-07 00:00:00,N,2026,,N
2026,3241,2026-05-07 00:00:00,GMADA,1110113000,20,776,R,3241,110,1,1643,1,1707,,,,93000.0,D,S,2026-05-07 00:00:00,,,1,Reparacion neumaticos,2026-05-07 00:00:00,N,SECSEG,2026-05-07 00:00:00,N,2026,,N
2026,3246,2026-05-07 00:00:00,GMADA,1110101000,1,2330,R,3246,110,1,1646,1,1714,,,,2950000.0,N,S,2026-05-07 00:00:00,,,1,Combustible,2026-05-07 00:00:00,N,INT,2026-05-07 00:00:00,N,2026,,N
2026,3247,2026-05-07 00:00:00,GMADA,1110102000,2,2330,R,3247,110,1,1647,1,1713,,,,2950000.0,N,S,2026-05-07 00:00:00,,,1,Combustible,2026-05-07 00:00:00,N,GOBHAC,2026-05-07 00:00:00,N,2026,,N
2026,3248,2026-05-07 00:00:00,GMADA,1110101000,1,441,R,3248,110,1,1648,1,1711,,,,3000000.0,N,S,2026-05-07 00:00:00,,,1,Art papelera,2026-05-07 00:00:00,N,CEREM,2026-05-07 00:00:00,N,2026,,N
2026,3250,2026-05-07 00:00:00,GMADA,1110102000,2,313,R,3250,110,1,1649,1,1712,,,,7000000.0,N,S,2026-05-07 00:00:00,,,1,Combustible,2026-05-07 00:00:00,N,GOBHAC,2026-05-07 00:00:00,N,2026,,N
2026,3251,2026-05-07 00:00:00,GMADA,1110111000,3,300,R,3251,131,1,1650,1,1710,,,,69900.0,N,S,2026-05-07 00:00:00,,,1,Art ferreteria,2026-05-07 00:00:00,N,CAS,2026-05-07 00:00:00,N,2026,,N
2026,3253,2026-05-07 00:00:00,GMADA,1110109000,13,2869,R,3253,110,1,1651,1,1738,EXPED,97,2026,340280.0,D,S,2026-05-07 00:00:00,,,1,Alimento personas (carne),2026-05-07 00:00:00,N,DEP,2026-05-07 00:00:00,N,2026,,N
2026,3255,2026-05-07 00:00:00,GMADA,1110104000,5,3075,R,3255,131,1,1652,1,1729,,,,23065.18,D,S,2026-05-07 00:00:00,,,1,Art limpieza,2026-05-07 00:00:00,N,INTER,2026-05-07 00:00:00,N,2026,,N
2026,3256,2026-05-07 00:00:00,GMADA,1110105000,6,2454,R,3256,110,1,1653,1,1730,EXPED,1252,2026,350000.0,D,S,2026-05-07 00:00:00,,,1,Cena,2026-05-07 00:00:00,N,CASA,2026-05-07 00:00:00,N,2026,,N
2026,3257,2026-05-07 00:00:00,GMADA,1110104000,5,703,R,3257,131,1,1654,1,1721,,,,67760.0,N,S,2026-05-07 00:00:00,,,1,Est. medico,2026-05-07 00:00:00,N,HOSP,2026-05-07 00:00:00,N,2026,,N
2026,3258,2026-05-07 00:00:00,GMADA,1110104000,5,3322,R,3258,131,1,1655,1,1722,,,,56837.4,D,S,2026-05-07 00:00:00,,,1,Art limpieza,2026-05-07 00:00:00,N,COC,2026-05-07 00:00:00,N,2026,,N
2026,3259,2026-05-07 00:00:00,GMADA,1110104000,5,2627,R,3259,131,1,1656,1,1723,,,,13500.0,D,S,2026-05-07 00:00:00,,,1,Alimentos personas(pastas),2026-05-07 00:00:00,N,HOGANC,2026-05-07 00:00:00,N,2026,,N
2026,3260,2026-05-07 00:00:00,GMADA,1110104000,5,3390,R,3260,131,1,1657,1,1724,,,,1987500.0,N,S,2026-05-07 00:00:00,,,1,Alimento personas (pan),2026-05-07 00:00:00,N,COC,2026-05-07 00:00:00,N,2026,,N
2026,3261,2026-05-07 00:00:00,GMADA,1110104000,5,1810,R,3261,131,1,1658,1,1725,,,,200000.0,D,S,2026-05-07 00:00:00,,,1,Mantenimiento heladera,2026-05-07 00:00:00,N,FARM,2026-05-07 00:00:00,N,2026,,N
2026,3262,2026-05-07 00:00:00,GMADA,1110104000,5,216,R,3262,131,1,1659,1,1726,,,,138000.0,D,S,2026-05-07 00:00:00,,,1,Bolsas residuos,2026-05-07 00:00:00,N,INTER,2026-05-07 00:00:00,N,2026,,N
2026,3263,2026-05-07 00:00:00,GMADA,1110108000,14,3482,R,3263,110,1,1660,1,1748,,,,400000.0,N,S,2026-05-07 00:00:00,,,1,Serv. profesionales,2026-05-07 00:00:00,N,PROD,2026-05-07 00:00:00,N,2026,,N
2026,1651,2026-03-02 00:00:00,GMADA,1110104000,5,612,A,1650,131,1,816,1,858,,,,-450000.0,N,S,2026-03-02 00:00:00,2026-03-02 00:00:00,ERROR,1,impresora,2026-03-02 00:00:00,N,INTER,2026-03-02 00:00:00,N,2026,,N
2026,1647,2026-03-02 00:00:00,GMADA,1110109000,13,879,R,1647,110,1,803,1,871,,,,192140.0,D,S,2026-03-02 00:00:00,,,1,varillas,2026-03-02 00:00:00,N,DEP,,N,2026,,N
2026,1648,2026-03-02 00:00:00,GMADA,1110109000,13,2209,R,1648,110,1,823,1,882,,,,44640.0,D,S,2026-03-02 00:00:00,,,1,gaseosa,2026-03-02 00:00:00,N,DEP,,N,2026,,N
2026,1649,2026-03-02 00:00:00,GMADA,1110104000,5,1078,R,1649,131,1,815,1,850,,,,170000.0,D,S,2026-03-02 00:00:00,,,1,electricidad,2026-03-02 00:00:00,N,HOSP,2026-03-02 00:00:00,N,2026,,N
2026,1650,2026-03-02 00:00:00,GMADA,1110104000,5,612,R,1650,131,1,816,1,858,,,,450000.0,A,S,2026-03-02 00:00:00,2026-03-02 00:00:00,ERROR,1,impresora,2026-03-02 00:00:00,N,INTER,2026-03-02 00:00:00,N,2026,,N
2026,1768,2026-03-09 00:00:00,GMADA,1110109000,13,3529,A,1659,110,1,810,1,845,,,,-340000.0,N,S,2026-03-02 00:00:00,2026-03-09 00:00:00,ERROR,1,alquiler,2026-03-09 00:00:00,N,DEP,2026-03-02 00:00:00,N,2026,,N
2026,1652,2026-03-02 00:00:00,GMADA,1110104000,5,612,R,1652,131,1,816,1,858,,,,450000.0,D,S,2026-03-02 00:00:00,,,1,impresora,2026-03-02 00:00:00,N,INTER,2026-03-02 00:00:00,N,2026,,N
2026,1653,2026-03-02 00:00:00,GMADA,1110105000,6,2110,R,1653,110,1,808,1,841,,,,75000.0,D,S,2026-03-02 00:00:00,,,1,mant,2026-03-02 00:00:00,N,CULTUR,2026-03-02 00:00:00,N,2026,,N
2026,1654,2026-03-02 00:00:00,GMADA,1110104000,11,160,R,1654,110,1,821,1,862,,,,52900.0,D,S,2026-03-02 00:00:00,,,1,anestesico,2026-03-02 00:00:00,N,BROM,2026-03-02 00:00:00,N,2026,,N
2026,1655,2026-03-02 00:00:00,GMADA,1110109000,13,171,R,1655,110,1,822,1,868,,,,4000.0,D,S,2026-03-02 00:00:00,,,1,varillas,2026-03-02 00:00:00,N,DEP,,N,2026,,N
2026,1656,2026-03-02 00:00:00,GMADA,1110104000,5,850,R,1656,131,1,817,1,851,,,,4024482.54,D,S,2026-03-02 00:00:00,,,1,prod farm,2026-03-02 00:00:00,N,LAB,2026-03-02 00:00:00,N,2026,,N
2026,1657,2026-03-02 00:00:00,GMADA,1110102000,2,50063,R,1657,110,,,,,,,,18271.0,D,S,2026-03-02 00:00:00,,,2,comisiones,2026-03-02 00:00:00,N,ADFIN,,N,2026,,N
2026,1658,2026-03-02 00:00:00,GMADA,1110109000,13,3287,R,1658,110,1,845,1,888,,,,600000.0,D,S,2026-03-02 00:00:00,,,1,serv de impresion,2026-03-02 00:00:00,N,DEP,2026-03-02 00:00:00,N,2026,,N
2026,1659,2026-03-02 00:00:00,GMADA,1110109000,13,3529,R,1659,110,1,810,1,845,,,,340000.0,A,S,2026-03-02 00:00:00,2026-03-09 00:00:00,ERROR,1,alquiler,2026-03-02 00:00:00,N,DEP,2026-03-02 00:00:00,N,2026,,N
2026,1660,2026-03-02 00:00:00,GMADA,1110109000,13,2869,R,1660,110,1,842,1,885,,,,800000.0,D,S,2026-03-02 00:00:00,,,1,carne,2026-03-02 00:00:00,N,DEP,2026-03-02 00:00:00,N,2026,,N
2026,1661,2026-03-02 00:00:00,GMADA,1110109000,13,3198,R,1661,110,1,843,1,886,,,,2233674.52,D,S,2026-03-02 00:00:00,,,1,rep,2026-03-02 00:00:00,N,DEP,2026-03-02 00:00:00,N,2026,,N
2026,1662,2026-03-02 00:00:00,GMADA,1110104000,5,1573,R,1662,131,1,820,1,861,,,,260976.16,D,S,2026-03-02 00:00:00,,,1,prod farm,2026-03-02 00:00:00,N,FARM,2026-03-02 00:00:00,N,2026,,N
2026,1663,2026-03-02 00:00:00,GMADA,1110104000,5,285,R,1663,131,1,824,1,863,,,,1361668.42,D,S,2026-03-02 00:00:00,,,1,prod farm,2026-03-02 00:00:00,N,LAB,,N,2026,,N
2026,1664,2026-03-02 00:00:00,GMADA,1110104000,5,1810,R,1664,131,1,826,1,865,,,,180000.0,D,S,2026-03-02 00:00:00,,,1,mant,2026-03-02 00:00:00,N,PO,2026-03-02 00:00:00,N,2026,,N
2026,1665,2026-03-02 00:00:00,GMADA,1110104000,5,866,R,1665,131,1,827,1,866,,,,5916739.18,D,S,2026-03-02 00:00:00,,,1,prod farm,2026-03-02 00:00:00,N,FARM,2026-03-02 00:00:00,N,2026,,N
2026,1666,2026-03-02 00:00:00,GMADA,1110118000,25,3561,R,1666,110,1,830,1,869,,,,116910.0,D,S,2026-03-02 00:00:00,,,2,rep,2026-03-02 00:00:00,N,000SU,,N,2026,,N
2026,1668,2026-03-02 00:00:00,GMADA,1110104000,5,1876,R,1668,131,1,829,1,867,,,,2463332.93,D,S,2026-03-02 00:00:00,,,1,prod farm,2026-03-02 00:00:00,N,FARM,2026-03-02 00:00:00,N,2026,,N
2026,1774,2026-03-09 00:00:00,GMADA,1110105000,6,3218,A,1731,132,1,881,1,968,,,,-2723.33,N,S,2026-03-05 00:00:00,2026-03-09 00:00:00,ERROR,1,DIF ABONO MENSUAL,2026-03-09 00:00:00,N,CULTUR,2026-03-05 00:00:00,N,2026,,N
2026,1769,2026-03-09 00:00:00,GMADA,1110109000,13,3529,R,1769,110,1,888,1,975,,,,340000.0,D,S,2026-03-09 00:00:00,,,1,alq de baño,2026-03-09 00:00:00,N,DEP,2026-03-09 00:00:00,N,2026,,N
2026,1582,2026-02-27 00:00:00,GMADA,1110106000,7,50051,R,1582,110,,,,,,,,632990.67,D,S,2026-02-27 00:00:00,,,1,Generado Automáticamente - Periodo 2/2026 - Tipo/Grupo 9/1,2026-02-27 00:00:00,N,GRAN,,,,,
2026,1583,2026-02-27 00:00:00,GMADA,1110106000,7,50051,R,1583,110,,,,,,,,4060955.26,D,S,2026-02-27 00:00:00,,,1,Generado Automáticamente - Periodo 2/2026 - Tipo/Grupo 9/1,2026-02-27 00:00:00,N,ACCSOC,,,,,
2026,1584,2026-02-27 00:00:00,GMADA,1110106000,7,50052,R,1584,110,,,,,,,,1670071.37,D,S,2026-02-27 00:00:00,,,1,Generado Automáticamente - Periodo 2/2026 - Tipo/Grupo 9/1,2026-02-27 00:00:00,N,ACCSOC,,,,,
2026,1585,2026-02-27 00:00:00,GMADA,1110106000,7,50052,R,1585,110,,,,,,,,253196.27,D,S,2026-02-27 00:00:00,,,1,Generado Automáticamente - Periodo 2/2026 - Tipo/Grupo 9/1,2026-02-27 00:00:00,N,GRAN,,,,,
2026,1586,2026-02-27 00:00:00,GMADA,1110106000,7,50008,R,1586,132,,,,,,,,24695662.25,D,S,2026-02-27 00:00:00,,,1,Generado Automáticamente - Periodo 2/2026 - Tipo/Grupo 9/1,2026-02-27 00:00:00,N,ACCSOC,,,,,
2026,1587,2026-02-27 00:00:00,GMADA,1110106000,7,50051,R,1587,132,,,,,,,,2630581.11,D,S,2026-02-27 00:00:00,,,1,Generado Automáticamente - Periodo 2/2026 - Tipo/Grupo 9/1,2026-02-27 00:00:00,N,ACCSOC,,,,,
2026,1588,2026-02-27 00:00:00,GMADA,1110106000,7,50052,R,1588,132,,,,,,,,1052232.42,D,S,2026-02-27 00:00:00,,,1,Generado Automáticamente - Periodo 2/2026 - Tipo/Grupo 9/1,2026-02-27 00:00:00,N,ACCSOC,,,,,
2026,1589,2026-02-27 00:00:00,GMADA,1110108000,14,50008,R,1589,110,,,,,,,,10357025.58,D,S,2026-02-27 00:00:00,,,1,Generado Automáticamente - Periodo 2/2026 - Tipo/Grupo 9/1,2026-02-27 00:00:00,N,PROD,,,,,
2026,1590,2026-02-27 00:00:00,GMADA,1110108000,14,50051,R,1590,110,,,,,,,,1152383.25,D,S,2026-02-27 00:00:00,,,1,Generado Automáticamente - Periodo 2/2026 - Tipo/Grupo 9/1,2026-02-27 00:00:00,N,PROD,,,,,
2026,1591,2026-02-27 00:00:00,GMADA,1110108000,14,50052,R,1591,110,,,,,,,,460953.31,D,S,2026-02-27 00:00:00,,,1,Generado Automáticamente - Periodo 2/2026 - Tipo/Grupo 9/1,2026-02-27 00:00:00,N,PROD,,,,,
2026,1592,2026-02-27 00:00:00,GMADA,1110109000,13,50008,R,1592,110,,,,,,,,18811666.69,D,S,2026-02-27 00:00:00,,,1,Generado Automáticamente - Periodo 2/2026 - Tipo/Grupo 9/1,2026-02-27 00:00:00,N,DEPORT,,,,,
2026,1593,2026-02-27 00:00:00,GMADA,1110109000,13,50051,R,1593,110,,,,,,,,1421295.99,D,S,2026-02-27 00:00:00,,,1,Generado Automáticamente - Periodo 2/2026 - Tipo/Grupo 9/1,2026-02-27 00:00:00,N,DEPORT,,,,,
2026,1594,2026-02-27 00:00:00,GMADA,1110109000,13,50052,R,1594,110,,,,,,,,586838.69,D,S,2026-02-27 00:00:00,,,1,Generado Automáticamente - Periodo 2/2026 - Tipo/Grupo 9/1,2026-02-27 00:00:00,N,DEPORT,,,,,
2026,1595,2026-02-27 00:00:00,GMADA,1110109000,13,50008,R,1595,132,,,,,,,,8650854.04,D,S,2026-02-27 00:00:00,,,1,Generado Automáticamente - Periodo 2/2026 - Tipo/Grupo 9/1,2026-02-27 00:00:00,N,DEPORT,,,,,
2026,1596,2026-02-27 00:00:00,GMADA,1110109000,13,50051,R,1596,132,,,,,,,,935856.0,D,S,2026-02-27 00:00:00,,,1,Generado Automáticamente - Periodo 2/2026 - Tipo/Grupo 9/1,2026-02-27 00:00:00,N,DEPORT,,,,,
2026,1597,2026-02-27 00:00:00,GMADA,1110109000,13,50052,R,1597,132,,,,,,,,374342.4,D,S,2026-02-27 00:00:00,,,1,Generado Automáticamente - Periodo 2/2026 - Tipo/Grupo 9/1,2026-02-27 00:00:00,N,DEPORT,,,,,
2026,1598,2026-02-27 00:00:00,GMADA,1110111000,3,50008,R,1598,131,,,,,,,,8493887.73,D,S,2026-02-27 00:00:00,,,1,Generado Automáticamente - Periodo 2/2026 - Tipo/Grupo 9/1,2026-02-27 00:00:00,N,SEOP,,,,,
2026,1599,2026-02-27 00:00:00,GMADA,1110111000,3,50051,R,1599,131,,,,,,,,855992.96,D,S,2026-02-27 00:00:00,,,1,Generado Automáticamente - Periodo 2/2026 - Tipo/Grupo 9/1,2026-02-27 00:00:00,N,SEOP,,,,,
2026,1600,2026-02-27 00:00:00,GMADA,1110111000,3,50052,R,1600,131,,,,,,,,342397.19,D,S,2026-02-27 00:00:00,,,1,Generado Automáticamente - Periodo 2/2026 - Tipo/Grupo 9/1,2026-02-27 00:00:00,N,SEOP,,,,,
2026,1601,2026-02-27 00:00:00,GMADA,1110112000,19,50008,R,1601,110,,,,,,,,45211671.55,D,S,2026-02-27 00:00:00,,,1,Generado Automáticamente - Periodo 2/2026 - Tipo/Grupo 9/1,2026-02-27 00:00:00,N,SECHAC,,,,,
2026,1512,2026-02-27 00:00:00,GMADA,1110104000,5,2216,A,1511,131,1,802,1,857,,,,-2460000.0,N,S,2026-02-27 00:00:00,2026-02-27 00:00:00,ERROR,2,REP,2026-02-27 00:00:00,N,HOSP,2026-02-27 00:00:00,N,2026,,N
2026,976,2026-02-04 00:00:00,GMADA,1110113000,20,3287,R,976,110,1,553,1,592,,,,21600.0,D,S,2026-02-04 00:00:00,,,1,Serv impresion,2026-02-04 00:00:00,N,SECSEG,2026-02-04 00:00:00,N,2026,,N
2026,977,2026-02-04 00:00:00,GMADA,1110105000,6,2209,R,977,110,1,546,1,579,,,,300000.0,D,S,2026-02-04 00:00:00,,,1,Alimentos,2026-02-04 00:00:00,N,CULTUR,2026-02-04 00:00:00,N,2026,,N
2026,978,2026-02-04 00:00:00,GMADA,1110111000,3,1514,R,978,131,1,547,1,598,,,,16260000.0,D,S,2026-02-04 00:00:00,,,1,Combustibles,2026-02-04 00:00:00,N,CAS,2026-02-04 00:00:00,N,2026,,N
2026,979,2026-02-04 00:00:00,GMADA,1110104000,5,2627,R,979,131,1,535,1,546,,,,30000.0,D,S,2026-02-04 00:00:00,,,1,Alimentos (pastas),2026-02-04 00:00:00,N,COC,2026-02-04 00:00:00,N,2026,,N
2026,980,2026-02-04 00:00:00,GMADA,1110113000,20,688,R,980,110,1,534,1,549,,,,10000.0,D,S,2026-02-04 00:00:00,,,1,Aceite y filtro,2026-02-04 00:00:00,N,SECSEG,2026-02-04 00:00:00,N,2026,,N
2026,981,2026-02-04 00:00:00,GMADA,1110118000,25,1259,R,981,110,1,532,1,565,,,,380126.7,D,S,2026-02-04 00:00:00,,,1,Art iluminacion,2026-02-04 00:00:00,N,DECI,2026-02-04 00:00:00,N,2026,,N
2026,982,2026-02-04 00:00:00,GMADA,1110104000,5,441,R,982,131,1,531,1,560,,,,117416.24,D,S,2026-02-04 00:00:00,,,1,Insumos libreria,2026-02-04 00:00:00,N,HOSP,2026-02-04 00:00:00,N,2026,,N
2026,983,2026-02-04 00:00:00,GMADA,1110104000,5,2627,R,983,131,1,533,1,556,,,,28000.0,D,S,2026-02-04 00:00:00,,,1,Alimentos (pastas),2026-02-04 00:00:00,N,HOGANC,2026-02-04 00:00:00,N,2026,,N
2026,984,2026-02-04 00:00:00,GMADA,1110104000,5,158,R,984,131,1,527,1,552,,,,254792.57,D,S,2026-02-04 00:00:00,,,1,Medicamentos,2026-02-04 00:00:00,N,HOSP,2026-02-04 00:00:00,N,2026,,N
2026,985,2026-02-04 00:00:00,GMADA,1110104000,5,850,R,985,131,1,525,1,568,,,,3449855.93,D,S,2026-02-04 00:00:00,,,1,Insumos laboratorio,2026-02-04 00:00:00,N,LAB,2026-02-04 00:00:00,N,2026,,N
2026,986,2026-02-04 00:00:00,GMADA,1110104000,5,527,R,986,131,1,524,1,571,,,,897815.0,N,S,2026-02-04 00:00:00,,,1,Servicio reparacion y mant.,2026-02-04 00:00:00,N,HOSP,2026-02-04 00:00:00,N,2026,,N
2026,987,2026-02-04 00:00:00,GMADA,1110104000,5,3322,R,987,131,1,542,1,576,,,,1959414.66,D,S,2026-02-04 00:00:00,,,1,Art limpieza,2026-02-04 00:00:00,N,HOSP,2026-02-04 00:00:00,N,2026,,N
2026,988,2026-02-04 00:00:00,GMADA,1110111000,3,688,R,988,131,1,544,1,577,,,,364000.0,D,S,2026-02-04 00:00:00,,,1,Lubricantes,2026-02-04 00:00:00,N,CAS,2026-02-04 00:00:00,N,2026,,N
2026,989,2026-02-04 00:00:00,GMADA,1110108000,14,2810,R,989,110,1,543,1,575,,,,24550.0,D,S,2026-02-04 00:00:00,,,1,Art merceria,2026-02-04 00:00:00,N,PROD,2026-02-04 00:00:00,N,2026,,N
2026,990,2026-02-04 00:00:00,GMADA,1110105000,6,3534,R,990,110,1,545,1,578,,,,4800000.0,D,S,2026-02-04 00:00:00,,,1,Serv tecnico,2026-02-04 00:00:00,N,CULTUR,2026-02-04 00:00:00,N,2026,,N
2026,991,2026-02-04 00:00:00,GMADA,1110118000,25,3529,R,991,110,1,548,1,597,,,,300000.0,D,S,2026-02-04 00:00:00,,,1,Alquiler baños Q.,2026-02-04 00:00:00,N,MEAM,2026-02-04 00:00:00,N,2026,,N
2026,992,2026-02-04 00:00:00,GMADA,1110118000,25,3529,R,992,110,1,549,1,596,,,,300000.0,D,S,2026-02-04 00:00:00,,,1,Alquiler Baños Q,2026-02-04 00:00:00,N,MEAM,2026-02-04 00:00:00,N,2026,,N
2026,993,2026-02-04 00:00:00,GMADA,1110118000,25,3529,R,993,110,1,550,1,595,,,,300000.0,D,S,2026-02-04 00:00:00,,,1,Alquiler Baños Q.,2026-02-04 00:00:00,N,BARU,2026-02-04 00:00:00,N,2026,,N
2026,1510,2026-02-27 00:00:00,GMADA,1110101000,1,50003,R,1510,110,,,,,,,,180000.0,D,S,2026-02-27 00:00:00,,,3,viatico E. Santoro,2026-02-27 00:00:00,N,INT,,N,2026,,N
2026,1511,2026-02-27 00:00:00,GMADA,1110104000,5,2216,R,1511,131,1,802,1,857,,,,2460000.0,A,S,2026-02-27 00:00:00,2026-02-27 00:00:00,ERROR,2,REP,2026-02-27 00:00:00,N,HOSP,2026-02-27 00:00:00,N,2026,,N
2026,1523,2026-02-27 00:00:00,GMADA,1110101000,1,50008,R,1523,110,,,,,,,,7860704.72,D,S,2026-02-27 00:00:00,,,1,Generado Automáticamente - Periodo 2/2026 - Tipo/Grupo 9/1,2026-02-27 00:00:00,N,INT,,,,,
2026,1513,2026-02-27 00:00:00,GMADA,1110104000,5,2216,R,1513,131,1,802,1,857,,,,2460000.0,A,S,2026-02-27 00:00:00,2026-03-02 00:00:00,ERROR,2,REP,2026-02-27 00:00:00,N,HOSP,,N,2026,,N
2026,1516,2026-02-27 00:00:00,GMADA,1110101000,1,50087,R,1516,110,,,,,,,,200000.0,D,S,2026-02-27 00:00:00,,,2,COPRES,2026-02-27 00:00:00,N,INT,,N,2026,,N
2026,1517,2026-02-27 00:00:00,GMADA,1110111000,3,50087,R,1517,131,,,,,,,,560000.0,D,S,2026-02-27 00:00:00,,,2,COPRES,2026-02-27 00:00:00,N,CAS,,N,2026,,N
2026,1518,2026-02-27 00:00:00,GMADA,1110104000,5,50087,R,1518,131,,,,,,,,2418000.0,D,S,2026-02-27 00:00:00,,,2,COPRES,2026-02-27 00:00:00,N,ADMI,,N,2026,,N
2026,1519,2026-02-27 00:00:00,GMADA,1110113000,20,50087,R,1519,131,,,,,,,,6000000.0,D,S,2026-02-27 00:00:00,,,2,COPRES,2026-02-27 00:00:00,N,SECSEG,,N,2026,,N
2026,1520,2026-02-27 00:00:00,GMADA,1110106000,7,50087,R,1520,132,,,,,,,,250000.0,D,S,2026-02-27 00:00:00,,,2,COPRES,2026-02-27 00:00:00,N,ACCSOC,,N,2026,,N
2026,1521,2026-02-27 00:00:00,GMADA,1110109000,13,50087,R,1521,110,,,,,,,,170000.0,D,S,2026-02-27 00:00:00,,,2,COPRES,2026-02-27 00:00:00,N,DEP,,N,2026,,N
2026,1522,2026-02-27 00:00:00,GMADA,1110102000,2,50087,R,1522,110,,,,,,,,241960.0,D,S,2026-02-27 00:00:00,,,2,COMISIONES,2026-02-27 00:00:00,N,ADFIN,,N,2026,,N
2026,1524,2026-02-27 00:00:00,GMADA,1110101000,1,50051,R,1524,110,,,,,,,,923967.87,D,S,2026-02-27 00:00:00,,,1,Generado Automáticamente - Periodo 2/2026 - Tipo/Grupo 9/1,2026-02-27 00:00:00,N,INT,,,,,
2026,1525,2026-02-27 00:00:00,GMADA,1110101000,1,50052,R,1525,110,,,,,,,,369587.15,D,S,2026-02-27 00:00:00,,,1,Generado Automáticamente - Periodo 2/2026 - Tipo/Grupo 9/1,2026-02-27 00:00:00,N,INT,,,,,
2026,1526,2026-02-27 00:00:00,GMADA,1110102000,2,50008,R,1526,110,,,,,,,,3897559.49,D,S,2026-02-27 00:00:00,,,1,Generado Automáticamente - Periodo 2/2026 - Tipo/Grupo 9/1,2026-02-27 00:00:00,N,AREAJ,,,,,
2026,1527,2026-02-27 00:00:00,GMADA,1110102000,2,50008,R,1527,110,,,,,,,,924905.51,D,S,2026-02-27 00:00:00,,,1,Generado Automáticamente - Periodo 2/2026 - Tipo/Grupo 9/1,2026-02-27 00:00:00,N,ARCHG,,,,,
2026,1528,2026-02-27 00:00:00,GMADA,1110102000,2,50008,R,1528,110,,,,,,,,1321602.36,D,S,2026-02-27 00:00:00,,,1,Generado Automáticamente - Periodo 2/2026 - Tipo/Grupo 9/1,2026-02-27 00:00:00,N,DMACED,,,,,
2026,1529,2026-02-27 00:00:00,GMADA,1110102000,2,50008,R,1529,110,,,,,,,,20463824.78,D,S,2026-02-27 00:00:00,,,1,Generado Automáticamente - Periodo 2/2026 - Tipo/Grupo 9/1,2026-02-27 00:00:00,N,GOBHAC,,,,,
2026,1530,2026-02-27 00:00:00,GMADA,1110102000,2,50008,R,1530,110,,,,,,,,6178229.84,D,S,2026-02-27 00:00:00,,,1,Generado Automáticamente - Periodo 2/2026 - Tipo/Grupo 9/1,2026-02-27 00:00:00,N,DELRU,,,,,
2026,1531,2026-02-27 00:00:00,GMADA,1110102000,2,50008,R,1531,110,,,,,,,,4471812.89,D,S,2026-02-27 00:00:00,,,1,Generado Automáticamente - Periodo 2/2026 - Tipo/Grupo 9/1,2026-02-27 00:00:00,N,GOB,,,,,
2026,1532,2026-02-27 00:00:00,GMADA,1110102000,2,50051,R,1532,110,,,,,,,,2114607.49,D,S,2026-02-27 00:00:00,,,1,Generado Automáticamente - Periodo 2/2026 - Tipo/Grupo 9/1,2026-02-27 00:00:00,N,GOBHAC,,,,,
2026,1533,2026-02-27 00:00:00,GMADA,1110102000,2,50051,R,1533,110,,,,,,,,505003.79,D,S,2026-02-27 00:00:00,,,1,Generado Automáticamente - Periodo 2/2026 - Tipo/Grupo 9/1,2026-02-27 00:00:00,N,GOB,,,,,
2026,1534,2026-02-27 00:00:00,GMADA,1110102000,2,50051,R,1534,110,,,,,,,,697309.32,D,S,2026-02-27 00:00:00,,,1,Generado Automáticamente - Periodo 2/2026 - Tipo/Grupo 9/1,2026-02-27 00:00:00,N,DELRU,,,,,
2026,1535,2026-02-27 00:00:00,GMADA,1110102000,2,50051,R,1535,110,,,,,,,,422847.91,D,S,2026-02-27 00:00:00,,,1,Generado Automáticamente - Periodo 2/2026 - Tipo/Grupo 9/1,2026-02-27 00:00:00,N,AREAJ,,,,,
2026,1536,2026-02-27 00:00:00,GMADA,1110102000,2,50051,R,1536,110,,,,,,,,104748.66,D,S,2026-02-27 00:00:00,,,1,Generado Automáticamente - Periodo 2/2026 - Tipo/Grupo 9/1,2026-02-27 00:00:00,N,ARCHG,,,,,
2026,1537,2026-02-27 00:00:00,GMADA,1110102000,2,50051,R,1537,110,,,,,,,,112099.79,D,S,2026-02-27 00:00:00,,,1,Generado Automáticamente - Periodo 2/2026 - Tipo/Grupo 9/1,2026-02-27 00:00:00,N,DMACED,,,,,
2026,1770,2026-03-09 00:00:00,GMADA,1110108000,14,120,R,1770,110,1,884,1,971,,,,1350000.0,D,S,2026-03-09 00:00:00,,,1,prest de servs,2026-03-09 00:00:00,N,PROD,2026-03-09 00:00:00,N,2026,,N
2026,1771,2026-03-09 00:00:00,GMADA,1110118000,25,33,R,1771,110,1,887,1,973,,,,3000000.0,N,S,2026-03-09 00:00:00,,,1,seguros,2026-03-09 00:00:00,N,000SU,2026-03-09 00:00:00,N,2026,,N
2026,1772,2026-03-09 00:00:00,GMADA,1110104000,5,1119,R,1772,131,1,885,1,970,,,,43000.0,D,S,2026-03-09 00:00:00,,,1,residuos patológicos,2026-03-09 00:00:00,N,HOSP,2026-03-09 00:00:00,N,2026,,N
2026,1773,2026-03-09 00:00:00,GMADA,1110104000,5,3430,R,1773,131,1,886,1,972,,,,255966.43,A,S,2026-03-09 00:00:00,2026-03-16 00:00:00,ERROR,1,cartucho,2026-03-09 00:00:00,N,HOSP,2026-03-09 00:00:00,N,2026,,N
2026,1775,2026-03-09 00:00:00,GMADA,1110113000,20,68,R,1775,110,,,,,,,,375000.0,D,S,2026-03-09 00:00:00,,,1,Reg.Comp. 9623/2025 destape,2026-03-09 00:00:00,N,SECSEG,2026-03-09 00:00:00,N,,,N
2026,1776,2026-03-09 00:00:00,GMADA,1110108000,14,789,R,1776,110,,,,,,,,1347461.26,D,S,2026-03-09 00:00:00,,,1,gtos feb,2026-03-09 00:00:00,N,SECPRO,2026-03-09 00:00:00,N,2026,,N
2026,1778,2026-03-09 00:00:00,GMADA,1110105000,6,3364,R,1778,110,1,889,1,925,EXPED,224,2026,250000.0,A,S,2026-03-09 00:00:00,2026-03-10 00:00:00,ERROR,1,alquiler de baño,2026-03-09 00:00:00,N,CULTUR,2026-03-09 00:00:00,N,2026,,N
2026,1779,2026-03-09 00:00:00,GMADA,1110104000,5,2330,R,1779,131,1,890,1,939,,,,6160000.01,D,S,2026-03-09 00:00:00,,,1,comb,2026-03-09 00:00:00,N,HOSP,2026-03-09 00:00:00,N,2026,,N
2026,1780,2026-03-09 00:00:00,GMADA,1110112000,19,1259,R,1780,110,1,891,1,936,,,,30121.0,D,S,2026-03-09 00:00:00,,,1,arts de elect,2026-03-09 00:00:00,N,CONTRA,2026-03-09 00:00:00,N,2026,,N
2026,1781,2026-03-09 00:00:00,GMADA,1110104000,5,2627,R,1781,131,1,892,1,933,,,,6500.0,D,S,2026-03-09 00:00:00,,,1,tapas de empanadas,2026-03-09 00:00:00,N,HOGANC,2026-03-09 00:00:00,N,2026,,N
2026,1782,2026-03-09 00:00:00,GMADA,1110104000,5,850,R,1782,131,1,893,1,932,,,,1330541.03,D,S,2026-03-09 00:00:00,,,1,medicamentos,2026-03-09 00:00:00,N,LAB,2026-03-09 00:00:00,N,2026,,N
2026,1783,2026-03-09 00:00:00,GMADA,1110104000,5,3165,R,1783,131,1,894,1,931,,,,7172480.0,D,S,2026-03-09 00:00:00,,,1,medicamentos,2026-03-09 00:00:00,N,FARM,2026-03-09 00:00:00,N,2026,,N
2026,1784,2026-03-09 00:00:00,GMADA,1110104000,5,1603,R,1784,131,1,895,1,930,,,,766400.0,D,S,2026-03-09 00:00:00,,,1,pan,2026-03-09 00:00:00,N,HOSP,2026-03-09 00:00:00,N,2026,,N
2026,1785,2026-03-09 00:00:00,GMADA,1110104000,5,3322,R,1785,131,1,896,1,937,,,,287777.01,D,S,2026-03-09 00:00:00,,,1,arts de limp,2026-03-09 00:00:00,N,CAPSN,2026-03-09 00:00:00,N,2026,,N
2026,1786,2026-03-09 00:00:00,GMADA,1110112000,19,2109,R,1786,110,1,897,1,962,,,,250000.0,D,S,2026-03-09 00:00:00,,,1,mantenim de red de inform,2026-03-09 00:00:00,N,INGPUB,2026-03-09 00:00:00,N,2026,,N
2026,1787,2026-03-09 00:00:00,GMADA,1110103000,3,1066,R,1787,110,1,931,1,1013,EXPED,363,2026,7954200.0,D,S,2026-03-09 00:00:00,,,1,estabilizado,2026-03-09 00:00:00,N,OPP,2026-03-09 00:00:00,N,2026,,N
2026,2510,2026-04-08 00:00:00,GMADA,1110111000,3,2209,R,2510,131,1,1236,1,1296,,,,150364.0,D,S,2026-04-08 00:00:00,,,1,alimentos,2026-04-08 00:00:00,N,CAS,2026-04-08 00:00:00,N,2026,,N
2026,2511,2026-04-08 00:00:00,GMADA,1110104000,11,3287,R,2511,110,1,1238,1,1315,,,,233500.0,D,S,2026-04-08 00:00:00,,,1,servs de imp,2026-04-08 00:00:00,N,BROM,2026-04-08 00:00:00,N,2026,,N
2026,2512,2026-04-08 00:00:00,GMADA,1110106000,7,3075,R,2512,132,1,1241,1,1308,,,,23038.4,D,S,2026-04-08 00:00:00,,,1,canasto,2026-04-08 00:00:00,N,JARD,2026-04-08 00:00:00,N,2026,,N
2026,2513,2026-04-08 00:00:00,GMADA,1110118000,25,3336,R,2513,110,1,1245,1,1304,,,,650000.0,D,S,2026-04-08 00:00:00,,,1,reparac de motoniv,2026-04-08 00:00:00,N,000SU,2026-04-08 00:00:00,N,2026,,N
2026,2514,2026-04-08 00:00:00,GMADA,1110102000,2,1879,R,2514,110,1,1226,1,1302,,,,257350.0,D,S,2026-04-08 00:00:00,,,1,repuestos,2026-04-08 00:00:00,N,GOBHAC,2026-04-08 00:00:00,N,2026,,N
2026,2516,2026-04-08 00:00:00,GMADA,1110104000,5,3356,R,2516,131,1,1234,1,1295,,,,157500.0,N,S,2026-04-08 00:00:00,,,1,pescado,2026-04-08 00:00:00,N,COC,2026-04-08 00:00:00,N,2026,,N
2026,2518,2026-04-08 00:00:00,GMADA,1110104000,5,57,R,2518,131,1,1237,1,1290,,,,38000.0,D,S,2026-04-08 00:00:00,,,1,servs de imp,2026-04-08 00:00:00,N,MAT,2026-04-08 00:00:00,N,2026,,N
2026,2519,2026-04-08 00:00:00,GMADA,1110104000,5,441,R,2519,131,1,1239,1,1291,,,,23612.6,D,S,2026-04-08 00:00:00,,,1,arts de papelera,2026-04-08 00:00:00,N,DIR,2026-04-08 00:00:00,N,2026,,N
2026,2520,2026-04-08 00:00:00,GMADA,1110104000,5,717,R,2520,131,1,1242,1,1292,,,,187500.0,D,S,2026-04-08 00:00:00,,,1,alimentos,2026-04-08 00:00:00,N,COC,2026-04-08 00:00:00,N,2026,,N
2026,2521,2026-04-08 00:00:00,GMADA,1110104000,5,2627,R,2521,131,1,1243,1,1293,,,,80000.0,D,S,2026-04-08 00:00:00,,,1,pastas,2026-04-08 00:00:00,N,COC,2026-04-08 00:00:00,N,2026,,N
2026,2522,2026-04-08 00:00:00,GMADA,1110104000,5,3356,R,2522,131,1,1244,1,1294,,,,129080.0,N,S,2026-04-08 00:00:00,,,1,pescado,2026-04-08 00:00:00,N,HOGANC,2026-04-08 00:00:00,N,2026,,N
2026,2523,2026-04-08 00:00:00,GMADA,1110106000,7,117,R,2523,132,1,1246,1,1305,,,,131266.25,D,S,2026-04-08 00:00:00,,,1,arts de papelera,2026-04-08 00:00:00,N,JARD,2026-04-08 00:00:00,N,2026,,N
2026,2524,2026-04-08 00:00:00,GMADA,1110111000,3,1530,R,2524,131,1,1248,1,1301,,,,253764.64,D,S,2026-04-08 00:00:00,,,1,cerradura,2026-04-08 00:00:00,N,CAS,2026-04-08 00:00:00,N,2026,,N
2026,2525,2026-04-08 00:00:00,GMADA,1110106000,7,117,R,2525,132,1,1247,1,1303,,,,197970.06,D,S,2026-04-08 00:00:00,,,1,arts depapelera,2026-04-08 00:00:00,N,JARD,2026-04-08 00:00:00,N,2026,,N
2026,2526,2026-04-08 00:00:00,GMADA,1110104000,5,717,R,2526,131,1,1249,1,1193,,,,319260.0,D,S,2026-04-08 00:00:00,,,1,alimentos,2026-04-08 00:00:00,N,COC,2026-04-08 00:00:00,N,2026,,N
2026,2527,2026-04-08 00:00:00,GMADA,1110104000,11,117,R,2527,110,1,1250,1,1285,,,,2400.0,D,S,2026-04-08 00:00:00,,,1,papel,2026-04-08 00:00:00,N,BROM,2026-04-08 00:00:00,N,2026,,N
2026,2528,2026-04-08 00:00:00,GMADA,1110104000,5,413,R,2528,131,1,1251,1,1286,,,,120000.0,D,S,2026-04-08 00:00:00,,,1,cubierta,2026-04-08 00:00:00,N,HOSP,2026-04-08 00:00:00,N,2026,,N
2026,2529,2026-04-08 00:00:00,GMADA,1110104000,5,117,R,2529,131,1,1252,1,1287,,,,224654.8,D,S,2026-04-08 00:00:00,,,1,arts de papelera,2026-04-08 00:00:00,N,SVAC,2026-04-08 00:00:00,N,2026,,N
2026,2530,2026-04-08 00:00:00,GMADA,1110113000,20,171,R,2530,110,1,1202,1,1271,,,,130400.0,D,S,2026-04-08 00:00:00,,,1,repuestos,2026-04-08 00:00:00,N,SECSEG,2026-04-08 00:00:00,N,2026,,N
2026,2531,2026-04-08 00:00:00,GMADA,1110113000,20,117,R,2531,110,1,1204,1,1272,,,,165099.98,N,S,2026-04-08 00:00:00,,,1,arts de papelera,2026-04-08 00:00:00,N,SECSEG,2026-04-08 00:00:00,N,2026,,N
2026,2532,2026-04-08 00:00:00,GMADA,1110113000,20,441,R,2532,110,1,1206,1,1273,,,,46000.05,D,S,2026-04-08 00:00:00,,,1,libro de actas,2026-04-08 00:00:00,N,SECSEG,2026-04-08 00:00:00,N,2026,,N
2026,2533,2026-04-08 00:00:00,GMADA,1110104000,5,285,R,2533,131,1,1208,1,1274,,,,466077.03,D,S,2026-04-08 00:00:00,,,1,medicamentos,2026-04-08 00:00:00,N,LAB,2026-04-08 00:00:00,N,2026,,N
2026,2534,2026-04-08 00:00:00,GMADA,1110104000,5,2833,R,2534,131,1,1209,1,1275,,,,5241056.85,D,S,2026-04-08 00:00:00,,,1,medicamentos,2026-04-08 00:00:00,N,FARM,2026-04-08 00:00:00,N,2026,,N
2026,2535,2026-04-08 00:00:00,GMADA,1110104000,5,3322,R,2535,131,1,1211,1,1276,,,,392608.18,D,S,2026-04-08 00:00:00,,,1,insumos hosps,2026-04-08 00:00:00,N,HOSP,2026-04-08 00:00:00,N,2026,,N
2026,2536,2026-04-08 00:00:00,GMADA,1110108000,14,2330,R,2536,110,1,1213,1,1313,,,,2500000.0,D,S,2026-04-08 00:00:00,,,1,comb,2026-04-08 00:00:00,N,PROD,2026-04-08 00:00:00,N,2026,,N
2026,2920,2026-04-28 00:00:00,GMADA,1110118000,25,2400,R,2920,110,1,1478,1,1559,,,,8755696.48,D,S,2026-04-28 00:00:00,,,1,Reparacion vehiculos,2026-04-28 00:00:00,N,000SU,2026-04-28 00:00:00,N,2026,,N
2026,2921,2026-04-28 00:00:00,GMADA,1110109000,13,2400,R,2921,110,1,1499,1,1565,,,,3132021.1,D,S,2026-04-28 00:00:00,,,1,Repuestos vehiculos,2026-04-28 00:00:00,N,DEP,2026-04-28 00:00:00,N,2026,,N
2026,2922,2026-04-28 00:00:00,GMADA,1110105000,6,3552,R,2922,132,1,1488,1,1547,,,,66000.0,D,S,2026-04-28 00:00:00,,,1,Carga matafuegos,2026-04-28 00:00:00,N,BA,2026-04-28 00:00:00,N,2026,,N
2026,3384,2026-05-12 00:00:00,GMADA,1110104000,5,850,R,3384,131,1,1744,1,1807,EXPED,178,2026,1858208.0,N,S,2026-05-12 00:00:00,,,1,alq de equipam,2026-05-12 00:00:00,N,LAB,2026-05-12 00:00:00,N,2026,,N
2026,3385,2026-05-12 00:00:00,GMADA,1110104000,5,850,R,3385,131,1,1745,1,1806,,,,2684076.0,N,S,2026-05-12 00:00:00,,,1,alq de equip,2026-05-12 00:00:00,N,LAB,2026-05-12 00:00:00,N,2026,,N
2026,3387,2026-05-12 00:00:00,GMADA,1110104000,5,850,R,3387,131,1,1746,1,1808,EXPED,179,2026,1978640.0,N,S,2026-05-12 00:00:00,,,1,alq de eqiupam,2026-05-12 00:00:00,N,LAB,2026-05-12 00:00:00,N,2026,,N
2026,3390,2026-05-12 00:00:00,GMADA,1110104000,5,850,R,3390,131,1,1747,1,1809,,,,2591312.0,N,S,2026-05-12 00:00:00,,,1,alq de equip,2026-05-12 00:00:00,N,LAB,2026-05-12 00:00:00,N,2026,,N
2026,3392,2026-05-12 00:00:00,GMADA,1110105000,6,2454,R,3392,110,1,1755,1,1819,,,,120000.0,D,S,2026-05-12 00:00:00,,,1,diferencia,2026-05-12 00:00:00,N,CASA,2026-05-12 00:00:00,N,2026,,N
2026,3395,2026-05-12 00:00:00,GMADA,1110102000,2,1994,R,3395,110,1,1750,1,1814,,,,1000000.0,N,S,2026-05-12 00:00:00,,,1,flete,2026-05-12 00:00:00,N,GOB,2026-05-12 00:00:00,N,2026,,N
2026,3396,2026-05-12 00:00:00,GMADA,1110118000,25,688,R,3396,110,1,1751,1,1815,,,,37000.0,D,S,2026-05-12 00:00:00,,,1,servs,2026-05-12 00:00:00,N,000SU,2026-05-12 00:00:00,N,2026,,N
2026,1602,2026-02-27 00:00:00,GMADA,1110112000,19,50051,R,1602,110,,,,,,,,4999609.44,D,S,2026-02-27 00:00:00,,,1,Generado Automáticamente - Periodo 2/2026 - Tipo/Grupo 9/1,2026-02-27 00:00:00,N,SECHAC,,,,,
2026,1603,2026-02-27 00:00:00,GMADA,1110112000,19,50052,R,1603,110,,,,,,,,1999843.79,D,S,2026-02-27 00:00:00,,,1,Generado Automáticamente - Periodo 2/2026 - Tipo/Grupo 9/1,2026-02-27 00:00:00,N,SECHAC,,,,,
2026,1604,2026-02-27 00:00:00,GMADA,1110113000,20,50008,R,1604,110,,,,,,,,113519717.44,D,S,2026-02-27 00:00:00,,,1,Generado Automáticamente - Periodo 2/2026 - Tipo/Grupo 9/1,2026-02-27 00:00:00,N,SECSEG,,,,,
2026,1605,2026-02-27 00:00:00,GMADA,1110113000,20,50051,R,1605,110,,,,,,,,11031703.61,D,S,2026-02-27 00:00:00,,,1,Generado Automáticamente - Periodo 2/2026 - Tipo/Grupo 9/1,2026-02-27 00:00:00,N,SECSEG,,,,,
2026,1606,2026-02-27 00:00:00,GMADA,1110113000,20,50052,R,1606,110,,,,,,,,4456119.18,D,S,2026-02-27 00:00:00,,,1,Generado Automáticamente - Periodo 2/2026 - Tipo/Grupo 9/1,2026-02-27 00:00:00,N,SECSEG,,,,,
2026,1607,2026-02-27 00:00:00,GMADA,1110115000,22,50008,R,1607,110,,,,,,,,12224976.45,D,S,2026-02-27 00:00:00,,,1,Generado Automáticamente - Periodo 2/2026 - Tipo/Grupo 9/1,2026-02-27 00:00:00,N,SECGRA,,,,,
2026,1608,2026-02-27 00:00:00,GMADA,1110115000,22,50051,R,1608,110,,,,,,,,1369798.71,D,S,2026-02-27 00:00:00,,,1,Generado Automáticamente - Periodo 2/2026 - Tipo/Grupo 9/1,2026-02-27 00:00:00,N,SECGRA,,,,,
2026,1609,2026-02-27 00:00:00,GMADA,1110115000,22,50052,R,1609,110,,,,,,,,547919.48,D,S,2026-02-27 00:00:00,,,1,Generado Automáticamente - Periodo 2/2026 - Tipo/Grupo 9/1,2026-02-27 00:00:00,N,SECGRA,,,,,
2026,1610,2026-02-27 00:00:00,GMADA,1110117000,24,50008,R,1610,110,,,,,,,,20894994.88,D,S,2026-02-27 00:00:00,,,1,Generado Automáticamente - Periodo 2/2026 - Tipo/Grupo 9/1,2026-02-27 00:00:00,N,000002,,,,,
2026,1611,2026-02-27 00:00:00,GMADA,1110117000,24,50051,R,1611,110,,,,,,,,2230749.9,D,S,2026-02-27 00:00:00,,,1,Generado Automáticamente - Periodo 2/2026 - Tipo/Grupo 9/1,2026-02-27 00:00:00,N,000002,,,,,
2026,1612,2026-02-27 00:00:00,GMADA,1110117000,24,50052,R,1612,110,,,,,,,,951061.01,D,S,2026-02-27 00:00:00,,,1,Generado Automáticamente - Periodo 2/2026 - Tipo/Grupo 9/1,2026-02-27 00:00:00,N,000002,,,,,
2026,1613,2026-02-27 00:00:00,GMADA,1110118000,25,50008,R,1613,110,,,,,,,,3041624.13,D,S,2026-02-27 00:00:00,,,1,Generado Automáticamente - Periodo 2/2026 - Tipo/Grupo 9/1,2026-02-27 00:00:00,N,VIMUNI,,,,,
2026,1614,2026-02-27 00:00:00,GMADA,1110118000,25,50008,R,1614,110,,,,,,,,3412447.55,D,S,2026-02-27 00:00:00,,,1,Generado Automáticamente - Periodo 2/2026 - Tipo/Grupo 9/1,2026-02-27 00:00:00,N,BARU,,,,,
2026,1615,2026-02-27 00:00:00,GMADA,1110118000,25,50008,R,1615,110,,,,,,,,9085679.98,D,S,2026-02-27 00:00:00,,,1,Generado Automáticamente - Periodo 2/2026 - Tipo/Grupo 9/1,2026-02-27 00:00:00,N,MEAM,,,,,
2026,1616,2026-02-27 00:00:00,GMADA,1110118000,25,50008,R,1616,110,,,,,,,,22798956.89,D,S,2026-02-27 00:00:00,,,1,Generado Automáticamente - Periodo 2/2026 - Tipo/Grupo 9/1,2026-02-27 00:00:00,N,DECI,,,,,
2026,1617,2026-02-27 00:00:00,GMADA,1110118000,25,50008,R,1617,110,,,,,,,,68389555.05,D,S,2026-02-27 00:00:00,,,1,Generado Automáticamente - Periodo 2/2026 - Tipo/Grupo 9/1,2026-02-27 00:00:00,N,00003,,,,,
2026,1618,2026-02-27 00:00:00,GMADA,1110118000,25,50051,R,1618,110,,,,,,,,2377437.64,D,S,2026-02-27 00:00:00,,,1,Generado Automáticamente - Periodo 2/2026 - Tipo/Grupo 9/1,2026-02-27 00:00:00,N,DECI,,,,,
2026,1619,2026-02-27 00:00:00,GMADA,1110118000,25,50051,R,1619,110,,,,,,,,314325.32,D,S,2026-02-27 00:00:00,,,1,Generado Automáticamente - Periodo 2/2026 - Tipo/Grupo 9/1,2026-02-27 00:00:00,N,VIMUNI,,,,,
2026,1620,2026-02-27 00:00:00,GMADA,1110118000,25,50051,R,1620,110,,,,,,,,350839.8,D,S,2026-02-27 00:00:00,,,1,Generado Automáticamente - Periodo 2/2026 - Tipo/Grupo 9/1,2026-02-27 00:00:00,N,BARU,,,,,
2026,1621,2026-02-27 00:00:00,GMADA,1110118000,25,50051,R,1621,110,,,,,,,,919760.01,D,S,2026-02-27 00:00:00,,,1,Generado Automáticamente - Periodo 2/2026 - Tipo/Grupo 9/1,2026-02-27 00:00:00,N,MEAM,,,,,
2026,1622,2026-02-27 00:00:00,GMADA,1110118000,25,50051,R,1622,110,,,,,,,,6785512.53,D,S,2026-02-27 00:00:00,,,1,Generado Automáticamente - Periodo 2/2026 - Tipo/Grupo 9/1,2026-02-27 00:00:00,N,00003,,,,,
2026,1623,2026-02-27 00:00:00,GMADA,1110118000,25,50052,R,1623,110,,,,,,,,125730.12,D,S,2026-02-27 00:00:00,,,1,Generado Automáticamente - Periodo 2/2026 - Tipo/Grupo 9/1,2026-02-27 00:00:00,N,VIMUNI,,,,,
2026,1624,2026-02-27 00:00:00,GMADA,1110118000,25,50052,R,1624,110,,,,,,,,140335.92,D,S,2026-02-27 00:00:00,,,1,Generado Automáticamente - Periodo 2/2026 - Tipo/Grupo 9/1,2026-02-27 00:00:00,N,BARU,,,,,
2026,1625,2026-02-27 00:00:00,GMADA,1110118000,25,50052,R,1625,110,,,,,,,,367904.01,D,S,2026-02-27 00:00:00,,,1,Generado Automáticamente - Periodo 2/2026 - Tipo/Grupo 9/1,2026-02-27 00:00:00,N,MEAM,,,,,
2026,1538,2026-02-27 00:00:00,GMADA,1110102000,2,50052,R,1538,110,,,,,,,,202001.51,D,S,2026-02-27 00:00:00,,,1,Generado Automáticamente - Periodo 2/2026 - Tipo/Grupo 9/1,2026-02-27 00:00:00,N,GOB,,,,,
2026,1539,2026-02-27 00:00:00,GMADA,1110102000,2,50052,R,1539,110,,,,,,,,41899.46,D,S,2026-02-27 00:00:00,,,1,Generado Automáticamente - Periodo 2/2026 - Tipo/Grupo 9/1,2026-02-27 00:00:00,N,ARCHG,,,,,
2026,1540,2026-02-27 00:00:00,GMADA,1110102000,2,50052,R,1540,110,,,,,,,,874189.15,D,S,2026-02-27 00:00:00,,,1,Generado Automáticamente - Periodo 2/2026 - Tipo/Grupo 9/1,2026-02-27 00:00:00,N,GOBHAC,,,,,
2026,1541,2026-02-27 00:00:00,GMADA,1110102000,2,50052,R,1541,110,,,,,,,,44839.91,D,S,2026-02-27 00:00:00,,,1,Generado Automáticamente - Periodo 2/2026 - Tipo/Grupo 9/1,2026-02-27 00:00:00,N,DMACED,,,,,
2026,1626,2026-02-27 00:00:00,GMADA,1110118000,25,50052,R,1626,110,,,,,,,,2730198.39,D,S,2026-02-27 00:00:00,,,1,Generado Automáticamente - Periodo 2/2026 - Tipo/Grupo 9/1,2026-02-27 00:00:00,N,00003,,,,,
2026,1627,2026-02-27 00:00:00,GMADA,1110118000,25,50052,R,1627,110,,,,,,,,950975.02,D,S,2026-02-27 00:00:00,,,1,Generado Automáticamente - Periodo 2/2026 - Tipo/Grupo 9/1,2026-02-27 00:00:00,N,DECI,,,,,
2026,1628,2026-02-27 00:00:00,GMADA,1110118000,25,50008,R,1628,131,,,,,,,,738999.06,D,S,2026-02-27 00:00:00,,,1,Generado Automáticamente - Periodo 2/2026 - Tipo/Grupo 9/1,2026-02-27 00:00:00,N,MEAM,,,,,
2026,1629,2026-02-27 00:00:00,GMADA,1110118000,25,50052,R,1629,131,,,,,,,,35471.95,D,S,2026-02-27 00:00:00,,,1,Generado Automáticamente - Periodo 2/2026 - Tipo/Grupo 9/1,2026-02-27 00:00:00,N,MEAM,,,,,
2026,1630,2026-02-27 00:00:00,GMADA,1110200000,8,50008,R,1630,110,,,,,,,,22775853.73,D,S,2026-02-27 00:00:00,,,1,Generado Automáticamente - Periodo 2/2026 - Tipo/Grupo 9/1,2026-02-27 00:00:00,N,PRESID,,,,,
2026,1631,2026-02-27 00:00:00,GMADA,1110200000,8,50051,R,1631,110,,,,,,,,2618472.26,D,S,2026-02-27 00:00:00,,,1,Generado Automáticamente - Periodo 2/2026 - Tipo/Grupo 9/1,2026-02-27 00:00:00,N,PRESID,,,,,
2026,1632,2026-02-27 00:00:00,GMADA,1110200000,8,50052,R,1632,110,,,,,,,,1047388.9,D,S,2026-02-27 00:00:00,,,1,Generado Automáticamente - Periodo 2/2026 - Tipo/Grupo 9/1,2026-02-27 00:00:00,N,PRESID,,,,,
2026,1761,2026-03-06 00:00:00,GMADA,1110105000,6,50014,A,1753,110,,,,,,,,-68966.9,N,S,2026-03-06 00:00:00,2026-03-06 00:00:00,ERROR,1,caja chica cultura,2026-03-06 00:00:00,N,CULTUR,,N,2026,,N
2026,1633,2026-02-27 00:00:00,GMADA,1110113000,20,50087,R,1633,131,,,,,,,,2500000.0,D,S,2026-02-27 00:00:00,,,2,COPRES,2026-02-27 00:00:00,N,SECSEG,,N,2026,,N
2026,1634,2026-02-27 00:00:00,GMADA,1110102000,2,50063,R,1634,110,,,,,,,,8097.32,D,S,2026-02-27 00:00:00,,,2,COMISIONES,2026-02-27 00:00:00,N,ADFIN,,N,2026,,N
2026,1635,2026-02-27 00:00:00,GMADA,1110102000,2,50063,R,1635,110,,,,,,,,812786.84,D,S,2026-02-27 00:00:00,,,2,COMISIONES,2026-02-27 00:00:00,N,ADFIN,,N,2026,,N
2026,1636,2026-02-27 00:00:00,GMADA,1110106000,7,3454,R,1636,131,1,804,1,873,,,,710717.6,D,S,2026-02-27 00:00:00,,,1,SERV TEC,2026-02-27 00:00:00,N,ACCSOC,,N,2026,,N
2026,1637,2026-02-27 00:00:00,GMADA,1110105000,6,3177,R,1637,110,1,805,1,872,,,,1800000.0,D,S,2026-02-27 00:00:00,,,1,SOPORTES,2026-02-27 00:00:00,N,CULTUR,2026-02-27 00:00:00,N,2026,,N
2026,1638,2026-02-27 00:00:00,GMADA,1110109000,13,2299,R,1638,110,1,806,1,842,,,,500000.0,N,S,2026-02-27 00:00:00,,,1,AGUA,2026-02-27 00:00:00,N,DEP,2026-02-27 00:00:00,N,2026,,N
2026,1639,2026-02-27 00:00:00,GMADA,1110113000,20,3297,R,1639,110,1,811,1,846,,,,1570000.0,D,S,2026-02-27 00:00:00,,,1,VINILO,2026-02-27 00:00:00,N,SECSEG,2026-02-27 00:00:00,N,2026,,N
2026,1640,2026-02-27 00:00:00,GMADA,1110104000,5,3322,R,1640,131,1,812,1,848,,,,497777.59,D,S,2026-02-27 00:00:00,,,1,ELEMENTOS DE LIMPIEZA,2026-02-27 00:00:00,N,LAV,2026-02-27 00:00:00,N,2026,,N
2026,1641,2026-02-27 00:00:00,GMADA,1110104000,5,3184,R,1641,131,1,813,1,847,,,,5325216.2,D,S,2026-02-27 00:00:00,,,1,PROD FARM,2026-02-27 00:00:00,N,FARM,2026-02-27 00:00:00,N,2026,,N
2026,1642,2026-02-27 00:00:00,GMADA,1110104000,5,3075,R,1642,131,1,814,1,849,,,,185293.58,D,S,2026-02-27 00:00:00,,,1,ELEMENTOS DE LIMPIEZA,2026-02-27 00:00:00,N,HOGANC,2026-02-27 00:00:00,N,2026,,N
2026,1643,2026-02-27 00:00:00,GMADA,1110109000,13,3287,R,1643,110,1,809,1,843,,,,166500.0,D,S,2026-02-27 00:00:00,,,1,VINILO,2026-02-27 00:00:00,N,DEP,2026-02-27 00:00:00,N,2026,,N
2026,1644,2026-02-27 00:00:00,GMADA,1110109000,13,50470,R,1644,110,,,,,DECRE,261,2026,6625167.3,D,S,2026-02-27 00:00:00,,,2,POLICIA ADIC RALLY ARGENTINO,2026-02-27 00:00:00,N,DEPORT,,N,2026,,N
2026,1645,2026-02-27 00:00:00,GMADA,1110118000,25,163,R,1645,110,1,807,1,840,,,,1276200.0,D,S,2026-02-27 00:00:00,,,1,MANT,2026-02-27 00:00:00,N,000SU,2026-02-27 00:00:00,N,2026,,N
2026,1646,2026-02-27 00:00:00,GMADA,1110104000,5,1603,R,1646,131,1,794,1,837,,,,833000.0,D,S,2026-02-27 00:00:00,,,1,PAN,2026-02-27 00:00:00,N,HOSP,2026-02-27 00:00:00,N,2026,,N
2026,1732,2026-03-06 00:00:00,GMADA,1110101000,1,50003,R,1732,110,,,,,,,,90000.0,D,S,2026-03-06 00:00:00,,,2,viatico esteban santoro,2026-03-06 00:00:00,N,INT,,N,2026,,N
2026,1753,2026-03-06 00:00:00,GMADA,1110105000,6,50014,R,1753,110,,,,,,,,68966.9,A,S,2026-03-06 00:00:00,2026-03-06 00:00:00,ERROR,1,caja chica cultura,2026-03-06 00:00:00,N,CULTUR,,N,2026,,N
2026,2482,2026-04-08 00:00:00,GMADA,1110113000,20,2416,A,1937,110,1,1010,1,1070,,,,-3029100.0,N,S,2026-03-12 00:00:00,2026-04-08 00:00:00,ERROR,1,motor p/veh,2026-04-08 00:00:00,N,SECSEG,2026-03-12 00:00:00,N,2026,,N
2026,1762,2026-03-06 00:00:00,GMADA,1110112000,19,50014,R,1762,110,,,,,,,,68966.9,D,S,2026-03-06 00:00:00,,,1,caja chica contaduria,2026-03-06 00:00:00,N,SEHA,2026-03-06 00:00:00,N,2026,,N
2026,1766,2026-03-06 00:00:00,GMADA,1110102000,2,50283,R,1766,110,,,,,,,,81565.03,D,S,2026-03-06 00:00:00,,,2,caja chica delegacion,2026-03-06 00:00:00,N,DELRU,,N,2026,,N
2026,2479,2026-04-08 00:00:00,GMADA,1110102000,2,50023,R,2479,132,,,,,,,,27468.52,D,S,2026-04-08 00:00:00,,,1,gas,2026-04-08 00:00:00,N,CATAN,2026-04-08 00:00:00,N,2026,,N
2026,2481,2026-04-08 00:00:00,GMADA,1110102000,2,50925,R,2481,132,,,,,,,,75137.26,D,S,2026-04-08 00:00:00,,,1,servs,2026-04-08 00:00:00,N,CATAN,2026-04-08 00:00:00,N,2026,,N
2026,2483,2026-04-08 00:00:00,GMADA,1110104000,5,2209,R,2483,131,1,1253,1,1288,,,,405352.2,D,S,2026-04-08 00:00:00,,,1,alimentos,2026-04-08 00:00:00,N,COC,2026-04-08 00:00:00,N,2026,,N
2026,2484,2026-04-08 00:00:00,GMADA,1110104000,5,2209,R,2484,131,1,1254,1,1289,,,,134576.0,D,S,2026-04-08 00:00:00,,,1,alimentos,2026-04-08 00:00:00,N,HOGANC,2026-04-08 00:00:00,N,2026,,N
2026,2485,2026-04-08 00:00:00,GMADA,1110105000,6,441,R,2485,132,1,1216,1,1283,,,,116100.06,D,S,2026-04-08 00:00:00,,,1,arts de papelera,2026-04-08 00:00:00,N,BA,2026-04-08 00:00:00,N,2026,,N
2026,2486,2026-04-08 00:00:00,GMADA,1110104000,5,3297,R,2486,131,1,1218,1,1284,,,,410000.0,D,S,2026-04-08 00:00:00,,,1,reparac,2026-04-08 00:00:00,N,HOSP,2026-04-08 00:00:00,N,2026,,N
2026,2487,2026-04-08 00:00:00,GMADA,1110102000,2,2753,R,2487,110,1,1200,1,1259,,,,280000.0,D,S,2026-04-08 00:00:00,,,1,servs de sonido,2026-04-08 00:00:00,N,GOBHAC,2026-04-08 00:00:00,N,2026,,N
2026,2488,2026-04-08 00:00:00,GMADA,1110101000,1,441,R,2488,110,1,1203,1,1270,,,,126700.0,D,S,2026-04-08 00:00:00,,,1,bandera,2026-04-08 00:00:00,N,CEREM,2026-04-08 00:00:00,N,2026,,N
2026,2489,2026-04-08 00:00:00,GMADA,1110104000,5,1468,R,2489,131,1,1205,1,1277,,,,1297679.48,D,S,2026-04-08 00:00:00,,,1,medicamentos,2026-04-08 00:00:00,N,FARM,2026-04-08 00:00:00,N,2026,,N
2026,2490,2026-04-08 00:00:00,GMADA,1110104000,5,1440,R,2490,131,1,1207,1,1278,,,,4604209.0,D,S,2026-04-08 00:00:00,,,1,insumos,2026-04-08 00:00:00,N,HOSP,2026-04-08 00:00:00,N,2026,,N
2026,2491,2026-04-08 00:00:00,GMADA,1110118000,25,313,R,2491,132,1,1210,1,1279,,,,8000000.0,D,S,2026-04-08 00:00:00,,,1,comb,2026-04-08 00:00:00,N,000SU,2026-04-08 00:00:00,N,2026,,N
2026,2492,2026-04-08 00:00:00,GMADA,1110118000,25,117,R,2492,110,1,1212,1,1282,,,,74448.0,D,S,2026-04-08 00:00:00,,,1,papel,2026-04-08 00:00:00,N,MEAM,2026-04-08 00:00:00,N,2026,,N
2026,2493,2026-04-08 00:00:00,GMADA,1110118000,25,300,R,2493,110,1,1214,1,1280,,,,655840.0,D,S,2026-04-08 00:00:00,,,1,arts de ferret,2026-04-08 00:00:00,N,DECI,2026-04-08 00:00:00,N,2026,,N
2026,2494,2026-04-08 00:00:00,GMADA,1110118000,25,436,R,2494,110,1,1217,1,1281,,,,868000.0,D,S,2026-04-08 00:00:00,,,2,parches,2026-04-08 00:00:00,N,000SU,,N,2026,,N
2026,2495,2026-04-08 00:00:00,GMADA,1110118000,25,2369,R,2495,110,1,1222,1,1317,,,,2003590.03,D,S,2026-04-08 00:00:00,,,1,repuestos,2026-04-08 00:00:00,N,000SU,2026-04-08 00:00:00,N,2026,,N
2026,2496,2026-04-08 00:00:00,GMADA,1110111000,3,2680,R,2496,131,1,1235,1,1314,,,,488500.0,D,S,2026-04-08 00:00:00,,,1,cargas de gas,2026-04-08 00:00:00,N,CAS,2026-04-08 00:00:00,N,2026,,N
2026,2497,2026-04-08 00:00:00,GMADA,1110111000,3,2410,R,2497,131,1,1232,1,1312,,,,60000.0,D,S,2026-04-08 00:00:00,,,1,reparac de motoniv,2026-04-08 00:00:00,N,CAS,2026-04-08 00:00:00,N,2026,,N
2026,2498,2026-04-08 00:00:00,GMADA,1110106000,7,117,R,2498,110,1,1231,1,1310,,,,104750.0,D,S,2026-04-08 00:00:00,,,1,arts de papelera,2026-04-08 00:00:00,N,GRAN,2026-04-08 00:00:00,N,2026,,N
2026,2499,2026-04-08 00:00:00,GMADA,1110106000,7,169,R,2499,132,1,1229,1,1309,,,,9700.0,D,S,2026-04-08 00:00:00,,,1,jabón liquido,2026-04-08 00:00:00,N,JARD,2026-04-08 00:00:00,N,2026,,N
2026,2500,2026-04-08 00:00:00,GMADA,1110106000,7,117,R,2500,110,1,1228,1,1311,,,,489339.81,D,S,2026-04-08 00:00:00,,,1,arts de papelera,2026-04-08 00:00:00,N,ACCSOC,2026-04-08 00:00:00,N,2026,,N
2026,3398,2026-05-12 00:00:00,GMADA,1110111000,3,2421,R,3398,131,1,1752,1,1816,,,,450000.0,N,S,2026-05-12 00:00:00,,,1,alq de edif,2026-05-12 00:00:00,N,CAS,2026-05-12 00:00:00,N,2026,,N
2026,3399,2026-05-12 00:00:00,GMADA,1110109000,13,2330,R,3399,110,1,1753,1,1817,,,,4919750.0,N,S,2026-05-12 00:00:00,,,1,comb,2026-05-12 00:00:00,N,DEP,2026-05-12 00:00:00,N,2026,,N
2026,3400,2026-05-12 00:00:00,GMADA,1110111000,3,2636,R,3400,131,1,1749,1,1776,,,,106500.0,N,S,2026-05-12 00:00:00,,,1, vidrio,2026-05-12 00:00:00,N,CAS,2026-05-12 00:00:00,N,2026,,N
2026,3403,2026-05-12 00:00:00,GMADA,1110118000,25,879,R,3403,110,1,1717,1,1773,,,,251040.0,D,S,2026-05-12 00:00:00,,,1,cemento,2026-05-12 00:00:00,N,000SU,2026-05-12 00:00:00,N,2026,,N
2026,2501,2026-04-08 00:00:00,GMADA,1110113000,20,3520,R,2501,110,1,1224,1,1297,,,,14803.14,D,S,2026-04-08 00:00:00,,,1,repuestos,2026-04-08 00:00:00,N,SECSEG,2026-04-08 00:00:00,N,2026,,N
2026,2502,2026-04-08 00:00:00,GMADA,1110118000,25,3075,R,2502,110,1,1223,1,1298,,,,71842.5,D,S,2026-04-08 00:00:00,,,1,bolsas de consorcio,2026-04-08 00:00:00,N,DECI,2026-04-08 00:00:00,N,2026,,N
2026,2503,2026-04-08 00:00:00,GMADA,1110104000,5,2869,R,2503,131,1,1219,1,1265,,,,1563876.0,D,S,2026-04-08 00:00:00,,,1,carne,2026-04-08 00:00:00,N,COC,2026-04-08 00:00:00,N,2026,,N
2026,2504,2026-04-08 00:00:00,GMADA,1110104000,5,866,R,2504,131,1,1220,1,1266,,,,4331642.88,D,S,2026-04-08 00:00:00,,,1,medicamentos,2026-04-08 00:00:00,N,FARM,2026-04-08 00:00:00,N,2026,,N
2026,2505,2026-04-08 00:00:00,GMADA,1110105000,6,360,R,2505,110,1,1221,1,1267,,,,60000.0,D,S,2026-04-08 00:00:00,,,1,trabajos de elect,2026-04-08 00:00:00,N,CULTUR,2026-04-08 00:00:00,N,2026,,N
2026,3323,2026-05-11 00:00:00,GMADA,1110104000,5,879,R,3323,131,1,1732,1,1792,,,,185270.0,D,S,2026-05-11 00:00:00,,,1,arts de corralón,2026-05-11 00:00:00,N,HOGANC,2026-05-11 00:00:00,N,2026,,N
2026,3325,2026-05-11 00:00:00,GMADA,1110118000,25,17,R,3325,110,1,1723,1,1767,,,,489000.0,N,S,2026-05-11 00:00:00,,,1,reparac,2026-05-11 00:00:00,N,DECI,2026-05-11 00:00:00,N,2026,,N
2026,3326,2026-05-11 00:00:00,GMADA,1110118000,25,879,R,3326,110,1,1720,1,1770,,,,247600.0,D,S,2026-05-11 00:00:00,,,1,materiales de corralón,2026-05-11 00:00:00,N,18C,2026-05-11 00:00:00,N,2026,,N
2026,3327,2026-05-11 00:00:00,GMADA,1110118000,25,879,R,3327,110,1,1717,1,1773,,,,251040.0,A,S,2026-05-11 00:00:00,2026-05-12 00:00:00,ERROR,1,cemento,2026-05-11 00:00:00,N,000SU,2026-05-11 00:00:00,N,2026,,N
2026,3330,2026-05-11 00:00:00,GMADA,1110118000,25,17,R,3330,110,1,1711,1,1765,,,,457600.0,N,S,2026-05-11 00:00:00,,,1,reparac,2026-05-11 00:00:00,N,MEAM,2026-05-11 00:00:00,N,2026,,N
2026,3332,2026-05-11 00:00:00,GMADA,1110104000,5,3322,R,3332,131,1,1709,1,1784,,,,910423.58,D,S,2026-05-11 00:00:00,,,1,arts de limp,2026-05-11 00:00:00,N,LAV,2026-05-11 00:00:00,N,2026,,N
2026,3335,2026-05-11 00:00:00,GMADA,1110102000,2,2636,R,3335,132,1,1708,1,1783,,,,281300.0,N,S,2026-05-11 00:00:00,,,1,puertas,2026-05-11 00:00:00,N,AREAJ,2026-05-11 00:00:00,N,2026,,N
2026,3336,2026-05-11 00:00:00,GMADA,1110112000,19,517,R,3336,110,1,1706,1,1782,,,,112000.0,D,S,2026-05-11 00:00:00,,,1,silla,2026-05-11 00:00:00,N,CONTRA,2026-05-11 00:00:00,N,2026,,N
2026,3337,2026-05-11 00:00:00,GMADA,1110109000,13,3577,R,3337,110,1,1733,1,1810,EXPED,956,2026,3150000.0,N,S,2026-05-11 00:00:00,,,1,servs,2026-05-11 00:00:00,N,DEP,2026-05-11 00:00:00,N,2026,,N
2026,3338,2026-05-11 00:00:00,GMADA,1110104000,5,866,R,3338,131,1,1712,1,1786,,,,4640709.53,D,S,2026-05-11 00:00:00,,,1,medicamentos,2026-05-11 00:00:00,N,FARM,2026-05-11 00:00:00,N,2026,,N
2026,3339,2026-05-11 00:00:00,GMADA,1110104000,5,300,R,3339,131,1,1714,1,1787,,,,459613.0,N,S,2026-05-11 00:00:00,,,1,arts de ferret,2026-05-11 00:00:00,N,HOSP,2026-05-11 00:00:00,N,2026,,N
2026,367,2026-01-16 00:00:00,GMADA,1110200000,8,1235,A,34,110,1,8,1,6,,,,-1796730.0,N,S,2026-01-07 00:00:00,2026-01-16 00:00:00,ERROR,1,alquiler,2026-01-16 00:00:00,N,PRESID,,N,2026,,N
2026,368,2026-01-16 00:00:00,GMADA,1110112000,19,1235,A,33,110,1,6,1,7,,,,-3473460.0,N,S,2026-01-07 00:00:00,2026-01-16 00:00:00,ERROR,1,alquiler,2026-01-16 00:00:00,N,SEHA,2026-01-07 00:00:00,N,2026,,N
2026,369,2026-01-16 00:00:00,GMADA,1110106000,7,1235,A,35,110,1,10,1,5,,,,-937950.0,N,S,2026-01-07 00:00:00,2026-01-16 00:00:00,ERROR,1,alquiler de equipos,2026-01-16 00:00:00,N,ACCSOC,2026-01-07 00:00:00,N,2026,,N
2026,370,2026-01-16 00:00:00,GMADA,1110104000,5,2869,R,370,131,1,268,1,283,,,,1495929.0,D,S,2026-01-16 00:00:00,,,1,carne,2026-01-16 00:00:00,N,COC,2026-01-16 00:00:00,N,2026,,N
2026,371,2026-01-16 00:00:00,GMADA,1110106000,7,2843,R,371,132,1,269,1,285,,,,87000.0,D,S,2026-01-16 00:00:00,,,1,frutas y verds,2026-01-16 00:00:00,N,ENV,2026-01-16 00:00:00,N,2026,,N
2026,372,2026-01-16 00:00:00,GMADA,1110104000,5,3356,R,372,131,1,267,1,282,,,,60300.0,D,S,2026-01-16 00:00:00,,,1,pescado,2026-01-16 00:00:00,N,HOGANC,2026-01-16 00:00:00,N,2026,,N
2026,373,2026-01-16 00:00:00,GMADA,1110102000,2,130,R,373,110,1,271,1,284,,,,63000.0,D,S,2026-01-16 00:00:00,,,1,mano de obra,2026-01-16 00:00:00,N,DELRU,2026-01-16 00:00:00,N,2026,,N
2026,374,2026-01-16 00:00:00,GMADA,1110106000,7,1259,R,374,132,1,275,1,286,,,,26705.0,D,S,2026-01-16 00:00:00,,,1,llave,2026-01-16 00:00:00,N,JARD,2026-01-16 00:00:00,N,2026,,N
2026,375,2026-01-16 00:00:00,GMADA,1110106000,7,1603,R,375,132,1,277,1,287,,,,810000.0,D,S,2026-01-16 00:00:00,,,2,pan,2026-01-16 00:00:00,N,JARD,2026-01-16 00:00:00,N,2026,,N
2026,376,2026-01-16 00:00:00,GMADA,1110106000,7,1259,R,376,110,1,279,1,288,,,,93664.2,D,S,2026-01-16 00:00:00,,,1,arts de elect,2026-01-16 00:00:00,N,ACCSOC,2026-01-16 00:00:00,N,2026,,N
2026,377,2026-01-16 00:00:00,GMADA,1110102000,2,211,R,377,110,1,282,1,289,,,,80000.0,D,S,2026-01-16 00:00:00,,,1,servs de torneria,2026-01-16 00:00:00,N,GOBHAC,2026-01-16 00:00:00,N,2026,,N
2026,378,2026-01-16 00:00:00,GMADA,1110113000,20,1879,R,378,110,1,285,1,290,,,,590000.0,D,S,2026-01-16 00:00:00,,,1,repuestos,2026-01-16 00:00:00,N,SECSEG,2026-01-16 00:00:00,N,2026,,N
2026,379,2026-01-16 00:00:00,GMADA,1110104000,5,850,R,379,131,1,272,1,277,,,,1630151.61,D,S,2026-01-16 00:00:00,,,1,reactivos,2026-01-16 00:00:00,N,LAB,2026-01-16 00:00:00,N,2026,,N
2026,380,2026-01-16 00:00:00,GMADA,1110104000,5,2883,R,380,131,1,274,1,278,,,,121859.1,D,S,2026-01-16 00:00:00,,,1,insumos farmcs,2026-01-16 00:00:00,N,FARM,2026-01-16 00:00:00,N,2026,,N
2026,381,2026-01-16 00:00:00,GMADA,1110104000,5,167,R,381,131,1,276,1,279,,,,1118690.0,D,S,2026-01-16 00:00:00,,,1,pollo,2026-01-16 00:00:00,N,COC,2026-01-16 00:00:00,N,2026,,N
2026,382,2026-01-16 00:00:00,GMADA,1110104000,5,2869,R,382,131,1,278,1,280,,,,1518843.0,D,S,2026-01-16 00:00:00,,,1,carne,2026-01-16 00:00:00,N,HOGANC,2026-01-16 00:00:00,N,2026,,N
2026,383,2026-01-16 00:00:00,GMADA,1110104000,5,1078,R,383,131,1,280,1,281,,,,175000.0,D,S,2026-01-16 00:00:00,,,1,trabajos de elect,2026-01-16 00:00:00,N,HOSP,2026-01-16 00:00:00,N,2026,,N
2026,385,2026-01-16 00:00:00,GMADA,1110103000,3,33,R,385,110,1,191,1,180,,,,1004493.42,D,S,2026-01-16 00:00:00,,,1,seguros,2026-01-16 00:00:00,N,OPP,2026-01-16 00:00:00,N,2026,,N
2026,386,2026-01-16 00:00:00,GMADA,1110109000,13,33,R,386,110,1,193,1,181,,,,8404581.12,N,S,2026-01-16 00:00:00,,,1,seguros,2026-01-16 00:00:00,N,DEP,2026-01-16 00:00:00,N,2026,,N
2026,390,2026-01-16 00:00:00,GMADA,1110113000,20,2228,R,390,110,,,,,,,,451814.0,D,S,2026-01-16 00:00:00,,,1,Reg.Comp. 599/2025 SERVS,2026-01-16 00:00:00,N,SECSEG,2026-01-16 00:00:00,N,,,N
2026,391,2026-01-16 00:00:00,GMADA,1110102000,2,41,R,391,110,,,,,,,,70000.0,D,S,2026-01-16 00:00:00,,,1,Reg.Comp. 256/2025 publicidad,2026-01-16 00:00:00,N,GOB,2026-01-16 00:00:00,N,,,N
2026,393,2026-01-16 00:00:00,GMADA,1110106000,7,5,R,393,132,,,,,,,,39975.0,D,S,2026-01-16 00:00:00,,,1,Reg.Comp. 8701/2025 alimentos,2026-01-16 00:00:00,N,ACCSOC,2026-01-16 00:00:00,N,,,N
2026,394,2026-01-16 00:00:00,GMADA,1110109000,13,313,R,394,110,,,,,,,,2037.0,D,S,2026-01-16 00:00:00,,,1,Reg.Comp. 238/2025 comb,2026-01-16 00:00:00,N,DEP,2026-01-16 00:00:00,N,,,N
2026,395,2026-01-16 00:00:00,GMADA,1110111000,3,50087,R,395,131,,,,,,,,560000.0,D,S,2026-01-16 00:00:00,,,1,copres 07-14/01,2026-01-16 00:00:00,N,CAS,2026-01-16 00:00:00,N,2026,,N
2026,396,2026-01-16 00:00:00,GMADA,1110113000,20,50087,R,396,131,,,,,,,,8000000.0,D,S,2026-01-16 00:00:00,,,2,copres 07-14/01,2026-01-16 00:00:00,N,SECSEG,2026-01-16 00:00:00,N,2026,,N
2026,397,2026-01-16 00:00:00,GMADA,1110104000,5,50087,R,397,131,,,,,,,,1750000.0,D,S,2026-01-16 00:00:00,,,1,copres 7-14/01,2026-01-16 00:00:00,N,HOSP,2026-01-16 00:00:00,N,2026,,N
2026,398,2026-01-16 00:00:00,GMADA,1110106000,7,50087,R,398,132,,,,,,,,600000.0,D,S,2026-01-16 00:00:00,,,1,copres 7-14/01,2026-01-16 00:00:00,N,ACCSOC,2026-01-16 00:00:00,N,2026,,N
2026,399,2026-01-16 00:00:00,GMADA,1110118000,25,50087,R,399,132,,,,,,,,550000.0,D,S,2026-01-16 00:00:00,,,1,copres 07-14/01,2026-01-16 00:00:00,N,00003,2026-01-16 00:00:00,N,2026,,N
2026,400,2026-01-16 00:00:00,GMADA,1110112000,19,50087,R,400,110,,,,,,,,229200.0,D,S,2026-01-16 00:00:00,,,1,copres 07-14/01,2026-01-16 00:00:00,N,SEHA,2026-01-16 00:00:00,N,2026,,N
2026,959,2026-02-03 00:00:00,GMADA,1110106000,7,2843,R,959,132,1,523,1,563,,,,2047500.0,D,S,2026-02-03 00:00:00,,,1,Alimentos (verduras-huevos),2026-02-03 00:00:00,N,ACCSOC,2026-02-03 00:00:00,N,2026,,N
2026,960,2026-02-03 00:00:00,GMADA,1110106000,7,2843,R,960,132,1,520,1,564,,,,1460300.0,D,S,2026-02-03 00:00:00,,,1,Alimentos (verduras),2026-02-03 00:00:00,N,ACCSOC,2026-02-03 00:00:00,N,2026,,N
2026,961,2026-02-03 00:00:00,GMADA,1110104000,5,87,R,961,131,1,521,1,569,,,,1374380.0,D,S,2026-02-03 00:00:00,,,1,Insumos farmacia,2026-02-03 00:00:00,N,FARM,2026-02-03 00:00:00,N,2026,,N
2026,962,2026-02-03 00:00:00,GMADA,1110109000,13,441,R,962,110,1,522,1,566,,,,8500.0,D,S,2026-02-03 00:00:00,,,1,Art. libreria,2026-02-03 00:00:00,N,DEP,2026-02-03 00:00:00,N,2026,,N
2026,1139,2026-02-12 00:00:00,GMADA,1110111000,3,50087,A,1138,131,,,,,,,,-102187.85,N,S,2026-02-12 00:00:00,2026-02-12 00:00:00,ERROR,2,periodo 11/25,2026-02-12 00:00:00,N,CAS,,N,2026,,N
2026,963,2026-02-03 00:00:00,GMADA,1110104000,5,3322,R,963,131,1,526,1,558,,,,648346.56,D,S,2026-02-03 00:00:00,,,1,Art. de limpieza,2026-02-03 00:00:00,N,HOSP,2026-02-03 00:00:00,N,2026,,N
2026,964,2026-02-03 00:00:00,GMADA,1110111000,3,3337,R,964,131,1,528,1,562,,,,654701.0,D,S,2026-02-03 00:00:00,,,1,Reparacion vehiculos,2026-02-03 00:00:00,N,CAS,2026-02-03 00:00:00,N,2026,,N
2026,965,2026-02-03 00:00:00,GMADA,1110104000,5,1943,R,965,131,1,529,1,561,,,,1392216.28,D,S,2026-02-03 00:00:00,,,1,Mant. planta oxigeno,2026-02-03 00:00:00,N,PO,2026-02-03 00:00:00,N,2026,,N
2026,966,2026-02-03 00:00:00,GMADA,1110104000,11,441,R,966,110,1,536,1,554,,,,30750.04,D,S,2026-02-03 00:00:00,,,1,Art papelera,2026-02-03 00:00:00,N,BROM,2026-02-03 00:00:00,N,2026,,N
2026,967,2026-02-03 00:00:00,GMADA,1110118000,25,2490,R,967,110,1,537,1,574,,,,750000.0,D,S,2026-02-03 00:00:00,,,1,Agua mineral,2026-02-03 00:00:00,N,DECI,2026-02-03 00:00:00,N,2026,,N
2026,968,2026-02-03 00:00:00,GMADA,1110104000,5,1078,R,968,131,1,538,1,555,,,,170000.0,D,S,2026-02-03 00:00:00,,,1,Trabajo de electricidad,2026-02-03 00:00:00,N,HOSP,2026-02-03 00:00:00,N,2026,,N
2026,969,2026-02-03 00:00:00,GMADA,1110104000,5,3165,R,969,131,1,539,1,551,,,,6985428.61,D,S,2026-02-03 00:00:00,,,1,Insumos farmacia,2026-02-03 00:00:00,N,FARM,2026-02-03 00:00:00,N,2026,,N
2026,970,2026-02-03 00:00:00,GMADA,1110113000,20,1879,R,970,110,1,540,1,548,,,,416800.0,D,S,2026-02-03 00:00:00,,,1,Repuestos vehiculos,2026-02-03 00:00:00,N,SECSEG,2026-02-03 00:00:00,N,2026,,N
2026,971,2026-02-03 00:00:00,GMADA,1110104000,5,717,R,971,131,1,541,1,545,,,,370500.0,D,S,2026-02-03 00:00:00,,,1,Alimentos,2026-02-03 00:00:00,N,COC,2026-02-03 00:00:00,N,2026,,N
2026,972,2026-02-03 00:00:00,GMADA,1110104000,5,850,R,972,131,1,519,1,567,,,,1507405.04,D,S,2026-02-03 00:00:00,,,1,Insumos laboratorio,2026-02-03 00:00:00,N,LAB,2026-02-03 00:00:00,N,2026,,N
2026,1133,2026-02-12 00:00:00,GMADA,1110102000,2,50087,R,1133,110,,,,,,,,57140.73,D,S,2026-02-12 00:00:00,,,2,liq visa,2026-02-12 00:00:00,N,ADFIN,,N,2026,,N
2026,1136,2026-02-12 00:00:00,GMADA,1110103000,3,193,R,1136,110,,,,,,,,49000000.0,D,S,2026-02-12 00:00:00,,,2,periodo 11/25,2026-02-12 00:00:00,N,ALUM,,N,2026,,N
2026,1137,2026-02-12 00:00:00,GMADA,1110111000,3,193,R,1137,131,,,,,,,,68339.23,D,S,2026-02-12 00:00:00,,,2,periodo 11/25,2026-02-12 00:00:00,N,CAS,,N,2026,,N
2026,1138,2026-02-12 00:00:00,GMADA,1110111000,3,50087,R,1138,131,,,,,,,,102187.85,A,S,2026-02-12 00:00:00,2026-02-12 00:00:00,ERROR,2,periodo 11/25,2026-02-12 00:00:00,N,CAS,,N,2026,,N
2026,1140,2026-02-12 00:00:00,GMADA,1110111000,3,193,R,1140,131,,,,,,,,102187.85,D,S,2026-02-12 00:00:00,,,2,periodo 11/25,2026-02-12 00:00:00,N,CAS,2026-02-12 00:00:00,N,2026,,N
2026,1141,2026-02-12 00:00:00,GMADA,1110104000,5,193,R,1141,110,,,,,,,,11724647.56,D,S,2026-02-12 00:00:00,,,2,periodo 11/25,2026-02-12 00:00:00,N,ADMI,,N,2026,,N
2026,1142,2026-02-12 00:00:00,GMADA,1110103000,3,193,R,1142,110,,,,,,,,11163450.88,D,S,2026-02-12 00:00:00,,,2,periodo 11/25,2026-02-12 00:00:00,N,ALUM,,N,2026,,N
2026,1143,2026-02-12 00:00:00,GMADA,1110104000,5,193,R,1143,110,,,,,,,,239735.77,D,S,2026-02-12 00:00:00,,,2,periodo 11/25,2026-02-12 00:00:00,N,SALA O,,N,2026,,N
2026,1144,2026-02-12 00:00:00,GMADA,1110105000,6,193,R,1144,110,,,,,,,,1935079.71,D,S,2026-02-12 00:00:00,,,2,periodo 11/25,2026-02-12 00:00:00,N,CULTUR,,N,2026,,N
2026,1145,2026-02-12 00:00:00,GMADA,1110103000,3,193,R,1145,110,,,,,,,,858044.81,D,S,2026-02-12 00:00:00,,,2,periodo 11/25,2026-02-12 00:00:00,N,CEMEN,,N,2026,,N
2026,1146,2026-02-12 00:00:00,GMADA,1110101000,1,193,R,1146,110,,,,,,,,1288082.26,D,S,2026-02-12 00:00:00,,,2,periodo 11/25,2026-02-12 00:00:00,N,INT,,N,2026,,N
2026,1147,2026-02-12 00:00:00,GMADA,1110102000,2,193,R,1147,110,,,,,,,,51190.24,D,S,2026-02-12 00:00:00,,,2,periodo 11/25,2026-02-12 00:00:00,N,DELE,,N,2026,,N
2026,1148,2026-02-12 00:00:00,GMADA,1110102000,2,193,R,1148,110,,,,,,,,30638.88,D,S,2026-02-12 00:00:00,,,2,periodo 11/25,2026-02-12 00:00:00,N,ADFIN,,N,2026,,N
2026,1149,2026-02-12 00:00:00,GMADA,1110109000,13,193,R,1149,110,,,,,,,,574425.57,D,S,2026-02-12 00:00:00,,,2,periodo 11/25,2026-02-12 00:00:00,N,DEP,,N,2026,,N
2026,1150,2026-02-12 00:00:00,GMADA,1110103000,3,193,R,1150,110,,,,,,,,341672.91,D,S,2026-02-12 00:00:00,,,2,periodo 11/25,2026-02-12 00:00:00,N,CEMEN,,N,2026,,N
2026,1156,2026-02-12 00:00:00,GMADA,1110106000,7,193,R,1156,110,,,,,,,,1491458.26,D,S,2026-02-12 00:00:00,,,2,periodo 11/25,2026-02-12 00:00:00,N,ACCSOC,,N,2026,,N
2026,1157,2026-02-12 00:00:00,GMADA,1110105000,6,193,R,1157,110,,,,,,,,389745.35,D,S,2026-02-12 00:00:00,,,2,periodo 11/25,2026-02-12 00:00:00,N,CULTUR,,N,2026,,N
2026,1158,2026-02-12 00:00:00,GMADA,1110102000,2,193,R,1158,110,,,,,,,,1107124.87,D,S,2026-02-12 00:00:00,,,2,periodo 11/25,2026-02-12 00:00:00,N,ADFIN,,N,2026,,N
2026,1159,2026-02-12 00:00:00,GMADA,1110103000,3,1477,R,1159,110,1,624,1,671,EXPED,699,2025,3500000.0,D,S,2026-02-12 00:00:00,,,1,herreria,2026-02-12 00:00:00,N,OPP,2026-02-12 00:00:00,N,2026,,N
2026,1160,2026-02-12 00:00:00,GMADA,1110113000,20,193,R,1160,110,,,,,,,,9286862.51,D,S,2026-02-12 00:00:00,,,2,periodo 11/25,2026-02-12 00:00:00,N,SECSEG,,N,2026,,N
2026,1432,2026-02-24 00:00:00,GMADA,1110101000,1,50126,R,1432,131,,,,,EXPED,25667,2526,314045.25,D,S,2026-02-24 00:00:00,,,2,MULTAS,2026-02-24 00:00:00,N,INT,,N,2026,,N
2026,1433,2026-02-24 00:00:00,GMADA,1110101000,1,51099,R,1433,131,,,,,EXPED,1075023,2025,130326.0,D,S,2026-02-24 00:00:00,,,2,MULTAS,2026-02-24 00:00:00,N,INT,,N,2026,,N
2026,1434,2026-02-24 00:00:00,GMADA,1110101000,1,51080,R,1434,131,,,,,,,,320742.33,D,S,2026-02-24 00:00:00,,,2,EXPTES 1761-2994/25 422/26,2026-02-24 00:00:00,N,INT,,N,2026,,N
2026,1435,2026-02-24 00:00:00,GMADA,1110101000,1,50910,R,1435,131,,,,,EXPED,1301391,2526,317025.0,D,S,2026-02-24 00:00:00,,,2,multas,2026-02-24 00:00:00,N,INT,,N,2026,,N
2026,1437,2026-02-24 00:00:00,GMADA,1110101000,1,216,R,1437,131,,,,,,,,357812.0,D,S,2026-02-24 00:00:00,,,2,MULTAS,2026-02-24 00:00:00,N,INT,,N,2026,,N
2026,1438,2026-02-24 00:00:00,GMADA,1110101000,1,50278,R,1438,131,,,,,,,,1525654.41,D,S,2026-02-24 00:00:00,,,2,MULTAS,2026-02-24 00:00:00,N,INT,,N,2026,,N
2026,1440,2026-02-24 00:00:00,GMADA,1110101000,1,50278,R,1440,131,,,,,,,,1588872.5,D,S,2026-02-24 00:00:00,,,2,multas,2026-02-24 00:00:00,N,INT,,N,2026,,N
2026,1441,2026-02-24 00:00:00,GMADA,1110101000,1,50278,R,1441,131,,,,,,,,1385898.5,D,S,2026-02-24 00:00:00,,,2,multas,2026-02-24 00:00:00,N,INT,,N,2026,,N
2026,1443,2026-02-24 00:00:00,GMADA,1110101000,1,50278,R,1443,131,,,,,,,,3428232.75,D,S,2026-02-24 00:00:00,,,2,multas,2026-02-24 00:00:00,N,INT,,N,2026,,N
2026,1445,2026-02-24 00:00:00,GMADA,1110102000,2,1962,R,1445,110,1,775,1,815,,,,140000.0,D,S,2026-02-24 00:00:00,,,1,cuadros,2026-02-24 00:00:00,N,PRENS,2026-02-24 00:00:00,N,2026,,N
2026,1446,2026-02-24 00:00:00,GMADA,1110102000,2,2969,R,1446,110,,,,,,,,2588013.11,D,S,2026-02-24 00:00:00,,,2,sevs,2026-02-24 00:00:00,N,GOBHAC,,N,2026,,N
2026,1447,2026-02-24 00:00:00,GMADA,1110105000,6,3169,R,1447,110,1,769,1,805,,,,210000.0,D,S,2026-02-24 00:00:00,,,1,alojam,2026-02-24 00:00:00,N,TURIS,2026-02-24 00:00:00,N,2026,,N
2026,1448,2026-02-24 00:00:00,GMADA,1110105000,6,2593,R,1448,110,1,770,1,807,,,,21000.0,D,S,2026-02-24 00:00:00,,,1,cerrajeria,2026-02-24 00:00:00,N,CASA,2026-02-24 00:00:00,N,2026,,N
2026,1449,2026-02-24 00:00:00,GMADA,1110105000,6,3287,R,1449,110,1,771,1,808,,,,274000.0,D,S,2026-02-24 00:00:00,,,1,servs de impresión,2026-02-24 00:00:00,N,TURIS,2026-02-24 00:00:00,N,2026,,N
2026,1450,2026-02-24 00:00:00,GMADA,1110118000,25,441,R,1450,110,1,772,1,809,,,,8500.0,D,S,2026-02-24 00:00:00,,,1,sellos,2026-02-24 00:00:00,N,18C,2026-02-24 00:00:00,N,2026,,N
2026,1451,2026-02-24 00:00:00,GMADA,1110118000,25,2151,R,1451,110,1,773,1,810,,,,15000.0,D,S,2026-02-24 00:00:00,,,1,filtros,2026-02-24 00:00:00,N,18C,2026-02-24 00:00:00,N,2026,,N
2026,1452,2026-02-24 00:00:00,GMADA,1110111000,3,413,R,1452,131,1,774,1,811,,,,1109600.0,D,S,2026-02-24 00:00:00,,,1,repuestos,2026-02-24 00:00:00,N,CAS,2026-02-24 00:00:00,N,2026,,N
2026,1454,2026-02-24 00:00:00,GMADA,1110113000,20,1063,R,1454,110,1,768,1,814,,,,595000.0,D,S,2026-02-24 00:00:00,,,1,servs,2026-02-24 00:00:00,N,SECSEG,2026-02-24 00:00:00,N,2026,,N
2026,1455,2026-02-24 00:00:00,GMADA,1110105000,6,2593,R,1455,110,1,749,1,801,,,,67500.0,D,S,2026-02-24 00:00:00,,,1,copias,2026-02-24 00:00:00,N,CULTUR,2026-02-24 00:00:00,N,2026,,N
2026,1456,2026-02-24 00:00:00,GMADA,1110112000,19,441,R,1456,110,1,750,1,797,,,,13200.0,D,S,2026-02-24 00:00:00,,,1,talonarios,2026-02-24 00:00:00,N,INGPU,2026-02-24 00:00:00,N,2026,,N
2026,1457,2026-02-24 00:00:00,GMADA,1110104000,5,2627,R,1457,131,1,751,1,798,,,,26000.0,D,S,2026-02-24 00:00:00,,,1,empanadas,2026-02-24 00:00:00,N,COC,2026-02-24 00:00:00,N,2026,,N
2026,1458,2026-02-24 00:00:00,GMADA,1110105000,6,186,R,1458,110,1,753,1,795,DECRE,78,2026,675000.0,D,S,2026-02-24 00:00:00,,,1,alojam,2026-02-24 00:00:00,N,TURIS,2026-02-24 00:00:00,N,2026,,N
2026,1459,2026-02-24 00:00:00,GMADA,1110105000,6,186,R,1459,110,1,758,1,792,,,,300000.0,D,S,2026-02-24 00:00:00,,,1,alojam,2026-02-24 00:00:00,N,TURIS,2026-02-24 00:00:00,N,2026,,N
2026,1460,2026-02-24 00:00:00,GMADA,1110105000,6,2846,R,1460,110,1,759,1,789,,,,960000.0,D,S,2026-02-24 00:00:00,,,1,alojam,2026-02-24 00:00:00,N,TURIS,2026-02-24 00:00:00,N,2026,,N
2026,1462,2026-02-24 00:00:00,GMADA,1110106000,7,3552,R,1462,110,1,761,1,783,,,,120000.0,D,S,2026-02-24 00:00:00,,,1,carga de matafuegos,2026-02-24 00:00:00,N,ASIV,2026-02-24 00:00:00,N,2026,,N
2026,1463,2026-02-24 00:00:00,GMADA,1110118000,25,160,R,1463,110,1,763,1,780,,,,292000.0,D,S,2026-02-24 00:00:00,,,1,insect,2026-02-24 00:00:00,N,DECI,2026-02-24 00:00:00,N,2026,,N
2026,1464,2026-02-24 00:00:00,GMADA,1110105000,6,3330,R,1464,110,1,765,1,786,,,,1000000.0,D,S,2026-02-24 00:00:00,,,1,alojam,2026-02-24 00:00:00,N,TURIS,2026-02-24 00:00:00,N,2026,,N
2026,1696,2026-03-04 00:00:00,GMADA,1110117000,24,50072,R,1696,110,,,,,,,,8734.2,D,S,2026-03-04 00:00:00,,,2,gastos Munic c/OSPRERA,2026-03-04 00:00:00,N,000A,,N,2026,,N
2026,1698,2026-03-04 00:00:00,GMADA,1110102000,2,50087,R,1698,110,,,,,,,,4759832.56,D,S,2026-03-04 00:00:00,,,2,PRESTAMO,2026-03-04 00:00:00,N,ADFIN,,N,2026,,N
2026,1699,2026-03-04 00:00:00,GMADA,1110108000,14,3482,R,1699,110,1,850,1,898,,,,400000.0,D,S,2026-03-04 00:00:00,,,1,SERV,2026-03-04 00:00:00,N,PROD,,N,2026,,N
2026,1722,2026-03-04 00:00:00,GMADA,1110105000,6,50020,R,1722,110,,,,,,,,166800.0,D,S,2026-03-04 00:00:00,,,1,CAJA CHICA CULTURA,2026-03-04 00:00:00,N,CULTUR,,N,2026,,N
2026,2051,2026-03-18 00:00:00,GMADA,1110111000,3,688,R,2051,131,1,1055,1,1114,,,,263000.0,D,S,2026-03-18 00:00:00,,,1,repuestos,2026-03-18 00:00:00,N,CAS,2026-03-18 00:00:00,N,2026,,N
2026,2052,2026-03-18 00:00:00,GMADA,1110104000,5,3511,R,2052,131,1,1060,1,1027,,,,2847000.0,D,S,2026-03-18 00:00:00,,,1,reparac de aire acond,2026-03-18 00:00:00,N,HOSP,2026-03-18 00:00:00,N,2026,,N
2026,2053,2026-03-18 00:00:00,GMADA,1110113000,20,2595,R,2053,110,1,1053,1,1110,,,,238565.0,D,S,2026-03-18 00:00:00,,,1,repuestos,2026-03-18 00:00:00,N,SECSEG,2026-03-18 00:00:00,N,2026,,N
2026,2054,2026-03-18 00:00:00,GMADA,1110111000,3,2595,R,2054,131,1,1054,1,1113,,,,133090.0,D,S,2026-03-18 00:00:00,,,1,repuestos,2026-03-18 00:00:00,N,CAS,2026-03-18 00:00:00,N,2026,,N
2026,2055,2026-03-18 00:00:00,GMADA,1110109000,13,879,R,2055,132,1,1056,1,1112,,,,12600.0,D,S,2026-03-18 00:00:00,,,1,arena,2026-03-18 00:00:00,N,DEP,2026-03-18 00:00:00,N,2026,,N
2026,2056,2026-03-18 00:00:00,GMADA,1110104000,5,3430,R,2056,131,1,1058,1,1118,,,,255966.48,D,S,2026-03-18 00:00:00,,,2,cartucho,2026-03-18 00:00:00,N,HOSP,2026-03-18 00:00:00,N,2026,,N
2026,2057,2026-03-18 00:00:00,GMADA,1110113000,20,1527,R,2057,110,1,1059,1,1111,,,,203000.0,D,S,2026-03-18 00:00:00,,,1,reparac.,2026-03-18 00:00:00,N,SECSEG,2026-03-18 00:00:00,N,2026,,N
2026,2059,2026-03-18 00:00:00,GMADA,1110106000,7,50031,R,2059,110,,,,,,,,292166.92,D,S,2026-03-18 00:00:00,,,1,"Romera, Varela, Vegas, Rodriguez",2026-03-18 00:00:00,N,ACCSOC,2026-03-18 00:00:00,N,2026,,N
2026,2125,2026-03-20 00:00:00,GMADA,1110117000,24,50072,R,2125,110,,,,,EXPED,535,2026,64744.4,D,S,2026-03-20 00:00:00,,,1,munic c/DI RAFFAELE,2026-03-20 00:00:00,N,000002,2026-03-20 00:00:00,N,2026,,N
2026,2126,2026-03-20 00:00:00,GMADA,1110117000,24,51021,R,2126,110,,,,,EXPED,535,2026,71151.19,D,S,2026-03-20 00:00:00,,,1,HONORARIOS,2026-03-20 00:00:00,N,000002,2026-03-20 00:00:00,N,2026,,N
2026,2165,2026-03-26 00:00:00,GMADA,1110102000,2,50922,R,2165,132,,,,,,,,72812.87,D,S,2026-03-26 00:00:00,,,2,periodo 3/26,2026-03-26 00:00:00,N,CATAN,,N,2026,,N
2026,2166,2026-03-26 00:00:00,GMADA,1110103000,3,193,R,2166,110,,,,,,,,60958485.5,D,S,2026-03-26 00:00:00,,,2,periodo 1/26,2026-03-26 00:00:00,N,ALUM,,N,2026,,N
2026,2167,2026-03-26 00:00:00,GMADA,1110200000,8,193,R,2167,110,,,,,,,,79407.83,D,S,2026-03-26 00:00:00,,,2,periodo 1/26,2026-03-26 00:00:00,N,SECHCD,,N,2026,,N
2026,2168,2026-03-26 00:00:00,GMADA,1110102000,2,193,R,2168,110,,,,,,,,59820.41,D,S,2026-03-26 00:00:00,,,2,periodo 1/26,2026-03-26 00:00:00,N,DELE,,N,2026,,N
2026,2169,2026-03-26 00:00:00,GMADA,1110111000,3,193,R,2169,131,,,,,,,,111623.97,D,S,2026-03-26 00:00:00,,,2,periodo 1/26,2026-03-26 00:00:00,N,CAS,,N,2026,,N
2026,2170,2026-03-26 00:00:00,GMADA,1110106000,7,193,R,2170,110,,,,,,,,209399.13,D,S,2026-03-26 00:00:00,,,2,periodo 1/26,2026-03-26 00:00:00,N,ACCSOC,,N,2026,,N
2026,2171,2026-03-26 00:00:00,GMADA,1110109000,13,193,R,2171,110,,,,,,,,230636.99,D,S,2026-03-26 00:00:00,,,2,periodo 1/26,2026-03-26 00:00:00,N,DEP,,N,2026,,N
2026,2172,2026-03-26 00:00:00,GMADA,1110105000,6,193,R,2172,110,,,,,,,,709932.77,D,S,2026-03-26 00:00:00,,,2,periodo 1/26,2026-03-26 00:00:00,N,CULTUR,,N,2026,,N
2026,2173,2026-03-26 00:00:00,GMADA,1110104000,5,193,R,2173,110,,,,,,,,12637007.0,D,S,2026-03-26 00:00:00,,,2,periodo 1/26,2026-03-26 00:00:00,N,ADMI,,N,2026,,N
2026,2174,2026-03-26 00:00:00,GMADA,1110101000,1,193,R,2174,110,,,,,,,,293439.99,D,S,2026-03-26 00:00:00,,,2,periodo 1/26,2026-03-26 00:00:00,N,INT,,N,2026,,N
2026,2177,2026-03-26 00:00:00,GMADA,1110118000,25,193,R,2177,110,,,,,,,,579878.89,D,S,2026-03-26 00:00:00,,,2,periodo 1/26,2026-03-26 00:00:00,N,BARU,,N,2026,,N
2026,2182,2026-03-26 00:00:00,GMADA,1110103000,3,193,R,2182,110,,,,,,,,423235.62,D,S,2026-03-26 00:00:00,,,2,periodo 1/26,2026-03-26 00:00:00,N,CEMEN,,N,2026,,N
2026,2184,2026-03-26 00:00:00,GMADA,1110106000,7,193,R,2184,132,,,,,,,,14463.38,D,S,2026-03-26 00:00:00,,,2,1/26,2026-03-26 00:00:00,N,ENV,,N,2026,,N
2026,2187,2026-03-26 00:00:00,GMADA,1110104000,5,193,R,2187,110,,,,,,,,263168.45,D,S,2026-03-26 00:00:00,,,3,periodo 1/26,2026-03-26 00:00:00,N,SALA O,,N,2026,,N
2026,2190,2026-03-26 00:00:00,GMADA,1110117000,24,193,R,2190,110,,,,,,,,121557.25,D,S,2026-03-26 00:00:00,,,2,periodo 1/26,2026-03-26 00:00:00,N,000F,,N,2026,,N
2026,2194,2026-03-26 00:00:00,GMADA,1110102000,2,193,R,2194,110,,,,,,,,829301.74,D,S,2026-03-26 00:00:00,,,3,periodo 1/26,2026-03-26 00:00:00,N,ADFIN,,N,2026,,N
2026,2195,2026-03-26 00:00:00,GMADA,1110118000,25,193,R,2195,110,,,,,,,,251619.34,D,S,2026-03-26 00:00:00,,,2,periodo 1/26,2026-03-26 00:00:00,N,VIMUNI,,N,2026,,N
2026,2196,2026-03-26 00:00:00,GMADA,1110113000,20,193,R,2196,110,,,,,,,,12833273.08,D,S,2026-03-26 00:00:00,,,2,periodo 1/26,2026-03-26 00:00:00,N,SECSEG,,N,2026,,N
2026,2199,2026-03-26 00:00:00,GMADA,1110102000,2,50003,R,2199,110,,,,,,,,54000.0,D,S,2026-03-26 00:00:00,,,2,viatico daniela Garcia,2026-03-26 00:00:00,N,ADFIN,,N,2026,,N
2026,2582,2026-04-13 00:00:00,GMADA,1110106000,7,2843,R,2582,132,1,1303,1,1363,,,,2127000.0,D,S,2026-04-13 00:00:00,,,1,verduras,2026-04-13 00:00:00,N,ACCSOC,2026-04-13 00:00:00,N,2026,,N
2026,2583,2026-04-13 00:00:00,GMADA,1110113000,20,688,R,2583,110,1,1296,1,1365,,,,190600.0,D,S,2026-04-13 00:00:00,,,1,bateria,2026-04-13 00:00:00,N,SECSEG,2026-04-13 00:00:00,N,2026,,N
2026,2584,2026-04-13 00:00:00,GMADA,1110106000,7,1603,R,2584,132,1,1297,1,1362,,,,72000.0,D,S,2026-04-13 00:00:00,,,1,pan,2026-04-13 00:00:00,N,ENV,2026-04-13 00:00:00,N,2026,,N
2026,2585,2026-04-13 00:00:00,GMADA,1110102000,2,360,R,2585,110,1,1302,1,1366,,,,42000.0,D,S,2026-04-13 00:00:00,,,1,trabajos de electricidad,2026-04-13 00:00:00,N,MAYOR,2026-04-13 00:00:00,N,2026,,N
2026,2586,2026-04-13 00:00:00,GMADA,1110102000,2,1266,R,2586,110,1,1298,1,1364,,,,1000000.0,N,S,2026-04-13 00:00:00,,,1,serv de mant,2026-04-13 00:00:00,N,GOBHAC,,N,2026,,N
2026,2587,2026-04-13 00:00:00,GMADA,1110106000,7,1603,R,2587,132,1,1299,1,1361,,,,168000.0,A,S,2026-04-13 00:00:00,2026-04-14 00:00:00,ERROR,1,pan,2026-04-13 00:00:00,N,ACCSOC,,N,2026,,N
2026,2588,2026-04-13 00:00:00,GMADA,1110104000,5,3567,R,2588,131,1,1300,1,1383,,,,6800000.0,A,S,2026-04-13 00:00:00,2026-04-16 00:00:00,ERROR,1,honorarios,2026-04-13 00:00:00,N,HOSP,,N,2026,,N
2026,2589,2026-04-13 00:00:00,GMADA,1110112000,19,3075,R,2589,110,1,1304,1,1412,,,,1254610.4,D,S,2026-04-13 00:00:00,,,1,prod limp,2026-04-13 00:00:00,N,CONTRA,,N,2026,,N
2026,2590,2026-04-13 00:00:00,GMADA,1110112000,19,169,R,2590,110,1,1305,1,1411,,,,490200.0,D,S,2026-04-13 00:00:00,,,1,art limp,2026-04-13 00:00:00,N,CONTRA,,N,2026,,N
2026,2645,2026-04-15 00:00:00,GMADA,1110102000,2,50002,R,2645,110,,,,,,,,43199.42,D,S,2026-04-15 00:00:00,,,3,linea 2503-16456771,2026-04-15 00:00:00,N,ADFIN,,N,2026,,N
2026,2647,2026-04-15 00:00:00,GMADA,1110106000,7,50031,R,2647,110,,,,,,,,30000.0,D,S,2026-04-15 00:00:00,,,2,subs  Carolina Figueroa,2026-04-15 00:00:00,N,ACCSOC,,N,2026,,N
2026,2648,2026-04-15 00:00:00,GMADA,1110102000,2,50283,R,2648,110,,,,,,,,200000.0,D,S,2026-04-15 00:00:00,,,1,caja chica delegacion,2026-04-15 00:00:00,N,DELRU,,N,2026,,N
2026,2669,2026-04-16 00:00:00,GMADA,1110106000,7,50031,R,2669,110,,,,,,,,40000.0,D,S,2026-04-16 00:00:00,,,2,subs Lucy Santillan,2026-04-16 00:00:00,N,ACCSOC,,N,2026,,N
2026,2671,2026-04-16 00:00:00,GMADA,1110106000,7,50031,R,2671,110,,,,,,,,30000.0,D,S,2026-04-16 00:00:00,,,2,sub Miriam Galvez,2026-04-16 00:00:00,N,ACCSOC,,N,2026,,N
2026,2676,2026-04-16 00:00:00,GMADA,1110102000,2,50002,R,2676,110,,,,,,,,57533.54,D,S,2026-04-16 00:00:00,,,2,linea 2267431053,2026-04-16 00:00:00,N,ADFIN,,N,2026,,N
2026,2680,2026-04-16 00:00:00,GMADA,1110102000,2,50002,R,2680,110,,,,,,,,905190.18,D,S,2026-04-16 00:00:00,,,2,fact 420515/424366/421083/421083/420673/420085/420294/420510/420516,2026-04-16 00:00:00,N,ADFIN,,N,2026,,N
2026,2711,2026-04-16 00:00:00,GMADA,1110104000,5,3073,A,2650,131,1,1369,1,1419,,,,-3551300.0,N,S,2026-04-15 00:00:00,2026-04-16 00:00:00,ERROR,1,Verduleria,2026-04-16 00:00:00,N,COC,2026-04-15 00:00:00,N,2026,,N
2026,2692,2026-04-16 00:00:00,GMADA,1110104000,5,167,R,2692,131,1,1179,1,1239,,,,327000.0,D,S,2026-04-16 00:00:00,,,1,alimentos,2026-04-16 00:00:00,N,HOGANC,2026-04-16 00:00:00,N,2026,,N
2026,2696,2026-04-16 00:00:00,GMADA,1110102000,2,50063,R,2696,110,,,,,,,,504277.07,D,S,2026-04-16 00:00:00,,,2,comisiones,2026-04-16 00:00:00,N,ADFIN,,N,2026,,N
2026,2703,2026-04-16 00:00:00,GMADA,1110109000,13,2330,R,2703,110,1,1352,1,1451,,,,552950.0,D,S,2026-04-16 00:00:00,,,1,comb,2026-04-16 00:00:00,N,DEP,2026-04-16 00:00:00,N,2026,,N
2026,2704,2026-04-16 00:00:00,GMADA,1110109000,13,441,R,2704,110,1,1354,1,1448,,,,3400.0,D,S,2026-04-16 00:00:00,,,1,papel,2026-04-16 00:00:00,N,DEP,,N,2026,,N
2026,2705,2026-04-16 00:00:00,GMADA,1110118000,25,1514,R,2705,110,1,1356,1,1445,,,,2618000.0,D,S,2026-04-16 00:00:00,,,1,aceite,2026-04-16 00:00:00,N,000SU,2026-04-16 00:00:00,N,2026,,N
2026,2706,2026-04-16 00:00:00,GMADA,1110118000,25,164,R,2706,110,1,1270,1,1341,,,,120000.0,D,S,2026-04-16 00:00:00,,,1,tablero,2026-04-16 00:00:00,N,000SU,2026-04-16 00:00:00,N,2026,,N
2026,2707,2026-04-16 00:00:00,GMADA,1110118000,25,822,R,2707,110,1,1272,1,1342,,,,121939.32,D,S,2026-04-16 00:00:00,,,1,rep,2026-04-16 00:00:00,N,000SU,,N,2026,,N
2026,2708,2026-04-16 00:00:00,GMADA,1110109000,13,2869,R,2708,110,1,1290,1,1355,,,,300000.0,A,S,2026-04-16 00:00:00,2026-05-07 00:00:00,ERROR,1,carne,2026-04-16 00:00:00,N,DEP,2026-04-16 00:00:00,N,2026,,N
2026,2709,2026-04-16 00:00:00,GMADA,1110109000,13,3249,R,2709,110,1,1291,1,1357,,,,180000.0,N,S,2026-04-16 00:00:00,,,1,alquiler,2026-04-16 00:00:00,N,DEP,2026-04-16 00:00:00,N,2026,,N
2026,2710,2026-04-16 00:00:00,GMADA,1110106000,7,19,R,2710,132,1,1338,1,1376,,,,83500.0,D,S,2026-04-16 00:00:00,,,1,rep,2026-04-16 00:00:00,N,JARD,2026-04-16 00:00:00,N,2026,,N
2026,2722,2026-04-16 00:00:00,GMADA,1110104000,5,3567,A,2588,131,1,1300,1,1383,,,,-6800000.0,N,S,2026-04-13 00:00:00,2026-04-16 00:00:00,ERROR,1,honorarios,2026-04-16 00:00:00,N,HOSP,,N,2026,,N
2026,2712,2026-04-16 00:00:00,GMADA,1110103000,3,1810,R,2712,132,1,1335,1,1393,,,,2000000.0,A,S,2026-04-16 00:00:00,2026-04-16 00:00:00,ERROR,1,trabajos de refrigeracion,2026-04-16 00:00:00,N,OPP,2026-04-16 00:00:00,N,2026,,N
2026,2713,2026-04-16 00:00:00,GMADA,1110118000,25,3570,R,2713,110,1,1333,1,1375,,,,110000.0,D,S,2026-04-16 00:00:00,,,1,filtro,2026-04-16 00:00:00,N,000SU,2026-04-16 00:00:00,N,2026,,N
2026,2714,2026-04-16 00:00:00,GMADA,1110102000,2,3287,R,2714,110,1,1330,1,1374,,,,372000.0,D,S,2026-04-16 00:00:00,,,1,vinilos,2026-04-16 00:00:00,N,GOBHAC,2026-04-16 00:00:00,N,2026,,N
2026,2715,2026-04-16 00:00:00,GMADA,1110105000,6,3571,R,2715,110,1,1375,1,1426,,,,1666000.0,D,S,2026-04-16 00:00:00,,,1,alambrado,2026-04-16 00:00:00,N,CULTUR,2026-04-16 00:00:00,N,2026,,N
2026,2716,2026-04-16 00:00:00,GMADA,1110118000,25,163,R,2716,110,1,1377,1,1446,,,,1522720.0,D,S,2026-04-16 00:00:00,,,1,rep,2026-04-16 00:00:00,N,BARU,2026-04-16 00:00:00,N,2026,,N
2026,2717,2026-04-16 00:00:00,GMADA,1110109000,13,441,R,2717,110,1,1376,1,1449,,,,38419.04,D,S,2026-04-16 00:00:00,,,1,pack,2026-04-16 00:00:00,N,DEP,2026-04-16 00:00:00,N,2026,,N
2026,2718,2026-04-16 00:00:00,GMADA,1110102000,2,3072,R,2718,110,1,1378,1,1443,,,,8000000.0,N,S,2026-04-16 00:00:00,,,1,timbre,2026-04-16 00:00:00,N,GOBHAC,,N,2026,,N
2026,2719,2026-04-16 00:00:00,GMADA,1110108000,14,3394,R,2719,110,1,1379,1,1454,,,,500000.0,N,S,2026-04-16 00:00:00,,,1,cena /almuerzo,2026-04-16 00:00:00,N,PROD,2026-04-16 00:00:00,N,2026,,N
2026,2720,2026-04-16 00:00:00,GMADA,1110104000,5,57,R,2720,131,1,1374,1,1416,,,,28000.0,D,S,2026-04-16 00:00:00,,,1,impresiones,2026-04-16 00:00:00,N,SALA I,2026-04-16 00:00:00,N,2026,,N
2026,2721,2026-04-16 00:00:00,GMADA,1110102000,2,50098,R,2721,110,,,,,EXPED,1007,2026,1830000.48,D,S,2026-04-16 00:00:00,,,2,ayuda econ abril/26,2026-04-16 00:00:00,N,ADFIN,,N,2026,,N
2026,2724,2026-04-16 00:00:00,GMADA,1110103000,3,1810,A,2712,132,1,1335,1,1393,,,,-2000000.0,N,S,2026-04-16 00:00:00,2026-04-16 00:00:00,ERROR,1,trabajos de refrigeracion,2026-04-16 00:00:00,N,OPP,2026-04-16 00:00:00,N,2026,,N
2026,2723,2026-04-16 00:00:00,GMADA,1110104000,5,2575,R,2723,131,1,1404,1,1487,,,,1130000.0,D,S,2026-04-16 00:00:00,,,1,serv de sepelios,2026-04-16 00:00:00,N,HOSP,2026-04-16 00:00:00,N,2026,,N
2026,2725,2026-04-16 00:00:00,GMADA,1110105000,6,360,A,2675,132,1,1329,1,1410,,,,-230000.0,N,S,2026-04-16 00:00:00,2026-04-16 00:00:00,ERROR,1,Trabajos de electricidad,2026-04-16 00:00:00,N,BA,2026-04-16 00:00:00,N,2026,,N
2026,2726,2026-04-16 00:00:00,GMADA,1110103000,3,2208,A,2672,132,1,1334,1,1395,,,,-300400.0,N,S,2026-04-16 00:00:00,2026-04-16 00:00:00,ERROR,1,Trabajos electricidad,2026-04-16 00:00:00,N,OPP,2026-04-16 00:00:00,N,2026,,N
2026,3368,2026-05-12 00:00:00,GMADA,1110103000,3,1259,A,3316,132,1,1687,1,1750,,,,-189365.59,N,S,2026-05-11 00:00:00,2026-05-12 00:00:00,ERROR,1,arts de elect,2026-05-12 00:00:00,N,OPP,2026-05-11 00:00:00,N,2026,,N
2026,2727,2026-04-16 00:00:00,GMADA,1110103000,3,1810,R,2727,132,1,1335,1,1393,,,,2000000.0,D,S,2026-04-16 00:00:00,,,1,trabajos de refrigeracion,2026-04-16 00:00:00,N,OPP,2026-04-16 00:00:00,N,2026,,N
2026,2728,2026-04-16 00:00:00,GMADA,1110105000,6,360,R,2728,132,1,1329,1,1410,,,,230000.0,D,S,2026-04-16 00:00:00,,,1,mano de obra,2026-04-16 00:00:00,N,BA,2026-04-16 00:00:00,N,2026,,N
2026,2729,2026-04-16 00:00:00,GMADA,1110103000,3,2208,R,2729,132,1,1334,1,1395,,,,300400.0,D,S,2026-04-16 00:00:00,,,1,mant,2026-04-16 00:00:00,N,OPP,,N,2026,,N
2026,2730,2026-04-16 00:00:00,GMADA,1110102000,2,50087,R,2730,110,,,,,,,,1429662.92,D,S,2026-04-16 00:00:00,,,3,comisiones,2026-04-16 00:00:00,N,ADFIN,,N,2026,,N
2026,3357,2026-05-12 00:00:00,GMADA,1110104000,5,3322,R,3357,131,1,1736,1,1799,,,,143175.18,N,S,2026-05-12 00:00:00,,,1,arts de limp,2026-05-12 00:00:00,N,COC,2026-05-12 00:00:00,N,2026,,N
2026,3358,2026-05-12 00:00:00,GMADA,1110104000,5,141,R,3358,131,1,1737,1,1801,,,,157234.0,N,S,2026-05-12 00:00:00,,,1,membrana,2026-05-12 00:00:00,N,SASM,2026-05-12 00:00:00,N,2026,,N
2026,3359,2026-05-12 00:00:00,GMADA,1110104000,5,3556,R,3359,131,1,1738,1,1802,,,,517500.0,N,S,2026-05-12 00:00:00,,,1,huevos,2026-05-12 00:00:00,N,HOSP,2026-05-12 00:00:00,N,2026,,N
2026,3360,2026-05-12 00:00:00,GMADA,1110104000,5,2209,R,3360,131,1,1739,1,1803,,,,18783.0,N,S,2026-05-12 00:00:00,,,1,alimentos,2026-05-12 00:00:00,N,HEMO,2026-05-12 00:00:00,N,2026,,N
2026,3361,2026-05-12 00:00:00,GMADA,1110109000,13,2330,R,3361,110,1,1741,1,1805,,,,4919750.0,N,S,2026-05-12 00:00:00,,,1,comb,2026-05-12 00:00:00,N,DEP,2026-05-12 00:00:00,N,2026,,N
2026,3362,2026-05-12 00:00:00,GMADA,1110109000,13,313,R,3362,110,1,1740,1,1804,,,,4725000.0,N,S,2026-05-12 00:00:00,,,1,comb,2026-05-12 00:00:00,N,DEP,2026-05-12 00:00:00,N,2026,,N
2026,3363,2026-05-12 00:00:00,GMADA,1110118000,25,413,R,3363,110,1,1743,1,942,,,,15524336.0,D,S,2026-05-12 00:00:00,,,1,cubiertas,2026-05-12 00:00:00,N,000SU,2026-05-12 00:00:00,N,2026,,N
2026,3364,2026-05-12 00:00:00,GMADA,1110118000,25,3238,R,3364,110,1,1742,1,942,,,,14183068.0,N,S,2026-05-12 00:00:00,,,1,cubiertas,2026-05-12 00:00:00,N,000SU,2026-05-12 00:00:00,N,2026,,N
2026,3366,2026-05-12 00:00:00,GMADA,1110104000,5,879,R,3366,131,1,1715,1,1793,,,,148720.0,N,S,2026-05-12 00:00:00,,,1,griferia,2026-05-12 00:00:00,N,HOGANC,2026-05-12 00:00:00,N,2026,,N
2026,3370,2026-05-12 00:00:00,GMADA,1110103000,3,86,A,3315,131,1,1686,1,1749,EXPED,1040,2026,-7020000.0,N,S,2026-05-11 00:00:00,2026-05-12 00:00:00,ERROR,1,puertas,2026-05-12 00:00:00,N,OPP,2026-05-11 00:00:00,N,2026,,N
2026,3369,2026-05-12 00:00:00,GMADA,1110103000,3,1259,R,3369,132,1,1687,1,1750,,,,189365.59,N,S,2026-05-12 00:00:00,,,1,arts de elect,2026-05-12 00:00:00,N,OPP,2026-05-12 00:00:00,N,2026,,N
2026,3371,2026-05-12 00:00:00,GMADA,1110102000,2,50002,R,3371,110,,,,,,,,113012.82,D,S,2026-05-12 00:00:00,,,1,dif de facts 32267-33290,2026-05-12 00:00:00,N,GOBHAC,2026-05-12 00:00:00,N,2026,,N
2026,3372,2026-05-12 00:00:00,GMADA,1110103000,3,86,R,3372,132,1,1748,1,1813,EXPED,1040,2026,7020000.0,D,S,2026-05-12 00:00:00,,,1,puertas,2026-05-12 00:00:00,N,OPP,2026-05-12 00:00:00,N,2026,,N
2026,2638,2026-04-15 00:00:00,GMADA,1110111000,3,1977,R,2638,131,1,1350,1,1422,,,,229651.95,D,S,2026-04-15 00:00:00,,,1,Repuestos vehiculos,2026-04-15 00:00:00,N,CAS,2026-04-15 00:00:00,N,2026,,N
2026,3168,2026-05-05 00:00:00,GMADA,1110104000,5,2514,A,3135,131,1,1593,1,1644,,,,-130000.0,N,S,2026-05-04 00:00:00,2026-05-05 00:00:00,ERROR,1,Reparaciones plomeria,2026-05-05 00:00:00,N,HOGANC,2026-05-04 00:00:00,N,2026,,N
2026,2639,2026-04-15 00:00:00,GMADA,1110111000,3,1530,R,2639,131,1,1349,1,1420,,,,700418.46,D,S,2026-04-15 00:00:00,,,1,Repuestos vehiculos,2026-04-15 00:00:00,N,CAS,2026-04-15 00:00:00,N,2026,,N
2026,2640,2026-04-15 00:00:00,GMADA,1110111000,3,688,R,2640,131,1,1348,1,1373,,,,435000.0,D,S,2026-04-15 00:00:00,,,1,Lubricantes,2026-04-15 00:00:00,N,CAS,2026-04-15 00:00:00,N,2026,,N
2026,2641,2026-04-15 00:00:00,GMADA,1110108000,14,3482,R,2641,110,1,1306,1,1391,,,,400000.0,D,S,2026-04-15 00:00:00,,,1,Taller de cocina,2026-04-15 00:00:00,N,PROD,2026-04-15 00:00:00,N,2026,,N
2026,2642,2026-04-15 00:00:00,GMADA,1110113000,20,1259,R,2642,110,1,1342,1,1369,,,,156417.8,D,S,2026-04-15 00:00:00,,,1,Art electricidad,2026-04-15 00:00:00,N,SECSEG,2026-04-15 00:00:00,N,2026,,N
2026,2643,2026-04-15 00:00:00,GMADA,1110113000,20,688,R,2643,110,1,1337,1,1368,,,,154000.0,D,S,2026-04-15 00:00:00,,,1,Bateria vehiculo,2026-04-15 00:00:00,N,SECSEG,2026-04-15 00:00:00,N,2026,,N
2026,2644,2026-04-15 00:00:00,GMADA,1110104000,5,2627,R,2644,131,1,1309,1,1407,,,,53000.0,D,S,2026-04-15 00:00:00,,,1,Alimentos para personas,2026-04-15 00:00:00,N,COC,2026-04-15 00:00:00,N,2026,,N
2026,2646,2026-04-15 00:00:00,GMADA,1110104000,5,2209,R,2646,131,1,1332,1,1404,,,,1011722.48,D,S,2026-04-15 00:00:00,,,1,Alimentos personas,2026-04-15 00:00:00,N,HOGANC,2026-04-15 00:00:00,N,2026,,N
2026,3169,2026-05-05 00:00:00,GMADA,1110104000,5,85,R,3169,131,1,1580,1,1642,,,,460000.0,D,S,2026-05-05 00:00:00,,,1,Termotanque,2026-05-05 00:00:00,N,HOGANC,2026-05-05 00:00:00,N,2026,,N
2026,3170,2026-05-05 00:00:00,GMADA,1110104000,5,1440,R,3170,131,1,1583,1,1639,,,,3945850.0,N,S,2026-05-05 00:00:00,,,1,Insumos farmacia,2026-05-05 00:00:00,N,FARM,2026-05-05 00:00:00,N,2026,,N
2026,3173,2026-05-05 00:00:00,GMADA,1110104000,11,160,R,3173,110,1,1586,1,1636,,,,55100.0,D,S,2026-05-05 00:00:00,,,1,Insumos veterinarios,2026-05-05 00:00:00,N,BROM,2026-05-05 00:00:00,N,2026,,N
2026,3174,2026-05-05 00:00:00,GMADA,1110104000,5,2151,R,3174,131,1,1563,1,1660,,,,61300.0,D,S,2026-05-05 00:00:00,,,1,Art ferreteria (Taladro),2026-05-05 00:00:00,N,HOSP,2026-05-05 00:00:00,N,2026,,N
2026,3175,2026-05-05 00:00:00,GMADA,1110101000,1,3297,R,3175,110,1,1564,1,1657,,,,210000.0,D,S,2026-05-05 00:00:00,,,1,Repuesto y arreglo vehiculo (LFN114),2026-05-05 00:00:00,N,INT,2026-05-05 00:00:00,N,2026,,N
2026,3176,2026-05-05 00:00:00,GMADA,1110105000,6,3494,R,3176,110,1,1601,1,1665,,,,1300000.0,N,S,2026-05-05 00:00:00,,,1,Actuacion artistica,2026-05-05 00:00:00,N,CULTUR,2026-05-05 00:00:00,N,2026,,N
2026,3177,2026-05-05 00:00:00,GMADA,1110104000,5,2133,R,3177,131,1,1602,1,1666,,,,4760979.0,D,S,2026-05-05 00:00:00,,,1,Renovacion contrato Bionuclear,2026-05-05 00:00:00,N,SALA I,2026-05-05 00:00:00,N,2026,,N
2026,3178,2026-05-05 00:00:00,GMADA,1110118000,25,650,R,3178,110,1,1603,1,1606,,,,4000000.0,D,S,2026-05-05 00:00:00,,,1,Alquiler de maquinaria,2026-05-05 00:00:00,N,BARU,2026-05-05 00:00:00,N,2026,,N
2026,3179,2026-05-05 00:00:00,GMADA,1110106000,7,3516,R,3179,132,1,1604,1,1677,,,,750000.0,A,S,2026-05-05 00:00:00,2026-05-06 00:00:00,ERROR,1,Servicios profesionales,2026-05-05 00:00:00,N,ENV,2026-05-05 00:00:00,N,2026,,N
2026,3180,2026-05-05 00:00:00,GMADA,1110108000,14,3573,R,3180,110,1,1567,1,1663,,,,450000.0,D,S,2026-05-05 00:00:00,,,1,Reparacion de Foton (AF591SL),2026-05-05 00:00:00,N,PROD,2026-05-05 00:00:00,N,2026,,N
2026,3182,2026-05-05 00:00:00,GMADA,1110104000,5,2110,R,3182,131,1,1606,1,1644,,,,130000.0,D,S,2026-05-05 00:00:00,,,1,Servicio plomeria,2026-05-05 00:00:00,N,HOGANC,2026-05-05 00:00:00,N,2026,,N
2026,3183,2026-05-05 00:00:00,GMADA,1110118000,25,3395,R,3183,110,1,1607,1,1669,,,,325000.0,D,S,2026-05-05 00:00:00,,,1,Bateria automotor,2026-05-05 00:00:00,N,000SU,2026-05-05 00:00:00,N,2026,,N
2026,3184,2026-05-05 00:00:00,GMADA,1110118000,25,160,R,3184,110,1,1608,1,1670,,,,17880.0,D,S,2026-05-05 00:00:00,,,1,Insumos vivero,2026-05-05 00:00:00,N,VIMUNI,2026-05-05 00:00:00,N,2026,,N
2026,3185,2026-05-05 00:00:00,GMADA,1110118000,25,688,R,3185,110,1,1609,1,1671,,,,187400.0,D,S,2026-05-05 00:00:00,,,1,Repuesto vehiculos,2026-05-05 00:00:00,N,000SU,2026-05-05 00:00:00,N,2026,,N
2026,3186,2026-05-05 00:00:00,GMADA,1110106000,7,160,R,3186,132,1,1610,1,1672,,,,17432.0,D,S,2026-05-05 00:00:00,,,1,Insumos veterinarios,2026-05-05 00:00:00,N,JARD,2026-05-05 00:00:00,N,2026,,N
2026,3187,2026-05-05 00:00:00,GMADA,1110106000,7,3287,R,3187,132,1,1611,1,1673,,,,28000.0,A,S,2026-05-05 00:00:00,2026-05-06 00:00:00,ERROR,1,Servicio de impresion,2026-05-05 00:00:00,N,ENV,2026-05-05 00:00:00,N,2026,,N
2026,3188,2026-05-05 00:00:00,GMADA,1110103000,3,2110,R,3188,132,1,1612,1,1674,EXPED,437,2026,1000000.0,N,S,2026-05-05 00:00:00,,,2,Reparacion Plomeria,2026-05-05 00:00:00,N,OPP,2026-05-05 00:00:00,N,2026,,N
2026,3189,2026-05-05 00:00:00,GMADA,1110103000,3,1335,R,3189,132,1,1613,1,1675,EXPED,1108,2026,543153.6,N,S,2026-05-05 00:00:00,,,2,Compra de equipamiento,2026-05-05 00:00:00,N,OPP,2026-05-05 00:00:00,N,2026,,N
2026,3190,2026-05-05 00:00:00,GMADA,1110102000,2,19,R,3190,110,1,1614,1,1676,,,,74200.0,D,S,2026-05-05 00:00:00,,,1,Bomba centrifuga,2026-05-05 00:00:00,N,GOBHAC,2026-05-05 00:00:00,N,2026,,N
2026,3476,2026-05-14 00:00:00,GMADA,1110102000,2,50023,R,3476,132,,,,,,,,28762.36,D,S,2026-05-14 00:00:00,,,2,periodo 2/26,2026-05-14 00:00:00,N,CDEE,,N,2026,,N
2026,3487,2026-05-14 00:00:00,GMADA,1110106000,7,50031,R,3487,110,,,,,,,,400000.0,D,S,2026-05-14 00:00:00,,,2,subs Evelyn Arce,2026-05-14 00:00:00,N,JARD,,N,2026,,N
2026,38,2026-01-07 00:00:00,GMADA,1110102000,2,400,R,38,110,,,,,,,,70000.0,D,S,2026-01-07 00:00:00,,,1,Reg.Comp. 332/2025 serv de publicidad,2026-01-07 00:00:00,N,GOB,,N,,,N
2026,39,2026-01-07 00:00:00,GMADA,1110102000,2,53,R,39,110,,,,,,,,85000.0,D,S,2026-01-07 00:00:00,,,1,Reg.Comp. 433/2025 publicidad,2026-01-07 00:00:00,N,GOB,2026-01-07 00:00:00,N,,,N
2026,40,2026-01-07 00:00:00,GMADA,1110102000,2,2513,R,40,110,,,,,EXPED,19,2025,120000.0,D,S,2026-01-07 00:00:00,,,1,Reg.Comp. 280/2025 publicidad,2026-01-07 00:00:00,N,GOB,2026-01-07 00:00:00,N,,,N
2026,41,2026-01-07 00:00:00,GMADA,1110104000,5,850,R,41,131,,,,,,,,552552.0,D,S,2026-01-07 00:00:00,,,1,Reg.Comp. 7372/2025 Alquiler equipamiento,2026-01-07 00:00:00,N,LAB,2026-01-07 00:00:00,N,,,N
2026,42,2026-01-07 00:00:00,GMADA,1110104000,5,850,R,42,131,,,,,,,,382536.0,D,S,2026-01-07 00:00:00,,,1,Reg.Comp. 7241/2025 alquiler de equip.,2026-01-07 00:00:00,N,LAB,2026-01-07 00:00:00,N,,,N
2026,43,2026-01-07 00:00:00,GMADA,1110104000,5,850,R,43,131,,,,,,,,533456.0,D,S,2026-01-07 00:00:00,,,1,Reg.Comp. 7363/2025 Alquiler equipamiento,2026-01-07 00:00:00,N,LAB,2026-01-07 00:00:00,N,,,N
2026,529,2026-01-21 00:00:00,GMADA,1110106000,7,3440,A,526,131,1,356,1,353,,,,-5081453.76,N,S,2026-01-21 00:00:00,2026-01-21 00:00:00,ERROR,1,hnorarios,2026-01-21 00:00:00,N,ACCSOC,2026-01-21 00:00:00,N,2026,,N
2026,44,2026-01-07 00:00:00,GMADA,1110104000,5,850,R,44,131,,,,,,,,407331.0,D,S,2026-01-07 00:00:00,,,1,Reg.Comp. 7362/2025 Alquiler equipamiento,2026-01-07 00:00:00,N,LAB,2026-01-07 00:00:00,N,,,N
2026,234,2026-01-14 00:00:00,GMADA,1110118000,25,313,R,234,131,,,,,,,,6408164.31,D,S,2026-01-14 00:00:00,,,1,Reg.Comp. 7490/2025 Combustible,2026-01-14 00:00:00,N,000SU,2026-01-14 00:00:00,N,,,N
2026,235,2026-01-14 00:00:00,GMADA,1110104000,5,5,R,235,131,,,,,,,,68100.0,D,S,2026-01-14 00:00:00,,,1,Reg.Comp. 211/2025 sal,2026-01-14 00:00:00,N,LAB,2026-01-14 00:00:00,N,,,N
2026,314,2026-01-15 00:00:00,GMADA,1110102000,2,313,R,314,110,1,250,1,253,,,,7000000.0,D,S,2026-01-15 00:00:00,,,1,comb,2026-01-15 00:00:00,N,GOBHAC,2026-01-15 00:00:00,N,2026,,N
2026,315,2026-01-15 00:00:00,GMADA,1110102000,2,2105,R,315,110,1,248,1,251,,,,7000000.0,N,S,2026-01-15 00:00:00,,,1,certificaciones,2026-01-15 00:00:00,N,GOBHAC,2026-01-15 00:00:00,N,2026,,N
2026,513,2026-01-21 00:00:00,GMADA,1110115000,22,41,R,513,110,1,374,1,381,EXPED,26,2026,1080000.0,D,S,2026-01-21 00:00:00,,,1,publicidad,2026-01-21 00:00:00,N,SCOOR,2026-01-21 00:00:00,N,2026,,N
2026,514,2026-01-21 00:00:00,GMADA,1110115000,22,2986,R,514,110,1,370,1,372,EXPED,26,2026,780000.0,D,S,2026-01-21 00:00:00,,,1,publicidad,2026-01-21 00:00:00,N,SCOOR,2026-01-21 00:00:00,N,2026,,N
2026,518,2026-01-21 00:00:00,GMADA,1110115000,22,2969,R,518,110,1,372,1,382,,,,1800000.0,D,S,2026-01-21 00:00:00,,,1,publicidad,2026-01-21 00:00:00,N,SCOOR,2026-01-21 00:00:00,N,2026,,N
2026,521,2026-01-21 00:00:00,GMADA,1110104000,5,33,R,521,131,1,311,1,301,,,,3352728.0,D,S,2026-01-21 00:00:00,,,1,seguros,2026-01-21 00:00:00,N,HOSP,2026-01-21 00:00:00,N,2026,,N
2026,525,2026-01-21 00:00:00,GMADA,1110106000,7,3361,R,525,131,1,346,1,345,EXPED,118,2026,6307176.0,D,S,2026-01-21 00:00:00,,,1,honorarios,2026-01-21 00:00:00,N,ACCSOC,2026-01-21 00:00:00,N,2026,,N
2026,526,2026-01-21 00:00:00,GMADA,1110106000,7,3440,R,526,131,1,356,1,353,,,,5081453.76,A,S,2026-01-21 00:00:00,2026-01-21 00:00:00,ERROR,1,hnorarios,2026-01-21 00:00:00,N,ACCSOC,2026-01-21 00:00:00,N,2026,,N
2026,527,2026-01-21 00:00:00,GMADA,1110106000,7,2473,R,527,131,1,357,1,354,,,,6307176.0,A,S,2026-01-21 00:00:00,2026-01-21 00:00:00,ERROR,1,honorarios,2026-01-21 00:00:00,N,ACCSOC,2026-01-21 00:00:00,N,2026,,N
2026,528,2026-01-21 00:00:00,GMADA,1110106000,7,1112,R,528,131,1,351,1,350,,,,6715750.08,A,S,2026-01-21 00:00:00,2026-01-30 00:00:00,ERROR,1,honorarios,2026-01-21 00:00:00,N,ACCSOC,2026-01-21 00:00:00,N,2026,,N
2026,531,2026-01-21 00:00:00,GMADA,1110106000,7,2473,A,527,131,1,357,1,354,,,,-6307176.0,N,S,2026-01-21 00:00:00,2026-01-21 00:00:00,ERROR,1,honorarios,2026-01-21 00:00:00,N,ACCSOC,2026-01-21 00:00:00,N,2026,,N
2026,530,2026-01-21 00:00:00,GMADA,1110106000,7,3440,R,530,131,1,356,1,353,EXPED,118,2026,5081453.76,D,S,2026-01-21 00:00:00,,,1,honorarios,2026-01-21 00:00:00,N,ACCSOC,2026-01-21 00:00:00,N,2026,,N
2026,957,2026-02-03 00:00:00,GMADA,1110102000,2,50087,A,955,110,,,,,,,,-1967226.03,N,S,2026-02-03 00:00:00,2026-02-03 00:00:00,ERROR,1,préstamo,2026-02-03 00:00:00,N,GOBHAC,2026-02-03 00:00:00,N,2026,,N
2026,532,2026-01-21 00:00:00,GMADA,1110106000,7,2473,R,532,131,1,357,1,354,EXPED,118,2026,6307176.0,D,S,2026-01-21 00:00:00,,,1,honorarios,2026-01-21 00:00:00,N,ACCSOC,2026-01-21 00:00:00,N,2026,,N
2026,533,2026-01-21 00:00:00,GMADA,1110106000,7,3338,R,533,131,1,352,1,351,EXPED,118,2026,1838583.36,D,S,2026-01-21 00:00:00,,,1,honorarios,2026-01-21 00:00:00,N,ACCSOC,2026-01-21 00:00:00,N,2026,,N
2026,535,2026-01-21 00:00:00,GMADA,1110106000,7,3027,R,535,131,1,353,1,352,EXPED,118,2026,6307176.0,D,S,2026-01-21 00:00:00,,,1,honorarios,2026-01-21 00:00:00,N,ACCSOC,2026-01-21 00:00:00,N,2026,,N
2026,536,2026-01-21 00:00:00,GMADA,1110112000,19,441,R,536,110,1,329,1,385,,,,34500.0,D,S,2026-01-21 00:00:00,,,1,carpeta,2026-01-21 00:00:00,N,INGPU,2026-01-21 00:00:00,N,2026,,N
2026,675,2026-01-28 00:00:00,GMADA,1110102000,2,2969,R,675,110,,,,,,,,1134219.27,D,S,2026-01-28 00:00:00,,,1,servs,2026-01-28 00:00:00,N,GOBHAC,2026-01-28 00:00:00,N,2026,,N
2026,676,2026-01-28 00:00:00,GMADA,1110102000,2,50002,R,676,110,,,,,,,,34065.78,D,S,2026-01-28 00:00:00,,,1,servs,2026-01-28 00:00:00,N,GOBHAC,2026-01-28 00:00:00,N,2026,,N
2026,954,2026-02-03 00:00:00,GMADA,1110102000,2,50087,R,954,110,,,,,,,,3027777.77,D,S,2026-02-03 00:00:00,,,1,préstamo,2026-02-03 00:00:00,N,GOBHAC,2026-02-03 00:00:00,N,2026,,N
2026,955,2026-02-03 00:00:00,GMADA,1110102000,2,50087,R,955,110,,,,,,,,1967226.03,A,S,2026-02-03 00:00:00,2026-02-03 00:00:00,ERROR,1,préstamo,2026-02-03 00:00:00,N,GOBHAC,2026-02-03 00:00:00,N,2026,,N
2026,956,2026-02-03 00:00:00,GMADA,1110102000,2,50087,R,956,110,,,,,,,,1967226.03,D,S,2026-02-03 00:00:00,,,1,préstamo,2026-02-03 00:00:00,N,GOBHAC,2026-02-03 00:00:00,N,2026,,N
2026,2144,2026-03-20 00:00:00,GMADA,1110111000,3,688,D,2121,131,1,1075,1,1119,,,,-45000.0,D,S,2026-03-25 00:00:00,,,1,Registro generado por Compras,2026-03-20 00:00:00,N,CAS,2026-03-19 00:00:00,N,,,N
2026,958,2026-02-03 00:00:00,GMADA,1110104000,5,3322,R,958,131,,,,,,,,215947.91,D,S,2026-02-03 00:00:00,,,1,Reg.Comp. 10183/2025 Art. de limpieza,2026-02-03 00:00:00,N,HOSP,2026-02-03 00:00:00,N,,,N
2026,973,2026-02-03 00:00:00,GMADA,1110102000,2,50002,R,973,110,,,,,,,,566161.15,D,S,2026-02-03 00:00:00,,,1,servs,2026-02-03 00:00:00,N,GOBHAC,2026-02-03 00:00:00,N,2026,,N
2026,974,2026-02-03 00:00:00,GMADA,1110102000,2,50002,R,974,110,,,,,,,,1449773.1,D,S,2026-02-03 00:00:00,,,1,servs,2026-02-03 00:00:00,N,GOBHAC,2026-02-03 00:00:00,N,2026,,N
2026,975,2026-02-03 00:00:00,GMADA,1110102000,2,50003,R,975,110,,,,,,,,54000.0,D,S,2026-02-03 00:00:00,,,1,"Garcia Daniela, Diaz Evangelina}}3",2026-02-03 00:00:00,N,AREAJ,2026-02-03 00:00:00,N,2026,,N
2026,2394,2026-04-01 00:00:00,GMADA,1110102000,2,50002,R,2394,110,,,,,,,,881025.98,D,S,2026-04-01 00:00:00,,,1,servs,2026-04-01 00:00:00,N,GOBHAC,2026-04-01 00:00:00,N,2026,,N
2026,2395,2026-04-01 00:00:00,GMADA,1110118000,25,826,R,2395,110,1,1166,1,1231,,,,65000.0,D,S,2026-04-01 00:00:00,,,1,comisiones,2026-04-01 00:00:00,N,000SU,2026-04-01 00:00:00,N,2026,,N
2026,2396,2026-04-01 00:00:00,GMADA,1110118000,25,791,R,2396,110,1,1167,1,1232,,,,80000.0,D,S,2026-04-01 00:00:00,,,1,cubiertas,2026-04-01 00:00:00,N,000SU,2026-04-01 00:00:00,N,2026,,N
2026,2397,2026-04-01 00:00:00,GMADA,1110104000,5,2869,R,2397,131,1,1168,1,1229,,,,1652297.0,D,S,2026-04-01 00:00:00,,,1,carne,2026-04-01 00:00:00,N,COC,2026-04-01 00:00:00,N,2026,,N
2026,2398,2026-04-01 00:00:00,GMADA,1110113000,20,3297,R,2398,110,1,1169,1,1253,,,,304000.0,D,S,2026-04-01 00:00:00,,,1,repuestos,2026-04-01 00:00:00,N,SECSEG,2026-04-01 00:00:00,N,2026,,N
2026,2399,2026-04-01 00:00:00,GMADA,1110104000,5,3184,R,2399,131,1,1171,1,1254,,,,3132045.4,D,S,2026-04-01 00:00:00,,,1,medicamentos,2026-04-01 00:00:00,N,FARM,2026-04-01 00:00:00,N,2026,,N
2026,2400,2026-04-01 00:00:00,GMADA,1110200000,8,117,R,2400,110,1,1172,1,1251,,,,10500.0,D,S,2026-04-01 00:00:00,,,1,libro de actas,2026-04-01 00:00:00,N,SECHCD,2026-04-01 00:00:00,N,2026,,N
2026,2401,2026-04-01 00:00:00,GMADA,1110106000,7,2069,R,2401,132,1,1173,1,1249,,,,850000.0,D,S,2026-04-01 00:00:00,,,1,obra,2026-04-01 00:00:00,N,JARD,2026-04-01 00:00:00,N,2026,,N
2026,2402,2026-04-01 00:00:00,GMADA,1110104000,5,1078,R,2402,131,1,1174,1,1246,,,,160000.0,D,S,2026-04-01 00:00:00,,,1,trabajos de elect,2026-04-01 00:00:00,N,HOSP,2026-04-01 00:00:00,N,2026,,N
2026,2410,2026-04-01 00:00:00,GMADA,1110104000,5,2159,R,2410,131,1,1170,1,1255,,,,202644.75,D,S,2026-04-01 00:00:00,,,1,repuestos,2026-04-01 00:00:00,N,EST,2026-04-01 00:00:00,N,2026,,N
2026,2412,2026-04-01 00:00:00,GMADA,1110104000,5,285,R,2412,131,1,1175,1,1245,,,,959493.84,N,S,2026-04-01 00:00:00,,,1,medicamentos,2026-04-01 00:00:00,N,LAB,2026-04-01 00:00:00,N,2026,,N
2026,2575,2026-04-13 00:00:00,GMADA,1110104000,5,1320,R,2575,131,1,1266,1,1331,,,,350000.0,N,S,2026-04-13 00:00:00,,,1,Arreglo de techo,2026-04-13 00:00:00,N,SASM,2026-04-13 00:00:00,N,2026,,N
2026,2576,2026-04-13 00:00:00,GMADA,1110112000,19,441,R,2576,110,1,1267,1,1332,,,,307499.7,D,S,2026-04-13 00:00:00,,,1,Art. de papelera,2026-04-13 00:00:00,N,CONTRA,2026-04-13 00:00:00,N,2026,,N
2026,2577,2026-04-13 00:00:00,GMADA,1110108000,14,441,R,2577,110,1,1279,1,1344,,,,11000.02,D,S,2026-04-13 00:00:00,,,1,Art. papelera,2026-04-13 00:00:00,N,PROD,2026-04-13 00:00:00,N,2026,,N
2026,2578,2026-04-13 00:00:00,GMADA,1110111000,3,163,R,2578,131,1,1280,1,1345,,,,410380.0,D,S,2026-04-13 00:00:00,,,1,Reparacion motoniveladora,2026-04-13 00:00:00,N,CAS,2026-04-13 00:00:00,N,2026,,N
2026,2579,2026-04-13 00:00:00,GMADA,1110109000,13,692,R,2579,110,1,1293,1,1359,,,,500000.0,D,S,2026-04-13 00:00:00,,,1,Alimentos personas,2026-04-13 00:00:00,N,DEP,2026-04-13 00:00:00,N,2026,,N
2026,2580,2026-04-13 00:00:00,GMADA,1110109000,13,2299,R,2580,110,1,1294,1,1358,,,,200000.0,N,S,2026-04-13 00:00:00,,,1,Agua mineral,2026-04-13 00:00:00,N,DEP,2026-04-13 00:00:00,N,2026,,N
2026,2581,2026-04-13 00:00:00,GMADA,1110102000,2,2454,R,2581,110,1,1295,1,1360,,,,99800.0,D,S,2026-04-13 00:00:00,,,1,Electrodomestico,2026-04-13 00:00:00,N,DESP,2026-04-13 00:00:00,N,2026,,N
2026,50,2026-01-07 00:00:00,GMADA,1110106000,7,708,R,50,110,,,,,,,,550000.0,A,S,2026-01-07 00:00:00,2026-01-07 00:00:00,ERROR,1,Reg.Comp. 49/2025 seguro,2026-01-07 00:00:00,N,GRAN,2026-01-07 00:00:00,N,,,N
2026,45,2026-01-07 00:00:00,GMADA,1110105000,6,3534,R,45,110,,,,,,,,800000.0,A,S,2026-01-07 00:00:00,2026-01-09 00:00:00,ERROR,1,Reg.Comp. 9256/2025 comunicac. y coordinac,2026-01-07 00:00:00,N,TURIS,2026-01-07 00:00:00,N,,,N
2026,46,2026-01-07 00:00:00,GMADA,1110113000,20,2142,R,46,110,,,,,,,,1140000.0,D,S,2026-01-07 00:00:00,,,1,Reg.Comp. 6139/2025 servs,2026-01-07 00:00:00,N,SECSEG,2026-01-07 00:00:00,N,,,N
2026,47,2026-01-07 00:00:00,GMADA,1110104000,5,3003,R,47,131,,,,,EXPED,534,2024,3620000.0,D,S,2026-01-07 00:00:00,,,1,Reg.Comp. 6828/2025 programación,2026-01-07 00:00:00,N,HOSP,2026-01-07 00:00:00,N,,,N
2026,48,2026-01-07 00:00:00,GMADA,1110102000,2,2086,R,48,110,,,,,,,,80000.0,D,S,2026-01-07 00:00:00,,,1,Reg.Comp. 432/2025 publicidad,2026-01-07 00:00:00,N,GOB,2026-01-07 00:00:00,N,,,N
2026,49,2026-01-07 00:00:00,GMADA,1110113000,20,3233,R,49,110,,,,,,,,550000.0,N,N,,,,0,Reg.Comp. 6140/2025 servs,2026-01-07 00:00:00,N,SECSEG,,N,,,N
2026,59,2026-01-07 00:00:00,GMADA,1110106000,7,708,A,50,110,,,,,,,,-550000.0,N,S,2026-01-07 00:00:00,2026-01-07 00:00:00,ERROR,1,Reg.Comp. 49/2025 seguro,2026-01-07 00:00:00,N,GRAN,2026-01-07 00:00:00,N,,,N
2026,51,2026-01-07 00:00:00,GMADA,1110102000,2,2522,R,51,110,,,,,EXPED,19,2025,45000.0,D,S,2026-01-07 00:00:00,,,1,Reg.Comp. 261/2025 publicidad,2026-01-07 00:00:00,N,GOB,2026-01-07 00:00:00,N,,,N
2026,52,2026-01-07 00:00:00,GMADA,1110102000,2,2098,R,52,110,,,,,EXPED,19,2025,80000.0,D,S,2026-01-07 00:00:00,,,1,Reg.Comp. 272/2025 publicidad,2026-01-07 00:00:00,N,GOB,2026-01-07 00:00:00,N,,,N
2026,53,2026-01-07 00:00:00,GMADA,1110102000,2,3029,R,53,110,,,,,,,,200000.01,D,S,2026-01-07 00:00:00,,,1,Reg.Comp. 436/2025 publicidad,2026-01-07 00:00:00,N,GOB,2026-01-07 00:00:00,N,,,N
2026,54,2026-01-07 00:00:00,GMADA,1110105000,6,3218,R,54,132,,,,,,,,94889.98,D,S,2026-01-07 00:00:00,,,1,Reg.Comp. 1262/2025 servs,2026-01-07 00:00:00,N,CULTUR,2026-01-07 00:00:00,N,,,N
2026,55,2026-01-07 00:00:00,GMADA,1110112000,19,875,R,55,110,,,,,,,,80000.0,D,S,2026-01-07 00:00:00,,,1,Reg.Comp. 3230/2025 serv de publicacion,2026-01-07 00:00:00,N,SECHAC,2026-01-07 00:00:00,N,,,N
2026,56,2026-01-07 00:00:00,GMADA,1110115000,22,3012,R,56,110,,,,,,,,923282.1,D,S,2026-01-07 00:00:00,,,1,Reg.Comp. 3032/2025 dominio en google,2026-01-07 00:00:00,N,DIRINF,2026-01-07 00:00:00,N,,,N
2026,57,2026-01-07 00:00:00,GMADA,1110104000,5,160,R,57,110,,,,,,,,275940.0,D,S,2026-01-07 00:00:00,,,1,Reg.Comp. 9789/2025 Art. veterinarios,2026-01-07 00:00:00,N,BROM,2026-01-07 00:00:00,N,,,N
2026,58,2026-01-07 00:00:00,GMADA,1110104000,5,169,R,58,131,,,,,,,,75120.0,A,S,2026-01-07 00:00:00,2026-01-12 00:00:00,ERROR,1,Reg.Comp. 7545/2025 Art. limpieza,2026-01-07 00:00:00,N,CAP,2026-01-07 00:00:00,N,,,N
2026,339,2026-01-16 00:00:00,GMADA,1110106000,7,1603,R,339,132,1,264,1,266,,,,56100.0,D,S,2026-01-16 00:00:00,,,1,pan,2026-01-16 00:00:00,N,ENV,2026-01-16 00:00:00,N,2026,,N
2026,340,2026-01-16 00:00:00,GMADA,1110111000,3,1266,R,340,131,1,262,1,268,,,,236800.0,N,S,2026-01-16 00:00:00,,,1,servs de alarma,2026-01-16 00:00:00,N,CAS,2026-01-16 00:00:00,N,2026,,N
2026,341,2026-01-16 00:00:00,GMADA,1110113000,20,33,R,341,110,1,181,1,171,,,,13104289.05,D,S,2026-01-16 00:00:00,,,1,seguros,2026-01-16 00:00:00,N,SECSEG,2026-01-16 00:00:00,N,2026,,N
2026,342,2026-01-16 00:00:00,GMADA,1110118000,25,33,R,342,110,1,175,1,172,,,,473536.94,D,S,2026-01-16 00:00:00,,,1,seguros,2026-01-16 00:00:00,N,DECI,2026-01-16 00:00:00,N,2026,,N
2026,343,2026-01-16 00:00:00,GMADA,1110113000,20,1478,R,343,110,1,261,1,264,,,,4348800.0,D,S,2026-01-16 00:00:00,,,1,servs,2026-01-16 00:00:00,N,SECSEG,2026-01-16 00:00:00,N,2026,,N
2026,344,2026-01-16 00:00:00,GMADA,1110112000,19,441,R,344,110,1,257,1,260,,,,673848.5,D,S,2026-01-16 00:00:00,,,1,arts de papelera,2026-01-16 00:00:00,N,CONTRA,2026-01-16 00:00:00,N,2026,,N
2026,345,2026-01-16 00:00:00,GMADA,1110104000,5,57,R,345,131,1,218,1,243,,,,119400.0,D,S,2026-01-16 00:00:00,,,1,servs de impresión,2026-01-16 00:00:00,N,HOSP,2026-01-16 00:00:00,N,2026,,N
2026,346,2026-01-16 00:00:00,GMADA,1110118000,25,2369,R,346,110,1,219,1,239,,,,849420.0,D,S,2026-01-16 00:00:00,,,1,reparac,2026-01-16 00:00:00,N,000R,2026-01-16 00:00:00,N,2026,,N
2026,347,2026-01-16 00:00:00,GMADA,1110118000,25,313,R,347,132,1,220,1,240,,,,8000000.0,D,S,2026-01-16 00:00:00,,,1,combust,2026-01-16 00:00:00,N,000SU,2026-01-16 00:00:00,N,2026,,N
2026,348,2026-01-16 00:00:00,GMADA,1110118000,25,1994,R,348,110,1,221,1,241,,,,1000000.0,D,S,2026-01-16 00:00:00,,,1,flete,2026-01-16 00:00:00,N,000SU,2026-01-16 00:00:00,N,2026,,N
2026,349,2026-01-16 00:00:00,GMADA,1110104000,5,2538,R,349,131,1,222,1,223,,,,175000.0,A,S,2026-01-16 00:00:00,2026-01-20 00:00:00,ERROR,1,carga de gas,2026-01-16 00:00:00,N,HOSP,2026-01-16 00:00:00,N,2026,,N
2026,364,2026-01-16 00:00:00,GMADA,1110104000,5,1235,A,13,131,1,13,1,3,,,,-3473460.0,N,S,2026-01-05 00:00:00,2026-01-16 00:00:00,ERROR,1,alquiler de equipos,2026-01-16 00:00:00,N,ADM,2026-01-05 00:00:00,N,2026,,N
2026,350,2026-01-16 00:00:00,GMADA,1110104000,5,1138,R,350,131,1,224,1,224,,,,108000.0,A,S,2026-01-16 00:00:00,2026-01-28 00:00:00,ERROR,1,pescado,2026-01-16 00:00:00,N,COC,2026-01-16 00:00:00,N,2026,,N
2026,351,2026-01-16 00:00:00,GMADA,1110104000,5,850,R,351,131,1,225,1,225,,,,1723517.86,D,S,2026-01-16 00:00:00,,,1,reactivos,2026-01-16 00:00:00,N,LAB,2026-01-16 00:00:00,N,2026,,N
2026,352,2026-01-16 00:00:00,GMADA,1110108000,14,33,R,352,110,1,177,1,173,,,,1394646.97,N,S,2026-01-16 00:00:00,,,1,seguros,2026-01-16 00:00:00,N,PROD,2026-01-16 00:00:00,N,2026,,N
2026,353,2026-01-16 00:00:00,GMADA,1110118000,25,33,R,353,110,1,179,1,174,,,,25160.31,N,S,2026-01-16 00:00:00,,,1,seguros,2026-01-16 00:00:00,N,BARU,2026-01-16 00:00:00,N,2026,,N
2026,354,2026-01-16 00:00:00,GMADA,1110118000,25,33,R,354,110,1,182,1,175,,,,13738560.16,N,S,2026-01-16 00:00:00,,,1,seguros,2026-01-16 00:00:00,N,MEAM,2026-01-16 00:00:00,N,2026,,N
2026,355,2026-01-16 00:00:00,GMADA,1110105000,6,33,R,355,110,1,183,1,176,,,,10621373.73,N,S,2026-01-16 00:00:00,,,1,seguros,2026-01-16 00:00:00,N,CULTUR,2026-01-16 00:00:00,N,2026,,N
2026,356,2026-01-16 00:00:00,GMADA,1110104000,5,1266,R,356,131,1,162,1,193,,,,670000.0,N,S,2026-01-16 00:00:00,,,1,servs de alarmas,2026-01-16 00:00:00,N,CAP,2026-01-16 00:00:00,N,2026,,N
2026,357,2026-01-16 00:00:00,GMADA,1110106000,7,1112,R,357,132,1,168,1,163,,,,252652.0,D,S,2026-01-16 00:00:00,,,1,serv de remis,2026-01-16 00:00:00,N,ACCSOC,2026-01-16 00:00:00,N,2026,,N
2026,358,2026-01-16 00:00:00,GMADA,1110106000,7,1879,R,358,110,1,169,1,164,,,,19000.0,D,S,2026-01-16 00:00:00,,,1,cables,2026-01-16 00:00:00,N,DDS,2026-01-16 00:00:00,N,2026,,N
2026,359,2026-01-16 00:00:00,GMADA,1110104000,5,33,R,359,131,1,173,1,166,,,,1953034.0,D,S,2026-01-16 00:00:00,,,1,seguros,2026-01-16 00:00:00,N,CAPSN,2026-01-16 00:00:00,N,2026,,N
2026,360,2026-01-16 00:00:00,GMADA,1110106000,7,1213,R,360,132,1,171,1,165,,,,113607.05,D,S,2026-01-16 00:00:00,,,1,madera,2026-01-16 00:00:00,N,ENV,2026-01-16 00:00:00,N,2026,,N
2026,361,2026-01-16 00:00:00,GMADA,1110101000,1,33,R,361,110,1,185,1,177,,,,3436775.39,N,S,2026-01-16 00:00:00,,,1,seguros,2026-01-16 00:00:00,N,INT,2026-01-16 00:00:00,N,2026,,N
2026,362,2026-01-16 00:00:00,GMADA,1110102000,2,33,R,362,110,1,187,1,178,,,,1064255.55,N,S,2026-01-16 00:00:00,,,1,seguros,2026-01-16 00:00:00,N,DELRU,2026-01-16 00:00:00,N,2026,,N
2026,363,2026-01-16 00:00:00,GMADA,1110106000,7,33,R,363,110,1,190,1,179,,,,3500363.22,N,S,2026-01-16 00:00:00,,,1,seguros,2026-01-16 00:00:00,N,ACCSOC,2026-01-16 00:00:00,N,2026,,N
2026,365,2026-01-16 00:00:00,GMADA,1110117000,24,1235,A,32,110,1,12,1,4,,,,-847950.0,N,S,2026-01-07 00:00:00,2026-01-16 00:00:00,ERROR,1,alquiler,2026-01-16 00:00:00,N,000F,2026-01-07 00:00:00,N,2026,,N
2026,366,2026-01-16 00:00:00,GMADA,1110112000,19,1235,A,31,110,1,3,1,8,,,,-4436730.0,N,S,2026-01-07 00:00:00,2026-01-16 00:00:00,ERROR,1,alquiler,2026-01-16 00:00:00,N,INGPUB,,N,2026,,N
2026,1400,2026-02-23 00:00:00,GMADA,1110117000,24,50072,A,1399,110,,,,,,,,-1146605.22,N,S,2026-02-23 00:00:00,2026-02-23 00:00:00,ERROR,3,gastos judiciales (quevedo abel),2026-02-23 00:00:00,N,000002,,N,2026,,N
2026,3,2026-01-05 00:00:00,GMADA,1110104000,5,2159,R,3,131,1,11,1,14,,,,2032800.0,D,S,2026-01-05 00:00:00,,,1,reparac de equipos,2026-01-05 00:00:00,N,SALA I,2026-01-05 00:00:00,N,2026,,N
2026,4,2026-01-05 00:00:00,GMADA,1110104000,5,117,R,4,131,1,15,1,20,,,,7318400.0,D,S,2026-01-05 00:00:00,,,1,arts de papelera,2026-01-05 00:00:00,N,COC,2026-01-05 00:00:00,N,2026,,N
2026,185,2026-01-13 00:00:00,GMADA,1110109000,13,3529,R,185,132,1,95,1,97,,,,400000.0,D,S,2026-01-13 00:00:00,,,1,alq de baños,2026-01-13 00:00:00,N,DEP,2026-01-13 00:00:00,N,2026,,N
2026,187,2026-01-13 00:00:00,GMADA,1110109000,13,2330,R,187,110,1,98,1,99,,,,1500000.0,D,S,2026-01-13 00:00:00,,,1,combust,2026-01-13 00:00:00,N,DEP,2026-01-13 00:00:00,N,2026,,N
2026,189,2026-01-13 00:00:00,GMADA,1110108000,14,71,R,189,110,1,102,1,102,,,,92500.0,D,S,2026-01-13 00:00:00,,,1,ropa de trabajo,2026-01-13 00:00:00,N,PROD,2026-01-13 00:00:00,N,2026,,N
2026,191,2026-01-13 00:00:00,GMADA,1110109000,13,2593,R,191,110,1,96,1,98,,,,150000.0,D,S,2026-01-13 00:00:00,,,1,cerrajeria,2026-01-13 00:00:00,N,DEP,2026-01-13 00:00:00,N,2026,,N
2026,193,2026-01-13 00:00:00,GMADA,1110109000,13,2973,R,193,110,1,99,1,100,,,,1500000.0,D,S,2026-01-13 00:00:00,,,1,prods químicos,2026-01-13 00:00:00,N,DEP,2026-01-13 00:00:00,N,2026,,N
2026,196,2026-01-13 00:00:00,GMADA,1110111000,3,33,R,196,131,1,100,1,101,,,,2029892.68,D,S,2026-01-13 00:00:00,,,1,seguros,2026-01-13 00:00:00,N,CAS,2026-01-13 00:00:00,N,2026,,N
2026,197,2026-01-13 00:00:00,GMADA,1110108000,14,169,R,197,110,1,101,1,103,,,,10900.0,D,S,2026-01-13 00:00:00,,,1,silicona,2026-01-13 00:00:00,N,PROD,2026-01-13 00:00:00,N,2026,,N
2026,1399,2026-02-23 00:00:00,GMADA,1110117000,24,50072,R,1399,110,,,,,,,,1146605.22,A,S,2026-02-23 00:00:00,2026-02-23 00:00:00,ERROR,3,gastos judiciales (quevedo abel),2026-02-23 00:00:00,N,000002,,N,2026,,N
2026,1403,2026-02-23 00:00:00,GMADA,1110117000,24,50072,R,1403,110,,,,,,,,24000.0,D,S,2026-02-23 00:00:00,,,1,gastos judiciales (Quevedo abel ),2026-02-23 00:00:00,N,000002,2026-02-23 00:00:00,N,2026,,N
2026,1411,2026-02-23 00:00:00,GMADA,1110102000,2,50922,R,1411,132,,,,,,,,56654.45,D,S,2026-02-23 00:00:00,,,2,PERIODO 2/26,2026-02-23 00:00:00,N,CATAN,,N,2026,,N
2026,1412,2026-02-23 00:00:00,GMADA,1110111000,3,193,R,1412,131,,,,,,,,10801.1,D,S,2026-02-23 00:00:00,,,2,PERIODO 12/25,2026-02-23 00:00:00,N,CAS,,N,2026,,N
2026,1415,2026-02-23 00:00:00,GMADA,1110200000,8,193,R,1415,110,,,,,,,,84331.91,D,S,2026-02-23 00:00:00,,,2,PERIODO 12/26,2026-02-23 00:00:00,N,SECHCD,,N,2026,,N
2026,1416,2026-02-23 00:00:00,GMADA,1110104000,5,193,R,1416,110,,,,,,,,2814051.67,D,S,2026-02-23 00:00:00,,,2,PERIODO 12/25,2026-02-23 00:00:00,N,ADMI,,N,2026,,N
2026,1417,2026-02-23 00:00:00,GMADA,1110105000,6,193,R,1417,110,,,,,,,,1750804.34,D,S,2026-02-23 00:00:00,,,2,PERIODO 12/25,2026-02-23 00:00:00,N,CULTUR,,N,2026,,N
2026,1418,2026-02-23 00:00:00,GMADA,1110103000,3,193,R,1418,110,,,,,,,,60684114.54,D,S,2026-02-23 00:00:00,,,2,PERIODO 12/25,2026-02-23 00:00:00,N,ALUM,,N,2026,,N
2026,1419,2026-02-23 00:00:00,GMADA,1110104000,5,193,R,1419,110,,,,,,,,54608.44,D,S,2026-02-23 00:00:00,,,2,PERIODO 12/25,2026-02-23 00:00:00,N,ADMI,,N,2026,,N
2026,1420,2026-02-23 00:00:00,GMADA,1110101000,1,193,R,1420,110,,,,,,,,1245966.81,D,S,2026-02-23 00:00:00,,,2,PERIODO 12/25,2026-02-23 00:00:00,N,INT,,N,2026,,N
2026,1421,2026-02-23 00:00:00,GMADA,1110106000,7,193,R,1421,110,,,,,,,,1147602.53,D,S,2026-02-23 00:00:00,,,2,PERIODO 12/25,2026-02-23 00:00:00,N,GRAN,,N,2026,,N
2026,1422,2026-02-23 00:00:00,GMADA,1110109000,13,193,R,1422,110,,,,,,,,371289.64,D,S,2026-02-23 00:00:00,,,2,PERIODO 12/25,2026-02-23 00:00:00,N,DEP,,N,2026,,N
2026,1423,2026-02-23 00:00:00,GMADA,1110106000,7,193,R,1423,110,,,,,,,,105833.01,D,S,2026-02-23 00:00:00,,,2,PERIODO 12/25,2026-02-23 00:00:00,N,JARD,,N,2026,,N
2026,1424,2026-02-23 00:00:00,GMADA,1110101000,1,193,R,1424,110,,,,,,,,240975.94,D,S,2026-02-23 00:00:00,,,2,PERIODO 12/25,2026-02-23 00:00:00,N,INT,,N,2026,,N
2026,2938,2026-04-29 00:00:00,GMADA,1110102000,2,50008,R,2938,110,,,,,,,,1337328.15,D,S,2026-04-29 00:00:00,,,1,Generado Automáticamente - Periodo 4/2026 - Tipo/Grupo 9/1,2026-04-29 00:00:00,N,DMACED,,,,,
2026,1425,2026-02-23 00:00:00,GMADA,1110108000,14,50003,R,1425,110,,,,,,,,90000.0,D,S,2026-02-23 00:00:00,,,2,VIATICO JAVIER VOLPATTI,2026-02-23 00:00:00,N,PROD,,N,2026,,N
2026,1426,2026-02-23 00:00:00,GMADA,1110102000,2,193,R,1426,110,,,,,,,,65514.22,D,S,2026-02-23 00:00:00,,,2,PERIODO 12/25,2026-02-23 00:00:00,N,DELE,,N,2026,,N
2026,1427,2026-02-23 00:00:00,GMADA,1110106000,7,193,R,1427,110,,,,,,,,81378.57,D,S,2026-02-23 00:00:00,,,2,PERIODO 12/25,2026-02-23 00:00:00,N,JARD,,N,2026,,N
2026,1428,2026-02-23 00:00:00,GMADA,1110105000,6,193,R,1428,110,,,,,,,,216711.68,D,S,2026-02-23 00:00:00,,,2,PERIODO 12/25,2026-02-23 00:00:00,N,MUSH,,N,2026,,N
2026,1429,2026-02-23 00:00:00,GMADA,1110103000,3,193,R,1429,110,,,,,,,,2759651.31,D,S,2026-02-23 00:00:00,,,2,PERIODO 12/25,2026-02-23 00:00:00,N,COR,,N,2026,,N
2026,1430,2026-02-23 00:00:00,GMADA,1110113000,20,193,R,1430,110,,,,,,,,20224001.89,D,S,2026-02-23 00:00:00,,,2,PERIODO 12/25,2026-02-23 00:00:00,N,SECSEG,,N,2026,,N
2026,1844,2026-03-10 00:00:00,GMADA,1110106000,7,2450,R,1844,132,1,954,1,1004,,,,249550.0,D,S,2026-03-10 00:00:00,,,1,FRUTAS Y VERDS,2026-03-10 00:00:00,N,JARD,2026-03-10 00:00:00,N,2026,,N
2026,1845,2026-03-10 00:00:00,GMADA,1110104000,5,2627,R,1845,131,1,948,1,948,,,,14400.0,D,S,2026-03-10 00:00:00,,,1,PASTAS,2026-03-10 00:00:00,N,COC,2026-03-10 00:00:00,N,2026,,N
2026,1846,2026-03-10 00:00:00,GMADA,1110104000,5,2627,R,1846,131,1,952,1,949,,,,58800.0,D,S,2026-03-10 00:00:00,,,1,PASTAS,2026-03-10 00:00:00,N,HOGANC,2026-03-10 00:00:00,N,2026,,N
2026,1847,2026-03-10 00:00:00,GMADA,1110106000,7,1603,R,1847,132,1,961,1,1007,,,,132000.0,A,S,2026-03-10 00:00:00,2026-03-11 00:00:00,ERROR,1,PAN,2026-03-10 00:00:00,N,ACCSOC,2026-03-10 00:00:00,N,2026,,N
2026,1848,2026-03-10 00:00:00,GMADA,1110104000,5,1573,R,1848,131,1,955,1,950,,,,4495905.85,D,S,2026-03-10 00:00:00,,,1,MEDICAMENTOS,2026-03-10 00:00:00,N,FARM,2026-03-10 00:00:00,N,2026,,N
2026,1849,2026-03-10 00:00:00,GMADA,1110104000,5,167,R,1849,131,1,956,1,993,,,,513900.0,D,S,2026-03-10 00:00:00,,,1,POLLO,2026-03-10 00:00:00,N,HOGANC,2026-03-10 00:00:00,N,2026,,N
2026,1850,2026-03-10 00:00:00,GMADA,1110104000,5,717,R,1850,131,1,957,1,995,,,,67760.0,D,S,2026-03-10 00:00:00,,,1,ALIMENTOS,2026-03-10 00:00:00,N,COC,2026-03-10 00:00:00,N,2026,,N
2026,1852,2026-03-10 00:00:00,GMADA,1110104000,5,167,R,1852,131,1,958,1,994,,,,758900.0,D,S,2026-03-10 00:00:00,,,1,POLLO,2026-03-10 00:00:00,N,COC,2026-03-10 00:00:00,N,2026,,N
2026,2939,2026-04-29 00:00:00,GMADA,1110102000,2,50008,R,2939,110,,,,,,,,24256191.82,D,S,2026-04-29 00:00:00,,,1,Generado Automáticamente - Periodo 4/2026 - Tipo/Grupo 9/1,2026-04-29 00:00:00,N,GOBHAC,,,,,
2026,2940,2026-04-29 00:00:00,GMADA,1110102000,2,50008,R,2940,110,,,,,,,,4021539.95,D,S,2026-04-29 00:00:00,,,1,Generado Automáticamente - Periodo 4/2026 - Tipo/Grupo 9/1,2026-04-29 00:00:00,N,AREAJ,,,,,
2026,2941,2026-04-29 00:00:00,GMADA,1110102000,2,50008,R,2941,110,,,,,,,,967849.09,D,S,2026-04-29 00:00:00,,,1,Generado Automáticamente - Periodo 4/2026 - Tipo/Grupo 9/1,2026-04-29 00:00:00,N,ARCHG,,,,,
2026,2942,2026-04-29 00:00:00,GMADA,1110102000,2,50008,R,2942,110,,,,,,,,5565932.78,D,S,2026-04-29 00:00:00,,,1,Generado Automáticamente - Periodo 4/2026 - Tipo/Grupo 9/1,2026-04-29 00:00:00,N,GOB,,,,,
2026,2943,2026-04-29 00:00:00,GMADA,1110102000,2,50008,R,2943,110,,,,,,,,6762649.58,D,S,2026-04-29 00:00:00,,,1,Generado Automáticamente - Periodo 4/2026 - Tipo/Grupo 9/1,2026-04-29 00:00:00,N,DELRU,,,,,
2026,2944,2026-04-29 00:00:00,GMADA,1110102000,2,50051,R,2944,110,,,,,,,,106301.89,D,S,2026-04-29 00:00:00,,,1,Generado Automáticamente - Periodo 4/2026 - Tipo/Grupo 9/1,2026-04-29 00:00:00,N,ARCHG,,,,,
2026,2945,2026-04-29 00:00:00,GMADA,1110102000,2,50051,R,2945,110,,,,,,,,113781.28,D,S,2026-04-29 00:00:00,,,1,Generado Automáticamente - Periodo 4/2026 - Tipo/Grupo 9/1,2026-04-29 00:00:00,N,DMACED,,,,,
2026,2946,2026-04-29 00:00:00,GMADA,1110102000,2,50051,R,2946,110,,,,,,,,707741.94,D,S,2026-04-29 00:00:00,,,1,Generado Automáticamente - Periodo 4/2026 - Tipo/Grupo 9/1,2026-04-29 00:00:00,N,DELRU,,,,,
2026,2947,2026-04-29 00:00:00,GMADA,1110102000,2,50051,R,2947,110,,,,,,,,2322620.63,D,S,2026-04-29 00:00:00,,,1,Generado Automáticamente - Periodo 4/2026 - Tipo/Grupo 9/1,2026-04-29 00:00:00,N,GOBHAC,,,,,
2026,2948,2026-04-29 00:00:00,GMADA,1110102000,2,50051,R,2948,110,,,,,,,,428710.64,D,S,2026-04-29 00:00:00,,,1,Generado Automáticamente - Periodo 4/2026 - Tipo/Grupo 9/1,2026-04-29 00:00:00,N,AREAJ,,,,,
2026,2949,2026-04-29 00:00:00,GMADA,1110102000,2,50051,R,2949,110,,,,,,,,521263.79,D,S,2026-04-29 00:00:00,,,1,Generado Automáticamente - Periodo 4/2026 - Tipo/Grupo 9/1,2026-04-29 00:00:00,N,GOB,,,,,
2026,2950,2026-04-29 00:00:00,GMADA,1110102000,2,50052,R,2950,110,,,,,,,,957819.6,D,S,2026-04-29 00:00:00,,,1,Generado Automáticamente - Periodo 4/2026 - Tipo/Grupo 9/1,2026-04-29 00:00:00,N,GOBHAC,,,,,
2026,2951,2026-04-29 00:00:00,GMADA,1110102000,2,50052,R,2951,110,,,,,,,,42520.76,D,S,2026-04-29 00:00:00,,,1,Generado Automáticamente - Periodo 4/2026 - Tipo/Grupo 9/1,2026-04-29 00:00:00,N,ARCHG,,,,,
2026,2952,2026-04-29 00:00:00,GMADA,1110102000,2,50052,R,2952,110,,,,,,,,171484.26,D,S,2026-04-29 00:00:00,,,1,Generado Automáticamente - Periodo 4/2026 - Tipo/Grupo 9/1,2026-04-29 00:00:00,N,AREAJ,,,,,
2026,2953,2026-04-29 00:00:00,GMADA,1110102000,2,50052,R,2953,110,,,,,,,,208505.52,D,S,2026-04-29 00:00:00,,,1,Generado Automáticamente - Periodo 4/2026 - Tipo/Grupo 9/1,2026-04-29 00:00:00,N,GOB,,,,,
2026,2954,2026-04-29 00:00:00,GMADA,1110102000,2,50052,R,2954,110,,,,,,,,283096.78,D,S,2026-04-29 00:00:00,,,1,Generado Automáticamente - Periodo 4/2026 - Tipo/Grupo 9/1,2026-04-29 00:00:00,N,DELRU,,,,,
2026,2955,2026-04-29 00:00:00,GMADA,1110102000,2,50052,R,2955,110,,,,,,,,45512.51,D,S,2026-04-29 00:00:00,,,1,Generado Automáticamente - Periodo 4/2026 - Tipo/Grupo 9/1,2026-04-29 00:00:00,N,DMACED,,,,,
2026,2956,2026-04-29 00:00:00,GMADA,1110103000,3,50008,R,2956,110,,,,,,,,2435062.38,D,S,2026-04-29 00:00:00,,,1,Generado Automáticamente - Periodo 4/2026 - Tipo/Grupo 9/1,2026-04-29 00:00:00,N,SECOPU,,,,,
2026,2957,2026-04-29 00:00:00,GMADA,1110103000,3,50008,R,2957,110,,,,,,,,22427940.45,D,S,2026-04-29 00:00:00,,,1,Generado Automáticamente - Periodo 4/2026 - Tipo/Grupo 9/1,2026-04-29 00:00:00,N,SECOP,,,,,
2026,2958,2026-04-29 00:00:00,GMADA,1110103000,3,50051,R,2958,110,,,,,,,,1932100.56,D,S,2026-04-29 00:00:00,,,1,Generado Automáticamente - Periodo 4/2026 - Tipo/Grupo 9/1,2026-04-29 00:00:00,N,SECOP,,,,,
2026,2959,2026-04-29 00:00:00,GMADA,1110103000,3,50051,R,2959,110,,,,,,,,247903.73,D,S,2026-04-29 00:00:00,,,1,Generado Automáticamente - Periodo 4/2026 - Tipo/Grupo 9/1,2026-04-29 00:00:00,N,SECOPU,,,,,
2026,2960,2026-04-29 00:00:00,GMADA,1110103000,3,50052,R,2960,110,,,,,,,,99161.49,D,S,2026-04-29 00:00:00,,,1,Generado Automáticamente - Periodo 4/2026 - Tipo/Grupo 9/1,2026-04-29 00:00:00,N,SECOPU,,,,,
2026,2961,2026-04-29 00:00:00,GMADA,1110103000,3,50052,R,2961,110,,,,,,,,949540.66,D,S,2026-04-29 00:00:00,,,1,Generado Automáticamente - Periodo 4/2026 - Tipo/Grupo 9/1,2026-04-29 00:00:00,N,SECOP,,,,,
2026,2962,2026-04-29 00:00:00,GMADA,1110104000,5,50008,R,2962,110,,,,,,,,813546.85,D,S,2026-04-29 00:00:00,,,1,Generado Automáticamente - Periodo 4/2026 - Tipo/Grupo 9/1,2026-04-29 00:00:00,N,OSA,,,,,
2026,2963,2026-04-29 00:00:00,GMADA,1110104000,5,50008,R,2963,110,,,,,,,,749723190.18,D,S,2026-04-29 00:00:00,,,1,Generado Automáticamente - Periodo 4/2026 - Tipo/Grupo 9/1,2026-04-29 00:00:00,N,HOSP,,,,,
2026,2964,2026-04-29 00:00:00,GMADA,1110104000,5,50008,R,2964,110,,,,,,,,2865299.41,D,S,2026-04-29 00:00:00,,,1,Generado Automáticamente - Periodo 4/2026 - Tipo/Grupo 9/1,2026-04-29 00:00:00,N,CAP,,,,,
2026,2965,2026-04-29 00:00:00,GMADA,1110104000,5,50008,R,2965,110,,,,,,,,959182.91,D,S,2026-04-29 00:00:00,,,1,Generado Automáticamente - Periodo 4/2026 - Tipo/Grupo 9/1,2026-04-29 00:00:00,N,BROM,,,,,
2026,2966,2026-04-29 00:00:00,GMADA,1110104000,5,50051,R,2966,110,,,,,,,,327248.46,D,S,2026-04-29 00:00:00,,,1,Generado Automáticamente - Periodo 4/2026 - Tipo/Grupo 9/1,2026-04-29 00:00:00,N,CAP,,,,,
2026,2967,2026-04-29 00:00:00,GMADA,1110104000,5,50051,R,2967,110,,,,,,,,74388521.93,D,S,2026-04-29 00:00:00,,,1,Generado Automáticamente - Periodo 4/2026 - Tipo/Grupo 9/1,2026-04-29 00:00:00,N,HOSP,,,,,
2026,2968,2026-04-29 00:00:00,GMADA,1110104000,5,50051,R,2968,110,,,,,,,,68432.24,D,S,2026-04-29 00:00:00,,,1,Generado Automáticamente - Periodo 4/2026 - Tipo/Grupo 9/1,2026-04-29 00:00:00,N,OSA,,,,,
2026,2969,2026-04-29 00:00:00,GMADA,1110104000,5,50051,R,2969,110,,,,,,,,80191.99,D,S,2026-04-29 00:00:00,,,1,Generado Automáticamente - Periodo 4/2026 - Tipo/Grupo 9/1,2026-04-29 00:00:00,N,BROM,,,,,
2026,1022,2026-02-05 00:00:00,GMADA,1110118000,25,1514,D,1006,132,1,561,1,606,,,,-487800.0,D,S,2026-02-09 00:00:00,,,1,Registro generado por Compras,2026-02-05 00:00:00,N,BARU,2026-02-04 00:00:00,N,,,N
2026,1023,2026-02-05 00:00:00,GMADA,1110118000,25,1514,D,1007,132,1,562,1,605,,,,-4065000.0,D,S,2026-02-09 00:00:00,,,1,Registro generado por Compras,2026-02-05 00:00:00,N,000SU,2026-02-04 00:00:00,N,,,N
2026,2515,2026-04-08 00:00:00,GMADA,1110106000,7,3492,A,1754,131,1,880,1,967,EXPED,632,2026,-2723827.2,N,S,2026-03-06 00:00:00,2026-04-08 00:00:00,ERROR,1,honorarios,2026-04-08 00:00:00,N,ACCSOC,2026-03-06 00:00:00,N,2026,,N
2026,1498,2026-02-26 00:00:00,GMADA,1110102000,2,50087,R,1498,110,,,,,,,,65356.31,D,S,2026-02-26 00:00:00,,,2,comisiones,2026-02-26 00:00:00,N,ADFIN,,N,2026,,N
2026,1500,2026-02-26 00:00:00,GMADA,1110102000,2,50087,R,1500,110,,,,,,,,636152.19,D,S,2026-02-26 00:00:00,,,2,comisiones,2026-02-26 00:00:00,N,ADFIN,,N,2026,,N
2026,1501,2026-02-26 00:00:00,GMADA,1110109000,13,21352,R,1501,110,1,800,1,853,,,,120000.0,D,S,2026-02-26 00:00:00,,,1,alquiler de vallas,2026-02-26 00:00:00,N,DEP,2026-02-26 00:00:00,N,2026,,N
2026,1502,2026-02-26 00:00:00,GMADA,1110109000,13,3481,R,1502,110,1,799,1,854,,,,850000.0,D,S,2026-02-26 00:00:00,,,1,serv de luces,2026-02-26 00:00:00,N,DEP,2026-02-26 00:00:00,N,2026,,N
2026,1503,2026-02-26 00:00:00,GMADA,1110102000,2,50087,R,1503,110,,,,,,,,607269.33,D,S,2026-02-26 00:00:00,,,2,comisiones,2026-02-26 00:00:00,N,ADFIN,,N,2026,,N
2026,1504,2026-02-26 00:00:00,GMADA,1110102000,2,50087,R,1504,110,,,,,,,,127732.6,D,S,2026-02-26 00:00:00,,,3,comisiones,2026-02-26 00:00:00,N,ADFIN,,N,2026,,N
2026,1505,2026-02-26 00:00:00,GMADA,1110118000,25,822,R,1505,110,1,798,1,844,,,,424136.94,D,S,2026-02-26 00:00:00,,,1,rep,2026-02-26 00:00:00,N,000SU,2026-02-26 00:00:00,N,2026,,N
2026,1506,2026-02-26 00:00:00,GMADA,1110113000,20,2110,R,1506,110,1,796,1,831,,,,225000.0,D,S,2026-02-26 00:00:00,,,1,trabajo de plomeria,2026-02-26 00:00:00,N,SECSEG,2026-02-26 00:00:00,N,2026,,N
2026,1507,2026-02-26 00:00:00,GMADA,1110113000,20,1259,R,1507,110,1,797,1,832,,,,5838.0,D,S,2026-02-26 00:00:00,,,1,cinta,2026-02-26 00:00:00,N,SECSEG,2026-02-26 00:00:00,N,2026,,N
2026,1508,2026-02-26 00:00:00,GMADA,1110104000,5,2869,R,1508,131,1,801,1,855,,,,412137.0,D,S,2026-02-26 00:00:00,,,1,carne,2026-02-26 00:00:00,N,COC,2026-02-26 00:00:00,N,2026,,N
2026,1509,2026-02-26 00:00:00,GMADA,1110103000,3,2476,R,1509,110,,,,,EXPED,380,2025,1400000.0,D,S,2026-02-26 00:00:00,,,1,Reg.Comp. 3504/2025 trabajos en pintura,2026-02-26 00:00:00,N,OPP,,N,,,N
2026,2478,2026-04-08 00:00:00,GMADA,1110102000,2,2330,R,2478,110,1,1215,1,1318,,,,20150.26,D,S,2026-04-08 00:00:00,,,1,combustibles,2026-04-08 00:00:00,N,GOBHAC,2026-04-08 00:00:00,N,2026,,N
2026,2480,2026-04-08 00:00:00,GMADA,1110104000,5,3356,R,2480,131,1,1081,1,1137,,,,190000.0,D,S,2026-04-08 00:00:00,,,1,PESCADO,2026-04-08 00:00:00,N,COC,,N,2026,,N
2026,2935,2026-04-29 00:00:00,GMADA,1110101000,1,50008,R,2935,110,,,,,,,,9486560.13,D,S,2026-04-29 00:00:00,,,1,Generado Automáticamente - Periodo 4/2026 - Tipo/Grupo 9/1,2026-04-29 00:00:00,N,INT,,,,,
2026,2517,2026-04-08 00:00:00,GMADA,1110106000,7,3492,R,2517,131,1,880,1,967,,,,2723827.2,D,S,2026-04-08 00:00:00,,,1,HONORARIOS,2026-04-08 00:00:00,N,ACCSOC,,N,2026,,N
2026,2923,2026-04-28 00:00:00,GMADA,1110106000,7,50031,R,2923,110,,,,,,,,165000.0,D,S,2026-04-28 00:00:00,,,2,subsidio Felipe Gomez,2026-04-28 00:00:00,N,ACCSOC,,N,2026,,N
2026,2924,2026-04-28 00:00:00,GMADA,1110101000,1,50286,R,2924,131,,,,,EXPED,706,2026,189600.0,D,S,2026-04-28 00:00:00,,,2,donacion multa Club Racing,2026-04-28 00:00:00,N,INT,,N,2026,,N
2026,2925,2026-04-28 00:00:00,GMADA,1110101000,1,50087,R,2925,110,,,,,,,,200000.0,D,S,2026-04-28 00:00:00,,,2,copres,2026-04-28 00:00:00,N,INT,,N,2026,,N
2026,2926,2026-04-28 00:00:00,GMADA,1110111000,3,50087,R,2926,131,,,,,,,,280000.0,D,S,2026-04-28 00:00:00,,,2,combustibles,2026-04-28 00:00:00,N,CAS,,N,2026,,N
2026,2927,2026-04-28 00:00:00,GMADA,1110113000,20,50087,R,2927,132,,,,,,,,4000000.0,D,S,2026-04-28 00:00:00,,,2,copres,2026-04-28 00:00:00,N,SECSEG,,N,2026,,N
2026,2928,2026-04-28 00:00:00,GMADA,1110104000,5,50087,R,2928,131,,,,,,,,1488000.0,D,S,2026-04-28 00:00:00,,,2,copres,2026-04-28 00:00:00,N,ADMI,,N,2026,,N
2026,2929,2026-04-28 00:00:00,GMADA,1110106000,7,50087,R,2929,110,,,,,,,,400000.0,D,S,2026-04-28 00:00:00,,,2,copres,2026-04-28 00:00:00,N,ACCSOC,,N,2026,,N
2026,2930,2026-04-28 00:00:00,GMADA,1110109000,13,50087,R,2930,110,,,,,,,,180000.0,D,S,2026-04-28 00:00:00,,,2,copres,2026-04-28 00:00:00,N,DEPORT,,N,2026,,N
2026,2931,2026-04-28 00:00:00,GMADA,1110112000,19,50087,R,2931,110,,,,,,,,130960.0,D,S,2026-04-28 00:00:00,,,2,copres,2026-04-28 00:00:00,N,SEHA,,N,2026,,N
2026,2932,2026-04-28 00:00:00,GMADA,1110106000,7,50012,R,2932,110,,,,,,,,177000.0,D,S,2026-04-28 00:00:00,,,1,caja chica compras,2026-04-28 00:00:00,N,ACCSOC,2026-04-28 00:00:00,N,2026,,N
2026,2936,2026-04-29 00:00:00,GMADA,1110101000,1,50051,R,2936,110,,,,,,,,940798.34,D,S,2026-04-29 00:00:00,,,1,Generado Automáticamente - Periodo 4/2026 - Tipo/Grupo 9/1,2026-04-29 00:00:00,N,INT,,,,,
2026,2937,2026-04-29 00:00:00,GMADA,1110101000,1,50052,R,2937,110,,,,,,,,376319.33,D,S,2026-04-29 00:00:00,,,1,Generado Automáticamente - Periodo 4/2026 - Tipo/Grupo 9/1,2026-04-29 00:00:00,N,INT,,,,,
2026,2970,2026-04-29 00:00:00,GMADA,1110104000,5,50052,R,2970,110,,,,,,,,32076.8,D,S,2026-04-29 00:00:00,,,1,Generado Automáticamente - Periodo 4/2026 - Tipo/Grupo 9/1,2026-04-29 00:00:00,N,BROM,,,,,
2026,2971,2026-04-29 00:00:00,GMADA,1110104000,5,50052,R,2971,110,,,,,,,,130899.38,D,S,2026-04-29 00:00:00,,,1,Generado Automáticamente - Periodo 4/2026 - Tipo/Grupo 9/1,2026-04-29 00:00:00,N,CAP,,,,,
2026,2972,2026-04-29 00:00:00,GMADA,1110104000,5,50052,R,2972,110,,,,,,,,27372.9,D,S,2026-04-29 00:00:00,,,1,Generado Automáticamente - Periodo 4/2026 - Tipo/Grupo 9/1,2026-04-29 00:00:00,N,OSA,,,,,
2026,2973,2026-04-29 00:00:00,GMADA,1110104000,5,50052,R,2973,110,,,,,,,,30255414.62,D,S,2026-04-29 00:00:00,,,1,Generado Automáticamente - Periodo 4/2026 - Tipo/Grupo 9/1,2026-04-29 00:00:00,N,HOSP,,,,,
2026,2974,2026-04-29 00:00:00,GMADA,1110104000,5,50008,R,2974,131,,,,,,,,2712000.0,D,S,2026-04-29 00:00:00,,,1,Generado Automáticamente - Periodo 4/2026 - Tipo/Grupo 9/1,2026-04-29 00:00:00,N,HOSP,,,,,
2026,2975,2026-04-29 00:00:00,GMADA,1110104000,5,50051,R,2975,131,,,,,,,,325440.0,D,S,2026-04-29 00:00:00,,,1,Generado Automáticamente - Periodo 4/2026 - Tipo/Grupo 9/1,2026-04-29 00:00:00,N,HOSP,,,,,
2026,2976,2026-04-29 00:00:00,GMADA,1110104000,5,50052,R,2976,131,,,,,,,,130176.0,D,S,2026-04-29 00:00:00,,,1,Generado Automáticamente - Periodo 4/2026 - Tipo/Grupo 9/1,2026-04-29 00:00:00,N,HOSP,,,,,
2026,2977,2026-04-29 00:00:00,GMADA,1110104000,5,50008,R,2977,132,,,,,,,,930649.2,D,S,2026-04-29 00:00:00,,,1,Generado Automáticamente - Periodo 4/2026 - Tipo/Grupo 9/1,2026-04-29 00:00:00,N,HOSP,,,,,
2026,2978,2026-04-29 00:00:00,GMADA,1110104000,5,50051,R,2978,132,,,,,,,,70594.04,D,S,2026-04-29 00:00:00,,,1,Generado Automáticamente - Periodo 4/2026 - Tipo/Grupo 9/1,2026-04-29 00:00:00,N,HOSP,,,,,
2026,2979,2026-04-29 00:00:00,GMADA,1110104000,5,50052,R,2979,132,,,,,,,,28237.61,D,S,2026-04-29 00:00:00,,,1,Generado Automáticamente - Periodo 4/2026 - Tipo/Grupo 9/1,2026-04-29 00:00:00,N,HOSP,,,,,
2026,2980,2026-04-29 00:00:00,GMADA,1110104000,11,50008,R,2980,110,,,,,,,,1548344.41,D,S,2026-04-29 00:00:00,,,1,Generado Automáticamente - Periodo 4/2026 - Tipo/Grupo 9/1,2026-04-29 00:00:00,N,HOSP,,,,,
2026,2981,2026-04-29 00:00:00,GMADA,1110104000,11,50008,R,2981,110,,,,,,,,9919576.18,D,S,2026-04-29 00:00:00,,,1,Generado Automáticamente - Periodo 4/2026 - Tipo/Grupo 9/1,2026-04-29 00:00:00,N,BROM,,,,,
2026,2982,2026-04-29 00:00:00,GMADA,1110104000,11,50051,R,2982,110,,,,,,,,125635.25,D,S,2026-04-29 00:00:00,,,1,Generado Automáticamente - Periodo 4/2026 - Tipo/Grupo 9/1,2026-04-29 00:00:00,N,HOSP,,,,,
2026,2983,2026-04-29 00:00:00,GMADA,1110104000,11,50051,R,2983,110,,,,,,,,889313.91,D,S,2026-04-29 00:00:00,,,1,Generado Automáticamente - Periodo 4/2026 - Tipo/Grupo 9/1,2026-04-29 00:00:00,N,BROM,,,,,
2026,2984,2026-04-29 00:00:00,GMADA,1110104000,11,50052,R,2984,110,,,,,,,,385990.86,D,S,2026-04-29 00:00:00,,,1,Generado Automáticamente - Periodo 4/2026 - Tipo/Grupo 9/1,2026-04-29 00:00:00,N,BROM,,,,,
2026,2985,2026-04-29 00:00:00,GMADA,1110104000,11,50052,R,2985,110,,,,,,,,50254.1,D,S,2026-04-29 00:00:00,,,1,Generado Automáticamente - Periodo 4/2026 - Tipo/Grupo 9/1,2026-04-29 00:00:00,N,HOSP,,,,,
2026,2986,2026-04-29 00:00:00,GMADA,1110105000,6,50008,R,2986,110,,,,,,,,22428851.87,D,S,2026-04-29 00:00:00,,,1,Generado Automáticamente - Periodo 4/2026 - Tipo/Grupo 9/1,2026-04-29 00:00:00,N,CULTUR,,,,,
2026,2987,2026-04-29 00:00:00,GMADA,1110105000,6,50051,R,2987,110,,,,,,,,2246520.19,D,S,2026-04-29 00:00:00,,,1,Generado Automáticamente - Periodo 4/2026 - Tipo/Grupo 9/1,2026-04-29 00:00:00,N,CULTUR,,,,,
2026,2988,2026-04-29 00:00:00,GMADA,1110105000,6,50052,R,2988,110,,,,,,,,927946.85,D,S,2026-04-29 00:00:00,,,1,Generado Automáticamente - Periodo 4/2026 - Tipo/Grupo 9/1,2026-04-29 00:00:00,N,CULTUR,,,,,
2026,2989,2026-04-29 00:00:00,GMADA,1110105000,6,50008,R,2989,132,,,,,,,,17899490.95,D,S,2026-04-29 00:00:00,,,1,Generado Automáticamente - Periodo 4/2026 - Tipo/Grupo 9/1,2026-04-29 00:00:00,N,CULTUR,,,,,
2026,2990,2026-04-29 00:00:00,GMADA,1110105000,6,50051,R,2990,132,,,,,,,,1727500.05,D,S,2026-04-29 00:00:00,,,1,Generado Automáticamente - Periodo 4/2026 - Tipo/Grupo 9/1,2026-04-29 00:00:00,N,CULTUR,,,,,
2026,2991,2026-04-29 00:00:00,GMADA,1110105000,6,50052,R,2991,132,,,,,,,,690999.99,D,S,2026-04-29 00:00:00,,,1,Generado Automáticamente - Periodo 4/2026 - Tipo/Grupo 9/1,2026-04-29 00:00:00,N,CULTUR,,,,,
2026,2992,2026-04-29 00:00:00,GMADA,1110106000,7,50008,R,2992,110,,,,,,,,51478384.09,D,S,2026-04-29 00:00:00,,,1,Generado Automáticamente - Periodo 4/2026 - Tipo/Grupo 9/1,2026-04-29 00:00:00,N,ACCSOC,,,,,
2026,2993,2026-04-29 00:00:00,GMADA,1110106000,7,50008,R,2993,110,,,,,,,,6397178.98,D,S,2026-04-29 00:00:00,,,1,Generado Automáticamente - Periodo 4/2026 - Tipo/Grupo 9/1,2026-04-29 00:00:00,N,GRAN,,,,,
2026,2994,2026-04-29 00:00:00,GMADA,1110106000,7,50051,R,2994,110,,,,,,,,3775860.31,D,S,2026-04-29 00:00:00,,,1,Generado Automáticamente - Periodo 4/2026 - Tipo/Grupo 9/1,2026-04-29 00:00:00,N,ACCSOC,,,,,
2026,2995,2026-04-29 00:00:00,GMADA,1110106000,7,50051,R,2995,110,,,,,,,,642485.52,D,S,2026-04-29 00:00:00,,,1,Generado Automáticamente - Periodo 4/2026 - Tipo/Grupo 9/1,2026-04-29 00:00:00,N,GRAN,,,,,
2026,2996,2026-04-29 00:00:00,GMADA,1110106000,7,50052,R,2996,110,,,,,,,,1667974.07,D,S,2026-04-29 00:00:00,,,1,Generado Automáticamente - Periodo 4/2026 - Tipo/Grupo 9/1,2026-04-29 00:00:00,N,ACCSOC,,,,,
2026,2997,2026-04-29 00:00:00,GMADA,1110106000,7,50052,R,2997,110,,,,,,,,256994.21,D,S,2026-04-29 00:00:00,,,1,Generado Automáticamente - Periodo 4/2026 - Tipo/Grupo 9/1,2026-04-29 00:00:00,N,GRAN,,,,,
2026,2998,2026-04-29 00:00:00,GMADA,1110106000,7,50008,R,2998,132,,,,,,,,27040369.16,D,S,2026-04-29 00:00:00,,,1,Generado Automáticamente - Periodo 4/2026 - Tipo/Grupo 9/1,2026-04-29 00:00:00,N,ACCSOC,,,,,
2026,2999,2026-04-29 00:00:00,GMADA,1110106000,7,50051,R,2999,132,,,,,,,,2727689.21,D,S,2026-04-29 00:00:00,,,1,Generado Automáticamente - Periodo 4/2026 - Tipo/Grupo 9/1,2026-04-29 00:00:00,N,ACCSOC,,,,,
2026,3000,2026-04-29 00:00:00,GMADA,1110106000,7,50052,R,3000,132,,,,,,,,1091075.71,D,S,2026-04-29 00:00:00,,,1,Generado Automáticamente - Periodo 4/2026 - Tipo/Grupo 9/1,2026-04-29 00:00:00,N,ACCSOC,,,,,
2026,3001,2026-04-29 00:00:00,GMADA,1110108000,14,50008,R,3001,110,,,,,,,,11537324.68,D,S,2026-04-29 00:00:00,,,1,Generado Automáticamente - Periodo 4/2026 - Tipo/Grupo 9/1,2026-04-29 00:00:00,N,PROD,,,,,
2026,3002,2026-04-29 00:00:00,GMADA,1110108000,14,50051,R,3002,110,,,,,,,,1230446.76,D,S,2026-04-29 00:00:00,,,1,Generado Automáticamente - Periodo 4/2026 - Tipo/Grupo 9/1,2026-04-29 00:00:00,N,PROD,,,,,
2026,3003,2026-04-29 00:00:00,GMADA,1110108000,14,50052,R,3003,110,,,,,,,,492178.71,D,S,2026-04-29 00:00:00,,,1,Generado Automáticamente - Periodo 4/2026 - Tipo/Grupo 9/1,2026-04-29 00:00:00,N,PROD,,,,,
2026,3004,2026-04-29 00:00:00,GMADA,1110109000,13,50008,R,3004,110,,,,,,,,16249087.45,D,S,2026-04-29 00:00:00,,,1,Generado Automáticamente - Periodo 4/2026 - Tipo/Grupo 9/1,2026-04-29 00:00:00,N,DEPORT,,,,,
2026,3005,2026-04-29 00:00:00,GMADA,1110109000,13,50051,R,3005,110,,,,,,,,1603837.73,D,S,2026-04-29 00:00:00,,,1,Generado Automáticamente - Periodo 4/2026 - Tipo/Grupo 9/1,2026-04-29 00:00:00,N,DEPORT,,,,,
2026,3006,2026-04-29 00:00:00,GMADA,1110109000,13,50052,R,3006,110,,,,,,,,660130.16,D,S,2026-04-29 00:00:00,,,1,Generado Automáticamente - Periodo 4/2026 - Tipo/Grupo 9/1,2026-04-29 00:00:00,N,DEPORT,,,,,
2026,3249,2026-05-07 00:00:00,GMADA,1110113000,20,688,D,3210,110,1,1633,1,1685,,,,-1170000.0,D,S,2026-05-11 00:00:00,,,1,Registro generado por Compras,2026-05-07 00:00:00,N,SECSEG,2026-05-06 00:00:00,N,,,N
2026,3172,2026-05-05 00:00:00,GMADA,1110106000,7,2330,D,3162,110,1,1605,1,651,,,,-900000.0,D,S,2026-05-05 00:00:00,,,1,Registro generado por Compras,2026-05-05 00:00:00,N,ACCSOC,2026-05-04 00:00:00,N,,,N
2026,3252,2026-05-07 00:00:00,GMADA,1110118000,25,1514,D,3234,132,1,1617,1,1699,,,,-4290000.0,D,S,2026-05-11 00:00:00,,,1,Registro generado por Compras,2026-05-07 00:00:00,N,000SU,2026-05-07 00:00:00,N,,,N
2026,3254,2026-05-07 00:00:00,GMADA,1110118000,25,1514,D,3232,132,1,1615,1,1700,,,,-1930500.0,D,S,2026-05-11 00:00:00,,,1,Registro generado por Compras,2026-05-07 00:00:00,N,BARU,2026-05-07 00:00:00,N,,,N
2026,3304,2026-05-11 00:00:00,GMADA,1110102000,2,50002,R,3304,110,,,,,,,,58840.61,D,S,2026-05-11 00:00:00,,,2,fact 2512-17447619,2026-05-11 00:00:00,N,ADFIN,,N,2026,,N
2026,3305,2026-05-11 00:00:00,GMADA,1110111000,3,50087,R,3305,131,,,,,,,,280000.0,D,S,2026-05-11 00:00:00,,,2,copres,2026-05-11 00:00:00,N,CAS,,N,2026,,N
2026,3306,2026-05-11 00:00:00,GMADA,1110113000,20,50087,R,3306,131,,,,,,,,5500000.0,D,S,2026-05-11 00:00:00,,,2,copres,2026-05-11 00:00:00,N,SECSEG,,N,2026,,N
2026,3307,2026-05-11 00:00:00,GMADA,1110112000,19,51101,R,3307,110,,,,,,,,781781.0,D,S,2026-05-11 00:00:00,,,2,FACT 0002-132,2026-05-11 00:00:00,N,SECHAC,,N,2026,,N
2026,3308,2026-05-11 00:00:00,GMADA,1110104000,5,50087,R,3308,131,,,,,,,,1488000.0,D,S,2026-05-11 00:00:00,,,2,COPRES,2026-05-11 00:00:00,N,ADMI,,N,2026,,N
2026,3480,2026-05-14 00:00:00,GMADA,1110111000,3,1267,R,3480,131,1,1798,1,1864,,,,731628.0,N,S,2026-05-14 00:00:00,,,1,servs de torneria,2026-05-14 00:00:00,N,CAS,2026-05-14 00:00:00,N,2026,,N
2026,3481,2026-05-14 00:00:00,GMADA,1110113000,20,1063,R,3481,110,1,1484,1,1548,,,,360000.0,D,S,2026-05-14 00:00:00,,,1,servs,2026-05-14 00:00:00,N,SECSEG,2026-05-14 00:00:00,N,2026,,N
2026,3482,2026-05-14 00:00:00,GMADA,1110104000,5,2450,R,3482,131,1,1779,1,1844,,,,5069200.0,N,S,2026-05-14 00:00:00,,,1,frutas y verds,2026-05-14 00:00:00,N,COC,2026-05-14 00:00:00,N,2026,,N
2026,3483,2026-05-14 00:00:00,GMADA,1110104000,5,167,R,3483,131,1,1780,1,1841,,,,784600.0,N,S,2026-05-14 00:00:00,,,1,pollo,2026-05-14 00:00:00,N,COC,2026-05-14 00:00:00,N,2026,,N
2026,3484,2026-05-14 00:00:00,GMADA,1110105000,6,879,R,3484,132,1,1781,1,1838,,,,97240.0,N,S,2026-05-14 00:00:00,,,1,materiales de corralón,2026-05-14 00:00:00,N,BA,2026-05-14 00:00:00,N,2026,,N
2026,3485,2026-05-14 00:00:00,GMADA,1110104000,5,772,R,3485,131,1,1806,1,1879,,,,4160000.0,N,S,2026-05-14 00:00:00,,,1,prótesis,2026-05-14 00:00:00,N,INTER,2026-05-14 00:00:00,N,2026,,N
2026,3486,2026-05-14 00:00:00,GMADA,1110108000,14,120,R,3486,110,1,1810,1,1871,,,,120000.0,A,S,2026-05-14 00:00:00,2026-05-14 00:00:00,ERROR,1,pollo,2026-05-14 00:00:00,N,PROD,2026-05-14 00:00:00,N,2026,,N
2026,3488,2026-05-14 00:00:00,GMADA,1110104000,5,167,R,3488,131,1,1804,1,1878,,,,501500.0,N,S,2026-05-14 00:00:00,,,1,pollo,2026-05-14 00:00:00,N,COC,2026-05-14 00:00:00,N,2026,,N
2026,3007,2026-04-29 00:00:00,GMADA,1110109000,13,50008,R,3007,132,,,,,,,,13202715.71,D,S,2026-04-29 00:00:00,,,1,Generado Automáticamente - Periodo 4/2026 - Tipo/Grupo 9/1,2026-04-29 00:00:00,N,DEPORT,,,,,
2026,3008,2026-04-29 00:00:00,GMADA,1110109000,13,50051,R,3008,132,,,,,,,,1417708.11,D,S,2026-04-29 00:00:00,,,1,Generado Automáticamente - Periodo 4/2026 - Tipo/Grupo 9/1,2026-04-29 00:00:00,N,DEPORT,,,,,
2026,3009,2026-04-29 00:00:00,GMADA,1110109000,13,50052,R,3009,132,,,,,,,,567083.21,D,S,2026-04-29 00:00:00,,,1,Generado Automáticamente - Periodo 4/2026 - Tipo/Grupo 9/1,2026-04-29 00:00:00,N,DEPORT,,,,,
2026,3010,2026-04-29 00:00:00,GMADA,1110111000,3,50008,R,3010,131,,,,,,,,13066390.22,D,S,2026-04-29 00:00:00,,,1,Generado Automáticamente - Periodo 4/2026 - Tipo/Grupo 9/1,2026-04-29 00:00:00,N,SEOP,,,,,
2026,3011,2026-04-29 00:00:00,GMADA,1110111000,3,50051,R,3011,131,,,,,,,,1329105.98,D,S,2026-04-29 00:00:00,,,1,Generado Automáticamente - Periodo 4/2026 - Tipo/Grupo 9/1,2026-04-29 00:00:00,N,SEOP,,,,,
2026,3012,2026-04-29 00:00:00,GMADA,1110111000,3,50052,R,3012,131,,,,,,,,531642.39,D,S,2026-04-29 00:00:00,,,1,Generado Automáticamente - Periodo 4/2026 - Tipo/Grupo 9/1,2026-04-29 00:00:00,N,SEOP,,,,,
2026,3013,2026-04-29 00:00:00,GMADA,1110112000,19,50008,R,3013,110,,,,,,,,49097170.78,D,S,2026-04-29 00:00:00,,,1,Generado Automáticamente - Periodo 4/2026 - Tipo/Grupo 9/1,2026-04-29 00:00:00,N,SECHAC,,,,,
2026,3014,2026-04-29 00:00:00,GMADA,1110112000,19,50051,R,3014,110,,,,,,,,5095948.86,D,S,2026-04-29 00:00:00,,,1,Generado Automáticamente - Periodo 4/2026 - Tipo/Grupo 9/1,2026-04-29 00:00:00,N,SECHAC,,,,,
2026,3015,2026-04-29 00:00:00,GMADA,1110112000,19,50052,R,3015,110,,,,,,,,2038379.56,D,S,2026-04-29 00:00:00,,,1,Generado Automáticamente - Periodo 4/2026 - Tipo/Grupo 9/1,2026-04-29 00:00:00,N,SECHAC,,,,,
2026,3016,2026-04-29 00:00:00,GMADA,1110113000,20,50008,R,3016,110,,,,,,,,120898008.55,D,S,2026-04-29 00:00:00,,,1,Generado Automáticamente - Periodo 4/2026 - Tipo/Grupo 9/1,2026-04-29 00:00:00,N,SECSEG,,,,,
2026,3017,2026-04-29 00:00:00,GMADA,1110113000,20,50051,R,3017,110,,,,,,,,11036497.09,D,S,2026-04-29 00:00:00,,,1,Generado Automáticamente - Periodo 4/2026 - Tipo/Grupo 9/1,2026-04-29 00:00:00,N,SECSEG,,,,,
2026,3018,2026-04-29 00:00:00,GMADA,1110113000,20,50052,R,3018,110,,,,,,,,4456025.69,D,S,2026-04-29 00:00:00,,,1,Generado Automáticamente - Periodo 4/2026 - Tipo/Grupo 9/1,2026-04-29 00:00:00,N,SECSEG,,,,,
2026,3019,2026-04-29 00:00:00,GMADA,1110115000,22,50008,R,3019,110,,,,,,,,11793919.11,D,S,2026-04-29 00:00:00,,,1,Generado Automáticamente - Periodo 4/2026 - Tipo/Grupo 9/1,2026-04-29 00:00:00,N,SECGRA,,,,,
2026,3020,2026-04-29 00:00:00,GMADA,1110115000,22,50051,R,3020,110,,,,,,,,1018538.0,D,S,2026-04-29 00:00:00,,,1,Generado Automáticamente - Periodo 4/2026 - Tipo/Grupo 9/1,2026-04-29 00:00:00,N,SECGRA,,,,,
2026,3021,2026-04-29 00:00:00,GMADA,1110115000,22,50052,R,3021,110,,,,,,,,407415.2,D,S,2026-04-29 00:00:00,,,1,Generado Automáticamente - Periodo 4/2026 - Tipo/Grupo 9/1,2026-04-29 00:00:00,N,SECGRA,,,,,
2026,3022,2026-04-29 00:00:00,GMADA,1110117000,24,50008,R,3022,110,,,,,,,,18800800.4,D,S,2026-04-29 00:00:00,,,1,Generado Automáticamente - Periodo 4/2026 - Tipo/Grupo 9/1,2026-04-29 00:00:00,N,000002,,,,,
2026,3023,2026-04-29 00:00:00,GMADA,1110117000,24,50051,R,3023,110,,,,,,,,1882372.24,D,S,2026-04-29 00:00:00,,,1,Generado Automáticamente - Periodo 4/2026 - Tipo/Grupo 9/1,2026-04-29 00:00:00,N,000002,,,,,
2026,3024,2026-04-29 00:00:00,GMADA,1110117000,24,50052,R,3024,110,,,,,,,,812548.16,D,S,2026-04-29 00:00:00,,,1,Generado Automáticamente - Periodo 4/2026 - Tipo/Grupo 9/1,2026-04-29 00:00:00,N,000002,,,,,
2026,3025,2026-04-29 00:00:00,GMADA,1110118000,25,50008,R,3025,110,,,,,,,,7278885.52,D,S,2026-04-29 00:00:00,,,1,Generado Automáticamente - Periodo 4/2026 - Tipo/Grupo 9/1,2026-04-29 00:00:00,N,BARU,,,,,
2026,3026,2026-04-29 00:00:00,GMADA,1110118000,25,50008,R,3026,110,,,,,,,,24748165.75,D,S,2026-04-29 00:00:00,,,1,Generado Automáticamente - Periodo 4/2026 - Tipo/Grupo 9/1,2026-04-29 00:00:00,N,DECI,,,,,
2026,3027,2026-04-29 00:00:00,GMADA,1110118000,25,50008,R,3027,110,,,,,,,,6238155.3,D,S,2026-04-29 00:00:00,,,1,Generado Automáticamente - Periodo 4/2026 - Tipo/Grupo 9/1,2026-04-29 00:00:00,N,MEAM,,,,,
2026,3028,2026-04-29 00:00:00,GMADA,1110118000,25,50008,R,3028,110,,,,,,,,73372568.52,D,S,2026-04-29 00:00:00,,,1,Generado Automáticamente - Periodo 4/2026 - Tipo/Grupo 9/1,2026-04-29 00:00:00,N,00003,,,,,
2026,3029,2026-04-29 00:00:00,GMADA,1110118000,25,50008,R,3029,110,,,,,,,,2318466.17,D,S,2026-04-29 00:00:00,,,1,Generado Automáticamente - Periodo 4/2026 - Tipo/Grupo 9/1,2026-04-29 00:00:00,N,VIMUNI,,,,,
2026,3030,2026-04-29 00:00:00,GMADA,1110118000,25,50051,R,3030,110,,,,,,,,6875237.75,D,S,2026-04-29 00:00:00,,,1,Generado Automáticamente - Periodo 4/2026 - Tipo/Grupo 9/1,2026-04-29 00:00:00,N,00003,,,,,
2026,3031,2026-04-29 00:00:00,GMADA,1110118000,25,50051,R,3031,110,,,,,,,,2467102.74,D,S,2026-04-29 00:00:00,,,1,Generado Automáticamente - Periodo 4/2026 - Tipo/Grupo 9/1,2026-04-29 00:00:00,N,DECI,,,,,
2026,3032,2026-04-29 00:00:00,GMADA,1110118000,25,50051,R,3032,110,,,,,,,,705972.2,D,S,2026-04-29 00:00:00,,,1,Generado Automáticamente - Periodo 4/2026 - Tipo/Grupo 9/1,2026-04-29 00:00:00,N,BARU,,,,,
2026,3033,2026-04-29 00:00:00,GMADA,1110118000,25,50051,R,3033,110,,,,,,,,230168.3,D,S,2026-04-29 00:00:00,,,1,Generado Automáticamente - Periodo 4/2026 - Tipo/Grupo 9/1,2026-04-29 00:00:00,N,VIMUNI,,,,,
2026,3034,2026-04-29 00:00:00,GMADA,1110118000,25,50051,R,3034,110,,,,,,,,594356.56,D,S,2026-04-29 00:00:00,,,1,Generado Automáticamente - Periodo 4/2026 - Tipo/Grupo 9/1,2026-04-29 00:00:00,N,MEAM,,,,,
2026,3035,2026-04-29 00:00:00,GMADA,1110118000,25,50052,R,3035,110,,,,,,,,986841.09,D,S,2026-04-29 00:00:00,,,1,Generado Automáticamente - Periodo 4/2026 - Tipo/Grupo 9/1,2026-04-29 00:00:00,N,DECI,,,,,
2026,3036,2026-04-29 00:00:00,GMADA,1110118000,25,50052,R,3036,110,,,,,,,,92067.32,D,S,2026-04-29 00:00:00,,,1,Generado Automáticamente - Periodo 4/2026 - Tipo/Grupo 9/1,2026-04-29 00:00:00,N,VIMUNI,,,,,
2026,3037,2026-04-29 00:00:00,GMADA,1110118000,25,50052,R,3037,110,,,,,,,,237742.61,D,S,2026-04-29 00:00:00,,,1,Generado Automáticamente - Periodo 4/2026 - Tipo/Grupo 9/1,2026-04-29 00:00:00,N,MEAM,,,,,
2026,3038,2026-04-29 00:00:00,GMADA,1110118000,25,50052,R,3038,110,,,,,,,,282388.89,D,S,2026-04-29 00:00:00,,,1,Generado Automáticamente - Periodo 4/2026 - Tipo/Grupo 9/1,2026-04-29 00:00:00,N,BARU,,,,,
2026,3039,2026-04-29 00:00:00,GMADA,1110118000,25,50052,R,3039,110,,,,,,,,2766327.57,D,S,2026-04-29 00:00:00,,,1,Generado Automáticamente - Periodo 4/2026 - Tipo/Grupo 9/1,2026-04-29 00:00:00,N,00003,,,,,
2026,3040,2026-04-29 00:00:00,GMADA,1110118000,25,50008,R,3040,131,,,,,,,,749951.74,D,S,2026-04-29 00:00:00,,,1,Generado Automáticamente - Periodo 4/2026 - Tipo/Grupo 9/1,2026-04-29 00:00:00,N,MEAM,,,,,
2026,3041,2026-04-29 00:00:00,GMADA,1110118000,25,50052,R,3041,131,,,,,,,,35997.68,D,S,2026-04-29 00:00:00,,,1,Generado Automáticamente - Periodo 4/2026 - Tipo/Grupo 9/1,2026-04-29 00:00:00,N,MEAM,,,,,
2026,3042,2026-04-29 00:00:00,GMADA,1110200000,8,50008,R,3042,110,,,,,,,,24625231.6,D,S,2026-04-29 00:00:00,,,1,Generado Automáticamente - Periodo 4/2026 - Tipo/Grupo 9/1,2026-04-29 00:00:00,N,PRESID,,,,,
2026,3043,2026-04-29 00:00:00,GMADA,1110200000,8,50051,R,3043,110,,,,,,,,2587190.35,D,S,2026-04-29 00:00:00,,,1,Generado Automáticamente - Periodo 4/2026 - Tipo/Grupo 9/1,2026-04-29 00:00:00,N,PRESID,,,,,
2026,3044,2026-04-29 00:00:00,GMADA,1110200000,8,50052,R,3044,110,,,,,,,,1034876.14,D,S,2026-04-29 00:00:00,,,1,Generado Automáticamente - Periodo 4/2026 - Tipo/Grupo 9/1,2026-04-29 00:00:00,N,PRESID,,,,,
2026,3048,2026-04-29 00:00:00,GMADA,1110105000,6,50370,A,2843,110,,,,,EXPED,909,2026,-46922.86,N,S,2026-04-22 00:00:00,2026-04-29 00:00:00,ERROR,2,reintegro fact gastos de servicio,2026-04-29 00:00:00,N,CULTUR,,N,2026,,N
2026,3045,2026-04-29 00:00:00,GMADA,1110112000,19,50087,R,3045,110,,,,,,,,4380.2,D,S,2026-04-29 00:00:00,,,7,comisiones,2026-04-29 00:00:00,N,SEHA,,N,2026,,N
2026,3046,2026-04-29 00:00:00,GMADA,1110106000,7,50015,R,3046,110,,,,,,,,27650.0,D,S,2026-04-29 00:00:00,,,1,caja chica,2026-04-29 00:00:00,N,ACCSOC,2026-04-29 00:00:00,N,2026,,N
2026,3047,2026-04-29 00:00:00,GMADA,1110104000,5,50280,R,3047,110,,,,,,,,147740.44,D,S,2026-04-29 00:00:00,,,1,caja chica hospital,2026-04-29 00:00:00,N,ADMI,2026-04-29 00:00:00,N,2026,,N
2026,3171,2026-05-05 00:00:00,GMADA,1110106000,7,2330,D,3162,110,1,1605,1,651,,,,-243649.56,D,S,2026-05-05 00:00:00,,,1,Registro generado por Compras,2026-05-05 00:00:00,N,ACCSOC,2026-05-04 00:00:00,N,,,N
2026,3059,2026-04-29 00:00:00,GMADA,1110118000,25,50162,R,3059,110,,,,,,,,915181.0,D,S,2026-04-29 00:00:00,,,2,gastos patentamiento,2026-04-29 00:00:00,N,MEAM,,N,2026,,N
2026,3069,2026-04-29 00:00:00,GMADA,1110112000,19,50087,R,3069,110,,,,,,,,617918.3,D,S,2026-04-29 00:00:00,,,2,comisiones,2026-04-29 00:00:00,N,SEHA,,N,2026,,N
2026,3070,2026-04-29 00:00:00,GMADA,1110102000,2,50087,R,3070,110,,,,,,,,359215.39,D,S,2026-04-29 00:00:00,,,2,comisiones,2026-04-29 00:00:00,N,ADFIN,,N,2026,,N
2026,3309,2026-05-11 00:00:00,GMADA,1110106000,7,50087,R,3309,110,,,,,,,,300000.0,D,S,2026-05-11 00:00:00,,,2,COPRES,2026-05-11 00:00:00,N,ACCSOC,,N,2026,,N
2026,3310,2026-05-11 00:00:00,GMADA,1110109000,13,50087,R,3310,110,,,,,,,,170000.0,D,S,2026-05-11 00:00:00,,,2,COPRES,2026-05-11 00:00:00,N,DEP,,N,2026,,N
2026,3311,2026-05-11 00:00:00,GMADA,1110102000,2,50087,R,3311,110,,,,,,,,170000.0,D,S,2026-05-11 00:00:00,,,1,COMISIONES,2026-05-11 00:00:00,N,ADFIN,,N,2026,,N
2026,3312,2026-05-11 00:00:00,GMADA,1110102000,2,50087,R,3312,110,,,,,,,,154760.0,D,S,2026-05-11 00:00:00,,,2,COMISIONES,2026-05-11 00:00:00,N,ADFIN,,N,2026,,N
2026,3324,2026-05-11 00:00:00,GMADA,1110200000,8,50529,R,3324,110,,,,,,,,193281.0,D,S,2026-05-11 00:00:00,,,2,PAGINA WEB,2026-05-11 00:00:00,N,PRESID,,N,2026,,N
2026,3328,2026-05-11 00:00:00,GMADA,1110101000,1,3573,R,3328,110,1,1695,1,1779,,,,450000.0,N,S,2026-05-11 00:00:00,,,1,MANO DE OBRA,2026-05-11 00:00:00,N,INT,2026-05-11 00:00:00,N,2026,,N
2026,3329,2026-05-11 00:00:00,GMADA,1110104000,5,2869,R,3329,131,1,1703,1,1758,,,,1625784.0,N,S,2026-05-11 00:00:00,,,1,CARNE,2026-05-11 00:00:00,N,COC,2026-05-11 00:00:00,N,2026,,N
2026,3331,2026-05-11 00:00:00,GMADA,1110112000,19,517,R,3331,110,1,1693,1,1781,,,,112000.0,D,S,2026-05-11 00:00:00,,,1,SILLA,2026-05-11 00:00:00,N,TESOR,,N,2026,,N
2026,3333,2026-05-11 00:00:00,GMADA,1110118000,25,879,R,3333,110,1,1704,1,1772,,,,76519.0,D,S,2026-05-11 00:00:00,,,1,UTILES,2026-05-11 00:00:00,N,18C,2026-05-11 00:00:00,N,2026,,N
2026,3334,2026-05-11 00:00:00,GMADA,1110118000,25,879,R,3334,110,1,1705,1,1769,,,,99770.0,D,S,2026-05-11 00:00:00,,,1,TABLA,2026-05-11 00:00:00,N,000SU,2026-05-11 00:00:00,N,2026,,N
2026,3340,2026-05-11 00:00:00,GMADA,1110118000,25,803,R,3340,110,1,1696,1,1774,,,,540463.46,N,S,2026-05-11 00:00:00,,,1,REP,2026-05-11 00:00:00,N,000SU,2026-05-11 00:00:00,N,2026,,N
2026,3341,2026-05-11 00:00:00,GMADA,1110200000,8,2636,R,3341,110,1,1698,1,1778,,,,25000.0,N,S,2026-05-11 00:00:00,,,1,CUADRO,2026-05-11 00:00:00,N,PRESID,2026-05-11 00:00:00,N,2026,,N
2026,3344,2026-05-11 00:00:00,GMADA,1110118000,25,3336,R,3344,110,1,1700,1,1775,,,,370000.0,N,S,2026-05-11 00:00:00,,,1,REPARACION,2026-05-11 00:00:00,N,000SU,2026-05-11 00:00:00,N,2026,,N
2026,3352,2026-05-11 00:00:00,GMADA,1110102000,2,50087,R,3352,110,,,,,,,,2581989.53,D,S,2026-05-11 00:00:00,,,2,COMISIONES,2026-05-11 00:00:00,N,ADFIN,,N,2026,,N
2026,3354,2026-05-11 00:00:00,GMADA,1110106000,7,50031,R,3354,110,,,,,,,,32000.0,D,S,2026-05-11 00:00:00,,,2,"SUBSIDIOS CASTAÑARES,GOMEZ",2026-05-11 00:00:00,N,ACCSOC,,N,2026,,N
2026,3355,2026-05-11 00:00:00,GMADA,1110105000,6,1206,R,3355,110,1,1685,1,1753,,,,810000.0,D,S,2026-05-11 00:00:00,,,1,PC,2026-05-11 00:00:00,N,CULTUR,2026-05-11 00:00:00,N,2026,,N
2026,3356,2026-05-11 00:00:00,GMADA,1110118000,25,17,R,3356,110,1,1707,1,1766,,,,413100.0,N,S,2026-05-11 00:00:00,,,1,HERRAMIENTAS,2026-05-11 00:00:00,N,MEAM,2026-05-11 00:00:00,N,2026,,N
2026,3433,2026-05-13 00:00:00,GMADA,1110101000,1,3582,R,3433,110,1,1758,1,1837,,,,828099.8,N,S,2026-05-13 00:00:00,,,1,banderas,2026-05-13 00:00:00,N,CEREM,2026-05-13 00:00:00,N,2026,,N
2026,3434,2026-05-13 00:00:00,GMADA,1110106000,7,50031,R,3434,110,,,,,,,,207400.0,D,S,2026-05-13 00:00:00,,,1,"Conti P., Zarza, Fernandez M.",2026-05-13 00:00:00,N,ACCSOC,2026-05-13 00:00:00,N,2026,,N
2026,3435,2026-05-13 00:00:00,GMADA,1110113000,20,195,R,3435,110,1,1756,1,1823,,,,702482.1,D,S,2026-05-13 00:00:00,,,1,cable,2026-05-13 00:00:00,N,SECSEG,,N,2026,,N
2026,3438,2026-05-13 00:00:00,GMADA,1110118000,25,2151,R,3438,110,1,1757,1,1818,,,,16000.0,N,S,2026-05-13 00:00:00,,,1,grasa,2026-05-13 00:00:00,N,000SU,2026-05-13 00:00:00,N,2026,,N
2026,3439,2026-05-13 00:00:00,GMADA,1110104000,5,688,R,3439,131,1,1759,1,1831,,,,157200.0,N,S,2026-05-13 00:00:00,,,1,repuestos,2026-05-13 00:00:00,N,HOSP,2026-05-13 00:00:00,N,2026,,N
2026,3440,2026-05-13 00:00:00,GMADA,1110104000,5,688,R,3440,131,1,1760,1,1832,,,,326000.0,N,S,2026-05-13 00:00:00,,,1,bateria,2026-05-13 00:00:00,N,HOSP,2026-05-13 00:00:00,N,2026,,N
2026,3441,2026-05-13 00:00:00,GMADA,1110108000,14,879,R,3441,110,1,1762,1,1828,,,,125540.0,N,S,2026-05-13 00:00:00,,,1,arts de corralón,2026-05-13 00:00:00,N,PROD,2026-05-13 00:00:00,N,2026,,N
2026,3442,2026-05-13 00:00:00,GMADA,1110105000,6,3581,R,3442,110,1,1763,1,1824,,,,725000.0,N,S,2026-05-13 00:00:00,,,1,fumigación,2026-05-13 00:00:00,N,CASA,2026-05-13 00:00:00,N,2026,,N
2026,3443,2026-05-13 00:00:00,GMADA,1110106000,7,169,R,3443,132,1,1764,1,1834,,,,21100.0,N,S,2026-05-13 00:00:00,,,1,arts de limp,2026-05-13 00:00:00,N,JARD,2026-05-13 00:00:00,N,2026,,N
2026,3444,2026-05-13 00:00:00,GMADA,1110104000,5,2663,R,3444,131,1,1768,1,1846,,,,445997.5,N,S,2026-05-13 00:00:00,,,1,medicamentos,2026-05-13 00:00:00,N,FARM,2026-05-13 00:00:00,N,2026,,N
2026,3445,2026-05-13 00:00:00,GMADA,1110104000,5,2110,R,3445,131,1,1770,1,1843,,,,200000.0,D,S,2026-05-13 00:00:00,,,1,trabajos de plomeria,2026-05-13 00:00:00,N,INTER,2026-05-13 00:00:00,N,2026,,N
2026,3446,2026-05-13 00:00:00,GMADA,1110104000,5,2627,R,3446,131,1,1772,1,1840,,,,112800.0,D,S,2026-05-13 00:00:00,,,1,pastas,2026-05-13 00:00:00,N,COC,2026-05-13 00:00:00,N,2026,,N
2026,3449,2026-05-13 00:00:00,GMADA,1110104000,5,612,R,3449,131,1,1761,1,1830,,,,52000.0,N,S,2026-05-13 00:00:00,,,1,switch,2026-05-13 00:00:00,N,NEUROL,2026-05-13 00:00:00,N,2026,,N
2026,3451,2026-05-13 00:00:00,GMADA,1110108000,14,441,R,3451,110,1,1765,1,1827,,,,23634.4,N,S,2026-05-13 00:00:00,,,1,arts de papelera,2026-05-13 00:00:00,N,PROD,2026-05-13 00:00:00,N,2026,,N
2026,3452,2026-05-13 00:00:00,GMADA,1110106000,7,441,R,3452,132,1,1766,1,1836,,,,10100.21,N,S,2026-05-13 00:00:00,,,1,arts de papelera,2026-05-13 00:00:00,N,ENV,2026-05-13 00:00:00,N,2026,,N
2026,3453,2026-05-13 00:00:00,GMADA,1110104000,5,1876,R,3453,131,1,1767,1,1845,,,,2933264.59,N,S,2026-05-13 00:00:00,,,1,insumos hosps,2026-05-13 00:00:00,N,FARM,2026-05-13 00:00:00,N,2026,,N
2026,3454,2026-05-13 00:00:00,GMADA,1110106000,7,160,R,3454,132,1,1769,1,1833,,,,37079.7,N,S,2026-05-13 00:00:00,,,1,insumos veterinarios,2026-05-13 00:00:00,N,JARD,2026-05-13 00:00:00,N,2026,,N
2026,3455,2026-05-13 00:00:00,GMADA,1110104000,5,2627,R,3455,131,1,1771,1,1839,,,,82700.0,N,S,2026-05-13 00:00:00,,,1,pastas,2026-05-13 00:00:00,N,HOGANC,2026-05-13 00:00:00,N,2026,,N
2026,3456,2026-05-13 00:00:00,GMADA,1110104000,5,167,R,3456,131,1,1773,1,1842,,,,529950.0,N,S,2026-05-13 00:00:00,,,1,pollo,2026-05-13 00:00:00,N,HOGANC,2026-05-13 00:00:00,N,2026,,N
2026,3470,2026-05-14 00:00:00,GMADA,1110103000,3,2498,R,3470,132,1,1797,1,1865,EXPED,3052,2026,333100837.41,N,S,2026-05-14 00:00:00,,,1,obra,2026-05-14 00:00:00,N,OPP,2026-05-14 00:00:00,N,2026,,N
2026,3471,2026-05-14 00:00:00,GMADA,1110104000,5,2110,R,3471,131,1,1784,1,1853,,,,260000.0,N,S,2026-05-14 00:00:00,,,1,trabajos de plomeria,2026-05-14 00:00:00,N,HOSP,2026-05-14 00:00:00,N,2026,,N
2026,3472,2026-05-14 00:00:00,GMADA,1110104000,5,1078,R,3472,131,1,1786,1,1850,,,,120000.0,N,S,2026-05-14 00:00:00,,,1,trabajos de elect,2026-05-14 00:00:00,N,LAV,2026-05-14 00:00:00,N,2026,,N
2026,3473,2026-05-14 00:00:00,GMADA,1110106000,7,879,R,3473,110,1,1787,1,1860,,,,250800.0,N,S,2026-05-14 00:00:00,,,1,materiales,2026-05-14 00:00:00,N,ACCSOC,2026-05-14 00:00:00,N,2026,,N
2026,3474,2026-05-14 00:00:00,GMADA,1110106000,7,879,R,3474,132,1,1788,1,1857,,,,141470.0,N,S,2026-05-14 00:00:00,,,1,materiales de corralón,2026-05-14 00:00:00,N,ACCSOC,2026-05-14 00:00:00,N,2026,,N
2026,3475,2026-05-14 00:00:00,GMADA,1110104000,5,2869,R,3475,131,1,1791,1,1849,,,,1769365.0,N,S,2026-05-14 00:00:00,,,1,carne,2026-05-14 00:00:00,N,COC,2026-05-14 00:00:00,N,2026,,N
2026,3477,2026-05-14 00:00:00,GMADA,1110106000,7,1603,R,3477,132,1,1792,1,1862,,,,79800.0,N,S,2026-05-14 00:00:00,,,1,pan,2026-05-14 00:00:00,N,ENV,2026-05-14 00:00:00,N,2026,,N
2026,3478,2026-05-14 00:00:00,GMADA,1110106000,7,879,R,3478,132,1,1794,1,1859,,,,217490.0,N,S,2026-05-14 00:00:00,,,1,materiales,2026-05-14 00:00:00,N,JARD,2026-05-14 00:00:00,N,2026,,N
2026,3479,2026-05-14 00:00:00,GMADA,1110111000,3,3337,R,3479,131,1,1796,1,1863,,,,1187322.0,N,S,2026-05-14 00:00:00,,,1,reparac,2026-05-14 00:00:00,N,CAS,2026-05-14 00:00:00,N,2026,,N
2026,3489,2026-05-14 00:00:00,GMADA,1110108000,14,120,A,3486,110,1,1810,1,1871,,,,-120000.0,N,S,2026-05-14 00:00:00,2026-05-14 00:00:00,ERROR,1,pollo,2026-05-14 00:00:00,N,PROD,2026-05-14 00:00:00,N,2026,,N
2026,3490,2026-05-14 00:00:00,GMADA,1110104000,5,167,R,3490,131,1,1802,1,1877,,,,338300.0,N,S,2026-05-14 00:00:00,,,1,pollo,2026-05-14 00:00:00,N,HOGANC,2026-05-14 00:00:00,N,2026,,N
2026,3491,2026-05-14 00:00:00,GMADA,1110104000,5,2869,R,3491,131,1,1809,1,1872,,,,1546344.0,N,S,2026-05-14 00:00:00,,,1,carne,2026-05-14 00:00:00,N,HOSP,2026-05-14 00:00:00,N,2026,,N
2026,3492,2026-05-14 00:00:00,GMADA,1110104000,5,3296,R,3492,131,1,1799,1,1848,,,,106107.09,N,S,2026-05-14 00:00:00,,,1,pint,2026-05-14 00:00:00,N,HOSP,2026-05-14 00:00:00,N,2026,,N
2026,3493,2026-05-14 00:00:00,GMADA,1110106000,7,879,R,3493,132,1,1800,1,1858,,,,110530.0,N,S,2026-05-14 00:00:00,,,1,materiales de corralón,2026-05-14 00:00:00,N,ENV,2026-05-14 00:00:00,N,2026,,N
2026,3494,2026-05-14 00:00:00,GMADA,1110106000,7,1603,R,3494,132,1,1801,1,1861,,,,224000.0,N,S,2026-05-14 00:00:00,,,1,pan,2026-05-14 00:00:00,N,ACCSOC,2026-05-14 00:00:00,N,2026,,N
2026,3495,2026-05-14 00:00:00,GMADA,1110118000,25,3336,R,3495,110,1,1803,1,1873,,,,540000.0,N,S,2026-05-14 00:00:00,,,1,reparac de tractor,2026-05-14 00:00:00,N,000SU,2026-05-14 00:00:00,N,2026,,N
2026,3496,2026-05-14 00:00:00,GMADA,1110118000,25,1259,R,3496,110,1,1805,1,1874,,,,9026.89,N,S,2026-05-14 00:00:00,,,1,arts de elect,2026-05-14 00:00:00,N,000SU,2026-05-14 00:00:00,N,2026,,N
2026,3497,2026-05-14 00:00:00,GMADA,1110105000,6,2325,R,3497,110,1,1807,1,1875,,,,35000.0,N,S,2026-05-14 00:00:00,,,1,gasista,2026-05-14 00:00:00,N,TURIS,2026-05-14 00:00:00,N,2026,,N
2026,3498,2026-05-14 00:00:00,GMADA,1110104000,5,717,R,3498,131,1,1808,1,1876,,,,345700.0,N,S,2026-05-14 00:00:00,,,1,alimentos,2026-05-14 00:00:00,N,COC,2026-05-14 00:00:00,N,2026,,N
2026,3499,2026-05-14 00:00:00,GMADA,1110101000,1,50087,R,3499,110,,,,,,,,300000.0,D,S,2026-05-14 00:00:00,,,1,copres 135,2026-05-14 00:00:00,N,INT,2026-05-14 00:00:00,N,2026,,N
2026,3501,2026-05-14 00:00:00,GMADA,1110111000,3,50087,R,3501,131,,,,,,,,280000.0,D,S,2026-05-14 00:00:00,,,1,copres  13-5,2026-05-14 00:00:00,N,CAS,2026-05-14 00:00:00,N,2026,,N
2026,3502,2026-05-14 00:00:00,GMADA,1110113000,20,50087,R,3502,131,,,,,,,,5500000.0,D,S,2026-05-14 00:00:00,,,1,copres 13-5,2026-05-14 00:00:00,N,SECSEG,2026-05-14 00:00:00,N,2026,,N
2026,3503,2026-05-14 00:00:00,GMADA,1110104000,5,50087,R,3503,131,,,,,,,,1488000.0,D,S,2026-05-14 00:00:00,,,1,copres 13-5,2026-05-14 00:00:00,N,HOSP,2026-05-14 00:00:00,N,2026,,N
2026,3504,2026-05-14 00:00:00,GMADA,1110106000,7,50087,R,3504,132,,,,,,,,250000.0,D,S,2026-05-14 00:00:00,,,1,copres 13-5,2026-05-14 00:00:00,N,ACCSOC,2026-05-14 00:00:00,N,2026,,N
2026,3505,2026-05-14 00:00:00,GMADA,1110112000,19,50087,R,3505,110,,,,,,,,156360.0,D,S,2026-05-14 00:00:00,,,1,copres 13-5,2026-05-14 00:00:00,N,SEHA,2026-05-14 00:00:00,N,2026,,N
2026,1387,2026-02-20 00:00:00,GMADA,1110104000,5,2330,D,1264,131,1,690,1,705,,,,-1268802.9,D,S,2026-02-23 00:00:00,,,1,Registro generado por Compras,2026-02-20 00:00:00,N,HOSP,2026-02-18 00:00:00,N,,,N
2026,1393,2026-02-20 00:00:00,GMADA,1110108000,14,2330,D,1303,110,1,678,1,746,,,,-514700.0,D,S,2026-02-23 00:00:00,,,1,Registro generado por Compras,2026-02-20 00:00:00,N,PROD,2026-02-19 00:00:00,N,,,N
2026,1389,2026-02-20 00:00:00,GMADA,1110104000,5,2330,D,1264,131,1,690,1,705,,,,-1439999.99,D,S,2026-02-23 00:00:00,,,1,Registro generado por Compras,2026-02-20 00:00:00,N,HOSP,2026-02-18 00:00:00,N,,,N
2026,1391,2026-02-20 00:00:00,GMADA,1110104000,5,2330,D,1264,131,1,690,1,705,,,,-1679999.99,D,S,2026-02-23 00:00:00,,,1,Registro generado por Compras,2026-02-20 00:00:00,N,HOSP,2026-02-18 00:00:00,N,,,N
2026,1667,2026-03-02 00:00:00,GMADA,1110109000,13,3287,D,1658,110,1,845,1,888,,,,-523980.0,D,S,2026-03-03 00:00:00,,,1,Registro generado por Compras,2026-03-02 00:00:00,N,DEP,2026-03-02 00:00:00,N,,,N
2026,1392,2026-02-20 00:00:00,GMADA,1110104000,5,2330,D,1264,131,1,690,1,705,,,,-1559999.99,D,S,2026-02-23 00:00:00,,,1,Registro generado por Compras,2026-02-20 00:00:00,N,HOSP,2026-02-18 00:00:00,N,,,N
2026,1394,2026-02-20 00:00:00,GMADA,1110108000,14,2330,D,1303,110,1,678,1,746,,,,-1000000.0,D,S,2026-02-23 00:00:00,,,1,Registro generado por Compras,2026-02-20 00:00:00,N,PROD,2026-02-19 00:00:00,N,,,N
2026,1395,2026-02-20 00:00:00,GMADA,1110108000,14,2330,D,1303,110,1,678,1,746,,,,-30000.0,D,S,2026-02-23 00:00:00,,,1,Registro generado por Compras,2026-02-20 00:00:00,N,PROD,2026-02-19 00:00:00,N,,,N
2026,1397,2026-02-23 00:00:00,GMADA,1110102000,2,2969,R,1397,110,,,,,,,,1807982.25,D,S,2026-02-23 00:00:00,,,1,servs,2026-02-23 00:00:00,N,GOBHAC,2026-02-23 00:00:00,N,2026,,N
2026,1396,2026-02-20 00:00:00,GMADA,1110108000,14,2330,D,1303,110,1,678,1,746,,,,-30000.0,D,S,2026-02-23 00:00:00,,,1,Registro generado por Compras,2026-02-20 00:00:00,N,PROD,2026-02-19 00:00:00,N,,,N
2026,1398,2026-02-23 00:00:00,GMADA,1110112000,19,3562,R,1398,110,1,754,1,806,,,,3630000.0,D,S,2026-02-23 00:00:00,,,1,software,2026-02-23 00:00:00,N,CONTAD,,N,2026,,N
2026,1401,2026-02-23 00:00:00,GMADA,1110105000,6,3557,R,1401,110,1,740,1,791,DECRE,78,2026,880000.0,D,S,2026-02-23 00:00:00,,,2,alojam,2026-02-23 00:00:00,N,TURIS,2026-02-23 00:00:00,N,2026,,N
2026,1402,2026-02-23 00:00:00,GMADA,1110106000,7,169,R,1402,132,1,742,1,785,,,,16100.0,D,S,2026-02-23 00:00:00,,,1,arts de limp,2026-02-23 00:00:00,N,JARD,2026-02-23 00:00:00,N,2026,,N
2026,1404,2026-02-23 00:00:00,GMADA,1110105000,6,3169,R,1404,110,1,745,1,781,,,,1456000.0,D,S,2026-02-23 00:00:00,,,1,alojam,2026-02-23 00:00:00,N,TURIS,2026-02-23 00:00:00,N,2026,,N
2026,1405,2026-02-23 00:00:00,GMADA,1110109000,13,441,R,1405,110,1,741,1,802,,,,78016.89,D,S,2026-02-23 00:00:00,,,1,arts de papelera,2026-02-23 00:00:00,N,DEP,2026-02-23 00:00:00,N,2026,,N
2026,1406,2026-02-23 00:00:00,GMADA,1110104000,5,2209,R,1406,131,1,743,1,799,,,,460766.0,D,S,2026-02-23 00:00:00,,,1,alimentos,2026-02-23 00:00:00,N,COC,2026-02-23 00:00:00,N,2026,,N
2026,1407,2026-02-23 00:00:00,GMADA,1110102000,2,2593,R,1407,110,1,744,1,796,,,,179000.0,D,S,2026-02-23 00:00:00,,,1,cerrajeria,2026-02-23 00:00:00,N,DMACED,2026-02-23 00:00:00,N,2026,,N
2026,1408,2026-02-23 00:00:00,GMADA,1110105000,6,3331,R,1408,110,1,747,1,790,DECRE,78,2026,450000.0,D,S,2026-02-23 00:00:00,,,1,alojam,2026-02-23 00:00:00,N,TURIS,2026-02-23 00:00:00,N,2026,,N
2026,1409,2026-02-23 00:00:00,GMADA,1110105000,6,572,R,1409,110,1,748,1,787,DECRE,78,2026,360000.0,D,S,2026-02-23 00:00:00,,,1,alojam,2026-02-23 00:00:00,N,TURIS,2026-02-23 00:00:00,N,2026,,N
2026,1410,2026-02-23 00:00:00,GMADA,1110105000,6,186,R,1410,110,1,746,1,793,DECRE,746,2026,540000.0,D,S,2026-02-23 00:00:00,,,1,alojam,2026-02-23 00:00:00,N,TURIS,2026-02-23 00:00:00,N,2026,,N
2026,1413,2026-02-23 00:00:00,GMADA,1110112000,19,169,R,1413,110,1,767,1,812,,,,296000.0,D,S,2026-02-23 00:00:00,,,1,arts de limp,2026-02-23 00:00:00,N,SEHA,2026-02-23 00:00:00,N,2026,,N
2026,1414,2026-02-23 00:00:00,GMADA,1110112000,19,3075,R,1414,110,1,766,1,813,,,,1084690.62,D,S,2026-02-23 00:00:00,,,1,arts de limp,2026-02-23 00:00:00,N,CONTRA,2026-02-23 00:00:00,N,2026,,N
2026,1695,2026-03-03 00:00:00,GMADA,1110109000,13,2869,D,1660,110,1,842,1,885,,,,-222810.01,D,S,2026-03-04 00:00:00,,,1,Registro generado por Compras,2026-03-03 00:00:00,N,DEP,2026-03-02 00:00:00,N,,,N
2026,1979,2026-03-13 00:00:00,GMADA,1110104000,5,2627,A,1857,131,1,978,1,1035,,,,-13400.0,N,S,2026-03-11 00:00:00,2026-03-13 00:00:00,ERROR,1,pastas,2026-03-13 00:00:00,N,HOGANC,2026-03-11 00:00:00,N,2026,,N
2026,1955,2026-03-13 00:00:00,GMADA,1110106000,7,3296,R,1955,132,1,856,1,915,,,,68767.02,D,S,2026-03-13 00:00:00,,,1,pint,2026-03-13 00:00:00,N,JARD,2026-03-13 00:00:00,N,2026,,N
2026,1976,2026-03-13 00:00:00,GMADA,1110109000,13,300,R,1976,132,1,1018,1,1074,,,,128380.0,D,S,2026-03-13 00:00:00,,,1,arts de ferret,2026-03-13 00:00:00,N,DEP,2026-03-13 00:00:00,N,2026,,N
2026,1977,2026-03-13 00:00:00,GMADA,1110113000,20,2675,R,1977,110,1,1020,1,1076,,,,809600.0,D,S,2026-03-13 00:00:00,,,1,aceite motor,2026-03-13 00:00:00,N,SECSEG,2026-03-13 00:00:00,N,2026,,N
2026,1978,2026-03-13 00:00:00,GMADA,1110113000,20,2675,R,1978,110,1,1019,1,1077,,,,242000.0,D,S,2026-03-13 00:00:00,,,1,repuestos,2026-03-13 00:00:00,N,SECSEG,2026-03-13 00:00:00,N,2026,,N
2026,1980,2026-03-13 00:00:00,GMADA,1110102000,2,50001,R,1980,110,,,,,,,,364968.92,N,S,2026-03-13 00:00:00,,,1,facts deuda,2026-03-13 00:00:00,N,GOBHAC,2026-03-13 00:00:00,N,2026,,N
2026,1981,2026-03-13 00:00:00,GMADA,1110102000,2,50002,R,1981,110,,,,,,,,214329.72,D,S,2026-03-13 00:00:00,,,1,facts deuda,2026-03-13 00:00:00,N,GOBHAC,2026-03-13 00:00:00,N,2026,,N
2026,114,2026-01-12 00:00:00,GMADA,1110104000,5,57,D,89,131,1,24,1,47,,,,-22000.0,D,S,2026-01-12 00:00:00,,,1,Registro generado por Compras,2026-01-12 00:00:00,N,HOSP,2026-01-08 00:00:00,N,,,N
2026,1017,2026-02-04 00:00:00,GMADA,1110102000,2,50162,R,1017,110,,,,,,,,18320.0,D,S,2026-02-04 00:00:00,,,2,formularios,2026-02-04 00:00:00,N,GOBHAC,,N,2026,,N
2026,1986,2026-03-13 00:00:00,GMADA,1110115000,22,50012,R,1986,110,,,,,NOTA,4,2026,35647.5,D,S,2026-03-13 00:00:00,,,1,caja chica,2026-03-13 00:00:00,N,DIRINF,2026-03-13 00:00:00,N,2026,,N
2026,2118,2026-03-19 00:00:00,GMADA,1110109000,13,879,D,2115,132,1,1103,1,1158,,,,-12600.0,D,S,2026-03-20 00:00:00,,,1,Registro generado por Compras,2026-03-19 00:00:00,N,DEP,2026-03-19 00:00:00,N,,,N
2026,1987,2026-03-13 00:00:00,GMADA,1110111000,3,50012,R,1987,131,,,,,NOTA,5,2026,36058.0,D,S,2026-03-13 00:00:00,,,1,caja chica,2026-03-13 00:00:00,N,CAS,2026-03-13 00:00:00,N,2026,,N
2026,2835,2026-04-22 00:00:00,GMADA,1110112000,19,50087,A,2834,110,,,,,,,,-138760.0,N,S,2026-04-22 00:00:00,2026-04-22 00:00:00,ERROR,1,copres,2026-04-22 00:00:00,N,SEHA,,N,2026,,N
2026,2369,2026-03-31 00:00:00,GMADA,1110104000,5,3322,R,2369,131,1,1151,1,1210,,,,62022.7,D,S,2026-03-31 00:00:00,,,1,arts de limp,2026-03-31 00:00:00,N,COC,2026-03-31 00:00:00,N,2026,,N
2026,2370,2026-03-31 00:00:00,GMADA,1110104000,5,3322,R,2370,131,1,1152,1,1211,,,,81167.36,D,S,2026-03-31 00:00:00,,,1,arts de limp,2026-03-31 00:00:00,N,COC,2026-03-31 00:00:00,N,2026,,N
2026,2371,2026-03-31 00:00:00,GMADA,1110104000,5,2330,R,2371,131,1,1155,1,1223,,,,6920441.0,D,S,2026-03-31 00:00:00,,,1,comb,2026-03-31 00:00:00,N,HOSP,2026-03-31 00:00:00,N,2026,,N
2026,2372,2026-03-31 00:00:00,GMADA,1110118000,25,3332,R,2372,110,1,1156,1,1221,,,,269000.0,D,S,2026-03-31 00:00:00,,,1,carga de mataf,2026-03-31 00:00:00,N,000SU,2026-03-31 00:00:00,N,2026,,N
2026,2373,2026-03-31 00:00:00,GMADA,1110106000,7,19,R,2373,132,1,1157,1,1219,,,,12650.0,D,S,2026-03-31 00:00:00,,,1,arts de ferret,2026-03-31 00:00:00,N,JARD,2026-03-31 00:00:00,N,2026,,N
2026,2374,2026-03-31 00:00:00,GMADA,1110106000,7,441,R,2374,110,1,1158,1,1217,,,,12500.01,D,S,2026-03-31 00:00:00,,,1,arts de papelera,2026-03-31 00:00:00,N,ACCSOC,2026-03-31 00:00:00,N,2026,,N
2026,2375,2026-03-31 00:00:00,GMADA,1110118000,25,650,R,2375,110,1,1150,1,1215,,,,8000000.0,D,S,2026-03-31 00:00:00,,,1,alq de maquinaria,2026-03-31 00:00:00,N,BARU,2026-03-31 00:00:00,N,2026,,N
2026,2376,2026-03-31 00:00:00,GMADA,1110113000,20,2216,R,2376,110,1,1149,1,1209,,,,250000.0,A,S,2026-03-31 00:00:00,2026-05-07 00:00:00,ERROR,1,repuestos,2026-03-31 00:00:00,N,SECSEG,2026-03-31 00:00:00,N,2026,,N
2026,2377,2026-03-31 00:00:00,GMADA,1110111000,3,1879,R,2377,131,1,1159,1,1216,,,,182800.0,D,S,2026-03-31 00:00:00,,,1,repuestos,2026-03-31 00:00:00,N,CAS,2026-03-31 00:00:00,N,2026,,N
2026,2378,2026-03-31 00:00:00,GMADA,1110106000,7,19,R,2378,132,1,1162,1,1218,,,,11700.0,D,S,2026-03-31 00:00:00,,,1,arts de ferret,2026-03-31 00:00:00,N,ENV,2026-03-31 00:00:00,N,2026,,N
2026,2379,2026-03-31 00:00:00,GMADA,1110118000,25,1879,R,2379,110,1,1161,1,1220,,,,311200.0,D,S,2026-03-31 00:00:00,,,1,repuestos,2026-03-31 00:00:00,N,000SU,2026-03-31 00:00:00,N,2026,,N
2026,2380,2026-03-31 00:00:00,GMADA,1110104000,5,1489,R,2380,131,1,1160,1,1222,,,,8500000.0,D,S,2026-03-31 00:00:00,,,1,seguros,2026-03-31 00:00:00,N,HOSP,2026-03-31 00:00:00,N,2026,,N
2026,2381,2026-03-31 00:00:00,GMADA,1110102000,2,5090,R,2381,110,,,,,,,,5826395.66,D,S,2026-03-31 00:00:00,,,1,periodo 03-26,2026-03-31 00:00:00,N,GOBHAC,2026-03-31 00:00:00,N,2026,,N
2026,2393,2026-03-31 00:00:00,GMADA,1110108000,14,3561,R,2393,110,1,1163,1,1226,,,,145200.0,D,S,2026-03-31 00:00:00,,,1,repuestos,2026-03-31 00:00:00,N,PROD,2026-03-31 00:00:00,N,2026,,N
2026,2462,2026-04-07 00:00:00,GMADA,1110102000,2,50036,R,2462,132,,,,,,,,127140.0,D,S,2026-04-07 00:00:00,,,2,internet,2026-04-07 00:00:00,N,CATAN,,N,2026,,N
2026,2463,2026-04-07 00:00:00,GMADA,1110117000,24,50072,R,2463,110,,,,,EXPED,657,2026,244798.13,D,S,2026-04-07 00:00:00,,,2,gastos judiciales Munic c/ La Sabinita S.A.,2026-04-07 00:00:00,N,000F,,N,2026,,N
2026,2464,2026-04-07 00:00:00,GMADA,1110117000,24,51093,R,2464,110,,,,,,,,402404.53,D,S,2026-04-07 00:00:00,,,2,HONORARIOS,2026-04-07 00:00:00,N,000F,,N,2026,,N
2026,2469,2026-04-07 00:00:00,GMADA,1110102000,2,50087,R,2469,110,,,,,,,,167360.0,D,S,2026-04-07 00:00:00,,,2,COPRES,2026-04-07 00:00:00,N,ADFIN,,N,2026,,N
2026,2474,2026-04-07 00:00:00,GMADA,1110112000,19,50063,R,2474,110,,,,,,,,179.98,D,S,2026-04-07 00:00:00,,,2,COMISIONES,2026-04-07 00:00:00,N,SEHA,,N,2026,,N
2026,2477,2026-04-07 00:00:00,GMADA,1110104000,5,2330,R,2477,110,1,1201,1,1299,,,,296.4,D,S,2026-04-07 00:00:00,,,2,COMBUST,2026-04-07 00:00:00,N,HOSP,2026-04-07 00:00:00,N,2026,,N
2026,2746,2026-04-17 00:00:00,GMADA,1110102000,2,85,R,2746,110,1,1425,1,1494,,,,59999.0,D,S,2026-04-17 00:00:00,,,1,equipos,2026-04-17 00:00:00,N,MAYOR,,N,2026,,N
2026,2747,2026-04-17 00:00:00,GMADA,1110106000,7,50031,R,2747,110,,,,,,,,200000.0,D,S,2026-04-17 00:00:00,,,2,subs Phoyu/Rodriguez,2026-04-17 00:00:00,N,ACCSOC,,N,2026,,N
2026,2798,2026-04-20 00:00:00,GMADA,1110102000,2,50070,R,2798,110,,,,,,,,17033440.69,D,S,2026-04-20 00:00:00,,,2,seg marzo,2026-04-20 00:00:00,N,ADFIN,,N,2026,,N
2026,2799,2026-04-20 00:00:00,GMADA,1110111000,3,50070,R,2799,131,,,,,,,,88015.85,D,S,2026-04-20 00:00:00,,,2,seg marzo,2026-04-20 00:00:00,N,CAS,,N,2026,,N
2026,2800,2026-04-20 00:00:00,GMADA,1110102000,2,707,R,2800,110,,,,,,,,1022574.5,D,S,2026-04-20 00:00:00,,,2,seg,2026-04-20 00:00:00,N,ADFIN,,N,2026,,N
2026,2801,2026-04-20 00:00:00,GMADA,1110111000,3,707,R,2801,131,,,,,,,,13926.0,D,S,2026-04-20 00:00:00,,,2,seg,2026-04-20 00:00:00,N,CAS,,N,2026,,N
2026,3296,2026-05-08 00:00:00,GMADA,1110118000,25,1692,R,3296,110,1,1692,1,1777,,,,2494826.4,D,S,2026-05-08 00:00:00,,,1,CAÑOS,2026-05-08 00:00:00,N,000SU,2026-05-08 00:00:00,N,2026,,N
2026,3297,2026-05-08 00:00:00,GMADA,1110200000,8,2636,R,3297,110,1,1690,1,1734,,,,45000.0,N,S,2026-05-08 00:00:00,,,1,CUADROS,2026-05-08 00:00:00,N,PRESID,2026-05-08 00:00:00,N,2026,,N
2026,3298,2026-05-08 00:00:00,GMADA,1110111000,3,2636,R,3298,131,1,1691,1,1735,,,,40000.0,N,S,2026-05-08 00:00:00,,,1,ESPEJOS,2026-05-08 00:00:00,N,CAS,2026-05-08 00:00:00,N,2026,,N
2026,3299,2026-05-08 00:00:00,GMADA,1110111000,3,2695,R,3299,131,1,1697,1,1755,,,,1040000.0,N,S,2026-05-08 00:00:00,,,1,REPARACION,2026-05-08 00:00:00,N,CAS,2026-05-08 00:00:00,N,2026,,N
2026,3300,2026-05-08 00:00:00,GMADA,1110104000,5,655,R,3300,131,1,1701,1,1756,,,,1114393.2,D,S,2026-05-08 00:00:00,,,1,CARRO,2026-05-08 00:00:00,N,COC,2026-05-08 00:00:00,N,2026,,N
2026,3301,2026-05-08 00:00:00,GMADA,1110104000,5,345,R,3301,131,1,1702,1,1757,,,,97000.0,D,S,2026-05-08 00:00:00,,,1,INSUMOS,2026-05-08 00:00:00,N,QUI,2026-05-08 00:00:00,N,2026,,N
2026,3302,2026-05-08 00:00:00,GMADA,1110118000,25,879,R,3302,110,1,1694,1,1771,,,,771730.0,D,S,2026-05-08 00:00:00,,,1,HERRAMIENTAS,2026-05-08 00:00:00,N,MEAM,2026-05-08 00:00:00,N,2026,,N
2026,3303,2026-05-08 00:00:00,GMADA,1110118000,25,3573,R,3303,110,1,1699,1,1768,,,,480000.0,N,S,2026-05-08 00:00:00,,,1,REP,2026-05-08 00:00:00,N,000SU,2026-05-08 00:00:00,N,2026,,N
2026,2809,2026-04-20 00:00:00,GMADA,1110102000,2,86,R,2809,110,1,1436,1,1508,,,,1220000.0,D,S,2026-04-20 00:00:00,,,1,mant,2026-04-20 00:00:00,N,DELS,2026-04-20 00:00:00,N,2026,,N
2026,2810,2026-04-20 00:00:00,GMADA,1110102000,2,50003,R,2810,110,,,,,,,,390000.0,D,S,2026-04-20 00:00:00,,,2,viaticos Tomas Arrachea,2026-04-20 00:00:00,N,AREAJ,,N,2026,,N
2026,2811,2026-04-20 00:00:00,GMADA,1110113000,20,50449,R,2811,110,,,,,,,,160561.65,D,S,2026-04-20 00:00:00,,,1,caja chica seg,2026-04-20 00:00:00,N,SECSEG,2026-04-20 00:00:00,N,2026,,N
2026,2812,2026-04-20 00:00:00,GMADA,1110102000,2,50072,R,2812,110,,,,,,,,47100.0,D,S,2026-04-20 00:00:00,,,2,gastos judiciales,2026-04-20 00:00:00,N,ADFIN,,N,2026,,N
2026,2831,2026-04-22 00:00:00,GMADA,1110113000,20,50087,R,2831,132,,,,,,,,4500000.0,D,S,2026-04-22 00:00:00,,,2,copres,2026-04-22 00:00:00,N,SECSEG,,N,2026,,N
2026,2832,2026-04-22 00:00:00,GMADA,1110106000,7,50087,R,2832,132,,,,,,,,400000.0,D,S,2026-04-22 00:00:00,,,2,copres,2026-04-22 00:00:00,N,ACCSOC,,N,2026,,N
2026,2833,2026-04-22 00:00:00,GMADA,1110109000,13,50087,R,2833,132,,,,,,,,70000.0,D,S,2026-04-22 00:00:00,,,2,copres,2026-04-22 00:00:00,N,DEP,,N,2026,,N
2026,2834,2026-04-22 00:00:00,GMADA,1110112000,19,50087,R,2834,110,,,,,,,,138760.0,A,S,2026-04-22 00:00:00,2026-04-22 00:00:00,ERROR,1,copres,2026-04-22 00:00:00,N,SEHA,,N,2026,,N
2026,2839,2026-04-22 00:00:00,GMADA,1110105000,6,50023,A,2824,132,,,,,,,,-26025.54,N,S,2026-04-21 00:00:00,2026-04-22 00:00:00,ERROR,2,periodo 03/26,2026-04-22 00:00:00,N,MUMA,,N,2026,,N
2026,2836,2026-04-22 00:00:00,GMADA,1110112000,19,50087,R,2836,110,,,,,,,,138760.0,D,S,2026-04-22 00:00:00,,,1,comisiones,2026-04-22 00:00:00,N,SEHA,2026-04-22 00:00:00,N,2026,,N
2026,2837,2026-04-22 00:00:00,GMADA,1110102000,2,50023,R,2837,132,,,,,,,,104364.61,A,S,2026-04-22 00:00:00,2026-04-22 00:00:00,ERROR,2,periodo 02/26,2026-04-22 00:00:00,N,CATAN,,N,2026,,N
2026,2838,2026-04-22 00:00:00,GMADA,1110102000,2,50922,R,2838,132,,,,,,,,104364.61,D,S,2026-04-22 00:00:00,,,2,periodo 4/26,2026-04-22 00:00:00,N,CATAN,,N,2026,,N
2026,2841,2026-04-22 00:00:00,GMADA,1110111000,3,50023,A,2840,131,,,,,,,,-26025.54,N,S,2026-04-22 00:00:00,2026-04-22 00:00:00,ERROR,3,periodo 03/26,2026-04-22 00:00:00,N,CAS,,N,2026,,N
2026,2840,2026-04-22 00:00:00,GMADA,1110111000,3,50023,R,2840,131,,,,,,,,26025.54,A,S,2026-04-22 00:00:00,2026-04-22 00:00:00,ERROR,2,periodo 03/26,2026-04-22 00:00:00,N,CAS,,N,2026,,N
2026,2845,2026-04-22 00:00:00,GMADA,1110111000,3,160,A,226,131,1,170,1,191,,,,-64520.0,N,S,2026-01-13 00:00:00,2026-04-22 00:00:00,ERROR,1,alimento,2026-04-22 00:00:00,N,CAS,2026-01-13 00:00:00,N,2026,,N
2026,2842,2026-04-22 00:00:00,GMADA,1110105000,6,50023,R,2842,132,,,,,,,,26025.54,D,S,2026-04-22 00:00:00,,,2,periodo 03/26,2026-04-22 00:00:00,N,MUMA,,N,2026,,N
2026,2843,2026-04-22 00:00:00,GMADA,1110105000,6,50370,R,2843,110,,,,,EXPED,909,2026,46922.86,A,S,2026-04-22 00:00:00,2026-04-29 00:00:00,ERROR,2,reintegro fact gastos de servicio,2026-04-22 00:00:00,N,CULTUR,,N,2026,,N
2026,2844,2026-04-22 00:00:00,GMADA,1110111000,3,2595,R,2844,131,1,1442,1,1506,,,,10020.0,D,S,2026-04-22 00:00:00,,,1,repeusto,2026-04-22 00:00:00,N,CAS,,N,2026,,N
2026,2847,2026-04-22 00:00:00,GMADA,1110102000,2,50023,A,2837,132,,,,,,,,-104364.61,N,S,2026-04-22 00:00:00,2026-04-22 00:00:00,ERROR,2,periodo 02/26,2026-04-22 00:00:00,N,CATAN,,N,2026,,N
2026,2846,2026-04-22 00:00:00,GMADA,1110102000,2,50023,R,2846,132,,,,,,,,24614.34,D,S,2026-04-22 00:00:00,,,2,periodo 02/06,2026-04-22 00:00:00,N,CATAN,,N,2026,,N
2026,2888,2026-04-24 00:00:00,GMADA,1110102000,2,2969,R,2888,110,,,,,,,,4618765.47,D,S,2026-04-24 00:00:00,,,2,fact 0007-02546088/2547078/2547077,2026-04-24 00:00:00,N,ADFIN,,N,2026,,N
2026,2890,2026-04-24 00:00:00,GMADA,1110104000,5,866,R,2890,131,1,1502,1,1224,,,,27289170.57,D,S,2026-04-24 00:00:00,,,3,prod farm,2026-04-24 00:00:00,N,FARM,2026-04-24 00:00:00,N,2026,,N
2026,2891,2026-04-24 00:00:00,GMADA,1110104000,5,87,R,2891,131,1,1501,1,1224,,,,8797670.0,N,S,2026-04-24 00:00:00,,,1,prod farm,2026-04-24 00:00:00,N,FARM,2026-04-24 00:00:00,N,2026,,N
2026,2896,2026-04-24 00:00:00,GMADA,1110104000,5,3322,A,2571,131,1,1286,1,1350,,,,-71215.76,N,S,2026-04-10 00:00:00,2026-04-24 00:00:00,ERROR,1,jabon,2026-04-24 00:00:00,N,QUI,2026-04-10 00:00:00,N,2026,,N
2026,2894,2026-04-24 00:00:00,GMADA,1110104000,5,2809,R,2894,131,1,1497,1,1224,,,,3135095.25,D,S,2026-04-24 00:00:00,,,1,prod farm,2026-04-24 00:00:00,N,FARM,,N,2026,,N
2026,2895,2026-04-24 00:00:00,GMADA,1110104000,5,3368,R,2895,131,1,1496,1,1224,,,,3213688.0,D,S,2026-04-24 00:00:00,,,2,prod farm,2026-04-24 00:00:00,N,FARM,2026-04-24 00:00:00,N,2026,,N
2026,2897,2026-04-24 00:00:00,GMADA,1110103000,3,2251,R,2897,132,1,1506,1,1567,EXPED,1108,2026,5967895.05,D,S,2026-04-24 00:00:00,,,1,materiales,2026-04-24 00:00:00,N,OPP,2026-04-24 00:00:00,N,2026,,N
2026,2898,2026-04-24 00:00:00,GMADA,1110103000,3,3226,R,2898,132,1,1505,1,1568,EXPED,1108,2026,3963950.0,D,S,2026-04-24 00:00:00,,,1,utiles,2026-04-24 00:00:00,N,OPP,2026-04-24 00:00:00,N,2026,,N
2026,208,2026-01-13 00:00:00,GMADA,1110108000,14,2330,R,208,110,1,54,1,2,,,,1660000.0,D,S,2026-01-13 00:00:00,,,1,combust,2026-01-13 00:00:00,N,PROD,2026-01-13 00:00:00,N,2026,,N
2026,407,2026-01-19 00:00:00,GMADA,1110102000,2,50008,R,407,110,,,,,,,,348080.0,D,S,2026-01-19 00:00:00,,,1,Generado Automáticamente - Periodo 1/2026 - Tipo/Grupo 52/7,2026-01-19 00:00:00,N,GOB,,,,,
2026,209,2026-01-13 00:00:00,GMADA,1110104000,5,441,R,209,131,1,45,1,42,,,,71838.6,D,S,2026-01-13 00:00:00,,,1,arts de papelera,2026-01-13 00:00:00,N,COC,2026-01-13 00:00:00,N,2026,,N
2026,210,2026-01-13 00:00:00,GMADA,1110104000,5,441,R,210,131,1,40,1,43,,,,342208.78,D,S,2026-01-13 00:00:00,,,1,arts de papelera,2026-01-13 00:00:00,N,COC,2026-01-13 00:00:00,N,2026,,N
2026,212,2026-01-13 00:00:00,GMADA,1110104000,5,134,R,212,131,1,35,1,44,,,,3139700.0,D,S,2026-01-13 00:00:00,,,1,insumos hosps,2026-01-13 00:00:00,N,FARM,2026-01-13 00:00:00,N,2026,,N
2026,216,2026-01-13 00:00:00,GMADA,1110104000,5,3426,R,216,131,,,,,,,,5600000.0,D,S,2026-01-13 00:00:00,,,1,Reg.Comp. 8889/2025 SERV MEDICO,2026-01-13 00:00:00,N,HOSP,2026-01-13 00:00:00,N,,,N
2026,217,2026-01-13 00:00:00,GMADA,1110104000,5,2654,R,217,110,,,,,EXPED,632,2025,360439.95,D,S,2026-01-13 00:00:00,,,1,Reg.Comp. 3661/2025 chips monitoreo,2026-01-13 00:00:00,N,HOSP,2026-01-13 00:00:00,N,,,N
2026,218,2026-01-13 00:00:00,GMADA,1110102000,2,875,R,218,110,,,,,,,,18000.0,D,S,2026-01-13 00:00:00,,,1,Reg.Comp. 1884/2025 diarios,2026-01-13 00:00:00,N,GOB,2026-01-13 00:00:00,N,,,N
2026,220,2026-01-13 00:00:00,GMADA,1110200000,8,875,R,220,110,,,,,,,,9000.0,D,S,2026-01-13 00:00:00,,,1,Reg.Comp. 69/2025 diarios,2026-01-13 00:00:00,N,PRESID,2026-01-13 00:00:00,N,,,N
2026,221,2026-01-13 00:00:00,GMADA,1110101000,1,174,R,221,110,,,,,,,,168000.0,D,S,2026-01-13 00:00:00,,,2,Reg.Comp. 9637/2025 DIARIOS,2026-01-13 00:00:00,N,INT,2026-01-13 00:00:00,N,,,N
2026,223,2026-01-13 00:00:00,GMADA,1110102000,2,2986,R,223,110,,,,,EXPED,19,2025,60000.0,D,S,2026-01-13 00:00:00,,,1,Reg.Comp. 266/2025 publicidad,2026-01-13 00:00:00,N,GOB,2026-01-13 00:00:00,N,,,N
2026,224,2026-01-13 00:00:00,GMADA,1110106000,7,2869,R,224,110,,,,,,,,479840.0,D,S,2026-01-13 00:00:00,,,1,Reg.Comp. 3343/2025 carne,2026-01-13 00:00:00,N,GRAN,2026-01-13 00:00:00,N,,,N
2026,225,2026-01-13 00:00:00,GMADA,1110105000,6,3145,R,225,132,1,184,1,250,,,,372800.0,D,S,2026-01-13 00:00:00,,,1,repuestos,2026-01-13 00:00:00,N,BA,2026-01-13 00:00:00,N,2026,,N
2026,226,2026-01-13 00:00:00,GMADA,1110111000,3,160,R,226,131,1,170,1,191,,,,64520.0,A,S,2026-01-13 00:00:00,2026-04-22 00:00:00,ERROR,1,alimento,2026-01-13 00:00:00,N,CAS,2026-01-13 00:00:00,N,2026,,N
2026,227,2026-01-13 00:00:00,GMADA,1110102000,2,2309,R,227,110,,,,,EXPED,19,2025,40000.0,D,S,2026-01-13 00:00:00,,,1,Reg.Comp. 281/2025 publicidad,2026-01-13 00:00:00,N,GOB,2026-01-13 00:00:00,N,,,N
2026,401,2026-01-19 00:00:00,GMADA,1110102000,2,50925,R,401,132,,,,,,,,90759.11,D,S,2026-01-19 00:00:00,,,2,energia cuota 1/2,2026-01-19 00:00:00,N,CASADE,,N,2026,,N
2026,408,2026-01-19 00:00:00,GMADA,1110102000,2,50008,R,408,110,,,,,,,,1042720.0,D,S,2026-01-19 00:00:00,,,1,Generado Automáticamente - Periodo 1/2026 - Tipo/Grupo 52/7,2026-01-19 00:00:00,N,GOBHAC,,,,,
2026,409,2026-01-19 00:00:00,GMADA,1110102000,2,50051,R,409,110,,,,,,,,41769.6,D,S,2026-01-19 00:00:00,,,1,Generado Automáticamente - Periodo 1/2026 - Tipo/Grupo 52/7,2026-01-19 00:00:00,N,GOB,,,,,
2026,410,2026-01-19 00:00:00,GMADA,1110102000,2,50051,R,410,110,,,,,,,,125126.4,D,S,2026-01-19 00:00:00,,,1,Generado Automáticamente - Periodo 1/2026 - Tipo/Grupo 52/7,2026-01-19 00:00:00,N,GOBHAC,,,,,
2026,411,2026-01-19 00:00:00,GMADA,1110102000,2,50052,R,411,110,,,,,,,,16707.84,D,S,2026-01-19 00:00:00,,,1,Generado Automáticamente - Periodo 1/2026 - Tipo/Grupo 52/7,2026-01-19 00:00:00,N,GOB,,,,,
2026,412,2026-01-19 00:00:00,GMADA,1110102000,2,50052,R,412,110,,,,,,,,50050.56,D,S,2026-01-19 00:00:00,,,1,Generado Automáticamente - Periodo 1/2026 - Tipo/Grupo 52/7,2026-01-19 00:00:00,N,GOBHAC,,,,,
2026,413,2026-01-19 00:00:00,GMADA,1110104000,5,50008,R,413,110,,,,,,,,353535.84,D,S,2026-01-19 00:00:00,,,1,Generado Automáticamente - Periodo 1/2026 - Tipo/Grupo 52/7,2026-01-19 00:00:00,N,HOSP,,,,,
2026,414,2026-01-19 00:00:00,GMADA,1110105000,6,50008,R,414,132,,,,,,,,203040.0,D,S,2026-01-19 00:00:00,,,1,Generado Automáticamente - Periodo 1/2026 - Tipo/Grupo 52/7,2026-01-19 00:00:00,N,CULTUR,,,,,
2026,415,2026-01-19 00:00:00,GMADA,1110105000,6,50051,R,415,132,,,,,,,,24364.8,D,S,2026-01-19 00:00:00,,,1,Generado Automáticamente - Periodo 1/2026 - Tipo/Grupo 52/7,2026-01-19 00:00:00,N,CULTUR,,,,,
2026,416,2026-01-19 00:00:00,GMADA,1110105000,6,50052,R,416,132,,,,,,,,9745.92,D,S,2026-01-19 00:00:00,,,1,Generado Automáticamente - Periodo 1/2026 - Tipo/Grupo 52/7,2026-01-19 00:00:00,N,CULTUR,,,,,
2026,417,2026-01-19 00:00:00,GMADA,1110106000,7,50008,R,417,110,,,,,,,,842080.0,D,S,2026-01-19 00:00:00,,,1,Generado Automáticamente - Periodo 1/2026 - Tipo/Grupo 52/7,2026-01-19 00:00:00,N,ACCSOC,,,,,
2026,418,2026-01-19 00:00:00,GMADA,1110106000,7,50051,R,418,110,,,,,,,,101049.6,D,S,2026-01-19 00:00:00,,,1,Generado Automáticamente - Periodo 1/2026 - Tipo/Grupo 52/7,2026-01-19 00:00:00,N,ACCSOC,,,,,
2026,419,2026-01-19 00:00:00,GMADA,1110106000,7,50052,R,419,110,,,,,,,,40419.84,D,S,2026-01-19 00:00:00,,,1,Generado Automáticamente - Periodo 1/2026 - Tipo/Grupo 52/7,2026-01-19 00:00:00,N,ACCSOC,,,,,
2026,420,2026-01-19 00:00:00,GMADA,1110106000,7,50008,R,420,132,,,,,,,,250040.0,D,S,2026-01-19 00:00:00,,,1,Generado Automáticamente - Periodo 1/2026 - Tipo/Grupo 52/7,2026-01-19 00:00:00,N,ACCSOC,,,,,
2026,421,2026-01-19 00:00:00,GMADA,1110106000,7,50051,R,421,132,,,,,,,,30004.8,D,S,2026-01-19 00:00:00,,,1,Generado Automáticamente - Periodo 1/2026 - Tipo/Grupo 52/7,2026-01-19 00:00:00,N,ACCSOC,,,,,
2026,422,2026-01-19 00:00:00,GMADA,1110106000,7,50052,R,422,132,,,,,,,,12001.92,D,S,2026-01-19 00:00:00,,,1,Generado Automáticamente - Periodo 1/2026 - Tipo/Grupo 52/7,2026-01-19 00:00:00,N,ACCSOC,,,,,
2026,423,2026-01-19 00:00:00,GMADA,1110109000,13,50008,R,423,110,,,,,,,,135360.0,D,S,2026-01-19 00:00:00,,,1,Generado Automáticamente - Periodo 1/2026 - Tipo/Grupo 52/7,2026-01-19 00:00:00,N,DEPORT,,,,,
2026,424,2026-01-19 00:00:00,GMADA,1110109000,13,50051,R,424,110,,,,,,,,16243.2,D,S,2026-01-19 00:00:00,,,1,Generado Automáticamente - Periodo 1/2026 - Tipo/Grupo 52/7,2026-01-19 00:00:00,N,DEPORT,,,,,
2026,425,2026-01-19 00:00:00,GMADA,1110109000,13,50052,R,425,110,,,,,,,,6497.28,D,S,2026-01-19 00:00:00,,,1,Generado Automáticamente - Periodo 1/2026 - Tipo/Grupo 52/7,2026-01-19 00:00:00,N,DEPORT,,,,,
2026,426,2026-01-19 00:00:00,GMADA,1110112000,19,50008,R,426,110,,,,,,,,2946520.0,D,S,2026-01-19 00:00:00,,,1,Generado Automáticamente - Periodo 1/2026 - Tipo/Grupo 52/7,2026-01-19 00:00:00,N,SECHAC,,,,,
2026,427,2026-01-19 00:00:00,GMADA,1110112000,19,50051,R,427,110,,,,,,,,353582.4,D,S,2026-01-19 00:00:00,,,1,Generado Automáticamente - Periodo 1/2026 - Tipo/Grupo 52/7,2026-01-19 00:00:00,N,SECHAC,,,,,
2026,428,2026-01-19 00:00:00,GMADA,1110112000,19,50052,R,428,110,,,,,,,,141432.96,D,S,2026-01-19 00:00:00,,,1,Generado Automáticamente - Periodo 1/2026 - Tipo/Grupo 52/7,2026-01-19 00:00:00,N,SECHAC,,,,,
2026,429,2026-01-19 00:00:00,GMADA,1110113000,20,50008,R,429,110,,,,,,,,361000.0,D,S,2026-01-19 00:00:00,,,1,Generado Automáticamente - Periodo 1/2026 - Tipo/Grupo 52/7,2026-01-19 00:00:00,N,SECSEG,,,,,
2026,430,2026-01-19 00:00:00,GMADA,1110113000,20,50051,R,430,110,,,,,,,,43320.0,D,S,2026-01-19 00:00:00,,,1,Generado Automáticamente - Periodo 1/2026 - Tipo/Grupo 52/7,2026-01-19 00:00:00,N,SECSEG,,,,,
2026,431,2026-01-19 00:00:00,GMADA,1110113000,20,50052,R,431,110,,,,,,,,17328.0,D,S,2026-01-19 00:00:00,,,1,Generado Automáticamente - Periodo 1/2026 - Tipo/Grupo 52/7,2026-01-19 00:00:00,N,SECSEG,,,,,
2026,432,2026-01-19 00:00:00,GMADA,1110117000,24,50008,R,432,110,,,,,,,,847532.91,D,S,2026-01-19 00:00:00,,,1,Generado Automáticamente - Periodo 1/2026 - Tipo/Grupo 52/7,2026-01-19 00:00:00,N,000002,,,,,
2026,433,2026-01-19 00:00:00,GMADA,1110117000,24,50051,R,433,110,,,,,,,,87851.74,D,S,2026-01-19 00:00:00,,,1,Generado Automáticamente - Periodo 1/2026 - Tipo/Grupo 52/7,2026-01-19 00:00:00,N,000002,,,,,
2026,434,2026-01-19 00:00:00,GMADA,1110117000,24,50052,R,434,110,,,,,,,,35140.7,D,S,2026-01-19 00:00:00,,,1,Generado Automáticamente - Periodo 1/2026 - Tipo/Grupo 52/7,2026-01-19 00:00:00,N,000002,,,,,
2026,435,2026-01-19 00:00:00,GMADA,1110118000,25,50008,R,435,110,,,,,,,,451440.0,D,S,2026-01-19 00:00:00,,,1,Generado Automáticamente - Periodo 1/2026 - Tipo/Grupo 52/7,2026-01-19 00:00:00,N,00003,,,,,
2026,436,2026-01-19 00:00:00,GMADA,1110118000,25,50051,R,436,110,,,,,,,,54172.8,D,S,2026-01-19 00:00:00,,,1,Generado Automáticamente - Periodo 1/2026 - Tipo/Grupo 52/7,2026-01-19 00:00:00,N,00003,,,,,
2026,437,2026-01-19 00:00:00,GMADA,1110118000,25,50052,R,437,110,,,,,,,,21669.12,D,S,2026-01-19 00:00:00,,,1,Generado Automáticamente - Periodo 1/2026 - Tipo/Grupo 52/7,2026-01-19 00:00:00,N,00003,,,,,
2026,1032,2026-02-05 00:00:00,GMADA,1110108000,14,2330,D,930,110,1,454,1,486,,,,-557908.17,D,S,2026-02-09 00:00:00,,,1,Registro generado por Compras,2026-02-05 00:00:00,N,PROD,2026-02-02 00:00:00,N,,,N
2026,1027,2026-02-05 00:00:00,GMADA,1110102000,2,2330,D,934,110,1,439,1,478,,,,-1000000.0,D,S,2026-02-09 00:00:00,,,1,Registro generado por Compras,2026-02-05 00:00:00,N,GOB,2026-02-02 00:00:00,N,,,N
2026,1029,2026-02-05 00:00:00,GMADA,1110102000,2,2330,D,934,110,1,439,1,478,,,,-431550.0,D,S,2026-02-09 00:00:00,,,1,Registro generado por Compras,2026-02-05 00:00:00,N,GOB,2026-02-02 00:00:00,N,,,N
2026,1028,2026-02-05 00:00:00,GMADA,1110102000,2,2330,D,934,110,1,439,1,478,,,,-150000.0,D,S,2026-02-09 00:00:00,,,1,Registro generado por Compras,2026-02-05 00:00:00,N,GOB,2026-02-02 00:00:00,N,,,N
2026,1031,2026-02-05 00:00:00,GMADA,1110102000,2,2330,D,934,110,1,439,1,478,,,,-1000000.0,D,S,2026-02-11 00:00:00,,,1,Registro generado por Compras,2026-02-05 00:00:00,N,GOB,2026-02-02 00:00:00,N,,,N
2026,1030,2026-02-05 00:00:00,GMADA,1110102000,2,2330,D,934,110,1,439,1,478,,,,-1000000.0,D,S,2026-02-11 00:00:00,,,1,Registro generado por Compras,2026-02-05 00:00:00,N,GOB,2026-02-02 00:00:00,N,,,N
2026,1099,2026-02-11 00:00:00,GMADA,1110111000,3,685,A,1061,131,1,581,1,614,,,,-127500.0,N,S,2026-02-09 00:00:00,2026-02-11 00:00:00,ERROR,1,serv de torneria,2026-02-11 00:00:00,N,CAS,2026-02-09 00:00:00,N,2026,,N
2026,1033,2026-02-05 00:00:00,GMADA,1110108000,14,2330,D,930,110,1,454,1,486,,,,-962801.41,D,S,2026-02-09 00:00:00,,,1,Registro generado por Compras,2026-02-05 00:00:00,N,PROD,2026-02-02 00:00:00,N,,,N
2026,1034,2026-02-05 00:00:00,GMADA,1110108000,14,2330,D,930,110,1,454,1,486,,,,-27200.0,D,S,2026-02-09 00:00:00,,,1,Registro generado por Compras,2026-02-05 00:00:00,N,PROD,2026-02-02 00:00:00,N,,,N
2026,1063,2026-02-10 00:00:00,GMADA,1110112000,19,2692,R,1063,110,1,588,1,627,,,,3600000.0,D,S,2026-02-10 00:00:00,,,1,clasificad de billetes,2026-02-10 00:00:00,N,TESOR,2026-02-10 00:00:00,N,2026,,N
2026,1035,2026-02-05 00:00:00,GMADA,1110108000,14,2330,D,930,110,1,454,1,486,,,,-30000.0,D,S,2026-02-11 00:00:00,,,2,Registro generado por Compras,2026-02-05 00:00:00,N,PROD,2026-02-02 00:00:00,N,,,N
2026,1083,2026-02-10 00:00:00,GMADA,1110118000,25,2595,R,1083,110,,,,,,,,114750.0,D,S,2026-02-10 00:00:00,,,1,Reg.Comp. 9954/2025 repuestos vehiculos,2026-02-10 00:00:00,N,000SU,2026-02-10 00:00:00,N,,,N
2026,1087,2026-02-11 00:00:00,GMADA,1110104000,5,5,R,1087,131,1,599,1,642,,,,500000.0,D,S,2026-02-11 00:00:00,,,1,sal,2026-02-11 00:00:00,N,HOSP,2026-02-11 00:00:00,N,2026,,N
2026,2892,2026-04-24 00:00:00,GMADA,1110104000,5,1242,R,2892,131,1,1500,1,1224,,,,14410792.0,D,S,2026-04-24 00:00:00,,,1,prod farm,2026-04-24 00:00:00,N,FARM,2026-04-24 00:00:00,N,2026,,N
2026,1102,2026-02-11 00:00:00,GMADA,1110105000,6,2365,R,1102,110,1,601,1,633,,,,500000.0,D,S,2026-02-11 00:00:00,,,1,PRODS DE PANADERIA,2026-02-11 00:00:00,N,CULTUR,2026-02-11 00:00:00,N,2026,,N
2026,1103,2026-02-11 00:00:00,GMADA,1110105000,6,5,R,1103,110,1,600,1,632,,,,800000.0,N,S,2026-02-11 00:00:00,,,1,alimento,2026-02-11 00:00:00,N,CULTUR,2026-02-11 00:00:00,N,2026,,N
2026,1105,2026-02-11 00:00:00,GMADA,1110106000,7,2330,R,1105,110,1,609,1,651,,,,2470000.0,A,S,2026-02-11 00:00:00,2026-05-04 00:00:00,ERROR,1,comb,2026-02-11 00:00:00,N,ACCSOC,2026-02-11 00:00:00,N,2026,,N
2026,1106,2026-02-11 00:00:00,GMADA,1110106000,7,2810,R,1106,132,1,610,1,649,,,,62720.0,D,S,2026-02-11 00:00:00,,,1,telas,2026-02-11 00:00:00,N,JARD,2026-02-11 00:00:00,N,2026,,N
2026,1107,2026-02-11 00:00:00,GMADA,1110112000,19,441,R,1107,110,1,611,1,634,,,,16200.0,D,S,2026-02-11 00:00:00,,,1,útiles de ofic,2026-02-11 00:00:00,N,SEHA,2026-02-11 00:00:00,N,2026,,N
2026,1108,2026-02-11 00:00:00,GMADA,1110106000,7,19,R,1108,132,1,612,1,635,,,,12934.0,D,S,2026-02-11 00:00:00,,,1,arts de ferret,2026-02-11 00:00:00,N,ENV,2026-02-11 00:00:00,N,2026,,N
2026,1109,2026-02-11 00:00:00,GMADA,1110106000,7,1603,R,1109,132,1,613,1,636,,,,66000.0,D,S,2026-02-11 00:00:00,,,1,pan,2026-02-11 00:00:00,N,ENV,2026-02-11 00:00:00,N,2026,,N
2026,1110,2026-02-11 00:00:00,GMADA,1110105000,6,3324,R,1110,110,1,598,1,631,,,,250000.0,D,S,2026-02-11 00:00:00,,,1,picada,2026-02-11 00:00:00,N,CULTUR,2026-02-11 00:00:00,N,2026,,N
2026,1026,2026-02-05 00:00:00,GMADA,1110102000,2,2330,D,934,110,1,439,1,478,,,,-796239.19,D,S,2026-02-09 00:00:00,,,1,Registro generado por Compras,2026-02-05 00:00:00,N,GOB,2026-02-02 00:00:00,N,,,N
2026,2893,2026-04-24 00:00:00,GMADA,1110104000,5,2319,R,2893,131,1,1498,1,1224,,,,10489317.0,D,S,2026-04-24 00:00:00,,,2,prod farm,2026-04-24 00:00:00,N,FARM,2026-04-24 00:00:00,N,2026,,N
2026,619,2026-01-23 00:00:00,GMADA,1110106000,7,1864,A,564,131,1,335,1,334,,,,-5567398.08,N,S,2026-01-22 00:00:00,2026-01-23 00:00:00,ERROR,2,honorarios,2026-01-23 00:00:00,N,ACCSOC,2026-01-22 00:00:00,N,2026,,N
2026,608,2026-01-23 00:00:00,GMADA,1110102000,2,50036,R,608,110,,,,,,,,47321.89,D,S,2026-01-23 00:00:00,,,2,linea 0471-01001215,2026-01-23 00:00:00,N,ADFIN,,N,2026,,N
2026,198,2026-01-13 00:00:00,GMADA,1110118000,25,33,R,198,110,1,103,1,104,,,,28002044.73,D,S,2026-01-13 00:00:00,,,1,seguros,2026-01-13 00:00:00,N,000SU,2026-01-13 00:00:00,N,2026,,N
2026,199,2026-01-13 00:00:00,GMADA,1110109000,13,33,R,199,110,1,105,1,106,,,,525687.42,D,S,2026-01-13 00:00:00,,,1,serguros,2026-01-13 00:00:00,N,DEP,2026-01-13 00:00:00,N,2026,,N
2026,201,2026-01-13 00:00:00,GMADA,1110102000,2,33,R,201,110,1,106,1,105,,,,484704.48,D,S,2026-01-13 00:00:00,,,1,seguros,2026-01-13 00:00:00,N,GOBHAC,2026-01-13 00:00:00,N,2026,,N
2026,202,2026-01-13 00:00:00,GMADA,1110118000,25,33,R,202,110,1,107,1,108,,,,508355.19,D,S,2026-01-13 00:00:00,,,1,seguros,2026-01-13 00:00:00,N,DECI,2026-01-13 00:00:00,N,2026,,N
2026,204,2026-01-13 00:00:00,GMADA,1110109000,13,1809,R,204,110,1,109,1,93,,,,4500000.0,D,S,2026-01-13 00:00:00,,,1,seguros,2026-01-13 00:00:00,N,DEP,2026-01-13 00:00:00,N,2026,,N
2026,205,2026-01-13 00:00:00,GMADA,1110104000,5,1440,R,205,131,1,51,1,32,,,,5797485.0,D,S,2026-01-13 00:00:00,,,1,insumos hosps,2026-01-13 00:00:00,N,SALA I,2026-01-13 00:00:00,N,2026,,N
2026,207,2026-01-13 00:00:00,GMADA,1110104000,5,1658,R,207,131,1,38,1,35,,,,1620000.0,D,S,2026-01-13 00:00:00,,,1,agua destilada,2026-01-13 00:00:00,N,HOSP,2026-01-13 00:00:00,N,2026,,N
2026,609,2026-01-23 00:00:00,GMADA,1110101000,1,50003,R,609,110,,,,,,,,90000.0,D,S,2026-01-23 00:00:00,,,2,viatico Esteban Santoro,2026-01-23 00:00:00,N,INT,,N,2026,,N
2026,612,2026-01-23 00:00:00,GMADA,1110118000,25,297,R,612,110,1,407,1,430,,,,645980.0,D,S,2026-01-23 00:00:00,,,1,prod farm,2026-01-23 00:00:00,N,MEAM,2026-01-23 00:00:00,N,2026,,N
2026,915,2026-01-30 00:00:00,GMADA,1110106000,7,1112,A,528,131,1,351,1,350,,,,-6715750.08,N,S,2026-01-21 00:00:00,2026-01-30 00:00:00,ERROR,1,honorarios,2026-01-30 00:00:00,N,ACCSOC,2026-01-21 00:00:00,N,2026,,N
2026,620,2026-01-23 00:00:00,GMADA,1110106000,7,1864,R,620,131,1,335,1,334,,,,5567398.08,D,S,2026-01-23 00:00:00,,,2,honorarios,2026-01-23 00:00:00,N,ACCSOC,2026-01-23 00:00:00,N,2026,,N
2026,627,2026-01-23 00:00:00,GMADA,1110106000,7,50154,R,627,110,,,,,,,,43000.0,D,S,2026-01-23 00:00:00,,,2,asistencia  Lucas CHAPARRO,2026-01-23 00:00:00,N,ACCSOC,,N,2026,,N
2026,881,2026-01-30 00:00:00,GMADA,1110106000,7,50087,R,881,132,,,,,,,,550000.0,D,S,2026-01-30 00:00:00,,,1,copres 21-28/ene,2026-01-30 00:00:00,N,ACCSOC,2026-01-30 00:00:00,N,2026,,N
2026,882,2026-01-30 00:00:00,GMADA,1110109000,13,50087,R,882,110,,,,,,,,170000.0,D,S,2026-01-30 00:00:00,,,1,copres 21-28 ene,2026-01-30 00:00:00,N,DEP,2026-01-30 00:00:00,N,2026,,N
2026,883,2026-01-30 00:00:00,GMADA,1110101000,1,50087,R,883,110,,,,,,,,200000.0,D,S,2026-01-30 00:00:00,,,1,copres 21-28 ene,2026-01-30 00:00:00,N,INT,2026-01-30 00:00:00,N,2026,,N
2026,884,2026-01-30 00:00:00,GMADA,1110104000,5,50087,R,884,131,,,,,,,,2418000.0,D,S,2026-01-30 00:00:00,,,1,copres 21-28 ene,2026-01-30 00:00:00,N,HOSP,2026-01-30 00:00:00,N,2026,,N
2026,885,2026-01-30 00:00:00,GMADA,1110111000,3,50087,R,885,131,,,,,,,,560000.0,D,S,2026-01-30 00:00:00,,,1,copres 21-28 ene,2026-01-30 00:00:00,N,CAS,2026-01-30 00:00:00,N,2026,,N
2026,886,2026-01-30 00:00:00,GMADA,1110113000,20,50087,R,886,132,,,,,,,,10000000.0,D,S,2026-01-30 00:00:00,,,1,copres 21-28 ene,2026-01-30 00:00:00,N,SECSEG,2026-01-30 00:00:00,N,2026,,N
2026,887,2026-01-30 00:00:00,GMADA,1110112000,19,50087,R,887,110,,,,,,,,227960.0,D,S,2026-01-30 00:00:00,,,1,comisión copres 21 y 28 ene,2026-01-30 00:00:00,N,SECHAC,2026-01-30 00:00:00,N,2026,,N
2026,888,2026-01-30 00:00:00,GMADA,1110112000,19,50087,C,887,110,,,,,,,,50000.0,D,S,2026-01-30 00:00:00,,,2,comisión copres 21 y 28 ene,2026-01-30 00:00:00,N,SECHAC,2026-01-30 00:00:00,N,2026,,N
2026,889,2026-01-30 00:00:00,GMADA,1110112000,19,230,R,889,110,,,,,,,,1192749.81,D,S,2026-01-30 00:00:00,,,1,COMISIONES,2026-01-30 00:00:00,N,SECHAC,2026-01-30 00:00:00,N,2026,,N
2026,890,2026-01-30 00:00:00,GMADA,1110112000,19,50087,R,890,110,,,,,,,,1002.85,D,S,2026-01-30 00:00:00,,,1,COMISIONES,2026-01-30 00:00:00,N,SECHAC,2026-01-30 00:00:00,N,2026,,N
2026,891,2026-01-30 00:00:00,GMADA,1110112000,19,50087,R,891,110,,,,,,,,193038.78,D,S,2026-01-30 00:00:00,,,1,COMOSIONES,2026-01-30 00:00:00,N,SECHAC,2026-01-30 00:00:00,N,2026,,N
2026,894,2026-01-30 00:00:00,GMADA,1110112000,19,50087,R,894,110,,,,,,,,522879.71,D,S,2026-01-30 00:00:00,,,1,COMISIONES,2026-01-30 00:00:00,N,SEHA,2026-01-30 00:00:00,N,2026,,N
2026,914,2026-01-30 00:00:00,GMADA,1110111000,3,2337,R,914,131,1,453,1,485,,,,5381234.0,D,S,2026-01-30 00:00:00,,,1,honorarios,2026-01-30 00:00:00,N,CAS,2026-01-30 00:00:00,N,2026,,N
2026,916,2026-01-30 00:00:00,GMADA,1110106000,7,2704,R,916,131,1,507,1,350,,,,6715750.08,D,S,2026-01-30 00:00:00,,,1,HONORARIOS,2026-01-30 00:00:00,N,ACCSOC,2026-01-30 00:00:00,N,2026,,N
2026,488,2026-01-20 00:00:00,GMADA,1110115000,22,2584,R,488,110,1,362,1,373,,,,1200000.0,D,S,2026-01-20 00:00:00,,,1,PUBLICIDAD,2026-01-20 00:00:00,N,SCOOR,2026-01-20 00:00:00,N,2026,,N
2026,489,2026-01-20 00:00:00,GMADA,1110115000,22,2086,R,489,110,1,363,1,366,,,,1200000.0,D,S,2026-01-20 00:00:00,,,1,PUBLICIDAD,2026-01-20 00:00:00,N,SCOOR,2026-01-20 00:00:00,N,2026,,N
2026,490,2026-01-20 00:00:00,GMADA,1110115000,22,53,R,490,110,1,364,1,379,,,,1080000.0,D,S,2026-01-20 00:00:00,,,1,PUBLICIDAD,2026-01-20 00:00:00,N,SCOOR,2026-01-20 00:00:00,N,2026,,N
2026,491,2026-01-20 00:00:00,GMADA,1110115000,22,2109,R,491,110,1,365,1,365,,,,2280000.0,D,S,2026-01-20 00:00:00,,,1,PUBLICIDAD,2026-01-20 00:00:00,N,SCOOR,2026-01-20 00:00:00,N,2026,,N
2026,492,2026-01-20 00:00:00,GMADA,1110115000,22,875,R,492,110,1,366,1,380,,,,960000.0,D,S,2026-01-20 00:00:00,,,1,PUBLICIDAD,2026-01-20 00:00:00,N,SCOOR,2026-01-20 00:00:00,N,2026,,N
2026,493,2026-01-20 00:00:00,GMADA,1110115000,22,1101,R,493,110,1,367,1,376,,,,1800000.0,D,S,2026-01-20 00:00:00,,,1,PUBLICIDAD,2026-01-20 00:00:00,N,SCOOR,2026-01-20 00:00:00,N,2026,,N
2026,494,2026-01-20 00:00:00,GMADA,1110115000,22,2308,R,494,110,1,368,1,371,,,,780000.0,D,S,2026-01-20 00:00:00,,,1,PUBLICIDAD,2026-01-20 00:00:00,N,SCOOR,2026-01-20 00:00:00,N,2026,,N
2026,495,2026-01-20 00:00:00,GMADA,1110115000,22,869,R,495,110,1,369,1,368,,,,1200000.0,N,S,2026-01-20 00:00:00,,,1,PUBLICIDAD,2026-01-20 00:00:00,N,SCOOR,,N,2026,,N
2026,1322,2026-02-19 00:00:00,GMADA,1110101000,1,50100,R,1322,131,,,,,,,,663126.5,D,S,2026-02-19 00:00:00,,,2,multas,2026-02-19 00:00:00,N,INT,,N,2026,,N
2026,1492,2026-02-25 00:00:00,GMADA,1110118000,25,3398,A,1471,110,1,764,1,779,,,,-1957867.6,N,S,2026-02-24 00:00:00,2026-02-25 00:00:00,ERROR,1,rep,2026-02-25 00:00:00,N,000SU,2026-02-24 00:00:00,N,2026,,N
2026,1472,2026-02-25 00:00:00,GMADA,1110113000,20,1478,R,1472,110,,,,,,,,544800.0,D,S,2026-02-25 00:00:00,,,1,Reg.Comp. 5909/2025 servs,2026-02-25 00:00:00,N,SECSEG,2026-02-25 00:00:00,N,,,N
2026,1473,2026-02-25 00:00:00,GMADA,1110113000,20,1478,R,1473,110,,,,,,,,480960.0,D,S,2026-02-25 00:00:00,,,1,Reg.Comp. 131/2025 prestac. de servs.,2026-02-25 00:00:00,N,SECSEG,2026-02-25 00:00:00,N,,,N
2026,1474,2026-02-25 00:00:00,GMADA,1110113000,20,1478,R,1474,110,,,,,,,,63840.0,D,S,2026-02-25 00:00:00,,,1,Reg.Comp. 5909/2025 servs,2026-02-25 00:00:00,N,SECSEG,2026-02-25 00:00:00,N,,,N
2026,1475,2026-02-25 00:00:00,GMADA,1110109000,13,2367,R,1475,110,1,778,1,825,EXPED,129,2026,3501000.0,D,S,2026-02-25 00:00:00,,,1,fiscalizac de carrera,2026-02-25 00:00:00,N,DEP,2026-02-25 00:00:00,N,2026,,N
2026,1476,2026-02-25 00:00:00,GMADA,1110104000,5,527,R,1476,131,,,,,,,,67700.0,D,S,2026-02-25 00:00:00,,,1,Reg.Comp. 7571/2025 rueda camilla ambulancia,2026-02-25 00:00:00,N,HOSP,2026-02-25 00:00:00,N,,,N
2026,1477,2026-02-25 00:00:00,GMADA,1110104000,5,527,R,1477,131,,,,,,,,115760.0,D,S,2026-02-25 00:00:00,,,1,Reg.Comp. 6361/2025 utiles,2026-02-25 00:00:00,N,MAT,2026-02-25 00:00:00,N,,,N
2026,1478,2026-02-25 00:00:00,GMADA,1110101000,1,50431,R,1478,131,,,,,,,,600.0,D,S,2026-02-25 00:00:00,,,1,dif comp 1442,2026-02-25 00:00:00,N,INT,2026-02-25 00:00:00,N,2026,,N
2026,1479,2026-02-25 00:00:00,GMADA,1110106000,7,2548,R,1479,132,1,789,1,830,,,,200000.0,D,S,2026-02-25 00:00:00,,,1,serv de sepelios,2026-02-25 00:00:00,N,ACCSOC,2026-02-25 00:00:00,N,2026,,N
2026,1480,2026-02-25 00:00:00,GMADA,1110104000,5,2869,R,1480,131,1,786,1,826,,,,1310844.0,D,S,2026-02-25 00:00:00,,,1,carne,2026-02-25 00:00:00,N,COC,2026-02-25 00:00:00,N,2026,,N
2026,1481,2026-02-25 00:00:00,GMADA,1110106000,7,68,R,1481,132,1,785,1,818,,,,990000.0,D,S,2026-02-25 00:00:00,,,1,destape de pozos,2026-02-25 00:00:00,N,ACCSOC,2026-02-25 00:00:00,N,2026,,N
2026,1482,2026-02-25 00:00:00,GMADA,1110104000,5,2869,R,1482,131,1,787,1,827,,,,1035799.0,D,S,2026-02-25 00:00:00,,,1,carne,2026-02-25 00:00:00,N,COC,2026-02-25 00:00:00,N,2026,,N
2026,1483,2026-02-25 00:00:00,GMADA,1110104000,5,2869,R,1483,131,1,788,1,828,,,,1780668.0,D,S,2026-02-25 00:00:00,,,1,carne,2026-02-25 00:00:00,N,HOGANC,2026-02-25 00:00:00,N,2026,,N
2026,1484,2026-02-25 00:00:00,GMADA,1110106000,7,2869,R,1484,132,1,784,1,817,,,,17990.0,D,S,2026-02-25 00:00:00,,,1,carne,2026-02-25 00:00:00,N,ENV,2026-02-25 00:00:00,N,2026,,N
2026,1485,2026-02-25 00:00:00,GMADA,1110109000,13,3287,R,1485,110,1,779,1,819,,,,426000.0,D,S,2026-02-25 00:00:00,,,1,vinilo impreso,2026-02-25 00:00:00,N,DEP,2026-02-25 00:00:00,N,2026,,N
2026,1486,2026-02-25 00:00:00,GMADA,1110105000,6,3180,R,1486,110,1,780,1,820,,,,150000.0,D,S,2026-02-25 00:00:00,,,1,diseño y programac,2026-02-25 00:00:00,N,CULTUR,2026-02-25 00:00:00,N,2026,,N
2026,1487,2026-02-25 00:00:00,GMADA,1110111000,3,163,R,1487,131,1,781,1,821,,,,4378030.0,D,S,2026-02-25 00:00:00,,,1,reparac de tractor,2026-02-25 00:00:00,N,CAS,2026-02-25 00:00:00,N,2026,,N
2026,1488,2026-02-25 00:00:00,GMADA,1110111000,3,163,R,1488,131,1,782,1,822,,,,383250.0,D,S,2026-02-25 00:00:00,,,1,reparac de tractor,2026-02-25 00:00:00,N,CAS,2026-02-25 00:00:00,N,2026,,N
2026,1489,2026-02-25 00:00:00,GMADA,1110104000,5,413,R,1489,131,1,783,1,824,,,,16000.0,D,S,2026-02-25 00:00:00,,,1,parches,2026-02-25 00:00:00,N,HOSP,2026-02-25 00:00:00,N,2026,,N
2026,1490,2026-02-25 00:00:00,GMADA,1110109000,13,2525,R,1490,110,1,777,1,823,EXPED,129,2026,10500000.0,D,S,2026-02-25 00:00:00,,,1,servs,2026-02-25 00:00:00,N,DEP,2026-02-25 00:00:00,N,2026,,N
2026,1491,2026-02-25 00:00:00,GMADA,1110118000,25,1514,R,1491,132,1,776,1,816,,,,2343000.0,D,S,2026-02-25 00:00:00,,,1,aceites,2026-02-25 00:00:00,N,000SU,2026-02-25 00:00:00,N,2026,,N
2026,1675,2026-03-03 00:00:00,GMADA,1110105000,6,50020,A,1673,110,,,,,,,,-160000.0,N,S,2026-03-03 00:00:00,2026-03-03 00:00:00,ERROR,3,caja chica cultura,2026-03-03 00:00:00,N,CULTUR,,N,2026,,N
2026,1493,2026-02-25 00:00:00,GMADA,1110118000,25,3398,R,1493,110,1,792,1,835,,,,1977927.97,D,S,2026-02-25 00:00:00,,,1, repuestos,2026-02-25 00:00:00,N,000SU,2026-02-25 00:00:00,N,2026,,N
2026,496,2026-01-20 00:00:00,GMADA,1110115000,22,2309,R,496,110,1,371,1,378,,,,600000.0,D,S,2026-01-20 00:00:00,,,1,PUBLICIDAD,2026-01-20 00:00:00,N,SCOOR,2026-01-20 00:00:00,N,2026,,N
2026,497,2026-01-20 00:00:00,GMADA,1110105000,6,33,R,497,110,1,305,1,315,,,,335917.0,D,S,2026-01-20 00:00:00,,,1,SEG,2026-01-20 00:00:00,N,TURIS,2026-01-20 00:00:00,N,2026,,N
2026,553,2026-01-22 00:00:00,GMADA,1110118000,25,1514,D,542,132,1,392,1,407,,,,-2811195.0,D,S,2026-01-22 00:00:00,,,1,Registro generado por Compras,2026-01-22 00:00:00,N,000SU,2026-01-21 00:00:00,N,,,N
2026,498,2026-01-20 00:00:00,GMADA,1110105000,6,33,R,498,110,1,307,1,314,,,,588764.0,D,S,2026-01-20 00:00:00,,,1,SEG,2026-01-20 00:00:00,N,TURIS,2026-01-20 00:00:00,N,2026,,N
2026,499,2026-01-20 00:00:00,GMADA,1110113000,20,33,R,499,110,1,309,1,302,,,,783604.0,D,S,2026-01-20 00:00:00,,,1,SEG,2026-01-20 00:00:00,N,SECSEG,2026-01-20 00:00:00,N,2026,,N
2026,611,2026-01-23 00:00:00,GMADA,1110105000,6,3145,D,225,132,1,184,1,250,,,,-801.0,D,S,2026-01-23 00:00:00,,,1,Registro generado por Compras,2026-01-23 00:00:00,N,BA,2026-01-13 00:00:00,N,,,N
2026,1051,2026-02-09 00:00:00,GMADA,1110102000,2,2259,D,666,110,1,436,1,482,,,,-140000.0,D,S,2026-02-11 00:00:00,,,1,Registro generado por Compras,2026-02-09 00:00:00,N,GOBHAC,2026-01-27 00:00:00,N,,,N
2026,1300,2026-02-19 00:00:00,GMADA,1110112000,19,2110,R,1300,110,1,668,1,713,,,,130000.0,D,S,2026-02-19 00:00:00,,,1,gasista,2026-02-19 00:00:00,N,SEHA,2026-02-19 00:00:00,N,2026,,N
2026,1301,2026-02-19 00:00:00,GMADA,1110102000,2,2110,R,1301,110,1,669,1,715,,,,295000.0,D,S,2026-02-19 00:00:00,,,1,gasista,2026-02-19 00:00:00,N,GOBHAC,2026-02-19 00:00:00,N,2026,,N
2026,1302,2026-02-19 00:00:00,GMADA,1110109000,13,688,R,1302,110,1,675,1,745,,,,70000.0,D,S,2026-02-19 00:00:00,,,1,aceites,2026-02-19 00:00:00,N,DEP,2026-02-19 00:00:00,N,2026,,N
2026,1303,2026-02-19 00:00:00,GMADA,1110108000,14,2330,R,1303,110,1,678,1,746,,,,1660000.01,D,S,2026-02-19 00:00:00,,,1,comb,2026-02-19 00:00:00,N,PROD,2026-02-19 00:00:00,N,2026,,N
2026,1304,2026-02-19 00:00:00,GMADA,1110104000,5,2627,R,1304,131,1,697,1,752,,,,26000.0,D,S,2026-02-19 00:00:00,,,1,empanadas,2026-02-19 00:00:00,N,COC,2026-02-19 00:00:00,N,2026,,N
2026,1305,2026-02-19 00:00:00,GMADA,1110200000,8,2110,R,1305,110,1,700,1,758,,,,130000.0,D,S,2026-02-19 00:00:00,,,1,gasista,2026-02-19 00:00:00,N,PRESID,2026-02-19 00:00:00,N,2026,,N
2026,1306,2026-02-19 00:00:00,GMADA,1110104000,5,2627,R,1306,131,1,701,1,753,,,,24100.0,D,S,2026-02-19 00:00:00,,,1,pastas,2026-02-19 00:00:00,N,HOGANC,2026-02-19 00:00:00,N,2026,,N
2026,1307,2026-02-19 00:00:00,GMADA,1110112000,19,1259,R,1307,110,1,702,1,754,,,,20654.2,D,S,2026-02-19 00:00:00,,,1,arts de elect,2026-02-19 00:00:00,N,INGPU,2026-02-19 00:00:00,N,2026,,N
2026,1308,2026-02-19 00:00:00,GMADA,1110106000,7,879,R,1308,132,1,704,1,755,,,,136500.0,D,S,2026-02-19 00:00:00,,,1,materiales de corralón,2026-02-19 00:00:00,N,JARD,2026-02-19 00:00:00,N,2026,,N
2026,1309,2026-02-19 00:00:00,GMADA,1110118000,25,3011,R,1309,110,1,673,1,756,,,,3005640.0,D,S,2026-02-19 00:00:00,,,1,repuestos,2026-02-19 00:00:00,N,000SU,2026-02-19 00:00:00,N,2026,,N
2026,1310,2026-02-19 00:00:00,GMADA,1110106000,7,2069,R,1310,132,1,674,1,719,,,,850000.0,D,S,2026-02-19 00:00:00,,,1,madera,2026-02-19 00:00:00,N,JARD,2026-02-19 00:00:00,N,2026,,N
2026,1311,2026-02-19 00:00:00,GMADA,1110106000,7,879,R,1311,132,1,677,1,721,,,,72320.0,D,S,2026-02-19 00:00:00,,,1,materiales,2026-02-19 00:00:00,N,ACCSOC,2026-02-19 00:00:00,N,2026,,N
2026,1312,2026-02-19 00:00:00,GMADA,1110111000,3,413,R,1312,131,1,679,1,722,,,,1041500.0,A,S,2026-02-19 00:00:00,2026-02-20 00:00:00,ERROR,1,repuestos,2026-02-19 00:00:00,N,CAS,2026-02-19 00:00:00,N,2026,,N
2026,1313,2026-02-19 00:00:00,GMADA,1110104000,5,1259,R,1313,131,1,716,1,720,,,,146659.8,D,S,2026-02-19 00:00:00,,,1,arts de elect,2026-02-19 00:00:00,N,HOGANC,2026-02-19 00:00:00,N,2026,,N
2026,1314,2026-02-19 00:00:00,GMADA,1110104000,5,300,R,1314,131,1,717,1,730,,,,150520.0,D,S,2026-02-19 00:00:00,,,1,arts de ferret,2026-02-19 00:00:00,N,INTER,2026-02-19 00:00:00,N,2026,,N
2026,1315,2026-02-19 00:00:00,GMADA,1110104000,5,57,R,1315,131,1,718,1,731,,,,20000.0,D,S,2026-02-19 00:00:00,,,1,servs de imp,2026-02-19 00:00:00,N,MAT,2026-02-19 00:00:00,N,2026,,N
2026,1316,2026-02-19 00:00:00,GMADA,1110105000,6,2593,R,1316,110,1,683,1,724,,,,14000.0,D,S,2026-02-19 00:00:00,,,1,cerrajeria,2026-02-19 00:00:00,N,BA,2026-02-19 00:00:00,N,2026,,N
2026,1317,2026-02-19 00:00:00,GMADA,1110118000,25,879,R,1317,110,1,685,1,725,,,,53370.0,D,S,2026-02-19 00:00:00,,,1,materiales de corralón,2026-02-19 00:00:00,N,000SU,2026-02-19 00:00:00,N,2026,,N
2026,1319,2026-02-19 00:00:00,GMADA,1110118000,25,164,R,1319,110,1,666,1,710,,,,98000.0,D,S,2026-02-19 00:00:00,,,1,trabajos de elect,2026-02-19 00:00:00,N,000SU,2026-02-19 00:00:00,N,2026,,N
2026,1320,2026-02-19 00:00:00,GMADA,1110101000,1,50209,R,1320,131,,,,,,,,514271.19,D,S,2026-02-19 00:00:00,,,1,multas,2026-02-19 00:00:00,N,INT,2026-02-19 00:00:00,N,2026,,N
2026,1321,2026-02-19 00:00:00,GMADA,1110101000,1,50129,R,1321,131,,,,,,,,1625236.23,D,S,2026-02-19 00:00:00,,,2,multas,2026-02-19 00:00:00,N,INT,,N,2026,,N
2026,1494,2026-02-25 00:00:00,GMADA,1110104000,5,2869,R,1494,131,1,793,1,836,,,,1081796.0,D,S,2026-02-25 00:00:00,,,1,carne,2026-02-25 00:00:00,N,COC,2026-02-25 00:00:00,N,2026,,N
2026,1671,2026-03-03 00:00:00,GMADA,1110102000,2,50002,R,1671,110,,,,,,,,35151.65,D,S,2026-03-03 00:00:00,,,3,linea 2267-511970,2026-03-03 00:00:00,N,ADFIN,,N,2026,,N
2026,1672,2026-03-03 00:00:00,GMADA,1110102000,2,50087,R,1672,110,,,,,,,,4759832.56,N,S,2026-03-03 00:00:00,,,3,prestamo,2026-03-03 00:00:00,N,ADFIN,,N,2026,,N
2026,1673,2026-03-03 00:00:00,GMADA,1110105000,6,50020,R,1673,110,,,,,,,,160000.0,A,S,2026-03-03 00:00:00,2026-03-03 00:00:00,ERROR,3,caja chica cultura,2026-03-03 00:00:00,N,CULTUR,,N,2026,,N
2026,1855,2026-03-11 00:00:00,GMADA,1110106000,7,1603,A,1847,132,1,961,1,1007,,,,-132000.0,N,S,2026-03-10 00:00:00,2026-03-11 00:00:00,ERROR,1,PAN,2026-03-11 00:00:00,N,ACCSOC,2026-03-10 00:00:00,N,2026,,N
2026,1676,2026-03-03 00:00:00,GMADA,1110111000,3,2209,R,1676,131,1,841,1,881,,,,120004.4,D,S,2026-03-03 00:00:00,,,2,alimentos,2026-03-03 00:00:00,N,CAS,2026-03-03 00:00:00,N,2026,,N
2026,1677,2026-03-03 00:00:00,GMADA,1110109000,13,1658,R,1677,110,1,828,1,883,,,,500000.0,D,S,2026-03-03 00:00:00,,,2,agua,2026-03-03 00:00:00,N,DEP,2026-03-03 00:00:00,N,2026,,N
2026,1678,2026-03-03 00:00:00,GMADA,1110104000,5,1876,R,1678,131,1,825,1,864,,,,2321489.69,D,S,2026-03-03 00:00:00,,,2,prod farm,2026-03-03 00:00:00,N,FARM,2026-03-03 00:00:00,N,2026,,N
2026,1679,2026-03-03 00:00:00,GMADA,1110104000,5,492,R,1679,131,1,846,1,889,,,,894161.0,D,S,2026-03-03 00:00:00,,,2,mant,2026-03-03 00:00:00,N,HOSP,,N,2026,,N
2026,1680,2026-03-03 00:00:00,GMADA,1110104000,5,2306,R,1680,131,1,818,1,859,,,,119000.0,D,S,2026-03-03 00:00:00,,,2,rep,2026-03-03 00:00:00,N,QUI,2026-03-03 00:00:00,N,2026,,N
2026,1681,2026-03-03 00:00:00,GMADA,1110104000,5,345,R,1681,131,1,819,1,860,,,,1186830.0,D,S,2026-03-03 00:00:00,,,2,utiles,2026-03-03 00:00:00,N,FARM,,N,2026,,N
2026,1682,2026-03-03 00:00:00,GMADA,1110104000,5,1063,R,1682,131,1,831,1,856,,,,319000.0,D,S,2026-03-03 00:00:00,,,2,telefono,2026-03-03 00:00:00,N,ADM,2026-03-03 00:00:00,N,2026,,N
2026,1683,2026-03-03 00:00:00,GMADA,1110118000,25,1267,R,1683,110,1,832,1,839,,,,292371.0,D,S,2026-03-03 00:00:00,,,2,rep,2026-03-03 00:00:00,N,000SU,2026-03-03 00:00:00,N,2026,,N
2026,1685,2026-03-03 00:00:00,GMADA,1110104000,11,441,R,1685,110,1,834,1,875,,,,8000.0,D,S,2026-03-03 00:00:00,,,2,papel,2026-03-03 00:00:00,N,BROM,2026-03-03 00:00:00,N,2026,,N
2026,1686,2026-03-03 00:00:00,GMADA,1110113000,20,3220,R,1686,110,1,835,1,876,,,,600000.0,D,S,2026-03-03 00:00:00,,,2,bomba,2026-03-03 00:00:00,N,SECSEG,2026-03-03 00:00:00,N,2026,,N
2026,1687,2026-03-03 00:00:00,GMADA,1110109000,13,3529,R,1687,110,1,836,1,884,,,,140000.0,D,S,2026-03-03 00:00:00,,,2,alquiler de baño,2026-03-03 00:00:00,N,DEP,2026-03-03 00:00:00,N,2026,,N
2026,1688,2026-03-03 00:00:00,GMADA,1110113000,20,441,R,1688,110,1,837,1,877,,,,45749.7,D,S,2026-03-03 00:00:00,,,2,prod de papel,2026-03-03 00:00:00,N,SECSEG,2026-03-03 00:00:00,N,2026,,N
2026,1689,2026-03-03 00:00:00,GMADA,1110113000,20,3220,R,1689,110,1,838,1,878,,,,600000.0,D,S,2026-03-03 00:00:00,,,2,rep,2026-03-03 00:00:00,N,SECSEG,2026-03-03 00:00:00,N,2026,,N
2026,1690,2026-03-03 00:00:00,GMADA,1110108000,14,2330,R,1690,110,1,839,1,879,,,,1660000.0,D,S,2026-03-03 00:00:00,,,2,combustibles,2026-03-03 00:00:00,N,PROD,2026-03-03 00:00:00,N,2026,,N
2026,1691,2026-03-03 00:00:00,GMADA,1110112000,19,360,R,1691,110,1,840,1,880,,,,25000.0,D,S,2026-03-03 00:00:00,,,2,inst,2026-03-03 00:00:00,N,CONTRA,2026-03-03 00:00:00,N,2026,,N
2026,1692,2026-03-03 00:00:00,GMADA,1110104000,5,2708,R,1692,131,1,833,1,874,,,,76472.0,N,S,2026-03-03 00:00:00,,,2,estudios medicos,2026-03-03 00:00:00,N,HOSP,2026-03-03 00:00:00,N,2026,,N
2026,1693,2026-03-03 00:00:00,GMADA,1110105000,6,71,R,1693,110,1,844,1,887,,,,41000.0,D,S,2026-03-03 00:00:00,,,2,papeles,2026-03-03 00:00:00,N,TURIS,2026-03-03 00:00:00,N,2026,,N
2026,1723,2026-03-05 00:00:00,GMADA,1110118000,25,313,R,1723,132,1,855,1,914,,,,8000000.0,D,S,2026-03-05 00:00:00,,,2,comb,2026-03-05 00:00:00,N,000SU,2026-03-05 00:00:00,N,2026,,N
2026,1724,2026-03-05 00:00:00,GMADA,1110105000,6,3296,R,1724,110,1,849,1,893,,,,74572.88,D,S,2026-03-05 00:00:00,,,1,pint,2026-03-05 00:00:00,N,CASA,2026-03-05 00:00:00,N,2026,,N
2026,1725,2026-03-05 00:00:00,GMADA,1110106000,7,3514,R,1725,131,1,847,1,891,,,,4204784.0,A,S,2026-03-05 00:00:00,2026-04-06 00:00:00,ERROR,2,honorarios,2026-03-05 00:00:00,N,ACCSOC,2026-03-05 00:00:00,N,2026,,N
2026,1727,2026-03-05 00:00:00,GMADA,1110105000,6,50363,R,1727,110,,,,,,,,60019.97,D,S,2026-03-05 00:00:00,,,1,caja chica,2026-03-05 00:00:00,N,BA,2026-03-05 00:00:00,N,2026,,N
2026,1728,2026-03-05 00:00:00,GMADA,1110106000,7,50015,R,1728,110,,,,,NOTA,2,2026,87500.0,D,S,2026-03-05 00:00:00,,,1,caja chica,2026-03-05 00:00:00,N,ACCSOC,2026-03-05 00:00:00,N,2026,,N
2026,1731,2026-03-05 00:00:00,GMADA,1110105000,6,3218,R,1731,132,1,881,1,968,,,,2723.33,A,S,2026-03-05 00:00:00,2026-03-09 00:00:00,ERROR,1,DIF ABONO MENSUAL,2026-03-05 00:00:00,N,CULTUR,2026-03-05 00:00:00,N,2026,,N
2026,1856,2026-03-11 00:00:00,GMADA,1110106000,7,1603,R,1856,132,1,961,1,1007,,,,132000.0,D,S,2026-03-11 00:00:00,,,1,pan,2026-03-11 00:00:00,N,ACCSOC,2026-03-11 00:00:00,N,2026,,N
2026,2016,2026-03-16 00:00:00,GMADA,1110102000,2,50036,A,1988,110,,,,,,,,-122860.0,N,S,2026-03-13 00:00:00,2026-03-16 00:00:00,ERROR,3,fact,2026-03-16 00:00:00,N,ADFIN,,N,2026,,N
2026,1866,2026-03-11 00:00:00,GMADA,1110106000,7,3287,R,1866,132,1,959,1,992,,,,22869.0,D,S,2026-03-11 00:00:00,,,1,impresiones,2026-03-11 00:00:00,N,ENV,2026-03-11 00:00:00,N,2026,,N
2026,1868,2026-03-11 00:00:00,GMADA,1110106000,7,3296,R,1868,110,1,960,1,990,,,,57112.0,D,S,2026-03-11 00:00:00,,,1,arts de pint,2026-03-11 00:00:00,N,GRAN,2026-03-11 00:00:00,N,2026,,N
2026,1870,2026-03-11 00:00:00,GMADA,1110106000,7,1603,R,1870,132,1,942,1,1006,,,,64800.0,D,S,2026-03-11 00:00:00,,,1,pan,2026-03-11 00:00:00,N,ENV,2026-03-11 00:00:00,N,2026,,N
2026,1871,2026-03-11 00:00:00,GMADA,1110109000,13,3529,R,1871,110,1,982,1,1055,,,,140000.0,D,S,2026-03-11 00:00:00,,,1,alq de baño,2026-03-11 00:00:00,N,DEP,2026-03-11 00:00:00,N,2026,,N
2026,1874,2026-03-11 00:00:00,GMADA,1110104000,5,3184,R,1874,131,1,975,1,1039,,,,473237.9,D,S,2026-03-11 00:00:00,,,1,medicamentos,2026-03-11 00:00:00,N,FARM,2026-03-11 00:00:00,N,2026,,N
2026,1875,2026-03-11 00:00:00,GMADA,1110109000,13,1578,R,1875,110,1,977,1,1040,,,,140000.0,D,S,2026-03-11 00:00:00,,,1,sillas,2026-03-11 00:00:00,N,DEP,2026-03-11 00:00:00,N,2026,,N
2026,1876,2026-03-11 00:00:00,GMADA,1110104000,5,167,R,1876,131,1,979,1,1015,,,,776750.0,D,S,2026-03-11 00:00:00,,,1,pollo,2026-03-11 00:00:00,N,HOGANC,2026-03-11 00:00:00,N,2026,,N
2026,1877,2026-03-11 00:00:00,GMADA,1110109000,13,300,R,1877,132,1,980,1,1016,,,,271146.0,D,S,2026-03-11 00:00:00,,,1,pint,2026-03-11 00:00:00,N,DEP,2026-03-11 00:00:00,N,2026,,N
2026,1878,2026-03-11 00:00:00,GMADA,1110109000,13,300,R,1878,110,1,981,1,1017,,,,136971.0,D,S,2026-03-11 00:00:00,,,1,arts de ferret,2026-03-11 00:00:00,N,DEP,2026-03-11 00:00:00,N,2026,,N
2026,1879,2026-03-11 00:00:00,GMADA,1110104000,5,2310,R,1879,131,1,963,1,1041,,,,94095.28,N,S,2026-03-11 00:00:00,,,1,hierro,2026-03-11 00:00:00,N,PO,2026-03-11 00:00:00,N,2026,,N
2026,1880,2026-03-11 00:00:00,GMADA,1110118000,25,300,R,1880,110,1,991,1,1048,,,,267470.0,D,S,2026-03-11 00:00:00,,,1,arts de ferret,2026-03-11 00:00:00,N,000SU,2026-03-11 00:00:00,N,2026,,N
2026,1881,2026-03-11 00:00:00,GMADA,1110109000,13,2595,R,1881,110,1,992,1,1049,,,,16150.0,D,S,2026-03-11 00:00:00,,,1,plaqueta,2026-03-11 00:00:00,N,DEP,2026-03-11 00:00:00,N,2026,,N
2026,1882,2026-03-11 00:00:00,GMADA,1110104000,5,285,R,1882,131,1,993,1,1026,,,,417597.28,N,S,2026-03-11 00:00:00,,,1,medicamentos,2026-03-11 00:00:00,N,LAB,2026-03-11 00:00:00,N,2026,,N
2026,1883,2026-03-11 00:00:00,GMADA,1110109000,13,300,R,1883,110,1,985,1,1020,,,,151247.0,D,S,2026-03-11 00:00:00,,,1,arts de elect,2026-03-11 00:00:00,N,DEP,2026-03-11 00:00:00,N,2026,,N
2026,1884,2026-03-11 00:00:00,GMADA,1110118000,25,3332,R,1884,110,1,986,1,1021,,,,329200.0,D,S,2026-03-11 00:00:00,,,1,carga de matafuegos,2026-03-11 00:00:00,N,000SU,2026-03-11 00:00:00,N,2026,,N
2026,1885,2026-03-11 00:00:00,GMADA,1110118000,25,300,R,1885,110,1,987,1,1022,,,,633330.0,D,S,2026-03-11 00:00:00,,,1,arts de ferret,2026-03-11 00:00:00,N,000SU,2026-03-11 00:00:00,N,2026,,N
2026,1886,2026-03-11 00:00:00,GMADA,1110118000,25,300,R,1886,110,1,988,1,1023,,,,629362.0,D,S,2026-03-11 00:00:00,,,1,arts de ferret,2026-03-11 00:00:00,N,DECI,2026-03-11 00:00:00,N,2026,,N
2026,1887,2026-03-11 00:00:00,GMADA,1110118000,25,300,R,1887,110,1,989,1,1024,,,,353626.0,D,S,2026-03-11 00:00:00,,,1,arts de ferret,2026-03-11 00:00:00,N,DECI,2026-03-11 00:00:00,N,2026,,N
2026,1888,2026-03-11 00:00:00,GMADA,1110118000,25,68,R,1888,110,1,990,1,1025,,,,380000.0,N,S,2026-03-11 00:00:00,,,1,trabajos de plomeria,2026-03-11 00:00:00,N,000SU,2026-03-11 00:00:00,N,2026,,N
2026,1889,2026-03-11 00:00:00,GMADA,1110104000,5,2209,R,1889,131,1,994,1,1050,,,,511306.5,D,S,2026-03-11 00:00:00,,,1,alimentos,2026-03-11 00:00:00,N,COC,2026-03-11 00:00:00,N,2026,,N
2026,1890,2026-03-11 00:00:00,GMADA,1110108000,14,2310,R,1890,110,1,996,1,1051,,,,345802.8,D,S,2026-03-11 00:00:00,,,1,hierro,2026-03-11 00:00:00,N,PROD,,N,2026,,N
2026,1891,2026-03-11 00:00:00,GMADA,1110104000,5,3322,R,1891,131,1,940,1,998,,,,627166.83,D,S,2026-03-11 00:00:00,,,1,arts de limp,2026-03-11 00:00:00,N,LAV,2026-03-11 00:00:00,N,2026,,N
2026,3409,2026-05-13 00:00:00,GMADA,1110103000,3,50008,R,3409,110,,,,,,,,307410.46,D,S,2026-05-13 00:00:00,,,1,Generado Automáticamente - Periodo 4/2026 - Tipo/Grupo HEX/23,2026-05-13 00:00:00,N,SECOP,,,,,
2026,3410,2026-05-13 00:00:00,GMADA,1110104000,5,50008,R,3410,110,,,,,,,,39617756.76,D,S,2026-05-13 00:00:00,,,1,Generado Automáticamente - Periodo 4/2026 - Tipo/Grupo HEX/23,2026-05-13 00:00:00,N,HOSP,,,,,
2026,3411,2026-05-13 00:00:00,GMADA,1110104000,5,50008,R,3411,110,,,,,,,,267313.44,D,S,2026-05-13 00:00:00,,,1,Generado Automáticamente - Periodo 4/2026 - Tipo/Grupo HEX/23,2026-05-13 00:00:00,N,OSA,,,,,
2026,3412,2026-05-13 00:00:00,GMADA,1110104000,5,50008,R,3412,110,,,,,,,,283665.24,D,S,2026-05-13 00:00:00,,,1,Generado Automáticamente - Periodo 4/2026 - Tipo/Grupo HEX/23,2026-05-13 00:00:00,N,BROM,,,,,
2026,3413,2026-05-13 00:00:00,GMADA,1110104000,11,50008,R,3413,110,,,,,,,,74209.99,D,S,2026-05-13 00:00:00,,,1,Generado Automáticamente - Periodo 4/2026 - Tipo/Grupo HEX/23,2026-05-13 00:00:00,N,HOSP,,,,,
2026,3414,2026-05-13 00:00:00,GMADA,1110104000,11,50008,R,3414,110,,,,,,,,246558.57,D,S,2026-05-13 00:00:00,,,1,Generado Automáticamente - Periodo 4/2026 - Tipo/Grupo HEX/23,2026-05-13 00:00:00,N,BROM,,,,,
2026,3415,2026-05-13 00:00:00,GMADA,1110105000,6,50008,R,3415,110,,,,,,,,843666.72,D,S,2026-05-13 00:00:00,,,1,Generado Automáticamente - Periodo 4/2026 - Tipo/Grupo HEX/23,2026-05-13 00:00:00,N,CULTUR,,,,,
2026,3416,2026-05-13 00:00:00,GMADA,1110105000,6,50008,R,3416,132,,,,,,,,621845.03,D,S,2026-05-13 00:00:00,,,1,Generado Automáticamente - Periodo 4/2026 - Tipo/Grupo HEX/23,2026-05-13 00:00:00,N,CULTUR,,,,,
2026,3417,2026-05-13 00:00:00,GMADA,1110106000,7,50008,R,3417,110,,,,,,,,96846.1,D,S,2026-05-13 00:00:00,,,1,Generado Automáticamente - Periodo 4/2026 - Tipo/Grupo HEX/23,2026-05-13 00:00:00,N,ACCSOC,,,,,
2026,3418,2026-05-13 00:00:00,GMADA,1110106000,7,50008,R,3418,132,,,,,,,,218529.19,D,S,2026-05-13 00:00:00,,,1,Generado Automáticamente - Periodo 4/2026 - Tipo/Grupo HEX/23,2026-05-13 00:00:00,N,ACCSOC,,,,,
2026,1892,2026-03-11 00:00:00,GMADA,1110102000,2,2330,R,1892,110,1,943,1,1009,,,,4750000.0,D,S,2026-03-11 00:00:00,,,1,combust,2026-03-11 00:00:00,N,GOB,2026-03-11 00:00:00,N,2026,,N
2026,1893,2026-03-11 00:00:00,GMADA,1110106000,7,1206,R,1893,110,1,944,1,1008,,,,165000.0,D,S,2026-03-11 00:00:00,,,1,monitor,2026-03-11 00:00:00,N,ACCSOC,2026-03-11 00:00:00,N,2026,,N
2026,1894,2026-03-11 00:00:00,GMADA,1110106000,7,2770,R,1894,110,1,946,1,991,,,,32500.0,D,S,2026-03-11 00:00:00,,,1,repuestos de computac,2026-03-11 00:00:00,N,ACCSOC,2026-03-11 00:00:00,N,2026,,N
2026,1895,2026-03-11 00:00:00,GMADA,1110113000,20,688,R,1895,110,1,947,1,1010,,,,487000.0,D,S,2026-03-11 00:00:00,,,1,bateria,2026-03-11 00:00:00,N,SECSEG,2026-03-11 00:00:00,N,2026,,N
2026,1896,2026-03-11 00:00:00,GMADA,1110118000,25,216,R,1896,110,1,951,1,989,,,,180500.0,D,S,2026-03-11 00:00:00,,,1,arts de limp,2026-03-11 00:00:00,N,000SU,2026-03-11 00:00:00,N,2026,,N
2026,1897,2026-03-11 00:00:00,GMADA,1110106000,7,1259,R,1897,110,1,953,1,988,,,,53970.66,D,S,2026-03-11 00:00:00,,,1,arts de elect,2026-03-11 00:00:00,N,ACCSOC,2026-03-11 00:00:00,N,2026,,N
2026,1899,2026-03-11 00:00:00,GMADA,1110113000,20,50087,R,1899,131,,,,,,,,3000000.0,D,S,2026-03-11 00:00:00,,,1,copres 11-3,2026-03-11 00:00:00,N,SECSEG,2026-03-11 00:00:00,N,2026,,N
2026,1900,2026-03-11 00:00:00,GMADA,1110106000,7,50087,R,1900,132,,,,,,,,250000.0,D,S,2026-03-11 00:00:00,,,1,copres 11-3,2026-03-11 00:00:00,N,ACCSOC,2026-03-11 00:00:00,N,2026,,N
2026,1901,2026-03-11 00:00:00,GMADA,1110101000,1,50087,R,1901,110,,,,,,,,200000.0,D,S,2026-03-11 00:00:00,,,1,copres 11/3,2026-03-11 00:00:00,N,INT,2026-03-11 00:00:00,N,2026,,N
2026,1902,2026-03-11 00:00:00,GMADA,1110111000,3,50087,R,1902,131,,,,,,,,280000.0,D,S,2026-03-11 00:00:00,,,2,copres 11-3,2026-03-11 00:00:00,N,CAS,2026-03-11 00:00:00,N,2026,,N
2026,1904,2026-03-11 00:00:00,GMADA,1110104000,5,50087,R,1904,131,,,,,,,,1418000.0,D,S,2026-03-11 00:00:00,,,1,copres 11-3,2026-03-11 00:00:00,N,HOSP,2026-03-11 00:00:00,N,2026,,N
2026,1992,2026-03-16 00:00:00,GMADA,1110102000,2,50023,R,1992,110,,,,,,,,110525.1,D,S,2026-03-16 00:00:00,,,2,periodo 02/26,2026-03-16 00:00:00,N,ADFIN,,N,2026,,N
2026,1998,2026-03-16 00:00:00,GMADA,1110102000,2,50023,R,1998,132,,,,,,,,73533.91,D,S,2026-03-16 00:00:00,,,2,periodo 01/26,2026-03-16 00:00:00,N,CASADE,,N,2026,,N
2026,2010,2026-03-16 00:00:00,GMADA,1110106000,7,50023,R,2010,110,,,,,,,,59089.65,D,S,2026-03-16 00:00:00,,,2,periodo 02/26,2026-03-16 00:00:00,N,ACCSOC,,N,2026,,N
2026,2014,2026-03-16 00:00:00,GMADA,1110105000,6,50023,R,2014,110,,,,,,,,141053.32,D,S,2026-03-16 00:00:00,,,2,periodo 2/26,2026-03-16 00:00:00,N,CULTUR,,N,2026,,N
2026,2175,2026-03-26 00:00:00,GMADA,1110106000,7,2330,D,290,110,1,241,1,232,,,,-900000.0,D,S,2026-03-27 00:00:00,,,1,Registro generado por Compras,2026-03-26 00:00:00,N,ACCSOC,,N,,,N
2026,2017,2026-03-16 00:00:00,GMADA,1110102000,2,50036,R,2017,132,,,,,,,,122860.0,D,S,2026-03-16 00:00:00,,,2,casa del estudiante,2026-03-16 00:00:00,N,CATAN,,N,2026,,N
2026,2018,2026-03-16 00:00:00,GMADA,1110105000,6,50023,R,2018,132,,,,,,,,24444.19,D,S,2026-03-16 00:00:00,,,2,periodo 02/26,2026-03-16 00:00:00,N,CULTUR,,N,2026,,N
2026,2019,2026-03-16 00:00:00,GMADA,1110200000,8,50023,R,2019,110,,,,,,,,23386.49,D,S,2026-03-16 00:00:00,,,1,periodo 02/26,2026-03-16 00:00:00,N,PRESID,2026-03-16 00:00:00,N,2026,,N
2026,2022,2026-03-16 00:00:00,GMADA,1110111000,3,50070,R,2022,131,,,,,,,,120487.04,D,S,2026-03-16 00:00:00,,,2,seg feb/26,2026-03-16 00:00:00,N,CAS,,N,2026,,N
2026,2023,2026-03-16 00:00:00,GMADA,1110102000,2,50070,R,2023,110,,,,,,,,16858033.1,D,S,2026-03-16 00:00:00,,,2,seg feb/26,2026-03-16 00:00:00,N,ADFIN,,N,2026,,N
2026,2025,2026-03-16 00:00:00,GMADA,1110104000,5,50023,R,2025,110,,,,,,,,618138.45,D,S,2026-03-16 00:00:00,,,2,periodo 02/26,2026-03-16 00:00:00,N,ADMI,,N,2026,,N
2026,2036,2026-03-16 00:00:00,GMADA,1110103000,3,50023,R,2036,110,,,,,,,,65802.64,D,S,2026-03-16 00:00:00,,,2,periodo 02/26,2026-03-16 00:00:00,N,COR,,N,2026,,N
2026,2178,2026-03-26 00:00:00,GMADA,1110104000,5,2330,D,1779,131,1,890,1,939,,,,-1407626.41,D,S,2026-03-27 00:00:00,,,1,Registro generado por Compras,2026-03-26 00:00:00,N,HOSP,2026-03-09 00:00:00,N,,,N
2026,2176,2026-03-26 00:00:00,GMADA,1110106000,7,2330,D,290,110,1,241,1,232,,,,-877742.92,D,S,2026-03-27 00:00:00,,,1,Registro generado por Compras,2026-03-26 00:00:00,N,ACCSOC,,N,,,N
2026,2183,2026-03-26 00:00:00,GMADA,1110102000,2,2330,D,1733,110,1,867,1,922,,,,-7892664.59,D,S,2026-03-27 00:00:00,,,1,Registro generado por Compras,2026-03-26 00:00:00,N,GOBHAC,2026-03-06 00:00:00,N,,,N
2026,2179,2026-03-26 00:00:00,GMADA,1110104000,5,2330,D,1779,131,1,890,1,939,,,,-1440000.0,D,S,2026-03-27 00:00:00,,,1,Registro generado por Compras,2026-03-26 00:00:00,N,HOSP,2026-03-09 00:00:00,N,,,N
2026,2180,2026-03-26 00:00:00,GMADA,1110104000,5,2330,D,1779,131,1,890,1,939,,,,-1600000.0,D,S,2026-03-27 00:00:00,,,1,Registro generado por Compras,2026-03-26 00:00:00,N,HOSP,2026-03-09 00:00:00,N,,,N
2026,2181,2026-03-26 00:00:00,GMADA,1110104000,5,2330,D,1779,131,1,890,1,939,,,,-1440000.0,D,S,2026-03-27 00:00:00,,,1,Registro generado por Compras,2026-03-26 00:00:00,N,HOSP,2026-03-09 00:00:00,N,,,N
2026,3405,2026-05-13 00:00:00,GMADA,1110102000,2,50008,R,3405,110,,,,,,,,96678.36,D,S,2026-05-13 00:00:00,,,1,Generado Automáticamente - Periodo 4/2026 - Tipo/Grupo HEX/23,2026-05-13 00:00:00,N,DMACED,,,,,
2026,2185,2026-03-26 00:00:00,GMADA,1110109000,13,2330,D,2063,110,1,1062,1,1120,,,,-294063.0,D,S,2026-03-27 00:00:00,,,1,Registro generado por Compras,2026-03-26 00:00:00,N,DEP,2026-03-19 00:00:00,N,,,N
2026,2188,2026-03-26 00:00:00,GMADA,1110109000,13,2330,D,2063,110,1,1062,1,1120,,,,-1094775.0,D,S,2026-03-27 00:00:00,,,1,Registro generado por Compras,2026-03-26 00:00:00,N,DEP,2026-03-19 00:00:00,N,,,N
2026,2186,2026-03-26 00:00:00,GMADA,1110109000,13,2330,D,2063,110,1,1062,1,1120,,,,-30598.56,D,S,2026-03-27 00:00:00,,,1,Registro generado por Compras,2026-03-26 00:00:00,N,DEP,2026-03-19 00:00:00,N,,,N
2026,2191,2026-03-26 00:00:00,GMADA,1110109000,13,2330,D,2063,110,1,1062,1,1120,,,,-104416.0,D,S,2026-03-27 00:00:00,,,1,Registro generado por Compras,2026-03-26 00:00:00,N,DEP,2026-03-19 00:00:00,N,,,N
2026,2189,2026-03-26 00:00:00,GMADA,1110109000,13,2330,D,2063,110,1,1062,1,1120,,,,-914063.0,D,S,2026-03-27 00:00:00,,,1,Registro generado por Compras,2026-03-26 00:00:00,N,DEP,2026-03-19 00:00:00,N,,,N
2026,2193,2026-03-26 00:00:00,GMADA,1110109000,13,2330,D,2063,110,1,1062,1,1120,,,,-60000.0,D,S,2026-03-27 00:00:00,,,1,Registro generado por Compras,2026-03-26 00:00:00,N,DEP,2026-03-19 00:00:00,N,,,N
2026,2192,2026-03-26 00:00:00,GMADA,1110109000,13,2330,D,2063,110,1,1062,1,1120,,,,-438000.0,D,S,2026-03-27 00:00:00,,,1,Registro generado por Compras,2026-03-26 00:00:00,N,DEP,2026-03-19 00:00:00,N,,,N
2026,2649,2026-04-15 00:00:00,GMADA,1110104000,5,2209,R,2649,131,1,1331,1,1403,,,,2040141.93,D,S,2026-04-15 00:00:00,,,1,Alimentos personas,2026-04-15 00:00:00,N,HOGANC,2026-04-15 00:00:00,N,2026,,N
2026,2650,2026-04-15 00:00:00,GMADA,1110104000,5,3073,R,2650,131,1,1369,1,1419,,,,3551300.0,A,S,2026-04-15 00:00:00,2026-04-16 00:00:00,ERROR,1,Verduleria,2026-04-15 00:00:00,N,COC,2026-04-15 00:00:00,N,2026,,N
2026,2651,2026-04-15 00:00:00,GMADA,1110104000,5,1259,R,2651,131,1,1366,1,1424,,,,97515.6,D,S,2026-04-15 00:00:00,,,1,Art electricidad,2026-04-15 00:00:00,N,CONEX,2026-04-15 00:00:00,N,2026,,N
2026,2652,2026-04-15 00:00:00,GMADA,1110104000,11,160,R,2652,110,1,1365,1,1429,,,,98700.0,D,S,2026-04-15 00:00:00,,,1,Insumos veterinaria,2026-04-15 00:00:00,N,BROM,2026-04-15 00:00:00,N,2026,,N
2026,2653,2026-04-15 00:00:00,GMADA,1110104000,11,160,R,2653,110,1,1364,1,1432,,,,257300.0,D,S,2026-04-15 00:00:00,,,1,Insumos veterinaria,2026-04-15 00:00:00,N,BROM,2026-04-15 00:00:00,N,2026,,N
2026,2654,2026-04-15 00:00:00,GMADA,1110104000,5,285,R,2654,131,1,1363,1,1435,,,,267695.86,D,S,2026-04-15 00:00:00,,,1,Insumos laboratorio,2026-04-15 00:00:00,N,LAB,2026-04-15 00:00:00,N,2026,,N
2026,2655,2026-04-15 00:00:00,GMADA,1110104000,5,2883,R,2655,131,1,1361,1,1438,,,,198543.98,D,S,2026-04-15 00:00:00,,,1,Insumos farmacia,2026-04-15 00:00:00,N,FARM,2026-04-15 00:00:00,N,2026,,N
2026,2656,2026-04-15 00:00:00,GMADA,1110104000,5,3184,R,2656,131,1,1359,1,1441,,,,1386851.88,D,S,2026-04-15 00:00:00,,,1,Insumos farmacia,2026-04-15 00:00:00,N,FARM,2026-04-15 00:00:00,N,2026,,N
2026,2658,2026-04-15 00:00:00,GMADA,1110104000,5,3322,R,2658,131,1,1373,1,1414,,,,92636.46,D,S,2026-04-15 00:00:00,,,1,Art limpieza,2026-04-15 00:00:00,N,LAV,2026-04-15 00:00:00,N,2026,,N
2026,2659,2026-04-15 00:00:00,GMADA,1110104000,5,2450,R,2659,131,1,1372,1,1417,,,,2876400.0,D,S,2026-04-15 00:00:00,,,1,"Alimentos, verduleria",2026-04-15 00:00:00,N,HOGANC,2026-04-15 00:00:00,N,2026,,N
2026,2660,2026-04-15 00:00:00,GMADA,1110104000,5,1259,R,2660,131,1,1371,1,1421,,,,68639.35,D,S,2026-04-15 00:00:00,,,1,Art electricidad,2026-04-15 00:00:00,N,NEUROL,2026-04-15 00:00:00,N,2026,,N
2026,2661,2026-04-15 00:00:00,GMADA,1110104000,5,2770,R,2661,131,1,1370,1,1425,,,,40200.0,D,S,2026-04-15 00:00:00,,,1,Art informatica,2026-04-15 00:00:00,N,ADMI,2026-04-15 00:00:00,N,2026,,N
2026,2662,2026-04-15 00:00:00,GMADA,1110104000,11,160,R,2662,110,1,1368,1,1430,,,,12700.0,D,S,2026-04-15 00:00:00,,,1,Insumos veterinaria,2026-04-15 00:00:00,N,BROM,2026-04-15 00:00:00,N,2026,,N
2026,2663,2026-04-15 00:00:00,GMADA,1110104000,5,1078,R,2663,131,1,1367,1,1433,,,,150000.0,D,S,2026-04-15 00:00:00,,,1,Trabajos electricidad,2026-04-15 00:00:00,N,INTER,2026-04-15 00:00:00,N,2026,,N
2026,2664,2026-04-15 00:00:00,GMADA,1110104000,5,850,R,2664,131,1,1360,1,1439,,,,1125657.0,D,S,2026-04-15 00:00:00,,,1,Insumos laboratorio,2026-04-15 00:00:00,N,LAB,2026-04-15 00:00:00,N,2026,,N
2026,2665,2026-04-15 00:00:00,GMADA,1110102000,2,2643,R,2665,110,1,1357,1,1442,,,,108000.0,D,S,2026-04-15 00:00:00,,,1,Pasajes,2026-04-15 00:00:00,N,GOBHAC,2026-04-15 00:00:00,N,2026,,N
2026,2666,2026-04-15 00:00:00,GMADA,1110102000,2,3287,R,2666,110,1,1336,1,1396,,,,163500.0,D,S,2026-04-15 00:00:00,,,1,Servicio de impresion,2026-04-15 00:00:00,N,GOBHAC,2026-04-15 00:00:00,N,2026,,N
2026,2667,2026-04-15 00:00:00,GMADA,1110118000,25,2770,R,2667,110,1,1347,1,1372,,,,18500.0,D,S,2026-04-15 00:00:00,,,1,Insumos informatica,2026-04-15 00:00:00,N,000SU,2026-04-15 00:00:00,N,2026,,N
2026,2900,2026-04-27 00:00:00,GMADA,1110108000,14,3561,R,2900,110,1,1508,1,1590,,,,175801.0,D,S,2026-04-27 00:00:00,,,1,rep,2026-04-27 00:00:00,N,PROD,2026-04-27 00:00:00,N,2026,,N
2026,2902,2026-04-27 00:00:00,GMADA,1110102000,2,50002,R,2902,110,,,,,,,,35927.32,D,S,2026-04-27 00:00:00,,,2,fact 2465-57693700,2026-04-27 00:00:00,N,ADFIN,,N,2026,,N
2026,2907,2026-04-27 00:00:00,GMADA,1110102000,2,50072,R,2907,110,,,,,,,,9248.2,D,S,2026-04-27 00:00:00,,,2,gastos judiciales Munic/Markievicsy,2026-04-27 00:00:00,N,JUZFAL,,N,2026,,N
2026,2908,2026-04-27 00:00:00,GMADA,1110102000,2,50072,R,2908,110,,,,,,,,9248.2,D,S,2026-04-27 00:00:00,,,2,gastos judiales Munic/Asebel S.A.,2026-04-27 00:00:00,N,JUZFAL,,N,2026,,N
2026,2912,2026-04-27 00:00:00,GMADA,1110112000,19,50014,R,2912,110,,,,,,,,42200.0,D,S,2026-04-27 00:00:00,,,2,CAJA CHICA,2026-04-27 00:00:00,N,SEHA,2026-04-27 00:00:00,N,2026,,N
2026,2917,2026-04-27 00:00:00,GMADA,1110106000,7,50031,R,2917,110,,,,,,,,110000.0,D,S,2026-04-27 00:00:00,,,2,SUBS MACARENA OLGUIN,2026-04-27 00:00:00,N,ACCSOC,,N,2026,,N
2026,2918,2026-04-27 00:00:00,GMADA,1110106000,7,50031,R,2918,110,,,,,DECRE,493,2026,100000.0,D,S,2026-04-27 00:00:00,,,2,AYUDA ECON. ABRIL/26,2026-04-27 00:00:00,N,ACCSOC,,N,2026,,N
2026,2919,2026-04-27 00:00:00,GMADA,1110104000,5,50003,R,2919,110,,,,,,,,631800.0,D,S,2026-04-27 00:00:00,,,2,"VIATICOS ZOTTA,ECHAVEGUREN,FAGUNDEZ,LOPEZ,ROJAS,ABAIT.HERRERA,YESTRA",2026-04-27 00:00:00,N,ADMI,,N,2026,,N
2026,3404,2026-05-13 00:00:00,GMADA,1110105000,6,50020,R,3404,110,,,,,,,,134100.04,D,S,2026-05-13 00:00:00,,,1,caja chica cultura,2026-05-13 00:00:00,N,CULTUR,2026-05-13 00:00:00,N,2026,,N
2026,3406,2026-05-13 00:00:00,GMADA,1110102000,2,50008,R,3406,110,,,,,,,,1965310.03,D,S,2026-05-13 00:00:00,,,1,Generado Automáticamente - Periodo 4/2026 - Tipo/Grupo HEX/23,2026-05-13 00:00:00,N,GOBHAC,,,,,
2026,3407,2026-05-13 00:00:00,GMADA,1110102000,2,50008,R,3407,110,,,,,,,,380854.98,D,S,2026-05-13 00:00:00,,,1,Generado Automáticamente - Periodo 4/2026 - Tipo/Grupo HEX/23,2026-05-13 00:00:00,N,AREAJ,,,,,
2026,3408,2026-05-13 00:00:00,GMADA,1110102000,2,50008,R,3408,110,,,,,,,,360639.54,D,S,2026-05-13 00:00:00,,,1,Generado Automáticamente - Periodo 4/2026 - Tipo/Grupo HEX/23,2026-05-13 00:00:00,N,DELRU,,,,,
2026,3419,2026-05-13 00:00:00,GMADA,1110108000,14,50008,R,3419,110,,,,,,,,495940.79,D,S,2026-05-13 00:00:00,,,1,Generado Automáticamente - Periodo 4/2026 - Tipo/Grupo HEX/23,2026-05-13 00:00:00,N,PROD,,,,,
2026,3420,2026-05-13 00:00:00,GMADA,1110109000,13,50008,R,3420,110,,,,,,,,4981798.96,D,S,2026-05-13 00:00:00,,,1,Generado Automáticamente - Periodo 4/2026 - Tipo/Grupo HEX/23,2026-05-13 00:00:00,N,DEPORT,,,,,
2026,3421,2026-05-13 00:00:00,GMADA,1110109000,13,50008,R,3421,132,,,,,,,,1334703.12,D,S,2026-05-13 00:00:00,,,1,Generado Automáticamente - Periodo 4/2026 - Tipo/Grupo HEX/23,2026-05-13 00:00:00,N,DEPORT,,,,,
2026,3422,2026-05-13 00:00:00,GMADA,1110111000,3,50008,R,3422,131,,,,,,,,2405752.62,D,S,2026-05-13 00:00:00,,,1,Generado Automáticamente - Periodo 4/2026 - Tipo/Grupo HEX/23,2026-05-13 00:00:00,N,SEOP,,,,,
2026,3423,2026-05-13 00:00:00,GMADA,1110112000,19,50008,R,3423,110,,,,,,,,33113.08,D,S,2026-05-13 00:00:00,,,1,Generado Automáticamente - Periodo 4/2026 - Tipo/Grupo HEX/23,2026-05-13 00:00:00,N,SECHAC,,,,,
2026,3424,2026-05-13 00:00:00,GMADA,1110113000,20,50008,R,3424,110,,,,,,,,5918577.82,D,S,2026-05-13 00:00:00,,,1,Generado Automáticamente - Periodo 4/2026 - Tipo/Grupo HEX/23,2026-05-13 00:00:00,N,SECSEG,,,,,
2026,3425,2026-05-13 00:00:00,GMADA,1110115000,22,50008,R,3425,110,,,,,,,,363596.3,D,S,2026-05-13 00:00:00,,,1,Generado Automáticamente - Periodo 4/2026 - Tipo/Grupo HEX/23,2026-05-13 00:00:00,N,SECGRA,,,,,
2026,3426,2026-05-13 00:00:00,GMADA,1110118000,25,50008,R,3426,110,,,,,,,,20824493.42,D,S,2026-05-13 00:00:00,,,1,Generado Automáticamente - Periodo 4/2026 - Tipo/Grupo HEX/23,2026-05-13 00:00:00,N,00003,,,,,
2026,3427,2026-05-13 00:00:00,GMADA,1110118000,25,50008,R,3427,110,,,,,,,,81476.56,D,S,2026-05-13 00:00:00,,,1,Generado Automáticamente - Periodo 4/2026 - Tipo/Grupo HEX/23,2026-05-13 00:00:00,N,VIMUNI,,,,,
2026,3428,2026-05-13 00:00:00,GMADA,1110118000,25,50008,R,3428,110,,,,,,,,4085617.7,D,S,2026-05-13 00:00:00,,,1,Generado Automáticamente - Periodo 4/2026 - Tipo/Grupo HEX/23,2026-05-13 00:00:00,N,BARU,,,,,
2026,3429,2026-05-13 00:00:00,GMADA,1110118000,25,50008,R,3429,110,,,,,,,,1795701.39,D,S,2026-05-13 00:00:00,,,1,Generado Automáticamente - Periodo 4/2026 - Tipo/Grupo HEX/23,2026-05-13 00:00:00,N,MEAM,,,,,
2026,3430,2026-05-13 00:00:00,GMADA,1110118000,25,50008,R,3430,110,,,,,,,,4488084.78,D,S,2026-05-13 00:00:00,,,1,Generado Automáticamente - Periodo 4/2026 - Tipo/Grupo HEX/23,2026-05-13 00:00:00,N,DECI,,,,,
2026,3431,2026-05-13 00:00:00,GMADA,1110102000,2,50072,R,3431,110,,,,,,,,954294.98,D,S,2026-05-13 00:00:00,,,5,gastos judiciales Munic /Malle,2026-05-13 00:00:00,N,ADFIN,,N,2026,,N
2026,3432,2026-05-13 00:00:00,GMADA,1110102000,2,51093,R,3432,110,,,,,EXPED,1173,2026,1200514.43,D,S,2026-05-13 00:00:00,,,7,honorarios muni /Malle,2026-05-13 00:00:00,N,ADFIN,,N,2026,,N
2026,3436,2026-05-13 00:00:00,GMADA,1110102000,2,50070,R,3436,110,,,,,,,,17837313.06,D,S,2026-05-13 00:00:00,,,2,seg abril/26,2026-05-13 00:00:00,N,ADFIN,,N,2026,,N
2026,3437,2026-05-13 00:00:00,GMADA,1110111000,3,50070,R,3437,131,,,,,,,,101322.48,D,S,2026-05-13 00:00:00,,,2,seg abril/26,2026-05-13 00:00:00,N,CAS,,N,2026,,N
2026,3447,2026-05-13 00:00:00,GMADA,1110102000,2,50087,R,3447,110,,,,,,,,79024.13,D,S,2026-05-13 00:00:00,,,2,pago visa,2026-05-13 00:00:00,N,ADFIN,,N,2026,,N
2026,3448,2026-05-13 00:00:00,GMADA,1110102000,2,50087,R,3448,110,,,,,,,,18000.0,D,S,2026-05-13 00:00:00,,,2,comisiones,2026-05-13 00:00:00,N,ADFIN,,N,2026,,N
2026,3450,2026-05-13 00:00:00,GMADA,1110104000,5,50003,R,3450,110,,,,,,,,1868310.0,D,S,2026-05-13 00:00:00,,,2,"viaticos Zotta,rojas,carrizo pablo,fagundez,echeveguren,leon,estrella.",2026-05-13 00:00:00,N,ADMI,,N,2026,,N
2026,23,2026-01-06 00:00:00,GMADA,1110111000,3,688,A,14,131,1,4,1,10,,,,-329500.0,N,S,2026-01-05 00:00:00,2026-01-06 00:00:00,ERROR,1,rep,2026-01-06 00:00:00,N,CAS,2026-01-05 00:00:00,N,2026,,N
2026,16,2026-01-06 00:00:00,GMADA,1110101000,1,50087,R,16,110,,,,,,,,250000.0,D,S,2026-01-06 00:00:00,,,2,copres,2026-01-06 00:00:00,N,INT,,N,2026,,N
2026,17,2026-01-06 00:00:00,GMADA,1110111000,3,50087,R,17,131,,,,,,,,280000.0,D,S,2026-01-06 00:00:00,,,2,copres,2026-01-06 00:00:00,N,CAS,,N,2026,,N
2026,18,2026-01-06 00:00:00,GMADA,1110113000,20,50087,R,18,131,,,,,,,,4000000.0,D,S,2026-01-06 00:00:00,,,2,copres,2026-01-06 00:00:00,N,SECSEG,,N,2026,,N
2026,19,2026-01-06 00:00:00,GMADA,1110104000,5,50087,R,19,131,,,,,,,,1418000.0,D,S,2026-01-06 00:00:00,,,2,copres,2026-01-06 00:00:00,N,ADMI,,N,2026,,N
2026,20,2026-01-06 00:00:00,GMADA,1110106000,7,50087,R,20,110,,,,,,,,300000.0,D,S,2026-01-06 00:00:00,,,2,copres,2026-01-06 00:00:00,N,ACCSOC,,N,2026,,N
2026,21,2026-01-06 00:00:00,GMADA,1110109000,13,50087,R,21,110,,,,,,,,170000.0,D,S,2026-01-06 00:00:00,,,2,copres,2026-01-06 00:00:00,N,DEP,,N,2026,,N
2026,22,2026-01-06 00:00:00,GMADA,1110102000,2,50087,R,22,110,,,,,,,,125360.0,D,S,2026-01-06 00:00:00,,,2,comisiones,2026-01-06 00:00:00,N,ADFIN,,N,2026,,N
2026,24,2026-01-06 00:00:00,GMADA,1110111000,3,688,R,24,131,1,4,1,10,,,,329500.0,D,S,2026-01-06 00:00:00,,,1,rep,2026-01-06 00:00:00,N,CAS,2026-01-06 00:00:00,N,2026,,N
2026,25,2026-01-06 00:00:00,GMADA,1110117000,24,50003,R,25,110,,,,,,,,90000.0,D,S,2026-01-06 00:00:00,,,2,viatico hernan ferraro,2026-01-06 00:00:00,N,000002,,N,2026,,N
2026,28,2026-01-07 00:00:00,GMADA,1110102000,2,50087,R,28,110,,,,,,,,3000.0,D,S,2026-01-07 00:00:00,,,1,comisiones,2026-01-07 00:00:00,N,ADFIN,2026-01-07 00:00:00,N,2026,,N
2026,29,2026-01-07 00:00:00,GMADA,1110112000,19,3075,R,29,110,1,7,1,11,,,,407586.24,D,S,2026-01-07 00:00:00,,,1,elementos de limp,2026-01-07 00:00:00,N,CONTRA,,N,2026,,N
2026,30,2026-01-07 00:00:00,GMADA,1110112000,19,216,R,30,110,1,2,1,13,,,,268000.0,A,S,2026-01-07 00:00:00,2026-01-29 00:00:00,ERROR,1,art de limp,2026-01-07 00:00:00,N,SEHA,2026-01-07 00:00:00,N,2026,,N
2026,31,2026-01-07 00:00:00,GMADA,1110112000,19,1235,R,31,110,1,3,1,8,,,,4436730.0,A,S,2026-01-07 00:00:00,2026-01-16 00:00:00,ERROR,1,alquiler,2026-01-07 00:00:00,N,INGPUB,,N,2026,,N
2026,32,2026-01-07 00:00:00,GMADA,1110117000,24,1235,R,32,110,1,12,1,4,,,,847950.0,A,S,2026-01-07 00:00:00,2026-01-16 00:00:00,ERROR,1,alquiler,2026-01-07 00:00:00,N,000F,2026-01-07 00:00:00,N,2026,,N
2026,33,2026-01-07 00:00:00,GMADA,1110112000,19,1235,R,33,110,1,6,1,7,,,,3473460.0,A,S,2026-01-07 00:00:00,2026-01-16 00:00:00,ERROR,1,alquiler,2026-01-07 00:00:00,N,SEHA,2026-01-07 00:00:00,N,2026,,N
2026,34,2026-01-07 00:00:00,GMADA,1110200000,8,1235,R,34,110,1,8,1,6,,,,1796730.0,A,S,2026-01-07 00:00:00,2026-01-16 00:00:00,ERROR,1,alquiler,2026-01-07 00:00:00,N,PRESID,,N,2026,,N
2026,35,2026-01-07 00:00:00,GMADA,1110106000,7,1235,R,35,110,1,10,1,5,,,,937950.0,A,S,2026-01-07 00:00:00,2026-01-16 00:00:00,ERROR,1,alquiler de equipos,2026-01-07 00:00:00,N,ACCSOC,2026-01-07 00:00:00,N,2026,,N
2026,36,2026-01-07 00:00:00,GMADA,1110102000,2,441,R,36,110,1,61,1,74,,,,17307080.0,D,S,2026-01-07 00:00:00,,,2,prod de papel,2026-01-07 00:00:00,N,GOB,2026-01-07 00:00:00,N,2026,,N
2026,37,2026-01-07 00:00:00,GMADA,1110112000,19,441,R,37,110,1,9,1,12,,,,502069.97,D,S,2026-01-07 00:00:00,,,1,resmas,2026-01-07 00:00:00,N,CONTRA,2026-01-07 00:00:00,N,2026,,N
2026,60,2026-01-07 00:00:00,GMADA,1110102000,2,50087,R,60,110,,,,,,,,180810.27,D,S,2026-01-07 00:00:00,,,2,comisiones,2026-01-07 00:00:00,N,ADFIN,,N,2026,,N
2026,61,2026-01-07 00:00:00,GMADA,1110102000,2,50087,R,61,110,,,,,,,,92253.54,A,S,2026-01-07 00:00:00,2026-01-13 00:00:00,ERROR,2,comisiones,2026-01-07 00:00:00,N,ADFIN,,N,2026,,N
2026,62,2026-01-07 00:00:00,GMADA,1110102000,2,50087,R,62,110,,,,,,,,128696.53,D,S,2026-01-07 00:00:00,,,2,comisiones,2026-01-07 00:00:00,N,ADFIN,,N,2026,,N
2026,261,2026-01-14 00:00:00,GMADA,1110104000,5,717,R,261,131,1,97,1,83,,,,160060.0,D,S,2026-01-14 00:00:00,,,1,alimentos,2026-01-14 00:00:00,N,HOSP,2026-01-14 00:00:00,N,2026,,N
2026,262,2026-01-14 00:00:00,GMADA,1110104000,5,1078,R,262,131,,,,,,,,200000.0,N,N,,,,1,Reg.Comp. 9729/2025 trabajos electricidad,2026-01-14 00:00:00,N,HOSP,,N,,,N
2026,263,2026-01-14 00:00:00,GMADA,1110105000,6,441,R,263,110,1,246,1,247,,,,63519.62,D,S,2026-01-14 00:00:00,,,1,arts de papalera,2026-01-14 00:00:00,N,CASA,2026-01-14 00:00:00,N,2026,,N
2026,264,2026-01-14 00:00:00,GMADA,1110104000,5,2330,R,264,131,1,223,1,203,,,,4140000.0,D,S,2026-01-14 00:00:00,,,2,combust,2026-01-14 00:00:00,N,HOSP,2026-01-14 00:00:00,N,2026,,N
2026,265,2026-01-14 00:00:00,GMADA,1110104000,5,313,R,265,131,1,226,1,204,,,,4140000.0,D,S,2026-01-14 00:00:00,,,1,comb,2026-01-14 00:00:00,N,HOSP,2026-01-14 00:00:00,N,2026,,N
2026,266,2026-01-14 00:00:00,GMADA,1110118000,25,1267,R,266,110,1,227,1,205,,,,1626733.0,D,S,2026-01-14 00:00:00,,,1,repuestos,2026-01-14 00:00:00,N,000SU,2026-01-14 00:00:00,N,2026,,N
2026,267,2026-01-14 00:00:00,GMADA,1110118000,25,17,R,267,110,1,230,1,206,,,,341600.0,D,S,2026-01-14 00:00:00,,,1,repuestos y herramientas,2026-01-14 00:00:00,N,DECI,2026-01-14 00:00:00,N,2026,,N
2026,268,2026-01-14 00:00:00,GMADA,1110104000,5,57,R,268,131,1,235,1,207,,,,22000.0,D,S,2026-01-14 00:00:00,,,1,servs de imp,2026-01-14 00:00:00,N,HOSP,2026-01-14 00:00:00,N,2026,,N
2026,269,2026-01-14 00:00:00,GMADA,1110104000,5,2538,R,269,131,1,236,1,209,,,,156000.0,D,S,2026-01-14 00:00:00,,,1,recarga de gas,2026-01-14 00:00:00,N,HOSP,2026-01-14 00:00:00,N,2026,,N
2026,270,2026-01-14 00:00:00,GMADA,1110106000,7,33,R,270,132,1,239,1,257,,,,1200000.0,D,S,2026-01-14 00:00:00,,,1,seguros,2026-01-14 00:00:00,N,JARD,2026-01-14 00:00:00,N,2026,,N
2026,271,2026-01-14 00:00:00,GMADA,1110106000,7,441,R,271,132,1,242,1,210,,,,31135.12,D,S,2026-01-14 00:00:00,,,1,arts de papelera,2026-01-14 00:00:00,N,JARD,2026-01-14 00:00:00,N,2026,,N
2026,272,2026-01-14 00:00:00,GMADA,1110104000,5,295,R,272,131,1,243,1,245,,,,600000.0,D,S,2026-01-14 00:00:00,,,1,bomba,2026-01-14 00:00:00,N,HOSP,2026-01-14 00:00:00,N,2026,,N
2026,273,2026-01-14 00:00:00,GMADA,1110104000,5,2960,R,273,131,1,245,1,246,,,,972000.0,A,S,2026-01-14 00:00:00,2026-02-02 00:00:00,ERROR,1,huevos,2026-01-14 00:00:00,N,HOSP,2026-01-14 00:00:00,N,2026,,N
2026,274,2026-01-14 00:00:00,GMADA,1110104000,5,1489,R,274,131,1,247,1,248,,,,4923023.85,D,S,2026-01-14 00:00:00,,,1,seguro,2026-01-14 00:00:00,N,HOSP,2026-01-14 00:00:00,N,2026,,N
2026,275,2026-01-14 00:00:00,GMADA,1110118000,25,3395,R,275,110,1,214,1,186,,,,335000.0,D,S,2026-01-14 00:00:00,,,1,bateria,2026-01-14 00:00:00,N,000SU,2026-01-14 00:00:00,N,2026,,N
2026,276,2026-01-14 00:00:00,GMADA,1110111000,3,2538,R,276,131,1,215,1,188,,,,145000.0,D,S,2026-01-14 00:00:00,,,1,mano de obra,2026-01-14 00:00:00,N,CAS,2026-01-14 00:00:00,N,2026,,N
2026,277,2026-01-14 00:00:00,GMADA,1110106000,7,2450,R,277,132,1,216,1,189,,,,222900.0,D,S,2026-01-14 00:00:00,,,1,frutas y verds,2026-01-14 00:00:00,N,JARD,2026-01-14 00:00:00,N,2026,,N
2026,278,2026-01-14 00:00:00,GMADA,1110102000,2,2593,R,278,110,1,249,1,252,,,,500000.0,D,S,2026-01-14 00:00:00,,,1,cerrajeria,2026-01-14 00:00:00,N,GOB,2026-01-14 00:00:00,N,2026,,N
2026,279,2026-01-14 00:00:00,GMADA,1110111000,3,5,R,279,131,1,253,1,254,,,,1500000.0,D,S,2026-01-14 00:00:00,,,1,alimentos,2026-01-14 00:00:00,N,CAS,2026-01-14 00:00:00,N,2026,,N
2026,280,2026-01-14 00:00:00,GMADA,1110102000,2,1823,R,280,110,1,254,1,255,,,,5000000.0,N,S,2026-01-14 00:00:00,,,1,derechos y tasas,2026-01-14 00:00:00,N,GOBHAC,,N,2026,,N
2026,281,2026-01-14 00:00:00,GMADA,1110102000,2,71,R,281,110,1,255,1,258,,,,46800.0,D,S,2026-01-14 00:00:00,,,1,repuestos,2026-01-14 00:00:00,N,DELRU,2026-01-14 00:00:00,N,2026,,N
2026,282,2026-01-14 00:00:00,GMADA,1110102000,2,71,R,282,110,1,256,1,259,,,,67500.0,D,S,2026-01-14 00:00:00,,,1,repuestos,2026-01-14 00:00:00,N,MAYOR,2026-01-14 00:00:00,N,2026,,N
2026,1495,2026-02-25 00:00:00,GMADA,1110106000,7,2110,R,1495,132,1,790,1,829,EXPED,550,2026,1075000.0,D,S,2026-02-25 00:00:00,,,1,mantenim y reparac,2026-02-25 00:00:00,N,JARD,2026-02-25 00:00:00,N,2026,,N
2026,2061,2026-03-18 00:00:00,GMADA,1110104000,5,167,D,1852,131,1,958,1,994,,,,-115.0,D,S,2026-03-19 00:00:00,,,1,Registro generado por Compras,2026-03-18 00:00:00,N,COC,2026-03-10 00:00:00,N,,,N
2026,1496,2026-02-25 00:00:00,GMADA,1110108000,14,1608,R,1496,110,1,791,1,833,,,,120000.0,D,S,2026-02-25 00:00:00,,,1,srvs de hoteleria,2026-02-25 00:00:00,N,PROD,2026-02-25 00:00:00,N,2026,,N
2026,1733,2026-03-06 00:00:00,GMADA,1110102000,2,2330,R,1733,110,1,867,1,922,,,,8070000.0,D,S,2026-03-06 00:00:00,,,1,comb,2026-03-06 00:00:00,N,GOBHAC,2026-03-06 00:00:00,N,2026,,N
2026,1734,2026-03-06 00:00:00,GMADA,1110109000,13,313,R,1734,110,1,870,1,920,,,,2000000.0,N,S,2026-03-06 00:00:00,,,1,comb,2026-03-06 00:00:00,N,DEP,2026-03-06 00:00:00,N,2026,,N
2026,1735,2026-03-06 00:00:00,GMADA,1110111000,3,3337,R,1735,131,1,872,1,935,,,,959710.0,D,S,2026-03-06 00:00:00,,,1,servs de torneria,2026-03-06 00:00:00,N,CAS,2026-03-06 00:00:00,N,2026,,N
2026,1736,2026-03-06 00:00:00,GMADA,1110104000,5,2869,R,1736,131,1,866,1,903,,,,102810.0,D,S,2026-03-06 00:00:00,,,1,carne,2026-03-06 00:00:00,N,HOGANC,2026-03-06 00:00:00,N,2026,,N
2026,1737,2026-03-06 00:00:00,GMADA,1110104000,5,167,R,1737,131,1,868,1,899,,,,561250.0,D,S,2026-03-06 00:00:00,,,1,pollo,2026-03-06 00:00:00,N,COC,2026-03-06 00:00:00,N,2026,,N
2026,1738,2026-03-06 00:00:00,GMADA,1110104000,5,2869,R,1738,131,1,869,1,902,,,,1302038.0,D,S,2026-03-06 00:00:00,,,1,carne,2026-03-06 00:00:00,N,COC,2026-03-06 00:00:00,N,2026,,N
2026,1739,2026-03-06 00:00:00,GMADA,1110104000,5,1468,R,1739,131,1,873,1,918,,,,4167621.15,D,S,2026-03-06 00:00:00,,,1,medicamentos,2026-03-06 00:00:00,N,FARM,2026-03-06 00:00:00,N,2026,,N
2026,1741,2026-03-06 00:00:00,GMADA,1110105000,6,3180,R,1741,110,1,874,1,913,,,,1925000.0,D,S,2026-03-06 00:00:00,,,1,diseño,2026-03-06 00:00:00,N,CULTUR,2026-03-06 00:00:00,N,2026,,N
2026,1748,2026-03-06 00:00:00,GMADA,1110104000,5,517,R,1748,131,1,875,1,895,,,,495800.0,D,S,2026-03-06 00:00:00,,,1, sillas,2026-03-06 00:00:00,N,INTER,2026-03-06 00:00:00,N,2026,,N
2026,1749,2026-03-06 00:00:00,GMADA,1110105000,6,300,R,1749,110,1,876,1,910,,,,15820.0,D,S,2026-03-06 00:00:00,,,1,arts de ferret,2026-03-06 00:00:00,N,TURIS,2026-03-06 00:00:00,N,2026,,N
2026,1750,2026-03-06 00:00:00,GMADA,1110104000,5,2627,R,1750,131,1,877,1,901,,,,36000.0,D,S,2026-03-06 00:00:00,,,1,pastas,2026-03-06 00:00:00,N,HOGANC,2026-03-06 00:00:00,N,2026,,N
2026,1751,2026-03-06 00:00:00,GMADA,1110101000,1,688,R,1751,110,1,878,1,911,,,,18000.0,D,S,2026-03-06 00:00:00,,,1,agua dest,2026-03-06 00:00:00,N,INT,2026-03-06 00:00:00,N,2026,,N
2026,1752,2026-03-06 00:00:00,GMADA,1110104000,5,2627,R,1752,131,1,879,1,900,,,,50800.0,D,S,2026-03-06 00:00:00,,,1,pastas,2026-03-06 00:00:00,N,HOGANC,2026-03-06 00:00:00,N,2026,,N
2026,1754,2026-03-06 00:00:00,GMADA,1110106000,7,3492,R,1754,131,1,880,1,967,EXPED,632,2026,2723827.2,A,S,2026-03-06 00:00:00,2026-04-08 00:00:00,ERROR,1,honorarios,2026-03-06 00:00:00,N,ACCSOC,2026-03-06 00:00:00,N,2026,,N
2026,1755,2026-03-06 00:00:00,GMADA,1110103000,3,3540,R,1755,132,1,882,1,966,EXPED,507,2026,7900000.0,N,S,2026-03-06 00:00:00,,,1,reparac,2026-03-06 00:00:00,N,OPP,2026-03-06 00:00:00,N,2026,,N
2026,1760,2026-03-06 00:00:00,GMADA,1110117000,24,2770,R,1760,110,1,871,1,921,,,,7600.0,D,S,2026-03-06 00:00:00,,,1,mousse,2026-03-06 00:00:00,N,000A,2026-03-06 00:00:00,N,2026,,N
2026,1763,2026-03-06 00:00:00,GMADA,1110108000,14,789,R,1763,110,,,,,,,,1478887.92,D,S,2026-03-06 00:00:00,,,1,gtos 12-25,2026-03-06 00:00:00,N,SECPRO,2026-03-06 00:00:00,N,2026,,N
2026,1764,2026-03-06 00:00:00,GMADA,1110102000,2,50219,R,1764,110,,,,,,,,159690.18,D,S,2026-03-06 00:00:00,,,1,gtos dic/25,2026-03-06 00:00:00,N,GOBHAC,2026-03-06 00:00:00,N,2026,,N
2026,1765,2026-03-06 00:00:00,GMADA,1110109000,13,2330,R,1765,110,,,,,,,,642305.45,D,S,2026-03-06 00:00:00,,,1,Reg.Comp. 10172/2025 COMBUST,2026-03-06 00:00:00,N,DEP,2026-03-06 00:00:00,N,,,N
2026,1767,2026-03-06 00:00:00,GMADA,1110104000,5,2330,R,1767,131,,,,,,,,76139.37,D,S,2026-03-06 00:00:00,,,2,Reg.Comp. 10171/2025 COMBUST,2026-03-06 00:00:00,N,HOSP,2026-03-06 00:00:00,N,,,N
2026,1854,2026-03-11 00:00:00,GMADA,1110102000,2,2643,R,1854,110,1,983,1,1056,,,,172800.0,D,S,2026-03-11 00:00:00,,,1,pasajes,2026-03-11 00:00:00,N,GOBHAC,2026-03-11 00:00:00,N,2026,,N
2026,1857,2026-03-11 00:00:00,GMADA,1110104000,5,2627,R,1857,131,1,978,1,1035,,,,13400.0,A,S,2026-03-11 00:00:00,2026-03-13 00:00:00,ERROR,1,pastas,2026-03-11 00:00:00,N,HOGANC,2026-03-11 00:00:00,N,2026,,N
2026,1858,2026-03-11 00:00:00,GMADA,1110104000,5,1810,R,1858,131,1,976,1,1036,,,,140000.0,D,S,2026-03-11 00:00:00,,,1,mant y rep equipo,2026-03-11 00:00:00,N,BANOR,2026-03-11 00:00:00,N,2026,,N
2026,1859,2026-03-11 00:00:00,GMADA,1110104000,5,2216,R,1859,131,1,964,1,1027,,,,2847000.0,A,S,2026-03-11 00:00:00,2026-03-17 00:00:00,ERROR,1,rep aire,2026-03-11 00:00:00,N,HOSP,2026-03-11 00:00:00,N,2026,,N
2026,1860,2026-03-11 00:00:00,GMADA,1110104000,5,3322,R,1860,131,1,965,1,1028,,,,830283.53,D,S,2026-03-11 00:00:00,,,1,art limp,2026-03-11 00:00:00,N,COC,2026-03-11 00:00:00,N,2026,,N
2026,1861,2026-03-11 00:00:00,GMADA,1110104000,5,2209,R,1861,131,1,966,1,1030,,,,1747360.48,D,S,2026-03-11 00:00:00,,,1,alimentos,2026-03-11 00:00:00,N,HOSP,,N,2026,,N
2026,1862,2026-03-11 00:00:00,GMADA,1110104000,5,2209,R,1862,131,1,967,1,1031,,,,1083309.96,D,S,2026-03-11 00:00:00,,,1,alimentos,2026-03-11 00:00:00,N,COC,2026-03-11 00:00:00,N,2026,,N
2026,1863,2026-03-11 00:00:00,GMADA,1110104000,5,3322,R,1863,131,1,971,1,1033,,,,774226.24,D,S,2026-03-11 00:00:00,,,1,elementos de limpieza,2026-03-11 00:00:00,N,LAV,,N,2026,,N
2026,1864,2026-03-11 00:00:00,GMADA,1110104000,5,3322,R,1864,131,1,968,1,1032,,,,848920.81,D,S,2026-03-11 00:00:00,,,1,elementos de limp,2026-03-11 00:00:00,N,LAV,,N,2026,,N
2026,1865,2026-03-11 00:00:00,GMADA,1110104000,5,441,R,1865,131,1,969,1,1034,,,,90778.92,D,S,2026-03-11 00:00:00,,,1,arts papel,2026-03-11 00:00:00,N,HOSP,2026-03-11 00:00:00,N,2026,,N
2026,1867,2026-03-11 00:00:00,GMADA,1110104000,5,441,R,1867,131,1,972,1,1038,,,,38298.5,D,S,2026-03-11 00:00:00,,,1,prod de papel,2026-03-11 00:00:00,N,HOGANC,2026-03-11 00:00:00,N,2026,,N
2026,1869,2026-03-11 00:00:00,GMADA,1110104000,5,1259,R,1869,131,1,973,1,1037,,,,89083.4,D,S,2026-03-11 00:00:00,,,1,utiles,2026-03-11 00:00:00,N,INTER,2026-03-11 00:00:00,N,2026,,N
2026,1872,2026-03-11 00:00:00,GMADA,1110104000,5,2001,R,1872,131,1,962,1,1014,,,,654621.78,D,S,2026-03-11 00:00:00,,,1,prod farm,2026-03-11 00:00:00,N,HOSP,2026-03-11 00:00:00,N,2026,,N
2026,1873,2026-03-11 00:00:00,GMADA,1110104000,5,2330,R,1873,131,1,974,1,1029,,,,6160000.0,D,S,2026-03-11 00:00:00,,,1,combustibles,2026-03-11 00:00:00,N,HOSP,2026-03-11 00:00:00,N,2026,,N
2026,1898,2026-03-11 00:00:00,GMADA,1110117000,24,50072,R,1898,110,,,,,,,,47100.0,D,S,2026-03-11 00:00:00,,,2,gastos Munic/Malle S.A.,2026-03-11 00:00:00,N,000002,,N,2026,,N
2026,1903,2026-03-11 00:00:00,GMADA,1110105000,6,50003,R,1903,110,,,,,,,,180000.0,D,S,2026-03-11 00:00:00,,,1,VIATICO JUAN IGNACIO ODRIOSOLA,2026-03-11 00:00:00,N,TURIS,2026-03-11 00:00:00,N,2026,,N
2026,2623,2026-04-14 00:00:00,GMADA,1110104000,5,3322,R,2623,131,1,1307,1,1405,,,,709011.73,D,S,2026-04-14 00:00:00,,,1,Art de limpieza,2026-04-14 00:00:00,N,LAV,2026-04-14 00:00:00,N,2026,,N
2026,2624,2026-04-14 00:00:00,GMADA,1110104000,5,3322,R,2624,131,1,1308,1,1406,,,,71215.76,D,S,2026-04-14 00:00:00,,,1,Art de limpieza,2026-04-14 00:00:00,N,QUI,2026-04-14 00:00:00,N,2026,,N
2026,2625,2026-04-14 00:00:00,GMADA,1110104000,5,3322,R,2625,131,1,1310,1,1397,,,,97038.61,D,S,2026-04-14 00:00:00,,,1,Art de limpieza,2026-04-14 00:00:00,N,COC,2026-04-14 00:00:00,N,2026,,N
2026,2626,2026-04-14 00:00:00,GMADA,1110104000,5,791,R,2626,110,1,1311,1,1399,,,,212000.0,D,S,2026-04-14 00:00:00,,,1,Reparacion vehiculos,2026-04-14 00:00:00,N,BROM,2026-04-14 00:00:00,N,2026,,N
2026,2627,2026-04-14 00:00:00,GMADA,1110104000,5,3287,R,2627,131,1,1312,1,1400,,,,69700.0,D,S,2026-04-14 00:00:00,,,1,Impresiones,2026-04-14 00:00:00,N,ADM,2026-04-14 00:00:00,N,2026,,N
2026,2628,2026-04-14 00:00:00,GMADA,1110104000,5,2627,R,2628,131,1,1314,1,1390,,,,30000.0,D,S,2026-04-14 00:00:00,,,1,Alimentos personas,2026-04-14 00:00:00,N,COC,2026-04-14 00:00:00,N,2026,,N
2026,2629,2026-04-14 00:00:00,GMADA,1110104000,11,2410,R,2629,110,1,1316,1,1381,,,,220000.0,D,S,2026-04-14 00:00:00,,,1,Reparacion vehiculo,2026-04-14 00:00:00,N,BROM,2026-04-14 00:00:00,N,2026,,N
2026,2630,2026-04-14 00:00:00,GMADA,1110104000,5,167,R,2630,131,1,1318,1,1382,,,,1145250.0,D,S,2026-04-14 00:00:00,,,1,Alimento personas,2026-04-14 00:00:00,N,COC,2026-04-14 00:00:00,N,2026,,N
2026,2631,2026-04-14 00:00:00,GMADA,1110104000,5,167,R,2631,131,1,1319,1,1384,,,,532450.0,D,S,2026-04-14 00:00:00,,,1,Alimentos para personas,2026-04-14 00:00:00,N,HOGANC,2026-04-14 00:00:00,N,2026,,N
2026,2632,2026-04-14 00:00:00,GMADA,1110104000,5,1876,R,2632,131,1,1321,1,1385,,,,1131320.76,D,S,2026-04-14 00:00:00,,,1,Insumos medicinales,2026-04-14 00:00:00,N,FARM,2026-04-14 00:00:00,N,2026,,N
2026,2633,2026-04-14 00:00:00,GMADA,1110104000,5,3322,R,2633,131,1,1322,1,1386,,,,193264.45,D,S,2026-04-14 00:00:00,,,1,Art de limpieza,2026-04-14 00:00:00,N,LAV,2026-04-14 00:00:00,N,2026,,N
2026,2634,2026-04-14 00:00:00,GMADA,1110104000,5,3322,R,2634,131,1,1323,1,1387,,,,207470.54,D,S,2026-04-14 00:00:00,,,1,Art de limpieza,2026-04-14 00:00:00,N,QUI,2026-04-14 00:00:00,N,2026,,N
2026,2635,2026-04-14 00:00:00,GMADA,1110104000,5,2627,R,2635,131,1,1324,1,1388,,,,14000.0,D,S,2026-04-14 00:00:00,,,1,Alimentos para personas,2026-04-14 00:00:00,N,COC,2026-04-14 00:00:00,N,2026,,N
2026,2636,2026-04-14 00:00:00,GMADA,1110104000,5,1578,R,2636,131,1,1325,1,1389,,,,184000.0,D,S,2026-04-14 00:00:00,,,1,Art de plastico Taper,2026-04-14 00:00:00,N,QUI,2026-04-14 00:00:00,N,2026,,N
2026,2637,2026-04-14 00:00:00,GMADA,1110109000,13,2209,R,2637,132,1,1326,1,1413,,,,6716.0,D,S,2026-04-14 00:00:00,,,2,Alimentos personas,2026-04-14 00:00:00,N,DEP,2026-04-14 00:00:00,N,2026,,N
2026,2877,2026-04-23 00:00:00,GMADA,1110104000,5,3537,A,2754,131,1,1410,1,965,,,,-27520000.0,N,S,2026-04-17 00:00:00,2026-04-23 00:00:00,ERROR,1,Serv. profesionales,2026-04-23 00:00:00,N,QUI,2026-04-17 00:00:00,N,2026,,N
2026,2681,2026-04-16 00:00:00,GMADA,1110111000,3,2521,R,2681,131,1,1380,1,1456,,,,2485887.5,D,S,2026-04-16 00:00:00,,,1,Repuestos maquinarias,2026-04-16 00:00:00,N,CAS,2026-04-16 00:00:00,N,2026,,N
2026,2682,2026-04-16 00:00:00,GMADA,1110104000,5,1078,R,2682,131,1,1386,1,1463,,,,120000.0,D,S,2026-04-16 00:00:00,,,1,Trabajos electricista,2026-04-16 00:00:00,N,HOSP,2026-04-16 00:00:00,N,2026,,N
2026,2683,2026-04-16 00:00:00,GMADA,1110104000,5,850,R,2683,131,1,1387,1,1460,,,,901904.37,D,S,2026-04-16 00:00:00,,,1,Insumos laboratorio,2026-04-16 00:00:00,N,LAB,2026-04-16 00:00:00,N,2026,,N
2026,2684,2026-04-16 00:00:00,GMADA,1110111000,3,2694,R,2684,131,1,1388,1,1457,,,,1680000.0,D,S,2026-04-16 00:00:00,,,1,Reparacion hidrolavadora,2026-04-16 00:00:00,N,CAS,2026-04-16 00:00:00,N,2026,,N
2026,2685,2026-04-16 00:00:00,GMADA,1110106000,7,1809,R,2685,110,1,1389,1,1455,,,,100000.0,D,S,2026-04-16 00:00:00,,,1,Seguro de vida,2026-04-16 00:00:00,N,ASIV,2026-04-16 00:00:00,N,2026,,N
2026,2686,2026-04-16 00:00:00,GMADA,1110104000,5,3165,R,2686,131,1,1390,1,1464,,,,1887850.0,D,S,2026-04-16 00:00:00,,,1,Insumos farmacia,2026-04-16 00:00:00,N,FARM,2026-04-16 00:00:00,N,2026,,N
2026,2687,2026-04-16 00:00:00,GMADA,1110104000,5,2883,R,2687,131,1,1391,1,1461,,,,220646.21,N,S,2026-04-16 00:00:00,,,1,Insumos laboratorio,2026-04-16 00:00:00,N,LAB,2026-04-16 00:00:00,N,2026,,N
2026,2688,2026-04-16 00:00:00,GMADA,1110112000,19,2770,R,2688,110,1,1392,1,1458,,,,44000.0,D,S,2026-04-16 00:00:00,,,1,Art informatica,2026-04-16 00:00:00,N,INGPU,2026-04-16 00:00:00,N,2026,,N
2026,2689,2026-04-16 00:00:00,GMADA,1110118000,25,3336,R,2689,110,1,1397,1,1452,,,,1570000.0,D,S,2026-04-16 00:00:00,,,1,Reparacion vehiculos,2026-04-16 00:00:00,N,000SU,2026-04-16 00:00:00,N,2026,,N
2026,2690,2026-04-16 00:00:00,GMADA,1110108000,14,441,R,2690,110,1,1399,1,1468,,,,25220.11,D,S,2026-04-16 00:00:00,,,1,Insumos papelera,2026-04-16 00:00:00,N,PROD,2026-04-16 00:00:00,N,2026,,N
2026,2691,2026-04-16 00:00:00,GMADA,1110104000,5,3184,R,2691,131,1,1381,1,1440,,,,3114414.8,D,S,2026-04-16 00:00:00,,,1,Insumos farmacia,2026-04-16 00:00:00,N,FARM,2026-04-16 00:00:00,N,2026,,N
2026,2693,2026-04-16 00:00:00,GMADA,1110104000,5,3322,R,2693,131,1,1382,1,1418,,,,238866.16,N,S,2026-04-16 00:00:00,,,1,Art limpieza,2026-04-16 00:00:00,N,CONEX,2026-04-16 00:00:00,N,2026,,N
2026,2694,2026-04-16 00:00:00,GMADA,1110105000,6,3296,R,2694,110,1,1383,1,1423,,,,111562.0,D,S,2026-04-16 00:00:00,,,1,Art pintureria,2026-04-16 00:00:00,N,CULTUR,2026-04-16 00:00:00,N,2026,,N
2026,2695,2026-04-16 00:00:00,GMADA,1110104000,5,1259,R,2695,131,1,1384,1,1428,,,,86589.56,D,S,2026-04-16 00:00:00,,,1,Art electricidad,2026-04-16 00:00:00,N,CONEX,2026-04-16 00:00:00,N,2026,,N
2026,2697,2026-04-16 00:00:00,GMADA,1110104000,5,3322,R,2697,131,1,1385,1,1415,,,,153742.02,N,S,2026-04-16 00:00:00,,,1,Art limpieza,2026-04-16 00:00:00,N,CAP,2026-04-16 00:00:00,N,2026,,N
2026,2698,2026-04-16 00:00:00,GMADA,1110104000,11,160,R,2698,110,1,1393,1,1431,,,,6100.0,D,S,2026-04-16 00:00:00,,,1,Insumos veterinaria,2026-04-16 00:00:00,N,BROM,2026-04-16 00:00:00,N,2026,,N
2026,2699,2026-04-16 00:00:00,GMADA,1110104000,11,688,R,2699,110,1,1394,1,1434,,,,139000.0,D,S,2026-04-16 00:00:00,,,1,Lubricantes,2026-04-16 00:00:00,N,BROM,2026-04-16 00:00:00,N,2026,,N
2026,2700,2026-04-16 00:00:00,GMADA,1110104000,5,850,R,2700,131,1,1395,1,1437,,,,4955845.16,D,S,2026-04-16 00:00:00,,,1,Insumos laboratorio,2026-04-16 00:00:00,N,LAB,2026-04-16 00:00:00,N,2026,,N
2026,2701,2026-04-16 00:00:00,GMADA,1110113000,20,1879,R,2701,110,1,1396,1,1459,,,,529670.0,D,S,2026-04-16 00:00:00,,,1,Repuestos vehiculos,2026-04-16 00:00:00,N,SECSEG,2026-04-16 00:00:00,N,2026,,N
2026,2702,2026-04-16 00:00:00,GMADA,1110104000,5,2663,R,2702,131,1,1398,1,1462,,,,1129780.52,D,S,2026-04-16 00:00:00,,,1,Insumos farmacia,2026-04-16 00:00:00,N,FARM,2026-04-16 00:00:00,N,2026,,N
2026,2731,2026-04-16 00:00:00,GMADA,1110103000,3,2453,R,2731,132,1,1315,1,1392,,,,960000.0,D,S,2026-04-16 00:00:00,,,1,Refaccion refrigeracion,2026-04-16 00:00:00,N,OPP,2026-04-16 00:00:00,N,2026,,N
2026,2732,2026-04-16 00:00:00,GMADA,1110104000,5,3287,R,2732,131,1,1317,1,1401,,,,68800.0,D,S,2026-04-16 00:00:00,,,1,Serv. impresiones,2026-04-16 00:00:00,N,ADM,2026-04-16 00:00:00,N,2026,,N
2026,2733,2026-04-16 00:00:00,GMADA,1110104000,5,1603,R,2733,131,1,1320,1,1402,,,,748800.0,D,S,2026-04-16 00:00:00,,,1,Alimentos personas-pan-,2026-04-16 00:00:00,N,COC,2026-04-16 00:00:00,N,2026,,N
2026,2734,2026-04-16 00:00:00,GMADA,1110103000,3,1320,R,2734,132,1,1328,1,1394,,,,800000.0,D,S,2026-04-16 00:00:00,,,1,Reparacion techos,2026-04-16 00:00:00,N,OPP,2026-04-16 00:00:00,N,2026,,N
2026,2735,2026-04-16 00:00:00,GMADA,1110104000,5,2883,R,2735,131,1,1345,1,1379,,,,813933.41,D,S,2026-04-16 00:00:00,,,1,Insumos farmacia,2026-04-16 00:00:00,N,FARM,2026-04-16 00:00:00,N,2026,,N
2026,2736,2026-04-16 00:00:00,GMADA,1110104000,5,441,R,2736,131,1,1343,1,1378,,,,75320.14,D,S,2026-04-16 00:00:00,,,1,Insumos papelera,2026-04-16 00:00:00,N,OSA,2026-04-16 00:00:00,N,2026,,N
2026,2737,2026-04-16 00:00:00,GMADA,1110104000,5,17,R,2737,131,1,1341,1,1380,,,,111200.0,D,S,2026-04-16 00:00:00,,,1,Repuestos motosierra,2026-04-16 00:00:00,N,HOSP,2026-04-16 00:00:00,N,2026,,N
2026,2881,2026-04-23 00:00:00,GMADA,1110104000,5,3537,R,2881,131,1,1491,1,1562,,,,27520000.0,D,S,2026-04-23 00:00:00,,,1,honorarios,2026-04-23 00:00:00,N,QUI,2026-04-23 00:00:00,N,2026,,N
2026,3500,2026-05-14 00:00:00,GMADA,1110111000,3,50012,R,3500,131,,,,,,,,21538.0,D,S,2026-05-14 00:00:00,,,2,caja chica compras,2026-05-14 00:00:00,N,CAS,2026-05-14 00:00:00,N,2026,,N
2026,27,2026-01-06 00:00:00,GMADA,1110106000,7,50031,R,27,110,,,,,EXPED,1574,2025,100000.0,D,S,2026-01-06 00:00:00,,,1,Daiana Vegas,2026-01-06 00:00:00,N,ACCSOC,2026-01-06 00:00:00,N,2026,,N
2026,98,2026-01-09 00:00:00,GMADA,1110104000,5,169,R,98,131,,,,,,,,6800.0,D,S,2026-01-09 00:00:00,,,1,Reg.Comp. 5539/2025 pulverizador,2026-01-09 00:00:00,N,HOSP,2026-01-09 00:00:00,N,,,N
2026,99,2026-01-09 00:00:00,GMADA,1110104000,5,160,R,99,110,,,,,,,,112613.0,D,S,2026-01-09 00:00:00,,,1,Reg.Comp. 9337/2025 utiles veterinarios,2026-01-09 00:00:00,N,BROM,2026-01-09 00:00:00,N,,,N
2026,100,2026-01-09 00:00:00,GMADA,1110118000,25,71,R,100,110,1,37,1,48,,,,125000.0,D,S,2026-01-09 00:00:00,,,1,arts de ferret,2026-01-09 00:00:00,N,DECI,2026-01-09 00:00:00,N,2026,,N
2026,445,2026-01-20 00:00:00,GMADA,1110102000,2,50922,R,445,132,,,,,,,,69439.24,D,S,2026-01-20 00:00:00,,,2,periodo 1/26,2026-01-20 00:00:00,N,CATAN,,N,2026,,N
2026,446,2026-01-20 00:00:00,GMADA,1110104000,11,1879,R,446,110,1,266,1,271,,,,91000.0,D,S,2026-01-20 00:00:00,,,1,rep,2026-01-20 00:00:00,N,BROM,,N,2026,,N
2026,447,2026-01-20 00:00:00,GMADA,1110106000,7,50031,R,447,110,,,,,,,,16000.0,D,S,2026-01-20 00:00:00,,,2,subsidio luisa GOMEZ,2026-01-20 00:00:00,N,ACCSOC,,N,2026,,N
2026,448,2026-01-20 00:00:00,GMADA,1110104000,5,50003,R,448,110,,,,,,,,477900.0,D,S,2026-01-20 00:00:00,,,2,"VIATICOS ROJAS .LOPEZ,LEON,ZOTTA,YESTRA",2026-01-20 00:00:00,N,ADMI,,N,2026,,N
2026,449,2026-01-20 00:00:00,GMADA,1110105000,6,50023,R,449,110,,,,,,,,137253.15,D,S,2026-01-20 00:00:00,,,2,PERIODO 12/25,2026-01-20 00:00:00,N,CULTUR,,N,2026,,N
2026,451,2026-01-20 00:00:00,GMADA,1110103000,3,50023,R,451,110,,,,,,,,43787.77,D,S,2026-01-20 00:00:00,,,2,PERIODO 12/25,2026-01-20 00:00:00,N,OPP,,N,2026,,N
2026,452,2026-01-20 00:00:00,GMADA,1110102000,2,50023,R,452,110,,,,,,,,43340.53,D,S,2026-01-20 00:00:00,,,2,PERIODO 12/25,2026-01-20 00:00:00,N,ADFIN,,N,2026,,N
2026,453,2026-01-20 00:00:00,GMADA,1110106000,7,50023,R,453,110,,,,,,,,60131.44,D,S,2026-01-20 00:00:00,,,2,PERIODO 12/25,2026-01-20 00:00:00,N,ACCSOC,,N,2026,,N
2026,454,2026-01-20 00:00:00,GMADA,1110105000,6,50023,R,454,132,,,,,,,,23829.12,D,S,2026-01-20 00:00:00,,,3,periodo 12/25,2026-01-20 00:00:00,N,MUMA,,N,2026,,N
2026,455,2026-01-20 00:00:00,GMADA,1110200000,8,50023,R,455,110,,,,,,,,22343.52,D,S,2026-01-20 00:00:00,,,2,periodo 12/25,2026-01-20 00:00:00,N,PRESID,,N,2026,,N
2026,456,2026-01-20 00:00:00,GMADA,1110102000,2,50023,R,456,110,,,,,,,,49464.14,D,S,2026-01-20 00:00:00,,,2,periodo 12/25,2026-01-20 00:00:00,N,ADFIN,,N,2026,,N
2026,457,2026-01-20 00:00:00,GMADA,1110104000,5,50023,R,457,110,,,,,,,,102930.81,D,S,2026-01-20 00:00:00,,,2,periodo 12/25,2026-01-20 00:00:00,N,ADMI,,N,2026,,N
2026,458,2026-01-20 00:00:00,GMADA,1110104000,5,50023,R,458,110,,,,,,,,543196.69,D,S,2026-01-20 00:00:00,,,2,periodo 12/25,2026-01-20 00:00:00,N,ADMI,,N,2026,,N
2026,459,2026-01-20 00:00:00,GMADA,1110102000,2,50023,R,459,110,,,,,,,,52849.19,D,S,2026-01-20 00:00:00,,,2,periodo 12/25,2026-01-20 00:00:00,N,ADFIN,,N,2026,,N
2026,460,2026-01-20 00:00:00,GMADA,1110105000,6,1214,R,460,110,1,375,1,394,,,,480000.0,D,S,2026-01-20 00:00:00,,,1,alquiler,2026-01-20 00:00:00,N,CULTUR,2026-01-20 00:00:00,N,2026,,N
2026,461,2026-01-20 00:00:00,GMADA,1110112000,19,51044,R,461,132,,,,,EXPED,2721,2021,2730667.0,D,S,2026-01-20 00:00:00,,,1,devol de fondos Ministerio de Mujeres,2026-01-20 00:00:00,N,SEHA,2026-01-20 00:00:00,N,2026,,N
2026,462,2026-01-20 00:00:00,GMADA,1110102000,2,2969,R,462,110,,,,,,,,116160.0,D,S,2026-01-20 00:00:00,,,2,fact 07-02431803,2026-01-20 00:00:00,N,ADFIN,,N,2026,,N
2026,463,2026-01-20 00:00:00,GMADA,1110102000,2,50003,R,463,110,,,,,,,,180000.0,D,S,2026-01-20 00:00:00,,,2,viatico tomas arrachea,2026-01-20 00:00:00,N,AREAJ,,N,2026,,N
2026,464,2026-01-20 00:00:00,GMADA,1110106000,7,50031,R,464,110,,,,,,,,310000.0,D,S,2026-01-20 00:00:00,,,2,"subs maria de l ang diaz,Ernalz,Vegas ,Montenegro Reyes",2026-01-20 00:00:00,N,ACCSOC,,N,2026,,N
2026,465,2026-01-20 00:00:00,GMADA,1110112000,19,57,R,465,110,1,324,1,384,,,,299500.0,D,S,2026-01-20 00:00:00,,,1,IMPRESION,2026-01-20 00:00:00,N,CONTRA,2026-01-20 00:00:00,N,2026,,N
2026,466,2026-01-20 00:00:00,GMADA,1110118000,25,57,R,466,110,1,319,1,383,,,,299500.0,D,S,2026-01-20 00:00:00,,,1,IMPRENTA,2026-01-20 00:00:00,N,BARU,2026-01-20 00:00:00,N,2026,,N
2026,467,2026-01-20 00:00:00,GMADA,1110113000,20,1259,R,467,110,1,326,1,387,,,,198413.6,D,S,2026-01-20 00:00:00,,,1,UTILES,2026-01-20 00:00:00,N,SECSEG,2026-01-20 00:00:00,N,2026,,N
2026,468,2026-01-20 00:00:00,GMADA,1110105000,6,33,R,468,110,1,291,1,308,,,,552679.0,D,S,2026-01-20 00:00:00,,,1,SEG,2026-01-20 00:00:00,N,CASA,,N,2026,,N
2026,469,2026-01-20 00:00:00,GMADA,1110106000,7,3454,R,469,131,1,347,1,346,,,,710717.6,D,S,2026-01-20 00:00:00,,,1,SERV,2026-01-20 00:00:00,N,ACCSOC,2026-01-20 00:00:00,N,2026,,N
2026,470,2026-01-20 00:00:00,GMADA,1110106000,7,3033,R,470,131,1,348,1,347,,,,6307176.0,D,S,2026-01-20 00:00:00,,,1,SERV,2026-01-20 00:00:00,N,ACCSOC,,N,2026,,N
2026,471,2026-01-20 00:00:00,GMADA,1110106000,7,3228,R,471,131,1,349,1,348,,,,6307176.0,D,S,2026-01-20 00:00:00,,,1,SERV,2026-01-20 00:00:00,N,ACCSOC,2026-01-20 00:00:00,N,2026,,N
2026,472,2026-01-20 00:00:00,GMADA,1110106000,7,2812,R,472,131,1,350,1,349,,,,7124325.96,D,S,2026-01-20 00:00:00,,,1,SERV,2026-01-20 00:00:00,N,ACCSOC,2026-01-20 00:00:00,N,2026,,N
2026,473,2026-01-20 00:00:00,GMADA,1110106000,7,33,R,473,132,1,354,1,389,,,,1800000.0,D,S,2026-01-20 00:00:00,,,1,SEGUROS,2026-01-20 00:00:00,N,JARD,2026-01-20 00:00:00,N,2026,,N
2026,474,2026-01-20 00:00:00,GMADA,1110102000,2,33,R,474,132,1,355,1,391,,,,3210307.0,D,S,2026-01-20 00:00:00,,,1,PRIMAS,2026-01-20 00:00:00,N,AREAJ,,N,2026,,N
2026,475,2026-01-20 00:00:00,GMADA,1110104000,5,167,R,475,131,1,330,1,357,,,,902425.0,D,S,2026-01-20 00:00:00,,,1,ALIMENTOS,2026-01-20 00:00:00,N,COC,2026-01-20 00:00:00,N,2026,,N
2026,476,2026-01-20 00:00:00,GMADA,1110104000,5,2869,R,476,131,1,332,1,358,,,,1192821.0,D,S,2026-01-20 00:00:00,,,1,ALIMENTOS,2026-01-20 00:00:00,N,COC,,N,2026,,N
2026,477,2026-01-20 00:00:00,GMADA,1110104000,5,3356,R,477,131,1,333,1,359,,,,68000.0,D,S,2026-01-20 00:00:00,,,1,ALIMENTOS,2026-01-20 00:00:00,N,HOGANC,2026-01-20 00:00:00,N,2026,,N
2026,478,2026-01-20 00:00:00,GMADA,1110104000,5,1440,R,478,131,1,334,1,360,,,,3775200.0,D,S,2026-01-20 00:00:00,,,1,REP,2026-01-20 00:00:00,N,SALA I,2026-01-20 00:00:00,N,2026,,N
2026,479,2026-01-20 00:00:00,GMADA,1110104000,5,413,R,479,131,1,315,1,361,,,,500000.0,D,S,2026-01-20 00:00:00,,,1,REP,2026-01-20 00:00:00,N,HOSP,2026-01-20 00:00:00,N,2026,,N
2026,480,2026-01-20 00:00:00,GMADA,1110106000,7,1603,R,480,132,1,323,1,333,,,,143000.0,A,S,2026-01-20 00:00:00,2026-01-21 00:00:00,ERROR,1,PAN,2026-01-20 00:00:00,N,ACCSOC,2026-01-20 00:00:00,N,2026,,N
2026,481,2026-01-20 00:00:00,GMADA,1110104000,5,167,R,481,131,1,327,1,356,,,,419470.0,D,S,2026-01-20 00:00:00,,,1,ALIMENTOS,2026-01-20 00:00:00,N,HOGANC,2026-01-20 00:00:00,N,2026,,N
2026,482,2026-01-20 00:00:00,GMADA,1110104000,5,85,R,482,131,1,316,1,362,,,,1604998.0,A,S,2026-01-20 00:00:00,2026-01-21 00:00:00,ERROR,1,TERMO/TELEF,2026-01-20 00:00:00,N,INTER,2026-01-20 00:00:00,N,2026,,N
2026,483,2026-01-20 00:00:00,GMADA,1110104000,5,2209,R,483,131,1,317,1,363,,,,1370366.23,D,S,2026-01-20 00:00:00,,,1,ELEMENTOS VS,2026-01-20 00:00:00,N,HOGANC,2026-01-20 00:00:00,N,2026,,N
2026,484,2026-01-20 00:00:00,GMADA,1110104000,5,1078,R,484,131,1,318,1,364,,,,170000.0,D,S,2026-01-20 00:00:00,,,1,TRABAJOS DE ELCT,2026-01-20 00:00:00,N,ADM,2026-01-20 00:00:00,N,2026,,N
2026,485,2026-01-20 00:00:00,GMADA,1110115000,22,2107,R,485,110,1,359,1,375,,,,1800000.0,D,S,2026-01-20 00:00:00,,,1,PUBLICIDAD,2026-01-20 00:00:00,N,SCOOR,2026-01-20 00:00:00,N,2026,,N
2026,486,2026-01-20 00:00:00,GMADA,1110115000,22,2098,R,486,110,1,360,1,374,,,,1200000.0,D,S,2026-01-20 00:00:00,,,1,PUBLICIDAD,2026-01-20 00:00:00,N,SCOOR,2026-01-20 00:00:00,N,2026,,N
2026,487,2026-01-20 00:00:00,GMADA,1110115000,22,2835,R,487,110,1,361,1,367,,,,2160000.0,D,S,2026-01-20 00:00:00,,,1,PUBLIDAD,2026-01-20 00:00:00,N,SCOOR,2026-01-20 00:00:00,N,2026,,N
2026,2,2026-01-05 00:00:00,GMADA,1110102000,2,50063,R,2,110,,,,,,,,15037.88,D,S,2026-01-05 00:00:00,,,2,comisiones,2026-01-05 00:00:00,N,ADFIN,,N,2026,,N
2026,104,2026-01-09 00:00:00,GMADA,1110106000,7,717,R,104,110,1,48,1,27,,,,18050.0,D,S,2026-01-09 00:00:00,,,1,arts de limp,2026-01-09 00:00:00,N,ACCSOC,2026-01-09 00:00:00,N,2026,,N
2026,112,2026-01-09 00:00:00,GMADA,1110105000,6,3534,A,45,110,,,,,,,,-800000.0,N,S,2026-01-07 00:00:00,2026-01-09 00:00:00,ERROR,1,Reg.Comp. 9256/2025 comunicac. y coordinac,2026-01-09 00:00:00,N,TURIS,2026-01-07 00:00:00,N,,,N
2026,105,2026-01-09 00:00:00,GMADA,1110102000,2,183,R,105,110,1,50,1,25,,,,6000000.0,N,S,2026-01-09 00:00:00,,,1,derechos y tasas,2026-01-09 00:00:00,N,GOBHAC,2026-01-09 00:00:00,N,2026,,N
2026,106,2026-01-09 00:00:00,GMADA,1110104000,5,2627,R,106,131,1,32,1,38,,,,18000.0,D,S,2026-01-09 00:00:00,,,1,pastas,2026-01-09 00:00:00,N,COC,2026-01-09 00:00:00,N,2026,,N
2026,115,2026-01-12 00:00:00,GMADA,1110109000,13,169,R,115,110,,,,,,,,16600.0,D,S,2026-01-12 00:00:00,,,1,Reg.Comp. 9235/2025 arts de limp,2026-01-12 00:00:00,N,DEP,2026-01-12 00:00:00,N,,,N
2026,116,2026-01-12 00:00:00,GMADA,1110113000,20,2142,R,116,110,1,119,1,125,EXPED,161,2025,7860000.0,D,S,2026-01-12 00:00:00,,,1,servs,2026-01-12 00:00:00,N,SECSEG,2026-01-12 00:00:00,N,2026,,N
2026,117,2026-01-12 00:00:00,GMADA,1110113000,20,2228,R,117,110,1,116,1,124,EXPED,160,2025,3180000.0,D,S,2026-01-12 00:00:00,,,1,honorarios,2026-01-12 00:00:00,N,SECSEG,2026-01-12 00:00:00,N,2026,,N
2026,118,2026-01-12 00:00:00,GMADA,1110113000,20,3233,R,118,110,1,114,1,123,EXPED,1262,2023,3300000.0,D,S,2026-01-12 00:00:00,,,1,honorarios,2026-01-12 00:00:00,N,SECSEG,2026-01-12 00:00:00,N,2026,,N
2026,119,2026-01-12 00:00:00,GMADA,1110118000,25,413,R,119,110,1,113,1,112,,,,1390000.0,D,S,2026-01-12 00:00:00,,,1,cámaras,2026-01-12 00:00:00,N,000SU,2026-01-12 00:00:00,N,2026,,N
2026,120,2026-01-12 00:00:00,GMADA,1110118000,25,2595,R,120,110,1,115,1,113,,,,96600.0,D,S,2026-01-12 00:00:00,,,1,repuestos,2026-01-12 00:00:00,N,000SU,2026-01-12 00:00:00,N,2026,,N
2026,121,2026-01-12 00:00:00,GMADA,1110118000,25,2595,R,121,110,1,117,1,114,,,,178110.0,D,S,2026-01-12 00:00:00,,,1,repuestos,2026-01-12 00:00:00,N,000SU,2026-01-12 00:00:00,N,2026,,N
2026,122,2026-01-12 00:00:00,GMADA,1110118000,25,212,R,122,110,1,118,1,115,,,,190000.0,D,S,2026-01-12 00:00:00,,,1,reparac,2026-01-12 00:00:00,N,000SU,2026-01-12 00:00:00,N,2026,,N
2026,123,2026-01-12 00:00:00,GMADA,1110118000,25,1879,R,123,110,1,120,1,116,,,,133500.0,D,S,2026-01-12 00:00:00,,,1,arts de ferret,2026-01-12 00:00:00,N,000SU,2026-01-12 00:00:00,N,2026,,N
2026,124,2026-01-12 00:00:00,GMADA,1110118000,25,17,R,124,110,1,121,1,117,,,,726500.0,D,S,2026-01-12 00:00:00,,,1,arts de ferret,2026-01-12 00:00:00,N,DECI,2026-01-12 00:00:00,N,2026,,N
2026,125,2026-01-12 00:00:00,GMADA,1110118000,25,17,R,125,110,1,122,1,118,,,,536000.0,D,S,2026-01-12 00:00:00,,,1,arts de ferret,2026-01-12 00:00:00,N,DECI,2026-01-12 00:00:00,N,2026,,N
2026,126,2026-01-12 00:00:00,GMADA,1110104000,5,1494,R,126,131,1,133,1,136,,,,2000000.0,D,S,2026-01-12 00:00:00,,,1,flete,2026-01-12 00:00:00,N,HOSP,2026-01-12 00:00:00,N,2026,,N
2026,127,2026-01-12 00:00:00,GMADA,1110118000,25,436,R,127,110,1,123,1,119,,,,2050000.0,D,S,2026-01-12 00:00:00,,,1,parches,2026-01-12 00:00:00,N,000SU,2026-01-12 00:00:00,N,2026,,N
2026,128,2026-01-12 00:00:00,GMADA,1110118000,25,2558,R,128,110,1,124,1,120,,,,185000.0,D,S,2026-01-12 00:00:00,,,1,arts de ferret,2026-01-12 00:00:00,N,DECI,2026-01-12 00:00:00,N,2026,,N
2026,129,2026-01-12 00:00:00,GMADA,1110118000,25,1626,R,129,110,1,125,1,121,,,,464000.0,D,S,2026-01-12 00:00:00,,,1,arts de elect,2026-01-12 00:00:00,N,DECI,2026-01-12 00:00:00,N,2026,,N
2026,130,2026-01-12 00:00:00,GMADA,1110118000,25,3122,R,130,110,1,126,1,122,,,,379299.0,D,S,2026-01-12 00:00:00,,,1,repuestos,2026-01-12 00:00:00,N,000SU,2026-01-12 00:00:00,N,2026,,N
2026,131,2026-01-12 00:00:00,GMADA,1110104000,5,1119,R,131,131,1,127,1,127,EXPED,5,2025,12900000.0,D,S,2026-01-12 00:00:00,,,1,serv de residuos patológicos,2026-01-12 00:00:00,N,HOSP,2026-01-12 00:00:00,N,2026,,N
2026,132,2026-01-12 00:00:00,GMADA,1110104000,5,169,A,58,131,,,,,,,,-75120.0,N,S,2026-01-07 00:00:00,2026-01-12 00:00:00,ERROR,1,Reg.Comp. 7545/2025 Art. limpieza,2026-01-12 00:00:00,N,CAP,2026-01-07 00:00:00,N,,,N
2026,614,2026-01-23 00:00:00,GMADA,1110108000,14,2330,D,591,110,1,303,1,323,,,,-508605.63,D,S,2026-01-26 00:00:00,,,1,Registro generado por Compras,2026-01-23 00:00:00,N,PROD,2026-01-22 00:00:00,N,,,N
2026,107,2026-01-09 00:00:00,GMADA,1110102000,2,1765,R,107,110,1,72,1,60,,,,5000000.0,D,S,2026-01-09 00:00:00,,,1,honorarios,2026-01-09 00:00:00,N,GOBHAC,2026-01-09 00:00:00,N,2026,,N
2026,108,2026-01-09 00:00:00,GMADA,1110102000,2,201,R,108,110,1,73,1,73,,,,2000000.0,N,S,2026-01-09 00:00:00,,,1,servs de puclicac,2026-01-09 00:00:00,N,GOBHAC,2026-01-09 00:00:00,N,2026,,N
2026,109,2026-01-09 00:00:00,GMADA,1110102000,2,1994,R,109,110,1,74,1,70,,,,1000000.0,D,S,2026-01-09 00:00:00,,,1,servs de flete,2026-01-09 00:00:00,N,GOB,2026-01-09 00:00:00,N,2026,,N
2026,110,2026-01-09 00:00:00,GMADA,1110102000,2,2330,R,110,110,1,75,1,72,,,,5261800.0,D,S,2026-01-09 00:00:00,,,1,combust,2026-01-09 00:00:00,N,GOBHAC,2026-01-09 00:00:00,N,2026,,N
2026,111,2026-01-09 00:00:00,GMADA,1110117000,24,2218,R,111,110,1,76,1,75,EXPED,3,2026,4950000.0,D,S,2026-01-09 00:00:00,,,1,honorarios,2026-01-09 00:00:00,N,000A,2026-01-09 00:00:00,N,2026,,N
2026,113,2026-01-09 00:00:00,GMADA,1110111000,3,3337,A,80,131,1,23,1,54,,,,-278200.0,N,S,2026-01-08 00:00:00,2026-01-09 00:00:00,ERROR,1,REP,2026-01-09 00:00:00,N,CAS,,N,2026,,N
2026,2537,2026-04-09 00:00:00,GMADA,1110104000,5,50003,R,2537,110,,,,,,,,126000.0,D,S,2026-04-09 00:00:00,,,2,viaticos Gonzalo Costas,2026-04-09 00:00:00,N,ADMI,,N,2026,,N
2026,2538,2026-04-09 00:00:00,GMADA,1110102000,2,50087,R,2538,110,,,,,,,,27734.5,D,S,2026-04-09 00:00:00,,,2,liq Visa,2026-04-09 00:00:00,N,ADFIN,,N,2026,,N
2026,2543,2026-04-09 00:00:00,GMADA,1110106000,7,50031,R,2543,110,,,,,,,,50000.0,D,S,2026-04-09 00:00:00,,,2,subsidio Ricardo Cantero,2026-04-09 00:00:00,N,ACCSOC,,N,2026,,N
2026,2544,2026-04-09 00:00:00,GMADA,1110108000,14,50219,R,2544,110,,,,,,,,254480.68,D,S,2026-04-09 00:00:00,,,1,REINTEGRO GASTOS FEB/26,2026-04-09 00:00:00,N,PROD,2026-04-09 00:00:00,N,2026,,N
2026,952,2026-02-02 00:00:00,GMADA,1110106000,7,2843,A,935,132,1,441,1,479,,,,-384000.0,N,S,2026-02-02 00:00:00,2026-02-02 00:00:00,ERROR,1,Alimentos,2026-02-02 00:00:00,N,ACCSOC,2026-02-02 00:00:00,N,2026,,N
2026,924,2026-02-02 00:00:00,GMADA,1110109000,13,2209,R,924,132,1,508,1,541,,,,150000.0,N,S,2026-02-02 00:00:00,,,1,Alimentos,2026-02-02 00:00:00,N,DEP,2026-02-02 00:00:00,N,2026,,N
2026,925,2026-02-02 00:00:00,GMADA,1110200000,8,877,R,925,110,1,505,1,539,,,,1650000.0,D,S,2026-02-02 00:00:00,,,1,Servicio de grabacion,2026-02-02 00:00:00,N,PRESID,2026-02-02 00:00:00,N,2026,,N
2026,926,2026-02-02 00:00:00,GMADA,1110200000,8,127,R,926,110,1,506,1,540,,,,312000.0,D,S,2026-02-02 00:00:00,,,1,Monitoreo satelital,2026-02-02 00:00:00,N,PRESID,2026-02-02 00:00:00,N,2026,,N
2026,927,2026-02-02 00:00:00,GMADA,1110104000,5,87,R,927,131,1,456,1,489,,,,1031635.0,D,S,2026-02-02 00:00:00,,,1,Insumos farmacia,2026-02-02 00:00:00,N,FARM,2026-02-02 00:00:00,N,2026,,N
2026,928,2026-02-02 00:00:00,GMADA,1110104000,5,216,R,928,131,1,457,1,490,,,,129200.0,D,S,2026-02-02 00:00:00,,,1,armado bolsas,2026-02-02 00:00:00,N,COC,,N,2026,,N
2026,929,2026-02-02 00:00:00,GMADA,1110112000,19,1259,R,929,110,1,458,1,487,,,,30769.2,D,S,2026-02-02 00:00:00,,,1,insumos electricidad,2026-02-02 00:00:00,N,CONTRA,2026-02-02 00:00:00,N,2026,,N
2026,930,2026-02-02 00:00:00,GMADA,1110108000,14,2330,R,930,110,1,454,1,486,,,,1660000.0,D,S,2026-02-02 00:00:00,,,1,combustible,2026-02-02 00:00:00,N,PROD,2026-02-02 00:00:00,N,2026,,N
2026,931,2026-02-02 00:00:00,GMADA,1110104000,5,169,R,931,131,1,455,1,488,,,,17400.0,D,S,2026-02-02 00:00:00,,,1,Art de limpieza,2026-02-02 00:00:00,N,HOSP,2026-02-02 00:00:00,N,2026,,N
2026,932,2026-02-02 00:00:00,GMADA,1110118000,25,163,R,932,110,1,452,1,484,,,,1916710.0,D,S,2026-02-02 00:00:00,,,1,Reparacion vehiculo,2026-02-02 00:00:00,N,000SU,2026-02-02 00:00:00,N,2026,,N
2026,933,2026-02-02 00:00:00,GMADA,1110111000,3,163,R,933,131,1,451,1,483,,,,7842000.0,D,S,2026-02-02 00:00:00,,,1,Reparacion vehiculo,2026-02-02 00:00:00,N,CAS,2026-02-02 00:00:00,N,2026,,N
2026,934,2026-02-02 00:00:00,GMADA,1110102000,2,2330,R,934,110,1,439,1,478,,,,4600000.0,D,S,2026-02-02 00:00:00,,,1,Combustible,2026-02-02 00:00:00,N,GOB,2026-02-02 00:00:00,N,2026,,N
2026,935,2026-02-02 00:00:00,GMADA,1110106000,7,2843,R,935,132,1,441,1,479,,,,384000.0,A,S,2026-02-02 00:00:00,2026-02-02 00:00:00,ERROR,1,Alimentos,2026-02-02 00:00:00,N,ACCSOC,2026-02-02 00:00:00,N,2026,,N
2026,936,2026-02-02 00:00:00,GMADA,1110104000,5,3322,R,936,131,1,444,1,470,,,,1307722.86,D,S,2026-02-02 00:00:00,,,1,Art. de limpieza,2026-02-02 00:00:00,N,HOSP,2026-02-02 00:00:00,N,2026,,N
2026,937,2026-02-02 00:00:00,GMADA,1110104000,5,3165,R,937,131,1,447,1,471,,,,6445044.4,D,S,2026-02-02 00:00:00,,,1,Insumos farmacia,2026-02-02 00:00:00,N,FARM,2026-02-02 00:00:00,N,2026,,N
2026,938,2026-02-02 00:00:00,GMADA,1110104000,5,3556,R,938,131,1,511,1,246,,,,972000.0,D,S,2026-02-02 00:00:00,,,1,Alimentos (huevos),2026-02-02 00:00:00,N,HOSP,2026-02-02 00:00:00,N,2026,,N
2026,939,2026-02-02 00:00:00,GMADA,1110104000,5,2878,R,939,131,1,512,1,559,,,,200000.0,D,S,2026-02-02 00:00:00,,,1,Cerrajeria,2026-02-02 00:00:00,N,HOSP,2026-02-02 00:00:00,N,2026,,N
2026,940,2026-02-02 00:00:00,GMADA,1110104000,5,441,R,940,131,1,513,1,557,,,,17920.0,D,S,2026-02-02 00:00:00,,,1,Insumos libreria,2026-02-02 00:00:00,N,HOSP,2026-02-02 00:00:00,N,2026,,N
2026,941,2026-02-02 00:00:00,GMADA,1110104000,5,850,R,941,131,1,514,1,553,,,,1061609.34,D,S,2026-02-02 00:00:00,,,1,Insumos laboratorio,2026-02-02 00:00:00,N,LAB,2026-02-02 00:00:00,N,2026,,N
2026,942,2026-02-02 00:00:00,GMADA,1110113000,20,1259,R,942,110,1,515,1,550,,,,76257.6,D,S,2026-02-02 00:00:00,,,1,Art. electricidad,2026-02-02 00:00:00,N,SECSEG,2026-02-02 00:00:00,N,2026,,N
2026,943,2026-02-02 00:00:00,GMADA,1110104000,5,2627,R,943,131,1,516,1,544,,,,30000.0,A,S,2026-02-02 00:00:00,2026-02-04 00:00:00,ERROR,1,Alimentos (pastas),2026-02-02 00:00:00,N,HOGANC,2026-02-02 00:00:00,N,2026,,N
2026,944,2026-02-02 00:00:00,GMADA,1110113000,20,1259,R,944,110,1,517,1,547,,,,78838.92,D,S,2026-02-02 00:00:00,,,1,Pilas,2026-02-02 00:00:00,N,SECSEG,2026-02-02 00:00:00,N,2026,,N
2026,951,2026-02-02 00:00:00,GMADA,1110104000,11,2700,R,951,110,1,518,1,570,,,,1370000.0,D,S,2026-02-02 00:00:00,,,1,Insumos veterinaria,2026-02-02 00:00:00,N,BROM,2026-02-02 00:00:00,N,2026,,N
2026,953,2026-02-02 00:00:00,GMADA,1110106000,7,2843,R,953,132,1,441,1,479,,,,384000.0,D,S,2026-02-02 00:00:00,,,1,Alimentos  (pollo),2026-02-02 00:00:00,N,ACCSOC,2026-02-02 00:00:00,N,2026,,N
2026,133,2026-01-12 00:00:00,GMADA,1110105000,6,1213,R,133,110,1,131,1,131,,,,513031.29,D,S,2026-01-12 00:00:00,,,1,placas,2026-01-12 00:00:00,N,CULTUR,2026-01-12 00:00:00,N,2026,,N
2026,134,2026-01-12 00:00:00,GMADA,1110105000,6,3445,R,134,110,1,134,1,134,,,,350000.0,D,S,2026-01-12 00:00:00,,,1,locuc.,2026-01-12 00:00:00,N,CULTUR,2026-01-12 00:00:00,N,2026,,N
2026,135,2026-01-12 00:00:00,GMADA,1110111000,3,3337,R,135,131,1,135,1,132,,,,2780200.0,D,S,2026-01-12 00:00:00,,,1,reparac de motoniv,2026-01-12 00:00:00,N,CAS,2026-01-12 00:00:00,N,2026,,N
2026,137,2026-01-13 00:00:00,GMADA,1110104000,5,2578,R,137,131,1,130,1,128,,,,2320000.0,D,S,2026-01-13 00:00:00,,,1,honorarios,2026-01-13 00:00:00,N,HOSP,2026-01-13 00:00:00,N,2026,,N
2026,139,2026-01-13 00:00:00,GMADA,1110102000,2,2334,R,139,110,1,129,1,129,EXPED,3735,2025,3200260.0,D,S,2026-01-13 00:00:00,,,1,servs,2026-01-13 00:00:00,N,GOBHAC,2026-01-13 00:00:00,N,2026,,N
2026,153,2026-01-13 00:00:00,GMADA,1110104000,5,3246,R,153,131,1,21,1,55,,,,121513.19,D,S,2026-01-13 00:00:00,,,1,medicamentos,2026-01-13 00:00:00,N,FARM,2026-01-13 00:00:00,N,2026,,N
2026,154,2026-01-13 00:00:00,GMADA,1110102000,2,2150,R,154,110,1,64,1,71,,,,2000000.0,N,S,2026-01-13 00:00:00,,,1,gas,2026-01-13 00:00:00,N,DMACED,2026-01-13 00:00:00,N,2026,,N
2026,155,2026-01-13 00:00:00,GMADA,1110118000,25,3405,R,155,110,1,128,1,130,,,,3008000.0,D,S,2026-01-13 00:00:00,,,1,asfalto,2026-01-13 00:00:00,N,000SU,2026-01-13 00:00:00,N,2026,,N
2026,158,2026-01-13 00:00:00,GMADA,1110104000,5,1943,R,158,131,,,,,,,,1533696.78,D,S,2026-01-13 00:00:00,,,1,Reg.Comp. 9783/2025 Mantenimiento planta oxigeno,2026-01-13 00:00:00,N,HOSP,2026-01-13 00:00:00,N,,,N
2026,159,2026-01-13 00:00:00,GMADA,1110104000,5,413,R,159,131,1,136,1,143,,,,40000.0,D,S,2026-01-13 00:00:00,,,1,reparac de camión,2026-01-13 00:00:00,N,HOSP,2026-01-13 00:00:00,N,2026,,N
2026,160,2026-01-13 00:00:00,GMADA,1110104000,5,441,R,160,131,1,139,1,144,,,,279861.8,D,S,2026-01-13 00:00:00,,,1,arts de papelera,2026-01-13 00:00:00,N,HOSP,2026-01-13 00:00:00,N,2026,,N
2026,161,2026-01-13 00:00:00,GMADA,1110104000,5,2450,R,161,131,1,143,1,145,,,,6448700.0,D,S,2026-01-13 00:00:00,,,1,frutas y verds,2026-01-13 00:00:00,N,HOSP,2026-01-13 00:00:00,N,2026,,N
2026,162,2026-01-13 00:00:00,GMADA,1110104000,5,717,R,162,131,1,146,1,146,,,,132800.0,D,S,2026-01-13 00:00:00,,,1,alimentos,2026-01-13 00:00:00,N,COC,2026-01-13 00:00:00,N,2026,,N
2026,163,2026-01-13 00:00:00,GMADA,1110108000,14,2595,R,163,110,1,149,1,147,,,,29500.0,D,S,2026-01-13 00:00:00,,,1,repuestos,2026-01-13 00:00:00,N,PROD,2026-01-13 00:00:00,N,2026,,N
2026,164,2026-01-13 00:00:00,GMADA,1110109000,13,688,R,164,110,1,156,1,152,,,,20000.0,D,S,2026-01-13 00:00:00,,,1,aceites y lubricantes,2026-01-13 00:00:00,N,DEP,2026-01-13 00:00:00,N,2026,,N
2026,165,2026-01-13 00:00:00,GMADA,1110102000,2,1259,R,165,110,1,158,1,155,,,,24191.0,D,S,2026-01-13 00:00:00,,,1,arts de elect,2026-01-13 00:00:00,N,GOB,2026-01-13 00:00:00,N,2026,,N
2026,166,2026-01-13 00:00:00,GMADA,1110113000,20,17,R,166,110,1,159,1,157,,,,52000.0,D,S,2026-01-13 00:00:00,,,1,repuestos,2026-01-13 00:00:00,N,SECSEG,2026-01-13 00:00:00,N,2026,,N
2026,167,2026-01-13 00:00:00,GMADA,1110109000,13,1879,R,167,110,1,160,1,148,,,,46200.0,D,S,2026-01-13 00:00:00,,,1,repuestos,2026-01-13 00:00:00,N,DEP,2026-01-13 00:00:00,N,2026,,N
2026,168,2026-01-13 00:00:00,GMADA,1110104000,5,2538,R,168,131,1,137,1,137,,,,156000.0,D,S,2026-01-13 00:00:00,,,1,carga gas aireacond,2026-01-13 00:00:00,N,HOSP,2026-01-13 00:00:00,N,2026,,N
2026,169,2026-01-13 00:00:00,GMADA,1110104000,5,345,R,169,131,1,138,1,138,,,,1241489.45,D,S,2026-01-13 00:00:00,,,1,medicamentos,2026-01-13 00:00:00,N,FARM,2026-01-13 00:00:00,N,2026,,N
2026,170,2026-01-13 00:00:00,GMADA,1110104000,5,1138,R,170,131,1,140,1,139,,,,72000.0,A,S,2026-01-13 00:00:00,2026-01-28 00:00:00,ERROR,1,pescado,2026-01-13 00:00:00,N,COC,2026-01-13 00:00:00,N,2026,,N
2026,171,2026-01-13 00:00:00,GMADA,1110104000,5,2627,R,171,131,1,145,1,140,,,,40800.0,D,S,2026-01-13 00:00:00,,,1,pastas,2026-01-13 00:00:00,N,HOGANC,2026-01-13 00:00:00,N,2026,,N
2026,172,2026-01-13 00:00:00,GMADA,1110104000,5,2627,R,172,131,1,148,1,141,,,,32500.0,D,S,2026-01-13 00:00:00,,,1,pastas,2026-01-13 00:00:00,N,COC,2026-01-13 00:00:00,N,2026,,N
2026,173,2026-01-13 00:00:00,GMADA,1110104000,11,2595,R,173,110,1,151,1,142,,,,56200.0,D,S,2026-01-13 00:00:00,,,1,pegamentos,2026-01-13 00:00:00,N,BROM,2026-01-13 00:00:00,N,2026,,N
2026,174,2026-01-13 00:00:00,GMADA,1110113000,20,441,R,174,110,1,153,1,158,,,,20800.0,D,S,2026-01-13 00:00:00,,,1,arts de papelera,2026-01-13 00:00:00,N,SECSEG,2026-01-13 00:00:00,N,2026,,N
2026,175,2026-01-13 00:00:00,GMADA,1110113000,20,688,R,175,110,1,155,1,160,,,,120500.0,D,S,2026-01-13 00:00:00,,,1,aceites y filtros,2026-01-13 00:00:00,N,SECSEG,2026-01-13 00:00:00,N,2026,,N
2026,176,2026-01-13 00:00:00,GMADA,1110109000,13,441,R,176,110,1,157,1,149,,,,8500.0,D,S,2026-01-13 00:00:00,,,1,sello,2026-01-13 00:00:00,N,DEP,2026-01-13 00:00:00,N,2026,,N
2026,177,2026-01-13 00:00:00,GMADA,1110109000,13,441,R,177,110,1,142,1,150,,,,8945.03,D,S,2026-01-13 00:00:00,,,1,arts de papelera,2026-01-13 00:00:00,N,DEP,2026-01-13 00:00:00,N,2026,,N
2026,178,2026-01-13 00:00:00,GMADA,1110109000,13,169,R,178,110,1,144,1,154,,,,14200.0,D,S,2026-01-13 00:00:00,,,1,arts de limp,2026-01-13 00:00:00,N,DEP,2026-01-13 00:00:00,N,2026,,N
2026,179,2026-01-13 00:00:00,GMADA,1110109000,13,71,R,179,110,1,147,1,151,,,,38000.0,D,S,2026-01-13 00:00:00,,,1,delantal,2026-01-13 00:00:00,N,DEP,2026-01-13 00:00:00,N,2026,,N
2026,182,2026-01-13 00:00:00,GMADA,1110113000,20,612,R,182,110,1,150,1,159,,,,31000.0,D,S,2026-01-13 00:00:00,,,1,placas de red,2026-01-13 00:00:00,N,SECSEG,2026-01-13 00:00:00,N,2026,,N
2026,183,2026-01-13 00:00:00,GMADA,1110113000,20,1879,R,183,110,1,152,1,156,,,,81300.0,D,S,2026-01-13 00:00:00,,,1,repuestos,2026-01-13 00:00:00,N,SECSEG,2026-01-13 00:00:00,N,2026,,N
2026,184,2026-01-13 00:00:00,GMADA,1110113000,20,3297,R,184,110,1,154,1,161,,,,396000.0,D,S,2026-01-13 00:00:00,,,1,repuestos,2026-01-13 00:00:00,N,SECSEG,2026-01-13 00:00:00,N,2026,,N
2026,622,2026-01-23 00:00:00,GMADA,1110106000,7,3226,D,545,110,1,384,1,403,,,,-87067.54,D,S,2026-01-23 00:00:00,,,1,Registro generado por Compras,2026-01-23 00:00:00,N,ACCSOC,2026-01-21 00:00:00,N,,,N
2026,615,2026-01-23 00:00:00,GMADA,1110108000,14,2330,D,591,110,1,303,1,323,,,,-1000000.0,D,S,2026-01-26 00:00:00,,,1,Registro generado por Compras,2026-01-23 00:00:00,N,PROD,2026-01-22 00:00:00,N,,,N
2026,617,2026-01-23 00:00:00,GMADA,1110108000,14,2330,D,591,110,1,303,1,323,,,,-30000.0,D,S,2026-01-26 00:00:00,,,1,Registro generado por Compras,2026-01-23 00:00:00,N,PROD,2026-01-22 00:00:00,N,,,N
2026,616,2026-01-23 00:00:00,GMADA,1110108000,14,2330,D,591,110,1,303,1,323,,,,-21000.0,D,S,2026-01-26 00:00:00,,,1,Registro generado por Compras,2026-01-23 00:00:00,N,PROD,2026-01-22 00:00:00,N,,,N
2026,2421,2026-04-06 00:00:00,GMADA,1110106000,7,50015,A,2215,110,,,,,NOTA,8,2026,-183000.0,N,S,2026-03-27 00:00:00,2026-04-06 00:00:00,ERROR,1,caja chica,2026-04-06 00:00:00,N,ACCSOC,2026-03-27 00:00:00,N,2026,,N
2026,2461,2026-04-06 00:00:00,GMADA,1110104000,11,3287,A,2432,110,1,1189,1,1236,,,,-225500.0,N,S,2026-04-06 00:00:00,2026-04-06 00:00:00,ERROR,1,imprenta,2026-04-06 00:00:00,N,BROM,,N,2026,,N
2026,2422,2026-04-06 00:00:00,GMADA,1110106000,7,50012,R,2422,110,,,,,,,,183000.0,D,S,2026-04-06 00:00:00,,,1,CAJA CHICA,2026-04-06 00:00:00,N,ACCSOC,2026-04-06 00:00:00,N,2026,,N
2026,3291,2026-05-08 00:00:00,GMADA,1110118000,25,1692,A,3266,110,1,1672,1,1739,,,,-2402290.8,N,S,2026-05-08 00:00:00,2026-05-08 00:00:00,ERROR,1,Caños,2026-05-08 00:00:00,N,000SU,2026-05-08 00:00:00,N,2026,,N
2026,3264,2026-05-08 00:00:00,GMADA,1110102000,2,50925,R,3264,132,,,,,,,,107981.79,D,S,2026-05-08 00:00:00,,,2,periodo 2/26,2026-05-08 00:00:00,N,CDEE,,N,2026,,N
2026,3278,2026-05-08 00:00:00,GMADA,1110118000,25,51096,R,3278,110,,,,,,,,66360.0,D,S,2026-05-08 00:00:00,,,2,grabado de autoparte,2026-05-08 00:00:00,N,00003,,N,2026,,N
2026,3288,2026-05-08 00:00:00,GMADA,1110118000,25,50003,R,3288,110,,,,,,,,45000.0,D,S,2026-05-08 00:00:00,,,2,viatico juan cruz Mendez,2026-05-08 00:00:00,N,00003,,N,2026,,N
2026,3290,2026-05-08 00:00:00,GMADA,1110102000,2,50072,R,3290,110,,,,,EXPED,1068,2026,510049.2,D,S,2026-05-08 00:00:00,,,2,gastos Munic c/Lin Shengmin,2026-05-08 00:00:00,N,ADFIN,,N,2026,,N
2026,3292,2026-05-08 00:00:00,GMADA,1110111000,3,86,A,3276,131,1,1671,1,1735,,,,-40000.0,N,S,2026-05-08 00:00:00,2026-05-08 00:00:00,ERROR,1,Repuesto p/ vehiculo,2026-05-08 00:00:00,N,CAS,2026-05-08 00:00:00,N,2026,,N
2026,3293,2026-05-08 00:00:00,GMADA,1110200000,8,86,A,3275,110,1,1670,1,1734,,,,-45000.0,N,S,2026-05-08 00:00:00,2026-05-08 00:00:00,ERROR,1,Cuadros,2026-05-08 00:00:00,N,PRESID,2026-05-08 00:00:00,N,2026,,N
2026,3295,2026-05-08 00:00:00,GMADA,1110102000,2,50283,R,3295,110,,,,,,,,181022.98,D,S,2026-05-08 00:00:00,,,1,CAJA CHICA DELEGACION,2026-05-08 00:00:00,N,DELE,2026-05-08 00:00:00,N,2026,,N
2026,68,2026-01-08 00:00:00,GMADA,1110104000,5,50003,R,68,110,,,,,,,,888300.0,D,S,2026-01-08 00:00:00,,,2,VIATICO FAGUNDEZ,2026-01-08 00:00:00,N,ADMI,,N,2026,,N
2026,69,2026-01-08 00:00:00,GMADA,1110104000,5,2627,R,69,131,1,34,1,37,,,,13000.0,D,S,2026-01-08 00:00:00,,,1,PASTAS,2026-01-08 00:00:00,N,COC,,N,2026,,N
2026,70,2026-01-08 00:00:00,GMADA,1110104000,5,2627,R,70,131,1,36,1,36,,,,29000.0,D,S,2026-01-08 00:00:00,,,1,PASTAS,2026-01-08 00:00:00,N,COC,,N,2026,,N
2026,71,2026-01-08 00:00:00,GMADA,1110112000,19,875,R,71,110,1,67,1,65,,,,6000000.0,D,S,2026-01-08 00:00:00,,,1,SERV DE IMPRESION,2026-01-08 00:00:00,N,SEHA,2026-01-08 00:00:00,N,2026,,N
2026,72,2026-01-08 00:00:00,GMADA,1110102000,2,3258,R,72,110,1,66,1,63,,,,3000000.0,D,S,2026-01-08 00:00:00,,,1,CORRESPONDENCIA,2026-01-08 00:00:00,N,GOB,2026-01-08 00:00:00,N,2026,,N
2026,73,2026-01-08 00:00:00,GMADA,1110102000,2,846,R,73,110,1,68,1,66,,,,1000000.0,N,S,2026-01-08 00:00:00,,,1,CENAS /ALM,2026-01-08 00:00:00,N,GOBHAC,2026-01-08 00:00:00,N,2026,,N
2026,74,2026-01-08 00:00:00,GMADA,1110102000,2,3119,R,74,110,1,69,1,67,,,,1000000.0,N,S,2026-01-08 00:00:00,,,1,CENAS/ALM,2026-01-08 00:00:00,N,GOBHAC,2026-01-08 00:00:00,N,2026,,N
2026,75,2026-01-08 00:00:00,GMADA,1110102000,2,282,R,75,110,1,63,1,62,,,,2000000.0,D,S,2026-01-08 00:00:00,,,1,FLORES,2026-01-08 00:00:00,N,GOBHAC,2026-01-08 00:00:00,N,2026,,N
2026,76,2026-01-08 00:00:00,GMADA,1110102000,2,1551,R,76,110,1,71,1,69,,,,1500000.0,N,S,2026-01-08 00:00:00,,,1,CERTF,2026-01-08 00:00:00,N,GOBHAC,2026-01-08 00:00:00,N,2026,,N
2026,77,2026-01-08 00:00:00,GMADA,1110102000,2,875,R,77,110,1,65,1,64,,,,6000000.0,D,S,2026-01-08 00:00:00,,,1,SERV DE PUBLICACION,2026-01-08 00:00:00,N,GOB,2026-01-08 00:00:00,N,2026,,N
2026,78,2026-01-08 00:00:00,GMADA,1110102000,2,186,R,78,110,1,62,1,61,,,,9000000.0,N,S,2026-01-08 00:00:00,,,1,SERV DE HOTELERIA,2026-01-08 00:00:00,N,GOB,,N,2026,,N
2026,79,2026-01-08 00:00:00,GMADA,1110102000,2,3072,R,79,110,1,70,1,68,,,,7000000.0,D,S,2026-01-08 00:00:00,,,1,CORREOS,2026-01-08 00:00:00,N,GOBHAC,2026-01-08 00:00:00,N,2026,,N
2026,80,2026-01-08 00:00:00,GMADA,1110111000,3,3337,R,80,131,1,23,1,54,,,,278200.0,A,S,2026-01-08 00:00:00,2026-01-09 00:00:00,ERROR,1,REP,2026-01-08 00:00:00,N,CAS,,N,2026,,N
2026,81,2026-01-08 00:00:00,GMADA,1110118000,25,3297,R,81,110,1,25,1,53,,,,352000.0,D,S,2026-01-08 00:00:00,,,1,PLANTAS,2026-01-08 00:00:00,N,000SU,2026-01-08 00:00:00,N,2026,,N
2026,82,2026-01-08 00:00:00,GMADA,1110118000,25,17,R,82,110,1,27,1,52,,,,100200.0,D,S,2026-01-08 00:00:00,,,1,REP,2026-01-08 00:00:00,N,18C,,N,2026,,N
2026,83,2026-01-08 00:00:00,GMADA,1110111000,3,33,R,83,131,1,41,1,51,,,,64000.0,D,S,2026-01-08 00:00:00,,,1,SEGUROS,2026-01-08 00:00:00,N,CAS,,N,2026,,N
2026,84,2026-01-08 00:00:00,GMADA,1110102000,2,1879,R,84,110,1,47,1,30,,,,37300.0,D,S,2026-01-08 00:00:00,,,1,CORREAS,2026-01-08 00:00:00,N,GOB,,N,2026,,N
2026,85,2026-01-08 00:00:00,GMADA,1110106000,7,441,R,85,132,1,49,1,26,,,,32660.52,D,S,2026-01-08 00:00:00,,,1,UTILES DE PAPEL,2026-01-08 00:00:00,N,JARD,2026-01-08 00:00:00,N,2026,,N
2026,86,2026-01-08 00:00:00,GMADA,1110101000,1,3316,R,86,110,1,55,1,24,,,,7000000.0,D,S,2026-01-08 00:00:00,,,1,HOTELERIA,2026-01-08 00:00:00,N,INT,2026-01-08 00:00:00,N,2026,,N
2026,87,2026-01-08 00:00:00,GMADA,1110102000,2,1494,R,87,110,1,56,1,23,,,,1500000.0,D,S,2026-01-08 00:00:00,,,1,COMISIONES,2026-01-08 00:00:00,N,GOB,2026-01-08 00:00:00,N,2026,,N
2026,88,2026-01-08 00:00:00,GMADA,1110111000,3,2804,R,88,131,1,22,1,21,,,,1500000.0,D,S,2026-01-08 00:00:00,,,1,ALIMENTOS,2026-01-08 00:00:00,N,CAS,2026-01-08 00:00:00,N,2026,,N
2026,89,2026-01-08 00:00:00,GMADA,1110104000,5,57,R,89,131,1,24,1,47,,,,86000.0,D,S,2026-01-08 00:00:00,,,1,SERV DE IMPRESION,2026-01-08 00:00:00,N,HOSP,2026-01-08 00:00:00,N,2026,,N
2026,90,2026-01-08 00:00:00,GMADA,1110104000,5,2427,R,90,131,1,26,1,46,,,,55000.0,D,S,2026-01-08 00:00:00,,,1,REP,2026-01-08 00:00:00,N,HOSP,,N,2026,,N
2026,91,2026-01-08 00:00:00,GMADA,1110104000,5,216,R,91,131,1,28,1,45,,,,157200.0,D,S,2026-01-08 00:00:00,,,1,PROD LIMP,2026-01-08 00:00:00,N,HOSP,2026-01-08 00:00:00,N,2026,,N
2026,92,2026-01-08 00:00:00,GMADA,1110117000,24,2593,R,92,110,1,31,1,50,,,,51000.0,D,S,2026-01-08 00:00:00,,,1,CERRAJERIA,2026-01-08 00:00:00,N,000O,2026-01-08 00:00:00,N,2026,,N
2026,3105,2026-04-30 00:00:00,GMADA,1110103000,3,3062,A,3081,131,1,1558,1,1617,EXPED,1053,2016,-6510000.0,N,S,2026-04-30 00:00:00,2026-04-30 00:00:00,ERROR,1,reflectores,2026-04-30 00:00:00,N,OPP,2026-04-30 00:00:00,N,2026,,N
2026,93,2026-01-08 00:00:00,GMADA,1110118000,25,71,R,93,110,1,33,1,49,,,,386000.0,D,S,2026-01-08 00:00:00,,,1,REPUESTOS,2026-01-08 00:00:00,N,000SU,2026-01-08 00:00:00,N,2026,,N
2026,94,2026-01-08 00:00:00,GMADA,1110104000,5,1078,R,94,131,1,42,1,34,,,,190000.0,D,S,2026-01-08 00:00:00,,,1,ELECTRIDAD,2026-01-08 00:00:00,N,HOSP,2026-01-08 00:00:00,N,2026,,N
2026,95,2026-01-08 00:00:00,GMADA,1110104000,5,2627,R,95,131,1,53,1,40,,,,32400.0,D,S,2026-01-08 00:00:00,,,1,PASTAS,2026-01-08 00:00:00,N,HOGANC,2026-01-08 00:00:00,N,2026,,N
2026,96,2026-01-08 00:00:00,GMADA,1110104000,5,2627,R,96,131,1,52,1,41,,,,69000.0,D,S,2026-01-08 00:00:00,,,1,PASTAS,2026-01-08 00:00:00,N,HOGANC,2026-01-08 00:00:00,N,2026,,N
2026,97,2026-01-08 00:00:00,GMADA,1110104000,5,2883,R,97,131,1,46,1,33,,,,149230.14,D,S,2026-01-08 00:00:00,,,1,UTILES,2026-01-08 00:00:00,N,FARM,2026-01-08 00:00:00,N,2026,,N
2026,3081,2026-04-30 00:00:00,GMADA,1110103000,3,3062,R,3081,131,1,1558,1,1617,EXPED,1053,2016,6510000.0,A,S,2026-04-30 00:00:00,2026-04-30 00:00:00,ERROR,1,reflectores,2026-04-30 00:00:00,N,OPP,2026-04-30 00:00:00,N,2026,,N
2026,3090,2026-04-30 00:00:00,GMADA,1110102000,2,50087,R,3090,110,,,,,,,,9190.0,D,S,2026-04-30 00:00:00,,,2,comisiones,2026-04-30 00:00:00,N,ADFIN,,N,2026,,N
2026,3098,2026-04-30 00:00:00,GMADA,1110112000,19,50063,R,3098,110,,,,,,,,435362.0,D,S,2026-04-30 00:00:00,,,2,comisiones,2026-04-30 00:00:00,N,SEHA,,N,2026,,N
2026,3102,2026-04-30 00:00:00,GMADA,1110102000,2,50063,R,3102,110,,,,,,,,11620.84,D,S,2026-04-30 00:00:00,,,2,comisones,2026-04-30 00:00:00,N,ADFIN,,N,2026,,N
2026,3103,2026-04-30 00:00:00,GMADA,1110118000,25,2078,R,3103,110,1,1569,1,1651,,,,65000.0,D,S,2026-04-30 00:00:00,,,1,imprenta,2026-04-30 00:00:00,N,000SU,2026-04-30 00:00:00,N,2026,,N
2026,3104,2026-04-30 00:00:00,GMADA,1110112000,19,50063,R,3104,110,,,,,,,,0.56,D,S,2026-04-30 00:00:00,,,2,comisiones,2026-04-30 00:00:00,N,CONTAD,,N,2026,,N
2026,3108,2026-04-30 00:00:00,GMADA,1110118000,25,50008,R,3108,110,,,,,,,,381323.78,D,S,2026-04-30 00:00:00,,,1,Generado Automáticamente - Periodo 4/2026 - Tipo/Grupo 20/24,2026-04-30 00:00:00,N,VIMUNI,,,,,
2026,3106,2026-04-30 00:00:00,GMADA,1110103000,3,3062,R,3106,131,1,1558,1,1617,EXPED,1053,2026,6510000.0,D,S,2026-04-30 00:00:00,,,1,const,2026-04-30 00:00:00,N,OPP,,N,2026,,N
2026,3107,2026-04-30 00:00:00,GMADA,1110106000,7,50031,R,3107,110,,,,,,,,16000.0,D,S,2026-04-30 00:00:00,,,3,subsidio LAURA VELARDEZ Y NATALES,2026-04-30 00:00:00,N,ACCSOC,,N,2026,,N
2026,3109,2026-04-30 00:00:00,GMADA,1110118000,25,50051,R,3109,110,,,,,,,,42487.07,D,S,2026-04-30 00:00:00,,,1,Generado Automáticamente - Periodo 4/2026 - Tipo/Grupo 20/24,2026-04-30 00:00:00,N,VIMUNI,,,,,
2026,3110,2026-04-30 00:00:00,GMADA,1110118000,25,50052,R,3110,110,,,,,,,,16994.83,D,S,2026-04-30 00:00:00,,,1,Generado Automáticamente - Periodo 4/2026 - Tipo/Grupo 20/24,2026-04-30 00:00:00,N,VIMUNI,,,,,
2026,3111,2026-04-30 00:00:00,GMADA,1110106000,7,50031,R,3111,110,,,,,,,,150000.0,D,S,2026-04-30 00:00:00,,,2,SUBS MIRIAM ELIZABETH CAMPUZANO SILVA,2026-04-30 00:00:00,N,JARD,,N,2026,,N
2026,2040,2026-03-17 00:00:00,GMADA,1110109000,13,2450,D,2013,110,1,1027,1,1101,,,,-134000.0,D,S,2026-03-18 00:00:00,,,1,Registro generado por Compras,2026-03-17 00:00:00,N,DEP,2026-03-16 00:00:00,N,,,N
2026,2041,2026-03-17 00:00:00,GMADA,1110104000,5,2883,D,1804,131,1,904,1,951,,,,-1.13,D,S,2026-03-18 00:00:00,,,1,Registro generado por Compras,2026-03-17 00:00:00,N,FARM,2026-03-10 00:00:00,N,,,N
2026,2795,2026-04-20 00:00:00,GMADA,1110118000,25,1514,D,2740,132,1,1401,1,1466,,,,-235950.0,D,S,2026-04-23 00:00:00,,,1,Registro generado por Compras,2026-04-20 00:00:00,N,000SU,2026-04-17 00:00:00,N,,,N
2026,2802,2026-04-20 00:00:00,GMADA,1110109000,13,692,D,2579,110,1,1293,1,1359,,,,-121054.9,D,S,2026-04-20 00:00:00,,,1,Registro generado por Compras,2026-04-20 00:00:00,N,DEP,2026-04-13 00:00:00,N,,,N
2026,5,2026-01-05 00:00:00,GMADA,1110102000,2,4719,R,5,132,1,1,1,1,,,,6600000.0,N,S,2026-01-05 00:00:00,,,1,serv,2026-01-05 00:00:00,N,AREAJ,,N,2026,,N
2026,6,2026-01-05 00:00:00,GMADA,1110102000,2,50036,R,6,132,,,,,,,,116420.0,D,S,2026-01-05 00:00:00,,,2,centro de est tandil,2026-01-05 00:00:00,N,CATAN,,N,2026,,N
2026,7,2026-01-05 00:00:00,GMADA,1110108000,14,1235,R,7,110,1,14,1,2,,,,1660000.0,A,S,2026-01-05 00:00:00,2026-01-06 00:00:00,ERPROV,2,comestibles,2026-01-05 00:00:00,N,PROD,2026-01-05 00:00:00,N,2026,,N
2026,8,2026-01-05 00:00:00,GMADA,1110101000,1,174,R,8,110,1,20,1,19,,,,2000000.0,D,S,2026-01-05 00:00:00,,,1,diarios,2026-01-05 00:00:00,N,INT,2026-01-05 00:00:00,N,2026,,N
2026,9,2026-01-05 00:00:00,GMADA,1110101000,1,2931,R,9,110,1,19,1,18,,,,3000000.0,D,S,2026-01-05 00:00:00,,,1,alojamiento,2026-01-05 00:00:00,N,INT,,N,2026,,N
2026,10,2026-01-05 00:00:00,GMADA,1110102000,2,1608,R,10,110,1,18,1,17,,,,2000000.0,N,S,2026-01-05 00:00:00,,,1,alojamiento,2026-01-05 00:00:00,N,GOBHAC,,N,2026,,N
2026,11,2026-01-05 00:00:00,GMADA,1110101000,1,2791,R,11,110,1,17,1,16,,,,7000000.0,N,S,2026-01-05 00:00:00,,,1,art de limp,2026-01-05 00:00:00,N,INT,2026-01-05 00:00:00,N,2026,,N
2026,12,2026-01-05 00:00:00,GMADA,1110102000,2,826,R,12,110,1,16,1,15,,,,2000000.0,N,S,2026-01-05 00:00:00,,,1,comisiones,2026-01-05 00:00:00,N,GOBHAC,,N,2026,,N
2026,13,2026-01-05 00:00:00,GMADA,1110104000,5,1235,R,13,131,1,13,1,3,,,,3473460.0,A,S,2026-01-05 00:00:00,2026-01-16 00:00:00,ERROR,1,alquiler de equipos,2026-01-05 00:00:00,N,ADM,2026-01-05 00:00:00,N,2026,,N
2026,14,2026-01-05 00:00:00,GMADA,1110111000,3,688,R,14,131,1,4,1,10,,,,329500.0,A,S,2026-01-05 00:00:00,2026-01-06 00:00:00,ERROR,1,rep,2026-01-05 00:00:00,N,CAS,2026-01-05 00:00:00,N,2026,,N
2026,15,2026-01-05 00:00:00,GMADA,1110101000,1,688,R,15,110,1,5,1,9,,,,18000.0,D,S,2026-01-05 00:00:00,,,1,agua,2026-01-05 00:00:00,N,INT,2026-01-05 00:00:00,N,2026,,N
2026,101,2026-01-09 00:00:00,GMADA,1110104000,5,2490,R,101,131,1,39,1,31,,,,1500000.0,D,S,2026-01-09 00:00:00,,,1,agua,2026-01-09 00:00:00,N,HOGANC,2026-01-09 00:00:00,N,2026,,N
2026,102,2026-01-09 00:00:00,GMADA,1110106000,7,160,R,102,132,1,43,1,28,,,,9800.0,D,S,2026-01-09 00:00:00,,,1,arts veterinarios,2026-01-09 00:00:00,N,JARD,2026-01-09 00:00:00,N,2026,,N
2026,103,2026-01-09 00:00:00,GMADA,1110106000,7,169,R,103,110,1,44,1,29,,,,15200.0,D,S,2026-01-09 00:00:00,,,1,arts de limp,2026-01-09 00:00:00,N,GRAN,2026-01-09 00:00:00,N,2026,,N
