EJERCICIO,DELEG_SOLIC,NRO_SOLIC,NRO_PED,LUG_EMI,JURISDICCION,CODIGO_UE,CODIGO_DEP,FECH_SOLIC,TIPO_REGIS,NRO_ORIG,CODIGO_FF,IMPORTE_TOT,FECH_ENTREGA,FECH_NECESIDAD,FECH_EST_OC,TIPO_DOC,NRO_DOC,ANIO_DOC,COD_LUG_ENT,ESTADO_SOLIC,CONFIRMADO,FECH_CONFIRM,FECH_ANUL,MOTIVO_ANUL,OBSERVACIONES,CANT_IMP,SG_DIFERIDO
2026,1,884,852,GMADA,1110109000,13,DEP,2026-02-27 00:00:00,S,0,110,140000.0,,,,,0,0,,C,S,2026-02-27 07:54:22,,,,2,N
2026,1,1256,1205,GMADA,1110105000,6,TURIS,2026-04-01 00:00:00,S,0,110,139400.0,,,,,0,0,,C,S,2026-04-01 09:55:36,,,,1,N
2026,1,1257,1208,GMADA,1110105000,6,TURIS,2026-04-01 00:00:00,S,0,110,300000.0,,,,,0,0,,C,S,2026-04-01 10:54:22,,,,1,N
2026,1,1258,1210,GMADA,1110105000,6,TURIS,2026-04-01 00:00:00,S,0,110,200000.0,,,,,0,0,,C,S,2026-04-01 10:55:15,,,,1,N
2026,1,1259,1206,GMADA,1110102000,2,GOBHAC,2026-04-01 00:00:00,S,0,110,280000.0,,,,,0,0,,C,S,2026-04-01 11:01:58,,,,1,N
2026,1,1984,1688,GMADA,1110104000,5,HEMO,2026-05-22 00:00:00,S,0,131,2093179.0,,,,,0,0,,C,S,2026-05-22 10:55:07,,,,1,N
2026,1,1985,1908,GMADA,1110101000,1,INT,2026-05-22 00:00:00,S,0,110,945000.0,,,,,0,0,,C,S,2026-05-22 10:55:43,,,,1,N
2026,1,1986,1885,GMADA,1110104000,5,FARM,2026-05-22 00:00:00,S,0,131,607852.53,,,,,0,0,,C,S,2026-05-22 11:09:22,,,,1,N
2026,1,1987,1884,GMADA,1110104000,5,FARM,2026-05-22 00:00:00,S,0,131,921586.75,,,,,0,0,,C,S,2026-05-22 11:10:26,,,,1,N
2026,1,1988,1878,GMADA,1110104000,5,FARM,2026-05-22 00:00:00,S,0,131,799896.9,,,,,0,0,,C,S,2026-05-22 11:11:02,,,,1,N
2026,1,1989,1859,GMADA,1110104000,5,COC,2026-05-22 00:00:00,S,0,131,3069905.59,,,,,0,0,,C,S,2026-05-22 11:21:20,,,,2,N
2026,1,1990,1857,GMADA,1110104000,5,COC,2026-05-22 00:00:00,S,0,131,1932440.0,,,,,0,0,,C,S,2026-05-22 11:24:21,,,,1,N
2026,1,1991,1858,GMADA,1110104000,5,HOGANC,2026-05-22 00:00:00,S,0,131,1085653.81,,,,,0,0,,C,S,2026-05-22 11:25:46,,,,1,N
2026,1,1992,1856,GMADA,1110104000,5,LAV,2026-05-22 00:00:00,S,0,131,631483.69,,,,,0,0,,C,S,2026-05-22 11:27:01,,,,1,N
2026,1,1993,1855,GMADA,1110104000,5,LAV,2026-05-22 00:00:00,S,0,131,213197.42,,,,,0,0,,C,S,2026-05-22 11:28:03,,,,1,N
2026,1,1994,1854,GMADA,1110104000,5,HOSP,2026-05-22 00:00:00,S,0,131,798000.0,,,,,0,0,,C,S,2026-05-22 11:28:57,,,,1,N
2026,1,1995,1877,GMADA,1110104000,5,QUI,2026-05-22 00:00:00,S,0,131,270072.0,,,,,0,0,,C,S,2026-05-22 11:30:29,,,,1,N
2026,1,1996,1879,GMADA,1110118000,25,000SU,2026-05-22 00:00:00,S,0,110,189200.0,,,,,0,0,,C,S,2026-05-22 11:30:46,,,,1,N
2026,1,1078,936,GMADA,1110105000,6,CULTUR,2026-03-13 00:00:00,A,968,132,-2723.33,,,,,0,0,,N,S,2026-03-13 08:32:45,,,,0,N
2026,1,2509,2408,GMADA,1110115000,22,DIRINF,2026-07-01 00:00:00,A,2498,220,-593118.53,,,,,0,0,,N,S,2026-07-01 11:13:41,,,,0,N
2026,1,2510,2408,GMADA,1110115000,22,DIRINF,2026-07-01 00:00:00,S,0,110,593118.53,,,,,0,0,,C,S,2026-07-01 11:14:36,,,,1,N
2026,1,2511,1853,GMADA,1110104000,5,FARM,2026-07-01 00:00:00,M,2174,131,189014.0,,,,,0,0,,N,S,2026-07-01 11:23:55,,,,1,N
2026,1,2512,2280,GMADA,1110104000,5,EST,2026-07-01 00:00:00,A,2421,131,-3164500.0,,,,,0,0,,N,S,2026-07-01 11:24:52,,,,0,N
2026,1,2513,2280,GMADA,1110104000,5,EST,2026-07-01 00:00:00,S,0,131,3164500.0,,,,,0,0,,C,S,2026-07-01 11:43:56,,,,2,N
2026,1,162,194,GMADA,1110106000,7,ACCSOC,2026-01-12 00:00:00,S,0,132,880000.0,,,,,0,0,,C,S,2026-01-12 13:13:59,,,,1,N
2026,1,468,316,GMADA,1110104000,5,HOSP,2026-01-26 00:00:00,S,0,131,381369.5,,,,,0,0,,C,S,2026-01-26 08:45:59,,,,1,N
2026,1,469,446,GMADA,1110104000,5,HOSP,2026-01-26 00:00:00,S,0,131,114000.0,,,,,0,0,,C,S,2026-01-26 08:48:20,,,,1,N
2026,1,470,439,GMADA,1110104000,5,HOSP,2026-01-26 00:00:00,S,0,131,1307722.86,,,,,0,0,,C,S,2026-01-26 08:52:06,,,,1,N
2026,1,471,440,GMADA,1110104000,5,FARM,2026-01-26 00:00:00,S,0,131,6445044.4,,,,,0,0,,C,S,2026-01-26 08:54:00,,,,1,N
2026,1,472,447,GMADA,1110104000,5,LAB,2026-01-26 00:00:00,S,0,131,2932446.16,,,,,0,0,,C,S,2026-01-26 08:54:37,,,,1,N
2026,1,473,449,GMADA,1110104000,5,FARM,2026-01-26 00:00:00,S,0,131,471223.5,,,,,0,0,,C,S,2026-01-26 08:58:19,,,,1,N
2026,1,474,450,GMADA,1110104000,5,HOSP,2026-01-26 00:00:00,S,0,131,380000.0,,,,,0,0,,C,S,2026-01-26 08:59:40,,,,1,N
2026,1,475,451,GMADA,1110104000,5,COC,2026-01-26 00:00:00,S,0,131,1508301.0,,,,,0,0,,C,S,2026-01-26 09:01:20,,,,1,N
2026,1,476,448,GMADA,1110104000,5,LAB,2026-01-26 00:00:00,S,0,131,1782798.01,,,,,0,0,,C,S,2026-01-26 09:04:28,,,,1,N
2026,1,477,436,GMADA,1110104000,5,HOSP,2026-01-26 00:00:00,S,0,131,1305867.82,,,,,0,0,,C,S,2026-01-26 09:10:56,,,,1,N
2026,1,478,453,GMADA,1110102000,2,GOB,2026-01-26 00:00:00,S,0,110,4600000.0,,,,,0,0,,C,S,2026-01-26 09:13:04,,,,1,N
2026,1,479,438,GMADA,1110106000,7,ACCSOC,2026-01-26 00:00:00,S,0,132,384000.0,,,,,0,0,,C,S,2026-01-26 09:13:42,,,,1,N
2026,1,480,443,GMADA,1110106000,7,JARD,2026-01-26 00:00:00,S,0,132,9700.0,,,,,0,0,,C,S,2026-01-26 09:15:16,,,,1,N
2026,1,481,444,GMADA,1110106000,7,GRAN,2026-01-26 00:00:00,S,0,110,9700.0,,,,,0,0,,C,S,2026-01-26 09:17:20,,,,2,N
2026,1,1216,1159,GMADA,1110111000,3,CAS,2026-03-30 00:00:00,S,0,131,182800.0,,,,,0,0,,C,S,2026-03-30 08:02:26,,,,1,N
2026,1,1217,1146,GMADA,1110106000,7,ACCSOC,2026-03-30 00:00:00,S,0,110,12500.01,,,,,0,0,,C,S,2026-03-30 08:04:05,,,,1,N
2026,1,1218,1145,GMADA,1110106000,7,ENV,2026-03-30 00:00:00,S,0,132,11700.0,,,,,0,0,,C,S,2026-03-30 08:05:35,,,,1,N
2026,1,1219,1144,GMADA,1110106000,7,JARD,2026-03-30 00:00:00,S,0,132,12650.0,,,,,0,0,,C,S,2026-03-30 08:06:48,,,,1,N
2026,1,1220,1157,GMADA,1110118000,25,000SU,2026-03-30 00:00:00,S,0,110,311200.0,,,,,0,0,,C,S,2026-03-30 08:07:45,,,,1,N
2026,1,1221,1142,GMADA,1110118000,25,000SU,2026-03-30 00:00:00,S,0,110,269000.0,,,,,0,0,,C,S,2026-03-30 08:08:49,,,,1,N
2026,1,1222,1134,GMADA,1110104000,5,HOSP,2026-03-30 00:00:00,S,0,131,8500000.0,,,,,0,0,,C,S,2026-03-30 08:09:42,,,,1,N
2026,1,1223,1140,GMADA,1110104000,5,HOSP,2026-03-30 00:00:00,S,0,131,6920441.0,,,,,0,0,,C,S,2026-03-30 08:10:24,,,,1,N
2026,1,1224,1119,GMADA,1110104000,5,FARM,2026-03-30 00:00:00,S,0,131,93783617.4,,,,,0,0,,C,S,2026-03-30 08:16:59,,,,1,N
2026,1,1225,1178,GMADA,1110102000,2,PRENS,2026-03-30 00:00:00,S,0,110,65000.0,,,,,0,0,,C,S,2026-03-30 11:29:01,,,,1,N
2026,1,2330,2224,GMADA,1110118000,25,000SU,2026-06-18 00:00:00,S,0,132,17672000.0,,,,,0,0,,C,S,2026-06-18 08:15:25,,,,1,N
2026,1,2331,2223,GMADA,1110118000,25,DECI,2026-06-18 00:00:00,S,0,110,916152.6,,,,,0,0,,C,S,2026-06-18 08:16:48,,,,2,N
2026,1,2332,2219,GMADA,1110118000,25,000SU,2026-06-18 00:00:00,S,0,110,85824.1,,,,,0,0,,C,S,2026-06-18 08:18:01,,,,1,N
2026,1,2386,2190,GMADA,1110104000,5,HOSP,2026-06-23 00:00:00,S,0,131,495136.12,,,,,0,0,,C,S,2026-06-23 08:25:23,,,,2,N
2026,1,2387,2277,GMADA,1110104000,5,FARM,2026-06-23 00:00:00,S,0,131,1122240.0,,,,,0,0,,C,S,2026-06-23 08:28:22,,,,1,N
2026,1,2388,2281,GMADA,1110104000,5,FARM,2026-06-23 00:00:00,S,0,131,1208036.5,,,,,0,0,,C,S,2026-06-23 08:30:32,,,,1,N
2026,1,2389,2276,GMADA,1110104000,5,HOSP,2026-06-23 00:00:00,S,0,131,1050000.0,,,,,0,0,,C,S,2026-06-23 08:31:41,,,,2,N
2026,1,2390,2273,GMADA,1110104000,5,FARM,2026-06-23 00:00:00,S,0,131,4171592.9,,,,,0,0,,C,S,2026-06-23 08:33:36,,,,1,N
2026,1,2391,2102,GMADA,1110104000,5,QUI,2026-06-23 00:00:00,S,0,131,1297324.24,,,,,0,0,,C,S,2026-06-23 08:36:28,,,,1,N
2026,1,2392,2236,GMADA,1110104000,5,LAV,2026-06-23 00:00:00,S,0,131,754300.67,,,,,0,0,,C,S,2026-06-23 08:37:57,,,,1,N
2026,1,1668,1604,GMADA,1110111000,3,CAS,2026-04-30 00:00:00,S,0,131,69910.52,,,,,0,0,,C,S,2026-04-30 12:16:15,,,,2,N
2026,1,506,487,GMADA,1110109000,13,DEP,2026-01-27 00:00:00,A,505,110,-75000.0,,,,,0,0,,N,S,2026-01-27 12:00:46,,,,0,N
2026,1,1076,1026,GMADA,1110113000,20,SECSEG,2026-03-12 00:00:00,S,0,110,809600.0,,,,,0,0,,C,S,2026-03-12 10:56:06,,,,1,N
2026,1,1077,1025,GMADA,1110113000,20,SECSEG,2026-03-12 00:00:00,S,0,110,242000.0,,,,,0,0,,C,S,2026-03-12 10:57:19,,,,1,N
2026,1,1420,1370,GMADA,1110111000,3,CAS,2026-04-14 00:00:00,S,0,131,700418.46,,,,,0,0,,C,S,2026-04-14 07:54:30,,,,1,N
2026,1,1422,1369,GMADA,1110111000,3,CAS,2026-04-14 00:00:00,S,0,131,229651.95,,,,,0,0,,C,S,2026-04-14 07:56:51,,,,1,N
2026,1,1426,1356,GMADA,1110105000,6,CULTUR,2026-04-14 00:00:00,S,0,110,1666000.0,,,,,0,0,,C,S,2026-04-14 08:06:43,,,,1,N
2026,1,1427,1362,GMADA,1110105000,6,MUSH,2026-04-14 00:00:00,S,0,110,110000.0,,,,,0,0,,C,S,2026-04-14 08:07:57,,,,1,N
2026,1,1452,1378,GMADA,1110118000,25,000SU,2026-04-14 00:00:00,S,0,110,1570000.0,,,,,0,0,,C,S,2026-04-15 12:09:15,,,,1,N
2026,1,1453,1371,GMADA,1110118000,25,BARU,2026-04-14 00:00:00,S,0,110,4000000.0,,,,,0,0,,C,S,2026-04-14 10:15:50,,,,3,N
2026,1,1454,1387,GMADA,1110108000,14,PROD,2026-04-14 00:00:00,S,0,110,500000.0,,,,,0,0,,C,S,2026-04-14 12:14:27,,,,1,N
2026,1,2052,1965,GMADA,1110112000,19,CONTRA,2026-05-28 00:00:00,S,0,110,175000.0,,,,,0,0,,C,S,2026-05-28 10:16:03,,,,1,N
2026,1,2067,936,GMADA,1110105000,6,CULTUR,2026-05-28 00:00:00,S,0,132,1800000.0,,,,,0,0,,C,S,2026-05-28 11:44:35,,,,1,N
2026,1,398,385,GMADA,1110104000,5,HOSP,2026-01-21 00:00:00,S,0,131,4242369.0,,,,,0,0,,C,S,2026-01-21 09:30:05,,,,1,N
2026,1,399,411,GMADA,1110105000,6,CULTUR,2026-01-21 00:00:00,S,0,110,100000.0,,,,,0,0,,C,S,2026-01-21 09:31:35,,,,1,N
2026,1,400,388,GMADA,1110118000,25,000SU,2026-01-21 00:00:00,S,0,110,65000.0,,,,,0,0,,C,S,2026-01-21 09:32:32,,,,1,N
2026,1,401,393,GMADA,1110118000,25,000SU,2026-01-21 00:00:00,S,0,110,1188215.84,,,,,0,0,,C,S,2026-01-21 09:34:00,,,,1,N
2026,1,402,374,GMADA,1110106000,7,GRAN,2026-01-21 00:00:00,S,0,110,2234296.32,,,,,0,0,,C,S,2026-01-21 09:35:18,,,,2,N
2026,1,403,390,GMADA,1110106000,7,ACCSOC,2026-01-21 00:00:00,S,0,110,768016.54,,,,,0,0,,C,S,2026-01-21 09:38:59,,,,1,N
2026,1,404,395,GMADA,1110113000,20,SECSEG,2026-01-21 00:00:00,S,0,110,221000.0,,,,,0,0,,C,S,2026-01-21 09:40:59,,,,1,N
2026,1,405,396,GMADA,1110113000,20,SECSEG,2026-01-21 00:00:00,S,0,110,28099.72,,,,,0,0,,C,S,2026-01-21 09:43:04,,,,1,N
2026,1,406,397,GMADA,1110113000,20,SECSEG,2026-01-21 00:00:00,S,0,110,90150.0,,,,,0,0,,C,S,2026-01-21 09:47:08,,,,1,N
2026,1,407,403,GMADA,1110118000,25,000SU,2026-01-21 00:00:00,S,0,132,12888000.0,,,,,0,0,,C,S,2026-01-21 09:49:16,,,,1,N
2026,1,408,405,GMADA,1110111000,3,CAS,2026-01-21 00:00:00,S,0,131,11277000.0,,,,,0,0,,C,S,2026-01-21 09:51:12,,,,1,N
2026,1,409,404,GMADA,1110118000,25,BARU,2026-01-21 00:00:00,S,0,132,1933200.0,,,,,0,0,,A,S,2026-01-21 09:51:50,2026-01-23 08:09:10,ERROR,,1,N
2026,1,410,406,GMADA,1110111000,3,CAS,2026-01-21 00:00:00,S,0,131,574434.0,,,,,0,0,,C,S,2026-01-21 09:57:35,,,,1,N
2026,1,411,402,GMADA,1110104000,5,HOSP,2026-01-21 00:00:00,S,0,131,2183354.9,,,,,0,0,,C,S,2026-01-21 09:59:40,,,,1,N
2026,1,412,401,GMADA,1110109000,13,DEP,2026-01-21 00:00:00,S,0,110,500000.0,,,,,0,0,,C,S,2026-01-21 10:02:18,,,,1,N
2026,1,413,382,GMADA,1110104000,5,FARM,2026-01-21 00:00:00,S,0,131,762755.1,,,,,0,0,,C,S,2026-01-21 10:03:02,,,,1,N
2026,1,414,387,GMADA,1110104000,5,HOSP,2026-01-21 00:00:00,S,0,131,123760.0,,,,,0,0,,C,S,2026-01-21 10:05:57,,,,2,N
2026,1,415,380,GMADA,1110104000,5,COC,2026-01-21 00:00:00,S,0,131,2292094.0,,,,,0,0,,C,S,2026-01-21 10:09:58,,,,1,N
2026,1,416,305,GMADA,1110104000,5,COC,2026-01-21 00:00:00,S,0,131,686538.91,,,,,0,0,,C,S,2026-01-21 10:12:28,,,,1,N
2026,1,417,384,GMADA,1110104000,5,HOSP,2026-01-21 00:00:00,S,0,131,54491.56,,,,,0,0,,C,S,2026-01-21 10:13:05,,,,2,N
2026,1,418,383,GMADA,1110104000,11,BROM,2026-01-21 00:00:00,S,0,110,31952.94,,,,,0,0,,C,S,2026-01-21 10:14:27,,,,1,N
2026,1,419,391,GMADA,1110104000,5,COC,2026-01-21 00:00:00,S,0,131,153000.0,,,,,0,0,,C,S,2026-01-21 10:18:21,,,,1,N
2026,1,420,386,GMADA,1110104000,5,HOSP,2026-01-21 00:00:00,S,0,131,1826436.92,,,,,0,0,,C,S,2026-01-21 10:20:32,,,,1,N
2026,1,421,235,GMADA,1110118000,25,VIMUNI,2026-01-21 00:00:00,A,208,110,-425000.0,,,,,0,0,,N,S,2026-01-21 10:23:03,,,,0,N
2026,1,422,416,GMADA,1110104000,5,LAB,2026-01-21 00:00:00,S,0,131,2431228.0,,,,,0,0,,C,S,2026-01-21 10:48:11,,,,1,N
2026,1,423,418,GMADA,1110104000,5,LAB,2026-01-21 00:00:00,S,0,131,1683160.0,,,,,0,0,,C,S,2026-01-21 10:48:35,,,,1,N
2026,1,424,419,GMADA,1110104000,5,LAB,2026-01-21 00:00:00,S,0,131,1792260.0,,,,,0,0,,C,S,2026-01-21 10:48:56,,,,1,N
2026,1,425,421,GMADA,1110104000,5,LAB,2026-01-21 00:00:00,S,0,131,2347208.0,,,,,0,0,,C,S,2026-01-21 10:49:16,,,,1,N
2026,1,426,235,GMADA,1110101000,1,INT,2026-01-21 00:00:00,S,0,110,425000.0,,,,,0,0,,C,S,2026-01-21 10:52:11,,,,2,N
2026,1,507,492,GMADA,1110108000,14,PROD,2026-01-28 00:00:00,S,0,110,420000.0,,,,,0,0,,A,S,2026-01-28 09:39:13,2026-01-28 09:39:13,ERROR,,1,N
2026,1,508,492,GMADA,1110108000,14,PROD,2026-01-28 00:00:00,A,507,110,-420000.0,,,,,0,0,,N,S,2026-01-28 09:39:13,,,,1,N
2026,1,509,492,GMADA,1110108000,14,PROD,2026-01-28 00:00:00,S,0,110,420000.0,,,,,0,0,,C,S,2026-01-28 09:55:34,,,,1,N
2026,1,510,488,GMADA,1110105000,6,CULTUR,2026-01-28 00:00:00,S,0,110,8250.4,,,,,0,0,,C,S,2026-01-28 11:34:36,,,,1,N
2026,1,511,489,GMADA,1110111000,3,CAS,2026-01-28 00:00:00,S,0,131,960000.0,,,,,0,0,,C,S,2026-01-28 11:35:40,,,,1,N
2026,1,512,500,GMADA,1110111000,3,CAS,2026-01-28 00:00:00,S,0,131,150000.0,,,,,0,0,,C,S,2026-01-28 11:36:50,,,,1,N
2026,1,513,490,GMADA,1110118000,25,000SU,2026-01-28 00:00:00,S,0,110,65000.0,,,,,0,0,,C,S,2026-01-28 11:38:09,,,,1,N
2026,1,514,493,GMADA,1110118000,25,000SU,2026-01-28 00:00:00,S,0,110,150000.0,,,,,0,0,,C,S,2026-01-28 11:39:25,,,,1,N
2026,1,515,494,GMADA,1110118000,25,000SU,2026-01-28 00:00:00,S,0,110,18260.2,,,,,0,0,,C,S,2026-01-28 11:41:32,,,,1,N
2026,1,516,491,GMADA,1110118000,25,18C,2026-01-28 00:00:00,S,0,110,87904.11,,,,,0,0,,C,S,2026-01-28 11:42:09,,,,1,N
2026,1,517,482,GMADA,1110106000,7,ENV,2026-01-28 00:00:00,S,0,132,109529.2,,,,,0,0,,C,S,2026-01-28 11:44:29,,,,1,N
2026,1,518,481,GMADA,1110106000,7,JARD,2026-01-28 00:00:00,S,0,132,73410.0,,,,,0,0,,C,S,2026-01-28 11:45:04,,,,1,N
2026,1,519,479,GMADA,1110106000,7,JARD,2026-01-28 00:00:00,S,0,132,133300.0,,,,,0,0,,C,S,2026-01-28 11:47:03,,,,1,N
2026,1,520,486,GMADA,1110112000,19,TESOR,2026-01-28 00:00:00,S,0,110,55939.85,,,,,0,0,,C,S,2026-01-28 11:48:26,,,,1,N
2026,1,521,17,GMADA,1110200000,8,PRESID,2026-01-28 00:00:00,S,0,110,2153460.0,,,,,0,0,,C,S,2026-01-28 11:50:14,,,,1,N
2026,1,522,20,GMADA,1110104000,5,OSA,2026-01-28 00:00:00,S,0,131,3953460.0,,,,,0,0,,C,S,2026-01-28 11:52:15,,,,2,N
2026,1,523,19,GMADA,1110117000,24,000F,2026-01-28 00:00:00,S,0,110,1515900.0,,,,,0,0,,C,S,2026-01-28 11:53:43,,,,1,N
2026,1,524,16,GMADA,1110102000,2,DESP,2026-01-28 00:00:00,S,0,110,4073460.0,,,,,0,0,,C,S,2026-01-28 11:56:54,,,,1,N
2026,1,525,502,GMADA,1110102000,2,GOBHAC,2026-01-28 00:00:00,S,0,110,32500.0,,,,,0,0,,C,S,2026-01-28 11:57:26,,,,1,N
2026,1,526,14,GMADA,1110112000,19,INGPUB,2026-01-28 00:00:00,S,0,110,7546920.0,,,,,0,0,,C,S,2026-01-28 11:59:04,,,,2,N
2026,1,527,496,GMADA,1110200000,8,PRESID,2026-01-28 00:00:00,S,0,110,1000000.0,,,,,0,0,,C,S,2026-01-28 12:03:09,,,,1,N
2026,1,528,498,GMADA,1110200000,8,PRESID,2026-01-28 00:00:00,S,0,110,200000.0,,,,,0,0,,C,S,2026-01-28 12:06:53,,,,1,N
2026,1,529,487,GMADA,1110112000,19,CONTRA,2026-01-28 00:00:00,S,0,110,10259.2,,,,,0,0,,C,S,2026-01-28 12:46:22,,,,1,N
2026,1,625,598,GMADA,1110112000,19,INGPU,2026-02-09 00:00:00,S,0,110,40000.0,,,,,0,0,,C,S,2026-02-09 08:30:57,,,,1,N
2026,1,756,708,GMADA,1110118000,25,000SU,2026-02-18 00:00:00,S,0,110,3005640.0,,,,,0,0,,C,S,2026-02-18 09:05:10,,,,2,N
2026,1,757,712,GMADA,1110200000,8,PRESID,2026-02-18 00:00:00,A,712,110,-55000.0,,,,,0,0,,N,S,2026-02-18 09:51:53,,,,1,N
2026,1,758,712,GMADA,1110200000,8,PRESID,2026-02-18 00:00:00,S,0,110,130000.0,,,,,0,0,,C,S,2026-02-18 09:55:45,,,,1,N
2026,1,760,742,GMADA,1110104000,5,HOSP,2026-02-18 00:00:00,S,0,131,24000000.0,,,,,0,0,,C,S,2026-02-18 12:36:58,,,,2,N
2026,1,844,838,GMADA,1110118000,25,000SU,2026-02-26 00:00:00,S,0,110,424136.94,,,,,0,0,,C,S,2026-02-26 08:04:31,,,,2,N
2026,1,852,815,GMADA,1110104000,5,COC,2026-02-26 00:00:00,A,838,131,-411147.0,,,,,0,0,,N,S,2026-02-26 09:01:50,,,,0,N
2026,1,853,842,GMADA,1110109000,13,DEP,2026-02-26 00:00:00,S,0,110,120000.0,,,,,0,0,,C,S,2026-02-26 09:05:44,,,,1,N
2026,1,854,840,GMADA,1110109000,13,DEP,2026-02-26 00:00:00,S,0,110,850000.0,,,,,0,0,,C,S,2026-02-26 09:06:04,,,,2,N
2026,1,855,815,GMADA,1110104000,5,COC,2026-02-26 00:00:00,S,0,131,412137.0,,,,,0,0,,C,S,2026-02-26 09:07:57,,,,2,N
2026,1,857,816,GMADA,1110104000,5,HOSP,2026-02-26 00:00:00,S,0,131,2460000.0,,,,,0,0,,A,S,2026-02-26 09:33:42,2026-03-02 12:40:30,ERROR,,1,N
2026,1,870,643,GMADA,1110105000,6,CULTUR,2026-02-26 00:00:00,A,674,110,-1800000.0,,,,,0,0,,N,S,2026-02-26 10:36:08,,,,0,N
2026,1,871,844,GMADA,1110109000,13,DEP,2026-02-26 00:00:00,S,0,110,192140.0,,,,,0,0,,C,S,2026-02-26 10:40:27,,,,1,N
2026,1,872,643,GMADA,1110105000,6,CULTUR,2026-02-26 00:00:00,S,0,110,1800000.0,,,,,0,0,,C,S,2026-02-26 10:50:31,,,,2,N
2026,1,883,849,GMADA,1110109000,13,DEP,2026-02-26 00:00:00,S,0,110,500000.0,,,,,0,0,,C,S,2026-02-26 12:24:07,,,,1,N
2026,1,917,909,GMADA,1110115000,22,DIRINF,2026-03-04 00:00:00,S,0,110,119796.0,,,,,0,0,,C,S,2026-03-04 08:16:12,,,,3,N
2026,1,919,913,GMADA,1110102000,2,GOBHAC,2026-03-04 00:00:00,S,0,110,8070000.0,,,,,0,0,,C,S,2026-03-04 09:44:28,,,,2,N
2026,1,920,885,GMADA,1110109000,13,DEP,2026-03-04 00:00:00,S,0,110,2000000.0,,,,,0,0,,C,S,2026-03-04 12:09:45,,,,1,N
2026,1,921,905,GMADA,1110117000,24,000A,2026-03-04 00:00:00,S,0,110,7600.0,,,,,0,0,,C,S,2026-03-04 12:13:36,,,,1,N
2026,1,922,920,GMADA,1110102000,2,GOBHAC,2026-03-04 00:00:00,S,0,110,8070000.0,,,,,0,0,,C,S,2026-03-04 12:31:44,,,,2,N
2026,1,1073,989,GMADA,1110109000,13,DEP,2026-03-12 00:00:00,A,1019,210,-128380.0,,,,,0,0,,N,S,2026-03-12 10:18:12,,,,0,N
2026,1,1074,989,GMADA,1110109000,13,DEP,2026-03-12 00:00:00,S,0,132,128380.0,,,,,0,0,,C,S,2026-03-12 10:18:35,,,,1,N
2026,1,1075,1039,GMADA,1110118000,25,00003,2026-03-12 00:00:00,S,0,132,38100000.0,,,,,0,0,,C,S,2026-03-12 10:49:27,,,,1,N
2026,1,1163,1082,GMADA,1110104000,5,ESTH,2026-03-20 00:00:00,S,0,131,40800.0,,,,,0,0,,C,S,2026-03-20 08:44:37,,,,1,N
2026,1,1164,1081,GMADA,1110104000,5,COC,2026-03-20 00:00:00,S,0,131,134576.0,,,,,0,0,,C,S,2026-03-20 08:48:15,,,,1,N
2026,1,1165,1073,GMADA,1110103000,3,OPP,2026-03-20 00:00:00,S,0,110,5400000.0,,,,,0,0,,C,S,2026-03-20 08:49:34,,,,1,N
2026,1,1166,1080,GMADA,1110104000,11,BROM,2026-03-20 00:00:00,S,0,110,137978.1,,,,,0,0,,C,S,2026-03-20 08:51:43,,,,1,N
2026,1,1167,1079,GMADA,1110104000,5,LAV,2026-03-20 00:00:00,S,0,131,527339.43,,,,,0,0,,C,S,2026-03-20 08:55:05,,,,3,N
2026,1,1168,1078,GMADA,1110104000,5,HEMO,2026-03-20 00:00:00,S,0,131,80000.0,,,,,0,0,,C,S,2026-03-20 08:58:59,,,,1,N
2026,1,1169,1102,GMADA,1110112000,19,CONTRA,2026-03-20 00:00:00,S,0,110,336000.0,,,,,0,0,,C,S,2026-03-20 09:01:25,,,,1,N
2026,1,1170,1092,GMADA,1110118000,25,000SU,2026-03-20 00:00:00,S,0,110,737000.0,,,,,0,0,,C,S,2026-03-20 09:06:59,,,,1,N
2026,1,1171,1097,GMADA,1110118000,25,000SU,2026-03-20 00:00:00,S,0,110,150000.0,,,,,0,0,,C,S,2026-03-20 09:09:40,,,,1,N
2026,1,1172,1096,GMADA,1110118000,25,000SU,2026-03-20 00:00:00,S,0,110,507363.0,,,,,0,0,,C,S,2026-03-20 09:16:42,,,,1,N
2026,1,1173,1093,GMADA,1110117000,24,000J,2026-03-20 00:00:00,S,0,110,98000.0,,,,,0,0,,C,S,2026-03-20 10:30:58,,,,1,N
2026,1,1174,1094,GMADA,1110111000,3,CAS,2026-03-20 00:00:00,S,0,131,5381234.0,,,,,0,0,,C,S,2026-03-20 10:32:55,,,,2,N
2026,1,1176,1105,GMADA,1110200000,8,PRESID,2026-03-20 00:00:00,S,0,110,33700.0,,,,,0,0,,C,S,2026-03-20 11:56:16,,,,1,N
2026,1,2407,2301,GMADA,1110111000,3,CAS,2026-06-25 00:00:00,S,0,131,2935000.0,,,,,0,0,,C,S,2026-06-25 08:06:04,,,,2,N
2026,1,2408,2288,GMADA,1110118000,25,000SU,2026-06-25 00:00:00,S,0,110,700000.0,,,,,0,0,,C,S,2026-06-25 08:06:41,,,,1,N
2026,1,2409,2286,GMADA,1110118000,25,000SU,2026-06-25 00:00:00,S,0,110,2592810.0,,,,,0,0,,C,S,2026-06-25 08:08:05,,,,1,N
2026,1,2410,2287,GMADA,1110118000,25,000SU,2026-06-25 00:00:00,S,0,132,5000000.0,,,,,0,0,,C,S,2026-06-25 08:09:42,,,,1,N
2026,1,2411,2304,GMADA,1110105000,6,CASA,2026-06-25 00:00:00,S,0,110,250000.0,,,,,0,0,,C,S,2026-06-25 08:20:56,,,,2,N
2026,1,2412,2289,GMADA,1110103000,3,OPP,2026-06-25 00:00:00,S,0,132,4000000.0,,,,,0,0,,C,S,2026-06-25 08:21:52,,,,1,N
2026,1,2413,2305,GMADA,1110104000,5,HOSP,2026-06-25 00:00:00,S,0,131,2230000.0,,,,,0,0,,C,S,2026-06-25 08:35:29,,,,1,N
2026,1,2414,2294,GMADA,1110104000,5,COC,2026-06-25 00:00:00,S,0,131,443085.0,,,,,0,0,,C,S,2026-06-25 08:37:17,,,,2,N
2026,1,2415,2295,GMADA,1110104000,5,CONEX,2026-06-25 00:00:00,S,0,131,65848.32,,,,,0,0,,C,S,2026-06-25 09:04:53,,,,1,N
2026,1,2416,2296,GMADA,1110104000,5,LAV,2026-06-25 00:00:00,S,0,131,228121.21,,,,,0,0,,C,S,2026-06-25 09:09:28,,,,1,N
2026,1,2417,2293,GMADA,1110104000,5,COC,2026-06-25 00:00:00,S,0,131,16000.0,,,,,0,0,,C,S,2026-06-25 09:10:26,,,,1,N
2026,1,2418,2290,GMADA,1110104000,5,FARM,2026-06-25 00:00:00,S,0,131,79050.0,,,,,0,0,,C,S,2026-06-25 09:18:43,,,,1,N
2026,1,2419,2291,GMADA,1110104000,5,QUI,2026-06-25 00:00:00,S,0,131,360520.0,,,,,0,0,,C,S,2026-06-25 09:19:23,,,,1,N
2026,1,2420,2292,GMADA,1110104000,5,NEUROL,2026-06-25 00:00:00,S,0,131,23000.0,,,,,0,0,,C,S,2026-06-25 09:21:05,,,,1,N
2026,1,2421,2280,GMADA,1110104000,5,EST,2026-06-25 00:00:00,S,0,131,3164500.0,,,,,0,0,,A,S,2026-06-25 09:22:24,2026-07-01 11:24:52,ERROR,,1,N
2026,1,2422,2278,GMADA,1110104000,5,HOSP,2026-06-25 00:00:00,S,0,131,199000.0,,,,,0,0,,C,S,2026-06-25 09:23:45,,,,1,N
2026,1,2423,2279,GMADA,1110104000,5,HOSP,2026-06-25 00:00:00,S,0,131,45000.0,,,,,0,0,,C,S,2026-06-25 09:25:13,,,,1,N
2026,1,2424,2260,GMADA,1110104000,5,HOGANC,2026-06-25 00:00:00,S,0,131,40500.0,,,,,0,0,,C,S,2026-06-25 09:26:18,,,,1,N
2026,1,2425,2258,GMADA,1110104000,5,COC,2026-06-25 00:00:00,S,0,131,471750.0,,,,,0,0,,C,S,2026-06-25 09:27:42,,,,1,N
2026,1,2426,2259,GMADA,1110104000,5,HOGANC,2026-06-25 00:00:00,S,0,131,52800.0,,,,,0,0,,C,S,2026-06-25 09:34:33,,,,1,N
2026,1,2427,2257,GMADA,1110104000,5,HOGANC,2026-06-25 00:00:00,S,0,131,310700.0,,,,,0,0,,C,S,2026-06-25 09:30:24,,,,1,N
2026,1,2428,2237,GMADA,1110104000,5,LAV,2026-06-25 00:00:00,S,0,131,911085.46,,,,,0,0,,C,S,2026-06-25 09:36:23,,,,1,N
2026,1,2429,2264,GMADA,1110104000,5,COC,2026-06-25 00:00:00,S,0,131,621000.0,,,,,0,0,,C,S,2026-06-25 09:41:40,,,,1,N
2026,1,2430,2262,GMADA,1110104000,11,BROM,2026-06-25 00:00:00,S,0,110,155746.0,,,,,0,0,,C,S,2026-06-25 09:43:56,,,,1,N
2026,1,2431,2263,GMADA,1110104000,5,HOSP,2026-06-25 00:00:00,S,0,131,398781.54,,,,,0,0,,C,S,2026-06-25 09:52:07,,,,1,N
2026,1,2432,2261,GMADA,1110104000,5,INTER,2026-06-25 00:00:00,S,0,131,246147.81,,,,,0,0,,C,S,2026-06-25 09:52:52,,,,1,N
2026,1,2563,2370,GMADA,1110104000,5,LAB,2026-07-06 00:00:00,S,0,131,37752.0,,,,,0,0,,C,S,2026-07-06 09:29:51,,,,1,N
2026,1,2564,2371,GMADA,1110104000,5,LAB,2026-07-06 00:00:00,S,0,131,893873.45,,,,,0,0,,C,S,2026-07-06 09:33:46,,,,1,N
2026,1,2565,2405,GMADA,1110105000,6,CASA,2026-07-06 00:00:00,S,0,110,425000.0,,,,,0,0,,C,S,2026-07-06 09:34:55,,,,1,N
2026,1,2566,2374,GMADA,1110104000,5,CAP,2026-07-06 00:00:00,S,0,131,27885.82,,,,,0,0,,C,S,2026-07-06 09:35:53,,,,1,N
2026,1,2567,2372,GMADA,1110104000,5,COC,2026-07-06 00:00:00,S,0,131,128000.0,,,,,0,0,,C,S,2026-07-06 09:37:57,,,,1,N
2026,1,2568,2373,GMADA,1110104000,5,COC,2026-07-06 00:00:00,S,0,131,207900.0,,,,,0,0,,C,S,2026-07-06 09:38:16,,,,1,N
2026,1,2569,2362,GMADA,1110104000,5,LAB,2026-07-06 00:00:00,S,0,131,1327659.04,,,,,0,0,,C,S,2026-07-06 09:41:25,,,,1,N
2026,1,2570,2360,GMADA,1110104000,5,LAB,2026-07-06 00:00:00,S,0,131,354080.56,,,,,0,0,,C,S,2026-07-06 09:43:57,,,,1,N
2026,1,2571,2367,GMADA,1110104000,5,LAB,2026-07-06 00:00:00,S,0,131,331271.54,,,,,0,0,,A,S,2026-07-06 09:44:52,2026-07-14 08:14:50,ERROR,,1,N
2026,1,2572,2368,GMADA,1110104000,5,LAB,2026-07-06 00:00:00,S,0,131,337780.12,,,,,0,0,,C,S,2026-07-06 09:46:10,,,,1,N
2026,1,2573,2369,GMADA,1110104000,5,LAB,2026-07-06 00:00:00,S,0,131,85597.3,,,,,0,0,,C,S,2026-07-06 09:48:56,,,,1,N
2026,1,531,505,GMADA,1110118000,25,000SU,2026-01-29 00:00:00,S,0,110,660000.0,,,,,0,0,,C,S,2026-01-29 11:07:35,,,,1,N
2026,1,532,507,GMADA,1110118000,25,000SU,2026-01-29 00:00:00,S,0,110,620000.0,,,,,0,0,,C,S,2026-01-29 11:09:10,,,,1,N
2026,1,533,508,GMADA,1110118000,25,DECI,2026-01-29 00:00:00,S,0,110,49800.0,,,,,0,0,,C,S,2026-01-29 11:10:32,,,,1,N
2026,1,534,517,GMADA,1110111000,3,CAS,2026-01-29 00:00:00,S,0,131,300000.0,,,,,0,0,,C,S,2026-01-29 11:27:39,,,,1,N
2026,1,535,12,GMADA,1110112000,19,SEHA,2026-01-29 00:00:00,A,13,110,-268000.0,,,,,0,0,,N,S,2026-01-29 12:03:53,,,,0,N
2026,1,537,417,GMADA,1110118000,25,DECI,2026-01-29 00:00:00,A,454,110,-665200.0,,,,,0,0,,N,S,2026-01-29 12:36:42,,,,0,N
2026,1,538,417,GMADA,1110118000,25,DECI,2026-01-29 00:00:00,S,0,110,673200.0,,,,,0,0,,C,S,2026-01-29 12:48:34,,,,1,N
2026,1,607,513,GMADA,1110104000,5,HOGANC,2026-02-04 00:00:00,A,544,131,-30000.0,,,,,0,0,,N,S,2026-02-04 10:15:09,,,,0,N
2026,1,609,527,GMADA,1110104000,5,INTER,2026-02-04 00:00:00,S,0,131,368508.33,,,,,0,0,,C,S,2026-02-04 12:42:15,,,,1,N
2026,1,618,577,GMADA,1110105000,6,CULTUR,2026-02-06 00:00:00,S,0,110,53526.0,,,,,0,0,,C,S,2026-02-06 11:02:33,,,,1,N
2026,1,1042,908,GMADA,1110105000,6,CULTUR,2026-03-10 00:00:00,A,925,110,-250000.0,,,,,0,0,,N,S,2026-03-10 11:04:12,,,,0,N
2026,1,1043,908,GMADA,1110105000,6,CULTUR,2026-03-10 00:00:00,S,0,110,250000.0,,,,,0,0,,C,S,2026-03-10 11:11:45,,,,2,N
2026,1,1175,1095,GMADA,1110111000,3,CAS,2026-03-20 00:00:00,S,0,131,489000.0,,,,,0,0,,C,S,2026-03-20 11:05:27,,,,1,N
2026,1,1664,1588,GMADA,1110118000,25,000SU,2026-04-30 00:00:00,S,0,110,795000.0,,,,,0,0,,C,S,2026-04-30 08:19:25,,,,2,N
2026,1,1666,1573,GMADA,1110104000,5,SALA I,2026-04-30 00:00:00,S,0,131,4760979.0,,,,,0,0,,C,S,2026-04-30 10:44:20,,,,1,N
2026,1,1669,1574,GMADA,1110118000,25,000SU,2026-04-30 00:00:00,S,0,110,325000.0,,,,,0,0,,C,S,2026-04-30 12:56:34,,,,1,N
2026,1,1670,1571,GMADA,1110118000,25,VIMUNI,2026-04-30 00:00:00,S,0,110,17880.0,,,,,0,0,,C,S,2026-04-30 12:57:05,,,,1,N
2026,1,1671,1570,GMADA,1110118000,25,000SU,2026-04-30 00:00:00,S,0,110,187400.0,,,,,0,0,,C,S,2026-04-30 12:58:41,,,,1,N
2026,1,1672,1565,GMADA,1110106000,7,JARD,2026-04-30 00:00:00,S,0,132,17432.0,,,,,0,0,,C,S,2026-04-30 13:00:21,,,,1,N
2026,1,1673,1566,GMADA,1110106000,7,ENV,2026-04-30 00:00:00,S,0,132,28000.0,,,,,0,0,,C,S,2026-04-30 13:02:34,,,,1,N
2026,1,1753,1704,GMADA,1110105000,6,CULTUR,2026-05-07 00:00:00,S,0,110,810000.0,,,,,0,0,,C,S,2026-05-07 12:50:10,,,,1,N
2026,1,1810,1748,GMADA,1110109000,13,DEP,2026-05-11 00:00:00,S,0,110,3150000.0,,,,,0,0,,C,S,2026-05-11 09:23:26,,,,2,N
2026,1,1894,1811,GMADA,1110118000,25,000SU,2026-05-15 00:00:00,S,0,110,7982806.5,,,,,0,0,,C,S,2026-05-15 09:01:26,,,,2,N
2026,1,1895,1784,GMADA,1110104000,5,LAB,2026-05-15 00:00:00,S,0,131,1352490.82,,,,,0,0,,C,S,2026-05-15 09:18:27,,,,1,N
2026,1,1896,1812,GMADA,1110106000,7,ACCSOC,2026-05-15 00:00:00,S,0,110,55000.0,,,,,0,0,,C,S,2026-05-15 10:10:06,,,,2,N
2026,1,1897,1814,GMADA,1110104000,5,HOSP,2026-05-15 00:00:00,S,0,131,360000.0,,,,,0,0,,A,S,2026-05-15 12:53:53,2026-06-29 10:54:02,ERROR,,2,N
2026,1,2004,1937,GMADA,1110102000,2,PRENS,2026-05-26 00:00:00,S,0,110,26400.0,,,,,0,0,,C,S,2026-05-26 10:15:27,,,,1,N
2026,1,2005,1938,GMADA,1110112000,19,CONTRA,2026-05-26 00:00:00,S,0,110,1018846.88,,,,,0,0,,C,S,2026-05-26 11:18:50,,,,1,N
2026,1,2006,1939,GMADA,1110112000,19,CONTRA,2026-05-26 00:00:00,S,0,110,583400.0,,,,,0,0,,C,S,2026-05-26 11:19:29,,,,1,N
2026,1,2007,1942,GMADA,1110102000,2,GOBHAC,2026-05-26 00:00:00,S,0,110,135000.0,,,,,0,0,,C,S,2026-05-26 12:17:01,,,,3,N
2026,1,2216,2078,GMADA,1110106000,7,ACCSOC,2026-06-10 00:00:00,S,0,132,266000.0,,,,,0,0,,C,S,2026-06-10 07:47:27,,,,1,N
2026,1,2219,2106,GMADA,1110104000,5,FARM,2026-06-10 00:00:00,S,0,131,3083002.4,,,,,0,0,,C,S,2026-06-10 11:09:38,,,,1,N
2026,1,2220,2121,GMADA,1110101000,1,CEREM,2026-06-10 00:00:00,S,0,110,87500.0,,,,,0,0,,A,S,2026-06-10 11:10:44,2026-06-30 09:39:54,ERROR,,1,N
2026,1,2221,2132,GMADA,1110111000,3,CAS,2026-06-10 00:00:00,S,0,131,240000.0,,,,,0,0,,C,S,2026-06-10 11:11:29,,,,1,N
2026,1,2222,2114,GMADA,1110118000,25,000SU,2026-06-10 00:00:00,S,0,110,1350000.0,,,,,0,0,,C,S,2026-06-10 11:12:25,,,,1,N
2026,1,2223,2116,GMADA,1110118000,25,000SU,2026-06-10 00:00:00,S,0,110,193000.0,,,,,0,0,,C,S,2026-06-10 11:13:27,,,,1,N
2026,1,2226,2117,GMADA,1110118000,25,000SU,2026-06-10 00:00:00,S,0,110,128000.0,,,,,0,0,,C,S,2026-06-10 11:14:35,,,,1,N
2026,1,2227,2118,GMADA,1110118000,25,000SU,2026-06-10 00:00:00,S,0,110,1158889.6,,,,,0,0,,C,S,2026-06-10 11:16:07,,,,1,N
2026,1,2228,2130,GMADA,1110118000,25,000SU,2026-06-10 00:00:00,S,0,110,776392.05,,,,,0,0,,C,S,2026-06-10 11:17:47,,,,1,N
2026,1,2229,2115,GMADA,1110118000,25,000SU,2026-06-10 00:00:00,S,0,110,1898622.0,,,,,0,0,,C,S,2026-06-10 11:19:00,,,,1,N
2026,1,2231,2131,GMADA,1110118000,25,000SU,2026-06-10 00:00:00,S,0,110,101186.17,,,,,0,0,,C,S,2026-06-10 11:22:31,,,,1,N
2026,1,2232,2112,GMADA,1110106000,7,ACCSOC,2026-06-10 00:00:00,S,0,132,5070000.0,,,,,0,0,,C,S,2026-06-10 11:23:36,,,,1,N
2026,1,2233,2094,GMADA,1110104000,5,HOGANC,2026-06-10 00:00:00,S,0,131,58000.0,,,,,0,0,,C,S,2026-06-10 11:28:48,,,,1,N
2026,1,2234,2069,GMADA,1110104000,5,HOSP,2026-06-10 00:00:00,S,0,131,292320.0,,,,,0,0,,C,S,2026-06-10 11:29:56,,,,1,N
2026,1,2235,2068,GMADA,1110104000,5,HOSP,2026-06-10 00:00:00,S,0,131,24800.0,,,,,0,0,,C,S,2026-06-10 11:30:48,,,,1,N
2026,1,2236,2067,GMADA,1110104000,5,HOSP,2026-06-10 00:00:00,S,0,131,149050.0,,,,,0,0,,C,S,2026-06-10 11:31:45,,,,1,N
2026,1,2237,2066,GMADA,1110104000,5,HOSP,2026-06-10 00:00:00,S,0,131,221900.0,,,,,0,0,,C,S,2026-06-10 11:32:42,,,,1,N
2026,1,2238,2065,GMADA,1110104000,5,LAB,2026-06-10 00:00:00,S,0,131,31639.34,,,,,0,0,,C,S,2026-06-10 11:33:47,,,,1,N
2026,1,2239,2064,GMADA,1110104000,5,HOSP,2026-06-10 00:00:00,S,0,131,155570.0,,,,,0,0,,C,S,2026-06-10 11:34:42,,,,1,N
2026,1,2240,2063,GMADA,1110104000,5,HOSP,2026-06-10 00:00:00,S,0,131,166670.0,,,,,0,0,,C,S,2026-06-10 11:36:51,,,,1,N
2026,1,2241,2109,GMADA,1110108000,14,PROD,2026-06-10 00:00:00,S,0,110,7200.0,,,,,0,0,,C,S,2026-06-10 11:38:40,,,,1,N
2026,1,2242,2119,GMADA,1110109000,13,DEP,2026-06-10 00:00:00,S,0,110,5000000.0,,,,,0,0,,C,S,2026-06-10 11:39:25,,,,1,N
2026,1,2243,2071,GMADA,1110104000,5,HOSP,2026-06-10 00:00:00,S,0,131,660000.0,,,,,0,0,,C,S,2026-06-10 11:41:30,,,,1,N
2026,1,2244,2113,GMADA,1110111000,3,CAS,2026-06-10 00:00:00,S,0,131,260000.0,,,,,0,0,,C,S,2026-06-10 11:45:11,,,,1,N
2026,1,2245,2089,GMADA,1110106000,7,ACCSOC,2026-06-10 00:00:00,S,0,132,127500.0,,,,,0,0,,C,S,2026-06-10 11:47:18,,,,1,N
2026,1,2246,2088,GMADA,1110106000,7,DDS,2026-06-10 00:00:00,S,0,110,1550000.0,,,,,0,0,,A,S,2026-06-10 11:49:18,2026-06-17 09:43:40,ERROR,,2,N
2026,1,2247,2086,GMADA,1110106000,7,JARD,2026-06-10 00:00:00,S,0,132,191150.0,,,,,0,0,,C,S,2026-06-10 11:50:55,,,,1,N
2026,1,2248,2108,GMADA,1110118000,25,000SU,2026-06-10 00:00:00,S,0,110,206700.0,,,,,0,0,,C,S,2026-06-10 11:52:19,,,,1,N
2026,1,2654,2367,GMADA,1110104000,5,LAB,2026-07-14 00:00:00,A,2571,131,-331271.54,,,,,0,0,,N,S,2026-07-14 08:14:50,,,,0,N
2026,1,2655,2589,GMADA,1110102000,2,DMACED,2026-07-14 00:00:00,S,0,110,2000000.0,,,,,0,0,,C,S,2026-07-14 09:22:21,,,,1,N
2026,1,2656,2590,GMADA,1110108000,14,PROD,2026-07-14 00:00:00,S,0,110,200000.0,,,,,0,0,,C,S,2026-07-14 09:50:51,,,,2,N
2026,1,2658,2592,GMADA,1110103000,3,OPP,2026-07-14 00:00:00,S,0,132,41500000.0,,,,,0,0,,C,S,2026-07-14 12:15:50,,,,1,N
2026,1,2660,2528,GMADA,1110103000,3,OPP,2026-07-14 00:00:00,S,0,132,2816989.02,,,,,0,0,,C,S,2026-07-14 12:49:06,,,,2,N
2026,1,2662,2538,GMADA,1110103000,3,OPP,2026-07-14 00:00:00,S,0,131,6845000.0,,,,,0,0,,C,S,2026-07-14 12:49:24,,,,2,N
2026,1,2663,2527,GMADA,1110103000,3,OPP,2026-07-14 00:00:00,S,0,132,9000000.0,,,,,0,0,,C,S,2026-07-14 12:49:54,,,,2,N
2026,1,303,255,GMADA,1110104000,5,HOSP,2026-01-16 00:00:00,S,0,131,44517.6,,,,,0,0,,C,S,2026-01-16 08:56:26,,,,1,N
2026,1,304,258,GMADA,1110104000,5,HOGANC,2026-01-16 00:00:00,S,0,131,52000.0,,,,,0,0,,C,S,2026-01-16 09:00:51,,,,1,N
2026,1,305,269,GMADA,1110104000,5,HOSP,2026-01-16 00:00:00,S,0,131,120000.0,,,,,0,0,,C,S,2026-01-16 09:01:44,,,,1,N
2026,1,306,292,GMADA,1110113000,20,SECSEG,2026-01-16 00:00:00,S,0,110,71191.33,,,,,0,0,,C,S,2026-01-16 09:03:45,,,,1,N
2026,1,307,295,GMADA,1110113000,20,SECSEG,2026-01-16 00:00:00,S,0,110,135744.0,,,,,0,0,,C,S,2026-01-16 09:04:54,,,,1,N
2026,1,308,306,GMADA,1110105000,6,CASA,2026-01-16 00:00:00,S,0,110,552679.0,,,,,0,0,,C,S,2026-01-16 09:05:53,,,,1,N
2026,1,309,307,GMADA,1110106000,7,HPI,2026-01-16 00:00:00,S,0,110,367866.0,,,,,0,0,,C,S,2026-01-16 09:06:53,,,,1,N
2026,1,310,309,GMADA,1110104000,5,SASM,2026-01-16 00:00:00,S,0,131,502262.0,,,,,0,0,,C,S,2026-01-16 09:07:43,,,,1,N
2026,1,311,310,GMADA,1110104000,5,CICQ,2026-01-16 00:00:00,S,0,131,493506.0,,,,,0,0,,C,S,2026-01-16 09:08:41,,,,1,N
2026,1,312,311,GMADA,1110105000,6,MUSH,2026-01-16 00:00:00,S,0,110,290490.0,,,,,0,0,,C,S,2026-01-16 09:10:34,,,,2,N
2026,1,313,312,GMADA,1110102000,2,GOBHAC,2026-01-16 00:00:00,S,0,110,1330489.0,,,,,0,0,,C,S,2026-01-16 09:12:17,,,,1,N
2026,1,314,304,GMADA,1110105000,6,TURIS,2026-01-16 00:00:00,S,0,110,588764.0,,,,,0,0,,C,S,2026-01-16 09:13:24,,,,1,N
2026,1,315,302,GMADA,1110105000,6,TURIS,2026-01-16 00:00:00,S,0,110,335917.0,,,,,0,0,,C,S,2026-01-16 09:14:48,,,,2,N
2026,1,482,483,GMADA,1110102000,2,GOBHAC,2026-01-26 00:00:00,S,0,110,300000.0,,,,,0,0,,C,S,2026-01-26 12:50:03,,,,1,N
2026,1,673,609,GMADA,1110118000,25,000SU,2026-02-13 00:00:00,S,0,110,1068795.02,,,,,0,0,,C,S,2026-02-13 08:12:43,,,,3,N
2026,1,674,643,GMADA,1110105000,6,CULTUR,2026-02-13 00:00:00,S,0,110,1800000.0,,,,,0,0,,A,S,2026-02-13 09:58:56,2026-02-26 10:36:08,ERROR,,3,N
2026,1,696,719,GMADA,1110109000,13,DEP,2026-02-13 00:00:00,S,0,110,504900.0,,,,,0,0,,C,S,2026-02-13 11:15:43,,,,1,N
2026,1,708,704,GMADA,1110105000,6,CULTUR,2026-02-13 00:00:00,S,0,110,140000.0,,,,,0,0,,C,S,2026-02-13 12:09:05,,,,1,N
2026,1,710,699,GMADA,1110118000,25,000SU,2026-02-13 00:00:00,S,0,110,98000.0,,,,,0,0,,C,S,2026-02-13 12:09:48,,,,1,N
2026,1,712,712,GMADA,1110200000,8,PRESID,2026-02-13 00:00:00,S,0,110,55000.0,,,,,0,0,,A,S,2026-02-13 12:10:17,2026-02-18 09:51:53,ERROR,,1,N
2026,1,713,714,GMADA,1110112000,19,SEHA,2026-02-13 00:00:00,S,0,110,130000.0,,,,,0,0,,C,S,2026-02-13 12:11:06,,,,1,N
2026,1,715,715,GMADA,1110102000,2,GOBHAC,2026-02-13 00:00:00,S,0,110,295000.0,,,,,0,0,,C,S,2026-02-13 12:11:55,,,,1,N
2026,1,719,625,GMADA,1110106000,7,JARD,2026-02-13 00:00:00,S,0,132,850000.0,,,,,0,0,,C,S,2026-02-13 12:16:59,,,,1,N
2026,1,721,622,GMADA,1110106000,7,ACCSOC,2026-02-13 00:00:00,S,0,132,72320.0,,,,,0,0,,C,S,2026-02-13 12:19:12,,,,1,N
2026,1,722,640,GMADA,1110111000,3,CAS,2026-02-13 00:00:00,S,0,131,1041500.0,,,,,0,0,,A,S,2026-02-13 12:20:34,2026-02-20 10:29:21,ERROR,,1,N
2026,1,724,624,GMADA,1110105000,6,BA,2026-02-13 00:00:00,S,0,110,14000.0,,,,,0,0,,C,S,2026-02-13 12:21:24,,,,1,N
2026,1,725,619,GMADA,1110118000,25,000SU,2026-02-13 00:00:00,S,0,110,53370.0,,,,,0,0,,C,S,2026-02-13 12:22:08,,,,1,N
2026,1,726,618,GMADA,1110118000,25,000SU,2026-02-13 00:00:00,S,0,110,950000.0,,,,,0,0,,C,S,2026-02-13 12:22:49,,,,1,N
2026,1,729,607,GMADA,1110118000,25,DECI,2026-02-13 00:00:00,S,0,110,199954.0,,,,,0,0,,C,S,2026-02-13 12:24:33,,,,1,N
2026,1,759,691,GMADA,1110113000,20,SECSEG,2026-02-18 00:00:00,S,0,110,306000.0,,,,,0,0,,C,S,2026-02-18 10:04:28,,,,1,N
2026,1,761,717,GMADA,1110111000,3,CAS,2026-02-18 00:00:00,S,0,131,133294.0,,,,,0,0,,C,S,2026-02-18 12:49:18,,,,1,N
2026,1,762,716,GMADA,1110102000,2,GOB,2026-02-18 00:00:00,S,0,110,59000.0,,,,,0,0,,C,S,2026-02-18 12:50:28,,,,1,N
2026,1,763,713,GMADA,1110118000,25,000SU,2026-02-18 00:00:00,S,0,110,110000.0,,,,,0,0,,C,S,2026-02-18 13:00:00,,,,1,N
2026,1,764,732,GMADA,1110118000,25,000SU,2026-02-18 00:00:00,S,0,110,250000.0,,,,,0,0,,C,S,2026-02-18 13:02:23,,,,2,N
2026,1,765,736,GMADA,1110118000,25,DECI,2026-02-18 00:00:00,S,0,110,160000.0,,,,,0,0,,C,S,2026-02-18 13:04:10,,,,1,N
2026,1,766,733,GMADA,1110112000,19,SEHA,2026-02-18 00:00:00,S,0,110,100000.0,,,,,0,0,,C,S,2026-02-18 13:04:57,,,,1,N
2026,1,767,648,GMADA,1110104000,5,COC,2026-02-18 00:00:00,S,0,131,97509.9,,,,,0,0,,C,S,2026-02-18 13:08:17,,,,1,N
2026,1,768,705,GMADA,1110104000,5,QUI,2026-02-18 00:00:00,S,0,131,37000.0,,,,,0,0,,C,S,2026-02-18 13:10:10,,,,1,N
2026,1,769,707,GMADA,1110104000,5,QUI,2026-02-18 00:00:00,S,0,131,82628.0,,,,,0,0,,C,S,2026-02-18 13:11:07,,,,1,N
2026,1,770,706,GMADA,1110104000,5,HOSP,2026-02-18 00:00:00,S,0,131,8000.0,,,,,0,0,,A,S,2026-02-18 13:15:59,2026-02-20 12:21:44,ERROR,,1,N
2026,1,771,724,GMADA,1110104000,5,LAB,2026-02-18 00:00:00,S,0,131,484803.98,,,,,0,0,,C,S,2026-02-18 13:17:06,,,,1,N
2026,1,772,721,GMADA,1110104000,5,PO,2026-02-18 00:00:00,S,0,131,200000.0,,,,,0,0,,C,S,2026-02-18 13:18:51,,,,1,N
2026,1,773,718,GMADA,1110104000,5,FARM,2026-02-18 00:00:00,S,0,131,2132124.7,,,,,0,0,,A,S,2026-02-18 13:19:33,2026-02-20 12:21:25,ERROR,,1,N
2026,1,774,398,GMADA,1110113000,20,SECSEG,2026-02-18 00:00:00,S,0,110,43800.0,,,,,0,0,,C,S,2026-02-18 13:20:44,,,,2,N
2026,1,775,666,GMADA,1110104000,5,HOSP,2026-02-18 00:00:00,S,0,131,170000.0,,,,,0,0,,C,S,2026-02-18 13:21:41,,,,1,N
2026,1,817,781,GMADA,1110106000,7,ENV,2026-02-24 00:00:00,S,0,132,17990.0,,,,,0,0,,C,S,2026-02-24 12:19:34,,,,1,N
2026,1,818,743,GMADA,1110106000,7,ACCSOC,2026-02-24 00:00:00,S,0,132,990000.0,,,,,0,0,,C,S,2026-02-24 12:22:03,,,,2,N
2026,1,823,811,GMADA,1110109000,13,DEP,2026-02-24 00:00:00,S,0,110,10500000.0,,,,,0,0,,C,S,2026-02-24 12:29:33,,,,1,N
2026,1,825,813,GMADA,1110109000,13,DEP,2026-02-24 00:00:00,S,0,110,3501000.0,,,,,0,0,,C,S,2026-02-24 12:42:51,,,,2,N
2026,1,826,791,GMADA,1110104000,5,COC,2026-02-24 00:00:00,S,0,131,1310844.0,,,,,0,0,,C,S,2026-02-24 13:14:21,,,,1,N
2026,1,827,792,GMADA,1110104000,5,COC,2026-02-24 00:00:00,S,0,131,1035799.0,,,,,0,0,,C,S,2026-02-24 13:17:50,,,,1,N
2026,1,828,790,GMADA,1110104000,5,HOGANC,2026-02-24 00:00:00,S,0,131,1780668.0,,,,,0,0,,C,S,2026-02-24 13:19:24,,,,1,N
2026,1,1713,1663,GMADA,1110102000,2,GOBHAC,2026-05-06 00:00:00,S,0,110,2950000.0,,,,,0,0,,C,S,2026-05-06 12:31:32,,,,1,N
2026,1,1714,1664,GMADA,1110101000,1,INT,2026-05-06 00:00:00,S,0,110,2950000.0,,,,,0,0,,C,S,2026-05-06 12:32:06,,,,1,N
2026,1,2453,2356,GMADA,1110113000,20,SECSEG,2026-06-26 00:00:00,S,0,110,3660000.0,,,,,0,0,,C,S,2026-06-26 12:28:59,,,,2,N
2026,1,2454,2355,GMADA,1110113000,20,SECSEG,2026-06-26 00:00:00,S,0,110,4500000.0,,,,,0,0,,C,S,2026-06-26 12:29:25,,,,2,N
2026,1,2456,2345,GMADA,1110106000,7,ACCSOC,2026-06-26 00:00:00,S,0,131,2247157.44,,,,,0,0,,C,S,2026-06-26 12:34:35,,,,1,N
2026,1,2457,2344,GMADA,1110106000,7,ACCSOC,2026-06-26 00:00:00,S,0,131,3558946.8,,,,,0,0,,C,S,2026-06-26 12:35:14,,,,1,N
2026,1,2458,2346,GMADA,1110106000,7,ACCSOC,2026-06-26 00:00:00,S,0,131,811789.36,,,,,0,0,,C,S,2026-06-26 12:35:43,,,,1,N
2026,1,2460,2359,GMADA,1110104000,5,HOSP,2026-06-26 00:00:00,S,0,131,5101101.0,,,,,0,0,,C,S,2026-06-26 12:37:38,,,,1,N
2026,1,2461,2361,GMADA,1110108000,14,PROD,2026-06-26 00:00:00,S,0,110,400000.0,,,,,0,0,,C,S,2026-06-26 12:38:31,,,,2,N
2026,1,2459,2358,GMADA,1110104000,5,SALA I,2026-06-26 00:00:00,S,0,131,2701842.0,,,,,0,0,,C,S,2026-06-26 12:36:59,,,,1,N
2026,1,541,532,GMADA,1110109000,13,DEP,2026-01-30 00:00:00,S,0,132,150000.0,,,,,0,0,,C,S,2026-01-30 11:44:33,,,,2,N
2026,1,652,626,GMADA,1110105000,6,CULTUR,2026-02-11 00:00:00,S,0,110,1050000.0,,,,,0,0,,C,S,2026-02-11 09:21:35,,,,2,N
2026,1,653,628,GMADA,1110105000,6,CULTUR,2026-02-11 00:00:00,S,0,110,1700000.0,,,,,0,0,,C,S,2026-02-11 09:22:28,,,,2,N
2026,1,1045,993,GMADA,1110118000,25,000SU,2026-03-10 00:00:00,S,0,110,787121.82,,,,,0,0,,C,S,2026-03-10 12:13:46,,,,1,N
2026,1,1046,996,GMADA,1110118000,25,000SU,2026-03-10 00:00:00,S,0,110,51620.0,,,,,0,0,,C,S,2026-03-10 12:16:19,,,,1,N
2026,1,1047,997,GMADA,1110118000,25,000SU,2026-03-10 00:00:00,S,0,110,69420.0,,,,,0,0,,C,S,2026-03-10 12:17:24,,,,1,N
2026,1,1048,978,GMADA,1110118000,25,000SU,2026-03-10 00:00:00,S,0,110,267470.0,,,,,0,0,,C,S,2026-03-10 12:18:39,,,,1,N
2026,1,1049,995,GMADA,1110109000,13,DEP,2026-03-10 00:00:00,S,0,110,16150.0,,,,,0,0,,C,S,2026-03-10 12:20:15,,,,1,N
2026,1,1050,836,GMADA,1110104000,5,COC,2026-03-10 00:00:00,S,0,131,511306.5,,,,,0,0,,C,S,2026-03-10 12:21:33,,,,1,N
2026,1,1051,979,GMADA,1110108000,14,PROD,2026-03-10 00:00:00,S,0,110,345802.8,,,,,0,0,,C,S,2026-03-10 12:24:05,,,,1,N
2026,1,1052,981,GMADA,1110118000,25,000SU,2026-03-10 00:00:00,S,0,110,234650.0,,,,,0,0,,C,S,2026-03-10 12:27:53,,,,1,N
2026,1,1053,988,GMADA,1110118000,25,000SU,2026-03-10 00:00:00,S,0,110,780000.0,,,,,0,0,,C,S,2026-03-10 12:30:32,,,,1,N
2026,1,1054,992,GMADA,1110118000,25,000SU,2026-03-10 00:00:00,S,0,110,430000.0,,,,,0,0,,C,S,2026-03-10 12:32:07,,,,1,N
2026,1,1511,1415,GMADA,1110104000,5,HOGANC,2026-04-21 00:00:00,S,0,131,53100.0,,,,,0,0,,C,S,2026-04-21 07:22:02,,,,1,N
2026,1,1512,1441,GMADA,1110104000,5,NEUROL,2026-04-21 00:00:00,S,0,131,200000.0,,,,,0,0,,C,S,2026-04-21 07:24:14,,,,1,N
2026,1,1513,1438,GMADA,1110104000,5,INTER,2026-04-21 00:00:00,S,0,131,308000.0,,,,,0,0,,C,S,2026-04-21 07:26:20,,,,1,N
2026,1,1514,1418,GMADA,1110104000,5,HEMO,2026-04-21 00:00:00,S,0,131,85000.0,,,,,0,0,,C,S,2026-04-21 07:29:33,,,,1,N
2026,1,1515,1462,GMADA,1110117000,24,000J,2026-04-21 00:00:00,S,0,110,150000.0,,,,,0,0,,C,S,2026-04-21 07:30:14,,,,1,N
2026,1,1516,1338,GMADA,1110104000,5,COC,2026-04-21 00:00:00,S,0,131,21000.0,,,,,0,0,,C,S,2026-04-21 07:32:47,,,,1,N
2026,1,1517,1443,GMADA,1110104000,5,NEUROL,2026-04-21 00:00:00,S,0,131,156000.0,,,,,0,0,,C,S,2026-04-21 07:34:27,,,,1,N
2026,1,1518,1444,GMADA,1110104000,5,TERINT,2026-04-21 00:00:00,S,0,131,340000.0,,,,,0,0,,C,S,2026-04-21 07:34:58,,,,1,N
2026,1,1519,1449,GMADA,1110104000,5,HOSP,2026-04-21 00:00:00,S,0,131,1264447.56,,,,,0,0,,C,S,2026-04-21 07:36:40,,,,1,N
2026,1,1520,1442,GMADA,1110104000,5,LAV,2026-04-21 00:00:00,S,0,131,80000.0,,,,,0,0,,C,S,2026-04-21 07:38:59,,,,1,N
2026,1,1521,1440,GMADA,1110104000,5,FARM,2026-04-21 00:00:00,S,0,131,1975260.0,,,,,0,0,,C,S,2026-04-21 07:39:32,,,,1,N
2026,1,1522,1437,GMADA,1110106000,7,ENV,2026-04-21 00:00:00,S,0,132,150145.16,,,,,0,0,,A,S,2026-04-21 07:41:02,2026-04-21 07:42:34,ERROR,,1,N
2026,1,1523,1437,GMADA,1110106000,7,ENV,2026-04-21 00:00:00,A,1522,132,-150145.16,,,,,0,0,,N,S,2026-04-21 07:42:34,,,,0,N
2026,1,1524,1439,GMADA,1110104000,5,COC,2026-04-21 00:00:00,S,0,131,1639752.0,,,,,0,0,,C,S,2026-04-21 07:43:27,,,,1,N
2026,1,1525,1426,GMADA,1110104000,5,FARM,2026-04-21 00:00:00,S,0,131,4872104.07,,,,,0,0,,C,S,2026-04-21 07:47:16,,,,1,N
2026,1,1526,1417,GMADA,1110104000,5,TERINT,2026-04-21 00:00:00,S,0,131,40000.0,,,,,0,0,,C,S,2026-04-21 07:49:07,,,,2,N
2026,1,1527,1416,GMADA,1110104000,5,LAB,2026-04-21 00:00:00,S,0,131,103086.07,,,,,0,0,,C,S,2026-04-21 07:49:40,,,,1,N
2026,1,1528,1429,GMADA,1110109000,13,DEP,2026-04-21 00:00:00,S,0,110,90000.0,,,,,0,0,,C,S,2026-04-21 07:51:38,,,,1,N
2026,1,1529,1428,GMADA,1110109000,13,DEP,2026-04-21 00:00:00,S,0,132,356046.0,,,,,0,0,,C,S,2026-04-21 07:54:09,,,,1,N
2026,1,1530,1433,GMADA,1110109000,13,DEP,2026-04-21 00:00:00,S,0,110,298000.0,,,,,0,0,,C,S,2026-04-21 07:55:50,,,,1,N
2026,1,1531,1436,GMADA,1110109000,13,DEP,2026-04-21 00:00:00,S,0,110,460000.0,,,,,0,0,,C,S,2026-04-21 07:57:53,,,,1,N
2026,1,1532,1434,GMADA,1110109000,13,DEP,2026-04-21 00:00:00,S,0,110,552950.0,,,,,0,0,,C,S,2026-04-21 07:59:35,,,,1,N
2026,1,1533,1431,GMADA,1110105000,6,CULTUR,2026-04-21 00:00:00,S,0,110,39986.8,,,,,0,0,,C,S,2026-04-21 08:00:53,,,,1,N
2026,1,1534,1427,GMADA,1110105000,6,CULTUR,2026-04-21 00:00:00,S,0,110,114000.0,,,,,0,0,,C,S,2026-04-21 08:02:12,,,,1,N
2026,1,1535,1430,GMADA,1110104000,5,HOSP,2026-04-21 00:00:00,S,0,131,3130000.0,,,,,0,0,,C,S,2026-04-21 08:04:06,,,,1,N
2026,1,1536,1396,GMADA,1110104000,5,COC,2026-04-21 00:00:00,S,0,131,57773.42,,,,,0,0,,C,S,2026-04-21 08:04:46,,,,1,N
2026,1,1537,1399,GMADA,1110104000,5,LAV,2026-04-21 00:00:00,S,0,131,53107.9,,,,,0,0,,C,S,2026-04-21 08:09:12,,,,2,N
2026,1,1538,1397,GMADA,1110104000,5,CICQ,2026-04-21 00:00:00,S,0,131,78460.44,,,,,0,0,,C,S,2026-04-21 08:13:56,,,,1,N
2026,1,1539,1412,GMADA,1110104000,5,FARM,2026-04-21 00:00:00,S,0,131,3218319.2,,,,,0,0,,C,S,2026-04-21 08:17:22,,,,1,N
2026,1,1540,1420,GMADA,1110104000,5,COC,2026-04-21 00:00:00,S,0,131,1774814.0,,,,,0,0,,C,S,2026-04-21 08:20:58,,,,1,N
2026,1,1541,1421,GMADA,1110104000,5,FARM,2026-04-21 00:00:00,S,0,131,145345.2,,,,,0,0,,C,S,2026-04-21 08:24:38,,,,1,N
2026,1,1542,1422,GMADA,1110104000,5,TOMO,2026-04-21 00:00:00,S,0,131,5790945.0,,,,,0,0,,C,S,2026-04-21 08:26:26,,,,1,N
2026,1,1674,1562,GMADA,1110103000,3,OPP,2026-05-04 00:00:00,S,0,132,1000000.0,,,,,0,0,,C,S,2026-05-04 07:27:05,,,,1,N
2026,1,1675,1575,GMADA,1110103000,3,OPP,2026-05-04 00:00:00,S,0,132,543153.6,,,,,0,0,,C,S,2026-05-04 07:28:55,,,,1,N
2026,1,1676,1593,GMADA,1110102000,2,GOBHAC,2026-05-04 00:00:00,S,0,110,74200.0,,,,,0,0,,C,S,2026-05-04 07:30:23,,,,1,N
2026,1,1702,1642,GMADA,1110200000,8,SECHCD,2026-05-05 00:00:00,S,0,110,58500.0,,,,,0,0,,C,S,2026-05-05 10:19:36,,,,1,N
2026,1,1703,1649,GMADA,1110102000,2,PRENS,2026-05-05 00:00:00,S,0,110,18000.0,,,,,0,0,,C,S,2026-05-05 11:36:47,,,,1,N
2026,1,2324,2225,GMADA,1110108000,14,PROD,2026-06-17 00:00:00,S,0,110,200000.0,,,,,0,0,,C,S,2026-06-17 11:17:42,,,,1,N
2026,1,2393,2306,GMADA,1110105000,6,BA,2026-06-24 00:00:00,S,0,110,767587.0,,,,,0,0,,C,S,2026-06-24 07:43:28,,,,2,N
2026,1,2613,2530,GMADA,1110103000,3,OPP,2026-07-08 00:00:00,S,0,132,1890000.0,,,,,0,0,,C,S,2026-07-08 08:27:14,,,,2,N
2026,1,2614,2531,GMADA,1110102000,2,GOBHAC,2026-07-08 00:00:00,S,0,110,400000.0,,,,,0,0,,C,S,2026-07-08 08:34:21,,,,2,N
2026,1,2632,2552,GMADA,1110118000,25,000SU,2026-07-13 00:00:00,S,0,110,50000.0,,,,,0,0,,C,S,2026-07-13 08:01:21,,,,2,N
2026,1,2657,2591,GMADA,1110109000,13,DEP,2026-07-14 00:00:00,S,0,110,1500000.0,,,,,0,0,,C,S,2026-07-14 11:24:10,,,,1,N
2026,1,2659,2508,GMADA,1110104000,5,HOSP,2026-07-14 00:00:00,S,0,131,214466.0,,,,,0,0,,C,S,2026-07-14 12:48:04,,,,1,N
2026,1,2661,2584,GMADA,1110111000,3,CAS,2026-07-14 00:00:00,S,0,131,101142.0,,,,,0,0,,C,S,2026-07-14 12:49:16,,,,1,N
2026,1,2664,2514,GMADA,1110104000,5,COC,2026-07-14 00:00:00,S,0,131,893600.0,,,,,0,0,,C,S,2026-07-14 12:50:47,,,,1,N
2026,1,2665,2586,GMADA,1110111000,3,CAS,2026-07-14 00:00:00,S,0,131,258800.0,,,,,0,0,,C,S,2026-07-14 12:52:23,,,,1,N
2026,1,2666,2587,GMADA,1110112000,19,CONTAD,2026-07-14 00:00:00,S,0,110,210000.0,,,,,0,0,,C,S,2026-07-14 12:53:48,,,,1,N
2026,1,2667,2509,GMADA,1110104000,5,HOSP,2026-07-14 00:00:00,S,0,131,190600.0,,,,,0,0,,C,S,2026-07-14 12:54:52,,,,1,N
2026,1,2668,2510,GMADA,1110104000,5,HOSP,2026-07-14 00:00:00,S,0,131,76120.0,,,,,0,0,,C,S,2026-07-14 12:56:37,,,,1,N
2026,1,2669,2511,GMADA,1110104000,5,HOSP,2026-07-14 00:00:00,S,0,131,458345.0,,,,,0,0,,C,S,2026-07-14 12:58:21,,,,2,N
2026,1,2670,2512,GMADA,1110104000,5,CONEX,2026-07-14 00:00:00,S,0,131,440089.78,,,,,0,0,,C,S,2026-07-14 13:00:36,,,,1,N
2026,1,2671,2513,GMADA,1110104000,5,LAV,2026-07-14 00:00:00,S,0,131,640942.21,,,,,0,0,,C,S,2026-07-14 13:01:38,,,,1,N
2026,1,2672,2572,GMADA,1110111000,3,CAS,2026-07-14 00:00:00,S,0,131,4759500.0,,,,,0,0,,C,S,2026-07-14 13:03:04,,,,2,N
2026,1,2702,2518,GMADA,1110118000,25,000SU,2026-07-16 00:00:00,A,2619,110,-1456271.52,,,,,0,0,,N,S,2026-07-16 07:50:16,,,,0,N
2026,1,2703,2610,GMADA,1110113000,20,SECSEG,2026-07-16 00:00:00,S,0,110,160115.4,,,,,0,0,,C,S,2026-07-16 08:43:15,,,,2,N
2026,1,2704,2518,GMADA,1110118000,25,000SU,2026-07-16 00:00:00,S,0,110,1481731.86,,,,,0,0,,C,S,2026-07-16 09:21:39,,,,1,N
2026,1,438,445,GMADA,1110108000,14,PROD,2026-01-22 00:00:00,S,0,110,1875000.0,,,,,0,0,,C,S,2026-01-22 12:08:01,,,,3,N
2026,1,1162,1103,GMADA,1110105000,6,CULTUR,2026-03-19 00:00:00,S,0,110,350000.0,,,,,0,0,,C,S,2026-03-19 10:23:11,,,,2,N
2026,1,1490,1419,GMADA,1110113000,20,SECSEG,2026-04-17 00:00:00,S,0,110,92199.0,,,,,0,0,,C,S,2026-04-17 09:15:50,,,,1,N
2026,1,1491,1385,GMADA,1110109000,13,DEP,2026-04-17 00:00:00,S,0,110,21691.4,,,,,0,0,,C,S,2026-04-17 09:21:41,,,,1,N
2026,1,1492,1379,GMADA,1110109000,13,DEP,2026-04-17 00:00:00,S,0,110,271200.0,,,,,0,0,,C,S,2026-04-17 09:24:55,,,,1,N
2026,1,1493,1383,GMADA,1110109000,13,DEP,2026-04-17 00:00:00,S,0,110,689000.0,,,,,0,0,,C,S,2026-04-17 09:25:36,,,,1,N
2026,1,1495,1432,GMADA,1110118000,25,00003,2026-04-17 00:00:00,S,0,132,164550.32,,,,,0,0,,C,S,2026-04-17 12:01:26,,,,1,N
2026,1,2707,2596,GMADA,1110105000,6,TURIS,2026-07-16 00:00:00,S,0,110,41000.0,,,,,0,0,,C,S,2026-07-16 09:31:00,,,,1,N
2026,1,2708,2545,GMADA,1110104000,5,HOSP,2026-07-16 00:00:00,S,0,131,6055500.0,,,,,0,0,,C,S,2026-07-16 09:33:10,,,,1,N
2026,1,2710,2577,GMADA,1110104000,5,COC,2026-07-16 00:00:00,S,0,131,48000.0,,,,,0,0,,C,S,2026-07-16 09:37:58,,,,1,N
2026,1,2714,2578,GMADA,1110104000,5,INTER,2026-07-16 00:00:00,S,0,131,64000.0,,,,,0,0,,C,S,2026-07-16 09:43:13,,,,1,N
2026,1,2717,2579,GMADA,1110104000,5,INTER,2026-07-16 00:00:00,S,0,131,229732.92,,,,,0,0,,C,S,2026-07-16 09:56:09,,,,1,N
2026,1,2718,2580,GMADA,1110104000,5,LAV,2026-07-16 00:00:00,S,0,131,553577.24,,,,,0,0,,C,S,2026-07-16 10:04:20,,,,1,N
2026,1,2719,2588,GMADA,1110104000,5,HOSP,2026-07-16 00:00:00,S,0,131,515227.1,,,,,0,0,,C,S,2026-07-16 10:09:20,,,,1,N
2026,1,2720,2540,GMADA,1110104000,5,FARM,2026-07-16 00:00:00,S,0,131,953007.87,,,,,0,0,,C,S,2026-07-16 10:18:53,,,,1,N
2026,1,2721,2534,GMADA,1110104000,5,FARM,2026-07-16 00:00:00,S,0,131,167542.3,,,,,0,0,,C,S,2026-07-16 10:19:42,,,,1,N
2026,1,2722,2573,GMADA,1110104000,5,FARM,2026-07-16 00:00:00,S,0,131,248448.0,,,,,0,0,,C,S,2026-07-16 10:21:40,,,,1,N
2026,1,2723,2544,GMADA,1110104000,5,HOSP,2026-07-16 00:00:00,S,0,131,149000.0,,,,,0,0,,C,S,2026-07-16 10:23:37,,,,1,N
2026,1,2724,2574,GMADA,1110104000,5,COC,2026-07-16 00:00:00,S,0,131,151500.0,,,,,0,0,,C,S,2026-07-16 10:25:39,,,,1,N
2026,1,2725,2575,GMADA,1110104000,5,COC,2026-07-16 00:00:00,S,0,131,1002400.0,,,,,0,0,,C,S,2026-07-16 10:26:51,,,,1,N
2026,1,2726,2576,GMADA,1110104000,5,HOGANC,2026-07-16 00:00:00,S,0,131,563750.0,,,,,0,0,,C,S,2026-07-16 10:34:39,,,,2,N
2026,1,2727,2548,GMADA,1110104000,5,CONEX,2026-07-16 00:00:00,S,0,131,87120.0,,,,,0,0,,C,S,2026-07-16 11:01:50,,,,1,N
2026,1,2728,2547,GMADA,1110104000,5,COC,2026-07-16 00:00:00,S,0,131,127563.17,,,,,0,0,,C,S,2026-07-16 11:07:26,,,,1,N
2026,1,2729,2546,GMADA,1110104000,5,COC,2026-07-16 00:00:00,S,0,131,3378800.0,,,,,0,0,,C,S,2026-07-16 11:08:50,,,,1,N
2026,1,2730,2602,GMADA,1110104000,5,FARM,2026-07-16 00:00:00,S,0,131,2857989.16,,,,,0,0,,C,S,2026-07-16 13:02:45,,,,1,N
2026,1,2731,2604,GMADA,1110104000,5,FARM,2026-07-16 00:00:00,S,0,131,629200.0,,,,,0,0,,C,S,2026-07-16 13:03:44,,,,1,N
2026,1,2732,2605,GMADA,1110104000,5,FARM,2026-07-16 00:00:00,S,0,131,1408250.0,,,,,0,0,,C,S,2026-07-16 13:04:38,,,,1,N
2026,1,2733,2607,GMADA,1110118000,25,000SU,2026-07-16 00:00:00,S,0,110,45000.0,,,,,0,0,,C,S,2026-07-16 13:06:24,,,,1,N
2026,1,2734,2606,GMADA,1110118000,25,000SU,2026-07-16 00:00:00,S,0,110,261297.0,,,,,0,0,,C,S,2026-07-16 13:07:30,,,,1,N
2026,1,2735,2603,GMADA,1110118000,25,000SU,2026-07-16 00:00:00,S,0,110,1069347.65,,,,,0,0,,C,S,2026-07-16 13:12:10,,,,1,N
2026,1,2736,2601,GMADA,1110118000,25,000SU,2026-07-16 00:00:00,S,0,110,2279608.45,,,,,0,0,,C,S,2026-07-16 13:17:25,,,,1,N
2026,1,2737,2609,GMADA,1110111000,3,CAS,2026-07-16 00:00:00,S,0,131,13234.85,,,,,0,0,,C,S,2026-07-16 13:17:55,,,,1,N
2026,1,2738,2615,GMADA,1110111000,3,CAS,2026-07-16 00:00:00,S,0,132,170030.0,,,,,0,0,,A,S,2026-07-16 13:18:48,2026-07-20 09:28:42,ERROR,,1,N
2026,1,2739,2597,GMADA,1110105000,6,MUMA,2026-07-16 00:00:00,S,0,110,16423.3,,,,,0,0,,C,S,2026-07-16 13:20:05,,,,1,N
2026,1,1111,1058,GMADA,1110113000,20,SECSEG,2026-03-16 00:00:00,S,0,110,203000.0,,,,,0,0,,C,S,2026-03-16 10:11:56,,,,1,N
2026,1,1112,1036,GMADA,1110109000,13,DEP,2026-03-16 00:00:00,S,0,132,12600.0,,,,,0,0,,C,S,2026-03-16 10:13:12,,,,1,N
2026,1,1113,1056,GMADA,1110111000,3,CAS,2026-03-16 00:00:00,S,0,131,133090.0,,,,,0,0,,C,S,2026-03-16 10:13:58,,,,1,N
2026,1,1114,1055,GMADA,1110111000,3,CAS,2026-03-16 00:00:00,S,0,131,263000.0,,,,,0,0,,C,S,2026-03-16 10:14:15,,,,1,N
2026,1,1115,965,GMADA,1110104000,5,HOGANC,2026-03-16 00:00:00,S,0,131,18800.0,,,,,0,0,,C,S,2026-03-16 10:15:42,,,,1,N
2026,1,1116,1069,GMADA,1110113000,20,SECSEG,2026-03-16 00:00:00,S,0,110,79500.0,,,,,0,0,,C,S,2026-03-16 11:20:43,,,,2,N
2026,1,1117,931,GMADA,1110104000,5,HOSP,2026-03-16 00:00:00,A,972,131,-255966.43,,,,,0,0,,N,S,2026-03-16 12:28:46,,,,0,N
2026,1,1118,931,GMADA,1110104000,5,HOSP,2026-03-16 00:00:00,S,0,131,255966.48,,,,,0,0,,C,S,2026-03-16 12:51:01,,,,2,N
2026,1,1177,1117,GMADA,1110104000,5,COC,2026-03-25 00:00:00,S,0,131,179760.0,,,,,0,0,,C,S,2026-03-25 09:24:05,,,,1,N
2026,1,1178,1091,GMADA,1110104000,5,FARM,2026-03-25 00:00:00,S,0,131,7292940.92,,,,,0,0,,C,S,2026-03-25 09:33:24,,,,1,N
2026,1,1179,1070,GMADA,1110104000,5,FARM,2026-03-25 00:00:00,S,0,131,7085296.75,,,,,0,0,,C,S,2026-03-25 09:57:36,,,,1,N
2026,1,1180,1114,GMADA,1110104000,5,HOGANC,2026-03-25 00:00:00,S,0,131,76500.0,,,,,0,0,,C,S,2026-03-25 10:04:35,,,,1,N
2026,1,1181,1113,GMADA,1110104000,5,COC,2026-03-25 00:00:00,S,0,131,1390980.0,,,,,0,0,,C,S,2026-03-25 10:05:47,,,,1,N
2026,1,1182,1115,GMADA,1110104000,5,FARM,2026-03-25 00:00:00,S,0,131,1150035.0,,,,,0,0,,C,S,2026-03-25 10:07:17,,,,1,N
2026,1,1183,1101,GMADA,1110104000,5,HOSP,2026-03-25 00:00:00,S,0,131,3570000.0,,,,,0,0,,C,S,2026-03-25 10:15:01,,,,2,N
2026,1,1184,1112,GMADA,1110105000,6,TURIS,2026-03-25 00:00:00,S,0,110,467000.0,,,,,0,0,,C,S,2026-03-25 10:16:45,,,,1,N
2026,1,1185,1100,GMADA,1110106000,7,ACCSOC,2026-03-25 00:00:00,S,0,110,10900.0,,,,,0,0,,C,S,2026-03-25 10:17:47,,,,1,N
2026,1,1186,1104,GMADA,1110106000,7,ACCSOC,2026-03-25 00:00:00,S,0,110,12760.08,,,,,0,0,,C,S,2026-03-25 10:19:33,,,,1,N
2026,1,1187,1099,GMADA,1110106000,7,ACCSOC,2026-03-25 00:00:00,S,0,132,27600.03,,,,,0,0,,C,S,2026-03-25 10:20:24,,,,1,N
2026,1,1188,1090,GMADA,1110113000,20,SECSEG,2026-03-25 00:00:00,S,0,110,18500.0,,,,,0,0,,C,S,2026-03-25 10:22:52,,,,1,N
2026,1,1189,1111,GMADA,1110113000,20,SECSEG,2026-03-25 00:00:00,S,0,110,89663.16,,,,,0,0,,A,S,2026-03-25 10:23:21,2026-03-26 12:47:55,ERROR,,1,N
2026,1,1190,1118,GMADA,1110113000,20,SECSEG,2026-03-25 00:00:00,S,0,110,110000.0,,,,,0,0,,C,S,2026-03-25 10:24:57,,,,1,N
2026,1,1191,1116,GMADA,1110113000,20,SECSEG,2026-03-25 00:00:00,S,0,110,105000.0,,,,,0,0,,C,S,2026-03-25 10:25:51,,,,1,N
2026,1,1192,1120,GMADA,1110112000,19,INTIM,2026-03-25 00:00:00,S,0,110,11500.0,,,,,0,0,,C,S,2026-03-25 10:26:41,,,,1,N
2026,1,1209,1132,GMADA,1110113000,20,SECSEG,2026-03-27 00:00:00,S,0,110,250000.0,,,,,0,0,,A,S,2026-03-27 09:12:04,2026-05-07 12:13:11,ERROR,,1,N
2026,1,1210,1137,GMADA,1110104000,5,COC,2026-03-27 00:00:00,S,0,131,62022.7,,,,,0,0,,C,S,2026-03-27 09:14:36,,,,1,N
2026,1,1211,1138,GMADA,1110104000,5,COC,2026-03-27 00:00:00,S,0,131,81167.36,,,,,0,0,,C,S,2026-03-27 09:17:29,,,,1,N
2026,1,1212,1141,GMADA,1110105000,6,MUSH,2026-03-27 00:00:00,S,0,131,29500.0,,,,,0,0,,A,S,2026-03-27 09:30:48,2026-03-31 09:55:42,ERROR,,1,N
2026,1,1213,1162,GMADA,1110118000,25,BARU,2026-03-27 00:00:00,S,0,110,12000000.0,,,,,0,0,,A,S,2026-03-27 11:21:42,2026-03-27 11:30:26,ERROR,,1,N
2026,1,1214,1162,GMADA,1110118000,25,BARU,2026-03-27 00:00:00,A,1213,110,-12000000.0,,,,,0,0,,N,S,2026-03-27 11:30:26,,,,0,N
2026,1,1215,1162,GMADA,1110118000,25,BARU,2026-03-27 00:00:00,S,0,110,8000000.0,,,,,0,0,,C,S,2026-03-27 12:40:04,,,,1,N
2026,1,1414,1355,GMADA,1110104000,5,LAV,2026-04-14 00:00:00,S,0,131,92636.46,,,,,0,0,,C,S,2026-04-14 07:32:40,,,,1,N
2026,1,1415,1332,GMADA,1110104000,5,CAP,2026-04-14 00:00:00,S,0,131,153742.02,,,,,0,0,,A,S,2026-04-14 07:39:07,2026-05-27 09:18:16,ERROR,,1,N
2026,1,1416,1255,GMADA,1110104000,5,SALA I,2026-04-14 00:00:00,S,0,131,28000.0,,,,,0,0,,C,S,2026-04-14 07:45:16,,,,1,N
2026,1,1417,1334,GMADA,1110104000,5,HOGANC,2026-04-14 00:00:00,S,0,131,2876400.0,,,,,0,0,,C,S,2026-04-14 07:48:03,,,,1,N
2026,1,1418,1333,GMADA,1110104000,5,CONEX,2026-04-14 00:00:00,S,0,131,238866.16,,,,,0,0,,A,S,2026-04-14 07:48:58,2026-05-27 09:17:33,ERROR,,1,N
2026,1,1419,1335,GMADA,1110104000,5,COC,2026-04-14 00:00:00,S,0,131,3551300.0,,,,,0,0,,C,S,2026-04-14 07:55:01,,,,1,N
2026,1,1421,1337,GMADA,1110104000,5,NEUROL,2026-04-14 00:00:00,S,0,131,68639.35,,,,,0,0,,C,S,2026-04-14 07:55:38,,,,1,N
2026,1,1423,1188,GMADA,1110105000,6,CULTUR,2026-04-14 00:00:00,S,0,110,111562.0,,,,,0,0,,C,S,2026-04-14 08:03:10,,,,1,N
2026,1,1424,1336,GMADA,1110104000,5,CONEX,2026-04-14 00:00:00,S,0,131,97515.6,,,,,0,0,,C,S,2026-04-14 08:05:52,,,,1,N
2026,1,1425,1341,GMADA,1110104000,5,ADMI,2026-04-14 00:00:00,S,0,131,40200.0,,,,,0,0,,C,S,2026-04-14 08:06:28,,,,1,N
2026,1,1428,1340,GMADA,1110104000,5,CONEX,2026-04-14 00:00:00,S,0,131,86589.56,,,,,0,0,,C,S,2026-04-14 08:14:24,,,,1,N
2026,1,1429,1343,GMADA,1110104000,11,BROM,2026-04-14 00:00:00,S,0,110,98700.0,,,,,0,0,,C,S,2026-04-14 08:18:08,,,,1,N
2026,1,1430,1342,GMADA,1110104000,11,BROM,2026-04-14 00:00:00,S,0,110,12700.0,,,,,0,0,,C,S,2026-04-14 08:19:46,,,,1,N
2026,1,1431,1345,GMADA,1110104000,11,BROM,2026-04-14 00:00:00,S,0,110,6100.0,,,,,0,0,,C,S,2026-04-14 08:20:22,,,,1,N
2026,1,1432,1344,GMADA,1110104000,11,BROM,2026-04-14 00:00:00,S,0,110,257300.0,,,,,0,0,,C,S,2026-04-14 08:24:36,,,,1,N
2026,1,1433,1301,GMADA,1110104000,5,INTER,2026-04-14 00:00:00,S,0,131,150000.0,,,,,0,0,,C,S,2026-04-14 08:26:13,,,,1,N
2026,1,1434,1346,GMADA,1110104000,11,BROM,2026-04-14 00:00:00,S,0,110,139000.0,,,,,0,0,,C,S,2026-04-14 08:26:52,,,,1,N
2026,1,1435,1348,GMADA,1110104000,5,LAB,2026-04-14 00:00:00,S,0,131,267695.86,,,,,0,0,,C,S,2026-04-14 08:28:16,,,,2,N
2026,1,1436,1350,GMADA,1110104000,5,LAB,2026-04-14 00:00:00,S,0,131,1174480.84,,,,,0,0,,A,S,2026-04-14 08:29:34,2026-04-15 10:39:29,ERROR,,1,N
2026,1,1437,1349,GMADA,1110104000,5,LAB,2026-04-14 00:00:00,S,0,131,4955845.16,,,,,0,0,,C,S,2026-04-14 08:31:00,,,,1,N
2026,1,1438,1352,GMADA,1110104000,5,FARM,2026-04-14 00:00:00,S,0,131,198543.98,,,,,0,0,,C,S,2026-04-14 08:33:21,,,,1,N
2026,1,1439,1351,GMADA,1110104000,5,LAB,2026-04-14 00:00:00,S,0,131,1125657.0,,,,,0,0,,C,S,2026-04-14 08:33:55,,,,1,N
2026,1,1440,1353,GMADA,1110104000,5,FARM,2026-04-14 00:00:00,S,0,131,3114414.8,,,,,0,0,,C,S,2026-04-14 08:36:00,,,,1,N
2026,1,1441,1361,GMADA,1110104000,5,FARM,2026-04-14 00:00:00,S,0,131,1386851.88,,,,,0,0,,C,S,2026-04-14 08:37:22,,,,1,N
2026,1,1442,1363,GMADA,1110102000,2,GOBHAC,2026-04-14 00:00:00,S,0,110,108000.0,,,,,0,0,,C,S,2026-04-14 08:40:32,,,,1,N
2026,1,1443,1360,GMADA,1110102000,2,GOBHAC,2026-04-14 00:00:00,S,0,110,8000000.0,,,,,0,0,,C,S,2026-04-14 08:41:49,,,,1,N
2026,1,1444,1358,GMADA,1110118000,25,000SU,2026-04-14 00:00:00,S,0,110,8015040.0,,,,,0,0,,C,S,2026-04-14 08:43:23,,,,1,N
2026,1,1445,1359,GMADA,1110118000,25,000SU,2026-04-14 00:00:00,S,0,110,2618000.0,,,,,0,0,,C,S,2026-04-14 08:43:55,,,,1,N
2026,1,1446,1357,GMADA,1110118000,25,BARU,2026-04-14 00:00:00,S,0,110,1522720.0,,,,,0,0,,C,S,2026-04-14 08:45:08,,,,1,N
2026,1,1447,1278,GMADA,1110109000,13,DEP,2026-04-14 00:00:00,S,0,132,25269.0,,,,,0,0,,C,S,2026-04-14 08:47:20,,,,1,N
2026,1,1448,1247,GMADA,1110109000,13,DEP,2026-04-14 00:00:00,S,0,110,3400.0,,,,,0,0,,C,S,2026-04-14 08:49:57,,,,2,N
2026,1,1449,1299,GMADA,1110109000,13,DEP,2026-04-14 00:00:00,S,0,110,38419.04,,,,,0,0,,C,S,2026-04-14 08:54:52,,,,1,N
2026,1,1450,1298,GMADA,1110109000,13,DEP,2026-04-14 00:00:00,S,0,110,534068.0,,,,,0,0,,C,S,2026-04-14 09:00:06,,,,1,N
2026,1,1451,1281,GMADA,1110109000,13,DEP,2026-04-14 00:00:00,S,0,110,552950.0,,,,,0,0,,C,S,2026-04-14 09:01:53,,,,1,N
2026,1,1635,1545,GMADA,1110104000,5,HOSP,2026-04-29 00:00:00,S,0,131,890000.0,,,,,0,0,,C,S,2026-04-29 09:53:54,,,,1,N
2026,1,1636,1557,GMADA,1110104000,11,BROM,2026-04-29 00:00:00,S,0,110,55100.0,,,,,0,0,,C,S,2026-04-29 09:57:27,,,,1,N
2026,1,1637,1558,GMADA,1110104000,11,BROM,2026-04-29 00:00:00,S,0,110,33297.0,,,,,0,0,,C,S,2026-04-29 09:58:02,,,,1,N
2026,1,1638,1458,GMADA,1110104000,5,FARM,2026-04-29 00:00:00,S,0,131,3712727.0,,,,,0,0,,C,S,2026-04-29 10:01:35,,,,1,N
2026,1,1639,1542,GMADA,1110104000,5,FARM,2026-04-29 00:00:00,S,0,131,3945850.0,,,,,0,0,,C,S,2026-04-29 10:02:12,,,,1,N
2026,1,1640,1543,GMADA,1110104000,5,LAB,2026-04-29 00:00:00,S,0,131,447458.61,,,,,0,0,,C,S,2026-04-29 10:03:34,,,,1,N
2026,1,1641,1559,GMADA,1110104000,5,LAB,2026-04-29 00:00:00,S,0,131,1653656.92,,,,,0,0,,C,S,2026-04-29 10:04:41,,,,1,N
2026,1,1642,1546,GMADA,1110104000,5,HOGANC,2026-04-29 00:00:00,S,0,131,460000.0,,,,,0,0,,C,S,2026-04-29 10:08:19,,,,1,N
2026,1,1643,1556,GMADA,1110104000,5,BROM,2026-04-29 00:00:00,S,0,110,469800.0,,,,,0,0,,C,S,2026-04-29 10:09:43,,,,1,N
2026,1,1644,1554,GMADA,1110104000,5,HOGANC,2026-04-29 00:00:00,S,0,131,130000.0,,,,,0,0,,C,S,2026-04-29 10:11:24,,,,1,N
2026,1,1645,1553,GMADA,1110104000,5,ADM,2026-04-29 00:00:00,S,0,131,53500.0,,,,,0,0,,C,S,2026-04-29 10:13:00,,,,1,N
2026,1,1646,1552,GMADA,1110104000,5,HOSP,2026-04-29 00:00:00,S,0,131,326000.0,,,,,0,0,,C,S,2026-04-29 10:14:09,,,,1,N
2026,1,1647,1551,GMADA,1110104000,5,LAV,2026-04-29 00:00:00,S,0,131,470329.09,,,,,0,0,,C,S,2026-04-29 10:16:05,,,,1,N
2026,1,1648,1550,GMADA,1110104000,5,COC,2026-04-29 00:00:00,S,0,131,73200.0,,,,,0,0,,C,S,2026-04-29 10:18:19,,,,1,N
2026,1,1649,1530,GMADA,1110104000,5,TRIA,2026-04-29 00:00:00,S,0,131,39970.0,,,,,0,0,,C,S,2026-04-29 10:23:40,,,,1,N
2026,1,1650,1531,GMADA,1110104000,5,COC,2026-04-29 00:00:00,S,0,131,1011722.48,,,,,0,0,,A,S,2026-04-29 10:24:10,2026-05-05 12:02:32,ERROR,,1,N
2026,1,1651,1560,GMADA,1110118000,25,000SU,2026-04-29 00:00:00,S,0,110,65000.0,,,,,0,0,,C,S,2026-04-29 10:26:18,,,,1,N
2026,1,1652,1549,GMADA,1110105000,6,TURIS,2026-04-29 00:00:00,S,0,110,267000.0,,,,,0,0,,C,S,2026-04-29 10:27:40,,,,1,N
2026,1,1653,1524,GMADA,1110106000,7,ACCSOC,2026-04-29 00:00:00,S,0,110,49000.0,,,,,0,0,,C,S,2026-04-29 10:32:43,,,,1,N
2026,1,1654,1540,GMADA,1110106000,7,ACCSOC,2026-04-29 00:00:00,S,0,132,157920.0,,,,,0,0,,C,S,2026-04-29 10:38:27,,,,1,N
2026,1,1655,1541,GMADA,1110106000,7,ACCSOC,2026-04-29 00:00:00,S,0,132,1627500.0,,,,,0,0,,C,S,2026-04-29 10:43:37,,,,1,N
2026,1,1656,1548,GMADA,1110118000,25,000SU,2026-04-29 00:00:00,S,0,110,54220.6,,,,,0,0,,C,S,2026-04-29 10:45:13,,,,1,N
2026,1,1657,1547,GMADA,1110101000,1,INT,2026-04-29 00:00:00,S,0,110,210000.0,,,,,0,0,,C,S,2026-04-29 10:51:34,,,,1,N
2026,1,1658,1527,GMADA,1110104000,5,FARM,2026-04-29 00:00:00,S,0,131,5719404.87,,,,,0,0,,C,S,2026-04-29 10:53:16,,,,1,N
2026,1,1659,1529,GMADA,1110104000,5,HOGANC,2026-04-29 00:00:00,S,0,131,2501723.0,,,,,0,0,,C,S,2026-04-29 10:55:19,,,,1,N
2026,1,1660,1533,GMADA,1110104000,5,HOSP,2026-04-29 00:00:00,S,0,131,61300.0,,,,,0,0,,C,S,2026-04-29 10:56:36,,,,1,N
2026,1,1661,1537,GMADA,1110104000,5,TERINT,2026-04-29 00:00:00,S,0,131,1806000.0,,,,,0,0,,C,S,2026-04-29 10:57:04,,,,1,N
2026,1,1662,1586,GMADA,1110118000,25,DECI,2026-04-29 00:00:00,S,0,110,2800000.0,,,,,0,0,,C,S,2026-04-29 11:18:55,,,,1,N
2026,1,1663,1594,GMADA,1110108000,14,PROD,2026-04-29 00:00:00,S,0,110,450000.0,,,,,0,0,,C,S,2026-04-29 12:48:35,,,,1,N
2026,1,1765,1722,GMADA,1110118000,25,MEAM,2026-05-08 00:00:00,S,0,110,457600.0,,,,,0,0,,C,S,2026-05-08 11:49:19,,,,1,N
2026,1,1766,1721,GMADA,1110118000,25,MEAM,2026-05-08 00:00:00,S,0,110,413100.0,,,,,0,0,,C,S,2026-05-08 11:50:35,,,,1,N
2026,1,1767,1720,GMADA,1110118000,25,DECI,2026-05-08 00:00:00,S,0,110,489000.0,,,,,0,0,,C,S,2026-05-08 11:52:21,,,,1,N
2026,1,1768,1719,GMADA,1110118000,25,000SU,2026-05-08 00:00:00,S,0,110,480000.0,,,,,0,0,,C,S,2026-05-08 11:53:45,,,,1,N
2026,1,1769,1705,GMADA,1110118000,25,000SU,2026-05-08 00:00:00,S,0,110,99770.0,,,,,0,0,,C,S,2026-05-08 11:56:30,,,,1,N
2026,1,1770,1703,GMADA,1110118000,25,18C,2026-05-08 00:00:00,S,0,110,247600.0,,,,,0,0,,C,S,2026-05-08 12:00:04,,,,1,N
2026,1,1771,1702,GMADA,1110118000,25,MEAM,2026-05-08 00:00:00,S,0,110,771730.0,,,,,0,0,,C,S,2026-05-08 12:05:17,,,,1,N
2026,1,1772,1700,GMADA,1110118000,25,18C,2026-05-08 00:00:00,S,0,110,76519.0,,,,,0,0,,C,S,2026-05-08 12:06:48,,,,1,N
2026,1,1773,1699,GMADA,1110118000,25,000SU,2026-05-08 00:00:00,S,0,110,251040.0,,,,,0,0,,C,S,2026-05-08 12:07:24,,,,1,N
2026,1,1774,1723,GMADA,1110118000,25,000SU,2026-05-08 00:00:00,S,0,110,540463.46,,,,,0,0,,C,S,2026-05-08 12:10:27,,,,1,N
2026,1,1775,1695,GMADA,1110118000,25,000SU,2026-05-08 00:00:00,S,0,110,370000.0,,,,,0,0,,C,S,2026-05-08 12:11:35,,,,1,N
2026,1,1776,1728,GMADA,1110111000,3,CAS,2026-05-08 00:00:00,S,0,131,106500.0,,,,,0,0,,C,S,2026-05-08 12:12:34,,,,1,N
2026,1,1777,1660,GMADA,1110118000,25,000SU,2026-05-08 00:00:00,S,0,110,2494826.4,,,,,0,0,,C,S,2026-05-08 12:14:05,,,,2,N
2026,1,1778,1727,GMADA,1110200000,8,PRESID,2026-05-08 00:00:00,S,0,110,25000.0,,,,,0,0,,C,S,2026-05-08 12:15:08,,,,1,N
2026,1,1779,1725,GMADA,1110101000,1,INT,2026-05-08 00:00:00,S,0,110,450000.0,,,,,0,0,,C,S,2026-05-08 12:16:25,,,,1,N
2026,1,1780,1724,GMADA,1110101000,1,INT,2026-05-08 00:00:00,S,0,110,430000.0,,,,,0,0,,C,S,2026-05-08 12:17:51,,,,1,N
2026,1,1781,1731,GMADA,1110112000,19,TESOR,2026-05-08 00:00:00,S,0,110,112000.0,,,,,0,0,,C,S,2026-05-08 12:20:12,,,,1,N
2026,1,1782,1730,GMADA,1110112000,19,CONTRA,2026-05-08 00:00:00,S,0,110,112000.0,,,,,0,0,,C,S,2026-05-08 12:40:24,,,,1,N
2026,1,1783,1726,GMADA,1110102000,2,AREAJ,2026-05-08 00:00:00,S,0,132,281300.0,,,,,0,0,,C,S,2026-05-08 12:40:59,,,,1,N
2026,1,1784,1627,GMADA,1110104000,5,LAV,2026-05-08 00:00:00,S,0,131,910423.58,,,,,0,0,,C,S,2026-05-08 12:42:46,,,,1,N
2026,1,1785,1735,GMADA,1110104000,5,HOSP,2026-05-08 00:00:00,S,0,131,949661.53,,,,,0,0,,C,S,2026-05-08 12:45:04,,,,1,N
2026,1,1786,1708,GMADA,1110104000,5,FARM,2026-05-08 00:00:00,S,0,131,4640709.53,,,,,0,0,,C,S,2026-05-08 12:46:22,,,,1,N
2026,1,1787,1666,GMADA,1110104000,5,HOSP,2026-05-08 00:00:00,S,0,131,459613.0,,,,,0,0,,C,S,2026-05-08 12:47:53,,,,1,N
2026,1,1788,1667,GMADA,1110104000,5,HOSP,2026-05-08 00:00:00,S,0,131,87470.0,,,,,0,0,,C,S,2026-05-08 12:51:43,,,,1,N
2026,1,1789,1668,GMADA,1110104000,5,HOSP,2026-05-08 00:00:00,S,0,131,42900.0,,,,,0,0,,C,S,2026-05-08 12:52:11,,,,1,N
2026,1,1790,1669,GMADA,1110104000,5,LAV,2026-05-08 00:00:00,S,0,131,113800.0,,,,,0,0,,C,S,2026-05-08 12:53:38,,,,1,N
2026,1,1791,1670,GMADA,1110104000,5,HOGANC,2026-05-08 00:00:00,S,0,131,255910.0,,,,,0,0,,C,S,2026-05-08 12:55:26,,,,1,N
2026,1,1792,1671,GMADA,1110104000,5,HOGANC,2026-05-08 00:00:00,S,0,131,185270.0,,,,,0,0,,C,S,2026-05-08 12:57:38,,,,1,N
2026,1,1793,1672,GMADA,1110104000,5,HOGANC,2026-05-08 00:00:00,S,0,131,148720.0,,,,,0,0,,C,S,2026-05-08 13:00:42,,,,1,N
2026,1,1794,1674,GMADA,1110104000,5,HOGANC,2026-05-08 00:00:00,S,0,131,192300.0,,,,,0,0,,C,S,2026-05-08 13:04:16,,,,1,N
2026,1,1795,1675,GMADA,1110104000,5,SALA I,2026-05-08 00:00:00,S,0,131,226360.0,,,,,0,0,,C,S,2026-05-08 13:04:50,,,,1,N
2026,1,1796,1676,GMADA,1110104000,5,CONEX,2026-05-08 00:00:00,S,0,131,240270.0,,,,,0,0,,C,S,2026-05-08 13:06:33,,,,1,N
2026,1,1797,1679,GMADA,1110104000,5,HOGANC,2026-05-08 00:00:00,S,0,131,146848.0,,,,,0,0,,C,S,2026-05-08 13:10:51,,,,1,N
2026,1,2196,2085,GMADA,1110118000,25,000SU,2026-06-08 00:00:00,S,0,110,1829000.0,,,,,0,0,,C,S,2026-06-08 08:02:33,,,,1,N
2026,1,2197,2090,GMADA,1110118000,25,000SU,2026-06-08 00:00:00,S,0,110,3440000.0,,,,,0,0,,C,S,2026-06-08 08:05:31,,,,1,N
2026,1,2198,2091,GMADA,1110103000,3,MA,2026-06-08 00:00:00,S,0,110,38000.0,,,,,0,0,,C,S,2026-06-08 08:07:35,,,,1,N
2026,1,2199,2077,GMADA,1110103000,3,OPP,2026-06-08 00:00:00,S,0,132,3800000.0,,,,,0,0,,C,S,2026-06-08 08:08:49,,,,1,N
2026,1,2394,2311,GMADA,1110102000,2,AREAJ,2026-06-24 00:00:00,S,0,110,380000.0,,,,,0,0,,C,S,2026-06-24 09:15:00,,,,2,N
2026,1,2395,2310,GMADA,1110102000,2,MAYOR,2026-06-24 00:00:00,S,0,110,223624.95,,,,,0,0,,C,S,2026-06-24 11:09:08,,,,1,N
2026,1,2396,2297,GMADA,1110106000,7,ACCSOC,2026-06-24 00:00:00,S,0,110,56154.0,,,,,0,0,,C,S,2026-06-24 11:11:09,,,,1,N
2026,1,2397,2298,GMADA,1110106000,7,ACCSOC,2026-06-24 00:00:00,S,0,132,146038.38,,,,,0,0,,C,S,2026-06-24 11:18:58,,,,1,N
2026,1,2398,2299,GMADA,1110106000,7,ACCSOC,2026-06-24 00:00:00,S,0,110,262498.95,,,,,0,0,,C,S,2026-06-24 11:20:30,,,,1,N
2026,1,2399,2300,GMADA,1110106000,7,ACCSOC,2026-06-24 00:00:00,S,0,110,1080000.0,,,,,0,0,,C,S,2026-06-24 11:21:23,,,,1,N
2026,1,2400,2307,GMADA,1110118000,25,000SU,2026-06-24 00:00:00,S,0,110,1560000.0,,,,,0,0,,C,S,2026-06-24 11:22:18,,,,1,N
2026,1,2401,2303,GMADA,1110118000,25,000SU,2026-06-24 00:00:00,S,0,110,552229.07,,,,,0,0,,C,S,2026-06-24 11:23:06,,,,1,N
2026,1,2402,2302,GMADA,1110118000,25,000SU,2026-06-24 00:00:00,S,0,110,147636.0,,,,,0,0,,C,S,2026-06-24 11:24:13,,,,1,N
2026,1,2403,2308,GMADA,1110118000,25,000SU,2026-06-24 00:00:00,S,0,110,323000.0,,,,,0,0,,C,S,2026-06-24 11:26:04,,,,1,N
2026,1,2404,2309,GMADA,1110118000,25,000SU,2026-06-24 00:00:00,S,0,110,4214250.44,,,,,0,0,,C,S,2026-06-24 11:28:30,,,,1,N
2026,1,2405,2312,GMADA,1110111000,3,CAS,2026-06-24 00:00:00,S,0,131,280300.0,,,,,0,0,,C,S,2026-06-24 12:33:53,,,,1,N
2026,1,2406,2327,GMADA,1110105000,6,TURIS,2026-06-25 00:00:00,S,0,110,450000.0,,,,,0,0,,C,S,2026-06-25 07:23:10,,,,2,N
2026,1,2433,2347,GMADA,1110102000,2,DELRU,2026-06-25 00:00:00,S,0,110,295000.0,,,,,0,0,,C,S,2026-06-25 10:55:48,,,,2,N
2026,1,2434,2314,GMADA,1110105000,6,CASA,2026-06-26 00:00:00,S,0,110,800000.0,,,,,0,0,,C,S,2026-06-26 09:08:30,,,,1,N
2026,1,2435,2331,GMADA,1110102000,2,GOBHAC,2026-06-26 00:00:00,S,0,110,2950000.0,,,,,0,0,,C,S,2026-06-26 09:23:11,,,,1,N
2026,1,2436,2332,GMADA,1110101000,1,INT,2026-06-26 00:00:00,S,0,110,2950000.0,,,,,0,0,,C,S,2026-06-26 09:24:16,,,,1,N
2026,1,2437,2329,GMADA,1110118000,25,MEAM,2026-06-26 00:00:00,S,0,110,58102.5,,,,,0,0,,C,S,2026-06-26 09:26:17,,,,1,N
2026,1,2438,2328,GMADA,1110118000,25,000SU,2026-06-26 00:00:00,S,0,110,40000.0,,,,,0,0,,C,S,2026-06-26 09:27:41,,,,1,N
2026,1,2439,2330,GMADA,1110118000,25,000SU,2026-06-26 00:00:00,S,0,110,380000.0,,,,,0,0,,C,S,2026-06-26 09:29:53,,,,1,N
2026,1,2440,2333,GMADA,1110108000,14,PROD,2026-06-26 00:00:00,S,0,110,5400.0,,,,,0,0,,C,S,2026-06-26 09:31:19,,,,1,N
2026,1,2441,2334,GMADA,1110108000,14,PROD,2026-06-26 00:00:00,S,0,110,24507.0,,,,,0,0,,C,S,2026-06-26 09:33:04,,,,1,N
2026,1,2442,2341,GMADA,1110113000,20,SECSEG,2026-06-26 00:00:00,S,0,110,99000.0,,,,,0,0,,C,S,2026-06-26 09:35:28,,,,1,N
2026,1,2443,2340,GMADA,1110113000,20,SECSEG,2026-06-26 00:00:00,S,0,110,39000.0,,,,,0,0,,C,S,2026-06-26 09:37:50,,,,1,N
2026,1,2444,2339,GMADA,1110113000,20,SECSEG,2026-06-26 00:00:00,S,0,110,8095.0,,,,,0,0,,C,S,2026-06-26 09:38:54,,,,1,N
2026,1,2445,2338,GMADA,1110113000,20,SECSEG,2026-06-26 00:00:00,S,0,110,12400.0,,,,,0,0,,C,S,2026-06-26 09:39:47,,,,1,N
2026,1,2446,2337,GMADA,1110113000,20,SECSEG,2026-06-26 00:00:00,S,0,110,209000.0,,,,,0,0,,C,S,2026-06-26 09:40:58,,,,1,N
2026,1,2447,2336,GMADA,1110113000,20,SECSEG,2026-06-26 00:00:00,S,0,110,66350.0,,,,,0,0,,C,S,2026-06-26 09:43:08,,,,1,N
2026,1,2448,2335,GMADA,1110113000,20,SECSEG,2026-06-26 00:00:00,S,0,110,196000.0,,,,,0,0,,C,S,2026-06-26 09:43:41,,,,1,N
2026,1,2449,2313,GMADA,1110104000,5,FARM,2026-06-26 00:00:00,S,0,131,1353718.0,,,,,0,0,,C,S,2026-06-26 09:45:34,,,,1,N
2026,1,2450,2315,GMADA,1110104000,5,FARM,2026-06-26 00:00:00,S,0,131,461932.47,,,,,0,0,,C,S,2026-06-26 09:46:21,,,,1,N
2026,1,2451,2316,GMADA,1110104000,5,FARM,2026-06-26 00:00:00,S,0,131,803831.8,,,,,0,0,,C,S,2026-06-26 09:47:23,,,,1,N
2026,1,2615,2529,GMADA,1110105000,6,CULTUR,2026-07-08 00:00:00,S,0,110,300000.0,,,,,0,0,,C,S,2026-07-08 10:08:00,,,,1,N
2026,1,397,415,GMADA,1110112000,19,COMPR,2026-01-21 00:00:00,S,0,110,872494.7,,,,,0,0,,C,S,2026-01-21 09:16:07,,,,1,N
2026,1,536,12,GMADA,1110112000,19,SEHA,2026-01-29 00:00:00,S,0,110,268500.0,,,,,0,0,,C,S,2026-01-29 12:12:55,,,,2,N
2026,1,572,410,GMADA,1110106000,7,ENV,2026-02-02 00:00:00,A,442,132,-75499.0,,,,,0,0,,N,S,2026-02-02 11:35:44,,,,0,N
2026,1,573,410,GMADA,1110106000,7,ENV,2026-02-02 00:00:00,S,0,132,77492.41,,,,,0,0,,C,S,2026-02-02 11:37:37,,,,2,N
2026,1,574,549,GMADA,1110118000,25,DECI,2026-02-02 00:00:00,S,0,110,750000.0,,,,,0,0,,C,S,2026-02-02 12:15:34,,,,2,N
2026,1,608,568,GMADA,1110105000,6,CULTUR,2026-02-04 00:00:00,S,0,132,97262.26,,,,,0,0,,C,S,2026-02-04 10:55:33,,,,2,N
2026,1,665,681,GMADA,1110105000,6,CULTUR,2026-02-12 00:00:00,S,0,110,840000.0,,,,,0,0,,C,S,2026-02-12 08:36:29,,,,1,N
2026,1,666,679,GMADA,1110105000,6,CULTUR,2026-02-12 00:00:00,S,0,110,1400000.0,,,,,0,0,,C,S,2026-02-12 08:37:02,,,,2,N
2026,1,667,641,GMADA,1110103000,3,OPP,2026-02-12 00:00:00,S,0,110,14400000.0,,,,,0,0,,A,S,2026-02-12 10:11:27,2026-03-05 08:05:12,ERROR,,1,N
2026,1,668,630,GMADA,1110108000,14,PROD,2026-02-12 00:00:00,S,0,110,150000.0,,,,,0,0,,C,S,2026-02-12 10:13:26,,,,1,N
2026,1,669,631,GMADA,1110108000,14,PROD,2026-02-12 00:00:00,S,0,110,375000.0,,,,,0,0,,C,S,2026-02-12 10:15:13,,,,1,N
2026,1,670,702,GMADA,1110111000,3,CAS,2026-02-12 00:00:00,S,0,131,4000000.0,,,,,0,0,,C,S,2026-02-12 11:10:04,,,,2,N
2026,1,671,701,GMADA,1110103000,3,OPP,2026-02-12 00:00:00,S,0,110,3500000.0,,,,,0,0,,C,S,2026-02-12 11:39:35,,,,1,N
2026,1,778,640,GMADA,1110111000,3,CAS,2026-02-20 00:00:00,A,722,131,-1041500.0,,,,,0,0,,N,S,2026-02-20 10:29:21,,,,0,N
2026,1,779,751,GMADA,1110118000,25,000SU,2026-02-20 00:00:00,S,0,110,1957867.6,,,,,0,0,,A,S,2026-02-20 10:47:31,2026-02-25 11:39:48,ERROR,,1,N
2026,1,780,737,GMADA,1110118000,25,DECI,2026-02-20 00:00:00,S,0,110,292000.0,,,,,0,0,,C,S,2026-02-20 10:50:16,,,,1,N
2026,1,781,720,GMADA,1110105000,6,TURIS,2026-02-20 00:00:00,S,0,110,1456000.0,,,,,0,0,,C,S,2026-02-20 11:00:30,,,,2,N
2026,1,782,738,GMADA,1110106000,7,ACCSOC,2026-02-20 00:00:00,S,0,110,81196.44,,,,,0,0,,C,S,2026-02-20 11:06:40,,,,1,N
2026,1,783,739,GMADA,1110106000,7,ASIV,2026-02-20 00:00:00,S,0,110,120000.0,,,,,0,0,,C,S,2026-02-20 11:12:23,,,,1,N
2026,1,784,740,GMADA,1110106000,7,ENV,2026-02-20 00:00:00,S,0,132,60000.0,,,,,0,0,,C,S,2026-02-20 11:14:24,,,,1,N
2026,1,785,741,GMADA,1110106000,7,JARD,2026-02-20 00:00:00,S,0,132,16100.0,,,,,0,0,,C,S,2026-02-20 11:15:14,,,,1,N
2026,1,786,748,GMADA,1110105000,6,TURIS,2026-02-20 00:00:00,S,0,110,1000000.0,,,,,0,0,,C,S,2026-02-20 11:16:48,,,,2,N
2026,1,787,722,GMADA,1110105000,6,TURIS,2026-02-20 00:00:00,S,0,110,360000.0,,,,,0,0,,C,S,2026-02-20 11:17:53,,,,2,N
2026,1,788,725,GMADA,1110105000,6,TURIS,2026-02-20 00:00:00,S,0,110,640000.0,,,,,0,0,,C,S,2026-02-20 11:20:25,,,,2,N
2026,1,789,723,GMADA,1110105000,6,TURIS,2026-02-20 00:00:00,S,0,110,960000.0,,,,,0,0,,C,S,2026-02-20 11:29:04,,,,2,N
2026,1,790,731,GMADA,1110105000,6,TURIS,2026-02-20 00:00:00,S,0,110,450000.0,,,,,0,0,,C,S,2026-02-20 11:31:19,,,,2,N
2026,1,791,730,GMADA,1110105000,6,TURIS,2026-02-20 00:00:00,S,0,110,880000.0,,,,,0,0,,C,S,2026-02-20 11:32:45,,,,2,N
2026,1,792,726,GMADA,1110105000,6,TURIS,2026-02-20 00:00:00,S,0,110,300000.0,,,,,0,0,,C,S,2026-02-20 11:34:12,,,,2,N
2026,1,793,727,GMADA,1110105000,6,TURIS,2026-02-20 00:00:00,S,0,110,540000.0,,,,,0,0,,C,S,2026-02-20 11:35:13,,,,2,N
2026,1,794,728,GMADA,1110105000,6,TURIS,2026-02-20 00:00:00,S,0,110,540000.0,,,,,0,0,,C,S,2026-02-20 11:38:41,,,,2,N
2026,1,795,729,GMADA,1110105000,6,TURIS,2026-02-20 00:00:00,S,0,110,675000.0,,,,,0,0,,C,S,2026-02-20 11:42:33,,,,2,N
2026,1,796,744,GMADA,1110102000,2,DMACED,2026-02-20 00:00:00,S,0,110,179000.0,,,,,0,0,,C,S,2026-02-20 11:44:24,,,,1,N
2026,1,797,745,GMADA,1110112000,19,INGPU,2026-02-20 00:00:00,S,0,110,13200.0,,,,,0,0,,C,S,2026-02-20 11:47:06,,,,1,N
2026,1,798,709,GMADA,1110104000,5,COC,2026-02-20 00:00:00,S,0,131,26000.0,,,,,0,0,,C,S,2026-02-20 11:48:02,,,,1,N
2026,1,799,711,GMADA,1110104000,5,COC,2026-02-20 00:00:00,S,0,131,460766.0,,,,,0,0,,C,S,2026-02-20 11:49:00,,,,1,N
2026,1,800,710,GMADA,1110104000,5,LAB,2026-02-20 00:00:00,S,0,131,70902.9,,,,,0,0,,C,S,2026-02-20 11:51:43,,,,1,N
2026,1,801,734,GMADA,1110105000,6,CULTUR,2026-02-20 00:00:00,S,0,110,67500.0,,,,,0,0,,C,S,2026-02-20 11:52:29,,,,1,N
2026,1,802,735,GMADA,1110109000,13,DEP,2026-02-20 00:00:00,S,0,110,78016.89,,,,,0,0,,C,S,2026-02-20 11:53:21,,,,1,N
2026,1,803,718,GMADA,1110104000,5,FARM,2026-02-20 00:00:00,A,773,131,-2132124.7,,,,,0,0,,N,S,2026-02-20 12:21:25,,,,0,N
2026,1,804,706,GMADA,1110104000,5,HOSP,2026-02-20 00:00:00,A,770,131,-8000.0,,,,,0,0,,N,S,2026-02-20 12:21:44,,,,0,N
2026,1,890,816,GMADA,1110104000,5,HOSP,2026-03-02 00:00:00,A,857,131,-2460000.0,,,,,0,0,,N,S,2026-03-02 12:40:30,,,,0,N
2026,1,1110,1057,GMADA,1110113000,20,SECSEG,2026-03-16 00:00:00,S,0,110,238565.0,,,,,0,0,,C,S,2026-03-16 10:11:15,,,,1,N
2026,1,1565,1508,GMADA,1110109000,13,DEP,2026-04-24 00:00:00,S,0,110,3132021.1,,,,,0,0,,C,S,2026-04-24 07:42:46,,,,1,N
2026,1,1569,1522,GMADA,1110111000,3,CAS,2026-04-24 00:00:00,S,0,131,1050000.0,,,,,0,0,,C,S,2026-04-24 09:50:01,,,,1,N
2026,1,1754,1698,GMADA,1110113000,20,SECSEG,2026-05-08 00:00:00,S,0,110,302500.0,,,,,0,0,,C,S,2026-05-08 08:40:36,,,,2,N
2026,1,1755,1701,GMADA,1110111000,3,CAS,2026-05-08 00:00:00,S,0,131,1040000.0,,,,,0,0,,C,S,2026-05-08 08:41:49,,,,1,N
2026,1,1756,1665,GMADA,1110104000,5,COC,2026-05-08 00:00:00,S,0,131,1114393.2,,,,,0,0,,C,S,2026-05-08 08:43:20,,,,1,N
2026,1,1757,1697,GMADA,1110104000,5,QUI,2026-05-08 00:00:00,S,0,131,97000.0,,,,,0,0,,C,S,2026-05-08 08:45:20,,,,1,N
2026,1,1758,1696,GMADA,1110104000,5,COC,2026-05-08 00:00:00,S,0,131,1625784.0,,,,,0,0,,C,S,2026-05-08 08:47:59,,,,1,N
2026,1,1759,1694,GMADA,1110104000,5,HOSP,2026-05-08 00:00:00,S,0,131,258490.51,,,,,0,0,,C,S,2026-05-08 08:48:32,,,,1,N
2026,1,1760,1635,GMADA,1110104000,5,LAB,2026-05-08 00:00:00,S,0,131,1125657.0,,,,,0,0,,C,S,2026-05-08 08:52:14,,,,1,N
2026,1,1761,1706,GMADA,1110104000,5,HOSP,2026-05-08 00:00:00,S,0,131,208480.0,,,,,0,0,,C,S,2026-05-08 08:54:04,,,,1,N
2026,1,1762,1625,GMADA,1110104000,5,HOGANC,2026-05-08 00:00:00,S,0,131,29500.0,,,,,0,0,,C,S,2026-05-08 08:58:48,,,,1,N
2026,1,1763,1738,GMADA,1110102000,2,DELRU,2026-05-08 00:00:00,S,0,110,316999.0,,,,,0,0,,A,S,2026-05-08 10:52:38,2026-05-20 10:22:45,ERROR,,1,N
2026,1,2136,2072,GMADA,1110111000,3,CAS,2026-06-04 00:00:00,S,0,131,75459.68,,,,,0,0,,C,S,2026-06-04 07:28:53,,,,2,N
2026,1,2137,1967,GMADA,1110104000,5,HOGANC,2026-06-04 00:00:00,A,2095,131,-58900.0,,,,,0,0,,N,S,2026-06-04 07:29:05,,,,0,N
2026,1,2138,2056,GMADA,1110118000,25,000SU,2026-06-04 00:00:00,S,0,110,3055199.26,,,,,0,0,,C,S,2026-06-04 07:43:26,,,,2,N
2026,1,2478,2375,GMADA,1110102000,2,DELRU,2026-06-29 00:00:00,S,0,110,195000.0,,,,,0,0,,C,S,2026-06-29 10:01:44,,,,1,N
2026,1,2479,2377,GMADA,1110112000,19,SECHAC,2026-06-29 00:00:00,S,0,110,95000.0,,,,,0,0,,C,S,2026-06-29 10:02:16,,,,1,N
2026,1,2480,2383,GMADA,1110111000,3,CAS,2026-06-29 00:00:00,S,0,131,216000.0,,,,,0,0,,C,S,2026-06-29 10:03:02,,,,1,N
2026,1,2514,2414,GMADA,1110118000,25,000SU,2026-07-02 00:00:00,S,0,110,3288000.0,,,,,0,0,,C,S,2026-07-02 10:21:18,,,,1,N
2026,1,2515,2413,GMADA,1110118000,25,000SU,2026-07-02 00:00:00,S,0,132,9000000.0,,,,,0,0,,C,S,2026-07-02 10:22:25,,,,2,N
2026,1,2516,2417,GMADA,1110111000,3,CAS,2026-07-02 00:00:00,S,0,131,99100.0,,,,,0,0,,C,S,2026-07-02 10:24:32,,,,1,N
2026,1,2517,2386,GMADA,1110113000,20,SECSEG,2026-07-02 00:00:00,S,0,110,1036000.0,,,,,0,0,,C,S,2026-07-02 10:25:40,,,,1,N
2026,1,2518,2416,GMADA,1110111000,3,CAS,2026-07-02 00:00:00,S,0,131,1330000.0,,,,,0,0,,C,S,2026-07-02 10:32:16,,,,1,N
2026,1,2519,2392,GMADA,1110104000,5,FARM,2026-07-02 00:00:00,S,0,131,1016634.56,,,,,0,0,,C,S,2026-07-02 10:32:59,,,,1,N
2026,1,2520,2394,GMADA,1110104000,5,FARM,2026-07-02 00:00:00,S,0,131,253420.0,,,,,0,0,,C,S,2026-07-02 10:33:54,,,,1,N
2026,1,2521,2422,GMADA,1110104000,5,HOSP,2026-07-02 00:00:00,S,0,131,11250.0,,,,,0,0,,N,S,2026-07-02 10:34:39,,,,1,N
2026,1,2522,2393,GMADA,1110104000,5,FARM,2026-07-02 00:00:00,S,0,131,549515.54,,,,,0,0,,C,S,2026-07-02 10:36:33,,,,1,N
2026,1,2523,2357,GMADA,1110104000,5,LAB,2026-07-02 00:00:00,S,0,131,2459588.72,,,,,0,0,,C,S,2026-07-02 10:37:35,,,,1,N
2026,1,2524,2363,GMADA,1110104000,5,HOGANC,2026-07-02 00:00:00,S,0,131,40500.0,,,,,0,0,,C,S,2026-07-02 10:38:26,,,,1,N
2026,1,2525,2364,GMADA,1110104000,5,HOSP,2026-07-02 00:00:00,S,0,131,195000.0,,,,,0,0,,C,S,2026-07-02 10:38:44,,,,1,N
2026,1,2526,2365,GMADA,1110104000,5,HEMO,2026-07-02 00:00:00,S,0,131,60000.0,,,,,0,0,,C,S,2026-07-02 10:43:41,,,,1,N
2026,1,2527,2366,GMADA,1110104000,5,COC,2026-07-02 00:00:00,S,0,131,1655063.0,,,,,0,0,,C,S,2026-07-02 10:45:29,,,,2,N
2026,1,2528,2395,GMADA,1110104000,5,HOSP,2026-07-02 00:00:00,S,0,131,79600.0,,,,,0,0,,C,S,2026-07-02 10:53:11,,,,1,N
2026,1,2529,2396,GMADA,1110104000,5,HEMO,2026-07-02 00:00:00,S,0,131,37800.0,,,,,0,0,,C,S,2026-07-02 10:54:34,,,,1,N
2026,1,2530,2397,GMADA,1110104000,5,LAB,2026-07-02 00:00:00,S,0,131,32000.03,,,,,0,0,,C,S,2026-07-02 11:00:06,,,,1,N
2026,1,2531,2398,GMADA,1110104000,5,LAB,2026-07-02 00:00:00,S,0,131,245000.0,,,,,0,0,,C,S,2026-07-02 11:00:23,,,,1,N
2026,1,2532,2399,GMADA,1110104000,5,LAV,2026-07-02 00:00:00,S,0,131,798638.56,,,,,0,0,,C,S,2026-07-02 11:01:35,,,,1,N
2026,1,2533,2400,GMADA,1110104000,5,COC,2026-07-02 00:00:00,S,0,131,219657.36,,,,,0,0,,C,S,2026-07-02 11:05:35,,,,1,N
2026,1,2534,2401,GMADA,1110104000,5,TERINT,2026-07-02 00:00:00,S,0,131,1345000.0,,,,,0,0,,C,S,2026-07-02 11:05:53,,,,1,N
2026,1,2535,2387,GMADA,1110104000,5,FARM,2026-07-02 00:00:00,S,0,131,52850.0,,,,,0,0,,C,S,2026-07-02 11:08:46,,,,1,N
2026,1,2536,2456,GMADA,1110111000,3,CAS,2026-07-02 00:00:00,S,0,131,5522500.0,,,,,0,0,,C,S,2026-07-02 11:55:25,,,,2,N
2026,1,2537,2453,GMADA,1110108000,14,PROD,2026-07-02 00:00:00,S,0,110,500000.0,,,,,0,0,,C,S,2026-07-02 11:56:53,,,,2,N
2026,1,2538,2458,GMADA,1110117000,24,000A,2026-07-02 00:00:00,S,0,110,21600.0,,,,,0,0,,C,S,2026-07-02 12:11:35,,,,2,N
2026,1,2539,2457,GMADA,1110108000,14,PROD,2026-07-02 00:00:00,S,0,110,960000.0,,,,,0,0,,C,S,2026-07-02 12:20:50,,,,2,N
2026,1,2540,2460,GMADA,1110118000,25,000SU,2026-07-02 00:00:00,S,0,132,17672000.0,,,,,0,0,,C,S,2026-07-02 12:49:22,,,,2,N
2026,1,2541,2461,GMADA,1110118000,25,BARU,2026-07-02 00:00:00,S,0,132,3313500.0,,,,,0,0,,C,S,2026-07-02 12:50:36,,,,2,N
2026,1,330,347,GMADA,1110118000,25,000SU,2026-01-19 00:00:00,S,0,110,2011262.71,,,,,0,0,,C,S,2026-01-19 07:55:48,,,,1,N
2026,1,331,349,GMADA,1110112000,19,CONTRA,2026-01-19 00:00:00,S,0,110,15000.0,,,,,0,0,,C,S,2026-01-19 07:56:36,,,,1,N
2026,1,332,282,GMADA,1110104000,5,HOSP,2026-01-19 00:00:00,S,0,131,23500.02,,,,,0,0,,C,S,2026-01-19 07:57:20,,,,1,N
2026,1,333,224,GMADA,1110106000,7,ACCSOC,2026-01-19 00:00:00,S,0,132,143000.0,,,,,0,0,,C,S,2026-01-19 07:58:20,,,,1,N
2026,1,334,319,GMADA,1110106000,7,ACCSOC,2026-01-19 00:00:00,S,0,131,5567398.08,,,,,0,0,,C,S,2026-01-19 07:59:28,,,,1,N
2026,1,335,320,GMADA,1110106000,7,ACCSOC,2026-01-19 00:00:00,S,0,131,1838583.36,,,,,0,0,,C,S,2026-01-19 08:00:37,,,,1,N
2026,1,336,321,GMADA,1110106000,7,ACCSOC,2026-01-19 00:00:00,S,0,131,1634296.32,,,,,0,0,,C,S,2026-01-19 08:00:53,,,,1,N
2026,1,337,322,GMADA,1110106000,7,ACCSOC,2026-01-19 00:00:00,S,0,131,6307176.0,,,,,0,0,,C,S,2026-01-19 08:01:10,,,,1,N
2026,1,338,323,GMADA,1110106000,7,ACCSOC,2026-01-19 00:00:00,S,0,131,6307176.0,,,,,0,0,,C,S,2026-01-19 08:01:50,,,,1,N
2026,1,339,325,GMADA,1110106000,7,ACCSOC,2026-01-19 00:00:00,S,0,131,6307176.0,,,,,0,0,,C,S,2026-01-19 08:02:19,,,,1,N
2026,1,340,326,GMADA,1110106000,7,ACCSOC,2026-01-19 00:00:00,S,0,131,6307176.0,,,,,0,0,,C,S,2026-01-19 08:03:10,,,,1,N
2026,1,341,327,GMADA,1110106000,7,ACCSOC,2026-01-19 00:00:00,S,0,131,13425864.96,,,,,0,0,,C,S,2026-01-19 08:04:00,,,,1,N
2026,1,342,329,GMADA,1110106000,7,ACCSOC,2026-01-19 00:00:00,S,0,131,6307176.0,,,,,0,0,,C,S,2026-01-19 08:08:02,,,,1,N
2026,1,343,330,GMADA,1110106000,7,ACCSOC,2026-01-19 00:00:00,S,0,131,340000.0,,,,,0,0,,C,S,2026-01-19 08:08:31,,,,1,N
2026,1,344,331,GMADA,1110106000,7,ACCSOC,2026-01-19 00:00:00,S,0,131,6307176.0,,,,,0,0,,C,S,2026-01-19 08:08:57,,,,1,N
2026,1,345,332,GMADA,1110106000,7,ACCSOC,2026-01-19 00:00:00,S,0,131,6307176.0,,,,,0,0,,C,S,2026-01-19 08:11:25,,,,1,N
2026,1,346,334,GMADA,1110106000,7,ACCSOC,2026-01-19 00:00:00,S,0,131,710717.6,,,,,0,0,,C,S,2026-01-19 08:11:54,,,,1,N
2026,1,347,335,GMADA,1110106000,7,ACCSOC,2026-01-19 00:00:00,S,0,131,6307176.0,,,,,0,0,,C,S,2026-01-19 08:12:11,,,,1,N
2026,1,348,336,GMADA,1110106000,7,ACCSOC,2026-01-19 00:00:00,S,0,131,6307176.0,,,,,0,0,,C,S,2026-01-19 08:13:01,,,,1,N
2026,1,349,337,GMADA,1110106000,7,ACCSOC,2026-01-19 00:00:00,S,0,131,7124325.96,,,,,0,0,,C,S,2026-01-19 08:13:30,,,,1,N
2026,1,350,338,GMADA,1110106000,7,ACCSOC,2026-01-19 00:00:00,S,0,131,6715750.08,,,,,0,0,,C,S,2026-01-19 08:14:08,,,,1,N
2026,1,351,339,GMADA,1110106000,7,ACCSOC,2026-01-19 00:00:00,S,0,131,1838583.36,,,,,0,0,,C,S,2026-01-19 08:15:07,,,,1,N
2026,1,352,341,GMADA,1110106000,7,ACCSOC,2026-01-19 00:00:00,S,0,131,6307176.0,,,,,0,0,,C,S,2026-01-19 08:15:24,,,,1,N
2026,1,353,342,GMADA,1110106000,7,ACCSOC,2026-01-19 00:00:00,S,0,131,5081453.76,,,,,0,0,,C,S,2026-01-19 08:16:06,,,,1,N
2026,1,354,343,GMADA,1110106000,7,ACCSOC,2026-01-19 00:00:00,S,0,131,6307176.0,,,,,0,0,,C,S,2026-01-19 08:16:33,,,,1,N
2026,1,355,353,GMADA,1110104000,5,HOGANC,2026-01-19 00:00:00,S,0,131,474200.0,,,,,0,0,,C,S,2026-01-19 08:17:54,,,,1,N
2026,1,356,352,GMADA,1110104000,5,HOGANC,2026-01-19 00:00:00,S,0,131,419470.0,,,,,0,0,,C,S,2026-01-19 08:18:57,,,,1,N
2026,1,357,351,GMADA,1110104000,5,COC,2026-01-19 00:00:00,S,0,131,902425.0,,,,,0,0,,C,S,2026-01-19 08:20:04,,,,1,N
2026,1,358,345,GMADA,1110104000,5,COC,2026-01-19 00:00:00,S,0,131,1192821.0,,,,,0,0,,C,S,2026-01-19 08:20:20,,,,2,N
2026,1,359,344,GMADA,1110104000,5,HOGANC,2026-01-19 00:00:00,S,0,131,68000.0,,,,,0,0,,C,S,2026-01-19 08:21:54,,,,1,N
2026,1,360,340,GMADA,1110104000,5,SALA I,2026-01-19 00:00:00,S,0,131,3775200.0,,,,,0,0,,C,S,2026-01-19 08:23:34,,,,1,N
2026,1,361,348,GMADA,1110104000,5,HOSP,2026-01-19 00:00:00,S,0,131,500000.0,,,,,0,0,,C,S,2026-01-19 08:23:53,,,,1,N
2026,1,362,354,GMADA,1110104000,5,INTER,2026-01-19 00:00:00,S,0,131,1604998.0,,,,,0,0,,C,S,2026-01-19 08:26:34,,,,1,N
2026,1,363,324,GMADA,1110104000,5,HOGANC,2026-01-19 00:00:00,S,0,131,1370366.23,,,,,0,0,,C,S,2026-01-19 08:27:03,,,,1,N
2026,1,364,333,GMADA,1110104000,5,ADM,2026-01-19 00:00:00,S,0,131,170000.0,,,,,0,0,,C,S,2026-01-19 08:38:27,,,,1,N
2026,1,365,381,GMADA,1110115000,22,SCOOR,2026-01-19 00:00:00,S,0,110,2280000.0,,,,,0,0,,C,S,2026-01-19 08:38:44,,,,2,N
2026,1,366,366,GMADA,1110115000,22,SCOOR,2026-01-19 00:00:00,S,0,110,1200000.0,,,,,0,0,,C,S,2026-01-19 08:40:40,,,,1,N
2026,1,367,369,GMADA,1110115000,22,SCOOR,2026-01-19 00:00:00,S,0,110,2160000.0,,,,,0,0,,C,S,2026-01-19 08:41:04,,,,1,N
2026,1,368,356,GMADA,1110115000,22,SCOOR,2026-01-19 00:00:00,S,0,110,1200000.0,,,,,0,0,,C,S,2026-01-19 08:41:54,,,,1,N
2026,1,369,357,GMADA,1110115000,22,SCOOR,2026-01-19 00:00:00,S,0,110,1080000.0,,,,,0,0,,C,S,2026-01-19 08:42:23,,,,2,N
2026,1,370,358,GMADA,1110115000,22,SCOOR,2026-01-19 00:00:00,S,0,110,780000.0,,,,,0,0,,C,S,2026-01-19 08:42:40,,,,1,N
2026,1,371,359,GMADA,1110115000,22,SCOOR,2026-01-19 00:00:00,S,0,110,780000.0,,,,,0,0,,C,S,2026-01-19 08:43:40,,,,1,N
2026,1,372,360,GMADA,1110115000,22,SCOOR,2026-01-19 00:00:00,S,0,110,780000.0,,,,,0,0,,C,S,2026-01-19 08:44:12,,,,1,N
2026,1,373,361,GMADA,1110115000,22,SCOOR,2026-01-19 00:00:00,S,0,110,1200000.0,,,,,0,0,,C,S,2026-01-19 08:44:42,,,,1,N
2026,1,374,362,GMADA,1110115000,22,SCOOR,2026-01-19 00:00:00,S,0,110,1200000.0,,,,,0,0,,C,S,2026-01-19 08:46:00,,,,2,N
2026,1,375,363,GMADA,1110115000,22,SCOOR,2026-01-19 00:00:00,S,0,110,1800000.0,,,,,0,0,,C,S,2026-01-19 08:47:51,,,,1,N
2026,1,376,370,GMADA,1110115000,22,SCOOR,2026-01-19 00:00:00,S,0,110,1800000.0,,,,,0,0,,C,S,2026-01-19 08:48:11,,,,2,N
2026,1,377,364,GMADA,1110115000,22,SCOOR,2026-01-19 00:00:00,S,0,110,1800000.0,,,,,0,0,,C,S,2026-01-19 08:49:03,,,,1,N
2026,1,378,365,GMADA,1110115000,22,SCOOR,2026-01-19 00:00:00,S,0,110,600000.0,,,,,0,0,,C,S,2026-01-19 08:50:11,,,,1,N
2026,1,379,368,GMADA,1110115000,22,SCOOR,2026-01-19 00:00:00,S,0,110,1080000.0,,,,,0,0,,C,S,2026-01-19 08:50:41,,,,1,N
2026,1,380,376,GMADA,1110115000,22,SCOOR,2026-01-19 00:00:00,S,0,110,960000.0,,,,,0,0,,C,S,2026-01-19 08:51:10,,,,1,N
2026,1,381,379,GMADA,1110115000,22,SCOOR,2026-01-19 00:00:00,S,0,110,1080000.0,,,,,0,0,,C,S,2026-01-19 08:51:39,,,,1,N
2026,1,382,378,GMADA,1110115000,22,SCOOR,2026-01-19 00:00:00,S,0,110,1800000.0,,,,,0,0,,C,S,2026-01-19 08:52:06,,,,1,N
2026,1,383,377,GMADA,1110118000,25,BARU,2026-01-19 00:00:00,S,0,110,299500.0,,,,,0,0,,C,S,2026-01-19 08:53:15,,,,1,N
2026,1,384,375,GMADA,1110112000,19,CONTRA,2026-01-19 00:00:00,S,0,110,299500.0,,,,,0,0,,C,S,2026-01-19 08:54:08,,,,1,N
2026,1,385,373,GMADA,1110112000,19,INGPU,2026-01-19 00:00:00,S,0,110,34500.0,,,,,0,0,,C,S,2026-01-19 08:55:26,,,,1,N
2026,1,386,372,GMADA,1110117000,24,000A,2026-01-19 00:00:00,S,0,110,18400.02,,,,,0,0,,C,S,2026-01-19 08:56:30,,,,1,N
2026,1,387,289,GMADA,1110113000,20,SECSEG,2026-01-19 00:00:00,S,0,110,198413.6,,,,,0,0,,C,S,2026-01-19 08:57:34,,,,1,N
2026,1,392,371,GMADA,1110106000,7,JARD,2026-01-19 00:00:00,S,0,132,2042870.4,,,,,0,0,,C,S,2026-01-19 10:54:17,,,,2,N
2026,1,393,203,GMADA,1110104000,5,HOSP,2026-01-20 00:00:00,A,223,131,-175000.0,,,,,0,0,,N,S,2026-01-20 08:38:06,,,,0,N
2026,1,394,412,GMADA,1110105000,6,CULTUR,2026-01-20 00:00:00,S,0,110,480000.0,,,,,0,0,,C,S,2026-01-20 12:02:24,,,,3,N
2026,1,427,431,GMADA,1110113000,20,SECSEG,2026-01-22 00:00:00,S,0,110,307168.55,,,,,0,0,,C,S,2026-01-22 08:04:18,,,,1,N
2026,1,439,404,GMADA,1110118000,25,BARU,2026-01-23 00:00:00,A,409,132,-1933200.0,,,,,0,0,,N,S,2026-01-23 08:09:10,,,,0,N
2026,1,440,404,GMADA,1110118000,25,BARU,2026-01-23 00:00:00,S,0,132,4833000.0,,,,,0,0,,C,S,2026-01-23 08:12:21,,,,2,N
2026,1,441,400,GMADA,1110104000,5,HOSP,2026-01-23 00:00:00,S,0,131,53800.0,,,,,0,0,,C,S,2026-01-23 10:12:12,,,,1,N
2026,1,442,410,GMADA,1110106000,7,ENV,2026-01-23 00:00:00,S,0,132,75499.0,,,,,0,0,,A,S,2026-01-23 10:16:43,2026-02-02 11:35:44,ERROR,,1,N
2026,1,443,399,GMADA,1110104000,5,HOSP,2026-01-23 00:00:00,S,0,131,74000.0,,,,,0,0,,C,S,2026-01-23 10:25:34,,,,1,N
2026,1,444,424,GMADA,1110102000,2,DESP,2026-01-23 00:00:00,S,0,110,38100.0,,,,,0,0,,C,S,2026-01-23 10:26:34,,,,1,N
2026,1,445,423,GMADA,1110102000,2,JUZFAL,2026-01-23 00:00:00,S,0,110,73800.0,,,,,0,0,,C,S,2026-01-23 10:27:25,,,,1,N
2026,1,446,407,GMADA,1110109000,13,DEP,2026-01-23 00:00:00,S,0,110,40000.0,,,,,0,0,,C,S,2026-01-23 10:28:11,,,,1,N
2026,1,447,409,GMADA,1110109000,13,DEP,2026-01-23 00:00:00,S,0,110,54000.0,,,,,0,0,,C,S,2026-01-23 10:28:52,,,,1,N
2026,1,448,408,GMADA,1110109000,13,DEP,2026-01-23 00:00:00,S,0,110,20000.0,,,,,0,0,,C,S,2026-01-23 10:29:48,,,,1,N
2026,1,449,432,GMADA,1110109000,13,DEP,2026-01-23 00:00:00,S,0,110,160500.0,,,,,0,0,,C,S,2026-01-23 10:30:58,,,,1,N
2026,1,450,435,GMADA,1110109000,13,DEP,2026-01-23 00:00:00,S,0,110,461500.0,,,,,0,0,,C,S,2026-01-23 10:33:09,,,,1,N
2026,1,451,433,GMADA,1110113000,20,SECSEG,2026-01-23 00:00:00,S,0,110,77084.0,,,,,0,0,,C,S,2026-01-23 10:34:02,,,,1,N
2026,1,453,430,GMADA,1110118000,25,DECI,2026-01-23 00:00:00,S,0,110,325000.0,,,,,0,0,,C,S,2026-01-23 10:36:13,,,,1,N
2026,1,454,417,GMADA,1110118000,25,DECI,2026-01-23 00:00:00,S,0,110,665200.0,,,,,0,0,,A,S,2026-01-23 10:38:08,2026-01-29 12:36:42,ERROR,,1,N
2026,1,455,422,GMADA,1110104000,5,HOSP,2026-01-23 00:00:00,S,0,131,3121974.52,,,,,0,0,,C,S,2026-01-23 10:38:24,,,,1,N
2026,1,456,425,GMADA,1110104000,5,LAB,2026-01-23 00:00:00,S,0,131,1147086.56,,,,,0,0,,C,S,2026-01-23 11:57:11,,,,1,N
2026,1,457,203,GMADA,1110104000,5,CICQ,2026-01-23 00:00:00,S,0,131,693340.0,,,,,0,0,,C,S,2026-01-23 11:59:36,,,,1,N
2026,1,458,427,GMADA,1110104000,5,LAB,2026-01-23 00:00:00,S,0,131,580578.24,,,,,0,0,,C,S,2026-01-23 12:01:51,,,,1,N
2026,1,459,426,GMADA,1110104000,5,LAB,2026-01-23 00:00:00,S,0,131,3014545.68,,,,,0,0,,C,S,2026-01-23 12:03:02,,,,1,N
2026,1,460,428,GMADA,1110104000,5,HOSP,2026-01-23 00:00:00,S,0,131,468217.53,,,,,0,0,,C,S,2026-01-23 12:18:13,,,,1,N
2026,1,461,429,GMADA,1110104000,5,HOSP,2026-01-23 00:00:00,S,0,131,782439.72,,,,,0,0,,C,S,2026-01-23 12:19:08,,,,1,N
2026,1,462,434,GMADA,1110104000,5,INTER,2026-01-23 00:00:00,S,0,131,200000.0,,,,,0,0,,C,S,2026-01-23 12:19:47,,,,1,N
2026,1,463,14,GMADA,1110112000,19,INGPUB,2026-01-23 00:00:00,A,431,110,-15093840.0,,,,,0,0,,N,S,2026-01-23 12:32:15,,,,0,N
2026,1,464,16,GMADA,1110102000,2,DESP,2026-01-23 00:00:00,A,432,110,-8146920.0,,,,,0,0,,N,S,2026-01-23 12:32:28,,,,0,N
2026,1,465,19,GMADA,1110117000,24,000F,2026-01-23 00:00:00,A,433,110,-3031800.0,,,,,0,0,,N,S,2026-01-23 12:32:42,,,,0,N
2026,1,466,20,GMADA,1110104000,5,OSA,2026-01-23 00:00:00,A,434,131,-7906920.0,,,,,0,0,,N,S,2026-01-23 12:32:55,,,,0,N
2026,1,467,17,GMADA,1110200000,8,PRESID,2026-01-23 00:00:00,A,435,110,-4306920.0,,,,,0,0,,N,S,2026-01-23 12:33:10,,,,0,N
2026,1,544,513,GMADA,1110104000,5,HOGANC,2026-02-02 00:00:00,S,0,131,30000.0,,,,,0,0,,A,S,2026-02-02 08:33:32,2026-02-04 10:15:09,ERROR,,1,N
2026,1,545,518,GMADA,1110104000,5,COC,2026-02-02 00:00:00,S,0,131,370500.0,,,,,0,0,,C,S,2026-02-02 08:37:05,,,,1,N
2026,1,546,519,GMADA,1110104000,5,COC,2026-02-02 00:00:00,S,0,131,30000.0,,,,,0,0,,C,S,2026-02-02 08:42:46,,,,1,N
2026,1,547,509,GMADA,1110113000,20,SECSEG,2026-02-02 00:00:00,S,0,110,78838.92,,,,,0,0,,C,S,2026-02-02 10:28:30,,,,1,N
2026,1,548,514,GMADA,1110113000,20,SECSEG,2026-02-02 00:00:00,S,0,110,416800.0,,,,,0,0,,C,S,2026-02-02 08:57:03,,,,1,N
2026,1,549,515,GMADA,1110113000,20,SECSEG,2026-02-02 00:00:00,S,0,110,10000.0,,,,,0,0,,C,S,2026-02-02 09:00:56,,,,1,N
2026,1,550,504,GMADA,1110113000,20,SECSEG,2026-02-02 00:00:00,S,0,110,76257.6,,,,,0,0,,C,S,2026-02-02 09:03:10,,,,1,N
2026,1,551,480,GMADA,1110104000,5,FARM,2026-02-02 00:00:00,S,0,131,6985428.61,,,,,0,0,,C,S,2026-02-02 09:08:14,,,,1,N
2026,1,552,485,GMADA,1110104000,5,HOSP,2026-02-02 00:00:00,S,0,131,254792.57,,,,,0,0,,C,S,2026-02-02 09:25:02,,,,1,N
2026,1,553,495,GMADA,1110104000,5,LAB,2026-02-02 00:00:00,S,0,131,1061609.34,,,,,0,0,,C,S,2026-02-02 09:28:30,,,,1,N
2026,1,554,202,GMADA,1110104000,11,BROM,2026-02-02 00:00:00,S,0,110,30750.04,,,,,0,0,,C,S,2026-02-02 09:31:34,,,,1,N
2026,1,555,497,GMADA,1110104000,5,HOSP,2026-02-02 00:00:00,S,0,131,170000.0,,,,,0,0,,C,S,2026-02-02 09:33:41,,,,1,N
2026,1,556,499,GMADA,1110104000,5,HOGANC,2026-02-02 00:00:00,S,0,131,28000.0,,,,,0,0,,C,S,2026-02-02 09:35:52,,,,1,N
2026,1,557,484,GMADA,1110104000,5,HOSP,2026-02-02 00:00:00,S,0,131,17920.0,,,,,0,0,,C,S,2026-02-02 09:37:15,,,,1,N
2026,1,558,503,GMADA,1110104000,5,HOSP,2026-02-02 00:00:00,S,0,131,648346.56,,,,,0,0,,C,S,2026-02-02 09:44:48,,,,1,N
2026,1,559,460,GMADA,1110104000,5,HOSP,2026-02-02 00:00:00,S,0,131,200000.0,,,,,0,0,,C,S,2026-02-02 09:48:35,,,,2,N
2026,1,560,501,GMADA,1110104000,5,HOSP,2026-02-02 00:00:00,S,0,131,117416.24,,,,,0,0,,C,S,2026-02-02 09:49:43,,,,1,N
2026,1,561,522,GMADA,1110104000,5,PO,2026-02-02 00:00:00,S,0,131,1392216.28,,,,,0,0,,C,S,2026-02-02 09:52:19,,,,1,N
2026,1,562,523,GMADA,1110111000,3,CAS,2026-02-02 00:00:00,S,0,131,654701.0,,,,,0,0,,C,S,2026-02-02 09:53:44,,,,1,N
2026,1,563,520,GMADA,1110106000,7,ACCSOC,2026-02-02 00:00:00,S,0,132,2047500.0,,,,,0,0,,C,S,2026-02-02 09:55:48,,,,1,N
2026,1,564,521,GMADA,1110106000,7,ACCSOC,2026-02-02 00:00:00,S,0,132,1460300.0,,,,,0,0,,C,S,2026-02-02 09:57:22,,,,1,N
2026,1,565,510,GMADA,1110118000,25,DECI,2026-02-02 00:00:00,S,0,110,380126.7,,,,,0,0,,C,S,2026-02-02 10:02:06,,,,1,N
2026,1,566,420,GMADA,1110109000,13,DEP,2026-02-02 00:00:00,S,0,110,8500.0,,,,,0,0,,C,S,2026-02-02 10:03:12,,,,1,N
2026,1,567,526,GMADA,1110104000,5,LAB,2026-02-02 00:00:00,S,0,131,1507405.04,,,,,0,0,,C,S,2026-02-02 10:06:00,,,,1,N
2026,1,568,524,GMADA,1110104000,5,LAB,2026-02-02 00:00:00,S,0,131,3449855.93,,,,,0,0,,C,S,2026-02-02 10:13:18,,,,1,N
2026,1,569,512,GMADA,1110104000,5,FARM,2026-02-02 00:00:00,S,0,131,1374380.0,,,,,0,0,,C,S,2026-02-02 10:14:00,,,,1,N
2026,1,570,511,GMADA,1110104000,11,BROM,2026-02-02 00:00:00,S,0,110,1370000.0,,,,,0,0,,C,S,2026-02-02 10:19:29,,,,1,N
2026,1,571,506,GMADA,1110104000,5,HOSP,2026-02-02 00:00:00,S,0,131,897815.0,,,,,0,0,,C,S,2026-02-02 10:20:42,,,,1,N
2026,1,605,563,GMADA,1110118000,25,000SU,2026-02-04 00:00:00,S,0,132,9756000.0,,,,,0,0,,C,S,2026-02-04 07:58:33,,,,1,N
2026,1,606,564,GMADA,1110118000,25,BARU,2026-02-04 00:00:00,S,0,132,2926800.0,,,,,0,0,,C,S,2026-02-04 07:59:10,,,,2,N
2026,1,617,580,GMADA,1110109000,13,DEP,2026-02-06 00:00:00,S,0,110,500000.0,,,,,0,0,,C,S,2026-02-06 08:58:16,,,,1,N
2026,1,627,611,GMADA,1110112000,19,TESOR,2026-02-09 00:00:00,S,0,110,3600000.0,,,,,0,0,,C,S,2026-02-09 11:51:22,,,,1,N
2026,1,628,613,GMADA,1110103000,3,MA,2026-02-09 00:00:00,S,0,110,140000.0,,,,,0,0,,C,S,2026-02-09 12:12:30,,,,1,N
2026,1,629,612,GMADA,1110104000,5,HOSP,2026-02-09 00:00:00,S,0,110,285000.0,,,,,0,0,,C,S,2026-02-09 12:13:12,,,,1,N
2026,1,1014,970,GMADA,1110104000,5,HOSP,2026-03-10 00:00:00,S,0,131,654621.78,,,,,0,0,,C,S,2026-03-10 08:10:48,,,,1,N
2026,1,1015,980,GMADA,1110104000,5,HOGANC,2026-03-10 00:00:00,S,0,131,776750.0,,,,,0,0,,C,S,2026-03-10 08:13:04,,,,1,N
2026,1,1016,975,GMADA,1110109000,13,DEP,2026-03-10 00:00:00,S,0,132,271146.0,,,,,0,0,,C,S,2026-03-10 08:14:16,,,,1,N
2026,1,1017,977,GMADA,1110109000,13,DEP,2026-03-10 00:00:00,S,0,110,136971.0,,,,,0,0,,C,S,2026-03-10 08:18:33,,,,1,N
2026,1,1018,976,GMADA,1110109000,13,DEP,2026-03-10 00:00:00,S,0,110,140000.0,,,,,0,0,,A,S,2026-03-10 08:19:44,2026-03-10 12:08:40,ERROR,,1,N
2026,1,1019,989,GMADA,1110109000,13,DEP,2026-03-10 00:00:00,S,0,210,128380.0,,,,,0,0,,A,S,2026-03-10 08:20:50,2026-03-12 10:18:12,ERROR,,1,N
2026,1,1020,983,GMADA,1110109000,13,DEP,2026-03-10 00:00:00,S,0,110,151247.0,,,,,0,0,,C,S,2026-03-10 08:21:51,,,,1,N
2026,1,1021,962,GMADA,1110118000,25,000SU,2026-03-10 00:00:00,S,0,110,329200.0,,,,,0,0,,C,S,2026-03-10 08:23:06,,,,1,N
2026,1,1022,963,GMADA,1110118000,25,000SU,2026-03-10 00:00:00,S,0,110,633330.0,,,,,0,0,,C,S,2026-03-10 08:24:25,,,,1,N
2026,1,1023,964,GMADA,1110118000,25,DECI,2026-03-10 00:00:00,S,0,110,629362.0,,,,,0,0,,C,S,2026-03-10 08:25:27,,,,1,N
2026,1,1024,966,GMADA,1110118000,25,DECI,2026-03-10 00:00:00,S,0,110,353626.0,,,,,0,0,,C,S,2026-03-10 08:26:31,,,,1,N
2026,1,1025,973,GMADA,1110118000,25,000SU,2026-03-10 00:00:00,S,0,110,380000.0,,,,,0,0,,C,S,2026-03-10 08:27:30,,,,1,N
2026,1,1026,969,GMADA,1110104000,5,LAB,2026-03-10 00:00:00,S,0,131,417597.28,,,,,0,0,,C,S,2026-03-10 08:29:04,,,,1,N
2026,1,1027,816,GMADA,1110104000,5,HOSP,2026-03-10 00:00:00,S,0,131,2847000.0,,,,,0,0,,C,S,2026-03-10 08:30:12,,,,1,N
2026,1,1028,971,GMADA,1110104000,5,COC,2026-03-10 00:00:00,S,0,131,830283.53,,,,,0,0,,C,S,2026-03-10 08:32:42,,,,1,N
2026,1,1029,972,GMADA,1110104000,5,HOSP,2026-03-10 00:00:00,S,0,131,6160000.0,,,,,0,0,,C,S,2026-03-10 08:33:13,,,,1,N
2026,1,1030,902,GMADA,1110104000,5,HOSP,2026-03-10 00:00:00,S,0,131,1747360.48,,,,,0,0,,C,S,2026-03-10 08:34:47,,,,2,N
2026,1,1031,901,GMADA,1110104000,5,COC,2026-03-10 00:00:00,S,0,131,1083309.96,,,,,0,0,,C,S,2026-03-10 08:50:00,,,,1,N
2026,1,1032,948,GMADA,1110104000,5,LAV,2026-03-10 00:00:00,S,0,131,848920.81,,,,,0,0,,C,S,2026-03-10 08:51:26,,,,1,N
2026,1,1033,951,GMADA,1110104000,5,LAV,2026-03-10 00:00:00,S,0,131,774226.24,,,,,0,0,,C,S,2026-03-10 08:52:57,,,,1,N
2026,1,1034,968,GMADA,1110104000,5,HOSP,2026-03-10 00:00:00,S,0,131,90778.92,,,,,0,0,,C,S,2026-03-10 08:54:43,,,,1,N
2026,1,1035,965,GMADA,1110104000,5,HOGANC,2026-03-10 00:00:00,S,0,131,13400.0,,,,,0,0,,A,S,2026-03-10 08:56:07,2026-03-13 09:18:00,ERROR,,1,N
2026,1,1036,961,GMADA,1110104000,5,BANOR,2026-03-10 00:00:00,S,0,131,140000.0,,,,,0,0,,C,S,2026-03-10 08:57:30,,,,1,N
2026,1,1037,960,GMADA,1110104000,5,INTER,2026-03-10 00:00:00,S,0,131,89083.4,,,,,0,0,,C,S,2026-03-10 08:58:41,,,,1,N
2026,1,1038,957,GMADA,1110104000,5,HOGANC,2026-03-10 00:00:00,S,0,131,38298.5,,,,,0,0,,C,S,2026-03-10 09:00:30,,,,1,N
2026,1,1039,959,GMADA,1110104000,5,FARM,2026-03-10 00:00:00,S,0,131,473237.9,,,,,0,0,,C,S,2026-03-10 09:11:22,,,,1,N
2026,1,1040,915,GMADA,1110109000,13,DEP,2026-03-10 00:00:00,S,0,110,140000.0,,,,,0,0,,C,S,2026-03-10 09:13:29,,,,1,N
2026,1,1121,1044,GMADA,1110104000,5,COC,2026-03-17 00:00:00,S,0,131,95000.0,,,,,0,0,,C,S,2026-03-17 09:59:36,,,,1,N
2026,1,1122,1043,GMADA,1110104000,5,COC,2026-03-17 00:00:00,S,0,131,171000.0,,,,,0,0,,C,S,2026-03-17 10:02:23,,,,1,N
2026,1,1123,1045,GMADA,1110104000,5,HOGANC,2026-03-17 00:00:00,S,0,131,57000.0,,,,,0,0,,C,S,2026-03-17 10:03:41,,,,1,N
2026,1,1124,1046,GMADA,1110104000,5,HOGANC,2026-03-17 00:00:00,S,0,131,57750.0,,,,,0,0,,C,S,2026-03-17 10:05:01,,,,1,N
2026,1,1125,1047,GMADA,1110104000,5,COC,2026-03-17 00:00:00,S,0,131,157500.0,,,,,0,0,,C,S,2026-03-17 10:06:48,,,,1,N
2026,1,1126,1067,GMADA,1110104000,5,107,2026-03-17 00:00:00,S,0,131,26800.0,,,,,0,0,,C,S,2026-03-17 10:09:43,,,,1,N
2026,1,1127,1066,GMADA,1110104000,5,HOGANC,2026-03-17 00:00:00,S,0,131,502050.0,,,,,0,0,,C,S,2026-03-17 10:12:16,,,,1,N
2026,1,1128,1065,GMADA,1110104000,5,HOSP,2026-03-17 00:00:00,S,0,131,1242147.0,,,,,0,0,,C,S,2026-03-17 10:17:42,,,,1,N
2026,1,1129,1063,GMADA,1110104000,5,FARM,2026-03-17 00:00:00,S,0,131,2625900.0,,,,,0,0,,C,S,2026-03-17 10:23:19,,,,1,N
2026,1,1130,1028,GMADA,1110104000,5,FARM,2026-03-17 00:00:00,S,0,131,5609805.61,,,,,0,0,,C,S,2026-03-17 10:30:09,,,,2,N
2026,1,1131,1064,GMADA,1110104000,5,HOSP,2026-03-17 00:00:00,S,0,131,141000.0,,,,,0,0,,C,S,2026-03-17 10:35:44,,,,1,N
2026,1,1132,1061,GMADA,1110104000,5,HOSP,2026-03-17 00:00:00,S,0,131,160000.0,,,,,0,0,,C,S,2026-03-17 10:37:12,,,,1,N
2026,1,1133,1052,GMADA,1110104000,5,HOGANC,2026-03-17 00:00:00,S,0,131,134750.0,,,,,0,0,,C,S,2026-03-17 10:42:24,,,,1,N
2026,1,1134,1050,GMADA,1110104000,5,HOGANC,2026-03-17 00:00:00,S,0,131,76000.0,,,,,0,0,,C,S,2026-03-17 10:46:32,,,,1,N
2026,1,1135,1051,GMADA,1110104000,5,COC,2026-03-17 00:00:00,S,0,131,157500.0,,,,,0,0,,C,S,2026-03-17 10:47:09,,,,1,N
2026,1,1136,1049,GMADA,1110104000,5,HOGANC,2026-03-17 00:00:00,S,0,131,65100.0,,,,,0,0,,C,S,2026-03-17 10:48:56,,,,1,N
2026,1,1137,1048,GMADA,1110104000,5,COC,2026-03-17 00:00:00,S,0,131,190000.0,,,,,0,0,,C,S,2026-03-17 10:52:36,,,,1,N
2026,1,1138,1042,GMADA,1110104000,5,COC,2026-03-17 00:00:00,S,0,131,414000.0,,,,,0,0,,C,S,2026-03-17 10:58:32,,,,1,N
2026,1,1139,1022,GMADA,1110104000,5,HOGANC,2026-03-17 00:00:00,S,0,131,78460.44,,,,,0,0,,C,S,2026-03-17 11:04:48,,,,1,N
2026,1,1140,952,GMADA,1110104000,5,COC,2026-03-17 00:00:00,S,0,131,107348.86,,,,,0,0,,C,S,2026-03-17 11:05:56,,,,1,N
2026,1,1141,950,GMADA,1110104000,5,CONEX,2026-03-17 00:00:00,S,0,131,97393.86,,,,,0,0,,C,S,2026-03-17 11:07:20,,,,1,N
2026,1,1142,949,GMADA,1110104000,5,HOGANC,2026-03-17 00:00:00,S,0,131,115505.6,,,,,0,0,,C,S,2026-03-17 11:17:11,,,,1,N
2026,1,1143,947,GMADA,1110104000,5,INTER,2026-03-17 00:00:00,S,0,131,414571.08,,,,,0,0,,C,S,2026-03-17 11:21:09,,,,2,N
2026,1,1144,1062,GMADA,1110104000,5,HOSP,2026-03-17 00:00:00,S,0,131,600000.0,,,,,0,0,,C,S,2026-03-17 11:24:09,,,,1,N
2026,1,1152,1083,GMADA,1110118000,25,000SU,2026-03-19 00:00:00,S,0,110,359483.14,,,,,0,0,,C,S,2026-03-19 08:04:50,,,,1,N
2026,1,1153,946,GMADA,1110104000,5,LAB,2026-03-19 00:00:00,S,0,131,46112.8,,,,,0,0,,C,S,2026-03-19 08:05:53,,,,1,N
2026,1,1154,887,GMADA,1110104000,5,FARM,2026-03-19 00:00:00,S,0,131,7192684.39,,,,,0,0,,C,S,2026-03-19 08:08:49,,,,1,N
2026,1,1155,1084,GMADA,1110118000,25,000SU,2026-03-19 00:00:00,S,0,110,118325.39,,,,,0,0,,C,S,2026-03-19 08:09:54,,,,1,N
2026,1,1156,1085,GMADA,1110118000,25,000SU,2026-03-19 00:00:00,S,0,110,71384.78,,,,,0,0,,C,S,2026-03-19 08:20:06,,,,1,N
2026,1,1157,1086,GMADA,1110118000,25,000SU,2026-03-19 00:00:00,S,0,110,207900.0,,,,,0,0,,C,S,2026-03-19 08:21:07,,,,1,N
2026,1,1158,1089,GMADA,1110109000,13,DEP,2026-03-19 00:00:00,S,0,132,73410.0,,,,,0,0,,C,S,2026-03-19 08:25:09,,,,1,N
2026,1,1159,1088,GMADA,1110113000,20,SECSEG,2026-03-19 00:00:00,S,0,110,610000.0,,,,,0,0,,C,S,2026-03-19 08:26:19,,,,1,N
2026,1,1160,1087,GMADA,1110118000,25,BARU,2026-03-19 00:00:00,S,0,110,3547951.96,,,,,0,0,,C,S,2026-03-19 08:34:28,,,,1,N
2026,1,1161,1098,GMADA,1110108000,14,PROD,2026-03-19 00:00:00,S,0,110,500000.0,,,,,0,0,,C,S,2026-03-19 09:08:47,,,,1,N
2026,1,1193,1107,GMADA,1110104000,5,COC,2026-03-25 00:00:00,S,0,131,319260.0,,,,,0,0,,C,S,2026-03-25 12:56:34,,,,2,N
2026,1,1327,1294,GMADA,1110109000,13,DEP,2026-04-09 00:00:00,S,0,110,335559.97,,,,,0,0,,C,S,2026-04-09 08:07:33,,,,2,N
2026,1,1328,457,GMADA,1110104000,5,HOSP,2026-04-09 00:00:00,S,0,131,4734220.0,,,,,0,0,,C,S,2026-04-09 09:32:57,,,,1,N
2026,1,1329,1272,GMADA,1110113000,20,SECSEG,2026-04-09 00:00:00,S,0,110,3630000.0,,,,,0,0,,C,S,2026-04-09 09:59:50,,,,1,N
2026,1,1330,1276,GMADA,1110113000,20,SECSEG,2026-04-09 00:00:00,S,0,110,5082000.0,,,,,0,0,,C,S,2026-04-09 10:00:25,,,,1,N
2026,1,1331,1252,GMADA,1110104000,5,SASM,2026-04-09 00:00:00,S,0,131,350000.0,,,,,0,0,,C,S,2026-04-09 11:49:04,,,,2,N
2026,1,1332,1277,GMADA,1110112000,19,CONTRA,2026-04-09 00:00:00,S,0,110,307499.7,,,,,0,0,,C,S,2026-04-09 11:51:25,,,,2,N
2026,1,1333,1282,GMADA,1110111000,3,CAS,2026-04-09 00:00:00,S,0,131,2079000.0,,,,,0,0,,C,S,2026-04-09 11:54:50,,,,1,N
2026,1,1334,1239,GMADA,1110113000,20,SECSEG,2026-04-09 00:00:00,S,0,110,760000.0,,,,,0,0,,C,S,2026-04-09 11:55:19,,,,1,N
2026,1,1335,943,GMADA,1110113000,20,SECSEG,2026-04-09 00:00:00,S,0,110,171000.0,,,,,0,0,,C,S,2026-04-09 11:56:43,,,,1,N
2026,1,1336,1240,GMADA,1110113000,20,SECSEG,2026-04-09 00:00:00,S,0,110,410000.0,,,,,0,0,,C,S,2026-04-09 11:57:36,,,,1,N
2026,1,1337,1273,GMADA,1110113000,20,SECSEG,2026-04-09 00:00:00,S,0,110,645000.0,,,,,0,0,,C,S,2026-04-09 11:58:19,,,,1,N
2026,1,1338,1265,GMADA,1110118000,25,000SU,2026-04-09 00:00:00,S,0,110,104500.0,,,,,0,0,,C,S,2026-04-09 11:59:18,,,,1,N
2026,1,1339,1264,GMADA,1110118000,25,000SU,2026-04-09 00:00:00,S,0,110,120000.0,,,,,0,0,,C,S,2026-04-09 12:00:15,,,,1,N
2026,1,1340,1266,GMADA,1110118000,25,DECI,2026-04-09 00:00:00,S,0,110,702600.0,,,,,0,0,,C,S,2026-04-09 12:04:11,,,,1,N
2026,1,1341,1268,GMADA,1110118000,25,000SU,2026-04-09 00:00:00,S,0,110,120000.0,,,,,0,0,,C,S,2026-04-09 12:04:33,,,,1,N
2026,1,1342,1269,GMADA,1110118000,25,000SU,2026-04-09 00:00:00,S,0,110,121939.32,,,,,0,0,,C,S,2026-04-09 12:07:54,,,,1,N
2026,1,1343,1241,GMADA,1110106000,7,ACCSOC,2026-04-09 00:00:00,S,0,110,149322.8,,,,,0,0,,C,S,2026-04-09 12:08:38,,,,1,N
2026,1,1344,864,GMADA,1110108000,14,PROD,2026-04-09 00:00:00,S,0,110,11000.02,,,,,0,0,,C,S,2026-04-09 12:09:43,,,,1,N
2026,1,1345,1275,GMADA,1110111000,3,CAS,2026-04-09 00:00:00,S,0,131,410380.0,,,,,0,0,,C,S,2026-04-09 12:11:00,,,,1,N
2026,1,1346,1223,GMADA,1110104000,5,LAB,2026-04-09 00:00:00,S,0,131,3763857.02,,,,,0,0,,C,S,2026-04-09 12:12:15,,,,1,N
2026,1,1347,1259,GMADA,1110104000,5,SASM,2026-04-09 00:00:00,S,0,131,307123.0,,,,,0,0,,C,S,2026-04-09 12:15:12,,,,1,N
2026,1,1348,1229,GMADA,1110104000,5,HOSP,2026-04-09 00:00:00,S,0,131,200000.0,,,,,0,0,,C,S,2026-04-09 12:19:48,,,,1,N
2026,1,1349,1242,GMADA,1110104000,5,CONEX,2026-04-09 00:00:00,S,0,131,95495.0,,,,,0,0,,C,S,2026-04-09 12:23:12,,,,1,N
2026,1,1350,1245,GMADA,1110104000,5,QUI,2026-04-09 00:00:00,S,0,131,71215.76,,,,,0,0,,N,S,2026-04-09 12:25:06,,,,1,N
2026,1,1351,1300,GMADA,1110102000,2,GOB,2026-04-09 00:00:00,S,0,110,720000.0,,,,,0,0,,C,S,2026-04-09 12:25:25,,,,2,N
2026,1,1352,1244,GMADA,1110104000,5,LAB,2026-04-09 00:00:00,S,0,131,186997.38,,,,,0,0,,C,S,2026-04-09 12:27:23,,,,1,N
2026,1,1353,1243,GMADA,1110104000,5,INTER,2026-04-09 00:00:00,S,0,131,218131.0,,,,,0,0,,C,S,2026-04-09 12:31:44,,,,1,N
2026,1,1496,1409,GMADA,1110105000,6,CULTUR,2026-04-20 00:00:00,S,0,110,460000.0,,,,,0,0,,C,S,2026-04-20 07:45:32,,,,1,N
2026,1,1497,1408,GMADA,1110102000,2,MAYOR,2026-04-20 00:00:00,S,0,110,27600.0,,,,,0,0,,C,S,2026-04-20 07:58:34,,,,1,N
2026,1,1498,1404,GMADA,1110106000,7,ACCSOC,2026-04-20 00:00:00,S,0,132,4050000.0,,,,,0,0,,C,S,2026-04-20 08:00:35,,,,1,N
2026,1,1499,1423,GMADA,1110111000,3,CAS,2026-04-20 00:00:00,S,0,110,1195000.0,,,,,0,0,,A,S,2026-04-20 08:01:14,2026-04-20 12:52:53,ERROR,,1,N
2026,1,1500,1414,GMADA,1110113000,20,SECSEG,2026-04-20 00:00:00,S,0,110,37500.0,,,,,0,0,,C,S,2026-04-20 08:04:12,,,,1,N
2026,1,1501,1424,GMADA,1110111000,3,CAS,2026-04-20 00:00:00,S,0,131,364000.0,,,,,0,0,,C,S,2026-04-20 08:06:08,,,,1,N
2026,1,1502,1451,GMADA,1110102000,2,GOBHAC,2026-04-20 00:00:00,S,0,110,252000.0,,,,,0,0,,C,S,2026-04-20 10:27:10,,,,1,N
2026,1,1503,1453,GMADA,1110102000,2,GOBHAC,2026-04-20 00:00:00,S,0,110,944000.0,,,,,0,0,,A,S,2026-04-20 10:27:49,2026-05-21 12:20:06,ERROR,,2,N
2026,1,1504,1450,GMADA,1110102000,2,GOBHAC,2026-04-20 00:00:00,S,0,110,60000.0,,,,,0,0,,C,S,2026-04-20 10:29:28,,,,1,N
2026,1,1505,1448,GMADA,1110109000,13,DEP,2026-04-20 00:00:00,S,0,110,700000.0,,,,,0,0,,C,S,2026-04-20 10:30:41,,,,1,N
2026,1,1506,1445,GMADA,1110111000,3,CAS,2026-04-20 00:00:00,S,0,131,10020.0,,,,,0,0,,C,S,2026-04-20 10:31:53,,,,1,N
2026,1,1507,1411,GMADA,1110118000,25,000SU,2026-04-20 00:00:00,S,0,110,424600.0,,,,,0,0,,C,S,2026-04-20 10:34:00,,,,1,N
2026,1,1508,1461,GMADA,1110102000,2,DELS,2026-04-20 00:00:00,S,0,110,1220000.0,,,,,0,0,,C,S,2026-04-20 11:27:39,,,,1,N
2026,1,1509,1423,GMADA,1110111000,3,CAS,2026-04-20 00:00:00,A,1499,110,-1195000.0,,,,,0,0,,N,S,2026-04-20 12:52:53,,,,0,N
2026,1,1510,1423,GMADA,1110111000,3,CAS,2026-04-20 00:00:00,S,0,131,1195000.0,,,,,0,0,,C,S,2026-04-20 12:56:08,,,,1,N
2026,1,1543,1468,GMADA,1110118000,25,MEAM,2026-04-21 00:00:00,S,0,110,900000.0,,,,,0,0,,C,S,2026-04-21 11:08:55,,,,2,N
2026,1,1544,1469,GMADA,1110118000,25,BARU,2026-04-21 00:00:00,S,0,110,900000.0,,,,,0,0,,C,S,2026-04-21 11:09:34,,,,2,N
2026,1,1545,1467,GMADA,1110118000,25,MEAM,2026-04-21 00:00:00,S,0,110,900000.0,,,,,0,0,,C,S,2026-04-21 11:10:41,,,,2,N
2026,1,1546,1435,GMADA,1110106000,7,ACCSOC,2026-04-21 00:00:00,S,0,131,2132152.8,,,,,0,0,,C,S,2026-04-21 11:49:21,,,,2,N
2026,1,1559,1492,GMADA,1110118000,25,000SU,2026-04-23 00:00:00,S,0,110,8755696.48,,,,,0,0,,C,S,2026-04-23 08:22:53,,,,1,N
2026,1,264,167,GMADA,1110113000,20,SECSEG,2026-01-14 00:00:00,S,0,110,4348800.0,,,,,0,0,,C,S,2026-01-14 10:19:12,,,,2,N
2026,1,265,236,GMADA,1110106000,7,ACCSOC,2026-01-14 00:00:00,S,0,132,1662500.0,,,,,0,0,,C,S,2026-01-14 11:02:51,,,,1,N
2026,1,266,223,GMADA,1110106000,7,ENV,2026-01-14 00:00:00,S,0,132,56100.0,,,,,0,0,,C,S,2026-01-14 11:15:01,,,,1,N
2026,1,619,513,GMADA,1110104000,5,HOGANC,2026-02-09 00:00:00,S,0,131,24100.0,,,,,0,0,,C,S,2026-02-09 08:12:15,,,,1,N
2026,1,620,570,GMADA,1110104000,5,HOSP,2026-02-09 00:00:00,S,0,131,1751500.0,,,,,0,0,,C,S,2026-02-09 08:15:18,,,,1,N
2026,1,621,573,GMADA,1110102000,2,DESP,2026-02-09 00:00:00,S,0,110,29483.0,,,,,0,0,,C,S,2026-02-09 08:16:45,,,,1,N
2026,1,622,572,GMADA,1110112000,19,COMPR,2026-02-09 00:00:00,S,0,110,296235.93,,,,,0,0,,C,S,2026-02-09 08:18:34,,,,1,N
2026,1,623,589,GMADA,1110105000,6,CULTUR,2026-02-09 00:00:00,S,0,110,28000.0,,,,,0,0,,C,S,2026-02-09 08:23:33,,,,1,N
2026,1,624,586,GMADA,1110108000,14,PROD,2026-02-09 00:00:00,S,0,110,70000.0,,,,,0,0,,C,S,2026-02-09 08:26:13,,,,1,N
2026,1,626,605,GMADA,1110104000,5,HOSP,2026-02-09 00:00:00,S,0,131,13800000.0,,,,,0,0,,C,S,2026-02-09 09:45:29,,,,2,N
2026,1,1119,1068,GMADA,1110111000,3,CAS,2026-03-17 00:00:00,S,0,131,396600.0,,,,,0,0,,C,S,2026-03-17 08:27:44,,,,1,N
2026,1,1120,1001,GMADA,1110109000,13,DEP,2026-03-17 00:00:00,S,0,110,3323000.0,,,,,0,0,,C,S,2026-03-17 09:33:28,,,,1,N
2026,1,1571,1507,GMADA,1110109000,13,DEP,2026-04-27 00:00:00,S,0,110,850000.0,,,,,0,0,,C,S,2026-04-27 07:29:23,,,,1,N
2026,1,1572,1380,GMADA,1110109000,13,DEP,2026-04-27 00:00:00,S,0,110,438000.0,,,,,0,0,,C,S,2026-04-27 07:30:09,,,,1,N
2026,1,1573,1482,GMADA,1110109000,13,DEP,2026-04-27 00:00:00,S,0,110,300000.0,,,,,0,0,,C,S,2026-04-27 07:33:38,,,,1,N
2026,1,1574,1493,GMADA,1110106000,7,JARD,2026-04-27 00:00:00,S,0,132,11800.0,,,,,0,0,,C,S,2026-04-27 07:37:43,,,,1,N
2026,1,1575,1495,GMADA,1110106000,7,JARD,2026-04-27 00:00:00,S,0,132,425000.0,,,,,0,0,,C,S,2026-04-27 07:39:18,,,,1,N
2026,1,1576,1496,GMADA,1110106000,7,JARD,2026-04-27 00:00:00,S,0,132,126258.83,,,,,0,0,,C,S,2026-04-27 07:42:18,,,,1,N
2026,1,1577,1497,GMADA,1110106000,7,ACCSOC,2026-04-27 00:00:00,S,0,110,14400.0,,,,,0,0,,C,S,2026-04-27 07:44:29,,,,1,N
2026,1,1580,1494,GMADA,1110118000,25,000SU,2026-04-27 00:00:00,S,0,110,668682.0,,,,,0,0,,C,S,2026-04-27 07:51:20,,,,1,N
2026,1,1581,1456,GMADA,1110104000,5,TOMO,2026-04-27 00:00:00,S,0,131,4709150.0,,,,,0,0,,C,S,2026-04-27 07:52:03,,,,1,N
2026,1,1582,1501,GMADA,1110104000,5,COC,2026-04-27 00:00:00,S,0,131,1711968.0,,,,,0,0,,C,S,2026-04-27 07:53:45,,,,1,N
2026,1,1583,1502,GMADA,1110104000,5,FARM,2026-04-27 00:00:00,S,0,131,216243.26,,,,,0,0,,C,S,2026-04-27 07:54:23,,,,1,N
2026,1,1584,1476,GMADA,1110104000,5,SASER,2026-04-27 00:00:00,S,0,131,214000.0,,,,,0,0,,C,S,2026-04-27 07:56:11,,,,1,N
2026,1,1585,1465,GMADA,1110104000,5,LAV,2026-04-27 00:00:00,S,0,131,656240.16,,,,,0,0,,C,S,2026-04-27 07:59:23,,,,1,N
2026,1,1586,1490,GMADA,1110104000,5,COC,2026-04-27 00:00:00,S,0,131,105000.0,,,,,0,0,,C,S,2026-04-27 07:59:54,,,,1,N
2026,1,1587,1488,GMADA,1110104000,5,COC,2026-04-27 00:00:00,S,0,131,171000.0,,,,,0,0,,C,S,2026-04-27 08:05:09,,,,1,N
2026,1,1588,1487,GMADA,1110104000,5,INTER,2026-04-27 00:00:00,S,0,131,86582.35,,,,,0,0,,C,S,2026-04-27 08:05:45,,,,1,N
2026,1,1589,1485,GMADA,1110104000,5,HOGANC,2026-04-27 00:00:00,S,0,131,78816.0,,,,,0,0,,C,S,2026-04-27 08:08:20,,,,1,N
2026,1,1590,1535,GMADA,1110108000,14,PROD,2026-04-27 00:00:00,S,0,110,175801.0,,,,,0,0,,C,S,2026-04-27 08:09:36,,,,1,N
2026,1,1591,1464,GMADA,1110104000,5,PO,2026-04-27 00:00:00,S,0,131,33730.0,,,,,0,0,,C,S,2026-04-27 08:11:36,,,,1,N
2026,1,1592,1463,GMADA,1110104000,5,COC,2026-04-27 00:00:00,S,0,131,329020.0,,,,,0,0,,C,S,2026-04-27 08:16:24,,,,1,N
2026,1,1593,1499,GMADA,1110105000,6,TURIS,2026-04-27 00:00:00,S,0,110,280000.0,,,,,0,0,,C,S,2026-04-27 08:17:00,,,,1,N
2026,1,1594,1339,GMADA,1110104000,5,NEUROL,2026-04-27 00:00:00,S,0,131,530214.05,,,,,0,0,,C,S,2026-04-27 08:18:12,,,,1,N
2026,1,1595,1481,GMADA,1110105000,6,TURIS,2026-04-27 00:00:00,S,0,110,183300.0,,,,,0,0,,C,S,2026-04-27 08:20:15,,,,1,N
2026,1,1596,1478,GMADA,1110102000,2,GOBHAC,2026-04-27 00:00:00,S,0,110,160000.0,,,,,0,0,,C,S,2026-04-27 08:22:33,,,,1,N
2026,1,1597,1480,GMADA,1110105000,6,CASA,2026-04-27 00:00:00,S,0,110,150000.0,,,,,0,0,,C,S,2026-04-27 08:25:09,,,,1,N
2026,1,1598,1479,GMADA,1110105000,6,CULTUR,2026-04-27 00:00:00,S,0,110,120000.0,,,,,0,0,,C,S,2026-04-27 08:25:53,,,,1,N
2026,1,1599,1472,GMADA,1110105000,6,CULTUR,2026-04-27 00:00:00,S,0,110,351693.0,,,,,0,0,,C,S,2026-04-27 08:27:27,,,,1,N
2026,1,1600,1486,GMADA,1110115000,22,DIRINF,2026-04-27 00:00:00,S,0,110,167923.0,,,,,0,0,,C,S,2026-04-27 08:28:59,,,,1,N
2026,1,1601,1484,GMADA,1110115000,22,DIRINF,2026-04-27 00:00:00,S,0,110,102369.0,,,,,0,0,,C,S,2026-04-27 08:30:12,,,,1,N
2026,1,1602,1483,GMADA,1110111000,3,CAS,2026-04-27 00:00:00,S,0,131,300000.0,,,,,0,0,,C,S,2026-04-27 08:33:09,,,,1,N
2026,1,1603,1458,GMADA,1110104000,5,FARM,2026-04-27 00:00:00,S,0,131,5687987.0,,,,,0,0,,A,S,2026-04-27 08:34:40,2026-04-27 10:17:49,ERROR,,1,N
2026,1,1604,1474,GMADA,1110104000,5,FARM,2026-04-27 00:00:00,S,0,131,1104618.85,,,,,0,0,,C,S,2026-04-27 08:36:03,,,,1,N
2026,1,1605,1475,GMADA,1110106000,7,ACCSOC,2026-04-27 00:00:00,S,0,110,1500000.0,,,,,0,0,,C,S,2026-04-27 08:37:15,,,,1,N
2026,1,1607,1458,GMADA,1110104000,5,FARM,2026-04-27 00:00:00,A,1603,131,-5687987.0,,,,,0,0,,N,S,2026-04-27 10:17:49,,,,0,N
2026,1,2139,2080,GMADA,1110102000,2,GOBHAC,2026-06-04 00:00:00,S,0,110,240800.0,,,,,0,0,,C,S,2026-06-04 09:32:38,,,,3,N
2026,1,2140,2082,GMADA,1110111000,3,CAS,2026-06-04 00:00:00,S,0,131,3094000.0,,,,,0,0,,C,S,2026-06-04 09:48:07,,,,1,N
2026,1,2202,2120,GMADA,1110111000,3,CAS,2026-06-09 00:00:00,A,2201,131,-3905750.95,,,,,0,0,,N,S,2026-06-09 07:18:51,,,,0,N
2026,1,2203,2120,GMADA,1110111000,3,CAS,2026-06-09 00:00:00,S,0,131,3905750.96,,,,,0,0,,C,S,2026-06-09 07:57:41,,,,2,N
2026,1,2204,2081,GMADA,1110106000,7,ACCSOC,2026-06-09 00:00:00,S,0,132,136450000.0,,,,,0,0,,C,S,2026-06-09 08:28:25,,,,1,N
2026,1,2205,2096,GMADA,1110104000,5,HOGANC,2026-06-09 00:00:00,S,0,131,140060.0,,,,,0,0,,C,S,2026-06-09 08:46:01,,,,1,N
2026,1,2206,2097,GMADA,1110104000,5,LAB,2026-06-09 00:00:00,S,0,131,450000.0,,,,,0,0,,C,S,2026-06-09 08:47:26,,,,1,N
2026,1,2207,2098,GMADA,1110104000,5,HOSP,2026-06-09 00:00:00,S,0,131,292000.0,,,,,0,0,,C,S,2026-06-09 08:48:24,,,,1,N
2026,1,2208,2099,GMADA,1110104000,5,CAP,2026-06-09 00:00:00,S,0,131,10720.0,,,,,0,0,,C,S,2026-06-09 08:49:18,,,,1,N
2026,1,2209,2100,GMADA,1110104000,5,HOSP,2026-06-09 00:00:00,S,0,131,4915500.0,,,,,0,0,,C,S,2026-06-09 08:50:34,,,,1,N
2026,1,2210,2101,GMADA,1110104000,5,HOSP,2026-06-09 00:00:00,S,0,131,3092000.0,,,,,0,0,,C,S,2026-06-09 08:52:54,,,,1,N
2026,1,2211,2062,GMADA,1110104000,5,COC,2026-06-09 00:00:00,S,0,131,591500.0,,,,,0,0,,C,S,2026-06-09 08:58:44,,,,1,N
2026,1,2212,2061,GMADA,1110104000,5,HOGANC,2026-06-09 00:00:00,S,0,131,313000.0,,,,,0,0,,C,S,2026-06-09 09:00:14,,,,1,N
2026,1,2213,2070,GMADA,1110104000,5,INTER,2026-06-09 00:00:00,S,0,131,26136.0,,,,,0,0,,C,S,2026-06-09 09:02:01,,,,1,N
2026,1,2214,2093,GMADA,1110104000,5,INTER,2026-06-09 00:00:00,S,0,131,626990.0,,,,,0,0,,C,S,2026-06-09 09:07:36,,,,1,N
2026,1,2633,2424,GMADA,1110104000,5,SALA I,2026-07-13 00:00:00,S,0,131,40000.0,,,,,0,0,,C,S,2026-07-13 08:27:40,,,,1,N
2026,1,2634,2477,GMADA,1110104000,5,HOSP,2026-07-13 00:00:00,S,0,131,192000.0,,,,,0,0,,C,S,2026-07-13 08:30:37,,,,1,N
2026,1,2635,2478,GMADA,1110104000,5,COC,2026-07-13 00:00:00,S,0,131,2081295.0,,,,,0,0,,C,S,2026-07-13 08:31:58,,,,1,N
2026,1,2636,2506,GMADA,1110104000,5,EST,2026-07-13 00:00:00,S,0,131,57624.0,,,,,0,0,,C,S,2026-07-13 08:33:16,,,,1,N
2026,1,2637,2505,GMADA,1110104000,5,COC,2026-07-13 00:00:00,S,0,131,76000.0,,,,,0,0,,C,S,2026-07-13 08:34:30,,,,1,N
2026,1,2638,2507,GMADA,1110104000,5,INTER,2026-07-13 00:00:00,S,0,131,87160.0,,,,,0,0,,C,S,2026-07-13 08:35:29,,,,1,N
2026,1,2639,2421,GMADA,1110104000,5,COC,2026-07-13 00:00:00,S,0,131,46000.0,,,,,0,0,,C,S,2026-07-13 08:36:30,,,,1,N
2026,1,2640,2475,GMADA,1110104000,5,COC,2026-07-13 00:00:00,S,0,131,557750.0,,,,,0,0,,C,S,2026-07-13 08:38:21,,,,1,N
2026,1,2641,2476,GMADA,1110104000,5,COC,2026-07-13 00:00:00,S,0,131,519100.0,,,,,0,0,,C,S,2026-07-13 08:39:22,,,,1,N
2026,1,2642,2474,GMADA,1110104000,5,HOGANC,2026-07-13 00:00:00,S,0,131,253800.0,,,,,0,0,,C,S,2026-07-13 08:41:15,,,,1,N
2026,1,2643,2473,GMADA,1110104000,5,HOGANC,2026-07-13 00:00:00,S,0,131,278200.0,,,,,0,0,,C,S,2026-07-13 08:42:44,,,,1,N
2026,1,2644,2472,GMADA,1110104000,5,HOSP,2026-07-13 00:00:00,S,0,131,93000.0,,,,,0,0,,C,S,2026-07-13 08:49:35,,,,1,N
2026,1,2645,2526,GMADA,1110104000,11,BROM,2026-07-13 00:00:00,S,0,110,2987410.0,,,,,0,0,,C,S,2026-07-13 08:50:59,,,,1,N
2026,1,2646,2536,GMADA,1110102000,2,GOBHAC,2026-07-13 00:00:00,S,0,110,2950000.0,,,,,0,0,,C,S,2026-07-13 08:51:45,,,,1,N
2026,1,2647,2537,GMADA,1110101000,1,INT,2026-07-13 00:00:00,S,0,110,2950000.0,,,,,0,0,,C,S,2026-07-13 08:52:29,,,,1,N
2026,1,2648,2555,GMADA,1110108000,14,PROD,2026-07-13 00:00:00,S,0,110,1000000.0,,,,,0,0,,C,S,2026-07-13 08:53:18,,,,1,N
2026,1,2649,2489,GMADA,1110109000,13,DEP,2026-07-13 00:00:00,S,0,110,4919750.0,,,,,0,0,,C,S,2026-07-13 09:20:22,,,,1,N
2026,1,2650,2488,GMADA,1110109000,13,DEP,2026-07-13 00:00:00,S,0,110,8800.0,,,,,0,0,,C,S,2026-07-13 09:21:33,,,,1,N
2026,1,2651,2553,GMADA,1110112000,19,CONTRA,2026-07-13 00:00:00,S,0,110,255506.6,,,,,0,0,,C,S,2026-07-13 09:30:38,,,,1,N
2026,1,2652,2559,GMADA,1110118000,25,DECI,2026-07-13 00:00:00,S,0,110,438532.55,,,,,0,0,,C,S,2026-07-13 09:40:12,,,,2,N
2026,1,887,750,GMADA,1110105000,6,TURIS,2026-02-27 00:00:00,S,0,110,41000.0,,,,,0,0,,C,S,2026-02-27 12:39:03,,,,2,N
2026,1,972,931,GMADA,1110104000,5,HOSP,2026-03-06 00:00:00,S,0,131,255966.43,,,,,0,0,,A,S,2026-03-06 10:21:50,2026-03-16 12:28:46,ERROR,,1,N
2026,1,1319,1250,GMADA,1110108000,14,PROD,2026-04-08 00:00:00,S,0,110,45000.0,,,,,0,0,,A,S,2026-04-08 08:53:42,2026-04-08 08:54:51,ERROR,,1,N
2026,1,1320,1250,GMADA,1110108000,14,PROD,2026-04-08 00:00:00,A,1319,110,-45000.0,,,,,0,0,,N,S,2026-04-08 08:54:51,,,,0,N
2026,1,1321,1250,GMADA,1110108000,14,PROD,2026-04-08 00:00:00,S,0,110,45000.0,,,,,0,0,,C,S,2026-04-08 08:59:17,,,,1,N
2026,1,1322,943,GMADA,1110113000,20,SECSEG,2026-04-08 00:00:00,A,1070,110,-3029100.0,,,,,0,0,,N,S,2026-04-08 09:09:01,,,,0,N
2026,1,1323,1237,GMADA,1110104000,5,FARM,2026-04-08 00:00:00,S,0,131,1701850.0,,,,,0,0,,C,S,2026-04-08 12:31:38,,,,1,N
2026,1,1324,1238,GMADA,1110104000,5,LAB,2026-04-08 00:00:00,S,0,131,62790.0,,,,,0,0,,C,S,2026-04-08 12:34:55,,,,1,N
2026,1,1325,1234,GMADA,1110104000,5,COC,2026-04-08 00:00:00,S,0,131,621000.0,,,,,0,0,,C,S,2026-04-08 12:35:49,,,,1,N
2026,1,1326,1233,GMADA,1110104000,5,HOSP,2026-04-08 00:00:00,S,0,131,60000.0,,,,,0,0,,C,S,2026-04-08 12:36:39,,,,1,N
2026,1,1609,1506,GMADA,1110113000,20,SECSEG,2026-04-28 00:00:00,S,0,110,346000.0,,,,,0,0,,C,S,2026-04-28 11:28:08,,,,1,N
2026,1,1610,1505,GMADA,1110113000,20,SECSEG,2026-04-28 00:00:00,S,0,110,630000.0,,,,,0,0,,C,S,2026-04-28 11:28:45,,,,1,N
2026,1,1611,1503,GMADA,1110113000,20,SECSEG,2026-04-28 00:00:00,S,0,110,1150000.0,,,,,0,0,,C,S,2026-04-28 11:31:09,,,,1,N
2026,1,1612,1525,GMADA,1110113000,20,SECSEG,2026-04-28 00:00:00,S,0,110,80000.0,,,,,0,0,,C,S,2026-04-28 11:31:46,,,,1,N
2026,1,1613,1528,GMADA,1110113000,20,SECSEG,2026-04-28 00:00:00,S,0,110,137000.0,,,,,0,0,,C,S,2026-04-28 11:35:11,,,,1,N
2026,1,1614,1532,GMADA,1110111000,3,CAS,2026-04-28 00:00:00,S,0,131,750000.0,,,,,0,0,,C,S,2026-04-28 11:36:41,,,,1,N
2026,1,1615,1517,GMADA,1110118000,25,000SU,2026-04-28 00:00:00,S,0,110,546200.0,,,,,0,0,,C,S,2026-04-28 11:39:18,,,,1,N
2026,1,1616,1538,GMADA,1110118000,25,000SU,2026-04-28 00:00:00,S,0,110,13500.0,,,,,0,0,,C,S,2026-04-28 11:40:41,,,,1,N
2026,1,1617,1523,GMADA,1110103000,3,OPP,2026-04-28 00:00:00,S,0,131,6510000.0,,,,,0,0,,C,S,2026-04-28 11:42:55,,,,1,N
2026,1,1618,1498,GMADA,1110103000,3,OPP,2026-04-28 00:00:00,S,0,110,443100.0,,,,,0,0,,C,S,2026-04-28 11:45:45,,,,1,N
2026,1,1619,1539,GMADA,1110105000,6,CULTUR,2026-04-28 00:00:00,S,0,110,560000.0,,,,,0,0,,C,S,2026-04-28 11:47:13,,,,1,N
2026,1,1620,1544,GMADA,1110111000,3,CAS,2026-04-28 00:00:00,S,0,131,1126500.0,,,,,0,0,,C,S,2026-04-28 11:50:17,,,,1,N
2026,1,1621,1489,GMADA,1110104000,5,HOGANC,2026-04-28 00:00:00,S,0,131,95000.0,,,,,0,0,,C,S,2026-04-28 11:52:28,,,,1,N
2026,1,1622,1504,GMADA,1110104000,5,HOSP,2026-04-28 00:00:00,S,0,131,124141.99,,,,,0,0,,C,S,2026-04-28 11:53:39,,,,1,N
2026,1,1623,1509,GMADA,1110104000,5,FARM,2026-04-28 00:00:00,S,0,131,1106733.75,,,,,0,0,,C,S,2026-04-28 11:58:05,,,,1,N
2026,1,1624,1514,GMADA,1110104000,5,HOGANC,2026-04-28 00:00:00,S,0,131,263100.0,,,,,0,0,,C,S,2026-04-28 12:01:03,,,,1,N
2026,1,1625,1512,GMADA,1110104000,5,HOGANC,2026-04-28 00:00:00,S,0,131,56674.18,,,,,0,0,,C,S,2026-04-28 12:04:06,,,,1,N
2026,1,1626,1513,GMADA,1110104000,5,COC,2026-04-28 00:00:00,S,0,131,776000.0,,,,,0,0,,C,S,2026-04-28 12:04:37,,,,1,N
2026,1,1627,1515,GMADA,1110104000,5,COC,2026-04-28 00:00:00,S,0,131,68483.54,,,,,0,0,,C,S,2026-04-28 12:06:27,,,,1,N
2026,1,1628,1516,GMADA,1110102000,2,MESEN,2026-04-28 00:00:00,S,0,110,38000.04,,,,,0,0,,C,S,2026-04-28 12:08:50,,,,1,N
2026,1,1629,1518,GMADA,1110118000,25,00B,2026-04-28 00:00:00,S,0,110,1320500.0,,,,,0,0,,C,S,2026-04-28 12:09:27,,,,1,N
2026,1,1630,1521,GMADA,1110112000,19,CONTRA,2026-04-28 00:00:00,S,0,110,3229133.0,,,,,0,0,,C,S,2026-04-28 12:15:56,,,,1,N
2026,1,1631,1561,GMADA,1110111000,3,CAS,2026-04-28 00:00:00,S,0,131,256000.0,,,,,0,0,,C,S,2026-04-28 12:43:53,,,,2,N
2026,1,1632,1567,GMADA,1110113000,20,SECSEG,2026-04-28 00:00:00,S,0,110,3920000.0,,,,,0,0,,C,S,2026-04-28 12:44:33,,,,2,N
2026,1,1731,1636,GMADA,1110102000,2,GOBHAC,2026-05-07 00:00:00,S,0,110,438600.0,,,,,0,0,,C,S,2026-05-07 07:32:35,,,,1,N
2026,1,1732,1578,GMADA,1110105000,6,CULTUR,2026-05-07 00:00:00,S,0,110,83000.0,,,,,0,0,,C,S,2026-05-07 07:35:55,,,,2,N
2026,1,1733,1634,GMADA,1110105000,6,CASA,2026-05-07 00:00:00,S,0,110,23349.83,,,,,0,0,,C,S,2026-05-07 07:39:17,,,,1,N
2026,1,1734,1648,GMADA,1110200000,8,PRESID,2026-05-07 00:00:00,S,0,110,45000.0,,,,,0,0,,C,S,2026-05-07 07:41:15,,,,1,N
2026,1,1735,1647,GMADA,1110111000,3,CAS,2026-05-07 00:00:00,S,0,131,40000.0,,,,,0,0,,C,S,2026-05-07 07:42:53,,,,1,N
2026,1,1736,1646,GMADA,1110112000,19,CONTRA,2026-05-07 00:00:00,S,0,110,208000.0,,,,,0,0,,C,S,2026-05-07 07:43:31,,,,1,N
2026,1,1737,1319,GMADA,1110109000,13,DEP,2026-05-07 00:00:00,A,1355,110,-300000.0,,,,,0,0,,N,S,2026-05-07 08:13:59,,,,0,N
2026,1,1738,1319,GMADA,1110109000,13,DEP,2026-05-07 00:00:00,S,0,110,340280.0,,,,,0,0,,C,S,2026-05-07 08:20:57,,,,2,N
2026,1,1739,1660,GMADA,1110118000,25,000SU,2026-05-07 00:00:00,S,0,110,2402290.8,,,,,0,0,,A,S,2026-05-07 08:47:33,2026-05-08 11:41:24,ERROR,,1,N
2026,1,1740,1659,GMADA,1110118000,25,000SU,2026-05-07 00:00:00,S,0,110,197362.0,,,,,0,0,,C,S,2026-05-07 08:48:20,,,,1,N
2026,1,1741,1657,GMADA,1110118000,25,000SU,2026-05-07 00:00:00,S,0,110,225000.0,,,,,0,0,,C,S,2026-05-07 08:50:07,,,,1,N
2026,1,1742,1643,GMADA,1110118000,25,000SU,2026-05-07 00:00:00,S,0,110,184379.38,,,,,0,0,,C,S,2026-05-07 08:51:35,,,,1,N
2026,1,1743,1658,GMADA,1110118000,25,BARU,2026-05-07 00:00:00,S,0,110,4000000.0,,,,,0,0,,C,S,2026-05-07 08:52:50,,,,2,N
2026,1,1744,1662,GMADA,1110102000,2,MAYOR,2026-05-07 00:00:00,S,0,110,68060.0,,,,,0,0,,C,S,2026-05-07 08:53:58,,,,1,N
2026,1,1745,1637,GMADA,1110106000,7,ACCSOC,2026-05-07 00:00:00,S,0,110,30000.0,,,,,0,0,,C,S,2026-05-07 08:56:35,,,,1,N
2026,1,1746,1640,GMADA,1110106000,7,JARD,2026-05-07 00:00:00,S,0,132,174677.0,,,,,0,0,,C,S,2026-05-07 09:00:38,,,,1,N
2026,1,1747,1638,GMADA,1110106000,7,JARD,2026-05-07 00:00:00,S,0,132,291700.0,,,,,0,0,,C,S,2026-05-07 09:04:28,,,,1,N
2026,1,1748,1693,GMADA,1110108000,14,PROD,2026-05-07 00:00:00,S,0,110,400000.0,,,,,0,0,,C,S,2026-05-07 09:52:56,,,,2,N
2026,1,1749,1652,GMADA,1110103000,3,OPP,2026-05-07 00:00:00,S,0,131,7020000.0,,,,,0,0,,A,S,2026-05-07 12:09:21,2026-05-12 09:08:39,ERROR,,1,N
2026,1,1750,1661,GMADA,1110103000,3,OPP,2026-05-07 00:00:00,S,0,132,189365.59,,,,,0,0,,C,S,2026-05-07 12:09:57,,,,3,N
2026,1,1751,1132,GMADA,1110113000,20,SECSEG,2026-05-07 00:00:00,A,1209,110,-250000.0,,,,,0,0,,N,S,2026-05-07 12:13:11,,,,0,N
2026,1,1752,1707,GMADA,1110108000,14,SECPRO,2026-05-07 00:00:00,S,0,110,500000.0,,,,,0,0,,C,S,2026-05-07 12:40:58,,,,2,N
2026,1,1818,1744,GMADA,1110118000,25,000SU,2026-05-12 00:00:00,S,0,110,16000.0,,,,,0,0,,C,S,2026-05-12 11:49:23,,,,1,N
2026,1,1819,1761,GMADA,1110105000,6,CASA,2026-05-12 00:00:00,S,0,110,120000.0,,,,,0,0,,C,S,2026-05-12 11:51:47,,,,2,N
2026,1,1820,1770,GMADA,1110113000,20,SECSEG,2026-05-12 00:00:00,S,0,110,702482.1,,,,,0,0,,A,S,2026-05-12 11:53:29,2026-05-12 11:57:54,ERROR,,3,N
2026,1,1821,1771,GMADA,1110113000,20,SECSEG,2026-05-12 00:00:00,S,0,110,592000.0,,,,,0,0,,C,S,2026-05-12 11:53:44,,,,2,N
2026,1,1822,1770,GMADA,1110113000,20,SECSEG,2026-05-12 00:00:00,A,1820,110,-702482.1,,,,,0,0,,N,S,2026-05-12 11:57:54,,,,0,N
2026,1,1823,1770,GMADA,1110113000,20,SECSEG,2026-05-12 00:00:00,S,0,110,702482.1,,,,,0,0,,C,S,2026-05-12 12:05:23,,,,2,N
2026,1,1824,1760,GMADA,1110105000,6,CASA,2026-05-12 00:00:00,S,0,110,725000.0,,,,,0,0,,C,S,2026-05-12 12:48:42,,,,1,N
2026,1,1825,1765,GMADA,1110118000,25,000SU,2026-05-12 00:00:00,S,0,110,116029.25,,,,,0,0,,C,S,2026-05-12 12:50:04,,,,1,N
2026,1,1826,1769,GMADA,1110108000,14,PROD,2026-05-12 00:00:00,S,0,110,36200.0,,,,,0,0,,C,S,2026-05-12 12:51:35,,,,1,N
2026,1,1827,1756,GMADA,1110108000,14,PROD,2026-05-12 00:00:00,S,0,110,23634.4,,,,,0,0,,C,S,2026-05-12 12:52:22,,,,1,N
2026,1,1828,1768,GMADA,1110108000,14,PROD,2026-05-12 00:00:00,S,0,110,125540.0,,,,,0,0,,C,S,2026-05-12 12:53:15,,,,1,N
2026,1,1829,1718,GMADA,1110104000,11,COC,2026-05-12 00:00:00,S,0,131,10257.0,,,,,0,0,,C,S,2026-05-12 12:54:33,,,,1,N
2026,1,1830,1716,GMADA,1110104000,5,NEUROL,2026-05-12 00:00:00,S,0,131,52000.0,,,,,0,0,,C,S,2026-05-12 12:56:47,,,,1,N
2026,1,1831,1715,GMADA,1110104000,5,HOSP,2026-05-12 00:00:00,S,0,131,157200.0,,,,,0,0,,C,S,2026-05-12 13:00:14,,,,1,N
2026,1,1832,1714,GMADA,1110104000,5,HOSP,2026-05-12 00:00:00,S,0,131,326000.0,,,,,0,0,,C,S,2026-05-12 13:01:13,,,,1,N
2026,1,2333,2239,GMADA,1110118000,25,BARU,2026-06-18 00:00:00,S,0,132,3313500.0,,,,,0,0,,C,S,2026-06-18 10:29:00,,,,1,N
2026,1,2334,2253,GMADA,1110105000,6,TURIS,2026-06-18 00:00:00,S,0,110,150000.0,,,,,0,0,,C,S,2026-06-18 12:30:40,,,,3,N
2026,1,2335,2245,GMADA,1110106000,7,ENV,2026-06-18 00:00:00,S,0,110,27976.48,,,,,0,0,,C,S,2026-06-18 12:36:04,,,,2,N
2026,1,2336,2256,GMADA,1110102000,2,GOB,2026-06-18 00:00:00,S,0,110,500000.0,,,,,0,0,,C,S,2026-06-18 12:47:23,,,,2,N
2026,1,215,114,GMADA,1110102000,2,GOBHAC,2026-01-13 00:00:00,S,0,110,1670000.0,,,,,0,0,,C,S,2026-01-13 09:41:01,,,,2,N
2026,1,217,81,GMADA,1110106000,7,JARD,2026-01-13 00:00:00,S,0,110,1200000.0,,,,,0,0,,A,S,2026-01-13 09:45:20,2026-01-13 11:51:53,ERROR,,1,N
2026,1,218,189,GMADA,1110118000,25,000SU,2026-01-13 00:00:00,S,0,110,1687979.86,,,,,0,0,,C,S,2026-01-13 09:47:58,,,,1,N
2026,1,219,206,GMADA,1110118000,25,000SU,2026-01-13 00:00:00,S,0,110,2366209.0,,,,,0,0,,C,S,2026-01-13 09:49:09,,,,1,N
2026,1,220,192,GMADA,1110104000,5,COC,2026-01-13 00:00:00,S,0,131,135000.0,,,,,0,0,,C,S,2026-01-13 09:50:06,,,,1,N
2026,1,221,201,GMADA,1110104000,5,COC,2026-01-13 00:00:00,S,0,131,90000.0,,,,,0,0,,C,S,2026-01-13 09:51:40,,,,1,N
2026,1,222,202,GMADA,1110104000,11,BROM,2026-01-13 00:00:00,S,0,110,225500.0,,,,,0,0,,A,S,2026-01-13 09:52:29,2026-01-15 10:40:41,ERROR,,1,N
2026,1,223,203,GMADA,1110104000,5,HOSP,2026-01-13 00:00:00,S,0,131,175000.0,,,,,0,0,,A,S,2026-01-13 09:53:20,2026-01-20 08:38:06,ERROR,,1,N
2026,1,224,195,GMADA,1110104000,5,COC,2026-01-13 00:00:00,S,0,131,108000.0,,,,,0,0,,C,S,2026-01-13 09:56:29,,,,1,N
2026,1,225,198,GMADA,1110104000,5,LAB,2026-01-13 00:00:00,S,0,131,1723517.86,,,,,0,0,,C,S,2026-01-13 09:57:15,,,,1,N
2026,1,226,204,GMADA,1110104000,11,BROM,2026-01-13 00:00:00,S,0,110,225500.0,,,,,0,0,,C,S,2026-01-13 09:57:54,,,,1,N
2026,1,227,205,GMADA,1110104000,5,HOSP,2026-01-13 00:00:00,S,0,131,98680.0,,,,,0,0,,C,S,2026-01-13 09:58:42,,,,1,N
2026,1,228,210,GMADA,1110104000,5,LAB,2026-01-13 00:00:00,S,0,131,3717618.69,,,,,0,0,,C,S,2026-01-13 09:59:43,,,,1,N
2026,1,229,212,GMADA,1110104000,5,LAB,2026-01-13 00:00:00,S,0,131,70455.66,,,,,0,0,,C,S,2026-01-13 10:00:37,,,,1,N
2026,1,230,187,GMADA,1110112000,19,CONTRA,2026-01-13 00:00:00,S,0,110,122500.0,,,,,0,0,,C,S,2026-01-13 10:04:51,,,,1,N
2026,1,231,145,GMADA,1110106000,7,ACCSOC,2026-01-13 00:00:00,S,0,110,500000.0,,,,,0,0,,C,S,2026-01-13 10:05:44,,,,1,N
2026,1,232,147,GMADA,1110106000,7,ACCSOC,2026-01-13 00:00:00,S,0,110,4040000.0,,,,,0,0,,C,S,2026-01-13 10:07:00,,,,1,N
2026,1,233,149,GMADA,1110106000,7,ACCSOC,2026-01-13 00:00:00,S,0,110,603000.0,,,,,0,0,,C,S,2026-01-13 10:10:50,,,,1,N
2026,1,234,150,GMADA,1110106000,7,GRAN,2026-01-13 00:00:00,S,0,110,1000000.0,,,,,0,0,,C,S,2026-01-13 10:12:47,,,,1,N
2026,1,235,151,GMADA,1110106000,7,GRAN,2026-01-13 00:00:00,S,0,110,4000000.0,,,,,0,0,,C,S,2026-01-13 10:15:02,,,,1,N
2026,1,236,155,GMADA,1110106000,7,JARD,2026-01-13 00:00:00,S,0,132,600000.0,,,,,0,0,,C,S,2026-01-13 10:23:58,,,,1,N
2026,1,237,157,GMADA,1110106000,7,ACCSOC,2026-01-13 00:00:00,S,0,110,1500000.0,,,,,0,0,,C,S,2026-01-13 10:25:07,,,,1,N
2026,1,238,185,GMADA,1110118000,25,18C,2026-01-13 00:00:00,S,0,110,120000.0,,,,,0,0,,C,S,2026-01-13 10:28:30,,,,1,N
2026,1,239,176,GMADA,1110118000,25,000R,2026-01-13 00:00:00,S,0,110,849420.0,,,,,0,0,,C,S,2026-01-13 10:29:44,,,,1,N
2026,1,240,179,GMADA,1110118000,25,000SU,2026-01-13 00:00:00,S,0,132,8000000.0,,,,,0,0,,C,S,2026-01-13 10:32:53,,,,1,N
2026,1,241,182,GMADA,1110118000,25,000SU,2026-01-13 00:00:00,S,0,110,1000000.0,,,,,0,0,,C,S,2026-01-13 10:33:58,,,,1,N
2026,1,242,173,GMADA,1110118000,25,000SU,2026-01-13 00:00:00,S,0,110,4606439.0,,,,,0,0,,C,S,2026-01-13 10:34:54,,,,1,N
2026,1,243,146,GMADA,1110104000,5,HOSP,2026-01-13 00:00:00,S,0,131,119400.0,,,,,0,0,,C,S,2026-01-13 10:37:02,,,,1,N
2026,1,244,152,GMADA,1110104000,5,HOSP,2026-01-13 00:00:00,S,0,131,112000.0,,,,,0,0,,C,S,2026-01-13 10:38:24,,,,1,N
2026,1,249,276,GMADA,1110115000,22,DIRINF,2026-01-13 00:00:00,S,0,110,2200997.5,,,,,0,0,,C,S,2026-01-13 11:44:02,,,,1,N
2026,1,256,81,GMADA,1110106000,7,JARD,2026-01-13 00:00:00,A,217,110,-1200000.0,,,,,0,0,,N,S,2026-01-13 11:51:53,,,,0,N
2026,1,257,81,GMADA,1110106000,7,JARD,2026-01-13 00:00:00,S,0,132,1200000.0,,,,,0,0,,C,S,2026-01-13 11:52:27,,,,1,N
2026,1,2364,2268,GMADA,1110104000,5,FARM,2026-06-22 00:00:00,S,0,131,662426.5,,,,,0,0,,C,S,2026-06-22 09:03:34,,,,1,N
2026,1,2365,2269,GMADA,1110104000,5,FARM,2026-06-22 00:00:00,S,0,131,2020456.78,,,,,0,0,,C,S,2026-06-22 09:08:21,,,,1,N
2026,1,2366,2227,GMADA,1110104000,5,COC,2026-06-22 00:00:00,S,0,131,141000.0,,,,,0,0,,C,S,2026-06-22 09:09:58,,,,1,N
2026,1,2367,2122,GMADA,1110104000,5,PEDIAT,2026-06-22 00:00:00,S,0,131,59400.0,,,,,0,0,,C,S,2026-06-22 09:23:32,,,,1,N
2026,1,2368,2123,GMADA,1110104000,5,INTER,2026-06-22 00:00:00,S,0,131,57795.59,,,,,0,0,,C,S,2026-06-22 09:24:14,,,,1,N
2026,1,2369,2124,GMADA,1110104000,5,CONEX,2026-06-22 00:00:00,S,0,131,197544.96,,,,,0,0,,C,S,2026-06-22 09:26:26,,,,1,N
2026,1,2370,2125,GMADA,1110104000,5,HOSP,2026-06-22 00:00:00,S,0,131,228512.4,,,,,0,0,,C,S,2026-06-22 09:28:19,,,,1,N
2026,1,2371,2228,GMADA,1110104000,5,HOSP,2026-06-22 00:00:00,S,0,131,223200.0,,,,,0,0,,C,S,2026-06-22 09:30:30,,,,1,N
2026,1,2373,2231,GMADA,1110104000,5,HOSP,2026-06-22 00:00:00,S,0,131,43000.0,,,,,0,0,,C,S,2026-06-22 09:32:44,,,,1,N
2026,1,2375,2232,GMADA,1110104000,5,HOSP,2026-06-22 00:00:00,S,0,131,326000.0,,,,,0,0,,C,S,2026-06-22 09:37:40,,,,1,N
2026,1,2376,2233,GMADA,1110104000,5,HOSP,2026-06-22 00:00:00,S,0,131,252000.0,,,,,0,0,,C,S,2026-06-22 09:38:17,,,,1,N
2026,1,2377,2238,GMADA,1110104000,5,COC,2026-06-22 00:00:00,S,0,131,50395.19,,,,,0,0,,C,S,2026-06-22 09:39:42,,,,1,N
2026,1,2378,2234,GMADA,1110104000,5,PO,2026-06-22 00:00:00,S,0,131,582978.0,,,,,0,0,,C,S,2026-06-22 09:41:01,,,,1,N
2026,1,2379,2235,GMADA,1110104000,5,INTER,2026-06-22 00:00:00,S,0,131,200000.0,,,,,0,0,,C,S,2026-06-22 09:42:32,,,,1,N
2026,1,2380,2270,GMADA,1110113000,20,SECSEG,2026-06-22 00:00:00,S,0,110,147378.0,,,,,0,0,,C,S,2026-06-22 09:49:26,,,,1,N
2026,1,2381,2240,GMADA,1110113000,20,SECSEG,2026-06-22 00:00:00,S,0,110,270000.0,,,,,0,0,,C,S,2026-06-22 10:00:49,,,,1,N
2026,1,2462,2317,GMADA,1110104000,5,EST,2026-06-29 00:00:00,S,0,131,258405.1,,,,,0,0,,C,S,2026-06-29 07:51:25,,,,1,N
2026,1,78,171,GMADA,1110105000,6,TURIS,2026-01-08 00:00:00,S,0,110,28667.45,,,,,0,0,,C,S,2026-01-08 07:38:08,,,,1,N
2026,1,79,95,GMADA,1110104000,5,HOGANC,2026-01-08 00:00:00,S,0,131,277650.0,,,,,0,0,,C,S,2026-01-08 07:39:02,,,,1,N
2026,1,80,97,GMADA,1110104000,5,COC,2026-01-08 00:00:00,S,0,131,324575.0,,,,,0,0,,C,S,2026-01-08 07:41:32,,,,1,N
2026,1,81,110,GMADA,1110104000,5,HOSP,2026-01-08 00:00:00,S,0,131,163000.0,,,,,0,0,,C,S,2026-01-08 07:42:29,,,,1,N
2026,1,82,113,GMADA,1110104000,5,HOSP,2026-01-08 00:00:00,S,0,131,111400.0,,,,,0,0,,C,S,2026-01-08 07:45:20,,,,1,N
2026,1,83,116,GMADA,1110104000,5,HOSP,2026-01-08 00:00:00,S,0,131,160060.0,,,,,0,0,,C,S,2026-01-08 07:46:54,,,,1,N
2026,1,84,121,GMADA,1110104000,5,COC,2026-01-08 00:00:00,S,0,131,363850.0,,,,,0,0,,C,S,2026-01-08 07:48:55,,,,1,N
2026,1,85,119,GMADA,1110104000,5,HOSP,2026-01-08 00:00:00,S,0,131,119760.0,,,,,0,0,,C,S,2026-01-08 07:49:30,,,,1,N
2026,1,86,122,GMADA,1110104000,5,HOSP,2026-01-08 00:00:00,S,0,110,247755.0,,,,,0,0,,C,S,2026-01-08 07:50:40,,,,1,N
2026,1,87,124,GMADA,1110104000,5,HOGANC,2026-01-08 00:00:00,S,0,131,279000.0,,,,,0,0,,C,S,2026-01-08 07:51:42,,,,1,N
2026,1,88,126,GMADA,1110104000,5,HOSP,2026-01-08 00:00:00,S,0,131,187300.0,,,,,0,0,,C,S,2026-01-08 07:52:34,,,,1,N
2026,1,89,129,GMADA,1110104000,5,HOSP,2026-01-08 00:00:00,S,0,131,165000.0,,,,,0,0,,C,S,2026-01-08 07:53:18,,,,1,N
2026,1,90,133,GMADA,1110104000,5,HOSP,2026-01-08 00:00:00,S,0,131,133000.0,,,,,0,0,,C,S,2026-01-08 07:54:02,,,,2,N
2026,1,91,138,GMADA,1110104000,5,COC,2026-01-08 00:00:00,S,0,131,30000.0,,,,,0,0,,C,S,2026-01-08 07:56:07,,,,1,N
2026,1,92,139,GMADA,1110104000,5,HOGANC,2026-01-08 00:00:00,S,0,131,18000.0,,,,,0,0,,C,S,2026-01-08 07:57:19,,,,1,N
2026,1,505,487,GMADA,1110109000,13,DEP,2026-01-27 00:00:00,S,0,110,75000.0,,,,,0,0,,A,S,2026-01-27 11:54:30,2026-01-27 12:00:46,ERROR,,1,N
2026,1,2361,2247,GMADA,1110104000,5,FARM,2026-06-22 00:00:00,S,0,131,493810.0,,,,,0,0,,C,S,2026-06-22 08:18:45,,,,1,N
2026,1,2362,2248,GMADA,1110104000,5,FARM,2026-06-22 00:00:00,S,0,131,3863789.61,,,,,0,0,,C,S,2026-06-22 08:20:31,,,,1,N
2026,1,2363,2252,GMADA,1110104000,5,FARM,2026-06-22 00:00:00,S,0,131,453802.1,,,,,0,0,,C,S,2026-06-22 08:21:49,,,,1,N
2026,1,2463,2318,GMADA,1110104000,5,INTER,2026-06-29 00:00:00,S,0,131,180000.0,,,,,0,0,,C,S,2026-06-29 07:53:02,,,,1,N
2026,1,2464,2321,GMADA,1110104000,5,COC,2026-06-29 00:00:00,S,0,131,154570.64,,,,,0,0,,C,S,2026-06-29 07:53:30,,,,1,N
2026,1,2465,2322,GMADA,1110104000,5,HOGANC,2026-06-29 00:00:00,S,0,131,177092.8,,,,,0,0,,C,S,2026-06-29 07:54:25,,,,1,N
2026,1,2466,2323,GMADA,1110104000,5,MAT,2026-06-29 00:00:00,S,0,131,350000.0,,,,,0,0,,C,S,2026-06-29 07:55:26,,,,1,N
2026,1,2467,2324,GMADA,1110104000,5,CONEX,2026-06-29 00:00:00,S,0,131,178200.0,,,,,0,0,,C,S,2026-06-29 07:56:28,,,,1,N
2026,1,2468,2325,GMADA,1110104000,5,SALA I,2026-06-29 00:00:00,S,0,131,1565365.0,,,,,0,0,,C,S,2026-06-29 08:02:42,,,,1,N
2026,1,2469,2326,GMADA,1110104000,5,FARM,2026-06-29 00:00:00,S,0,131,218258.09,,,,,0,0,,C,S,2026-06-29 08:04:42,,,,1,N
2026,1,2470,2320,GMADA,1110104000,5,COC,2026-06-29 00:00:00,S,0,131,1839009.0,,,,,0,0,,C,S,2026-06-29 08:05:18,,,,1,N
2026,1,2471,2319,GMADA,1110104000,5,HOGANC,2026-06-29 00:00:00,S,0,131,2499395.0,,,,,0,0,,C,S,2026-06-29 08:07:05,,,,1,N
2026,1,2472,2349,GMADA,1110104000,5,CAPSN,2026-06-29 00:00:00,S,0,131,200000.0,,,,,0,0,,C,S,2026-06-29 08:11:13,,,,1,N
2026,1,2473,2348,GMADA,1110104000,5,TERINT,2026-06-29 00:00:00,S,0,131,415610.0,,,,,0,0,,C,S,2026-06-29 08:13:02,,,,1,N
2026,1,2474,2376,GMADA,1110105000,6,TURIS,2026-06-29 00:00:00,S,0,110,446580.1,,,,,0,0,,C,S,2026-06-29 08:12:31,,,,2,N
2026,1,2475,2350,GMADA,1110118000,25,000SU,2026-06-29 00:00:00,S,0,110,280000.0,,,,,0,0,,C,S,2026-06-29 08:15:13,,,,1,N
2026,1,2476,2342,GMADA,1110106000,7,ACCSOC,2026-06-29 00:00:00,S,0,110,8023454.0,,,,,0,0,,C,S,2026-06-29 08:16:57,,,,1,N
2026,1,2477,2343,GMADA,1110106000,7,ENV,2026-06-29 00:00:00,S,0,132,35200.0,,,,,0,0,,C,S,2026-06-29 08:17:41,,,,1,N
2026,1,191,162,GMADA,1110111000,3,CAS,2026-01-13 00:00:00,S,0,131,64520.0,,,,,0,0,,A,S,2026-01-13 09:01:19,2026-04-22 12:40:28,ERROR,,1,N
2026,1,199,36,GMADA,1110102000,2,GOBHAC,2026-01-13 00:00:00,S,0,110,4000000.0,,,,,0,0,,C,S,2026-01-13 09:22:14,,,,1,N
2026,1,200,32,GMADA,1110102000,2,GOBHAC,2026-01-13 00:00:00,S,0,110,2000000.0,,,,,0,0,,C,S,2026-01-13 09:23:21,,,,1,N
2026,1,201,141,GMADA,1110111000,3,CAS,2026-01-13 00:00:00,S,0,131,150707.0,,,,,0,0,,C,S,2026-01-13 09:25:37,,,,1,N
2026,1,202,82,GMADA,1110109000,13,DEP,2026-01-13 00:00:00,S,0,110,35000.0,,,,,0,0,,C,S,2026-01-13 09:26:47,,,,1,N
2026,1,203,84,GMADA,1110104000,5,HOSP,2026-01-13 00:00:00,S,0,131,4140000.0,,,,,0,0,,C,S,2026-01-13 09:27:50,,,,1,N
2026,1,204,86,GMADA,1110104000,5,HOSP,2026-01-13 00:00:00,S,0,131,4140000.0,,,,,0,0,,C,S,2026-01-13 09:29:11,,,,1,N
2026,1,205,107,GMADA,1110118000,25,000SU,2026-01-13 00:00:00,S,0,110,1626733.0,,,,,0,0,,C,S,2026-01-13 09:31:42,,,,2,N
2026,1,206,112,GMADA,1110118000,25,DECI,2026-01-13 00:00:00,S,0,110,341600.0,,,,,0,0,,C,S,2026-01-13 09:32:13,,,,1,N
2026,1,207,96,GMADA,1110104000,5,HOSP,2026-01-13 00:00:00,S,0,131,22000.0,,,,,0,0,,C,S,2026-01-13 09:33:19,,,,1,N
2026,1,209,76,GMADA,1110104000,5,HOSP,2026-01-13 00:00:00,S,0,131,156000.0,,,,,0,0,,C,S,2026-01-13 09:35:31,,,,3,N
2026,1,211,108,GMADA,1110112000,19,TESOR,2026-01-13 00:00:00,S,0,110,387500.0,,,,,0,0,,C,S,2026-01-13 09:36:56,,,,1,N
2026,1,212,75,GMADA,1110104000,5,HOSP,2026-01-13 00:00:00,S,0,131,175000.0,,,,,0,0,,C,S,2026-01-13 09:37:58,,,,1,N
2026,1,213,72,GMADA,1110104000,5,HOSP,2026-01-13 00:00:00,S,0,131,74489.1,,,,,0,0,,C,S,2026-01-13 09:39:02,,,,1,N
2026,1,214,117,GMADA,1110102000,2,GOBHAC,2026-01-13 00:00:00,S,0,110,152100.0,,,,,0,0,,C,S,2026-01-13 09:39:59,,,,1,N
2026,1,889,876,GMADA,1110104000,5,HOSP,2026-03-02 00:00:00,S,0,131,894161.0,,,,,0,0,,C,S,2026-03-02 12:16:53,,,,1,N
2026,1,974,812,GMADA,1110109000,13,DEP,2026-03-09 00:00:00,A,845,110,-340000.0,,,,,0,0,,N,S,2026-03-09 07:24:53,,,,0,N
2026,1,975,812,GMADA,1110109000,13,DEP,2026-03-09 00:00:00,S,0,110,340000.0,,,,,0,0,,C,S,2026-03-09 07:31:24,,,,2,N
2026,1,999,915,GMADA,1110109000,13,DEP,2026-03-09 00:00:00,A,923,110,-140000.0,,,,,0,0,,N,S,2026-03-09 09:35:31,,,,0,N
2026,1,1005,982,GMADA,1110111000,3,CAS,2026-03-09 00:00:00,S,0,131,10248000.0,,,,,0,0,,C,S,2026-03-09 10:28:27,,,,2,N
2026,1,1006,942,GMADA,1110106000,7,ENV,2026-03-09 00:00:00,S,0,132,64800.0,,,,,0,0,,C,S,2026-03-09 10:32:57,,,,1,N
2026,1,1007,944,GMADA,1110106000,7,ACCSOC,2026-03-09 00:00:00,S,0,132,132000.0,,,,,0,0,,C,S,2026-03-09 10:34:07,,,,1,N
2026,1,1008,955,GMADA,1110106000,7,ACCSOC,2026-03-09 00:00:00,S,0,110,165000.0,,,,,0,0,,C,S,2026-03-09 10:35:04,,,,1,N
2026,1,1009,956,GMADA,1110102000,2,GOB,2026-03-09 00:00:00,S,0,110,4750000.0,,,,,0,0,,C,S,2026-03-09 10:36:46,,,,1,N
2026,1,1010,934,GMADA,1110113000,20,SECSEG,2026-03-09 00:00:00,S,0,110,487000.0,,,,,0,0,,C,S,2026-03-09 10:37:03,,,,1,N
2026,1,1011,984,GMADA,1110118000,25,000SU,2026-03-09 00:00:00,S,0,132,10248000.0,,,,,0,0,,C,S,2026-03-09 11:25:34,,,,2,N
2026,1,1012,985,GMADA,1110118000,25,BARU,2026-03-09 00:00:00,S,0,132,4270000.0,,,,,0,0,,C,S,2026-03-09 11:25:49,,,,1,N
2026,1,1013,641,GMADA,1110103000,3,OPP,2026-03-09 00:00:00,S,0,110,7954200.0,,,,,0,0,,C,S,2026-03-09 12:31:20,,,,2,N
2026,1,2616,2517,GMADA,1110118000,25,DECI,2026-07-08 00:00:00,S,0,110,552520.0,,,,,0,0,,C,S,2026-07-08 12:48:37,,,,1,N
2026,1,2617,2516,GMADA,1110118000,25,DECI,2026-07-08 00:00:00,S,0,110,426722.0,,,,,0,0,,C,S,2026-07-08 12:49:59,,,,1,N
2026,1,2618,2515,GMADA,1110118000,25,000SU,2026-07-08 00:00:00,S,0,110,3023786.31,,,,,0,0,,C,S,2026-07-08 12:50:19,,,,1,N
2026,1,2619,2518,GMADA,1110118000,25,000SU,2026-07-08 00:00:00,S,0,110,1456271.52,,,,,0,0,,A,S,2026-07-08 12:57:02,2026-07-16 07:50:16,ERROR,,2,N
2026,1,2620,2496,GMADA,1110118000,25,000SU,2026-07-08 00:00:00,S,0,110,189200.0,,,,,0,0,,C,S,2026-07-08 12:57:20,,,,2,N
2026,1,2621,2497,GMADA,1110118000,25,000SU,2026-07-08 00:00:00,S,0,110,270000.0,,,,,0,0,,C,S,2026-07-08 12:58:58,,,,1,N
2026,1,2622,2499,GMADA,1110118000,25,000SU,2026-07-08 00:00:00,S,0,110,2216000.0,,,,,0,0,,C,S,2026-07-08 12:59:37,,,,1,N
2026,1,2623,2479,GMADA,1110104000,5,LAB,2026-07-08 00:00:00,S,0,131,2013717.55,,,,,0,0,,C,S,2026-07-08 13:00:54,,,,1,N
2026,1,2624,2480,GMADA,1110104000,5,LAB,2026-07-08 00:00:00,S,0,131,893873.45,,,,,0,0,,C,S,2026-07-08 13:01:35,,,,1,N
2026,1,2625,2525,GMADA,1110105000,6,CASA,2026-07-08 00:00:00,S,0,110,180960.0,,,,,0,0,,C,S,2026-07-08 13:01:53,,,,1,N
2026,1,2626,2495,GMADA,1110104000,5,FARM,2026-07-08 00:00:00,S,0,131,1762971.85,,,,,0,0,,C,S,2026-07-08 13:02:58,,,,1,N
2026,1,2627,2522,GMADA,1110104000,5,FARM,2026-07-08 00:00:00,S,0,131,387450.0,,,,,0,0,,C,S,2026-07-08 13:03:53,,,,1,N
2026,1,2628,2524,GMADA,1110104000,5,FARM,2026-07-08 00:00:00,S,0,131,330400.0,,,,,0,0,,C,S,2026-07-08 13:05:05,,,,1,N
2026,1,2629,2471,GMADA,1110104000,5,LAB,2026-07-08 00:00:00,S,0,131,346393.5,,,,,0,0,,C,S,2026-07-08 13:05:50,,,,1,N
2026,1,2630,2470,GMADA,1110104000,5,HOSP,2026-07-08 00:00:00,S,0,131,156672.0,,,,,0,0,,C,S,2026-07-08 13:06:41,,,,1,N
2026,1,2631,2423,GMADA,1110104000,5,COC,2026-07-08 00:00:00,S,0,131,111599.53,,,,,0,0,,C,S,2026-07-08 13:07:52,,,,1,N
2026,1,599,554,GMADA,1110118000,25,000SU,2026-02-04 00:00:00,S,0,110,2146194.76,,,,,0,0,,C,S,2026-02-04 07:28:03,,,,1,N
2026,1,600,548,GMADA,1110111000,3,CAS,2026-02-04 00:00:00,S,0,131,66800.0,,,,,0,0,,C,S,2026-02-04 07:28:54,,,,1,N
2026,1,601,558,GMADA,1110112000,19,CONTRA,2026-02-04 00:00:00,S,0,110,228000.0,,,,,0,0,,C,S,2026-02-04 07:30:33,,,,1,N
2026,1,602,547,GMADA,1110106000,7,ACCSOC,2026-02-04 00:00:00,S,0,132,8011800.0,,,,,0,0,,C,S,2026-02-04 07:32:22,,,,1,N
2026,1,603,473,GMADA,1110104000,5,PO,2026-02-04 00:00:00,S,0,131,1392216.28,,,,,0,0,,N,S,2026-02-04 07:43:20,,,,1,N
2026,1,604,567,GMADA,1110118000,25,BARU,2026-02-04 00:00:00,S,0,110,1200000.0,,,,,0,0,,C,S,2026-02-04 07:44:03,,,,1,N
2026,1,885,862,GMADA,1110109000,13,DEP,2026-02-27 00:00:00,S,0,110,800000.0,,,,,0,0,,C,S,2026-02-27 11:18:27,,,,1,N
2026,1,886,863,GMADA,1110109000,13,DEP,2026-02-27 00:00:00,S,0,110,2233674.52,,,,,0,0,,C,S,2026-02-27 11:43:43,,,,1,N
2026,1,1,15,GMADA,1110102000,2,AREAJ,2026-01-02 00:00:00,S,0,132,6600000.0,,,,,0,0,,C,S,2026-01-02 10:04:57,,,,2,N
2026,1,2,9,GMADA,1110108000,14,PROD,2026-01-02 00:00:00,S,0,110,1660000.0,,,,,0,0,,C,S,2026-01-02 11:11:53,,,,1,N
2026,1,3,20,GMADA,1110104000,5,ADM,2026-01-02 00:00:00,S,0,131,3473460.0,,,,,0,0,,A,S,2026-01-02 13:24:32,2026-01-16 09:24:13,ERROR,,3,N
2026,1,4,19,GMADA,1110117000,24,000F,2026-01-02 00:00:00,S,0,110,847950.0,,,,,0,0,,A,S,2026-01-02 13:25:45,2026-01-16 09:24:00,ERROR,,3,N
2026,1,5,18,GMADA,1110106000,7,ACCSOC,2026-01-02 00:00:00,S,0,110,937950.0,,,,,0,0,,A,S,2026-01-02 13:26:54,2026-01-16 09:23:15,ERROR,,1,N
2026,1,6,17,GMADA,1110200000,8,PRESID,2026-01-02 00:00:00,S,0,110,1796730.0,,,,,0,0,,A,S,2026-01-02 13:27:49,2026-01-16 09:23:38,ERROR,,1,N
2026,1,7,16,GMADA,1110112000,19,SEHA,2026-01-02 00:00:00,S,0,110,3473460.0,,,,,0,0,,A,S,2026-01-02 13:28:49,2026-01-16 09:23:27,ERROR,,1,N
2026,1,8,14,GMADA,1110112000,19,INGPUB,2026-01-02 00:00:00,S,0,110,4436730.0,,,,,0,0,,A,S,2026-01-02 13:29:36,2026-01-16 09:23:48,ERROR,,2,N
2026,1,9,2,GMADA,1110101000,1,INT,2026-01-02 00:00:00,S,0,110,18000.0,,,,,0,0,,C,S,2026-01-02 13:30:58,,,,2,N
2026,1,10,3,GMADA,1110111000,3,CAS,2026-01-02 00:00:00,S,0,131,329500.0,,,,,0,0,,C,S,2026-01-02 13:32:00,,,,1,N
2026,1,11,4,GMADA,1110112000,19,CONTRA,2026-01-02 00:00:00,S,0,110,407586.24,,,,,0,0,,C,S,2026-01-02 13:32:41,,,,1,N
2026,1,12,6,GMADA,1110112000,19,CONTRA,2026-01-02 00:00:00,S,0,110,502069.97,,,,,0,0,,C,S,2026-01-02 13:33:22,,,,1,N
2026,1,13,12,GMADA,1110112000,19,SEHA,2026-01-02 00:00:00,S,0,110,268000.0,,,,,0,0,,A,S,2026-01-02 13:34:27,2026-01-29 12:03:53,ERROR,,1,N
2026,1,95,136,GMADA,1110104000,5,COC,2026-01-08 00:00:00,S,0,131,33000.0,,,,,0,0,,C,S,2026-01-08 10:35:57,,,,1,N
2026,1,96,191,GMADA,1110105000,6,CASA,2026-01-08 00:00:00,S,0,110,4381980.0,,,,,0,0,,C,S,2026-01-08 10:36:40,,,,1,N
2026,1,97,130,GMADA,1110109000,13,DEP,2026-01-08 00:00:00,S,0,132,400000.0,,,,,0,0,,C,S,2026-01-08 10:38:21,,,,2,N
2026,1,98,137,GMADA,1110109000,13,DEP,2026-01-08 00:00:00,S,0,110,150000.0,,,,,0,0,,C,S,2026-01-08 10:39:17,,,,1,N
2026,1,99,135,GMADA,1110109000,13,DEP,2026-01-08 00:00:00,S,0,110,1500000.0,,,,,0,0,,C,S,2026-01-08 10:40:48,,,,1,N
2026,1,100,134,GMADA,1110109000,13,DEP,2026-01-08 00:00:00,S,0,110,1500000.0,,,,,0,0,,C,S,2026-01-08 10:42:29,,,,1,N
2026,1,101,186,GMADA,1110111000,3,CAS,2026-01-08 00:00:00,S,0,131,2029892.68,,,,,0,0,,C,S,2026-01-08 10:44:21,,,,1,N
2026,1,102,168,GMADA,1110108000,14,PROD,2026-01-08 00:00:00,S,0,110,92500.0,,,,,0,0,,C,S,2026-01-08 10:47:05,,,,1,N
2026,1,103,170,GMADA,1110108000,14,PROD,2026-01-08 00:00:00,S,0,110,10900.0,,,,,0,0,,C,S,2026-01-08 10:47:47,,,,1,N
2026,1,104,188,GMADA,1110118000,25,000SU,2026-01-08 00:00:00,S,0,110,28002044.73,,,,,0,0,,C,S,2026-01-08 10:49:19,,,,1,N
2026,1,105,177,GMADA,1110102000,2,GOBHAC,2026-01-08 00:00:00,S,0,110,484704.48,,,,,0,0,,C,S,2026-01-08 10:50:36,,,,1,N
2026,1,106,178,GMADA,1110109000,13,DEP,2026-01-08 00:00:00,S,0,110,525687.42,,,,,0,0,,C,S,2026-01-08 10:52:21,,,,1,N
2026,1,108,180,GMADA,1110118000,25,DECI,2026-01-08 00:00:00,S,0,110,508355.19,,,,,0,0,,C,S,2026-01-08 10:53:56,,,,1,N
2026,1,109,181,GMADA,1110108000,14,PROD,2026-01-08 00:00:00,S,0,110,477746.0,,,,,0,0,,C,S,2026-01-08 10:55:21,,,,1,N
2026,1,131,209,GMADA,1110105000,6,CULTUR,2026-01-12 00:00:00,S,0,110,513031.29,,,,,0,0,,C,S,2026-01-12 10:33:15,,,,1,N
2026,1,269,120,GMADA,1110106000,7,ACCSOC,2026-01-15 00:00:00,S,0,132,105790000.0,,,,,0,0,,C,S,2026-01-15 09:01:26,,,,2,N
2026,1,270,202,GMADA,1110104000,11,BROM,2026-01-15 00:00:00,A,222,110,-225500.0,,,,,0,0,,N,S,2026-01-15 10:40:41,,,,0,N
2026,1,428,414,GMADA,1110112000,19,SECHAC,2026-01-22 00:00:00,S,0,110,19390.0,,,,,0,0,,C,S,2026-01-22 10:20:59,,,,1,N
2026,1,429,413,GMADA,1110118000,25,000SU,2026-01-22 00:00:00,S,0,110,293402.0,,,,,0,0,,C,S,2026-01-22 10:21:33,,,,1,N
2026,1,430,441,GMADA,1110118000,25,MEAM,2026-01-22 00:00:00,S,0,110,645980.0,,,,,0,0,,C,S,2026-01-22 10:45:09,,,,1,N
2026,1,431,14,GMADA,1110112000,19,INGPUB,2026-01-22 00:00:00,S,0,110,15093840.0,,,,,0,0,,A,S,2026-01-22 11:03:35,2026-01-23 12:32:15,ERROR,,1,N
2026,1,432,16,GMADA,1110102000,2,DESP,2026-01-22 00:00:00,S,0,110,8146920.0,,,,,0,0,,A,S,2026-01-22 11:04:07,2026-01-23 12:32:28,ERROR,,1,N
2026,1,433,19,GMADA,1110117000,24,000F,2026-01-22 00:00:00,S,0,110,3031800.0,,,,,0,0,,A,S,2026-01-22 11:06:01,2026-01-23 12:32:42,ERROR,,2,N
2026,1,434,20,GMADA,1110104000,5,OSA,2026-01-22 00:00:00,S,0,131,7906920.0,,,,,0,0,,A,S,2026-01-22 11:06:34,2026-01-23 12:32:55,ERROR,,1,N
2026,1,435,17,GMADA,1110200000,8,PRESID,2026-01-22 00:00:00,S,0,110,4306920.0,,,,,0,0,,A,S,2026-01-22 11:07:35,2026-01-23 12:33:10,ERROR,,1,N
2026,1,436,437,GMADA,1110111000,3,CAS,2026-01-22 00:00:00,S,0,131,34567.97,,,,,0,0,,C,S,2026-01-22 11:24:16,,,,1,N
2026,1,437,169,GMADA,1110108000,14,PROD,2026-01-22 00:00:00,S,0,110,94000.0,,,,,0,0,,C,S,2026-01-22 11:25:03,,,,1,N
2026,1,530,516,GMADA,1110112000,19,CONTAD,2026-01-29 00:00:00,S,0,110,280000.0,,,,,0,0,,C,S,2026-01-29 10:31:30,,,,1,N
2026,1,615,574,GMADA,1110109000,13,DEP,2026-02-05 00:00:00,S,0,110,850000.0,,,,,0,0,,C,S,2026-02-05 09:00:47,,,,1,N
2026,1,616,585,GMADA,1110118000,25,PLANRE,2026-02-05 00:00:00,S,0,110,236800.0,,,,,0,0,,C,S,2026-02-05 11:26:55,,,,1,N
2026,1,675,675,GMADA,1110106000,7,JARD,2026-02-13 00:00:00,S,0,132,263500.0,,,,,0,0,,C,S,2026-02-13 10:38:45,,,,1,N
2026,1,676,650,GMADA,1110109000,13,DEP,2026-02-13 00:00:00,S,0,110,193682.0,,,,,0,0,,C,S,2026-02-13 10:39:39,,,,1,N
2026,1,677,683,GMADA,1110118000,25,18C,2026-02-13 00:00:00,S,0,110,100000.0,,,,,0,0,,C,S,2026-02-13 10:40:32,,,,1,N
2026,1,678,682,GMADA,1110118000,25,000SU,2026-02-13 00:00:00,S,0,110,44370.2,,,,,0,0,,C,S,2026-02-13 10:42:19,,,,1,N
2026,1,679,661,GMADA,1110113000,20,SECSEG,2026-02-13 00:00:00,S,0,110,337800.0,,,,,0,0,,C,S,2026-02-13 10:43:11,,,,1,N
2026,1,680,659,GMADA,1110113000,20,SECSEG,2026-02-13 00:00:00,S,0,110,440000.0,,,,,0,0,,C,S,2026-02-13 10:44:18,,,,1,N
2026,1,681,667,GMADA,1110113000,20,SECSEG,2026-02-13 00:00:00,S,0,110,8125.6,,,,,0,0,,C,S,2026-02-13 10:45:56,,,,1,N
2026,1,682,670,GMADA,1110113000,20,SECSEG,2026-02-13 00:00:00,S,0,110,811100.0,,,,,0,0,,C,S,2026-02-13 10:47:17,,,,1,N
2026,1,683,671,GMADA,1110113000,20,SECSEG,2026-02-13 00:00:00,S,0,110,120000.0,,,,,0,0,,C,S,2026-02-13 10:48:34,,,,1,N
2026,1,684,672,GMADA,1110113000,20,SECSEG,2026-02-13 00:00:00,S,0,110,120000.0,,,,,0,0,,C,S,2026-02-13 10:50:00,,,,1,N
2026,1,685,673,GMADA,1110113000,20,SECSEG,2026-02-13 00:00:00,S,0,110,110000.0,,,,,0,0,,C,S,2026-02-13 10:51:33,,,,1,N
2026,1,686,674,GMADA,1110113000,20,SECSEG,2026-02-13 00:00:00,S,0,110,60000.0,,,,,0,0,,C,S,2026-02-13 10:52:41,,,,1,N
2026,1,687,669,GMADA,1110101000,1,INT,2026-02-13 00:00:00,S,0,110,8000.0,,,,,0,0,,C,S,2026-02-13 10:53:50,,,,1,N
2026,1,688,638,GMADA,1110118000,25,000SU,2026-02-13 00:00:00,S,0,110,423200.0,,,,,0,0,,C,S,2026-02-13 10:56:43,,,,1,N
2026,1,689,642,GMADA,1110118000,25,000SU,2026-02-13 00:00:00,S,0,110,534000.0,,,,,0,0,,C,S,2026-02-13 11:02:19,,,,1,N
2026,1,690,649,GMADA,1110104000,5,ESTH,2026-02-13 00:00:00,S,0,131,44296.45,,,,,0,0,,C,S,2026-02-13 11:05:43,,,,1,N
2026,1,691,651,GMADA,1110104000,5,DIR,2026-02-13 00:00:00,S,0,131,12500.0,,,,,0,0,,C,S,2026-02-13 11:07:13,,,,1,N
2026,1,692,653,GMADA,1110104000,5,HOGANC,2026-02-13 00:00:00,S,0,131,467699.98,,,,,0,0,,C,S,2026-02-13 11:09:30,,,,1,N
2026,1,693,633,GMADA,1110104000,5,HOSP,2026-02-13 00:00:00,S,0,131,491550.0,,,,,0,0,,C,S,2026-02-13 11:12:20,,,,1,N
2026,1,694,632,GMADA,1110104000,5,HOSP,2026-02-13 00:00:00,S,0,131,32000.0,,,,,0,0,,C,S,2026-02-13 11:12:57,,,,1,N
2026,1,695,654,GMADA,1110104000,5,INTER,2026-02-13 00:00:00,S,0,131,15220.0,,,,,0,0,,C,S,2026-02-13 11:14:42,,,,1,N
2026,1,697,655,GMADA,1110104000,5,TRIA,2026-02-13 00:00:00,S,0,131,9620.0,,,,,0,0,,C,S,2026-02-13 11:18:14,,,,1,N
2026,1,698,656,GMADA,1110104000,5,CICQ,2026-02-13 00:00:00,S,0,131,132760.0,,,,,0,0,,C,S,2026-02-13 11:21:03,,,,1,N
2026,1,699,657,GMADA,1110104000,5,HOSP,2026-02-13 00:00:00,S,0,131,31090.0,,,,,0,0,,C,S,2026-02-13 11:53:01,,,,1,N
2026,1,700,658,GMADA,1110104000,5,HOSP,2026-02-13 00:00:00,S,0,131,46940.0,,,,,0,0,,C,S,2026-02-13 11:54:15,,,,1,N
2026,1,701,660,GMADA,1110104000,5,HOSP,2026-02-13 00:00:00,S,0,131,135583.0,,,,,0,0,,C,S,2026-02-13 11:55:57,,,,2,N
2026,1,702,662,GMADA,1110104000,5,HOSP,2026-02-13 00:00:00,S,0,131,253260.0,,,,,0,0,,C,S,2026-02-13 11:57:28,,,,1,N
2026,1,703,663,GMADA,1110104000,5,HOSP,2026-02-13 00:00:00,S,0,131,116910.0,,,,,0,0,,C,S,2026-02-13 11:58:37,,,,1,N
2026,1,704,668,GMADA,1110104000,5,HOGANC,2026-02-13 00:00:00,S,0,131,17600.0,,,,,0,0,,C,S,2026-02-13 12:01:50,,,,1,N
2026,1,705,634,GMADA,1110104000,5,HOSP,2026-02-13 00:00:00,S,0,131,6120000.0,,,,,0,0,,C,S,2026-02-13 12:03:00,,,,2,N
2026,1,706,698,GMADA,1110104000,5,LAB,2026-02-13 00:00:00,S,0,131,380739.98,,,,,0,0,,C,S,2026-02-13 12:04:46,,,,1,N
2026,1,707,697,GMADA,1110104000,5,LAB,2026-02-13 00:00:00,S,0,131,1431762.63,,,,,0,0,,C,S,2026-02-13 12:06:09,,,,1,N
2026,1,709,693,GMADA,1110104000,5,COC,2026-02-13 00:00:00,S,0,131,4345200.0,,,,,0,0,,C,S,2026-02-13 12:09:15,,,,1,N
2026,1,711,695,GMADA,1110104000,5,COC,2026-02-13 00:00:00,S,0,131,3925625.0,,,,,0,0,,C,S,2026-02-13 12:10:10,,,,1,N
2026,1,714,696,GMADA,1110104000,5,COC,2026-02-13 00:00:00,S,0,131,414000.0,,,,,0,0,,C,S,2026-02-13 12:12:51,,,,1,N
2026,1,716,678,GMADA,1110104000,5,HOGANC,2026-02-13 00:00:00,S,0,131,6500.0,,,,,0,0,,C,S,2026-02-13 12:13:29,,,,1,N
2026,1,717,676,GMADA,1110104000,5,FARM,2026-02-13 00:00:00,S,0,131,209462.06,,,,,0,0,,C,S,2026-02-13 12:14:49,,,,1,N
2026,1,718,664,GMADA,1110104000,5,PO,2026-02-13 00:00:00,S,0,131,1614943.44,,,,,0,0,,C,S,2026-02-13 12:16:18,,,,1,N
2026,1,720,665,GMADA,1110104000,5,HOGANC,2026-02-13 00:00:00,S,0,131,146659.8,,,,,0,0,,C,S,2026-02-13 12:17:36,,,,1,N
2026,1,723,645,GMADA,1110104000,11,BROM,2026-02-13 00:00:00,S,0,110,60000.0,,,,,0,0,,C,S,2026-02-13 12:20:00,,,,1,N
2026,1,727,636,GMADA,1110111000,3,CAS,2026-02-13 00:00:00,S,0,131,815489.79,,,,,0,0,,C,S,2026-02-13 12:22:37,,,,1,N
2026,1,728,677,GMADA,1110104000,5,COC,2026-02-13 00:00:00,S,0,131,52122.0,,,,,0,0,,C,S,2026-02-13 12:25:46,,,,1,N
2026,1,730,646,GMADA,1110104000,5,INTER,2026-02-13 00:00:00,S,0,131,150520.0,,,,,0,0,,C,S,2026-02-13 12:27:50,,,,1,N
2026,1,731,644,GMADA,1110104000,5,MAT,2026-02-13 00:00:00,S,0,131,20000.0,,,,,0,0,,C,S,2026-02-13 12:30:57,,,,1,N
2026,1,732,685,GMADA,1110113000,20,SECSEG,2026-02-13 00:00:00,S,0,110,21840.0,,,,,0,0,,C,S,2026-02-13 12:41:01,,,,1,N
2026,1,733,684,GMADA,1110113000,20,SECSEG,2026-02-13 00:00:00,S,0,110,80000.0,,,,,0,0,,C,S,2026-02-13 12:47:05,,,,1,N
2026,1,734,686,GMADA,1110113000,20,SECSEG,2026-02-13 00:00:00,S,0,110,57740.0,,,,,0,0,,C,S,2026-02-13 12:48:49,,,,1,N
2026,1,735,687,GMADA,1110113000,20,SECSEG,2026-02-13 00:00:00,S,0,110,98633.0,,,,,0,0,,C,S,2026-02-13 12:50:44,,,,1,N
2026,1,736,688,GMADA,1110113000,20,SECSEG,2026-02-13 00:00:00,S,0,110,57931.0,,,,,0,0,,C,S,2026-02-13 12:52:38,,,,1,N
2026,1,737,689,GMADA,1110113000,20,SECSEG,2026-02-13 00:00:00,S,0,110,103000.0,,,,,0,0,,C,S,2026-02-13 12:54:02,,,,1,N
2026,1,738,690,GMADA,1110113000,20,SECSEG,2026-02-13 00:00:00,S,0,110,50000.0,,,,,0,0,,C,S,2026-02-13 12:56:04,,,,1,N
2026,1,739,691,GMADA,1110113000,20,SECSEG,2026-02-13 00:00:00,S,0,110,306000.0,,,,,0,0,,A,S,2026-02-13 12:57:33,2026-02-13 12:57:46,ERROR,,1,N
2026,1,740,691,GMADA,1110113000,20,SECSEG,2026-02-13 00:00:00,A,739,110,-306000.0,,,,,0,0,,N,S,2026-02-13 12:57:46,,,,0,N
2026,1,741,692,GMADA,1110113000,20,SECSEG,2026-02-13 00:00:00,S,0,110,47400.0,,,,,0,0,,C,S,2026-02-13 12:58:59,,,,1,N
2026,1,742,652,GMADA,1110109000,13,DEP,2026-02-13 00:00:00,S,0,110,250000.0,,,,,0,0,,C,S,2026-02-13 13:00:43,,,,2,N
2026,1,743,703,GMADA,1110112000,19,INTIM,2026-02-13 00:00:00,S,0,110,34500.0,,,,,0,0,,C,S,2026-02-13 13:02:46,,,,1,N
2026,1,744,587,GMADA,1110109000,13,DEP,2026-02-13 00:00:00,S,0,110,42000.0,,,,,0,0,,C,S,2026-02-13 13:03:31,,,,1,N
2026,1,745,578,GMADA,1110109000,13,DEP,2026-02-13 00:00:00,S,0,110,70000.0,,,,,0,0,,C,S,2026-02-13 13:04:17,,,,1,N
2026,1,746,694,GMADA,1110108000,14,PROD,2026-02-13 00:00:00,S,0,110,1660000.0,,,,,0,0,,C,S,2026-02-13 13:05:11,,,,1,N
2026,1,747,593,GMADA,1110109000,13,DEP,2026-02-13 00:00:00,S,0,110,182177.0,,,,,0,0,,C,S,2026-02-13 13:06:11,,,,1,N
2026,1,748,637,GMADA,1110118000,25,BARU,2026-02-13 00:00:00,S,0,110,1988250.0,,,,,0,0,,C,S,2026-02-13 13:07:10,,,,1,N
2026,1,749,635,GMADA,1110118000,25,DECI,2026-02-13 00:00:00,S,0,110,9620.0,,,,,0,0,,C,S,2026-02-13 13:07:53,,,,1,N
2026,1,750,647,GMADA,1110108000,14,PROD,2026-02-13 00:00:00,S,0,110,52440.0,,,,,0,0,,C,S,2026-02-13 13:08:51,,,,1,N
2026,1,751,620,GMADA,1110104000,5,INTER,2026-02-13 00:00:00,S,0,131,63892.95,,,,,0,0,,C,S,2026-02-13 13:09:55,,,,1,N
2026,1,752,616,GMADA,1110104000,5,COC,2026-02-13 00:00:00,S,0,131,26000.0,,,,,0,0,,C,S,2026-02-13 13:10:48,,,,1,N
2026,1,753,617,GMADA,1110104000,5,HOGANC,2026-02-13 00:00:00,S,0,131,24100.0,,,,,0,0,,C,S,2026-02-13 13:11:56,,,,1,N
2026,1,754,627,GMADA,1110112000,19,INGPU,2026-02-13 00:00:00,S,0,110,20654.2,,,,,0,0,,C,S,2026-02-13 13:12:53,,,,1,N
2026,1,755,623,GMADA,1110106000,7,JARD,2026-02-13 00:00:00,S,0,132,136500.0,,,,,0,0,,C,S,2026-02-13 13:13:39,,,,1,N
2026,1,776,747,GMADA,1110118000,25,BARU,2026-02-19 00:00:00,S,0,132,4878000.0,,,,,0,0,,C,S,2026-02-19 12:53:27,,,,2,N
2026,1,777,746,GMADA,1110118000,25,000SU,2026-02-19 00:00:00,S,0,132,13008000.0,,,,,0,0,,C,S,2026-02-19 12:54:13,,,,1,N
2026,1,888,867,GMADA,1110109000,13,DEP,2026-02-27 00:00:00,S,0,110,600000.0,,,,,0,0,,C,S,2026-02-27 13:01:44,,,,1,N
2026,1,891,882,GMADA,1110106000,7,ACCSOC,2026-03-03 00:00:00,S,0,131,4204784.0,,,,,0,0,,C,S,2026-03-03 09:34:46,,,,1,N
2026,1,976,928,GMADA,1110113000,20,SECSEG,2026-03-09 00:00:00,S,0,110,240400.0,,,,,0,0,,C,S,2026-03-09 07:55:18,,,,1,N
2026,1,977,930,GMADA,1110113000,20,SECSEG,2026-03-09 00:00:00,S,0,110,361000.0,,,,,0,0,,C,S,2026-03-09 08:02:00,,,,1,N
2026,1,978,926,GMADA,1110105000,6,CULTUR,2026-03-09 00:00:00,S,0,110,78600.0,,,,,0,0,,C,S,2026-03-09 08:03:35,,,,1,N
2026,1,979,932,GMADA,1110113000,20,SECSEG,2026-03-09 00:00:00,S,0,110,347100.0,,,,,0,0,,C,S,2026-03-09 08:04:36,,,,1,N
2026,1,980,933,GMADA,1110113000,20,SECSEG,2026-03-09 00:00:00,S,0,110,110322.8,,,,,0,0,,C,S,2026-03-09 08:11:38,,,,1,N
2026,1,981,855,GMADA,1110104000,5,COC,2026-03-09 00:00:00,S,0,131,115200.0,,,,,0,0,,C,S,2026-03-09 08:12:45,,,,1,N
2026,1,982,921,GMADA,1110118000,25,000SU,2026-03-09 00:00:00,S,0,110,770000.0,,,,,0,0,,C,S,2026-03-09 08:14:19,,,,1,N
2026,1,983,912,GMADA,1110118000,25,000SU,2026-03-09 00:00:00,S,0,110,65000.0,,,,,0,0,,C,S,2026-03-09 08:15:47,,,,1,N
2026,1,984,911,GMADA,1110118000,25,000SU,2026-03-09 00:00:00,S,0,110,201500.0,,,,,0,0,,C,S,2026-03-09 08:20:02,,,,2,N
2026,1,985,896,GMADA,1110104000,5,HOGANC,2026-03-09 00:00:00,S,0,131,1225473.99,,,,,0,0,,C,S,2026-03-09 08:22:58,,,,2,N
2026,1,986,923,GMADA,1110108000,14,PROD,2026-03-09 00:00:00,S,0,110,52500.0,,,,,0,0,,C,S,2026-03-09 08:24:46,,,,1,N
2026,1,987,929,GMADA,1110104000,5,HOSP,2026-03-09 00:00:00,S,0,131,958575.56,,,,,0,0,,C,S,2026-03-09 08:33:09,,,,1,N
2026,1,988,939,GMADA,1110106000,7,ACCSOC,2026-03-09 00:00:00,S,0,110,53970.66,,,,,0,0,,C,S,2026-03-09 08:58:59,,,,1,N
2026,1,989,953,GMADA,1110118000,25,000SU,2026-03-09 00:00:00,S,0,110,180500.0,,,,,0,0,,C,S,2026-03-09 09:01:39,,,,1,N
2026,1,990,940,GMADA,1110106000,7,GRAN,2026-03-09 00:00:00,S,0,110,57112.0,,,,,0,0,,C,S,2026-03-09 09:03:54,,,,1,N
2026,1,991,938,GMADA,1110106000,7,ACCSOC,2026-03-09 00:00:00,S,0,110,32500.0,,,,,0,0,,C,S,2026-03-09 09:04:23,,,,1,N
2026,1,992,937,GMADA,1110106000,7,ENV,2026-03-09 00:00:00,S,0,132,22869.0,,,,,0,0,,C,S,2026-03-09 09:06:11,,,,1,N
2026,1,993,897,GMADA,1110104000,5,HOGANC,2026-03-09 00:00:00,S,0,131,513900.0,,,,,0,0,,C,S,2026-03-09 09:08:01,,,,3,N
2026,1,994,927,GMADA,1110104000,5,COC,2026-03-09 00:00:00,S,0,131,758900.0,,,,,0,0,,C,S,2026-03-09 09:10:31,,,,1,N
2026,1,995,925,GMADA,1110104000,5,COC,2026-03-09 00:00:00,S,0,131,67760.0,,,,,0,0,,C,S,2026-03-09 09:14:47,,,,1,N
2026,1,996,916,GMADA,1110104000,5,FARM,2026-03-09 00:00:00,S,0,131,5973340.0,,,,,0,0,,C,S,2026-03-09 09:21:30,,,,2,N
2026,1,997,910,GMADA,1110104000,5,LAB,2026-03-09 00:00:00,S,0,131,97345.0,,,,,0,0,,C,S,2026-03-09 09:23:58,,,,1,N
2026,1,998,903,GMADA,1110104000,5,LAV,2026-03-09 00:00:00,S,0,131,627166.83,,,,,0,0,,C,S,2026-03-09 09:30:47,,,,1,N
2026,1,1000,831,GMADA,1110104000,5,FARM,2026-03-09 00:00:00,S,0,131,38425000.0,,,,,0,0,,C,S,2026-03-09 09:37:23,,,,3,N
2026,1,1001,900,GMADA,1110104000,5,HOGANC,2026-03-09 00:00:00,S,0,131,86148.0,,,,,0,0,,C,S,2026-03-09 09:43:26,,,,1,N
2026,1,1002,899,GMADA,1110104000,5,CAPSN,2026-03-09 00:00:00,S,0,131,140000.0,,,,,0,0,,C,S,2026-03-09 09:43:57,,,,1,N
2026,1,1003,898,GMADA,1110104000,5,HOSP,2026-03-09 00:00:00,S,0,131,150000.0,,,,,0,0,,C,S,2026-03-09 09:45:26,,,,1,N
2026,1,1004,941,GMADA,1110106000,7,JARD,2026-03-09 00:00:00,S,0,132,249550.0,,,,,0,0,,C,S,2026-03-09 10:06:39,,,,2,N
2026,1,1041,880,GMADA,1110104000,5,PO,2026-03-10 00:00:00,S,0,131,94095.28,,,,,0,0,,C,S,2026-03-10 10:06:00,,,,1,N
2026,1,1226,1189,GMADA,1110108000,14,PROD,2026-03-31 00:00:00,S,0,110,145200.0,,,,,0,0,,C,S,2026-03-31 08:48:48,,,,1,N
2026,1,1265,1220,GMADA,1110104000,5,COC,2026-04-07 00:00:00,S,0,131,1563876.0,,,,,0,0,,C,S,2026-04-07 09:01:00,,,,1,N
2026,1,1266,1212,GMADA,1110104000,5,FARM,2026-04-07 00:00:00,S,0,131,4331642.88,,,,,0,0,,C,S,2026-04-07 09:05:12,,,,1,N
2026,1,1267,1218,GMADA,1110105000,6,CULTUR,2026-04-07 00:00:00,S,0,110,60000.0,,,,,0,0,,C,S,2026-04-07 09:13:03,,,,1,N
2026,1,1268,1199,GMADA,1110106000,7,JARD,2026-04-07 00:00:00,S,0,132,98856.77,,,,,0,0,,C,S,2026-04-07 09:16:32,,,,1,N
2026,1,1269,1213,GMADA,1110106000,7,JARD,2026-04-07 00:00:00,S,0,132,147575.01,,,,,0,0,,C,S,2026-04-07 09:22:34,,,,1,N
2026,1,1270,1221,GMADA,1110101000,1,CEREM,2026-04-07 00:00:00,S,0,110,126700.0,,,,,0,0,,C,S,2026-04-07 09:26:32,,,,1,N
2026,1,1271,1202,GMADA,1110113000,20,SECSEG,2026-04-07 00:00:00,S,0,110,130400.0,,,,,0,0,,C,S,2026-04-07 10:09:18,,,,1,N
2026,1,1272,1209,GMADA,1110113000,20,SECSEG,2026-04-07 00:00:00,S,0,110,165099.98,,,,,0,0,,C,S,2026-04-07 10:11:12,,,,1,N
2026,1,1273,1211,GMADA,1110113000,20,SECSEG,2026-04-07 00:00:00,S,0,110,46000.05,,,,,0,0,,C,S,2026-04-07 10:12:14,,,,1,N
2026,1,1274,1203,GMADA,1110104000,5,LAB,2026-04-07 00:00:00,S,0,131,466077.03,,,,,0,0,,C,S,2026-04-07 10:13:32,,,,1,N
2026,1,1275,1200,GMADA,1110104000,5,FARM,2026-04-07 00:00:00,S,0,131,5241056.85,,,,,0,0,,C,S,2026-04-07 10:14:47,,,,1,N
2026,1,1276,1207,GMADA,1110104000,5,HOSP,2026-04-07 00:00:00,S,0,131,392608.18,,,,,0,0,,C,S,2026-04-07 10:16:03,,,,1,N
2026,1,1277,1204,GMADA,1110104000,5,FARM,2026-04-07 00:00:00,S,0,131,1297679.48,,,,,0,0,,C,S,2026-04-07 10:19:18,,,,1,N
2026,1,1278,1193,GMADA,1110104000,5,HOSP,2026-04-07 00:00:00,S,0,131,4604209.0,,,,,0,0,,C,S,2026-04-07 10:21:02,,,,1,N
2026,1,1279,1201,GMADA,1110118000,25,000SU,2026-04-07 00:00:00,S,0,132,8000000.0,,,,,0,0,,C,S,2026-04-07 10:24:12,,,,1,N
2026,1,1280,1195,GMADA,1110118000,25,DECI,2026-04-07 00:00:00,S,0,110,655840.0,,,,,0,0,,C,S,2026-04-07 10:29:34,,,,1,N
2026,1,1281,1196,GMADA,1110118000,25,000SU,2026-04-07 00:00:00,S,0,110,868000.0,,,,,0,0,,C,S,2026-04-07 10:31:06,,,,1,N
2026,1,1282,1197,GMADA,1110118000,25,MEAM,2026-04-07 00:00:00,S,0,110,74448.0,,,,,0,0,,C,S,2026-04-07 10:32:15,,,,1,N
2026,1,1283,1190,GMADA,1110105000,6,BA,2026-04-07 00:00:00,S,0,132,116100.06,,,,,0,0,,C,S,2026-04-07 10:34:58,,,,1,N
2026,1,1284,1194,GMADA,1110104000,5,HOSP,2026-04-07 00:00:00,S,0,131,410000.0,,,,,0,0,,C,S,2026-04-07 10:35:25,,,,1,N
2026,1,1285,1186,GMADA,1110104000,11,BROM,2026-04-07 00:00:00,S,0,110,2400.0,,,,,0,0,,C,S,2026-04-07 11:09:03,,,,1,N
2026,1,1286,1187,GMADA,1110104000,5,HOSP,2026-04-07 00:00:00,S,0,131,120000.0,,,,,0,0,,C,S,2026-04-07 11:13:04,,,,1,N
2026,1,1287,1185,GMADA,1110104000,5,SVAC,2026-04-07 00:00:00,S,0,131,224654.8,,,,,0,0,,C,S,2026-04-07 11:15:42,,,,1,N
2026,1,1288,1184,GMADA,1110104000,5,COC,2026-04-07 00:00:00,S,0,131,405352.2,,,,,0,0,,C,S,2026-04-07 11:16:10,,,,1,N
2026,1,1289,1183,GMADA,1110104000,5,HOGANC,2026-04-07 00:00:00,S,0,131,134576.0,,,,,0,0,,A,S,2026-04-07 11:18:16,2026-05-20 08:23:25,ERROR,,1,N
2026,1,1290,1182,GMADA,1110104000,5,MAT,2026-04-07 00:00:00,S,0,131,38000.0,,,,,0,0,,C,S,2026-04-07 11:19:59,,,,1,N
2026,1,1291,1181,GMADA,1110104000,5,DIR,2026-04-07 00:00:00,S,0,131,23612.6,,,,,0,0,,C,S,2026-04-07 11:20:52,,,,1,N
2026,1,1292,1180,GMADA,1110104000,5,COC,2026-04-07 00:00:00,S,0,131,187500.0,,,,,0,0,,C,S,2026-04-07 11:21:37,,,,1,N
2026,1,1293,1139,GMADA,1110104000,5,COC,2026-04-07 00:00:00,S,0,131,80000.0,,,,,0,0,,C,S,2026-04-07 11:23:30,,,,1,N
2026,1,1294,1136,GMADA,1110104000,5,HOGANC,2026-04-07 00:00:00,S,0,131,129080.0,,,,,0,0,,C,S,2026-04-07 11:32:28,,,,1,N
2026,1,1295,1135,GMADA,1110104000,5,COC,2026-04-07 00:00:00,S,0,131,157500.0,,,,,0,0,,C,S,2026-04-07 11:33:08,,,,1,N
2026,1,1296,1191,GMADA,1110111000,3,CAS,2026-04-07 00:00:00,S,0,131,150364.0,,,,,0,0,,C,S,2026-04-07 11:35:43,,,,1,N
2026,1,1297,1192,GMADA,1110113000,20,SECSEG,2026-04-07 00:00:00,S,0,110,14803.14,,,,,0,0,,C,S,2026-04-07 11:36:45,,,,1,N
2026,1,1298,1173,GMADA,1110118000,25,DECI,2026-04-07 00:00:00,S,0,110,71842.5,,,,,0,0,,C,S,2026-04-07 11:37:38,,,,1,N
2026,1,1299,1246,GMADA,1110104000,5,HOSP,2026-04-07 00:00:00,S,0,110,296.4,,,,,0,0,,C,S,2026-04-07 11:38:19,,,,1,N
2026,1,1300,1174,GMADA,1110118000,25,DECI,2026-04-07 00:00:00,S,0,110,45000.0,,,,,0,0,,C,S,2026-04-07 11:38:50,,,,1,N
2026,1,1301,1176,GMADA,1110111000,3,CAS,2026-04-07 00:00:00,S,0,131,253764.64,,,,,0,0,,C,S,2026-04-07 11:42:03,,,,1,N
2026,1,1302,1161,GMADA,1110102000,2,GOBHAC,2026-04-07 00:00:00,S,0,110,257350.0,,,,,0,0,,C,S,2026-04-07 11:42:31,,,,1,N
2026,1,1303,1219,GMADA,1110106000,7,JARD,2026-04-07 00:00:00,S,0,132,197970.06,,,,,0,0,,C,S,2026-04-07 11:52:51,,,,1,N
2026,1,1304,1235,GMADA,1110118000,25,000SU,2026-04-07 00:00:00,S,0,110,650000.0,,,,,0,0,,C,S,2026-04-07 11:53:51,,,,2,N
2026,1,1305,1222,GMADA,1110106000,7,JARD,2026-04-07 00:00:00,S,0,132,131266.25,,,,,0,0,,C,S,2026-04-07 11:59:46,,,,1,N
2026,1,1306,1179,GMADA,1110106000,7,ACCSOC,2026-04-07 00:00:00,S,0,132,115494000.0,,,,,0,0,,C,S,2026-04-07 12:00:11,,,,1,N
2026,1,1307,1225,GMADA,1110106000,7,ACCSOC,2026-04-07 00:00:00,S,0,132,7999896.9,,,,,0,0,,C,S,2026-04-07 12:01:08,,,,1,N
2026,1,1308,1226,GMADA,1110106000,7,JARD,2026-04-07 00:00:00,S,0,132,23038.4,,,,,0,0,,C,S,2026-04-07 12:05:32,,,,1,N
2026,1,1309,1227,GMADA,1110106000,7,JARD,2026-04-07 00:00:00,S,0,132,9700.0,,,,,0,0,,C,S,2026-04-07 12:06:52,,,,1,N
2026,1,1310,1230,GMADA,1110106000,7,GRAN,2026-04-07 00:00:00,S,0,110,104750.0,,,,,0,0,,C,S,2026-04-07 12:07:50,,,,1,N
2026,1,1311,1231,GMADA,1110106000,7,ACCSOC,2026-04-07 00:00:00,S,0,110,489339.81,,,,,0,0,,C,S,2026-04-07 12:13:09,,,,1,N
2026,1,1312,1236,GMADA,1110111000,3,CAS,2026-04-07 00:00:00,S,0,131,60000.0,,,,,0,0,,C,S,2026-04-07 12:15:33,,,,1,N
2026,1,1313,1248,GMADA,1110108000,14,PROD,2026-04-07 00:00:00,S,0,110,2500000.0,,,,,0,0,,C,S,2026-04-07 12:15:53,,,,1,N
2026,1,1314,1232,GMADA,1110111000,3,CAS,2026-04-07 00:00:00,S,0,131,488500.0,,,,,0,0,,C,S,2026-04-07 12:18:40,,,,1,N
2026,1,1315,1155,GMADA,1110104000,11,BROM,2026-04-07 00:00:00,S,0,110,233500.0,,,,,0,0,,C,S,2026-04-07 12:19:50,,,,1,N
2026,1,1316,1228,GMADA,1110118000,25,000SU,2026-04-07 00:00:00,S,0,110,972325.0,,,,,0,0,,C,S,2026-04-07 12:22:28,,,,1,N
2026,1,1317,1224,GMADA,1110118000,25,000SU,2026-04-07 00:00:00,S,0,110,2003590.03,,,,,0,0,,C,S,2026-04-07 12:23:01,,,,1,N
2026,1,1354,1306,GMADA,1110103000,3,OPP,2026-04-10 00:00:00,S,0,110,7954200.0,,,,,0,0,,C,S,2026-04-10 08:03:36,,,,1,N
2026,1,1355,1319,GMADA,1110109000,13,DEP,2026-04-10 00:00:00,S,0,110,300000.0,,,,,0,0,,A,S,2026-04-10 09:06:33,2026-05-07 08:13:59,ERROR,,1,N
2026,1,1356,1320,GMADA,1110109000,13,DEP,2026-04-10 00:00:00,S,0,110,92000.0,,,,,0,0,,C,S,2026-04-10 09:07:13,,,,1,N
2026,1,1357,1322,GMADA,1110109000,13,DEP,2026-04-10 00:00:00,S,0,110,180000.0,,,,,0,0,,C,S,2026-04-10 09:29:57,,,,1,N
2026,1,1358,1329,GMADA,1110109000,13,DEP,2026-04-10 00:00:00,S,0,110,200000.0,,,,,0,0,,C,S,2026-04-10 11:12:24,,,,1,N
2026,1,1359,1321,GMADA,1110109000,13,DEP,2026-04-10 00:00:00,S,0,110,500000.0,,,,,0,0,,C,S,2026-04-10 11:15:00,,,,1,N
2026,1,1360,1331,GMADA,1110102000,2,DESP,2026-04-10 00:00:00,S,0,110,99800.0,,,,,0,0,,C,S,2026-04-10 11:51:09,,,,1,N
2026,1,1361,1313,GMADA,1110106000,7,ACCSOC,2026-04-10 00:00:00,S,0,132,168000.0,,,,,0,0,,C,S,2026-04-10 13:33:12,,,,2,N
2026,1,1362,1312,GMADA,1110106000,7,ENV,2026-04-10 00:00:00,S,0,132,72000.0,,,,,0,0,,C,S,2026-04-10 13:33:37,,,,1,N
2026,1,1363,1316,GMADA,1110106000,7,ACCSOC,2026-04-10 00:00:00,S,0,132,2127000.0,,,,,0,0,,C,S,2026-04-10 13:34:26,,,,1,N
2026,1,1364,1325,GMADA,1110102000,2,GOBHAC,2026-04-10 00:00:00,S,0,110,1000000.0,,,,,0,0,,C,S,2026-04-10 13:35:23,,,,1,N
2026,1,1365,1323,GMADA,1110113000,20,SECSEG,2026-04-10 00:00:00,S,0,110,190600.0,,,,,0,0,,C,S,2026-04-10 13:36:11,,,,1,N
2026,1,1366,1327,GMADA,1110102000,2,MAYOR,2026-04-10 00:00:00,S,0,110,42000.0,,,,,0,0,,C,S,2026-04-10 13:37:39,,,,1,N
2026,1,1677,1605,GMADA,1110106000,7,ENV,2026-05-04 00:00:00,S,0,132,750000.0,,,,,0,0,,C,S,2026-05-04 09:29:39,,,,1,N
2026,1,1705,1656,GMADA,1110102000,2,DELRU,2026-05-06 00:00:00,S,0,110,96800.0,,,,,0,0,,C,S,2026-05-06 07:30:42,,,,1,N
2026,1,1706,1655,GMADA,1110111000,3,CAS,2026-05-06 00:00:00,S,0,131,1050000.0,,,,,0,0,,C,S,2026-05-06 07:31:38,,,,1,N
2026,1,1707,1630,GMADA,1110113000,20,SECSEG,2026-05-06 00:00:00,S,0,110,93000.0,,,,,0,0,,C,S,2026-05-06 10:20:48,,,,1,N
2026,1,1708,1633,GMADA,1110113000,20,SECSEG,2026-05-06 00:00:00,S,0,110,160000.0,,,,,0,0,,C,S,2026-05-06 10:24:21,,,,1,N
2026,1,1709,1645,GMADA,1110113000,20,SECSEG,2026-05-06 00:00:00,S,0,110,500000.0,,,,,0,0,,C,S,2026-05-06 10:25:52,,,,1,N
2026,1,1710,1641,GMADA,1110111000,3,CAS,2026-05-06 00:00:00,S,0,131,69900.0,,,,,0,0,,C,S,2026-05-06 10:26:30,,,,1,N
2026,1,1711,1639,GMADA,1110101000,1,CEREM,2026-05-06 00:00:00,S,0,110,3000000.0,,,,,0,0,,C,S,2026-05-06 10:29:48,,,,1,N
2026,1,1712,1650,GMADA,1110102000,2,GOBHAC,2026-05-06 00:00:00,S,0,110,7000000.0,,,,,0,0,,C,S,2026-05-06 10:31:18,,,,1,N
2026,1,1715,1610,GMADA,1110104000,5,HOSP,2026-05-06 00:00:00,S,0,131,5200000.0,,,,,0,0,,C,S,2026-05-06 12:37:42,,,,1,N
2026,1,1716,1613,GMADA,1110104000,5,LAB,2026-05-06 00:00:00,S,0,131,784015.89,,,,,0,0,,C,S,2026-05-06 12:39:33,,,,1,N
2026,1,1717,1619,GMADA,1110104000,5,LAB,2026-05-06 00:00:00,S,0,131,123387.56,,,,,0,0,,C,S,2026-05-06 12:40:14,,,,1,N
2026,1,1718,1612,GMADA,1110104000,5,FARM,2026-05-06 00:00:00,S,0,131,768049.3,,,,,0,0,,C,S,2026-05-06 12:41:14,,,,1,N
2026,1,1719,1611,GMADA,1110104000,5,LAB,2026-05-06 00:00:00,S,0,131,2773192.38,,,,,0,0,,C,S,2026-05-06 12:42:18,,,,1,N
2026,1,1720,1654,GMADA,1110104000,5,CONEX,2026-05-06 00:00:00,S,0,131,419554.2,,,,,0,0,,C,S,2026-05-06 12:43:39,,,,1,N
2026,1,1721,1653,GMADA,1110104000,5,HOSP,2026-05-06 00:00:00,S,0,131,67760.0,,,,,0,0,,C,S,2026-05-06 12:45:53,,,,1,N
2026,1,1722,1585,GMADA,1110104000,5,COC,2026-05-06 00:00:00,S,0,131,56837.4,,,,,0,0,,C,S,2026-05-06 12:49:22,,,,1,N
2026,1,1723,1583,GMADA,1110104000,5,HOGANC,2026-05-06 00:00:00,S,0,131,13500.0,,,,,0,0,,C,S,2026-05-06 12:50:54,,,,1,N
2026,1,1724,1629,GMADA,1110104000,5,COC,2026-05-06 00:00:00,S,0,131,1987500.0,,,,,0,0,,C,S,2026-05-06 12:54:05,,,,1,N
2026,1,1725,1626,GMADA,1110104000,5,FARM,2026-05-06 00:00:00,S,0,131,200000.0,,,,,0,0,,C,S,2026-05-06 12:57:01,,,,1,N
2026,1,1726,1624,GMADA,1110104000,5,INTER,2026-05-06 00:00:00,S,0,131,138000.0,,,,,0,0,,C,S,2026-05-06 13:00:49,,,,1,N
2026,1,1727,1623,GMADA,1110104000,5,INTER,2026-05-06 00:00:00,S,0,131,487927.83,,,,,0,0,,C,S,2026-05-06 13:02:34,,,,1,N
2026,1,1728,1622,GMADA,1110104000,5,INTER,2026-05-06 00:00:00,S,0,131,575801.98,,,,,0,0,,C,S,2026-05-06 13:03:15,,,,1,N
2026,1,1729,1621,GMADA,1110104000,5,INTER,2026-05-06 00:00:00,S,0,131,23065.18,,,,,0,0,,C,S,2026-05-06 13:04:34,,,,1,N
2026,1,1730,1651,GMADA,1110105000,6,CASA,2026-05-06 00:00:00,S,0,110,350000.0,,,,,0,0,,C,S,2026-05-06 13:06:23,,,,1,N
2026,1,1967,1864,GMADA,1110118000,25,DECI,2026-05-21 00:00:00,S,0,110,130000.0,,,,,0,0,,C,S,2026-05-21 09:26:30,,,,1,N
2026,1,1968,1865,GMADA,1110118000,25,DECI,2026-05-21 00:00:00,S,0,110,2300000.0,,,,,0,0,,C,S,2026-05-21 09:27:31,,,,1,N
2026,1,1969,1861,GMADA,1110111000,3,CAS,2026-05-21 00:00:00,S,0,131,271528.0,,,,,0,0,,C,S,2026-05-21 09:30:50,,,,1,N
2026,1,1970,1867,GMADA,1110118000,25,000SU,2026-05-21 00:00:00,S,0,110,4009319.0,,,,,0,0,,C,S,2026-05-21 09:37:30,,,,1,N
2026,1,1971,1862,GMADA,1110118000,25,000SU,2026-05-21 00:00:00,S,0,110,700000.0,,,,,0,0,,C,S,2026-05-21 09:40:59,,,,1,N
2026,1,1972,1874,GMADA,1110102000,2,MAYOR,2026-05-21 00:00:00,S,0,110,340000.0,,,,,0,0,,C,S,2026-05-21 09:42:56,,,,1,N
2026,1,1978,1453,GMADA,1110102000,2,GOBHAC,2026-05-21 00:00:00,A,1503,110,-944000.0,,,,,0,0,,N,S,2026-05-21 12:20:06,,,,0,N
2026,1,1979,1868,GMADA,1110106000,7,ACCSOC,2026-05-21 00:00:00,S,0,131,101071.76,,,,,0,0,,C,S,2026-05-21 12:22:07,,,,2,N
2026,1,1980,1866,GMADA,1110106000,7,ACCSOC,2026-05-21 00:00:00,S,0,131,135119.6,,,,,0,0,,C,S,2026-05-21 12:23:56,,,,2,N
2026,1,1981,1453,GMADA,1110102000,2,GOBHAC,2026-05-21 00:00:00,S,0,110,944000.0,,,,,0,0,,C,S,2026-05-21 12:30:41,,,,2,N
2026,1,2011,1940,GMADA,1110104000,5,COC,2026-05-27 00:00:00,S,0,131,1987500.0,,,,,0,0,,C,S,2026-05-27 12:02:42,,,,1,N
2026,1,2012,1935,GMADA,1110104000,5,HOGANC,2026-05-27 00:00:00,S,0,131,1848243.0,,,,,0,0,,C,S,2026-05-27 12:04:03,,,,1,N
2026,1,2013,1934,GMADA,1110104000,5,COC,2026-05-27 00:00:00,S,0,131,1729760.0,,,,,0,0,,C,S,2026-05-27 12:05:17,,,,1,N
2026,1,2014,1927,GMADA,1110104000,5,LAB,2026-05-27 00:00:00,S,0,131,331271.54,,,,,0,0,,C,S,2026-05-27 12:06:31,,,,1,N
2026,1,2015,1926,GMADA,1110104000,5,LAB,2026-05-27 00:00:00,S,0,131,3567141.9,,,,,0,0,,C,S,2026-05-27 12:07:58,,,,1,N
2026,1,2016,1925,GMADA,1110104000,5,LAB,2026-05-27 00:00:00,S,0,131,725792.06,,,,,0,0,,C,S,2026-05-27 12:09:06,,,,1,N
2026,1,2017,1919,GMADA,1110104000,5,COC,2026-05-27 00:00:00,S,0,131,77271.29,,,,,0,0,,C,S,2026-05-27 12:11:54,,,,1,N
2026,1,2018,1924,GMADA,1110104000,5,LAB,2026-05-27 00:00:00,S,0,131,999924.9,,,,,0,0,,C,S,2026-05-27 12:13:20,,,,1,N
2026,1,2019,1921,GMADA,1110104000,5,HOGANC,2026-05-27 00:00:00,S,0,131,120000.0,,,,,0,0,,C,S,2026-05-27 12:14:25,,,,1,N
2026,1,2020,1920,GMADA,1110104000,5,INTER,2026-05-27 00:00:00,S,0,131,101796.67,,,,,0,0,,C,S,2026-05-27 12:16:04,,,,1,N
2026,1,2021,1918,GMADA,1110104000,5,DIR,2026-05-27 00:00:00,S,0,131,16990.46,,,,,0,0,,C,S,2026-05-27 12:22:41,,,,1,N
2026,1,2022,1917,GMADA,1110104000,5,COC,2026-05-27 00:00:00,S,0,131,574350.0,,,,,0,0,,C,S,2026-05-27 12:32:16,,,,1,N
2026,1,2023,1916,GMADA,1110104000,5,HOGANC,2026-05-27 00:00:00,S,0,131,328400.0,,,,,0,0,,C,S,2026-05-27 12:34:56,,,,1,N
2026,1,2024,1950,GMADA,1110105000,6,CASA,2026-05-27 00:00:00,S,0,110,180000.0,,,,,0,0,,C,S,2026-05-27 12:40:07,,,,1,N
2026,1,2025,1943,GMADA,1110105000,6,CASA,2026-05-27 00:00:00,S,0,110,460000.0,,,,,0,0,,C,S,2026-05-27 12:42:27,,,,1,N
2026,1,2026,1901,GMADA,1110106000,7,ENV,2026-05-27 00:00:00,S,0,110,82200.0,,,,,0,0,,C,S,2026-05-27 13:15:31,,,,1,N
2026,1,2027,1904,GMADA,1110106000,7,ACCSOC,2026-05-27 00:00:00,S,0,132,1200000.0,,,,,0,0,,C,S,2026-05-27 13:16:17,,,,1,N
2026,1,2028,1894,GMADA,1110104000,5,HOGANC,2026-05-27 00:00:00,S,0,131,59300.0,,,,,0,0,,C,S,2026-05-27 13:16:58,,,,2,N
2026,1,2029,1893,GMADA,1110104000,5,HOGANC,2026-05-27 00:00:00,S,0,131,34500.0,,,,,0,0,,C,S,2026-05-27 13:17:44,,,,1,N
2026,1,2030,1909,GMADA,1110118000,25,000SU,2026-05-27 00:00:00,S,0,110,440000.0,,,,,0,0,,C,S,2026-05-27 13:18:30,,,,1,N
2026,1,2031,1928,GMADA,1110118000,25,000SU,2026-05-27 00:00:00,S,0,110,630000.0,,,,,0,0,,C,S,2026-05-27 13:19:38,,,,1,N
2026,1,2032,1929,GMADA,1110118000,25,000SU,2026-05-27 00:00:00,S,0,110,300000.0,,,,,0,0,,C,S,2026-05-27 13:20:24,,,,1,N
2026,1,2068,1915,GMADA,1110104000,5,FARM,2026-05-29 00:00:00,S,0,131,1944878.34,,,,,0,0,,C,S,2026-05-29 08:12:47,,,,1,N
2026,1,2069,1843,GMADA,1110104000,5,COC,2026-05-29 00:00:00,S,0,131,1835000.0,,,,,0,0,,C,S,2026-05-29 08:15:37,,,,1,N
2026,1,2070,1957,GMADA,1110104000,5,COC,2026-05-29 00:00:00,S,0,131,70800.0,,,,,0,0,,A,S,2026-05-29 08:18:55,2026-06-03 08:33:26,ERROR,,1,N
2026,1,2071,1958,GMADA,1110104000,5,COC,2026-05-29 00:00:00,S,0,131,779969.46,,,,,0,0,,C,S,2026-05-29 08:23:48,,,,1,N
2026,1,2072,1959,GMADA,1110104000,5,HOGANC,2026-05-29 00:00:00,S,0,131,52620.95,,,,,0,0,,C,S,2026-05-29 08:25:14,,,,1,N
2026,1,2073,1960,GMADA,1110104000,5,HOGANC,2026-05-29 00:00:00,S,0,131,90000.0,,,,,0,0,,C,S,2026-05-29 08:26:39,,,,1,N
2026,1,2081,1972,GMADA,1110111000,3,CAS,2026-05-29 00:00:00,S,0,131,5757920.0,,,,,0,0,,C,S,2026-05-29 09:14:10,,,,1,N
2026,1,2083,1976,GMADA,1110108000,14,PROD,2026-05-29 00:00:00,S,0,110,500000.0,,,,,0,0,,C,S,2026-05-29 11:42:21,,,,2,N
2026,1,2084,1978,GMADA,1110104000,5,HOSP,2026-05-29 00:00:00,S,0,131,4410000.0,,,,,0,0,,C,S,2026-05-29 12:16:57,,,,2,N
2026,1,2217,2105,GMADA,1110104000,5,FARM,2026-06-10 00:00:00,S,0,131,648355.5,,,,,0,0,,C,S,2026-06-10 10:49:35,,,,1,N
2026,1,2218,2111,GMADA,1110118000,25,000SU,2026-06-10 00:00:00,S,0,110,3408700.0,,,,,0,0,,C,S,2026-06-10 11:08:43,,,,1,N
2026,1,2224,2104,GMADA,1110104000,5,FARM,2026-06-10 00:00:00,S,0,131,1253770.08,,,,,0,0,,C,S,2026-06-10 11:13:43,,,,1,N
2026,1,2225,2103,GMADA,1110104000,5,FARM,2026-06-10 00:00:00,S,0,131,2667570.18,,,,,0,0,,C,S,2026-06-10 11:17:12,,,,1,N
2026,1,2230,2107,GMADA,1110104000,5,FARM,2026-06-10 00:00:00,S,0,131,1833804.9,,,,,0,0,,C,S,2026-06-10 11:20:06,,,,1,N
2026,1,2249,2136,GMADA,1110111000,3,CAS,2026-06-10 00:00:00,S,0,131,127466.0,,,,,0,0,,C,S,2026-06-10 12:18:09,,,,1,N
2026,1,2250,2140,GMADA,1110118000,25,DECI,2026-06-10 00:00:00,S,0,110,946220.0,,,,,0,0,,C,S,2026-06-10 12:19:48,,,,1,N
2026,1,2251,2141,GMADA,1110118000,25,DECI,2026-06-10 00:00:00,S,0,110,200285.6,,,,,0,0,,C,S,2026-06-10 12:21:18,,,,1,N
2026,1,2252,2134,GMADA,1110106000,7,JARD,2026-06-10 00:00:00,S,0,132,15442.0,,,,,0,0,,C,S,2026-06-10 12:21:43,,,,1,N
2026,1,2253,2133,GMADA,1110106000,7,JARD,2026-06-10 00:00:00,S,0,132,38800.15,,,,,0,0,,C,S,2026-06-10 12:26:26,,,,1,N
2026,1,2254,2145,GMADA,1110108000,14,PROD,2026-06-10 00:00:00,S,0,110,2500000.0,,,,,0,0,,C,S,2026-06-10 12:28:04,,,,1,N
2026,1,2255,2138,GMADA,1110109000,13,DEP,2026-06-10 00:00:00,S,0,110,582494.0,,,,,0,0,,C,S,2026-06-10 12:30:51,,,,1,N
2026,1,2256,2135,GMADA,1110109000,13,DEP,2026-06-10 00:00:00,S,0,110,4919750.0,,,,,0,0,,C,S,2026-06-10 12:31:53,,,,1,N
2026,1,2257,2137,GMADA,1110109000,13,DEP,2026-06-10 00:00:00,S,0,110,198000.0,,,,,0,0,,C,S,2026-06-10 12:32:28,,,,1,N
2026,1,2258,2152,GMADA,1110109000,13,DEP,2026-06-10 00:00:00,S,0,110,693700.0,,,,,0,0,,C,S,2026-06-10 12:42:50,,,,2,N
2026,1,2452,2352,GMADA,1110108000,14,PROD,2026-06-26 00:00:00,S,0,110,18500.0,,,,,0,0,,C,S,2026-06-26 10:19:44,,,,2,N
2026,1,2455,2351,GMADA,1110118000,25,18C,2026-06-26 00:00:00,S,0,110,40000.0,,,,,0,0,,C,S,2026-06-26 12:30:00,,,,2,N
2026,1,2500,2411,GMADA,1110102000,2,GOBHAC,2026-06-30 00:00:00,S,0,132,252000.0,,,,,0,0,,C,S,2026-06-30 11:59:52,,,,1,N
2026,1,2542,2354,GMADA,1110104000,5,COC,2026-07-03 00:00:00,S,0,131,38329500.0,,,,,0,0,,C,S,2026-07-03 08:15:14,,,,1,N
2026,1,2543,2464,GMADA,1110111000,3,CAS,2026-07-03 00:00:00,S,0,131,20000000.0,,,,,0,0,,C,S,2026-07-03 08:30:38,,,,2,N
2026,1,2544,2425,GMADA,1110102000,2,GOBHAC,2026-07-03 00:00:00,S,0,110,163500.0,,,,,0,0,,C,S,2026-07-03 08:43:24,,,,2,N
2026,1,2545,2404,GMADA,1110104000,5,FARM,2026-07-03 00:00:00,S,0,131,309314.92,,,,,0,0,,C,S,2026-07-03 08:55:18,,,,1,N
2026,1,2546,2415,GMADA,1110104000,5,INTER,2026-07-03 00:00:00,S,0,131,44723.28,,,,,0,0,,C,S,2026-07-03 08:56:31,,,,1,N
2026,1,2547,2420,GMADA,1110104000,5,FARM,2026-07-03 00:00:00,S,0,131,379298.4,,,,,0,0,,C,S,2026-07-03 08:57:36,,,,1,N
2026,1,2548,2419,GMADA,1110104000,5,FARM,2026-07-03 00:00:00,S,0,131,55220.0,,,,,0,0,,C,S,2026-07-03 08:59:40,,,,2,N
2026,1,2549,2428,GMADA,1110104000,5,SALA I,2026-07-03 00:00:00,S,0,131,370000.0,,,,,0,0,,C,S,2026-07-03 09:00:33,,,,1,N
2026,1,2550,2443,GMADA,1110104000,5,SALA I,2026-07-03 00:00:00,S,0,131,809768.0,,,,,0,0,,C,S,2026-07-03 09:01:37,,,,1,N
2026,1,2551,2446,GMADA,1110104000,5,INTER,2026-07-03 00:00:00,S,0,131,320000.0,,,,,0,0,,C,S,2026-07-03 09:03:34,,,,1,N
2026,1,2552,2448,GMADA,1110104000,5,QUI,2026-07-03 00:00:00,S,0,131,132000.0,,,,,0,0,,C,S,2026-07-03 09:04:22,,,,1,N
2026,1,2553,2444,GMADA,1110112000,19,CONTRA,2026-07-03 00:00:00,S,0,110,521000.0,,,,,0,0,,C,S,2026-07-03 09:06:49,,,,1,N
2026,1,2554,2427,GMADA,1110105000,6,CULTUR,2026-07-03 00:00:00,S,0,110,46000.0,,,,,0,0,,C,S,2026-07-03 09:07:56,,,,1,N
2026,1,2555,2462,GMADA,1110106000,7,ACCSOC,2026-07-03 00:00:00,S,0,132,2072000.0,,,,,0,0,,C,S,2026-07-03 13:09:56,,,,1,N
2026,1,2556,2467,GMADA,1110102000,2,GOBHAC,2026-07-03 00:00:00,S,0,110,27000.0,,,,,0,0,,C,S,2026-07-03 13:26:23,,,,1,N
2026,1,2557,2429,GMADA,1110118000,25,000SU,2026-07-03 00:00:00,S,0,110,19400.0,,,,,0,0,,C,S,2026-07-03 13:27:12,,,,1,N
2026,1,2743,2625,GMADA,1110102000,2,MAYOR,2026-07-17 00:00:00,S,0,110,11104.17,,,,,0,0,,C,S,2026-07-17 09:07:54,,,,1,N
2026,1,2744,2626,GMADA,1110118000,25,VIMUNI,2026-07-17 00:00:00,S,0,110,80000.0,,,,,0,0,,C,S,2026-07-17 09:08:40,,,,1,N
2026,1,2745,2617,GMADA,1110113000,20,SECSEG,2026-07-17 00:00:00,S,0,120,117000.0,,,,,0,0,,A,S,2026-07-17 09:09:11,2026-07-20 09:29:19,ERROR,,1,N
2026,1,2746,2619,GMADA,1110113000,20,SECSEG,2026-07-17 00:00:00,S,0,110,155987.44,,,,,0,0,,C,S,2026-07-17 09:09:43,,,,1,N
2026,1,2747,2620,GMADA,1110113000,20,SECSEG,2026-07-17 00:00:00,S,0,110,619800.0,,,,,0,0,,C,S,2026-07-17 09:11:21,,,,1,N
2026,1,2748,2622,GMADA,1110113000,20,SECSEG,2026-07-17 00:00:00,S,0,110,100000.0,,,,,0,0,,C,S,2026-07-17 09:12:00,,,,1,N
2026,1,2749,2627,GMADA,1110111000,3,CAS,2026-07-17 00:00:00,S,0,131,90273.49,,,,,0,0,,C,S,2026-07-17 09:12:37,,,,1,N
2026,1,2752,2646,GMADA,1110102000,2,PRENS,2026-07-17 00:00:00,S,0,110,34000.0,,,,,0,0,,C,S,2026-07-17 10:40:48,,,,1,N
2026,1,2757,2643,GMADA,1110105000,6,BA,2026-07-20 00:00:00,S,0,132,243900.0,,,,,0,0,,C,S,2026-07-20 08:25:26,,,,2,N
2026,1,2758,2615,GMADA,1110111000,3,CAS,2026-07-20 00:00:00,A,2738,132,-170030.0,,,,,0,0,,N,S,2026-07-20 09:28:42,,,,0,N
2026,1,2759,2615,GMADA,1110111000,3,CAS,2026-07-20 00:00:00,S,0,131,170030.0,,,,,0,0,,C,S,2026-07-20 09:29:11,,,,1,N
2026,1,2760,2617,GMADA,1110113000,20,SECSEG,2026-07-20 00:00:00,A,2745,120,-117000.0,,,,,0,0,,N,S,2026-07-20 09:29:19,,,,0,N
2026,1,2761,2617,GMADA,1110113000,20,SECSEG,2026-07-20 00:00:00,S,0,110,117000.0,,,,,0,0,,C,S,2026-07-20 09:29:54,,,,1,N
2026,1,2762,2656,GMADA,1110108000,14,PROD,2026-07-20 00:00:00,S,0,110,200000.0,,,,,0,0,,C,S,2026-07-20 10:28:30,,,,1,N
2026,1,2763,2657,GMADA,1110108000,14,PROD,2026-07-20 00:00:00,S,0,110,200000.0,,,,,0,0,,C,S,2026-07-20 10:28:58,,,,1,N
2026,1,2764,2659,GMADA,1110108000,14,PROD,2026-07-20 00:00:00,S,0,110,400000.0,,,,,0,0,,C,S,2026-07-20 10:29:32,,,,1,N
2026,1,2765,2663,GMADA,1110105000,6,MUSH,2026-07-20 00:00:00,S,0,132,80400.0,,,,,0,0,,C,S,2026-07-20 11:12:42,,,,2,N
2026,1,2766,2644,GMADA,1110108000,14,PROD,2026-07-20 00:00:00,S,0,110,154500.0,,,,,0,0,,A,S,2026-07-20 11:40:36,2026-07-20 12:45:36,ERROR,,1,N
2026,1,2767,2613,GMADA,1110104000,5,HOSP,2026-07-20 00:00:00,S,0,131,193600.0,,,,,0,0,,C,S,2026-07-20 11:44:48,,,,1,N
2026,1,2768,2598,GMADA,1110104000,5,FARM,2026-07-20 00:00:00,S,0,131,1003978.4,,,,,0,0,,C,S,2026-07-20 11:47:19,,,,1,N
2026,1,2769,2600,GMADA,1110104000,5,HOSP,2026-07-20 00:00:00,S,0,131,605000.0,,,,,0,0,,C,S,2026-07-20 11:53:43,,,,1,N
2026,1,2770,2599,GMADA,1110104000,5,LAV,2026-07-20 00:00:00,S,0,131,47550.97,,,,,0,0,,C,S,2026-07-20 11:59:18,,,,1,N
2026,1,2771,2550,GMADA,1110104000,5,LAB,2026-07-20 00:00:00,S,0,131,3487273.4,,,,,0,0,,C,S,2026-07-20 12:03:36,,,,1,N
2026,1,2772,2623,GMADA,1110104000,5,FARM,2026-07-20 00:00:00,S,0,131,1004443.74,,,,,0,0,,N,S,2026-07-20 12:07:29,,,,2,N
2026,1,2773,2624,GMADA,1110104000,5,FARM,2026-07-20 00:00:00,S,0,131,293850.0,,,,,0,0,,N,S,2026-07-20 12:07:49,,,,1,N
2026,1,2776,2660,GMADA,1110111000,3,CAS,2026-07-20 00:00:00,S,0,131,13254000.0,,,,,0,0,,N,S,2026-07-20 12:50:28,,,,1,N
2026,1,2777,2658,GMADA,1110108000,14,PROD,2026-07-20 00:00:00,S,0,110,2500000.0,,,,,0,0,,N,S,2026-07-20 12:50:58,,,,1,N
2026,1,2778,2654,GMADA,1110118000,25,000SU,2026-07-20 00:00:00,S,0,110,750000.0,,,,,0,0,,N,S,2026-07-20 12:51:52,,,,1,N
2026,1,2779,2655,GMADA,1110118000,25,000SU,2026-07-20 00:00:00,S,0,110,1843140.0,,,,,0,0,,N,S,2026-07-20 12:53:08,,,,1,N
2026,1,2780,2649,GMADA,1110104000,5,HOGANC,2026-07-20 00:00:00,S,0,131,1166195.21,,,,,0,0,,N,S,2026-07-20 12:55:03,,,,1,N
2026,1,2781,2667,GMADA,1110105000,6,BA,2026-07-20 00:00:00,S,0,110,200000.0,,,,,0,0,,N,S,2026-07-20 12:55:24,,,,2,N
2026,1,74,140,GMADA,1110102000,2,GOB,2026-01-06 00:00:00,S,0,110,17307080.0,,,,,0,0,,C,S,2026-01-06 12:33:16,,,,4,N
2026,1,267,102,GMADA,1110111000,3,CAS,2026-01-15 00:00:00,A,195,110,-236800.0,,,,,0,0,,N,S,2026-01-15 07:54:37,,,,0,N
2026,1,268,102,GMADA,1110111000,3,CAS,2026-01-15 00:00:00,S,0,131,236800.0,,,,,0,0,,C,S,2026-01-15 07:55:03,,,,2,N
2026,1,271,274,GMADA,1110104000,11,BROM,2026-01-15 00:00:00,S,0,110,91000.0,,,,,0,0,,C,S,2026-01-15 11:51:17,,,,1,N
2026,1,272,271,GMADA,1110104000,5,FARM,2026-01-15 00:00:00,S,0,131,3553530.0,,,,,0,0,,C,S,2026-01-15 11:52:25,,,,1,N
2026,1,273,275,GMADA,1110104000,5,HOSP,2026-01-15 00:00:00,S,0,131,1453200.0,,,,,0,0,,C,S,2026-01-15 11:53:24,,,,1,N
2026,1,274,282,GMADA,1110104000,5,HOSP,2026-01-15 00:00:00,S,0,131,129000.12,,,,,0,0,,A,S,2026-01-15 11:54:19,2026-01-16 11:12:32,ERROR,,1,N
2026,1,275,308,GMADA,1110104000,5,HOGANC,2026-01-15 00:00:00,S,0,131,74379.0,,,,,0,0,,C,S,2026-01-15 11:55:46,,,,1,N
2026,1,276,301,GMADA,1110104000,5,TERINT,2026-01-15 00:00:00,S,0,131,42350.0,,,,,0,0,,C,S,2026-01-15 11:56:04,,,,1,N
2026,1,277,299,GMADA,1110104000,5,LAB,2026-01-15 00:00:00,S,0,131,1630151.61,,,,,0,0,,C,S,2026-01-15 11:57:49,,,,1,N
2026,1,278,298,GMADA,1110104000,5,FARM,2026-01-15 00:00:00,S,0,131,121859.1,,,,,0,0,,C,S,2026-01-15 11:59:42,,,,1,N
2026,1,279,296,GMADA,1110104000,5,COC,2026-01-15 00:00:00,S,0,131,1118690.0,,,,,0,0,,C,S,2026-01-15 12:01:05,,,,1,N
2026,1,280,293,GMADA,1110104000,5,HOGANC,2026-01-15 00:00:00,S,0,131,1518843.0,,,,,0,0,,C,S,2026-01-15 12:02:09,,,,1,N
2026,1,281,290,GMADA,1110104000,5,HOSP,2026-01-15 00:00:00,S,0,131,175000.0,,,,,0,0,,C,S,2026-01-15 12:04:09,,,,1,N
2026,1,282,281,GMADA,1110104000,5,HOGANC,2026-01-15 00:00:00,S,0,131,60300.0,,,,,0,0,,C,S,2026-01-15 12:06:30,,,,1,N
2026,1,283,280,GMADA,1110104000,5,COC,2026-01-15 00:00:00,S,0,131,1495929.0,,,,,0,0,,C,S,2026-01-15 12:07:29,,,,1,N
2026,1,284,294,GMADA,1110102000,2,DELRU,2026-01-15 00:00:00,S,0,110,63000.0,,,,,0,0,,C,S,2026-01-15 12:08:49,,,,1,N
2026,1,285,270,GMADA,1110106000,7,ENV,2026-01-15 00:00:00,S,0,132,87000.0,,,,,0,0,,C,S,2026-01-15 12:09:33,,,,1,N
2026,1,286,277,GMADA,1110106000,7,JARD,2026-01-15 00:00:00,S,0,132,26705.0,,,,,0,0,,C,S,2026-01-15 12:11:04,,,,1,N
2026,1,287,278,GMADA,1110106000,7,JARD,2026-01-15 00:00:00,S,0,132,810000.0,,,,,0,0,,C,S,2026-01-15 12:11:48,,,,1,N
2026,1,288,279,GMADA,1110106000,7,ACCSOC,2026-01-15 00:00:00,S,0,110,93664.2,,,,,0,0,,C,S,2026-01-15 12:12:58,,,,1,N
2026,1,289,303,GMADA,1110102000,2,GOBHAC,2026-01-15 00:00:00,S,0,110,80000.0,,,,,0,0,,C,S,2026-01-15 12:13:34,,,,1,N
2026,1,290,272,GMADA,1110113000,20,SECSEG,2026-01-15 00:00:00,S,0,110,590000.0,,,,,0,0,,C,S,2026-01-15 12:14:49,,,,1,N
2026,1,291,346,GMADA,1110109000,13,DEP,2026-01-15 00:00:00,S,0,110,6487.0,,,,,0,0,,C,S,2026-01-15 12:30:42,,,,1,N
2026,1,292,260,GMADA,1110104000,5,HOGANC,2026-01-15 00:00:00,S,0,131,59500.0,,,,,0,0,,C,S,2026-01-15 12:55:13,,,,2,N
2026,1,293,242,GMADA,1110104000,5,FARM,2026-01-15 00:00:00,S,0,131,5999983.64,,,,,0,0,,C,S,2026-01-15 13:00:34,,,,1,N
2026,1,578,557,GMADA,1110105000,6,CULTUR,2026-02-03 00:00:00,S,0,110,4800000.0,,,,,0,0,,C,S,2026-02-03 08:37:39,,,,1,N
2026,1,579,560,GMADA,1110105000,6,CULTUR,2026-02-03 00:00:00,S,0,110,300000.0,,,,,0,0,,C,S,2026-02-03 10:21:22,,,,1,N
2026,1,1260,1214,GMADA,1110111000,3,CAS,2026-04-01 00:00:00,S,0,131,10725000.0,,,,,0,0,,C,S,2026-04-01 11:48:00,,,,1,N
2026,1,1261,1217,GMADA,1110105000,6,TURIS,2026-04-01 00:00:00,S,0,110,2420000.0,,,,,0,0,,C,S,2026-04-01 12:13:28,,,,2,N
2026,1,1262,1216,GMADA,1110118000,25,BARU,2026-04-01 00:00:00,S,0,132,4290000.0,,,,,0,0,,C,S,2026-04-01 12:14:52,,,,2,N
2026,1,1263,1215,GMADA,1110118000,25,000SU,2026-04-01 00:00:00,S,0,132,17160000.0,,,,,0,0,,C,S,2026-04-01 12:15:44,,,,2,N
2026,1,1367,1303,GMADA,1110118000,25,000SU,2026-04-13 00:00:00,S,0,110,50600.0,,,,,0,0,,C,S,2026-04-13 07:26:25,,,,1,N
2026,1,1368,1324,GMADA,1110113000,20,SECSEG,2026-04-13 00:00:00,S,0,110,154000.0,,,,,0,0,,C,S,2026-04-13 07:33:44,,,,1,N
2026,1,1369,1326,GMADA,1110113000,20,SECSEG,2026-04-13 00:00:00,S,0,110,156417.8,,,,,0,0,,C,S,2026-04-13 07:39:53,,,,1,N
2026,1,1370,1314,GMADA,1110106000,7,JARD,2026-04-13 00:00:00,S,0,132,259200.0,,,,,0,0,,C,S,2026-04-13 07:44:07,,,,1,N
2026,1,1371,1304,GMADA,1110118000,25,DECI,2026-04-13 00:00:00,S,0,110,158905.16,,,,,0,0,,C,S,2026-04-13 07:51:49,,,,1,N
2026,1,1372,1305,GMADA,1110118000,25,000SU,2026-04-13 00:00:00,S,0,110,18500.0,,,,,0,0,,C,S,2026-04-13 07:54:43,,,,1,N
2026,1,1373,1296,GMADA,1110111000,3,CAS,2026-04-13 00:00:00,S,0,131,435000.0,,,,,0,0,,C,S,2026-04-13 07:56:40,,,,2,N
2026,1,1374,1302,GMADA,1110102000,2,GOBHAC,2026-04-13 00:00:00,S,0,110,372000.0,,,,,0,0,,C,S,2026-04-13 08:03:24,,,,1,N
2026,1,1375,1293,GMADA,1110118000,25,000SU,2026-04-13 00:00:00,S,0,110,110000.0,,,,,0,0,,C,S,2026-04-13 08:05:03,,,,1,N
2026,1,1376,1280,GMADA,1110106000,7,JARD,2026-04-13 00:00:00,S,0,132,83500.0,,,,,0,0,,C,S,2026-04-13 08:07:08,,,,1,N
2026,1,1377,1297,GMADA,1110104000,5,LAB,2026-04-13 00:00:00,S,0,131,1174480.84,,,,,0,0,,C,S,2026-04-13 08:07:43,,,,1,N
2026,1,1378,1287,GMADA,1110104000,5,OSA,2026-04-13 00:00:00,S,0,131,75320.14,,,,,0,0,,C,S,2026-04-13 08:10:57,,,,1,N
2026,1,1379,1295,GMADA,1110104000,5,FARM,2026-04-13 00:00:00,S,0,131,813933.41,,,,,0,0,,C,S,2026-04-13 08:18:43,,,,2,N
2026,1,1380,1286,GMADA,1110104000,5,HOSP,2026-04-13 00:00:00,S,0,131,111200.0,,,,,0,0,,C,S,2026-04-13 08:28:41,,,,1,N
2026,1,1381,1285,GMADA,1110104000,11,BROM,2026-04-13 00:00:00,S,0,110,220000.0,,,,,0,0,,C,S,2026-04-13 08:31:27,,,,1,N
2026,1,1382,1284,GMADA,1110104000,5,COC,2026-04-13 00:00:00,S,0,131,1145250.0,,,,,0,0,,C,S,2026-04-13 08:32:19,,,,1,N
2026,1,1383,1330,GMADA,1110104000,5,HOSP,2026-04-13 00:00:00,S,0,131,6800000.0,,,,,0,0,,A,S,2026-04-13 08:33:42,2026-04-16 11:30:40,ERROR,,1,N
2026,1,1384,1283,GMADA,1110104000,5,HOGANC,2026-04-13 00:00:00,S,0,131,532450.0,,,,,0,0,,C,S,2026-04-13 08:36:16,,,,1,N
2026,1,1385,1274,GMADA,1110104000,5,FARM,2026-04-13 00:00:00,S,0,131,1131320.76,,,,,0,0,,C,S,2026-04-13 08:39:45,,,,1,N
2026,1,1386,1257,GMADA,1110104000,5,LAV,2026-04-13 00:00:00,S,0,131,193264.45,,,,,0,0,,C,S,2026-04-13 08:41:35,,,,1,N
2026,1,1387,1256,GMADA,1110104000,5,QUI,2026-04-13 00:00:00,S,0,131,207470.54,,,,,0,0,,C,S,2026-04-13 08:43:21,,,,1,N
2026,1,1388,1254,GMADA,1110104000,5,COC,2026-04-13 00:00:00,S,0,131,14000.0,,,,,0,0,,C,S,2026-04-13 08:44:57,,,,1,N
2026,1,1389,1251,GMADA,1110104000,5,QUI,2026-04-13 00:00:00,S,0,131,184000.0,,,,,0,0,,C,S,2026-04-13 08:47:41,,,,1,N
2026,1,1390,1253,GMADA,1110104000,5,COC,2026-04-13 00:00:00,S,0,131,30000.0,,,,,0,0,,C,S,2026-04-13 08:49:26,,,,1,N
2026,1,1392,1315,GMADA,1110103000,3,OPP,2026-04-13 00:00:00,S,0,132,960000.0,,,,,0,0,,C,S,2026-04-13 09:42:52,,,,1,N
2026,1,1393,1311,GMADA,1110103000,3,OPP,2026-04-13 00:00:00,S,0,132,2000000.0,,,,,0,0,,C,S,2026-04-13 09:45:05,,,,1,N
2026,1,1394,1309,GMADA,1110103000,3,OPP,2026-04-13 00:00:00,S,0,132,800000.0,,,,,0,0,,C,S,2026-04-13 09:45:46,,,,1,N
2026,1,1395,1310,GMADA,1110103000,3,OPP,2026-04-13 00:00:00,S,0,132,300400.0,,,,,0,0,,C,S,2026-04-13 09:49:59,,,,1,N
2026,1,1396,1354,GMADA,1110102000,2,GOBHAC,2026-04-13 00:00:00,S,0,110,163500.0,,,,,0,0,,C,S,2026-04-13 09:52:55,,,,1,N
2026,1,1397,1292,GMADA,1110104000,5,COC,2026-04-13 00:00:00,S,0,131,97038.61,,,,,0,0,,C,S,2026-04-13 09:54:28,,,,1,N
2026,1,1398,1328,GMADA,1110103000,3,OPP,2026-04-13 00:00:00,S,0,110,861746.03,,,,,0,0,,C,S,2026-04-13 09:56:16,,,,1,N
2026,1,1399,1291,GMADA,1110104000,5,BROM,2026-04-13 00:00:00,S,0,110,212000.0,,,,,0,0,,C,S,2026-04-13 09:57:13,,,,1,N
2026,1,1400,1289,GMADA,1110104000,5,ADM,2026-04-13 00:00:00,S,0,131,69700.0,,,,,0,0,,C,S,2026-04-13 09:58:42,,,,1,N
2026,1,1401,1290,GMADA,1110104000,5,ADM,2026-04-13 00:00:00,S,0,131,68800.0,,,,,0,0,,C,S,2026-04-13 10:00:14,,,,1,N
2026,1,1402,1271,GMADA,1110104000,5,COC,2026-04-13 00:00:00,S,0,131,748800.0,,,,,0,0,,C,S,2026-04-13 10:02:20,,,,1,N
2026,1,1403,1270,GMADA,1110104000,5,HOGANC,2026-04-13 00:00:00,S,0,131,2040141.93,,,,,0,0,,C,S,2026-04-13 10:02:59,,,,1,N
2026,1,1404,1267,GMADA,1110104000,5,HOGANC,2026-04-13 00:00:00,S,0,131,1011722.48,,,,,0,0,,C,S,2026-04-13 10:04:32,,,,1,N
2026,1,1405,1263,GMADA,1110104000,5,LAV,2026-04-13 00:00:00,S,0,131,709011.73,,,,,0,0,,C,S,2026-04-13 10:05:47,,,,1,N
2026,1,1406,1261,GMADA,1110104000,5,QUI,2026-04-13 00:00:00,S,0,131,71215.76,,,,,0,0,,C,S,2026-04-13 10:09:21,,,,1,N
2026,1,1407,1262,GMADA,1110104000,5,COC,2026-04-13 00:00:00,S,0,131,53000.0,,,,,0,0,,C,S,2026-04-13 10:13:27,,,,1,N
2026,1,1408,1260,GMADA,1110104000,5,HOSP,2026-04-13 00:00:00,S,0,131,32250000.0,,,,,0,0,,C,S,2026-04-13 10:15:50,,,,1,N
2026,1,1409,1308,GMADA,1110105000,6,BA,2026-04-13 00:00:00,S,0,132,207864.96,,,,,0,0,,C,S,2026-04-13 10:16:42,,,,1,N
2026,1,1410,1318,GMADA,1110105000,6,BA,2026-04-13 00:00:00,S,0,132,230000.0,,,,,0,0,,C,S,2026-04-13 10:20:51,,,,1,N
2026,1,1455,1375,GMADA,1110106000,7,ASIV,2026-04-15 00:00:00,S,0,110,100000.0,,,,,0,0,,C,S,2026-04-15 08:36:44,,,,1,N
2026,1,1456,1403,GMADA,1110111000,3,CAS,2026-04-15 00:00:00,S,0,131,2485887.5,,,,,0,0,,C,S,2026-04-15 08:38:45,,,,1,N
2026,1,1457,1376,GMADA,1110111000,3,CAS,2026-04-15 00:00:00,S,0,131,1680000.0,,,,,0,0,,C,S,2026-04-15 08:39:26,,,,1,N
2026,1,1458,1386,GMADA,1110112000,19,INGPU,2026-04-15 00:00:00,S,0,110,44000.0,,,,,0,0,,C,S,2026-04-15 08:40:53,,,,1,N
2026,1,1459,1377,GMADA,1110113000,20,SECSEG,2026-04-15 00:00:00,S,0,110,529670.0,,,,,0,0,,C,S,2026-04-15 08:45:11,,,,2,N
2026,1,1460,1374,GMADA,1110104000,5,LAB,2026-04-15 00:00:00,S,0,131,901904.37,,,,,0,0,,C,S,2026-04-15 08:49:30,,,,1,N
2026,1,1678,1614,GMADA,1110111000,3,CAS,2026-05-05 00:00:00,S,0,131,157905.0,,,,,0,0,,C,S,2026-05-05 07:18:36,,,,1,N
2026,1,1679,1592,GMADA,1110109000,13,DEP,2026-05-05 00:00:00,S,0,110,298000.0,,,,,0,0,,C,S,2026-05-05 07:19:21,,,,1,N
2026,1,1680,1569,GMADA,1110104000,5,NEUROL,2026-05-05 00:00:00,S,0,131,52000.0,,,,,0,0,,C,S,2026-05-05 07:22:26,,,,1,N
2026,1,1681,1568,GMADA,1110104000,5,HOSP,2026-05-05 00:00:00,S,0,131,76000.0,,,,,0,0,,C,S,2026-05-05 07:23:01,,,,1,N
2026,1,1682,1599,GMADA,1110113000,20,SECSEG,2026-05-05 00:00:00,S,0,110,460443.12,,,,,0,0,,C,S,2026-05-05 07:24:32,,,,1,N
2026,1,1683,1602,GMADA,1110113000,20,SECSEG,2026-05-05 00:00:00,S,0,110,63756.0,,,,,0,0,,C,S,2026-05-05 07:27:15,,,,1,N
2026,1,1684,1600,GMADA,1110113000,20,SECSEG,2026-05-05 00:00:00,S,0,110,141612.8,,,,,0,0,,C,S,2026-05-05 07:29:21,,,,1,N
2026,1,1685,1603,GMADA,1110113000,20,SECSEG,2026-05-05 00:00:00,S,0,110,1300000.0,,,,,0,0,,C,S,2026-05-05 07:31:36,,,,1,N
2026,1,1686,1582,GMADA,1110118000,25,000SU,2026-05-05 00:00:00,S,0,110,379264.61,,,,,0,0,,C,S,2026-05-05 07:36:19,,,,1,N
2026,1,1687,1591,GMADA,1110118000,25,000SU,2026-05-05 00:00:00,S,0,110,1150000.0,,,,,0,0,,C,S,2026-05-05 07:49:09,,,,1,N
2026,1,1688,1590,GMADA,1110109000,13,DEP,2026-05-05 00:00:00,S,0,110,13000.0,,,,,0,0,,C,S,2026-05-05 07:51:05,,,,1,N
2026,1,1689,1589,GMADA,1110109000,13,DEP,2026-05-05 00:00:00,S,0,110,40000.0,,,,,0,0,,C,S,2026-05-05 07:54:12,,,,1,N
2026,1,1690,1620,GMADA,1110112000,19,CONTRA,2026-05-05 00:00:00,S,0,110,25000.1,,,,,0,0,,C,S,2026-05-05 07:56:12,,,,1,N
2026,1,1691,1607,GMADA,1110106000,7,ACCSOC,2026-05-05 00:00:00,S,0,110,11950.0,,,,,0,0,,C,S,2026-05-05 08:00:45,,,,1,N
2026,1,1692,1606,GMADA,1110106000,7,DDS,2026-05-05 00:00:00,S,0,110,635000.0,,,,,0,0,,C,S,2026-05-05 08:01:31,,,,1,N
2026,1,1693,1601,GMADA,1110118000,25,000SU,2026-05-05 00:00:00,S,0,110,952342.64,,,,,0,0,,C,S,2026-05-05 08:03:50,,,,1,N
2026,1,1694,1617,GMADA,1110118000,25,000SU,2026-05-05 00:00:00,S,0,110,8000000.0,,,,,0,0,,C,S,2026-05-05 08:05:35,,,,1,N
2026,1,1695,1615,GMADA,1110118000,25,000SU,2026-05-05 00:00:00,S,0,110,19904.92,,,,,0,0,,C,S,2026-05-05 08:08:28,,,,1,N
2026,1,1696,1616,GMADA,1110118000,25,000SU,2026-05-05 00:00:00,S,0,110,4841830.69,,,,,0,0,,C,S,2026-05-05 08:09:06,,,,1,N
2026,1,1697,1618,GMADA,1110118000,25,000SU,2026-05-05 00:00:00,S,0,110,1400000.0,,,,,0,0,,C,S,2026-05-05 08:10:31,,,,1,N
2026,1,1698,1631,GMADA,1110111000,3,CAS,2026-05-05 00:00:00,S,0,131,17160000.0,,,,,0,0,,C,S,2026-05-05 09:18:52,,,,1,N
2026,1,1699,1628,GMADA,1110118000,25,000SU,2026-05-05 00:00:00,S,0,132,17160000.0,,,,,0,0,,C,S,2026-05-05 09:46:31,,,,1,N
2026,1,1700,1632,GMADA,1110118000,25,BARU,2026-05-05 00:00:00,S,0,132,5791500.0,,,,,0,0,,C,S,2026-05-05 09:24:48,,,,2,N
2026,1,1701,1587,GMADA,1110118000,25,000SU,2026-05-05 00:00:00,S,0,110,1136190.0,,,,,0,0,,C,S,2026-05-05 09:53:40,,,,1,N
2026,1,1704,1531,GMADA,1110104000,5,COC,2026-05-05 00:00:00,A,1650,131,-1011722.48,,,,,0,0,,N,S,2026-05-05 12:02:32,,,,0,N
2026,1,1870,1788,GMADA,1110102000,2,DELRU,2026-05-14 00:00:00,S,0,110,3500000.0,,,,,0,0,,C,S,2026-05-14 07:42:58,,,,2,N
2026,1,1871,1786,GMADA,1110108000,14,PROD,2026-05-14 00:00:00,S,0,110,120000.0,,,,,0,0,,A,S,2026-05-14 07:47:26,2026-05-14 10:31:45,ERROR,,1,N
2026,1,1872,1773,GMADA,1110104000,5,HOSP,2026-05-14 00:00:00,S,0,131,1546344.0,,,,,0,0,,C,S,2026-05-14 07:48:47,,,,1,N
2026,1,1873,1775,GMADA,1110118000,25,000SU,2026-05-14 00:00:00,S,0,110,540000.0,,,,,0,0,,C,S,2026-05-14 07:49:46,,,,1,N
2026,1,1874,1776,GMADA,1110118000,25,000SU,2026-05-14 00:00:00,S,0,110,9026.89,,,,,0,0,,C,S,2026-05-14 07:51:52,,,,1,N
2026,1,1875,1782,GMADA,1110105000,6,TURIS,2026-05-14 00:00:00,S,0,110,35000.0,,,,,0,0,,C,S,2026-05-14 07:55:10,,,,1,N
2026,1,1876,1757,GMADA,1110104000,5,COC,2026-05-14 00:00:00,S,0,131,345700.0,,,,,0,0,,C,S,2026-05-14 07:56:08,,,,1,N
2026,1,1877,1758,GMADA,1110104000,5,HOGANC,2026-05-14 00:00:00,S,0,131,338300.0,,,,,0,0,,C,S,2026-05-14 07:57:40,,,,1,N
2026,1,1878,1759,GMADA,1110104000,5,COC,2026-05-14 00:00:00,S,0,131,501500.0,,,,,0,0,,C,S,2026-05-14 08:00:32,,,,1,N
2026,1,1879,1798,GMADA,1110104000,5,INTER,2026-05-14 00:00:00,S,0,131,4160000.0,,,,,0,0,,C,S,2026-05-14 09:45:19,,,,1,N
2026,1,1880,1767,GMADA,1110113000,20,SECSEG,2026-05-14 00:00:00,S,0,110,160000.0,,,,,0,0,,C,S,2026-05-14 09:46:45,,,,2,N
2026,1,1881,1772,GMADA,1110113000,20,SECSEG,2026-05-14 00:00:00,S,0,110,12640.0,,,,,0,0,,C,S,2026-05-14 09:51:28,,,,1,N
2026,1,1882,1790,GMADA,1110102000,2,DELRU,2026-05-14 00:00:00,S,0,110,3500000.0,,,,,0,0,,C,S,2026-05-14 09:52:31,,,,1,N
2026,1,1883,1763,GMADA,1110113000,20,SECSEG,2026-05-14 00:00:00,S,0,110,570000.0,,,,,0,0,,C,S,2026-05-14 09:54:04,,,,2,N
2026,1,1884,1764,GMADA,1110113000,20,SECSEG,2026-05-14 00:00:00,S,0,110,135000.0,,,,,0,0,,C,S,2026-05-14 09:55:33,,,,1,N
2026,1,1885,1789,GMADA,1110111000,3,CAS,2026-05-14 00:00:00,S,0,131,9574.68,,,,,0,0,,C,S,2026-05-14 10:00:16,,,,1,N
2026,1,1886,1766,GMADA,1110113000,20,SECSEG,2026-05-14 00:00:00,S,0,110,185824.8,,,,,0,0,,C,S,2026-05-14 10:01:00,,,,1,N
2026,1,1898,1795,GMADA,1110104000,5,FARM,2026-05-18 00:00:00,S,0,131,1031944.51,,,,,0,0,,C,S,2026-05-18 08:21:41,,,,1,N
2026,1,1899,1804,GMADA,1110104000,5,LAB,2026-05-18 00:00:00,S,0,131,3425199.35,,,,,0,0,,C,S,2026-05-18 08:22:27,,,,1,N
2026,1,1900,1797,GMADA,1110104000,5,FARM,2026-05-18 00:00:00,S,0,131,3322190.0,,,,,0,0,,C,S,2026-05-18 08:23:49,,,,1,N
2026,1,1901,1808,GMADA,1110104000,5,HOSP,2026-05-18 00:00:00,S,0,131,1540000.0,,,,,0,0,,C,S,2026-05-18 09:03:17,,,,1,N
2026,1,1902,1800,GMADA,1110106000,7,ENV,2026-05-18 00:00:00,S,0,132,72969.98,,,,,0,0,,C,S,2026-05-18 09:04:36,,,,1,N
2026,1,1903,1801,GMADA,1110106000,7,JARD,2026-05-18 00:00:00,S,0,132,14400.0,,,,,0,0,,C,S,2026-05-18 09:06:20,,,,1,N
2026,1,1904,1802,GMADA,1110106000,7,ENV,2026-05-18 00:00:00,S,0,132,15500.0,,,,,0,0,,C,S,2026-05-18 09:07:04,,,,1,N
2026,1,1905,1803,GMADA,1110106000,7,ACCSOC,2026-05-18 00:00:00,S,0,110,97106.8,,,,,0,0,,C,S,2026-05-18 09:07:51,,,,1,N
2026,1,1906,1799,GMADA,1110104000,5,FARM,2026-05-18 00:00:00,S,0,131,7166363.76,,,,,0,0,,C,S,2026-05-18 09:09:00,,,,1,N
2026,1,1907,1834,GMADA,1110101000,1,CEREM,2026-05-18 00:00:00,S,0,110,1180600.0,,,,,0,0,,C,S,2026-05-18 10:08:37,,,,1,N
2026,1,1908,1577,GMADA,1110104000,5,HOSP,2026-05-18 00:00:00,S,0,131,1724976.0,,,,,0,0,,C,S,2026-05-18 10:14:07,,,,1,N
2026,1,1909,1576,GMADA,1110104000,5,QUI,2026-05-18 00:00:00,S,0,131,66066.0,,,,,0,0,,C,S,2026-05-18 10:18:15,,,,1,N
2026,1,1910,1836,GMADA,1110111000,3,CAS,2026-05-18 00:00:00,S,0,131,15316000.0,,,,,0,0,,C,S,2026-05-18 10:31:25,,,,2,N
2026,1,1911,1809,GMADA,1110109000,13,DEP,2026-05-18 00:00:00,S,0,110,4919750.0,,,,,0,0,,C,S,2026-05-18 10:35:44,,,,1,N
2026,1,1912,1832,GMADA,1110102000,2,GOBHAC,2026-05-18 00:00:00,S,0,110,3593892.0,,,,,0,0,,C,S,2026-05-18 10:36:15,,,,1,N
2026,1,1913,1810,GMADA,1110109000,13,DEP,2026-05-18 00:00:00,S,0,110,498746.0,,,,,0,0,,C,S,2026-05-18 10:42:17,,,,1,N
2026,1,1914,1813,GMADA,1110109000,13,DEP,2026-05-18 00:00:00,S,0,110,32000.0,,,,,0,0,,C,S,2026-05-18 10:43:17,,,,1,N
2026,1,1948,1840,GMADA,1110118000,25,BARU,2026-05-20 00:00:00,A,1918,132,-2844400.0,,,,,0,0,,N,S,2026-05-20 07:37:14,,,,0,N
2026,1,1949,1840,GMADA,1110118000,25,BARU,2026-05-20 00:00:00,S,0,132,3282000.0,,,,,0,0,,C,S,2026-05-20 07:43:48,,,,2,N
2026,1,1950,1678,GMADA,1110104000,5,COC,2026-05-20 00:00:00,S,0,131,1421578.0,,,,,0,0,,C,S,2026-05-20 08:00:11,,,,3,N
2026,1,1951,1677,GMADA,1110104000,5,COC,2026-05-20 00:00:00,S,0,131,1209825.0,,,,,0,0,,C,S,2026-05-20 08:00:25,,,,5,N
2026,1,1952,1400,GMADA,1110104000,5,HEMO,2026-05-20 00:00:00,A,1478,131,-18783.0,,,,,0,0,,N,S,2026-05-20 08:23:10,,,,0,N
2026,1,1953,1183,GMADA,1110104000,5,HOGANC,2026-05-20 00:00:00,A,1289,131,-134576.0,,,,,0,0,,N,S,2026-05-20 08:23:25,,,,0,N
2026,1,1954,1156,GMADA,1110104000,5,HOGANC,2026-05-20 00:00:00,A,1238,131,-405352.2,,,,,0,0,,N,S,2026-05-20 08:23:43,,,,0,N
2026,1,1956,1750,GMADA,1110103000,3,OPP,2026-05-20 00:00:00,A,1941,132,-123710.4,,,,,0,0,,N,S,2026-05-20 09:21:52,,,,0,N
2026,1,1957,1852,GMADA,1110106000,7,ACCSOC,2026-05-20 00:00:00,S,0,131,68095.68,,,,,0,0,,C,S,2026-05-20 09:40:38,,,,1,N
2026,1,1958,1738,GMADA,1110102000,2,DELRU,2026-05-20 00:00:00,A,1763,110,-316999.0,,,,,0,0,,N,S,2026-05-20 10:22:45,,,,0,N
2026,1,1959,1738,GMADA,1110102000,2,DELRU,2026-05-20 00:00:00,S,0,110,279000.0,,,,,0,0,,C,S,2026-05-20 10:28:27,,,,2,N
2026,1,1960,1848,GMADA,1110113000,20,SECSEG,2026-05-20 00:00:00,S,0,110,310000.0,,,,,0,0,,C,S,2026-05-20 10:45:47,,,,1,N
2026,1,1961,1850,GMADA,1110113000,20,SECSEG,2026-05-20 00:00:00,S,0,110,420000.0,,,,,0,0,,C,S,2026-05-20 10:50:57,,,,1,N
2026,1,1962,1842,GMADA,1110104000,5,HOSP,2026-05-20 00:00:00,S,0,131,393700.0,,,,,0,0,,C,S,2026-05-20 10:52:29,,,,1,N
2026,1,1963,1841,GMADA,1110104000,5,COC,2026-05-20 00:00:00,S,0,131,302000.0,,,,,0,0,,C,S,2026-05-20 10:54:10,,,,1,N
2026,1,1964,1851,GMADA,1110104000,5,HOSP,2026-05-20 00:00:00,S,0,131,516000.0,,,,,0,0,,C,S,2026-05-20 11:05:00,,,,1,N
2026,1,2082,1953,GMADA,1110106000,7,JARD,2026-05-29 00:00:00,S,0,132,238369.86,,,,,0,0,,C,S,2026-05-29 09:47:55,,,,2,N
2026,1,2150,1983,GMADA,1110104000,5,SALA I,2026-06-05 00:00:00,S,0,131,2384147.47,,,,,0,0,,C,S,2026-06-05 07:57:10,,,,1,N
2026,1,2153,1996,GMADA,1110104000,5,HOSP,2026-06-05 00:00:00,S,0,131,240000.0,,,,,0,0,,C,S,2026-06-05 08:48:47,,,,1,N
2026,1,2154,1982,GMADA,1110104000,5,HOGANC,2026-06-05 00:00:00,S,0,131,241400.0,,,,,0,0,,C,S,2026-06-05 08:53:05,,,,1,N
2026,1,2155,1981,GMADA,1110104000,5,COC,2026-06-05 00:00:00,S,0,131,621750.0,,,,,0,0,,C,S,2026-06-05 08:54:03,,,,1,N
2026,1,2156,2040,GMADA,1110111000,3,CAS,2026-06-05 00:00:00,S,0,131,177201.0,,,,,0,0,,C,S,2026-06-05 08:54:50,,,,1,N
2026,1,2157,2044,GMADA,1110112000,19,INGPUB,2026-06-05 00:00:00,S,0,110,9346920.0,,,,,0,0,,C,S,2026-06-05 08:57:11,,,,1,N
2026,1,2158,1957,GMADA,1110104000,5,COC,2026-06-05 00:00:00,S,0,131,78000.0,,,,,0,0,,C,S,2026-06-05 08:57:51,,,,1,N
2026,1,2159,1967,GMADA,1110104000,5,HOGANC,2026-06-05 00:00:00,S,0,131,59400.0,,,,,0,0,,C,S,2026-06-05 08:58:43,,,,1,N
2026,1,2160,2046,GMADA,1110118000,25,DECI,2026-06-05 00:00:00,S,0,110,57200.0,,,,,0,0,,C,S,2026-06-05 09:22:39,,,,1,N
2026,1,2161,2043,GMADA,1110118000,25,000SU,2026-06-05 00:00:00,S,0,110,467700.0,,,,,0,0,,C,S,2026-06-05 09:25:04,,,,1,N
2026,1,2162,2042,GMADA,1110118000,25,DECI,2026-06-05 00:00:00,S,0,110,108755.0,,,,,0,0,,C,S,2026-06-05 09:26:01,,,,1,N
2026,1,2163,2047,GMADA,1110118000,25,000SU,2026-06-05 00:00:00,S,0,110,248440.0,,,,,0,0,,C,S,2026-06-05 09:31:25,,,,1,N
2026,1,2164,2026,GMADA,1110104000,5,HOGANC,2026-06-05 00:00:00,S,0,131,78750.0,,,,,0,0,,C,S,2026-06-05 09:32:57,,,,1,N
2026,1,2165,2027,GMADA,1110104000,5,COC,2026-06-05 00:00:00,S,0,131,189000.0,,,,,0,0,,C,S,2026-06-05 09:33:58,,,,1,N
2026,1,2166,2028,GMADA,1110104000,5,HOGANC,2026-06-05 00:00:00,S,0,131,88357.5,,,,,0,0,,C,S,2026-06-05 09:35:20,,,,1,N
2026,1,2167,2029,GMADA,1110104000,5,COC,2026-06-05 00:00:00,S,0,131,189000.0,,,,,0,0,,C,S,2026-06-05 09:38:43,,,,2,N
2026,1,2168,2031,GMADA,1110104000,5,HOGANC,2026-06-05 00:00:00,S,0,131,95000.0,,,,,0,0,,C,S,2026-06-05 09:40:24,,,,1,N
2026,1,2169,2032,GMADA,1110104000,5,CONEX,2026-06-05 00:00:00,S,0,131,618257.31,,,,,0,0,,C,S,2026-06-05 09:43:19,,,,1,N
2026,1,2170,2034,GMADA,1110104000,5,COC,2026-06-05 00:00:00,S,0,131,81787.7,,,,,0,0,,C,S,2026-06-05 09:47:57,,,,2,N
2026,1,2171,2035,GMADA,1110104000,5,COC,2026-06-05 00:00:00,S,0,131,806400.0,,,,,0,0,,C,S,2026-06-05 09:50:04,,,,1,N
2026,1,2172,2036,GMADA,1110104000,5,INTER,2026-06-05 00:00:00,S,0,131,88408.03,,,,,0,0,,C,S,2026-06-05 09:55:26,,,,1,N
2026,1,2173,2037,GMADA,1110104000,5,HOSP,2026-06-05 00:00:00,S,0,131,290332.0,,,,,0,0,,C,S,2026-06-05 09:57:19,,,,1,N
2026,1,2174,1853,GMADA,1110104000,5,FARM,2026-06-05 00:00:00,S,0,131,44764651.9,,,,,0,0,,C,S,2026-06-05 10:25:12,,,,2,N
2026,1,2177,2087,GMADA,1110111000,3,CAS,2026-06-05 00:00:00,S,0,131,890000.0,,,,,0,0,,C,S,2026-06-05 13:10:24,,,,1,N
2026,1,2178,2079,GMADA,1110113000,20,SECSEG,2026-06-05 00:00:00,S,0,110,147790.4,,,,,0,0,,C,S,2026-06-05 13:10:52,,,,1,N
2026,1,2179,2076,GMADA,1110113000,20,SECSEG,2026-06-05 00:00:00,S,0,110,180180.0,,,,,0,0,,C,S,2026-06-05 13:11:31,,,,1,N
2026,1,2180,2084,GMADA,1110102000,2,MAYOR,2026-06-05 00:00:00,S,0,110,29800.0,,,,,0,0,,C,S,2026-06-05 13:12:12,,,,1,N
2026,1,2181,2048,GMADA,1110106000,7,DDS,2026-06-05 00:00:00,S,0,110,38893.64,,,,,0,0,,C,S,2026-06-05 13:12:58,,,,1,N
2026,1,2182,2051,GMADA,1110106000,7,ACCSOC,2026-06-05 00:00:00,S,0,110,8584.8,,,,,0,0,,C,S,2026-06-05 13:14:29,,,,1,N
2026,1,2183,2052,GMADA,1110106000,7,DDS,2026-06-05 00:00:00,S,0,110,94500.0,,,,,0,0,,C,S,2026-06-05 13:15:23,,,,1,N
2026,1,2184,2073,GMADA,1110118000,25,000SU,2026-06-05 00:00:00,S,0,110,127000.0,,,,,0,0,,C,S,2026-06-05 13:16:19,,,,1,N
2026,1,2185,2050,GMADA,1110118000,25,000SU,2026-06-05 00:00:00,S,0,110,332390.0,,,,,0,0,,C,S,2026-06-05 13:17:26,,,,1,N
2026,1,2186,2045,GMADA,1110118000,25,000SU,2026-06-05 00:00:00,S,0,110,122100.0,,,,,0,0,,C,S,2026-06-05 13:18:13,,,,1,N
2026,1,2187,2074,GMADA,1110115000,22,DIRINF,2026-06-05 00:00:00,S,0,110,95000.0,,,,,0,0,,C,S,2026-06-05 13:44:32,,,,1,N
2026,1,2188,2049,GMADA,1110104000,5,LAB,2026-06-05 00:00:00,S,0,131,128373.86,,,,,0,0,,C,S,2026-06-05 13:45:32,,,,2,N
2026,1,2189,2053,GMADA,1110104000,5,LAB,2026-06-05 00:00:00,S,0,131,177357.88,,,,,0,0,,C,S,2026-06-05 13:46:04,,,,1,N
2026,1,2190,2025,GMADA,1110104000,5,COC,2026-06-05 00:00:00,S,0,131,57000.0,,,,,0,0,,C,S,2026-06-05 13:46:54,,,,2,N
2026,1,2191,2024,GMADA,1110104000,5,HOSP,2026-06-05 00:00:00,S,0,131,287000.0,,,,,0,0,,C,S,2026-06-05 13:47:50,,,,1,N
2026,1,2192,2023,GMADA,1110104000,5,COC,2026-06-05 00:00:00,S,0,131,252000.0,,,,,0,0,,C,S,2026-06-05 13:49:37,,,,1,N
2026,1,2193,2083,GMADA,1110108000,14,PROD,2026-06-05 00:00:00,S,0,110,13330.0,,,,,0,0,,C,S,2026-06-05 13:50:14,,,,1,N
2026,1,2194,2033,GMADA,1110104000,5,LAV,2026-06-05 00:00:00,S,0,131,911085.46,,,,,0,0,,C,S,2026-06-05 13:51:20,,,,1,N
2026,1,2195,2038,GMADA,1110104000,5,HOSP,2026-06-05 00:00:00,S,0,131,680000.0,,,,,0,0,,C,S,2026-06-05 13:52:12,,,,1,N
2026,1,2259,2151,GMADA,1110102000,2,GOBHAC,2026-06-11 00:00:00,S,0,110,58800.22,,,,,0,0,,C,S,2026-06-11 07:46:28,,,,1,N
2026,1,2260,2139,GMADA,1110109000,13,DEP,2026-06-11 00:00:00,S,0,110,316000.0,,,,,0,0,,C,S,2026-06-11 07:50:54,,,,3,N
2026,1,2261,2144,GMADA,1110113000,20,SECSEG,2026-06-11 00:00:00,S,0,110,128000.0,,,,,0,0,,C,S,2026-06-11 07:53:14,,,,1,N
2026,1,2262,2143,GMADA,1110113000,20,SECSEG,2026-06-11 00:00:00,S,0,110,175000.0,,,,,0,0,,C,S,2026-06-11 07:54:08,,,,1,N
2026,1,2263,2142,GMADA,1110113000,20,SECSEG,2026-06-11 00:00:00,S,0,110,294000.0,,,,,0,0,,C,S,2026-06-11 07:55:24,,,,1,N
2026,1,2264,2146,GMADA,1110112000,19,CONTRA,2026-06-11 00:00:00,S,0,110,235599.06,,,,,0,0,,C,S,2026-06-11 07:55:47,,,,1,N
2026,1,2265,2156,GMADA,1110113000,20,SECSEG,2026-06-11 00:00:00,S,0,131,500000.0,,,,,0,0,,C,S,2026-06-11 08:30:14,,,,2,N
2026,1,2266,2157,GMADA,1110118000,25,BARU,2026-06-11 00:00:00,S,0,110,3536200.0,,,,,0,0,,C,S,2026-06-11 08:30:30,,,,2,N
2026,1,2267,2158,GMADA,1110102000,2,AREAJ,2026-06-11 00:00:00,S,0,110,185230.38,,,,,0,0,,C,S,2026-06-11 08:30:45,,,,2,N
2026,1,2268,2162,GMADA,1110111000,3,CAS,2026-06-11 00:00:00,S,0,131,670000.0,,,,,0,0,,C,S,2026-06-11 08:47:06,,,,2,N
2026,1,2269,2160,GMADA,1110108000,14,PROD,2026-06-11 00:00:00,S,0,110,540000.0,,,,,0,0,,A,S,2026-06-11 08:57:23,2026-06-11 09:02:52,ERROR,,1,N
2026,1,2270,2160,GMADA,1110108000,14,PROD,2026-06-11 00:00:00,A,2269,110,-540000.0,,,,,0,0,,N,S,2026-06-11 09:02:52,,,,0,N
2026,1,2271,2159,GMADA,1110102000,2,GOBHAC,2026-06-11 00:00:00,S,0,110,39000.0,,,,,0,0,,C,S,2026-06-11 09:04:47,,,,2,N
2026,1,2272,2160,GMADA,1110108000,14,PROD,2026-06-11 00:00:00,S,0,110,540000.0,,,,,0,0,,C,S,2026-06-11 09:06:16,,,,1,N
2026,1,2273,2169,GMADA,1110102000,2,AREAJ,2026-06-11 00:00:00,S,0,110,1300000.0,,,,,0,0,,C,S,2026-06-11 10:48:59,,,,2,N
2026,1,2274,2161,GMADA,1110113000,20,SECSEG,2026-06-11 00:00:00,S,0,110,528165.0,,,,,0,0,,C,S,2026-06-11 12:13:27,,,,2,N
2026,1,2685,2557,GMADA,1110108000,14,PROD,2026-07-15 00:00:00,S,0,110,23468.2,,,,,0,0,,C,S,2026-07-15 09:37:32,,,,1,N
2026,1,2686,2502,GMADA,1110106000,7,ACCSOC,2026-07-15 00:00:00,S,0,132,303800.0,,,,,0,0,,C,S,2026-07-15 09:39:16,,,,1,N
2026,1,2687,2504,GMADA,1110106000,7,JARD,2026-07-15 00:00:00,S,0,132,320750.0,,,,,0,0,,C,S,2026-07-15 09:40:49,,,,1,N
2026,1,2688,2493,GMADA,1110106000,7,ENV,2026-07-15 00:00:00,S,0,110,31000.0,,,,,0,0,,C,S,2026-07-15 09:41:39,,,,1,N
2026,1,2690,2565,GMADA,1110118000,25,000SU,2026-07-15 00:00:00,S,0,110,320000.0,,,,,0,0,,C,S,2026-07-15 12:34:46,,,,1,N
2026,1,2691,2595,GMADA,1110102000,2,DIRTUR,2026-07-15 00:00:00,S,0,110,15820.0,,,,,0,0,,C,S,2026-07-15 12:38:55,,,,1,N
2026,1,25,55,GMADA,1110102000,2,GOBHAC,2026-01-05 00:00:00,S,0,110,6000000.0,,,,,0,0,,C,S,2026-01-05 12:47:49,,,,1,N
2026,1,76,123,GMADA,1110104000,5,HOSP,2026-01-07 00:00:00,S,0,131,12800000.0,,,,,0,0,,C,S,2026-01-07 12:50:25,,,,1,N
2026,1,77,125,GMADA,1110104000,5,HOSP,2026-01-07 00:00:00,S,0,131,16480000.0,,,,,0,0,,C,S,2026-01-07 12:51:15,,,,1,N
2026,1,294,297,GMADA,1110104000,5,SABEL,2026-01-16 00:00:00,S,0,131,831252.0,,,,,0,0,,C,S,2026-01-16 07:42:15,,,,1,N
2026,1,295,300,GMADA,1110113000,20,SECSEG,2026-01-16 00:00:00,S,0,110,1290174.0,,,,,0,0,,C,S,2026-01-16 07:42:52,,,,1,N
2026,1,296,291,GMADA,1110105000,6,BA,2026-01-16 00:00:00,S,0,110,566687.0,,,,,0,0,,C,S,2026-01-16 07:43:32,,,,1,N
2026,1,297,287,GMADA,1110102000,2,AREAJ,2026-01-16 00:00:00,S,0,110,3210307.0,,,,,0,0,,A,S,2026-01-16 07:44:23,2026-01-19 09:09:01,ERROR,,1,N
2026,1,298,288,GMADA,1110106000,7,ENV,2026-01-16 00:00:00,S,0,110,1131077.0,,,,,0,0,,C,S,2026-01-16 07:45:32,,,,1,N
2026,1,299,286,GMADA,1110106000,7,JARD,2026-01-16 00:00:00,S,0,110,837666.0,,,,,0,0,,C,S,2026-01-16 07:46:27,,,,1,N
2026,1,300,285,GMADA,1110104000,5,HOSP,2026-01-16 00:00:00,S,0,131,318241.0,,,,,0,0,,C,S,2026-01-16 07:47:24,,,,1,N
2026,1,301,284,GMADA,1110104000,5,HOSP,2026-01-16 00:00:00,S,0,131,3352728.0,,,,,0,0,,C,S,2026-01-16 07:48:25,,,,1,N
2026,1,302,283,GMADA,1110113000,20,SECSEG,2026-01-16 00:00:00,S,0,110,783604.0,,,,,0,0,,C,S,2026-01-16 07:49:17,,,,1,N
2026,1,316,18,GMADA,1110106000,7,ACCSOC,2026-01-16 00:00:00,A,5,110,-937950.0,,,,,0,0,,N,S,2026-01-16 09:23:15,,,,0,N
2026,1,317,16,GMADA,1110112000,19,SEHA,2026-01-16 00:00:00,A,7,110,-3473460.0,,,,,0,0,,N,S,2026-01-16 09:23:27,,,,0,N
2026,1,318,17,GMADA,1110200000,8,PRESID,2026-01-16 00:00:00,A,6,110,-1796730.0,,,,,0,0,,N,S,2026-01-16 09:23:38,,,,0,N
2026,1,319,14,GMADA,1110112000,19,INGPUB,2026-01-16 00:00:00,A,8,110,-4436730.0,,,,,0,0,,N,S,2026-01-16 09:23:48,,,,0,N
2026,1,320,19,GMADA,1110117000,24,000F,2026-01-16 00:00:00,A,4,110,-847950.0,,,,,0,0,,N,S,2026-01-16 09:24:00,,,,0,N
2026,1,321,20,GMADA,1110104000,5,ADM,2026-01-16 00:00:00,A,3,131,-3473460.0,,,,,0,0,,N,S,2026-01-16 09:24:13,,,,0,N
2026,1,322,367,GMADA,1110117000,24,000A,2026-01-16 00:00:00,S,0,110,36000.0,,,,,0,0,,C,S,2026-01-16 11:06:14,,,,1,N
2026,1,323,328,GMADA,1110108000,14,PROD,2026-01-16 00:00:00,S,0,110,1660000.0,,,,,0,0,,C,S,2026-01-16 11:09:19,,,,1,N
2026,1,324,317,GMADA,1110106000,7,JARD,2026-01-16 00:00:00,S,0,110,1800000.0,,,,,0,0,,A,S,2026-01-16 11:10:04,2026-01-19 09:06:49,ERROR,,2,N
2026,1,325,314,GMADA,1110104000,5,COC,2026-01-16 00:00:00,S,0,131,33000.0,,,,,0,0,,C,S,2026-01-16 11:11:20,,,,1,N
2026,1,326,315,GMADA,1110104000,11,BROM,2026-01-16 00:00:00,S,0,110,30152.16,,,,,0,0,,C,S,2026-01-16 11:12:18,,,,1,N
2026,1,327,282,GMADA,1110104000,5,HOSP,2026-01-16 00:00:00,A,274,131,-129000.12,,,,,0,0,,N,S,2026-01-16 11:12:32,,,,0,N
2026,1,328,313,GMADA,1110104000,5,HOGANC,2026-01-16 00:00:00,S,0,131,2060593.67,,,,,0,0,,C,S,2026-01-16 11:14:35,,,,1,N
2026,1,329,318,GMADA,1110104000,5,COC,2026-01-16 00:00:00,S,0,131,1258064.12,,,,,0,0,,C,S,2026-01-16 11:15:31,,,,1,N
2026,1,580,550,GMADA,1110104000,5,HOSP,2026-02-03 00:00:00,S,0,131,2100000.0,,,,,0,0,,C,S,2026-02-03 10:35:51,,,,1,N
2026,1,581,539,GMADA,1110104000,5,HOSP,2026-02-03 00:00:00,S,0,131,1132905.5,,,,,0,0,,C,S,2026-02-03 10:36:36,,,,1,N
2026,1,582,538,GMADA,1110104000,5,HOSP,2026-02-03 00:00:00,S,0,131,300630.0,,,,,0,0,,C,S,2026-02-03 10:38:06,,,,1,N
2026,1,583,545,GMADA,1110104000,5,HOSP,2026-02-03 00:00:00,S,0,131,110000.0,,,,,0,0,,C,S,2026-02-03 10:40:31,,,,1,N
2026,1,584,535,GMADA,1110104000,5,HOSP,2026-02-03 00:00:00,S,0,131,328102.69,,,,,0,0,,C,S,2026-02-03 10:42:43,,,,1,N
2026,1,585,536,GMADA,1110104000,5,PO,2026-02-03 00:00:00,S,0,131,50000.0,,,,,0,0,,C,S,2026-02-03 10:48:26,,,,1,N
2026,1,586,537,GMADA,1110104000,5,TOMO,2026-02-03 00:00:00,S,0,131,140000.0,,,,,0,0,,C,S,2026-02-03 10:49:51,,,,1,N
2026,1,587,534,GMADA,1110104000,5,FARM,2026-02-03 00:00:00,S,0,131,6548379.18,,,,,0,0,,C,S,2026-02-03 10:51:24,,,,1,N
2026,1,588,540,GMADA,1110104000,5,FARM,2026-02-03 00:00:00,S,0,131,5374159.75,,,,,0,0,,C,S,2026-02-03 10:54:25,,,,1,N
2026,1,589,541,GMADA,1110104000,5,HOSP,2026-02-03 00:00:00,S,0,131,1214734.66,,,,,0,0,,C,S,2026-02-03 11:00:34,,,,1,N
2026,1,590,542,GMADA,1110104000,5,FARM,2026-02-03 00:00:00,S,0,131,1803048.5,,,,,0,0,,C,S,2026-02-03 11:02:18,,,,1,N
2026,1,591,543,GMADA,1110104000,5,FARM,2026-02-03 00:00:00,S,0,131,5999994.23,,,,,0,0,,C,S,2026-02-03 11:05:52,,,,1,N
2026,1,592,525,GMADA,1110113000,20,SECSEG,2026-02-03 00:00:00,S,0,110,21600.0,,,,,0,0,,C,S,2026-02-03 11:14:39,,,,1,N
2026,1,593,556,GMADA,1110104000,5,LAB,2026-02-03 00:00:00,S,0,131,197600.0,,,,,0,0,,C,S,2026-02-03 11:15:34,,,,1,N
2026,1,594,555,GMADA,1110104000,5,HOSP,2026-02-03 00:00:00,S,0,131,85000.0,,,,,0,0,,C,S,2026-02-03 11:17:27,,,,1,N
2026,1,595,551,GMADA,1110118000,25,BARU,2026-02-03 00:00:00,S,0,110,300000.0,,,,,0,0,,C,S,2026-02-03 11:49:25,,,,1,N
2026,1,596,552,GMADA,1110118000,25,MEAM,2026-02-03 00:00:00,S,0,110,300000.0,,,,,0,0,,C,S,2026-02-03 11:50:04,,,,1,N
2026,1,597,553,GMADA,1110118000,25,MEAM,2026-02-03 00:00:00,S,0,110,300000.0,,,,,0,0,,C,S,2026-02-03 11:51:13,,,,2,N
2026,1,598,562,GMADA,1110111000,3,CAS,2026-02-03 00:00:00,S,0,131,16260000.0,,,,,0,0,,C,S,2026-02-03 11:53:56,,,,1,N
2026,1,610,565,GMADA,1110118000,25,000SU,2026-02-05 00:00:00,S,0,132,8000000.0,,,,,0,0,,C,S,2026-02-05 07:20:17,,,,1,N
2026,1,611,559,GMADA,1110118000,25,000SU,2026-02-05 00:00:00,S,0,110,1339000.0,,,,,0,0,,C,S,2026-02-05 07:26:22,,,,1,N
2026,1,612,561,GMADA,1110118000,25,000SU,2026-02-05 00:00:00,S,0,110,234453.0,,,,,0,0,,C,S,2026-02-05 07:28:14,,,,1,N
2026,1,613,566,GMADA,1110118000,25,000SU,2026-02-05 00:00:00,S,0,110,65000.0,,,,,0,0,,C,S,2026-02-05 07:29:49,,,,1,N
2026,1,614,569,GMADA,1110111000,3,CAS,2026-02-05 00:00:00,S,0,131,127500.0,,,,,0,0,,A,S,2026-02-05 07:33:06,2026-02-11 11:00:58,ERROR,,1,N
2026,1,815,806,GMADA,1110102000,2,PRENS,2026-02-24 00:00:00,S,0,110,140000.0,,,,,0,0,,C,S,2026-02-24 11:23:33,,,,1,N
2026,1,816,774,GMADA,1110118000,25,000SU,2026-02-24 00:00:00,S,0,132,2343000.0,,,,,0,0,,C,S,2026-02-24 12:10:26,,,,2,N
2026,1,819,773,GMADA,1110109000,13,DEP,2026-02-24 00:00:00,S,0,110,426000.0,,,,,0,0,,C,S,2026-02-24 12:23:12,,,,1,N
2026,1,820,765,GMADA,1110105000,6,CULTUR,2026-02-24 00:00:00,S,0,110,150000.0,,,,,0,0,,C,S,2026-02-24 12:26:35,,,,2,N
2026,1,821,757,GMADA,1110111000,3,CAS,2026-02-24 00:00:00,S,0,131,4378030.0,,,,,0,0,,C,S,2026-02-24 12:27:48,,,,1,N
2026,1,822,756,GMADA,1110111000,3,CAS,2026-02-24 00:00:00,S,0,131,383250.0,,,,,0,0,,C,S,2026-02-24 12:29:16,,,,1,N
2026,1,824,706,GMADA,1110104000,5,HOSP,2026-02-24 00:00:00,S,0,131,16000.0,,,,,0,0,,C,S,2026-02-24 12:30:08,,,,1,N
2026,1,918,801,GMADA,1110104000,5,FARM,2026-03-04 00:00:00,S,0,131,4167621.15,,,,,0,0,,C,S,2026-03-04 09:13:29,,,,1,N
2026,1,1145,1077,GMADA,1110118000,25,BARU,2026-03-18 00:00:00,S,0,110,98000.0,,,,,0,0,,C,S,2026-03-18 07:57:31,,,,1,N
2026,1,1146,1076,GMADA,1110113000,20,SECSEG,2026-03-18 00:00:00,S,0,110,547888.0,,,,,0,0,,C,S,2026-03-18 08:01:36,,,,2,N
2026,1,1147,1075,GMADA,1110106000,7,ENV,2026-03-18 00:00:00,S,0,132,224500.0,,,,,0,0,,C,S,2026-03-18 08:03:10,,,,1,N
2026,1,1148,1074,GMADA,1110106000,7,ACCSOC,2026-03-18 00:00:00,S,0,132,195500.0,,,,,0,0,,C,S,2026-03-18 08:21:19,,,,1,N
2026,1,1149,1072,GMADA,1110106000,7,ACCSOC,2026-03-18 00:00:00,S,0,132,149800.0,,,,,0,0,,C,S,2026-03-18 08:39:21,,,,1,N
2026,1,1150,1071,GMADA,1110106000,7,ACCSOC,2026-03-18 00:00:00,S,0,132,105000.0,,,,,0,0,,C,S,2026-03-18 08:41:08,,,,1,N
2026,1,1151,1059,GMADA,1110106000,7,ACCSOC,2026-03-18 00:00:00,S,0,132,1575000.0,,,,,0,0,,C,S,2026-03-18 08:42:27,,,,1,N
2026,1,1391,1317,GMADA,1110108000,14,PROD,2026-04-13 00:00:00,S,0,110,400000.0,,,,,0,0,,C,S,2026-04-13 09:36:38,,,,2,N
2026,1,1411,1367,GMADA,1110112000,19,CONTRA,2026-04-13 00:00:00,S,0,110,490200.0,,,,,0,0,,C,S,2026-04-13 11:35:15,,,,1,N
2026,1,1412,1365,GMADA,1110112000,19,CONTRA,2026-04-13 00:00:00,S,0,110,1254610.4,,,,,0,0,,C,S,2026-04-13 11:36:07,,,,1,N
2026,1,1413,1279,GMADA,1110109000,13,DEP,2026-04-13 00:00:00,S,0,132,6716.0,,,,,0,0,,C,S,2026-04-13 13:18:34,,,,1,N
2026,1,1469,1410,GMADA,1110112000,19,CONTRA,2026-04-16 00:00:00,S,0,110,382000.0,,,,,0,0,,C,S,2026-04-16 10:05:10,,,,1,N
2026,1,1473,1372,GMADA,1110112000,19,INTIM,2026-04-16 00:00:00,S,0,110,42500.0,,,,,0,0,,C,S,2026-04-16 10:40:46,,,,1,N
2026,1,1488,1330,GMADA,1110104000,5,HOSP,2026-04-16 00:00:00,A,1383,131,-6800000.0,,,,,0,0,,N,S,2026-04-16 11:30:40,,,,0,N
2026,1,1489,1330,GMADA,1110104000,5,HOSP,2026-04-16 00:00:00,S,0,131,7200000.0,,,,,0,0,,C,S,2026-04-16 11:38:06,,,,3,N
2026,1,1811,788,GMADA,1110118000,25,000SU,2026-05-12 00:00:00,M,942,110,2361672.0,,,,,0,0,,N,S,2026-05-12 08:28:54,,,,1,N
2026,1,1812,1652,GMADA,1110103000,3,OPP,2026-05-12 00:00:00,A,1749,131,-7020000.0,,,,,0,0,,N,S,2026-05-12 09:08:39,,,,0,N
2026,1,1813,1652,GMADA,1110103000,3,OPP,2026-05-12 00:00:00,S,0,132,7020000.0,,,,,0,0,,C,S,2026-05-12 09:09:13,,,,1,N
2026,1,1814,1749,GMADA,1110102000,2,GOB,2026-05-12 00:00:00,S,0,110,1000000.0,,,,,0,0,,C,S,2026-05-12 09:45:20,,,,1,N
2026,1,1815,1745,GMADA,1110118000,25,000SU,2026-05-12 00:00:00,S,0,110,37000.0,,,,,0,0,,C,S,2026-05-12 09:46:55,,,,1,N
2026,1,1816,1746,GMADA,1110111000,3,CAS,2026-05-12 00:00:00,S,0,131,450000.0,,,,,0,0,,C,S,2026-05-12 09:47:57,,,,1,N
2026,1,1817,1739,GMADA,1110109000,13,DEP,2026-05-12 00:00:00,S,0,110,4919750.0,,,,,0,0,,C,S,2026-05-12 09:49:38,,,,1,N
2026,1,1955,1860,GMADA,1110102000,2,GOBHAC,2026-05-20 00:00:00,S,0,110,2950000.0,,,,,0,0,,C,S,2026-05-20 08:32:07,,,,1,N
2026,1,1965,1750,GMADA,1110103000,3,OPP,2026-05-20 00:00:00,S,0,132,134019.6,,,,,0,0,,C,S,2026-05-20 12:25:16,,,,2,N
2026,1,1966,1876,GMADA,1110104000,5,HOSP,2026-05-20 00:00:00,S,0,110,335997.9,,,,,0,0,,C,S,2026-05-20 12:59:57,,,,1,N
2026,1,1982,1846,GMADA,1110118000,25,MEAM,2026-05-22 00:00:00,S,0,110,7972023.77,,,,,0,0,,C,S,2026-05-22 07:24:04,,,,1,N
2026,1,1997,1898,GMADA,1110111000,3,CAS,2026-05-26 00:00:00,S,0,131,2494000.0,,,,,0,0,,C,S,2026-05-26 08:05:42,,,,1,N
2026,1,1998,1905,GMADA,1110101000,1,CEREM,2026-05-26 00:00:00,S,0,110,137500.0,,,,,0,0,,C,S,2026-05-26 08:06:38,,,,1,N
2026,1,1999,1869,GMADA,1110103000,3,OPP,2026-05-26 00:00:00,S,0,110,240000.0,,,,,0,0,,C,S,2026-05-26 08:07:39,,,,1,N
2026,1,2000,1870,GMADA,1110103000,3,OPP,2026-05-26 00:00:00,S,0,132,33500.0,,,,,0,0,,C,S,2026-05-26 08:08:46,,,,1,N
2026,1,2001,1907,GMADA,1110118000,25,DECI,2026-05-26 00:00:00,S,0,110,190000.0,,,,,0,0,,C,S,2026-05-26 08:34:51,,,,1,N
2026,1,2002,1895,GMADA,1110118000,25,18C,2026-05-26 00:00:00,S,0,110,26500.0,,,,,0,0,,C,S,2026-05-26 08:38:02,,,,1,N
2026,1,2003,1896,GMADA,1110118000,25,000SU,2026-05-26 00:00:00,S,0,110,2103000.0,,,,,0,0,,C,S,2026-05-26 08:39:16,,,,1,N
2026,1,2074,1964,GMADA,1110118000,25,000SU,2026-05-29 00:00:00,S,0,110,1580603.0,,,,,0,0,,C,S,2026-05-29 08:42:54,,,,1,N
2026,1,2075,1962,GMADA,1110118000,25,000SU,2026-05-29 00:00:00,S,0,110,586000.0,,,,,0,0,,C,S,2026-05-29 08:45:13,,,,1,N
2026,1,2076,1961,GMADA,1110118000,25,000SU,2026-05-29 00:00:00,S,0,110,66829.24,,,,,0,0,,C,S,2026-05-29 08:54:17,,,,1,N
2026,1,2077,1949,GMADA,1110106000,7,ACCSOC,2026-05-29 00:00:00,S,0,110,34800.0,,,,,0,0,,C,S,2026-05-29 08:56:44,,,,1,N
2026,1,2078,1956,GMADA,1110106000,7,ACCSOC,2026-05-29 00:00:00,S,0,132,579780.0,,,,,0,0,,C,S,2026-05-29 08:58:53,,,,1,N
2026,1,2079,1955,GMADA,1110106000,7,ENV,2026-05-29 00:00:00,S,0,110,78400.0,,,,,0,0,,C,S,2026-05-29 09:01:35,,,,1,N
2026,1,2080,1954,GMADA,1110106000,7,ACCSOC,2026-05-29 00:00:00,S,0,110,42620.0,,,,,0,0,,C,S,2026-05-29 09:11:01,,,,1,N
2026,1,2151,1853,GMADA,1110104000,5,FARM,2026-06-05 00:00:00,S,0,131,58397631.9,,,,,0,0,,A,S,2026-06-05 08:18:21,2026-06-05 08:42:33,ERROR,,1,N
2026,1,2152,1853,GMADA,1110104000,5,FARM,2026-06-05 00:00:00,A,2151,131,-58397631.9,,,,,0,0,,N,S,2026-06-05 08:42:33,,,,0,N
2026,1,2175,2030,GMADA,1110104000,5,COC,2026-06-05 00:00:00,S,0,131,131250.0,,,,,0,0,,C,S,2026-06-05 11:57:38,,,,1,N
2026,1,2176,2092,GMADA,1110102000,2,GOBHAC,2026-06-05 00:00:00,S,0,110,2950000.0,,,,,0,0,,C,S,2026-06-05 12:13:32,,,,1,N
2026,1,2296,2177,GMADA,1110104000,5,LAB,2026-06-17 00:00:00,S,0,131,25972.65,,,,,0,0,,C,S,2026-06-17 09:03:25,,,,1,N
2026,1,2297,2220,GMADA,1110102000,2,GOBHAC,2026-06-17 00:00:00,S,0,110,339460.01,,,,,0,0,,C,S,2026-06-17 09:27:00,,,,1,N
2026,1,2298,2088,GMADA,1110106000,7,DDS,2026-06-17 00:00:00,A,2246,110,-1550000.0,,,,,0,0,,N,S,2026-06-17 09:43:40,,,,0,N
2026,1,2299,2088,GMADA,1110106000,7,DDS,2026-06-17 00:00:00,S,0,110,1550000.0,,,,,0,0,,C,S,2026-06-17 09:47:59,,,,2,N
2026,1,2300,2176,GMADA,1110104000,5,LAB,2026-06-17 00:00:00,S,0,131,285790.3,,,,,0,0,,C,S,2026-06-17 10:19:16,,,,1,N
2026,1,2301,2175,GMADA,1110104000,5,LAB,2026-06-17 00:00:00,S,0,131,811927.03,,,,,0,0,,C,S,2026-06-17 10:19:46,,,,1,N
2026,1,2302,2174,GMADA,1110104000,5,LAB,2026-06-17 00:00:00,S,0,131,499585.04,,,,,0,0,,C,S,2026-06-17 10:21:38,,,,1,N
2026,1,2303,2149,GMADA,1110104000,5,LAB,2026-06-17 00:00:00,S,0,131,532705.0,,,,,0,0,,C,S,2026-06-17 10:31:06,,,,1,N
2026,1,2304,2173,GMADA,1110104000,5,LAB,2026-06-17 00:00:00,S,0,131,586523.43,,,,,0,0,,C,S,2026-06-17 10:35:59,,,,1,N
2026,1,2305,2196,GMADA,1110104000,5,FARM,2026-06-17 00:00:00,S,0,131,669743.95,,,,,0,0,,C,S,2026-06-17 10:37:38,,,,1,N
2026,1,2306,2148,GMADA,1110104000,5,LAB,2026-06-17 00:00:00,S,0,131,806316.56,,,,,0,0,,C,S,2026-06-17 10:38:20,,,,1,N
2026,1,2307,2197,GMADA,1110104000,5,FARM,2026-06-17 00:00:00,S,0,131,338724.0,,,,,0,0,,C,S,2026-06-17 10:42:06,,,,1,N
2026,1,2308,2198,GMADA,1110104000,5,FARM,2026-06-17 00:00:00,S,0,131,1233674.4,,,,,0,0,,C,S,2026-06-17 10:43:34,,,,1,N
2026,1,2309,2199,GMADA,1110104000,5,FARM,2026-06-17 00:00:00,S,0,131,6591129.0,,,,,0,0,,C,S,2026-06-17 10:49:22,,,,1,N
2026,1,2310,2200,GMADA,1110104000,5,SALA I,2026-06-17 00:00:00,S,0,131,7063800.0,,,,,0,0,,C,S,2026-06-17 10:52:39,,,,1,N
2026,1,2311,2187,GMADA,1110104000,5,HOGANC,2026-06-17 00:00:00,S,0,131,101156.0,,,,,0,0,,C,S,2026-06-17 10:53:02,,,,1,N
2026,1,2312,2186,GMADA,1110104000,5,HOGANC,2026-06-17 00:00:00,S,0,131,161952.0,,,,,0,0,,C,S,2026-06-17 10:54:55,,,,1,N
2026,1,2313,2185,GMADA,1110104000,5,COC,2026-06-17 00:00:00,S,0,131,46859.4,,,,,0,0,,C,S,2026-06-17 10:56:03,,,,1,N
2026,1,2314,2183,GMADA,1110104000,5,HOSP,2026-06-17 00:00:00,S,0,131,228500.0,,,,,0,0,,C,S,2026-06-17 10:56:56,,,,1,N
2026,1,2315,2182,GMADA,1110104000,5,COC,2026-06-17 00:00:00,S,0,131,179900.0,,,,,0,0,,C,S,2026-06-17 11:00:12,,,,1,N
2026,1,2316,2181,GMADA,1110104000,5,COC,2026-06-17 00:00:00,S,0,131,112000.0,,,,,0,0,,C,S,2026-06-17 11:08:02,,,,1,N
2026,1,2317,2180,GMADA,1110104000,5,HOGANC,2026-06-17 00:00:00,S,0,131,234500.0,,,,,0,0,,C,S,2026-06-17 11:09:58,,,,1,N
2026,1,2318,2178,GMADA,1110104000,5,LAB,2026-06-17 00:00:00,S,0,131,5558.26,,,,,0,0,,C,S,2026-06-17 11:12:16,,,,1,N
2026,1,2319,2179,GMADA,1110104000,5,COC,2026-06-17 00:00:00,S,0,131,585750.0,,,,,0,0,,C,S,2026-06-17 11:13:12,,,,1,N
2026,1,2320,2147,GMADA,1110104000,5,HOSP,2026-06-17 00:00:00,S,0,131,80465.0,,,,,0,0,,C,S,2026-06-17 11:14:10,,,,1,N
2026,1,2321,2217,GMADA,1110111000,3,CAS,2026-06-17 00:00:00,S,0,131,335000.0,,,,,0,0,,C,S,2026-06-17 11:16:11,,,,1,N
2026,1,2322,2213,GMADA,1110111000,3,CAS,2026-06-17 00:00:00,S,0,131,260500.0,,,,,0,0,,C,S,2026-06-17 11:16:52,,,,1,N
2026,1,2323,2214,GMADA,1110111000,3,CAS,2026-06-17 00:00:00,S,0,131,601500.0,,,,,0,0,,C,S,2026-06-17 11:17:30,,,,1,N
2026,1,2325,2215,GMADA,1110111000,3,CAS,2026-06-17 00:00:00,S,0,131,236000.0,,,,,0,0,,C,S,2026-06-17 11:18:07,,,,1,N
2026,1,2326,2216,GMADA,1110111000,3,CAS,2026-06-17 00:00:00,S,0,131,308900.0,,,,,0,0,,C,S,2026-06-17 11:18:45,,,,1,N
2026,1,2327,2218,GMADA,1110117000,24,000O,2026-06-17 00:00:00,S,0,110,35935.0,,,,,0,0,,C,S,2026-06-17 11:57:13,,,,1,N
2026,1,2328,2222,GMADA,1110112000,19,CONTRA,2026-06-17 00:00:00,S,0,110,3900.0,,,,,0,0,,C,S,2026-06-17 11:58:02,,,,1,N
2026,1,2329,2226,GMADA,1110102000,2,GOBHAC,2026-06-17 00:00:00,S,0,110,1000000.0,,,,,0,0,,C,S,2026-06-17 12:41:29,,,,2,N
2026,1,672,700,GMADA,1110105000,6,CULTUR,2026-02-12 00:00:00,S,0,110,450000.0,,,,,0,0,,C,S,2026-02-12 12:02:04,,,,2,N
2026,1,1194,1129,GMADA,1110118000,25,BARU,2026-03-26 00:00:00,S,0,110,1480000.0,,,,,0,0,,C,S,2026-03-26 11:37:04,,,,1,N
2026,1,1195,1110,GMADA,1110118000,25,BARU,2026-03-26 00:00:00,S,0,110,420000.0,,,,,0,0,,C,S,2026-03-26 11:37:48,,,,1,N
2026,1,1196,1130,GMADA,1110118000,25,000SU,2026-03-26 00:00:00,S,0,110,297605.56,,,,,0,0,,C,S,2026-03-26 11:50:06,,,,1,N
2026,1,1197,1109,GMADA,1110118000,25,000SU,2026-03-26 00:00:00,S,0,110,1560800.0,,,,,0,0,,C,S,2026-03-26 11:50:50,,,,1,N
2026,1,1198,1106,GMADA,1110104000,5,HOSP,2026-03-26 00:00:00,S,0,131,5000.0,,,,,0,0,,C,S,2026-03-26 11:51:45,,,,1,N
2026,1,1199,1127,GMADA,1110104000,5,COC,2026-03-26 00:00:00,S,0,131,46000.0,,,,,0,0,,C,S,2026-03-26 11:53:01,,,,1,N
2026,1,1200,1128,GMADA,1110104000,5,HOSP,2026-03-26 00:00:00,S,0,131,117880.0,,,,,0,0,,C,S,2026-03-26 11:54:42,,,,1,N
2026,1,1201,1131,GMADA,1110104000,5,FARM,2026-03-26 00:00:00,S,0,131,2503959.37,,,,,0,0,,C,S,2026-03-26 11:56:52,,,,1,N
2026,1,1202,1121,GMADA,1110104000,5,NEUROL,2026-03-26 00:00:00,S,0,131,16700.0,,,,,0,0,,C,S,2026-03-26 11:58:56,,,,1,N
2026,1,1203,1123,GMADA,1110104000,5,LAB,2026-03-26 00:00:00,S,0,131,784015.89,,,,,0,0,,C,S,2026-03-26 12:11:32,,,,1,N
2026,1,1204,1124,GMADA,1110104000,5,LAB,2026-03-26 00:00:00,S,0,131,1717529.06,,,,,0,0,,C,S,2026-03-26 12:18:02,,,,1,N
2026,1,1205,1126,GMADA,1110109000,13,DEP,2026-03-26 00:00:00,S,0,132,27200.0,,,,,0,0,,C,S,2026-03-26 12:20:18,,,,1,N
2026,1,1206,1122,GMADA,1110104000,5,NEUROL,2026-03-26 00:00:00,S,0,131,200628.0,,,,,0,0,,C,S,2026-03-26 12:21:51,,,,1,N
2026,1,1207,1125,GMADA,1110109000,13,DEP,2026-03-26 00:00:00,S,0,132,74300.0,,,,,0,0,,C,S,2026-03-26 12:23:36,,,,1,N
2026,1,1208,1111,GMADA,1110113000,20,SECSEG,2026-03-26 00:00:00,A,1189,110,-89663.16,,,,,0,0,,N,S,2026-03-26 12:47:55,,,,0,N
2026,1,1461,1373,GMADA,1110104000,5,LAB,2026-04-15 00:00:00,S,0,131,220646.21,,,,,0,0,,C,S,2026-04-15 08:54:58,,,,1,N
2026,1,1465,1350,GMADA,1110104000,5,LAB,2026-04-15 00:00:00,A,1436,131,-1174480.84,,,,,0,0,,N,S,2026-04-15 10:39:29,,,,0,N
2026,1,130,109,GMADA,1110118000,25,000SU,2026-01-12 00:00:00,S,0,110,3008000.0,,,,,0,0,,C,S,2026-01-12 08:59:20,,,,1,N
2026,1,133,161,GMADA,1110104000,5,HOSP,2026-01-12 00:00:00,S,0,131,2000000.0,,,,,0,0,,A,S,2026-01-12 10:49:42,2026-01-12 11:20:20,ERROR,,1,N
2026,1,245,183,GMADA,1110104000,5,HOSP,2026-01-13 00:00:00,S,0,131,600000.0,,,,,0,0,,C,S,2026-01-13 11:35:13,,,,1,N
2026,1,246,184,GMADA,1110104000,5,HOSP,2026-01-13 00:00:00,S,0,131,972000.0,,,,,0,0,,C,S,2026-01-13 11:37:15,,,,1,N
2026,1,247,175,GMADA,1110105000,6,CASA,2026-01-13 00:00:00,S,0,110,63519.62,,,,,0,0,,C,S,2026-01-13 11:38:22,,,,1,N
2026,1,248,193,GMADA,1110104000,5,HOSP,2026-01-13 00:00:00,S,0,131,4923023.85,,,,,0,0,,C,S,2026-01-13 11:39:13,,,,1,N
2026,1,250,273,GMADA,1110105000,6,BA,2026-01-13 00:00:00,S,0,132,372800.0,,,,,0,0,,C,S,2026-01-13 11:44:31,,,,1,N
2026,1,251,30,GMADA,1110102000,2,GOBHAC,2026-01-13 00:00:00,S,0,110,7000000.0,,,,,0,0,,C,S,2026-01-13 11:47:37,,,,1,N
2026,1,252,27,GMADA,1110102000,2,GOB,2026-01-13 00:00:00,S,0,110,500000.0,,,,,0,0,,C,S,2026-01-13 11:48:42,,,,1,N
2026,1,253,26,GMADA,1110102000,2,GOBHAC,2026-01-13 00:00:00,S,0,110,7000000.0,,,,,0,0,,C,S,2026-01-13 11:49:47,,,,1,N
2026,1,254,25,GMADA,1110111000,3,CAS,2026-01-13 00:00:00,S,0,131,1500000.0,,,,,0,0,,C,S,2026-01-13 11:50:11,,,,1,N
2026,1,255,24,GMADA,1110102000,2,GOBHAC,2026-01-13 00:00:00,S,0,110,5000000.0,,,,,0,0,,C,S,2026-01-13 11:51:33,,,,1,N
2026,1,258,10,GMADA,1110102000,2,DELRU,2026-01-13 00:00:00,S,0,110,46800.0,,,,,0,0,,C,S,2026-01-13 11:55:11,,,,1,N
2026,1,259,11,GMADA,1110102000,2,MAYOR,2026-01-13 00:00:00,S,0,110,67500.0,,,,,0,0,,C,S,2026-01-13 11:55:36,,,,1,N
2026,1,260,13,GMADA,1110112000,19,CONTRA,2026-01-13 00:00:00,S,0,110,673848.5,,,,,0,0,,C,S,2026-01-13 11:57:18,,,,1,N
2026,1,261,21,GMADA,1110108000,14,PROD,2026-01-13 00:00:00,S,0,110,1100000.0,,,,,0,0,,C,S,2026-01-13 11:57:46,,,,1,N
2026,1,262,22,GMADA,1110106000,7,ACCSOC,2026-01-13 00:00:00,S,0,110,3000000.0,,,,,0,0,,C,S,2026-01-13 12:01:23,,,,1,N
2026,1,263,23,GMADA,1110108000,14,TACOS,2026-01-13 00:00:00,S,0,110,1503558.0,,,,,0,0,,C,S,2026-01-13 12:02:10,,,,1,N
2026,1,388,317,GMADA,1110106000,7,JARD,2026-01-19 00:00:00,A,324,110,-1800000.0,,,,,0,0,,N,S,2026-01-19 09:06:49,,,,0,N
2026,1,389,317,GMADA,1110106000,7,JARD,2026-01-19 00:00:00,S,0,132,1800000.0,,,,,0,0,,C,S,2026-01-19 09:07:53,,,,1,N
2026,1,390,287,GMADA,1110102000,2,AREAJ,2026-01-19 00:00:00,A,297,110,-3210307.0,,,,,0,0,,N,S,2026-01-19 09:09:01,,,,0,N
2026,1,391,287,GMADA,1110102000,2,AREAJ,2026-01-19 00:00:00,S,0,132,3210307.0,,,,,0,0,,C,S,2026-01-19 09:10:18,,,,1,N
2026,1,630,120,GMADA,1110106000,7,ACCSOC,2026-02-10 00:00:00,M,269,132,1603550.0,,,,,0,0,,N,S,2026-02-10 09:03:56,,,,1,N
2026,1,631,629,GMADA,1110105000,6,CULTUR,2026-02-10 00:00:00,S,0,110,250000.0,,,,,0,0,,C,S,2026-02-10 11:47:29,,,,2,N
2026,1,632,615,GMADA,1110105000,6,CULTUR,2026-02-10 00:00:00,S,0,110,800000.0,,,,,0,0,,C,S,2026-02-10 12:34:05,,,,1,N
2026,1,633,614,GMADA,1110105000,6,CULTUR,2026-02-10 00:00:00,S,0,110,500000.0,,,,,0,0,,C,S,2026-02-10 12:35:32,,,,1,N
2026,1,634,603,GMADA,1110112000,19,SEHA,2026-02-10 00:00:00,S,0,110,16200.0,,,,,0,0,,C,S,2026-02-10 12:35:53,,,,1,N
2026,1,635,600,GMADA,1110106000,7,ENV,2026-02-10 00:00:00,S,0,132,12934.0,,,,,0,0,,C,S,2026-02-10 12:36:28,,,,1,N
2026,1,636,601,GMADA,1110106000,7,ENV,2026-02-10 00:00:00,S,0,132,66000.0,,,,,0,0,,C,S,2026-02-10 12:37:10,,,,1,N
2026,1,637,602,GMADA,1110106000,7,ACCSOC,2026-02-10 00:00:00,S,0,132,110000.0,,,,,0,0,,C,S,2026-02-10 12:38:40,,,,1,N
2026,1,638,608,GMADA,1110106000,7,ENV,2026-02-10 00:00:00,S,0,132,62920.0,,,,,0,0,,C,S,2026-02-10 12:39:05,,,,1,N
2026,1,639,610,GMADA,1110106000,7,ACCSOC,2026-02-10 00:00:00,S,0,110,180000.0,,,,,0,0,,C,S,2026-02-10 12:59:20,,,,1,N
2026,1,640,621,GMADA,1110105000,6,MUSH,2026-02-10 00:00:00,S,0,110,95000.0,,,,,0,0,,C,S,2026-02-10 13:00:23,,,,1,N
2026,1,641,584,GMADA,1110102000,2,GOB,2026-02-10 00:00:00,S,0,110,4750000.0,,,,,0,0,,C,S,2026-02-10 13:01:52,,,,1,N
2026,1,642,639,GMADA,1110104000,5,HOSP,2026-02-11 00:00:00,S,0,131,500000.0,,,,,0,0,,C,S,2026-02-11 07:39:55,,,,2,N
2026,1,643,592,GMADA,1110112000,19,CONTRA,2026-02-11 00:00:00,S,0,110,122500.0,,,,,0,0,,C,S,2026-02-11 08:10:14,,,,1,N
2026,1,644,591,GMADA,1110112000,19,INGPU,2026-02-11 00:00:00,S,0,110,24000.2,,,,,0,0,,C,S,2026-02-11 08:12:43,,,,1,N
2026,1,645,582,GMADA,1110109000,13,DEP,2026-02-11 00:00:00,S,0,110,9600.0,,,,,0,0,,C,S,2026-02-11 08:14:14,,,,1,N
2026,1,646,588,GMADA,1110109000,13,DEP,2026-02-11 00:00:00,S,0,110,15900.0,,,,,0,0,,C,S,2026-02-11 08:15:11,,,,1,N
2026,1,647,528,GMADA,1110106000,7,ACCSOC,2026-02-11 00:00:00,S,0,110,75500.0,,,,,0,0,,C,S,2026-02-11 08:17:31,,,,1,N
2026,1,648,576,GMADA,1110106000,7,ENV,2026-02-11 00:00:00,S,0,132,75116.0,,,,,0,0,,C,S,2026-02-11 08:19:57,,,,1,N
2026,1,649,579,GMADA,1110106000,7,JARD,2026-02-11 00:00:00,S,0,132,62720.0,,,,,0,0,,C,S,2026-02-11 08:23:29,,,,1,N
2026,1,650,581,GMADA,1110106000,7,ENV,2026-02-11 00:00:00,S,0,132,38750.0,,,,,0,0,,C,S,2026-02-11 08:39:23,,,,1,N
2026,1,651,583,GMADA,1110106000,7,ACCSOC,2026-02-11 00:00:00,S,0,110,2470000.0,,,,,0,0,,C,S,2026-02-11 08:57:24,,,,1,N
2026,1,654,590,GMADA,1110109000,13,DEP,2026-02-11 00:00:00,S,0,110,4800.0,,,,,0,0,,C,S,2026-02-11 09:39:39,,,,1,N
2026,1,655,606,GMADA,1110111000,3,CAS,2026-02-11 00:00:00,S,0,131,820000.0,,,,,0,0,,C,S,2026-02-11 09:41:50,,,,1,N
2026,1,656,604,GMADA,1110118000,25,DECI,2026-02-11 00:00:00,S,0,110,64146.0,,,,,0,0,,C,S,2026-02-11 09:44:19,,,,1,N
2026,1,657,599,GMADA,1110118000,25,000SU,2026-02-11 00:00:00,S,0,110,78000.0,,,,,0,0,,C,S,2026-02-11 10:00:19,,,,1,N
2026,1,658,597,GMADA,1110118000,25,DECI,2026-02-11 00:00:00,S,0,110,563612.0,,,,,0,0,,C,S,2026-02-11 10:55:13,,,,1,N
2026,1,659,596,GMADA,1110118000,25,000SU,2026-02-11 00:00:00,S,0,110,161600.0,,,,,0,0,,C,S,2026-02-11 10:55:33,,,,1,N
2026,1,660,595,GMADA,1110118000,25,000SU,2026-02-11 00:00:00,S,0,110,163971.0,,,,,0,0,,C,S,2026-02-11 10:57:24,,,,1,N
2026,1,661,594,GMADA,1110118000,25,000SU,2026-02-11 00:00:00,S,0,110,65000.0,,,,,0,0,,C,S,2026-02-11 10:58:18,,,,1,N
2026,1,662,575,GMADA,1110118000,25,18C,2026-02-11 00:00:00,S,0,110,24550.0,,,,,0,0,,C,S,2026-02-11 10:59:05,,,,1,N
2026,1,663,569,GMADA,1110111000,3,CAS,2026-02-11 00:00:00,A,614,131,-127500.0,,,,,0,0,,N,S,2026-02-11 11:00:58,,,,0,N
2026,1,664,569,GMADA,1110111000,3,CAS,2026-02-11 00:00:00,S,0,131,1275000.0,,,,,0,0,,C,S,2026-02-11 11:07:47,,,,2,N
2026,1,1916,1823,GMADA,1110104000,5,LAV,2026-05-19 00:00:00,S,0,131,408663.28,,,,,0,0,,C,S,2026-05-19 08:39:40,,,,1,N
2026,1,1919,1822,GMADA,1110104000,5,BROM,2026-05-19 00:00:00,S,0,110,17000.0,,,,,0,0,,C,S,2026-05-19 08:43:54,,,,1,N
2026,1,1920,1821,GMADA,1110104000,5,HOSP,2026-05-19 00:00:00,S,0,131,150000.0,,,,,0,0,,C,S,2026-05-19 08:46:06,,,,1,N
2026,1,1921,1820,GMADA,1110104000,5,PO,2026-05-19 00:00:00,S,0,131,1074438.57,,,,,0,0,,C,S,2026-05-19 08:47:15,,,,1,N
2026,1,1922,1819,GMADA,1110104000,5,COC,2026-05-19 00:00:00,S,0,131,33000.0,,,,,0,0,,C,S,2026-05-19 08:48:17,,,,1,N
2026,1,1923,1818,GMADA,1110104000,5,COC,2026-05-19 00:00:00,S,0,131,66000.0,,,,,0,0,,C,S,2026-05-19 08:49:10,,,,1,N
2026,1,1924,1817,GMADA,1110104000,5,HOSP,2026-05-19 00:00:00,S,0,131,272000.0,,,,,0,0,,C,S,2026-05-19 08:50:13,,,,1,N
2026,1,1925,1806,GMADA,1110104000,5,COC,2026-05-19 00:00:00,S,0,131,571500.0,,,,,0,0,,C,S,2026-05-19 08:51:28,,,,1,N
2026,1,1926,1807,GMADA,1110104000,5,FARM,2026-05-19 00:00:00,S,0,131,42200.0,,,,,0,0,,C,S,2026-05-19 08:53:33,,,,2,N
2026,1,1927,1815,GMADA,1110104000,5,HOSP,2026-05-19 00:00:00,S,0,131,798000.0,,,,,0,0,,C,S,2026-05-19 08:54:49,,,,1,N
2026,1,1928,1816,GMADA,1110104000,5,HOSP,2026-05-19 00:00:00,S,0,131,80000.0,,,,,0,0,,C,S,2026-05-19 08:59:05,,,,1,N
2026,1,1929,1805,GMADA,1110104000,5,HOGANC,2026-05-19 00:00:00,S,0,131,232400.0,,,,,0,0,,C,S,2026-05-19 09:00:34,,,,1,N
2026,1,1930,1783,GMADA,1110104000,5,LAB,2026-05-19 00:00:00,S,0,131,1699029.73,,,,,0,0,,C,S,2026-05-19 09:02:06,,,,1,N
2026,1,1931,1781,GMADA,1110104000,5,HOGANC,2026-05-19 00:00:00,S,0,131,80656.8,,,,,0,0,,C,S,2026-05-19 09:04:16,,,,1,N
2026,1,1932,1780,GMADA,1110104000,5,BROM,2026-05-19 00:00:00,S,0,110,89000.0,,,,,0,0,,C,S,2026-05-19 09:06:02,,,,1,N
2026,1,1933,1830,GMADA,1110108000,14,PROD,2026-05-19 00:00:00,S,0,110,6300.02,,,,,0,0,,C,S,2026-05-19 09:08:42,,,,1,N
2026,1,1934,1831,GMADA,1110102000,2,DELRU,2026-05-19 00:00:00,S,0,110,78500.0,,,,,0,0,,C,S,2026-05-19 09:14:04,,,,1,N
2026,1,1935,1833,GMADA,1110118000,25,000SU,2026-05-19 00:00:00,S,0,110,46777.5,,,,,0,0,,C,S,2026-05-19 09:15:08,,,,1,N
2026,1,1936,1824,GMADA,1110118000,25,000SU,2026-05-19 00:00:00,S,0,110,44000.0,,,,,0,0,,C,S,2026-05-19 09:19:03,,,,1,N
2026,1,1937,1825,GMADA,1110118000,25,DECI,2026-05-19 00:00:00,S,0,110,405200.0,,,,,0,0,,C,S,2026-05-19 09:19:49,,,,1,N
2026,1,2382,2283,GMADA,1110106000,7,ACCSOC,2026-06-22 00:00:00,S,0,110,217100.0,,,,,0,0,,C,S,2026-06-22 11:08:09,,,,2,N
2026,1,2383,2284,GMADA,1110102000,2,GOBHAC,2026-06-22 00:00:00,S,0,110,162900.0,,,,,0,0,,C,S,2026-06-22 11:08:53,,,,2,N
2026,1,2384,2285,GMADA,1110113000,20,SECSEG,2026-06-22 00:00:00,S,0,110,469999.0,,,,,0,0,,C,S,2026-06-22 11:59:27,,,,2,N
2026,1,2385,2282,GMADA,1110112000,19,CONTRA,2026-06-22 00:00:00,S,0,110,1471449.8,,,,,0,0,,C,S,2026-06-22 12:12:14,,,,1,N
2026,1,2689,2608,GMADA,1110108000,14,TACOS,2026-07-15 00:00:00,S,0,110,1826286.0,,,,,0,0,,C,S,2026-07-15 11:06:36,,,,2,N
2026,1,2692,2533,GMADA,1110103000,3,OPP,2026-07-15 00:00:00,S,0,110,2500000.0,,,,,0,0,,C,S,2026-07-15 12:45:30,,,,1,N
2026,1,2693,2594,GMADA,1110103000,3,OPP,2026-07-15 00:00:00,S,0,110,5400000.0,,,,,0,0,,C,S,2026-07-15 12:46:11,,,,1,N
2026,1,2694,2535,GMADA,1110103000,3,OPP,2026-07-15 00:00:00,S,0,110,430000.0,,,,,0,0,,C,S,2026-07-15 12:47:15,,,,1,N
2026,1,2695,2532,GMADA,1110103000,3,OPP,2026-07-15 00:00:00,S,0,110,180000.0,,,,,0,0,,C,S,2026-07-15 12:48:05,,,,1,N
2026,1,2696,2564,GMADA,1110103000,3,OPP,2026-07-15 00:00:00,S,0,110,53000.0,,,,,0,0,,C,S,2026-07-15 12:50:40,,,,1,N
2026,1,2697,2566,GMADA,1110103000,3,OPP,2026-07-15 00:00:00,S,0,110,60925.0,,,,,0,0,,C,S,2026-07-15 12:51:12,,,,1,N
2026,1,2698,2570,GMADA,1110103000,3,OPP,2026-07-15 00:00:00,S,0,110,55675.0,,,,,0,0,,C,S,2026-07-15 12:51:55,,,,1,N
2026,1,2699,2571,GMADA,1110103000,3,OPP,2026-07-15 00:00:00,S,0,110,16270.0,,,,,0,0,,C,S,2026-07-15 12:53:14,,,,1,N
2026,1,2700,2593,GMADA,1110118000,25,000R,2026-07-15 00:00:00,S,0,110,238000.0,,,,,0,0,,C,S,2026-07-15 12:57:12,,,,1,N
2026,1,2701,2612,GMADA,1110108000,14,PROD,2026-07-15 00:00:00,S,0,110,272250.0,,,,,0,0,,C,S,2026-07-15 12:58:33,,,,2,N
2026,1,1938,1826,GMADA,1110118000,25,000SU,2026-05-19 00:00:00,S,0,110,108600.0,,,,,0,0,,C,S,2026-05-19 09:20:55,,,,1,N
2026,1,1318,1249,GMADA,1110102000,2,GOBHAC,2026-04-07 00:00:00,S,0,110,20150.26,,,,,0,0,,C,S,2026-04-07 12:34:46,,,,1,N
2026,1,1547,1459,GMADA,1110105000,6,BA,2026-04-22 00:00:00,S,0,132,66000.0,,,,,0,0,,C,S,2026-04-22 12:07:49,,,,1,N
2026,1,1548,1470,GMADA,1110113000,20,SECSEG,2026-04-22 00:00:00,S,0,110,360000.0,,,,,0,0,,C,S,2026-04-22 12:18:00,,,,2,N
2026,1,1549,1471,GMADA,1110113000,20,SECSEG,2026-04-22 00:00:00,S,0,110,284310.0,,,,,0,0,,C,S,2026-04-22 12:19:11,,,,1,N
2026,1,1550,1437,GMADA,1110106000,7,ENV,2026-04-22 00:00:00,S,0,132,150145.16,,,,,0,0,,C,S,2026-04-22 12:20:08,,,,1,N
2026,1,1551,1447,GMADA,1110106000,7,ACCSOC,2026-04-22 00:00:00,S,0,132,8030267.0,,,,,0,0,,C,S,2026-04-22 12:22:21,,,,1,N
2026,1,1552,1455,GMADA,1110106000,7,ACCSOC,2026-04-22 00:00:00,S,0,110,25000.0,,,,,0,0,,C,S,2026-04-22 12:25:18,,,,1,N
2026,1,1553,1452,GMADA,1110118000,25,DECI,2026-04-22 00:00:00,S,0,110,65400.0,,,,,0,0,,C,S,2026-04-22 12:27:27,,,,1,N
2026,1,1554,1454,GMADA,1110118000,25,000SU,2026-04-22 00:00:00,S,0,110,34140.0,,,,,0,0,,C,S,2026-04-22 12:28:45,,,,1,N
2026,1,1555,1457,GMADA,1110118000,25,000SU,2026-04-22 00:00:00,S,0,110,190020.0,,,,,0,0,,C,S,2026-04-22 12:29:31,,,,1,N
2026,1,1556,1460,GMADA,1110118000,25,000SU,2026-04-22 00:00:00,S,0,110,210000.0,,,,,0,0,,C,S,2026-04-22 12:30:03,,,,1,N
2026,1,1557,1466,GMADA,1110111000,3,CAS,2026-04-22 00:00:00,S,0,131,140000.0,,,,,0,0,,C,S,2026-04-22 12:31:06,,,,1,N
2026,1,1558,162,GMADA,1110111000,3,CAS,2026-04-22 00:00:00,A,191,131,-64520.0,,,,,0,0,,N,S,2026-04-22 12:40:28,,,,1,N
2026,1,1566,1519,GMADA,1110111000,3,CAS,2026-04-24 00:00:00,S,0,131,4336440.0,,,,,0,0,,C,S,2026-04-24 08:54:49,,,,1,N
2026,1,1567,1510,GMADA,1110103000,3,OPP,2026-04-24 00:00:00,S,0,132,5967895.05,,,,,0,0,,C,S,2026-04-24 09:21:56,,,,1,N
2026,1,1568,1511,GMADA,1110103000,3,OPP,2026-04-24 00:00:00,S,0,132,3963950.0,,,,,0,0,,C,S,2026-04-24 09:22:39,,,,1,N
2026,1,1570,1526,GMADA,1110105000,6,TURIS,2026-04-24 00:00:00,S,0,110,240000.0,,,,,0,0,,C,S,2026-04-24 12:18:10,,,,1,N
2026,1,2275,2204,GMADA,1110111000,3,CAS,2026-06-16 00:00:00,S,0,131,231182.97,,,,,0,0,,C,S,2026-06-16 08:49:25,,,,2,N
2026,1,2276,2205,GMADA,1110118000,25,000SU,2026-06-16 00:00:00,S,0,110,329987.23,,,,,0,0,,C,S,2026-06-16 09:16:23,,,,2,N
2026,1,1494,1425,GMADA,1110102000,2,MAYOR,2026-04-17 00:00:00,S,0,110,59999.0,,,,,0,0,,C,S,2026-04-17 10:52:58,,,,1,N
2026,1,452,442,GMADA,1110109000,13,DEP,2026-01-23 00:00:00,S,0,132,16760.0,,,,,0,0,,C,S,2026-01-23 10:33:48,,,,1,N
2026,1,539,530,GMADA,1110200000,8,PRESID,2026-01-30 00:00:00,S,0,110,1650000.0,,,,,0,0,,C,S,2026-01-30 11:10:41,,,,2,N
2026,1,540,529,GMADA,1110200000,8,PRESID,2026-01-30 00:00:00,S,0,110,312000.0,,,,,0,0,,C,S,2026-01-30 11:11:11,,,,2,N
2026,1,542,531,GMADA,1110104000,5,SALA I,2026-01-30 00:00:00,S,0,131,2653320.0,,,,,0,0,,C,S,2026-01-30 12:05:04,,,,2,N
2026,1,543,533,GMADA,1110104000,5,SALA I,2026-01-30 00:00:00,S,0,131,4398981.0,,,,,0,0,,C,S,2026-01-30 12:17:12,,,,1,N
2026,1,805,754,GMADA,1110105000,6,TURIS,2026-02-23 00:00:00,S,0,110,210000.0,,,,,0,0,,C,S,2026-02-23 07:54:44,,,,2,N
2026,1,807,758,GMADA,1110105000,6,CASA,2026-02-23 00:00:00,S,0,110,21000.0,,,,,0,0,,C,S,2026-02-23 10:21:56,,,,1,N
2026,1,808,760,GMADA,1110105000,6,TURIS,2026-02-23 00:00:00,S,0,110,274000.0,,,,,0,0,,C,S,2026-02-23 10:23:04,,,,1,N
2026,1,809,759,GMADA,1110118000,25,18C,2026-02-23 00:00:00,S,0,110,8500.0,,,,,0,0,,C,S,2026-02-23 10:24:26,,,,1,N
2026,1,810,755,GMADA,1110118000,25,18C,2026-02-23 00:00:00,S,0,110,15000.0,,,,,0,0,,C,S,2026-02-23 10:25:07,,,,1,N
2026,1,811,640,GMADA,1110111000,3,CAS,2026-02-23 00:00:00,S,0,131,1109600.0,,,,,0,0,,C,S,2026-02-23 10:26:32,,,,1,N
2026,1,812,777,GMADA,1110112000,19,SEHA,2026-02-23 00:00:00,S,0,110,296000.0,,,,,0,0,,C,S,2026-02-23 10:28:52,,,,1,N
2026,1,813,778,GMADA,1110112000,19,CONTRA,2026-02-23 00:00:00,S,0,110,1084690.62,,,,,0,0,,C,S,2026-02-23 10:29:20,,,,1,N
2026,1,814,779,GMADA,1110113000,20,SECSEG,2026-02-23 00:00:00,S,0,110,595000.0,,,,,0,0,,C,S,2026-02-23 11:17:07,,,,2,N
2026,1,1079,1010,GMADA,1110106000,7,ACCSOC,2026-03-13 00:00:00,S,0,132,990000.0,,,,,0,0,,C,S,2026-03-13 08:37:52,,,,1,N
2026,1,1080,1053,GMADA,1110102000,2,MAYOR,2026-03-13 00:00:00,S,0,110,656400.0,,,,,0,0,,C,S,2026-03-13 08:41:20,,,,2,N
2026,1,1081,1054,GMADA,1110102000,2,MAYOR,2026-03-13 00:00:00,S,0,110,1039354.3,,,,,0,0,,C,S,2026-03-13 08:42:21,,,,2,N
2026,1,1082,1011,GMADA,1110118000,25,DECI,2026-03-13 00:00:00,S,0,110,388000.0,,,,,0,0,,C,S,2026-03-13 08:43:02,,,,1,N
2026,1,1083,1014,GMADA,1110118000,25,000SU,2026-03-13 00:00:00,S,0,110,304800.0,,,,,0,0,,C,S,2026-03-13 08:43:20,,,,1,N
2026,1,1084,1018,GMADA,1110118000,25,000SU,2026-03-13 00:00:00,S,0,110,775000.0,,,,,0,0,,C,S,2026-03-13 09:10:24,,,,1,N
2026,1,1085,1029,GMADA,1110118000,25,000SU,2026-03-13 00:00:00,S,0,110,630894.0,,,,,0,0,,C,S,2026-03-13 09:11:49,,,,1,N
2026,1,1086,1030,GMADA,1110118000,25,000SU,2026-03-13 00:00:00,S,0,110,543500.0,,,,,0,0,,C,S,2026-03-13 09:14:09,,,,1,N
2026,1,1087,945,GMADA,1110109000,13,DEP,2026-03-13 00:00:00,S,0,132,7650.0,,,,,0,0,,C,S,2026-03-13 09:14:29,,,,1,N
2026,1,1088,965,GMADA,1110104000,5,HOGANC,2026-03-13 00:00:00,A,1035,131,-13400.0,,,,,0,0,,N,S,2026-03-13 09:18:00,,,,0,N
2026,1,1089,1034,GMADA,1110113000,20,SECSEG,2026-03-13 00:00:00,S,0,110,348500.0,,,,,0,0,,C,S,2026-03-13 09:20:24,,,,1,N
2026,1,1090,1035,GMADA,1110113000,20,SECSEG,2026-03-13 00:00:00,S,0,110,455500.0,,,,,0,0,,C,S,2026-03-13 09:23:42,,,,1,N
2026,1,1091,1037,GMADA,1110113000,20,SECSEG,2026-03-13 00:00:00,S,0,110,459000.0,,,,,0,0,,C,S,2026-03-13 09:25:08,,,,1,N
2026,1,1092,1033,GMADA,1110113000,20,SECSEG,2026-03-13 00:00:00,S,0,110,210689.0,,,,,0,0,,C,S,2026-03-13 09:28:20,,,,1,N
2026,1,1093,1023,GMADA,1110104000,5,LAV,2026-03-13 00:00:00,S,0,131,638481.85,,,,,0,0,,C,S,2026-03-13 09:33:36,,,,1,N
2026,1,1094,1024,GMADA,1110104000,5,HOSP,2026-03-13 00:00:00,S,0,131,1785000.0,,,,,0,0,,C,S,2026-03-13 09:34:09,,,,1,N
2026,1,1095,1008,GMADA,1110104000,5,FARM,2026-03-13 00:00:00,S,0,131,7928060.23,,,,,0,0,,C,S,2026-03-13 09:42:26,,,,1,N
2026,1,1096,1027,GMADA,1110104000,5,HOSP,2026-03-13 00:00:00,S,0,131,77500.0,,,,,0,0,,C,S,2026-03-13 09:51:31,,,,1,N
2026,1,1097,990,GMADA,1110104000,5,HOSP,2026-03-13 00:00:00,S,0,131,3048800.0,,,,,0,0,,C,S,2026-03-13 10:01:26,,,,1,N
2026,1,1098,1012,GMADA,1110104000,5,QUI,2026-03-13 00:00:00,S,0,131,50000.0,,,,,0,0,,C,S,2026-03-13 10:04:00,,,,1,N
2026,1,1099,1032,GMADA,1110109000,13,DEP,2026-03-13 00:00:00,S,0,110,15300.0,,,,,0,0,,C,S,2026-03-13 10:32:46,,,,1,N
2026,1,1100,1031,GMADA,1110109000,13,DEP,2026-03-13 00:00:00,S,0,110,450000.0,,,,,0,0,,C,S,2026-03-13 10:33:18,,,,1,N
2026,1,1101,1041,GMADA,1110109000,13,DEP,2026-03-13 00:00:00,S,0,110,250000.0,,,,,0,0,,C,S,2026-03-13 10:34:33,,,,1,N
2026,1,1102,1040,GMADA,1110106000,7,ACCSOC,2026-03-13 00:00:00,S,0,132,340000.0,,,,,0,0,,C,S,2026-03-13 10:43:29,,,,2,N
2026,1,1103,1038,GMADA,1110106000,7,ACCSOC,2026-03-13 00:00:00,S,0,131,710717.6,,,,,0,0,,C,S,2026-03-13 10:43:43,,,,2,N
2026,1,1104,1013,GMADA,1110104000,5,HOGANC,2026-03-13 00:00:00,S,0,131,536900.0,,,,,0,0,,C,S,2026-03-13 11:37:11,,,,1,N
2026,1,1105,1015,GMADA,1110104000,5,HOSP,2026-03-13 00:00:00,S,0,131,970305.0,,,,,0,0,,C,S,2026-03-13 11:40:25,,,,1,N
2026,1,1106,1016,GMADA,1110104000,5,HOSP,2026-03-13 00:00:00,S,0,131,75210.0,,,,,0,0,,C,S,2026-03-13 11:42:09,,,,1,N
2026,1,1107,1017,GMADA,1110104000,11,BROM,2026-03-13 00:00:00,S,0,110,82500.0,,,,,0,0,,C,S,2026-03-13 11:42:28,,,,1,N
2026,1,1108,1021,GMADA,1110104000,5,HOSP,2026-03-13 00:00:00,S,0,131,876000.0,,,,,0,0,,C,S,2026-03-13 11:42:44,,,,1,N
2026,1,1109,1060,GMADA,1110109000,13,DEP,2026-03-13 00:00:00,S,0,110,280000.0,,,,,0,0,,C,S,2026-03-13 12:38:10,,,,3,N
2026,1,1227,1141,GMADA,1110105000,6,MUSH,2026-03-31 00:00:00,A,1212,131,-29500.0,,,,,0,0,,N,S,2026-03-31 09:55:42,,,,0,N
2026,1,1228,1141,GMADA,1110105000,6,MUSH,2026-03-31 00:00:00,S,0,110,29500.0,,,,,0,0,,C,S,2026-03-31 10:08:56,,,,1,N
2026,1,1229,1149,GMADA,1110104000,5,COC,2026-03-31 00:00:00,S,0,131,1652297.0,,,,,0,0,,C,S,2026-03-31 10:14:24,,,,1,N
2026,1,1230,1108,GMADA,1110104000,5,COC,2026-03-31 00:00:00,S,0,131,1379038.0,,,,,0,0,,C,S,2026-03-31 10:14:40,,,,1,N
2026,1,1231,1166,GMADA,1110118000,25,000SU,2026-03-31 00:00:00,S,0,110,65000.0,,,,,0,0,,C,S,2026-03-31 10:17:18,,,,1,N
2026,1,1232,1165,GMADA,1110118000,25,000SU,2026-03-31 00:00:00,S,0,110,80000.0,,,,,0,0,,C,S,2026-03-31 10:18:42,,,,1,N
2026,1,1233,1148,GMADA,1110104000,5,HOGANC,2026-03-31 00:00:00,S,0,131,1824994.0,,,,,0,0,,C,S,2026-03-31 10:28:47,,,,1,N
2026,1,1234,1147,GMADA,1110104000,5,FARM,2026-03-31 00:00:00,S,0,131,305158.37,,,,,0,0,,C,S,2026-03-31 10:29:50,,,,1,N
2026,1,1235,1143,GMADA,1110104000,5,FARM,2026-03-31 00:00:00,S,0,131,7046729.3,,,,,0,0,,C,S,2026-03-31 10:30:50,,,,1,N
2026,1,1236,1155,GMADA,1110104000,11,BROM,2026-03-31 00:00:00,S,0,110,225500.0,,,,,0,0,,A,S,2026-03-31 10:32:04,2026-04-06 12:23:33,ERROR,,1,N
2026,1,1237,1153,GMADA,1110104000,5,COC,2026-03-31 00:00:00,S,0,131,637000.0,,,,,0,0,,C,S,2026-03-31 10:34:06,,,,1,N
2026,1,1238,1156,GMADA,1110104000,5,HOGANC,2026-03-31 00:00:00,S,0,131,405352.2,,,,,0,0,,A,S,2026-03-31 10:36:11,2026-05-20 08:23:43,ERROR,,1,N
2026,1,1239,1152,GMADA,1110104000,5,HOGANC,2026-03-31 00:00:00,S,0,131,327000.0,,,,,0,0,,C,S,2026-03-31 10:37:08,,,,1,N
2026,1,1240,1151,GMADA,1110104000,5,COC,2026-03-31 00:00:00,S,0,131,626450.0,,,,,0,0,,C,S,2026-03-31 10:37:57,,,,1,N
2026,1,1241,1154,GMADA,1110104000,5,HOGANC,2026-03-31 00:00:00,S,0,131,70000.0,,,,,0,0,,C,S,2026-03-31 10:47:46,,,,1,N
2026,1,1242,1150,GMADA,1110104000,5,HOGANC,2026-03-31 00:00:00,S,0,131,184500.0,,,,,0,0,,C,S,2026-03-31 10:56:10,,,,1,N
2026,1,1243,831,GMADA,1110104000,5,FARM,2026-03-31 00:00:00,M,1000,131,565720.0,,,,,0,0,,N,S,2026-03-31 11:00:39,,,,1,N
2026,1,1244,1175,GMADA,1110104000,5,PO,2026-03-31 00:00:00,S,0,131,112960.0,,,,,0,0,,C,S,2026-03-31 11:02:52,,,,1,N
2026,1,1245,1171,GMADA,1110104000,5,LAB,2026-03-31 00:00:00,S,0,131,959493.84,,,,,0,0,,C,S,2026-03-31 11:03:09,,,,1,N
2026,1,1246,1169,GMADA,1110104000,5,HOSP,2026-03-31 00:00:00,S,0,131,160000.0,,,,,0,0,,C,S,2026-03-31 11:18:32,,,,1,N
2026,1,1247,1168,GMADA,1110104000,5,FARM,2026-03-31 00:00:00,S,0,131,2388158.53,,,,,0,0,,C,S,2026-03-31 11:19:54,,,,1,N
2026,1,1248,1170,GMADA,1110102000,2,GOBHAC,2026-03-31 00:00:00,S,0,110,5590.0,,,,,0,0,,C,S,2026-03-31 11:20:55,,,,1,N
2026,1,1249,1163,GMADA,1110106000,7,JARD,2026-03-31 00:00:00,S,0,132,850000.0,,,,,0,0,,C,S,2026-03-31 11:21:58,,,,1,N
2026,1,1250,1158,GMADA,1110105000,6,CULTUR,2026-03-31 00:00:00,S,0,110,693940.0,,,,,0,0,,C,S,2026-03-31 11:25:12,,,,1,N
2026,1,1251,1172,GMADA,1110200000,8,SECHCD,2026-03-31 00:00:00,S,0,110,10500.0,,,,,0,0,,C,S,2026-03-31 11:31:31,,,,1,N
2026,1,1252,1177,GMADA,1110111000,3,CAS,2026-03-31 00:00:00,S,0,131,7783030.0,,,,,0,0,,C,S,2026-03-31 11:32:51,,,,1,N
2026,1,1253,1167,GMADA,1110113000,20,SECSEG,2026-03-31 00:00:00,S,0,110,304000.0,,,,,0,0,,C,S,2026-03-31 11:33:27,,,,1,N
2026,1,1254,1160,GMADA,1110104000,5,FARM,2026-03-31 00:00:00,S,0,131,3132045.4,,,,,0,0,,C,S,2026-03-31 11:34:36,,,,1,N
2026,1,1255,1198,GMADA,1110104000,5,EST,2026-03-31 00:00:00,S,0,131,202644.75,,,,,0,0,,C,S,2026-03-31 12:40:44,,,,1,N
2026,1,14,90,GMADA,1110104000,5,SALA I,2026-01-05 00:00:00,S,0,131,2032800.0,,,,,0,0,,C,S,2026-01-05 09:06:45,,,,1,N
2026,1,15,61,GMADA,1110102000,2,GOBHAC,2026-01-05 00:00:00,S,0,110,2000000.0,,,,,0,0,,C,S,2026-01-05 09:33:06,,,,1,N
2026,1,16,59,GMADA,1110101000,1,INT,2026-01-05 00:00:00,S,0,110,7000000.0,,,,,0,0,,C,S,2026-01-05 09:34:47,,,,1,N
2026,1,17,58,GMADA,1110102000,2,GOBHAC,2026-01-05 00:00:00,S,0,110,2000000.0,,,,,0,0,,C,S,2026-01-05 09:37:18,,,,1,N
2026,1,18,49,GMADA,1110101000,1,INT,2026-01-05 00:00:00,S,0,110,3000000.0,,,,,0,0,,C,S,2026-01-05 09:38:39,,,,1,N
2026,1,19,47,GMADA,1110101000,1,INT,2026-01-05 00:00:00,S,0,110,2000000.0,,,,,0,0,,C,S,2026-01-05 09:40:55,,,,1,N
2026,1,21,46,GMADA,1110111000,3,CAS,2026-01-05 00:00:00,S,0,131,1500000.0,,,,,0,0,,C,S,2026-01-05 10:36:49,,,,1,N
2026,1,22,42,GMADA,1110102000,2,GOBHAC,2026-01-05 00:00:00,S,0,110,3000000.0,,,,,0,0,,C,S,2026-01-05 10:38:02,,,,1,N
2026,1,23,56,GMADA,1110102000,2,GOB,2026-01-05 00:00:00,S,0,110,1500000.0,,,,,0,0,,C,S,2026-01-05 10:38:56,,,,1,N
2026,1,24,57,GMADA,1110101000,1,INT,2026-01-05 00:00:00,S,0,110,7000000.0,,,,,0,0,,C,S,2026-01-05 10:42:16,,,,1,N
2026,1,806,761,GMADA,1110112000,19,CONTAD,2026-02-23 00:00:00,S,0,110,3630000.0,,,,,0,0,,C,S,2026-02-23 08:06:17,,,,1,N
2026,1,839,786,GMADA,1110118000,25,000SU,2026-02-26 00:00:00,S,0,110,292371.0,,,,,0,0,,C,S,2026-02-26 07:57:46,,,,1,N
2026,1,840,784,GMADA,1110118000,25,000SU,2026-02-26 00:00:00,S,0,110,1276200.0,,,,,0,0,,C,S,2026-02-26 07:58:47,,,,1,N
2026,1,841,818,GMADA,1110105000,6,CULTUR,2026-02-26 00:00:00,S,0,110,75000.0,,,,,0,0,,C,S,2026-02-26 08:00:34,,,,1,N
2026,1,842,808,GMADA,1110109000,13,DEP,2026-02-26 00:00:00,S,0,110,500000.0,,,,,0,0,,C,S,2026-02-26 08:02:20,,,,1,N
2026,1,843,810,GMADA,1110109000,13,DEP,2026-02-26 00:00:00,S,0,110,166500.0,,,,,0,0,,C,S,2026-02-26 08:09:42,,,,1,N
2026,1,845,812,GMADA,1110109000,13,DEP,2026-02-26 00:00:00,S,0,110,340000.0,,,,,0,0,,A,S,2026-02-26 08:12:32,2026-03-09 07:24:53,ERROR,,1,N
2026,1,846,797,GMADA,1110113000,20,SECSEG,2026-02-26 00:00:00,S,0,110,1570000.0,,,,,0,0,,C,S,2026-02-26 08:26:15,,,,1,N
2026,1,847,772,GMADA,1110104000,5,FARM,2026-02-26 00:00:00,S,0,131,5325216.2,,,,,0,0,,C,S,2026-02-26 08:27:34,,,,2,N
2026,1,848,796,GMADA,1110104000,5,LAV,2026-02-26 00:00:00,S,0,131,497777.59,,,,,0,0,,C,S,2026-02-26 08:30:45,,,,2,N
2026,1,849,793,GMADA,1110104000,5,HOGANC,2026-02-26 00:00:00,S,0,131,185293.58,,,,,0,0,,C,S,2026-02-26 08:34:27,,,,2,N
2026,1,850,802,GMADA,1110104000,5,HOSP,2026-02-26 00:00:00,S,0,131,170000.0,,,,,0,0,,C,S,2026-02-26 08:43:46,,,,3,N
2026,1,851,794,GMADA,1110104000,5,LAB,2026-02-26 00:00:00,S,0,131,4024482.54,,,,,0,0,,C,S,2026-02-26 08:46:33,,,,1,N
2026,1,856,805,GMADA,1110104000,5,ADM,2026-02-26 00:00:00,S,0,131,319000.0,,,,,0,0,,C,S,2026-02-26 09:33:40,,,,1,N
2026,1,858,783,GMADA,1110104000,5,INTER,2026-02-26 00:00:00,S,0,131,450000.0,,,,,0,0,,C,S,2026-02-26 09:35:23,,,,2,N
2026,1,859,782,GMADA,1110104000,5,QUI,2026-02-26 00:00:00,S,0,131,119000.0,,,,,0,0,,C,S,2026-02-26 09:50:51,,,,1,N
2026,1,860,776,GMADA,1110104000,5,FARM,2026-02-26 00:00:00,S,0,131,1186830.0,,,,,0,0,,C,S,2026-02-26 09:52:53,,,,1,N
2026,1,861,775,GMADA,1110104000,5,FARM,2026-02-26 00:00:00,S,0,131,260976.16,,,,,0,0,,C,S,2026-02-26 09:54:09,,,,1,N
2026,1,862,771,GMADA,1110104000,11,BROM,2026-02-26 00:00:00,S,0,110,52900.0,,,,,0,0,,C,S,2026-02-26 09:55:32,,,,1,N
2026,1,863,769,GMADA,1110104000,5,LAB,2026-02-26 00:00:00,S,0,131,1361668.42,,,,,0,0,,C,S,2026-02-26 09:57:21,,,,1,N
2026,1,864,768,GMADA,1110104000,5,FARM,2026-02-26 00:00:00,S,0,131,2321489.69,,,,,0,0,,C,S,2026-02-26 10:03:30,,,,1,N
2026,1,865,780,GMADA,1110104000,5,PO,2026-02-26 00:00:00,S,0,131,180000.0,,,,,0,0,,C,S,2026-02-26 10:05:25,,,,1,N
2026,1,866,766,GMADA,1110104000,5,FARM,2026-02-26 00:00:00,S,0,131,5916739.18,,,,,0,0,,C,S,2026-02-26 10:06:47,,,,2,N
2026,1,867,767,GMADA,1110104000,5,FARM,2026-02-26 00:00:00,S,0,131,2463332.93,,,,,0,0,,C,S,2026-02-26 10:09:55,,,,1,N
2026,1,868,785,GMADA,1110109000,13,DEP,2026-02-26 00:00:00,S,0,110,4000.0,,,,,0,0,,C,S,2026-02-26 10:12:29,,,,2,N
2026,1,869,787,GMADA,1110118000,25,000SU,2026-02-26 00:00:00,S,0,110,116910.0,,,,,0,0,,C,S,2026-02-26 10:13:03,,,,1,N
2026,1,873,843,GMADA,1110106000,7,ACCSOC,2026-02-26 00:00:00,S,0,131,710717.6,,,,,0,0,,C,S,2026-02-26 10:58:43,,,,2,N
2026,1,874,817,GMADA,1110104000,5,HOSP,2026-02-26 00:00:00,S,0,131,76472.0,,,,,0,0,,C,S,2026-02-26 11:26:07,,,,1,N
2026,1,875,807,GMADA,1110104000,11,BROM,2026-02-26 00:00:00,S,0,110,8000.0,,,,,0,0,,C,S,2026-02-26 11:34:14,,,,1,N
2026,1,876,827,GMADA,1110113000,20,SECSEG,2026-02-26 00:00:00,S,0,110,600000.0,,,,,0,0,,C,S,2026-02-26 11:35:32,,,,1,N
2026,1,877,821,GMADA,1110113000,20,SECSEG,2026-02-26 00:00:00,S,0,110,45749.7,,,,,0,0,,C,S,2026-02-26 11:40:57,,,,1,N
2026,1,878,822,GMADA,1110113000,20,SECSEG,2026-02-26 00:00:00,S,0,110,600000.0,,,,,0,0,,C,S,2026-02-26 11:41:46,,,,1,N
2026,1,879,820,GMADA,1110108000,14,PROD,2026-02-26 00:00:00,S,0,110,1660000.0,,,,,0,0,,C,S,2026-02-26 11:44:33,,,,1,N
2026,1,880,825,GMADA,1110112000,19,CONTRA,2026-02-26 00:00:00,S,0,110,25000.0,,,,,0,0,,C,S,2026-02-26 11:47:18,,,,2,N
2026,1,881,824,GMADA,1110111000,3,CAS,2026-02-26 00:00:00,S,0,131,120004.4,,,,,0,0,,C,S,2026-02-26 11:50:04,,,,1,N
2026,1,882,850,GMADA,1110109000,13,DEP,2026-02-26 00:00:00,S,0,110,44640.0,,,,,0,0,,C,S,2026-02-26 12:09:08,,,,1,N
2026,1,1044,976,GMADA,1110109000,13,DEP,2026-03-10 00:00:00,A,1018,110,-140000.0,,,,,0,0,,N,S,2026-03-10 12:08:40,,,,0,N
2026,1,1055,976,GMADA,1110109000,13,DEP,2026-03-10 00:00:00,S,0,110,140000.0,,,,,0,0,,C,S,2026-03-10 12:39:41,,,,2,N
2026,1,1056,1009,GMADA,1110102000,2,GOBHAC,2026-03-10 00:00:00,S,0,110,172800.0,,,,,0,0,,C,S,2026-03-10 12:53:52,,,,2,N
2026,1,1608,1381,GMADA,1110118000,25,000SU,2026-04-28 00:00:00,S,0,110,18332000.0,,,,,0,0,,C,S,2026-04-28 09:00:19,,,,1,N
2026,1,1633,1563,GMADA,1110105000,6,CULTUR,2026-04-29 00:00:00,S,0,110,300000.0,,,,,0,0,,C,S,2026-04-29 09:23:56,,,,1,N
2026,1,1634,1564,GMADA,1110105000,6,CULTUR,2026-04-29 00:00:00,S,0,110,200000.0,,,,,0,0,,C,S,2026-04-29 09:24:33,,,,1,N
2026,1,1806,1595,GMADA,1110104000,5,LAB,2026-05-11 00:00:00,S,0,131,2684076.0,,,,,0,0,,C,S,2026-05-11 08:44:02,,,,2,N
2026,1,1807,1596,GMADA,1110104000,5,LAB,2026-05-11 00:00:00,S,0,131,1858208.0,,,,,0,0,,C,S,2026-05-11 08:44:33,,,,2,N
2026,1,1808,1597,GMADA,1110104000,5,LAB,2026-05-11 00:00:00,S,0,131,1978640.0,,,,,0,0,,C,S,2026-05-11 08:45:09,,,,2,N
2026,1,1809,1598,GMADA,1110104000,5,LAB,2026-05-11 00:00:00,S,0,131,2591312.0,,,,,0,0,,C,S,2026-05-11 08:46:21,,,,2,N
2026,1,1833,1753,GMADA,1110106000,7,JARD,2026-05-13 00:00:00,S,0,132,37079.7,,,,,0,0,,C,S,2026-05-13 07:52:03,,,,1,N
2026,1,1834,1752,GMADA,1110106000,7,JARD,2026-05-13 00:00:00,S,0,132,21100.0,,,,,0,0,,C,S,2026-05-13 07:54:57,,,,1,N
2026,1,1835,1751,GMADA,1110106000,7,GRAN,2026-05-13 00:00:00,S,0,110,31100.0,,,,,0,0,,C,S,2026-05-13 07:56:05,,,,1,N
2026,1,1836,1644,GMADA,1110106000,7,ENV,2026-05-13 00:00:00,S,0,132,10100.21,,,,,0,0,,C,S,2026-05-13 08:02:02,,,,1,N
2026,1,1837,1779,GMADA,1110101000,1,CEREM,2026-05-13 00:00:00,S,0,110,828099.8,,,,,0,0,,C,S,2026-05-13 08:04:13,,,,1,N
2026,1,1848,1713,GMADA,1110104000,5,HOSP,2026-05-13 00:00:00,S,0,131,106107.09,,,,,0,0,,C,S,2026-05-13 08:46:32,,,,1,N
2026,1,1849,1712,GMADA,1110104000,5,COC,2026-05-13 00:00:00,S,0,131,1769365.0,,,,,0,0,,C,S,2026-05-13 08:47:56,,,,1,N
2026,1,1850,1711,GMADA,1110104000,5,LAV,2026-05-13 00:00:00,S,0,131,120000.0,,,,,0,0,,C,S,2026-05-13 08:49:12,,,,1,N
2026,1,1851,1710,GMADA,1110104000,5,INTER,2026-05-13 00:00:00,S,0,131,195000.0,,,,,0,0,,C,S,2026-05-13 08:51:44,,,,1,N
2026,1,1852,1709,GMADA,1110104000,5,OSA,2026-05-13 00:00:00,S,0,131,105420.58,,,,,0,0,,C,S,2026-05-13 08:58:19,,,,1,N
2026,1,1853,1555,GMADA,1110104000,5,HOSP,2026-05-13 00:00:00,S,0,131,260000.0,,,,,0,0,,C,S,2026-05-13 09:00:46,,,,1,N
2026,1,1854,1687,GMADA,1110104000,5,HOSP,2026-05-13 00:00:00,S,0,131,516100.0,,,,,0,0,,C,S,2026-05-13 09:03:08,,,,1,N
2026,1,1855,1754,GMADA,1110102000,2,GOBHAC,2026-05-13 00:00:00,S,0,110,323740.2,,,,,0,0,,C,S,2026-05-13 09:08:57,,,,1,N
2026,1,1856,1755,GMADA,1110111000,3,CAS,2026-05-13 00:00:00,S,0,131,105196.0,,,,,0,0,,C,S,2026-05-13 09:14:49,,,,1,N
2026,1,1857,1729,GMADA,1110106000,7,ACCSOC,2026-05-13 00:00:00,S,0,132,141470.0,,,,,0,0,,C,S,2026-05-13 10:32:29,,,,1,N
2026,1,1858,1733,GMADA,1110106000,7,ENV,2026-05-13 00:00:00,S,0,132,110530.0,,,,,0,0,,C,S,2026-05-13 10:35:42,,,,1,N
2026,1,1859,1732,GMADA,1110106000,7,JARD,2026-05-13 00:00:00,S,0,132,217490.0,,,,,0,0,,C,S,2026-05-13 10:36:31,,,,1,N
2026,1,1860,1734,GMADA,1110106000,7,ACCSOC,2026-05-13 00:00:00,S,0,110,250800.0,,,,,0,0,,C,S,2026-05-13 10:37:05,,,,1,N
2026,1,1861,1736,GMADA,1110106000,7,ACCSOC,2026-05-13 00:00:00,S,0,132,224000.0,,,,,0,0,,C,S,2026-05-13 10:37:49,,,,1,N
2026,1,1862,1737,GMADA,1110106000,7,ENV,2026-05-13 00:00:00,S,0,132,79800.0,,,,,0,0,,C,S,2026-05-13 10:39:13,,,,1,N
2026,1,1863,1778,GMADA,1110111000,3,CAS,2026-05-13 00:00:00,S,0,131,1187322.0,,,,,0,0,,C,S,2026-05-13 11:19:46,,,,1,N
2026,1,1864,1777,GMADA,1110111000,3,CAS,2026-05-13 00:00:00,S,0,131,731628.0,,,,,0,0,,C,S,2026-05-13 11:24:37,,,,1,N
2026,1,1865,1774,GMADA,1110103000,3,OPP,2026-05-13 00:00:00,S,0,132,333100837.41,,,,,0,0,,C,S,2026-05-13 12:08:22,,,,2,N
2026,1,1866,1785,GMADA,1110103000,3,OPP,2026-05-13 00:00:00,S,0,132,93015096.23,,,,,0,0,,C,S,2026-05-13 12:08:56,,,,2,N
2026,1,1867,1787,GMADA,1110103000,3,OPP,2026-05-13 00:00:00,S,0,132,40974628.87,,,,,0,0,,A,S,2026-05-13 12:13:32,2026-05-13 12:20:43,ERROR,,1,N
2026,1,1868,1787,GMADA,1110103000,3,OPP,2026-05-13 00:00:00,A,1867,132,-40974628.87,,,,,0,0,,N,S,2026-05-13 12:20:43,,,,0,N
2026,1,1869,1787,GMADA,1110103000,3,OPP,2026-05-13 00:00:00,S,0,110,40974628.87,,,,,0,0,,C,S,2026-05-13 12:21:25,,,,2,N
2026,1,1887,1786,GMADA,1110108000,14,PROD,2026-05-14 00:00:00,A,1871,110,-120000.0,,,,,0,0,,N,S,2026-05-14 10:31:45,,,,0,N
2026,1,1888,1796,GMADA,1110104000,5,LAB,2026-05-14 00:00:00,S,0,131,252128.7,,,,,0,0,,C,S,2026-05-14 11:21:00,,,,2,N
2026,1,1889,1793,GMADA,1110118000,25,DECI,2026-05-14 00:00:00,S,0,110,20930.0,,,,,0,0,,C,S,2026-05-14 11:22:41,,,,1,N
2026,1,1890,1792,GMADA,1110118000,25,DECI,2026-05-14 00:00:00,S,0,110,82860.0,,,,,0,0,,C,S,2026-05-14 11:23:45,,,,1,N
2026,1,1891,1791,GMADA,1110118000,25,DECI,2026-05-14 00:00:00,S,0,110,266850.0,,,,,0,0,,C,S,2026-05-14 11:26:27,,,,1,N
2026,1,1892,1794,GMADA,1110111000,3,CAS,2026-05-14 00:00:00,S,0,131,640000.0,,,,,0,0,,C,S,2026-05-14 11:27:11,,,,1,N
2026,1,1893,1786,GMADA,1110108000,14,PROD,2026-05-14 00:00:00,S,0,110,120000.0,,,,,0,0,,C,S,2026-05-14 12:44:23,,,,1,N
2026,1,1983,1906,GMADA,1110113000,20,SECSEG,2026-05-22 00:00:00,S,0,132,1998000.0,,,,,0,0,,C,S,2026-05-22 10:27:19,,,,1,N
2026,1,2033,1963,GMADA,1110111000,3,CAS,2026-05-28 00:00:00,S,0,131,482179.23,,,,,0,0,,C,S,2026-05-28 07:54:17,,,,2,N
2026,1,2034,1689,GMADA,1110104000,5,COC,2026-05-28 00:00:00,S,0,131,851200.0,,,,,0,0,,C,S,2026-05-28 08:52:45,,,,2,N
2026,1,2035,1936,GMADA,1110113000,20,SECSEG,2026-05-28 00:00:00,S,0,110,3400.0,,,,,0,0,,C,S,2026-05-28 09:06:55,,,,1,N
2026,1,2036,1941,GMADA,1110113000,20,SECSEG,2026-05-28 00:00:00,S,0,110,520000.0,,,,,0,0,,C,S,2026-05-28 09:08:02,,,,1,N
2026,1,2037,1948,GMADA,1110109000,13,DEP,2026-05-28 00:00:00,S,0,110,37000.0,,,,,0,0,,C,S,2026-05-28 09:09:11,,,,1,N
2026,1,2038,1910,GMADA,1110109000,13,DEP,2026-05-28 00:00:00,S,0,110,481535.0,,,,,0,0,,C,S,2026-05-28 09:10:21,,,,1,N
2026,1,2039,1947,GMADA,1110109000,13,DEP,2026-05-28 00:00:00,S,0,110,6300.0,,,,,0,0,,C,S,2026-05-28 09:12:44,,,,1,N
2026,1,2040,1889,GMADA,1110103000,3,OPP,2026-05-28 00:00:00,S,0,132,337980.0,,,,,0,0,,C,S,2026-05-28 09:13:39,,,,1,N
2026,1,2041,1944,GMADA,1110118000,25,000SU,2026-05-28 00:00:00,S,0,110,8015040.0,,,,,0,0,,C,S,2026-05-28 09:17:30,,,,1,N
2026,1,2042,1945,GMADA,1110118000,25,000SU,2026-05-28 00:00:00,S,0,110,2677700.0,,,,,0,0,,C,S,2026-05-28 09:21:19,,,,1,N
2026,1,2043,1946,GMADA,1110111000,3,CAS,2026-05-28 00:00:00,S,0,131,232000.0,,,,,0,0,,C,S,2026-05-28 09:22:05,,,,1,N
2026,1,2044,1930,GMADA,1110105000,6,MUMA,2026-05-28 00:00:00,S,0,110,88500.0,,,,,0,0,,C,S,2026-05-28 09:22:49,,,,1,N
2026,1,2045,1933,GMADA,1110105000,6,MUMA,2026-05-28 00:00:00,S,0,110,200000.0,,,,,0,0,,C,S,2026-05-28 09:23:50,,,,1,N
2026,1,2046,1931,GMADA,1110105000,6,ARCHH,2026-05-28 00:00:00,S,0,110,170000.0,,,,,0,0,,C,S,2026-05-28 09:24:45,,,,1,N
2026,1,2047,1932,GMADA,1110105000,6,MUSH,2026-05-28 00:00:00,S,0,110,500000.0,,,,,0,0,,C,S,2026-05-28 09:27:54,,,,1,N
2026,1,2048,1899,GMADA,1110106000,7,ENV,2026-05-28 00:00:00,S,0,132,360000.0,,,,,0,0,,C,S,2026-05-28 10:10:41,,,,1,N
2026,1,2049,1897,GMADA,1110106000,7,ACCSOC,2026-05-28 00:00:00,S,0,110,13400.0,,,,,0,0,,C,S,2026-05-28 10:11:39,,,,1,N
2026,1,2050,1900,GMADA,1110106000,7,JARD,2026-05-28 00:00:00,S,0,132,300000.0,,,,,0,0,,C,S,2026-05-28 10:12:24,,,,1,N
2026,1,2051,1883,GMADA,1110113000,20,SECSEG,2026-05-28 00:00:00,S,0,110,84310.0,,,,,0,0,,C,S,2026-05-28 10:13:43,,,,1,N
2026,1,2053,1881,GMADA,1110113000,20,SECSEG,2026-05-28 00:00:00,S,0,110,2000000.0,,,,,0,0,,C,S,2026-05-28 10:34:06,,,,1,N
2026,1,2054,1880,GMADA,1110113000,20,SECSEG,2026-05-28 00:00:00,S,0,110,1700000.0,,,,,0,0,,C,S,2026-05-28 10:35:02,,,,1,N
2026,1,2055,1892,GMADA,1110104000,5,HEMO,2026-05-28 00:00:00,S,0,131,125000.0,,,,,0,0,,C,S,2026-05-28 10:37:03,,,,1,N
2026,1,2056,1891,GMADA,1110104000,5,FARM,2026-05-28 00:00:00,S,0,131,1553609.85,,,,,0,0,,C,S,2026-05-28 10:40:47,,,,1,N
2026,1,2057,1902,GMADA,1110104000,5,FARM,2026-05-28 00:00:00,S,0,131,2459000.0,,,,,0,0,,C,S,2026-05-28 10:41:40,,,,1,N
2026,1,2058,1903,GMADA,1110104000,5,FARM,2026-05-28 00:00:00,S,0,131,165129.88,,,,,0,0,,C,S,2026-05-28 10:42:46,,,,1,N
2026,1,2059,1886,GMADA,1110104000,5,FARM,2026-05-28 00:00:00,S,0,131,268934.62,,,,,0,0,,C,S,2026-05-28 10:44:39,,,,1,N
2026,1,2060,1887,GMADA,1110104000,5,LAB,2026-05-28 00:00:00,S,0,131,116160.0,,,,,0,0,,C,S,2026-05-28 11:17:19,,,,1,N
2026,1,2061,1890,GMADA,1110104000,5,FARM,2026-05-28 00:00:00,S,0,131,54449.5,,,,,0,0,,C,S,2026-05-28 11:20:44,,,,1,N
2026,1,2062,1911,GMADA,1110104000,5,HOSP,2026-05-28 00:00:00,S,0,131,425298.17,,,,,0,0,,C,S,2026-05-28 11:21:08,,,,1,N
2026,1,2063,1912,GMADA,1110104000,5,FARM,2026-05-28 00:00:00,S,0,131,791586.0,,,,,0,0,,C,S,2026-05-28 11:35:50,,,,1,N
2026,1,2064,1913,GMADA,1110104000,5,HOSP,2026-05-28 00:00:00,S,0,131,275923.8,,,,,0,0,,C,S,2026-05-28 11:38:50,,,,1,N
2026,1,2065,1914,GMADA,1110104000,5,HOSP,2026-05-28 00:00:00,S,0,131,200682.78,,,,,0,0,,C,S,2026-05-28 11:39:41,,,,1,N
2026,1,2066,1844,GMADA,1110104000,5,PEDIAT,2026-05-28 00:00:00,S,0,131,26700.0,,,,,0,0,,C,S,2026-05-28 11:40:37,,,,1,N
2026,1,2085,1987,GMADA,1110111000,3,CAS,2026-06-01 00:00:00,S,0,131,550000.0,,,,,0,0,,C,S,2026-06-01 08:59:01,,,,1,N
2026,1,2086,1980,GMADA,1110111000,3,CAS,2026-06-01 00:00:00,S,0,131,217172.5,,,,,0,0,,C,S,2026-06-01 11:07:52,,,,1,N
2026,1,2087,1973,GMADA,1110105000,6,CULTUR,2026-06-01 00:00:00,S,0,110,180000.0,,,,,0,0,,C,S,2026-06-01 11:08:45,,,,1,N
2026,1,2088,1988,GMADA,1110105000,6,TURIS,2026-06-01 00:00:00,S,0,110,560000.0,,,,,0,0,,C,S,2026-06-01 11:13:42,,,,2,N
2026,1,2089,1985,GMADA,1110102000,2,GOBHAC,2026-06-01 00:00:00,S,0,110,200000.0,,,,,0,0,,C,S,2026-06-01 11:14:48,,,,1,N
2026,1,2090,1990,GMADA,1110111000,3,CAS,2026-06-01 00:00:00,S,0,131,8836000.0,,,,,0,0,,C,S,2026-06-01 11:47:05,,,,2,N
2026,1,2091,1979,GMADA,1110102000,2,GOBHAC,2026-06-01 00:00:00,S,0,110,844622.73,,,,,0,0,,C,S,2026-06-01 11:59:34,,,,1,N
2026,1,2124,2041,GMADA,1110117000,24,000A,2026-06-03 00:00:00,S,0,110,147100.0,,,,,0,0,,C,S,2026-06-03 07:33:21,,,,2,N
2026,1,2125,2012,GMADA,1110106000,7,ACCSOC,2026-06-03 00:00:00,S,0,131,114690.9,,,,,0,0,,C,S,2026-06-03 08:29:26,,,,1,N
2026,1,2126,1957,GMADA,1110104000,5,COC,2026-06-03 00:00:00,A,2070,131,-70800.0,,,,,0,0,,N,S,2026-06-03 08:33:26,,,,1,N
2026,1,2127,1997,GMADA,1110118000,25,000SU,2026-06-03 00:00:00,S,0,132,17672000.0,,,,,0,0,,C,S,2026-06-03 09:46:54,,,,1,N
2026,1,2128,1998,GMADA,1110118000,25,BARU,2026-06-03 00:00:00,S,0,132,4859800.0,,,,,0,0,,C,S,2026-06-03 09:47:12,,,,1,N
2026,1,2134,2021,GMADA,1110118000,25,000SU,2026-06-03 00:00:00,S,0,110,579813.38,,,,,0,0,,C,S,2026-06-03 12:07:28,,,,2,N
2026,1,2135,2058,GMADA,1110104000,5,HOSP,2026-06-03 00:00:00,S,0,131,1030000.0,,,,,0,0,,C,S,2026-06-03 12:31:08,,,,1,N
2026,1,2282,2210,GMADA,1110118000,25,000SU,2026-06-16 00:00:00,S,0,110,3080000.0,,,,,0,0,,C,S,2026-06-16 12:07:12,,,,1,N
2026,1,2283,2211,GMADA,1110118000,25,000SU,2026-06-16 00:00:00,S,0,110,1650000.0,,,,,0,0,,C,S,2026-06-16 12:08:15,,,,1,N
2026,1,2284,2212,GMADA,1110111000,3,CAS,2026-06-16 00:00:00,S,0,131,15463000.0,,,,,0,0,,C,S,2026-06-16 12:08:57,,,,1,N
2026,1,2285,2207,GMADA,1110115000,22,DIRINF,2026-06-16 00:00:00,S,0,110,95000.0,,,,,0,0,,C,S,2026-06-16 12:09:36,,,,1,N
2026,1,2286,2209,GMADA,1110102000,2,GOBHAC,2026-06-16 00:00:00,S,0,110,87500.0,,,,,0,0,,C,S,2026-06-16 12:10:13,,,,1,N
2026,1,2287,2170,GMADA,1110106000,7,ACCSOC,2026-06-16 00:00:00,S,0,132,8028960.0,,,,,0,0,,C,S,2026-06-16 12:10:47,,,,1,N
2026,1,2288,2171,GMADA,1110106000,7,JARD,2026-06-16 00:00:00,S,0,132,8933.4,,,,,0,0,,C,S,2026-06-16 12:11:25,,,,1,N
2026,1,2289,2150,GMADA,1110106000,7,ACCSOC,2026-06-16 00:00:00,S,0,132,200000.0,,,,,0,0,,C,S,2026-06-16 12:46:38,,,,1,N
2026,1,2290,2168,GMADA,1110111000,3,CAS,2026-06-16 00:00:00,S,0,131,369927.17,,,,,0,0,,C,S,2026-06-16 12:47:45,,,,1,N
2026,1,2291,2167,GMADA,1110113000,20,SECSEG,2026-06-16 00:00:00,S,0,110,180860.0,,,,,0,0,,C,S,2026-06-16 12:48:26,,,,1,N
2026,1,2292,2166,GMADA,1110113000,20,SECSEG,2026-06-16 00:00:00,S,0,110,160600.0,,,,,0,0,,C,S,2026-06-16 12:48:59,,,,1,N
2026,1,2293,2165,GMADA,1110113000,20,SECSEG,2026-06-16 00:00:00,S,0,110,187500.0,,,,,0,0,,C,S,2026-06-16 12:51:21,,,,1,N
2026,1,2294,2164,GMADA,1110113000,20,SECSEG,2026-06-16 00:00:00,S,0,110,90000.0,,,,,0,0,,C,S,2026-06-16 12:52:05,,,,1,N
2026,1,2295,2163,GMADA,1110113000,20,SECSEG,2026-06-16 00:00:00,S,0,110,6450.0,,,,,0,0,,C,S,2026-06-16 12:53:24,,,,1,N
2026,1,2337,2221,GMADA,1110105000,6,MUMA,2026-06-19 00:00:00,S,0,110,25500.0,,,,,0,0,,C,S,2026-06-19 07:55:50,,,,1,N
2026,1,2338,2189,GMADA,1110104000,5,COC,2026-06-19 00:00:00,S,0,131,3036579.84,,,,,0,0,,C,S,2026-06-19 07:59:22,,,,1,N
2026,1,2339,2188,GMADA,1110104000,5,HOGANC,2026-06-19 00:00:00,S,0,131,1121900.19,,,,,0,0,,C,S,2026-06-19 08:02:39,,,,1,N
2026,1,2340,2191,GMADA,1110104000,5,PO,2026-06-19 00:00:00,S,0,131,1298451.0,,,,,0,0,,C,S,2026-06-19 08:08:00,,,,1,N
2026,1,2341,2194,GMADA,1110104000,5,COC,2026-06-19 00:00:00,S,0,131,1887505.0,,,,,0,0,,C,S,2026-06-19 08:09:01,,,,1,N
2026,1,2342,2195,GMADA,1110104000,5,COC,2026-06-19 00:00:00,S,0,131,1627481.0,,,,,0,0,,C,S,2026-06-19 08:10:41,,,,1,N
2026,1,2343,2208,GMADA,1110104000,5,FARM,2026-06-19 00:00:00,S,0,131,1002946.0,,,,,0,0,,C,S,2026-06-19 08:11:00,,,,1,N
2026,1,2344,2193,GMADA,1110104000,5,CONEX,2026-06-19 00:00:00,S,0,131,1756950.0,,,,,0,0,,C,S,2026-06-19 08:12:14,,,,1,N
2026,1,2345,2192,GMADA,1110104000,5,PO,2026-06-19 00:00:00,S,0,131,269997.95,,,,,0,0,,C,S,2026-06-19 08:13:56,,,,1,N
2026,1,2346,2254,GMADA,1110104000,5,HOSP,2026-06-19 00:00:00,S,0,131,8500000.0,,,,,0,0,,C,S,2026-06-19 08:14:58,,,,1,N
2026,1,2481,1814,GMADA,1110104000,5,HOSP,2026-06-29 00:00:00,A,1897,131,-360000.0,,,,,0,0,,N,S,2026-06-29 10:54:02,,,,0,N
2026,1,2558,2426,GMADA,1110118000,25,000SU,2026-07-06 00:00:00,S,0,110,35000.0,,,,,0,0,,C,S,2026-07-06 08:06:42,,,,1,N
2026,1,2559,2433,GMADA,1110118000,25,000SU,2026-07-06 00:00:00,S,0,110,282065.62,,,,,0,0,,C,S,2026-07-06 08:07:45,,,,1,N
2026,1,2560,2431,GMADA,1110118000,25,000SU,2026-07-06 00:00:00,S,0,110,1842000.0,,,,,0,0,,C,S,2026-07-06 08:08:53,,,,1,N
2026,1,2561,2430,GMADA,1110118000,25,000SU,2026-07-06 00:00:00,S,0,110,350000.0,,,,,0,0,,C,S,2026-07-06 08:10:22,,,,1,N
2026,1,2562,2441,GMADA,1110118000,25,000SU,2026-07-06 00:00:00,S,0,110,453750.0,,,,,0,0,,C,S,2026-07-06 08:12:17,,,,1,N
2026,1,2574,2500,GMADA,1110102000,2,PRENS,2026-07-06 00:00:00,S,0,110,19000.0,,,,,0,0,,C,S,2026-07-06 11:56:52,,,,2,N
2026,1,2575,2503,GMADA,1110105000,6,CULTUR,2026-07-06 00:00:00,S,0,110,100000.0,,,,,0,0,,C,S,2026-07-06 12:38:41,,,,1,N
2026,1,2576,2418,GMADA,1110106000,7,GRAN,2026-07-06 00:00:00,S,0,110,1348862.97,,,,,0,0,,C,S,2026-07-06 13:21:34,,,,2,N
2026,1,2577,2432,GMADA,1110106000,7,ACCSOC,2026-07-06 00:00:00,S,0,131,2942068.95,,,,,0,0,,C,S,2026-07-06 13:22:31,,,,1,N
2026,1,2578,2434,GMADA,1110106000,7,ACCSOC,2026-07-06 00:00:00,S,0,131,1011220.86,,,,,0,0,,C,S,2026-07-06 13:23:38,,,,1,N
2026,1,2579,2435,GMADA,1110106000,7,ACCSOC,2026-07-06 00:00:00,S,0,131,3558946.8,,,,,0,0,,C,S,2026-07-06 13:24:21,,,,1,N
2026,1,2580,2498,GMADA,1110102000,2,GOBHAC,2026-07-06 00:00:00,S,0,110,128962.0,,,,,0,0,,C,S,2026-07-06 13:26:49,,,,1,N
2026,1,2581,2481,GMADA,1110111000,3,CAS,2026-07-06 00:00:00,S,0,131,186000.0,,,,,0,0,,C,S,2026-07-06 13:27:46,,,,1,N
2026,1,2582,2487,GMADA,1110105000,6,MUMA,2026-07-06 00:00:00,S,0,110,117939.63,,,,,0,0,,C,S,2026-07-06 13:28:50,,,,1,N
2026,1,2583,2501,GMADA,1110111000,3,CAS,2026-07-06 00:00:00,S,0,131,100000.0,,,,,0,0,,C,S,2026-07-06 13:29:36,,,,1,N
2026,1,2584,2490,GMADA,1110118000,25,000SU,2026-07-06 00:00:00,S,0,110,469537.0,,,,,0,0,,C,S,2026-07-06 13:30:41,,,,1,N
2026,1,2585,2485,GMADA,1110108000,14,PROD,2026-07-06 00:00:00,S,0,110,156000.0,,,,,0,0,,C,S,2026-07-06 13:31:48,,,,1,N
2026,1,2586,2484,GMADA,1110108000,14,PROD,2026-07-06 00:00:00,S,0,110,9000.0,,,,,0,0,,C,S,2026-07-06 13:32:32,,,,1,N
2026,1,2587,2486,GMADA,1110104000,5,TRIA,2026-07-06 00:00:00,S,0,131,310000.0,,,,,0,0,,C,S,2026-07-06 13:33:53,,,,1,N
2026,1,2588,2468,GMADA,1110104000,5,FARM,2026-07-06 00:00:00,S,0,131,1012273.08,,,,,0,0,,C,S,2026-07-06 13:34:59,,,,1,N
2026,1,2589,2436,GMADA,1110106000,7,ACCSOC,2026-07-06 00:00:00,S,0,131,3558946.8,,,,,0,0,,C,S,2026-07-06 13:42:16,,,,1,N
2026,1,2590,2437,GMADA,1110106000,7,ACCSOC,2026-07-06 00:00:00,S,0,131,3558946.8,,,,,0,0,,C,S,2026-07-06 13:43:35,,,,1,N
2026,1,2591,2438,GMADA,1110106000,7,ACCSOC,2026-07-06 00:00:00,S,0,131,3558946.8,,,,,0,0,,C,S,2026-07-06 13:44:05,,,,2,N
2026,1,2592,2439,GMADA,1110106000,7,ACCSOC,2026-07-06 00:00:00,S,0,131,7294225.74,,,,,0,0,,C,S,2026-07-06 13:44:44,,,,1,N
2026,1,2593,2440,GMADA,1110106000,7,ACCSOC,2026-07-06 00:00:00,S,0,131,3558946.8,,,,,0,0,,C,S,2026-07-06 13:45:27,,,,1,N
2026,1,2594,2442,GMADA,1110106000,7,ACCSOC,2026-07-06 00:00:00,S,0,131,3558946.8,,,,,0,0,,C,S,2026-07-06 13:46:23,,,,1,N
2026,1,2595,2445,GMADA,1110106000,7,ACCSOC,2026-07-06 00:00:00,S,0,131,3558946.8,,,,,0,0,,C,S,2026-07-06 13:47:07,,,,2,N
2026,1,2596,2447,GMADA,1110106000,7,ACCSOC,2026-07-06 00:00:00,S,0,131,3558946.8,,,,,0,0,,C,S,2026-07-06 13:47:55,,,,1,N
2026,1,2597,2449,GMADA,1110106000,7,ACCSOC,2026-07-06 00:00:00,S,0,131,4008379.29,,,,,0,0,,C,S,2026-07-06 13:48:34,,,,2,N
2026,1,2598,2450,GMADA,1110106000,7,ACCSOC,2026-07-06 00:00:00,S,0,131,3783662.55,,,,,0,0,,C,S,2026-07-06 13:49:27,,,,2,N
2026,1,2599,2451,GMADA,1110106000,7,ACCSOC,2026-07-06 00:00:00,S,0,131,1011220.86,,,,,0,0,,C,S,2026-07-06 13:50:25,,,,2,N
2026,1,2600,2452,GMADA,1110106000,7,ACCSOC,2026-07-06 00:00:00,S,0,131,3558946.8,,,,,0,0,,C,S,2026-07-06 13:51:23,,,,1,N
2026,1,2601,2454,GMADA,1110106000,7,ACCSOC,2026-07-06 00:00:00,S,0,131,3558946.8,,,,,0,0,,C,S,2026-07-06 13:52:56,,,,3,N
2026,1,2602,2455,GMADA,1110106000,7,ACCSOC,2026-07-06 00:00:00,S,0,131,3558946.8,,,,,0,0,,C,S,2026-07-06 13:54:38,,,,2,N
2026,1,2603,2469,GMADA,1110104000,5,EST,2026-07-06 00:00:00,S,0,131,200000.0,,,,,0,0,,C,S,2026-07-06 13:56:13,,,,1,N
2026,1,2604,2466,GMADA,1110104000,5,FARM,2026-07-06 00:00:00,S,0,131,193410.0,,,,,0,0,,C,S,2026-07-06 13:57:18,,,,1,N
2026,1,2605,2465,GMADA,1110104000,5,FARM,2026-07-06 00:00:00,S,0,131,589201.66,,,,,0,0,,C,S,2026-07-06 13:58:59,,,,1,N
2026,1,2606,2463,GMADA,1110104000,5,FARM,2026-07-06 00:00:00,S,0,131,2728296.6,,,,,0,0,,C,S,2026-07-06 13:59:54,,,,1,N
2026,1,2607,2494,GMADA,1110117000,24,000J,2026-07-06 00:00:00,S,0,110,84361.0,,,,,0,0,,C,S,2026-07-06 14:01:18,,,,1,N
2026,1,2608,2459,GMADA,1110113000,20,SECSEG,2026-07-06 00:00:00,S,0,110,760000.0,,,,,0,0,,C,S,2026-07-06 14:01:56,,,,1,N
2026,1,2609,2483,GMADA,1110118000,25,000SU,2026-07-06 00:00:00,S,0,110,1960200.0,,,,,0,0,,C,S,2026-07-06 14:02:38,,,,1,N
2026,1,2610,2482,GMADA,1110118000,25,DECI,2026-07-06 00:00:00,S,0,110,53000.0,,,,,0,0,,C,S,2026-07-06 14:03:12,,,,1,N
2026,1,2611,2492,GMADA,1110102000,2,ARCHIV,2026-07-06 00:00:00,S,0,110,10256.0,,,,,0,0,,C,S,2026-07-06 14:03:48,,,,1,N
2026,1,2612,2491,GMADA,1110111000,3,CAS,2026-07-06 00:00:00,S,0,131,16076.2,,,,,0,0,,C,S,2026-07-06 14:04:33,,,,1,N
2026,1,2653,2569,GMADA,1110111000,3,CAS,2026-07-13 00:00:00,S,0,131,2700000.0,,,,,0,0,,C,S,2026-07-13 12:07:35,,,,1,N
2026,1,2705,2585,GMADA,1110118000,25,000SU,2026-07-16 00:00:00,S,0,110,1752649.78,,,,,0,0,,C,S,2026-07-16 09:23:31,,,,1,N
2026,1,2706,2582,GMADA,1110118000,25,000SU,2026-07-16 00:00:00,S,0,110,337000.0,,,,,0,0,,C,S,2026-07-16 09:24:44,,,,1,N
2026,1,2709,2556,GMADA,1110106000,7,ENV,2026-07-16 00:00:00,S,0,110,203000.0,,,,,0,0,,C,S,2026-07-16 09:35:26,,,,1,N
2026,1,2711,2567,GMADA,1110106000,7,ACCSOC,2026-07-16 00:00:00,S,0,132,1115000.0,,,,,0,0,,C,S,2026-07-16 09:36:43,,,,1,N
2026,1,2712,2560,GMADA,1110106000,7,DDS,2026-07-16 00:00:00,S,0,110,180000.0,,,,,0,0,,C,S,2026-07-16 09:37:46,,,,1,N
2026,1,2713,2558,GMADA,1110106000,7,JARD,2026-07-16 00:00:00,S,0,132,22152.2,,,,,0,0,,C,S,2026-07-16 09:40:44,,,,1,N
2026,1,2715,2583,GMADA,1110118000,25,000SU,2026-07-16 00:00:00,S,0,110,254000.0,,,,,0,0,,C,S,2026-07-16 09:47:20,,,,1,N
2026,1,2716,2563,GMADA,1110118000,25,000SU,2026-07-16 00:00:00,S,0,110,193000.0,,,,,0,0,,C,S,2026-07-16 09:47:37,,,,1,N
2026,1,75,156,GMADA,1110117000,24,000A,2026-01-07 00:00:00,S,0,110,4950000.0,,,,,0,0,,C,S,2026-01-07 09:14:23,,,,1,N
2026,1,969,958,GMADA,1110105000,6,CULTUR,2026-03-06 00:00:00,S,0,110,500000.0,,,,,0,0,,C,S,2026-03-06 08:47:58,,,,2,N
2026,1,970,954,GMADA,1110104000,5,HOSP,2026-03-06 00:00:00,S,0,131,43000.0,,,,,0,0,,C,S,2026-03-06 09:28:28,,,,1,N
2026,1,971,922,GMADA,1110108000,14,PROD,2026-03-06 00:00:00,S,0,110,1350000.0,,,,,0,0,,C,S,2026-03-06 09:48:22,,,,1,N
2026,1,973,967,GMADA,1110118000,25,000SU,2026-03-06 00:00:00,S,0,110,3000000.0,,,,,0,0,,C,S,2026-03-06 11:11:47,,,,2,N
2026,1,1470,1307,GMADA,1110118000,25,DECI,2026-04-16 00:00:00,S,0,110,800486.93,,,,,0,0,,C,S,2026-04-16 10:37:09,,,,1,N
2026,1,1471,1384,GMADA,1110104000,5,FARM,2026-04-16 00:00:00,S,0,131,4367833.2,,,,,0,0,,C,S,2026-04-16 10:39:19,,,,1,N
2026,1,1472,1388,GMADA,1110104000,5,HOSP,2026-04-16 00:00:00,S,0,131,289000.0,,,,,0,0,,C,S,2026-04-16 10:41:41,,,,1,N
2026,1,1474,1390,GMADA,1110104000,5,COC,2026-04-16 00:00:00,S,0,131,68300.0,,,,,0,0,,C,S,2026-04-16 10:42:10,,,,1,N
2026,1,1475,1389,GMADA,1110104000,5,COC,2026-04-16 00:00:00,S,0,131,147600.0,,,,,0,0,,C,S,2026-04-16 10:44:47,,,,1,N
2026,1,1476,1402,GMADA,1110104000,11,BROM,2026-04-16 00:00:00,S,0,110,162300.0,,,,,0,0,,C,S,2026-04-16 10:45:17,,,,1,N
2026,1,1477,1401,GMADA,1110104000,5,HOGANC,2026-04-16 00:00:00,S,0,131,814079.46,,,,,0,0,,C,S,2026-04-16 10:46:41,,,,1,N
2026,1,1478,1400,GMADA,1110104000,5,HEMO,2026-04-16 00:00:00,S,0,131,18783.0,,,,,0,0,,A,S,2026-04-16 10:48:59,2026-05-20 08:23:10,ERROR,,1,N
2026,1,1479,1288,GMADA,1110104000,5,SALA I,2026-04-16 00:00:00,S,0,131,38000.0,,,,,0,0,,C,S,2026-04-16 10:50:20,,,,1,N
2026,1,1480,1398,GMADA,1110104000,5,LAV,2026-04-16 00:00:00,S,0,131,491378.74,,,,,0,0,,C,S,2026-04-16 10:52:16,,,,1,N
2026,1,1481,1395,GMADA,1110104000,5,COC,2026-04-16 00:00:00,S,0,131,71553.06,,,,,0,0,,C,S,2026-04-16 10:54:07,,,,1,N
2026,1,1482,1394,GMADA,1110104000,5,NEUROL,2026-04-16 00:00:00,S,0,131,200000.0,,,,,0,0,,C,S,2026-04-16 10:56:00,,,,1,N
2026,1,1483,1393,GMADA,1110104000,5,COC,2026-04-16 00:00:00,S,0,131,40000.0,,,,,0,0,,C,S,2026-04-16 10:59:49,,,,1,N
2026,1,1484,1392,GMADA,1110104000,5,COC,2026-04-16 00:00:00,S,0,131,119000.0,,,,,0,0,,C,S,2026-04-16 11:00:16,,,,1,N
2026,1,1485,1391,GMADA,1110104000,5,HOGANC,2026-04-16 00:00:00,S,0,131,53000.0,,,,,0,0,,C,S,2026-04-16 11:08:25,,,,1,N
2026,1,1486,1407,GMADA,1110105000,6,BA,2026-04-16 00:00:00,S,0,132,346000.0,,,,,0,0,,C,S,2026-04-16 11:10:05,,,,1,N
2026,1,1487,1413,GMADA,1110104000,5,HOSP,2026-04-16 00:00:00,S,0,131,1130000.0,,,,,0,0,,C,S,2026-04-16 11:17:14,,,,1,N
2026,1,1560,1500,GMADA,1110102000,2,DELRU,2026-04-23 00:00:00,S,0,110,150000.0,,,,,0,0,,C,S,2026-04-23 10:35:28,,,,1,N
2026,1,1561,935,GMADA,1110104000,5,QUI,2026-04-23 00:00:00,A,965,131,-27520000.0,,,,,0,0,,N,S,2026-04-23 11:00:47,,,,0,N
2026,1,1562,935,GMADA,1110104000,5,QUI,2026-04-23 00:00:00,S,0,131,27520000.0,,,,,0,0,,C,S,2026-04-23 11:09:05,,,,1,N
2026,1,1563,1119,GMADA,1110104000,5,FARM,2026-04-23 00:00:00,M,1224,131,534922.0,,,,,0,0,,N,S,2026-04-23 11:31:52,,,,1,N
2026,1,1564,1119,GMADA,1110104000,5,FARM,2026-04-23 00:00:00,M,1224,131,19422.0,,,,,0,0,,N,S,2026-04-23 13:04:25,,,,1,N
2026,1,1798,1680,GMADA,1110104000,5,INTER,2026-05-11 00:00:00,S,0,131,160340.0,,,,,0,0,,C,S,2026-05-11 07:57:34,,,,1,N
2026,1,1799,1682,GMADA,1110104000,5,COC,2026-05-11 00:00:00,S,0,131,143175.18,,,,,0,0,,C,S,2026-05-11 08:26:55,,,,1,N
2026,1,1800,1681,GMADA,1110104000,5,INTER,2026-05-11 00:00:00,S,0,131,138750.0,,,,,0,0,,C,S,2026-05-11 08:28:18,,,,1,N
2026,1,1801,1683,GMADA,1110104000,5,SASM,2026-05-11 00:00:00,S,0,131,157234.0,,,,,0,0,,C,S,2026-05-11 08:30:42,,,,1,N
2026,1,1802,1684,GMADA,1110104000,5,HOSP,2026-05-11 00:00:00,S,0,131,517500.0,,,,,0,0,,C,S,2026-05-11 08:31:26,,,,1,N
2026,1,1803,1685,GMADA,1110104000,5,HEMO,2026-05-11 00:00:00,S,0,131,18783.0,,,,,0,0,,C,S,2026-05-11 08:33:11,,,,1,N
2026,1,1804,1609,GMADA,1110109000,13,DEP,2026-05-11 00:00:00,S,0,110,4725000.0,,,,,0,0,,C,S,2026-05-11 08:35:03,,,,1,N
2026,1,1805,1608,GMADA,1110109000,13,DEP,2026-05-11 00:00:00,S,0,110,4919750.0,,,,,0,0,,C,S,2026-05-11 08:35:48,,,,1,N
2026,1,1915,1847,GMADA,1110117000,24,000A,2026-05-19 00:00:00,S,0,110,5400000.0,,,,,0,0,,C,S,2026-05-19 08:30:18,,,,2,N
2026,1,1917,1835,GMADA,1110118000,25,000SU,2026-05-19 00:00:00,S,0,132,17504000.0,,,,,0,0,,C,S,2026-05-19 08:43:11,,,,2,N
2026,1,1918,1840,GMADA,1110118000,25,BARU,2026-05-19 00:00:00,S,0,132,2844400.0,,,,,0,0,,A,S,2026-05-19 08:43:31,2026-05-20 07:37:14,ERROR,,1,N
2026,1,1939,1849,GMADA,1110111000,3,CAS,2026-05-19 00:00:00,S,0,131,390000.0,,,,,0,0,,C,S,2026-05-19 11:39:46,,,,1,N
2026,1,1940,1828,GMADA,1110106000,7,DDS,2026-05-19 00:00:00,S,0,110,250000.0,,,,,0,0,,C,S,2026-05-19 11:40:38,,,,1,N
2026,1,1941,1750,GMADA,1110103000,3,OPP,2026-05-19 00:00:00,S,0,132,123710.4,,,,,0,0,,A,S,2026-05-19 11:41:39,2026-05-20 09:21:52,ERROR,,1,N
2026,1,1942,1829,GMADA,1110106000,7,ACCSOC,2026-05-19 00:00:00,S,0,132,1750000.0,,,,,0,0,,C,S,2026-05-19 11:43:10,,,,1,N
2026,1,1943,1838,GMADA,1110106000,7,ACCSOC,2026-05-19 00:00:00,S,0,110,2470000.0,,,,,0,0,,C,S,2026-05-19 11:51:51,,,,1,N
2026,1,1944,1837,GMADA,1110118000,25,000SU,2026-05-19 00:00:00,S,0,110,3180479.4,,,,,0,0,,C,S,2026-05-19 11:53:10,,,,1,N
2026,1,1945,1827,GMADA,1110118000,25,000SU,2026-05-19 00:00:00,S,0,110,1290389.4,,,,,0,0,,C,S,2026-05-19 11:54:37,,,,1,N
2026,1,1946,1845,GMADA,1110118000,25,000SU,2026-05-19 00:00:00,S,0,110,242757.18,,,,,0,0,,C,S,2026-05-19 11:55:37,,,,1,N
2026,1,1947,1839,GMADA,1110102000,2,GOBHAC,2026-05-19 00:00:00,S,0,110,867000.0,,,,,0,0,,C,S,2026-05-19 11:56:45,,,,1,N
2026,1,1973,1875,GMADA,1110108000,14,PROD,2026-05-21 00:00:00,S,0,110,2500000.0,,,,,0,0,,C,S,2026-05-21 10:16:24,,,,1,N
2026,1,1974,1863,GMADA,1110109000,13,DEP,2026-05-21 00:00:00,S,0,110,68090.0,,,,,0,0,,C,S,2026-05-21 10:19:57,,,,1,N
2026,1,1975,1873,GMADA,1110109000,13,DEP,2026-05-21 00:00:00,S,0,110,1674500.0,,,,,0,0,,C,S,2026-05-21 10:22:15,,,,1,N
2026,1,1976,1872,GMADA,1110109000,13,DEP,2026-05-21 00:00:00,S,0,110,587300.0,,,,,0,0,,C,S,2026-05-21 10:24:05,,,,1,N
2026,1,1977,1871,GMADA,1110109000,13,DEP,2026-05-21 00:00:00,S,0,110,4919750.0,,,,,0,0,,C,S,2026-05-21 10:24:45,,,,1,N
2026,1,2129,1999,GMADA,1110111000,3,CAS,2026-06-03 00:00:00,S,0,131,134220.0,,,,,0,0,,C,S,2026-06-03 10:20:04,,,,2,N
2026,1,2130,2014,GMADA,1110117000,24,000O,2026-06-03 00:00:00,S,0,110,165000.25,,,,,0,0,,C,S,2026-06-03 10:23:24,,,,1,N
2026,1,2131,2015,GMADA,1110117000,24,000F,2026-06-03 00:00:00,S,0,110,9000.0,,,,,0,0,,C,S,2026-06-03 10:46:00,,,,1,N
2026,1,2132,2001,GMADA,1110118000,25,DECI,2026-06-03 00:00:00,S,0,110,51018.8,,,,,0,0,,C,S,2026-06-03 10:47:28,,,,1,N
2026,1,2133,2016,GMADA,1110118000,25,000SU,2026-06-03 00:00:00,S,0,110,483026.0,,,,,0,0,,C,S,2026-06-03 10:48:48,,,,1,N
2026,1,2277,2202,GMADA,1110111000,3,CAS,2026-06-16 00:00:00,S,0,131,179575.2,,,,,0,0,,C,S,2026-06-16 11:15:46,,,,1,N
2026,1,2278,2201,GMADA,1110117000,24,000J,2026-06-16 00:00:00,S,0,110,30345.0,,,,,0,0,,C,S,2026-06-16 11:18:24,,,,1,N
2026,1,2279,2203,GMADA,1110111000,3,CAS,2026-06-16 00:00:00,S,0,131,396000.0,,,,,0,0,,C,S,2026-06-16 11:19:24,,,,1,N
2026,1,2280,2154,GMADA,1110118000,25,000SU,2026-06-16 00:00:00,S,0,110,189200.0,,,,,0,0,,C,S,2026-06-16 11:25:50,,,,1,N
2026,1,2281,2155,GMADA,1110118000,25,000SU,2026-06-16 00:00:00,S,0,110,944261.98,,,,,0,0,,C,S,2026-06-16 11:27:06,,,,1,N
2026,1,2482,2384,GMADA,1110105000,6,CULTUR,2026-06-29 00:00:00,S,0,110,1300000.0,,,,,0,0,,C,S,2026-06-29 10:57:07,,,,2,N
2026,1,2483,2380,GMADA,1110113000,20,SECSEG,2026-06-29 00:00:00,S,0,110,8220000.0,,,,,0,0,,C,S,2026-06-29 12:24:41,,,,2,N
2026,1,2484,2382,GMADA,1110113000,20,SECSEG,2026-06-29 00:00:00,S,0,110,5184000.0,,,,,0,0,,C,S,2026-06-29 12:25:56,,,,2,N
2026,1,2485,2353,GMADA,1110118000,25,000SU,2026-06-30 00:00:00,S,0,110,1693032.0,,,,,0,0,,C,S,2026-06-30 07:45:48,,,,1,N
2026,1,2486,2403,GMADA,1110105000,6,TURIS,2026-06-30 00:00:00,S,0,110,1000000.0,,,,,0,0,,C,S,2026-06-30 07:46:04,,,,3,N
2026,1,2487,2402,GMADA,1110118000,25,000SU,2026-06-30 00:00:00,S,0,110,9417362.31,,,,,0,0,,C,S,2026-06-30 08:05:30,,,,2,N
2026,1,2488,2388,GMADA,1110111000,3,CAS,2026-06-30 00:00:00,S,0,131,158689.0,,,,,0,0,,C,S,2026-06-30 08:06:22,,,,1,N
2026,1,2489,2378,GMADA,1110118000,25,000SU,2026-06-30 00:00:00,S,0,110,65000.0,,,,,0,0,,C,S,2026-06-30 08:06:41,,,,1,N
2026,1,2490,2379,GMADA,1110118000,25,000SU,2026-06-30 00:00:00,S,0,110,946732.43,,,,,0,0,,C,S,2026-06-30 08:08:17,,,,1,N
2026,1,2491,2381,GMADA,1110118000,25,000SU,2026-06-30 00:00:00,S,0,110,89000.0,,,,,0,0,,C,S,2026-06-30 08:08:38,,,,1,N
2026,1,2492,2385,GMADA,1110113000,20,SECSEG,2026-06-30 00:00:00,S,0,110,470000.0,,,,,0,0,,C,S,2026-06-30 08:11:17,,,,1,N
2026,1,2493,2390,GMADA,1110104000,5,HOSP,2026-06-30 00:00:00,S,0,131,26400000.0,,,,,0,0,,C,S,2026-06-30 08:14:52,,,,1,N
2026,1,2494,2389,GMADA,1110104000,5,INTER,2026-06-30 00:00:00,S,0,131,42900000.0,,,,,0,0,,C,S,2026-06-30 08:17:03,,,,1,N
2026,1,2495,2121,GMADA,1110101000,1,CEREM,2026-06-30 00:00:00,A,2220,110,-87500.0,,,,,0,0,,N,S,2026-06-30 09:39:54,,,,0,N
2026,1,2496,2408,GMADA,1110115000,22,DIRINF,2026-06-30 00:00:00,S,0,110,490180.6,,,,,0,0,,A,S,2026-06-30 10:36:16,2026-06-30 10:36:16,ERROR,,1,N
2026,1,2497,2408,GMADA,1110115000,22,DIRINF,2026-06-30 00:00:00,A,2496,110,-490180.6,,,,,0,0,,N,S,2026-06-30 10:36:16,,,,0,N
2026,1,2498,2408,GMADA,1110115000,22,DIRINF,2026-06-30 00:00:00,S,0,220,593118.53,,,,,0,0,,A,S,2026-06-30 11:00:19,2026-07-01 11:13:41,ERROR,,2,N
2026,1,2499,2409,GMADA,1110108000,14,PROD,2026-06-30 00:00:00,S,0,110,4500000.0,,,,,0,0,,C,S,2026-06-30 11:29:41,,,,1,N
2026,1,2501,2410,GMADA,1110115000,22,DIRINF,2026-06-30 00:00:00,S,0,110,1248831.35,,,,,0,0,,A,S,2026-06-30 12:11:03,2026-06-30 12:17:08,ERROR,,1,N
2026,1,2502,2391,GMADA,1110105000,6,CASA,2026-06-30 00:00:00,S,0,110,2180000.0,,,,,0,0,,C,S,2026-06-30 12:13:43,,,,1,N
2026,1,2503,2412,GMADA,1110112000,19,CONTRA,2026-06-30 00:00:00,S,0,110,78000.0,,,,,0,0,,C,S,2026-06-30 12:14:06,,,,1,N
2026,1,2504,2410,GMADA,1110115000,22,DIRINF,2026-06-30 00:00:00,A,2501,110,-1248831.35,,,,,0,0,,N,S,2026-06-30 12:17:08,,,,0,N
2026,1,2505,2410,GMADA,1110115000,22,DIRINF,2026-06-30 00:00:00,S,0,110,1397964.97,,,,,0,0,,C,S,2026-06-30 12:52:11,,,,2,N
2026,1,483,472,GMADA,1110111000,3,CAS,2026-01-27 00:00:00,S,0,131,7842000.0,,,,,0,0,,C,S,2026-01-27 09:05:24,,,,1,N
2026,1,484,471,GMADA,1110118000,25,000SU,2026-01-27 00:00:00,S,0,110,1916710.0,,,,,0,0,,C,S,2026-01-27 09:06:00,,,,1,N
2026,1,485,474,GMADA,1110111000,3,CAS,2026-01-27 00:00:00,S,0,131,5381234.0,,,,,0,0,,C,S,2026-01-27 09:07:26,,,,1,N
2026,1,486,476,GMADA,1110108000,14,PROD,2026-01-27 00:00:00,S,0,110,1660000.0,,,,,0,0,,C,S,2026-01-27 09:09:06,,,,1,N
2026,1,487,18,GMADA,1110112000,19,CONTRA,2026-01-27 00:00:00,S,0,110,30769.2,,,,,0,0,,C,S,2026-01-27 09:09:40,,,,1,N
2026,1,488,467,GMADA,1110104000,5,HOSP,2026-01-27 00:00:00,S,0,131,17400.0,,,,,0,0,,C,S,2026-01-27 09:12:07,,,,1,N
2026,1,489,452,GMADA,1110104000,5,FARM,2026-01-27 00:00:00,S,0,131,1031635.0,,,,,0,0,,C,S,2026-01-27 09:12:37,,,,1,N
2026,1,490,455,GMADA,1110104000,5,COC,2026-01-27 00:00:00,S,0,131,129200.0,,,,,0,0,,C,S,2026-01-27 09:13:37,,,,1,N
2026,1,491,462,GMADA,1110104000,5,HOSP,2026-01-27 00:00:00,S,0,131,2800424.38,,,,,0,0,,C,S,2026-01-27 09:15:58,,,,1,N
2026,1,492,454,GMADA,1110104000,5,HOSP,2026-01-27 00:00:00,S,0,131,100000.0,,,,,0,0,,C,S,2026-01-27 09:17:46,,,,1,N
2026,1,493,478,GMADA,1110104000,5,HOSP,2026-01-27 00:00:00,S,0,131,324500.0,,,,,0,0,,C,S,2026-01-27 09:19:06,,,,1,N
2026,1,494,475,GMADA,1110104000,5,HOSP,2026-01-27 00:00:00,S,0,131,950125.13,,,,,0,0,,C,S,2026-01-27 09:19:46,,,,1,N
2026,1,495,456,GMADA,1110104000,5,OENF,2026-01-27 00:00:00,S,0,131,185000.0,,,,,0,0,,C,S,2026-01-27 09:21:05,,,,1,N
2026,1,496,458,GMADA,1110104000,5,COC,2026-01-27 00:00:00,S,0,131,844720.0,,,,,0,0,,C,S,2026-01-27 09:22:31,,,,1,N
2026,1,497,459,GMADA,1110104000,5,HOGANC,2026-01-27 00:00:00,S,0,131,535500.0,,,,,0,0,,C,S,2026-01-27 09:24:26,,,,1,N
2026,1,498,461,GMADA,1110104000,5,COC,2026-01-27 00:00:00,S,0,131,33000.0,,,,,0,0,,C,S,2026-01-27 09:24:56,,,,1,N
2026,1,499,465,GMADA,1110104000,5,HOSP,2026-01-27 00:00:00,S,0,131,125000.0,,,,,0,0,,C,S,2026-01-27 09:26:48,,,,1,N
2026,1,500,466,GMADA,1110104000,5,INTER,2026-01-27 00:00:00,S,0,131,74500.0,,,,,0,0,,C,S,2026-01-27 09:27:19,,,,1,N
2026,1,501,470,GMADA,1110104000,5,FARM,2026-01-27 00:00:00,S,0,131,6217411.15,,,,,0,0,,C,S,2026-01-27 09:29:13,,,,1,N
2026,1,502,477,GMADA,1110113000,20,SECSEG,2026-01-27 00:00:00,S,0,110,718304.4,,,,,0,0,,C,S,2026-01-27 09:29:45,,,,1,N
2026,1,503,469,GMADA,1110104000,5,HOSP,2026-01-27 00:00:00,S,0,131,105500.1,,,,,0,0,,C,S,2026-01-27 09:30:54,,,,1,N
2026,1,504,468,GMADA,1110104000,5,HOSP,2026-01-27 00:00:00,S,0,131,35808.07,,,,,0,0,,C,S,2026-01-27 09:32:12,,,,1,N
2026,1,2754,2628,GMADA,1110106000,7,ACCSOC,2026-07-20 00:00:00,S,0,110,5670000.0,,,,,0,0,,C,S,2026-07-20 07:44:26,,,,1,N
2026,1,2755,2647,GMADA,1110112000,19,CONTRA,2026-07-20 00:00:00,S,0,110,987657.7,,,,,0,0,,C,S,2026-07-20 07:46:02,,,,1,N
2026,1,2756,2641,GMADA,1110118000,25,000SU,2026-07-20 00:00:00,S,0,110,161760.0,,,,,0,0,,C,S,2026-07-20 07:47:04,,,,1,N
2026,1,2774,2644,GMADA,1110108000,14,PROD,2026-07-20 00:00:00,A,2766,110,-154500.0,,,,,0,0,,N,S,2026-07-20 12:45:36,,,,0,N
2026,1,2775,2644,GMADA,1110108000,14,PROD,2026-07-20 00:00:00,S,0,132,154500.0,,,,,0,0,,C,S,2026-07-20 12:46:25,,,,1,N
2026,1,56,127,GMADA,1110106000,7,GRAN,2026-01-06 00:00:00,S,0,110,1200000.0,,,,,0,0,,C,S,2026-01-06 10:55:26,,,,1,N
2026,1,57,132,GMADA,1110103000,3,OPP,2026-01-06 00:00:00,S,0,110,1200000.0,,,,,0,0,,C,S,2026-01-06 10:55:49,,,,1,N
2026,1,58,115,GMADA,1110105000,6,TURIS,2026-01-06 00:00:00,S,0,110,400000.0,,,,,0,0,,C,S,2026-01-06 10:57:25,,,,1,N
2026,1,59,128,GMADA,1110105000,6,TURIS,2026-01-06 00:00:00,S,0,110,2925000.0,,,,,0,0,,C,S,2026-01-06 10:58:27,,,,1,N
2026,1,60,54,GMADA,1110102000,2,GOBHAC,2026-01-06 00:00:00,S,0,110,5000000.0,,,,,0,0,,C,S,2026-01-06 11:32:16,,,,1,N
2026,1,61,52,GMADA,1110102000,2,GOB,2026-01-06 00:00:00,S,0,110,9000000.0,,,,,0,0,,C,S,2026-01-06 11:33:34,,,,1,N
2026,1,62,51,GMADA,1110102000,2,GOBHAC,2026-01-06 00:00:00,S,0,110,2000000.0,,,,,0,0,,C,S,2026-01-06 11:36:15,,,,1,N
2026,1,63,50,GMADA,1110102000,2,GOB,2026-01-06 00:00:00,S,0,110,3000000.0,,,,,0,0,,C,S,2026-01-06 11:37:26,,,,1,N
2026,1,64,44,GMADA,1110102000,2,GOB,2026-01-06 00:00:00,S,0,110,6000000.0,,,,,0,0,,C,S,2026-01-06 11:38:44,,,,1,N
2026,1,65,48,GMADA,1110112000,19,SEHA,2026-01-06 00:00:00,S,0,110,6000000.0,,,,,0,0,,C,S,2026-01-06 11:43:56,,,,1,N
2026,1,66,45,GMADA,1110102000,2,GOBHAC,2026-01-06 00:00:00,S,0,110,1000000.0,,,,,0,0,,C,S,2026-01-06 11:44:58,,,,1,N
2026,1,67,41,GMADA,1110102000,2,GOBHAC,2026-01-06 00:00:00,S,0,110,1000000.0,,,,,0,0,,C,S,2026-01-06 11:46:17,,,,1,N
2026,1,68,40,GMADA,1110102000,2,GOBHAC,2026-01-06 00:00:00,S,0,110,7000000.0,,,,,0,0,,C,S,2026-01-06 11:47:07,,,,1,N
2026,1,69,39,GMADA,1110102000,2,GOBHAC,2026-01-06 00:00:00,S,0,110,1500000.0,,,,,0,0,,C,S,2026-01-06 11:48:05,,,,1,N
2026,1,70,38,GMADA,1110102000,2,GOB,2026-01-06 00:00:00,S,0,110,1000000.0,,,,,0,0,,C,S,2026-01-06 11:48:58,,,,1,N
2026,1,71,35,GMADA,1110102000,2,DMACED,2026-01-06 00:00:00,S,0,110,2000000.0,,,,,0,0,,C,S,2026-01-06 11:49:52,,,,1,N
2026,1,72,33,GMADA,1110102000,2,GOBHAC,2026-01-06 00:00:00,S,0,110,5261800.0,,,,,0,0,,C,S,2026-01-06 11:52:12,,,,1,N
2026,1,73,29,GMADA,1110102000,2,GOBHAC,2026-01-06 00:00:00,S,0,110,2000000.0,,,,,0,0,,C,S,2026-01-06 11:54:10,,,,1,N
2026,1,395,389,GMADA,1110111000,3,CAS,2026-01-20 00:00:00,S,0,131,885800.0,,,,,0,0,,C,S,2026-01-20 13:02:32,,,,1,N
2026,1,396,392,GMADA,1110106000,7,ACCSOC,2026-01-20 00:00:00,S,0,132,770000.0,,,,,0,0,,C,S,2026-01-20 13:32:33,,,,1,N
2026,1,829,803,GMADA,1110106000,7,JARD,2026-02-25 00:00:00,S,0,132,1075000.0,,,,,0,0,,C,S,2026-02-25 09:26:31,,,,1,N
2026,1,830,809,GMADA,1110106000,7,ACCSOC,2026-02-25 00:00:00,S,0,132,200000.0,,,,,0,0,,C,S,2026-02-25 09:37:42,,,,1,N
2026,1,831,763,GMADA,1110113000,20,SECSEG,2026-02-25 00:00:00,S,0,110,225000.0,,,,,0,0,,C,S,2026-02-25 10:26:12,,,,1,N
2026,1,832,764,GMADA,1110113000,20,SECSEG,2026-02-25 00:00:00,S,0,110,5838.0,,,,,0,0,,C,S,2026-02-25 10:27:12,,,,1,N
2026,1,833,819,GMADA,1110108000,14,PROD,2026-02-25 00:00:00,S,0,110,120000.0,,,,,0,0,,C,S,2026-02-25 10:48:49,,,,1,N
2026,1,834,751,GMADA,1110118000,25,000SU,2026-02-25 00:00:00,A,779,110,-1957867.6,,,,,0,0,,N,S,2026-02-25 11:39:48,,,,0,N
2026,1,835,751,GMADA,1110118000,25,000SU,2026-02-25 00:00:00,S,0,110,1977927.97,,,,,0,0,,C,S,2026-02-25 11:47:25,,,,2,N
2026,1,836,814,GMADA,1110104000,5,COC,2026-02-25 00:00:00,S,0,131,1081796.0,,,,,0,0,,C,S,2026-02-25 12:14:03,,,,1,N
2026,1,837,832,GMADA,1110104000,5,HOSP,2026-02-25 00:00:00,S,0,131,833000.0,,,,,0,0,,C,S,2026-02-25 12:23:55,,,,2,N
2026,1,838,815,GMADA,1110104000,5,COC,2026-02-25 00:00:00,S,0,131,411147.0,,,,,0,0,,A,S,2026-02-25 12:26:32,2026-02-26 09:01:50,ERROR,,1,N
2026,1,892,889,GMADA,1110105000,6,CULTUR,2026-03-03 00:00:00,S,0,110,500000.0,,,,,0,0,,C,S,2026-03-03 10:05:33,,,,2,N
2026,1,893,875,GMADA,1110105000,6,CASA,2026-03-03 00:00:00,S,0,110,74572.88,,,,,0,0,,C,S,2026-03-03 10:15:05,,,,1,N
2026,1,894,881,GMADA,1110104000,5,FARM,2026-03-03 00:00:00,S,0,131,4900407.05,,,,,0,0,,C,S,2026-03-03 11:28:27,,,,1,N
2026,1,895,879,GMADA,1110104000,5,INTER,2026-03-03 00:00:00,S,0,131,495800.0,,,,,0,0,,C,S,2026-03-03 11:32:15,,,,1,N
2026,1,896,878,GMADA,1110104000,5,HOSP,2026-03-03 00:00:00,S,0,131,131969.53,,,,,0,0,,C,S,2026-03-03 11:33:39,,,,1,N
2026,1,897,877,GMADA,1110104000,5,QUI,2026-03-03 00:00:00,S,0,131,19000.0,,,,,0,0,,C,S,2026-03-03 11:36:51,,,,2,N
2026,1,898,894,GMADA,1110108000,14,PROD,2026-03-03 00:00:00,S,0,110,400000.0,,,,,0,0,,C,S,2026-03-03 11:38:52,,,,2,N
2026,1,899,873,GMADA,1110104000,5,COC,2026-03-03 00:00:00,S,0,131,561250.0,,,,,0,0,,C,S,2026-03-03 11:39:57,,,,1,N
2026,1,900,872,GMADA,1110104000,5,HOGANC,2026-03-03 00:00:00,S,0,131,50800.0,,,,,0,0,,C,S,2026-03-03 11:41:16,,,,1,N
2026,1,901,871,GMADA,1110104000,5,HOGANC,2026-03-03 00:00:00,S,0,131,36000.0,,,,,0,0,,C,S,2026-03-03 11:44:08,,,,1,N
2026,1,902,870,GMADA,1110104000,5,COC,2026-03-03 00:00:00,S,0,131,1302038.0,,,,,0,0,,C,S,2026-03-03 11:44:48,,,,1,N
2026,1,903,869,GMADA,1110104000,5,HOGANC,2026-03-03 00:00:00,S,0,131,102810.0,,,,,0,0,,C,S,2026-03-03 11:46:01,,,,1,N
2026,1,904,883,GMADA,1110101000,1,INT,2026-03-03 00:00:00,S,0,110,1575.0,,,,,0,0,,C,S,2026-03-03 11:47:15,,,,1,N
2026,1,905,888,GMADA,1110111000,3,CAS,2026-03-03 00:00:00,S,0,131,73222.35,,,,,0,0,,C,S,2026-03-03 11:48:05,,,,1,N
2026,1,906,841,GMADA,1110104000,5,COC,2026-03-03 00:00:00,S,0,131,310500.0,,,,,0,0,,C,S,2026-03-03 11:48:59,,,,1,N
2026,1,907,845,GMADA,1110106000,7,ACCSOC,2026-03-03 00:00:00,S,0,132,8042585.0,,,,,0,0,,C,S,2026-03-03 11:50:57,,,,1,N
2026,1,908,866,GMADA,1110111000,3,CAS,2026-03-03 00:00:00,S,0,131,1109000.0,,,,,0,0,,C,S,2026-03-03 11:55:02,,,,1,N
2026,1,909,753,GMADA,1110105000,6,TURIS,2026-03-03 00:00:00,S,0,110,45000.0,,,,,0,0,,C,S,2026-03-03 11:55:55,,,,1,N
2026,1,910,752,GMADA,1110105000,6,TURIS,2026-03-03 00:00:00,S,0,110,15820.0,,,,,0,0,,C,S,2026-03-03 11:59:49,,,,1,N
2026,1,911,865,GMADA,1110101000,1,INT,2026-03-03 00:00:00,S,0,110,18000.0,,,,,0,0,,C,S,2026-03-03 12:00:43,,,,1,N
2026,1,912,749,GMADA,1110105000,6,TURIS,2026-03-03 00:00:00,S,0,110,7000.0,,,,,0,0,,C,S,2026-03-03 12:01:26,,,,1,N
2026,1,913,890,GMADA,1110105000,6,CULTUR,2026-03-03 00:00:00,S,0,110,1925000.0,,,,,0,0,,C,S,2026-03-03 12:09:59,,,,2,N
2026,1,914,874,GMADA,1110118000,25,000SU,2026-03-03 00:00:00,S,0,132,8000000.0,,,,,0,0,,C,S,2026-03-03 12:10:49,,,,1,N
2026,1,915,884,GMADA,1110106000,7,JARD,2026-03-03 00:00:00,S,0,132,68767.02,,,,,0,0,,C,S,2026-03-03 12:12:01,,,,3,N
2026,1,916,886,GMADA,1110106000,7,ACCSOC,2026-03-03 00:00:00,S,0,132,2187500.0,,,,,0,0,,C,S,2026-03-03 12:14:43,,,,1,N
2026,1,923,915,GMADA,1110109000,13,DEP,2026-03-05 00:00:00,S,0,110,140000.0,,,,,0,0,,A,S,2026-03-05 08:00:52,2026-03-09 09:35:31,ERROR,,1,N
2026,1,924,914,GMADA,1110109000,13,DEP,2026-03-05 00:00:00,S,0,110,42550.0,,,,,0,0,,C,S,2026-03-05 08:01:57,,,,1,N
2026,1,925,908,GMADA,1110105000,6,CULTUR,2026-03-05 00:00:00,S,0,110,250000.0,,,,,0,0,,A,S,2026-03-05 08:02:18,2026-03-10 11:04:12,ERROR,,1,N
2026,1,926,904,GMADA,1110118000,25,000SU,2026-03-05 00:00:00,S,0,110,60834.34,,,,,0,0,,C,S,2026-03-05 08:03:14,,,,1,N
2026,1,927,906,GMADA,1110118000,25,000SU,2026-03-05 00:00:00,S,0,110,671000.0,,,,,0,0,,C,S,2026-03-05 08:04:04,,,,2,N
2026,1,928,907,GMADA,1110118000,25,000SU,2026-03-05 00:00:00,S,0,110,2884844.92,,,,,0,0,,C,S,2026-03-05 08:04:56,,,,1,N
2026,1,929,641,GMADA,1110103000,3,OPP,2026-03-05 00:00:00,A,667,110,-14400000.0,,,,,0,0,,N,S,2026-03-05 08:05:12,,,,0,N
2026,1,930,891,GMADA,1110104000,5,HOSP,2026-03-05 00:00:00,S,0,131,766400.0,,,,,0,0,,C,S,2026-03-05 08:25:20,,,,1,N
2026,1,931,868,GMADA,1110104000,5,FARM,2026-03-05 00:00:00,S,0,131,7172480.0,,,,,0,0,,C,S,2026-03-05 08:26:04,,,,1,N
2026,1,932,895,GMADA,1110104000,5,LAB,2026-03-05 00:00:00,S,0,131,1330541.03,,,,,0,0,,C,S,2026-03-05 08:27:58,,,,1,N
2026,1,933,893,GMADA,1110104000,5,HOGANC,2026-03-05 00:00:00,S,0,131,6500.0,,,,,0,0,,C,S,2026-03-05 08:32:38,,,,1,N
2026,1,934,892,GMADA,1110104000,5,HOGANC,2026-03-05 00:00:00,S,0,131,6000.0,,,,,0,0,,C,S,2026-03-05 08:33:05,,,,1,N
2026,1,935,924,GMADA,1110111000,3,CAS,2026-03-05 00:00:00,S,0,131,959710.0,,,,,0,0,,C,S,2026-03-05 08:36:34,,,,2,N
2026,1,936,834,GMADA,1110112000,19,CONTRA,2026-03-05 00:00:00,S,0,110,30121.0,,,,,0,0,,C,S,2026-03-05 08:37:09,,,,1,N
2026,1,937,795,GMADA,1110104000,5,CAPSN,2026-03-05 00:00:00,S,0,131,287777.01,,,,,0,0,,C,S,2026-03-05 08:38:52,,,,1,N
2026,1,938,798,GMADA,1110104000,5,CONEX,2026-03-05 00:00:00,S,0,131,191750.12,,,,,0,0,,C,S,2026-03-05 08:43:53,,,,1,N
2026,1,939,851,GMADA,1110104000,5,HOSP,2026-03-05 00:00:00,S,0,131,6160000.0,,,,,0,0,,C,S,2026-03-05 08:47:05,,,,1,N
2026,1,940,800,GMADA,1110104000,5,INTER,2026-03-05 00:00:00,S,0,131,203339.51,,,,,0,0,,C,S,2026-03-05 08:48:08,,,,1,N
2026,1,941,804,GMADA,1110104000,5,FARM,2026-03-05 00:00:00,S,0,131,3942134.28,,,,,0,0,,C,S,2026-03-05 08:49:07,,,,1,N
2026,1,942,788,GMADA,1110118000,25,000SU,2026-03-05 00:00:00,S,0,110,39840000.0,,,,,0,0,,C,S,2026-03-05 08:49:29,,,,1,N
2026,1,943,837,GMADA,1110104000,5,INTER,2026-03-05 00:00:00,S,0,131,90600.0,,,,,0,0,,C,S,2026-03-05 08:50:47,,,,1,N
2026,1,944,835,GMADA,1110104000,5,LAB,2026-03-05 00:00:00,S,0,131,89507.56,,,,,0,0,,C,S,2026-03-05 08:51:48,,,,1,N
2026,1,945,860,GMADA,1110104000,5,LAB,2026-03-05 00:00:00,S,0,131,2833657.09,,,,,0,0,,C,S,2026-03-05 08:53:56,,,,1,N
2026,1,946,859,GMADA,1110104000,5,HOSP,2026-03-05 00:00:00,S,0,131,231400.0,,,,,0,0,,C,S,2026-03-05 08:54:51,,,,1,N
2026,1,947,858,GMADA,1110104000,5,HOGANC,2026-03-05 00:00:00,S,0,131,1523303.0,,,,,0,0,,C,S,2026-03-05 08:55:47,,,,1,N
2026,1,948,857,GMADA,1110104000,5,COC,2026-03-05 00:00:00,S,0,131,14400.0,,,,,0,0,,C,S,2026-03-05 08:57:30,,,,1,N
2026,1,949,856,GMADA,1110104000,5,HOGANC,2026-03-05 00:00:00,S,0,131,58800.0,,,,,0,0,,C,S,2026-03-05 08:59:10,,,,1,N
2026,1,950,853,GMADA,1110104000,5,FARM,2026-03-05 00:00:00,S,0,131,4495905.85,,,,,0,0,,C,S,2026-03-05 09:00:57,,,,1,N
2026,1,951,848,GMADA,1110104000,5,FARM,2026-03-05 00:00:00,S,0,131,287048.13,,,,,0,0,,C,S,2026-03-05 09:01:20,,,,1,N
2026,1,952,718,GMADA,1110104000,5,FARM,2026-03-05 00:00:00,S,0,131,3048039.07,,,,,0,0,,C,S,2026-03-05 09:02:04,,,,1,N
2026,1,953,823,GMADA,1110104000,5,HOSP,2026-03-05 00:00:00,S,0,131,78549.86,,,,,0,0,,C,S,2026-03-05 09:02:59,,,,1,N
2026,1,954,828,GMADA,1110104000,5,TERINT,2026-03-05 00:00:00,S,0,131,35900.0,,,,,0,0,,C,S,2026-03-05 09:03:58,,,,1,N
2026,1,955,829,GMADA,1110104000,5,HOSP,2026-03-05 00:00:00,S,0,131,94000.0,,,,,0,0,,C,S,2026-03-05 09:04:58,,,,1,N
2026,1,956,826,GMADA,1110104000,5,HOSP,2026-03-05 00:00:00,S,0,131,151950.0,,,,,0,0,,C,S,2026-03-05 09:06:02,,,,1,N
2026,1,957,830,GMADA,1110104000,11,BROM,2026-03-05 00:00:00,S,0,110,282740.0,,,,,0,0,,C,S,2026-03-05 09:07:08,,,,1,N
2026,1,958,854,GMADA,1110118000,25,DECI,2026-03-05 00:00:00,S,0,110,27900.0,,,,,0,0,,C,S,2026-03-05 09:07:57,,,,1,N
2026,1,959,846,GMADA,1110106000,7,ACCSOC,2026-03-05 00:00:00,S,0,110,13000.0,,,,,0,0,,C,S,2026-03-05 09:08:31,,,,1,N
2026,1,960,839,GMADA,1110103000,3,OPP,2026-03-05 00:00:00,S,0,110,65000.0,,,,,0,0,,C,S,2026-03-05 09:09:23,,,,1,N
2026,1,961,847,GMADA,1110106000,7,GRAN,2026-03-05 00:00:00,S,0,110,9700.0,,,,,0,0,,C,S,2026-03-05 09:10:03,,,,1,N
2026,1,962,861,GMADA,1110112000,19,INGPUB,2026-03-05 00:00:00,S,0,110,250000.0,,,,,0,0,,C,S,2026-03-05 09:10:36,,,,1,N
2026,1,963,799,GMADA,1110104000,5,LAV,2026-03-05 00:00:00,S,0,131,244535.63,,,,,0,0,,C,S,2026-03-05 09:11:25,,,,1,N
2026,1,964,833,GMADA,1110104000,5,FARM,2026-03-05 00:00:00,S,0,131,5073395.0,,,,,0,0,,C,S,2026-03-05 09:12:27,,,,1,N
2026,1,965,935,GMADA,1110104000,5,QUI,2026-03-05 00:00:00,S,0,131,27520000.0,,,,,0,0,,A,S,2026-03-05 10:15:31,2026-04-23 11:00:47,ERROR,,2,N
2026,1,966,918,GMADA,1110103000,3,OPP,2026-03-05 00:00:00,S,0,132,7900000.0,,,,,0,0,,C,S,2026-03-05 10:45:35,,,,2,N
2026,1,967,919,GMADA,1110106000,7,ACCSOC,2026-03-05 00:00:00,S,0,131,2723827.2,,,,,0,0,,C,S,2026-03-05 10:51:17,,,,1,N
2026,1,968,936,GMADA,1110105000,6,CULTUR,2026-03-05 00:00:00,S,0,132,2723.33,,,,,0,0,,A,S,2026-03-05 10:51:53,2026-03-13 08:32:45,ERROR,,2,N
2026,1,1057,991,GMADA,1110104000,5,COC,2026-03-11 00:00:00,S,0,131,3270700.0,,,,,0,0,,C,S,2026-03-11 07:55:13,,,,1,N
2026,1,1058,994,GMADA,1110108000,14,PROD,2026-03-11 00:00:00,S,0,110,800000.0,,,,,0,0,,C,S,2026-03-11 07:55:33,,,,3,N
2026,1,1059,1005,GMADA,1110104000,5,HOSP,2026-03-11 00:00:00,S,0,131,6209745.0,,,,,0,0,,C,S,2026-03-11 07:57:01,,,,1,N
2026,1,1060,999,GMADA,1110104000,5,COC,2026-03-11 00:00:00,S,0,131,60300.0,,,,,0,0,,C,S,2026-03-11 07:57:43,,,,1,N
2026,1,1061,974,GMADA,1110104000,5,LAB,2026-03-11 00:00:00,S,0,131,2698667.97,,,,,0,0,,C,S,2026-03-11 07:59:32,,,,1,N
2026,1,1062,1004,GMADA,1110104000,5,FARM,2026-03-11 00:00:00,S,0,131,6879680.0,,,,,0,0,,C,S,2026-03-11 08:01:25,,,,1,N
2026,1,1063,1002,GMADA,1110104000,5,LAB,2026-03-11 00:00:00,S,0,131,921363.49,,,,,0,0,,C,S,2026-03-11 08:03:31,,,,1,N
2026,1,1064,1006,GMADA,1110104000,5,SALA I,2026-03-11 00:00:00,S,0,131,100000.0,,,,,0,0,,C,S,2026-03-11 08:04:27,,,,1,N
2026,1,1065,987,GMADA,1110104000,5,COC,2026-03-11 00:00:00,S,0,131,13000.0,,,,,0,0,,C,S,2026-03-11 08:04:44,,,,1,N
2026,1,1066,986,GMADA,1110104000,5,HOSP,2026-03-11 00:00:00,S,0,131,203112.0,,,,,0,0,,C,S,2026-03-11 08:06:26,,,,1,N
2026,1,1067,1000,GMADA,1110113000,20,SECSEG,2026-03-11 00:00:00,S,0,110,158560.0,,,,,0,0,,C,S,2026-03-11 08:06:44,,,,1,N
2026,1,1068,1003,GMADA,1110113000,20,SECSEG,2026-03-11 00:00:00,S,0,110,291600.0,,,,,0,0,,C,S,2026-03-11 08:10:21,,,,1,N
2026,1,1069,998,GMADA,1110113000,20,SECSEG,2026-03-11 00:00:00,S,0,110,467800.0,,,,,0,0,,C,S,2026-03-11 08:12:06,,,,1,N
2026,1,1070,943,GMADA,1110113000,20,SECSEG,2026-03-11 00:00:00,S,0,110,3029100.0,,,,,0,0,,A,S,2026-03-11 08:17:51,2026-04-08 09:09:01,ERROR,,1,N
2026,1,1071,1007,GMADA,1110105000,6,TURIS,2026-03-11 00:00:00,S,0,110,95000.0,,,,,0,0,,C,S,2026-03-11 08:20:18,,,,1,N
2026,1,1072,1020,GMADA,1110102000,2,GOBHAC,2026-03-11 00:00:00,S,0,110,800000.0,,,,,0,0,,C,S,2026-03-11 10:50:31,,,,2,N
2026,1,1462,1368,GMADA,1110104000,5,FARM,2026-04-15 00:00:00,S,0,131,1129780.52,,,,,0,0,,C,S,2026-04-15 09:00:28,,,,1,N
2026,1,1463,1366,GMADA,1110104000,5,HOSP,2026-04-15 00:00:00,S,0,131,120000.0,,,,,0,0,,C,S,2026-04-15 09:07:56,,,,1,N
2026,1,1464,1364,GMADA,1110104000,5,FARM,2026-04-15 00:00:00,S,0,131,1887850.0,,,,,0,0,,C,S,2026-04-15 09:10:32,,,,1,N
2026,1,1466,1382,GMADA,1110118000,25,000SU,2026-04-15 00:00:00,S,0,132,17160000.0,,,,,0,0,,C,S,2026-04-15 12:06:37,,,,2,N
2026,1,1467,1406,GMADA,1110108000,14,PROD,2026-04-15 00:00:00,S,0,110,71000.0,,,,,0,0,,C,S,2026-04-15 12:09:06,,,,1,N
2026,1,1468,1405,GMADA,1110108000,14,PROD,2026-04-15 00:00:00,S,0,110,25220.11,,,,,0,0,,C,S,2026-04-15 12:14:22,,,,1,N
2026,1,1578,1473,GMADA,1110104000,5,LAB,2026-04-27 00:00:00,S,0,131,1238525.37,,,,,0,0,,C,S,2026-04-27 07:47:47,,,,1,N
2026,1,1579,1491,GMADA,1110118000,25,000SU,2026-04-27 00:00:00,S,0,110,230000.0,,,,,0,0,,C,S,2026-04-27 07:48:15,,,,1,N
2026,1,1606,1536,GMADA,1110118000,25,BARU,2026-04-27 00:00:00,S,0,110,4000000.0,,,,,0,0,,C,S,2026-04-27 10:08:41,,,,2,N
2026,1,1838,1762,GMADA,1110105000,6,BA,2026-05-13 00:00:00,S,0,132,97240.0,,,,,0,0,,C,S,2026-05-13 08:07:56,,,,1,N
2026,1,1839,1584,GMADA,1110104000,5,HOGANC,2026-05-13 00:00:00,S,0,131,82700.0,,,,,0,0,,C,S,2026-05-13 08:10:58,,,,1,N
2026,1,1840,1581,GMADA,1110104000,5,COC,2026-05-13 00:00:00,S,0,131,112800.0,,,,,0,0,,C,S,2026-05-13 08:12:55,,,,1,N
2026,1,1841,1580,GMADA,1110104000,5,COC,2026-05-13 00:00:00,S,0,131,784600.0,,,,,0,0,,C,S,2026-05-13 08:13:52,,,,1,N
2026,1,1842,1579,GMADA,1110104000,5,HOGANC,2026-05-13 00:00:00,S,0,131,529950.0,,,,,0,0,,C,S,2026-05-13 08:15:34,,,,1,N
2026,1,1843,1673,GMADA,1110104000,5,INTER,2026-05-13 00:00:00,S,0,131,200000.0,,,,,0,0,,C,S,2026-05-13 08:16:53,,,,1,N
2026,1,1844,1740,GMADA,1110104000,5,COC,2026-05-13 00:00:00,S,0,131,5069200.0,,,,,0,0,,C,S,2026-05-13 08:17:51,,,,1,N
2026,1,1845,1742,GMADA,1110104000,5,FARM,2026-05-13 00:00:00,S,0,131,2933264.59,,,,,0,0,,C,S,2026-05-13 08:19:22,,,,1,N
2026,1,1846,1743,GMADA,1110104000,5,FARM,2026-05-13 00:00:00,S,0,131,445997.5,,,,,0,0,,C,S,2026-05-13 08:21:01,,,,1,N
2026,1,1847,1741,GMADA,1110104000,5,COC,2026-05-13 00:00:00,S,0,131,3005500.0,,,,,0,0,,C,S,2026-05-13 08:22:00,,,,1,N
2026,1,2092,1970,GMADA,1110104000,5,CONEX,2026-06-02 00:00:00,S,0,131,1200000.0,,,,,0,0,,C,S,2026-06-02 09:19:42,,,,1,N
2026,1,2093,1969,GMADA,1110104000,5,HOSP,2026-06-02 00:00:00,S,0,131,83000.0,,,,,0,0,,C,S,2026-06-02 09:21:31,,,,1,N
2026,1,2094,1968,GMADA,1110104000,5,COC,2026-06-02 00:00:00,S,0,131,103105.14,,,,,0,0,,C,S,2026-06-02 09:23:22,,,,1,N
2026,1,2095,1967,GMADA,1110104000,5,HOGANC,2026-06-02 00:00:00,S,0,131,58900.0,,,,,0,0,,A,S,2026-06-02 09:24:35,2026-06-04 07:29:05,ERROR,,1,N
2026,1,2096,1966,GMADA,1110104000,5,COC,2026-06-02 00:00:00,S,0,131,228600.0,,,,,0,0,,C,S,2026-06-02 09:26:27,,,,1,N
2026,1,2097,2000,GMADA,1110108000,14,PROD,2026-06-02 00:00:00,S,0,110,300000.0,,,,,0,0,,C,S,2026-06-02 09:27:42,,,,1,N
2026,1,2098,1977,GMADA,1110104000,5,FARM,2026-06-02 00:00:00,S,0,131,270603.75,,,,,0,0,,C,S,2026-06-02 09:28:55,,,,1,N
2026,1,2099,1971,GMADA,1110109000,13,DEP,2026-06-02 00:00:00,S,0,110,148000.0,,,,,0,0,,C,S,2026-06-02 09:29:59,,,,1,N
2026,1,2100,1952,GMADA,1110103000,3,OPP,2026-06-02 00:00:00,S,0,132,100000.0,,,,,0,0,,C,S,2026-06-02 09:31:13,,,,1,N
2026,1,2101,1986,GMADA,1110118000,25,000SU,2026-06-02 00:00:00,S,0,132,8000000.0,,,,,0,0,,C,S,2026-06-02 09:36:39,,,,1,N
2026,1,2102,1984,GMADA,1110118000,25,DECI,2026-06-02 00:00:00,S,0,110,38718.06,,,,,0,0,,C,S,2026-06-02 09:36:56,,,,1,N
2026,1,2103,1975,GMADA,1110106000,7,ACCSOC,2026-06-02 00:00:00,S,0,132,1020000.0,,,,,0,0,,C,S,2026-06-02 09:38:10,,,,1,N
2026,1,2104,1974,GMADA,1110106000,7,ACCSOC,2026-06-02 00:00:00,S,0,132,212800.0,,,,,0,0,,C,S,2026-06-02 09:39:37,,,,1,N
2026,1,2105,2013,GMADA,1110106000,7,ACCSOC,2026-06-02 00:00:00,S,0,131,135119.6,,,,,0,0,,C,S,2026-06-02 11:10:53,,,,1,N
2026,1,2106,1991,GMADA,1110106000,7,ACCSOC,2026-06-02 00:00:00,S,0,131,52789.97,,,,,0,0,,C,S,2026-06-02 11:13:14,,,,2,N
2026,1,2107,2002,GMADA,1110106000,7,ACCSOC,2026-06-02 00:00:00,S,0,131,135119.6,,,,,0,0,,C,S,2026-06-02 11:17:50,,,,2,N
2026,1,2108,1993,GMADA,1110106000,7,ACCSOC,2026-06-02 00:00:00,S,0,131,135119.6,,,,,0,0,,C,S,2026-06-02 11:19:44,,,,1,N
2026,1,2109,1992,GMADA,1110106000,7,ACCSOC,2026-06-02 00:00:00,S,0,131,30643.06,,,,,0,0,,C,S,2026-06-02 11:20:56,,,,1,N
2026,1,2110,2018,GMADA,1110109000,13,DEP,2026-06-02 00:00:00,S,0,110,50000.0,,,,,0,0,,C,S,2026-06-02 11:21:18,,,,3,N
2026,1,2111,1989,GMADA,1110106000,7,ACCSOC,2026-06-02 00:00:00,S,0,110,77238.27,,,,,0,0,,C,S,2026-06-02 11:22:12,,,,2,N
2026,1,2112,1995,GMADA,1110106000,7,ACCSOC,2026-06-02 00:00:00,S,0,131,135119.6,,,,,0,0,,C,S,2026-06-02 11:26:45,,,,1,N
2026,1,2113,1994,GMADA,1110106000,7,ACCSOC,2026-06-02 00:00:00,S,0,131,135119.6,,,,,0,0,,C,S,2026-06-02 11:29:44,,,,1,N
2026,1,2114,2003,GMADA,1110106000,7,ACCSOC,2026-06-02 00:00:00,S,0,131,193764.96,,,,,0,0,,C,S,2026-06-02 11:32:54,,,,1,N
2026,1,2115,2004,GMADA,1110106000,7,ACCSOC,2026-06-02 00:00:00,S,0,131,135119.6,,,,,0,0,,C,S,2026-06-02 11:33:39,,,,2,N
2026,1,2116,2005,GMADA,1110106000,7,ACCSOC,2026-06-02 00:00:00,S,0,131,135119.6,,,,,0,0,,C,S,2026-06-02 11:34:42,,,,1,N
2026,1,2117,2006,GMADA,1110106000,7,ACCSOC,2026-06-02 00:00:00,S,0,131,135119.6,,,,,0,0,,C,S,2026-06-02 11:35:04,,,,1,N
2026,1,2118,2007,GMADA,1110106000,7,ACCSOC,2026-06-02 00:00:00,S,0,131,135119.6,,,,,0,0,,C,S,2026-06-02 11:36:02,,,,1,N
2026,1,2119,2008,GMADA,1110106000,7,ACCSOC,2026-06-02 00:00:00,S,0,131,148738.76,,,,,0,0,,C,S,2026-06-02 11:37:10,,,,1,N
2026,1,2120,2009,GMADA,1110106000,7,ACCSOC,2026-06-02 00:00:00,S,0,131,141929.17,,,,,0,0,,C,S,2026-06-02 11:38:06,,,,1,N
2026,1,2121,2010,GMADA,1110106000,7,ACCSOC,2026-06-02 00:00:00,S,0,131,30643.06,,,,,0,0,,C,S,2026-06-02 11:49:20,,,,1,N
2026,1,2122,2011,GMADA,1110106000,7,ACCSOC,2026-06-02 00:00:00,S,0,131,135119.6,,,,,0,0,,C,S,2026-06-02 11:51:49,,,,2,N
2026,1,2123,2022,GMADA,1110117000,24,000O,2026-06-02 00:00:00,S,0,110,78900.0,,,,,0,0,,C,S,2026-06-02 12:48:11,,,,2,N
2026,1,2141,2017,GMADA,1110118000,25,000SU,2026-06-04 00:00:00,S,0,110,234597.0,,,,,0,0,,C,S,2026-06-04 13:10:00,,,,1,N
2026,1,2142,2019,GMADA,1110118000,25,000SU,2026-06-04 00:00:00,S,0,110,240560.0,,,,,0,0,,C,S,2026-06-04 13:11:40,,,,1,N
2026,1,2143,2020,GMADA,1110118000,25,DECI,2026-06-04 00:00:00,S,0,110,169528.0,,,,,0,0,,C,S,2026-06-04 13:14:26,,,,1,N
2026,1,2144,2057,GMADA,1110104000,5,HOSP,2026-06-04 00:00:00,S,0,131,250000.0,,,,,0,0,,C,S,2026-06-04 13:16:03,,,,1,N
2026,1,2145,2039,GMADA,1110118000,25,DECI,2026-06-04 00:00:00,S,0,110,401487.0,,,,,0,0,,C,S,2026-06-04 13:24:52,,,,1,N
2026,1,2146,2059,GMADA,1110115000,22,DIRINF,2026-06-04 00:00:00,S,0,110,170000.0,,,,,0,0,,C,S,2026-06-04 13:25:52,,,,1,N
2026,1,2147,2054,GMADA,1110106000,7,ACCSOC,2026-06-04 00:00:00,S,0,132,991000.0,,,,,0,0,,C,S,2026-06-04 13:26:43,,,,1,N
2026,1,2148,2055,GMADA,1110106000,7,ACCSOC,2026-06-04 00:00:00,S,0,132,336000.0,,,,,0,0,,C,S,2026-06-04 13:27:25,,,,1,N
2026,1,2149,2060,GMADA,1110106000,7,ACCSOC,2026-06-04 00:00:00,S,0,132,1387500.0,,,,,0,0,,C,S,2026-06-04 13:28:12,,,,1,N
2026,1,2200,2110,GMADA,1110104000,5,HOSP,2026-06-08 00:00:00,S,0,131,1605000.0,,,,,0,0,,C,S,2026-06-08 08:59:03,,,,1,N
2026,1,2201,2120,GMADA,1110111000,3,CAS,2026-06-08 00:00:00,S,0,131,3905750.95,,,,,0,0,,A,S,2026-06-08 11:50:21,2026-06-09 07:18:51,ERROR,,2,N
2026,1,2347,2243,GMADA,1110106000,7,ENV,2026-06-19 00:00:00,S,0,132,377998.95,,,,,0,0,,C,S,2026-06-19 11:00:54,,,,2,N
2026,1,2348,2271,GMADA,1110102000,2,GOBHAC,2026-06-19 00:00:00,S,0,110,753435.0,,,,,0,0,,C,S,2026-06-19 11:20:28,,,,2,N
2026,1,2349,2272,GMADA,1110111000,3,CAS,2026-06-19 00:00:00,S,0,131,1007400.0,,,,,0,0,,C,S,2026-06-19 11:59:34,,,,2,N
2026,1,2350,2246,GMADA,1110109000,13,DEP,2026-06-19 00:00:00,S,0,110,126939.0,,,,,0,0,,C,S,2026-06-19 12:04:00,,,,1,N
2026,1,2351,2255,GMADA,1110108000,14,PROD,2026-06-19 00:00:00,S,0,110,78000.0,,,,,0,0,,C,S,2026-06-19 12:04:39,,,,1,N
2026,1,2352,2251,GMADA,1110106000,7,ACCSOC,2026-06-19 00:00:00,S,0,110,233000.0,,,,,0,0,,C,S,2026-06-19 12:11:05,,,,1,N
2026,1,2353,2250,GMADA,1110106000,7,GRAN,2026-06-19 00:00:00,S,0,110,21400.0,,,,,0,0,,C,S,2026-06-19 12:11:28,,,,1,N
2026,1,2354,2249,GMADA,1110106000,7,ACCSOC,2026-06-19 00:00:00,S,0,132,2187500.0,,,,,0,0,,C,S,2026-06-19 12:12:31,,,,1,N
2026,1,2355,2244,GMADA,1110118000,25,000SU,2026-06-19 00:00:00,S,0,110,359600.0,,,,,0,0,,C,S,2026-06-19 12:13:26,,,,1,N
2026,1,2356,2265,GMADA,1110118000,25,000SU,2026-06-19 00:00:00,S,0,110,307214.8,,,,,0,0,,C,S,2026-06-19 12:14:24,,,,1,N
2026,1,2357,2241,GMADA,1110109000,13,DEP,2026-06-19 00:00:00,S,0,110,49200.0,,,,,0,0,,C,S,2026-06-19 12:21:06,,,,1,N
2026,1,2358,2242,GMADA,1110109000,13,DEP,2026-06-19 00:00:00,S,0,110,420000.0,,,,,0,0,,C,S,2026-06-19 12:30:44,,,,1,N
2026,1,2673,2561,GMADA,1110105000,6,CULTUR,2026-07-14 00:00:00,S,0,132,780000.0,,,,,0,0,,C,S,2026-07-14 13:36:34,,,,1,N
2026,1,2674,2543,GMADA,1110104000,5,LAB,2026-07-14 00:00:00,S,0,131,1007632.74,,,,,0,0,,C,S,2026-07-14 13:37:21,,,,1,N
2026,1,2675,2554,GMADA,1110104000,5,HOSP,2026-07-14 00:00:00,S,0,131,2800000.0,,,,,0,0,,C,S,2026-07-14 13:38:21,,,,1,N
2026,1,2676,2549,GMADA,1110104000,5,LAB,2026-07-14 00:00:00,S,0,131,968238.25,,,,,0,0,,C,S,2026-07-14 13:38:58,,,,1,N
2026,1,2677,2541,GMADA,1110104000,5,LAB,2026-07-14 00:00:00,S,0,131,3590601.75,,,,,0,0,,C,S,2026-07-14 13:40:20,,,,1,N
2026,1,2678,2542,GMADA,1110104000,5,LAB,2026-07-14 00:00:00,S,0,131,1089359.67,,,,,0,0,,C,S,2026-07-14 13:41:20,,,,1,N
2026,1,2679,2551,GMADA,1110104000,5,LAB,2026-07-14 00:00:00,S,0,133,97605.56,,,,,0,0,,A,S,2026-07-14 13:42:11,2026-07-17 10:28:45,ERROR,,1,N
2026,1,2680,2523,GMADA,1110104000,5,FARM,2026-07-14 00:00:00,S,0,131,775938.0,,,,,0,0,,C,S,2026-07-14 13:42:55,,,,1,N
2026,1,2681,2539,GMADA,1110104000,5,HOSP,2026-07-14 00:00:00,S,0,131,69237.14,,,,,0,0,,C,S,2026-07-14 13:44:26,,,,1,N
2026,1,2682,2521,GMADA,1110104000,5,HEMO,2026-07-14 00:00:00,S,0,131,550000.0,,,,,0,0,,C,S,2026-07-14 13:45:19,,,,1,N
2026,1,2683,2520,GMADA,1110104000,5,LAV,2026-07-14 00:00:00,S,0,131,66344.65,,,,,0,0,,A,S,2026-07-14 13:46:20,2026-07-17 11:36:58,ERROR,,1,N
2026,1,2684,2519,GMADA,1110104000,5,LAB,2026-07-14 00:00:00,S,0,131,10883.6,,,,,0,0,,C,S,2026-07-14 13:47:19,,,,1,N
2026,1,575,546,GMADA,1110108000,14,PROD,2026-02-02 00:00:00,S,0,110,24550.0,,,,,0,0,,C,S,2026-02-02 12:42:57,,,,1,N
2026,1,576,464,GMADA,1110104000,5,HOSP,2026-02-02 00:00:00,S,0,131,1959414.66,,,,,0,0,,C,S,2026-02-02 12:44:22,,,,1,N
2026,1,577,544,GMADA,1110111000,3,CAS,2026-02-02 00:00:00,S,0,131,364000.0,,,,,0,0,,C,S,2026-02-02 12:56:43,,,,1,N
2026,1,123,165,GMADA,1110113000,20,SECSEG,2026-01-09 00:00:00,S,0,110,3300000.0,,,,,0,0,,C,S,2026-01-09 09:32:56,,,,2,N
2026,1,124,163,GMADA,1110113000,20,SECSEG,2026-01-09 00:00:00,S,0,110,3180000.0,,,,,0,0,,C,S,2026-01-09 09:34:02,,,,1,N
2026,1,125,166,GMADA,1110113000,20,SECSEG,2026-01-09 00:00:00,S,0,110,7860000.0,,,,,0,0,,C,S,2026-01-09 09:34:23,,,,1,N
2026,1,126,94,GMADA,1110111000,3,CAS,2026-01-09 00:00:00,A,54,131,-278200.0,,,,,0,0,,N,S,2026-01-09 12:14:29,,,,0,N
2026,1,127,64,GMADA,1110104000,5,HOSP,2026-01-09 00:00:00,S,0,131,12900000.0,,,,,0,0,,C,S,2026-01-09 12:27:50,,,,2,N
2026,1,2008,1333,GMADA,1110104000,5,CONEX,2026-05-27 00:00:00,A,1418,131,-238866.16,,,,,0,0,,N,S,2026-05-27 09:17:33,,,,0,N
2026,1,2009,1332,GMADA,1110104000,5,CAP,2026-05-27 00:00:00,A,1415,131,-153742.02,,,,,0,0,,N,S,2026-05-27 09:18:16,,,,0,N
2026,1,2010,1882,GMADA,1110104000,5,HOSP,2026-05-27 00:00:00,S,0,131,1155950.32,,,,,0,0,,C,S,2026-05-27 11:53:04,,,,2,N
2026,1,45,8,GMADA,1110104000,5,HOSP,2026-01-05 00:00:00,S,0,131,157200.0,,,,,0,0,,C,S,2026-01-05 13:35:34,,,,1,N
2026,1,46,7,GMADA,1110104000,5,HOSP,2026-01-05 00:00:00,S,0,131,55000.0,,,,,0,0,,C,S,2026-01-05 13:36:05,,,,1,N
2026,1,47,5,GMADA,1110104000,5,HOSP,2026-01-05 00:00:00,S,0,131,86000.0,,,,,0,0,,C,S,2026-01-05 13:36:37,,,,1,N
2026,1,48,91,GMADA,1110118000,25,DECI,2026-01-05 00:00:00,S,0,110,125000.0,,,,,0,0,,C,S,2026-01-05 13:37:09,,,,1,N
2026,1,49,89,GMADA,1110118000,25,000SU,2026-01-05 00:00:00,S,0,110,386000.0,,,,,0,0,,C,S,2026-01-05 13:38:01,,,,1,N
2026,1,50,85,GMADA,1110117000,24,000O,2026-01-05 00:00:00,S,0,110,51000.0,,,,,0,0,,C,S,2026-01-05 13:38:46,,,,1,N
2026,1,51,83,GMADA,1110111000,3,CAS,2026-01-05 00:00:00,S,0,131,64000.0,,,,,0,0,,C,S,2026-01-05 13:39:27,,,,1,N
2026,1,52,92,GMADA,1110118000,25,18C,2026-01-05 00:00:00,S,0,110,100200.0,,,,,0,0,,C,S,2026-01-05 13:40:20,,,,1,N
2026,1,53,88,GMADA,1110118000,25,000SU,2026-01-05 00:00:00,S,0,110,352000.0,,,,,0,0,,C,S,2026-01-05 13:40:55,,,,1,N
2026,1,54,94,GMADA,1110111000,3,CAS,2026-01-05 00:00:00,S,0,131,278200.0,,,,,0,0,,A,S,2026-01-05 13:41:33,2026-01-09 12:14:29,ERROR,,1,N
2026,1,55,80,GMADA,1110104000,5,FARM,2026-01-05 00:00:00,S,0,131,121513.19,,,,,0,0,,C,S,2026-01-05 13:42:15,,,,1,N
2026,1,93,172,GMADA,1110109000,13,DEP,2026-01-08 00:00:00,S,0,110,4500000.0,,,,,0,0,,C,S,2026-01-08 09:09:51,,,,1,N
2026,1,94,174,GMADA,1110106000,7,ASIV,2026-01-08 00:00:00,S,0,110,834302.92,,,,,0,0,,C,S,2026-01-08 09:13:38,,,,1,N
2026,1,107,190,GMADA,1110109000,13,DEP,2026-01-08 00:00:00,S,0,132,538400.0,,,,,0,0,,C,S,2026-01-08 10:53:20,,,,1,N
2026,1,110,118,GMADA,1110106000,7,ACCSOC,2026-01-08 00:00:00,S,0,132,1785000.0,,,,,0,0,,C,S,2026-01-08 12:42:46,,,,1,N
2026,1,111,164,GMADA,1110111000,3,CAS,2026-01-08 00:00:00,S,0,131,180169.0,,,,,0,0,,C,S,2026-01-08 12:43:30,,,,1,N
2026,1,112,131,GMADA,1110118000,25,000SU,2026-01-08 00:00:00,S,0,110,1390000.0,,,,,0,0,,C,S,2026-01-08 12:53:30,,,,1,N
2026,1,113,154,GMADA,1110118000,25,000SU,2026-01-08 00:00:00,S,0,110,96600.0,,,,,0,0,,C,S,2026-01-08 12:55:12,,,,1,N
2026,1,114,153,GMADA,1110118000,25,000SU,2026-01-08 00:00:00,S,0,110,178110.0,,,,,0,0,,C,S,2026-01-08 12:56:01,,,,1,N
2026,1,115,148,GMADA,1110118000,25,000SU,2026-01-08 00:00:00,S,0,110,190000.0,,,,,0,0,,C,S,2026-01-08 12:58:39,,,,2,N
2026,1,116,144,GMADA,1110118000,25,000SU,2026-01-08 00:00:00,S,0,110,133500.0,,,,,0,0,,C,S,2026-01-08 12:59:45,,,,1,N
2026,1,117,143,GMADA,1110118000,25,DECI,2026-01-08 00:00:00,S,0,110,726500.0,,,,,0,0,,C,S,2026-01-08 13:02:11,,,,1,N
2026,1,118,142,GMADA,1110118000,25,DECI,2026-01-08 00:00:00,S,0,110,536000.0,,,,,0,0,,C,S,2026-01-08 13:03:25,,,,1,N
2026,1,119,1,GMADA,1110118000,25,000SU,2026-01-08 00:00:00,S,0,110,2050000.0,,,,,0,0,,C,S,2026-01-08 13:06:46,,,,1,N
2026,1,120,160,GMADA,1110118000,25,DECI,2026-01-08 00:00:00,S,0,110,185000.0,,,,,0,0,,C,S,2026-01-08 13:08:21,,,,1,N
2026,1,121,159,GMADA,1110118000,25,DECI,2026-01-08 00:00:00,S,0,110,464000.0,,,,,0,0,,C,S,2026-01-08 13:10:57,,,,1,N
2026,1,122,158,GMADA,1110118000,25,000SU,2026-01-08 00:00:00,S,0,110,379299.0,,,,,0,0,,C,S,2026-01-08 13:11:40,,,,1,N
2026,1,128,227,GMADA,1110104000,5,HOSP,2026-01-12 00:00:00,S,0,131,2320000.0,,,,,0,0,,C,S,2026-01-12 08:01:11,,,,1,N
2026,1,129,234,GMADA,1110102000,2,GOBHAC,2026-01-12 00:00:00,S,0,110,3200260.0,,,,,0,0,,C,S,2026-01-12 08:02:04,,,,1,N
2026,1,132,94,GMADA,1110111000,3,CAS,2026-01-12 00:00:00,S,0,131,2780200.0,,,,,0,0,,C,S,2026-01-12 10:47:50,,,,1,N
2026,1,134,218,GMADA,1110105000,6,CULTUR,2026-01-12 00:00:00,S,0,110,350000.0,,,,,0,0,,C,S,2026-01-12 11:05:02,,,,1,N
2026,1,135,161,GMADA,1110104000,5,HOSP,2026-01-12 00:00:00,A,133,131,-2000000.0,,,,,0,0,,N,S,2026-01-12 11:20:20,,,,0,N
2026,1,136,161,GMADA,1110104000,5,HOSP,2026-01-12 00:00:00,S,0,131,2000000.0,,,,,0,0,,C,S,2026-01-12 11:25:20,,,,1,N
2026,1,137,213,GMADA,1110104000,5,HOSP,2026-01-12 00:00:00,S,0,131,156000.0,,,,,0,0,,C,S,2026-01-12 12:03:23,,,,1,N
2026,1,138,214,GMADA,1110104000,5,FARM,2026-01-12 00:00:00,S,0,131,1241489.45,,,,,0,0,,C,S,2026-01-12 12:04:44,,,,1,N
2026,1,139,215,GMADA,1110104000,5,COC,2026-01-12 00:00:00,S,0,131,72000.0,,,,,0,0,,C,S,2026-01-12 12:06:24,,,,2,N
2026,1,140,216,GMADA,1110104000,5,HOGANC,2026-01-12 00:00:00,S,0,131,40800.0,,,,,0,0,,C,S,2026-01-12 12:07:20,,,,1,N
2026,1,141,222,GMADA,1110104000,5,COC,2026-01-12 00:00:00,S,0,131,32500.0,,,,,0,0,,C,S,2026-01-12 12:08:39,,,,1,N
2026,1,142,225,GMADA,1110104000,11,BROM,2026-01-12 00:00:00,S,0,110,56200.0,,,,,0,0,,C,S,2026-01-12 12:13:02,,,,1,N
2026,1,143,226,GMADA,1110104000,5,HOSP,2026-01-12 00:00:00,S,0,131,40000.0,,,,,0,0,,C,S,2026-01-12 12:13:54,,,,1,N
2026,1,144,229,GMADA,1110104000,5,HOSP,2026-01-12 00:00:00,S,0,131,279861.8,,,,,0,0,,C,S,2026-01-12 12:14:54,,,,1,N
2026,1,145,228,GMADA,1110104000,5,HOSP,2026-01-12 00:00:00,S,0,131,6448700.0,,,,,0,0,,C,S,2026-01-12 12:17:55,,,,1,N
2026,1,146,237,GMADA,1110104000,5,COC,2026-01-12 00:00:00,S,0,131,132800.0,,,,,0,0,,C,S,2026-01-12 12:28:31,,,,1,N
2026,1,147,254,GMADA,1110108000,14,PROD,2026-01-12 00:00:00,S,0,110,29500.0,,,,,0,0,,C,S,2026-01-12 12:29:45,,,,1,N
2026,1,148,211,GMADA,1110109000,13,DEP,2026-01-12 00:00:00,S,0,110,46200.0,,,,,0,0,,C,S,2026-01-12 12:31:48,,,,1,N
2026,1,149,208,GMADA,1110109000,13,DEP,2026-01-12 00:00:00,S,0,110,8500.0,,,,,0,0,,C,S,2026-01-12 12:32:56,,,,1,N
2026,1,150,219,GMADA,1110109000,13,DEP,2026-01-12 00:00:00,S,0,110,8945.03,,,,,0,0,,C,S,2026-01-12 12:34:00,,,,1,N
2026,1,151,207,GMADA,1110109000,13,DEP,2026-01-12 00:00:00,S,0,110,38000.0,,,,,0,0,,C,S,2026-01-12 12:34:17,,,,1,N
2026,1,152,200,GMADA,1110109000,13,DEP,2026-01-12 00:00:00,S,0,110,20000.0,,,,,0,0,,C,S,2026-01-12 12:36:01,,,,1,N
2026,1,153,221,GMADA,1110109000,13,DEP,2026-01-12 00:00:00,S,0,110,310000.0,,,,,0,0,,C,S,2026-01-12 12:37:07,,,,1,N
2026,1,154,220,GMADA,1110109000,13,DEP,2026-01-12 00:00:00,S,0,110,14200.0,,,,,0,0,,C,S,2026-01-12 12:38:23,,,,1,N
2026,1,155,266,GMADA,1110102000,2,GOB,2026-01-12 00:00:00,S,0,110,24191.0,,,,,0,0,,C,S,2026-01-12 12:43:12,,,,1,N
2026,1,156,247,GMADA,1110113000,20,SECSEG,2026-01-12 00:00:00,S,0,110,81300.0,,,,,0,0,,C,S,2026-01-12 12:46:22,,,,1,N
2026,1,157,253,GMADA,1110113000,20,SECSEG,2026-01-12 00:00:00,S,0,110,52000.0,,,,,0,0,,C,S,2026-01-12 12:48:10,,,,1,N
2026,1,158,251,GMADA,1110113000,20,SECSEG,2026-01-12 00:00:00,S,0,110,20800.0,,,,,0,0,,C,S,2026-01-12 12:49:46,,,,1,N
2026,1,159,240,GMADA,1110113000,20,SECSEG,2026-01-12 00:00:00,S,0,110,31000.0,,,,,0,0,,C,S,2026-01-12 12:50:42,,,,1,N
2026,1,160,262,GMADA,1110113000,20,SECSEG,2026-01-12 00:00:00,S,0,110,120500.0,,,,,0,0,,C,S,2026-01-12 12:52:03,,,,1,N
2026,1,161,264,GMADA,1110113000,20,SECSEG,2026-01-12 00:00:00,S,0,110,396000.0,,,,,0,0,,C,S,2026-01-12 12:53:01,,,,1,N
2026,1,163,199,GMADA,1110106000,7,ACCSOC,2026-01-13 00:00:00,S,0,132,252652.0,,,,,0,0,,C,S,2026-01-13 07:48:31,,,,1,N
2026,1,164,197,GMADA,1110106000,7,DDS,2026-01-13 00:00:00,S,0,110,19000.0,,,,,0,0,,C,S,2026-01-13 07:49:22,,,,1,N
2026,1,165,196,GMADA,1110106000,7,ENV,2026-01-13 00:00:00,S,0,132,113607.05,,,,,0,0,,C,S,2026-01-13 07:50:22,,,,1,N
2026,1,166,268,GMADA,1110104000,5,CAPSN,2026-01-13 00:00:00,S,0,131,1953034.0,,,,,0,0,,C,S,2026-01-13 07:51:22,,,,1,N
2026,1,167,267,GMADA,1110118000,25,000SU,2026-01-13 00:00:00,S,0,110,13799206.99,,,,,0,0,,C,S,2026-01-13 07:52:16,,,,1,N
2026,1,168,265,GMADA,1110118000,25,00B,2026-01-13 00:00:00,S,0,110,5856236.44,,,,,0,0,,C,S,2026-01-13 07:53:19,,,,1,N
2026,1,169,263,GMADA,1110118000,25,00B,2026-01-13 00:00:00,S,0,110,14974886.89,,,,,0,0,,C,S,2026-01-13 07:54:08,,,,1,N
2026,1,170,261,GMADA,1110104000,5,HOSP,2026-01-13 00:00:00,S,0,110,25861604.6,,,,,0,0,,C,S,2026-01-13 07:55:07,,,,1,N
2026,1,171,257,GMADA,1110113000,20,SECSEG,2026-01-13 00:00:00,S,0,110,13104289.05,,,,,0,0,,C,S,2026-01-13 07:55:58,,,,1,N
2026,1,172,250,GMADA,1110118000,25,DECI,2026-01-13 00:00:00,S,0,110,473536.94,,,,,0,0,,C,S,2026-01-13 07:56:46,,,,1,N
2026,1,173,252,GMADA,1110108000,14,PROD,2026-01-13 00:00:00,S,0,110,1394646.97,,,,,0,0,,C,S,2026-01-13 07:59:43,,,,1,N
2026,1,174,249,GMADA,1110118000,25,BARU,2026-01-13 00:00:00,S,0,110,25160.31,,,,,0,0,,C,S,2026-01-13 08:00:19,,,,1,N
2026,1,175,248,GMADA,1110118000,25,MEAM,2026-01-13 00:00:00,S,0,110,13738560.16,,,,,0,0,,C,S,2026-01-13 08:02:10,,,,1,N
2026,1,176,246,GMADA,1110105000,6,CULTUR,2026-01-13 00:00:00,S,0,110,10621373.73,,,,,0,0,,C,S,2026-01-13 08:04:03,,,,1,N
2026,1,177,245,GMADA,1110101000,1,INT,2026-01-13 00:00:00,S,0,110,3436775.39,,,,,0,0,,C,S,2026-01-13 08:06:16,,,,1,N
2026,1,178,244,GMADA,1110102000,2,DELRU,2026-01-13 00:00:00,S,0,110,1064255.55,,,,,0,0,,C,S,2026-01-13 08:07:30,,,,1,N
2026,1,179,243,GMADA,1110106000,7,ACCSOC,2026-01-13 00:00:00,S,0,110,3500363.22,,,,,0,0,,C,S,2026-01-13 08:08:47,,,,1,N
2026,1,20,93,GMADA,1110104000,5,COC,2026-01-05 00:00:00,S,0,131,7318400.0,,,,,0,0,,C,S,2026-01-05 10:23:30,,,,2,N
2026,1,180,241,GMADA,1110103000,3,OPP,2026-01-13 00:00:00,S,0,110,1004493.42,,,,,0,0,,C,S,2026-01-13 08:10:08,,,,1,N
2026,1,181,239,GMADA,1110109000,13,DEP,2026-01-13 00:00:00,S,0,110,8404581.12,,,,,0,0,,C,S,2026-01-13 08:11:03,,,,1,N
2026,1,182,230,GMADA,1110111000,3,CAS,2026-01-13 00:00:00,S,0,131,6332135.0,,,,,0,0,,C,S,2026-01-13 08:11:50,,,,1,N
2026,1,183,259,GMADA,1110113000,20,SECSEG,2026-01-13 00:00:00,S,0,110,154000.0,,,,,0,0,,C,S,2026-01-13 08:13:10,,,,1,N
2026,1,184,256,GMADA,1110113000,20,SECSEG,2026-01-13 00:00:00,S,0,110,4000.0,,,,,0,0,,C,S,2026-01-13 08:14:19,,,,1,N
2026,1,185,111,GMADA,1110111000,3,CAS,2026-01-13 00:00:00,S,0,131,263000.0,,,,,0,0,,C,S,2026-01-13 08:16:20,,,,1,N
2026,1,186,232,GMADA,1110118000,25,000SU,2026-01-13 00:00:00,S,0,110,335000.0,,,,,0,0,,C,S,2026-01-13 08:20:46,,,,1,N
2026,1,187,231,GMADA,1110118000,25,DECI,2026-01-13 00:00:00,S,0,110,1120000.0,,,,,0,0,,C,S,2026-01-13 08:23:10,,,,1,N
2026,1,188,238,GMADA,1110111000,3,CAS,2026-01-13 00:00:00,S,0,131,145000.0,,,,,0,0,,C,S,2026-01-13 08:26:27,,,,1,N
2026,1,189,217,GMADA,1110106000,7,JARD,2026-01-13 00:00:00,S,0,132,222900.0,,,,,0,0,,C,S,2026-01-13 08:28:19,,,,1,N
2026,1,190,98,GMADA,1110102000,2,GOBHAC,2026-01-13 00:00:00,S,0,110,473600.0,,,,,0,0,,C,S,2026-01-13 08:28:48,,,,2,N
2026,1,192,99,GMADA,1110118000,25,PLANRE,2026-01-13 00:00:00,S,0,110,236800.0,,,,,0,0,,C,S,2026-01-13 09:02:53,,,,1,N
2026,1,193,100,GMADA,1110104000,5,CAP,2026-01-13 00:00:00,S,0,131,670000.0,,,,,0,0,,C,S,2026-01-13 09:05:11,,,,1,N
2026,1,194,101,GMADA,1110105000,6,BA,2026-01-13 00:00:00,S,0,110,710400.0,,,,,0,0,,C,S,2026-01-13 09:06:19,,,,1,N
2026,1,195,102,GMADA,1110111000,3,CAS,2026-01-13 00:00:00,S,0,110,236800.0,,,,,0,0,,A,S,2026-01-13 09:08:02,2026-01-15 07:54:37,ERROR,,1,N
2026,1,196,103,GMADA,1110106000,7,ACCSOC,2026-01-13 00:00:00,S,0,110,866400.0,,,,,0,0,,C,S,2026-01-13 09:11:36,,,,2,N
2026,1,197,104,GMADA,1110108000,14,PROD,2026-01-13 00:00:00,S,0,110,196400.0,,,,,0,0,,C,S,2026-01-13 09:12:54,,,,1,N
2026,1,198,105,GMADA,1110118000,25,18C,2026-01-13 00:00:00,S,0,110,236800.0,,,,,0,0,,C,S,2026-01-13 09:15:20,,,,2,N
2026,1,208,235,GMADA,1110118000,25,VIMUNI,2026-01-13 00:00:00,S,0,110,425000.0,,,,,0,0,,A,S,2026-01-13 09:33:44,2026-01-21 10:23:03,ERROR,,1,N
2026,1,210,60,GMADA,1110106000,7,JARD,2026-01-13 00:00:00,S,0,132,31135.12,,,,,0,0,,C,S,2026-01-13 09:36:42,,,,1,N
2026,1,216,233,GMADA,1110118000,25,000SU,2026-01-13 00:00:00,S,0,110,1831589.95,,,,,0,0,,C,S,2026-01-13 09:42:18,,,,1,N
2026,1,1264,1155,GMADA,1110104000,11,BROM,2026-04-06 00:00:00,A,1236,110,-225500.0,,,,,0,0,,N,S,2026-04-06 12:23:33,,,,0,N
2026,1,1665,1572,GMADA,1110105000,6,CULTUR,2026-04-30 00:00:00,S,0,110,1300000.0,,,,,0,0,,C,S,2026-04-30 09:24:46,,,,2,N
2026,1,1667,1179,GMADA,1110106000,7,ACCSOC,2026-04-30 00:00:00,M,1306,132,1574600.0,,,,,0,0,,N,S,2026-04-30 11:35:02,,,,1,N
2026,1,1764,1660,GMADA,1110118000,25,000SU,2026-05-08 00:00:00,A,1739,110,-2402290.8,,,,,0,0,,N,S,2026-05-08 11:41:24,,,,0,N
2026,1,2215,2095,GMADA,1110104000,5,COC,2026-06-09 00:00:00,S,0,131,1785416.0,,,,,0,0,,C,S,2026-06-09 09:26:17,,,,1,N
2026,1,2359,2274,GMADA,1110112000,19,CONTRA,2026-06-22 00:00:00,S,0,110,696600.0,,,,,0,0,,C,S,2026-06-22 08:06:17,,,,1,N
2026,1,2360,2275,GMADA,1110112000,19,CONTRA,2026-06-22 00:00:00,S,0,110,1623233.35,,,,,0,0,,C,S,2026-06-22 08:06:35,,,,1,N
2026,1,2372,2267,GMADA,1110105000,6,CASA,2026-06-22 00:00:00,S,0,110,80000.0,,,,,0,0,,C,S,2026-06-22 09:32:06,,,,1,N
2026,1,2374,2266,GMADA,1110105000,6,CASA,2026-06-22 00:00:00,S,0,110,336140.0,,,,,0,0,,C,S,2026-06-22 09:33:58,,,,1,N
2026,1,2506,2126,GMADA,1110104000,5,SALA I,2026-07-01 00:00:00,S,0,131,514080.0,,,,,0,0,,C,S,2026-07-01 08:24:52,,,,2,N
2026,1,2507,2406,GMADA,1110104000,5,QUI,2026-07-01 00:00:00,S,0,131,42360000.0,,,,,0,0,,C,S,2026-07-01 10:18:14,,,,2,N
2026,1,2508,2407,GMADA,1110104000,5,HOSP,2026-07-01 00:00:00,S,0,131,17952000.0,,,,,0,0,,C,S,2026-07-01 10:19:01,,,,2,N
2026,1,2740,2616,GMADA,1110118000,25,000SU,2026-07-17 00:00:00,S,0,110,398195.34,,,,,0,0,,C,S,2026-07-17 07:49:52,,,,2,N
2026,1,2741,2618,GMADA,1110118000,25,000SU,2026-07-17 00:00:00,S,0,110,3527000.0,,,,,0,0,,C,S,2026-07-17 07:50:35,,,,1,N
2026,1,2742,2614,GMADA,1110118000,25,000SU,2026-07-17 00:00:00,S,0,110,1041482.54,,,,,0,0,,C,S,2026-07-17 07:52:15,,,,1,N
2026,1,2750,2551,GMADA,1110104000,5,LAB,2026-07-17 00:00:00,A,2679,133,-97605.56,,,,,0,0,,N,S,2026-07-17 10:28:45,,,,0,N
2026,1,2751,2551,GMADA,1110104000,5,LAB,2026-07-17 00:00:00,S,0,131,97605.56,,,,,0,0,,C,S,2026-07-17 10:30:14,,,,1,N
2026,1,2753,2520,GMADA,1110104000,5,LAV,2026-07-17 00:00:00,A,2683,131,-66344.65,,,,,0,0,,N,S,2026-07-17 11:36:58,,,,0,N
2026,1,26,53,GMADA,1110106000,7,JARD,2026-01-05 00:00:00,S,0,132,32660.52,,,,,0,0,,C,S,2026-01-05 13:01:13,,,,1,N
2026,1,27,43,GMADA,1110106000,7,ACCSOC,2026-01-05 00:00:00,S,0,110,18050.0,,,,,0,0,,C,S,2026-01-05 13:02:49,,,,1,N
2026,1,28,37,GMADA,1110106000,7,JARD,2026-01-05 00:00:00,S,0,132,9800.0,,,,,0,0,,C,S,2026-01-05 13:08:56,,,,2,N
2026,1,29,31,GMADA,1110106000,7,GRAN,2026-01-05 00:00:00,S,0,110,15200.0,,,,,0,0,,C,S,2026-01-05 13:13:17,,,,1,N
2026,1,30,106,GMADA,1110102000,2,GOB,2026-01-05 00:00:00,S,0,110,37300.0,,,,,0,0,,C,S,2026-01-05 13:19:26,,,,1,N
2026,1,31,87,GMADA,1110104000,5,HOGANC,2026-01-05 00:00:00,S,0,131,1500000.0,,,,,0,0,,C,S,2026-01-05 13:27:25,,,,1,N
2026,1,32,79,GMADA,1110104000,5,SALA I,2026-01-05 00:00:00,S,0,131,5797485.0,,,,,0,0,,C,S,2026-01-05 13:28:21,,,,1,N
2026,1,33,78,GMADA,1110104000,5,FARM,2026-01-05 00:00:00,S,0,131,149230.14,,,,,0,0,,C,S,2026-01-05 13:28:54,,,,1,N
2026,1,34,71,GMADA,1110104000,5,HOSP,2026-01-05 00:00:00,S,0,131,190000.0,,,,,0,0,,C,S,2026-01-05 13:29:27,,,,1,N
2026,1,35,74,GMADA,1110104000,5,HOSP,2026-01-05 00:00:00,S,0,131,1620000.0,,,,,0,0,,C,S,2026-01-05 13:30:00,,,,1,N
2026,1,36,70,GMADA,1110104000,5,COC,2026-01-05 00:00:00,S,0,131,29000.0,,,,,0,0,,C,S,2026-01-05 13:30:31,,,,1,N
2026,1,37,69,GMADA,1110104000,5,COC,2026-01-05 00:00:00,S,0,131,13000.0,,,,,0,0,,C,S,2026-01-05 13:31:02,,,,1,N
2026,1,38,68,GMADA,1110104000,5,COC,2026-01-05 00:00:00,S,0,131,18000.0,,,,,0,0,,C,S,2026-01-05 13:31:35,,,,1,N
2026,1,39,67,GMADA,1110104000,5,COC,2026-01-05 00:00:00,S,0,131,33000.0,,,,,0,0,,C,S,2026-01-05 13:32:16,,,,1,N
2026,1,40,66,GMADA,1110104000,5,HOGANC,2026-01-05 00:00:00,S,0,131,32400.0,,,,,0,0,,C,S,2026-01-05 13:32:45,,,,1,N
2026,1,41,65,GMADA,1110104000,5,HOGANC,2026-01-05 00:00:00,S,0,131,69000.0,,,,,0,0,,C,S,2026-01-05 13:33:15,,,,1,N
2026,1,42,63,GMADA,1110104000,5,COC,2026-01-05 00:00:00,S,0,131,71838.6,,,,,0,0,,C,S,2026-01-05 13:33:49,,,,1,N
2026,1,43,62,GMADA,1110104000,5,COC,2026-01-05 00:00:00,S,0,131,342208.78,,,,,0,0,,C,S,2026-01-05 13:34:25,,,,1,N
2026,1,44,28,GMADA,1110104000,5,FARM,2026-01-05 00:00:00,S,0,131,3139700.0,,,,,0,0,,C,S,2026-01-05 13:34:57,,,,1,N
