EJERCICIO,NRO_ADJUDIC,NRO_COTI,DELEG_SOLIC,NRO_SOLIC,COD_PROV,FECH_ADJUD,TIPO_DOC_APROB,NRO_DOC_APROB,ANIO_DOC_APROB,ESTADO,FECH_ANUL,MOTIVO_ANUL,FECH_ENTREGA,OBSERVACIONES,COND_PAGO,DESC_COND_PAGO,NRO_LLAMADO,CERRADA
2025,3748,3719,1,3889,2310,2025-07-10 00:00:00,PRESU,6881,2025,O,,,,"PRESUPUESTO 11-6881, CALABRO JORGE GUILLERMO",000000,,1,N
2025,3750,3720,1,3839,90,2025-07-10 00:00:00,PRESU,24,2025,O,,,,"PRESUPUESTO N| X 00000024 de Lo coco, Marcelo Alejandro de ""TODO  COLOR"" junio 2025",000000,,1,N
2025,3751,3721,1,3840,1527,2025-07-10 00:00:00,PRESU,537,2025,O,,,,"Gomeria La Diagonal, presupuesto 0537-0537 ( moviles af349oi- oig911-af173ln-ab038fh- nuf386-af245ct-jch069-af354su-af245cy-",000000,,1,N
2025,3752,3722,1,3830,1259,2025-07-10 00:00:00,PRESU,28600,2025,O,,,,"Suc. de Dannunzio ,presupuesto 00028600",000000,,1,N
2025,3753,3723,1,3833,2146,2025-07-11 00:00:00,PRESU,0,2025,O,,,,Corresponde presupuesto QUILINDRO MARTIN - PALACIO MUNICIPAL,000000,,1,N
2025,3754,3724,1,3834,3287,2025-07-11 00:00:00,PRESU,1793,2025,O,,,,HISPANOGRAF     PRESUPUESTO N° 1793,000000,,1,N
2025,3755,3725,1,3835,2595,2025-07-11 00:00:00,PRESU,6756,2025,O,,,,Corresponde presupuesto n° 0000632/00006756-IVANPER,000000,,1,N
2025,3756,3726,1,3836,2595,2025-07-11 00:00:00,PRESU,6779,2025,O,,,,"PROV.IVAN PERICO PRESUP.6779,6760,6879, REPUESTOS PARA COLECTIVO LAN550, FORD 14000 BMW472, VW 17220 LED010",000000,,1,N
2025,3757,3727,1,3837,2595,2025-07-11 00:00:00,PRESU,6961,2025,O,,,,"PROV.IVAN PERICO PRESUP.6861 REPUESTOS ELECTRICO PARA FORD RANGER INI856,FORD 14000SVN719,VW 17220 LED13",000000,,1,N
2025,3758,3728,1,3838,3516,2025-07-11 00:00:00,PRESU,0,2025,O,,,,"Expte N° 1913/2025 Contrato Lopéz, Luis Miguel. No cumple con el Art. 45 de la Ley 14.656",000000,,1,N
2025,3759,3729,1,3841,1259,2025-07-11 00:00:00,PRESU,28581,2025,O,,,,"Electro Dannunzio, presupuesto 28581(utilizado por el personal de tecnica del com para la colocacion/reparacion de camaras de seguridad)",000000,,1,N
2025,3760,3730,1,3842,1259,2025-07-11 00:00:00,PRESU,28530,2025,O,,,,"Electro Dannunzio, presupuestos 28530-286168",000000,,1,N
2025,3761,3731,1,3844,2595,2025-07-11 00:00:00,PRESU,6997,2025,O,,,,"Ivanper, presupuesto 6997 (ae704ax)",000000,,1,N
2025,3762,3732,1,3843,2595,2025-07-11 00:00:00,PRESU,6666,2025,O,,,,IvanPer. presupuesto 6686 (AE331IY-AE704AX),000000,,1,N
2025,2941,2941,1,3072,879,2025-05-23 00:00:00,SUM,2865,2025,O,,,,"PRESUPUESTO Nº X 0001-00000968 / 989 / 991 / 999 de Tatano Harisgarat S.R.L. de ""Casa Harisgarat"" Para la bloquera municipal",000115,,1,N
2025,2942,2942,1,3073,879,2025-05-23 00:00:00,SUM,2855,2025,O,,,,"PRESUPUESTOS Nº X 0001-00000984/ 985 / 986 /  987 / 993 /  994 / 997 / 1152 de Tatano Harisgarat S.R.L de ""Casa Harisgarat"" Familias: Mendiola Melani - Salinas Mariela - Pastorino Oscar - Jaime - Diaz Roberto - Olguin Sergio-Escalada, Araceli - Jaime",000115,,1,N
2025,2943,2943,1,3074,2151,2025-05-23 00:00:00,SUM,2852,2025,O,,,,"Expte Nº 159/25 PRESUPUESTO Nº 0254 de ""Barraca Maribel"". Proyecto de Talleres Programa Envión. Taller de carpinteria",000115,,1,N
2025,2946,2946,1,3075,2209,2025-05-23 00:00:00,SUM,2897,2025,O,,,,"Durante Javier ,presupuesto X0001-00000682",000115,,1,N
2025,2947,2947,1,3076,2846,2025-05-23 00:00:00,SUM,2880,2025,O,,,,"Cueli Miguel, presupuesto X 0001-00000152",000115,,1,N
2025,2948,2948,1,3067,2377,2025-05-23 00:00:00,SUM,2869,2025,O,,,,Exp.:757/25 Alem / Venezuela - Trabajos de Cunetas - Bacheos Pluviales - Prov.:Building Energy - Presup.:Contrato,000115,,1,N
2025,2949,2949,1,3063,117,2025-05-23 00:00:00,SUM,2884,2025,O,,,,"PRESUPUESTO N° 0014-00232474-PAPELERA ""LAS TRES MARÍAS"". Para la granjda de contención",000115,,1,N
2025,2950,2950,1,3060,2505,2025-05-23 00:00:00,SUM,2906,2025,O,,,,"PRESUPUESTO  de IMSde ""Zingerias y plegados"" realización de chapas para colocar calefactor en las oficinas de Desarrollo Social",000115,,1,N
2025,2952,2952,1,3032,2525,2025-05-23 00:00:00,SUM,2927,2025,O,,,,PROV.BOMBEROS VOLUNTARIOS MADARIAGA RENOVACION DECONTRATO ALQUILER DE  CAMION CISTERNA SEGUN EXPT.3220/21,000115,,1,N
2025,2956,2956,1,3057,1573,2025-05-23 00:00:00,SUM,2844,2025,O,,,,DROGUERIA ALBERDI - PRESUPUESTO S/N FECHA 14/5/24 (FARMACIA HOSPITAL),000115,,1,N
2025,2957,2957,1,3052,879,2025-05-23 00:00:00,SUM,2872,2025,O,,,,"Tatano Harisgarat S.R.L.,presupuesto 0001-00000967. HOGAR DE ANCIANOS, SAMO.",000115,,1,N
2025,2959,2959,1,3051,2578,2025-05-23 00:00:00,SUM,2913,2025,O,,,,PHOYU MARIA ALCIRA- PRESUPUESTO N 20/05/2025,000115,,1,N
2025,2962,2962,1,3083,1685,2025-05-23 00:00:00,SUM,2892,2025,O,,,,PROV. AUDINE BAÑOS QUIMICOS ALQUILER DE 1 BAÑO QUIMICO PARA LAGUNA LA LARGA POR 2 MESES MAYO JUNIO,000115,,1,N
2025,2963,2963,1,3082,1685,2025-05-23 00:00:00,SUM,2902,2025,O,,,,PROV. AUDINE ALQUILER DE BAÑOS QUIMICOS PARA PREDIO DISPOSICION FINAL RUTA 11 KM 405.5  POR 3 MESES MAYO Y JUNIO,000115,,1,N
2025,2965,2965,1,3081,1685,2025-05-23 00:00:00,SUM,2895,2025,O,,,,PROV. AUDINE ALQUILER  DE BAÑOS QUIMICOS PARA LAGUNA EL CARBON POR 2 MESES MAYO JUNIO,000115,,1,N
2025,2967,2967,1,3048,771,2025-05-23 00:00:00,SUM,2923,2025,O,,,,DROGUERIA FRANCESA  - PRESUPUESTO S/N FECHA 20/5/25 FARMACIA,000115,,1,N
2025,2969,2969,1,3045,850,2025-05-23 00:00:00,SUM,2926,2025,O,,,,UNO ELECTROMEDICINA - PRESUPUESTO N° 3-12688 (LABORATORIO HOSPITAL),000115,,1,N
2025,2970,2970,1,3042,3322,2025-05-23 00:00:00,SUM,2911,2025,O,,,,PINAMAR HIGIENE INSTITUCIONAL - PRESUPUESTO N° 16-1749 Y 16-1758,000115,,1,N
2025,2971,2971,1,3039,167,2025-05-23 00:00:00,SUM,2920,2025,O,,,,"TODO POLLO, N° PRESUPUESTO 00000094, HOGAR DE ANCIANOS",000115,,1,N
2025,2972,2972,1,3036,2627,2025-05-23 00:00:00,SUM,2915,2025,O,,,,"SANTA PAULA, N° PRESUPUESTO 0001-00002059, HOGAR DE ANCIANOS",000115,,1,N
2025,2973,2973,1,3033,2346,2025-05-23 00:00:00,SUM,2256,2025,O,,,,Exp.:3585/24 Ejecución/Reparación Rampas - Esquinas céntricas - Prov.:Betanzo Construcciones - Presup.:Contrato,000115,,1,N
2025,2974,2974,1,3029,171,2025-05-23 00:00:00,SUM,2905,2025,O,,,,"SANCHEZ, JUAN ALBERTO  ""ELECTRICIDAD EL GALLEGO"",  PRESUPUESTO  X0001-00052314",000115,,1,N
2025,2976,2976,1,3024,879,2025-05-23 00:00:00,SUM,2891,2025,O,,,,"Casa Harosgatar, presupuesto 0979 (reparacion en baño de hombres secretaria)",000115,,1,N
2025,2977,2977,1,3096,1492,2025-05-23 00:00:00,SUM,2881,2025,O,,,,FAS IMPLANTS- PRESUPUESTO N° 29654 PACIENTE: AVALOS DAHIANA,000115,,1,N
2025,2978,2978,1,3064,300,2025-05-23 00:00:00,SUM,2883,2025,O,,,,"PRESUPUESTO Nº 00004647 de Silvia Beatriz Maistegui de ""Pinturería - Ferretería Todo Color"" Para arreglos en la granja de contención",000115,,1,N
2025,2979,2979,1,3061,117,2025-05-23 00:00:00,SUM,2894,2025,O,,,,"Expte Nº 159/25 PRESUPUESTO Nº 0014-00232473 de ""Papelera las 3 Marías"" Proyecto de Tallers Programa Envión.  Taller de macramé, diseño",000115,,1,N
2025,2980,2980,1,3058,1876,2025-05-23 00:00:00,SUM,2882,2025,O,,,,MAX CONTINENTAL- PRESUPUESTO N° 1166943,000115,,1,N
2025,2981,2981,1,3084,879,2025-05-26 00:00:00,SUM,2959,2025,O,,,,"PRESUPUESTO Nº X 0001-00000983de Tatano Harisgarat S.R.L de ""Casa Harisgarat"" Para la granja de contención",000115,,1,N
2025,2984,2982,1,3085,1098,2025-05-26 00:00:00,SUM,2960,2025,O,,,,"PRESUPUESTO de ""Carrera M. Valentin"" Plan Diabéticos mayo 2025",000115,,1,N
2025,2986,2986,1,3086,2734,2025-05-26 00:00:00,SUM,2961,2025,O,,,,"PRESUPUESTO de Matías Ricci"" Plan Diabéticos mayo 2025",000115,,1,N
2025,2988,2988,1,3087,879,2025-05-26 00:00:00,SUM,2958,2025,O,,,,"PRESUPUESTO Nº X 0001-00000972 de Tatano Harisgarat S.R.L. de ""Casa Harisgarat"" Para arreglos en casa del adolescente",000115,,1,N
2025,2990,2990,1,3088,879,2025-05-26 00:00:00,SUM,2956,2025,O,,,,"PRESUPUESTO Nº X 0001-00000996 de Tatano Harisgarat S.R.L. de ""Casa Harisgarat"" Para instalar tanque en la casita de chocolate",000115,,1,N
2025,2992,2992,1,3089,3287,2025-05-26 00:00:00,SUM,2942,2025,O,,,,"PRESUPUESTO Nº 1767 de ""Hispanograf"" Talonarios de bonos de pan, pollo, verdura para el aréa de prestaciones",000115,,1,N
2025,3728,3698,1,3863,2747,2025-07-10 00:00:00,PRESU,0,2025,O,,,,PROV. MINERA TANDIL PRESUP. 7/7/2025 PIEDRA 6-20 PARA COPIO EN CORRALON MUNICIPAL ( BACHEO CUANDO SEA REQUERIDO),000000,,1,N
2025,3729,3699,1,3864,428,2025-07-10 00:00:00,PRESU,1733,2025,O,,,,"Yoldi Carlos Agustin, presupuesto 01733 (entrega a personal de mantenimiento)",000000,,1,N
2025,3744,3715,1,3852,2770,2025-07-10 00:00:00,PRESU,735,2025,O,,,,SYSTEC COMPUTACION- PRESUPUESTO N° 735 (INFORMATICA),000000,,1,N
2025,2994,2994,1,3090,2209,2025-05-26 00:00:00,SUM,2941,2025,O,,,,"PRESUPUESTO Nº X 0001-00000683 de Javier Durante de ""Distribuidora del Sudeste"" Para los chicos del Programa Envión",000115,,1,N
2025,3000,3000,1,3091,3287,2025-05-26 00:00:00,SUM,2939,2025,O,,,,"PRESUPUESTO Nº 1769  de ""Hispanograf"" Certificados de la granja de contención",000115,,1,N
2025,3001,3001,1,3092,335,2025-05-26 00:00:00,SUM,2938,2025,O,,,,"PRESUPUESTOde María Cristina Uhturburu de""Casa Meoqui"" Sr. Schrder, José María fallecido el 19 de mayo 2025 DNI Nº 10.576.029",000115,,1,N
2025,3002,3002,1,3093,1235,2025-05-26 00:00:00,SUM,2966,2025,O,,,,Camino José Luis presupuesto 1475,000115,,1,N
2025,3003,3003,1,3094,1235,2025-05-26 00:00:00,SUM,2965,2025,O,,,,Camino José Luis presupuesto 1475.,000115,,1,N
2025,3004,3004,1,3095,2310,2025-05-26 00:00:00,SUM,2908,2025,O,,,,PROV. CENTRO HIERRO PRESUP.6681 CHAPA PARA REPARACION DE CAMION MERCEDES 1114 TGL092,000115,,1,N
2025,3010,3010,1,3099,2208,2025-05-26 00:00:00,SUM,2951,2025,O,,,,Corresponde presupuesto N° 381 - Lombardi Martin,000115,,1,N
2025,3011,3011,1,3100,2675,2025-05-26 00:00:00,SUM,2953,2025,O,,,,"PROV.CAROLINA NOWE 0553 REPUESTOS PARA IVECO OOI617,COLECTIVO MERCEDES BENZ LAN557, MERCEDES BENZ 1114 XNE245,VW 17220 LED010",000115,,1,N
2025,3012,3012,1,3101,879,2025-05-26 00:00:00,SUM,2879,2025,O,,,,PROV. CASA HARISGARAT PRESUP.0995 PARA VEREDA ESCUELA 6,000115,,1,N
2025,3013,3013,1,3103,2078,2025-05-26 00:00:00,SUM,2797,2025,O,,,,MATIAS ZANINI     EXPTE. 1634/25,000115,,1,N
2025,3015,3014,1,3102,3287,2025-05-26 00:00:00,SUM,2955,2025,O,,,,HISPANOGRAF        PRESUPUESTO N° 1768,000115,,1,N
2025,3016,3016,1,3104,2770,2025-05-26 00:00:00,SUM,2970,2025,O,,,,"Martín Fernando,presupuesto 716,717-",000115,,1,N
2025,3022,3022,1,3132,1289,2025-05-28 00:00:00,SUM,2978,2025,O,,,,PROV.VIEJO PETRO PRESUP.6 DE MAYO 2025  REPARACION PARA FORD 14000 SOG742,000010,,1,N
2025,3026,3026,1,3150,2331,2025-05-28 00:00:00,SUM,3020,2025,O,,,,Corresponde presupuesto Green Juegos,000010,,1,N
2025,3059,3059,1,3155,313,2025-05-29 00:00:00,SUM,3048,2025,O,,,,"PREVISION, ATREUCO PUEL S.A",000115,,1,N
2025,3027,3027,1,3128,1078,2025-05-28 00:00:00,SUM,2982,2025,O,,,,OPAZO DANIEL- PRESUPUESTO N° 26/05/2025 CAPS BO. NORTE,000115,,1,N
2025,3028,3028,1,3129,1066,2025-05-28 00:00:00,SUM,2980,2025,O,,,,PROV.CANTERA YARAVI  POLVO DE PIEDRA PARA MEJORADO DE CALLES BARRIO SAN MARTIN B,000115,,1,N
2025,3131,3131,1,3236,441,2025-06-03 00:00:00,SUM,3083,2025,O,,,," PROV. PAPELERA ALPA ""Matienzo Paola"". PRESU. N°3647/N°3637- SEC. PRODUCCION-",000115,,1,N
2025,3132,3132,1,3237,71,2025-06-03 00:00:00,SUM,3081,2025,O,,,,PRESUPUESTO N°14589 - CAMPO Y CIUDAD / MATERIALES PARA TRABAJO DE MANTENIMIENTO EN EL PREDIO DE DEPORTES,000115,,1,N
2025,3133,3133,1,3238,441,2025-06-03 00:00:00,SUM,3079,2025,O,,,,PRESUPUESTO N°3635 - ALPA MADARIAGA,000115,,1,N
2025,3135,3135,1,3239,71,2025-06-03 00:00:00,SUM,3080,2025,O,,,,PRESUPUESTO N°14592 - CAMPO Y CIUDAD /MATERIALES PARA TRABAJO EN ESTADIO MUNICIPAL,000115,,1,N
2025,3136,3136,1,3240,441,2025-06-03 00:00:00,SUM,3078,2025,O,,,,PRESUPUESTO N°3633 - ALPA MADARIAGA,000115,,1,N
2025,3137,3137,1,3241,117,2025-06-03 00:00:00,SUM,3095,2025,A,2025-08-22 00:00:00,ADMINI,,"PRESUPUESTO 0014-00232718, PL3M",000115,,1,N
2025,3138,3138,1,3242,776,2025-06-03 00:00:00,SUM,3089,2025,O,,,,"Gomeria V+B, presupuestos 1705-1707-1706-1709-1710-1711",000115,,1,N
2025,3139,3139,1,3243,1259,2025-06-03 00:00:00,SUM,3096,2025,O,,,,Corresponde presupuesto N° 00028281 - Suc. Dannunzio- PARA OFICINA SERVIDORES,000115,,1,N
2025,3140,3140,1,3244,3297,2025-06-03 00:00:00,SUM,3084,2025,O,,,,"Frenos Madariaga, preuspuesto 073 (POLICIALES AF173LN- AD283EL)",000115,,1,N
2025,3141,3141,1,3245,3297,2025-06-03 00:00:00,SUM,3086,2025,O,,,,"Frenos Madariaga, presupuesto 074 (AE704AX-OIG911- AE331IY- JWG930)",000115,,1,N
2025,3142,3142,1,3246,826,2025-06-03 00:00:00,SUM,3097,2025,O,,,,PROV.DUENDE AZUL PRES.2632 CAMISION DE MADARIAGA  A LA PLARA POR REPUSTOS,000115,,1,N
2025,3143,3143,1,3247,3262,2025-06-03 00:00:00,SUM,3109,2025,O,,,,PROV. FGC FUELS MARKET GAS OIL PARA MAQUINAS DE PREDIO DISPOSICION FINAL RUTA 11 KM 405.5,000115,,1,N
2025,3144,3144,1,3248,300,2025-06-03 00:00:00,SUM,3112,2025,O,,,,Corresponde presupuesto N° 00005507- Maistegui Silvia Beatriz,000115,,1,N
2025,3145,3145,1,3249,300,2025-06-03 00:00:00,SUM,3111,2025,O,,,,PROV. SILVIA MAISTEGUI PRESUP.5245 ARTICULOS DE FERRETERIA PARA DEFENSA CIVIL,000115,,1,N
2025,3146,3146,1,3254,313,2025-06-03 00:00:00,SUM,3108,2025,O,,,,PROV. ATREUCO PUEL COMBUSTIBLE PARA MAQUINAS Y VEHICULOS DE ESTA SECRETARIA,000115,,1,N
2025,3147,3147,1,3250,3337,2025-06-03 00:00:00,SUM,3099,2025,O,,,,PROV.FEDERICO GARCIA PRESUP.0576 REPUESTOS PARA PALA CARGADORA SDLG 936 CII58 MINICARGADORA MUSTANG BMV14,000115,,1,N
2025,3156,3156,1,3257,3287,2025-06-05 00:00:00,SUM,3049,2025,O,,,,HISPANOGRAF - PRESUPUESTO N° 1770.PIZARRAS PARA HOSPITAL CON NOVEDADES DE HORARIOS Y TURNOS DE MEDICOS.,000115,,1,N
2025,3109,3109,1,3219,879,2025-06-02 00:00:00,PRESU,0,2025,O,,,,Exp.:1811/21 PREIMBA- PROYECTO PARQUE DE LA ESTACIÓN - Prov.:Casa Harisgarat - Presup.:964;980;966;962,000000,,1,N
2025,3110,3110,1,3220,879,2025-06-02 00:00:00,PRESU,0,2025,O,,,,Exp.:3588/23 Reparación P/ Casa de la Cultura - Prov.:Casa Harisgarat - Presup.:965,000000,,1,N
2025,3111,3111,1,3229,1514,2025-06-02 00:00:00,PRESU,0,2025,O,,,,"PRESUPÚESTO 000, CASA ELICEIRY",000000,,1,N
2025,3115,3115,1,3221,879,2025-06-02 00:00:00,PRESU,988,2025,O,,,,Exp.:1861/15 Construccion 36 Viviendas - Prov.:Casa Harisgarat - Presup.:976;988;998,000000,,1,N
2025,3126,3126,1,3231,1514,2025-06-02 00:00:00,PRESU,0,2025,O,,,,"PRESUPUESTO 000,CASA ELICEIRY, 4/06",000000,,1,N
2025,3127,3127,1,3232,1514,2025-06-02 00:00:00,PRESU,0,2025,O,,,,PROV. CASA ELICEIRY GAS OIL PARA MAQUINA Y VEHICULOS DE ESTA SECRETARIA,000000,,1,N
2025,3128,3128,1,3234,1977,2025-06-03 00:00:00,PRESU,4504,2025,O,,,,"PRESUPUESTO 4504, ZG ARGENTINA SRL",000000,,1,N
2025,3129,3129,1,3233,3147,2025-06-03 00:00:00,PRESU,7414,2025,O,,,,DE LA CANAL INSUMOS- PRESUPUESTO N° 100007414 LABORATORIO DE ANALISIS CLINICOS,000000,,1,N
2025,3130,3130,1,3235,3344,2025-06-03 00:00:00,PRESU,0,2025,A,2025-06-17 00:00:00,ADMINI,,"PRESUPUESTO DEL 2/06, AMERICAN VART",000000,,1,N
2025,3134,3134,1,256,2843,2025-06-03 00:00:00,PRESU,0,2025,O,,,,"PREVISION DE MARIA ROST TAMARA  DE ""FRUTERIA EL NEGRIN""",000000,,1,N
2025,3157,3157,1,3258,3322,2025-06-05 00:00:00,SUM,3050,2025,O,,,,"PINAMAR HIGIENE INSTITUCIONAL - PRESUPUESTO N° 16-1675, 16-1690, 16-1691 Y 16-1699.ELEMENTOS UTILIZADOS EN HIGIENE DE HOSPITAL.",000115,,1,N
2025,3158,3158,1,3259,3322,2025-06-05 00:00:00,SUM,3052,2025,O,,,,"PINAMAR HIGIENE INSTITUCIONAL - PRESUPUESTO N° 16-1713, 16-1726 Y 16-1727.ELEMENTOS UTILIZADOS EN HIGIENE HOSPITAL MUNICIPAL.",000115,,1,N
2025,3159,3159,1,3260,3322,2025-06-05 00:00:00,SUM,3055,2025,O,,,,"PINAMAR HIGIENE INSTITUCIONAL - PRESUPUESTO N° 16-1743, 16-1788, 16-1789 Y 16-1792.ELEMENTOS UTILIZADOS EN HIGIENE HOSPITAL MUNICIPAL.",000115,,1,N
2025,3160,3160,1,3261,3322,2025-06-05 00:00:00,SUM,3056,2025,O,,,,"PINAMAR HIGIENE INSTITUCIONAL - PRESUPUESTO N° 16-1754, 16-1761, 16-1772, 16-1790. ELEMENTOS UTILIZADOS EN HIGIENE HOSPITAL MUNICIPAL.",000115,,1,N
2025,3161,3161,1,3262,285,2025-06-05 00:00:00,SUM,3094,2025,O,,,,RADIOGRAFICAOESTE- PRESUPUESTO N° 0000100049027 HEMOTERAPIA,000115,,1,N
2025,3163,3163,1,3263,1440,2025-06-05 00:00:00,SUM,3093,2025,O,,,,QUALIMED- PRESUPUESTO N° 62/2025 TOMOGRAFIA,000115,,1,N
2025,3164,3164,1,3264,345,2025-06-05 00:00:00,SUM,3092,2025,O,,,,AZCUENAGA- PRESUPUESTO N° 00002-00051572 (FARMACIA ),000115,,1,N
2025,3165,3165,1,3268,441,2025-06-05 00:00:00,SUM,3065,2025,O,,,,"ALPA MADARIAGA, PRESUP N° 0002-000036640/0002-00003641 SAMO-COCINA-CIRUGIA",000115,,1,N
2025,3166,3166,1,3269,850,2025-06-05 00:00:00,SUM,3013,2025,O,,,,UNO ELECTROMEDICINA - PRESUPUESTO N° 3-12741 (LABORATORIO HOSPITAL),000115,,1,N
2025,3167,3167,1,3271,1876,2025-06-05 00:00:00,SUM,3040,2025,O,,,,MAX CONTINENTAL - PRESUPUESTO N° 1-150776 (FARMACIA HOSPITAL)13,000115,,1,N
2025,3168,3168,1,3272,866,2025-06-05 00:00:00,SUM,3041,2025,O,,,,PILOÑA - PRESUPUESTO N° 4-182112 (FARMACIA HOSPITAL),000115,,1,N
2025,3169,3169,1,3273,2958,2025-06-05 00:00:00,SUM,3044,2025,O,,,,AVICOLA DEL TUYU - PRESUPUESTO N° 8-3256,000115,,1,N
2025,3170,3170,1,3274,2770,2025-06-05 00:00:00,SUM,3047,2025,O,,,,"SYSTEC COMPUTACION - PRESUPUESTO N° 715 (ADMISION, MATERNIDAD, RECURSOS HUMANOS)",000115,,1,N
2025,3171,3171,1,3267,866,2025-06-05 00:00:00,SUM,3010,2025,O,,,,PILOÑA - PRESUPUESTO N° 4-181702 (FARMACIA HOSPITAL),000115,,1,N
2025,3172,3172,1,3134,163,2025-06-05 00:00:00,SUM,2979,2025,O,,,,"PRESUPUESTO 078-9071, ALFIO DISTEFANO",000115,,1,N
2025,3179,3175,1,3319,300,2025-06-09 00:00:00,SUM,3135,2025,O,,,,"PRESUPUESTO N°5239 - PINTURERIA-FERRETERIA ""TODO COLOR"". MATERIALES PARA UTILIZAR EN DIFERENTES TRABAJOS DEL PREDIO DE LA SECRETARIA DE DEPORTES",000115,,1,N
2025,3180,3178,1,3315,2209,2025-06-09 00:00:00,SUM,3145,2025,O,,,,DURANTE JAVIER- PRESUPUESTO N° 0001-00000696 COCINA,000115,,1,N
2025,3182,3180,1,3307,3395,2025-06-09 00:00:00,SUM,3142,2025,O,,,,PROV.YANINA PECORARI PRESUP.3520 CAMION MERCEDES BENZ 1114 PATENTE UYW682,000115,,1,N
2025,3184,3182,1,3308,1315,2025-06-09 00:00:00,SUM,3151,2025,O,,,,PRESUPUESTO N° 0000 - DEPOR HOUSE,000115,,1,N
2025,3185,3183,1,3309,3287,2025-06-09 00:00:00,SUM,3124,2025,O,,,,HISPANOGRAF       PRESUPUESTO N° 1774,000115,,1,N
2025,3186,3184,1,3287,117,2025-06-09 00:00:00,SUM,3139,2025,O,,,,PL3 Nro 0014-00233645,000115,,1,N
2025,3189,3186,1,3288,1514,2025-06-09 00:00:00,SUM,3130,2025,O,,,,PROV.CASA ELICEIRY  ACEITES Y LUBRICANTES PARA  FLOTA VEHICULAR  PERTENECIENTE A ESTA SECRETARIA .,000115,,1,N
2025,3194,3191,1,3289,300,2025-06-09 00:00:00,SUM,3127,2025,O,,,,PROV. SILVIA MAISTEGUI PRESUP.5246 ARTICULOS DE  FERRETERIA PARA CORRALON,000115,,1,N
2025,3196,3193,1,3291,3491,2025-06-09 00:00:00,SUM,3100,2025,O,,,, Prov. F.G. Iluminacion SAS  - Presup. 0201148,000115,,1,N
2025,3200,3197,1,3292,279,2025-06-09 00:00:00,SUM,3104,2025,A,2025-06-12 00:00:00,ERROR,,Exp.:3093/24 Coloc. caños SIP -  Prov.:De Vito - Presup.:Contrato,000115,,1,N
2025,3203,3199,1,3293,19,2025-06-09 00:00:00,SUM,3131,2025,O,,,,"PRESUPUESTO 2605, INOCENCIO CIMOS",000115,,1,N
2025,3206,3201,1,3290,1259,2025-06-09 00:00:00,SUM,3128,2025,O,,,,PROV.ELECTRO DANNUNZIO PRESUP.28357 LAMPARAS PARA CORRALON MUNICIPAL,000115,,1,N
2025,3218,3212,1,3350,692,2025-06-09 00:00:00,SUM,3208,2025,O,,,,Corresponde presupuesto Maiolo S.R.L,000115,,1,N
2025,3219,3213,1,3322,1603,2025-06-10 00:00:00,SUM,3167,2025,O,,,,"PRESUPUESTO N° X 1342366 de Garcia Gladys Mabel de ""Panadería Alem""Esfuerzo SOlidario 2025",000115,,1,N
2025,3220,3214,1,3323,612,2025-06-10 00:00:00,SUM,3176,2025,O,,,,PRESUPUESTO N°1271 - MARZULLO COMPUTACION,000115,,1,N
2025,3221,3215,1,3324,300,2025-06-10 00:00:00,SUM,3189,2025,O,,,,"Pintureria-Ferreteria TODO COLOR de Silvia Maistegui - presupuesto 00005519. Materiales para mantenimiento carteleria historica de calle Avellaneda, Plazas y Estacion de tren.",000115,,1,N
2025,3222,3216,1,3325,2410,2025-06-10 00:00:00,SUM,3187,2025,O,,,,"PRESUPUESTO 1102, BOGADO LEANDRO RUBEN",000115,,1,N
2025,3223,3217,1,3326,3441,2025-06-10 00:00:00,SUM,3173,2025,O,,,,"PRESUPUESTO 000, PREVISION FURNOS VANESA",000115,,1,N
2025,3224,3218,1,3327,160,2025-06-10 00:00:00,SUM,3132,2025,O,,,,"PRESUPUESTO 1065, SUC MARZULLO CESAR ABEL",000115,,1,N
2025,3225,3219,1,3328,3322,2025-06-10 00:00:00,SUM,3152,2025,O,,,,"PINAMAR HIGIENE INSTITUCIONAL SRL, REMITO N° 0016-00001796 COCINA",000115,,1,N
2025,3226,3220,1,3329,3322,2025-06-10 00:00:00,SUM,3154,2025,O,,,,"PINAMAR HIGIENE INSTITUCIONAL SRL, REMITO N° 0016-00001797, HOGAR DE ANCIANOS",000115,,1,N
2025,3227,3221,1,3330,557,2025-06-10 00:00:00,SUM,3157,2025,O,,,,NORMEDICAL DE ALEJANDRO GARAY- PRESUPUESTO N° 30/05/2025 QUIROFANO,000115,,1,N
2025,3228,3222,1,3331,826,2025-06-10 00:00:00,SUM,3162,2025,O,,,,PROV. DUENDE AZUL PRESUP.2633 COMISION A  LA PLATA POR REPUESTOS,000115,,1,N
2025,3229,3223,1,3332,2310,2025-06-10 00:00:00,SUM,3163,2025,O,,,,"PROV. CENTRO HIERRO PRESUP.6731 CHAPAS PARA CARTELES NOMENCLADORES DE CALLES TUYU, BS.AS Y DE LOS HORNEROS",000115,,1,N
2025,3230,3224,1,3333,1960,2025-06-10 00:00:00,SUM,3164,2025,O,,,,"PRESUPUESTO 002,RUAU HONORIO",000115,,1,N
2025,3231,3225,1,3334,441,2025-06-10 00:00:00,SUM,3182,2025,O,,,,"PRESUPUESTO 3662,MATIENZO PAOLA",000115,,1,N
2025,3232,3226,1,3335,441,2025-06-10 00:00:00,SUM,3181,2025,O,,,,"PRESUPUESTO 3655, MATIENZO PAOLA",000115,,1,N
2025,3029,3029,1,3131,163,2025-05-28 00:00:00,SUM,2977,2025,O,,,,"PROV.ALFIO DISTEFANO PRESUP.078-9072, 078-9073 PARA PALA CARGADORA SDLG CII58 Y  PALA FIAT ALLIS RG140",000115,,1,N
2025,3030,3030,1,3133,441,2025-05-28 00:00:00,SUM,2985,2025,O,,,,"PRESUPUESTO 3644, MATIENZO PAOLA AMELIA",000115,,1,N
2025,3031,3031,1,3135,171,2025-05-28 00:00:00,SUM,2900,2025,O,,,,PRESUPUESTO N°52538 - ELECTRICIDAD EL GALLEGO,000115,,1,N
2025,3032,3032,1,3136,171,2025-05-28 00:00:00,SUM,2901,2025,O,,,,PRESUPUESTO N°52535 - EL GALLEGO,000115,,1,N
2025,3033,3033,1,3137,2577,2025-05-28 00:00:00,SUM,2899,2025,O,,,,PRESUPUESTO N°0494 - CASA CACHITO (ROCIO GOMEZ),000115,,1,N
2025,3034,3034,1,3138,3246,2025-05-28 00:00:00,SUM,2964,2025,O,,,,MUNDIAL 2022- PRESUPUESTO S/N° MEDICAMENTOS DISPENSADOS DESDE EL 30/04/2025 AL 9/05/2025,000115,,1,N
2025,3035,3035,1,3139,2958,2025-05-28 00:00:00,SUM,2957,2025,O,,,,AVICOLA DEL TUYU DE VICTOR ANDERS- PRESUPUESTO N° 0008-00002591/2592,000115,,1,N
2025,3036,3036,1,3140,2627,2025-05-28 00:00:00,SUM,2930,2025,O,,,,"SANTA PAULA N° PRESUPUESTO 0001-00002066, HOSPITAL MUNICIPAL",000115,,1,N
2025,3037,3037,1,3141,1078,2025-05-28 00:00:00,SUM,2933,2025,O,,,,"OPAZO, SE REALIZO CAMBIO DE 4 REFLECTORES EN EL FRENTE, 5 LUMINARIAS EN PASILLO, 2 REFLECTORES EN VACUNATORIO, 2 FOTOCONTROL, REFLECTOR ENTRADA TRASERA , 1 REFLECTOR PLANTA DE OXIGENO. HOSPITAL MUNICIPAL",000115,,1,N
2025,3038,3038,1,3142,1078,2025-05-28 00:00:00,SUM,2935,2025,O,,,,"OPAZO 2 LUMINARIAS PUERTA DE FRENTE, 1 LUMINARIA ENTRADA DE AMBULANCIA, 5 LAMPARAS EXTERIOR Y UN FOTO CONTROL, 3 LUMINARIAS SALA ZOOM, HOSP. MUNICIPAL Y CAPS BARRIO NORTE",000115,,1,N
2025,3040,3040,1,3143,2209,2025-05-28 00:00:00,SUM,2940,2025,O,,,,"JAVIER DURANTE, N° PRESUPUESTO x 0001  00000679, HEMOTERAPIA",000115,,1,N
2025,3041,3041,1,3144,2209,2025-05-28 00:00:00,SUM,2943,2025,O,,,,"JAVIER DURANTE, N° PRESUPUESTO x 0001 00000676, acto aniversario 100 años HOSÍTAL MUNICIPAL",000115,,1,N
2025,3042,3042,1,3145,2209,2025-05-28 00:00:00,SUM,2946,2025,O,,,,"JAVIER DURANTE, N° 0001  00000691, HOGAR DE ANCIANOS",000115,,1,N
2025,3043,3043,1,3146,158,2025-05-28 00:00:00,SUM,2934,2025,O,,,,FARMACIA SOTO- PRESUPUESTO N° 893,000115,,1,N
2025,3612,3597,1,3734,2018,2025-07-03 00:00:00,PRESU,214,2025,O,,,,PRESUPUESTO N°0214 - CLAVERIE HOGAR / PAVA ELECTRICA PARA OFICINA,000000,,1,N
2025,3615,3600,1,3735,1692,2025-07-03 00:00:00,PRESU,0,2025,O,,,,"PRESUPUESTO DEL 2/07, FERNANDEZ PABLO",000000,,1,N
2025,3623,3608,1,3739,1514,2025-07-03 00:00:00,PRESU,0,2025,O,,,,"PRESUPUESTO 0000, CASA ELICEIRY",000000,,1,N
2025,3624,3609,1,3740,1514,2025-07-03 00:00:00,PRESU,0,2025,O,,,,PROV.CASA ELICEIRY GAS OIL PARA CAMIONES Y MAQUINAS DE ESTA SECRETARIA,000000,,1,N
2025,3625,3610,1,3738,2751,2025-07-03 00:00:00,PRESU,0,2025,O,,,, PROV. AGRONOMIA HORTICOLA SRL. PRESU. 18/06/2025- SEC. PRODUCCION,000000,,1,N
2025,3637,3615,1,3749,1514,2025-07-04 00:00:00,PRESU,24259,2025,O,,,,PROV. CASA ELICEIRY  GAS OIL PARA MAQUINAS Y VEHICULSO DE ESTA SECRETARIA,000000,,1,N
2025,3638,3614,1,3748,171,2025-07-04 00:00:00,PRESU,52900,2025,O,,,,"JUAN ALBERTO SANCHEZ ""ELECTRICIDAD EL GALLEGO"",  PRESUPUESTO  X0001-0052900",000000,,1,N
2025,3646,3616,1,3751,612,2025-07-04 00:00:00,PRESU,0,2025,O,,,,"PRESUPUESTO 000,MARZULLO JOSE",000000,,1,N
2025,3647,3617,1,3752,3226,2025-07-04 00:00:00,PRESU,332,2025,O,,,, PROV. HECTOR ANIBAL CURTO- ELECTRO HD . PRESU. N°00000332- SEC. PRODUCCION- TALLER TEXTIL,000000,,1,N
2025,3684,3654,1,3824,2674,2025-07-07 00:00:00,SUM,3678,2025,O,,,,CORRESPONDE PRESUPUESTO SODOR PABLO,000010,,1,N
2025,3813,3782,1,3916,3287,2025-07-14 00:00:00,SUM,3728,2025,O,,,,PROV.HISPANOGRAF PRESUP.1798 CARTELES DE NO ARROJE BASURA PARA ESPACIOS PUBLICOS,000115,,1,N
2025,3814,3783,1,3917,3287,2025-07-14 00:00:00,SUM,3732,2025,O,,,,Hispanograf - Avellaneda 7163 - presup 1801 - vinilos mantenimiento carteles sendero invernada,000115,,1,N
2025,3815,3784,1,3918,3296,2025-07-14 00:00:00,SUM,3687,2025,O,,,,Exp.:343/23 - Vereda Calle 33 - (EP 20 - Sec.Nº4- Jardin 902) - Prov.:Pintureria Concepto - Presup.:02423,000115,,1,N
2025,3816,3785,1,3919,2146,2025-07-14 00:00:00,SUM,3685,2025,O,,,,Exp.:1811/21 PREIMBA - PROYECTO PARQUE DE LA ESTACIÓN - Prov.:Quilindro Martin - Presup.:Contrato,000115,,1,N
2025,3940,3909,1,4074,1213,2025-07-21 00:00:00,PRESU,2070,2025,O,,,,"PRESUPUESTO 2070, DE LAS MISIONES",000000,,1,N
2025,3952,3921,1,4072,158,2025-07-21 00:00:00,PRESU,899,2025,O,,,,FARMACIA SOTO- PRESUPUESTO N° 899 RECETAS DISPENSADAS DESDE EL 23/06/2025 HASTA 11/07/2025,000000,,1,N
2025,3954,3923,1,4068,2663,2025-07-21 00:00:00,PRESU,16636,2025,O,,,,ALAIS PHARMA - PRESUPUESTO N° 1-16636 (FARMACIA HOSPITAL),000000,,1,N
2025,3955,3925,1,4060,655,2025-07-21 00:00:00,PRESU,0,2025,O,,,,BAZAR DEL GASTRONOMICO- PRESUPUESTO N° 6-00007230 (COCINA DEL HOGA DE ANCIANOS),000000,,1,N
2025,3958,3927,1,4056,2878,2025-07-21 00:00:00,PRESU,0,2025,O,,,,LOPEZ LEONARDO - PRESUPUESTO S/N FECHA 17/7/25 (2),000000,,1,N
2025,4036,4004,1,4147,3521,2025-07-25 00:00:00,SUM,3953,2025,O,,,,Corresponde presupuesto SUSZCZYK CLAUDIO FABIO,000115,,1,N
2025,4057,4025,1,4182,1259,2025-07-29 00:00:00,SUM,3974,2025,O,,,,"Electro Dannunzio, presupuesto 28768 (para el COM)",000115,,1,N
2025,4060,4027,1,4163,688,2025-07-29 00:00:00,SUM,3949,2025,O,,,,PROV.BATERIA LA 1RA. PRESUP.6782 ACEITE PARA CAMION VW 17280 AF497IJ,000115,,1,N
2025,4062,4030,1,4176,3262,2025-07-29 00:00:00,SUM,3980,2025,O,,,, Fgc Fuels Marketing,000115,,1,N
2025,4063,4031,1,4177,441,2025-07-29 00:00:00,SUM,3969,2025,O,,,,ALPA PAPELERA PRESUPUESTO N°3732,000115,,1,N
2025,4068,4009,1,4157,1259,2025-07-29 00:00:00,SUM,3946,2025,O,,,,"PROV.ELECTRO DANNUNZIO  PRESUP.8759 ARTICULOS ELECTRICOS PARA PLAZA SAN MARTIN, PASEO DEL LAGO.",000115,,1,N
2025,4535,4502,1,4665,3426,2025-09-04 00:00:00,SUM,4405,2025,O,,,,CORRESPONDE EXPTE Nº 3508/2024. DRA JAIME MARIA GRACIELA.,000115,,1,N
2025,4790,4753,1,4922,2330,2025-09-23 00:00:00,SUM,4696,2025,O,,,,CORRESPONDE PREVISION COMBUSTIBLES DEL SALADO S.A -,000115,,1,N
2025,4925,4890,1,5077,3514,2025-10-03 00:00:00,SUM,4820,2025,O,,,,"Expte N° 1834/25 Renovación de contrato. Sra. Suarez Acevedo, Sheila. Psicóloga _ Servicio Local- No cumple con el Art. 45 de la Ley 14.656",000115,,1,N
2025,4927,4892,1,5078,3228,2025-10-03 00:00:00,SUM,4822,2025,O,,,,"Expte N° 2931/25 Contrato Sra. Pelinski, Eva Lorena - Psicóloga-  Servicio Local- No cumple con el Art. 45 de la Ley 14.656",000115,,1,N
2025,3539,3529,1,3649,71,2025-06-30 00:00:00,SUM,3482,2025,O,,,,"Proveduria Campo y cuidad de Raul Alberto Iriarte, Articulos varios para mantenimiento muestra Tuyú Mapu. Presupuesto N°00014859",000115,,1,N
2025,3543,3532,1,3670,248,2025-07-01 00:00:00,SUM,3541,2025,O,,,,Corresponde presupuesto Fava- Oficina de Intimaciones,000115,,1,N
2025,3556,3017,1,3113,1440,2025-07-01 00:00:00,EXPED,1373,2025,O,,,,CONCURSO DE PRECIOS DE SOLUCIONES 2025,000010,,1,N
2025,3564,3549,1,3676,17,2025-07-01 00:00:00,SUM,3523,2025,O,,,,"PROV.LUIS LOMBARDIA PRESUP.0136 INSUMOS, REPUESTOS PARA MAQUINAS CORTA PASTO,",000115,,1,N
2025,4198,4166,1,4225,850,2025-08-11 00:00:00,PRESU,13131,2025,O,,,,UNO ELECTROMEDICINA- PRESUPUESTO N° 00003-00013131 (LABORATORIO),000000,,1,N
2025,4201,4169,1,4364,1527,2025-08-11 00:00:00,PRESU,540,2025,O,,,,"Gomeria La Diagonal, presupuesto 0539-0540",000000,,1,N
2025,4207,4175,1,4361,3322,2025-08-11 00:00:00,PRESU,1916,2025,O,,,,PINAMAR HIGIENE INSTITUCIONAL SRL- PRESUPUESTO N° 0016-00001916 (OFFICE DE MUCAMAS),000000,,1,N
2025,4210,4178,1,4358,2675,2025-08-11 00:00:00,PRESU,593,2025,O,,,,PROV. NOWE CAROLINA PRESUP.0593 REPUESTOS PARA MOTONIVELADOR KLIA A 160,000000,,1,N
2025,4212,4180,1,4354,71,2025-08-11 00:00:00,PRESU,14874,2025,O,,,,PROV. RAUL IRIARTE PRESUP.14874 PARA REPARACIONES EN TALLER CORRALON MUNICIPAL,000000,,1,N
2025,4217,4185,1,4351,71,2025-08-11 00:00:00,PRESU,14889,2025,O,,,,PROV.RAUL IRIARTE PRESUP.14889 ARTICULOS DE FERRETERIA PARA ARREGLOS EN CORRALON MUNICIPAL,000000,,1,N
2025,4218,4186,1,4310,866,2025-08-11 00:00:00,PRESU,187133,2025,O,,,,PILOÑA- PRESUPUESTO N° 0004-00187133 (FARMACIA),000000,,1,N
2025,4220,4189,1,4330,313,2025-08-11 00:00:00,SUM,4046,2025,O,,,,PROV. ATRUCO PUEL COMBUSTIBLEPARA MAQUINAS Y VEHICULOS ES ESTA SECRETARIA,000115,,1,N
2025,4221,4188,1,4306,2675,2025-08-11 00:00:00,PRESU,592,2025,O,,,,"Repuestos LC, presupuesto 0592 (OIG911)",000000,,1,N
2025,4228,4196,1,4346,1259,2025-08-11 00:00:00,PRESU,28787,2025,O,,,,Prov.:Electro DAnnunzio - Presup.:028787,000000,,1,N
2025,4231,4199,1,4341,3287,2025-08-11 00:00:00,PRESU,1813,2025,O,,,,"PRESUPUESTO N° 1813 de ""Hispanograf"" Bonos de pan, pollo y verduras",000000,,1,N
2025,4232,4200,1,4338,71,2025-08-11 00:00:00,PRESU,14887,2025,O,,,,PROVEEDURIA CAMPO Y CIUDAD. RAUL A IRIARTE.BROMATOLOGIA.PRESUPUESTO Nº 14887.,000000,,1,N
2025,4233,4201,1,4335,167,2025-08-11 00:00:00,PRESU,20,2025,O,,,,TODO POLLO- PRESUPUESTO N° 20  (COCINA HOSPITAL ),000000,,1,N
2025,4235,4203,1,4332,3262,2025-08-11 00:00:00,PRESU,0,2025,O,,,,PROV. FGC FUELS MARKET GAS OIL PARA MAQUINAS DE PREDIO DISPOSICION FINAL RUTA 11 KM 405.5,000000,,1,N
2025,4237,4205,1,4329,2958,2025-08-11 00:00:00,PRESU,3807,2025,O,,,,AVICOLA DEL TUYU DE ANDERS VICTOR- PRESUPUESTO N° 3807 (COCINA HOSPITAL),000000,,1,N
2025,4238,4206,1,4323,3184,2025-08-11 00:00:00,PRESU,0,2025,O,,,,DROGUERIA PERDOMINICI- PRESUPUESTO N° 31/07/2025 (FARMACIA),000000,,1,N
2025,4239,4207,1,4320,2958,2025-08-11 00:00:00,PRESU,2563,2025,O,,,,AVICOLA DEL TUYU - PRESUPUESTO N° 8-2563 (COCINA HOSPITAL),000000,,1,N
2025,4241,4209,1,4317,1259,2025-08-11 00:00:00,PRESU,28743,2025,O,,,,ELECTRO DANNUNZIO - PRESUPUESTO N° 28743 Y 28766 (QUIROFANO Y RECURSOS HUMANOS HOSPITAL),000000,,1,N
2025,4242,4210,1,4348,71,2025-08-11 00:00:00,PRESU,15252,2025,O,,,,"PROV.RAUL IRIARTE PRESUP.15252,15264,15261ARTICULOS DE FERRETERIA PARA REPARACION  DE BANCOS",000000,,1,N
2025,4243,4211,1,4303,71,2025-08-11 00:00:00,PRESU,15260,2025,O,,,,"Campo y Ciudad, presupuesto 15260 ( porton del area )",000000,,1,N
2025,4249,4217,1,4309,776,2025-08-11 00:00:00,PRESU,678,2025,O,,,,"Gomeria V+B, presupuestos 0678-0682-0670",000000,,1,N
2025,4252,4220,1,4372,3394,2025-08-11 00:00:00,PRESU,0,2025,A,2025-08-19 00:00:00,ERROR,,"PRESUPUESTO 000, CHIABRANDO FRANCO VALENTIN",000000,,1,N
2025,4254,4223,1,4375,2991,2025-08-11 00:00:00,PRESU,3086,2025,O,,,,"PRESUPUESTO 3086, ALEGRE SAUL ALBERTO,EXPTE. 2349/25",000000,,1,N
2025,4255,4224,1,4379,3226,2025-08-11 00:00:00,PRESU,401,2025,O,,,,"impresora con escaner para la oficina de contaduria, ya que se escanea todas los repas y se digitaliza toda la informacion de la oficina,PRESUPUESTO 401",000000,,1,N
2025,4264,4233,1,4394,41,2025-08-12 00:00:00,PRESU,0,2025,O,,,,"PRESUPUESTO 000, CALANDRON SAMUEL",000000,,1,N
2025,4563,4529,1,4685,1682,2025-09-08 00:00:00,SUM,4437,2025,O,,,,"PINTURERIAS INDIGO, N° PRES x000400008748, AMBULANCIA-CHOFERES",000115,,1,N
2025,4566,4532,1,4687,527,2025-09-08 00:00:00,SUM,4432,2025,O,,,,SERVIMED- PRESUPUESTO N° 8383/25 (AMBULANCIA),000115,,1,N
2025,4569,4535,1,4689,1573,2025-09-08 00:00:00,SUM,4430,2025,O,,,,DROGUERIA ALBERDI- PRESUPUESTO N° 31/07/2025 ( FARMACIA),000115,,1,N
2025,4571,4538,1,4686,2883,2025-09-08 00:00:00,SUM,4433,2025,O,,,,INSUMOS GENERALES 3F- PRESUPUESTO N° 1/09/2025 (FARMACIA),000115,,1,N
2025,4796,4760,1,4937,850,2025-09-24 00:00:00,SUM,4668,2025,O,,,,UNO ELECTROMEDICINA - PRESUPUESTO N° 00003-00013740 (LABORATORIO DE ANALISIS),000115,,1,N
2025,4798,4762,1,4936,866,2025-09-24 00:00:00,SUM,4675,2025,O,,,,PILOÑA- PRESUPUESTO N° 0004-00188891/188339 (FARMACIA),000115,,1,N
2025,4800,4764,1,4938,3405,2025-09-24 00:00:00,SUM,4689,2025,O,,,,"PROV. CLEANOSOL PRESUP.16/09/2025 ASFALTO EN FRIO PARA BACHEO DE LAVALLE Y MITRE, PERU Y ALEM, BS.AS Y CALLE 25 , ZUBIAURRE Y MITRE Y PARA DEJAR ACOPIADO EN CORRALON MUNICIPAL PARA FUTUROS ARREGLOS",000115,,1,N
2025,4803,4767,1,4939,90,2025-09-24 00:00:00,SUM,4685,2025,O,,,,"PRESUPUESTO N° X 00000031 de Lo coco, Marcelo Alejandro de ""TODO COLOR"" Diabéticos Agosto 2024",000115,,1,N
2025,4804,4768,1,4940,171,2025-09-24 00:00:00,SUM,4688,2025,O,,,,"Expte N° 159/25 Proyecto de Talleres Programa Envión PRESUPUESTO N° X 0001-00053162 de Juan ALberto Sanchez de ""ELECTRICIDAD EL GALLEGO"" Para dar mejor luz al taller de barberia",000115,,1,N
2025,3148,3148,1,3251,1879,2025-06-03 00:00:00,SUM,3098,2025,O,,,,"PROV.DANIEL ZUBIARRAIN PRESUP.3008,3005 REPUSTOS PARA CAMION CAMPACTO DMI 233, RANGER KYV355, CITROEN C15 CAR748",000115,,1,N
2025,3344,3337,1,3454,3482,2025-06-17 00:00:00,SUM,3153,2025,O,,,, PROV. MARC ALICIA BEATRIZ . PRESU. 04/06/2025- SEC. PRODUCCION- SALA DE ELAB.,000115,,1,N
2025,3511,3501,1,3635,1267,2025-06-30 00:00:00,SUM,3459,2025,O,,,,Corresponde presupuesto N° 585- SORAGNI SILVIA,000115,,1,N
2025,3233,3227,1,3336,441,2025-06-10 00:00:00,SUM,3179,2025,O,,,,"PRESUPUESTO 3648/3649/3651/3653, MATIENZO PAOLA",000115,,1,N
2025,3236,3230,1,3337,3390,2025-06-10 00:00:00,SUM,3170,2025,O,,,,"PRESUPUESTO N° X 0001-00000041 de  Norberto Martín Rodríguez de ""Alta Morena Panadería y Regalería"" Para los chicos del Programa Envión",000115,,1,N
2025,3238,3232,1,3338,3390,2025-06-10 00:00:00,SUM,3172,2025,O,,,,"PRESUPUESTO N° X 0001-00000042 de Norberto Martín Rodríguez de ""Alta Morena Panadería y Regalería ""Esfuerzo Solidario 2025",000115,,1,N
2025,3239,3233,1,3339,3302,2025-06-10 00:00:00,SUM,3174,2025,O,,,,"PRESUPUESTO de Hernán Cueto de ""El Ciprés Maderas"" Para ampliaci+on en la granja de contención",000115,,1,N
2025,3240,3234,1,3340,3302,2025-06-10 00:00:00,SUM,3175,2025,O,,,,"PRESUPUESTO de Hernán Cueto ""El Ciprés Madera"" Familia: Jaime, Yesica",000115,,1,N
2025,3241,3235,1,3341,57,2025-06-10 00:00:00,SUM,3186,2025,O,,,,EL ARGENTINO- PRESUPUESTO N° 515 (OFTALMOLOGIA Y FONOAUDIOLOGIA),000115,,1,N
2025,3242,3236,1,3342,2883,2025-06-10 00:00:00,SUM,3184,2025,O,,,,INSUMOS GENERALES 3F- PRESUPUESTO N° 5/6/2025 (FARMACIA),000115,,1,N
2025,3243,3237,1,3343,2958,2025-06-10 00:00:00,SUM,3183,2025,O,,,,AVICOLA DEL TUYU ANDERS VICTOR- PRESUPUESTO N° 0008-00002553 COCINA,000115,,1,N
2025,3244,3238,1,3344,2869,2025-06-10 00:00:00,SUM,3156,2025,O,,,,"MADA POY S.A PRESUPUESTO 000-00000827, COCINA",000115,,1,N
2025,3245,3239,1,3345,2869,2025-06-10 00:00:00,SUM,3158,2025,O,,,,"MADA POY S.A PRESUPUESTO 0001-00000826, COCINA",000115,,1,N
2025,3246,3240,1,3346,1876,2025-06-10 00:00:00,SUM,3165,2025,O,,,,MAX CONTINENTAL- PRESUPUESTO N° 0001-00150959/151016 FARMACIA,000115,,1,N
2025,3247,3241,1,3347,1440,2025-06-10 00:00:00,SUM,3171,2025,O,,,,QUALIMED- PRESUPUESTO N° 64/2025 FARMACIA,000115,,1,N
2025,3248,3242,1,3348,2209,2025-06-10 00:00:00,SUM,3177,2025,A,2025-12-19 00:00:00,ERROR,,"DURANTE JAVIER  N° PRESUPUESTO 0001-00000358, HOGAR DE ANCIANOS",000115,,1,N
2025,3274,3269,1,3414,2843,2025-06-12 00:00:00,SUM,3244,2025,O,,,,"PRESUPUESTO N° X 7848536 de Tamara Rost de ""Frutería y Verdulería Negrín"" Pata merienda de los chicos del Programa Envión",000115,,1,N
2025,3277,3272,1,3398,1259,2025-06-12 00:00:00,SUM,3234,2025,O,,,,"Electro Dannunzio, presupuesto 28319 ( utilizado por el personal de tecnica)",000115,,1,N
2025,3280,3275,1,3399,1259,2025-06-12 00:00:00,SUM,3225,2025,O,,,,"Electro Dannunzio, presupuestos 28368- 28389 (UTILIZADO POR EL PERSONAL DE TECNICA-COM)",000115,,1,N
2025,3283,3279,1,3400,1259,2025-06-12 00:00:00,SUM,3233,2025,O,,,,"Electro Dannunzio, presupuesto 28309 (para uso del personal de tecnica)",000115,,1,N
2025,3286,3283,1,3401,68,2025-06-12 00:00:00,SUM,3228,2025,O,,,,"Atmosferico La Primera, (BAÑOS DEL COM)",000115,,1,N
2025,3290,3286,1,3402,2770,2025-06-12 00:00:00,SUM,3229,2025,O,,,,"Computacion Systec, rpesupuesto 723 (computadora oficina de mediaciones)",000115,,1,N
2025,3292,3288,1,3403,612,2025-06-12 00:00:00,SUM,3230,2025,O,,,,"Marzullo Computacion, presupuesto 01272 ( informatica-com)",000115,,1,N
2025,3294,3289,1,3404,1527,2025-06-12 00:00:00,SUM,3231,2025,O,,,,"Gomeria La Diagonal, presupuesto 0533-0534 (policiales 30851-30729-30005-30006-30929-30007-30596 y secretaria ae704ax-038 ff)",000115,,1,N
2025,3295,3290,1,3405,1879,2025-06-12 00:00:00,SUM,3239,2025,O,,,,"Zubiarrain Daniel,presupuesto 0000030007,Volvo C6518.",000115,,1,N
2025,3296,3291,1,3406,3287,2025-06-12 00:00:00,SUM,3238,2025,O,,,,"PRESUPUESTO 1782, AVELLANEDA 7163 SRL",000115,,1,N
2025,3298,3292,1,3407,1890,2025-06-12 00:00:00,SUM,3178,2025,O,,,,Exp.:343/23 - Vereda Calle 33 - (EP 20 - Sec.Nº4- Jardin 902) - Prov.:Ciardi Hnos - Presup.:0326608,000115,,1,N
2025,3300,3294,1,3408,3336,2025-06-12 00:00:00,SUM,3227,2025,O,,,,PROV.MORALES ROCIO PRESUP.10/06/2025 REPARACION DE INSTALACION ELECTRICA PARA   FORD 14000 SVN719,000115,,1,N
2025,3311,3305,1,3419,279,2025-06-12 00:00:00,SUM,3104,2025,O,,,,Exp.:3093/24 Coloc. caños SIP -  Prov.:De Vito - Presup.:Contrato,000115,,1,N
2025,3338,3332,1,3448,2309,2025-06-13 00:00:00,PRESU,0,2025,O,,,,"PRESUPUESTO 000, ALUMAN SEBASTIAN",000000,,1,N
2025,3433,3425,1,3545,2810,2025-06-23 00:00:00,SUM,3323,2025,O,,,,"Expte N° 1392/2025 PRESUPUESTO N° X 0001-00000755  de  María Teresa Arriola de ""El Dedal Merceria"" Para Jornada de actividad inclusión: Autismo",000115,,1,N
2025,3434,3426,1,3546,2810,2025-06-23 00:00:00,SUM,3325,2025,O,,,,"Expte N° 159/2025 Proyecto de Talleres Programa Envión  PRESUPUESTO N°  X 0001-000000814 de María Teresa Arriola de ""El Dedal Mercería"" Taller de costuras",000115,,1,N
2025,3439,3431,1,3550,3287,2025-06-23 00:00:00,SUM,3370,2025,O,,,,HISPANOGRAF      PRESUPUESTO N° 1785,000115,,1,N
2025,3440,3432,1,3551,85,2025-06-23 00:00:00,SUM,3349,2025,O,,,,"PRESUPUESTO N° X 0051-00042283 de  ""SORBA S.R.L."" Para la guardia del Servicio Local",000115,,1,N
2025,3441,3433,1,3549,3287,2025-06-23 00:00:00,SUM,3371,2025,O,,,,HISPANOGRAF    PRESUPUESTO N° 1789,000115,,1,N
2025,3493,3482,1,3599,2001,2025-06-26 00:00:00,SUM,3426,2025,O,,,,FARMACIA TONANI - PRESUPUESTOS FECHA 29/5/25 AL 13/6/25,000115,,1,N
2025,3494,3483,1,3606,90,2025-06-26 00:00:00,SUM,3435,2025,O,,,,"Lococo Marcelo ,presupuesto 00000021",000115,,1,N
2025,3495,3484,1,3605,90,2025-06-26 00:00:00,SUM,3436,2025,O,,,,"PRESUPUESTO 023, LO COCO MARCELO",000115,,1,N
2025,3496,3485,1,3608,776,2025-06-26 00:00:00,SUM,3422,2025,O,,,,"Gomeria V+B, presupuestos 0664-0662 (oig 911-nuf 386)",000115,,1,N
2025,3497,3486,1,3609,776,2025-06-26 00:00:00,SUM,3424,2025,O,,,,"Gomeria V+B, presupuestos 0666-0665-0663 (AE704AX-JCH069-AB038FG)",000115,,1,N
2025,3498,3487,1,3592,3322,2025-06-26 00:00:00,SUM,3277,2025,O,,,,PINAMAR HIGIENE INSTITUCIONAL SRL - PRESUPUESTO N° 0016-00001807 COCINA,000115,,1,N
2025,3499,3488,1,3610,2675,2025-06-26 00:00:00,SUM,3434,2025,O,,,,Repuestos LC- presupuesto 0569 (movil 930 voyage ),000115,,1,N
2025,3521,3512,1,3630,879,2025-06-30 00:00:00,SUM,3416,2025,O,,,,Exp.:1398/25 Ref. Acondicionamiento de Vivienda Familiar de Alma Mía Basualdo - Prov.:Casa Harisgarat - Presup.:1151;1153;1157,000115,,1,N
2025,3524,3514,1,3631,2197,2025-06-30 00:00:00,SUM,3415,2025,O,,,,Exp.:1398/25 Ref. Acondicionamiento de Vivienda Familiar de Alma Mía Basualdo - Prov.:Orellana Sebastian - Presup.:0308,000115,,1,N
2025,3526,3516,1,3632,3287,2025-06-30 00:00:00,SUM,3411,2025,O,,,,Exp.:1811/21 PREIMBA- PROYECTO PARQUE DE LA ESTACIÓN - Prov.:Hispanograf - Presup.:1781,000115,,1,N
2025,3528,3518,1,3633,910,2025-06-30 00:00:00,SUM,3417,2025,O,,,,Exp.:1398/25 Ref. Acondicionamiento de Vivienda Familiar de Alma Mía Basualdo - Prov.:Garcia Alfredo - Presup.:Contrato,000115,,1,N
2025,3529,3519,1,3634,441,2025-06-30 00:00:00,SUM,3452,2025,O,,,,"Papelera Alpa, presupuesto 3681 ( papel para comisaria comunal, abrochadora para secretaria )",000115,,1,N
2025,3535,3524,1,3648,71,2025-06-30 00:00:00,SUM,3484,2025,O,,,,Proveeduria Campo y Cuidad de Raul Alberto Iriarte. Electrodo. Presupuesto N°00014866,000115,,1,N
2025,4805,4769,1,4934,527,2025-09-24 00:00:00,SUM,4672,2025,O,,,,SERVIMED- PRESUPUESTO N° 8537/25 R (PEDIATRIA),000115,,1,N
2025,4806,4770,1,4935,87,2025-09-24 00:00:00,SUM,4674,2025,O,,,,DROGUERIA DANA- PRESUPUESTO N° 11/09/2025 Y 12/09/2025 (FARMACIA),000115,,1,N
2025,4807,4771,1,4928,1259,2025-09-24 00:00:00,SUM,4698,2025,O,,,,"Electro Dannunzio, presupuesto 29090 (COM)",000115,,1,N
2025,4808,4772,1,4929,612,2025-09-24 00:00:00,SUM,4697,2025,O,,,,"Marzullo Computacion, presupuesto 1290 (COM)",000115,,1,N
2025,3512,3502,1,3636,1440,2025-06-30 00:00:00,SUM,3440,2025,O,,,,QUALIMED - PRESUPUESTO S/N FECHA 17/6/25 (FARMACIA HOSPITAL),000115,,1,N
2025,3763,3733,1,3845,826,2025-07-11 00:00:00,PRESU,2636,2025,O,,,,PROV. DUENDE AZUL PRESUP.2636 COMISION A LA PLATA POR REPUESTOS,000000,,1,N
2025,3513,3503,1,3637,2663,2025-06-30 00:00:00,SUM,3439,2025,O,,,,ALAIS PHARMA - PRESUPUESTO N° 1-16691 (FARMACIA HOSPITAL),000115,,1,N
2025,3515,3505,1,3638,866,2025-06-30 00:00:00,SUM,3438,2025,O,,,,PILOÑA - PRESUPUESTO N° 4-183550 (FARMACIA HOSPITAL),000115,,1,N
2025,3516,3506,1,3639,866,2025-06-30 00:00:00,SUM,3437,2025,O,,,,"PILOÑA - PRESUPUESTO N° 4-183027, 4-183610, 4-183809 Y 4-183810 (FARMACIA HOSPITAL)",000115,,1,N
2025,3519,3509,1,3640,2869,2025-06-30 00:00:00,SUM,3433,2025,O,,,,MADA POY - PRESUPUESTO N° 1-843 Y 1-844 (COCINA HOSPITAL),000115,,1,N
2025,3522,3511,1,3641,612,2025-06-30 00:00:00,SUM,3432,2025,O,,,,MARZULLO COMPUTACION - PRESUPUESTO N° 1-1278,000115,,1,N
2025,3525,3515,1,3642,1259,2025-06-30 00:00:00,SUM,3430,2025,A,2025-07-02 00:00:00,ADMINI,,ELECTRO DANNUNZIO - PRESUPUESTO N° 28387 (RECURSOS HUMANOS Y MANTENIMIENTO),000115,,1,N
2025,3527,3517,1,3643,428,2025-06-30 00:00:00,SUM,3454,2025,O,,,,YOLDI CARLOS AGUSTIN- PRESUPUESTO N° 1722 (QUIROFANO),000115,,1,N
2025,3532,3521,1,3654,441,2025-06-30 00:00:00,SUM,3490,2025,O,,,,"  PROV. PAPELERA ALPA ""Matienzo Paola"". PRESU. N°3674/N°3682/N°3675- SEC. PRODUCCION-",000115,,1,N
2025,3538,3528,1,3651,3287,2025-06-30 00:00:00,SUM,3494,2025,A,2025-06-30 00:00:00,ADMINI,,   PROV. HISPANOGRAF- Piedra Hugo . PRESU. N°1784- SEC. PRODUCCION-,000115,,1,N
2025,3540,3528,1,3651,3287,2025-06-30 00:00:00,SUM,3494,2025,O,,,,   PROV. HISPANOGRAF- Piedra Hugo . PRESU. N°1784- SEC. PRODUCCION-,000115,,1,N
2025,3542,3531,1,3669,3208,2025-06-30 00:00:00,SUM,3533,2025,O,,,,PROV. CASTILLO MANUEL ALEJANDRO. PRESU. 30/06/2025- SEC. PRODUCCION- PARQUE INDUSTRIAL,000115,,1,N
2025,3592,3577,1,3730,3165,2025-07-02 00:00:00,SUM,3517,2025,O,,,,VELIBO SUPPLIES - PRESUPUESTO N° 1-8188 (FARMACIA HOSPITAL),000115,,1,N
2025,3764,3734,1,3846,1517,2025-07-11 00:00:00,PRESU,0,2025,O,,,,"PROV.CONSTRUCTORA SUR S.A CONTRATACION DE MAQUINA TIPO RETROEXCAVADORA PARA NIVELACION, TERRAPLENES LATERALES EN PREDIO DISPOSICION FINAL DE RESIDUOS RUTA 11 KM 405.5 SEGUN EXPT. 1642/2016",INGOFE,,1,N
2025,3766,3736,1,3898,2549,2025-07-11 00:00:00,PRESU,0,2025,O,,,,"POLIZA 56/006528, SEGUROS RIVADAVIA",000000,,1,N
2025,3777,3747,1,3884,2986,2025-07-11 00:00:00,PRESU,11,2025,O,,,,"PRESUPUESTO 11, GOEZ CARROZZO ALEJANDRO FERMIN",000000,,1,N
2025,3779,3750,1,3881,655,2025-07-11 00:00:00,PRESU,7163,2025,O,,,,BAZAR DEL GASTRONOMICO- PRESUPUESTO N° 7163 (COCINA HOSPITAL),000000,,1,N
2025,3199,3196,1,3305,167,2025-06-09 00:00:00,SUM,3113,2025,O,,,,TODO POLLO - PRESUPUESTO N° 1 Y 100 HOSPITAL Y HOGAR DE ANCIANOS,000115,,1,N
2025,3201,3198,1,3306,19,2025-06-09 00:00:00,SUM,3141,2025,O,,,,PROV.FERRETERIA CIMOS PRESUP.2665 ARTICULOS DE FERRETERIA PARA TRABAJOS DE  DEFENSA CIVIL,000115,,1,N
2025,3204,3200,1,3316,19,2025-06-09 00:00:00,SUM,3149,2025,O,,,,Presupuesto N° 0002-00002669 Proveedor Cimos Inocencio,000115,,1,N
2025,3207,3202,1,3317,1879,2025-06-09 00:00:00,SUM,3115,2025,O,,,,PRESUPUESTO N°3009 - RODAMIENTOS TUYU. REPUESTOS PARA REPACION DE RENAULT MASTER. DOMINIO :GUP175,000115,,1,N
2025,3208,3203,1,3310,68,2025-06-09 00:00:00,SUM,3148,2025,O,,,,SERGIO PEYRANO         ATMOSFERICO LA PRIMERA       PROVEEDOR N° 68,000115,,1,N
2025,3212,3206,1,3297,2613,2025-06-09 00:00:00,SUM,3134,2025,A,2025-06-12 00:00:00,ADMINI,,MATAFUEGOS RUTA 11- PRESUPUESTO N° 7949 SECTOR PLANTA DE OXIGENO,000115,,1,N
2025,3216,3210,1,3281,160,2025-06-09 00:00:00,SUM,3029,2025,O,,,,"AGROVETERINARIA MARZULLO, N° PRESUP 0001 00001087, BROMATOLOGIA",000115,,1,N
2025,3250,3244,1,3352,441,2025-06-10 00:00:00,SUM,3046,2025,O,,,,"PAPELERA ALPA - PRESUPUESTO N° 2-3645 (LABORATORIO, MATERNIDAD, ADMISION, CONSULTORIOS)",000115,,1,N
2025,3251,3245,1,3351,688,2025-06-10 00:00:00,SUM,3043,2025,O,,,,BATERIAS LA PRIMERA - PRESUPUESTO N° 1-2495. DOMINIO AG180HE.,000115,,1,N
2025,3252,3246,1,3354,2369,2025-06-10 00:00:00,SUM,3197,2025,O,,,,"PROV.MERCEDES LA PLATA PRESUP.177574 REPUSTOS PARA CAMION MERCEDES BENZ 1114 UYW682,FORD 14000 AWK675,RETROPALA ASTARSA BGZ37,COLECTIVO IVW614",000115,,1,N
2025,3253,3247,1,3353,3287,2025-06-10 00:00:00,SUM,3196,2025,O,,,,HISPANOGRAF   PRESUPUESTO N° 1777,000115,,1,N
2025,3369,3362,1,3493,840,2025-06-18 00:00:00,PRESU,20920,2025,O,,,,PRESUPUESTO N°20920 - ABETE/ ROPA DE TRABAJO - UNIFORMES PARA PERSONAL,000000,,1,N
2025,3388,3381,1,3498,1682,2025-06-18 00:00:00,PRESU,8516,2025,O,,,,PRESUPUESTO N°0008516 - PINTURERIA INDIGO / MATERIALES UTILIZADOS EN EL ESTADIO MUNICIPAL FRANCISCO ALCUAZ,000000,,1,N
2025,3389,3382,1,3494,285,2025-06-18 00:00:00,PRESU,49284,2025,O,,,,RADIOGRAFICAOESTE - PRESUPUESTO N° 100049284 (LABORATORIO HOSPITAL),000000,,1,N
2025,3390,3383,1,3487,85,2025-06-18 00:00:00,PRESU,42194,2025,O,,,,"PRESUPUESTO N° 0051-00042194 de ""SORBA S.R.L."" Para la granja de contención",000000,,1,N
2025,3391,3384,1,3482,879,2025-06-18 00:00:00,PRESU,1168,2025,O,,,,"Tatano Harisgarat ,presupuesto X0001-00001168",000000,,1,N
2025,3392,3385,1,3478,2208,2025-06-18 00:00:00,PRESU,383,2025,O,,,,Corresponde presupuesto Lombardi Martin-383 CIC QUINTANILLA,000000,,1,N
2025,3393,3387,1,3506,1,2025-06-18 00:00:00,PRESU,1012,2025,O,,,,PROV. CORBELLINI CESAR  PRESUP.1012 REPARACION DE  TREN DELANTERO PARA CAMIONETA FOTON AF591SM,000000,,1,N
2025,3435,3427,1,3543,879,2025-06-23 00:00:00,SUM,3328,2025,O,,,,"PRESUPUESTOS N° X 0001-00001156/1159 /1173/1175/ 1176 de Tatano Harisgarat S.R.L. de ""Casa Harisgarat"" Familias: Díaz, Yohana -  Basualdo, Guillermo - Jaime, Yesica- De Maio, Laura  - Maggio, Tamara",000115,,1,N
2025,3436,3428,1,3544,3075,2025-06-23 00:00:00,SUM,3321,2025,O,,,,"Expte N° 159/2025 Proyecto Tallers Programa Envión- PRESUPUESTO N° X 0001-00000044 de Juan Martín Correa Lorente de ""MC"" Para taller de macramé",000115,,1,N
2025,3437,3429,1,3542,879,2025-06-23 00:00:00,SUM,3330,2025,O,,,,"PRESUPUESTO N° X 0001-00001155/1158 de Tatano Harisgarat S.R.L.  de  ""Casa Harisgarat"" Para la bloquera municipal y para el Servicio Local",000115,,1,N
2025,3446,3437,1,3568,85,2025-06-23 00:00:00,PRESU,42315,2025,O,,,,SORBA S.R.L- PRESUPUESTO N° 42315 (CONS. PSICOLOGIA Y PSIQUIATRIA),000000,,1,N
2025,3450,3442,1,3560,527,2025-06-24 00:00:00,SUM,3335,2025,O,,,,SERVIMED - PRESUPUESTO N° 7927/25,000115,,1,N
2025,3451,3443,1,3561,1078,2025-06-24 00:00:00,SUM,3334,2025,O,,,,"OPAZO DANIEL - PRESUPUESTO S/N FECHA 17/6/25 (GUARDIA, PASILLO, PEDIATRIA, ADMISION )",000115,,1,N
2025,3452,3444,1,3562,2627,2025-06-24 00:00:00,SUM,3333,2025,O,,,,"SANTA PAULA - PRESUPUESTO N° 1-2075, 1-2077 Y 1-2078 (COCINA HOSPITAL)",000115,,1,N
2025,3453,3445,1,3563,2958,2025-06-24 00:00:00,SUM,3332,2025,O,,,,AVICOLA DEL TUYU - PRESUPUESTO N° 8-2554 (COCINA HOSPITAL),000115,,1,N
2025,3454,3446,1,3483,703,2025-06-24 00:00:00,SUM,3301,2025,O,,,,CHIMEHUIN S.A- PRESUPUESTO N° 71009 PACIENTE: TORRES SILVINA,000115,,1,N
2025,3459,3449,1,3587,33,2025-06-24 00:00:00,PRESU,0,2025,O,,,,"Copia de 2025/216 POLIZA 166803, SEGURO TECNICO EQUIPOS HOSP,DIFERENCIA",000000,,1,N
2025,3468,3458,1,3577,57,2025-06-24 00:00:00,SUM,3388,2025,O,,,,IMPRENTA EL ARGENTINO - PRESUPUESTO N° 518 (INTERNACION),000115,,1,N
2025,3470,3459,1,3578,285,2025-06-24 00:00:00,SUM,3389,2025,O,,,,RADIOGRAFICAOESTE - PRESUPUESTO N° 100049366 (LABORATORIO HOSPITAL),000115,,1,N
2025,3471,3460,1,3579,3322,2025-06-24 00:00:00,SUM,3390,2025,O,,,,PINAMAR HIGIENE INSTITUCIONAL - PRESUPUESTO N° 16-1820 (LAVADERO HOSPITAL),000115,,1,N
2025,3472,3461,1,3580,3287,2025-06-24 00:00:00,SUM,3403,2025,O,,,,Avellaneda 7163 - Hispanograf - Presupuesto 1791 - vinilo reseña historica Celestino,000115,,1,N
2025,3481,3470,1,3596,171,2025-06-25 00:00:00,SUM,3377,2025,O,,,,PRESUPUESTO N°2759 - EL GALLEGO,000115,,1,N
2025,3482,3471,1,3597,2450,2025-06-25 00:00:00,SUM,3405,2025,O,,,,"PRESUPUESTO de Labatut, marcelo de ""La Frutería""",000115,,1,N
2025,3486,3476,1,3600,441,2025-06-25 00:00:00,SUM,3427,2025,O,,,,"PAPELERA ALPA - PRESUPUESTO N° 2-3685 (COCINA HOSPITAL, HOGAR ANCIANOS)",000115,,1,N
2025,3491,3480,1,3598,1259,2025-06-25 00:00:00,SUM,3409,2025,O,,,,"PRESUPUESTO N° 00028496 de Sucesión de D annunzio Jorge Neldo de ""Electro D annunzio"" Para el aréa de prestaciones",000115,,1,N
2025,3510,3500,1,3645,2643,2025-06-30 00:00:00,PRESU,146,2025,O,,,,"PRESUPUESTO 146, EMPRESA DE TRANSPORTE 12 DE OCTUBRE",000000,,1,N
2025,3530,3520,1,3653,2751,2025-06-30 00:00:00,PRESU,0,2025,A,2025-07-03 00:00:00,ADMINI,, PROV. AGRONOMIA HORTICOLA SRL. PRESU. 18/06/2025- SEC. PRODUCCION,000000,,1,N
2025,3534,3526,1,3650,171,2025-06-30 00:00:00,SUM,3480,2025,O,,,,El gallego electricidad de Juan Alberto Sanchez. Cables y cintas para armado de muestra en el Archivo Histórico. Presupuesto N°0052627,000115,,1,N
2025,4227,4194,1,4350,71,2025-08-11 00:00:00,SUM,4088,2025,O,,,,PROV.RAUL IRIARETE PRESUP.14876 PARA ARREGLOS GENERALES,000115,,1,N
2025,4230,4198,1,4313,1344,2025-08-11 00:00:00,SUM,4074,2025,O,,,,Exp.:229/23 Sol. Regularizar Situacion - Qta.81 Parc.20 - Prov.:Blanco Juan Manuel - Contrato,000115,,1,N
2025,4250,4218,1,4371,5,2025-08-11 00:00:00,SUM,4177,2025,O,,,,"Andre Ponsa S.A.,Actos  Semana de Agosto Cardoso ,Guemes, San Martín.",000115,,1,N
2025,4251,4219,1,4370,2804,2025-08-11 00:00:00,SUM,4178,2025,O,,,,"Garen Orlando, Actos Semana de Agosto Cardoso,Guemes San Martín.",000115,,1,N
2025,4253,4222,1,4373,2753,2025-08-11 00:00:00,SUM,4133,2025,O,,,,"PRESUPUESTO DEL 6/08,CANERO ECHEGARAY JOSE OCTAVIO,EXPTE. 2349/25",000115,,1,N
2025,4282,4250,1,4413,3287,2025-08-13 00:00:00,SUM,4223,2025,O,,,,CORRESPONDE PRESUPUESTO N° 1824 - EXPTE N° 2286/2025,000115,,1,N
2025,4288,4256,1,4412,879,2025-08-13 00:00:00,SUM,4183,2025,O,,,,Exp.:1811/21 PREIMBA- PROYECTO PARQUE DE LA ESTACIÓN - Prov.:Casa Harisgarat - Presup.:01199;01200;01203,000115,,1,N
2025,4305,4273,1,4436,163,2025-08-14 00:00:00,SUM,4216,2025,O,,,,PRESUPUESTO 078-9135-9134,000115,,1,N
2025,4306,4274,1,4417,1876,2025-08-14 00:00:00,SUM,4203,2025,O,,,,MAX CONTINENTAL- PRESUPUESTO N° 1170039 (FARMACIA),000115,,1,N
2025,4307,4275,1,4418,1743,2025-08-14 00:00:00,SUM,4202,2025,O,,,,DROGUERIA SAPORITI- PRESUPUESTO N° 826214 (LABORATORIO DE FARMACIA),000115,,1,N
2025,4308,4276,1,4431,21,2025-08-14 00:00:00,SUM,4170,2025,O,,,,BASTIT ROBERTO MARCELO - PRESUPUESTO N° 287  (MANTENIMIENTO),000115,,1,N
2025,4309,4277,1,4399,879,2025-08-14 00:00:00,SUM,4197,2025,O,,,,"PROV.CASA HARISGARAT PRESUP.1190,1195,1187,1192 PARA CANCHA MUNICIPAL,CUADRILLA CORRALON,ARREGLOS EN ZUBIAURRE Y ARIAS,MAISTEGUI Y RIVADAVIA",000115,,1,N
2025,4310,4278,1,4421,125,2025-08-14 00:00:00,SUM,4206,2025,O,,,,FARMACIA GIORGI- PRESUPUESTO S/N° MEDICAMENTOS DISPENSADOS DESDE 28/07/2025 AL 4/08/2025,000115,,1,N
2025,4311,4279,1,4419,2958,2025-08-14 00:00:00,SUM,4201,2025,O,,,,AVICOLA DEL TUYU DE ANDERS VICTOR- PRESUPUESTO N° 0008-003809 (COCINA),000115,,1,N
2025,4312,4280,1,4410,879,2025-08-14 00:00:00,SUM,4195,2025,O,,,,"PRESUPUESTO N| X 0001-00001179 de Tatano Harisgarat S.R.L. de ""CASA HARISGARAT"" Familia: Cislaghi  Juliana",000115,,1,N
2025,4313,4281,1,4427,879,2025-08-14 00:00:00,SUM,4181,2025,O,,,,Corresponde presupuesto N °0001-00001209 - TATANO HARISGARAT,000115,,1,N
2025,4314,4282,1,4428,3287,2025-08-14 00:00:00,SUM,4179,2025,A,2025-08-14 00:00:00,ERROR,,Corresponde presupuesto n° 1823 - AVELLANEDA 7163,000115,,1,N
2025,4315,4283,1,4430,557,2025-08-14 00:00:00,SUM,4169,2025,O,,,,NORMEDICAL DE ALEJANDRO GARAY- PRESUPUESTO N° 7/08/2025 (QUIROFANO),000115,,1,N
2025,4318,4286,1,4442,879,2025-08-18 00:00:00,SUM,4215,2025,O,,,,CASA HARISGARAT- PRESUPUESTO N° 1171/1193/1212  (LAVADERO- ENFERMERIA-INTERNACION- VACUNATORIO-CASA DE LOS MEDICOS),000115,,1,N
2025,4319,4287,1,4443,2627,2025-08-18 00:00:00,SUM,4225,2025,O,,,,SANTA PAULA- PRESUPUESTO N° 0001-00002096/2097 (COCINA),000115,,1,N
2025,4320,4288,1,4444,57,2025-08-18 00:00:00,SUM,4228,2025,O,,,,EL ARGENTINO- PRESUPUESTO N° 526/532 (FARMACIA -PEDIATRIA),000115,,1,N
2025,4321,4289,1,4445,612,2025-08-18 00:00:00,SUM,4229,2025,O,,,,MARZULLO COMPUTACION- PRESUPUESTO N° 0001-00001285 (ASISTENTE SOCIAL- INFORMATICA),000115,,1,N
2025,4322,4290,1,4446,3322,2025-08-18 00:00:00,SUM,4230,2025,A,2025-08-19 00:00:00,ADMINI,,PINAMAR HIGIENE INSTITUCIONAL SRL- PRESUPUESTO N° 0016-00001909 (LAVADERO),000115,,1,N
2025,4323,4291,1,4447,2595,2025-08-18 00:00:00,SUM,4226,2025,O,,,,"Ivanper, presupuesto 7006 (OIG911-AE331IY-AB038FG-KYV155)",000115,,1,N
2025,4324,4292,1,4448,413,2025-08-18 00:00:00,SUM,4207,2025,O,,,,PRESUPUESTO N°3830 - NEUMATICOS PASO / COLOCACION DE NEUMATICOS EN VEHICULO MUNICIAPAL (DOMINO: KBQ331),000115,,1,N
2025,4326,4294,1,4449,1141,2025-08-18 00:00:00,SUM,4217,2025,A,2025-11-27 00:00:00,ADMINI,,PROV.RUBEN BASTONS PRESUP.0148 REPARACION DE LONA PARA BATEA PJY978,000115,,1,N
2025,4328,4296,1,4450,1626,2025-08-18 00:00:00,SUM,4219,2025,O,,,,PROV.VOLTIOS PRESUP.310725 PARA PERSONAL DE DEFENSA CIVIL Y CONECCIONE DE ARTEFACTO  LUMUNARIA PUBLICA CALLE 20 DE JUNIO,000115,,1,N
2025,4331,4298,1,4392,3075,2025-08-18 00:00:00,SUM,4168,2025,O,,,,"PRESUPUESTO N° 1403 de Juan Martín Correa de ""MC"" Para guardar juguetes, en la Casita de Chocolate",000115,,1,N
2025,4393,4361,1,4517,2150,2025-08-22 00:00:00,PRESU,0,2025,O,,,,DOLORES GAS S.A. PREVISION DE GAS PARA DISTINTOS SECTORES DEL HOSPITAL.,000000,,1,N
2025,4783,4746,1,4907,68,2025-09-23 00:00:00,SUM,4658,2025,O,,,,"PRESUPUESTOS N° 7390229 de Peyrano, Sergio de ""ATMÓSFERICO LA PRIMERA""",000115,,1,N
2025,4785,4748,1,4909,2494,2025-09-23 00:00:00,SUM,4677,2025,O,,,,"PRESUPUESTO 014175, TORNERIA KESSLER",000115,,1,N
2025,4787,4750,1,4910,416,2025-09-23 00:00:00,SUM,4638,2025,A,2025-10-15 00:00:00,ERROR,,AIR LIQUIDE HEALTHCARE. EQUIPOS DE  ALTO FLUJO UTI. PRESUPUESTO Nº 1418.,000115,,1,N
2025,4788,4751,1,4911,416,2025-09-23 00:00:00,SUM,4637,2025,O,,,,AIR LIQUIDE HEALTHCARE. EQUIPOS DE ALTO FLUJO UTI..PRESUPUESTO Nº 1417.,000115,,1,N
2025,4789,4752,1,4912,2209,2025-09-23 00:00:00,SUM,4662,2025,O,,,,DURANTE JAVIER. PRESPUESTO Nº 0001-00000752.HOGAR DE ANCIANOS.,000115,,1,N
2025,4791,4755,1,4926,2330,2025-09-24 00:00:00,SUM,4706,2025,A,2025-09-24 00:00:00,ADMINI,,Corresponde prevision combustibles del salado,000115,,1,N
2025,4810,4774,1,4947,2330,2025-09-24 00:00:00,SUM,4702,2025,O,,,,"CORRESPONDE PREVISION COMBUSTIBLES DEL SALADO S.A.VEHICULOS HOSPITAL: AA 775 QW, PAA 334, AB 038 OI, AG 180 HE, AF 591 SU, AG 545 GL, AC 548 KJ.",000115,,1,N
2025,4813,4777,1,4948,2330,2025-09-24 00:00:00,SUM,4706,2025,O,,,,Corresponde prevision combustibles del salado- Gobierno,000115,,1,N
2025,4814,4778,1,4955,3542,2025-09-24 00:00:00,SUM,4692,2025,O,,,,Expte. 1692/25 -  Contrato Personal Tecnico Medio Ambiente  - Prov. Ing. Fernandez Anabela- Contrato,000115,,1,N
2025,4880,4845,1,5027,3390,2025-10-02 00:00:00,SUM,4741,2025,O,,,,"ALTA MORENA - PRESUPUESTO N° 1-51 (COCINA, HOGAR DE ANCIANOS)",000115,,1,N
2025,4881,4847,1,5028,1682,2025-10-02 00:00:00,SUM,4740,2025,O,,,,PINTURERIA INDIGO - PRESUPUESTO N° 3-3483 (AMBULANCIA),000115,,1,N
2025,4884,4849,1,5029,171,2025-10-02 00:00:00,SUM,4736,2025,O,,,,"ELECTRICIDAD EL GALLEGO - PRESUPUESTO N° 1-53281, 1-53312, 1-53470 (MANTENIMIENTO, TRAUMATOLOGIA, HALL ADMINISTRACION)",000115,,1,N
2025,4886,4851,1,5030,1578,2025-10-02 00:00:00,SUM,4735,2025,O,,,,PRODUCTOS COLOMBRARO - PRESUPUESTO N° 1-377 (QUIROFANO),000115,,1,N
2025,4887,4852,1,5031,216,2025-10-02 00:00:00,SUM,4780,2025,O,,,,"PRESUPUESTO 4921542, TALLER PROTEGIDO FAE",000115,,1,N
2025,4895,4860,1,5045,2843,2025-10-02 00:00:00,SUM,4783,2025,O,,,,"PRESUPUESTO N° 6976052 de ROST, TAMARA de ""Frutería Negrin"" Diabéticos 2025",000115,,1,N
2025,4896,4861,1,5046,1259,2025-10-02 00:00:00,SUM,4796,2025,O,,,,"Electro Dannunzio, presupuesto 29179 ( para el com)",000115,,1,N
2025,4897,4862,1,5012,1119,2025-10-02 00:00:00,SUM,4761,2025,O,,,,"CONTRATO CON LA EMPRESA SOMA S.A..EXPTE Nº 5/2025. SERVICIO DE RECOLECCION,TRANSPORTE,TRATAMIENTO Y DISPOSICION FINAL DE RESIDUOS PATOGENICOS DESDE EL 01 DE OCTUBRE AL 31 DE DICIEMBRE 2025.",000115,,1,N
2025,4898,4863,1,5047,3184,2025-10-02 00:00:00,SUM,4792,2025,O,,,,DROGUERIA  PERDOMINICI- PRESUPUESTO N° 22/09/2025 (FARMACIA),000115,,1,N
2025,4899,4864,1,5048,441,2025-10-02 00:00:00,SUM,4795,2025,O,,,,ALPA - PRESUPUESTO N° 3780/3781 (HOGAR Y SALA DE ONCOLOGIA),000115,,1,N
2025,4912,4877,1,5061,345,2025-10-03 00:00:00,PRESU,53904,2025,O,,,,AZCUENAGA- PRESUPUESTO N° 00002-00053904 (FARMACIA- QUIROFANO),000000,,1,N
2026,209,209,1,212,2538,2026-01-13 00:00:00,SUM,75,2026,O,,,,DF. AIRE ACONDICIONADO FRANCO RICOTTI. PRESUPUESTO .MOVIL 9 AB 039OI.,000115,,1,N
2025,5118,5083,1,5272,1514,2025-10-28 00:00:00,SUM,5029,2025,O,,,,PROV.CASA ELICEIRY PRES.24/10/2025 LUBRICANTES PARA MAQUINAS Y VEHICULOS DE ESTA SECRETARIA,000115,,1,N
2025,5119,5084,1,5273,2110,2025-10-28 00:00:00,SUM,5020,2025,O,,,,Exp.:380/25 Sol. Revisión de Edificio HCD - Prov.:Fumega Eduardo - Presup.:Contrato,000115,,1,N
2025,5120,5085,1,5274,1063,2025-10-28 00:00:00,SUM,5023,2025,O,,,,Electronica Rural,000115,,1,N
2025,5121,5086,1,5275,300,2025-10-28 00:00:00,SUM,5026,2025,O,,,,"Pintureria Todo Color, presupuesto 5904",000115,,1,N
2025,5122,5087,1,5277,17,2025-10-28 00:00:00,SUM,5013,2025,O,,,,"PRESUPUESTO N° 00000148 de LLuis Lombardia de ""MOTOMAQUINARIAS LUIS"" Para realizar mantenimiento en la granja de contención",000115,,1,N
2025,5123,5088,1,5278,441,2025-10-28 00:00:00,SUM,5027,2025,O,,,,"Matienzo Paola,presupuesto 00003797",000115,,1,N
2025,5124,5089,1,5279,17,2025-10-28 00:00:00,SUM,5016,2025,O,,,,"PROV. LUIS LOMBARDIA PRESUP.0147,115  REPUESTOS Y REPARACIONES PARA MOTOGUADAÑAS Y MOTOSIERRAS",000115,,1,N
2025,5125,5090,1,5280,1921,2025-10-28 00:00:00,SUM,5015,2025,O,,,,PROV.MEDINA CARLOS  PRESUP.2751 REPARACION  DE MOTOGUADAÑA Y CORTADORA DE PASTO,000115,,1,N
2025,5126,5091,1,5281,2369,2025-10-28 00:00:00,SUM,5012,2025,O,,,,"PROV. MERCEDES LA PLATA   PRESUP.183923 REPUESTOS PARA OOI617,LAN557,DMI232",000115,,1,N
2025,5127,5092,1,5276,3296,2025-10-28 00:00:00,SUM,5018,2025,O,,,,Exp.:1861/15 Construccion 36 Viviendas - Prov.:Pintureria Concepto - Presup.:02929,000115,,1,N
2025,5129,5094,1,5287,2521,2025-10-28 00:00:00,SUM,5049,2025,O,,,,PROV. PROTO SRL PRESUP.2557 CUCHILLAS PÁRA MOTONIVELADORA  CII59 Y VOLVO F710,000115,,1,N
2025,5131,5096,1,5288,86,2025-10-28 00:00:00,SUM,5029,2025,O,,,,"Suarez Pablo ,presupuesto 04/10/2025 Motoniveladora New Hollnd",000115,,1,N
2025,5383,5337,1,5532,300,2025-11-18 00:00:00,ORDCO,5237,2025,O,,,,Exp.:1811/21 PREIMBA - PROYECTO PARQUE DE LA ESTACIÓN - Prov.:Todo Color - Presup.:5542,000115,,1,N
2025,5387,5341,1,5530,2636,2025-11-18 00:00:00,SUM,5246,2025,O,,,,Exp.:1811/21 PREIMBA - PROYECTO PARQUE DE LA ESTACIÓN - Prov.:Vidrieria Suarez (Juan Manuel Suarez) - Presup.:078,000115,,1,N
2025,5391,5345,1,5536,68,2025-11-18 00:00:00,SUM,5272,2025,O,,,,"PRESUPUESTO N° X 7390234 de Peyrano, Sergio de ""ATMOSFERICO LA PRIMERA""",000115,,1,N
2025,5396,5350,1,5546,688,2025-11-18 00:00:00,SUM,5264,2025,O,,,,BATERIAS LA PRIMERA S.H. PRESUPUESTO Nº 6881.MOVIL 8 DOMINIO PAA 334 AMBULANCIA.,000115,,1,N
2026,3,3,1,8,1235,2026-01-05 00:00:00,SUM,14,2026,A,2026-01-16 00:00:00,ADMINI,,"PRESUPUESTO X 1° TRIMESTRE, CAMINO JOSE, EXPTE. 3655/2021 1 CUERPO",000115,,1,N
2026,6,6,1,7,1235,2026-01-05 00:00:00,SUM,16,2026,A,2026-01-16 00:00:00,ADMINI,,"PRESUPUESTO 1611 X 1° TRIMESTRE ,CAMINO JOSE, EXPTE. 3665/2021 1° CUERPO",000115,,1,N
2026,8,8,1,6,1235,2026-01-05 00:00:00,SUM,17,2026,A,2026-01-16 00:00:00,ADMINI,,"PRESUPUESTO 1611 X 1° TRIMESTRE, CAMINO JOSE, EXPTE. 3655/2021 1° CUERPO",000115,,1,N
2026,10,10,1,5,1235,2026-01-05 00:00:00,SUM,18,2026,A,2026-01-16 00:00:00,ADMINI,,"PRESUPUESTO 1611 X 1° TRIMESTRE, CAMINO JOSE,EXPTE. 3655/2021 1° CUERPO",000115,,1,N
2026,12,12,1,4,1235,2026-01-05 00:00:00,SUM,19,2026,A,2026-01-16 00:00:00,ADMINI,,"PRESUPUESTO 1611 X 1° TRIMESTRE, CAMINO JOSE EXPTE 3655/2021 CUERPO 1",000115,,1,N
2026,13,13,1,3,1235,2026-01-05 00:00:00,SUM,20,2026,A,2026-01-16 00:00:00,ADMINI,,"PRESUPUESTO 1611 X 1° TRIMESTRE, CAMINO JOSE, EXPTE 3655/2021 CUERPO 1",000115,,1,N
2026,14,14,1,2,1235,2026-01-05 00:00:00,SUM,9,2026,A,2026-01-06 00:00:00,ADMINI,,PROV. COMBUSTIBLE DEL SALADO- SEC PRODUCCION,000115,,1,N
2026,16,16,1,15,826,2026-01-05 00:00:00,SUM,61,2026,O,,,,Previsión Maiz Susana,000115,,1,N
2026,17,17,1,16,2791,2026-01-05 00:00:00,SUM,59,2026,O,,,,Previsión Management Pzz (La Plata),000115,,1,N
2026,18,18,1,17,1608,2026-01-05 00:00:00,SUM,58,2026,O,,,,PREVISION INMOBILARIA SAN CARLOS,000115,,1,N
2026,19,19,1,18,2931,2026-01-05 00:00:00,SUM,49,2026,O,,,,PREVISION DE GUAMAFLO S.A,000115,,1,N
2026,20,20,1,19,174,2026-01-05 00:00:00,SUM,47,2026,O,,,,Previsión Moyano Jorge Mario,000115,,1,N
2026,64,64,1,71,2150,2026-01-07 00:00:00,SUM,35,2026,O,,,,PREVISION DE CHANCHA DE DELEGACION,000115,,1,N
2026,72,72,1,60,1765,2026-01-07 00:00:00,SUM,54,2026,O,,,,Previsión Oscar Gustavo,000115,,1,N
2026,73,73,1,73,201,2026-01-07 00:00:00,SUM,29,2026,O,,,,"PREVISION DE PUBLICIDAD DE LICITACIONES, BOLETIN OFICIAL",000115,,1,N
2026,74,74,1,70,1994,2026-01-07 00:00:00,SUM,38,2026,O,,,,Corresponde prevision ANDINA 1923 S.A,000115,,1,N
2026,75,75,1,72,2330,2026-01-07 00:00:00,SUM,33,2026,O,,,,COMBUSTIBLE DEL SALADO,000115,,1,N
2026,407,410,1,430,297,2026-01-22 00:00:00,PRESU,29045,2026,O,,,,PROV. RAFAEL BOBINO Y CIA PRESUP.29045  HERBICIDA PARA ESAPACIOS PUBLICOS,000000,,1,N
2026,211,211,1,213,441,2026-01-13 00:00:00,SUM,72,2026,O,,,,"PAPELERA ALPA., PAOLA AMELIA MATIENZO. PRESUPUESTOS Nº 3829,3832.LABORATORIO, FACTURACION, HOGAR DE ANCIANOS.",000115,,1,N
2026,213,213,1,214,3287,2026-01-13 00:00:00,SUM,117,2026,O,,,,"Presupuesto 1850, Avellaneda 7163",000115,,1,N
2026,408,411,1,438,2222,2026-01-22 00:00:00,PRESU,0,2026,O,,,,PROV. ESPONDABURU PEDRO HORACIO- SEC PRODUCCION,000000,,1,N
2026,409,412,1,440,1514,2026-01-23 00:00:00,PRESU,0,2026,O,,,,PROV. CASA ELICEIRY GAS OIL PARA  MAQUIANAS DE PREDIO DISPOSICION FINAL DE RESIDUSO RUTA 11 KM 405.5,000000,,1,N
2026,439,442,1,478,2330,2026-01-27 00:00:00,SUM,453,2026,O,,,,CORRESPONDE PREVISION COMBUSTIBLES DEL SALADO - SEC GOBIERNO,000115,,1,N
2026,441,444,1,479,2843,2026-01-27 00:00:00,SUM,438,2026,O,,,,"PRESUPUESTO N° X 6976064 de Rost, Tamara de ""Frutería Negrin"" Esfuerzo Solidario",000115,,1,N
2026,444,447,1,470,3322,2026-01-27 00:00:00,SUM,439,2026,O,,,,PINAMAR HIGIENE SRL- PRESUPUESTO N° 0016-00002311/2312/2313/2314/2315 (LAVADERO-COCINA- OFICCE DE MUCAMAS),000115,,1,N
2026,447,450,1,471,3165,2026-01-27 00:00:00,SUM,440,2026,O,,,,VELIBO SUPPLIES S.A.S- PRESUPUESTO N° 0001-00010768 (FARMACIA),000115,,1,N
2026,473,476,1,509,3208,2026-01-28 00:00:00,CONTR,0,2026,O,,,,PROV. CASTILLO MANUEL ALEJANDRO- SEC PRODUCCION- PARQUE INDUSTRIAL,000000,,1,N
2026,474,477,1,224,3356,2026-01-28 00:00:00,PRESU,282190,2026,O,,,,PEREZ JORGE- PRESUPUESTO N° 282190 (COCINA) DESDE 16/12/25 AL 23/12/25,000000,,1,N
2026,475,478,1,139,3356,2026-01-28 00:00:00,PRESU,282188,2026,O,,,,PEREZ JORGE- PRESUPUESTO N° 282188 (COCINA) DESDE EL 22/12/25 AL 29/12/25,000000,,1,N
2025,4407,4375,1,4529,2369,2025-08-22 00:00:00,SUM,4313,2025,O,,,,"PROV. MERCEDES LA PLATA SRL.181160 REPUESTOS PARA FORD 14000 DMI232, FORD 14000 ASZ490 IVECO OII617",000115,,1,N
2025,4431,4399,1,4561,2627,2025-08-26 00:00:00,SUM,4345,2025,O,,,,SANTA PAULA-  PRESUPUESTO N° 0001-00002098/2100 (HOSPITAL Y HOGAR),000115,,1,N
2025,4432,4400,1,4560,300,2025-08-26 00:00:00,SUM,4332,2025,O,,,,"TODO COLOR N° PRES. 00005543, (UTI, HOGAR,ENFERMERIA,LABORATORIO,MANTENIMIENTO,QUIROFANO,GUARDIA.",000115,,1,N
2025,4433,4401,1,4558,300,2025-08-26 00:00:00,SUM,4330,2025,O,,,,"TODO COLOR N° PRES. 00005901, MANTENIMIENTO",000115,,1,N
2025,4458,4425,1,4598,2209,2025-08-28 00:00:00,SUM,4352,2025,O,,,,"JAVIER DURANTE, N° PRES. 0001-00000712, COCINA SALUD",000115,,1,N
2025,4461,4428,1,4594,3287,2025-08-28 00:00:00,SUM,4365,2025,O,,,,HISPANOGRAF     PRESUPUESTO N° 1826,000115,,1,N
2025,4466,4432,1,4606,850,2025-08-28 00:00:00,SUM,4303,2025,O,,,,EXPEDIENTE N° 1345/25  CONTRATO CON UNO ELECTROMEDICINA DE UN EQUIPO GASES MARCA RADIOMETER MODELO ABL 80 DESDE EL 1 DE SEPTIEMBRE HASTA EL 31 DE DICIEMBRE DEL 2025,000115,,1,N
2025,4467,4434,1,4604,850,2025-08-28 00:00:00,SUM,4301,2025,O,,,,EXPEDIENTE N° 1347/25 CONTRATO CON UNO ELECTROMEDICINA POR EL ALQUILER  DE UN  EQUIPO MINDRAY 5 POBLACIONES LEUCOCITARIAS DESDE EL 1 DE SEPTIEMBRE HASTA EL 31 DE DICIEMBRE DEL 2025,000115,,1,N
2025,4468,4435,1,4583,612,2025-08-28 00:00:00,SUM,4373,2025,O,,,,Corresponde presupuesto N° 0001-000012886 - MARZULLO COMPUTACION,000115,,1,N
2025,4485,4452,1,4621,335,2025-09-01 00:00:00,SUM,4364,2025,O,,,,"PRESUPUESTO de María Cristina Uthurburu de ""CASA MEOQUI"" Sr. Ortiz, Miguez Oscar DNI: M 5.3331.542 fallecido el 18 de Agosto 2025",000115,,1,N
2026,117,117,1,114,2595,2026-01-09 00:00:00,SUM,153,2026,O,,,,"PROV.IVAN PERICO PRESUP.7915 REPUESTOS PARA VW LED013, COLECTIVO JZH266",000115,,1,N
2025,4935,4901,1,5084,1213,2025-10-06 00:00:00,SUM,4791,2025,O,,,,"Expte N° 159/25 Proyecto de Talleres Programa Envión. PRESUPUESTO N° 2301 de ""DE LAS MISIONES"" Para el taller de carpintería",000115,,1,N
2025,5015,4980,1,5186,1736,2025-10-17 00:00:00,SUM,4920,2025,O,,,,ADVANTEK S.R.L - PRESUPUESTO N° 1.008/2025 (NEUROLOGIA INFANTIL),000115,,1,N
2025,5017,4982,1,5187,850,2025-10-17 00:00:00,SUM,4924,2025,O,,,,UNO ELECTROMEDICINA - PRESUPUESTO N° 00003-00013940 (LABORATORIO DE ANALISIS),000115,,1,N
2025,5019,4984,1,5188,2883,2025-10-17 00:00:00,SUM,4928,2025,O,,,,INSUMOS GENERALES 3F- PRESUPUESTO N° 3/10/2025 Y 6/10/2025 (FARMACIA),000115,,1,N
2025,5020,4985,1,5189,163,2025-10-17 00:00:00,SUM,4925,2025,O,,,,PROV. ALFIO DISTEFANO PRESUP.078-9160  REPARACION DE PALA LIUGONG 855,000115,,1,N
2025,5021,4986,1,5190,163,2025-10-17 00:00:00,SUM,4927,2025,O,,,,PROV.ALFIO DISTEFANO PRESUP.078-9161 REPARACION DE MOTONIVELADORA SIAM 160,000115,,1,N
2025,5022,4987,1,5191,3287,2025-10-17 00:00:00,SUM,4935,2025,O,,,,HISPANOGRAF    PRESUPUESTO N° 1812,000115,,1,N
2025,5024,4989,1,5155,2209,2025-10-17 00:00:00,SUM,4915,2025,O,,,,DURANTE JAVIER- PRESUPUESTO N° 0001-00000772 (COCINA) PEDIDO MENSUAL DESDE 8/10 AL 8/11/25,000115,,1,N
2025,5026,4991,1,5167,2627,2025-10-17 00:00:00,SUM,4854,2025,O,,,,SANTA PAULA - PRESUPUESTO N° 1-2123 PARA FECHA 2/10/25 (COCINA HOSPITAL),000115,,1,N
2025,5028,4993,1,5169,300,2025-10-17 00:00:00,SUM,4856,2025,O,,,,PINTURERIA FERRETERIA TODO COLOR - PRESUPUESTO N° 5912 (SEGURIDAD- OFTALMOLOGIA- FARMACIA- MOVIL 6 JQS879- CAPS SAN MARTIN- MANTENIMIENTO),000115,,1,N
2025,5029,4994,1,5172,3322,2025-10-17 00:00:00,SUM,4860,2025,O,,,,PINAMAR HIGIENE INSTITUCIONAL - PRESUPUESTO N° 16-2040 FECHA 6/10/25 (LAVADERO HOSPITAL),000115,,1,N
2025,5033,4998,1,5175,2209,2025-10-17 00:00:00,SUM,4863,2025,O,,,,DURANTE JAVIER - PRESUPUESTO N° 1-766 FECHA 30/9/25 ( HOGAR DE ANCIANOS) ALIMENTOS PARA EL MES DE OCTUBRE,000115,,1,N
2025,5036,5001,1,5157,3297,2025-10-17 00:00:00,SUM,4923,2025,O,,,,"Frenos Madariaga, presupuesto 88 (AB038FG-AE331IY-AE704AW-JCH069)",000115,,1,N
2025,5039,5004,1,5166,2627,2025-10-17 00:00:00,SUM,4911,2025,O,,,,SANTA PAULA- PRESUPUESTO N° 0001-00002126 (HOGAR DE ANCIANOS) PASTA PARA EL DIA 7/10/25,000115,,1,N
2025,5040,5005,1,5154,3322,2025-10-17 00:00:00,SUM,4914,2025,O,,,,PINAMAR HIGIENE INSTITUCIONAL SRL- PRESUPUESTO N° 0016-00002042 (COCINA),000115,,1,N
2025,5042,5007,1,5214,2208,2025-10-17 00:00:00,SUM,4610,2025,O,,,,"PRESUPUESTO 379, MARTIN LOMBARDI",000115,,1,N
2025,5328,5281,1,5477,2636,2025-11-13 00:00:00,SUM,5194,2025,O,,,,"PRESUPUESTO N° 00000090 de Juan Manuel Suarez de ""CARPINTERIA DE ALUMNIO VIDRIERIA SUAREZ"" Para ventana de la Casita de Chocolate",000115,,1,N
2025,5329,5282,1,5459,2869,2025-11-13 00:00:00,SUM,5185,2025,O,,,,MADA POY S.A.- PRESUPUESTO N° 0001-00000912 (COCINA) MENSUAL DESDE EL 30/10 AL 30/11/2025,000115,,1,N
2025,5330,5283,1,5456,21,2025-11-13 00:00:00,SUM,5186,2025,O,,,,FABRIMAR. BASTIT ROBERTO MARCELO. PRESUPUESTO Nº 00000290.AMBULANCIA N º 5 DOMIONIO KYV 365.,000115,,1,N
2025,5331,5284,1,5471,300,2025-11-13 00:00:00,SUM,5212,2025,O,,,,"Maistegui Silvia Beatriz, presupuesto 00005909",000115,,1,N
2025,5332,5285,1,5472,212,2025-11-13 00:00:00,SUM,5209,2025,O,,,,Fernandez José Angel presupuesto 0001-00000066,000115,,1,N
2026,166,166,1,162,68,2026-01-13 00:00:00,SUM,194,2026,O,,,,"PRESUPUESTO N° X 7390242 de Peyrano, Sergio de ""Atmósferico La Primera""",000115,,1,N
2025,5043,5008,1,5215,3075,2025-10-17 00:00:00,SUM,4964,2025,O,,,,"PRESUPUESTO 53, CORREA LORENTE JUAN MARTIN",000029,,1,N
2025,5097,5063,1,5248,441,2025-10-22 00:00:00,SUM,4988,2025,O,,,,"PRESUPUESTOS N° X 0002-00003787/3794 de Matienzo, Paola Amelia de ""ALPA MADARIAGA"" Para realizar festejo del dia de la Familia",000115,,1,N
2025,5098,5064,1,5249,169,2025-10-22 00:00:00,SUM,4990,2025,A,2025-11-13 00:00:00,ADMINI,,PRESUPUESTO N°0984 - TERRANOVA QUIMICA / LIQUIDO PARA PISOS,000115,,1,N
2025,5244,5209,1,5401,2209,2025-11-05 00:00:00,SUM,5134,2025,O,,,,DURANTE JAVIER. DISTRIBUIDORA DE ALIMENTOS. HOGAR DE ANCIANOS. PEDIDO PARA MES DE NOVIEMBRE. PRESUPUESTO Nº 0001-00000781.,000115,,1,N
2025,5246,5211,1,5400,2209,2025-11-05 00:00:00,SUM,5131,2025,O,,,,DURANTE JAVIER. DISTRIBUIDORA DE ALIMENTOS. PRESUPUESTO Nº 0001-00000779.CHOFERES DE AMBULANCIA. EVENTO PRERDIO FIESTA NACIONAL DEL GAUCHO.,000115,,1,N
2025,5247,5212,1,5396,2548,2025-11-05 00:00:00,SUM,5121,2025,O,,,,"PRESUPUESTO de Ana María Speziale de ""CASA SAINZ"" Extinto Sra.: Ziegemann, Aidee Raquel DNI N° F 4.020.766 fallecida el 27 de octubre 2025",000115,,1,N
2025,5248,5213,1,5397,441,2025-11-05 00:00:00,SUM,5141,2025,O,,,,"Matienzo Paola,presupuesto X 0002-00003804",000115,,1,N
2025,5249,5214,1,5398,71,2025-11-05 00:00:00,SUM,5129,2025,O,,,,PROVEEDURIA CAMPO Y CIUDAD- PRESUPUESTO N° 15286/15288 (BROMATOLOGIA),000115,,1,N
2025,5250,5215,1,5402,160,2025-11-05 00:00:00,SUM,5135,2025,O,,,,AGROVETERINARIA MARZULLO. BROMATOLOGIA. PRESUPUESTO Nº 0001-00001124.,000115,,1,N
2025,5300,5234,1,5435,1949,2025-11-11 00:00:00,SUM,5169,2025,O,,,,LUIS L.A VILLARREAL Y CIA S.R.L VEHICULO MINIBUS AF591SU,000115,,1,N
2025,5301,5177,1,5372,71,2025-11-11 00:00:00,SUM,5107,2025,O,,,,Corresponde presupuesto N° 00015278/015277 MAISTEGUI SILVIA,000115,,1,N
2025,5302,5179,1,5373,71,2025-11-11 00:00:00,SUM,5108,2025,O,,,,CORRESPONDE PRESUPUESTO N°  00015278 - MAISTEGUI SILVIA,000115,,1,N
2025,5379,5333,1,5554,3503,2025-11-18 00:00:00,SUM,5289,2025,O,,,, PROV. UNIVERSIDAD NACIONAL DEL CENTRO DE LA PROVINCIA DE BUENOS AIRES - SEC. PROD,000115,,1,N
2025,5405,5359,1,5567,2400,2025-11-19 00:00:00,SUM,5290,2025,O,,,,PRESUPUESTO N°8449 - PUNTO TRUCK / FILTRO COMBUSTIBLE PARA IVECO DAILY AB603TW,000115,,1,N
2025,5406,5360,1,5560,2613,2025-11-20 00:00:00,SUM,5275,2025,O,,,,PRESUPUESTO N° 8664 - MATAFUEGO RUTA 11 / RECARGA DE MATAFUEGOS TANTO PARA EL POLIDEPORTIVO COMO PARA ESTADIO MUNICIPAL,000115,,1,N
2025,5407,5361,1,5561,2636,2025-11-20 00:00:00,SUM,5276,2025,O,,,,PRESUPUESTO N°00100 - CARPINTERIA DE ALUMINIO VIDRERIA SUAREZ / PICAPORTES PARA VESTUARIOS DEL ESTADIO MUNICIPAL,000115,,1,N
2025,5408,5362,1,5562,300,2025-11-20 00:00:00,SUM,5277,2025,O,,,,"PRESUPUESTO N° 5921 - PINTURERIA Y FERRETERIA ""TODO COLOR"" / MATERIALES PARA TRABAJO EN BAÑO Y VESTUARIOS DEL POLIDEPORTIVO MUNICIPAL",000115,,1,N
2025,5409,5363,1,5563,216,2025-11-20 00:00:00,SUM,5288,2025,O,,,,FAE. BOLSAS HOSPITAL.PRESUPUESTO.,000115,,1,N
2025,5410,5364,1,5564,1440,2025-11-20 00:00:00,SUM,5278,2025,O,,,,QUALIMED S.A- PRESUPUESTO N° 82 (FARMACIA),000115,,1,N
2025,5411,5365,1,5566,160,2025-11-20 00:00:00,SUM,5240,2025,O,,,,"PRESUPUESTO 1135, SUC MARZULLO CESAR ABEL",000115,,1,N
2025,5413,5367,1,5569,1514,2025-11-20 00:00:00,SUM,5302,2025,O,,,,"PRESUPUESTO 000, CASA ELICEIRY, 25/11/2025",000115,,1,N
2025,5414,5368,1,5571,1514,2025-11-20 00:00:00,SUM,5301,2025,O,,,, PROV. CASA ELICEIRY GAS OIL PARA MAQUINAS Y VEHICULOS DE ESTA SECRETARIA,000115,,1,N
2025,5415,5369,1,5570,1514,2025-11-20 00:00:00,SUM,5300,2025,O,,,, PROV. CASA ELICEIRY GAS OIL PARA MAQUINAS PREDIO DISPOSICION FINAL DE RESIDUOS R,000115,,1,N
2025,5449,5403,1,5611,837,2025-11-27 00:00:00,PRESU,5343,2025,O,,,,PREVISION OCA,000000,,1,N
2025,5450,5404,1,5612,2593,2025-11-27 00:00:00,PRESU,0,2025,O,,,, PROV. BALETTO URRUTIA JUAN AGUSTIN - SEC. PRODUCCION-,000000,,1,N
2025,5451,5405,1,5615,1977,2025-11-28 00:00:00,PRESU,6728,2025,O,,,,"PRESUPUESTO 6728, ZMG ARGENTINA SRL",000000,,1,N
2025,5466,5420,1,5630,2578,2025-12-01 00:00:00,PRESU,0,2025,O,,,,PHOYU MARIA ALCIRA SERVICIO DE COSTURA,000000,,1,N
2026,168,168,1,163,1112,2026-01-13 00:00:00,SUM,199,2026,O,,,,"PRESUPUESTO de ""El centro de los Amigos"" Familias: Arce, Evelyn - Britos",000115,,1,N
2026,169,169,1,164,1879,2026-01-13 00:00:00,SUM,197,2026,O,,,,"PRESUPUESTO N° 00003036 de ""Rodamientos Tuyú"" Para camioneta F100 patente AYQ 605",000115,,1,N
2026,171,171,1,165,1213,2026-01-13 00:00:00,SUM,196,2025,O,,,,"PRESUPUESTO N° 2663 de ""de las misiones"" Para el taller de carpintería",000115,,1,N
2026,173,173,1,166,33,2026-01-13 00:00:00,SUM,268,2026,O,,,,"RENOVACION DE POLIZA, PCIA SEGUROS (33), POLIZA 3374535",000115,,1,N
2026,476,479,1,525,3287,2026-01-28 00:00:00,PRESU,1854,2026,O,,,,"PRESUPUESTO 1854, AVELLANEDA 7163",000000,,1,N
2026,479,482,1,519,3448,2026-01-28 00:00:00,PRESU,0,2026,O,,,,"PRESUPUESTO de ""Sabina Anahí Flores "" Regalo para egresados de La Casita de Chocolate",000000,,1,N
2026,481,484,1,520,441,2026-01-28 00:00:00,SUM,486,2026,O,,,,"PRESUPUESTO 1811,MATIENZO PAOLA",000115,,1,N
2026,484,488,1,516,3075,2026-01-28 00:00:00,PRESU,69,2026,O,,,,"PROV. JUAN MARTIN CORREA PRESUP.0069,0068 PARA CEMENTERIO Y DEFENSA CIVIL RIEGO",000000,,1,N
2026,485,489,1,517,3296,2026-01-28 00:00:00,SUM,482,2026,O,,,,"PRESUPUESTO N° 0003-00003448 de ""PInturería Concepto S: Cap I"" Para pintar casa del Programa Envión (adentro)",000115,,1,N
2026,486,490,1,513,826,2026-01-28 00:00:00,PRESU,2640,2026,O,,,,PROV.DUENDE AZUL PRESUP 2640 COMISION A LA PLATA POR REPUESTOS,000000,,1,N
2026,487,491,1,510,1259,2026-01-28 00:00:00,PRESU,30023,2026,O,,,,"PRESUPUESTO 30023, SUC DANNUNZIO JORGE",000000,,1,N
2026,488,492,1,514,2403,2026-01-28 00:00:00,SUM,493,2026,O,,,,PROV.BIGORITO LEONARDO PRESUP.0091 REPARACION PARA VW13180 HKO983,000115,,1,N
2025,2913,2913,1,3001,2810,2025-05-21 00:00:00,SUM,2873,2025,O,,,,"Expte Nº 159/25 PRESUPUESTOS Nº X 0001-00000803 de María Teresa Arriolade ""El Dedal Merceria"" Proyecto de Talleres Programa Envión. Taller de costura",000115,,1,N
2025,2917,2917,1,3004,3287,2025-05-22 00:00:00,SUM,2850,2025,O,,,,HISPANOGRAF   PRESUPUETO N° 1766,000115,,1,N
2025,2919,2918,1,3005,3297,2025-05-22 00:00:00,SUM,2856,2025,O,,,,"Frenos Madaroaga, presupuesto 070 (AD283EL)",000115,,1,N
2025,2920,2920,1,3006,3297,2025-05-22 00:00:00,SUM,2849,2025,O,,,,"Frenos Madariaga, presupuesto 063 (KYV 375- AB038FG-AF747PM-AE331IY)",000115,,1,N
2025,2921,2921,1,3007,2779,2025-05-22 00:00:00,SUM,2866,2025,O,,,,"Taller Niko, presupuesto 0124 (motoguadaña destacamento manantiales)",000115,,1,N
2025,2922,2922,1,3009,300,2025-05-22 00:00:00,SUM,2789,2025,O,,,,"Pintureria Todo Color, presupuesto 5218 (bateria para el vehiculo ac331iy)",000115,,1,N
2025,2923,2923,1,3010,2110,2025-05-22 00:00:00,SUM,2857,2025,O,,,,"Fumega Eduardo,presupuesto 464 - Archivo- Fotocopiadora- Informatica y Personal (legajos)",000115,,1,N
2025,2924,2924,1,3011,2110,2025-05-22 00:00:00,SUM,2859,2025,O,,,,"Fumega Eduardo,presupuesto 463",000115,,1,N
2025,2925,2925,1,3012,3302,2025-05-22 00:00:00,SUM,2854,2025,O,,,,Cueto Hernán - PARA ESTANTERIA EN EL CIC,000115,,1,N
2025,2926,2926,1,3008,3502,2025-05-22 00:00:00,SUM,2867,2025,O,,,,"Cars Rivadavia, presupuesto (reparacion camioneta rural LBN155)",000115,,1,N
2025,2927,2927,1,3013,492,2025-05-22 00:00:00,SUM,2847,2025,O,,,,MAXIMO PINASCO S.A- PRESUPUESTO N° 1000354930 DOMINIO: AF591SU,000115,,1,N
2025,2928,2929,1,3014,216,2025-05-22 00:00:00,SUM,2846,2025,O,,,,FAE- PRESUPUESTO N° 4921524,000115,,1,N
2025,2931,2931,1,3015,527,2025-05-22 00:00:00,SUM,2840,2025,O,,,,SERVIMED- PRESUPUESTO N° 7741/25,000115,,1,N
2025,2934,2934,1,3065,117,2025-05-23 00:00:00,SUM,2878,2025,O,,,,"Presupuesto N° 0014-00232475 Papelera ""LAS TRES MARIAS""Para realizar actividades varias en la casita de chocolate",000115,,1,N
2025,2936,2936,1,3066,2675,2025-05-23 00:00:00,SUM,2932,2025,O,,,,"LC Repuestos, presupuesto 0552 (fiat uno jch069)",000115,,1,N
2025,2937,2937,1,3068,2675,2025-05-23 00:00:00,SUM,2936,2025,O,,,,"LC Repuestos, prespupuesto 0551(etios AF 747PM Y LOGAN ag713zv)",000115,,1,N
2025,2938,2938,1,3069,171,2025-05-23 00:00:00,SUM,2928,2025,O,,,,"Electricidad el Gallego, presupuesto 52400",000115,,1,N
2025,2939,2939,1,3070,879,2025-05-23 00:00:00,SUM,2877,2025,O,,,,"PROV.CASA HARISGARAT PRESUP.0970,0969,0978,0973 PARA REPARACION DE CORDON CALLE 2 Y BS.AS ,VEREDAS DEL HOSPIAL ,ARREGLO CANILLAS  DEL CORRALON",000115,,1,N
2025,2940,2940,1,3071,117,2025-05-23 00:00:00,SUM,2875,2025,O,,,,"Presupuesto N° 0014-00232472 Papelera ""LAS TRES MARIAS""para Area Desarrollo Social",000115,,1,N
2026,244,244,1,245,295,2026-01-14 00:00:00,SUM,183,2026,O,,,,"PRESUPUESTO 119 CRISALDO GUZMAN BOMBA TRIFASICA PARA LLENADO TANQUE AGUA QUE ABASTECE LA GUARDIA , CONSULTORIO EXTERNOS, BAÑOS PUBLICOS",000115,,1,N
2025,5303,5256,1,5452,2843,2025-11-12 00:00:00,PRESU,6976059,2025,O,,,,"PRESUPUESTO N° X 6976059 de Rost, Tamara de ""FRUTERIA NEGRIN"" Plan Alimentario 2025",000000,,1,N
2025,5304,5257,1,5453,2843,2025-11-12 00:00:00,PRESU,6976060,2025,O,,,,"PRESUPUESTOS N° X 6976060 de Rost, Tamara de ""FRUTERIA NEGRIN"" Programa Diabéticos 2025",000000,,1,N
2025,5310,5263,1,5458,2627,2025-11-12 00:00:00,PRESU,2137,2025,O,,,,SANTA PAULA. de PENACCA SRL. PRESUPUESTO Nº 0001-00002137.HOGAR DE ANCIANOS.SEMANA DEL 3/11 AL 9/11.,000000,,1,N
2025,5312,5266,1,5455,413,2025-11-12 00:00:00,PRESU,3894,2025,O,,,,NEUMATICOS PASO. AGUSTIN PASO. PRESUPUESTO Nº 0001-00003894.FORD KA  AC 548 KJ.,000000,,1,N
2025,5314,5268,1,5476,2636,2025-11-12 00:00:00,PRESU,88,2025,O,,,,"PRESUPUESTO N° 00000088 de Juan Manuel Suarez de ""CARPINTERIA DE ALUMINIO VIDRIERIA SUAREZ"" Para ventana oficina de la granja de contención",000000,,1,N
2025,5317,5267,1,5466,300,2025-11-12 00:00:00,SUM,5201,2025,O,,,,"PINTURERIA TODO COLOR. Silvia B Maistegui.PRESUPUESTO Nº 00005920.SAECTOR KINESIOLOGIA,HOGAR DE ANCIANOS Y OFICINA DE PERSONAL.",000115,,1,N
2025,5333,5286,1,5485,3297,2025-11-13 00:00:00,PRESU,6876,2025,A,2025-11-13 00:00:00,ADMINI,,Corresponde presupuesto N° 0000006876 -0000006833 BATERIAS LA PRIMERA,000000,,1,N
2025,5336,5290,1,5485,688,2025-11-13 00:00:00,PRESU,6876,2025,O,,,,Corresponde presupuesto N° 0000006876 -0000006833 BATERIAS LA PRIMERA,000000,,1,N
2025,5337,5291,1,5486,688,2025-11-13 00:00:00,PRESU,6904,2025,O,,,,Corresponde presupuesto n° 0000006904/0000006903/0000006822/0000006852/0000006857/0000006865/0000006870/0000006873- RAMOS E ISIDRO - BATERIAS LA PRIMERA,000000,,1,N
2025,5339,5293,1,5487,688,2025-11-13 00:00:00,PRESU,6896,2025,O,,,,"Ramos Osvaldo e Isidro Juan Carlos.Bateria La Primera ,presupuesto 6825,6896.Dominio Mercede Benz Sprinter EQM 607",000000,,1,N
2026,214,214,1,186,3395,2026-01-14 00:00:00,SUM,232,2026,O,,,,PROV. BATERIA  EL PELA  PRESUP.22315 BATERIA PARA PALA SDLG 936 CII58,000115,,1,N
2026,215,215,1,188,2538,2026-01-14 00:00:00,SUM,238,2026,O,,,,CORRESPONDE PRESUPUESTO RICOTTI FRANCO - CASER DOMINIO FAZ81,000115,,1,N
2026,216,216,1,189,2450,2026-01-14 00:00:00,SUM,217,2026,O,,,,"PRESUPUESTO  de Labatut, Marcelo de ""LA FRUTERIA""",000115,,1,N
2026,217,217,1,198,1266,2026-01-14 00:00:00,SUM,105,2026,O,,,," RENOVACION DE ABONO DE ALARMA, 1° CUATRIMESTRE, EXPTE 20/2025",000115,,1,N
2026,218,218,1,243,57,2026-01-14 00:00:00,SUM,146,2026,O,,,,IMPRENTA EL ARGENTINO. IRMA CRISTINA BONOMI. PRESUPUESTO Nº 548.DIAGNOSTICO POR IMAGENES.,000115,,1,N
2026,219,219,1,239,2369,2026-01-14 00:00:00,SUM,176,2026,O,,,,PROV. MERCEDES LA PLATA PRESUP.186858 REPARACION PARA IVECO PJY978,000115,,1,N
2026,220,220,1,240,313,2026-01-14 00:00:00,SUM,179,2026,O,,,,PROV. ATREUCO PUEL COMBUSTIBLE PARA MAQUINAS Y CAMIONES DE ESTA SECRETARIA,000115,,1,N
2026,221,221,1,241,1994,2026-01-14 00:00:00,SUM,182,2026,O,,,,PROV. ANDINA 1923 S.A   SERVICIO  DE FLETES PREVISION ANUAL,000115,,1,N
2026,222,223,1,223,2538,2026-01-14 00:00:00,SUM,203,2026,A,2026-01-20 00:00:00,ADMINI,,FRANCO RICOTTI - PRESUPUESTO N° 10/12/2025 MOVIL 9 DOMINIO: AB039OI,000115,,1,N
2026,224,224,1,224,1138,2026-01-14 00:00:00,SUM,195,2026,A,2026-01-28 00:00:00,ADMINI,,PEREZ JORGE- PRESUPUESTO N° 282190 (COCINA) DESDE 16/12/25 AL 23/12/25,000115,,1,N
2026,225,226,1,225,850,2026-01-14 00:00:00,SUM,198,2026,O,,,,UNO ELECTROMEDICINA- PRESUPUESTO N° 00003-00014647 (LABORATORIO DE ANALISIS),000115,,1,N
2026,228,228,1,226,3287,2026-01-14 00:00:00,SUM,204,2026,O,,,,HISPANOGRAF. PRESUPUESTO Nº 01849.BROMATOLOGIA.,000115,,1,N
2026,229,229,1,227,2595,2026-01-14 00:00:00,SUM,205,2026,O,,,,"IVANPER REPUESTOS. PRESUPUESTOS Nº 7871,8018.DOMINIOS MOVBILES: PAA 334, AA 775 QW,AE 619 QS,AG 180 HE.",000115,,1,N
2026,231,231,1,228,850,2026-01-14 00:00:00,SUM,210,2026,O,,,,UNO ELECTROMEDICINA- PRESUPUESTO N° 00003-00014651 (LABORATORIO DE ANALISIS),000115,,1,N
2026,233,233,1,229,285,2026-01-14 00:00:00,SUM,212,2026,O,,,,RADIOGAFICAOESTE- PRESUPUESTO N° 100052481 (LABORATORIO DE ANALISIS),000115,,1,N
2026,235,235,1,230,3075,2026-01-14 00:00:00,SUM,187,2026,O,,,,Corresponde presupuesto N° 0001-00000065 - Correa Lorente Juan Martin,000115,,1,N
2026,237,238,1,231,2593,2026-01-14 00:00:00,SUM,145,2026,O,,,,"PREVISION de Balleto Urrutia, Juan Agustín",000115,,1,N
2026,241,240,1,232,2330,2026-01-14 00:00:00,SUM,147,2026,O,,,,Corresponde a Previsión de Combustible del Salado -  Desarrollo Social,000115,,1,N
2026,270,271,1,285,2843,2026-01-16 00:00:00,PRESU,6065,2026,O,,,,Presupuesto N°6976065-Fruteria EL NEGRÍN de Rost Tamara Para PROGRAMA ENVION.,000000,,1,N
2026,245,245,1,246,2960,2026-01-14 00:00:00,SUM,184,2026,A,2026-02-02 00:00:00,ADMINI,,GRANJA AVICOLA LAS MARIAS EDUARDO CARACCIOLI ENTREGAS HOSPITAL Y HOGAR DE ANCIANOS,000115,,1,N
2026,246,246,1,247,441,2026-01-14 00:00:00,SUM,175,2026,O,,,,ALPA PAPELERA  PAOLA AMELIA MATIENZO PRESUPUESTO N° 3846,000115,,1,N
2026,247,247,1,248,1489,2026-01-14 00:00:00,SUM,193,2026,O,,,,"RENOVACION POLIZA DE MALA PRAXIS1° TRIMESTRE,SMG(1489)",000115,,1,N
2026,248,248,1,251,2105,2026-01-14 00:00:00,SUM,30,2026,O,,,,Previsión Cambet Jorge,000115,,1,N
2026,249,249,1,252,2593,2026-01-14 00:00:00,SUM,27,2026,O,,,,"Balletto Urrutia Juan Agustín,previsión",000115,,1,N
2026,250,250,1,253,313,2026-01-14 00:00:00,SUM,26,2026,O,,,,Atreuco  Puel S.A.,000115,,1,N
2026,253,253,1,254,5,2026-01-14 00:00:00,SUM,25,2026,O,,,,"Andres Ponsa ,previsión Caser",000115,,1,N
2026,265,266,1,291,708,2026-01-15 00:00:00,PRESU,0,2026,O,,,,"POLIZA AP N° 13246152, SANCOR SEGUROS",000000,,1,N
2026,266,267,1,271,1879,2026-01-16 00:00:00,SUM,274,2026,O,,,,RODAMIENTOS TUYU- PRESUPUESTO N° 3032 ( BROMATOLOGIA) DOMINIO: AB437WY,000115,,1,N
2026,268,270,1,283,2869,2026-01-16 00:00:00,PRESU,945,2026,O,,,,MADA POY- PRESUPUESTO N° 0001-00000945 (COCINA) DESDE 26/12/25 AL 1/01/26,000000,,1,N
2026,269,269,1,272,1440,2026-01-16 00:00:00,SUM,271,2026,O,,,,QUALIMED- PRESUPUESTO N° 88 (FARMACIA),000115,,1,N
2026,303,304,1,323,2330,2026-01-19 00:00:00,SUM,328,2026,O,,,,PROV. COMBUSTIBLE DEL SALADO- SEC PRODUCCION- PREVISION,000115,,1,N
2026,273,274,1,273,1879,2026-01-16 00:00:00,SUM,275,2026,O,,,,RODAMIENTOS TUYU- PRESUPUESTO N° 3034 DOMINIO: KYV365,000115,,1,N
2026,281,282,1,274,441,2026-01-16 00:00:00,SUM,282,2026,A,2026-01-16 00:00:00,ERROR,,"PAPELERA ALPA. PAOLA AMELIA MATIENZO.,PRESUPUESTOS Nº 0002-00003848, 00003849.COCINA HOSPITAL, QUIROFANO.",000115,,1,N
2026,283,284,1,275,2209,2026-01-16 00:00:00,SUM,308,2026,O,,,,DURANTE JAVIER- PRESUPUESTO N° 0001-00000821 (HOGAR DE ANCIANOS) DESDE 23/12/25 AL 26/12/25,000115,,1,N
2026,284,286,1,276,527,2026-01-16 00:00:00,SUM,301,2026,O,,,,SERVIMED- PRESUPUESTO N° 7045/26 R (UTI),000115,,1,N
2026,286,287,1,322,2770,2026-01-16 00:00:00,PRESU,798,2026,O,,,,"PRESUPUESTO 798, MARTIN FERNANDO HIJO",000000,,1,N
2026,304,305,1,325,2627,2026-01-19 00:00:00,SUM,314,2026,O,,,,SANTA PAULA- PRESUPUESTO N° 0001-00002166 (COCINA) DESDE EL 13/01/26 AL 20/01/26,000115,,1,N
2026,306,307,1,326,1259,2026-01-19 00:00:00,SUM,315,2026,O,,,,ELECTRO DANNUNZIO. SUC DE DANNUNZIO JORGE N. PRESUPUESTO Nº 00029883.BROMATOLOGIA.,000115,,1,N
2026,308,309,1,328,2209,2026-01-19 00:00:00,SUM,313,2026,O,,,,DURANTE JAVIER- PRESUPUESTO N° 0001-00000835 (HOGAR DE ANCIANOS) DESDE EL 29/11/25 AL 29/12/25,000115,,1,N
2025,4105,4072,1,4219,158,2025-08-04 00:00:00,PRESU,901,2025,O,,,,FARMACIA SOTO- PRESUPUESTO N°  901 MEDICAMENTOS DISPENSADOS DESDE EL 19/07/2025 AL 26/07/2025,000000,,1,N
2025,4106,4073,1,4218,125,2025-08-04 00:00:00,PRESU,0,2025,O,,,,FARMACIA GIORGI- PRESUPUESTO S/N°  MEDICAMENTOS DISPENSADOS DESDE EL 8/07/2025 AL 23/07/2025,000000,,1,N
2025,4144,4111,1,4257,692,2025-08-06 00:00:00,SUM,4121,2025,O,,,,Maiolo  Isabel Expte 2343/2025 Visita  Unión  Industrial Argentina,000115,,1,N
2025,4145,4112,1,4275,3373,2025-08-06 00:00:00,SUM,4124,2025,O,,,, Expte.2285/2025 .Salvarezza Celina.,000001,,1,N
2025,4146,4114,1,4283,345,2025-08-07 00:00:00,SUM,4084,2025,O,,,,AZCUENAGA- PRESUPUESTO N° 00002-00052779 (FARMACIA),000115,,1,N
2025,4152,4120,1,4282,57,2025-08-07 00:00:00,SUM,4083,2025,O,,,,EL ARGENTINO- PRESUPUESTO N° 530/531 ( SAMO- MATERNIDAD),000115,,1,N
2025,4156,4123,1,4271,3322,2025-08-07 00:00:00,SUM,4061,2025,O,,,,PINAMAR HIGIENE INSTITUCIONAL- PRESUPUESTO N° 0016-00001849/1862 (PORTERIA),000115,,1,N
2025,4161,4128,1,4293,1259,2025-08-07 00:00:00,SUM,3999,2025,O,,,,"ELECTRO DANNUNZIO - PRESUPUESTO N° 28758 (CAPS NORTE, CIC, ONCOLOGIA)",000115,,1,N
2025,4163,4130,1,4290,3322,2025-08-07 00:00:00,SUM,4044,2025,O,,,,PINAMAR HIGIENE INSTITUCIONAL SRL- PRESUPUESTO N° 0016-00001897 (LAVADERO),000115,,1,N
2025,4178,4145,1,4287,2501,2025-08-07 00:00:00,SUM,4069,2025,O,,,,PROV.MALDONADO GERMAN PRESUP.05/08/2025 TRABAJO DE HERRERIA REPARACION D DE TRAVESAÑO DE HIDROGRUA AF947IN Y BRAZOS DE LUMINARIA CALLE RIVADAVIA,000115,,1,N
2025,4180,4147,1,4279,1259,2025-08-07 00:00:00,SUM,4067,2025,O,,,,Corresponde presupuesto N° 00028816 - Suc. Dannunzio,000115,,1,N
2025,4181,4148,1,4274,1259,2025-08-07 00:00:00,SUM,4063,2025,O,,,,Corresponde presupuesto N° 00028792 - SUC. DANNUNZIO,000115,,1,N
2025,4183,4150,1,4302,2218,2025-08-07 00:00:00,SUM,4143,2025,O,,,,Expte 54/2025 Contatación Alonso Leandro Martin,000115,,1,N
2025,4184,4151,1,4267,71,2025-08-07 00:00:00,SUM,3965,2025,O,,,,"Iriarte Raúl Alberto,presupuesto 14873.",000115,,1,N
2025,4185,4152,1,4253,71,2025-08-07 00:00:00,SUM,4057,2025,O,,,,"Iriarte Raúl,presupuesto 15258,15259.",000115,,1,N
2025,4257,4226,1,4391,1002,2025-08-12 00:00:00,SUM,4196,2025,O,,,,Melón Gil María Elena.Expte. 1649/25 Días de las Infancias.,000115,,1,N
2025,4260,4229,1,4376,345,2025-08-12 00:00:00,SUM,4162,2025,A,2025-08-12 00:00:00,ERROR,,"PRESUPUESTO N° X 7390224 de Peyrano, Sergio de ""Atmósferico La Primera""",000115,,1,N
2025,4261,4230,1,4377,3322,2025-08-12 00:00:00,SUM,4147,2025,O,,,,PINAMAR HIGIENE INSTITUCIONAL SRL - PRESUPUESTO N° 0016-00001920 (LAVADERO),000115,,1,N
2025,4262,4231,1,4378,917,2025-08-12 00:00:00,SUM,4148,2025,A,2025-08-12 00:00:00,ERROR,,MADA POY SA- PRESUPUESTO N° 0001-00000864 (COCINA),000115,,1,N
2025,4263,4232,1,4380,216,2025-08-12 00:00:00,SUM,4149,2025,O,,,,FAE- PRESUPUESTO N° 4921533 (OFFICE MUCAMAS),000115,,1,N
2025,4266,4235,1,4381,771,2025-08-12 00:00:00,SUM,4155,2025,O,,,,ALFA CENTAURO SA- PRESUPUESTO N° 4/08/2025 (FARMACIA),000115,,1,N
2025,4276,4231,1,4378,2869,2025-08-12 00:00:00,SUM,4148,2025,O,,,,MADA POY SA- PRESUPUESTO N° 0001-00000864 (COCINA),000115,,1,N
2025,4277,4245,1,4393,345,2025-08-12 00:00:00,SUM,4146,2025,O,,,,AZCUENAGA- PRESUPUESTO N° 00002-00052804 (QUIROFANO),000115,,1,N
2025,4278,4246,1,4376,68,2025-08-12 00:00:00,SUM,4162,2025,O,,,,"PRESUPUESTO N° X 7390224 de Peyrano, Sergio de ""Atmósferico La Primera""",000115,,1,N
2025,4434,4402,1,4564,527,2025-08-27 00:00:00,SUM,4342,2025,O,,,,SERVIMED- PRESUPUESTO N° 8320/25 (UTI),000115,,1,N
2025,4435,4403,1,4569,3356,2025-08-27 00:00:00,SUM,4338,2025,O,,,,PEREZ JORGE- PRESUPUESTO N° 282172/282175  HOGAR DE ANCIANOS,000115,,1,N
2025,4436,4405,1,4567,1440,2025-08-27 00:00:00,SUM,4339,2025,O,,,,QUALIMED- PRESUPUESTO N° 70 (RAYOS),000115,,1,N
2025,4437,4404,1,4562,2627,2025-08-27 00:00:00,SUM,4346,2025,O,,,,SANTA PAULA-  PRESUPUESTO N° 0001-00002101/2104  (HOSPITAL Y HOGAR),000115,,1,N
2025,4438,4406,1,4565,1573,2025-08-27 00:00:00,SUM,4341,2025,O,,,,DROGUERIA ALBERDI- PRESUPUESTO N° 14/08/25 (FARMACIA),000115,,1,N
2025,4439,4407,1,4559,125,2025-08-27 00:00:00,SUM,4325,2025,O,,,,FARMACIA GIORGI-  PRESUPUESTO S/N° MEDICAMENTOS DISPENSADOS DESDE EL 11/08/25 AL 19/08/25,000115,,1,N
2025,4440,4408,1,4568,3356,2025-08-27 00:00:00,SUM,4337,2025,O,,,,PEREZ JORGE- PRESUPUESTO N° 282171 (COCINA DEL HOSPITAL),000115,,1,N
2025,4441,4409,1,4566,2878,2025-08-27 00:00:00,SUM,4340,2025,O,,,,LOPEZ LEONARDO- PRESUPUESTO N° 21/08/2025 (MATERNIDAD-LABORATORIO),000115,,1,N
2025,4442,4410,1,4572,2001,2025-08-27 00:00:00,SUM,4324,2025,O,,,,FARMACIA TONANI- PRESUPUESTO S/N° MEDICAMENTOS DISPENSADOS DESDE EL 4/08/25 AL 12/08/25,000115,,1,N
2025,4443,4411,1,4571,2209,2025-08-27 00:00:00,SUM,4323,2025,O,,,,"JAVIER DURANTE, N° PRES x 0001-00000743",000115,,1,N
2025,4444,4412,1,4570,441,2025-08-27 00:00:00,SUM,4317,2025,O,,,,ALPA N° PRES. 0002-00003745/0002-00003746,000115,,1,N
2025,4445,4413,1,4563,655,2025-08-27 00:00:00,SUM,4343,2025,O,,,,BAZAR DEL GASTRONOMICO- PRESUPUESTO N° 6-00007437 (COCINA DEL HOGAR DE ANCIANOS),000115,,1,N
2025,4446,4414,1,4573,2157,2025-08-27 00:00:00,SUM,4375,2025,O,,,,Corresponde presupuesto IMPRESOS PRINTER,000115,,1,N
2025,4508,4475,1,4638,3322,2025-09-02 00:00:00,SUM,4382,2025,O,,,,"PINAMAR HIGIENE INSTITUCIONAL S.R.L , N° PRESUPUESTO 0016-00001933, LAVADERO",000115,,1,N
2025,4509,4476,1,4639,2958,2025-09-02 00:00:00,SUM,4367,2025,O,,,,"AVICOLA DEL TUYU,  PRESUPUESTO N° 0008-00003815, COCINA",000115,,1,N
2025,4510,4477,1,4633,158,2025-09-02 00:00:00,SUM,4397,2025,O,,,,FARMACIA SOTO- PRESUPUESTO N° 908 MEDICAMENTOS DISPENSADOS DESDE el 29/07/2025 al 22/08/2025,000115,,1,N
2025,4511,4478,1,4632,345,2025-09-02 00:00:00,SUM,4401,2025,O,,,,DROGUERIA AZCUENAGA- PRESUPUESTO N° 00002-00053198 (FARMACIA),000115,,1,N
2025,4596,4560,1,4757,167,2025-09-09 00:00:00,SUM,4479,2025,O,,,,"TODO POLLO, PRESUPUESTO N° 00000029",000115,,1,N
2025,4597,4561,1,4754,3322,2025-09-09 00:00:00,SUM,4518,2025,O,,,,"PINAMAR HIGIENE INSTITUCIONAL SRL, N° PRESUP 0016-00001964",000115,,1,N
2025,4599,4563,1,4751,3287,2025-09-09 00:00:00,SUM,4525,2025,A,2025-09-11 00:00:00,ADMINI,,"Encendido Avellaneda, presupuesto 6986 (matafuegos de todas las oficinas dependientes de seguridad)",000115,,1,N
2025,4600,4564,1,4737,3398,2025-09-09 00:00:00,SUM,4489,2025,O,,,,PROV.CHAYE SRL PRESUP.0042 PARA TRACTOR JONH DEERE BNA17,000115,,1,N
2025,4602,4566,1,4736,2001,2025-09-09 00:00:00,SUM,4481,2025,O,,,,FARMACIA TONANI - PRESUPUESTO S/N° MEDICAMENTOS DISPENSADOS DESDE EL 23/08/25 AL 28/08/25,000115,,1,N
2025,4604,4568,1,4735,1440,2025-09-09 00:00:00,SUM,4494,2025,O,,,,QUALIMED S.A- PRESUPUESTO N° 68 (FARMACIA),000115,,1,N
2025,4607,4571,1,4734,2958,2025-09-09 00:00:00,SUM,4495,2025,O,,,,AVICOLA DEL TUYU DE VICTOR ANDERS- PRESUPUESTO N° 0008-00003819 (HOGAR DE ANCIANOS),000115,,1,N
2025,4609,4573,1,4733,2958,2025-09-09 00:00:00,SUM,4484,2025,O,,,,AVICOLA DEL TUYU DE VICTOR ANDERS- PRESUPUESTO N° 0008-00003821 (COCINA),000115,,1,N
2025,4611,4575,1,4727,452,2025-09-09 00:00:00,SUM,4517,2025,O,,,,"PRESUPUESTO 2141, ABDO JOSE",000115,,1,N
2025,4613,4577,1,4728,717,2025-09-09 00:00:00,SUM,4506,2025,O,,,,PROVEEDURIA LA ILUSION- PRESUPUESTO N° 36350 (COCINA),000115,,1,N
2025,4616,4580,1,4729,688,2025-09-09 00:00:00,SUM,4505,2025,O,,,,BATERIAS LA PRIMERA- PRESUPUESTO N° 6772 (DOMINIO AF545GL),000115,,1,N
2025,4624,4588,1,4725,2627,2025-09-10 00:00:00,PRESU,2110,2025,O,,,,SANTA PAULA- PRESUPUESTO N° 0001-00002110 (HOGAR DE ANCIANOS),000000,,1,N
2025,4626,4590,1,4726,2883,2025-09-10 00:00:00,PRESU,0,2025,O,,,,INSUMOS GENERALES 3 F- PRESUPUESTO N° 2/09/2025 (FARMACIA),000000,,1,N
2025,4628,4592,1,4743,300,2025-09-10 00:00:00,PRESU,5545,2025,O,,,,"Presupuesto N° 00005545-Pintureria-Ferretería ""TODO COLOR"" Para: borcegos personal de la cuadrilla, herramientas varias para uso de la cuadrilla y  para la realizacion de cartelería  señalética para Accesibilidad",000000,,1,N
2025,4629,4593,1,4742,2302,2025-09-10 00:00:00,PRESU,0,2025,O,,,,DGM OFFICE SUPPLEIS- PRESUPUESTO N° 4/09/2025 (HOSPITAL),000000,,1,N
2025,5217,5182,1,5369,71,2025-11-03 00:00:00,SUM,5105,2025,O,,,,PROV.RAUL IRIARTE PRESUP.15287 HERRAMIETAS PARA   TALLER MECANICO CORRALON,000115,,1,N
2025,4108,4075,1,4220,141,2025-08-04 00:00:00,PRESU,0,2025,O,,,,PRESUPUESTO SIN N° - PINTURERIA SAGITARIO / MATERIALES PARA TRABAJOS DE PINTURA EN EL POLIDEPORTIVO MUNICIPAL,000000,,1,N
2025,4109,4076,1,4221,141,2025-08-04 00:00:00,PRESU,0,2025,O,,,,PRESUPUESTO SIN N° - SAGITARIO / MATERIALES PARA TRABAJOS DE PINTURAS EN EL POLIDEPORTIVO MUNICIPAL,000000,,1,N
2025,4110,4077,1,4222,141,2025-08-04 00:00:00,PRESU,0,2025,O,,,,PRESUPUESTO SIN N° - PINTURERIA SAGITARIO S.A / MATERIALES PARA TRABAJOS DE PINTURA EN EL POLIDEPORTIVO MUNICIPAL,000000,,1,N
2025,4111,4078,1,4223,850,2025-08-04 00:00:00,PRESU,13133,2025,O,,,,UNO ELECTROMEDICINA - PRESUPUESTO N° 00003-00013133 (LABORATORIO),000000,,1,N
2025,4112,4079,1,4224,850,2025-08-04 00:00:00,PRESU,13132,2025,O,,,,UNO ELECTROMEDICINA- PRESUPUESTO N° 00003-00013132 ( LABORATORIO),000000,,1,N
2025,4113,4080,1,4239,527,2025-08-04 00:00:00,PRESU,8170,2025,O,,,,SERVIMED- PRESUPUESTO N° 8170/25 (TERAPIA),000000,,1,N
2025,4114,4081,1,4236,3452,2025-08-04 00:00:00,PRESU,1770,2025,O,,,,"presupuesto n° 00001770  Panaderia ""La Union""// Esfuerzo Solidario",000000,,1,N
2025,4115,4082,1,4233,3395,2025-08-04 00:00:00,PRESU,4702,2025,O,,,,PROV.BATERIA EL PELA PRES4702 BATERIA PARA TRACTOR HUSQVARNA,000000,,1,N
2025,4116,4083,1,4230,2779,2025-08-04 00:00:00,PRESU,0,2025,O,,,,"PROV.NICOLAS ETCHEVERRIGARAY PRESP.31/07/2025 REPARACION DE MAQUINAS CORTA PASTO MOTOSIERRA ,MOTOGUADAÑA",000000,,1,N
2025,4123,4090,1,4242,1514,2025-08-04 00:00:00,PRESU,0,2025,O,,,,PROV. CASA ELICEIRY GAS OIL PARA MAQUINAS Y VEHICULSO  DE ESTA SECRETARIA,000000,,1,N
2025,4124,4091,1,4241,2921,2025-08-04 00:00:00,PRESU,0,2025,O,,,,Azul Confecciones de Alfano Anibal Oscar - delantales pasa 8° edicion concurso de asadores,000000,,1,N
2025,4129,4096,1,4243,3465,2025-08-04 00:00:00,PRESU,0,2025,O,,,, PROV. MEDINA LILIANA NOEMI . PRESU. 31/07/2025- SEC. PRODUCCION- TALLER TEXTIL,000000,,1,N
2025,4130,4097,1,4244,2643,2025-08-05 00:00:00,PRESU,153,2025,O,,,,"PRESUPUESTO 153, EMPRESA 12 DE OCTUBRE",000000,,1,N
2025,4131,4098,1,4207,57,2025-08-05 00:00:00,PRESU,527,2025,O,,,,Corresponde presupuesto N° 000527- BONOMI IRMA,000000,,1,N
2025,4132,4099,1,4246,2869,2025-08-05 00:00:00,PRESU,862,2022,O,,,,MADA POY - PRESUPUESTO N° 0001-00000862 (HOGAR DE ANCIANOS),000000,,1,N
2025,4133,4100,1,4247,717,2025-08-05 00:00:00,PRESU,36345,2025,O,,,,PROVEEDURIA LA ILUSION- PRESUPUESTO N° 36345 (COCINA),000000,,1,N
2025,4134,4101,1,4245,163,2025-08-05 00:00:00,PRESU,9125,2025,O,,,,"PRESUPUESTO 078-9125, DISTEFANO ALFIO",000000,,1,N
2025,4135,4102,1,4250,1879,2025-08-05 00:00:00,PRESU,3021,2025,O,,,,RODAMIENTOS TUYU- PRESUPUESTO N° 3021 (BROMATOLOGIA) DOMINIO AB437WY,000000,,1,N
2025,4136,4103,1,4252,2652,2025-08-06 00:00:00,PRESU,0,2025,O,,,,"PRESUPUESTO DEL 05/08,BRAVO",000000,,1,N
2025,4137,4104,1,4251,1002,2025-08-06 00:00:00,PRESU,3,2025,O,,,,"PRESUPUESTO 0000, MELON GIL MARIA ELENA",000000,,1,N
2025,4256,4225,1,4367,71,2025-08-12 00:00:00,SUM,4126,2025,O,,,,PRESUPUESTO N° 14878 - CAMPO Y CIUDAD / MATERIALES PARA TRABAJOS EN EL POLIDEPORTIVO MUNICIPAL,000115,,1,N
2025,4258,4227,1,4366,2406,2025-08-12 00:00:00,SUM,4127,2025,O,,,,PRESUPUESTO N° 10015 - BAIGORRIA MARTIN MIGUEL / PINTURA PARA TALLER DE PLASTICA EN COLONIA DE INVIERNO,000115,,1,N
2025,4259,4228,1,4368,3390,2025-08-12 00:00:00,SUM,4151,2025,O,,,,"PRESUPUESTO N° X 0001-00000050 de Norberto Martín Rodriguez de ""Alta Morena""",000115,,1,N
2025,4265,4234,1,4395,3525,2025-08-12 00:00:00,SUM,4200,2025,O,,,,Corresponde Expte N° 2206/2025 - MONTOYA ELSA GLADYS,000115,,1,N
2025,4267,4236,1,4382,1078,2025-08-12 00:00:00,SUM,4158,2025,O,,,,OPAZO DANIEL- PRESUPUESTO N° 5/08/2025 (TOMOGRAFO- ACCION SOCIAL),000115,,1,N
2025,4268,4237,1,4384,1943,2025-08-12 00:00:00,RESOL,4163,2025,O,,,,B GATE- PRESUPUESTO N° 0005-00006653 (PLANTA DE OXIGENO),000115,,1,N
2025,4269,4238,1,4383,527,2025-08-12 00:00:00,SUM,4159,2025,O,,,,SERVIMED- PRESUPUESTO N° 8200/25 (PLAN SUMAR) QUIROFANO,000115,,1,N
2025,4270,4239,1,4385,395,2025-08-12 00:00:00,SUM,4161,2025,O,,,,LABORATORIO BIOQUIMICO MAR DEL PLATA S.A - PRESUPUESTO S/N° PRACTICAS DE LABORATORIO DE ALTA COMPLEJIDAD REALIZADAS EN EL MES DE JULIO/2025,000115,,1,N
2025,4792,4754,1,4923,2209,2025-09-24 00:00:00,PRESU,0,2025,O,,,,"PREVISION de Durante Javier de la ""DISTRIBUIDORA DEL SUDESTE"" Para la granja de contención",000000,,1,N
2025,4793,4757,1,4890,1879,2025-09-24 00:00:00,PRESU,3026,2025,O,,,,RODAMIENTOS TUYU N° PRESUP 00003026.DOMINIO AC 548 KJ.,000000,,1,N
2025,4794,4758,1,4925,3364,2025-09-24 00:00:00,PRESU,0,2025,O,,,,Matias Ligari. Alquiler de baños quimicos para concurso de asadores y feria gastronomica 2025.,000000,,1,N
2025,4795,4759,1,4932,2595,2025-09-24 00:00:00,PRESU,7297,2025,O,,,,"PROV.IVAN PERICO PRESUP.7297 REPUESTOS PARA VW 17220 LED010, COLECTIVO LAN557  FORD 14000 DMI232",000000,,1,N
2025,4797,4761,1,4933,850,2025-09-24 00:00:00,PRESU,13741,2025,O,,,,UNO ELECTROMEDICINA - PRESUPUESTO N° 00003-00013741 (LABORATORIO DE ANALISIS),000000,,1,N
2025,4799,4763,1,4927,2426,2025-09-24 00:00:00,PRESU,0,2025,O,,,,Carlos Orozco - Show concurso de asadores 2025,000000,,1,N
2025,4801,4765,1,4930,2595,2025-09-24 00:00:00,PRESU,7216,2025,O,,,,"Ivanper, presupuesto 7216 (AF173LN)",000000,,1,N
2025,4802,4766,1,4931,3296,2025-09-24 00:00:00,PRESU,2792,2025,O,,,,Exp.:3585/24 Ejecución/Reparación Rampas - Esquinas céntricas - Prov.:Pintureria Concepto - Presup.:02792,000000,,1,N
2025,4812,4776,1,4953,33,2025-09-24 00:00:00,PRESU,128787,2025,O,,,,"PRESUPUESTO 000, PROVINCIA SEGUROS S.A",000000,,1,N
2025,4847,4811,1,4988,2784,2025-09-26 00:00:00,PRESU,81819,2025,O,,,,"PRESUPUESTO 00013-00081819, NORDEMAQ",000000,,1,N
2025,5218,5183,1,5368,71,2025-11-03 00:00:00,SUM,5104,2025,O,,,,PROV.RAUL IRIARTE PRESUP.15257 PARA ARREGLO EN CORRALON MUNICIPAL,000115,,1,N
2025,5219,5184,1,5367,71,2025-11-03 00:00:00,SUM,5103,2025,O,,,,PROV.RAUL IRIARTE PRESUP.15269 ARTICULOS DE FERRETERIA PARA ARREGLOS VARIOS,000115,,1,N
2025,5220,5185,1,5365,71,2025-11-03 00:00:00,SUM,5099,2025,O,,,,PROV. RAUL IRIARTE PRESUP.15280 REPUESTOS PARA REPARACION DE BOMBEADOR DE BARRIO KENNEDY,000115,,1,N
2025,5221,5186,1,5366,71,2025-11-03 00:00:00,SUM,5101,2025,O,,,,PROV.RAUL IRIARTEPRESUP.15274 HERRAMIENTAS E INSUMOS PARA ARREGLOS GENERALES,000001,,1,N
2025,5223,5188,1,5386,285,2025-11-04 00:00:00,SUM,5119,2025,O,,,,RADIOGRAFICAOESTE- PRESUPUESTO N° 100051511(LABORATORIO DE ANALISIS),000115,,1,N
2025,5224,5189,1,5387,2883,2025-11-04 00:00:00,SUM,5117,2025,O,,,,INSUMOS GENERALES 3F- PRESUPUESTO N° 28/10/2025 (FARMACIA),000115,,1,N
2025,5225,5190,1,5388,3322,2025-11-04 00:00:00,SUM,5112,2025,O,,,,PINAMAR HIGIENE INSTITUCIONAL S.R.L.PRESUPUESTO Nº 0016-00002077.COCINA HOSPITAL.,000115,,1,N
2025,5226,5191,1,5389,3322,2025-11-04 00:00:00,SUM,5113,2025,O,,,,PINAMAR HIGIENE INSTITUCIONAL S.R.L.PRESUPUESTO Nº 0016-00002078.MUCAMAS.,000001,,1,N
2025,5227,5192,1,5390,3322,2025-11-04 00:00:00,SUM,5115,2025,O,,,,"PINAM,AR HIGIENE ISTITUCIONAL S.R.L. PRESUPUESTO Nº 0016-00002079.MUCAMAS.",000115,,1,N
2025,5239,5204,1,5409,1206,2025-11-04 00:00:00,RESOL,5162,2025,O,,,,"Grupo Núcleo ,presupuesto 42-234984",000115,,1,N
2025,5257,4899,1,5085,866,2025-11-06 00:00:00,EXPED,2866,2025,O,,,,LICITACION PRIVADA DE MEDICAMENTOS E INSUMOS DESCARABLES N°,CTACTE,,1,N
2025,5258,4899,1,5085,3184,2025-11-06 00:00:00,EXPED,2866,2025,O,,,,LICITACION PRIVADA DE MEDICAMENTOS E INSUMOS DESCARABLES N°,CTACTE,,1,N
2025,5259,4899,1,5085,3251,2025-11-06 00:00:00,EXPED,2866,2025,O,,,,LICITACION PRIVADA DE MEDICAMENTOS E INSUMOS DESCARABLES N°,CTACTE,,1,N
2025,3661,3630,1,3813,527,2025-07-07 00:00:00,PRESU,40473,2025,O,,,,"SERVIMED- PRESUPUESTO N° 40473 (PEDIATRIA, AMBULANCIA)",000000,,1,N
2025,2830,2830,1,2966,3165,2025-05-19 00:00:00,SUM,2821,2025,O,,,,VELIBO SUPPLIES - PRESUPUESTO N° 1-7549,000115,,1,N
2025,2825,2825,1,2953,63,2025-05-19 00:00:00,SUM,2744,2025,O,,,,"PRESUPUESTO Nº X B 502-25.388 de ""Corralón Jorge N. Flores"" Para la salita de la casita de chocolate",000115,,1,N
2025,2831,2832,1,2965,85,2025-05-19 00:00:00,SUM,2822,2025,O,,,,"SORBA S.R.L.  - PRESUPUESTO N° 51-42096 (PLAN NACER, 1 OFICINA SAMO Y 1 OFICINA ADMISION DE IMAGENES)",000115,,1,N
2025,2833,2834,1,2967,2325,2025-05-19 00:00:00,SUM,2835,2025,O,,,,"JAVIER MICHIA. GASISTA. TRABAJO EN COCINA HOGAR DE ANCIANOS,.",000115,,1,N
2025,2835,2835,1,2963,866,2025-05-19 00:00:00,SUM,2819,2025,O,,,,PILOÑA - PRESUPUESTO N° 4-181027 Y 4-181094,000115,,1,N
2025,2837,2837,1,2959,2770,2025-05-19 00:00:00,SUM,2805,2025,O,,,,"COMPUTACION SYSTEC. FERNANDO MARTIN. DIRECCION MEDICA E INFORMATICA.PRESUPUESTOS Nº 0709,0710.",000115,,1,N
2025,2839,2839,1,2956,2846,2025-05-19 00:00:00,SUM,2813,2025,O,,,,CUELI MIGUEL - PRESUPUESTO N° 1-151,000115,,1,N
2025,2843,2843,1,2941,300,2025-05-19 00:00:00,SUM,2781,2025,O,,,,Exp.:1861/15 Construccion 36 Viviendas - Prov.:Todo Color - Presup.:04636,000115,,1,N
2025,2845,2845,1,2938,2770,2025-05-19 00:00:00,SUM,2706,2025,O,,,,COMPUTACION SYSTEC - PRESUPUESTO N° 698,000115,,1,N
2025,2854,2854,1,2935,1578,2025-05-19 00:00:00,SUM,2703,2025,O,,,,PRODUCTOS COLOMBRARO - PRESUPUESTO N° 1-353,000115,,1,N
2025,2855,2855,1,2932,3322,2025-05-19 00:00:00,SUM,2764,2025,O,,,,PINAMAR HIGIENE INSTITUCIONAL - PRESUPUESTO N° 16-1763,000115,,1,N
2025,2856,2856,1,2930,2209,2025-05-19 00:00:00,SUM,2762,2025,O,,,,DURANTE JAVIER - PRESUPUESTO N° 1-686,000115,,1,N
2025,2857,2857,1,2926,2627,2025-05-19 00:00:00,SUM,2758,2025,O,,,,SANTA PAULA - PRESUPUESTO N° 1-2062,000115,,1,N
2025,2858,2858,1,2923,2595,2025-05-19 00:00:00,SUM,2787,2025,O,,,,"Ivanper, rpesupuesto 6333, (kyv375, 038fh, af428nh, af245cy)",000115,,1,N
2025,2859,2859,1,2920,1259,2025-05-19 00:00:00,SUM,2757,2025,O,,,,"Electro Dannunzio, presupuestos 28222 - 28238 (para com )",000115,,1,N
2025,2860,2860,1,2917,300,2025-05-19 00:00:00,SUM,2748,2025,O,,,,"Pintureria Todo Color, presupuesto 5203 (cinta de peligro para transito, el resto de los elementos utilizados por mantenimiento)",000115,,1,N
2025,2861,2861,1,2914,1259,2025-05-19 00:00:00,SUM,2659,2025,O,,,,Electro Dannunzio- presupuestos 28138-28186-28125 (utilizado por el personal de tecnica del COM),000115,,1,N
2025,3187,3177,1,3311,285,2025-06-09 00:00:00,PRESU,49150,2025,O,,,,RADIOGRAFICAOESTE- PRESUPUESTO N° 100049150 LABORATORIO DE ANALISIS,000000,,1,N
2025,3190,3188,1,3312,2627,2025-06-09 00:00:00,PRESU,2072,2025,O,,,,"SANTA PAULA , REMITO 0001-00002072, HOSPITAL",000000,,1,N
2025,3193,3189,1,3294,612,2025-06-09 00:00:00,PRESU,1270,2025,O,,,,MARZULLO COMPUTACION- PRESUPUESTO N° 0001-00001270 INFORMATICA,000000,,1,N
2025,3209,3204,1,3295,1603,2025-06-09 00:00:00,PRESU,1342364,2025,O,,,,GARCIA GLADYS PANADERIA ALEM- PRESUPUESTO N° 1342364 HOSPITAL Y HOGAR DE ANCIANOS,000000,,1,N
2025,3210,3205,1,3296,87,2025-06-09 00:00:00,PRESU,0,2025,O,,,,DROGUERIA DANA- PRESUPUESTO N° 29/05/2025 FARMACIA,000000,,1,N
2025,3211,3207,1,3298,2883,2025-06-09 00:00:00,PRESU,0,2025,O,,,,INSUMOS GENERALES 3F- PRESUPUESTO N° 30/05/2025 FARMACIA,000000,,1,N
2025,3213,3208,1,3299,1876,2025-06-09 00:00:00,PRESU,150800,2025,O,,,,MAX CONTINETAL - PRESUPUESTO N° 0001-00150800 FARMACIA,000000,,1,N
2025,3215,3209,1,3321,1517,2025-06-09 00:00:00,PRESU,0,2025,O,,,,PROV.CONSTRUCTORA SUR S.A CONTRATACION DE MAQUINA TIPO PALA PARA PERFILADO EN  PREDIO DISPOSOCION FINAL DE RESIDUOS SEGUN EXPT.1642/16,000000,,1,N
2025,3337,3331,1,3447,3491,2025-06-13 00:00:00,SUM,3273,2025,O,,,,Prov. F.G. Iluminacion SAS  - Presup. 0201147,000010,,1,N
2025,3355,3348,1,3458,1879,2025-06-17 00:00:00,PRESU,3010,2025,O,,,,"PROV.DANIEL ZUBIARRAIN PRESUP.3010,3011 REPUESTOS PARA  CITROEN C15 CAR748, RANGER INI856,",000000,,1,N
2025,3356,3349,1,3459,169,2025-06-17 00:00:00,PRESU,924,2025,O,,,,PROV.TERRANOVA QUIMICA PRESUP.0924 PARA FUENTE DEL BICENTENARIO,000000,,1,N
2025,3358,3351,1,3460,163,2025-06-17 00:00:00,PRESU,9074,2025,O,,,,PROV.ALFIO DISTEFANO PRESP.078-9074 REPARACION DE MOTONIVELADORA KLIA R.O517,000000,,1,N
2025,3360,3353,1,3461,3332,2025-06-17 00:00:00,PRESU,106,2025,O,,,,"Escapes Quiroga, presupuesto 0106 (fiat uno jch069)",000000,,1,N
2025,3363,3356,1,3462,441,2025-06-17 00:00:00,PRESU,2632,2025,O,,,,"Papelera Alpa, presupuesto 2632 ( hojas para las impresiones de Inspeccion)",000000,,1,N
2025,3480,3469,1,3607,2416,2025-06-25 00:00:00,PRESU,0,2025,A,2025-07-08 00:00:00,ADMINI,,"Cesvi Argentina, ADICIONAL * costo de formularios 04 por una suma de $340.000, *gestion del turno de banco de prueba por una suma de $180.000, * garantia por 12 meses (AB038FF)",000000,,1,N
2025,3483,3472,1,3601,1573,2025-06-25 00:00:00,PRESU,31826,2025,O,,,,DROGUERIA ALBERDI - PRESUPUESTO N° 31826 (FARMACIA HOSPITAL),000000,,1,N
2025,3484,3473,1,3602,3184,2025-06-25 00:00:00,PRESU,0,2025,O,,,,DROGUERIA PERDOMINICI - PRESUPUESTO S/N FECHA 18/6/25 (FARMACIA HOSPITAL),000000,,1,N
2025,3487,3475,1,3604,2883,2025-06-25 00:00:00,PRESU,0,2025,O,,,,INSUMOS GENERALES - PRESUPUESTO S/N FECHA 19/6/25 (FARMACIA HOSPITAL),000000,,1,N
2025,3489,3478,1,3603,2209,2025-06-25 00:00:00,PRESU,708,2025,A,2025-07-14 00:00:00,ADMINI,,DURANTE JAVIER - PRESUPUESTO N° 1-708 (COCINA HOSPITAL),000000,,1,N
2025,3508,3498,1,3622,2302,2025-06-26 00:00:00,PRESU,10595,2025,O,,,," PRESUPUESTO 10595, DGM DE DIEGO MARTIN SRL",000000,,1,N
2025,3509,3499,1,3624,248,2025-06-26 00:00:00,PRESU,0,2025,O,,,,Fava Shop-  tv para ser instalado en el centro de monitoreo.,000000,,1,N
2025,3555,3544,1,3668,3287,2025-07-01 00:00:00,SUM,3458,2025,O,,,,HISPANOGRAF     PRESUPUESTO N° 1792,000115,,1,N
2025,3560,3545,1,3671,3317,2025-07-01 00:00:00,SUM,3483,2025,O,,,,JOSE MANUEL ENZAGARAY    ENCUENTRO DE PAYADORES  11/07     EXPTE. N° 1811/25,000115,,1,N
2025,3562,3547,1,3672,90,2025-07-01 00:00:00,SUM,3485,2025,O,,,,"PRESUPUESTO N° X 00000022 de Lo coco, Marcelo Alejandro de ""TODO COLOR"" MAYO 2025",000115,,1,N
2025,3563,3548,1,3677,17,2025-07-01 00:00:00,SUM,3489,2025,O,,,,"PROV.LUIS LOMBARDIA PRESUP.1033 INSUMOS Y REPUESTOS PARA MAQUINAS CORTA PASTO, MOTOSIERRA",000115,,1,N
2025,3651,3621,1,3808,313,2025-07-07 00:00:00,PRESU,0,2025,O,,,,PROV. ATREUCO PUEL COMBUSTIBLES PARA MAQUINAS Y CAMIONES,000000,,1,N
2025,3652,3622,1,3809,1213,2025-07-07 00:00:00,PRESU,0,2025,O,,,,PROV.DE LAS MISIONES PRESUP.203 TABLAS DE MADERA PARA FABRICACION DE BANCOS PARA ESPACIOS PUBLICOS,000000,,1,N
2025,3654,3624,1,3810,335,2025-07-07 00:00:00,PRESU,0,2025,O,,,,"PRESUPUESTO de María Cristina Uthurburu de ""Casa Meoqui"" Sra. Vallejos  Benedicta DNI F 5.169.526 falleció el 11 de junio 2025",000000,,1,N
2025,3655,3625,1,3812,3287,2025-07-07 00:00:00,PRESU,3605,2025,O,,,,  PROV. HISPANOGRAF- Piedra Hugo . PRESU. 02/07/2025- SEC. PRODUCCION- TALLER TEXTIL,000000,,1,N
2025,3657,3627,1,3811,160,2025-07-07 00:00:00,PRESU,1097,2025,O,,,,"PRESUPUESTO N| 0001-00001097 de ""Agroveterinaria Marzullo"" Para la granja de contención",000000,,1,N
2025,3660,3631,1,3765,1259,2025-07-07 00:00:00,SUM,3621,2025,O,,,,Presupuesto 28595 Suc. Dannunzio Oficiana  Centro Cívico.,000115,,1,N
2025,3663,3633,1,3814,2306,2025-07-07 00:00:00,PRESU,0,2025,O,,,,PEREZ SANTIAGO-  PRESUPUESTO N° 1/07/2025 (QUIROFANO),000000,,1,N
2025,3670,3640,1,3791,1235,2025-07-07 00:00:00,PRESU,0,2025,O,,,," EXPTE. 3655 CUERPO 1, CAMINOS JOSE",000000,,1,N
2025,3672,3642,1,3792,1235,2025-07-07 00:00:00,PRESU,0,2025,O,,,,"EXPTE, 3655/2021 CUERPO 1, CAMINO JOSE",000000,,1,N
2025,2884,2884,1,2973,688,2025-05-21 00:00:00,SUM,2831,2025,O,,,,Corresponde presupuesto n° 06697/06678 - RAMOS E ISIDRO,000115,,1,N
2025,2885,2885,1,2974,688,2025-05-21 00:00:00,SUM,2830,2025,O,,,,CORRESPONDE PRESUPUESTO N° 06666/06681/06683/06684/06680/06676 - RAMOS E ISIDRO,000115,,1,N
2025,2886,2886,1,2970,441,2025-05-21 00:00:00,SUM,2833,2025,O,,,,Corresponde presupuesto n° 03626/03574 - MATIENZO PAOLA,000115,,1,N
2025,2887,2887,1,2971,2337,2025-05-21 00:00:00,SUM,2834,2025,O,,,,Corresponde contrato Von Saldern German - Mayo- junio,000115,,1,N
2025,2888,2888,1,2972,612,2025-05-21 00:00:00,SUM,2832,2025,O,,,,Corresponde presupuesto N° 0001-00001262 /0001-00001255 - MARZULLO JOSE,000115,,1,N
2025,2889,2889,1,2976,1235,2025-05-21 00:00:00,SUM,2862,2025,O,,,,"Camino José Luis,presupuesto 0003-0000001463",000115,,1,N
2025,2890,2890,1,2977,1477,2025-05-21 00:00:00,SUM,2838,2025,O,,,,Exp.:343/23 - Vereda Calle 33 - (EP 20 - Sec.Nº4- Jardin 902) - Prov.:Solari Federico - Presup.:Contrato,000115,,1,N
2025,2891,2891,1,2980,1477,2025-05-21 00:00:00,SUM,2836,2025,O,,,,Exp.:1811/21 PREIMBA- PROYECTO PARQUE DE LA ESTACIÓN - Prov.:Solari Federico - Presup.:Contrato,000115,,1,N
2025,2892,2892,1,2981,300,2025-05-21 00:00:00,SUM,2809,2025,O,,,,Exp.:1811/21 PREIMBA- PROYECTO PARQUE DE LA ESTACIÓN - Prov.:Todo Color - Presup.:05234;5242;5228,000115,,1,N
2025,2893,2893,1,2982,57,2025-05-21 00:00:00,SUM,2861,2025,O,,,,Corresponde presupuesto N° 000511 - BONOMI IRMA CRISTINA,000115,,1,N
2025,2894,2894,1,2983,3332,2025-05-21 00:00:00,SUM,2848,2025,O,,,,PROV.ANA PAOLA RODRIGUEZ PRESP.0099  GAS PARA MAQUINA  DE SOLDAR CORRALON MUNICIPAL,000115,,1,N
2025,2895,2895,1,2984,777,2025-05-21 00:00:00,SUM,2798,2025,O,,,,"PROV. MP REPUESTOS PRESUP.0112,0118,0119 REPUESTOS PARA FORD F100 SNG651 Y CITROEN C15 CAR748",000115,,1,N
2025,2896,2896,1,2985,2110,2025-05-21 00:00:00,SUM,2860,2025,O,,,,"Fumega Eduardo, presupesto 459",000115,,1,N
2025,2897,2897,1,2999,1743,2025-05-21 00:00:00,SUM,2864,2025,O,,,,DROGUERIA SAPORITI- PRESUPUESTO N° 805989 LABORATORIO DE MAGISTRALES,000115,,1,N
2025,2898,2899,1,2986,19,2025-05-21 00:00:00,SUM,2853,2025,O,,,,"Cimos Inocencio,presupuesto 0002-000002641",000115,,1,N
2025,2899,2900,1,2987,2892,2025-05-21 00:00:00,SUM,2851,2025,A,2025-05-22 00:00:00,ADMINI,,"Hernandez Emilia presupuesto,  00000071",000115,,1,N
2025,2901,2901,1,2988,2619,2025-05-21 00:00:00,SUM,2845,2025,O,,,,"Surgentrem julian andres castellanos, presupuesto (ARREGLO EN DESTACAMENTO MACEDO. POLICIA)",000115,,1,N
2025,2902,2902,1,2989,125,2025-05-21 00:00:00,SUM,2839,2025,O,,,,FARMACIA GIORGI- PRESUPUESTO S/N° MEDICAMENTOS DISPENSADOS DESDE EL 7/05/2025 AL 13/05/2025,000115,,1,N
2025,2903,2903,1,2990,2595,2025-05-21 00:00:00,SUM,2702,2025,O,,,,"IVANPER - PRESUPUESTO N° 6525.MOVIL 4 ( FJX 453), MOVIL 5 ( KYV 365), MOVIL 6 ( JQS 879). MOVIL 7 ( AA 775 QW), MOVIL 8 ( PAA 334) AMBULANCIAS.",000115,,1,N
2025,2904,2904,1,2991,2110,2025-05-21 00:00:00,SUM,2823,2025,O,,,,EDUARDO FUMEGA.PRESUPUESTO N458. TRABAJOS EN CAPS BELGRANO Y CIC B QUINTANILLA.,000115,,1,N
2025,2905,2905,1,2992,441,2025-05-21 00:00:00,SUM,2824,2025,O,,,,PAPELERA ALPA - PRESUPUESTO N° 2-3625,000115,,1,N
2025,2906,2906,1,2993,167,2025-05-21 00:00:00,SUM,2825,2025,O,,,,TODO POLLO - PRESUPUESTO N° 36 Y 37,000115,,1,N
2025,2907,2907,1,2994,167,2025-05-21 00:00:00,SUM,2826,2025,O,,,,BUSTAMANTE GONZALO - PRESUPUSTO N° 10409,000115,,1,N
2025,2908,2908,1,2995,2770,2025-05-21 00:00:00,SUM,2827,2025,O,,,,COMPUTACION SYSTEC - PRESUPUESTO N° 712 (ESTADISTICA SUMAR),000115,,1,N
2025,2909,2909,1,2996,1259,2025-05-21 00:00:00,SUM,2828,2025,O,,,,ELECTRO DANNUNZIO - PRESUPUESTO N° 28269,000115,,1,N
2025,2910,2910,1,2997,2209,2025-05-21 00:00:00,SUM,2829,2025,A,2025-07-14 00:00:00,ADMINI,,DURANTE JAVIER - PRESUPUESTO N° 1-689 (COCINA HOSPITAL),000115,,1,N
2025,2911,2911,1,2998,1235,2025-05-21 00:00:00,SUM,2863,2025,O,,,,"Camino José Luis,presupuesto 0003-0000001461,1462.",000115,,1,N
2025,3071,3070,1,3163,612,2025-05-30 00:00:00,SUM,3039,2025,O,,,,Presupuesto N° 0001-00001264 Proveedor Marzullo Jose,000115,,1,N
2025,3072,3072,1,3164,612,2025-05-30 00:00:00,SUM,3042,2025,O,,,,Presupuesto N° 0001-00001266 Proveedor Marzullo Jose,000115,,1,N
2025,3073,3073,1,3165,612,2025-05-30 00:00:00,SUM,3045,2025,O,,,,Presupuesto N° 0001-00001268 Proveedor Marzullo Jose,000115,,1,N
2025,3074,3074,1,3166,441,2025-05-30 00:00:00,SUM,3054,2025,O,,,,"PRESUPUESTO 3646, MATIENZO PAOLA",000115,,1,N
2025,3075,3075,1,3167,441,2025-05-30 00:00:00,SUM,3053,2025,O,,,,"PRESUPUESTO 3636, MATIENZO PAOLA",000115,,1,N
2025,3076,3076,1,3168,68,2025-05-30 00:00:00,SUM,3021,2025,O,,,,"PRESUPUESTO N° 739000217 de Sergio Peyrano de ""Atmósferico La Primera""",000115,,1,N
2025,3077,3077,1,3169,71,2025-05-30 00:00:00,SUM,3022,2025,O,,,,"PRESUPUESTOS N° 0001-00014557/15566 de Raúl Alberto Iriarte de "" Proveduría CAMPO Y CIUDAD"" Para aréa de Prestaciones y granja de contención",000115,,1,N
2025,3078,3078,1,3170,717,2025-05-30 00:00:00,SUM,3024,2025,O,,,,"PRESUPUESTO N| X 036339 de Marina Irene Pinilla de ""Proveduría La Ilusión"" Para acto del 25 de Mayo   2025",000115,,1,N
2025,3079,3079,1,3171,3075,2025-05-30 00:00:00,SUM,2997,2025,O,,,,"JUAN MARTIN CORREA LORENTE, PRESUP. N° 0001-00000043, MUCAMAS-GUARDIA-",000115,,1,N
2025,3080,3080,1,3172,2209,2025-05-30 00:00:00,SUM,3008,2025,A,2025-10-01 00:00:00,ERROR,,"JAVIER DURANTE, N° PRESUP. x 0001- 00000686, HOSPITAL",000115,,1,N
2025,3081,3081,1,3173,2627,2025-05-30 00:00:00,SUM,3001,2025,O,,,,"SANTA PAULA, N° REMITO 0001-00002069, HOSPITAL",000115,,1,N
2025,3083,3083,1,3174,3322,2025-05-30 00:00:00,SUM,3023,2025,O,,,,"PINAMAR HIGIENE INSTITUCIONAL- PRESUPUESTO N° 0016-00001775, LAVADERO HOSPITAL",000115,,1,N
2025,3084,3084,1,3179,171,2025-05-30 00:00:00,SUM,3012,2025,O,,,,"ELECTRICIDAD EL GALLEGO, PRESUP N° 0001.0052473, BAÑOS PUBLICOS UTI",000115,,1,N
2025,3085,3085,1,3180,1259,2025-05-30 00:00:00,SUM,2996,2025,O,,,,"ELECTRO D´ANNUNZIO, PREST. N° 00028267/00028268, MATERNIDAD-GUARDIA-RAYOS-INTERNACION-CAPS B.NORTE",000115,,1,N
2025,3086,3086,1,3181,441,2025-05-30 00:00:00,SUM,3038,2025,O,,,,Corresponde presupuesto N° 0002-00003639 MATIENZO PAOLA,000115,,1,N
2025,3090,3090,1,3211,71,2025-05-30 00:00:00,SUM,3019,2025,O,,,,PROV . RAUL IRIARTE PRESUP.14569 ARTICULSO DE FERRETERIA PARA DEFENSA CIVIL,000115,,1,N
2025,3091,3091,1,3203,71,2025-05-30 00:00:00,SUM,3033,2025,O,,,,PROV. RAUL IRIARTE PRESUP.14580 ARTICULOS DE FERRETERIA PARA CORRALON MUNICIPAL,000115,,1,N
2025,3093,3093,1,3204,71,2025-05-30 00:00:00,SUM,3034,2025,O,,,,PROV.RAUL IRIARTE PRESUP.14564 ARTICULSO DE FERRETERIA PARA CORRALON MUNICIPAL,000115,,1,N
2025,3096,3097,1,3205,299,2025-05-30 00:00:00,SUM,3030,2025,O,,,,"PROV.JOSE LUIS FERNANDEZ PRESUP.0011 REPARACION DE RADIADOR FORD 14000 PATENTE ASZ490, AWK675",000115,,1,N
2025,3098,3098,1,3206,71,2025-05-30 00:00:00,SUM,3031,2025,O,,,,PROV.RAUL IRIARTE PRESUP.14585 ARTICULOS DE FERRETERIA PARA CORRALON MUNICIPAL,000115,,1,N
2025,3100,3100,1,3187,160,2025-05-30 00:00:00,SUM,3014,2025,O,,,,"AGROVETERINARIA MARZULLO, PRESUP N° 0001 00001088, BROMATOLOGIA",000115,,1,N
2025,3101,3101,1,3189,160,2025-05-30 00:00:00,SUM,3015,2025,O,,,,"AGROVETERINARIA MARZULLO, PRESUP N° 0001 00001089, BROMATOLOGIA",000115,,1,N
2025,3102,3102,1,3191,160,2025-05-30 00:00:00,SUM,3017,2025,O,,,,"AGROVETERINARIA MARZULLO, N° PRESUP 0001 00001086, BROMATOLOGIA",000115,,1,N
2025,3103,3103,1,3195,160,2025-05-30 00:00:00,SUM,3018,2025,O,,,,"AGROVETERINARIA MARZULLO, PRESUP N° 0001 00001085, BROMATOLOGIA",000115,,1,N
2025,4630,4594,1,4741,1527,2025-09-10 00:00:00,PRESU,544,2025,O,,,,"Gomeria La Diagonal, presupuesto 0543-0544 (ae704aw-af349oi-ag713zv-jwg930-oig911-nuf386-kyv375-af471zq)",000000,,1,N
2025,3696,3666,1,3780,717,2025-07-07 00:00:00,PRESU,36342,2025,O,,,,PROVEDURIA LA ILUSION - PRESUPUESTO N° 36342 (COCINA HOSPITAL),000000,,1,N
2025,3699,3669,1,3797,300,2025-07-07 00:00:00,PRESU,0,2025,O,,,,Exp.:1811/21 PREIMBA- PROYECTO PARQUE DE LA ESTACIÓN - Prov.:Todo Color - Presup.:05244,000000,,1,N
2025,3701,3671,1,3796,879,2025-07-07 00:00:00,PRESU,0,2025,O,,,,Exp.:1322/24 Energía Eléctrica Chacra II - A - 57 - Prov.:Casa Harisgarat - Presup.:01160,000000,,1,N
2025,3703,3673,1,3758,441,2025-07-07 00:00:00,PRESU,3690,2025,O,,,,PRESUPUESTO N° 03690 - ALPA MADARIAGA,000000,,1,N
2025,3705,3675,1,3759,71,2025-07-07 00:00:00,PRESU,14858,2025,O,,,,PRESUPUESTO N° 14858 - CAMPO Y CIUDAD / MATERIALES PARA TRABAJOS EN EL PREDIO MUNICIPAL Y MAQUINARIAS,000000,,1,N
2025,3707,3677,1,3760,71,2025-07-07 00:00:00,PRESU,14882,2025,O,,,,PRESUPUESTO N°14882 - CAMPO Y CIUDAD / MATERIALES PARA TRABAJOS EN EL ESTADIO MUNICIPAL FRANCISCO ALCUAZ,000000,,1,N
2025,3710,3680,1,3761,71,2025-07-07 00:00:00,PRESU,14861,2025,O,,,,PRESUPUESTO N°14861 - CAMPO Y CIUDAD,000000,,1,N
2025,3712,3682,1,3762,300,2025-07-07 00:00:00,PRESU,5521,2025,O,,,,"PRESUPUESTO N° 5521 - PINTURERIA Y FERRETERIA ""TODO COLOR"" / MATERIALES PARA TRABAJOS EN EL POLIDEPORTIVO MUNICIPAL",000000,,1,N
2025,3726,3696,1,3828,1259,2025-07-08 00:00:00,LIQSU,3659,2025,A,2025-07-14 00:00:00,ADMINI,,"Suc. Dannunzio ,presupuesto 00028595.Oficina Centro Civico Ex Juzgado.",000115,,1,N
2025,3765,3735,1,3899,3287,2025-07-11 00:00:00,SUM,3729,2025,O,,,,HISPANOGRAF    PRESUPUESTO N° 1796,000010,,1,N
2025,3811,3781,1,3907,688,2025-07-14 00:00:00,SUM,3703,2025,A,2025-07-14 00:00:00,ERROR,,PROV.BATERIAS EL PELA PRESUP.4705 BATERIAS PARA CAMION IVECO PATENTE OOI617,000115,,1,N
2025,3812,3781,1,3907,3395,2025-07-14 00:00:00,SUM,3703,2025,O,,,,PROV.BATERIAS EL PELA PRESUP.4705 BATERIAS PARA CAMION IVECO PATENTE OOI617,000115,,1,N
2025,3819,3788,1,3925,2142,2025-07-14 00:00:00,SUM,3528,2025,O,,,,Julasoft- contrato julio-diciembre,000115,,1,N
2025,3820,3789,1,3924,3233,2025-07-14 00:00:00,SUM,3529,2025,O,,,,"Viviana Rodriguez, renovacion de contrato julio- diciembre",000115,,1,N
2025,3853,3822,1,3993,2595,2025-07-17 00:00:00,SUM,3753,2025,O,,,,"IVANPER REPUESTOS - PRESUPUESTO N° 6850 (CHOFERES, MOVILES 7, 8 Y 9)",000115,,1,N
2025,3860,3830,1,3994,2595,2025-07-17 00:00:00,SUM,3752,2025,O,,,,"IVANPER REPUESTOS - PRESUPUESTO N° 6703 (CHOFERES, AMBULANCIA N°7 Y N°8)",000115,,1,N
2025,3864,3833,1,3963,1879,2025-07-17 00:00:00,SUM,3796,2025,O,,,,"Rodamientos Tuyu, presupuesto 3018 ( jwg930- ab038fh, ab038fg)",000115,,1,N
2025,3867,3837,1,3964,3220,2025-07-17 00:00:00,SUM,3794,2025,O,,,,Ricciuto (saveiro OIG911),000115,,1,N
2025,3871,3840,1,3965,1890,2025-07-17 00:00:00,SUM,3801,2025,A,2025-07-22 00:00:00,ERROR,,"Casa Blanco, presupuesto 1-189138 ( balun utilizados para reparacion de camaras-com)",000115,,1,N
2025,3886,3855,1,4001,90,2025-07-17 00:00:00,SUM,3771,2025,O,,,,"PRESUPUESTO N° X 0000025 de Lo coco, Marcelo Alejandro de ""TODO COLOR""",000115,,1,N
2025,3892,3861,1,4002,44,2025-07-17 00:00:00,SUM,3824,2025,O,,,,"PRESUPUESTO 251/252, PEDROCHE JOSE OSVALDO",000115,,1,N
2025,3893,3862,1,4003,3287,2025-07-17 00:00:00,SUM,3815,2025,O,,,,CARTELES PARA SECTOR MATERNIDAD Y PASILLO ALEDAÑO. PRESUPUESTO Nº 1807.,000115,,1,N
2025,3894,3863,1,4004,1259,2025-07-17 00:00:00,SUM,3809,2025,O,,,,"ELECTRO DANNUNZIO - PRESUPUESTO N° 28690 Y 28702 (GUARDIA, COSTURA Y MANTENIMIENTO HOSPITAL)",000115,,1,N
2025,3895,3864,1,4005,169,2025-07-17 00:00:00,SUM,3808,2025,O,,,,TERRANOVA QUIMICA - PRESUPUESTO N° 935,000115,,1,N
2025,3897,3865,1,3969,717,2025-07-17 00:00:00,SUM,3800,2025,O,,,,PROVEEDURIA LA ILUSION- PRESUPUESTO N° 36343/36344 ( HEMOTERAPIA- COCINA),000115,,1,N
2025,3898,3867,1,3970,2209,2025-07-17 00:00:00,SUM,3782,2025,O,,,,DURANTE JAVIER - PRESUPUESTO N° 1-718 Y 1-723 (HOSPITAL Y HOGAR),000115,,1,N
2025,3899,3868,1,3971,2209,2025-07-17 00:00:00,SUM,3781,2025,O,,,,DURANTE JAVIER - PRESUPUESTO N° 1-719 (COCINA HOSPITAL),000115,,1,N
2025,3901,3870,1,3966,1259,2025-07-17 00:00:00,SUM,3802,2025,O,,,,"Electro Dannunzio, presupuesto 28647",000115,,1,N
2025,3902,3871,1,3967,1879,2025-07-17 00:00:00,SUM,3795,2025,O,,,,"Rodamientos Tuyu, presupuesto 3017 (AB038FG-JWG930)",000115,,1,N
2025,3905,3874,1,4036,3527,2025-07-18 00:00:00,SUM,3843,2025,O,,,,"EXPTE.1444/25, LA RURAL S.A",000001,,1,N
2025,3911,3881,1,3121,3163,2025-07-18 00:00:00,SUM,2986,2025,O,,,,"Artec Seguridad, presupuesto 9927- (camaras para COM)",000001,,1,N
2025,4053,4021,1,4169,1569,2025-07-29 00:00:00,SUM,3990,2025,O,,,,Chalita Nicolas Antonio.Expte. 1649/25 Días de las Infancias.,000115,,1,N
2025,4055,4023,1,4183,101,2025-07-29 00:00:00,SUM,4003,2025,O,,,,Antonio Hugo.Expte 1649/25.Día de las Infancias.,000115,,1,N
2025,4056,4024,1,4181,441,2025-07-29 00:00:00,SUM,3961,2025,O,,,,Corresponde presupuesto n° 0002-00003720/00003731/00003726-  MATIENZO PAOLA,000115,,1,N
2025,4058,4026,1,4178,441,2025-07-29 00:00:00,SUM,3968,2025,O,,,,ALPA MADARIAGA     PRESUPUESTO N° 3729,000115,,1,N
2025,4059,4028,1,4179,441,2025-07-29 00:00:00,SUM,3962,2025,O,,,,ALPA MADARIAGA  PAOLA MATIENZO   PRESUPUESTO N° 3733,000115,,1,N
2025,4189,4156,1,4342,169,2025-08-08 00:00:00,SUM,4166,2025,O,,,,"Terranova ,presupuesto 000965",000115,,1,N
2025,4192,4160,1,4048,1119,2025-08-08 00:00:00,SUM,3639,2025,O,,,,"CONTRATO CON LA EMPRESA SOMA S.A EXPTE Nº 5/2025 SERVICIO DE RECOLECCION, TRANSPORTE, TRATAMIENTO Y DISPOSICION FINAL DE RESIDUOS PATOGENICOS DESDE EL 1 DE JULIO AL 30 DE SEPTIEMBRE 2025.",000115,,1,N
2025,4193,4161,1,4365,3003,2025-08-08 00:00:00,SUM,3536,2025,O,,,,HEALTHCARE SOLUTIONS S.A.CORRESPONDE AL EXPTE Nº 534/2024.,000115,,1,N
2025,4279,4247,1,4396,1527,2025-08-13 00:00:00,PRESU,540,2025,O,,,,"PRESUPUESTO 540, PEREYRA LUIS ROBERTO",000000,,1,N
2025,4280,4248,1,4397,2595,2025-08-13 00:00:00,PRESU,7125,2025,O,,,,PROV. IVAN PERICO PRESUP.7125 PARA TRACTOR JONH DEERE BNA17,000000,,1,N
2025,4281,4249,1,4398,2595,2025-08-13 00:00:00,PRESU,7004,2025,O,,,,"PROV.IVAN PERICO PRESUP.7004 REPUESTOS PARA FORD 14000 ASZ490,MEREDES BENZ 1114 TGL092, IVECO IOO617, MINICARGADORA MUSTANG BLZ66",000000,,1,N
2025,4283,4251,1,4420,3177,2025-08-13 00:00:00,SUM,4011,2025,O,,,,GUSTAVO ADOLFO FARIAS   GAF SISTEMAS    PROVEEDOR 3177,000115,,1,N
2025,4284,4252,1,4429,2810,2025-08-13 00:00:00,SUM,4231,2025,O,,,,Arriola  María T.Mercería,000115,,1,N
2025,4286,4254,1,4411,3296,2025-08-13 00:00:00,SUM,4176,2025,O,,,,Exp.:1485/25 Ref. Acta de Entrega y de Constatación de Inmueble - Juzgado de Paz Letrado Gral. Madariaga - Prov.:Pintureria Concepto - Presup.:2459;2445,000115,,1,N
2025,4289,4257,1,4400,879,2025-08-13 00:00:00,SUM,4184,2025,O,,,,"PROV.CASA HARISGARAT PRESUP.0992,1206,1186 PARA JUEGOS DE PLAZAS,VEDERE PLAZA MADARIAGA,",000115,,1,N
2025,4291,4259,1,4401,87,2025-08-13 00:00:00,SUM,4157,2025,O,,,,DROGUERIA DANA- PRESUPUESTO N° 4/08/2025 (FARMACIA),000115,,1,N
2025,4293,4261,1,4402,879,2025-08-13 00:00:00,SUM,4186,2025,O,,,,Corresponde presupuesto N° 0001-00001196-0001-0001204-0001-00001182 - TATANO HARISGARAT Arreglos en oficina de Intimaciones y Tesoreria,000115,,1,N
2025,4094,4061,1,4210,3226,2025-07-31 00:00:00,SUM,4031,2025,A,2025-08-11 00:00:00,ADMINI,,"impresora con escaner para la oficina de contaduria, ya que se escanea todas los repas y se digitaliza toda la informacion de la oficina",000115,,1,N
2026,372,374,1,382,2969,2026-01-20 00:00:00,SUM,378,2026,O,,,,Corresponde Expte n ° 26/2026 - Servicio de Publicidad- Coop. Telefonica de Pinamar,000115,,1,N
2026,373,375,1,370,3445,2026-01-20 00:00:00,EXPED,26,2026,O,,,,Corresponde Expte n ° 26/2026 - Servicio de Publicidad- Alejandro Morales,000000,,1,N
2026,374,376,1,381,41,2026-01-20 00:00:00,EXPED,26,2026,O,,,,Corresponde Expte n ° 26/2026 - Servicio de Publicidad- Calandron Samuel,000000,,1,N
2026,375,377,1,394,1214,2026-01-20 00:00:00,SUM,412,2026,O,,,,Corresponde - ALQUILER SOCIEDAD ESPAÑOLA EXPTE N°  94/2025,000115,,1,N
2026,424,427,1,456,850,2026-01-23 00:00:00,PRESU,14778,2026,O,,,,UNO ELECTROMEDICINA- PRESUPUESTO N° 00003- 00014778 (LABORATORIO DE ANALISIS),000000,,1,N
2026,437,440,1,472,850,2026-01-27 00:00:00,SUM,447,2026,O,,,,UNO ELECTROMEDICINA- PRESUPUESTO N° 00003-00014779 (LABORATORIO DE ANALISIS),000115,,1,N
2026,438,441,1,473,2883,2026-01-27 00:00:00,SUM,449,2026,O,,,,INSUMOS GENERALES 3F- PRESUPUESTO N° 19/01/2026 (FARMACIA),000115,,1,N
2026,440,443,1,474,557,2026-01-27 00:00:00,SUM,450,2026,O,,,,NORMEDICAL DE ALEJANDRO GARAY- PRESUPUESTO N° 19/01/2026 (QUIROFANO- MATERNIDAD),000115,,1,N
2026,442,445,1,475,2869,2026-01-27 00:00:00,SUM,451,2026,O,,,,MADA POY S.A- PRESUPUESTO N° 0001-00000964 (COCINA) DESDE EL 21/01/26 AL 4/02/26,000115,,1,N
2026,443,446,1,469,688,2026-01-27 00:00:00,SUM,446,2026,O,,,,BATERIAS LA PRIMERA SH. AMBULANCIA DOMINIO AB 039 OI.PRESUPUESTO Nº 0000006962.,000115,,1,N
2026,445,448,1,468,2209,2026-01-27 00:00:00,SUM,316,2026,O,,,,JAVIER DURANTE. DISTRIBUIDORA DE ALIMENTOS. PRESUPUESTO Nº 0001-00000817.COCINA HOSPITAL.,000115,,1,N
2026,446,449,1,476,285,2026-01-27 00:00:00,SUM,448,2026,O,,,,RADIOGRAFICAOESTE- PRESUPUESTO N° 100052678 (LABORATORIO DE ANALISIS),000115,,1,N
2026,448,451,1,477,3322,2026-01-27 00:00:00,SUM,436,2026,O,,,,PINAMAR HIGIENE INSTITUCIONAL SRL- PRESUPUESTO N° 0016-00002306/2307/2308/2309/2310 (COCINA- LAVADERO- MUCAMAS),000115,,1,N
2026,449,452,1,480,169,2026-01-27 00:00:00,SUM,443,2026,O,,,,"PRESUPESTO N° 001016 de Terranova Lucas Hernán de ""TERRANOVAQUÍIMICA"" Para uso de la Casita de Chocolate (repasadores, toallas, etc)",000115,,1,N
2026,450,453,1,481,169,2026-01-27 00:00:00,SUM,444,2026,O,,,,"PRESUPUESTO N° 001018 de Terranova Lucas Hernán de ""TERRANOVAQUIMICA"" Para uso en la Granja de contención (ropa, sábanas, repasadores, etc?",000115,,1,N
2026,477,480,1,526,1235,2026-01-28 00:00:00,SUM,14,2026,O,,,,"PRESUPUESTO 1611, CAMINO JOSE, EXPTE. 3655/2021 1 CUERPO",000115,,1,N
2026,478,481,1,524,1235,2026-01-28 00:00:00,SUM,16,2026,O,,,,"PRESUPUESTO 1611  ,CAMINO JOSE, EXPTE. 3665/2021 1° CUERPO",000115,,1,N
2026,480,483,1,523,1235,2026-01-28 00:00:00,SUM,19,2026,O,,,,"PRESUPUESTO 1611 , CAMINO JOSE EXPTE 3655/2021 CUERPO 1",000115,,1,N
2026,482,485,1,522,1235,2026-01-28 00:00:00,SUM,20,2026,O,,,,"PRESUPUESTO 1611 , CAMINO JOSE, EXPTE 3655/2021 CUERPO 1",000115,,1,N
2026,483,487,1,521,1235,2026-01-28 00:00:00,SUM,17,2026,O,,,,"PRESUPUESTO 1611 , CAMINO JOSE, EXPTE. 3655/2021 1° CUERPO",000115,,1,N
2026,505,509,1,539,877,2026-01-30 00:00:00,SUM,530,2026,O,,,,"PRESUPUESTO 000, TORRES GUSTAVO RODOLFO",000115,,1,N
2026,506,510,1,540,127,2026-01-30 00:00:00,SUM,529,2026,O,,,,"PRESUPUESTO 000, GOMEZ MARCOS",000115,,1,N
2026,507,352,1,350,2704,2026-01-30 00:00:00,SUM,338,2026,O,,,,"Expte 118/2026 contrato: Ruau, María carolina - Abogada Abordaje a la violencia familiar y Género. No cumple con el Art. 45 de la Ley 14.656",000115,,1,N
2026,509,512,1,542,2654,2026-01-30 00:00:00,SUM,531,2026,O,,,,EXPEDIENTE 262/26 CONTRATO BIONICS INGENIERIA S.AS DEL 01/01/26 AL 30/06/26  CHIPS MONITOREO,000115,,1,N
2026,510,513,1,543,2133,2026-01-30 00:00:00,SUM,533,2026,O,,,,EXPEDIENTE 154/2026 CONTRATO BIONUCLEAR DEL 01/01/2026 AL 31/03/2026 SERVICIO MANTENIMIENTO TOMOGRAFO,000115,,1,N
2026,512,515,1,559,2878,2026-02-02 00:00:00,SUM,460,2026,O,,,,LOPEZ LEONARDO- PRESUPUESTO N°  20/01/26 (LABORATORIO- FARMACIA),000115,,1,N
2026,513,516,1,557,441,2026-02-02 00:00:00,SUM,484,2026,O,,,,ALPA PAPELERA. PAOLA AMELIA MATIENZO.PRESUPUESTO Nº 0002-00003857.RECURSOS HUMANOS HOSPITAL.,000115,,1,N
2026,514,517,1,553,850,2026-02-02 00:00:00,SUM,495,2026,O,,,,UNO ELECTROMEDICINA- PRESUPUESTO N° 00003-00014844/14864 (LABORATORIO DE IMAGENES),000115,,1,N
2026,515,518,1,550,1259,2026-02-02 00:00:00,SUM,504,2026,O,,,,"Electro Dannunzio, presupuesto 29981-30014-300332( COM)",000115,,1,N
2026,516,519,1,544,2627,2026-02-02 00:00:00,SUM,513,2026,A,2026-02-04 00:00:00,ADMINI,,SANTA PAULA- PRESUPUESTO N° 0001-00002171 - DESDE EL 23/01/26 AL 30/01/26,000115,,1,N
2026,517,520,1,547,1259,2026-02-02 00:00:00,SUM,509,2026,O,,,,"Electro Dannunzio, presupuesto 29947 (COM)",000115,,1,N
2026,518,521,1,570,2700,2026-02-02 00:00:00,SUM,511,2026,O,,,,ARANA DIEGO- PRESUPUESTO N° 28/01/2026 (BROMATOLOGIA),000115,,1,N
2026,519,522,1,567,850,2026-02-02 00:00:00,SUM,526,2026,O,,,,UNO ELECTROMEDICINA- PRESUPUESTO N° 00003-00014884  (LABORATORIO DE ANALISIS),000115,,1,N
2026,520,523,1,564,2843,2026-02-02 00:00:00,SUM,521,2026,O,,,,"PRESUPUESTO N° X 6926953 de Rost, Tamara de ""FRUTERIA NEGRIN"" Programa Dietas 2026",000115,,1,N
2026,534,537,1,549,688,2026-02-02 00:00:00,SUM,515,2026,O,,,,"Baterias La Primera, presupuesto 6310 (JCH 069)",000115,,1,N
2026,535,538,1,546,2627,2026-02-02 00:00:00,SUM,519,2026,O,,,,SANTA PAULA- PRESUPUESTO N° 0001-00002171 - DESDE EL 23/01/26 AL 30/01/26,000115,,1,N
2026,536,539,1,554,441,2026-02-02 00:00:00,PRESU,3855,2026,O,,,,ALPA- PRESUPUESTO N° 0002-00003855 (BROMATOLOGIA),000000,,1,N
2026,537,540,1,574,2490,2026-02-02 00:00:00,PRESU,0,2026,O,,,,"PREVISION, GONZALEZ MARIA TERESA",000000,,1,N
2026,538,541,1,555,1078,2026-02-02 00:00:00,PRESU,0,2026,O,,,,OPAZO DANIEL- PRESUPUESTO N° 20/01/2026 (INTERNACION-PLANTA DE OXIGENO),000000,,1,N
2026,539,542,1,551,3165,2026-02-02 00:00:00,PRESU,10769,2026,O,,,,VELIBO SUPPLIES S.A.S- PRESUPUESTO N° 0001-00010769,000000,,1,N
2026,540,543,1,548,1879,2026-02-02 00:00:00,PRESU,3030,2026,O,,,,"Rodamientos Tuyu, presupuesto 3030 (OIG 911- AF173LP-AF245CY)",000000,,1,N
2026,541,544,1,545,717,2026-02-02 00:00:00,PRESU,21421,2026,O,,,,PROVEEDURIA LA ILUSION- PRESUPUESTO N° 21421 (COCINA) DESDE EL 23/01/26 AL 30/01/26,000000,,1,N
2026,547,550,1,598,1514,2026-02-03 00:00:00,PRESU,0,2026,O,,,,"PRESUPUESTO, CASA ELICEIRY, 4/02/2026",000000,,1,N
2026,554,557,1,592,3287,2026-02-03 00:00:00,PRESU,1857,2026,O,,,,"Hispanograf, presupuesto 1857 (INSPECCION)",000000,,1,N
2025,5261,4899,1,5085,3165,2025-11-06 00:00:00,EXPED,2866,2025,O,,,,LICITACION PRIVADA DE MEDICAMENTOS E INSUMOS DESCARABLES N°,CTACTE,,1,N
2025,5262,4899,1,5085,1876,2025-11-06 00:00:00,EXPED,2866,2025,O,,,,LICITACION PRIVADA DE MEDICAMENTOS E INSUMOS DESCARABLES N°,CTACTE,,1,N
2025,5263,4899,1,5085,2663,2025-11-06 00:00:00,EXPED,2866,2025,O,,,,LICITACION PRIVADA DE MEDICAMENTOS E INSUMOS DESCARABLES N°,CTACTE,,1,N
2025,5265,4899,1,5085,1440,2025-11-06 00:00:00,EXPED,2866,2025,O,,,,LICITACION PRIVADA DE MEDICAMENTOS E INSUMOS DESCARABLES N°,CTACTE,,1,N
2025,5266,4899,1,5085,2883,2025-11-06 00:00:00,EXPED,2866,2025,O,,,,LICITACION PRIVADA DE MEDICAMENTOS E INSUMOS DESCARABLES N°,CTACTE,,1,N
2025,5275,5231,1,5434,1514,2025-11-06 00:00:00,SUM,5172,2025,O,,,,"Casa Eliceiry ,presupuesto aceites.",000115,,1,N
2025,5276,5232,1,5436,1514,2025-11-06 00:00:00,SUM,5175,2025,O,,,,PROV. CASA ELICEIRY GAS OIL PARA MAQUINAS Y VEHICULOS DE ESTA SECRETARIA,000115,,1,N
2025,5277,5233,1,5438,1514,2025-11-06 00:00:00,SUM,5183,2025,O,,,,Copia de 2025/5182  PROV. CASA ELICEIRY GAS OIL PARA MAQUINAS PREDIO DISPOSICION FINAL DE RESIDUOS RUTA 11 KM 405.5,000115,,1,N
2025,5311,5264,1,5454,167,2025-11-12 00:00:00,SUM,5188,2025,O,,,,""" TODO POLLO"" GONZALO A. BUSTAMANTE.PRESUPUESTO Nº 47.COCINA HOSPITAL. PERIODO DEL 03/11/25 AL 09/11/25.",000115,,1,N
2025,5315,5269,1,5467,167,2025-11-12 00:00:00,SUM,5189,2025,O,,,,""" TODO CPOLLO"" GONZXALO A. BUSTAMANTE.PRESUPUESTO Nº 0000048.COCINA HOGAR DE ANCIANOS. PERIODO DEL 03/11/25 AL 09/11/25.",000115,,1,N
2025,5318,5271,1,5468,300,2025-11-12 00:00:00,SUM,5202,2025,O,,,,PINTURERIA FERRETERIA TODO COLOR- PRESUPUESTO N° 5919 (VACUNATORIO- GUARDIA-  INTERNACION- FARMACIA- MANTENIMIENTO),000115,,1,N
2025,5325,5277,1,5478,300,2025-11-12 00:00:00,SUM,5195,2025,O,,,,"PRESUPUESTO N° 00005911 de Silvia Beatriz Maistegui de ""PINTURERIA-FERRETERIA TODO COLOR"" Para realización de rampas, para uso de la cuadrilla, para servicio Local,",000115,,1,N
2025,5326,5279,1,5479,879,2025-11-12 00:00:00,SUM,5196,2025,O,,,,"PRESUPUESTO N° X 0001-00001003 de Tatano Harisgarat S.R.L. de ""CASA HARISGARAT"" Para arreglo del baño de la casa del Envión",000115,,1,N
2025,5327,5280,1,5480,879,2025-11-12 00:00:00,SUM,5199,2025,O,,,,"PRESUPUESTOS N° X 0001-00001010/1013 de Tatano Harisgarat S.R.L. de ""CASA HARISGARAT"" Arreglo de baño en La Casita de Chocolate y colocación de hamaca",000115,,1,N
2025,5341,5295,1,5490,2846,2025-11-13 00:00:00,SUM,5253,2025,O,,,,"PRESUPUESTO 158, CUELI MIGUEL",000115,,1,N
2025,5348,5302,1,5499,879,2025-11-13 00:00:00,SUM,5236,2025,O,,,,CASA HARISGARAT. TATANO HARISGARAT SRL. PRESUPUESTO Nº 0001-00001246.BROMATOLOGIA.,000115,,1,N
2025,5350,5305,1,5500,300,2025-11-13 00:00:00,SUM,5197,2025,O,,,,PROV.SILVIA MAISTEGUI PRESUP.5913 ARTICULOS DE FERRETERIA PARA CORRALON MUNICIPAL,000115,,1,N
2025,5352,5306,1,5494,2627,2025-11-13 00:00:00,SUM,5222,2025,O,,,,SANTA PAULA- PRESUPUESTO N° 0001-00002142 (HOGAR DE ANCIANOS) SEMANA DEL 11/11 AL 18/11/2025,000115,,1,N
2025,5354,5308,1,5443,211,2025-11-13 00:00:00,SUM,5156,2025,O,,,,"Torneria Milani,presupuesto 113 (OIG 911)",000115,,1,N
2025,5365,5319,1,5513,3534,2025-11-17 00:00:00,SUM,5261,2025,O,,,,MELISA PINTO   EXPTE 3241/25,000115,,1,N
2025,5366,5320,1,5523,879,2025-11-17 00:00:00,SUM,5247,2025,O,,,,Exp.:1069/23 Municipios a la Obra - Alem / Venezuela - Prov.:Casa Harisgarat - Presup.:1242;1243,000115,,1,N
2025,5368,5322,1,5519,441,2025-11-17 00:00:00,SUM,5245,2025,O,,,,"ALPA MADARIAGA. MATIENZO, PAOLA AMELIA. PRESUPUESTO Nº 3806.COCINA HOSPITAL.",000115,,1,N
2025,5370,5324,1,5515,2110,2025-11-17 00:00:00,SUM,5207,2025,O,,,,EDUARDO FUMEGA. PRESUPUESTO Nº 513. SECTOR COSTURERIA.,000115,,1,N
2025,5371,5325,1,5517,2209,2025-11-17 00:00:00,SUM,5242,2025,O,,,,DURANTE JAVIER- PRESUPUESTO Nº 0001- 00000784 (HOGAR DE ANCIANOS) MENSUAL 1/11/ AL 1/12/2025,000115,,1,N
2025,5381,5335,1,5553,2810,2025-11-18 00:00:00,SUM,5229,2025,O,,,,"PRESUPUESTO N° X 0001-00000778 de María Teresa Arriola de ""EL DEDAL MERCERIA"" Para  realizar regalo del Día de la Familia",000115,,1,N
2025,5384,5338,1,5549,879,2025-11-18 00:00:00,SUM,5266,2025,O,,,,Exp.:2393/24 Cic: Extensión Red de Gas - Prov.:Casa Harisgarat - Presup.:01015,000115,,1,N
2025,5386,5340,1,5545,160,2025-11-18 00:00:00,SUM,5267,2025,O,,,,AGROVETERINARIA MARZULLO.PRESUPUESTO Nº0001-00001133.BROMATOLOGIA.,000115,,1,N
2025,5390,5344,1,5541,2403,2025-11-18 00:00:00,SUM,5281,2025,O,,,,"PRESUPUESTO 92, BIGORITO LEONARDO FABIO",000115,,1,N
2025,5393,5347,1,5535,879,2025-11-18 00:00:00,SUM,5269,2025,O,,,,"Casa Harisgarat, presupuesto 01011 (comisaria de la mujer)",000115,,1,N
2025,5397,5351,1,5550,717,2025-11-19 00:00:00,SUM,5233,2025,O,,,,"PRESUPUESTO N° X 021412 de Pinilla, Marina de ""PROVEEDURIA LA ILUSION"" Para módulos de Protección",000115,,1,N
2025,5398,5352,1,5542,2732,2025-11-19 00:00:00,SUM,5279,2025,O,,,,"PRESUPUESTO DEL 17/11/2025, SARMIENTO RAFAEL",000115,,1,N
2025,5452,5406,1,5576,2330,2025-11-28 00:00:00,SUM,5292,2025,O,,,,Corresponde previsión combustibles del Salado- Desarrollo Social,000115,,1,N
2025,5453,5407,1,5575,2636,2025-11-28 00:00:00,SUM,5297,2025,O,,,,"PRESUPUESTO N° 00000087 de Juan Manuel Suaréz de ""CARPINTER{IA DE ALUMINIO VIDRIERIA SUAREZ"" Para la bloquera",000115,,1,N
2025,5482,5436,1,5641,174,2025-12-02 00:00:00,SUM,5380,2025,O,,,,"PRESUPUESTO 000, MOYANO JORGE MARIO(174)",000115,,1,N
2025,5483,5437,1,5642,3537,2025-12-02 00:00:00,SUM,5354,2025,O,,,,EXPEDIENTE 2545/25 CONTRATO BUGIOLACHI JORGE PREVISION GUARDIA DEL 01/11/25 AL 31/12/2025,000115,,1,N
2025,5484,5438,1,5643,2110,2025-12-03 00:00:00,PRESU,35,2025,A,2025-12-03 00:00:00,ADMINI,,"PRESUPUESTO N° X 00000035 de Lo coco, Marcelo Alejandro de ""TODO COLOR""",000000,,1,N
2025,5485,5439,1,5643,90,2025-12-03 00:00:00,PRESU,35,2025,O,,,,"PRESUPUESTO N° X 00000035 de Lo coco, Marcelo Alejandro de ""TODO COLOR""",000000,,1,N
2025,5486,5440,1,5645,2110,2025-12-03 00:00:00,PRESU,505,2025,O,,,,"Expte N° 3307/2025 Arreglos varios en Casita de Chocolate. PRESUPUESTOS N° 505 / 506 / 507 / 509 de ""EDUARDO FUMEGA""",000000,,1,N
2025,5487,5441,1,5646,2110,2025-12-03 00:00:00,PRESU,512,2025,O,,,,"Expte N° 3306/2025 Cambio de calefactor en oficina de Desarrollo Social. PRESUPUESTO N° 512 de ""EDUCARDO FUMEGA""",000000,,1,N
2025,5488,5442,1,5644,2643,2025-12-03 00:00:00,PRESU,198,2025,O,,,,"PRESUPUESTO 198, EMPRESA DE TRANSPORTE 12 DE OCTUBRE",000000,,1,N
2025,5491,5445,1,5661,1809,2025-12-04 00:00:00,PRESU,0,2025,O,,,,"ENDOSO POLIZA 19090, IAM",000000,,1,N
2025,5492,5446,1,5657,160,2025-12-04 00:00:00,PRESU,1144,2025,O,,,,AGROV MARZULLO. PRESUPUESTO Nº 0001-00001144.BROMATOLOGIA Y ZOONOSIS.,000000,,1,N
2025,5493,5447,1,5658,441,2025-12-04 00:00:00,PRESU,3816,2025,O,,,,ALPA- PRESUPUESTO N° 0002-00003816/3817 (COCINA),000000,,1,N
2025,5494,5448,1,5659,167,2025-12-04 00:00:00,PRESU,52,2025,O,,,,TODO POLLO. GONZALO BUSTAMANTE. PRESUPUESTO Nº 52. COCINA HOGAR DE ANCIANOS.,000000,,1,N
2025,5495,5449,1,5660,167,2025-12-04 00:00:00,PRESU,50,2025,O,,,,TODO POLLO. GONZALO A BUSTAMANTE. PRESUPUESTO Nº 50. COCINA HOGAR ANCIANOS. SEMANA DEL 12/11/25 AL 19/11/25.,000000,,1,N
2025,5506,5460,1,5664,692,2025-12-05 00:00:00,SUM,5398,2025,O,,,,"Fiesta nacional del Gaucho,recepción de Reinas Invistadas.",000115,,1,N
2025,5569,5525,1,5735,2595,2025-12-23 00:00:00,SUM,5443,2025,O,,,,PROV.IVAN PERICO PRESUP.7842 REPUESTOS PARA CAMION FORD 14000 DMI232,000115,,1,N
2025,5260,4899,1,5085,2808,2025-11-06 00:00:00,EXPED,2866,2025,O,,,,LICITACION PRIVADA DE MEDICAMENTOS E INSUMOS DESCARABLES N°,CTACTE,,1,N
2025,3455,3447,1,3581,3470,2025-06-24 00:00:00,SUM,3410,2025,O,,,,"Expte N° 665/2025 Addenda Sra.: Flores  Herrero, Martina . Abogada en el Equipo del Servicio Local. no cumple con el Art. 45 de la Ley 14.656",000115,,1,N
2025,3457,3448,1,3570,3515,2025-06-24 00:00:00,SUM,3341,2025,O,,,,CWATT - PRESUPUESTO N° 2025-12100 (AMBULANCIA N°7 DOMINIO AA775QW),000115,,1,N
2025,3461,3450,1,3571,1876,2025-06-24 00:00:00,SUM,3381,2025,O,,,,MAX CONTINENTAL - PRESUPUESTO N° 1-131472 (FARMACIA HOSPITAL),000115,,1,N
2025,3462,3451,1,3572,441,2025-06-24 00:00:00,SUM,3382,2025,O,,,,PAPELERA ALPA - PRESUPUESTO N° 2-3679 (COCINA HOSPITAL),000115,,1,N
2025,3463,3452,1,3573,3356,2025-06-24 00:00:00,SUM,3384,2025,O,,,,PEREZ JORGE  - PRESUPUESTO N° 282165 (COCINA HOSPITAL),000115,,1,N
2025,3464,3453,1,3574,2958,2025-06-24 00:00:00,SUM,3383,2025,O,,,,AVICOLA DEL TUYU - PRESUPUESTO N° 8-2555 (COCINA HOSPITAL),000115,,1,N
2025,3465,3454,1,3565,167,2025-06-24 00:00:00,SUM,3385,2025,O,,,,TODO POLLO- PRESUPUESTO N° 4/5 HOSPITAL Y HOGAR DE ANCIANOS,000115,,1,N
2025,3466,3455,1,3566,171,2025-06-24 00:00:00,SUM,3396,2025,O,,,,"ELECTRICIDAD EL GALLEGO- PRESUPUESTO N° 52786/52822 (PLANTA DE OXIGENO, MATERNIDAD Y PASILLO DE INTERNACION)",000115,,1,N
2025,3467,3456,1,3567,169,2025-06-24 00:00:00,SUM,3397,2025,O,,,,"TERRANOVA QUIMICA- PRESUPUESTO N° 928 (RECURSOS HUMANOS, SECRETARIA Y SAMO)",000115,,1,N
2025,3469,3457,1,3569,1578,2025-06-24 00:00:00,SUM,3398,2025,O,,,,PRODUCTOS COLOMBRARO- PRESUPUESTO N° 357/358 (COCINA Y HOGAR DE ANCIANOS),000115,,1,N
2025,4107,4074,1,4226,2209,2025-08-04 00:00:00,PRESU,0,2025,O,,,,PREVISION SIN N° - JAVIER DURANTE / ALIMENTOS PARA TODO EL AÑO,000000,,1,N
2026,346,347,1,345,3361,2026-01-19 00:00:00,SUM,332,2026,O,,,,"Expte N° 118/2026 Contrato: Morando, Araceli - Operadora Territorial  Abordaje a la violencia familiar y de Género. No cumple con el Art. 45 de la Ley 14.656",000115,,1,N
2025,4271,4240,1,4386,3390,2025-08-12 00:00:00,PRESU,47,2025,O,,,,ALTA MORENA- PRESUPUESTO N° 47 (HOSPITAL Y HOGAR),000000,,1,N
2025,4272,4241,1,4387,1573,2025-08-12 00:00:00,PRESU,0,2025,O,,,,DROGUERIA ALBERDI- PRESUPUESTO N° 7/08/2025 (FARMACIA),000000,,1,N
2025,4273,4242,1,4388,345,2025-08-12 00:00:00,PRESU,52876,2025,O,,,,AZCUENAGA- PRESUPUESTO N° 00002-00052876 (QUIROFANO),000000,,1,N
2025,4274,4243,1,4389,3390,2025-08-12 00:00:00,PRESU,40,2025,O,,,," PRESUPUESTO N° X 0001-00000040 de Norberto Martín Rodriguez de ""Alta Morena""Esfuerzo Solidario 2025",000000,,1,N
2025,4275,4244,1,4390,90,2025-08-12 00:00:00,PRESU,28,2025,O,,,,"PRESUPUESTO N° X 00000028 de Lo coco, Marcelo Alejandro",000000,,1,N
2025,5081,5046,1,5233,850,2025-10-22 00:00:00,SUM,4974,2025,O,,,,UNO ELECROMEDICINA- PRESUPUESTO N° 00003-00013982 (LABORATORIO DE ANALISIS),000115,,1,N
2025,5082,5047,1,5234,3322,2025-10-22 00:00:00,SUM,4973,2025,O,,,,PINAMAR HIGIENE INSTITUCIONAL SRL- PRESUPUESTO N° 0016-00002057 (OFICCE DE MUCAMAS),000115,,1,N
2025,5083,5048,1,5235,2450,2025-10-22 00:00:00,SUM,4959,2025,O,,,,"PRESUPUESTO de Labatut, Marcelo de ""LA FRUTERIA"" Septiembre 2025",000115,,1,N
2025,5084,5049,1,5236,2595,2025-10-22 00:00:00,SUM,4961,2025,O,,,,"PRESUPUESTO N° 007512 de ""IVANPER REPUESTOS"" Canioneta JYN 229",000115,,1,N
2025,5085,5050,1,5237,163,2025-10-22 00:00:00,SUM,4984,2025,O,,,,"PRESUPUESTO 078-9165/9163/9164, DISTEFANO ALFIO",000115,,1,N
2025,5086,5051,1,5244,527,2025-10-22 00:00:00,SUM,4977,2025,O,,,,SERVIMED- PRESUPUESTO N° 8665/25 R (QUIROFANO),000115,,1,N
2025,5087,5052,1,5243,2883,2025-10-22 00:00:00,SUM,4978,2025,O,,,,INSUMOS GENERALES 3 F- PRESUPUESTO S/N° 13/10/2025 (FARMACIA),000115,,1,N
2025,5088,5053,1,5242,171,2025-10-22 00:00:00,SUM,4979,2025,O,,,,ELECTRICIDAD EL GALLEGO- PRESUPUESTO N° 0001-00053119 (MANTENIMIENTO),000115,,1,N
2025,5090,5055,1,5241,2595,2025-10-22 00:00:00,SUM,4980,2025,O,,,,IVANPER REPUESTOS- PRESUPUESTO N° 7454 (MOVIL 6 JQS879 Y MOVIL 8 PAA334),000115,,1,N
2025,5092,5057,1,5239,1078,2025-10-22 00:00:00,SUM,4982,2025,O,,,,OPAZO DANIEL- PRESUPUESTO N° 13/10/2025 (HOGAR DE ANCIANOS),000115,,1,N
2025,5094,5059,1,5240,216,2025-10-22 00:00:00,SUM,4981,2025,O,,,,FAE- PRESUPUESTO N° 4921540/4921541 (OFFICE DE MUCAMAS),000115,,1,N
2025,5102,5068,1,5250,441,2025-10-22 00:00:00,SUM,4989,2025,O,,,,PRESUPUESTO N° 3786 - ALPA MADARIAGA - SELLO SECRETARIA DE DEPORTES,000115,,1,N
2025,5103,5069,1,5251,612,2025-10-22 00:00:00,SUM,4999,2025,O,,,,"Marzullo Computacion, presupuesto 01292 ( COM)",000115,,1,N
2026,15,15,1,20,117,2026-01-05 00:00:00,SUM,93,2026,O,,,,CORRESPONDE CONCURSO DE PRECIOS N° 21/2025 EXPTE N° 3643/2025,CTACTE,,1,N
2026,362,364,1,373,2584,2026-01-20 00:00:00,SUM,361,2026,O,,,,Corresponde Expte n ° 26/2026 - Servicio de Publicidad- Manzo Hugo,000115,,1,N
2026,363,365,1,366,2086,2026-01-20 00:00:00,SUM,366,2026,O,,,,Corresponde Expte n ° 26/2026 - Servicio de Publicidad- Scigliano Gaston,000115,,1,N
2026,364,366,1,379,53,2026-01-20 00:00:00,SUM,368,2026,O,,,,Corresponde Expte n ° 26/2026 - Servicio de Publicidad- Andrioletti Miguel,000115,,1,N
2026,365,367,1,365,2109,2026-01-20 00:00:00,SUM,381,2026,O,,,,Corresponde Expte n ° 26/2026 - Servicio de Publicidad- Gomez Alberto D.,000115,,1,N
2026,366,368,1,380,875,2026-01-20 00:00:00,SUM,376,2026,O,,,,Corresponde Expte n ° 26/2026 - Servicio de Publicidad- El mensajero de la Costa,000115,,1,N
2025,5570,5526,1,5736,2595,2025-12-23 00:00:00,SUM,5444,2025,O,,,,"PROV. IVAN PERICO PRESUP.7788 RESPUESTOS  PARA MERCEDES SPRINTER EQM605,",000115,,1,N
2026,370,372,1,372,2986,2026-01-20 00:00:00,EXPED,26,2026,O,,,,Corresponde Expte n ° 26/2026 - Servicio de Publicidad- Gomez Fermin,000000,,1,N
2026,262,262,1,268,1266,2026-01-15 00:00:00,SUM,102,2026,O,,,,"RENOVACION DE ABONO DE ALARMA, 1° CUATRIMESTRE, EXPTE 20/2025",000115,,1,N
2026,368,370,1,371,2308,2026-01-20 00:00:00,SUM,359,2026,O,,,,Corresponde Expte n ° 26/2026 - Servicio de Publicidad- Carlos Pua,000115,,1,N
2026,369,371,1,368,869,2026-01-20 00:00:00,SUM,356,2026,O,,,,Corresponde Expte n ° 26/2026 - Servicio de Publicidad- Soledad Kociupk,000115,,1,N
2026,533,536,1,556,2627,2026-02-02 00:00:00,SUM,499,2026,O,,,,SANTA PAULA- PRESUPUESTO N° 0001-00002167 DESDE EL 14/01 al 21/01/26,000115,,1,N
2026,371,373,1,378,2309,2026-01-20 00:00:00,SUM,365,2026,O,,,,Corresponde Expte n ° 26/2026 - Servicio de Publicidad- Aluman Sebastian,000115,,1,N
2025,4341,4309,1,4475,300,2025-08-20 00:00:00,SUM,4263,2025,O,,,,"PROV. SILVIA MAISTEGUI  PRESUP.5540  PARA FORD 14000ASZ490, MERDESBENZ 1114 TGL092 Y PARA BANCOS DE ESPACIOS PUBLICOS",000115,,1,N
2025,4344,4312,1,4476,300,2025-08-20 00:00:00,SUM,4261,2025,O,,,,"PROV.SILVIA MAISTEGUI PRESUP.5516 PARA MERCEDES BENZ 1114 TGL092, Y PARA PINTAR VIVERO MUNICIPAL",000115,,1,N
2025,4347,4316,1,4477,1514,2025-08-20 00:00:00,SUM,4258,2025,O,,,,PROV.CASA ELICEIRY GAS OIL PARA MAQUINAS Y VEHICULOS  DE ESTA SECRETARIA,000115,,1,N
2025,4350,4318,1,4478,1259,2025-08-20 00:00:00,SUM,4245,2025,O,,,,"PRESUPUESTO N° 00028894 de Sucesión de Dannunzio Jorge Neldo de ""ELECTRO DANNUNCIO""  cambio de foco en el aréa de prestaciones (se quemó)",000115,,1,N
2025,4352,4320,1,4464,3322,2025-08-20 00:00:00,SUM,4242,2025,O,,,,PINAMAR HIGIENE INSTITUCIONAL SRL- PRESUPUESTO N° 0016-00001929/1930 (LAVADERO),000115,,1,N
2025,4355,4323,1,4465,3322,2025-08-20 00:00:00,SUM,4237,2025,O,,,,PINAMAR HIGIENE INSTITUCIONAL SRL- PRESUPUESTO N° 0016-00001927/1928 (HOSPITAL Y HOGAR DE ANCIANOS),000115,,1,N
2025,4356,4324,1,4466,850,2025-08-20 00:00:00,SUM,4236,2025,O,,,,UNO ELECTROMEDICINA- PRESUPUESTO N° 00003-00013382 (LABORATORIO),000115,,1,N
2025,4357,4325,1,4467,1879,2025-08-20 00:00:00,SUM,4232,2025,O,,,,PROV.DANIEL ZUBIARRAIN  PRESUP.3023 PARA VW 13180 PATENTE HKO983,000115,,1,N
2025,4381,4349,1,4526,2369,2025-08-22 00:00:00,SUM,4305,2025,O,,,,"PROV. MERCEDES LA PLATA PRESUP.181156 REPUESTOS PARA FORD 14000 SVN719, DMI232,ASZ490,IVECO IOO617, COLECTIVO LAN557",000115,,1,N
2025,4384,4352,1,4525,413,2025-08-22 00:00:00,PRESU,3810,2025,O,,,,"PROV. AGUSTIN PASO PRESP.3810,3831,3802,3804,3803,3807,3811,3819,3820,3824 PARCHES PARA FORD F100 SGN651 , IVECO AB59722CW 17220 LED010,FORD 14000 DMI232,IVECO AB597ZF,AB597ZF",000000,,1,N
2025,4385,4353,1,4522,2675,2025-08-22 00:00:00,SUM,4298,2025,O,,,,"PROV.CAROLINA NOWE  PRESP.0599 FILTROS PARA SERVIS DE CAMION IVECO PJY978,AF947IJ, AF947IN, VW 17220 LED010,",000115,,1,N
2025,4387,4355,1,4521,300,2025-08-22 00:00:00,PRESU,5535,2025,O,,,,PROV.SILVIA MAISTEGUI PRESP.5535 PINTURA PARA CALLE 33 Y CALLE 20 DE JUNIO,000000,,1,N
2025,4388,4356,1,4518,57,2025-08-22 00:00:00,SUM,4290,2025,O,,,,"IMPRENTA EL ARGENTINO N° PRES. 000533, SERV. CIRUGIA",000115,,1,N
2025,4421,4389,1,4547,866,2025-08-25 00:00:00,SUM,4310,2025,O,,,,PILOÑA- PRESUPUESTO N° 19/08/2025,000115,,1,N
2025,4422,4390,1,4543,3287,2025-08-25 00:00:00,SUM,4306,2025,O,,,,"HUGO PIEDRA ""HISPANOGRAF"", PRESUPUESTO 1825",000115,,1,N
2025,4423,4391,1,4540,2410,2025-08-25 00:00:00,SUM,4327,2025,O,,,,"PROV. LEANDRO BOGADO PRESUP.1116,1126 REPARACION PARA FORD RANGER KYV355 Y CAMION VW 17280 AF497IJ",000115,,1,N
2025,4447,4415,1,4580,2209,2025-08-27 00:00:00,SUM,2600,2025,O,,,,"PREVISIONde Javier H. Durante de la ""Distribuidora del Sudeste""",000115,,1,N
2025,4451,4420,1,4577,413,2025-08-28 00:00:00,SUM,4331,2025,O,,,,PRESUPUESTO N°3834 - NEUMATICOS PASO,000115,,1,N
2025,4454,4421,1,4579,300,2025-08-28 00:00:00,SUM,4333,2025,O,,,,"PRESUPUESTO N°5536 - PINTURERIA - FERRETERIA ""TODO COLOR"" / MATERIALES PARA TRABAJOS EN EL POLIDEPORTIVO Y ESTRADIO MUNICIPAL",000115,,1,N
2025,4455,4423,1,4574,413,2025-08-28 00:00:00,SUM,4355,2025,O,,,,PROV. AGUSTIN PASO PRES.3818 PARCHE PARA MOTONIVELADORA NEW HOLLANDO CII59,000115,,1,N
2025,4456,4221,1,4285,2869,2025-08-28 00:00:00,EXPED,2297,2025,O,,,,Concurso de Precios N° 19/2025  -  C.A.S.E.R Expte N° 2297/2025,000010,,1,N
2025,4459,4426,1,4599,850,2025-08-28 00:00:00,SUM,4348,2025,O,,,,"UNO ELECTROMEDICINA, N° PRES 00003-00013300",000115,,1,N
2025,4460,4427,1,4595,167,2025-08-28 00:00:00,SUM,4359,2025,O,,,,TODO POLLO- PRESUPUESTO N° 23/28 (HOGAR DE ANCIANOS),000115,,1,N
2025,4462,4429,1,4591,2410,2025-08-28 00:00:00,SUM,4377,2025,O,,,,"Leandro Ruben Bogado, preuspuesto 01117-01128-01115",000115,,1,N
2025,4463,4430,1,4605,850,2025-08-28 00:00:00,SUM,4302,2025,O,,,,EXPEDIENTE N° 1346/25 CONTRATO CON UNO ELECTROMEDICINA POR UN COAGULOMETRO 1 CANAL MARCA WIENER DESDE EL 1 DE SEPTIEMBRE HASTA EL 31 DE DICIEMBRE DEL 2025,000115,,1,N
2025,4464,4431,1,4587,2410,2025-08-28 00:00:00,SUM,4358,2025,O,,,,"L.R.B. Leandro R Bogado. ELECT AUTOM PESADO.Presupuestos Nº 1113,1119. FORD RANGER KYV 372 MANTENIMIENTO HOSPITAL.",000115,,1,N
2025,4465,4433,1,4586,771,2025-08-28 00:00:00,SUM,4353,2025,O,,,,ALFA CENTAURO- PRESUPUESTO N° 18/08/2025 (FARMACIA),000115,,1,N
2025,4470,4437,1,4603,850,2025-08-28 00:00:00,SUM,4300,2025,O,,,,EXPEDIENTE N° 1348/25 CONTRATO CON UNO ELECTROMEDICINA POR UN AUTOANALIZADOR CM 250 DESDE EL 1 DE SEPTIEMBRE HASTA EL 31 DE DICIEMBRE DEL 2025,000115,,1,N
2025,4472,4439,1,4589,527,2025-08-28 00:00:00,SUM,4369,2025,O,,,,SERVIMED- PRESUPUESTO N° 2422/25 E-U (ESTERILIZACION),000115,,1,N
2025,4474,4441,1,4585,3287,2025-08-28 00:00:00,SUM,4372,2025,O,,,,Corresponde presupuesto n° 1829- Hispanograf (Avellaneda ),000115,,1,N
2025,4476,4442,1,4584,19,2025-08-28 00:00:00,SUM,4381,2025,O,,,,"Cimos Inocencio ,presupuesto 2768,2791.",000115,,1,N
2025,4477,4444,1,4600,1259,2025-08-28 00:00:00,SUM,4350,2025,O,,,,"ELECTRO D´ANNUNZIO, N° PRESUPUESTO 00028885",000115,,1,N
2025,4478,4445,1,4592,2410,2025-08-28 00:00:00,SUM,4378,2025,O,,,,"Leandro Ruben Bogado,presupuesto 01122-01127 (AF471ZQ-OIG911)",000115,,1,N
2025,4481,4448,1,4609,2674,2025-08-29 00:00:00,SUM,4398,2025,O,,,,Corresponde presupuesto SODOR PABLO,000115,,1,N
2025,4482,4449,1,4612,3215,2025-08-29 00:00:00,SUM,4403,2025,O,,,,Expte.N° 1906/2025 Juegos Bonaerense 2025.Prov. Centrales Asociado de Turismo S.A.,000115,,1,N
2025,4483,4450,1,4610,3452,2025-08-29 00:00:00,SUM,4361,2025,O,,,,"PRESUPUESTO N° 00001-00001937 de Carlos Alberto Ochoa de ""Panadería y Confitería LA UNION"" Esfuerzo Solidario julio 2025",000115,,1,N
2025,4484,4451,1,4611,68,2025-08-29 00:00:00,SUM,4362,2025,O,,,,"PRESUPUESTO N° X 7390227 de Peyrano, Sergio Favián de ""Atmósferico La Primera""",000115,,1,N
2025,4486,4453,1,4620,3322,2025-09-01 00:00:00,SUM,4387,2025,O,,,,PINAMAR HIGIENE INSTITUCIONAL SRL- PRESUPUESTO N° 0016-00001944/1945/1947/1948/1949 (QUIROFANO- HOGAR- COCINA),000115,,1,N
2025,4489,4455,1,4616,216,2025-09-01 00:00:00,SUM,4388,2025,O,,,,FAE- PRESUPUESTO N° 4921535 (OFFICE DE MUCAMAS),000115,,1,N
2025,4494,4461,1,4618,167,2025-09-01 00:00:00,PRESU,25,2025,O,,,,TODO POLLO- PRESUPUESTO N° 25/27  (COCINA ),000000,,1,N
2025,4495,4462,1,4614,3287,2025-09-01 00:00:00,PRESU,1830,2025,O,,,,Avellaneda7163 - Hispanograf - lona cartel 8°concurso de asadores - presupuesto 1830,000000,,1,N
2026,367,369,1,376,1101,2026-01-20 00:00:00,SUM,370,2026,O,,,, Corresponde Expte n ° 26/2026 - Servicio de Publicidad- Ruiz Daniel,000115,,1,N
2025,5571,5527,1,5737,2410,2025-12-23 00:00:00,SUM,5445,2025,O,,,,"L.R.B electricidad del automotor, presupuestos 1168-1165-1164-1162-1161",000115,,1,N
2025,5572,5528,1,5738,776,2025-12-23 00:00:00,SUM,5448,2025,O,,,,"Gomeria V+B, presupuestos 0711-0712-0713-0716-0717-0718-0719-0720-0721-0722-0723-0724-0725-0726-",000115,,1,N
2025,5573,5529,1,5739,2595,2025-12-23 00:00:00,SUM,5449,2025,O,,,,"Ivanper, rpesupuesto 7558 (taller)",000115,,1,N
2025,5574,5530,1,5747,85,2025-12-26 00:00:00,SUM,5456,2025,A,2025-12-30 00:00:00,ERROR,,"Sorba S.R.l.,preupuesto 0051-00043263",000115,,1,N
2025,5575,5531,1,5744,1514,2025-12-26 00:00:00,SUM,5453,2025,O,,,,"PRESUPUESTO 000, CASA ELICEIRY, 30/12/2025",000115,,1,N
2025,5576,5532,1,5745,1514,2025-12-26 00:00:00,SUM,5454,2025,O,,,,"PRESUPUESTO, CASA ELICEIRY, 30/12/2025",000115,,1,N
2025,5577,5533,1,5746,1514,2025-12-26 00:00:00,SUM,5452,2025,O,,,,"PRESUPUESTO 000, CASA ELICEIRY, 30/12/2025",000115,,1,N
2025,5585,5541,1,5756,1603,2025-12-30 00:00:00,SUM,5462,2025,O,,,,PRESUPUESTO 1342390 GARCIA GLADYS  HOSPITAL - HOGAR DE ANCIANOS,000115,,1,N
2025,5587,5543,1,5757,2330,2025-12-30 00:00:00,SUM,5463,2025,O,,,,PROV. COMBUSTIBLES DEL SALADO S.A-  PRESU. DICIEMBRE - SEC. PRODUCCION,000115,,1,N
2026,95,96,1,98,2593,2026-01-08 00:00:00,SUM,137,2026,O,,,,PREVISION SIN N° - JUAN AGUSTIN BALLETO URRUTIA / TRABAJOS DE CERRAJERIA Y LLAVES EN EL AREA,000115,,1,N
2026,99,99,1,100,2973,2026-01-08 00:00:00,SUM,134,2026,O,,,,PREVISION SIN N° - NERO PISCINAS / PROCUTOS QUIMICOS PARA LIMPIEZA Y MANTENIMIENTO DE PISCINAS,000115,,1,N
2026,100,100,1,101,33,2026-01-08 00:00:00,SUM,186,2026,O,,,,"POLIZA 172703 DE SEGURO TECNICO RETRO, PCIA SEGUROS(33)",000115,,1,N
2026,102,102,1,103,169,2026-01-08 00:00:00,SUM,170,2026,O,,,,"PRESUPUESTO 1001, TERRANOVA LUCAS",000115,,1,N
2026,103,103,1,104,33,2026-01-08 00:00:00,SUM,188,2026,O,,,,"POLIZA SEGURO TECNICO 172704, PCIA SEGUROS(33)",000115,,1,N
2026,105,105,1,106,33,2026-01-08 00:00:00,SUM,178,2026,O,,,,"POLIZA 129856, PROVINCIA SEGUROS(33)",000115,,1,N
2026,106,106,1,105,33,2026-01-08 00:00:00,SUM,177,2025,O,,,,"POLIZA 129855, PROVINCIA SEGUROS(33)",000115,,1,N
2026,107,107,1,108,33,2026-01-08 00:00:00,SUM,180,2026,O,,,,"POLIZA 129857, PROVINCIA SEGUROS(33)",000115,,1,N
2026,129,129,1,129,2334,2026-01-12 00:00:00,SUM,234,2026,O,,,,Expte. 3735 Convenio de Asistencia y Soporte RAFAM- Grid It Seven S.A.,000115,,1,N
2026,130,130,1,128,2578,2026-01-12 00:00:00,FACT,227,2026,O,,,,EXPEDIENTE 83/26 CONTRATO PHOYU MARIA ALCIRA DEL 01/01/26 AL 30/04/26 TRABAJOS DE COSTURA,000115,,1,N
2026,132,132,1,133,1494,2026-01-12 00:00:00,SUM,161,2026,A,2026-01-12 00:00:00,ERROR,,MARIANO ARIEL RODRIGUEZ.COMISIONES LA PLATA- BUENOS AIRES. HOSPITAL MUNICIPAL..PREVISION.,000115,,1,N
2026,133,133,1,136,1494,2026-01-12 00:00:00,SUM,161,2026,O,,,,MARIANO ARIEL RODRIGUEZ.COMISIONES LA PLATA- BUENOS AIRES. HOSPITAL MUNICIPAL..PREVISION.,000115,,1,N
2026,134,134,1,134,3445,2026-01-12 00:00:00,SUM,218,2026,O,,,,ALEJANDRO MORALES     CARNAVAL,000115,,1,N
2026,135,135,1,132,3337,2026-01-12 00:00:00,SUM,94,2026,O,,,,Presupuesto N° 598 Proveedor Garcia Federico,000115,,1,N
2026,137,137,1,137,2538,2026-01-13 00:00:00,SUM,213,2026,O,,,,FRANCO RICOTTI- PRESUPUESTO N° 10/12/2025 MOVIL 7 DOMINIO: AA775QW,000115,,1,N
2026,138,138,1,138,345,2026-01-13 00:00:00,SUM,214,2026,O,,,,AZCUENAGA- PRESUPUESTO N° 00002-00055437 (FARMACIA),000115,,1,N
2026,140,140,1,139,1138,2026-01-13 00:00:00,SUM,215,2026,A,2026-01-28 00:00:00,ADMINI,,PEREZ JORGE- PRESUPUESTO N° 282188 (COCINA) DESDE EL 22/12/25 AL 29/12/25,000115,,1,N
2026,146,146,1,140,2627,2026-01-13 00:00:00,SUM,216,2026,O,,,,SANTA PAULA- PRESUPUESTO N° 0001-00002158 ( HOGAR DE ANCIANOS) DESDE EL 17/12/25 AL 24/12/25,000115,,1,N
2026,148,149,1,141,2627,2026-01-13 00:00:00,SUM,222,2026,O,,,,SANTA PAULA- PRESUPUESTO N° 0001-00002163 (COCINA)  DESDE EL 6/01/26 AL 13/01/26,000115,,1,N
2026,151,151,1,142,2595,2026-01-13 00:00:00,SUM,225,2026,O,,,,IVANPER REPUESTOS. PRESPUESTO Nº 7976.BROMATOLOGIA. VEHICULO DOMINIO AB437WY,000115,,1,N
2026,153,153,1,158,441,2026-01-13 00:00:00,SUM,251,2026,O,,,,"Papelera Alpa, presupuesto 3820-3828 (inspeccion)",000115,,1,N
2026,155,155,1,160,688,2026-01-13 00:00:00,SUM,262,2026,O,,,,"Baterias La Primera, presupuestos 6911-6924-6917.",000115,,1,N
2026,157,157,1,149,441,2026-01-13 00:00:00,SUM,208,2026,O,,,,PRESUPUESTO N° 3835- ALPA MADARIAGA - SELLO SECRETARIO DE DEPORTES,000115,,1,N
2026,161,161,1,190,1266,2026-01-13 00:00:00,SUM,98,2026,O,,,,"RENOVACION ABONOS DE ALARMAS 1° CUATRIMESTRE,EXPTE 20/2025",000115,,1,N
2026,165,165,1,192,1266,2026-01-13 00:00:00,SUM,99,2026,O,,,,"RENOVACION DE ABONO DE ALARMAS,1° CUATRIMESTRE, EXPTE. 20/2025",000115,,1,N
2026,167,167,1,195,1266,2026-01-13 00:00:00,SUM,102,2026,A,2026-01-14 00:00:00,ERROR,,"RENOVACION DE ABONO DE ALARMA, 1° CUATRIMESTRE, EXPTE 20/2025",000115,,1,N
2026,186,186,1,249,3430,2026-01-13 00:00:00,SUM,276,2026,O,,,,Corresponde cotización N° 0001-00166400 FUTURE GRAPHICS LLC ARGENTINA S.A,000115,,1,N
2026,188,188,1,182,33,2026-01-13 00:00:00,SUM,230,2026,O,,,,"RENOVACION DE POLIZA AUTOMOTOR, POLIZA 10946172, PCIA SEGUROS(33)",000115,,1,N
2026,191,191,1,183,1527,2026-01-13 00:00:00,SUM,259,2026,O,,,,"Gomeria La Diagonal, presupuesto 0559 -0560( policiales-secretaria)",000115,,1,N
2026,194,194,1,184,71,2026-01-13 00:00:00,SUM,256,2026,O,,,,"Campo y Ciudad, presupuesto 15603 ( taller)",000115,,1,N
2026,195,195,1,187,1063,2026-01-13 00:00:00,SUM,231,2026,O,,,,PROV.ELECTRONICA RURAL PRESUP.09/01/26 REPARACION DE EQUIPO DE RADIO DEFENSA CIVIL,000115,,1,N
2026,197,197,1,185,413,2026-01-13 00:00:00,SUM,111,2026,O,,,,"Paso Agustín ,presupuesto 3946,3955,3963,3972,3977,3990,3994,3998.",000115,,1,N
2026,272,273,1,277,850,2026-01-16 00:00:00,SUM,299,2026,O,,,,UNO ELECTROMEDICINA- PRESUPUESTO N° 00003-00014718 (LABORATORIO DE ANALISIS),000115,,1,N
2026,274,275,1,278,2883,2026-01-16 00:00:00,SUM,298,2026,O,,,,INSUMOS GENERALES 3F- PRESUPUESTO N° 7/01/26 (FARMACIA),000115,,1,N
2026,276,277,1,279,167,2026-01-16 00:00:00,SUM,296,2026,O,,,,TODO POLLO- PRESUPUESTO N° 61 (COCINA) DESDE EL 3/01/2026 AL 10/01/26,000115,,1,N
2026,277,278,1,287,1603,2026-01-16 00:00:00,SUM,278,2026,O,,,,"Corresponde a Previsión de Garcia, Gladys Mabel de ""Panadería Alem""",000115,,1,N
2026,278,279,1,280,2869,2026-01-16 00:00:00,SUM,293,2026,O,,,,MADA POY - PRESUPUESTO N° 0001-00000957 (HOGAR DE ANCIANOS) DESDE EL 2/01/26  AL 9/01/26,000115,,1,N
2026,280,281,1,281,1078,2026-01-16 00:00:00,SUM,290,2026,O,,,,OPAZO DANIEL- PRESUPUESTO N° 31/01/2026 SECTOR: PASILLO ENTRADA DE ADMISION),000115,,1,N
2026,287,288,1,296,33,2026-01-16 00:00:00,SUM,291,2026,O,,,,"RENOVACION POLIZA, PCIA SEGUROS(33), POLIZA 3374634",000115,,1,N
2026,288,289,1,295,33,2026-01-16 00:00:00,SUM,300,2026,O,,,,"RENOVACION POLIZA, PCIA SEGUROS(33) POLIZA 3374638",000115,,1,N
2026,289,290,1,294,33,2026-01-16 00:00:00,SUM,297,2026,O,,,,"RENOVACION POLIZA, PCIA SEGUROS(33), POLIZA 3374635",000115,,1,N
2026,290,291,1,293,866,2026-01-16 00:00:00,SUM,242,2026,O,,,,PILOÑA- PRESUPUESTO N° 1646758,000115,,1,N
2026,291,292,1,308,33,2026-01-19 00:00:00,SUM,306,2026,O,,,,"RENOVACION POLIZA, PCIA, SEGUROS(33), POLIZA 3374737",000115,,1,N
2025,3675,3645,1,3793,1235,2025-07-07 00:00:00,PRESU,0,2025,O,,,," EXPTE 3655/2021 CUERPO 1, CAMINO JOSE",000000,,1,N
2025,3677,3647,1,3794,1235,2025-07-07 00:00:00,EXPED,3655,2021,O,,,," EXPTE 3655/2021 CUERPO 1,CAMINO JOSE",000000,,1,N
2025,3679,3649,1,3795,1235,2025-07-07 00:00:00,EXPED,3655,2021,O,,,," EXPTE 3655/2021 CUERPO 1,CAMINO JOSE",000000,,1,N
2025,3690,3660,1,3790,1235,2025-07-07 00:00:00,EXPED,3655,2021,O,,,," EXPTE, 3655/2021 CUERPO 1,CAMINO JOSE",000000,,1,N
2025,3694,3664,1,3779,441,2025-07-07 00:00:00,PRESU,3688,2025,O,,,,ALPA MADARIAGA - PRESUPUESTO N° 2-3688 (BROOMATOLOGIA),000000,,1,N
2025,3859,3824,1,3981,1259,2025-07-17 00:00:00,SUM,3769,2025,O,,,,ELECTRO D ANNUNZIO- PRESUPUESTO N° 28565 (INTERNACION-GUARDIA),000115,,1,N
2025,3863,3832,1,3986,171,2025-07-17 00:00:00,SUM,3757,2025,O,,,,ELECTRICIDAD EL GALLEGO- PRESUPUESTO N° 0001-00052960 (CAPS BO. BELGRANO Y GUARDIA),000115,,1,N
2025,3869,3836,1,3957,3180,2025-07-17 00:00:00,SUM,3784,2025,O,,,,CARLA MARINA MARTINEZ   PROGRAMACION INCAA,000115,,1,N
2025,3873,3842,1,3959,2675,2025-07-17 00:00:00,SUM,3786,2025,O,,,,PROV.NOWE CAROLINA PRESUP.0573 REPUESTOS PARA FORD F100 SNG651,000115,,1,N
2025,3875,3844,1,3960,313,2025-07-17 00:00:00,SUM,3790,2025,O,,,,PROV. ATREUCO PUEL COMBUSTIBLE PARA MAQUINAS Y VEHICULOS DE ESTA SECRETARIA,000115,,1,N
2025,3877,3846,1,3961,2421,2025-07-17 00:00:00,SUM,3772,2025,O,,,,PROV.OTERMIN GERMAN PRES.14/07/2025 COLOCACION DE RASTREADOR CAMION IVECO AE388ZE,000115,,1,N
2025,3879,3848,1,3962,1879,2025-07-17 00:00:00,SUM,3770,2025,O,,,,PROV. DANIEL ZUBIARRAIN PRESUP.3016 REPUESTOS PARA MERCEDES SPRINTER DKT498,000115,,1,N
2025,3880,3849,1,3987,2110,2025-07-17 00:00:00,SUM,3740,2025,O,,,,EDUARDO FUMEGA- PRESUPUESTO N° 470 (FARMACIA Y CAPS NORTE),000115,,1,N
2025,3881,3850,1,3988,2110,2025-07-17 00:00:00,SUM,3741,2025,O,,,,EDUARDO FUMEGA- PRESUPUESTO N° 471 (GUARDIA I GINECOLOGIA),000115,,1,N
2025,3882,3851,1,3989,527,2025-07-17 00:00:00,SUM,3739,2025,O,,,,SERVIMED- PRESUPUESTO N° 1962/25 (TERAPIA),000115,,1,N
2025,3883,3852,1,3990,134,2025-07-17 00:00:00,FACT,3727,2025,O,,,,SORRENTINO DROGUERIA - PRESUPUESTO S/N FECHA 10/6/25 (FARMACIA HOSPITAL),000115,,1,N
2025,3885,3854,1,4010,160,2025-07-17 00:00:00,SUM,3803,2025,O,,,,AGROVETERINARIA MARZULLO- PRESUPUESTO N° 0001-00001104/1105/1107 (BROMATOLOGIA),000115,,1,N
2025,3887,3856,1,4006,300,2025-07-17 00:00:00,SUM,3806,2025,O,,,,"PINTURERIA FERRETERIA TODO COLOR - PRESUPUESTO N° 5533 (CAPS BELGRANO, CIC QUINTANILLA, AMBULANCIEROS, PLANTA OXIGENO, AIRE COMPRIMIDO)",000115,,1,N
2025,3888,3857,1,4007,300,2025-07-17 00:00:00,SUM,3807,2025,O,,,,PINTURERIA FERRETERIA TODO COLOR - PRESUPUESTO N° 5530 (MANTENIMIENTO Y INFORMATICA HOSPITAL),000115,,1,N
2025,3889,3858,1,4009,2450,2025-07-17 00:00:00,SUM,3805,2025,O,,,,LA FRUTERIA LABATUT MARCELO - PRESUPUESTO S/N FECHA 25/6/25,000115,,1,N
2025,3890,3859,1,3999,1890,2025-07-17 00:00:00,SUM,3799,2025,O,,,,Exp. 757/25 Alem - Venezuela - Trab. cordon cuneta - bacheo- pluviales - Prov. Ciardi Hnos - Presup.:0330454,000115,,1,N
2025,3891,3860,1,4000,300,2025-07-17 00:00:00,SUM,3813,2025,O,,,,PROV.SILVIA MAISTEGUI PRESUP.5532 ARTICULOS DE FERRETERIA PARA  PINTAR BARANDAS Y PAREDONES DE CANAL CALLE 33,000115,,1,N
2025,4285,4253,1,4405,879,2025-08-13 00:00:00,PRESU,1191,2025,O,,,,"PROV.CASA HARISGARAT PRESUP.1191,1189 PARA VIVERO MUNICIPAL,",000000,,1,N
2025,4287,4255,1,4406,879,2025-08-13 00:00:00,PRESU,1197,2025,O,,,,"PRESUPUESTO N° X 0001-00001197 de Tatano Harisgarat S.R.L. de ""CASA HARISGARAT"" Para granja de contención",000000,,1,N
2025,4290,4258,1,4407,879,2025-08-13 00:00:00,PRESU,1180,2025,O,,,,"PRESUPUESTO N° X 0001-00001180 - 1183 - 1184 de Tatano Harisgarat S.R.L. de ""CASA HARISGARAT"" Para instalar calefactor en sede y para la bloquera",000000,,1,N
2025,4292,4260,1,4408,169,2025-08-13 00:00:00,PRESU,962,2025,O,,,,"PRESUPUESTO N° 000962 de Terrano Lucas Hernán de ""TERRANOVAQUIMICA"" Para la granja de contención",000000,,1,N
2025,4294,4262,1,4409,169,2025-08-13 00:00:00,PRESU,964,2025,O,,,,"PRESUPUESTO N° 000964de Terranova, Lucas Hernán de""TERRANOVAQUIMICA"" Para la Casita de Chocolate",000000,,1,N
2025,4296,4264,1,4425,2595,2025-08-13 00:00:00,PRESU,7056,2025,O,,,,PROV.IVAN PERICO PRESUP.7056 PARA MERCEDES SPRIT EQM607,000000,,1,N
2025,4295,4263,1,4403,212,2025-08-13 00:00:00,SUM,4185,2025,O,,,,PROV.JOSE ANGEL FERNADEZ PRESUP.0065 REPARACION DE RADIADOR PARA MERCEDES BEZN 1114 UQV264,000115,,1,N
2025,4297,4265,1,4404,879,2025-08-13 00:00:00,SUM,4189,2025,O,,,,"PROV.CASA HARISGARAT PRESP.1188,1185,1205,1207 ARREGLOS CORDON ZUBIAURRE Y ALBERTI, URRUTIA Y SAAVEDRA,ZOOPI Y RIVADAVIA",000115,,1,N
2025,4299,4267,1,4422,2675,2025-08-13 00:00:00,SUM,4175,2025,O,,,,Copia de 2025/4174 PROV.CAROLINA NOWE PRESUP.0594 REPUESTOS  PARA MERCEDES SPRINTER EQM605,000115,,1,N
2025,4300,4268,1,4423,299,2025-08-13 00:00:00,SUM,4173,2025,O,,,,PROV.JOSE LUIS FERNADEZ PRESUP.0014 REPARACION DE RADIADOES PARA MERCEDES BENZ 1114 TGL092 FORD 14000 AWZ490,000115,,1,N
2025,4301,4269,1,4424,604,2025-08-13 00:00:00,SUM,4172,2025,O,,,,PROV.ITURRARTE GUSTAVO PRESUP.8/8/2025 REPUESTO PARA FORD 14000 AWK675,000115,,1,N
2025,4302,4270,1,4435,452,2025-08-13 00:00:00,SUM,4227,2025,O,,,,"PRESUPUESTO 2067, ABDO JOSE",000115,,1,N
2025,4339,4306,1,4474,300,2025-08-20 00:00:00,SUM,4267,2025,O,,,,PROV.SILVIA MAISTEGUI PRESUP.5525 PARA ARREGLOS GENERALES CORRALON MUNICIPAL,000115,,1,N
2025,4934,4900,1,5083,1603,2025-10-06 00:00:00,SUM,4817,2025,O,,,,PRESUPUESTO N° 1342380-Panaderia ALEM- para Programa ESFUERZO SOLIDARIO.Septiembre 2025,000115,,1,N
2026,416,419,1,443,57,2026-01-23 00:00:00,SUM,399,2026,O,,,,IMPRENTA EL ARGENTINO. IRMA CRISTINA BONOMI.PRESUPUESTO Nº551.HEMOTERAPIA.,000115,,1,N
2026,417,421,1,444,441,2026-01-23 00:00:00,SUM,424,2026,O,,,,"PRESUPUESTO 3854, MATIENZO PAOLA",000115,,1,N
2026,418,422,1,445,441,2026-01-23 00:00:00,SUM,423,2026,O,,,,"PRESUPUESTO 3853,MATIENZO PAOLA",000115,,1,N
2026,419,423,1,446,688,2026-01-23 00:00:00,SUM,407,2026,O,,,,PRESUPUESTO N° 6953 - BATERIAS LA PRIMERA,000115,,1,N
2026,420,424,1,447,688,2026-01-23 00:00:00,SUM,409,2026,O,,,,PRESUPUESTO N° 6960 - BATERIAS LA PRIMERA,000115,,1,N
2026,421,425,1,452,2209,2026-01-23 00:00:00,SUM,442,2026,O,,,,PRESUPUESTO N° 0822 - DISTRIBUIDOR A DEL SUDESTE - CIERRE PROGRAMA ABUELOS,000115,,1,N
2026,423,426,1,457,1837,2026-01-23 00:00:00,SUM,203,2026,O,,,,DISTRILAB SERGIO FERNANDEZ- PRESUPUESTO N° S00315 (SERVICIO DE ODONTOLOGIA),000115,,1,N
2026,425,428,1,459,850,2026-01-23 00:00:00,SUM,426,2026,O,,,,UNO ELECTROMEDICINA- PRESUPUESTO N° 00003-00014775 (LABORATORIO DE ANALISIS),000115,,1,N
2026,426,429,1,458,850,2026-01-23 00:00:00,SUM,427,2026,O,,,,UNO ELECTROMEDICINA - PRESUPUESTO N° 00003-00014663 (LABORATORIO DE ANALISIS),000115,,1,N
2026,427,430,1,460,3322,2026-01-23 00:00:00,SUM,428,2026,O,,,,PINAMAR HIGIENE INSTITUCIONAL- PRESPUESTO N° 0016-00002299/2300/2301 (LAVADERO-COCINA),000115,,1,N
2026,428,431,1,461,3322,2026-01-23 00:00:00,SUM,429,2026,O,,,,PINAMAR HIGIENE INSTITUCIONAL- PRESUPUESTO N° 0016-00002302/2303/2304/2305 (COCINA-LAVADERO),000115,,1,N
2026,429,432,1,462,2878,2026-01-23 00:00:00,SUM,434,2026,O,,,,PRESUPUESTO LOPEZ LEONARDO 21/01/26,000115,,1,N
2026,430,433,1,449,17,2026-01-26 00:00:00,SUM,432,2026,O,,,,presupuesto 0058  Motomaquinarias Luis,000115,,1,N
2026,431,434,1,450,2330,2026-01-26 00:00:00,SUM,435,2026,O,,,,"COMBUSTIBLE DEL SALADO, VEHICULOS AB603TW/MKF817",000115,,1,N
2026,432,435,1,451,1259,2026-01-26 00:00:00,SUM,433,2026,O,,,,"Electro Dannunzio, presupuesto 30007 (COM)",000115,,1,N
2026,433,436,1,453,17,2026-01-26 00:00:00,SUM,430,2026,O,,,,"PROV. LUIS LOMBARDIA PRESUP.0057  INSUMOS Y REPUESTOS PARA MOTOGUADAÑAS,MOTOSIERRAS, MAQUINAS CORTA PASTO",000115,,1,N
2026,434,437,1,455,1876,2026-01-26 00:00:00,SUM,422,2026,O,,,,MAX CONTINENTAL- PRESUPUESTO N° 19/01/2026 (FARMACIA- QUIROFANO),000115,,1,N
2026,435,438,1,454,17,2026-01-26 00:00:00,SUM,417,2026,A,2026-01-29 00:00:00,ADMINI,,PROV.LUIS LOMBARDIA PRESUP.0059 REPUESTOS E INSUMOS PARA MAQUINAS CORTA PASTO MOTOGUADAÑAS,000115,,1,N
2026,451,454,1,483,163,2026-01-27 00:00:00,SUM,472,2026,O,,,,"PRESUPUESTO 079-7027,ALFIO DISTEFANO",000115,,1,N
2026,452,455,1,484,163,2026-01-27 00:00:00,SUM,471,2026,O,,,,PROV.ALFIO DISTEFANO PRESUP.079-7029 REPARACION DE PALA CARGADORA FIAT ALLIS  G140,000115,,1,N
2026,453,456,1,485,2337,2026-01-27 00:00:00,SUM,474,2026,O,,,,CORRESPONDE CONTRATO GERMAN VON SALDERN,000115,,1,N
2026,454,457,1,486,2330,2026-01-27 00:00:00,SUM,476,2026,O,,,, PROV. COMBUSTIBLE DEL SALADO- SEC PRODUCCION- PREVISION,000115,,1,N
2026,455,458,1,488,169,2026-01-27 00:00:00,SUM,467,2026,O,,,,TERRANOVA QUIMICA. PRESUPUESTO Nº 001017.QUIROFANO-INTERNACION.,000115,,1,N
2026,456,459,1,489,87,2026-01-27 00:00:00,SUM,452,2026,O,,,,DROGUERIA DANA- PRESUPUESTO N° 16/01/2026 (FARMACIA),000115,,1,N
2026,457,460,1,490,216,2026-01-27 00:00:00,SUM,455,2026,O,,,,FAE- PRESUPUESTO N° 4921548 (COCINA),000115,,1,N
2026,458,461,1,487,1259,2026-01-27 00:00:00,SUM,18,2026,O,,,,"PRESUPUESTO 00030025, SUC DANNUNZIO JORGE",000115,,1,N
2026,459,462,1,491,1943,2026-01-27 00:00:00,SUM,462,2026,O,,,,B - GATE PRESUPUESTO0005 - 00007342  MANTENIMIENTO PREVENTIVO BGOX - 6,000115,,1,N
2026,460,463,1,492,1810,2026-01-27 00:00:00,SUM,454,2026,O,,,,AC REFRIGERACION. ADOLFO CATALDO. PRESUPUESTO Nº 000376.TOMOGRAFO Y QUIROFANO.,000115,,1,N
2026,461,464,1,493,1524,2026-01-27 00:00:00,SUM,478,2026,O,,,,IMAGENES TANDIL COTIZACION 50315,000115,,1,N
2026,462,465,1,494,3322,2026-01-27 00:00:00,SUM,475,2026,O,,,,PINAMAR HIGIENE INSTITUCIONAL- PRESPUESTO N° 0016-00002321/2322/2323/2324 (LAVADERO-COCINA- OFFICE DE MUCAMAS),000115,,1,N
2026,463,466,1,495,1078,2026-01-27 00:00:00,SUM,456,2026,O,,,,OPAZO DANIEL- PRESUPUESTO N° 20/01/2026 (OFICCE DE ENFERMERIA),000115,,1,N
2026,464,467,1,496,167,2026-01-27 00:00:00,SUM,458,2026,O,,,,TODO POLLO-  PRESUPUESTO N° 69 (COCINA) DESDE EL14/01/26 AL 21/01/26,000115,,1,N
2026,465,468,1,497,167,2026-01-27 00:00:00,SUM,459,2026,O,,,, TODO POLLO-  PRESUPUESTO N° 70 (HOGAR DE ANCIANOS ) DESDE EL 21/01/26 AL 28/01/26,000115,,1,N
2026,466,469,1,498,2627,2026-01-27 00:00:00,SUM,461,2026,O,,,,SANTA PAULA- PRESUPUESTO N° 0001-00002169 (COCINA) DESDE EL 19/01/26 AL 26/01/26,000115,,1,N
2026,467,470,1,499,2427,2026-01-27 00:00:00,SUM,465,2026,O,,,,REFRIGERACON ADIS- PRESUPUESTO N° 118,000115,,1,N
2026,468,471,1,500,171,2026-01-27 00:00:00,SUM,466,2026,O,,,,ELECTRICIDAD EL GALLEGO- PRESUPUESTO N° 0001-00054672( INTERNACION),000115,,1,N
2026,555,558,1,589,3322,2026-02-03 00:00:00,PRESU,2340,2026,O,,,,PINAMAR HIGIENE INSTITUCIONAL SRL- PRESUPUESTO N° 0016-00002340/2345 (LAVADERO- ADMINISTRACION),000000,,1,N
2026,581,584,1,614,685,2026-02-05 00:00:00,PRESU,0,2026,A,2026-02-11 00:00:00,ADMINI,,"PRESUPUESTO DEL 4/02/2026, DRAGOJEVIC SIMON",000000,,1,N
2026,557,560,1,586,2427,2026-02-03 00:00:00,PRESU,117,2026,O,,,,REFRIGERACION ADIS- PRESUPUESTO N° 117,000000,,1,N
2026,559,562,1,583,776,2026-02-03 00:00:00,PRESU,728,2026,O,,,,PRESUPUESTO 0728 VERDUM CRISTOBAL VEHICULO DOMINIO AF545GL,000000,,1,N
2026,560,563,1,580,1936,2026-02-03 00:00:00,PRESU,0,2026,O,,,,PRESUPUESTO CONRADO GUBITTA JUAN INDUMENTARIA PARA PERSONAL DE MANTENIMIENTO - SEGURIDAD - INFOMARTICA - ELECTROMEDICINA,000000,,1,N
2026,561,564,1,606,1514,2026-02-04 00:00:00,SUM,564,2026,O,,,,PROV. CASA ELICEIRY GASOIL PARA MAQUINAS DE PREDIOS DISPOSICION FINAL DE RESIDUOS RUTA 11 KM 405.5,000115,,1,N
2026,562,565,1,605,1514,2026-02-04 00:00:00,SUM,563,2026,O,,,,PROV. CASA ELICEIRY GAS OIL PARA FLOTA VEHICULAR DE ESTA SECRETARIA,000115,,1,N
2026,563,567,1,590,1876,2026-02-04 00:00:00,SUM,542,2026,O,,,,MAX CONTINENTAL- PRESUPUESTO N° 0001-00158849/158994/159040,000120,,1,N
2026,569,569,1,587,3184,2026-02-04 00:00:00,SUM,534,2026,O,,,,DROGUERIA PERDOMIINICI- PRESUPUESTO N° 27/01/2026,000115,,1,N
2025,3783,3752,1,3878,2595,2025-07-11 00:00:00,PRESU,6727,2025,O,,,,"Ivanper, presupuesto 6727",000000,,1,N
2025,3785,3755,1,3877,2595,2025-07-11 00:00:00,PRESU,6781,2025,O,,,,"Ivanper, presupuesto 6781",000000,,1,N
2025,3567,3552,1,3675,3337,2025-07-01 00:00:00,SUM,3522,2025,O,,,,PROV. FEDERICO GARCIA PRESUP.0584 REPARACION DE FORD 14000 SOG742 MERCEDES BENZ 1114 XNE244,000115,,1,N
2025,3574,3559,1,3693,454,2025-07-02 00:00:00,PRESU,257,2025,O,,,,"Radiadores Bustamante, presupuesto 0257 (radiadores de calefaccion para vehiculos de patrulla- fg-fh-ff-voyage 930- saveiro oig911)",000000,,1,N
2025,3600,3585,1,3729,3322,2025-07-02 00:00:00,PRESU,1822,2025,O,,,,PINAMAR HIGIENE INSTITUCIONAL - PRESUPUESTO N° 16-1822 (LAVADERO HOSPITAL),000000,,1,N
2025,3602,3587,1,3718,17,2025-07-02 00:00:00,PRESU,123,2025,O,,,,MOTOMAQUINARIAS LUIS - PRESUPUESTO N° 123 (MANTENIMIENTO),000000,,1,N
2025,3603,3588,1,3719,17,2025-07-02 00:00:00,PRESU,126,2025,O,,,,MOTOMAQUINARIAS LUIS - PRESUPUESTO N° 126 (BROMATOLOGIA),000000,,1,N
2025,3604,3589,1,3720,71,2025-07-02 00:00:00,PRESU,14594,2025,O,,,,PROVEEDURIA CAMPO Y CIUDAD - PRESUPUESTO N° 1-14594 (INTERNACION HOSPITAL),000000,,1,N
2025,3605,3590,1,3721,71,2025-07-02 00:00:00,PRESU,14851,2025,O,,,,PROVEEDURIA CAMPO Y CIUDAD - PRESUPUESTO N° 1-14851 Y 1-14855 (BROMATOLOGIA),000000,,1,N
2025,3606,3591,1,3722,2209,2025-07-02 00:00:00,PRESU,708,2025,O,,,,DURANTE JAVIER - PRESUPUESTO N° 1-708 Y 1-710 (HOGAR ANCIANOS Y COCINA HOSPITAL),000000,,1,N
2025,3607,3592,1,3723,2209,2025-07-02 00:00:00,PRESU,709,2025,O,,,,DURANTE JAVIER - PRESUPUESTO N° 1-709 (COCINA HOGAR HOSPITAL),000000,,1,N
2025,3608,3593,1,3724,3322,2025-07-02 00:00:00,PRESU,1839,2025,O,,,,PINAMAR HIGIENE INSTITUCIONAL - PRESUPUESTO N° 16-1839 (LAVADERO HOSPITAL),000000,,1,N
2025,3609,3594,1,3725,3322,2025-07-02 00:00:00,PRESU,1840,2025,O,,,,PINAMAR HIGIENE INSTITUCIONAL - PRESUPUESTO N° 16-1840 (LAVADERO HOSPITAL),000000,,1,N
2025,3610,3595,1,3726,3322,2025-07-02 00:00:00,PRESU,1798,2025,O,,,,PINAMAR HIGIENE INSTITUCIONAL - PRESUPUESTO N° 16-1798 Y 16-1842 (LAVADERO HOSPITAL),000000,,1,N
2025,3611,3596,1,3727,3322,2025-07-02 00:00:00,PRESU,1823,2025,O,,,,PINAMAR HIGIENE INSTITUCIONAL - PRESUPUESTO N° 16-1823 (LAVADERO HOSPITAL),000000,,1,N
2025,3649,3619,1,3743,1478,2025-07-07 00:00:00,SUM,3619,2025,O,,,,"Gesell Seguridad, renovacion de contrato periodo julio- diciembre",000115,,1,N
2025,3650,3620,1,2605,2110,2025-07-07 00:00:00,SUM,2517,2025,O,,,,"PRESUPUESTO 438, FUMEGA EDUARDO",000115,,1,N
2025,3659,3629,1,3802,3287,2025-07-07 00:00:00,SUM,3585,2025,O,,,,hispanograf - Avellaneda 7163 - presupuesto 1771 - vinilo delegacion sur,000115,,1,N
2025,3662,3632,1,3823,1890,2025-07-07 00:00:00,SUM,3618,2025,O,,,,Expte. 757/25 - Alem - Venezuela - Trab. cordon cuneta - bacheo- pluviales - Prov. Ciardi Hnos. presup.,000115,,1,N
2025,3664,3635,1,3803,3287,2025-07-07 00:00:00,SUM,3586,2025,O,,,,Corresponde presupuesto n °1794- AVELLANEDA,000115,,1,N
2025,3667,3637,1,3804,3262,2025-07-07 00:00:00,SUM,3592,2025,O,,,,PROV. FGC FUELS MARKET  GAS OIL PARA MAQUINAS DE PREDIOS DISPOSICION FINAL DE RESIDUOS RUTA 11 KM 405.5,000115,,1,N
2025,3673,3644,1,3805,604,2025-07-07 00:00:00,SUM,3590,2025,A,2025-08-20 00:00:00,ADMINI,,PROV.PROCAM GUSTABO ARIEL ITURRARTE PRESUP.11296 REPUSTO PARA FORD 14000 DMI232,000115,,1,N
2025,3678,3648,1,3806,3032,2025-07-07 00:00:00,SUM,3604,2025,O,,,,PROV.ALBANDOTS MARIA PRESUP.31792 CORTE DE DURMIENTES PARA ESTACIONAMIENTO  CALLE VENEZUELA Y CALLE ALEM,000115,,1,N
2025,3680,3650,1,3807,436,2025-07-07 00:00:00,SUM,3600,2025,O,,,,"PROV. BAIGORRIA LORENZO PRESUP.02/07/2025 PARCHES Y REPARACIONES PARA  MAQUINAS Y VEHICULOS AWZ675,XNE245,DMI232,BNA17,BGZ37,LED010,CII58,AF947IJ",000115,,1,N
2025,3686,3656,1,3781,167,2025-07-07 00:00:00,SUM,3570,2025,O,,,,TODO POLLO - PRESUPUESTO N° 10 Y 11 (COCINA HOSPITAL),000115,,1,N
2025,3691,3661,1,3784,2958,2025-07-07 00:00:00,SUM,3569,2025,O,,,,AVICOLA DEL TUYU - PRESUPUESTO N° 8-2557 (COCINA HOSPITAL),000115,,1,N
2025,3698,3668,1,3773,3420,2025-07-07 00:00:00,SUM,3576,2025,O,,,,FARMACIA VERA - PRESUPUESTO N° 1-19529 (FARMACIA HOSPITAL),000115,,1,N
2025,3704,3674,1,3774,3184,2025-07-07 00:00:00,SUM,3577,2025,O,,,,DROGUERIA PERDOMINICI - PRESUPUESTO S/N FECHA 27/6/25 (FARMACIA HOSPITAL),000115,,1,N
2025,3709,3679,1,3775,160,2025-07-07 00:00:00,SUM,3578,2025,O,,,,"AGROVETERINARIA MARZULLO - PRESUPUESTO N° 1-1098, 1-1100 Y 1-1101 (BROMATOLOGIA)",000115,,1,N
2025,3714,3684,1,3776,300,2025-07-07 00:00:00,SUM,3574,2025,O,,,,"PINTURERIA FERRETERIA TODO COLOR - PRESUPUESTO N° 5512 (CIC, ESTIMULACION TEMPRANA)",000115,,1,N
2025,3715,3685,1,3817,3296,2025-07-07 00:00:00,SUM,3461,2025,O,,,,Exp.:1448/25 Trabajos de Mantenimiento en Defensoria - Prov.:Pintureria Concepto - Presup.:2163;2128;2127;2078;2079;2056,000115,,1,N
2025,3716,3686,1,3800,879,2025-07-07 00:00:00,SUM,3551,2025,O,,,,Exp.:380/25 Sol. Revisión de Edificio HCD - Prov.:Casa Harisgarat - Presup.:01174,000115,,1,N
2025,3717,3687,1,3799,879,2025-07-07 00:00:00,SUM,3560,2025,O,,,,Exp.:253/21 Sol. revisión de la instalación de gas - Prov.:Casa Harisgarat - Presup.:01166,000115,,1,N
2025,3718,3688,1,3816,2110,2025-07-07 00:00:00,SUM,3539,2025,A,2025-11-04 00:00:00,ERROR,,Exp.:1811/21 PREIMBA - PROYECTO PARQUE DE LA ESTACIÓN - Prov.:Fumega Eduardo - Presup.:Contrato,000115,,1,N
2025,3719,3689,1,3815,2346,2025-07-07 00:00:00,SUM,3537,2025,O,,,,Exp.:1811/21 PREIMBA - PROYECTO PARQUE DE LA ESTACIÓN - Prov.:Betanzo Juan Cruz - Presup.:S/N,000115,,1,N
2025,3720,3690,1,3782,57,2025-07-07 00:00:00,SUM,3568,2025,O,,,,"IMPRENTA EL ARGENTINO - PRESUPUESTO N° 520 (CIRUGIA, RECETARIOS)",000115,,1,N
2025,3826,3795,1,3933,3075,2025-07-15 00:00:00,SUM,3787,2025,O,,,,"Correa Lorente Juan Martín ,pedido 1320",000115,,1,N
2025,3829,3798,1,3949,1259,2025-07-15 00:00:00,SUM,3760,2025,O,,,,PROV.ELECTRO DANNUNZIO PRESP.28550 REPUESTOS PARA TANQUE DE DEFENSA CIVIL,000115,,1,N
2025,3830,3799,1,3950,3287,2025-07-15 00:00:00,SUM,3761,2025,O,,,,PROV. HISPANOGRAF PRESUP.1803 CARTEL PARA PLAZOLETA CARDOZO,000115,,1,N
2025,3831,3800,1,3946,300,2025-07-15 00:00:00,SUM,3676,2025,O,,,,"PRESUPUESTO N° 00005508  de Silvia  Beatriz Maistegui de ""PINTURERIA - FERRETERIA TODO COLOR"" Para prestaciones, la bloquera, la cuadrilla, casita de chocolate",000115,,1,N
2025,3833,3802,1,3943,169,2025-07-15 00:00:00,SUM,3738,2025,O,,,,"PRESUPUESTO N° 000934 de Terranova, Lucas Hernán de ""TERRANOVAQUIMICA"" Para la granja de contención",000115,,1,N
2025,3836,3805,1,3938,3390,2025-07-15 00:00:00,SUM,3734,2025,O,,,,"PRESUPUESTO N° X 0001-00000046 de Norberto Martín Morales de ""Alta Morena Panadería - Regalería""",000115,,1,N
2025,3837,3806,1,3939,2843,2025-07-15 00:00:00,SUM,3736,2025,O,,,,"Expte N°159/25 Proyecto de Talleres Programa Envión. PRESUPUESTO N° X 7848544 de Tamara Rost de ""Frutería Negrin"" Taller Cocina",000115,,1,N
2025,3845,3814,1,3798,71,2025-07-16 00:00:00,SUM,3560,2025,O,,,,Prov.:Campo y Ciudad - Presup.:014862 - PARA EL AREA DE SOSP,000115,,1,N
2025,3849,3818,1,3956,2209,2025-07-16 00:00:00,SUM,3825,2025,O,,,,Distribuidora del Sudeste.Durante Javier,000115,,1,N
2025,3852,3821,1,3991,1259,2025-07-17 00:00:00,SUM,3755,2025,O,,,,"ELECTRO DANNUNZIO - PRESUPUESTO N° 28591 Y 28601 (MATERNIDAD, CONSULTORIO EXTERNOS, PEDIATRIA, PSICOLOGIA, DISCAPACIDAD HOSPITAL Y CAPS SAN MARTIN)",000115,,1,N
2025,3855,3825,1,3992,2595,2025-07-17 00:00:00,SUM,3754,2025,O,,,,IVANPER REPUESTOS - PRESUPUESTO N° 6825 Y 6989 (CHOFERES Y AMBULANCIA N°9),000115,,1,N
2025,3857,3827,1,3972,3322,2025-07-17 00:00:00,SUM,3780,2025,O,,,,PINAMAR HIGIENE INSTITUCIONAL - PRESUPUESTO N° 16-1851 (LAVADERO HOSPITAL),000115,,1,N
2025,3861,3829,1,3973,441,2025-07-17 00:00:00,SUM,3779,2025,O,,,,PAPELERA ALPA - PRESUPUESTO N° 2-3700 Y 2-3704 (COCINA Y HOGAR DE ANCIANOS),000115,,1,N
2025,4487,4454,1,4617,57,2025-09-01 00:00:00,SUM,4389,2025,O,,,,EL ARGENTINO- PRESUPUESTO N° 534/535 (ENFERMERIA),000115,,1,N
2025,4488,4456,1,4613,441,2025-09-01 00:00:00,SUM,4393,2025,O,,,,"PRESUPUESTO 3742/3748/3743/3744, MATIENZO PAOLA AMELIA",000115,,1,N
2025,4490,4457,1,4623,2470,2025-09-01 00:00:00,SUM,4384,2025,O,,,,PROV.LS PROTEC S.R.L PRESP.27/08/25 ARTICULOS  DE TRABAJO PARA AGENTES MUNICIPALES,000115,,1,N
2025,4491,4458,1,4622,1626,2025-09-01 00:00:00,SUM,4383,2025,O,,,,PROV.VOLTIOS PRESP.200825 REPARACION DE BOMBA CENTRIFUGA DE 1.5 HP,000115,,1,N
2025,4492,4459,1,4619,2883,2025-09-01 00:00:00,SUM,4386,2025,O,,,,INSUMOS GENERALES SRL- PRESUPUESTO N° 25/08/2025,000115,,1,N
2025,4493,4460,1,4615,2843,2025-09-01 00:00:00,SUM,4363,2025,O,,,,"PRESUPUESTO N° 7848548 de ROST, TAMARA de ""Frutería Negrin"" Plan alimentario 205",000115,,1,N
2025,4496,4463,1,4627,3287,2025-09-01 00:00:00,FACT,4396,2025,O,,,,"PRESUPUESTO N° 1827 de ""HISPANOGRAF"" Flyders y afiches de Familias Solidarias",000115,,1,N
2025,4497,4464,1,4628,169,2025-09-01 00:00:00,SUM,4395,2025,O,,,,"PRESUPUESTO N° 000972 de Terranova, Lucas Hernán de ""TERRANOVAQUIMICA"" Para la Casita de Chocolate se lava toallas, sábanas, repasadores, ect.",000115,,1,N
2025,4499,4466,1,4629,1098,2025-09-01 00:00:00,SUM,4394,2025,O,,,,"PRESUPUESTO de ""CARRERA M. VALENTIN"" Plan Diabéticos Agosto 2025",000115,,1,N
2025,4500,4468,1,4630,285,2025-09-01 00:00:00,SUM,4390,2025,O,,,,RADIOGRAFICAOESTE- PRESUPUESTO N° 100050441 (LABORATORIO),000115,,1,N
2025,4514,4480,1,4653,441,2025-09-02 00:00:00,SUM,4426,2025,O,,,,"Matienzo Paola ,presupuesto 00003765",000115,,1,N
2025,4516,4483,1,4650,441,2025-09-02 00:00:00,SUM,4416,2025,O,,,,ALPA- PRESUPUESTO N° 0002-00003758/3760 (QUIROFANO-RAYOS-COCINA),000115,,1,N
2025,4517,4484,1,4647,2627,2025-09-02 00:00:00,SUM,4425,2025,O,,,,SANTA PAULA- PRESUPUESTO N° 0001-0002106/2108/2109 (COCINA),000115,,1,N
2025,4519,4486,1,4644,313,2025-09-02 00:00:00,SUM,4420,2025,O,,,,PROV. ATRUCO PUEL COMBUSTIBLE PARA MAQUINAS Y VEHICULOS DE ESTA SECRETARIA,000115,,1,N
2025,4522,4489,1,4641,441,2025-09-02 00:00:00,SUM,4408,2025,O,,,," PROV. PAPELERA ALPA ""Matienzo Paola"". PRESU. N°3738/N°3752/N°3757- SEC. PRODUCCION-",000115,,1,N
2025,4568,4534,1,4712,2261,2025-09-08 00:00:00,SUM,4467,2025,O,,,,"PROV.ENCENDIDO AVELLANEDA PRESUP.6992 REPUESTOS PARA FORD 14000 AWK490,TGL092",000115,,1,N
2025,4572,4537,1,4713,1578,2025-09-08 00:00:00,SUM,4464,2025,O,,,,Corresponde presupuesto N° 00000374 - Ferraro Liliana Noemi,000115,,1,N
2025,4574,4540,1,4710,2261,2025-09-08 00:00:00,SUM,4466,2025,O,,,,PROV.ENCENDIDO AVELLANEDA PRESUP.6987 RECARGA DE MATAFUERO PARA OFICINA DE DEFENSA CIVIL,000115,,1,N
2025,4576,4542,1,4709,69,2025-09-08 00:00:00,SUM,4459,2025,O,,,,PROV. ADRIAN OLIVERA PRESUP.03/09/2025 GARRAFA PARA CEMENTERIO,000115,,1,N
2025,4578,4544,1,4706,2869,2025-09-08 00:00:00,SUM,4476,2025,O,,,,"PRESUPUESTO 873/869/871, MADA POY S,A",000115,,1,N
2025,4580,4546,1,4703,3322,2025-09-08 00:00:00,SUM,4455,2025,O,,,,"PINAMAR HIGIENE INSTITUCIONAL S.R.L , PRES. N° 0016-00001962/1958 (COCINA - HOGAR DE ANCIANOS)",000115,,1,N
2025,4582,4549,1,4700,2627,2025-09-08 00:00:00,SUM,4460,2025,O,,,,SANTA PAULA-  PRESUPUESTO N° 2107 (HOGAR DE ANCIANOS),000115,,1,N
2025,4586,4552,1,4704,1603,2025-09-08 00:00:00,SUM,4453,2025,O,,,,PANADERIA ALEM - PRESUPUESTO N° 1342375 HOSPITAL Y HOGAR DE ANCIANOS,000115,,1,N
2025,4587,4553,1,4716,1440,2025-09-08 00:00:00,SUM,4434,2025,O,,,,QUALIMED- PRESUPUESTO N° 71 (UTI),000115,,1,N
2025,4588,4554,1,4718,2310,2025-09-08 00:00:00,SUM,4478,2025,O,,,,PROV. CENTRO HIERRO PRESUP.7184 PARA FABRICACION CARRO FUNERARIO CEMENTERIO MUNICIPAL,000115,,1,N
2025,4589,4555,1,4719,164,2025-09-08 00:00:00,SUM,4486,2025,O,,,,PROV.JOSE OSCAR CORREA PRESUP.0208 ARREGLO ELECTRICO EN PREDIO DISPOSICION FINAL RUTA 11 405.5,000115,,1,N
2025,4590,4556,1,4720,1477,2025-09-08 00:00:00,SUM,4487,2025,O,,,,PROV. FEDERICO SOLARI  PRESUP.04/09/2025 REPARACION PARA MOTONIVELADORA NEW HOLLAND CII59  Y MINICARGADORA MUSTANG BZ14,000115,,1,N
2025,4591,4557,1,4721,492,2025-09-08 00:00:00,SUM,4514,2025,O,,,,MAXIMO PINASCO S.A- PRESUPUESTO N° 1000382331 (DOMINIO: AF591SU),000115,,1,N
2025,4696,4660,1,4825,688,2025-09-16 00:00:00,SUM,4584,2025,O,,,,PRESUPUESTO N° 06773 - BATERIAS LA PRIMERA / BATERIA PARA VEHICULO MUNICIPAL IVECO (DOMINIO: MKF 817),000115,,1,N
2025,4699,4663,1,4827,879,2025-09-16 00:00:00,SUM,4617,2025,O,,,,"PREUPUESTO 1233, TATANO HARISGARAT SRL",000115,,1,N
2025,4701,4666,1,4828,879,2025-09-16 00:00:00,SUM,4615,2025,O,,,,"PRESUPUESTO 1232, TATANO HARISGARAT SRL",000115,,1,N
2025,4706,4670,1,4830,2208,2025-09-16 00:00:00,ORDCO,4612,2025,O,,,,"PRESUPUESTO 389, MARTIN LOMBARDI",000115,,1,N
2025,4708,4672,1,4829,3336,2025-09-16 00:00:00,SUM,4609,2025,O,,,,PROV.ROCIO MORALES PRESP.15/9/25 REPARACION DE CAMION IVECO PJY978,000115,,1,N
2025,4714,4678,1,4848,313,2025-09-16 00:00:00,SUM,4634,2025,A,2025-09-16 00:00:00,ERROR,,Corresponde Atreuco Puel S.A -,000115,,1,N
2025,4716,4679,1,4850,313,2025-09-16 00:00:00,SUM,4634,2025,O,,,,Corresponde Atreuco Puel S.A -,000115,,1,N
2025,4718,4682,1,4847,3170,2025-09-16 00:00:00,EXPED,1650,2025,O,,,,"PRESUPUESTO 0000, MAURICIO OSCAR GARCIA MACCHI,EXPTE 1650/25",000115,,1,N
2025,4736,4701,1,4866,2208,2025-09-18 00:00:00,PRESU,388,2025,O,,,,"PRESUPUESTO N° 388 de ""MARTIN S. LOMBARDI"" Arreglo de luz eléctrica en la casita de chocolate",000000,,1,N
2025,4737,4702,1,4865,879,2025-09-18 00:00:00,PRESU,1229,2025,O,,,,"PRESUPUESTO N° X 0001-00001229 de Tatano Harisgarat S.R.L. de ""CASA HARISGARAT"" Para arreglos en habitación en la granja de contención",000000,,1,N
2025,4738,4703,1,4864,2209,2025-09-18 00:00:00,PRESU,756,2025,O,,,,"Expte N°: 159/25 Proyecto de Talleres Programa Envión- PRESUPUESTO N° X 0001-00000756 de Durante, Javier de ""DISTRIBUIDORA DEL SUDESTE"" Encuentro Deportivo",000000,,1,N
2025,5334,5287,1,5473,2636,2025-11-13 00:00:00,SUM,5208,2025,O,,,,"Suarez Juan Manuel ,presupuesto N° 00000083",000115,,1,N
2025,5335,5289,1,5474,879,2025-11-13 00:00:00,SUM,5090,2025,O,,,,"PRESUPUESTOS N° X 0001-00001008  / 1014 de Tatano Harisgarat S.R.L. de ""CASA HARISGARAT"" Para la cuadrilla de desarrollo social",000115,,1,N
2025,5338,5292,1,5475,2636,2025-11-13 00:00:00,SUM,5192,2025,O,,,,"Expte N° 159/25 Proyecto de Talleres Programa Envión PRESUPUESTOS N° 00000084/85/86/89 de Juan Manuel Suarez de ""CARPINTERIA DE ALUMNINIO VIDRIERIA SUAREZ"" Taller de macramé,",000115,,1,N
2025,5340,5294,1,5488,3521,2025-11-13 00:00:00,SUM,5227,2025,O,,,,"Suszczyk Claudio Fabio,presupuesto N°0001-00000122 Topadora  New Holland EUF96",000115,,1,N
2025,5343,5297,1,5496,2680,2025-11-13 00:00:00,SUM,5225,2025,O,,,,"EISIC-GAS, Eijo Marcelo Alejandro.PRESUPUESTO Nº 41.INTERNACION,MANTENIMIENTO,GUARDIA,ADMISION,PEDIATRIA,HOGAR,GALPON.",000115,,1,N
2025,5412,5366,1,5568,3483,2025-11-20 00:00:00,SUM,5295,2025,O,,,,GARAY FRANCO  EXPTE 1397/25,000029,,1,N
2026,118,118,1,115,212,2026-01-09 00:00:00,SUM,148,2026,O,,,,PROV.JOSE ANGEL FERNADEZ PRESUP.0071 REPARACION DE RADIADOR PARA FORD 14000 ASZ490,000115,,1,N
2026,120,120,1,116,1879,2026-01-09 00:00:00,SUM,144,2026,O,,,,"PROV.DANIEL ZUBIARRAIN PRESUP.3035,3031 REPUSTOS PARA FLS723,INI856,KYV355",000115,,1,N
2026,121,121,1,117,17,2026-01-09 00:00:00,SUM,143,2026,O,,,,"PROV. LUIS LOMBARDIA PRESUP.0146 REPUSTOS PARA MOTOGUADAÑA, MOTOSIERRAS",000115,,1,N
2026,122,122,1,118,17,2026-01-09 00:00:00,SUM,142,2026,O,,,,PROV. LUIS LOMBARDIA PRESUP.0053 INSUMOS Y REPUESTOS PARA MAQUINAS CORTA PASTO,000115,,1,N
2026,123,123,1,119,436,2026-01-09 00:00:00,SUM,1,2026,O,,,,"PROV.BAIGORIA LORENZO PRESUP.02/01/2025 REPARACION DE  CAMARAS Y CUBIETRAS PARA  SVN719,SOG742, ASZ490,UWV265,BMV14, LED 013,AF947IJ CII58 VOLVO G710, PJY978 , J",000115,,1,N
2026,124,124,1,120,2558,2026-01-09 00:00:00,SUM,160,2026,O,,,,PROV.IGUI PRESUP.4495 PARA FUENTE DEL BICENTENARIO,000115,,1,N
2026,125,125,1,121,1626,2026-01-09 00:00:00,SUM,159,2026,O,,,,PROV.VOLTIOS PRESUP.06012026 REFLECTORES PARA PARCHE ANCHORENA Y PASEO DEL BICENTENARIO,000115,,1,N
2026,126,126,1,122,3122,2026-01-09 00:00:00,SUM,158,2026,O,,,,PROV. BERTRAND BELLEMUR PRESUP.07/01/2025 REPUESTOS PARA VW LED013,000115,,1,N
2026,136,136,1,143,413,2026-01-13 00:00:00,SUM,226,2026,O,,,,NEUMATICOS PASO. de AGUSTIN PASO. PRESUPUESTO Nº 0001-00003975.DOMINIO AF 548 KJ.,000115,,1,N
2026,139,139,1,144,441,2026-01-13 00:00:00,SUM,229,2026,O,,,,ALPA PAPELERA. PAOLA AMELIA MATIENZO. PRESUPUESTO Nº 0002-00003825.COCINA HOSPITAL.,000115,,1,N
2026,143,142,1,145,2450,2026-01-13 00:00:00,SUM,228,2026,O,,,,""" LA FRUTERIA"" LABATUT MARCELO.PRESUPUESTO COCINA HOGAR DE ANCIANOS Y COCINA HOSPITAL MUNICIPAL. MES DE DICIEMBR.E",000115,,1,N
2026,145,145,1,146,717,2026-01-13 00:00:00,SUM,237,2026,O,,,,PRESUPUESTO 021411 SOTO LUIS  INSUMOS PARA HOSPITAL Y HOGAR DE ANCIANOS,000115,,1,N
2026,149,148,1,147,2595,2026-01-13 00:00:00,SUM,254,2026,O,,,, PROV. REPUESTOS IVANPER. PRES. N°7898- SEC PRODUCCION,000115,,1,N
2026,156,156,1,152,688,2026-01-13 00:00:00,SUM,200,2026,O,,,,PRESUPUESTO N° 6935 - BATERIAS LA PRIMERA / LUBRICANTE USADO PARA QUEBRACHOS EN PREDIO MUNICIPAL,000115,,1,N
2026,158,158,1,155,1259,2026-01-13 00:00:00,SUM,266,2026,O,,,,Corresponde presupuesto N° 00029673 - Suc. Dannunzio,000115,,1,N
2026,159,159,1,157,17,2026-01-13 00:00:00,SUM,253,2026,O,,,,"Motomaquinarias Luis, presupuesto 056",000115,,1,N
2026,160,160,1,148,1879,2026-01-13 00:00:00,SUM,211,2026,O,,,,PRESUPUESTO N° 3039 - RODAMIENTOS TUYU -  PIEZA DE TRACTOR DE CORTAR CESPED,000115,,1,N
2026,162,162,1,193,1266,2026-01-13 00:00:00,SUM,100,2026,O,,,,"RENOVACION DE ABONO DE ALARMAS, 1° CUATRIMESTRE,EXPTE 20/2025",000115,,1,N
2026,163,163,1,196,1266,2026-01-13 00:00:00,SUM,103,2026,O,,,," RENOVACION DE ABONO DE ALARMA, 1° CUATRIMESTRE, EXPTE 20/2025",000115,,1,N
2026,164,164,1,197,1266,2026-01-13 00:00:00,SUM,104,2025,O,,,,"RENOVACION DE ABONO DE ALARMA, 1° CUATRIMESTRE, EXPTE 20/2025",000115,,1,N
2026,174,174,1,167,33,2026-01-13 00:00:00,SUM,267,2026,O,,,,"RENOVACION POLIZA, PCIA SEGUROS(33), POLIZA 10946164",000115,,1,N
2026,176,176,1,168,33,2026-01-13 00:00:00,SUM,265,2026,O,,,,"RENOVACION POLIZA, PCIA SEGUROS(33) POLIZA 10964164",000115,,1,N
2026,178,178,1,169,33,2026-01-13 00:00:00,SUM,263,2026,O,,,,"RENOVACION SEGUROS, PCIA SEGUROS(33), POLIZA 10964164",000115,,1,N
2026,180,180,1,170,33,2026-01-13 00:00:00,SUM,261,2026,O,,,,"RENOVACION POLIZA, PCIA SEGUROS(33), POLIZA 10946164",000115,,1,N
2026,181,182,1,171,33,2026-01-13 00:00:00,SUM,257,2026,O,,,,"RENOVACION POLIZA, PCIA SEGUROS(33), POLIZA 10946164",000115,,1,N
2026,189,189,1,208,3495,2026-01-13 00:00:00,SUM,235,2026,A,2026-01-21 00:00:00,ADMINI,,PROV. VIVERO GRANADOS PEDIDO NRO19544 PINO PARA PALACIO MUNICIPAL,000115,,1,N
2026,198,198,1,242,1514,2026-01-13 00:00:00,SUM,173,2026,O,,,,PROV.CASA ELICEIRY PRESUP.07/01/2026 ACEITES Y LUBRICANTES PARA TODA LA  FLOTA VEHICULAR DE ESTA SECRETARIA,000115,,1,N
2026,200,200,1,233,2209,2026-01-13 00:00:00,SUM,149,2026,O,,,,"Corresponde a Previsión de Durante, Javier de ""Distribuidora del Sudeste"" Para granja, prestaciones, sede, servicio local, envión,",000115,,1,N
2026,202,202,1,234,2843,2026-01-13 00:00:00,SUM,150,2026,O,,,,"Corresponde a Previsión de Rost, Tamara de ""Frutería y Verdulería  Negrin""",000115,,1,N
2026,204,204,1,235,2869,2026-01-13 00:00:00,SUM,151,2026,O,,,,"Corresponde a Previsión de ""Mada Poy S.A.""",000115,,1,N
2026,206,206,1,199,2930,2026-01-13 00:00:00,SUM,36,2026,O,,,,Previsión Esperón Juan Manuel,000115,,1,N
2026,208,208,1,200,918,2026-01-13 00:00:00,SUM,32,2026,O,,,,Previsión Correo Andreani,000115,,1,N
2026,210,210,1,201,2209,2026-01-13 00:00:00,SUM,141,2026,O,,,,"Durante Javier, presupuesto 0001-00000813",000115,,1,N
2026,212,212,1,202,2593,2026-01-13 00:00:00,SUM,82,2026,O,,,,Presupuesto 11247287 Proveedor Balletto Urrutia Juan,000115,,1,N
2026,267,268,1,282,3356,2026-01-16 00:00:00,SUM,281,2026,O,,,,"PEREZ, JORGE- PRESUPUESTO N° 282185 (HOGAR DE ANCIANOS) DESDE EL 9/12/25 AL 16/12/25",000115,,1,N
2026,271,272,1,284,130,2026-01-16 00:00:00,SUM,294,2026,O,,,,CORRESPONDE PRESUPUESTO N° 0001-00000149 - PEREYRA JUAN CARLOS,000115,,1,N
2026,275,276,1,286,1259,2026-01-16 00:00:00,SUM,277,2026,O,,,,"PRESUPUESTO N° 00029520 de ""Electro D annunzio"" Para llave de ventilador de la Casita de Chocolate",000115,,1,N
2026,279,280,1,288,1259,2026-01-16 00:00:00,SUM,279,2026,O,,,,"PRESUPUESTO N° 00029469 de ""Electro D annunzio"" Para cambiar lámparas de farolas, ubicadas  afuera en  sede",000115,,1,N
2026,282,283,1,289,211,2026-01-16 00:00:00,SUM,303,2026,O,,,,"Tornería Milani , orden 19299 .Motor Agua Municipalidad",000115,,1,N
2026,285,285,1,290,1879,2026-01-16 00:00:00,SUM,272,2026,O,,,,"Rodamientos Tuyu, presupuesto 3045 (AD283EL)",000115,,1,N
2025,3866,3835,1,3974,2958,2025-07-17 00:00:00,SUM,3776,2025,O,,,,AVICOLA DEL TUYU - PRESUPUESTO N° 8-2558 Y 8-2559 (HOGAR DE ANCIANOS),000115,,1,N
2025,2838,2838,1,2964,1876,2025-05-19 00:00:00,SUM,2820,2025,O,,,,MAX CONTINENTAL - PRESUPUESTO N° 1-150276,000115,,1,N
2025,2840,2840,1,2960,3287,2025-05-19 00:00:00,SUM,2799,2025,O,,,,HISPANOGRAF. PRESUPUESTO Nº 1764. BROMATOLOGIA.,000115,,1,N
2025,2847,2847,1,2957,2627,2025-05-19 00:00:00,SUM,2812,2025,O,,,,SANTA PAULA - PRESUPUESTO N° 1-2065,000115,,1,N
2025,2848,2848,1,2937,1259,2025-05-19 00:00:00,SUM,2705,2025,O,,,,ELECTRO DANNUNZIO - PRESUPUESTO N° 28185,000115,,1,N
2025,3557,2898,1,3000,1876,2025-07-01 00:00:00,EXPED,1403,2025,O,,,,CONCURSO DE PRECIOS DE INSUMOS DESCARTABLES 2025,INGOFE,,1,N
2025,3537,3525,1,3652,2878,2025-06-30 00:00:00,PRESU,0,2025,O,,,,  PROV. LOPEZ LEONARDO . PRESU. 26/06/2025- SEC. PRODUCCION-,000000,,1,N
2025,3558,2898,1,3000,2663,2025-07-01 00:00:00,EXPED,1403,2025,O,,,,CONCURSO DE PRECIOS DE INSUMOS DESCARTABLES 2025,CTACTE,,1,N
2025,3541,3530,1,3655,2843,2025-06-30 00:00:00,PRESU,7848539,2025,O,,,,"Presupuesto N° 7848539 Fruteria ""NEGRIN"" de ROST TAMARA para Programa Aliemtario ESFUERZO SOLIDARIO.",000000,,1,N
2025,3544,3533,1,3657,71,2025-07-01 00:00:00,PRESU,14554,2025,O,,,,PROV. RAUL IRIARTE PRESUP.14554 ARTICULOS DE FERRETERIA PARA ARREGLOS EN GENERAL TALLER MECANICO DE CORRALON MUNICIPAL,000000,,1,N
2025,3545,3534,1,3659,71,2025-07-01 00:00:00,PRESU,14872,2025,O,,,,PROV. RAUL IRIARTE PRESUP.14872 MATERIALES PARA REPARACION DE CAMION MERCEDES BENS 1114 PATENTETGL092,000000,,1,N
2025,3547,3536,1,3660,71,2025-07-01 00:00:00,PRESU,14867,2025,O,,,,PROV.RAUL IRIARTE PRESUP.14867 PARA FABRICACION DE ADORNOS PARA PARQUE RAUL ALFONSIN,000000,,1,N
2025,3549,3538,1,3662,428,2025-07-01 00:00:00,PRESU,1723,2025,O,,,,"PROV. YOLDI AGUSTIN PRESUP.1723 BATERIA  Y CARGADOR PARA  HERRAMIENTAS ELECTRICAS, AMOLADORA CIERRA",000000,,1,N
2025,3550,3539,1,3663,428,2025-07-01 00:00:00,PRESU,3466,2025,O,,,,PROV. YOLDI AGUSTIN PRESUP.1724 BOTAS PARA AGENTES DEL CORRALON,000000,,1,N
2025,3552,3541,1,3665,71,2025-07-01 00:00:00,PRESU,14865,2025,O,,,,PROV.RAUL IRIARTE PRESUP.14865 HERRAMINETAS DE TRABAJO Y ARTICULOS PARA  INSTALACION DE LUMINARIAS CALLE RIVADAVIA,000000,,1,N
2025,3553,3542,1,3666,441,2025-07-01 00:00:00,PRESU,3686,2025,O,,,,PRESPUESTO N° 3686 - ALPA MADARIAGA,000000,,1,N
2025,3554,3543,1,3667,428,2025-07-01 00:00:00,PRESU,1704,2025,O,,,,PRESUPUESTO N°1704 - YOLDI CARLOS AGUSTIN / MATERIALES PARA TRABAJO DE SEGURIDAD EN EL ESTADIO MUNICIPAL FRANCISCO ALCUAZ,000000,,1,N
2025,3559,2898,1,3000,3165,2025-07-01 00:00:00,EXPED,1403,2025,O,,,,CONCURSO DE PRECIOS DE INSUMOS DESCARTABLES 2025,CTACTE,,1,N
2025,3561,3546,1,3678,17,2025-07-01 00:00:00,PRESU,122,2025,O,,,,PROV. LUIS LOMBARDIA PRESUP.0122 INSUMOS PARA CEMENTERIO,000000,,1,N
2025,4394,4362,1,4513,1879,2025-08-22 00:00:00,PRESU,3022,2025,O,,,,"Rodamientos Tuyu, presupuesto 3022 (OIG911-NUF386-AD283EL)",000000,,1,N
2025,4417,4385,1,4546,2735,2025-08-25 00:00:00,PRESU,0,2025,O,,,,SEASINGLAB QUIMICA DE TOMAS FRANCI- PRESUPUESTO N° 20/08/2025 (BROMATOLOGIA),000000,,1,N
2025,4396,4364,1,4508,866,2025-08-22 00:00:00,PRESU,187766,2025,O,,,,PILOÑA- PRESUPUESTO N° 0004-00187766 (FARMACIA),000000,,1,N
2025,4397,4365,1,4504,3165,2025-08-22 00:00:00,PRESU,8880,2025,O,,,,VELIBO SUPPLIES SAS- PRESUPUESTO N° 0001-00008880 (FARMACIA),000000,,1,N
2025,4403,4371,1,4532,90,2025-08-22 00:00:00,PRESU,30,2025,O,,,,"PRESUPUESTO N° X 00000030 de Lo coco, Marcelo Alejandro de ""TODO COLOR""",000000,,1,N
2025,4404,4372,1,4531,1259,2025-08-22 00:00:00,PRESU,28882,2025,O,,,,PROV. ELECTRO D ANNUNZIO. PRESU. N°00028882- SEC. PRODUCCION-,000000,,1,N
2025,4405,4373,1,4534,3482,2025-08-22 00:00:00,PRESU,0,2025,O,,,,PRESUPUESTO SIN N° - MARC ALICIA BEATRIZ / VIANDAS PARA EVENTO DE PATIN EN EL POLIDEPORTIVO MUNICIPAL,000000,,1,N
2025,4406,4374,1,4533,2753,2025-08-22 00:00:00,PRESU,0,2025,O,,,,PRESUPUESTO SIN N° - BLACK SOUND / SONIDO PARA ENCUENTRO DE PATIN EN EL POLIDEPORTIVO MUNICIPAL,000000,,1,N
2025,4408,4376,1,4527,1320,2025-08-25 00:00:00,SUM,4312,2025,O,,,,EXPEDIENTE N° 2414/2025 CONTRATO CON EL SR. FABIAN MANUEL QUIROGA POR REPARACIONES EN CAPS SAN MARTIN B,000115,,1,N
2025,4409,4377,1,4536,2595,2025-08-25 00:00:00,SUM,4248,2025,O,,,,IVANPER REPUESTOS- PRESUPUESTO N° 7033 (BROMATOLOGIA),000115,,1,N
2025,4410,4378,1,4537,441,2025-08-25 00:00:00,SUM,4321,2025,O,,,,PAPELERA ALPA  PRESUPUESTO N° 3728,000115,,1,N
2025,4411,4379,1,4538,3287,2025-08-25 00:00:00,SUM,4320,2025,O,,,,HISPANOGRAF   PRESUPUESTO N° 1822,000115,,1,N
2025,4413,4381,1,4548,2209,2025-08-25 00:00:00,SUM,4309,2025,O,,,,"JAVIER DURANTE, N° PRESP 0001-00000737 HOGAR",000115,,1,N
2025,4414,4383,1,4549,2869,2025-08-25 00:00:00,PRESU,867,2025,O,,,,"MADA POY S.A. N° PRES. 000100000867, HOSPÍTAL",000000,,1,N
2025,4415,4382,1,4544,340,2025-08-25 00:00:00,SUM,4322,2025,O,,,,TALLER MARTIN- PRESUPUESTO N° 20/08/2025 DOMINIO: AC548KJ FORD KA,000115,,1,N
2025,4416,4384,1,4541,1514,2025-08-25 00:00:00,SUM,4336,2025,O,,,,"PRESUPUESTO 000, CASA ELICEIRY",000115,,1,N
2025,4595,4159,1,4316,90,2025-09-09 00:00:00,EXPED,2346,2025,O,,,,Licitación Privada 5/2025,CTACTE,,1,N
2025,4419,4387,1,4524,1267,2025-08-25 00:00:00,PRESU,562,2025,O,,,,PROV.SILVIA SORAGNI  PRESUP.0562 REPARACION DE FORD 14000 AWK675,000000,,1,N
2025,4420,4388,1,4539,3336,2025-08-25 00:00:00,PRESU,0,2025,O,,,,"PROV.MORALES ROCIO PRESUP.22/08/2025 REPARACIONES PARA FORD  INFOMARICA KYY317 14000 ASZ490,MERCEDES BENZ IVW614,",000000,,1,N
2025,4424,4392,1,4550,413,2025-08-25 00:00:00,SUM,4286,2025,O,,,,Presupuesto N° 0001-00003809 Proveedor Paso Agustin DOMINIO AE969PX,000115,,1,N
2025,4425,4393,1,4551,413,2025-08-25 00:00:00,PRESU,3833,2025,O,,,,"Presupuestos N° 0001-00003833/3828/3826/3817/3814 Proveedor Paso Agustin ( VEHICULOS FORD RANGER, AMAROK, CASILLA, NEW HOLLAND , PAUNY, VOLVO)",000000,,1,N
2025,4427,4395,1,4554,1578,2025-08-25 00:00:00,SUM,4344,2025,O,,,,Corresponde presupuesto N° 00000372 - FERRARO LILIANA N.,000115,,1,N
2025,4428,4396,1,4552,879,2025-08-25 00:00:00,PRESU,1201,2025,O,,,,Exp. 757/25 Alem - Venezuela - Trab. cordon cuneta - bacheo- pluviales - Prov.:Casa Harisgarat - Presup.:1201,000000,,1,N
2025,4429,4397,1,4555,2410,2025-08-25 00:00:00,SUM,4347,2025,O,,,,"PRESUPUESTO 1123/1124, BOGADO LEANDRO RUBEN",000115,,1,N
2025,4448,4416,1,4582,3534,2025-08-27 00:00:00,EXPED,2500,2025,O,,,,"PRESUPUESTO DEL 01/08/2025, PINTO MELISA, EXPTE. 2500/25",000000,,1,N
2025,4449,4417,1,4581,1056,2025-08-27 00:00:00,PRESU,0,2025,O,,,,"PRESUPUESTO 000, OLIVENCIA GUSTAVO",000000,,1,N
2025,4916,4882,1,5066,44,2025-10-03 00:00:00,PRESU,40,2025,O,,,,Casa El Gaucho - Osvaldo Jose Pedroche - Premios concurso de asadores y presente para jurado,000000,,1,N
2026,25,25,1,53,3297,2026-01-06 00:00:00,SUM,88,2026,O,,,,PROV.FRENOS MADARIAGA PRES.091  REPUESTOS PARA FORD RANGER INI856,000115,,1,N
2025,4918,4883,1,5067,1440,2025-10-03 00:00:00,PRESU,75,2025,O,,,,QUALIMED - PRESUPUESTO N° 75 ( TOMOGRAFO),000000,,1,N
2025,4922,4887,1,5071,441,2025-10-03 00:00:00,PRESU,3783,2025,O,,,,ALPA- PRESUPUESTO N° 0002-00003783 (COCINA),000000,,1,N
2025,4928,4893,1,5076,3287,2025-10-03 00:00:00,PRESU,1788,2025,O,,,,"PRESUPUESTO 1788,AVELLANEDA SRL",000000,,1,N
2025,4936,4902,1,5090,2991,2025-10-07 00:00:00,SUM,4824,2025,O,,,,Sip eventos - Alegre. 8° concurso de asadores y 3° feria gastronomica. Sonido,000115,,1,N
2025,4937,4903,1,5091,1348,2025-10-07 00:00:00,SUM,4762,2025,O,,,,M3 - Mauricio Cañadas - Utiles para eventos 8vo concurso de asadores,000115,,1,N
2025,4987,4953,1,5140,1514,2025-10-09 00:00:00,SUM,4876,2025,O,,,,"PRESUPUESTO 0000, CASA ELICEIRY, DIA 9/10",000115,,1,N
2025,4988,4954,1,5137,300,2025-10-09 00:00:00,SUM,4848,2025,O,,,,"PRESUPUESTO N° 00005539 de Silvia Beatriz Maistegui de ""PINTURERIA - FERRETERIA TODO COLOR"" Para hacer estanterías, percheros, arreglos varios en las salitas",000115,,1,N
2025,4989,4955,1,5138,300,2025-10-09 00:00:00,SUM,4846,2025,O,,,,"Expte N° 159/25 Proyecto sde Talleres Programa Envión PRESUPUESTO N° 00005522 de Silvia Beatriz Maistegui de""PINTURERIA - FERRETERIA TODO COLOR"" Taller de carpintería - dibujo - Proyecto decisión niñez",000115,,1,N
2025,4990,4956,1,5139,300,2025-10-09 00:00:00,SUM,4843,2025,O,,,,"PRESUPUESTO N° 00005503 de Silbia Beatriz Maistegui de ""PINTURERIA - FERRETERIA TODO COLOR"" Familias: Luján MIlagros - Jaime Jesica - Juanto María Antonia - Figueroa, María Giuliana -",000115,,1,N
2025,4999,2612,1,2699,300,2025-10-14 00:00:00,SUM,2511,2025,O,,,,Exp.:1811/21 PREIMBA- PROYECTO PARQUE DE LA ESTACIÓN - Prov.:Todo Color - Presup.:04638,000115,,1,N
2025,5000,4965,1,5153,3521,2025-10-15 00:00:00,SUM,4945,2025,O,,,,PROV. SUSZCZYK CLAUDIO PRESUP. REPARACION DE PALA CARGADORA LIULONG G855,000115,,1,N
2025,5229,5194,1,5391,3165,2025-11-04 00:00:00,SUM,5116,2025,O,,,,VELIBO SUPPLIES SAS- PRESUPUESTO N° 0001-00009779 (FARMACIA),000115,,1,N
2025,5233,5198,1,5392,2627,2025-11-04 00:00:00,SUM,5114,2025,O,,,,SANTA PAULA- PRESUPUESTO N° 0001-00002136 (HOGAR DE ANCIANOS) SEMANA DESDE 27/10 AL 3/11/2025,000115,,1,N
2025,5237,5202,1,5393,2208,2025-11-04 00:00:00,SUM,5017,2025,O,,,, Prov.:Martin Lombardi - Presup.:393,000115,,1,N
2025,5238,5203,1,5394,1259,2025-11-04 00:00:00,SUM,5110,2025,O,,,, Prov.:Electro DAnnunzio - Presup.:029385,000115,,1,N
2025,5240,5205,1,5410,1514,2025-11-05 00:00:00,SUM,5172,2025,A,2025-11-06 00:00:00,ERROR,,"Casa Eliceiry ,presupuesto aceites.",000115,,1,N
2025,5242,5207,1,5399,71,2025-11-05 00:00:00,SUM,5130,2025,O,,,,"PROVEEDURIA CAMPO Y CIUDAD. RAUL A IRIARTE. PRESUPUESTOS Nº 15255,15268.MOVIL 6 DOMINIO JQS 879.",000115,,1,N
2025,5243,5208,1,5404,17,2025-11-05 00:00:00,SUM,5139,2025,O,,,,MOTOMAQUINARIASA LUIS DE LUIS LOMBARDIA. BROMATOLOGIA. PRESUPUESTO Nº 140.,000115,,1,N
2025,5245,5210,1,5405,3165,2025-11-05 00:00:00,SUM,5127,2025,O,,,,VELIBO SUPPLIES S.A.S- PRESUPUESTO N° 0001-00009837 (FARMACIA),000115,,1,N
2025,5305,5258,1,5482,169,2025-11-12 00:00:00,SUM,5234,2025,O,,,,"Terranova ,presupuesto 000989",000115,,1,N
2025,5306,5259,1,5481,3075,2025-11-12 00:00:00,SUM,5235,2025,O,,,,"Correa Lorente Juan Martín,presupuesto 0001-000000059",000115,,1,N
2025,5308,5260,1,5460,300,2025-11-12 00:00:00,SUM,5198,2025,O,,,,PINTURERIA FERRETERIA TODO COLOR- PRESUPUESTO N° 5926 ( INTERNACION- MANTENIMIENTO-GUARDIA- COCINA - QIROFANO),000115,,1,N
2025,5378,5332,1,5551,300,2025-11-18 00:00:00,SUM,5214,2025,O,,,,"PRESUPUESTO N° 00005546 de Silvia Beatriz Maistegui de ""PINTURERIA-FERRETERIA TODO COLOR"" Para pintar la granja de contención",000115,,1,N
2025,5382,5336,1,5547,57,2025-11-18 00:00:00,SUM,5263,2025,O,,,,IMPRENTA EL ARGENTINO. IRMA CRISTINA BONOMI. PRESUPUESTO Nº 544.TERAPIA INTENSIVA.,000115,,1,N
2025,5385,5339,1,5543,2627,2025-11-18 00:00:00,SUM,5262,2025,O,,,,SANTA PAULA- PRESUPUESTO N° 0001-0002143 (COCINA) DESDE EL 14/11 AL 21/11/2025,000115,,1,N
2025,5388,5343,1,5537,68,2025-11-18 00:00:00,SUM,5273,2025,O,,,,"PRESUPUESTO N° X 7390235 de Peyrano, Sergio de ""ATMOSFERICO LA PRIMERA""",000115,,1,N
2025,5392,5346,1,5540,160,2025-11-18 00:00:00,SUM,5274,2025,O,,,,"PRESUPUESTO N° 0001-00001132 de ""AGROVETERINARIA MARZULLO"" Para animales de la granja de contención",000115,,1,N
2025,5394,5348,1,5534,879,2025-11-18 00:00:00,SUM,5270,2025,O,,,,"Casa Harisgarat, presupuesto 1004 (comisaria de la mujer)",000115,,1,N
2025,5395,5349,1,5533,612,2025-11-18 00:00:00,SUM,5271,2025,O,,,,"Marzullo Computacion, presupuesto 1293 ( COM)",000115,,1,N
2025,5404,5358,1,5565,3537,2025-11-19 00:00:00,SUM,5282,2025,O,,,,EXPEDIENTE 2545/25 CONTRATO CON EL SR BUGIOLACHI JORGE ADRIAN DESDE EL 1/10/2025 HASTA EL 31/10/2025 INCLUSIVE,000029,,1,N
2025,3265,3259,1,3377,2197,2025-06-12 00:00:00,PRESU,311,2025,O,,,,"PRESUPUESTO N°  00000311 de ""S.O Sebastián Orellana"" Familia: Olguín",000000,,1,N
2025,3565,3550,1,3681,688,2025-07-01 00:00:00,SUM,3520,2025,O,,,,"Corresponde presupuesto N° 06743/06707/06715/06726- Baterias la Primera ( TRACTOR PAUNY,MOTONIVELADORA PAUNY 160, VOLVOY NEW HOLLAND)",000115,,1,N
2025,3566,3551,1,3680,688,2025-07-01 00:00:00,SUM,3521,2025,O,,,,CORRESPONDE PRESUPUESTO N ° 06728 - RAMOS E ISIDRO,000115,,1,N
2025,3568,3553,1,3679,3297,2025-07-01 00:00:00,SUM,3486,2025,O,,,,PROV.IVAN ISIDRO PRESUP.26.06.25 REPUESTO PARA CAMION MERCEDES BENZ 1114 XNE245,000115,,1,N
2025,3569,3554,1,3682,85,2025-07-01 00:00:00,PRESU,42373,2025,A,2025-07-02 00:00:00,ERROR,,PRESUPUESTO N°42373 - SORBA S.R.L (SAMPIETO/ PAVA ELECTRICA PARA OFICINA,000000,,1,N
2025,3570,3555,1,3683,2150,2025-07-01 00:00:00,PRESU,0,2025,O,,,,PREVISION PARAJE MACEDO,000000,,1,N
2025,3571,3556,1,3684,1514,2025-07-01 00:00:00,SUM,3563,2025,O,,,," de 2025/3130 PROV.CASA ELICEIRY  ACEITES Y LUBRICANTES PARA  FLOTA ,VEHICULAR  PERTENECIENTE A ESTA SECRETARIA .Diferencia oc 3191",000115,,1,N
2025,3573,3558,1,3687,1873,2025-07-02 00:00:00,SUM,3593,2025,O,,,," CORRESPONDE EXPTE N° 1070/2025 - ESCUELA RURAL N° 9 ""ALMIRANTE GUILLERMO BROWN""",000115,,1,N
2025,3595,3580,1,3728,3322,2025-07-02 00:00:00,SUM,3515,2025,O,,,,PINAMAR HIGIENE INSTITUCIONAL - PRESUPUESTO N° 16-1806 (LAVADERO HOSPITAL),000115,,1,N
2025,3596,3581,1,3708,345,2025-07-02 00:00:00,SUM,3477,2025,O,,,,AZCUENAGA - PRESUPUESTO S/N FECHA 23/6/25 (LABORATORIO HOSPITAL),000115,,1,N
2025,3597,3582,1,3709,2663,2025-07-02 00:00:00,SUM,3478,2025,O,,,,ALAIS PHARMA - PRESUPUESTO N° 1-16696 (FARMACIA HOSPITAL),000115,,1,N
2025,3598,3583,1,3710,3165,2025-07-02 00:00:00,SUM,3479,2025,O,,,,VELIBO SUPPLIES - PRESUPUESTO N° 1-8127 (FARMACIA HOSPITAL),000115,,1,N
2025,3599,3584,1,3711,167,2025-07-02 00:00:00,SUM,3493,2025,O,,,,"TODO POLLO - PRESUPUESTO N° 6, 7, 8 Y 9 (HOGAR Y HOSPITAL)",000115,,1,N
2025,3601,3586,1,3712,1,2025-07-02 00:00:00,SUM,3495,2025,O,,,,HUGO CESAR CORBELLINI - PRESUPUESTO N° 1-1015 (AMBULANCIA N°5 DOMINIO KYV 365),000115,,1,N
2025,3616,3601,1,3736,3426,2025-07-03 00:00:00,SUM,3614,2025,O,,,,CORRESPONDIENTE EXPTE Nº 3508/2024. DRA JAIME MARIA GRACIELA.,000115,,1,N
2025,3619,3604,1,3644,2222,2025-07-03 00:00:00,SUM,3502,2025,O,,,,PROV. ESPONDABURU PEDRO HORACIO. PRESU. 26/06/2025- SEC. PRODUCCION-,000029,,1,N
2025,3626,3611,1,3741,3260,2025-07-03 00:00:00,SUM,3524,2025,O,,,,Gonzalez María Azucena,000115,,1,N
2025,3628,3613,1,3744,1608,2025-07-03 00:00:00,SUM,3630,2025,O,,,,"PRESUPUESTO 000,INMOBILIARIA SAN CARLOS",000001,,1,N
2025,3629,2933,1,3026,87,2025-07-04 00:00:00,EXPED,1404,2025,O,,,,"CONCURSO DE PRECIOS DE AEROSOLES, JARABES, GOTAS, ALIMENTACIONES Y CREMAS 2025",000010,,1,N
2025,3630,2933,1,3026,2808,2025-07-04 00:00:00,EXPED,1404,2025,O,,,,"CONCURSO DE PRECIOS DE AEROSOLES, JARABES, GOTAS, ALIMENTACIONES Y CREMAS 2025",CTACTE,,1,N
2025,3648,3618,1,3783,1356,2025-07-07 00:00:00,SUM,3609,2025,O,,,,CRISTIAN MENDEZ         ENCUENTRO DE PAYADORES   PULPERIA LA CRUZ DEL SUR  11/07  EXPTE 1811/25,000115,,1,N
2025,3653,3623,1,3801,169,2025-07-07 00:00:00,SUM,3587,2025,O,,,,Terranova - presupuesto 925 - productos de limpieza para delegacion sur oficina turismo,000115,,1,N
2025,3656,3626,1,3763,300,2025-07-07 00:00:00,SUM,3601,2025,O,,,,"PRESUPUESTO N° 5513 - PINTURERIA Y FERRETERIA ""TODO COLOR"" / MATERIALES PARA TRABAJOS EN EL ESTADIO FRANCISCO ALCUAZ",000115,,1,N
2025,3658,3628,1,3764,2369,2025-07-07 00:00:00,SUM,3617,2025,O,,,,"PROV.MERCEDES LA PLATA PRESP.178830 REPUESTOS PARA  CAMION BEDFORD BOMBEROS, MERCEDES BENZ 1114 XNE245, UQV265",000115,,1,N
2025,3665,3634,1,3766,2544,2025-07-07 00:00:00,SUM,3608,2025,O,,,,DANIEL CARAM     PULPERIA CRUZ DEL SUR    ENCUENTRO DE PAYADORES   11/07  EXPTE 1811/25,000115,,1,N
2025,3666,3636,1,3767,850,2025-07-07 00:00:00,SUM,3579,2025,O,,,,UNO ELECTROMEDICINA - PRESUPUESTO N°3-13018 (LABORATORIO HOSPITAL),000115,,1,N
2025,3668,3638,1,3768,3075,2025-07-07 00:00:00,SUM,3580,2025,O,,,,MC MARTIN CORREA - PRESUPUESTO N° 1-44 (HOGAR ANCIANOS HOSPITAL),000115,,1,N
2025,3669,3639,1,3769,2869,2025-07-07 00:00:00,SUM,3581,2025,O,,,,MADA POY - PRESUPUESTO N° 1-845 (COCINA HOSPITAL),000115,,1,N
2025,3671,3641,1,3770,688,2025-07-07 00:00:00,SUM,3582,2025,O,,,,BATERIAS LA PRIMERA - PRESUPUESTO N° 6695 Y 6725 (AMBULANCIA N°7 DOMINIO AA775QW Y N°10),000115,,1,N
2025,3674,3643,1,3771,3322,2025-07-07 00:00:00,SUM,3583,2025,O,,,,PINAMAR HIGIENE INSTITUCIONAL - PRESUPUESTO N° 16-1850 (LAVADERO HOSPITAL),000115,,1,N
2025,3676,3646,1,3772,300,2025-07-07 00:00:00,SUM,3584,2025,O,,,,"Silvia Beatriz Maistegui "" Todo Color"", presupuesto 00005221",000115,,1,N
2025,3681,3651,1,3818,688,2025-07-07 00:00:00,SUM,3544,2025,O,,,,"Baterias La Primera, presupuesto 06740 ( JCH069)",000115,,1,N
2025,3682,3652,1,3819,1259,2025-07-07 00:00:00,SUM,3547,2025,O,,,,"Electro Dannunzio, presupuesto 28503 (para colocar en garita de patrulla urbana)",000115,,1,N
2025,3683,3653,1,3820,441,2025-07-07 00:00:00,SUM,3549,2025,O,,,,"Papelera Alpa, presupuesto 03680 (para ser entregados al com y policia)",000115,,1,N
2025,3685,3655,1,3821,2208,2025-07-07 00:00:00,SUM,3546,2025,O,,,,"Martin Lombarti, presupuesto 385 (trabajo en estacion de policia)",000115,,1,N
2025,3687,3657,1,3822,688,2025-07-07 00:00:00,SUM,3545,2025,O,,,,"Baterias La Primera, presupuesto 06754 ( para vehiculo secretaria AA038FG)",000115,,1,N
2025,3688,3658,1,3785,866,2025-07-07 00:00:00,SUM,3657,2025,O,,,,"PILOÑA - PRESUPUESTO N° 4-184423, 4-184424 Y 4-184425 (FARMACIA HOSPITAL)",000115,,1,N
2025,3689,3659,1,3786,1876,2025-07-07 00:00:00,SUM,3566,2025,O,,,,MAX CONTINENTAL - PRESUPUESTO N° 1-151319 (FARMACIA HOSPITAL),000115,,1,N
2025,4450,4418,1,4576,1626,2025-08-28 00:00:00,PRESU,250725,2025,O,,,,"PROV.VOLTIOS PRESP.250725 PARA BICENTENARIO,CALLE 20 DE JUNIO,SKATE PARK Y PERSONAL DE DEFENSA CIVIL",000000,,1,N
2025,4452,4419,1,4575,454,2025-08-28 00:00:00,PRESU,263,2025,O,,,,PROV. RADIADORES BUSTAMANTE PRESUP.0263 REPARACION DE RADIDOR PALA CARGADORA SDLG 936CII58,000000,,1,N
2025,4453,4422,1,4578,1682,2025-08-28 00:00:00,PRESU,8745,2025,O,,,,PRESUPUESTO N° 8745 - INDIGO PINTURERIA / MATERIALES PARA TRABAJOS EN EL POLIDEPORTIVO MUNICIPAL,000000,,1,N
2025,4457,4424,1,4593,1213,2025-08-28 00:00:00,PRESU,2191,2025,O,,,,PROV.DE LAS MISIONES PRESUP.2191 MADERA PARA ARMADO DE BANCOS EN ESPACIOS PUBLICOS,000000,,1,N
2025,4469,4436,1,4601,1063,2025-08-28 00:00:00,PRESU,0,2025,O,,,,MIGUEL LOPEZ,000000,,1,N
2025,4471,4438,1,4597,2209,2025-08-28 00:00:00,PRESU,738,2025,A,2025-12-19 00:00:00,ADMINI,,"JAVIER DURANTE, N° PRES. 0001-00000738 COCINA",000000,,1,N
2025,4473,4440,1,4602,850,2025-08-28 00:00:00,PRESU,1349,2025,O,,,,EXPEDIENTE N° 1349/25 CONTRATO CON  UNO ELECTROMEDICINA POR UN LECTOR ELISA MR96A NUEVO,000000,,1,N
2025,4475,4443,1,4590,2410,2025-08-28 00:00:00,PRESU,1125,2025,O,,,,"Leandro Ruben Bogado, presupuesto 01125 -01120-01114-01118-01121",000000,,1,N
2025,4479,4446,1,4596,2958,2025-08-28 00:00:00,PRESU,3810,2025,O,,,,AVICOLA DEL TUYU DE ANDES VICTOR- PRESUPUESTO N° 0008-00003810 (HOGAR DE ANCIANOS),000000,,1,N
2025,4480,4447,1,4607,436,2025-08-28 00:00:00,PRESU,0,2025,O,,,,"PROV. BAIGORRIA LORENZO PRESP.13/08/2025 REPARACION DE CAMARAS Y NEUMATICOS PARA FORD 14000 SVN719, SOG742,ASZ490, MERCEDES BENZ 1114 XNE245,MOTONIVELADORA VOLVO G710. PALA CARGADORA SDLG CII58,JONH DEREE BNA17 VW 17220 LED010,",000000,,1,N
2025,4534,4501,1,4663,1214,2025-09-03 00:00:00,SUM,4451,2025,A,2025-09-05 00:00:00,ERROR,,SOCIEDAD ESPAÑOLA DE SOCORROS MUTUOS  ALQUILER SEDE SECRETARIA DE CULTURA   EXPTE 94/25,000115,,1,N
2025,4564,4530,1,4711,2261,2025-09-08 00:00:00,PRESU,6977,2025,O,,,,PROV.ENCENDIDO AVELLANEDA PRESUP.6977 REPUESTOS PARA CAMION VW 17280  AF947IJ,000000,,1,N
2025,4565,4531,1,4717,300,2025-09-08 00:00:00,PRESU,5548,2025,O,,,,PROV.SILVIA MAISTEGUI  PRESUP.5548 ARTICULOS DE FERRETERIA PARA ARREGLOS GENERALES EN CORRALON  Y REPARACION DE CAMION MERCEDES BENZ 1114 TGL092,000000,,1,N
2025,4567,4533,1,4707,1879,2025-09-08 00:00:00,PRESU,3029,2025,O,,,,PROV. ZUBIAURRE DANIEL PRESUP.3029 REPUESTO PARA FORD RANGER FSL723 IVECO PJY978,000000,,1,N
2025,4570,4536,1,4705,167,2025-09-08 00:00:00,PRESU,30,2025,O,,,,"TODO POLLO, N° PRES 00000030",000000,,1,N
2025,4573,4539,1,4702,169,2025-09-08 00:00:00,PRESU,971,2025,O,,,,"TERRANOVA QUIMICA, PRESUPUESTO N° 000971, CAPS BARRIO SAN MATIN",000000,,1,N
2025,4575,4541,1,4699,441,2025-09-08 00:00:00,PRESU,3747,2025,O,,,,"PAPELERA ALPA , PRESUPUESTO N° 00003747/3764 (HOGAR DE ANCIANOS Y 107)",000000,,1,N
2025,4577,4543,1,4692,1879,2025-09-08 00:00:00,PRESU,3027,2025,O,,,,"Rodamientos Tuyu, presupuesto 3027 (ae704ax-oig911-nux030)",000000,,1,N
2025,4579,4545,1,4693,441,2025-09-08 00:00:00,PRESU,3761,2025,O,,,,"Alpa Madariaga, presupuesto 3761",000000,,1,N
2025,4581,4547,1,4694,688,2025-09-08 00:00:00,PRESU,6758,2025,O,,,,"Baterias La Primera,presupuesto 6758-6790-42330",000000,,1,N
2025,4583,4548,1,4695,688,2025-09-08 00:00:00,PRESU,6812,2025,O,,,,"Baterias La Primera, presupuesto 6812 (kyv375-jwg930)",000000,,1,N
2025,4584,4550,1,4697,2261,2025-09-08 00:00:00,PRESU,6988,2025,O,,,,"Frezza Leandro Miguel,presupuesto 06988, CASA DE MAR DEL PLATA",000000,,1,N
2025,4585,4551,1,4698,441,2025-09-08 00:00:00,PRESU,3745,2025,O,,,,"Papelera Alpa, presupuesto 03754 (inspeccion)",000000,,1,N
2025,4594,4159,1,4316,90,2025-09-09 00:00:00,EXPED,2346,2025,O,,,,Licitación Privada 5/2025,CTACTE,,1,N
2025,4605,4569,1,4755,3322,2025-09-09 00:00:00,SUM,4515,2025,O,,,,"PINAMAR HIGIENE INSTITUCIONAL SRL , PRESUP N° 0016-00001961",000115,,1,N
2025,4608,4572,1,4752,3287,2025-09-09 00:00:00,SUM,4521,2025,O,,,,HISPANOGRAF  PRESUPUESTO N° 1831,000115,,1,N
2025,5529,5484,1,5689,1603,2025-12-12 00:00:00,SUM,5406,2025,O,,,,"PRESUPUESTO N° X 1342385 de Garcia, Gladys Mabel de ""PANADERIA ALEM""",000115,,1,N
2025,5530,5485,1,5690,2627,2025-12-12 00:00:00,SUM,5410,2025,O,,,,SANTA PAULA- PRESUPUESTO N° 0001-00002152 (COCINA) DESDE EL 4/12 HASTA EL 11/12/25,000115,,1,N
2025,5531,5486,1,5691,2869,2025-12-12 00:00:00,SUM,5402,2025,O,,,,MADA POY S.A- PRESUPUESTO N° 0001-00000928 (HOGAR DE ANCIANOS) DESDE EL 27/11/2025 AL 27/12/2025,000115,,1,N
2025,5532,5487,1,5692,2869,2025-12-12 00:00:00,SUM,5400,2025,O,,,,MADA POY  S.A- PRESUPUESTO N° 0001-00000929 (COCINA ) DESDE 28/11/2025 AL 10/12/2025,000115,,1,N
2025,5534,5489,1,5696,3452,2025-12-12 00:00:00,SUM,5413,2025,O,,,,"PRESUPUESTO N° 00002950 de Carlos Alberto Ochoa de ""PANADERIA Y CONFITERIA LA UNION"" Esfuerzo Solidario noviembre 2025",000115,,1,N
2025,5535,5490,1,5695,3452,2025-12-12 00:00:00,SUM,5411,2025,O,,,,"PRESUPUESTO N° 00002949 de Carlos Alberto Ochoa de ""PANADERIA Y CONFITERIA LA UNION"" Esfuerzo Solidario septiembre 2025",000115,,1,N
2025,5538,5493,1,5702,1943,2025-12-12 00:00:00,SUM,5430,2025,O,,,,PRESUPUESTO 7218 - PRESUPUESTO 7219   REPUESTO PARA PLANTA DE OXIGENO 1 Y 2,000115,,1,N
2025,5540,5495,1,5703,717,2025-12-12 00:00:00,SUM,5427,2025,O,,,,PROVEDURIA LA ILUSION. MARINA IRENE PINILLA. PRESUPUESTO. COCINA HOSPITAL.,000115,,1,N
2025,5541,5496,1,5704,160,2025-12-12 00:00:00,SUM,5428,2025,O,,,,AGROVET MARZULLO. PRESUPUESTO Nº 0001-00001149.BROMATOLOGIA.,000115,,1,N
2025,5542,5497,1,5705,300,2025-12-12 00:00:00,SUM,5405,2025,O,,,,Exp.:380/25 Sol. Revisión de Edificio HCD - Prov.:Todo Color - Presup.:5916,000115,,1,N
2025,5547,5502,1,5711,3356,2025-12-12 00:00:00,SUM,5399,2025,O,,,,PRESUPUESTOS  JORGE PEREZ MES DE OCUTBRE Y MES DE NOVIEMBRE 27076196 - 27076197 - 282180 - 282181 - 282182,000115,,1,N
2025,5548,5503,1,5712,2450,2025-12-12 00:00:00,SUM,5415,2025,O,,,,"""LA FRUTERIA"" LABATUT MARCELO. MES DE NOVIEMBRE. COCINA HOGAR DE ANCIANOS Y  COCINA HOSPITAL.",000115,,1,N
2026,27,27,1,52,17,2026-01-06 00:00:00,SUM,92,2026,O,,,,PROV.LUIS LOMBARDIA PRESUP.0052  INSUMOS PARA MAQUINAS CEMENTERIO MUNICIPAL,000115,,1,N
2026,41,41,1,51,33,2026-01-06 00:00:00,SUM,83,2026,O,,,,"RENOVACION POLIZA DE RADIO TRANSMISOR, POLIZA 3068314",000115,,1,N
2026,47,46,1,30,1879,2026-01-06 00:00:00,SUM,106,2026,O,,,,Corresponde presupuesto N° 00003038 - ZUBIARRAIN DANIEL - FOR FOCUS ILZ 693,000115,,1,N
2026,49,49,1,26,441,2026-01-06 00:00:00,SUM,53,2026,O,,,,Presupuesto N° 00003833-Papelera ALPA de Matienzo Paola Amelia,000115,,1,N
2026,55,54,1,24,3316,2026-01-06 00:00:00,SUM,57,2026,O,,,,Previsión SAN MARCOS E.S.A.,000115,,1,N
2025,3259,3254,1,3415,2643,2025-06-12 00:00:00,PRESU,145,2025,O,,,," PRESUPUESTO 145, EMPRESA 12 DE OCTUBRE",000000,,1,N
2025,3261,3256,1,3375,2770,2025-06-12 00:00:00,PRESU,721,2025,O,,,,"PRESUPUESTO N° 000721 de ""SYSTEL computación"" Para oficina de Asistencia a las víctimas",000000,,1,N
2025,3263,3258,1,3376,1259,2025-06-12 00:00:00,PRESU,28320,2025,O,,,,"PRESUPUESTOS N° 00028320   / 00028386 de Sucesión de D annunzio Jorge Neldo de ""Electro D annunzio""Para oficina de género y oficina de Desarrollo Social",000000,,1,N
2025,3264,3260,1,3389,57,2025-06-12 00:00:00,SUM,3214,2025,O,,,,IMPRENTA EL ARGENTINO - PRESUPUESTO N° 516,000115,,1,N
2025,3786,3756,1,3891,3339,2025-07-11 00:00:00,PRESU,0,2025,O,,,,LA MARCA CARNES - PRESUPUESTO S/N FECHA 16/1/25 (COCINA HOSPITAL),000000,,1,N
2025,3266,3261,1,3378,2406,2025-06-12 00:00:00,PRESU,10006,2025,O,,,,PRESUPUESTOS N° 10006/10008/10009/10011/10012 /10013 de Baigorria Martín Miguel Para pintar oficinas de Desarrollo Social y del Servicio Local,000000,,1,N
2025,3268,3263,1,3379,171,2025-06-12 00:00:00,PRESU,52703,2025,O,,,,"PRESUPUESTO N° X 0001-00052703 de Juan Alberto Sanchez de ""Electricidad El Gallego"" Familia: Basualdo, Guillermo",000000,,1,N
2025,3270,3265,1,3380,335,2025-06-12 00:00:00,PRESU,0,2025,O,,,,"PRESUPUESTO de María Cristina Uthurburu de ""Casa Meoqui"" Sr. Oviedo, Víctor Esteban fallecido el 06/06/2025 DNI 47.562.982",000000,,1,N
2025,3272,3267,1,3412,68,2025-06-12 00:00:00,PRESU,7390219,2025,O,,,,"PRESUPUESTO N° X 7390219  de Sergio Peyrano de ""Atmósferico La Primera""",000000,,1,N
2025,3273,3268,1,3381,3287,2025-06-12 00:00:00,PRESU,1783,2025,O,,,,Corresponde presupuesto N° 1783- AVELLANEDA 7163 S.R.L,000000,,1,N
2025,3275,3270,1,3382,3322,2025-06-12 00:00:00,PRESU,1801,2025,O,,,,PINAMAR HIGIENE INSTITUCIONAL - PRESUPUESTO N° 16-1801 (LAVADERO HOSPITAL),000000,,1,N
2025,3279,3274,1,3383,1259,2025-06-12 00:00:00,PRESU,28387,2025,O,,,,ELECTRO DANNUNZIO - PRESUPUESTO N° 28387 (LABORATORIO Y SAMO HOSPITAL),000000,,1,N
2025,3281,3277,1,3384,717,2025-06-12 00:00:00,PRESU,3219,2025,O,,,,PROVEDURIA LA ILUSION - PRESUPUESTO N° 36340 (COCINA HOSPITAL),000000,,1,N
2025,3285,3280,1,3385,776,2025-06-12 00:00:00,PRESU,659,2025,O,,,,GOMERIA V+B - PRESUPUESTO N° 1-659,000000,,1,N
2025,3288,3284,1,3386,2958,2025-06-12 00:00:00,PRESU,2552,2025,O,,,,AVICOLA DEL TUYU - PRESUPUESTO N° 8-2552 (COCINA HOSPITAL),000000,,1,N
2025,3304,3298,1,3421,2613,2025-06-12 00:00:00,PRESU,7949,2025,O,,,,MATAFUEGOS RUTA 11- PRESUPUESTO N° 7949 SECTOR PLANTA DE OXIGENO,000000,,1,N
2025,3310,3304,1,3422,2310,2025-06-12 00:00:00,PRESU,6737,2025,O,,,,"PRESUPUESTO 11-6737, CALABRO JORGE GUILLERMO,EXPTE. 1650/25",000000,,1,N
2025,3768,3738,1,3882,1603,2025-07-11 00:00:00,SUM,3694,2025,O,,,,GARCIA GLADYS PANADERIA ALEM- PRESUPUESTO N° 1342367 HOGAR Y HOSPITAL,000115,,1,N
2025,3770,3740,1,3879,2595,2025-07-11 00:00:00,SUM,3692,2025,O,,,,"Ivanper, presupuesto 6921 (ae331iy)",000115,,1,N
2025,3773,3743,1,3893,3339,2025-07-11 00:00:00,SUM,3059,2025,O,,,,LA MARCA CARNES - PRESUPUESTO S/N FECHA 27/12/24 (COCINA HOSPITAL),000115,,1,N
2025,3775,3745,1,3892,3339,2025-07-11 00:00:00,SUM,3060,2025,O,,,,LA MARCA CARNES - PRESUPUESTOS S/N FECHA 20/12/24 (COCINA HOSPITAL),000115,,1,N
2025,3780,3749,1,3894,3339,2025-07-11 00:00:00,SUM,3062,2025,O,,,,LA MARCA CARNES - PRESUPUESTOS S/N FECHA 6/12/24 Y 13/12/24 (COCINA HOSPITAL),000115,,1,N
2025,3782,3753,1,3869,1603,2025-07-11 00:00:00,SUM,3663,2025,O,,,,"PRESUPUESTO N° X 1342369 de Gladys García de ""Panadería Alem"" Esfuerzo Solidario junio 2025",000115,,1,N
2025,3798,3768,1,3903,850,2025-07-11 00:00:00,PRESU,13075,2025,O,,,,UNO ELECTROMEDICINA- PRESUPUESTO N° 00003-00013075 LABORATORIO DE ANALISIS,000000,,1,N
2025,3787,3757,1,3890,3339,2025-07-11 00:00:00,PRESU,0,2025,O,,,,LA MARCA CARNES - PRESPUESTO S/N FECHA 20/3/25 (COCINA HOSPITAL),000000,,1,N
2025,3788,3758,1,3912,5,2025-07-11 00:00:00,PRESU,0,2025,O,,,,PROV.SUPERMERCADO ANDRES PONSA S.A. PRESU.- SEC. PRODUCCION- PREVISION,000000,,1,N
2025,3789,3759,1,3870,2843,2025-07-11 00:00:00,SUM,3668,2025,O,,,,"PRESUPUESTO N° X 7848541 de Tamara Rost de ""Frutería Negrín"" Esfuerzo Solidario 2025",000115,,1,N
2025,3790,3760,1,3865,171,2025-07-11 00:00:00,PRESU,2945,2025,O,,,,PRESUPUESTO N°2945 - ELECTRICIDAD EL GALLEGO,000000,,1,N
2025,3791,3762,1,3871,2843,2025-07-11 00:00:00,SUM,3673,2025,O,,,,"PRESUPUESTO N° X 7848542 de Tamara Rost de ""Frutería Negrín"" Programa dietas 2025",000115,,1,N
2025,3792,3761,1,3866,688,2025-07-11 00:00:00,PRESU,6734,2025,O,,,,PRESUPUESTO N°6734 - BATERIAS LA PRIMERA,000000,,1,N
2025,3793,3763,1,3867,1921,2025-07-11 00:00:00,PRESU,0,2025,O,,,,PRESUPUESTO  de Carlos ALberto Medina Para generador de la cuadrilla.,000000,,1,N
2025,3794,3764,1,3868,2595,2025-07-11 00:00:00,PRESU,6711,2025,O,,,,"PRESUPUESTO N° 00006711 de ""IVANPER, Repuestos"" Para hacer puente en las baterias  de las camionetas del aréa de prestaciones",000000,,1,N
2025,3795,3765,1,3913,2147,2025-07-11 00:00:00,SUM,3088,2025,O,,,,CONTRATO CON LENOX POR RELOJ DE FICHADA DE PERSONAL,000115,,1,N
2025,3796,3766,1,3872,71,2025-07-11 00:00:00,SUM,3674,2025,O,,,,"PRESUPUESTO N° 0001-00014869 de Raúl Alberto Iriarte de ""PROVEDURIA Campo y Ciudad"" Sr. Gonzalez, Gustavo",000115,,1,N
2025,3797,3767,1,3900,1259,2025-07-11 00:00:00,SUM,3717,2025,O,,,,"Suc Dannunzio Jorge,presuesto 00028660",000115,,1,N
2025,3799,3769,1,3901,2784,2025-07-11 00:00:00,SUM,3715,2025,O,,,,"Nordemaq, presupuesto 00013-00079445.Servicio Mantenimiento B90C CH0105",000115,,1,N
2025,3800,3770,1,3915,2521,2025-07-11 00:00:00,PRESU,2449,2025,O,,,,"PRESUPUESTO 2449, PROTO S.R.L",000000,,1,N
2025,3801,3771,1,3904,395,2025-07-11 00:00:00,PRESU,0,2025,O,,,,LABORATORIO BIOQUIMICO MAR DEL PLATA S.A - PRESUPUESTO S/N° PRACTICAS DE LABORATORIO DE ALTA COMPLEJIDAD MES DE JUNIO/2025,000000,,1,N
2025,3802,3772,1,3905,171,2025-07-11 00:00:00,PRESU,52358,2025,O,,,,ELECTRICIDAD EL GALLLEGO- PRESUPUESTO N° 0001-00052358 (COCINA Y PASILLO FARMACIA),000000,,1,N
2025,3803,3773,1,3906,2958,2025-07-11 00:00:00,PRESU,2560,2025,O,,,,AVICOLA DEL TUYU ANDERS VCTOR- PRESUPUESTO N° 0008-00002560 COCINA,000000,,1,N
2025,3804,3774,1,3902,2627,2025-07-11 00:00:00,SUM,3706,2025,O,,,,SANTA PAULA- PRESUPUESTO N° 0001-00002082 COCINA HOSPITAL,000115,,1,N
2025,3805,3775,1,3907,688,2025-07-11 00:00:00,PRESU,4705,2025,A,2025-07-14 00:00:00,ERROR,,PROV.BATERIAS EL PELA PRESUP.4705 BATERIAS PARA CAMION IVECO PATENTE OOI617,000000,,1,N
2025,3806,3776,1,3908,163,2025-07-11 00:00:00,PRESU,3710,2025,O,,,,PROV. ALFIO  DISTEFANO PRESUP.078-9103 REPARACION DE RETRO PALA ASTARSA BGZ37,000000,,1,N
2025,3951,3920,1,4071,2110,2025-07-21 00:00:00,SUM,3864,2025,O,,,,EDUARDO FUMEGA- PRESUPUESTO N° 479 (INTERNACION),000115,,1,N
2025,3868,3838,1,3975,2627,2025-07-17 00:00:00,SUM,3775,2025,O,,,,"SANTA PAULA - PRESUPUESTO N° 1-2081, 1-2087, 1-2088 Y 1-2089 (COCINA Y HOGAR DE ANCIANOS)",000115,,1,N
2025,3872,3841,1,3977,19,2025-07-17 00:00:00,SUM,3718,2025,O,,,,"PROV. FERRETERIA CIMOS ""Cimos Inocencio"". PRESU. N°2730- SEC. PRODUCCION-",000115,,1,N
2025,4739,4704,1,4863,3390,2025-09-18 00:00:00,PRESU,52,2025,O,,,,"PRESUPUESTO N° X 0001-00000052 de Norberto Martín Rodríguez de ""ALTA MORENA"" Esfuerzo Solidario 2025",000000,,1,N
2026,310,310,1,329,2209,2026-01-19 00:00:00,SUM,318,2026,O,,,,DURANTE JAVIER- PRESUPUESTO N° 0001-00000836 (COCINA) DESDE EL 2/12/25 AL 02/01/26,000115,,1,N
2025,4740,4705,1,4862,3390,2025-09-18 00:00:00,PRESU,53,2025,O,,,,"PRESUPUESTO NX 0001-00000053 de Norberto Martín Rodríguez de ""ALTA MORENA"" Para la casa del adolescente",000000,,1,N
2025,4741,4706,1,4867,879,2025-09-18 00:00:00,PRESU,1223,2025,O,,,,"PRESUPUESTO N° X 0001-00001223 / 1224 de Tatano Harisgarat S.R.L. de ""CASA HARISGARAT"" para arreglo del baño de la Casita de Chocolate",000000,,1,N
2025,4748,4712,1,4882,2490,2025-09-18 00:00:00,PRESU,0,2025,O,,,,"Copia de 2025/3155 GONZALEZ MARIA TERESA- PREVISION DE AGUA MINERAL X 20 LTS - HOSPITAL Y HOGAR DE ANCIANOS,DIFERENCIA DE ORDEN 3154",000000,,1,N
2025,4752,4716,1,4883,2209,2025-09-19 00:00:00,PRESU,753,2025,O,,,,"JAVIER DURANTE, N° PRESUP 0001-00000753 (COCINA)",000000,,1,N
2025,4753,4717,1,4884,300,2025-09-19 00:00:00,PRESU,5906,2025,O,,,,"PINTURERIA - FERRETERIA ""TODO COLOR"" PRESUPUESTO N° 5906 (MANTENIMIENTO/COCINA/GUARDIA/CAPS NORTE/LABORATORIO/MATERNIDAD/CAPS BELGRANO)",000000,,1,N
2025,4754,4718,1,4885,2613,2025-09-19 00:00:00,PRESU,8397,2025,O,,,,"RODRIGUEZ, NICOLAS HORACIO  MATAFUEGOS RUTA 11 PROVEEDOR 2613",000000,,1,N
2025,4756,4720,1,4897,3262,2025-09-22 00:00:00,SUM,4608,2025,A,2025-09-25 00:00:00,ERROR,,PROV. FGC FUELS MARKET GAS OIL  PARA MAQUINAS PREDIOS DE DESPOSICION FINAL  RESIDUOS  RUTA 11 KM 405.5,000115,,1,N
2025,4759,4723,1,4892,300,2025-09-22 00:00:00,SUM,4648,2025,O,,,,Exp.:1811/21 PREIMBA - PROYECTO PARQUE DE LA ESTACIÓN - Prov.:Todo Color - Presup.:5538,000115,,1,N
2025,4763,4727,1,4893,879,2025-09-22 00:00:00,SUM,4645,2025,O,,,,Exp.:1811/21 PREIMBA- PROYECTO PARQUE DE LA ESTACIÓN - Prov.:Casa Harisgarat - Presup.:01216,000115,,1,N
2025,4815,4779,1,4958,413,2025-09-25 00:00:00,SUM,4746,2025,O,,,,NEUMATICOS PASO de Agustin Paso.PRESUPUESTO Nº 0001-00003880.AMBULANCIA MOVIL 8 DOMINIO PAA 334.,000115,,1,N
2025,4817,4781,1,4957,413,2025-09-25 00:00:00,SUM,4745,2025,O,,,,NEUMATICOS PASO de Agustin Paso.PRESUPUESTO Nº 0001-000003883.FORD KA AC 548 KJ.,000115,,1,N
2026,328,329,1,392,3439,2026-01-19 00:00:00,SUM,371,2026,O,,,,"Expte N° 141/2026 Contrato: Lopéz, María Manuela - Acompañante terapéutico - No cumple con el Art. 45 de la Ley 14.656",000115,,1,N
2025,4939,4905,1,5096,395,2025-10-08 00:00:00,SUM,4835,2025,O,,,,LABORATORIO BIOQUIMICO MAR DEL PLATA S.A - PRESUPUESTO S/N° PRACTICAS DE LABORATORIO DE ALTA COMPLEJIDAD MES DE SEPTIEMBRE/2025,000115,,1,N
2025,4940,4906,1,5097,2663,2025-10-08 00:00:00,SUM,4834,2025,O,,,,ALAIS PHARMA S.A- PRESUPUESTO N° 0001-00017689 (FARMACIA),000115,,1,N
2025,4941,4907,1,5093,3296,2025-10-08 00:00:00,SUM,4803,2025,O,,,,Exp.:1861/15 Construccion 36 Viviendas - Prov.:Pintureria Concepto - Presup.:02815,000115,,1,N
2025,4942,4908,1,5098,395,2025-10-08 00:00:00,SUM,4830,2025,O,,,,LABORATORIO BIOQUIMICO MAR DEL PLATA S.A- PRESUPUESTO S/N°  PRACTICAS DE LABORATORIO DE ALTA COMPLEJIDAD REALIZADAS EN EL MES DE AGOSTO/2025,000115,,1,N
2025,4943,4909,1,5099,1578,2025-10-08 00:00:00,SUM,4833,2025,O,,,,Corresponde presupuesto N° 0001-00000380 FERRARO LILIANA NOEMI,000115,,1,N
2025,4944,4910,1,5101,134,2025-10-08 00:00:00,SUM,4832,2025,O,,,,SORRENTINO S.A- PRESUPUESTO N° 45619 (FARMACIA),000115,,1,N
2025,4945,4911,1,5094,63,2025-10-08 00:00:00,SUM,4840,2025,O,,,,"Jorge N. Flores ,presupuesto 5002-26765 Deposito Cic",000115,,1,N
2025,4946,4912,1,5095,2146,2025-10-08 00:00:00,SUM,4842,2025,O,,,,Martin Quilindro - arreglo de gabinete de gas y calefactores,000115,,1,N
2025,4947,4913,1,5086,90,2025-10-08 00:00:00,SUM,4827,2025,O,,,,"PRESUPUESTO N° X 00000032 de Lo coco, Marcelo de ""TODO COLOR"" Diabéticos Septiembre 2025",000115,,1,N
2025,4948,4914,1,5100,1547,2025-10-08 00:00:00,SUM,4837,2025,O,,,, Exp.:329/25 Sol. Mejoras p/ Estadio Municipal - Prov.: Mendez Marcos - Presup.:03/10/25 contrato.,000115,,1,N
2025,4949,4915,1,5087,452,2025-10-08 00:00:00,SUM,4836,2025,O,,,,"PRESUPUESTO 2188, ABDO JOSE",000115,,1,N
2025,4951,4917,1,5092,1823,2025-10-08 00:00:00,SUM,4839,2025,A,2025-10-16 00:00:00,ADMINI,,AADI CAPIF A.C.R.        DIFERENCIA PEDIDO N° 135,000115,,1,N
2025,5359,5313,1,5507,688,2025-11-17 00:00:00,PRESU,6880,2025,O,,,,"Baterias La Primera, presupuesto 6880",000000,,1,N
2025,5360,5314,1,5508,688,2025-11-17 00:00:00,PRESU,6823,2025,O,,,,"Baterias La Primera, presupuesto 6823-6855",000000,,1,N
2025,5361,5315,1,5509,688,2025-11-17 00:00:00,PRESU,6864,2025,O,,,,"Bateria La Primera, presupuesto 6864- 6902",000000,,1,N
2025,5362,5316,1,5510,879,2025-11-17 00:00:00,PRESU,1242,2025,A,2025-11-17 00:00:00,ERROR,,Exp.:1069/23 Municipios a la Obra - Alem / Venezuela - Prov.:Casa Harisgarat - Presup.:1242;1243,000000,,1,N
2025,5363,5317,1,5511,879,2025-11-17 00:00:00,PRESU,1250,2025,O,,,,Exp.:3585/24 Ejecución/Reparación Rampas - Esquinas céntricas - Prov.:Casa Harisgarat - Presup.:1002;1250,000000,,1,N
2025,5376,5330,1,5539,1514,2025-11-18 00:00:00,PRESU,0,2025,O,,,,PROV.  CASA ELICEIRY GAS OIL PARA MAQUINAS Y  VEHICULOS DE ESTAS  SECRETARIA,000000,,1,N
2025,5377,5331,1,5552,2810,2025-11-18 00:00:00,PRESU,774,2025,O,,,,"Expte N° 159/25 Proyectos de Talleres Programa Envión PRESUPUESTOS N° X 0001-00000774 / 777/ 780  de María Teresa Arriola de ""EL DEDAL MERCERIA""  Taller de macarmé y de costuras",000000,,1,N
2025,5380,5334,1,5548,2636,2025-11-18 00:00:00,PRESU,0,2025,O,,,,CARP DE ALUMINIO VIDR SUAREZ. JUAN MANUEL SUAREZ. PRESUPUESTO Nº 96.CPAS B NORTE Y CAPS B BELGRANO.,000000,,1,N
2025,5389,5342,1,5544,285,2025-11-18 00:00:00,PRESU,51801,2025,O,,,,RADIOGRAFICAOESTE- PRESUPUESTO N° 100051801 (LABORATORIO DE ANALISIS),000000,,1,N
2025,5418,5372,1,5579,3516,2025-11-26 00:00:00,SUM,5324,2025,O,,,,"Expte N° 1913/2025 Renovación de contrato Sr. Lopéz, Luis Miguel. Barbero. No cumple con el Art. 45 de la Ley 14.656",000010,,1,N
2025,5420,5374,1,5589,2869,2025-11-26 00:00:00,SUM,5293,2025,O,,,,MADA POY S.A- PRESUPUESTO N° 0001-00000926 (COCINA) SEMANA DESDE EL 14/11/2025 HASTA EL 21/11/2025,000115,,1,N
2025,5421,5375,1,5597,2627,2025-11-26 00:00:00,SUM,5311,2025,O,,,,SANTA PAULA- PRESUPUESTO N° 0001-00002147 (COCINA) SEMANA DEL 19/11/2025 AL 26/11/2025,000115,,1,N
2025,4991,4957,1,5142,71,2025-10-09 00:00:00,SUM,4907,2025,O,,,,"PRESUPUESTO, IRIARTE RAUL",000010,,1,N
2025,5075,5040,1,5232,33,2025-10-21 00:00:00,SUM,4995,2025,O,,,,"Copia de 2025/214 POLIZA SEG TEC 166800,PROVINCIA SEGUROS",000115,,1,N
2025,5307,5261,1,5483,2330,2025-11-12 00:00:00,SUM,5238,2025,O,,,,Corresponde prevision combustibles del salado- Gobierno,000115,,1,N
2025,5309,5262,1,5484,2330,2025-11-12 00:00:00,SUM,5239,2025,O,,,,Corresponde prevision combustibles del salado- Gobierno,000115,,1,N
2025,5313,5265,1,5457,3322,2025-11-12 00:00:00,ORDCO,5181,2025,O,,,,PINAMAR HIGIENE INSTITUCIONAL SRL- PRESUPUESTO N° 0016-00002082 (LAVADERO),000115,,1,N
2025,5316,5270,1,5461,2680,2025-11-12 00:00:00,SUM,5217,2025,O,,,,"Eijo Marcelo Alejandro ,presupuesto 000005",000115,,1,N
2025,5319,5272,1,5462,300,2025-11-12 00:00:00,SUM,5205,2025,O,,,,"PINTURERIA "" TODO COLOR"".SILVIA BEATRIZ MAISTEGUI.PRESUPUESTO Nº 00004623 BROMATOLOGIA Y ZOONOSIS.",000115,,1,N
2025,5320,5274,1,5463,879,2025-11-12 00:00:00,SUM,5204,2025,O,,,,"CASA HARISGARAT.TATANO HARISAGARAT SRL.PRESUPUESTO Nº 0001-00001001, 0001-00001016. HOSPITAL Y HOGAR DE ANCIANOS.",000115,,1,N
2025,5323,5276,1,5464,2627,2025-11-12 00:00:00,SUM,5213,2025,O,,,,SANTA PAULA- PRESUPUESTO N° 0001-00002138/2139 (COCINA HOSPITAL) SEMANA DESDE EL 5/11 AL 12/11/2025,000115,,1,N
2025,5324,5278,1,5465,2636,2025-11-12 00:00:00,SUM,5206,2025,O,,,,CARPINTERIA DE ALUMINIO VIDRIERIA SUAREZ. JAUN MANUEL SUAREZ. PRESUPUESTO Nº 94 Y 98. CAPS BELGRANO Y CIC QUINTANILLA.,000115,,1,N
2026,29,29,1,22,2365,2026-01-06 00:00:00,SUM,42,2026,O,,,,PREVISION FARIAS GONZALEZ CARLOS JOAQUIN,000115,,1,N
2026,30,30,1,39,2627,2026-01-06 00:00:00,SUM,67,2026,O,,,,SANTA PAULA- PRESUPUESTO N° 0001-00002156 (COCINA) DESDE 12/12/25 AL 19/12/25,000115,,1,N
2026,32,32,1,38,2627,2026-01-06 00:00:00,SUM,68,2026,O,,,,SANTA PAULA- PRESUPUESTO N° 0001-00002159 (COCINA) DESDE 20/12/25 AL 27/12/25,000115,,1,N
2026,33,34,1,37,2627,2026-01-06 00:00:00,SUM,69,2026,O,,,,SANTA PAULA- PRESUPUESTO N° 0001-00003253 (COCINA) DESDE 27/12/25 AL 3/01/26,000115,,1,N
2026,36,36,1,36,2627,2026-01-06 00:00:00,SUM,70,2026,O,,,,SANTA PAULA- PRESUPUESTO N° 0001-00002162 (COCINA) DESDE 2/01/26 AL 9/01/26,000115,,1,N
2026,38,39,1,35,1658,2026-01-06 00:00:00,SUM,74,2026,O,,,,PREVISON YELITO BIDONES X 5 LITROS AGUA DESTILADA PARA EQUIPOS DE LABORATORIO DE ANALISIS CLINICO,000115,,1,N
2026,42,43,1,34,1078,2026-01-06 00:00:00,SUM,71,2026,O,,,,OPAZO DANIEL- PRESUPUESTO N° 29/12/25 (CONSULTORIO DE PSICOLOGIA Y LAVADERO),000115,,1,N
2026,46,47,1,33,2883,2026-01-06 00:00:00,SUM,78,2026,O,,,, INSUMOS GENERALES 3F- PRESUPUESTO N° 4/12/2025 (FARMACIA),000115,,1,N
2026,52,51,1,32,1440,2026-01-06 00:00:00,SUM,79,2026,O,,,,QUALIMED - PRESUPUESTO N° 86 (RAYOS),000115,,1,N
2026,66,65,1,63,3258,2026-01-07 00:00:00,SUM,50,2026,O,,,,Corresponde prevision anual OCA LOG S.A,000115,,1,N
2026,76,76,1,75,2218,2026-01-07 00:00:00,SUM,156,2025,O,,,,Expte. 3 Contrato Alomso Leandro Martín Desde Enero a Marzo.,000115,,1,N
2026,77,77,1,76,3426,2026-01-08 00:00:00,SUM,123,2026,O,,,,JAIME MARIA GRACIELA. PREVISION  MES  ENERO -FEBRERO.GUARDIA PEDIATRICA.|,000115,,1,N
2026,78,78,1,77,3537,2026-01-08 00:00:00,SUM,125,2026,O,,,,JORGE ADRIAN BUGIOLACHI. PREVISION MES DE ENERO-FEBRERO. GUARDIA QUIROFANO. ANESTESISTA.,000115,,1,N
2026,114,113,1,123,3233,2026-01-09 00:00:00,SUM,165,2026,O,,,,"Contrato Viviana Rodriguez, periodo enero-junio 2026 (expt. 1262/23)",000115,,1,N
2026,116,116,1,124,2228,2026-01-09 00:00:00,SUM,163,2026,O,,,,"Bianco Ezequiel (tecnico-com), contrato enero-junio del 2026(expt. 160/25)",000115,,1,N
2026,119,119,1,125,2142,2026-01-09 00:00:00,SUM,166,2026,O,,,,"Julasoft, contrado enero- junio 2026 (expt. 161/25)",000115,,1,N
2026,127,127,1,127,1119,2026-01-09 00:00:00,SUM,64,2026,O,,,,EXPEDIENTE 5/2025 CONTRATO SOMA S.A DEL 01/01/26 AL 30/06/2026 RECOLECCIÓN SERVICIOS RESIDUOS  PATOGENICOS,000115,,1,N
2026,141,141,1,153,17,2026-01-13 00:00:00,SUM,221,2026,O,,,,PRESUPUESTO N° 00149 - MOTOMAQUINARIAS LUIS / REPARACION Y REPUESTOS NUEVOS EN MOTOMAQUINARIAS DE CESPED,000115,,1,N
2026,142,143,1,150,441,2026-01-13 00:00:00,SUM,219,2026,O,,,,PRESUPUESTO N° 3836 - ALPA MADARIAGA / MATERIALES PARA LA COLONIA DE VERANO MUNICIPAL,000115,,1,N
2026,144,144,1,154,169,2026-01-13 00:00:00,SUM,220,2026,O,,,,PRESUPUESTO N°1008 - TERRANOVA QUIMICA / PRODUCTOS Y MATERIALES DE LIMPIEZA PARA EL POLIDEPORTIVO MUNICIPAL,000115,,1,N
2026,147,147,1,151,71,2026-01-13 00:00:00,SUM,207,2026,O,,,,PRESUPUESTO N°15606 - PROVEEDURIA CAMPO Y CIUDAD / MATERIALES DE MANTENIMIENTO,000115,,1,N
2026,150,150,1,159,612,2026-01-13 00:00:00,SUM,240,2026,O,,,,"Marzullo computacion, presupuesto 1295 (tecnica-com)",000115,,1,N
2026,152,152,1,156,1879,2026-01-13 00:00:00,SUM,247,2026,O,,,,"Rodamientos Tuyu, presupuesto 3042 ( AE331IY)",000115,,1,N
2026,154,154,1,161,3297,2026-01-13 00:00:00,SUM,264,2026,O,,,,"Frenos Madariaga, presupuesto 092 (ae704aw)",000115,,1,N
2026,170,170,1,191,160,2026-01-13 00:00:00,SUM,162,2026,O,,,,"PRESUPUESTO 1156, SUC MARZULLO ABEL",000115,,1,N
2026,172,172,1,194,1266,2026-01-13 00:00:00,SUM,101,2026,O,,,,"RENOVACION DE ABONO DE ALARMA, 1° CUATRIMESTRE, EXPTE 20/2025",000115,,1,N
2025,3874,3843,1,3978,160,2025-07-17 00:00:00,SUM,3783,2025,O,,,,"PRESUPUESTO 1103, SUC MARZULLO ABEL",000115,,1,N
2025,3876,3845,1,3979,1810,2025-07-17 00:00:00,SUM,3777,2025,O,,,,"AC REFRIGERACION DE CATALDO ADOLFO - PRESUPUESTO N° 368 ( ARCHIVO, RAYOS Y PEDIATRIA)",000115,,1,N
2025,3878,3847,1,3980,2958,2025-07-17 00:00:00,SUM,3768,2025,O,,,,AVICOLA DEL TUYU DE ANDERS VICTOR- PRESUPUESTO N° 0008-00002561 (COCINA HOSPITAL),000115,,1,N
2025,3904,3873,1,4035,2337,2025-07-18 00:00:00,PRESU,0,2025,O,,,, Corresponde contrato Von Saldern German - JULIO-AGOSTO,000000,,1,N
2025,3912,3882,1,4023,2613,2025-07-18 00:00:00,SUM,3798,2025,O,,,,PRESUPUESTO N°8136 - MATAFUEGOS RUTA 11 / MATAFUEGO NUEVO PARA POLIDEPORTIVO MUNICIPAL,000115,,1,N
2025,3914,3884,1,4021,19,2025-07-18 00:00:00,SUM,3811,2025,O,,,,"Cimod Inocencio ,presupuesto 2740, 2745.",000115,,1,N
2025,3917,3887,1,4022,1879,2025-07-18 00:00:00,SUM,3773,2025,O,,,,PRESUPUESTO N°3012 - RODAMIENTOS TUYU / REPUESTO PARA RENAULT MASTER (DOMINIO: GUP 175),000115,,1,N
2025,3919,3889,1,4012,3322,2025-07-18 00:00:00,SUM,3725,2025,O,,,,PINAMAR HIGIENE INSTITUCIONAL - PRESUPUESTO N° 16-1853 Y 16-1861 (LAVADERO HOSPITAL),000115,,1,N
2025,3922,3891,1,4011,2883,2025-07-18 00:00:00,SUM,3726,2025,O,,,,INSUMOS GENERALES - PRESUPUESTO S/N FECHA 7/7/25 (FARMACIA HOSPITAL),000115,,1,N
2025,3923,3892,1,4029,1259,2025-07-18 00:00:00,SUM,3817,2025,O,,,,"PRESUPUESTO N° 00028685 de ""SUCESIÓN DE D ANNUNZIO JORGE NELDO""Para el aréa de prestaciones",000115,,1,N
2025,3939,3908,1,4053,2001,2025-07-21 00:00:00,SUM,3868,2025,O,,,,FARMACIA TONANI- PRESUPUESTO S/N° MEDICAMENTO DISPENSADOS DESDE EL 21/06/25 AL 15/07/2025,000115,,1,N
2025,3941,3910,1,4073,612,2025-07-21 00:00:00,SUM,3846,2025,O,,,,"Copia de 2025/3845 Marzullo Computacion, presupuesto 1282 (tecnica-com)",000115,,1,N
2025,3943,3912,1,4069,2110,2025-07-21 00:00:00,SUM,3865,2025,O,,,,EDUARDO FUMEGA- PRESUPUESTO N° 478,000115,,1,N
2025,3945,3914,1,4065,492,2025-07-21 00:00:00,SUM,3832,2025,O,,,,MAXIMO PINASCO - PRESUPUESTO N° 1000372715 DOMINIO: AF591SU,000115,,1,N
2025,3946,3916,1,4061,2869,2025-07-21 00:00:00,SUM,3837,2025,O,,,,MADA POY - PRESUPUESTO N° 1-859 (COCINA HOSPITAL),000115,,1,N
2025,3948,3917,1,4057,2878,2025-07-21 00:00:00,SUM,3833,2025,O,,,,LOPEZ LEONARDO - PRESUPUESTO S/N FECHA 18/7/25 (1),000115,,1,N
2025,3950,3919,1,4052,441,2025-07-21 00:00:00,SUM,3852,2025,O,,,,"PRESUPUESTO 3715, MATIENZO PAOLA AMELIA",000115,,1,N
2025,3959,3928,1,4067,1573,2025-07-21 00:00:00,SUM,3840,2025,O,,,,DROGUERIA ALBERDI - PRESUPUESTO N° 32033 (FARMACIA HOSPITAL),000115,,1,N
2025,3971,3940,1,4085,2643,2025-07-22 00:00:00,PRESU,151,2025,O,,,,"PRESUPUESTO 151, EMPRESA 12 DE OCTUBRE",000000,,1,N
2025,3983,3952,1,4095,1206,2025-07-23 00:00:00,PRESU,453672,2025,O,,,,GRUPO NÚCLEO- PRESUPUESTO N° 1-453672 (BROMATOLOGIA),000000,,1,N
2025,4003,3972,1,4128,335,2025-07-24 00:00:00,SUM,3900,2025,O,,,,"presupuesto "" Casa Meoqui"". Sepelio  Brandariz Juan Carlos",000115,,1,N
2025,4004,3973,1,4127,2675,2025-07-24 00:00:00,SUM,3916,2025,O,,,,"PROV.CAROLINA NOWE PRESUP.0577 REPUESTOS PARA FORD 14000 SOG742,DMI232, SVN719",000115,,1,N
2025,4006,3975,1,4120,2110,2025-07-24 00:00:00,SUM,3906,2025,O,,,,EDUARDO FUMEGA- PRESUPUESTO N° 493 (FARMACIA-QUIROFANO),000115,,1,N
2025,4008,3977,1,4119,441,2025-07-24 00:00:00,SUM,3907,2025,O,,,,ALPA MADARIAGA- PRESUPUESTO N° 0002-00003694/3705 (BROMATOLOGIA),000115,,1,N
2025,4010,3979,1,4109,1259,2025-07-24 00:00:00,SUM,3922,2025,O,,,,"PRESUPUESTO 28728, SUC DANNUNZIO JORGE",000115,,1,N
2025,4015,3984,1,4132,441,2025-07-24 00:00:00,PRESU,706,2025,O,,,,"Alpa Madariaga de Matienzo, Paola Amelia. Golosina para juegos de vacaciones de invierno. Presupuesto N°0003706",000000,,1,N
2025,4017,3986,1,4124,360,2025-07-24 00:00:00,PRESU,42,2025,O,,,,"PRESUPUESTO 042, CARLOS ARGENTINO LOMBERA",000000,,1,N
2025,4020,3989,1,4123,3184,2025-07-24 00:00:00,PRESU,0,2025,O,,,,DROGUERIA PERDOMINICI- PRESUPUESTO N° 21/07/2025  (FARMACIA),000000,,1,N
2025,4028,3997,1,4138,688,2025-07-25 00:00:00,PRESU,6779,2025,O,,,,PROV. BATERIA LA  PRIMERA  PRESUP.6779  REPUESTOS PARA CAMION VW 17280 PATENTE AF947IJ,000000,,1,N
2025,4029,3998,1,4139,413,2025-07-25 00:00:00,PRESU,3812,2025,O,,,,NEUMATICOS PASO. PRESUPUESTO Nº 0001-00003812. VEHICULO DOMINIO AE 619 QS.,000000,,1,N
2025,4030,3999,1,4142,413,2025-07-25 00:00:00,PRESU,3815,2025,O,,,,NEUMATICOS PASO. PRESUPUESTO Nº 0001-00003815. MINIBUS HOSPITAL DOMINIO AF 545 GL.,000000,,1,N
2025,4033,4002,1,4144,441,2025-07-25 00:00:00,SUM,3944,2025,O,,,,Matienzo Paola. Expte. 1649/25.Festejo Día de la Infancia,000115,,1,N
2025,4034,3252,1,3363,2498,2025-07-25 00:00:00,EXPED,1619,2025,O,,,,Expte. 1619/25 -   Sala Apicola -  Lic. Priv. 4/25 -,000100,,1,N
2025,4035,4003,1,4143,2209,2025-07-25 00:00:00,PRESU,697,2025,O,,,,"PRESUPUESTO 697, DURANTE JAVIER",000000,,1,N
2025,4037,4005,1,4148,3483,2025-07-25 00:00:00,SUM,3955,2025,O,,,,Franco Garay .Expediente 2240/25,000115,,1,N
2025,4081,4048,1,4193,300,2025-07-30 00:00:00,SUM,3948,2025,O,,,,Exp.:1398/25 Ref. Acondicionamiento de Vivienda Familiar de Alma Mía Basualdo - Prov.:Todo Color - Presup.:5515,000115,,1,N
2025,4082,4049,1,4192,300,2025-07-30 00:00:00,SUM,3967,2025,O,,,,Exp.:343/23 Vereda Calle 33 - (EP 20 - Sec.Nº4- Jardin 902) - Prov.:Todo Color - Presup.:05250,000115,,1,N
2025,4084,4051,1,4191,441,2025-07-30 00:00:00,SUM,3970,2025,O,,,,Prov.:Papelera ALPA - Presup.:03714,000115,,1,N
2025,4085,4052,1,4190,3287,2025-07-30 00:00:00,SUM,3971,2025,O,,,,Prov.:Hispanograf - Presup.:01811,000115,,1,N
2025,4086,4053,1,4189,300,2025-07-30 00:00:00,SUM,3976,2025,O,,,,Exp.:1322/24 Energía Eléctrica Chacra II - A - 57 - Prov.:Todo Color - Presup.:05201,000115,,1,N
2025,4104,4071,1,4217,43,2025-08-01 00:00:00,SUM,4038,2025,O,,,,Corresponde Expte N° 2270/2025-  HECTOR DANIEL AYCIERIEX,000115,,1,N
2025,4125,4092,1,4238,2208,2025-08-04 00:00:00,SUM,4022,2025,O,,,,"Lombardi Martín,presupuesto 386",000115,,1,N
2025,4126,4093,1,4235,2209,2025-08-04 00:00:00,PRESU,701,2025,O,,,,"presupuesto n° 00000701"" Distribuidora del Sudeste""",000115,,1,N
2025,4127,4094,1,4232,2675,2025-08-04 00:00:00,SUM,4018,2025,O,,,,PROV.CAROLINA NOWE PRESUP.0585 REPUESOS PARA VW17280 AF947IJ,000115,,1,N
2025,4128,4095,1,4229,2369,2025-08-04 00:00:00,SUM,4020,2025,O,,,,"PROV. MERCEDES LA PLATA PRES.179898 REPUESTOS PARA FORD 14000 DMI232, MERCECED LAN557,JZH266, MERCEDES BENZ 1114 XNE244,",000115,,1,N
2025,4147,4115,1,4264,850,2025-08-07 00:00:00,PRESU,13299,2025,O,,,,UNO ELECTROMEDICINA- PRESUPUESTO N° 00003-00013299 (LABORATORIO),000000,,1,N
2025,4148,4116,1,4281,1603,2025-08-07 00:00:00,PRESU,1342370,2025,O,,,,PANADERIA ALEM DE GARCIA GLADYS - PRESUPUESTO N° 1342370 (HOSPITAL Y HOGAR DE ANCIANOS),000000,,1,N
2025,4149,4117,1,4272,3287,2025-08-07 00:00:00,PRESU,107,2025,O,,,,HISPANOGRAF. PRESUPUESTO Nº 1819.OFICINA 107.,000000,,1,N
2025,4150,4118,1,4268,612,2025-08-07 00:00:00,PRESU,1284,2025,O,,,,"Marzullo Computacion, presupuesto 01284 (para el personal de Tecnica-.COM)",000000,,1,N
2025,4153,4119,1,4292,3322,2025-08-07 00:00:00,PRESU,1906,2025,O,,,,PINAMAR HIGIENE INSTITUCIONAL - PRESUPUESTO N° 16-1906 Y 16-1907 (LAVADERO HOSPITAL),000000,,1,N
2025,4154,4122,1,4289,2869,2025-08-07 00:00:00,PRESU,863,2025,O,,,,MADA POY S.A- PRESUPUESTO N° 0001-00000863 (COCINA),000000,,1,N
2025,3974,3943,1,4086,1206,2025-07-23 00:00:00,SUM,3901,2025,O,,,,"CPU para la oficina de contaduria, la que tenemos actualmente esta desgastada por el uso",000115,,1,N
2025,4820,4784,1,4960,3262,2025-09-25 00:00:00,SUM,4608,2025,O,,,,PROV. FGC FUELS MARKET GAS OIL  PARA MAQUINAS PREDIOS DE DESPOSICION FINAL  RESIDUOS  RUTA 11 KM 405.5,000115,,1,N
2025,4858,4822,1,5000,879,2025-09-29 00:00:00,SUM,4749,2025,O,,,,Exp.:380/25 Sol. Revisión de Edificio HCD - Prov.:Casa Harisgarat - Presup.:01236;1238;1239,000115,,1,N
2025,4859,4823,1,4999,3296,2025-09-29 00:00:00,SUM,4751,2025,O,,,,Exp.:380/25 Sol. Revisión de Edificio HCD - Prov.:Pintureria Concepto - Presup.:02660,000115,,1,N
2025,4910,4875,1,5059,3322,2025-10-03 00:00:00,SUM,4801,2025,O,,,,PINAMAR HIGIENE INSTITUCIONAL SRL- PRESUPUESTO N° 0016-00002012/2013 (HOSPITAL Y HOGAR),000115,,1,N
2025,4911,4876,1,5060,850,2025-10-03 00:00:00,SUM,4804,2025,O,,,,UNO ELECTROMEDICINA - PRESUPUESTO N° 13860 (LABORATORIO),000115,,1,N
2025,4913,4878,1,5062,2209,2025-10-03 00:00:00,SUM,4809,2025,O,,,,DURANTE JAVIER- PRESUPUESTO N° 0001-00000763 (HEMOTERAPIA),000115,,1,N
2025,4914,4879,1,5063,866,2025-10-03 00:00:00,SUM,4810,2025,O,,,,PILOÑA- PRESUPUESTO N° 24/09/2025 (FARMACIA),000115,,1,N
2025,4915,4880,1,5064,1259,2025-10-03 00:00:00,SUM,4811,2025,O,,,,ELECTRO D ANNUNZIO- PRESUPUESTO N° 28943 (BROMATOLOGIA),000115,,1,N
2025,4917,4881,1,5065,171,2025-10-03 00:00:00,SUM,4755,2025,O,,,,PRESUPUESTO N° 53584 - ELECTRICIDAD EL GALLEGO / REFLECTORES PARA EL POLIDEPORTIVO MUNICIPAL,000115,,1,N
2025,4919,4884,1,5068,3322,2025-10-03 00:00:00,SUM,4828,2025,O,,,, PINAMAR HIGIENE INSTITUCIONAL SRL- PRESUPUESTO N° 0016-00002029 (INTERNACION-UTI),000115,,1,N
2025,4920,4885,1,5069,3322,2025-10-03 00:00:00,SUM,4826,2025,O,,,,PINAMAR HIGIENE INSTITUCIONAL SRL- PRESUPUESTO N° 0016-00002026/2027 (LAVADERO-OFFICE DE MUCAMAS),000115,,1,N
2025,4921,4886,1,5070,3322,2025-10-03 00:00:00,SUM,4821,2025,O,,,,PINAMAR HIGIENE INSTITUCIONAL SRL - PRESUPUESTO N° 0016-00002014 (LAVADERO),000115,,1,N
2025,4923,4888,1,5072,313,2025-10-03 00:00:00,SUM,4802,2025,O,,,,PROV. ATREUCO PUEL  COMBUSTIBLE PARA MAQUINAS Y VEHICULOS DE ESTA SECRETARIA,000115,,1,N
2025,4924,4889,1,5073,413,2025-10-03 00:00:00,SUM,4799,2025,O,,,,"PROV. AGUSTIN PASO PRESUP.3868,3848,3866,3852,3844,3842,3841,3845,3846,3854,3878,3870 PARCHES PARA BGZ14,INI856,CII59,EFJ13,CAR742,G710,BNA17",000115,,1,N
2025,4926,4891,1,5074,2369,2025-10-03 00:00:00,SUM,4797,2025,O,,,,"PROV.MERCEDES LA PLATA PRESUP.83083 REPUESTOS PARA LAN557,FORD 14000 AWK675, IVECO PJY978,MERCECES 1114 XNE244",000115,,1,N
2025,4929,4894,1,5075,141,2025-10-03 00:00:00,SUM,4806,2025,O,,,,PRESUPUESTO N°8656 - SAGITARIO / MATERIALES PARA TRABAJO EN TABLEROS DE BASQUET EN EL POLIDEPORTIVO MUNICIPAL,000115,,1,N
2025,5013,4978,1,5158,167,2025-10-17 00:00:00,SUM,4903,2025,O,,,,TODO POLLO- PRESUPUESTO N° 40 (HOGAR DE ANCIANOS) PRESUPUESTO PARA LA SEMANA DESDE EL 6/10 AL 13/10,000115,,1,N
2025,5014,4979,1,5160,167,2025-10-17 00:00:00,SUM,4905,2025,O,,,,TODO POLLO- PRESUPUESTO N° 41 (PARA LA SEMANA DEL 6/10 HASTA 13/10) COCINA DEL HOSPITAL,000115,,1,N
2025,5016,4981,1,5161,63,2025-10-17 00:00:00,SUM,4857,2025,O,,,,JORGE N FLORES E HIJOS - PRESUPUESTO B5002-26.762 FECHA 25/8/25 ( MANTENIMIENTO VEREDA SALIDA DE AMBULANCIA),000115,,1,N
2025,5018,4983,1,5162,2627,2025-10-17 00:00:00,SUM,4852,2025,O,,,,SANTA PAULA - PRESUPUESTO N° 1-2121 PARA DIA 29/9/25 (HOGAR HOSPITAL),000115,,1,N
2025,5051,5009,1,5199,3322,2025-10-20 00:00:00,PRESU,2046,2025,O,,,,PINAMAR HIGIENE INSTITUCIONAL SRL- PRESUPUESTO N° 0016-00002046 (LAVADERO),000000,,1,N
2025,5228,5193,1,5379,3262,2025-11-04 00:00:00,SUM,5137,2025,O,,,,PROV. FGC FUELS MARKET GAS OIL PARA MAQUINAS PREDIO DISPOSICION FINAL RESIDUOS RUTA 11 KM 405.5,000115,,1,N
2025,5241,5206,1,5403,2998,2025-11-05 00:00:00,SUM,5138,2025,O,,,,VIVERO BOSQUE VERDE. CIC. PRESUPUESTO.,000115,,1,N
2025,5588,5544,1,5758,441,2025-12-30 00:00:00,SUM,5455,2025,O,,,,PRESUPUESTO N° 3818 - ALPA MADARIAGA / MATERIALES PARA IMPRESION DE DIPLOMAS EN EL MARCO DEL PROGRAMA ABUELOS,000115,,1,N
2026,22,23,1,21,2804,2026-01-06 00:00:00,SUM,46,2026,O,,,,PREVISION DE GAREN ORLANDO,000115,,1,N
2026,24,24,1,47,57,2026-01-06 00:00:00,PRESU,545,2026,O,,,,IMPRENTA EL ARGENTINO. IRMA CRISTINA BONOMI.PRESUPUESTO Nº 545.- 547 SERVICIO HEMOTERAPIA - SERVICIO DE EMERGENCIA.,000115,,1,N
2026,26,26,1,46,2427,2026-01-06 00:00:00,SUM,7,2026,O,,,,REFRIGERACION ADIS. PABLO ADIS. PRESUPUESTO Nº 103.FARMACIA HOSPITAL.,000115,,1,N
2026,28,28,1,45,216,2026-01-06 00:00:00,SUM,8,2026,O,,,,FAE. PRESUPUESTO. SECTOR MUCAMAS.,000115,,1,N
2026,35,35,1,44,134,2026-01-06 00:00:00,SUM,28,2026,O,,,,SORRENTINO S.A- PRESUPUESTO S/N° REM 45872  (FARMACIA),000115,,1,N
2026,40,38,1,43,441,2026-01-06 00:00:00,SUM,62,2026,O,,,,ALPA - PRESUPUESTO N° 0002-00003830 (COCINA),000115,,1,N
2026,45,44,1,42,441,2026-01-06 00:00:00,SUM,63,2026,O,,,,ALPA- PRESUPUESTO N° 0002-00003834/3838 (COCINA),000115,,1,N
2026,51,52,1,41,2627,2026-01-06 00:00:00,SUM,65,2026,O,,,,SANTA PAULA- PRESUPUESTO N° 0001-00002149 (HOGAR DE ANCIANOS) DESDE 24/11/25 HASTA EL 1/12/25,000115,,1,N
2026,54,55,1,40,2627,2026-01-06 00:00:00,PRESU,2151,2026,O,,,,SANTA PAULA- PRESUPUESTO N° 0001-00002151 (HOGAR DE ANCIANOS) DESDE 3/12/25 AL  10/12/25,000115,,1,N
2026,61,61,1,74,441,2026-01-06 00:00:00,SUM,140,2026,O,,,,Corresponde Concurso de precios N° 20-2025 Expte N° 3523/2025,000115,,1,N
2025,5422,5376,1,5590,2869,2025-11-26 00:00:00,SUM,5317,2025,O,,,,MADA POY S.A- PRESUPUESTO N° 0001-00000927 (COCINA) SEMANA DESDE 20/11/2025 AL 27/11/2025,000115,,1,N
2025,5423,5377,1,5587,688,2025-11-26 00:00:00,SUM,5318,2025,O,,,,BATERIAS LA PRIMERA.DELFOR RAMOS SUC. PRESUPUESTO Nº 6909.VEHICULO MINIBUS FORD DOMINIO AF 591 SU.,000115,,1,N
2025,5424,5378,1,5593,2636,2025-11-26 00:00:00,SUM,5328,2025,O,,,,Corresponde presupuesto N° 10402 - JUAN MANUEL SUAREZ,000115,,1,N
2025,5425,5379,1,5595,441,2025-11-26 00:00:00,SUM,5327,2025,A,2025-12-05 00:00:00,ADMINI,,Corresponde presupuesto N° 0002-00003813/0002-00003809/0002-00003810  MATIENZO PAOLA,000115,,1,N
2025,5427,5381,1,5592,125,2025-11-26 00:00:00,SUM,5312,2025,O,,,,FARMACIA GIORGI- PRESUPUESTO N° 12/11/2025 (FARMACIA) MEDICAMENTOS DISPENSADOS DESDE EL 5/11/2025 HASTA EL 10/11/2025,000115,,1,N
2025,5430,5384,1,5580,169,2025-11-26 00:00:00,SUM,5313,2025,O,,,,"PRESUPUESTO N° 000990 de Terranova Lucas Hernán de ""TERRANOVAQUIMICA""",000115,,1,N
2025,5433,5386,1,5582,167,2025-11-26 00:00:00,SUM,5315,2025,O,,,,"PRESUPUESTO N° 00000053 de Gonzalo A. Bustamante de ""TODO POLLO"" Esfuerzo Solidario 2025",000115,,1,N
2025,5435,5389,1,5584,2627,2025-11-26 00:00:00,SUM,5325,2025,O,,,,SANTA PAULA. PENACCA SRL. PRESUPUESTO Nº 0001-00002146.COCINA HOSPITAL.. SEMANA DEL 17/11/25/ AL 23/11/25.,000115,,1,N
2026,263,263,1,265,2843,2026-01-15 00:00:00,SUM,236,2026,O,,,,Presupuesto N°6976063-Fruteria EL NEGRIN de Rost Tamara-Para Programa ESFUERZO SOLIDARIO.,000115,,1,N
2026,378,380,1,397,3075,2026-01-21 00:00:00,SUM,415,2025,O,,,,"Correa Lorente Martín ,presupuesto N° 0001-00000066",000115,,1,N
2026,380,382,1,426,3495,2026-01-21 00:00:00,PRESU,19544,2026,O,,,,PROV. VIVERO GRANADOS PEDIDO NRO19544 PINO PARA PALACIO MUNICIPAL,000000,,1,N
2026,389,392,1,423,850,2026-01-21 00:00:00,SUM,418,2026,O,,,,EXPEDIENTE 178/26 CONTRATO ALQUILER SIGISMONDI JOSE DEL 01/01/26 AL 30/04/26,000115,,1,N
2026,390,393,1,424,850,2026-01-21 00:00:00,SUM,419,2026,O,,,,EXPEDIENTE 179/26 CONTRATO ALQUILER SIGISMONDI JOSE DEL 01/01/26 AL 30/04/26,000115,,1,N
2026,391,394,1,425,850,2026-01-21 00:00:00,SUM,421,2026,O,,,,EXPEDIENTE 180/26 CONTRATO ALQUILER SIGISMONDI JOSE DEL 01/01/26 AL 30/04/26,000010,,1,N
2026,392,395,1,422,850,2026-01-21 00:00:00,SUM,416,2026,O,,,,EXPEDIENTE 177/26 CONTRATO ALQUILER SIGISMONDI JOSE DEL 01/01/26 AL 30/04/26,000115,,1,N
2026,399,402,1,414,717,2026-01-22 00:00:00,SUM,387,2026,O,,,,PROVEEDURIA LA ILUSION.PINILLA MARINA IRENE. COCINA HOSPITAL MUNICIPAL.,000115,,1,N
2026,400,403,1,415,2209,2026-01-22 00:00:00,SUM,380,2026,O,,,,DURANTE JAVIER- PRESUPUESTO N° 0001-00000834  (COCINA) DESDE EL 6/01/26 AL 6/02/26,000115,,1,N
2026,401,404,1,416,2209,2026-01-22 00:00:00,SUM,305,2026,O,,,,DURANTE JAVIER- PRESUPUESTO N° 0001-00000820 (COCINA) DESDE EL 23/12/25 AL 22/01/2026,000115,,1,N
2026,402,405,1,417,441,2026-01-22 00:00:00,SUM,384,2026,O,,,,PAPELERA ALPA. PAOLA AMELIA MATIENZO. PRESUPUESTO Nº 0002-00003851.HEMOTERAPIA.,000115,,1,N
2026,403,406,1,418,441,2026-01-22 00:00:00,SUM,383,2026,O,,,,"PAPELERA ALPA, PAOLA AMELIA MATIENZO. PRESUPUESTO Nº 0002-3844.",000115,,1,N
2026,404,407,1,419,3356,2026-01-22 00:00:00,SUM,391,2026,O,,,,PEREZ JORGE- PRESUPUESTO N° 282193 (COCINA) DESDE EL 7/01/26 AL 14/01/26,000115,,1,N
2026,405,408,1,420,1943,2026-01-22 00:00:00,SUM,386,2026,O,,,,PRESUPUESTO 005-00007340 B GATE MANTENIMIENTO GENERADOR BGOX-12,000115,,1,N
2026,406,409,1,427,195,2026-01-22 00:00:00,PRESU,202645,2026,O,,,,"Casa Blanco, presuouesto 202645 (Centro de Monitoreo-tecnica)",000000,,1,N
2026,175,175,1,172,33,2026-01-13 00:00:00,SUM,250,2026,O,,,,"RENOVACION POLIZA, PCIA SEGUROS(33), POLIZA 10946164",000115,,1,N
2026,177,177,1,173,33,2026-01-13 00:00:00,SUM,252,2026,O,,,,"RENOVACION POLIZA, PCIA SEGUROS(33), POLIZA 10946164",000115,,1,N
2026,179,179,1,174,33,2026-01-13 00:00:00,SUM,249,2026,O,,,,"RENOVACION POLIZA, PCIA SEGUROS(33), POLIZA 10946164",000115,,1,N
2026,182,181,1,175,33,2026-01-13 00:00:00,SUM,248,2026,O,,,,"RENOVACION POLIZA, PCIA SEGUROS(33), POLIZA 10946164",000115,,1,N
2026,183,183,1,176,33,2026-01-13 00:00:00,SUM,246,2026,O,,,,"RENOVACION POLIZA, PCIA SEGUROS(33), POLIZA 10946164",000115,,1,N
2026,184,184,1,250,3145,2026-01-13 00:00:00,SUM,273,2026,O,,,,"WAGNER LUCAS DARIO,   PRESUPUESTO",000115,,1,N
2026,185,185,1,177,33,2026-01-13 00:00:00,SUM,245,2026,O,,,,"RENOVACION DE POLIZA, PCIA SEGUROS(33), POLIZA 10946164",000115,,1,N
2026,187,187,1,178,33,2026-01-13 00:00:00,SUM,244,2026,O,,,,"RENOVACION POLIZA, PCIA SEGUROS(33), POLIZA 10946164",000115,,1,N
2026,190,190,1,179,33,2026-01-13 00:00:00,SUM,243,2026,O,,,,"RENOVACION DE POLIZA, PCIA SEGUROS(33) POLIZA 10946164",000115,,1,N
2026,192,192,1,180,33,2026-01-13 00:00:00,SUM,241,2026,O,,,,"RENOVACION DE POLIZA, PCIA SEGUROS POLIZA 10946164(33)",000115,,1,N
2026,193,193,1,181,33,2026-01-13 00:00:00,SUM,239,2026,O,,,,"RENOVACION POLIZA, PCIA SEGUROS POLIZA 10946164",000115,,1,N
2026,196,196,1,244,717,2026-01-13 00:00:00,SUM,152,2026,O,,,,PROVEEDURIA LA ILUSION. PINILLA MARINA IRENE.PRESUPUESTO COCINA HOSPITAL MUNICIPAL.,000115,,1,N
2026,199,199,1,216,2470,2026-01-13 00:00:00,SUM,233,2026,O,,,,PROV.LS-PROTEC PRESUP.09/01/2026  GUANTES Y PROTECTORES Y ELEMENTOS DE SEGURIDAD PARA PERSONAL DE ESTA SECRETARIA,000115,,1,N
2026,201,201,1,236,2299,2026-01-13 00:00:00,SUM,155,2026,O,,,,"Corresponde a Previsión de ""Scigliano Diego Beltran""",000115,,1,N
2026,203,203,1,237,5,2026-01-13 00:00:00,SUM,157,2026,O,,,,"Corresponde a Previsión de ""Andres Ponsa S.A."" Para Envión, sede, equipos",000115,,1,N
2026,205,205,1,238,3270,2026-01-13 00:00:00,SUM,185,2026,O,,,,PROV.. HARSIGARAT ALEJANDRO PRESUP 08.01.26 REPARACION ELECTRICA EN CEMENTERIO,000115,,1,N
2026,207,207,1,211,441,2026-01-13 00:00:00,SUM,108,2026,O,,,,Corresponde presupuesto Matienzo Paola-,000115,,1,N
2025,3900,3869,1,4026,1078,2025-07-17 00:00:00,SUM,3829,2025,O,,,,OPAZO DANIEL. TRABAJO EN TABLERO PLANTA DE OXIGENO.EXPTE Nº 1673/25,000029,,1,N
2025,3903,3872,1,4028,216,2025-07-17 00:00:00,SUM,3834,2025,O,,,,Corresponde presupuesto n° 4921532 - Taller protegido F.A.E,000010,,1,N
2025,4930,4895,1,5079,3439,2025-10-03 00:00:00,ORDCO,4823,2025,O,,,,"Expte N° 1813/25 Renovación de contrato- Sra. López, María Manuela - Acompañante terapéutico - No cumple con el Art. 45 de la Ley 14.656",000115,,1,N
2025,3975,3944,1,4084,441,2025-07-23 00:00:00,SUM,3893,2025,O,,,,"PROV. PAPELERA ALPA ""Matienzo Paola"". PRESU. N°3702/N°3713- SEC. PRODUCCION-",000115,,1,N
2025,3976,3945,1,4083,1578,2025-07-23 00:00:00,SUM,3889,2025,O,,,,"Ferraro  Liliana Noemi,remito 00366",000115,,1,N
2025,3980,3949,1,4094,1514,2025-07-23 00:00:00,SUM,3879,2025,O,,,,PROV. CASA ELICEIRY GAS OIL PARA  VAHICULSO Y MAQUINAS DE ESTA SECRETARIA,000115,,1,N
2025,3981,3950,1,4093,1259,2025-07-23 00:00:00,SUM,3891,2025,A,2025-07-25 00:00:00,ADMINI,,PROV.ELECTRO  DANNUNZIO PRESUP.28719 ATICULOS DE ELECTRICIDAD PARA INSLATACION EN PREDIO DISPOSICION FINAL RUTA 11 KM 405.5,000115,,1,N
2025,3982,3951,1,4092,2859,2025-07-23 00:00:00,SUM,3894,2025,O,,,,PROV. ADRENALINA-RENT S.A PRESUP.16796 ARTICULOS DE CONTRUCCION PARA  PILAR DE LUZ EN PEDRIOS DISPOSICION FINAL,000115,,1,N
2025,3987,3954,1,4098,3165,2025-07-23 00:00:00,SUM,3886,2025,O,,,,VELIBO SUPPLIES S.A.S- PRESUPUESTO N° 0001-00008512 (FARMACIA),000115,,1,N
2025,3990,3959,1,4103,2958,2025-07-23 00:00:00,SUM,3881,2025,O,,,,AVICOLA DEL TUYU DE ANDERS VICTOR- PRESUPUESTO N° 3909 (COCINA HOSPITAL) N° 3910 (HOGAR DE ANCIANOS),000115,,1,N
2025,3994,3963,1,4104,866,2025-07-23 00:00:00,SUM,3877,2025,O,,,,PILOÑA- PRESUPUESTO N° 0004-00185951( FARMACIA),000115,,1,N
2025,4019,3988,1,4129,3287,2025-07-24 00:00:00,SUM,3859,2025,O,,,,"Hispanograf, presupuesto 1809 (para ser utilizadas por Inspeccion)",000115,,1,N
2025,4023,3991,1,4126,2675,2025-07-24 00:00:00,SUM,3917,2025,O,,,,"PROV.CAROLINA NOWE PRESUP.0578 REPUESTOS PARA VW 17220 LED010, MERCEDES BENZ 1114 XNE, IVECO PJY987 , NEW HOLLAND CII59",000115,,1,N
2025,4025,3994,1,4121,2110,2025-07-24 00:00:00,SUM,3905,2025,O,,,,EDUARDO FUMEGA- PRESUPUESTO N° 477 (HOGAR DE ANCIANOS),000115,,1,N
2025,4026,3995,1,4117,441,2025-07-24 00:00:00,SUM,3908,2025,O,,,,"ALPA MADARIAGA- PRESUPUESTO N° 0002-00003709/3718 (GUARDIA, COCINA)",000115,,1,N
2025,4027,3996,1,4110,1977,2025-07-24 00:00:00,SUM,3920,2025,O,,,,PROV.ZMG ARGENTINA SRL PRES. 2767 REPUESTO PARA PALA CARGADORA LUILONG CH855,000115,,1,N
2025,4138,4105,1,4255,3526,2025-08-06 00:00:00,PRESU,0,2025,O,,,,  PROV.GOMEZ LAUTARO- PRESU.  N°06/08/2025- SEC. PRODUCCION-,000000,,1,N
2025,4862,4827,1,4656,3537,2025-10-01 00:00:00,SUM,4406,2025,O,,,,CORRESPONDE EXPTE Nº 2545/25. DR BUGIOLACHI JORGE.CONTRATO DESDE EL 01/09/2025 AL 31/12/2025.,000115,,1,N
2025,4867,4832,1,5035,2259,2025-10-01 00:00:00,SUM,4812,2025,O,,,,Corresponde presupuesto Bonomi Isabel - Concurso de Asadores Expte N° 2326/25,000115,,1,N
2025,5559,5516,1,5728,2209,2025-12-17 00:00:00,SUM,5446,2025,O,,,,PRESUPUESTO  793 BARRA DE QUESO PARA USO PACIENTES INTERNADOS Y PERSONAL QUE REALIZA GUARDIAS,000029,,1,N
2025,5095,5060,1,5254,33,2025-10-22 00:00:00,SUM,5011,2025,O,,,,ENDOSO DE POLIZA N° 10718651,000115,,1,N
2025,5096,5061,1,5252,441,2025-10-22 00:00:00,SUM,4991,2025,O,,,,PROV.ALPA PRESUP.3790 PARA DEFENSA CIVIL,000115,,1,N
2025,5558,5517,1,5727,2209,2025-12-17 00:00:00,SUM,5319,2025,O,,,,JAVIER DURANTE. DISTRIBUIDORA DEL SUDESTE. PRESUPUESTO Nº 794.HOGAR DE ANCIANOS.,000029,,1,N
2025,5561,5514,1,5726,2209,2025-12-17 00:00:00,SUM,5309,2025,O,,,,DURANTE JAVIER- PRESUPUESTO N° 0001-00000795 (COCINA) DEL 15/11/2025 AL 15/12/2025,000010,,1,N
2025,5560,5515,1,5725,2209,2025-12-17 00:00:00,SUM,5294,2025,O,,,,DISTRIBUIODRA DEL SUDESTE. JAVIER DURANTE.PRESUPUESTO Nº 0001-00000796.HEMOTERAPIA.,000010,,1,N
2026,489,493,1,518,3287,2026-01-28 00:00:00,PRESU,1853,2026,O,,,,"PRESUPUESTO N°  01853 de ""Hispanograf"" Para realizar diplomas, distintivos, fotos, invitaciones para el egreso de La Casita de Chocolate",000000,,1,N
2026,491,495,1,515,1259,2026-01-28 00:00:00,PRESU,29984,2026,O,,,,PROV.ELECTRO DANNUNZIO PRESUP.29984 ALARGUE PARA CORRALON,000000,,1,N
2026,490,494,1,511,1514,2026-01-28 00:00:00,SUM,489,2026,O,,,,CASA ELICEIRY,000115,,1,N
2026,492,496,1,512,2403,2026-01-28 00:00:00,PRESU,93,2026,O,,,,"Bigorito  Leonardo Fabio ,presupuesto 0001-00000093.Motoniveladora Pauny 180 BGZ 53.",000000,,1,N
2026,499,503,1,533,171,2026-01-29 00:00:00,SUM,508,2026,O,,,,PROV. JUAN SANCHEZ PRESUP.54551 CABLE PARA DEFENSA CIVIL,000115,,1,N
2026,500,504,1,532,3395,2026-01-29 00:00:00,SUM,507,2026,O,,,,PROV.BATERIA EL PELA  YANINA PECORARI PRESUP.5065 BATERIAS PARA MOTONIVELADOR NEW HOLLAND CII59,000115,,1,N
2026,501,505,1,531,3336,2026-01-29 00:00:00,SUM,505,2026,O,,,,PROV. ROCIO MORALES PRESUP.29/10/26 REPARACION DE VW 17220 LED013 Y MINITRACTOR HUSQVANA CEMENTERIO,000115,,1,N
2026,502,506,1,534,2421,2026-01-29 00:00:00,SUM,517,2026,O,,,,"CONTRATO ENERO-MARZO, OTERMOIN GERMAN CEFERINO",000115,,1,N
2026,508,511,1,541,2209,2026-01-30 00:00:00,EXPED,3759,2025,O,,,,"PRESUPUESTO 000, DURANTE JAVIER",000000,,1,N
2025,3692,3662,1,3787,300,2025-07-07 00:00:00,SUM,3554,2025,O,,,,"Ferreteria Todo Color, presupuesto 5524 (elementos utilizados por el personal de mantenimiento-taller)",000115,,1,N
2025,3693,3663,1,3788,300,2025-07-07 00:00:00,SUM,3552,2025,O,,,,"Ferreteria Todo Color, presupuesto 5518 ( elementos utilizados por el personal de mantenimiento )",000115,,1,N
2025,3695,3665,1,3789,300,2025-07-07 00:00:00,SUM,3606,2025,O,,,,"Ferreteria Todo Color, presupuesto 5510 (elementos utilizados por el personal del taller para los vehiculos)",000115,,1,N
2025,3697,3667,1,3777,300,2025-07-07 00:00:00,SUM,3575,2025,O,,,,PINTURERIA FERRETERIA TODO COLOR - PRESUPUESTO N° 5520 (MANTENIMIENTO Y UTI HOSPITAL),000115,,1,N
2025,3700,3670,1,3778,1578,2025-07-07 00:00:00,SUM,3573,2025,O,,,,PRODUCTOS COLOMBRARO - PRESUPUESTO N° 1-360 (HOGAR DE ANCIANOS HOSPITAL),000115,,1,N
2025,3702,3672,1,3753,3419,2025-07-07 00:00:00,SUM,3622,2025,O,,,,Exp.:1811/21 PREIMBA- PROYECTO PARQUE DE LA ESTACIÓN - Prov.:398 LACAL Serv. Elect. - Presup.:Contrato,000115,,1,N
2025,3706,3676,1,3754,3226,2025-07-07 00:00:00,SUM,3620,2025,O,,,,Prov.:Electro HD (Hector Anibal Curto) - Presup.:0333 - PARA PLOTER OFICINA OBRAS PUBLICAS,000115,,1,N
2025,3708,3678,1,3755,160,2025-07-07 00:00:00,SUM,3602,2025,O,,,,PESUPUESTO N° 1099 - AGROVETERINARIA MARZULLO / HERBICIDAS PARA ELIMINACION DE PLAGAS EN EL ESTADIO MUNICIPAL FRANCISCO ALCUAZ,000115,,1,N
2025,3711,3681,1,3756,300,2025-07-07 00:00:00,SUM,3598,2025,O,,,,"PRESUPUESTO N° 05527 - PIINTURERIA Y FERRETERIA ""TODO COLOR"" / MATERIALES PARA TRABAJOS EN ESTADIO MUNICIPAL FRANCISCO ALCUAZ",000115,,1,N
2025,3713,3683,1,3757,17,2025-07-07 00:00:00,SUM,3597,2025,O,,,,PRESUPUESTO N° 0127 - MOTOMAQUINARIAS LUIS / REPARACION Y MATENIMIENTO DE MAQUINAS PARA CORTAR CESPED EN EL PREDIO MUNICIPAL,000115,,1,N
2025,3839,3809,1,3953,1962,2025-07-15 00:00:00,SUM,3812,2025,O,,,,Escobar Juan Carlos,000010,,1,N
2025,3840,3808,1,3941,2843,2025-07-16 00:00:00,SUM,3737,2025,O,,,,"PRESUPUESTO N° X 7848540 de Tamara Rost de ""Frutería Negrín"" Programa Diabéticos 2025",000115,,1,N
2025,3841,3810,1,3951,3482,2025-07-16 00:00:00,SUM,3792,2025,O,,,,PROV. MARC ALICIA BEATRIZ . PRESU. 15/07/2025- SEC. PRODUCCION- SALA DE ELAB.,000115,,1,N
2025,3842,3811,1,3944,335,2025-07-16 00:00:00,SUM,3743,2025,O,,,,"PRESUPUESTOS de María Cristina Uthurburu de ""Casa Meoqui"" Sra. Soto, Marta Inés fallecida el día: 28/ de junio 2025 DNI 11.544.770  - Sra. Ruiz, Griselda Haydeé fallecida el 03 de junio 2025 LC 3.643.315",000115,,1,N
2025,4695,4659,1,4826,688,2025-09-16 00:00:00,PRESU,6776,2025,O,,,,PRESUPUESTO N° 06776 - BATERIAS LA PRIMERA,000000,,1,N
2025,4610,4574,1,4745,1161,2025-09-09 00:00:00,SUM,4512,2025,O,,,,"PRESUPUESTO N° X 6041838 de ""IGLESIAS FEDERICO"" Para consumo  de los internos y personal de la granja de contención",000115,,1,N
2025,4612,4576,1,4746,300,2025-09-09 00:00:00,SUM,4520,2025,O,,,,"PROV.SILVIA MAISTEGUI PRESP.5903 ARTICULOS DE FERRETERIA PARA ARREGLOS GENERAL EN CORRALON MUNICIPAL ,PINTURA DE BANCOS ESPACIOS PUBLICOS LINGA PARA CAMION IVECO IOO617",000115,,1,N
2025,4614,4578,1,4747,300,2025-09-09 00:00:00,SUM,4522,2025,O,,,,"PROV.SILVIA MAISTEGUI PRESUP.5549 PINTURA PARA RECREO LA LARGA EL CARBON, MADERAS DEL MUELLE, REFLECTOR PARA EL ANFITEATRO, MONUMENTO A GUEMES .",000115,,1,N
2025,4615,4579,1,4748,300,2025-09-09 00:00:00,SUM,4524,2025,O,,,,"PROV.SILVIA MAISTEGUI PRESUP.5907 ARTICULOS DE FERRETERIA PARA ARREGLOS EN CAMION MERCEDES BENZ 1114 TGL092, OFICINA DE OBRAS PUBLICAS",000115,,1,N
2025,4617,4581,1,4749,300,2025-09-09 00:00:00,SUM,4510,2025,O,,,,PROV.SILVIA MAISTEGUI PRESUP.5550  INSUMOS PARA REPARACION DE CAMION MERCEDES BENZ 1114 TGL092,000115,,1,N
2025,4618,4582,1,4730,3287,2025-09-09 00:00:00,SUM,4498,2025,O,,,,HISPANOGRAF- PRESUPUESTO N° 1833 (HOSPITAL),000115,,1,N
2025,4619,4583,1,4731,866,2025-09-09 00:00:00,SUM,4500,2025,O,,,,PILOÑA- PRESUPUESTO N° 0004-00189357 (FARMACIA),000115,,1,N
2025,4620,4584,1,4732,3287,2025-09-09 00:00:00,SUM,4496,2025,O,,,,HISPANOGRAF- PRESUPUESTO N° 1832 (BROMATOLOGIA),000115,,1,N
2025,4621,4585,1,4739,163,2025-09-09 00:00:00,SUM,4491,2025,O,,,,PROV.ALFIO DISTEFANO PRESUP.078-9140 REPARACION DE PALA LIULONG G855,000115,,1,N
2025,4622,4586,1,4738,163,2025-09-09 00:00:00,SUM,4490,2025,O,,,,PROV. ALFIO DISTEFANO PRESUP.078-9141REPARACION DE FIAT ALLIS RG140,000115,,1,N
2025,4623,4587,1,4759,66,2025-09-09 00:00:00,SUM,4543,2025,O,,,,FARJAT CARLOS ALBERTO. PRESUPUESTO COCINA HOSPITAL..MARZO A AGOSTO.,000115,,1,N
2025,4636,4600,1,4767,1266,2025-09-10 00:00:00,EXPED,20,2025,O,,,,"  EXPTE. 20/2025, IASSA S.A.Abono 7015.",000000,,1,N
2025,4637,4601,1,4768,1266,2025-09-10 00:00:00,EXPED,20,2025,O,,,," EXPTE. 20/2025, IASSA S.A Abono 5544,5579.",000000,,1,N
2025,4638,4602,1,4769,1266,2025-09-10 00:00:00,EXPED,20,2025,O,,,," EXPTE. 20/2025,IASSA S.A.Abono 5547,6115,9457.",000000,,1,N
2025,4639,4603,1,4770,1266,2025-09-10 00:00:00,EXPED,20,2025,O,,,,"EXPTE. 20/2025,IASSA S.A Abono 6149.",000000,,1,N
2025,4640,4604,1,4771,1266,2025-09-10 00:00:00,EXPED,20,2025,O,,,," EXPTE. 20/2025,IASSA S.A.Abono5514/6300/6559/6560/914.",000000,,1,N
2025,4641,4605,1,4772,1266,2025-09-10 00:00:00,EXPED,20,2025,O,,,," EXPTE. 20/2025, IASSA S.AIBB084",000000,,1,N
2025,4642,4606,1,4773,1266,2025-09-10 00:00:00,EXPED,20,2025,O,,,," EXPTE. 20/2025,IASSA S.A.Abono 5546",000000,,1,N
2025,4643,4607,1,4774,1266,2025-09-10 00:00:00,EXPED,20,2025,O,,,,"EXPTE. 202025,IASSA S.A.Abono 5617,9817,5622.",000000,,1,N
2025,4644,4608,1,4775,1266,2025-09-10 00:00:00,EXPED,20,2025,O,,,," EXPTE. 20/2025, IASSA S.A.Abono 6372",000000,,1,N
2025,4645,4609,1,4751,2261,2025-09-11 00:00:00,PRESU,6986,2025,O,,,,"Encendido Avellaneda, presupuesto 6986 (matafuegos de todas las oficinas dependientes de seguridad)",000000,,1,N
2025,4648,4612,1,4795,2869,2025-09-11 00:00:00,PRESU,875,2025,O,,,,MADA POY S.A- PRESUPUESTO N° 0001-00000875 (HOGAR DE ANCIANOS),000000,,1,N
2025,4649,4613,1,4786,3398,2025-09-11 00:00:00,PRESU,59,2025,A,2025-12-16 00:00:00,ERROR,,PROV.CHAYE SRL PRESUP.0059 REPUSTOS PARA PALA JONH DEERE BGZ45,000000,,1,N
2025,4650,4614,1,4787,1235,2025-09-11 00:00:00,PRESU,1556,2025,O,,,,"PRESUPUESTO 1556, CAMINO JOSE",000000,,1,N
2025,4651,4615,1,4788,612,2025-09-11 00:00:00,PRESU,1289,2025,O,,,,"MARZULLO JOSÉ ,PRESUPUESTO 0001-00001289",000000,,1,N
2025,4652,4616,1,4789,1259,2025-09-11 00:00:00,PRESU,29008,2025,O,,,,Corresponde presupuesto N° 00029008- Suc. Dannunzio,000000,,1,N
2025,4667,4631,1,4800,2751,2025-09-12 00:00:00,PRESU,0,2025,O,,,,PROV. AGRONOMIA HORTICOLA SRL. PRESU. 10/09/2025- SEC. PRODUCCION,000000,,1,N
2025,5004,4969,1,5196,2951,2025-10-17 00:00:00,PRESU,4957,2025,O,,,,"SDM soluciones de movilidad, presupuesto 012/25 (AE969PX)",000000,,1,N
2025,5005,4970,1,5156,2878,2025-10-17 00:00:00,PRESU,0,2025,O,,,,LOPEZ LEONARDO- PRESUPUESTO N° 6/10/25 ( MEDICOS DE GUARDIA Y OFICINA DE RECURSOS HUMANOS),000000,,1,N
2025,5006,4971,1,5179,850,2025-10-17 00:00:00,PRESU,13917,2025,O,,,,UNO ELECTROMEDICINA- PRESUPUESTO N° 00003-00013917 (LABORATORIO DE ANALISIS),000000,,1,N
2025,5007,4972,1,5180,169,2025-10-17 00:00:00,PRESU,983,2025,O,,,,"PRESUPUESTO N° 000983 de Terranova, Lucas Hernán de ""TERRANOVAQUIMICA"" Para uso de la Casita de Chocolate",000000,,1,N
2025,5008,4973,1,5181,169,2025-10-17 00:00:00,PRESU,985,2025,O,,,,"PRESUPUESTOS N° 000980 / 985 de Terranova, Lucas Hernán de ""TERRANOVAQUIMICA"" Para  uso en la granja de contención",000000,,1,N
2025,5009,4974,1,5182,1977,2025-10-17 00:00:00,PRESU,6083,2025,O,,,,PROV.ZMG ARGENTINA PRESUP.6083 REPUESTOS PARA PALA CARGADORA LIULONG 855,000000,,1,N
2025,5010,4975,1,5183,2878,2025-10-17 00:00:00,PRESU,0,2025,O,,,,LOPEZ LEONARDO- PRESUPUESTO N° 7/10/2025 (MEDICOS - ENFERMEROS),000000,,1,N
2025,5011,4976,1,5184,441,2025-10-17 00:00:00,PRESU,3789,2025,O,,,,ALPA - PRESUPUESTO N° 0002-00003789 (COCINA),000000,,1,N
2025,5012,4977,1,5185,441,2025-10-17 00:00:00,PRESU,3775,2025,O,,,,ALPA- PRESUPUESTO N° 0002-00003775 (BROMATOLOGIA),000000,,1,N
2025,5023,4988,1,5171,3322,2025-10-17 00:00:00,PRESU,2033,2025,O,,,,PINAMAR HIGIENE INSTITUCIONAL - PRESUPUESTO N° 16-2033 FECHA 30/9/25 (LAVADERO HOSPITAL),000000,,1,N
2025,5025,4990,1,5164,2627,2025-10-17 00:00:00,PRESU,2125,2025,O,,,,SANTA PAULA - PRESUPUESTO N° 1-2125 PARA FECHA 6/10/25 (COCINA HOSPITAL),000000,,1,N
2025,5027,4992,1,5168,1578,2025-10-17 00:00:00,PRESU,378,2025,O,,,,PRODUCTOS COLOMBRARO - PRESUPUESTO N°378 FECHA 26/9/25 (COCINA DEL HOGAR),000000,,1,N
2025,5030,4995,1,5173,3322,2025-10-17 00:00:00,PRESU,2041,2025,O,,,,PINAMAR HIGIENE INSTITUCIONAL - PRESUPUESTO N° 16-2041 FECHA 6/10/25 (HOGAR DE ANCIANOS),000000,,1,N
2025,5031,4996,1,5174,3322,2025-10-17 00:00:00,PRESU,2028,2025,O,,,,PINAMAR HIGIENE INSTITUCIONAL - PRESUPUESTO N° 16-2028 FECHA 27/9/25 ( HOGAR DE ANCIANOS),000000,,1,N
2025,5032,4997,1,5176,1440,2025-10-17 00:00:00,PRESU,0,2025,O,,,,QUALIMED S.A - PRESUPUESTO N° 76 FECHA 26/9/25 (FARMACIA HOSPITAL),000000,,1,N
2025,5034,4999,1,5177,134,2025-10-17 00:00:00,PRESU,45645,2025,O,,,,SORRENTINO S.A. - PRESUPUESTO N° 45645 FECHA 2/10/25 (FARMACIA HOSPITAL),000000,,1,N
2025,5035,5000,1,5159,3297,2025-10-17 00:00:00,PRESU,87,2025,O,,,,"PRESUPUESTO 87, ISIDRO-SANTOS",000000,,1,N
2025,5037,5002,1,5163,2330,2025-10-17 00:00:00,PRESU,0,2025,O,,,,Corresponde prevision combustibles del salado- Gobierno,000000,,1,N
2025,5038,5003,1,5165,2627,2025-10-17 00:00:00,PRESU,4910,2025,O,,,,SANTA PAULA- PRESUPUESTO N° 0001-00002127 ( COCINA ) PASTAS PARA LA SEMANA  DEL 9/10 AL 16/10,000000,,1,N
2025,5041,5006,1,5170,158,2025-10-17 00:00:00,PRESU,919,2025,O,,,,FARMACIA SOTO - PRESUPUESTO N° 919 MEDICAMENTOS DISPENSADOS DESDE EL 29/09/2025 HASTA EL 02/10/2025,000000,,1,N
2025,5107,5072,1,5260,2151,2025-10-23 00:00:00,SUM,4998,2025,O,,,,Barraca Maribel. presupuesto 1058 (taller-mantenimiento),000115,,1,N
2025,5110,5075,1,5262,2133,2025-10-23 00:00:00,SUM,4994,2025,O,,,,EXPTE Nº 3507/2024. CONTRATO EMPRESA BIONUCLEAR( TOMOGRAFO).,000115,,1,N
2025,5251,5216,1,5411,1603,2025-11-06 00:00:00,SUM,5145,2025,O,,,,"PRESUPUESTO N° X 1342384 de Garcia Gladys Mabel de ""PANADERIA ALEM"" ESFUERZO SOLIDARIO 2025",000115,,1,N
2025,5252,5217,1,5412,413,2025-11-06 00:00:00,SUM,5155,2025,O,,,,"Paso Agustín ,presupuesto 3915,3919,3925,3928,3930,3933,3938,3944.",000115,,1,N
2025,5253,5218,1,5413,413,2025-11-06 00:00:00,SUM,5151,2025,O,,,,PRESUPUESTO N°3942 - NEUMATICO PASO / CAMBIO DE NEUTMATICO PARA IVECO DAILE AB603TW,000115,,1,N
2025,5254,5219,1,5414,1603,2025-11-06 00:00:00,SUM,5144,2025,O,,,,"PRESUPUESTO N° X 1342381 de Garcia Gladys Mabel de ""PANADERIA ALEM"" octubre 2025",000115,,1,N
2025,5255,5220,1,5415,163,2025-11-06 00:00:00,SUM,5153,2025,O,,,,"Distefano Alfio, presupuesto 078-9174 Tractor Pauny",000115,,1,N
2025,5256,5221,1,5416,2110,2025-11-06 00:00:00,SUM,5150,2025,O,,,,EDUARDO FUMEGA- PRESUPUESTO N° 503 ( UTI- SAMO- C.I.C  Y HOGAR DE ANCIANOS),000115,,1,N
2025,5264,5222,1,5417,3390,2025-11-06 00:00:00,SUM,5148,2025,O,,,,ALTA MORENA - PRESUPUESTO N° 54 (HOSPITAL Y HOGAR DE ANCIANOS) MENSUAL DESDE EL 1/09 HASTA EL 3/09/25,000115,,1,N
2025,5267,5223,1,5418,160,2025-11-06 00:00:00,SUM,5149,2025,O,,,,AGROVETERINARIA MARZULLO. BROMATOLOGIA. PRESUPUESTO Nº 0001-00001126.,000115,,1,N
2025,5268,5224,1,5419,71,2025-11-06 00:00:00,SUM,5146,2025,O,,,,PROVEEDURIA CAMPO Y CIUDAD. RAUL A IRIARTE.HOSPITAL. PRESUPUESTO Nº 15275.,000115,,1,N
2025,5269,5225,1,5421,71,2025-11-06 00:00:00,SUM,5147,2025,O,,,,"PROVEEDURIA CAMPO Y CIUDAD. RAUL A IRIARTE. PRESUPUESTO Nº 15285.ALCANCIA HOSPÍTAL, CAPS B SAN MARTIN Y MANTENIMIENTO.",000115,,1,N
2025,5270,5226,1,5420,71,2025-11-06 00:00:00,SUM,5140,2025,O,,,,PRESUPUESTO N°15281 - PROVEEDURIA CAMPO Y CIUDAD / MATERIALES PAR TRABAJO DE MANTENIMIENTO EN PREDIO MUNICIPAL,000115,,1,N
2025,5271,5227,1,5422,130,2025-11-06 00:00:00,SUM,5143,2025,O,,,,"Pereyra Juan Carlos,presupuesto 0001-00000141",000115,,1,N
2025,5272,5228,1,5406,3184,2025-11-06 00:00:00,SUM,5133,2025,O,,,,DROGUERIA PERDOMINICI- PRESUPESTO N° 23/10/2025 (HEMOTERAPIA- FARMACIA),000115,,1,N
2025,5273,5229,1,5407,1440,2025-11-06 00:00:00,SUM,5136,2025,O,,,,QUALIMED SA- PRESUPUESTO N° 80 (FARMACIA - QUIROFANO),000115,,1,N
2025,5274,5230,1,5408,3356,2025-11-06 00:00:00,SUM,5128,2025,O,,,,PEREZ JORGE- PRESUPUESTO N° 27076193 (COCINA) SEMANA DEL 21/10 AL 28/10/25,000115,,1,N
2025,2862,2862,1,2907,300,2025-05-20 00:00:00,SUM,2792,2025,O,,,," PROV. FERRETERIA - PINTURERIA ""TODO COLOR "" - MAistegui Silvia Beatriz . PRESU. N°4618- SEC. PRODUCCION-",000115,,1,N
2025,2863,2863,1,2911,612,2025-05-20 00:00:00,SUM,2786,2025,O,,,,MARZULLO COMPUTACION         PRESUPUESTO N° 1261,000115,,1,N
2025,2864,2864,1,2951,413,2025-05-20 00:00:00,SUM,2794,2025,O,,,,Corresponde presupuesto N° 0001-00003726 - PASO AGUSTIN - PALA LIUGONG G855,000115,,1,N
2025,2865,2865,1,2947,777,2025-05-20 00:00:00,SUM,2807,2025,O,,,,"MP Repuestos, presupuesto 0114-0116 ( LBN155- KYV375)",000115,,1,N
2025,2866,2866,1,2944,1259,2025-05-20 00:00:00,SUM,2818,2025,O,,,,"Electro Dannunzio, presupuesto 28275 (elementos para la instalacion de un telefono en la secretaria)",000001,,1,N
2025,2867,2867,1,2934,2680,2025-05-20 00:00:00,SUM,2701,2025,O,,,,EISCI-GAS - PRESUPUESTO N°97,000115,,1,N
2025,2868,2868,1,2931,2869,2025-05-20 00:00:00,SUM,2763,2025,O,,,,MADA POY - PRESUPUESTO N° 1-820,000115,,1,N
2025,2869,2869,1,2925,300,2025-05-20 00:00:00,SUM,2774,2025,O,,,,"Pintureria-Ferreteria ""Todo Color"" de Silvia Beatriz Maistegui. Articulos de ferreteria para armado de muestra en el Archivo Histórico. Presupuesto N°00005227",000115,,1,N
2025,2870,2870,1,2922,2595,2025-05-20 00:00:00,SUM,2788,2025,O,,,,"Ivanper, presupuesto 6484 (ab038fg- oig911-ad283el)",000115,,1,N
2025,2871,2871,1,2919,2675,2025-05-20 00:00:00,SUM,2755,2025,O,,,,"Repuestos LC, presupuesto 0535 (ad245cv)",000115,,1,N
2025,2872,2872,1,2918,2675,2025-05-20 00:00:00,SUM,2753,2025,O,,,,"Repuestos LC, presupuesto 0537 (ae704aw)",000115,,1,N
2025,2873,2873,1,2915,776,2025-05-20 00:00:00,SUM,2650,2025,O,,,,"Gomeria V+B, presupuestos 0647, 0648 (038fg-oig911-331iy)",000115,,1,N
2025,2874,2874,1,2908,313,2025-05-20 00:00:00,SUM,2775,2025,O,,,,PROV.ATREUCO PUEL GAS OIL PARA MAQUINAS Y VEHICULOS  DE ESTAS SECRETARIA,000115,,1,N
2025,2875,2875,1,2910,300,2025-05-20 00:00:00,SUM,2782,2025,O,,,,PROV.SILVIA MAISTEGUI PRESUP.5243 ATICULOS DE FERRETERIA PARA CORRALON MUNICIPAL,000115,,1,N
2025,2876,2876,1,2952,413,2025-05-20 00:00:00,SUM,2795,2025,O,,,,Corresponde presupuesto N° 0001-00003724 - PASO AGUSTIN  -  Una cubierta es para motoniveladora  VOLVO G930 y otra es para tener en stock en la dependencia para maquinarias.,000115,,1,N
2025,2877,2877,1,2948,441,2025-05-20 00:00:00,SUM,2791,2025,O,,,,"MATIENZO, PAOLA AMELIA;    PRESUPUESTOS  X0002-0003624/ X00002-00003628",000115,,1,N
2025,2878,2878,1,2945,777,2025-05-20 00:00:00,SUM,2815,2025,O,,,,"MP Repuestos, presupuesto 0107 ( ab038fg)",000115,,1,N
2025,2881,2881,1,2975,2904,2025-05-20 00:00:00,SUM,2868,2025,O,,,,Provedor 2294 Konderak.Maquina dominio EUF96,000115,,1,N
2025,2882,2882,1,2979,3507,2025-05-20 00:00:00,SUM,2876,2025,O,,,,Corresponde presupuesto AYAIA OSCAR,000000,,1,N
2025,2883,2883,1,2978,1119,2025-05-20 00:00:00,SUM,2140,2025,O,,,,"CONTRATO CON LA EMPRESA SOMA S.A EXPEDIENTE N° 5/2025 SERVICIO DE RECOLECCION, TRANSPORTE, TRATAMIENTO Y DISPOSICION FINAL DE RESIDUOPS PATOGENICOS DESDE EL 1 DE ABRIL AL 30 DE JUNIO 2025",000115,,1,N
2025,3057,3057,1,3152,3510,2025-05-29 00:00:00,SUM,3036,2025,O,,,,Brasas Juan Ignacio-Apicola Mar del Plata,000115,,1,N
2025,3807,3777,1,3909,2458,2025-07-11 00:00:00,PRESU,0,2025,A,2025-08-13 00:00:00,ADMINI,,"PROV. SUPERFIL PRESUP.8/07/2025 REDUCTOR DE VELOCIDAD PARA URUGUAY Y SARMIENTO, ITUÑO Y MITRE , SARMIENTO Y CARLOS MADARIAGA",000000,,1,N
2025,3843,3812,1,3947,822,2025-07-16 00:00:00,ORDCO,3762,2025,O,,,,PROV. ESCANDINAVIA DEL PLATA PRES.18414 CAÑOS DE FRENO PARA CARGADORA SDLG 936 CII58,000115,,1,N
2025,3844,3813,1,3936,300,2025-07-16 00:00:00,SUM,3677,2025,O,,,,"Expte N| 159/25  Proyecto Talleres  Programa Envión .PRESUPUESTO N° 00005514 de Silvia Beatriz Maistegui de ""PINTURERIA - FERRETERIA TODO COLOR"" Taller de carpintería",000115,,1,N
2025,3848,3817,1,3955,2998,2025-07-16 00:00:00,SUM,3823,2025,O,,,,CORRESPONDE PRESUPUESTO ERNALZ JUAN MANUEL,000115,,1,N
2025,3973,3942,1,3965,195,2025-07-22 00:00:00,PRESU,189138,2025,O,,,,"Casa Blanco, presupuesto 1-189138 ( balun utilizados para reparacion de camaras-com)",000000,,1,N
2025,3977,3946,1,4089,2110,2025-07-23 00:00:00,PRESU,485,2025,O,,,,Eduardo Fumega. Limpieza completa de calefactores. Presupuesto N°485 de expte.2211,000000,,1,N
2025,3984,3953,1,4106,1876,2025-07-23 00:00:00,SUM,3880,2025,O,,,,MAX CONTINENTAL- PRESUPUESTO N° 0001-00152640 (FARMACIA),000115,,1,N
2025,3985,3955,1,4101,1078,2025-07-23 00:00:00,SUM,3885,2025,O,,,,"OPAZO DANIEL- PRESUPUESTO N° 18/07/2025 (CIC, ONCOLOGIA, PEDIATRIA Y BO. NORTE)",000115,,1,N
2025,3988,3957,1,4096,527,2025-07-23 00:00:00,SUM,3892,2025,O,,,,SERVIMED- PRESUPUESTO N° 811/25 (MATERNIDAD),000115,,1,N
2025,3991,3960,1,4099,2878,2025-07-23 00:00:00,SUM,3887,2025,O,,,,LOPEZ LEONARDO - PRESUPUESTO S/N 21/07/2025 (107),000115,,1,N
2025,3993,3962,1,4100,441,2025-07-23 00:00:00,SUM,3872,2025,O,,,,PAOLA MATIENZO ALPA MADARIAGA PRESUPUESTO  00003698,000115,,1,N
2025,4031,4000,1,4136,1259,2025-07-25 00:00:00,SUM,3923,2025,O,,,,"PRESUPUESTO 28749, SUC DANNUNZIO JORGE,ACONDICIONAMIENTO DE OFICINA NUEVA",000115,,1,N
2025,4032,4001,1,4137,1259,2025-07-25 00:00:00,SUM,3925,2025,O,,,,"PRESUPUESTO 28756, SUC DANNUNZIO JORGE,ACONDICIONAMIENTO OFICINA NUEVA",000115,,1,N
2025,4077,4043,1,4185,3297,2025-07-30 00:00:00,SUM,3972,2025,O,,,,"Frenos Madariaga, preuspuesto 81 (AB038FH-OIG911-AE704AW)",000115,,1,N
2025,4078,4045,1,4186,1259,2025-07-30 00:00:00,SUM,3973,2025,O,,,,"Electro Dannunzio, presupuesto 28777",000115,,1,N
2025,4087,4054,1,4187,1259,2025-07-30 00:00:00,SUM,3954,2025,O,,,,"Electro Dannunzio, presupuesto 28698 (para el COM)",000115,,1,N
2025,4088,4055,1,4184,160,2025-07-30 00:00:00,SUM,3975,2025,O,,,,"Agroveterinaria Marzullo, presupuesto 01110 (para los equinos secuestrados en puesto invernadas)",000115,,1,N
2025,4091,4058,1,4204,2086,2025-07-30 00:00:00,SUM,4016,2025,O,,,,PRESUPUESTO SCIGLIANO GASTON- TERCERA RONDA DE INVERSIONES,000010,,1,N
2025,4092,4059,1,4205,1977,2025-07-31 00:00:00,PRESU,5137,2025,O,,,,"PRESUPUESTO 5137, ZMG ARGENTINA SRL",000000,,1,N
2025,4093,4060,1,4206,1514,2025-07-31 00:00:00,PRESU,0,2025,O,,,,"PRESUPUESTO 000,CASA ELICEIRY",000000,,1,N
2025,4095,4063,1,4211,2209,2025-07-31 00:00:00,PRESU,695,2025,O,,,,"presuupuesto n° 00000695"" Distribuidora de Sudeste""",000000,,1,N
2025,4097,4064,1,4212,2843,2025-07-31 00:00:00,PRESU,8546,2025,O,,,,"Presupuesto N° 7848546 Frutería ""EL NEGRIN"" de Rost Tamara para Programa ESFUERZO SOLIDARIO",000000,,1,N
2025,4098,4065,1,4213,3287,2025-07-31 00:00:00,PRESU,1814,2025,O,,,,HIspanograf de Hugo Piedra. Horarios Museos en vinilo impreso. Presupuesto N°1814,000000,,1,N
2025,4102,4069,1,4215,3465,2025-07-31 00:00:00,PRESU,0,2025,O,,,, PROV. MEDINA LILIANA NOEMI . PRESU. ADDENDA- SEC. PRODUCCION- TALLER TEXTIL,000000,,1,N
2025,4103,4070,1,4216,2991,2025-07-31 00:00:00,PRESU,3085,2025,O,,,,"PRESUPUESTO 3085, ALEGRE SAMUEL ALBERTO",000000,,1,N
2025,4151,4113,1,4263,1368,2025-08-07 00:00:00,SUM,4036,2025,O,,,,Prov.: Pablo Gonzalez - Presup.:0324 -,000115,,1,N
2025,4155,4121,1,4280,2627,2025-08-07 00:00:00,SUM,4081,2025,O,,,,SANTA PAULA- PRESUPUESTO N° 0001-00002095 (COCINA),000115,,1,N
2025,4159,4126,1,4269,3322,2025-08-07 00:00:00,SUM,4072,2025,O,,,,PINAMAR HIGIENE INSTITUCIONAL SRL- PRESUPUESTO N° 0016-00001871/1872 (COCINA-OFFICE MUCAMAS),000115,,1,N
2025,4164,4131,1,4262,1259,2025-08-07 00:00:00,SUM,4073,2025,O,,,,"Electro Dannunzio, presupuesto 28851",000115,,1,N
2025,4167,4133,1,4295,2209,2025-08-07 00:00:00,SUM,4135,2025,O,,,,Durante Javier .Expte 2343/25 Visita Unión Industrial Argentina,000115,,1,N
2025,4168,4135,1,4291,57,2025-08-07 00:00:00,SUM,4001,2025,O,,,,"IMPRENTA EL ARGENTINO - PRESUPUESTO N° 524 Y 525 (TERAPIA, HEMOTERAPIA, RECETARIOS HOSPITAL)",000115,,1,N
2025,4169,4137,1,4288,1161,2025-08-07 00:00:00,SUM,4068,2025,O,,,,PROV.FEDERICO IGLESIAS PRESUP.9235 PARA CEMENTERIO,000115,,1,N
2025,4171,4138,1,4284,1259,2025-08-07 00:00:00,SUM,4071,2025,O,,,,Corresponde presupuesto N° 00028839 - Suc. Dannunzio,000115,,1,N
2025,4173,4140,1,4276,1259,2025-08-07 00:00:00,SUM,4064,2025,O,,,,Corresponde presupuesto N° 00028786 - SUC. DANNUNZIO,000115,,1,N
2025,4175,4142,1,4270,2613,2025-08-07 00:00:00,SUM,4008,2025,O,,,,PRESUPUESTO N°8215 - MATAFUEGO RUTA 11 / COLOCACION DE MATAFUEGO Y GABINETE EN EL ESTADIO MUNICIPAL,000115,,1,N
2025,4176,4143,1,4265,441,2025-08-07 00:00:00,SUM,4040,2025,O,,,,PRESUPUESTO N°3727 - ALPA MADARIAGA,000115,,1,N
2025,4179,4146,1,4299,922,2025-08-07 00:00:00,SUM,4139,2025,A,2025-08-07 00:00:00,ERROR,,Asociación Semana Santa Madariaga,000115,,1,N
2025,4182,4149,1,4301,922,2025-08-07 00:00:00,SUM,4139,2025,O,,,,Asociación Semana Santa Madariaga,000115,,1,N
2025,4669,4633,1,4803,134,2025-09-12 00:00:00,PRESU,0,2025,O,,,,DROGUERIA SORRENTINO S.A- PRESUPUESTO N° 5/09/2025 ( FARMACIA),000000,,1,N
2025,4671,4636,1,4806,2627,2025-09-12 00:00:00,PRESU,2112,2025,O,,,,SANTA PAULA- PRESUPUESTO N° 0001-00002112/2114(COCINA),000000,,1,N
2025,4676,4641,1,4808,2921,2025-09-12 00:00:00,PRESU,0,2025,O,,,,"PRESUPUESTOS 0000,ALFANO ANIBAL",000000,,1,N
2025,4678,4642,1,4809,33,2025-09-12 00:00:00,PRESU,0,2025,A,2025-09-24 00:00:00,ADMINI,,"PRESUPUESTO 000, PROVINCIA SEGUROS S.A",000000,,1,N
2025,4679,4643,1,4816,3356,2025-09-12 00:00:00,PRESU,282178,2025,O,,,,PEREZ JORGE- PRESUPUESTO N° 282178 (HOGAR DE ANCIANOS),000000,,1,N
2025,4680,4644,1,4817,2209,2025-09-12 00:00:00,PRESU,749,2025,O,,,,"Durante Javier,presupuesto 0001-00000749",000000,,1,N
2025,4681,4645,1,4818,2810,2025-09-12 00:00:00,PRESU,816,2025,O,,,," PRESUPUESTO N° X 0001-00000816 de María Teresa Arriola de ""EL DEDAL MERCERIA"" Proyecto Decisión Niñez",000000,,1,N
2025,4682,4646,1,4810,441,2025-09-12 00:00:00,PRESU,3755,2025,O,,,,"PROV. PAPELERA ALPA ""Matienzo Paola"". PRESU. N°3755- SEC. PRODUCCION- SALA DE ELABORACION",000000,,1,N
2025,4683,4647,1,4811,3165,2025-09-12 00:00:00,PRESU,8894,2025,O,,,,VELIBO SUPPLIES S.A.S- PRESUPUESTO N° 0001-00008894 (FARMACIA),000000,,1,N
2025,4684,4648,1,4812,167,2025-09-12 00:00:00,PRESU,31,2025,O,,,,TODO POLLO N° PRESUPUESTO 00000031 (COCINA),000000,,1,N
2025,4685,4649,1,4813,2869,2025-09-12 00:00:00,PRESU,868,2025,O,,,,MADA POY S.A N° PRESUPUESTO 0001-00000868,000000,,1,N
2025,4686,4650,1,4814,167,2025-09-12 00:00:00,PRESU,32,2025,O,,,,TODO POLLO - PRESUPUESTO 00000032,000000,,1,N
2025,4687,4651,1,4815,3356,2025-09-12 00:00:00,PRESU,282179,2025,O,,,,PEREZ JORGE- PRESUPUESTO N° 282179 (COCINA),000000,,1,N
2025,4689,4653,1,4820,2208,2025-09-15 00:00:00,PRESU,379,2025,A,2025-10-17 00:00:00,ERROR,,"PRESUPUESTO 379, MARTIN LOMBARDI",000000,,1,N
2025,4692,4657,1,4824,3297,2025-09-16 00:00:00,PRESU,76,2025,O,,,,"Frenos Madariaga,presupuesto 076 (AB038FG-OIG911)",000000,,1,N
2025,4694,4658,1,4831,717,2025-09-16 00:00:00,SUM,4596,2025,O,,,,"PRESUPUESTO N° 021403 de Marina Irene Pinilla de ""PROVEDURÍA LA ILUSION"" Para la oficina  Sede de Desarrollo Social",000115,,1,N
2025,4693,4656,1,4838,2627,2025-09-16 00:00:00,SUM,4594,2025,O,,,,SANTA PAULA- PRESUPUESTO N° 0001-00002115 (HOGAR DE ANCIANOS),000115,,1,N
2025,4698,4662,1,4840,2883,2025-09-16 00:00:00,PRESU,0,2025,O,,,,INSUMOS GENERALES 3 F- PRESUPUESTO N° 9/09/2025 (FARMACIA),000000,,1,N
2025,4697,4661,1,4832,717,2025-09-16 00:00:00,SUM,4597,2025,O,,,,"PRESUPUESTO N° 021404 de Marina Irene Pinilla de ""PROVEDURÍA LA ILUSION"" Para familias intervenidas por el Servicio Local",000115,,1,N
2025,4702,4665,1,4833,2087,2025-09-16 00:00:00,SUM,4564,2025,O,,,,"PRESUPUESTO 0000, ROJAS CAROLINA,EXPTE 1650/25",000115,,1,N
2025,4700,4664,1,4841,866,2025-09-16 00:00:00,PRESU,189942,2025,O,,,,PILOÑA- PRESUPUESTO N° 0004-00189942 (FARMACIA),000000,,1,N
2025,4704,4667,1,4842,2958,2025-09-16 00:00:00,PRESU,186,2025,O,,,,AVICOLA DEL TUYU DE ANDERS VICTOR- PRESUPUESTO N° 0008-00000186 (COCINA),000000,,1,N
2025,4703,4668,1,4834,3364,2025-09-16 00:00:00,SUM,4566,2025,O,,,," PRESUPUESTO 0000, MATIAS LIGARI AGELL,EXPTE 1650/25",000115,,1,N
2025,4705,4669,1,4835,3540,2025-09-16 00:00:00,SUM,4574,2025,O,,,,"PRESUPUESTO 000, BAIGORRIA GONZALO EZEQUIEL, EXPTE 1650/2025",000115,,1,N
2025,4707,4671,1,4843,2958,2025-09-16 00:00:00,PRESU,3822,2025,O,,,,AVICOLA DEL TUYU DE VICTOR ANDERS- PRESUPUESTO N° 0008-00003822 (HOGAR DE ANCIANOS),000000,,1,N
2025,5568,5524,1,4802,3356,2025-12-22 00:00:00,PRESU,282177,2025,O,,,,PEREZ JORGE- PRESUPUESTO N° 282177 (COCINA),000000,,1,N
2025,5579,5535,1,5749,2784,2025-12-29 00:00:00,PRESU,84868,2025,O,,,,"PRESUPUESTO 00013-00084868, NORDEMAQ",000000,,1,N
2025,5586,5542,1,5755,2578,2025-12-30 00:00:00,PRESU,0,2025,O,,,,PRESUPUESTO PHOYU MARIA ANGELICA MES DICIMEBRE,000000,,1,N
2026,223,222,1,203,2330,2026-01-14 00:00:00,SUM,84,2026,O,,,,"COMBUSTIBLES DEL SALADO. PREVISION VEHICULOS HOSPITAL MUNICIPAL.DOMINIOS EQM 605, FJX 453, KYV 365, JQS 879, AA 775 QW, PAA 334, AB 039 OI, AF 451 QS, AC 548 KJ..MES DE ENERO.",000115,,1,N
2026,226,225,1,204,313,2026-01-14 00:00:00,SUM,86,2026,O,,,,"ATREUCO-PUEL.. PREVISION DE COMBUSTIBLES VEHICULOS HOSPITAL MUNICIPAL. MES DE ENERO.DOMINIOS: EQM 605,FJX 453, KYV 365, JQS 879, AA 775 QW, PAA 334, AB 039 OI, AF 451 QS, AC 548 KJ,",000115,,1,N
2026,227,227,1,205,1267,2026-01-14 00:00:00,SUM,107,2026,O,,,,"PROV.SILVIA SORAGNI PRESUP.0597  REPARACIONES PARA CAMION OOI617,AB597ZZ,FORD 14000 DMI232,",000115,,1,N
2026,230,230,1,206,17,2026-01-14 00:00:00,SUM,112,2026,O,,,,PROV.LUIS LOMBARIDA PRESUP.0051 REPUETOS E INSUMOS PARA MAQUINAS CORTA  PASTO,000115,,1,N
2026,234,234,1,207,57,2026-01-14 00:00:00,SUM,96,2026,O,,,,IMPRENTA ELARGENTINO. IRMA CRISTINA BONOMI. PRESUPUESTO Nº 547.HEMOTERAPIA.,000115,,1,N
2026,236,236,1,209,2538,2026-01-14 00:00:00,SUM,76,2026,O,,,,DF AIRE ACONDICIONADO.FRANCO RICOTTI. PRESUPUESTO. MOVIL 7 AA 775 QW.,000115,,1,N
2026,239,239,1,257,33,2026-01-14 00:00:00,SUM,81,2026,O,,,,"RENOVACION AP DE PROG ENVION POLIZA 2108718, PCIA SEGUROS",000115,,1,N
2026,243,243,1,210,441,2026-01-14 00:00:00,SUM,60,2026,O,,,,Presupuesto N° 00003827-Papelera ALPA de Matienzo Paola Amelia-Proyecto Navidad,000115,,1,N
2025,3808,3778,1,3910,44,2025-07-11 00:00:00,PRESU,53,2025,O,,,,"PRESUPUESTO 053, PEDROCHE OSVALDO",000000,,1,N
2025,3809,3779,1,3911,1267,2025-07-14 00:00:00,PRESU,586,2025,O,,,,"Doragni Silvia Alejandra, presupuesto 586.Tabajo para Pauny 160",000000,,1,N
2025,3817,3786,1,3922,1206,2025-07-14 00:00:00,PRESU,453390,2025,O,,,,"PRESUPUESTO 1-453390,GRUPO NUCLEO",000000,,1,N
2025,3818,3787,1,3914,171,2025-07-14 00:00:00,PRESU,52926,2025,O,,,,ELECTRICIDAD EL GALLEGO     JUAN ALBERTO SANCHEZ   PRESUPUESTO N° 52926,000000,,1,N
2025,3933,3902,1,4042,3287,2025-07-18 00:00:00,SUM,3827,2025,O,,,,"PROV. HISPANOGRAF  PRESUP.1805,1808 CARTELES DE SEÑALIZACION PARA PLAZA BARRIO SAN MARTIN,",000115,,1,N
2025,3934,3903,1,4043,300,2025-07-18 00:00:00,SUM,3822,2025,O,,,,"PRESUPUESTO N° 5528 - PINTURERIA Y FERRETERIA ""TODO COLOR"" / MATERIALES PARA DIFERENTES TRABAJOS EN EL POLIDEPORITVO MUNICIPAL Y ESTADIO F. ALCUAZ",000115,,1,N
2025,3935,3904,1,4044,3287,2025-07-18 00:00:00,SUM,3826,2025,O,,,,HISPANOGRAF    PRESUPUESTO N° 1806,000115,,1,N
2025,3936,3905,1,4045,3287,2025-07-18 00:00:00,SUM,3828,2025,O,,,,PROV. HISPANOGRAF- Piedra Hugo . PRESU. N°1802- SEC. PRODUCCION- TALLER TEXTIL,000115,,1,N
2025,3938,3907,1,4041,2228,2025-07-21 00:00:00,SUM,3531,2025,O,,,,Ezequiel Bianco. renovacion de contrato julio- diciembre 2025,000115,,1,N
2025,3942,3911,1,4070,3287,2025-07-21 00:00:00,SUM,3861,2025,O,,,,HISPANOGRAF- PRESUPUESTO N° 1810 (BROMATOLOGIA),000115,,1,N
2025,3944,3913,1,4066,3165,2025-07-21 00:00:00,SUM,3841,2025,O,,,,VELIBO SUPPLIES - PRESUPUESTO N° 1-8459 (FARMACIA HOSPITAL),000115,,1,N
2025,3947,3915,1,4062,527,2025-07-21 00:00:00,SUM,3838,2025,O,,,,SERVIMED - PRESUPUESTO N° 2011/25,000115,,1,N
2025,3949,3918,1,4058,3356,2025-07-21 00:00:00,SUM,3831,2025,O,,,,PEREZ JORGE - PRESUPUESTO N° 282168 Y 282169 (HOGAR Y HOSPITAL),000115,,1,N
2025,3953,3922,1,4054,3441,2025-07-21 00:00:00,SUM,3866,2025,O,,,,PREVISION SIN N° - PANADERIA DELICIAS MADARIAGA,000115,,1,N
2025,3956,3924,1,4064,441,2025-07-21 00:00:00,SUM,3835,2025,O,,,,PAPELERA ALPA - PRESUPUESTO N° 2-3708 (LABORATORIO Y RECURSOS HUMANOS HOSPITAL),000115,,1,N
2025,3957,3926,1,4051,441,2025-07-21 00:00:00,SUM,3855,2025,O,,,,"PRESUPUESTO 3692/93/96/3707/311/10, MATIENZO PAOLA AMELIA",000115,,1,N
2025,4194,4162,1,4363,2627,2025-08-11 00:00:00,SUM,4136,2025,O,,,,SANTA PAULA- PRESUPUESTO N° 0001-00002090 (COCINA),000115,,1,N
2025,4196,4164,1,4360,2675,2025-08-11 00:00:00,SUM,4141,2025,O,,,,REPUESTOS LC DE NOWE CAROLINA- PRESPUESTO N° 586 DOMINIO KYV732 FORD RANGER,000115,,1,N
2025,4197,4165,1,4357,1334,2025-08-11 00:00:00,SUM,4131,2025,O,,,,"PROV.TRACKMAR PRESUP.792495 CUCHILLAS PARA MOTONIEVELADORA NEW HOLLANDO CII59, VOLVO G710",000115,,1,N
2025,4199,4167,1,4356,2675,2025-08-11 00:00:00,SUM,3992,2025,O,,,,"Repuestos LC, presupuesto 0581 (NUF386-AG713ZV)",000115,,1,N
2025,4202,4170,1,4353,71,2025-08-11 00:00:00,SUM,4096,2025,O,,,,PROV.RAUL IRIARTE PRESP.15256 ARTICULOS DE FERRETERIA PARA COLOCACION DE CARTELES DE CALLE Y REPARACIONE EN GENERAL,000115,,1,N
2025,4204,4172,1,4312,1949,2025-08-11 00:00:00,SUM,4105,2025,O,,,,LUIS L A VILLARREAL & CIA SRL- PRESUPUESTO N° 5/08/2025 DOMINIO: AF591SU,000115,,1,N
2025,4208,4176,1,4308,776,2025-08-11 00:00:00,SUM,4116,2025,O,,,,"Gomeria V+B, (presupuestos 0680-0681-0679-0671-0673-0677-0683)",000115,,1,N
2025,4225,4193,1,4344,1344,2025-08-11 00:00:00,SUM,4075,2025,O,,,,Exp.:229/23 Sol. Regularizar Situacion - Qta.81 Parc.20 - Prov.:Blanco Juan Manuel - Contrato,000115,,1,N
2025,4226,4195,1,4345,1344,2025-08-11 00:00:00,SUM,4054,2025,O,,,,Exp.:229/23 Sol. Regularizar Situacion - Qta.103 Parc.10c - Prov.:Blanco Juan Manuel - Contrato,000115,,1,N
2025,4229,4197,1,4340,866,2025-08-11 00:00:00,SUM,4091,2025,O,,,,PILOÑA- PRESUPUESTOS N° 0004-00187127/134/135 (FARMACIA),000115,,1,N
2025,4234,4202,1,4337,776,2025-08-11 00:00:00,SUM,4102,2025,O,,,,"GOMERIA V+B. CRISTOBAL VERDUN.PRESUPUESTOS Nº 674-675.DOMINIOS AA775QW, AE619QS.",000115,,1,N
2025,4236,4204,1,4334,167,2025-08-11 00:00:00,SUM,4103,2025,O,,,,TODO POLLO- PRESUPUESTO N° 21  (COCINA HOSPITAL ),000115,,1,N
2025,4240,4208,1,4331,3038,2025-08-11 00:00:00,SUM,3408,2025,O,,,,Exp.:1485/25 Ref. Acta de Entrega y de Constatación de Inmueble - Juzgado de Paz Letrado Gral. Madariaga - Prov.:Diaz Fatima - Presup.:S/N,000115,,1,N
2025,4244,4212,1,4327,441,2025-08-11 00:00:00,SUM,4039,2025,O,,,,ALPA PAPELERA- PRESUPUESTO N° 0002-00003736 (RECURSOS HUMANOS-GUARDIA- PEDIATRIA),000115,,1,N
2025,4245,4213,1,4322,441,2025-08-11 00:00:00,SUM,3993,2025,O,,,,"ALPA MADARIAGA - PRESUPUESTO N° 2-3717 (QUIROFANO, GUARDIA HOSPITAL)",000115,,1,N
2025,4246,4214,1,4319,1578,2025-08-11 00:00:00,SUM,3996,2025,O,,,,PRODUCTOS COLOMBRARO - PRESUPUESTO N° 367 (LAVADERO HOSPITAL),000115,,1,N
2025,4247,4215,1,4305,2675,2025-08-11 00:00:00,SUM,4111,2025,O,,,,"Repuestos LC, presupuesto 0591 (AE331IY)",000115,,1,N
2025,4157,4125,1,4278,441,2025-08-07 00:00:00,SUM,4080,2025,O,,,,ALPA- PRESUPUESTO N°  0002-00003739 (COCINA),000115,,1,N
2025,4248,4216,1,4349,71,2025-08-11 00:00:00,SUM,4087,2025,O,,,,PROV.RAUL IRIARTE PRESUP.14883 PARA VIVERO MUNICIPAL Y REPARACION DE CAMION M.BENZ 1114 R.O 316,000115,,1,N
2025,4158,4124,1,4286,1259,2025-08-07 00:00:00,PRESU,28757,2025,O,,,,Corresponde presupuesto N° 00028757- Electro Dannunzio - Instalacion electrica primer piso Municipalidad,000000,,1,N
2025,4160,4127,1,4277,1259,2025-08-07 00:00:00,PRESU,28815,2025,O,,,,Corresponde presupuesto N° 00028815 - Suc. Dannunzio,000000,,1,N
2025,4162,4129,1,4273,71,2025-08-07 00:00:00,PRESU,14588,2025,O,,,,"Iriarte Raúl Alberto,presupuesto 00014588",000000,,1,N
2025,4165,4132,1,4254,71,2025-08-07 00:00:00,PRESU,15254,2025,O,,,,"Iriarte Raúl Alberto,presupuesto 15254",000000,,1,N
2025,4166,4134,1,4266,57,2025-08-07 00:00:00,PRESU,528,2025,O,,,,EL ARGENTINO- PRESUPUESTO N° 528/529 ( MATERNIDAD- HEMOTERAPIA),000000,,1,N
2025,4170,4136,1,4294,2309,2025-08-07 00:00:00,PRESU,0,2025,O,,,,"PRESUPUESTO 000, ALUMAN SEBASTIAN",000000,,1,N
2025,3006,3006,1,3106,1514,2025-05-26 00:00:00,SUM,2907,2025,O,,,,PROV. CASA ELICEIRY GAS OIL PARA MAQUINAS Y CAMIONES DE ESTA SECRETARIA,000115,,1,N
2025,3018,3019,1,3097,19,2025-05-26 00:00:00,SUM,2944,2025,O,,,,Corresponde presupuesto N° 0002-00002644 CIMOS,000115,,1,N
2026,511,514,1,246,3556,2026-02-02 00:00:00,PRESU,0,2026,O,,,,GRANJA AVICOLA LAS MARIAS EDUARDO CARACCIOLI ENTREGAS HOSPITAL Y HOGAR DE ANCIANOS,000000,,1,N
2025,4994,4960,1,5144,2846,2025-10-13 00:00:00,SUM,4901,2025,O,,,,PROV. MIGUEL CUELI PRESUP.0156 PARA ARREGLOS OFICINA DEFENSA CIVIL,000115,,1,N
2025,4996,4962,1,5145,3122,2025-10-13 00:00:00,SUM,4900,2025,O,,,,PROV. BERTRAND BELLEMUR SRL PRESUP.08/10/25 PARA FORD 14000 DMI232,000115,,1,N
2025,5426,5380,1,5603,2302,2025-11-26 00:00:00,PRESU,11093,2025,O,,,,"PRESUPUESTO 11093, DIEGO MARTIN SRL",000000,,1,N
2025,5428,5382,1,5578,1112,2025-11-26 00:00:00,PRESU,0,2025,O,,,,"PRESUPUESTO  de ""EL CENTRO DE LOS AMIGOS"" Familia: Acosta, Laura - Gomez, Máxima - Garay, María Eugenia - Brites",000000,,1,N
2025,5431,5385,1,5581,169,2025-11-26 00:00:00,SUM,991,2025,O,,,,"PRESUPUESTO N° 0000991 de Terranova Lucas Hernan ""TERRANOVAQUIMICA""",000000,,1,N
2025,5432,5387,1,5583,2330,2025-11-26 00:00:00,PRESU,0,2025,O,,,,PREVISION SIN N° - COMBUSTIBLE DEL SALADO,000000,,1,N
2025,5434,5388,1,5585,71,2025-11-26 00:00:00,PRESU,15251,2025,O,,,,PROVEEDURIA CAMPO Y CIUDAD- PRESUPUESTO N° 15251(BROMATOLOGIA),000000,,1,N
2025,5436,5390,1,5586,2330,2025-11-26 00:00:00,PRESU,0,2025,O,,,,"CORRESPONDE PREVISION COMBUSTIBLES DEL SALADO S.A. VEHICULOS HOSPITAL: AA 775 QW, PAA 3234, AB 038 OI, AG 180 HE, AF 591 SU, AG 545 GL, AC 548 KJ.",000000,,1,N
2025,5439,5393,1,5607,90,2025-11-27 00:00:00,PRESU,33,2025,O,,,,"PRESUPUESTO N° X 00000033 de Lo coco, Marcelo Alejandro de ""TODO COLOR""",000000,,1,N
2025,5440,5394,1,5608,441,2025-11-27 00:00:00,PRESU,3811,2025,O,,,,ALPA PAPELERA. PAOLA AMELIA MATIENZO. PRESUPUESTO Nº 3811.ESTERILIZACION.,000000,,1,N
2025,5508,5462,1,5668,1078,2025-12-09 00:00:00,SUM,5378,2025,O,,,,OPAZO DANIEL- PRESUPUESTO N° 1/12/2025 ( CONSULTORIO UNO- HABITACION DE LOS MEDICOS- LAVADERO),000115,,1,N
2026,79,79,1,84,167,2026-01-08 00:00:00,SUM,121,2026,O,,,,TODO POLLO- PRESUPUESTO N° 67 (COCINA) DESDE EL 28/11/25 AL 5/12/25,000115,,1,N
2026,80,80,1,85,717,2026-01-08 00:00:00,SUM,119,2026,O,,,,PROVEEDURIA LA ILUSION. MARINA IRENE PINILLA. PRESUPUESTO 021418. COCINA HOSPITAL.,000115,,1,N
2026,82,82,1,86,160,2026-01-08 00:00:00,SUM,122,2026,O,,,,"AGROVETERINARIA MARZULLO. PRESUPUESTOS Nº 0001-00001161,0001-00001156.",000115,,1,N
2026,83,83,1,87,167,2026-01-08 00:00:00,SUM,124,2026,O,,,,TODO POLLO- PRESUPUESTO N° 58 (HOGAR DE ANCIANOS) DESDE 5/12/25 AL 31/12/25,000115,,1,N
2026,85,85,1,91,2627,2026-01-08 00:00:00,SUM,138,2025,O,,,,SANTA PAULA- PRESUPUESTO N° 0001-00002153 (COCINA) DESDE 6/12/2025 AL 13/12/2025,000115,,1,N
2026,87,86,1,92,2627,2026-01-08 00:00:00,SUM,139,2026,O,,,,SANTA PAULA- PRESUPUESTO N° 0001-00002155 ( HOGAR DE ANCIANOS) DESDE 9/12/25 AL 16/12/26,000115,,1,N
2025,2820,2821,1,2940,300,2025-05-19 00:00:00,SUM,2783,2025,O,,,,"Exp.:32/24 Ref.: ""Estacionamiento personas reducidas"" Ordenanza 2465/17 - Prov.:Todo Color - Presup.:04650",000115,,1,N
2025,2900,2546,1,2620,3236,2025-05-21 00:00:00,EXPED,508,2025,O,,,,Expte. N° 508/2025 Realización de Concurso de Precios para trabajo de retroexcavadora en Predio de Disposición Final.,000010,,1,N
2025,2912,2912,1,3002,2810,2025-05-21 00:00:00,SUM,2871,2025,O,,,,"PRESUPUESTOS Nº XX 0001-00000804/ 809 deMaría Teresa Arriola de ""El Dedal Merceria"" Para actividades en la casita de chocolate",000115,,1,N
2025,4933,4898,1,5082,3139,2025-10-03 00:00:00,SUM,4831,2025,O,,,,SOUSSE´S S.R.L- PRESUPUESTO S/N° 11-09,000115,,1,N
2025,4952,4918,1,5103,2846,2025-10-08 00:00:00,SUM,4884,2025,O,,,,Cueli Miguel.Macedo,000115,,1,N
2025,4954,4920,1,5110,3324,2025-10-08 00:00:00,SUM,4891,2025,O,,,,Corresponde prevision Concurso de Asadores - Expte N° 2326/25 - PROST,000115,,1,N
2025,4956,4922,1,5109,1161,2025-10-08 00:00:00,SUM,4889,2025,O,,,,Corresponde prevision Concurso de Asadores - Expte N° 2326/25 IGLESIAS,000115,,1,N
2025,4958,4924,1,5108,2365,2025-10-08 00:00:00,SUM,4890,2025,O,,,,Corresponde prevision Concurso de Asadores - Expte N° 2326/25 FARIAS JOAQUIN,000115,,1,N
2025,4965,4931,1,5133,3215,2025-10-08 00:00:00,SUM,4899,2025,O,,,,Expte. N° 1906/2025 JUEGOS BONAERENSES 2025. PROV. CENTRALES ASOCIADO DE TURISMO S.A,000115,,1,N
2025,4993,4959,1,5146,57,2025-10-13 00:00:00,SUM,4904,2025,O,,,,"Bonomi Irma Cristina, presupuesto 000539",000115,,1,N
2025,4995,4961,1,5147,776,2025-10-13 00:00:00,SUM,4894,2025,O,,,,"Gomeria V+B, presupuesto 0710-0709-0708-0707-0706-0704-0702-0701-0699-0698-0696-0695-0690-0689-0688-0692-0693-069)",000115,,1,N
2025,4997,4963,1,5148,2846,2025-10-13 00:00:00,SUM,4881,2025,O,,,,"Cueli Miguel,  presupuesto 0157 (taller)",000115,,1,N
2025,4998,4964,1,5149,3332,2025-10-13 00:00:00,SUM,4882,2025,O,,,,"Escapes Quiroga, presupuesto 0160 ( LBN155)",000115,,1,N
2025,5113,5078,1,5271,3075,2025-10-24 00:00:00,SUM,5038,2025,O,,,,"Correa Lorente Juan Martín,presupuesto 0001-0000055",000115,,1,N
2025,5114,5079,1,5266,2578,2025-10-24 00:00:00,SUM,4965,2025,O,,,,PHOYU MARIA ALCIRA. TRABAJO DE COSTURERIA. PRESUPUESTO 16/10/2025.,000115,,1,N
2025,5115,5080,1,5267,86,2025-10-24 00:00:00,SUM,4997,2025,O,,,,"PRESUPUESTO DEL 22/09, SUAREZ PABLO",000115,,1,N
2025,5116,5081,1,5268,360,2025-10-24 00:00:00,SUM,4996,2025,O,,,,"PRESUPUESTO 45, LOMBERA CARLOS",000115,,1,N
2025,5128,5093,1,5285,1259,2025-10-28 00:00:00,SUM,5051,2025,O,,,,Corresponde presupuesto N ° 00029242 - Dannunzio,000115,,1,N
2025,5134,5099,1,5286,1259,2025-10-28 00:00:00,SUM,5052,2025,O,,,,Corresponde presupuesto N° 00029348- Dannunzio,000115,,1,N
2025,5177,5142,1,5335,3336,2025-10-31 00:00:00,SUM,5078,2025,O,,,,PRESUPUESTO SIN N° - MORALES ROCIO ALEJANDRINA / COLOCACION DE EMBRAGUE NUEVO EN IVECO DAILY (DOM: MKF 817),000115,,1,N
2025,5178,5143,1,5336,3430,2025-10-31 00:00:00,SUM,5122,2025,O,,,,Future Graphics LLC Argentina SA,000115,,1,N
2025,5321,5273,1,5469,1440,2025-11-12 00:00:00,SUM,5190,2025,O,,,,QUALIMED- PRESUPUESTO N° 77 (QUIROFANO),000115,,1,N
2025,5322,5275,1,5470,2450,2025-11-12 00:00:00,SUM,5200,2025,O,,,,"""LA FRUTERIA"" LABATUT MARCELO. PRESUPUESTO. PEDIDO MES OCTUBRE COCINA HOSPITAL Y HOGAR DE ANCIANOS.",000115,,1,N
2025,5364,5318,1,5512,879,2025-11-17 00:00:00,SUM,5250,2025,O,,,,Exp.:1861/15 Construccion 36 Viviendas - Prov.:Casa Harisgarat - Presup.:1245,000115,,1,N
2025,5367,5321,1,5516,1440,2025-11-17 00:00:00,SUM,5244,2025,O,,,,QUALIMED S.A- P RESUPPUESTO N 81 (QUIROFANO - FARMACIA),000115,,1,N
2025,5369,5323,1,5514,2869,2025-11-17 00:00:00,SUM,5256,2025,O,,,,MADA POY S.A- PRESUPUESTO  N° 0001-00000914 (COCINA) SEMANA DEL 6/11 AL 13/11/2025,000115,,1,N
2025,5443,5397,1,5588,2883,2025-11-27 00:00:00,SUM,5291,2025,O,,,,INSUMOS GENERALES 3F -  PRESUPUESTO N° 17/11/2025 (FARMACIA),000115,,1,N
2025,5444,5398,1,5598,441,2025-11-27 00:00:00,SUM,5310,2025,O,,,,ALPA - PRESUPUESTO N° 0002-00003808  (COCINA),000115,,1,N
2025,5445,5399,1,5596,2337,2025-11-27 00:00:00,SUM,5323,2025,O,,,,Corresponde contrato Von Saldern German -,000115,,1,N
2025,5446,5400,1,5577,68,2025-11-27 00:00:00,SUM,5303,2025,O,,,,"PRESUPUESTO N° X 7390236 de  Sergio Peyrano de ""ATMÓSFERICO LA PRIMERA""",000115,,1,N
2025,5447,5401,1,5591,134,2025-11-27 00:00:00,SUM,5305,2025,O,,,,SORRENTINO S.A- PRESUPUESTO N° 19/11/2025 (FARMACIA),000115,,1,N
2025,5448,5402,1,5574,3287,2025-11-27 00:00:00,SUM,5299,2025,O,,,,"Expte N° 159/25 Proyecto de Talleres Programa Envión PRESUPUESTOS N° X 1843 / 1844  de ""HISPANOGRAF"" Campaña de prevención ""Suicidio Adolescente -Trabajos finales de los talleres del programa Envión",000115,,1,N
2025,5496,5450,1,5647,2595,2025-12-04 00:00:00,SUM,5376,2025,O,,,,"Ivanper, presupuesto 7720 (taller)",000115,,1,N
2025,5497,5451,1,5648,167,2025-12-04 00:00:00,SUM,5377,2025,O,,,,TODO POLLO. GONZALO A BUSTAMANTE. PRESUPUESTO Nº 49. COCINA HOSPITAL.SEMANA DEL 12/11/25 AL 19/11/25.,000115,,1,N
2025,5498,5452,1,5649,791,2025-12-04 00:00:00,SUM,5373,2025,O,,,,PRESUPUESTO VEHICULO DOMINIO AF545GL,000115,,1,N
2025,5202,5168,1,5347,167,2025-11-03 00:00:00,SUM,5081,2025,O,,,,""" TODO POLLO"" GONZALO A. BUSTAMANTE.PRESUPUESTO Nº 0000045. COCINA HOSPITAL.. SEMANA DEL 27/10/25 AL 02/11/25.",000115,,1,N
2025,4931,4896,1,5080,63,2025-10-03 00:00:00,PRESU,26764,2025,O,,,,Jorge N.Flores presupuesto B5002-26764 Bombeador Municipalidad.,000000,,1,N
2025,4932,4897,1,5081,1603,2025-10-03 00:00:00,PRESU,1342379,2025,O,,,,Presupuesto N° 1342379-Panaderia ALEM- ENVION-Septiembre 2025,000000,,1,N
2025,4938,4904,1,5089,3441,2025-10-07 00:00:00,PRESU,0,2025,O,,,,"PREVISION FURNOS VANESA, TORNEOS",000000,,1,N
2025,4950,4916,1,5102,1608,2025-10-08 00:00:00,PRESU,0,2025,O,,,,Hotel San Carlos - Inmobiliaria san carlos SACIFA - ALOJAMIENTO GASPARINI CONCURSO DE ASADORES,000000,,1,N
2025,4960,4926,1,5111,1960,2025-10-08 00:00:00,PRESU,0,2025,O,,,,"PRESUPUESTO, RUAU HONORIO JUAN",000000,,1,N
2025,4962,4928,1,5112,3317,2025-10-08 00:00:00,PRESU,0,2025,O,,,,José Manuel Enzagaray - Locución 8° Concurso de Asadores y 3° Feria gastronomica Sabores de Mi Pago.,000000,,1,N
2025,4963,4929,1,5113,441,2025-10-08 00:00:00,PRESU,3774,2025,O,,,,"Matienzo Paola,presupuesto 3774,3776,3777,3779,3785.",000000,,1,N
2025,4964,4930,1,5114,63,2025-10-08 00:00:00,PRESU,26736,2025,O,,,,"PROV.JORGE FLORES PRESUP.26736,3419 PARA VIVERO MUNICIAPL Y CONDUCCION DE RAIZ SEGUN EXPT.1821/24",000000,,1,N
2025,4966,4932,1,5115,300,2025-10-08 00:00:00,PRESU,5908,2025,O,,,,"PROV.SILVIA MAISTEGUI  PRESUP.5908 GORRO NAVIDEÑO, CORDON  DELEGACION SUR, VW 17180 R,O326,ROTONDA JUVENTUD,  TALLER CORRALON,",000000,,1,N
2025,4971,4937,1,5118,2281,2025-10-09 00:00:00,PRESU,782,2025,O,,,,PRESUPUESTO N°0782 - LUBRICENTRO MADARIAGA / SERVICE COMPLETO IVECO (DOMINIO: MKF817),000000,,1,N
2025,4972,4938,1,5117,300,2025-10-09 00:00:00,PRESU,5905,2025,O,,,,PROV.SILVIA MAISTEGUI  PRESP.5905 PARA DEFENSA CIVIL ARREGLOS EN GENERAL,000000,,1,N
2025,4973,4940,1,5126,68,2025-10-09 00:00:00,PRESU,7390231,2025,O,,,,"PRESUPUESTO N° X 7390231 de Sergio Peyrano de ""ATMOSFERICO LA PRIMERA""",000000,,1,N
2025,4975,4941,1,5127,68,2025-10-09 00:00:00,PRESU,7390230,2025,O,,,,"PRESUPUESTO N° X 7390230  de Sergio Peyrano de ""ATMOSFERICO LA PRIMERA""",000000,,1,N
2025,4977,4943,1,5131,1514,2025-10-09 00:00:00,PRESU,0,2025,O,,,,PROV. CASA ELICEIRY GAS OIL PARA MAQUINAS Y VEHICULOS DE ESTA SECRETARIA,000000,,1,N
2025,4983,4949,1,5141,2643,2025-10-09 00:00:00,PRESU,0,2025,O,,,,PRESUPUESTO SIN N° - 12 DE OCTUBRE S.R.L (COSTA AZUL) TRANSPORTE ETAPA FINAL BONAERENSE,000000,,1,N
2025,5104,5062,1,5253,1334,2025-10-23 00:00:00,SUM,4992,2025,O,,,,PROV. TRACKMAR PRESP.799744  CUCHILLAS PARA MOTONIVELADORA NEW HOLLAND CII59 Y VOLVO G710,000115,,1,N
2025,5105,5070,1,5265,1078,2025-10-23 00:00:00,SUM,4968,2025,O,,,,DANIEL OPAZO. ELECTRICISTA. PRESUPUESTO 23/09/2025.,000115,,1,N
2025,5111,5076,1,5258,68,2025-10-23 00:00:00,SUM,4987,2025,O,,,,"PRESUPUESTO N° X 7390232 de Peyrano, Sergio de "" ATMOSFERICO LA PRIMERA""",000115,,1,N
2025,5112,5077,1,5264,2330,2025-10-23 00:00:00,SUM,5010,2025,O,,,," CORRESPONDE PREVISION COMBUSTIBLES DEL SALADO S.A.VEHICULOS HOSPITAL: AA 775 QW, PAA 334, AB 038 OI,",000115,,1,N
2025,5179,5144,1,5337,2218,2025-10-31 00:00:00,SUM,5124,2025,O,,,,Expte 54/2025 Contatación Alonso Leandro Martin - Octubre- Diciembre,000115,,1,N
2025,5182,5147,1,5319,3322,2025-11-03 00:00:00,SUM,5035,2025,O,,,,PINAMAR HIGIENE INSTITUCIONAL S.R.L.. PRESUPUESTO Nº 0016-00002061.LAVADERO.,000115,,1,N
2025,5186,5150,1,5340,1141,2025-11-03 00:00:00,SUM,5074,2025,O,,,,PROV. BASTONS RUBEN PRESUP.81124 LONA PARA BATEA IVECO PJY978,000115,,1,N
2025,5188,5153,1,5341,216,2025-11-03 00:00:00,SUM,5075,2025,O,,,,PROV.F.A.E  PRESUP.6100 BOLSAS DE RESIDUOS Y RECICLADO,000115,,1,N
2025,5190,5155,1,5342,3395,2025-11-03 00:00:00,SUM,5082,2025,O,,,,PROV. YANINA PECORARI PRESUP.4739 BATERIA PARA DMI232,000115,,1,N
2025,5191,5156,1,5343,1259,2025-11-03 00:00:00,SUM,5069,2025,O,,,,"PROV. ELECTRO DANNUNZIO PRESUP.29386 PARA CALLE ILLIA, Y PELEGRINI, BAÑOS DE TERMINAL Y DELEGACION MACEDO",000115,,1,N
2025,5192,5157,1,5344,2410,2025-11-03 00:00:00,SUM,5085,2025,O,,,,"Bogado Lenadro Rubén,presupuesto 0001-00001143.Tractor Pauny N° 2",000115,,1,N
2025,5195,5160,1,5345,1098,2025-11-03 00:00:00,SUM,5072,2025,O,,,,"PRESUPUESTO de ""CARRERA M. VALENTIN"" Diabéticos octubre 2025",000115,,1,N
2025,5198,5163,1,5346,717,2025-11-03 00:00:00,SUM,5073,2025,O,,,,PROVEDURIA LA ILUSION.MARINA IRENE PINILLA. PRESUPUESTO Nº 021407.SECOTR HEMOTERAPIA.,000115,,1,N
2025,5200,5165,1,5339,3246,2025-11-03 00:00:00,SUM,5102,2025,O,,,,MUNDIAL 2022- PRESUPUESTO S/N°  MEDICAMENTOS DISPENSADOS DESDE EL 26/09/2025 al 23/10/2025,000115,,1,N
2025,5201,5166,1,5338,441,2025-11-03 00:00:00,SUM,5080,2025,O,,,,ALPA PAPELERA MATIENZO PAOLA AMELIA. PRESUPUESTO  Nº 00008791. BROMATOLOGIA.,000115,,1,N
2025,5205,5170,1,5348,2846,2025-11-03 00:00:00,SUM,5077,2025,O,,,,CUELI MIGUEL. PRESUPUESTO Nº 001-00000154.,000115,,1,N
2025,5206,5171,1,5349,866,2025-11-03 00:00:00,SUM,5076,2025,O,,,,PILOÑA- PRESUPUESTO N° 21/10/2025 (FARMACIA),000115,,1,N
2025,5207,5172,1,5350,57,2025-11-03 00:00:00,SUM,5094,2025,O,,,,IMPRENTA EL ARGENTINO.Irene Cristina Bonomi. PRESUPUESTO Nº 000542.ESTIMULACION TEMPRANA.,000115,,1,N
2025,5208,5173,1,5377,3426,2025-11-03 00:00:00,SUM,5123,2025,O,,,,CORRESPONDE EXPTE Nº 3508/25. DRA JAIME MARIA GRACIELA.,000115,,1,N
2025,5209,5174,1,5375,2110,2025-11-03 00:00:00,SUM,5111,2025,O,,,,EDUARDO FUMEGA  PRESUPUESTO N° 511,000115,,1,N
2025,5210,5175,1,5376,2843,2025-11-03 00:00:00,SUM,5091,2025,O,,,,"PRESUPUESTO N° X 6976058 de Rost, Tamara de ""FRUTERIA NEGRIN"" Plan Alimentario 2025",000115,,1,N
2025,5211,5176,1,5370,71,2025-11-03 00:00:00,SUM,5106,2025,O,,,,PROV. RAUL IRIARTE PRESUP.15282 PARA CORRALON MUNICIPAL ARREGLOS GENERALES,000115,,1,N
2025,5212,5177,1,5372,300,2025-11-03 00:00:00,SUM,5107,2025,A,2025-11-11 00:00:00,ERROR,,Corresponde presupuesto N° 00015278/015277 MAISTEGUI SILVIA,000115,,1,N
2025,5213,5178,1,5373,300,2025-11-03 00:00:00,SUM,5108,2025,A,2025-11-03 00:00:00,ERROR,,CORRESPONDE PRESUPUESTO N°  00015278 - MAISTEGUI SILVIA,000115,,1,N
2025,5214,5179,1,5373,300,2025-11-03 00:00:00,SUM,5108,2025,A,2025-11-11 00:00:00,ERROR,,CORRESPONDE PRESUPUESTO N°  00015278 - MAISTEGUI SILVIA,000115,,1,N
2025,4172,4139,1,4296,2753,2025-08-07 00:00:00,PRESU,0,2025,A,2025-08-11 00:00:00,ERROR,,"PRESUPUESTO DEL 6/08,CANERO ECHEGARAY JOSE OCTAVIO,EXPTE. 2349/25",000000,,1,N
2025,4174,4141,1,4297,2753,2025-08-07 00:00:00,PRESU,0,2025,O,,,,"PRESUPUESTO DEL 6/08,CANERO ECHEGARAY JOSE OCTAVIO,EXPTE. 2350/25",000000,,1,N
2025,4177,4144,1,4298,1101,2025-08-07 00:00:00,PRESU,0,2025,O,,,,"PRESUPUESTO 000, DANIEL RUIZ, EXPTE. 2349/25",000000,,1,N
2025,4362,4329,1,4492,1267,2025-08-21 00:00:00,SUM,4275,2025,O,,,,"PRESUPUESTO 591, SORAGNI SILVIA ALEJANDRA",000115,,1,N
2025,4317,4285,1,4453,2209,2025-08-14 00:00:00,SUM,4249,2025,O,,,, Distribuidora del Sudeste.Durante Javier,000010,,1,N
2025,4337,4305,1,4481,3394,2025-08-19 00:00:00,SUM,4180,2025,O,,,,"PRESUPUESTO 000, CHIABRANDO FRANCO VALENTIN",000010,,1,N
2025,4338,4307,1,4457,879,2025-08-20 00:00:00,SUM,4190,2025,O,,,,"PRESUPUESTOS  N° X 0001-000010000 - 1181- 1194 - 1211 de Tatano Harisgarat S.R.L. de ""CASA HARISGARAT"" Para arreglos en la casita de chocolate (colocación de calefactores, arreglo mochila de baño, realización de tapa de pozo)",000115,,1,N
2025,4340,4308,1,4469,17,2025-08-20 00:00:00,SUM,4240,2025,O,,,,PROV.LUIS LOMBARDIA PRESUP.0139 INSUMOS Y REPUESTOS PARA MOTOGUADAÑAS Y MOTOSIERRAS,000115,,1,N
2025,4342,4310,1,4470,1315,2025-08-20 00:00:00,SUM,4222,2025,O,,,,"Exte N° 159/25 Proyecto de Talleres Programa Envión PRESUPUESTO N° 00000000 de San Martín, Juan Ignacio de ""DEPOR HOUSE""",000115,,1,N
2025,4343,4311,1,4472,3262,2025-08-20 00:00:00,SUM,4252,2025,O,,,,PROV. FGC FUELS MARKET GAS OIL PARA MAQUINAS DE PREDIO DISPOSICION FINAL RESIDUOS RUTA 11 KM 405,000115,,1,N
2025,4345,4313,1,4471,2595,2025-08-20 00:00:00,SUM,4224,2025,O,,,,"PRESUPUESTO N° 00007081 de ""IVANPER repuestos"" Camioneta JYN 229",000115,,1,N
2025,4346,4314,1,4459,167,2025-08-20 00:00:00,SUM,4246,2025,O,,,,Presupuesto N° 00000026-Todo Pollo-de Bustamante Gonzalo Adrian-Para PROGRAMA ESFUERZO SOLIDARIO,000115,,1,N
2025,4348,4317,1,4460,2209,2025-08-20 00:00:00,SUM,4257,2025,O,,,,"PRESUPUESTO 734, DURANTE JAVIER",000115,,1,N
2025,4349,4315,1,4473,313,2025-08-20 00:00:00,SUM,4251,2025,O,,,,PROV. ATREUCO PUEL COMBUSTIBLES PARA MAQUINAS Y VEHICULOS DE ESTAS SECRETARIA,000115,,1,N
2025,4351,4319,1,4461,2209,2025-08-20 00:00:00,SUM,4255,2025,O,,,,"PRESUPUESTO 742, DURANTE JAVIER",000115,,1,N
2025,4353,4321,1,4462,717,2025-08-20 00:00:00,SUM,4243,2025,O,,,,PROVEEDURIA LA ILUSION- PRESUPUESTO N° 36347 (COCINA),000115,,1,N
2025,4354,4322,1,4463,2627,2025-08-20 00:00:00,SUM,4235,2025,O,,,,SANTA PAULA- PRESUPUESTO N° 0003-00004697 (HOGAR DE ANCIANOS),000115,,1,N
2025,4358,4326,1,4468,2675,2025-08-20 00:00:00,SUM,4241,2025,O,,,,"PROV.CAROLINA NOWE PRESUP.0598 REPUESTOS PARA VW 17280 AF497IJ, IVECO IOO617  Y LAMPARAS  PARA TODOS LOS VECHICULOS EN GENERAL",000115,,1,N
2025,4359,4327,1,4501,3531,2025-08-20 00:00:00,SUM,4269,2025,O,,,,"Expte N° 2373/2025 Contrato Abogada: Benitez Gauna , Tatiana . Equipo de violencia de género. No cumple con el Ar. 45 de la Ley 14.656",000115,,1,N
2025,4360,4328,1,4484,130,2025-08-21 00:00:00,SUM,4234,2025,O,,,,PROV.PEREYRA JUAN CARLOS PRESUP.0132 ISUMOS  Y REPUESTOS PARA  MOTOSIERRAS MOTOGUADAÑAS CORTADORAS DE PASTO,000115,,1,N
2025,4361,4330,1,4496,2627,2025-08-21 00:00:00,SUM,4256,2025,O,,,,SANTA PAULA- PRESUPUESTO N° 0001-00002099 (COCINA),000115,,1,N
2025,4363,4331,1,4487,1112,2025-08-21 00:00:00,SUM,4247,2025,O,,,,"PRESUPUESTO de Ruau, Cecilia de ""eL CENTRO DE LOS AMIGOS"" Fmilias: Baez de Gimenez - Casasola, Eliana- Coria Melany",000115,,1,N
2025,4364,4332,1,4488,2613,2025-08-21 00:00:00,SUM,4262,2025,O,,,,"PRESUPUESTO N° 8284 de ""MATAFUEGOS RUTA 11"" Recargas de matafuegos de: granja de contención, envión, sede, prestaciones, casita de chocolate, género",000115,,1,N
2025,4365,4333,1,4499,2595,2025-08-21 00:00:00,SUM,4250,2025,O,,,,IVANPER REPUESTOS-  PRESUPUESTO N° 7058 (MOVIL 8) DOMINIO PAA334,000115,,1,N
2025,4366,4334,1,4500,3337,2025-08-21 00:00:00,SUM,4274,2025,O,,,,"PRESUPUESTO 565, GARCIA FEDERICO",000115,,1,N
2025,4367,4335,1,4489,300,2025-08-21 00:00:00,SUM,4266,2025,O,,,,"PRESUPUESTO N° 00005504 de Silvia Beatriz Maistegui de ""PINTURERIA - FERRETERIA TODO COLOR"" Para ampliación en la granja de contención, para arreglo de gallinero.",000115,,1,N
2025,4368,4336,1,4491,335,2025-08-21 00:00:00,SUM,4270,2025,O,,,,"PRESUPUESTO de María Cristina Uthurburu de CASA MEOQUI""  Feto de 22 semanas",000115,,1,N
2025,4369,4337,1,4486,300,2025-08-21 00:00:00,SUM,4278,2025,O,,,,PROV. SILVIA MAISTEGUI PRESUP.5547  ARTICULOS DE FERRETERIA PARA ARREGLOS EN ESPACIOS PUBLICOS,000115,,1,N
2025,4370,4338,1,4498,2595,2025-08-21 00:00:00,SUM,4248,2025,A,2025-08-22 00:00:00,ERROR,,IVANPER REPUESTOS- PRESUPUESTO N° 7033 (BROMATOLOGIA),000115,,1,N
2025,4371,4339,1,4493,2613,2025-08-21 00:00:00,SUM,4253,2025,O,,,,MATAFUEGOS RUTA 11- PRESUPUESTO N° 8285 - AMBULANCIA  DOMINIO: AA775QW,000115,,1,N
2025,4373,4341,1,4485,17,2025-08-21 00:00:00,SUM,4233,2025,O,,,,PROV.LUIS LOMBARDIA PRESUP.0137 PARA CEMENTERIO MUNICIPAL,000115,,1,N
2025,4374,4342,1,4497,169,2025-08-21 00:00:00,SUM,4254,2025,O,,,,TERRANOVA QUIMICA- PRESUPUESTO N° 963 (MUCAMAS Y HOGAR DE ANCIANOS),000115,,1,N
2025,4380,4348,1,4528,90,2025-08-21 00:00:00,SUM,4318,2025,O,,,,Corresponde presupuesto N° 00000029 - Lococo Marcelo,000115,,1,N
2025,4382,4350,1,4523,1267,2025-08-22 00:00:00,SUM,4296,2025,O,,,,"PROV.SILVIA SORAGNI PRESUP.0566 REPARACION PARA COLECTIVO LAN550, RETROPALA ASRTAS G650",000115,,1,N
2025,4383,4351,1,4520,2369,2025-08-22 00:00:00,SUM,4304,2025,O,,,,"PROV. MERCEDES  LA PLATA PRESUP.181158, 181161 REPUESTOS PARA REPARACION DE CAJA DE CAMBIO FORD 14000 ASZ490",000115,,1,N
2025,4386,4354,1,4516,2209,2025-08-22 00:00:00,SUM,4287,2025,O,,,,"JAVIER DURANTE, PRES. N° 0001-00000738/0001-00000739, HOSPITAL",000115,,1,N
2025,4389,4357,1,4514,2578,2025-08-22 00:00:00,SUM,4308,2025,O,,,,PHOYU MARIA ALCIRA- PRESUPUESTO N° 18/08/2025,000115,,1,N
2025,4390,4358,1,4509,2958,2025-08-22 00:00:00,SUM,4285,2025,O,,,,AVICOLA DEL TUYU DE ANDERS VICTOR- PRESUPUESTO N° 0008-00003763 (COCINA),000115,,1,N
2025,4391,4359,1,4505,2450,2025-08-22 00:00:00,SUM,4279,2025,O,,,,"""LA FRUTERIA"" LABATUT MARCELO.Presupuesto Hogar de Ancianos y Cocina Hospital.",000115,,1,N
2025,4392,4360,1,4511,1879,2025-08-22 00:00:00,SUM,4282,2025,O,,,,"Rodamientos Tuyu, presupuesto 3024 ( AB038FG-AF747PM-NUX030-JWG930)",000115,,1,N
2025,4395,4363,1,4507,3420,2025-08-22 00:00:00,SUM,4277,2025,O,,,,VERA LILIANA VANESA- PRESUPUESTO N° 001-19611 (FARMACIA),000115,,1,N
2025,4398,4366,1,4503,2770,2025-08-22 00:00:00,SUM,4297,2025,O,,,,"PRESUPUESTO 748, MARTIN FERNANDO(HIJO)",000115,,1,N
2025,5551,5506,1,5715,160,2025-12-15 00:00:00,SUM,5433,2025,O,,,,"AGROVET MARZULLO. PRESUPUESTOS Nº 0001-00001150,0001-00001151,0001-00001152.BROMATOLOGIA Y ZOONOSIS.",000115,,1,N
2026,88,88,1,78,441,2026-01-08 00:00:00,SUM,171,2026,O,,,,"Alpa - Matienza, Paola - Materiales oficina - Presupuesto 3847",000115,,1,N
2026,90,90,1,79,167,2026-01-08 00:00:00,SUM,95,2026,O,,,,TODO POLLO- PRESUPUESTO N° 56 ( HOGAR DE ANCIANOS) DESDE EL 28/11/25 AL 5/12/25,000115,,1,N
2026,128,128,1,130,3405,2026-01-12 00:00:00,SUM,109,2026,O,,,,"PROV.CLEANOSOL PRESUP.05/01/2026 ASFALTO EN FRIO PARA ARREGLOS Y VBACHEOS DE TUYU Y ARIAS, PERU Y CHILE, PERU Y CUBA, CALLE 25 Y 8 , CALLE 8 Y 33, BS.AS Y CALLE 7",000115,,1,N
2026,131,131,1,131,1213,2026-01-12 00:00:00,SUM,209,2026,O,,,,DE LAS MISIONES      PRESUPUESTO N° 2671    PROVEEDOR N° 1213,000115,,1,N
2026,315,316,1,361,413,2026-01-19 00:00:00,SUM,348,2026,O,,,,PRESUPUESTO 4001 PASOS AGUSTIN CUBIERTAS VEHICULO DOMINIO AF545GL,000115,,1,N
2026,316,317,1,362,85,2026-01-19 00:00:00,SUM,354,2026,O,,,,PRESUPUESTO 43556 SORBA  TERMOTANQUE PARA SECTOR INTERNACION - CELUALR PARA OFICINA 107,000115,,1,N
2026,317,318,1,363,2209,2026-01-19 00:00:00,SUM,324,2026,O,,,,DURANTE JAVIER- PRESUPUESTO N° 0001-00000824/829 (HOGAR DE ANCIANOS) DESDE EL 30/12/25 AL 30/01/26,000115,,1,N
2026,318,319,1,364,1078,2026-01-19 00:00:00,SUM,333,2026,O,,,,OPAZO DANIEL- PRESUPUESTO N° 13/01/26 (ADMISION),000115,,1,N
2026,320,321,1,383,57,2026-01-19 00:00:00,SUM,377,2026,O,,,,"PRESUPUESTO  549, BONOMI IRMA CRISTINA",000115,,1,N
2026,324,323,1,384,57,2026-01-19 00:00:00,SUM,375,2026,O,,,,"PRESUPUESTO 550, BONOMI IRMA CRISTINA",000115,,1,N
2026,326,327,1,387,1259,2026-01-19 00:00:00,SUM,289,2026,O,,,,"Electro Dannunzio, presupuesto 29837-29877-29696 (COM)",000115,,1,N
2026,329,330,1,385,441,2026-01-19 00:00:00,SUM,373,2026,O,,,,"PRESUPUESTO 3843, MATIENZO PAOLA",000115,,1,N
2026,331,332,1,386,441,2026-01-19 00:00:00,SUM,372,2026,O,,,,"PRESUPUESTO 3841, MATIENZO PAOLA",000115,,1,N
2026,347,348,1,346,3454,2026-01-20 00:00:00,SUM,334,2026,O,,,,"Expte N° 118/2026 Contrato: Muscia Caldarella, Gian Franco - Operador Social Servicio Local. No cumple con el Art. 45 de la Ley 14.656",000115,,1,N
2026,348,349,1,347,3033,2026-01-20 00:00:00,SUM,335,2026,O,,,,"Expte N° 118/2026 Contrato: Olaizola, Rocío - Operadora Social Abordaje a la violencia familiar y Género. No cumple con el Art. 45 de la Ley 14.656",000115,,1,N
2026,349,350,1,348,3228,2026-01-20 00:00:00,SUM,336,2026,O,,,,"Expte N° 118/2026 Contrato: Pelinski, Eva Lorena - Psicóloga Servicio Local. No cumple con el Art. 45 de la Ley 14.656",000115,,1,N
2026,350,351,1,349,2812,2026-01-20 00:00:00,SUM,337,2026,O,,,,"Expte N° 118/2026 Contrto: Peréz, Oscar Santiago - Operador Grupal Envión, Operador de Calle Servicio Local. No cumple con el Art. 45 de la Ley 14.656",000115,,1,N
2026,351,352,1,350,1112,2026-01-20 00:00:00,SUM,338,2026,A,2026-01-30 00:00:00,ERROR,,"Expte 118/2026 contrato: Ruau, María carolina - Abogada Abordaje a la violencia familiar y Género. No cumple con el Art. 45 de la Ley 14.656",000115,,1,N
2026,352,353,1,351,3338,2026-01-20 00:00:00,SUM,339,2026,O,,,,"Expte N° 118/2026 Contrato: Saquetti, Pablo Cristián - Operador Grupal  Abordaje a la violencia masculino. No cumple con el Art. 45 de la Ley 14.656",000115,,1,N
2026,353,354,1,352,3027,2026-01-20 00:00:00,SUM,341,2026,O,,,,"Expte N° 118/2026 Contrato: Suarez, Micaela Brunella - Operadora Territorial Abordaje a la violencia familiar y Género . No cumple con el Art. 45 de la Ley 14.656",000115,,1,N
2026,354,355,1,389,33,2026-01-20 00:00:00,SUM,317,2026,O,,,,"RENOVACION AP DE JARDIN MATERNAL POLIZA 2108792, PCIA SEGUROS",000115,,1,N
2026,355,356,1,391,33,2026-01-20 00:00:00,SUM,287,2026,O,,,,"RENOVACION POLIZA, PCIA SEGUROS(33), POLIZAS 3374697/3374629",000115,,1,N
2026,356,357,1,353,3440,2026-01-20 00:00:00,SUM,342,2026,O,,,,Expte N° 118/2026 Contrato: Tolosa Carolina Paola - Trabajadora Social Abordaje a la violencia familiar y Género. No cumple con el Art. 45 de la Ley 14656,000115,,1,N
2026,357,358,1,354,2473,2026-01-20 00:00:00,SUM,343,2026,O,,,,"Expte N° 118/2026 Contrato: Verón Saavedra, Marianela Victoria - Psicóloga Abordaje a la violencia familiar y Género. No cumple con el Art. 45 de la Ley 14.656",000115,,1,N
2026,521,524,1,569,87,2026-02-02 00:00:00,PRESU,0,2026,O,,,,DROGUERIA DANA- PRESUPUESTO N° 28/01/26,000000,,1,N
2026,522,525,1,566,441,2026-02-02 00:00:00,PRESU,420,2026,O,,,,PRESUPUESTO N° 3845 - ALPA MADARIAGA  - SELLO SECRETARIO DE DEPORTES,000000,,1,N
2026,523,526,1,563,2843,2026-02-02 00:00:00,PRESU,6926952,2026,O,,,,"PRESUPUESTO N° X 6926952 de Rost, Tamara de ""FRUTERIA NEGRIN"" Plan Alimento  2026",000000,,1,N
2026,542,545,1,576,3322,2026-02-03 00:00:00,SUM,464,2026,O,,,,PINAMAR HIGIENE INSTITUCIONAL- PRESUPUESTO N° 0016-00002316/2317/2318/2319/2320 (LAVADERO-COCINA- OFICCE MUCAMAS),000115,,1,N
2025,5499,5453,1,5650,492,2025-12-04 00:00:00,SUM,5372,2025,O,,,,MAXIMO PINASCO PRESUPUESTO 1000354096  SERVICE 242.500 KM MINIBUS DOMINIO AF591SU,000115,,1,N
2025,5500,5454,1,5651,441,2025-12-04 00:00:00,SUM,5360,2025,O,,,,ALPA PAPELERA. PAOLA AMELIA MATIENZO. PRESUPUESTO Nº 0002-00003807.BROMATOLOGIA Y ZOONOSIS.,000115,,1,N
2025,5507,5461,1,5666,441,2025-12-05 00:00:00,PRESU,3813,2025,O,,,,Corresponde presupuesto N° 0002-00003813/0002-00003809/0002-00003810  MATIENZO PAOLA,000000,,1,N
2025,5514,5469,1,5673,68,2025-12-09 00:00:00,PRESU,238,2025,O,,,,"PRESUPUESTO N° X 7390238 de Peyrano, Sergio de ""ATMOSFERICO LA PRIMERA""",000000,,1,N
2025,5523,5477,1,5686,1514,2025-12-10 00:00:00,PRESU,0,2025,A,2025-12-12 00:00:00,ADMINI,,"PRESUPUESTO 000,CASA ELICEYRI,12/12",000000,,1,N
2025,5525,5480,1,5687,2302,2025-12-11 00:00:00,PRESU,5429,2025,O,,,,"PRESUPUESTO 11130, DGM DE DIEGO MARTIN",000000,,1,N
2025,5533,5488,1,5697,63,2025-12-12 00:00:00,SUM,5431,2025,O,,,,Exp.:253/21 Sol. revisión de la instalación de gas - Prov.:Corralon Flores - Presup.:27324; 27326,000115,,1,N
2025,5556,5512,1,5720,454,2025-12-16 00:00:00,SUM,5442,2025,A,2025-12-16 00:00:00,ERROR,,PRESUPUESTO 277 BUSTAMANTE HECTOR FERNANDO AMBULANCIA DOMINIO PAA 334,000010,,1,N
2025,5557,5513,1,5722,454,2025-12-16 00:00:00,SUM,5442,2025,O,,,,PRESUPUESTO 277 BUSTAMANTE HECTOR FERNANDO AMBULANCIA DOMINIO PAA 334,000010,,1,N
2025,5563,5519,1,5731,90,2025-12-18 00:00:00,SUM,5440,2025,O,,,,"PRESUPUESTO N° X 00000037 de Lo coco Marcelo Alejandro de ""TODO COLOR""",000115,,1,N
2025,5564,5520,1,5730,2410,2025-12-18 00:00:00,SUM,5445,2025,A,2025-12-19 00:00:00,ADMINI,,"L.R.B electricidad del automotor, presupuestos 1168-1165-1164-1162-1161",000115,,1,N
2025,5565,5521,1,5732,1977,2025-12-18 00:00:00,SUM,5439,2025,O,,,,"PRESUPUESTO 6941, ZG ARGENTINA SRL",000115,,1,N
2025,5566,5522,1,5734,692,2025-12-19 00:00:00,SUM,5451,2025,O,,,,"PREVISION MAIOLO SRL, EXPTE. 3704/25",000029,,1,N
2025,5578,5534,1,5748,2330,2025-12-29 00:00:00,SUM,5457,2025,O,,,,Corresponde previsión combustible del Salado-Desarrollo Social,000115,,1,N
2025,5580,5536,1,5750,2281,2025-12-29 00:00:00,SUM,5450,2025,O,,,,PRESUPUESTO N°0702 - LUBRICENTRO MADARIAGA / SERVICIE COMPLETO UN IVECO AB603TW + REPARACION DE PORTA FILTRO Y FILTRO GASOIL,000115,,1,N
2025,5581,5537,1,5751,3322,2025-12-29 00:00:00,SUM,4939,2025,O,,,,PINAMAR HIGIENE INSTITUCIONAL SRL - PRESUPUESTO N° 0016-00002055/2056 (COCINA Y HOGAR DE ANCIANOS),000115,,1,N
2025,5582,5538,1,5752,2330,2025-12-29 00:00:00,SUM,5458,2025,O,,,,Corresponde prevision combustibles del salado- Gobierno,000115,,1,N
2025,5583,5539,1,5753,2330,2025-12-29 00:00:00,SUM,5459,2025,O,,,,"CORRESPNDE PREVISION COMBUSTIBLES DEL SALADO S.A. VEHICULOS HOSPITAL: AA 775 QW, PAA 334, AB 038 OI, AG 180 HE, AF 591 SU, AG 545 GL, AC 548 KJ.DICIEMBRE.",000115,,1,N
2025,5584,5540,1,5754,2330,2025-12-29 00:00:00,SUM,5460,2025,O,,,,Corresponde prevision Combustibles del Salado -,000115,,1,N
2026,21,21,1,55,3246,2026-01-06 00:00:00,SUM,80,2026,O,,,,MUNDIAL 2022- PRESUPUESTO N° 0001-0000883 MEDICAMENTO DISPENSADO 2/12/2025,000115,,1,N
2026,23,22,1,54,3337,2026-01-06 00:00:00,SUM,94,2026,A,2026-01-09 00:00:00,ADMINI,,Presupuesto N° 598 Proveedor Garcia Federico,000115,,1,N
2025,5222,5187,1,5371,2410,2025-11-03 00:00:00,SUM,5100,2025,O,,,,"Leandro Bogado, presupuestos 1144-1146-1147-1148 (af496mn-nuf386-jch069)",000115,,1,N
2025,5536,5491,1,5699,1514,2025-12-12 00:00:00,PRESU,0,2025,O,,,,"PRESUPUESTO 000,CASA ELICEYRI,12/12",000000,,1,N
2025,5537,5492,1,5701,717,2025-12-12 00:00:00,PRESU,21414,2025,O,,,,PROVEDURIA LA ILUSION. MARINA IRENE PINILLA. PRESUPUESTO. COCINA HOSPITAL.,000000,,1,N
2025,5539,5494,1,5706,2595,2025-12-12 00:00:00,PRESU,7763,2025,O,,,,"Ivanper, presupuesto 7763",000000,,1,N
2025,5543,5498,1,5707,2450,2025-12-12 00:00:00,PRESU,0,2025,O,,,,"PRESUPUESTO  de Labatut, Marcelo Osvaldo de "" LA FRUTERIA"" octubre 2025",000000,,1,N
2025,5544,5499,1,5708,90,2025-12-12 00:00:00,PRESU,36,2025,O,,,,"PRESUPUESTO N° X 00000036 de Lo coco, Marcelo Alejandro de ""TODO COLOR""",000000,,1,N
2025,5545,5500,1,5709,2450,2025-12-12 00:00:00,PRESU,0,2025,O,,,,"PRESUPUESTO de Labatut, Marcelo Osvaldo de ""LA FRUTERIA"" noviembre 2025",000000,,1,N
2025,5546,5501,1,5710,160,2025-12-12 00:00:00,PRESU,1147,2025,O,,,,AGROV MARZULLO. PRESUPUESTO Nº 0001-00001147.0001-00001148.BROMATOLOGIA Y ZOONOSIS.,000000,,1,N
2025,5549,5504,1,5713,1527,2025-12-15 00:00:00,SUM,5434,2025,O,,,,"Gomeria la Diagonal, presupuestos 552-553",000115,,1,N
2025,5550,5505,1,5714,160,2025-12-15 00:00:00,SUM,5432,2025,O,,,,"AGROVET MARZULLO. PRESUPUESTOS Nº 0001-00001154,0001-0001155.BROMATOLOGIA Y ZOONOSIS.",000115,,1,N
2025,3572,3557,1,3685,3226,2025-07-01 00:00:00,SUM,3564,2025,O,,,,Corresponde presupuesto N° 00000298- Curto -Oficina de intimaciones,000010,,1,N
2025,4096,4062,1,4209,1879,2025-07-31 00:00:00,SUM,4009,2025,O,,,,"Ridamientos TUYU, presupuesto 3019",000115,,1,N
2025,4099,4066,1,4214,1810,2025-07-31 00:00:00,SUM,4002,2025,O,,,,AC REFRIGERACION- PRESUPUESTO N° 370 ( RAYOS),000115,,1,N
2025,5001,4966,1,5150,3287,2025-10-16 00:00:00,SUM,4908,2025,O,,,,"Avellaneda 1763,presupuesto 1841",000115,,1,N
2025,5002,4967,1,5151,2209,2025-10-16 00:00:00,SUM,4909,2025,O,,,,"Durante Javier, presupuesto X 0001-00000765",000115,,1,N
2025,5003,4968,1,5192,1823,2025-10-16 00:00:00,SUM,4960,2025,O,,,,AADI CAPIF A.C.R.  DIFERENCIA PEDIDO N° 135,000115,,1,N
2025,5342,5296,1,5497,2330,2025-11-13 00:00:00,SUM,2525,2025,O,,,,PREVISION SIN N° - COMBUSTIBLE DEL SALADO (YPF),000115,,1,N
2025,5344,5298,1,5495,2680,2025-11-13 00:00:00,SUM,5224,2025,O,,,,EISCI-GAS. Eijo Marcelo Alejandro. PRESUPUESTO Nº 31.BROMATOLOGIA Y ZOONOSIS.,000115,,1,N
2025,5349,5303,1,5491,66,2025-11-13 00:00:00,SUM,5219,2025,O,,,,FARJAT CARLOS. VENTA PAPA-CEBOLLA. CONSUMOS COCINA HOSPITAL Y HOGAR DE ANCIANOS DEL 01/09/25 AL 11/10/25.,000115,,1,N
2025,5355,5309,1,5489,158,2025-11-13 00:00:00,SUM,5220,2025,O,,,,FARMACIA SOTO - PRESUPUESTO Nº 921  MEDICAMENTOS DISPENSADOS DESDE EL 20/10/2025 HASTA 25/10/2025,000115,,1,N
2025,5437,5391,1,5600,2330,2025-11-27 00:00:00,SUM,5307,2025,O,,,,"CORRESPONDE PREVISION COMBUSTIBLES DEL SALADO S.A. VEHICULOS HSOPITAL: AA 775 QW, PAA 334,AB 038OI, AG 180 HE, AF 591 SU, AG 545GL, AC 548 KJ.",000115,,1,N
2025,5438,5392,1,5602,717,2025-11-27 00:00:00,SUM,5298,2025,O,,,,PROVEDURIA LA ILUSION. MARINA IRENE PINILLA. PRESPUESTO.COCINA HOSPITAL MUNICIPAL.,000115,,1,N
2025,5441,5395,1,5605,2209,2025-11-27 00:00:00,SUM,5330,2025,O,,,,"PRESUPUESTO 789, DURANTE JAVIER",000115,,1,N
2025,5442,5396,1,5609,2810,2025-11-27 00:00:00,SUM,5320,2025,O,,,," PROV. MERCERIA EL DEDAL ""Arriola Maria Teresa"". PRESU. N°0001-00000776/ N°0001-00000775- SEC. PRODUCCION- TALLER TEXTIL",000115,,1,N
2025,5473,5427,1,5632,1578,2025-12-02 00:00:00,SUM,5363,2025,O,,,,CORRESPONDE PRESUPUESTO N° 0001-000384 - FERRARO NOEMI LILIANA,000115,,1,N
2025,5474,5428,1,5633,2595,2025-12-02 00:00:00,SUM,5356,2025,O,,,,"PRESUPUESTO 7690, IVANPER",000115,,1,N
2025,5475,5429,1,5634,2595,2025-12-02 00:00:00,SUM,5357,2025,O,,,,"PRESUPUESTO 7701, IVANPER",000115,,1,N
2025,5476,5430,1,5635,2151,2025-12-02 00:00:00,SUM,5358,2025,O,,,,"PRESUPUESTO 1160, JAUREGUIBERRY HERNAN",000115,,1,N
2025,5477,5431,1,5636,2151,2025-12-02 00:00:00,SUM,5359,2025,O,,,,"PRESUPUESTO 1159/1161, JAUREGUIBERRY HERNAN",000115,,1,N
2025,5478,5432,1,5637,2151,2025-12-02 00:00:00,SUM,5361,2025,O,,,,"PRESUPUESTO 1161, JAUREGUIBERRY HERNAN",000115,,1,N
2026,56,56,1,23,1494,2026-01-06 00:00:00,SUM,56,2026,O,,,,PREVISION ANUAL- RODRIGUEZ MARIANO,000115,,1,N
2025,5552,5507,1,5716,1943,2025-12-15 00:00:00,SUM,5435,2025,O,,,,PRESUPUESTO 7217 REPUESTO PARA PLANTA DE OXIGENO Nº 3,000115,,1,N
2026,84,84,1,88,216,2026-01-08 00:00:00,SUM,126,2026,O,,,,FAE- PRESUPUESTO N° 3397707,000115,,1,N
2026,86,87,1,89,2538,2026-01-08 00:00:00,SUM,129,2026,O,,,,RICOTTI FRANCO- PRESUPUESTO S/N° 10/12/25 MOVIL DOMINIO: JQS879,000115,,1,N
2026,89,89,1,90,2538,2026-01-08 00:00:00,SUM,133,2026,O,,,,RICOTTI FRANCO- PRESUPUESTO S/N° (MOVIL 5 ),000115,,1,N
2026,92,92,1,95,2627,2026-01-08 00:00:00,SUM,136,2026,O,,,,SANTA PAULA- PRESUPUESTO N° 0001-00002161 (COCINA) DESDE EL 23/11/25 AL 30/11/2025,000115,,1,N
2026,111,111,1,110,2843,2026-01-09 00:00:00,SUM,118,2026,O,,,,"Presupuesto N° 6926951-Fruteria EL NEGRIN de Rost Tamara-Para Programa ""ESFUERZO SOLIDARIO""",000115,,1,N
2026,112,112,1,111,1530,2026-01-09 00:00:00,SUM,164,2026,O,,,,"PRESUPUESTO 29001070, TOMAS ELORRIAGA E HIJOS",000115,,1,N
2026,113,114,1,112,413,2026-01-09 00:00:00,SUM,131,2026,O,,,,"PROV.AGUSTIN PASO , PRESUP.3995,3988,3987,3986,3981,3978,3974,3973,3971,3967,3694,3692,3958,3957,3954,3684,3953,3947,3950,3951,PARCHE Y REPARACIONES PARA VEHICULOS Y MAQUINAS:CII58,EFJ13,OOI617,DMI232,LED013,CII59, VOLVO G710,BMV14,AF947IJ,LFN114,PJY978,INI856",000115,,1,N
2026,115,115,1,113,2595,2026-01-09 00:00:00,SUM,154,2026,O,,,,"PROV.IVAN PERICO PRESUP.7887 REPEUSTOS PARA FORD 14000 DMI 232,PALA SDLG936 CII58",000115,,1,N
2025,3178,3176,1,3318,428,2025-06-09 00:00:00,SUM,3118,2025,O,,,,PRESUPUESTO N°1637 - YOLDI CARLOS AGUSTIN. MATERIALES PARA TRABAJOS EN EL ESTADIO MUNICIPAL FRANCISCO ALCUAZ,000115,,1,N
2025,3181,3179,1,3252,300,2025-06-09 00:00:00,SUM,3129,2025,O,,,,"PRESUPUESTO N°5501 - PINTURERIA - FERRETERIA ""TODO COLOR"". FEDERICO SOLARI COLOCABION DE BARANDA EN ESTADIO MUNICIPAL FRANCISCO ALCUAZ",000115,,1,N
2025,3183,3181,1,3313,850,2025-06-09 00:00:00,SUM,3146,2025,O,,,,UNO ELECTROMEDICINA- PRESUPUESTO N° 00003-00012793 LABORATORIO DE ANALISIS,000115,,1,N
2025,3188,3185,1,3314,3356,2025-06-09 00:00:00,SUM,3144,2025,O,,,,JORGE PEREZ- PRESUPUESTO N° 282160/282161/282162   HOSPITAL Y HOGAR DE ANCIANOS,000115,,1,N
2025,3191,3187,1,3300,2627,2025-06-09 00:00:00,SUM,3121,2025,O,,,,SANTA PAULA - PRESUPUESTO N° 1-2071 (COCINA HOSPITAL),000115,,1,N
2025,3192,3190,1,3301,1078,2025-06-09 00:00:00,SUM,3119,2025,O,,,,OPAZO DANIEL - PRESUPUESTO S/N FECHA 2/6/25 (PEDIATRIA),000115,,1,N
2025,3195,3192,1,3302,717,2025-06-09 00:00:00,SUM,3117,2025,O,,,,PROVEDURIA LA ILUSION - PRESUPUESTO N° 36338 (COCINA HOSPITAL),000115,,1,N
2025,3197,3194,1,3303,612,2025-06-09 00:00:00,SUM,3116,2025,O,,,,"MARZULLO COMPUTACION - PRESUPUESTO N° 1-1265 Y 1-1267 ( DIRECCION, SUMAR, ONCOLOGIA, LABORATORIO INT, ESTADISTICA)",000115,,1,N
2025,3198,3195,1,3304,2958,2025-06-09 00:00:00,SUM,3114,2025,O,,,,AVICOLA DEL TUYU - PRESUPUESTO N° 8-2593 Y 8-3257 (COCINA HOSPITAL),000115,,1,N
2025,4186,4153,1,4314,2951,2025-08-08 00:00:00,PRESU,0,2025,O,,,,"PROV.SOLUCIONES DE MOVILIDAD  PRESUP.08/08/2025 REPUESTOS PARA FOTON AF701CV,AF691SL, AF591SM",000000,,1,N
2025,4187,4154,1,4315,2521,2025-08-08 00:00:00,PRESU,2475,2025,O,,,,PROV. PROTO SRL PRESUP.2475 CUCHILLAS PARA MOTONIVELADORA NEW HOLLAND CII58 Y VOLVO G710,000000,,1,N
2025,4188,4155,1,4325,879,2025-08-08 00:00:00,SUM,3421,2025,O,,,,Exp.:1485/25 Ref. Acta de Entrega y de Constatación de Inmueble - Juzgado de Paz Letrado Gral. Madariaga - Prov.:Casa Harisgarat - Presup.:01162,000115,,1,N
2025,4190,4157,1,4328,3439,2025-08-08 00:00:00,SUM,4144,2025,O,,,,"Expte N° 1813/25 Renovación de contrato. Sra. López, María Manuela. Acompañante terapeutico. No cumple con el Art. 45 de la Ley 14.656",000115,,1,N
2025,4191,4158,1,4326,3514,2025-08-08 00:00:00,SUM,4145,2025,O,,,,"Expte N° 1834/2025 Renovación de Contrato: Sra. Suarez Acevedo, Sheila Psicóloga en el Servicio Local. No cumple con el Art. 45 de la Ley 14.656",000115,,1,N
2025,4195,4163,1,4304,68,2025-08-11 00:00:00,SUM,4110,2025,O,,,,Atmorferico La Primera (COM ),000115,,1,N
2025,4200,4168,1,4362,3322,2025-08-11 00:00:00,SUM,4138,2025,O,,,,PINAMAR HIGIENE INSTTUCIONAL SRL- PRESUPUESTO N° 0016-00001915 (HOGAR DE ANCIANOS),000115,,1,N
2025,4203,4171,1,4359,850,2025-08-11 00:00:00,SUM,4142,2025,O,,,,UNO ELECTROMEDICINA- PRESUPUESTO N° 00003-00013366 (LABORATORIO),000115,,1,N
2025,4205,4173,1,4355,2595,2025-08-11 00:00:00,SUM,4125,2025,O,,,,"Ivanper ,presupuesto 00007115",000115,,1,N
2025,4206,4174,1,4352,71,2025-08-11 00:00:00,SUM,4093,2025,O,,,,PROV.RAUL IRIARTE PRESUP.14884 PARA ARREGLO DE VEHICULOS EN TALLER DEL CORRALON,000115,,1,N
2025,4209,4177,1,4311,3322,2025-08-11 00:00:00,SUM,4106,2025,O,,,,PINAMAR HIGIENE INSTITUCIONAL SRL- PRESUPUESTO N° 0016-00001909 (LAVADERO),000115,,1,N
2025,4211,4179,1,4307,2675,2025-08-11 00:00:00,SUM,4114,2025,O,,,,"Repuestos LC, presupuesto 0590 (AF747PM)",000115,,1,N
2025,4213,4181,1,4347,2403,2025-08-11 00:00:00,SUM,4085,2025,O,,,,PROV. BIGORITO LEONARDO PRESP-0029 REPARACION DE CAÑOS FORD 14000 DMI232,000115,,1,N
2025,4214,4182,1,4343,3445,2025-08-11 00:00:00,SUM,4092,2025,O,,,,"PRESUPUESTO 000, MORALES ALEJANDRO,EXPTE. 1649/25",000115,,1,N
2025,4215,4183,1,4339,3322,2025-08-11 00:00:00,SUM,4089,2025,O,,,,PINAMAR HIGIENE INSTITUCIONAL SRL- PRESUPUESTO N° 0016-00001893/1904/1905 (HOSPITAL Y HOGAR DE ANCIANOS),000115,,1,N
2025,4216,4184,1,4336,71,2025-08-11 00:00:00,SUM,4108,2025,O,,,,"PROVEEDURIA CAMPO Y CIUDAD. RAUL A IRIARTE. PRESUPUESTOS Nº 14875,15623. MOVIL 6 JQS 879, QUIROFANO.",000115,,1,N
2025,4219,4187,1,4333,167,2025-08-11 00:00:00,SUM,4104,2025,O,,,,TODO POLLO- PRESUPUESTO N° 22 (HOGAR DE ANCIANOS),000115,,1,N
2025,4222,4190,1,4324,866,2025-08-11 00:00:00,SUM,4041,2025,O,,,,PILOÑA- PRESUPUESTO N° 0004-00186664 (FARMACIA),000115,,1,N
2025,4223,4191,1,4321,2627,2025-08-11 00:00:00,SUM,3994,2025,O,,,,SANTA PAULA - PRESUPUESTO N° 1-2091 Y 1-2092 (COCINA Y HOGAR HOSPITAL),000115,,1,N
2025,4224,4192,1,4318,2209,2025-08-11 00:00:00,SUM,3997,2025,O,,,,"DURANTE JAVIER - PRESUPUESTO N° 1-726 (COCINA, SECRETARIA SALUD HOSPITAL)",000115,,1,N
2025,4709,4673,1,4837,441,2025-09-16 00:00:00,PRESU,3767,2025,O,,,,PRESUPUESTO N°03767 / 3768 - ALPA MADARIAGA - MATERIALES DESCARTABLES PARA CANTINA EN EL MARCO DE TORNEOS BONAERNESES,000000,,1,N
2025,4710,4674,1,4557,3482,2025-09-16 00:00:00,PRESU,0,2025,O,,,,PROV. MARC ALICIA BEATRIZ . PRESU. 26/08/2025- SEC. PRODUCCION- SALA DE ELABORACION,000000,,1,N
2025,4711,4675,1,4839,2869,2025-09-16 00:00:00,PRESU,886,2025,O,,,,MADA POY S.A-  PRESUPUESTO N° 0001-00000886/888 (HOSPITAL Y HOGAR DE ANCIANOS),000000,,1,N
2025,4712,4676,1,4844,1876,2025-09-16 00:00:00,PRESU,154457,2025,O,,,,MAX CONTINENTAL- PRESUPUESTO N° 0001-00154457 (FARMACIA),000000,,1,N
2025,4713,4677,1,4845,3297,2025-09-16 00:00:00,PRESU,84,2025,O,,,,"Frenos Madariaga, presupuesto 84 (AF354SU-AF173LP-AF496MN-AD283EL)",000000,,1,N
2025,4715,4680,1,4846,688,2025-09-16 00:00:00,PRESU,83,2025,A,2025-09-17 00:00:00,ADMINI,,"Frenos Madariaga, presupuesto 83 (AE704AX-NUF386-KYV375)",000000,,1,N
2025,4717,4681,1,4836,300,2025-09-16 00:00:00,PRESU,5541,2025,O,,,,"PRESUPUESTO N°5541 - PINTURERIA - FERRETERIA ""TODO COLOR"" -  MATERIALES PARA TRABAJOS EN EL POLIDEPORTIVO MUNICIPAL",000000,,1,N
2025,4719,4683,1,4851,3075,2025-09-16 00:00:00,SUM,4642,2025,O,,,,"Correa Lorente Juan Martín,presupuesto 0001-00000048",000115,,1,N
2025,4720,4684,1,4858,1259,2025-09-17 00:00:00,SUM,4644,2025,O,,,,Expte 2832/25 Expo Rural .Proveedor  00029117 Suc. Dannunzio Jorge.,000115,,1,N
2025,4721,4685,1,4859,3483,2025-09-17 00:00:00,SUM,4646,2025,O,,,, Expte 2832/25 Expo Rural .Proveedorv Garay Juanto Franco Alberto,000115,,1,N
2025,4722,4686,1,4846,3297,2025-09-17 00:00:00,PRESU,83,2025,O,,,,"Frenos Madariaga, presupuesto 83 (AE704AX-NUF386-KYV375)",000000,,1,N
2025,4723,4687,1,4852,688,2025-09-17 00:00:00,PRESU,6795,2025,O,,,,PRESUPUESTO N°6795 - 6794 / BATERIAS LA PRIMERA,000000,,1,N
2025,4724,4688,1,4853,879,2025-09-17 00:00:00,SUM,4633,2025,O,,,,"PROV. CASA HARISGARAT PRESUP.1231,1240,1228,1234 PARA REPARACION  BOCA DE TORMENTA RIVADAVIA Y ZOOPI, DR.CARLOS MADARIAGA,ILLIA Y PELEGRINI, JUEGOS DE ESPACION PUBLICOS",000115,,1,N
2025,4725,4689,1,4856,41,2025-09-17 00:00:00,SUM,4640,2025,O,,,,"PRESUPUESTO 000,CALANDRON SAMUEL",000115,,1,N
2025,4727,4691,1,4855,3336,2025-09-17 00:00:00,PRESU,3336,2025,O,,,,ROCIO ALEJANDRA MORALES   PROVEEDOR 3336    MICRO LAN 557,000000,,1,N
2025,4729,4693,1,4871,3322,2025-09-17 00:00:00,SUM,4647,2025,O,,,,PINAMARA HIGIENE INSTITUCIONAL SRL. PRESUPUESTO Nº 0004-00001282.LAVADERO.. MANTENIMIENTO DE 3 LAVADORAS Y UNA SECADORA.,000115,,1,N
2025,4730,4694,1,4868,879,2025-09-17 00:00:00,SUM,4614,2025,O,,,,"PRESUPUESTO N° X 0001-00001221 de Tatano Harisgarat S.R.L. de ""CASA HARISGARAT"" Para uso de la cuadrilla de Desarrollo Social",000115,,1,N
2025,4732,4696,1,4874,2209,2025-09-17 00:00:00,SUM,4621,2025,O,,,,"JAVIER DURANTE, N° 0001-00000755.JORNADA COLOSTOMIA.",000115,,1,N
2025,4733,4697,1,4872,3322,2025-09-17 00:00:00,SUM,4627,2025,O,,,,"PINAMAR HIGIENE INSTITUCIONAL SRL, N° PRESUP 0016-00001981",000115,,1,N
2025,4734,4698,1,4873,2209,2025-09-18 00:00:00,SUM,4622,2025,O,,,,"JAVIER DURANTE, N° PRESUP 0001-00000754.COCINA HOGAR DE ANCIANOS.",000115,,1,N
2025,4735,4699,1,4875,164,2025-09-18 00:00:00,SUM,4636,2025,O,,,,"PRESUPUESTO 210, CORREA JOSE OSCAR",000115,,1,N
2025,4747,4711,1,4878,300,2025-09-18 00:00:00,SUM,4604,2025,O,,,,"PINTURERIA Y FERRETERIA ""TODO COLOR"" N° PRESUP 00005902, INTERNACION PEDIATRIA",000115,,1,N
2025,4749,4713,1,4879,3322,2025-09-18 00:00:00,SUM,4605,2025,O,,,,PINAMAR HIGIENE INSTITUCIONAL SRL- PRESUPUESTO N° 1983 (COCINA),000115,,1,N
2025,4750,4714,1,4880,285,2025-09-18 00:00:00,SUM,4595,2025,O,,,,RADIOGRAFICAOESTE- PRESUPUESTO N° 100050729 (LABORATORIO DE ANALISIS),000115,,1,N
2025,4751,4715,1,4881,850,2025-09-18 00:00:00,SUM,4600,2025,O,,,,UNO ELECTROMEDICINA - PRESUPUESTO N° 00003-00013699 (LABORATORIO DE ANALISIS),000115,,1,N
2025,4779,4742,1,4902,1514,2025-09-23 00:00:00,SUM,4651,2025,O,,,,PROV. CASA ELICEIRY GASOIL PARA MAQUINAS Y VEHICULOS DE ESTA SECRETARIA,000115,,1,N
2025,4780,4743,1,4904,17,2025-09-23 00:00:00,SUM,4666,2025,O,,,,PROV.LUIS LOMBARDIA PRESUP.0145 REPUESTOS E ISUMOS PARA  MAQUINAS CORTA PASTO MOTOSIERRA MOTOGUADAÑA,000115,,1,N
2025,4781,4744,1,4905,17,2025-09-23 00:00:00,SUM,4667,2025,O,,,,PROV.LUIS LOMBARIDA PRESUP.0143 REPUSTOS PARA MAQUINAS CORTA PASTO,000115,,1,N
2025,4782,4745,1,4906,826,2025-09-23 00:00:00,SUM,4676,2025,O,,,,PROV. DUENDE AZUL  PRESUP.2638 COMISION A LA PLATA POR REPUESTOS,000115,,1,N
2025,4399,4367,1,4519,2869,2025-08-22 00:00:00,SUM,4293,2025,O,,,,"MADA POY S.A N° PRES. 0001-00000870, HOSPITAL",000115,,1,N
2025,4400,4368,1,4515,2958,2025-08-22 00:00:00,SUM,4289,2025,O,,,,"AVICOLA DEL TUYU , N° PRES. 0008-00003762, HOSPITAL",000115,,1,N
2026,738,740,1,776,1514,2026-02-19 00:00:00,SUM,747,2026,O,,,,PROV.CASA ELICEIRY GAS OIL PARA MAQUINAS DE PREDIO DE DISPOSICION FINAL DE RESIDUOS RUTA 11 KM 405.5,000115,,1,N
2025,3368,3361,1,3476,2450,2025-06-18 00:00:00,SUM,3313,2025,O,,,,LA FRUTERIA LABATUT MARCELO - PRESUPUESTO S/N FECHA 25/5/25 (HOGAR Y COCINA HOSPITAL),000115,,1,N
2025,3370,3363,1,3477,158,2025-06-18 00:00:00,SUM,3288,2025,O,,,,FARMACIA SOTO - PRESUPUESTO N° 1-896 (RECETAS DISPENSADAS DESDE 2/6/25 AL 7/6/25),000115,,1,N
2025,3376,3369,1,3499,2613,2025-06-18 00:00:00,SUM,3285,2025,O,,,,PRESUPUESTO N°8051 - MATAFUEGO RUTA 11 /  RECARGA DE MATAFUEGOS TANTO EN VEHICULOS COMO EN SECRETARIA Y POLIDEPORTIVO MUNICIPAL,000115,,1,N
2025,3378,3371,1,3495,57,2025-06-18 00:00:00,SUM,3291,2025,O,,,,IMPRENTA EL ARGENTINO - PRESUPUESTO N° 517,000115,,1,N
2025,3380,3374,1,3490,169,2025-06-18 00:00:00,SUM,3310,2025,O,,,,"PRESUPUESTOS N° 000926/930/931 de Lucas Hernán Terranova de ""Terranovaquímica"" Para la Casita de Chocolate",000115,,1,N
2025,3394,3386,1,3484,1629,2025-06-18 00:00:00,SUM,3304,2025,O,,,,"PRESUPUESTO  de ""EXTRAGAS""",000115,,1,N
2025,3395,3388,1,3479,1259,2025-06-18 00:00:00,SUM,3317,2025,O,,,,"Electro Dannunzio, presupuesto 28464 (para playon del area )",000115,,1,N
2025,5044,5010,1,5193,612,2025-10-20 00:00:00,SUM,4929,2025,O,,,,"Marzullo Computacion, presupuesto 01291 (COM)",000115,,1,N
2025,5047,5013,1,5194,313,2025-10-20 00:00:00,SUM,4944,2025,O,,,,PROV. ATREUCO PUEL COMBUSTIBLE PARA MAQUINAS Y VEHICULOS DE ESTA SECRETARIA,000115,,1,N
2025,5052,5017,1,5195,3262,2025-10-20 00:00:00,SUM,4941,2025,O,,,,PROV. FGC FUELS MARKET GAS OIL PARA MAQUINAS DE PREDIO DISPOSICION FINAL RUTA 11 KM  405.5,000115,,1,N
2025,5054,5019,1,5197,717,2025-10-20 00:00:00,SUM,4931,2025,A,2025-10-28 00:00:00,ERROR,,PROVEEDURIA LA ILUSION- PRESUPUESTO N° 21406 (COCINA) DESDE EL 13/10 AL 27/10/2025,000115,,1,N
2026,639,641,1,696,2674,2026-02-13 00:00:00,SUM,719,2026,O,,,,Expte 129/26 Edición de Rally pagos del Tuyo 2026.Sodor Pablo,000029,,1,N
2026,640,642,1,674,3177,2026-02-13 00:00:00,SUM,643,2026,A,2026-02-26 00:00:00,ADMINI,,GUSTAVO ADOLFO FARIAS,000010,,1,N
2025,3019,2735,1,2448,1943,2025-05-27 00:00:00,EXPED,1254,2025,O,,,,Corresponde Concurso de Precios /25 - MOTOR COMPRESOR PLANTA DE OXIGENO,000010,,1,N
2025,3025,3025,1,3130,2470,2025-05-28 00:00:00,SUM,2983,2025,O,,,,PROV. LS-PROTEC SRL  GUANTES PARA PERSONAL DE ESTA SECRETARIA,000115,,1,N
2025,3039,3039,1,3151,3491,2025-05-28 00:00:00,SUM,3025,2025,O,,,,Prov. F.G. Iluminacion SAS  - Presup. 0201149,000115,,1,N
2025,3351,3344,1,3463,826,2025-06-17 00:00:00,RESOL,3279,2025,O,,,,PROV.DUENDE AZUL PRESUP.2634 COMISION A LA PLATA POR REPUESTOS PARA MERCEDES BENZ 1114 UYW682,000010,,1,N
2025,3353,3345,1,3464,3287,2025-06-17 00:00:00,SUM,3087,2025,O,,,,"Hispanograf, presupuesto 1775 (Inspeccion- numeros para obleas de remis. vinilo de corte con posicionador)",000115,,1,N
2025,3354,3347,1,3465,3165,2025-06-17 00:00:00,SUM,3259,2025,O,,,,VELIBO SUPPLIES - PRESUPUESTO N° 1-7946 (FARMACIA HOSPITAL),000115,,1,N
2025,3359,3352,1,3466,527,2025-06-17 00:00:00,SUM,3258,2025,O,,,,SERVIMED - PRESUPUESTO N° 7900/25 (TERAPIA),000115,,1,N
2025,3362,3355,1,3467,3332,2025-06-17 00:00:00,SUM,3284,2025,O,,,,PROV. ANA PAOLA RODRIGUEZ PRESUP.0107 ALAMBRE PARA SOLDAR,000115,,1,N
2025,3365,3358,1,3473,850,2025-06-17 00:00:00,SUM,3260,2025,O,,,,UNO ELECTROMEDICINA - PRESUPUESTO N° 3-12866 (LABORATORIO HOSPITAL),000115,,1,N
2025,3456,1951,1,2040,840,2025-06-24 00:00:00,EXPED,600,2025,O,,,,EXPT.600/2025 COMPRA DE ROPA PARA PERSONAL DE ESTA SECRETARIA,CTACTE,,1,N
2025,3458,1951,1,2040,3342,2025-06-24 00:00:00,EXPED,600,2025,O,,,,EXPT.600/2025 COMPRA DE ROPA PARA PERSONAL DE ESTA SECRETARIA,CTACTE,,1,N
2025,3460,1951,1,2040,3422,2025-06-24 00:00:00,EXPED,600,2025,O,,,,EXPT.600/2025 COMPRA DE ROPA PARA PERSONAL DE ESTA SECRETARIA,CTACTE,,1,N
2025,3473,3462,1,3575,1440,2025-06-24 00:00:00,ORDCO,3386,2025,O,,,,"QUALIMED - PRESUPUESTO N° 65-2025, 66-2025",000115,,1,N
2025,3474,3463,1,3576,527,2025-06-24 00:00:00,SUM,3387,2025,O,,,,SERVIMED - PRESUPUESTO N° 1761/25 (PEDIATRIA),000115,,1,N
2025,3827,3796,1,3952,1921,2025-07-15 00:00:00,SUM,3804,2025,O,,,,Corresponde presupuesto Medina Carlos Alberto,000115,,1,N
2025,3828,3797,1,3940,1685,2025-07-15 00:00:00,SUM,3793,2025,A,2025-07-15 00:00:00,ERROR,,PROV.TISERA SANITARIOS  POTATILES ALQUILER DE BAÑO QUIMICO PARA LAGUNA EL CARBON POR 6 MESES DE JULIO A DICEMBRE,000115,,1,N
2025,3906,3875,1,4037,2259,2025-07-18 00:00:00,SUM,3842,2025,O,,,,"CORRESPONDE PRESUPUESTO ISABEL BONOMI - EXPTE N° 1444 ""TERCERA  RONDA DE PROMOCION""",000115,,1,N
2025,3907,3876,1,4032,2843,2025-07-18 00:00:00,SUM,3821,2025,O,,,,"PRESUPUESTO N° X 7848545 de Rost, Tamara de ""Frutería Negrin"" Plan Alimentario 2025",000115,,1,N
2025,3913,3883,1,4018,441,2025-07-18 00:00:00,SUM,3719,2025,O,,,,"PAPELERA ALPA - PRESUPUESTO N° 2-3691, 2-3695 Y 2-3697 (KINESIOLOGIA, COCINA, RECURSOS HUMANOS Y GUARDIA HOSPITAL)",000115,,1,N
2025,3121,3121,1,3222,3296,2025-06-02 00:00:00,SUM,2998,2025,O,,,,Exp.:329/25 Sol. Mejoras p/ Estadio Municipal - Prov.:Pintureria Concepto - Presup.:2257;2265,000115,,1,N
2025,3122,3122,1,3223,1890,2025-06-02 00:00:00,SUM,2990,2025,O,,,,Exp.:343/23 - Vereda Calle 33 - (EP 20 - Sec.Nº4- Jardin 902) - Prov.:Ciardi Hnos - Presup.:0326308,000115,,1,N
2025,3123,3123,1,3224,335,2025-06-02 00:00:00,SUM,3058,2025,O,,,,"PRESUPUESTO de María Cristina Uthurburu de ""Casa Meoqui"" Sra. Garcia, Elsa René fallecida 25/05/2025 DNI 10.836.701",000115,,1,N
2025,3124,3124,1,3225,167,2025-06-02 00:00:00,SUM,3026,2025,O,,,,Presupuesto N°  00000087 de TODO POLLO de Gonzalo A. Bustamante.Para Programa ESFUERZO SOLIDARIO.,000115,,1,N
2025,3217,3211,1,3349,3508,2025-06-09 00:00:00,PRESU,0,2025,O,,,,PABLO DANIEL FONTANA      LO LUMVRISE        ESPECTACULO CASA DE LA CULTURA 28/06,000000,,1,N
2025,3234,3228,1,2590,441,2025-06-10 00:00:00,PRESU,3610,2025,O,,,,PAPELERA ALPA - PRESUPUESTO N° 2-3610,000000,,1,N
2025,3249,3243,1,3357,2680,2025-06-10 00:00:00,PRESU,0,2025,O,,,,PREVISION SIN N° - ALEJANDRO EIJO,000000,,1,N
2025,3254,3248,1,2630,149,2025-06-10 00:00:00,PRESU,0,2025,O,,,,Chiaramello Marcos Antonio Expte1185/2025,000000,,1,N
2025,3257,3251,1,3362,2087,2025-06-10 00:00:00,PRESU,0,2025,O,,,,"PRESUPUESTO 000, ROJAS CAROLINA",000000,,1,N
2025,3258,3253,1,3409,2753,2025-06-11 00:00:00,PRESU,0,2025,O,,,, PROV. CARNERO ECHEGARAY JOSE OCTAVIO . PRESU. 11/06/2025- SEC. PRODUCCION- RAICES,000000,,1,N
2025,3282,3276,1,3372,300,2025-06-12 00:00:00,SUM,3190,2025,O,,,,"TODO COLOR, Silvia Beatriz Maistegui, N° PRESUPUESTO 00005249, HOSPITAL",000115,,1,N
2025,3293,3281,1,3413,68,2025-06-12 00:00:00,SUM,3245,2025,A,2025-06-12 00:00:00,ERROR,,"PRESUPUESTO N° X 7848538 de Tamara Rost de ""Frutería y Verdulería Negrín"" Plan  ALimentario 2025",000115,,2,N
2025,3297,3281,1,3413,68,2025-06-12 00:00:00,SUM,3245,2025,A,2025-06-12 00:00:00,ERROR,,"PRESUPUESTO N° X 7848538 de Tamara Rost de ""Frutería y Verdulería Negrín"" Plan  ALimentario 2025",000115,,2,N
2025,3299,3293,1,3374,441,2025-06-12 00:00:00,SUM,3207,2025,O,,,,"PRESUPUESTO N° X 0002-00003597/00003643 de Matienzo, Paola Amelia de ""Alpa Madariaga"" Para personal de equipos municipales y casita de chocolate",000115,,1,N
2025,3301,3295,1,3373,1440,2025-06-12 00:00:00,SUM,3191,2025,O,,,,"QUALIMED, N° PRESUPUESTO 63-2025, HOSPITAL",000115,,1,N
2025,3302,3296,1,3371,441,2025-06-12 00:00:00,SUM,3159,2025,O,,,,"PAPELERA ALPA - PRESUPUESTO N° 2-3659 Y 2-3661 (COCINA, SAMO, ONCOLOGIA)",000115,,1,N
2025,3303,3297,1,3365,850,2025-06-12 00:00:00,SUM,3195,2025,O,,,,UNO ELECTROMEDICINA - PRESUPUESTO N° 3-12818 (LABORATORIO HOSPITAL),000115,,1,N
2025,3305,3299,1,3370,57,2025-06-12 00:00:00,SUM,3160,2025,O,,,,IMPRENTA EL ARGENTINO - PRESUPUESTO N° 514,000115,,1,N
2025,3306,3300,1,3369,2209,2025-06-12 00:00:00,SUM,3161,2025,O,,,,DURANTE JAVIER- PRESUPUESTO N° 0001-00000704 (HEMOTERAPIA ),000115,,1,N
2025,3307,3301,1,3368,3390,2025-06-12 00:00:00,SUM,3192,2025,O,,,,"ALTA MORENA - PRESUPUESTO N° 1-39 (COCINA HOSPITAL, HOGAR HOSPITAL)",000115,,1,N
2025,3308,3302,1,3364,2208,2025-06-12 00:00:00,SUM,3224,2025,O,,,,"PRESUPUESTO 382, MARTIN LOMBARDI",000115,,1,N
2025,3309,3281,1,3413,68,2025-06-12 00:00:00,SUM,3245,2025,A,2025-06-13 00:00:00,ERROR,,"PRESUPUESTO N° X 7848538 de Tamara Rost de ""Frutería y Verdulería Negrín"" Plan  ALimentario 2025",000115,,2,N
2025,3546,3535,1,3658,71,2025-07-01 00:00:00,SUM,3460,2025,O,,,,PROV.RAUL IRIARTE PRESUP.14856 ARTICULOS DE FERRETERIA PARA COLOCACION DE CARLTES BARRIO ARGENTNO LUNA,000115,,1,N
2025,3548,3537,1,3661,71,2025-07-01 00:00:00,SUM,3465,2025,O,,,,PROV.RAUL IRIARTE PRESUP.14853 ARTICULOS DE FERRETERIA PARA CORRALON MUNICIPAL,000115,,1,N
2025,3551,3540,1,3664,71,2025-07-01 00:00:00,SUM,3469,2025,O,,,,PROV.RAUL IRIARTE PRESUP.14854  HERRAMIENTAS DE TRABAJO ARTICULOS PARA  INSTALACION DE LUMINARIAS CALLE RIVADAVIA,000115,,1,N
2025,3613,3598,1,3733,3396,2025-07-03 00:00:00,SUM,3612,2025,O,,,,Corresponde presupuesto Copy-Cap,000115,,1,N
2025,3614,3599,1,3731,3246,2025-07-03 00:00:00,SUM,3497,2025,O,,,,MUNDIAL 2022- PRESUPUESTO S/N° MEDICAMENTOS DISPENSADOS DESDE EL 11/06/2025 AL 25/06/2025,000115,,1,N
2025,3617,3602,1,3713,17,2025-07-03 00:00:00,SUM,3518,2025,O,,,,MOTOMAQUINARIAS LUIS - PRESUPUESTO N° 134 (EL REFUGIO- BROMATOLOGIA),000115,,1,N
2025,3618,3603,1,3714,2627,2025-07-03 00:00:00,SUM,3496,2025,O,,,,SANTA PAULA - PRESUPUESTO N° 1-2080 (HOGAR ANCIANOS HOSPITAL),000115,,1,N
2025,3620,3605,1,3715,2958,2025-07-03 00:00:00,SUM,3499,2025,O,,,,AVICOLA DEL TUYU - PRESUPUESTO N° 8-2556 (COCINA HOSPITAL)1,000115,,1,N
2025,3621,3606,1,3716,441,2025-07-03 00:00:00,SUM,3501,2025,O,,,,ALPA MADARIAGA - PRESUPUESTO N° 2-3683 (COCINA HOSPITAL),000115,,1,N
2025,3622,3607,1,3717,1259,2025-07-03 00:00:00,SUM,3504,2025,O,,,,ELECTRO DANNUNZIO - PRESUPUESTO N° 28512 (INFORMATICA HOSPITAL),000115,,1,N
2025,3627,3612,1,3742,454,2025-07-03 00:00:00,SUM,3625,2025,O,,,,Radiadores Bustamante- diferencia de IVA por la compra de 5 radiadores correspondiente a la  OC 3576,000115,,1,N
2025,3995,3964,1,4108,90,2025-07-24 00:00:00,SUM,3882,2025,O,,,,"PRESUPUESTO N° 00000026 ""TODO COLOR"" de Marcelo Lococo",000115,,1,N
2025,3996,3965,1,4107,492,2025-07-24 00:00:00,SUM,3873,2025,O,,,,MAXIMO PINASCO- PRESUPUESTO N° 1000373470 DOMINIO: AF591SU,000115,,1,N
2025,4140,4107,1,4260,2869,2025-08-06 00:00:00,SUM,4117,2025,O,,,, Mada -Poy .Expte. 2343/2025 Visita Unión Industrial Argentina,000115,,1,N
2025,4142,4109,1,4259,717,2025-08-06 00:00:00,SUM,4118,2025,O,,,,Pinilla Expte 2343/2025 Visita  Unión  Industrial Argentina,000115,,1,N
2025,4143,4110,1,4258,2259,2025-08-06 00:00:00,SUM,4119,2025,O,,,,Bonomi  Isabel Expte 2343/2025 Visita  Unión  Industrial Argentina,000115,,1,N
2025,5162,5127,1,5332,2701,2025-10-29 00:00:00,SUM,4787,2025,O,,,,PRESUPUIESTO N° 0010 - ALUCOR / REPARACION Y COLOCACION DE VIDRIO EN VENTANA EN OFICINA DE DEPORTES,000115,,1,N
2025,4870,4835,1,5033,2627,2025-10-02 00:00:00,SUM,4770,2025,O,,,,SANTA PAULA- PRESUPUESTO N° 0001-00002116/2120 (HOSPITAL Y HOGAR DE ANCIANOS),000115,,1,N
2025,4872,4837,1,5034,3246,2025-10-02 00:00:00,SUM,4768,2025,O,,,,MUNDIAL 2022- PRESUPUESTO S/N°  MEDICAMENTOS DISPENSADOS DESDE EL 1/09/2025 HASTA EL 22/09/2025,000115,,1,N
2025,4875,4840,1,5036,2521,2025-10-02 00:00:00,SUM,4771,2025,O,,,,"PRESUPUESTO 2539, PROTO SRL",000115,,1,N
2025,4876,4841,1,5037,3299,2025-10-02 00:00:00,SUM,4769,2025,O,,,,"PRESUPUESTO 075, BERON BRAULIO",000115,,1,N
2025,4882,4846,1,5039,717,2025-10-02 00:00:00,SUM,4732,2025,O,,,,PROVEDURIA LA ILUSION - PRESUPUESTO N° 21402 Y 21405 (COCINA Y HEMOTERAPIA),000115,,1,N
2025,4885,4850,1,5041,3287,2025-10-02 00:00:00,SUM,4767,2025,O,,,,PROV. HISPANOGRAF- Piedra Hugo . PRESU. N°1839- SEC. PRODUCCION-,000115,,1,N
2025,4888,4853,1,5017,57,2025-10-02 00:00:00,SUM,4737,2025,O,,,,IMPRENTA EL ARGENTINO - PRESUPUESTO N° 536,000115,,1,N
2025,4889,4854,1,5016,2869,2025-10-02 00:00:00,SUM,4739,2025,O,,,,MADA POY - PRESUPUESTO N° 1-891 (COCINA),000115,,1,N
2025,4890,4855,1,5040,17,2025-10-02 00:00:00,SUM,4670,2025,O,,,,PROV. LUIS LOMBARDIA PRESUP.0142 REPUESTOS  E INSUMOS PARA MAQUINAS CORTA PASTO  MOTOSIERRAS MOTOGUADAÑA  MOTOR PARA TRACTOR HUSQVANA Z254,000115,,1,N
2025,4891,4856,1,5042,167,2025-10-02 00:00:00,SUM,4734,2025,O,,,,TODO POLLO - PRESUPUESTO N° 36 Y 37 (COCINA Y HOGAR HOSPITAL),000115,,1,N
2025,4892,4857,1,5018,1098,2025-10-02 00:00:00,SUM,4776,2025,O,,,,"PRESUPUESTO de ""CARRERA M. VALENTIN"" Diabéticos septiembre 2025",000115,,1,N
2025,4893,4858,1,5015,2208,2025-10-02 00:00:00,SUM,4766,2025,O,,,,"Lombardi Martín, presupuesto N° 390",000115,,1,N
2025,4894,4859,1,5014,2843,2025-10-02 00:00:00,SUM,4784,2025,O,,,,"PRESUPUESTO N° X 6976053 de ROST, TAMARA de ""Frutería Negrin"" Esfuerzo solidario 2025",000115,,1,N
2025,4900,4865,1,5049,1440,2025-10-02 00:00:00,SUM,4788,2025,O,,,,QUALIMED- PRESUPUESTO N° 74 (FARMACIA),000115,,1,N
2025,4901,4866,1,5050,3322,2025-10-02 00:00:00,SUM,4790,2025,O,,,,PINAMAR HIGIENE INSTITUCIONAL SRL- PRESUPUESTO N° 0004-00001308 (LAVADERO),000115,,1,N
2025,4902,4867,1,5051,2883,2025-10-02 00:00:00,SUM,4786,2025,O,,,,INSUMOS GENERALES 3F - PRESUPUESTO S/N FECHA 26/09/25 (FARMACIA),000115,,1,N
2025,4903,4868,1,5053,866,2025-10-02 00:00:00,SUM,4781,2025,O,,,,PILOÑA- PRESUPUESTO N° 190590 (24/09/2025),000115,,1,N
2025,4904,4869,1,5052,3322,2025-10-02 00:00:00,SUM,4778,2025,O,,,,PINAMAR HIGIENE INSTITUCIONAL SRL- PRESUPUESTO N° 0016-00001995  (OFFICE DE MUCAMAS),000115,,1,N
2025,4905,4870,1,5044,879,2025-10-02 00:00:00,SUM,4794,2025,O,,,,CASA HARISGARAT     PRESUPUESTO N° 1244,000115,,1,N
2025,4906,4871,1,5043,1214,2025-10-02 00:00:00,SUM,4813,2025,O,,,,SOCIEDAD ESPAÑOLA DE SOCORROS MUTUOS ALQUILER SEDE SECRETARIA DE CULTURA   EXPTE. 94/25   DIFERENCIA MES DE SEPTIEMBRE,000115,,1,N
2025,5164,5129,1,5333,3297,2025-10-29 00:00:00,SUM,5065,2025,O,,,,"PROV.FRENOS MADARIAGA PRESUP. 90  23/10/2025 PARA FORD 14000 AWK675, MERCEDES 1114 UYW682",000115,,1,N
2025,5163,5128,1,5309,3251,2025-10-29 00:00:00,SUM,5044,2025,O,,,,DROGUERIA EPIONE- PRESUPUESTO N° 23/10/2025 (FARMACIA),000115,,1,N
2025,5165,5130,1,5310,1235,2025-10-29 00:00:00,SUM,5056,2025,O,,,," EXPTE 3655/2021 CUERPO 1,CAMINO JOSE",000115,,1,N
2025,5166,5131,1,5311,3322,2025-10-29 00:00:00,SUM,5042,2025,O,,,,"PINAMAR HIGIENE INSTITUCIONAL S.R.L. SECOTR COCINA, LAVADERO,MUCAMAS.PRESUPUESTOS Nº 0016-00002066,0016-00002067,0016-00002068.",000115,,1,N
2025,5167,5132,1,5312,1440,2025-10-29 00:00:00,SUM,5000,2025,O,,,,QUALIMED- PRESUPUESTO N° 78 ( TOMOGRAFO),000115,,1,N
2025,5168,5133,1,5313,167,2025-10-29 00:00:00,SUM,5002,2025,O,,,,TODO POLLO- PRESUPUESTO N° 44 (HOGAR DE ANCIANOS) DESDE 20/10 AL 27/10/25,000115,,1,N
2025,5169,5134,1,5305,850,2025-10-29 00:00:00,SUM,5046,2025,O,,,,UNO ELECTROMEDICINA - PRESUPUESTO N° 00003-00014057 (LABORATORIO DE ANALISIS),000115,,1,N
2025,5170,5135,1,5323,5,2025-10-29 00:00:00,SUM,5060,2025,O,,,,"PREVISION DE ANDRES PONSA S.A. Para Sede, Envión, Prestaciones, Granja",000115,,1,N
2025,5171,5136,1,5314,167,2025-10-29 00:00:00,SUM,5001,2025,O,,,,TODO POLLO- PRESUPUESTO N° 42 (COCINA) DESDE14/10 AL 21/10,000115,,1,N
2025,5172,5137,1,5315,866,2025-10-30 00:00:00,SUM,5041,2025,O,,,,PILOÑA- PRESUPUESTO N° 5/10/2025 (FARMACIA),000115,,1,N
2025,5173,5138,1,5316,2883,2025-10-30 00:00:00,SUM,5040,2025,O,,,,INSUMOS GENERALES 3F - PRESUPUESTO N° 23/10/2025 (QUIROFANO),000115,,1,N
2025,5174,5139,1,5317,2869,2025-10-30 00:00:00,SUM,5039,2025,O,,,,MADA POY S.A. PRESUPUESTO Nº 0001-00000908.SEMANA DEL 16/10/25 AL 23/10/25.COCINA HOSPITAL.,000115,,1,N
2025,5175,5140,1,5318,771,2025-10-30 00:00:00,SUM,5037,2025,O,,,,ALFA CENTAURO- PRESUPUESTO N° 0001-00037327 (FARMACIA),000115,,1,N
2025,5176,5141,1,5299,1235,2025-10-30 00:00:00,SUM,5054,2025,O,,,,"EXPTE, 3655/2021 CUERPO 1, CAMINO JOSE",000115,,1,N
2025,5180,5145,1,5351,441,2025-11-03 00:00:00,SUM,5092,2025,O,,,,MATIENZO PAOLA AMELIA. PRESUPUESTO Nº 0002-00003801.GINECOLOGIA.,000115,,1,N
2025,5181,5146,1,5352,3322,2025-11-03 00:00:00,SUM,5098,2025,O,,,,PINAMAR HIGIENE INSTITUCIONAL. SRL.LAVADERO. PRESUPUESTO Nº 0016-00002069.,000115,,1,N
2025,5183,5148,1,5353,167,2025-11-03 00:00:00,SUM,5084,2025,O,,,,""" TODO POLLO"" GONZALO A. BUSTAMANTE. PRESUPUESTO Nº 00000046.COCINA HOGAR DE ANCIANOS. SEMANA DEL 27/10/25 AL 02/11/25.",000115,,1,N
2025,5184,5149,1,5354,1440,2025-11-03 00:00:00,SUM,5083,2025,O,,,,QUALIMED S.A- PRESUPUESTO N° 79 (FARMACIA- QUIROFANO),000115,,1,N
2025,5185,5151,1,5355,17,2025-11-03 00:00:00,SUM,5079,2025,O,,,,PRESUPUESTO N° 000138 - MOTOMAQUINARIAS LUIS / REPARACION Y MANTENIMIENTO DE TRACTOR Y DESMALEZADORAS,000115,,1,N
2025,5187,5152,1,5356,63,2025-11-03 00:00:00,SUM,4873,2025,O,,,,RESUPUESTO N°5002 - CORRALON JORGE N. FLORES / MATERIALES PARA TRABAJO EN EL ESTADIO MUNICIPAL FRANCISCO ALCUAZ,000115,,1,N
2025,5189,5154,1,5357,63,2025-11-03 00:00:00,SUM,4874,2025,O,,,,PRESUPUESTO N° 0002 - CORRALON JORGE N. FLORES / MATERIAL PARA POLIDEPORTIVO MUNICIPAL,000115,,1,N
2025,5193,5158,1,5358,300,2025-11-03 00:00:00,SUM,4872,2025,O,,,,"PRESUPUESTO N° 5915 - PINTURERIA Y FERRETERIA ""TODO COLOR"" / MATERIALES PARA TRABAJOS EN EL POLIDEPORTIVO MUNICIPAL Y ESTADIO ALCUAZ",000115,,1,N
2025,5194,5159,1,5359,71,2025-11-03 00:00:00,SUM,5109,2025,O,,,,PROV.RAUL IRIARTE PRESUP.15271 ARTICULOS  DE FERRETERIA PARA ARREGLO DE CAMION FORD 14000 DMI232,000115,,1,N
2025,5196,5161,1,5360,211,2025-11-03 00:00:00,SUM,5088,2025,O,,,,"PROV.TORNERIA MILANI OSCAR PRESUP.110,115,112,114 PARA CITROEN CAR748,DMI232,LED010,INI856",000115,,1,N
2025,5197,5162,1,5361,436,2025-11-03 00:00:00,SUM,5093,2025,O,,,,"PROV.BAIGORRIA LORENZO PRESUP.29/10/2025 REPARACION Y PARCHES DE CUBIERTAS SVN719,SOG742,ASZ490,XNE245,DMI232,LED013,CII58,EFJ13,AF947IJ,EFJ07",000115,,1,N
2025,5199,5164,1,5362,71,2025-11-03 00:00:00,SUM,5095,2025,O,,,,"PROV.RAUL IRIARTE PRESUP.15266,15270 PARA  CEMENTERIO",000115,,1,N
2025,5203,5167,1,5363,71,2025-11-03 00:00:00,SUM,5096,2025,O,,,,PROV. RAUL IRIATE PRESUP.15279 PARA PERSONAL DE PREDIO DISPOSICON  FINAL RESIDUOS RUTAS 11 KM405,000115,,1,N
2025,5204,5169,1,5364,71,2025-11-03 00:00:00,SUM,5097,2025,O,,,,"PROV. RAUL IRIARTE PRESUP.15284,15283 PARA TRABAJOS EN VIVERO MUINICIPAL  Y CEMENTERIO",000115,,1,N
2026,675,677,1,745,688,2026-02-18 00:00:00,PRESU,6978,2026,O,,,,PRESUPUESTO N° 6978 - PRESUPUESTO N° 6987- BATERIAS LA PRIMERA - ACEITE QUEMADO PARA PINTAR QUEBRACHOS DEL PARQUE ANCHORENA,000000,,1,N
2026,678,680,1,746,2330,2026-02-18 00:00:00,PRESU,0,2026,O,,,,PROV. COMBUSTIBLE DEL SALADO- SEC PRODUCCION- PREVISION,000000,,1,N
2026,681,682,1,747,300,2026-02-18 00:00:00,PRESU,5928,2026,O,,,,Presupuesto N 5938 Pintureria Todo Color presupuesto N 5928 - MANTENIMIENTO GRAL DEL AREA DE DEPORTES,000000,,1,N
2026,682,684,1,723,2410,2026-02-18 00:00:00,PRESU,1183,2026,O,,,,LEANDRO RUBEN BOGADO - PRESUPUESTO N° 1-1183  VEHICULO REANULT KANGOO DOMINIO AB437WY,000000,,1,N
2026,684,686,1,728,1259,2026-02-18 00:00:00,PRESU,30100,2026,O,,,,"ELECTRO DANNUNZIO - PRESUPUESTO N° 30100 (COCINA, INTERNACION HOSPITAL)",000000,,1,N
2026,686,688,1,748,163,2026-02-18 00:00:00,PRESU,7028,2026,O,,,,PROV.ALFIO DISTEFANO PRESP.079-7028 REPARACION DE TOPADORA LUILONG EUF96,000000,,1,N
2026,689,691,1,749,879,2026-02-18 00:00:00,PRESU,1024,2026,O,,,,PROV. CASA HARISGARAT PRESUP.1024 PARA OFICINA DE DEFENASA CIVIL,000000,,1,N
2026,692,694,1,750,879,2026-02-18 00:00:00,PRESU,1040,2026,O,,,,"PROV. TATANO HARISGARAT SRL- SEC PRODUCCION- SALA DE ELABORACION,PRESUPUESTO 1040/1045",000000,,1,N
2026,696,698,1,751,3075,2026-02-18 00:00:00,PRESU,71,2026,O,,,,PRESUPUESTO 71 CORREA JUAN MARTIN,000000,,1,N
2026,698,700,1,752,2627,2026-02-18 00:00:00,PRESU,2177,2026,O,,,,PRESUPUESTO 2177 PENACCA SRL SEMANA DEL 01/02/26 AL 08/02/2026,000000,,1,N
2026,700,702,1,758,2110,2026-02-18 00:00:00,PRESU,537,2026,O,,,,"Fumega Eduardo,presuesto 537",000000,,1,N
2026,701,703,1,753,2627,2026-02-18 00:00:00,PRESU,2176,2026,O,,,,PRESUPUESTO 2176 PENACCA SRL SEMANA DEL 01/02/26 AL 08/02/2026,000000,,1,N
2026,702,704,1,754,1259,2026-02-18 00:00:00,PRESU,30129,2026,O,,,,"Suc. D´annunzio Jorge Neldo,presupuesto 00030129",000000,,1,N
2026,704,706,1,755,879,2026-02-18 00:00:00,PRESU,1028,2026,O,,,,"PRESUPUESTO N° X 0001-00001028 / 1035 / 1039 / de Tatano Harisgarat S.R.L. de ""CASA HARISGARAT"" Para arreglo en baño y tanque de agua",000000,,1,N
2026,722,724,1,760,3003,2026-02-18 00:00:00,SUM,742,2026,O,,,,EXPEDIENTE 463/26 SOLICITUD CONTRATO HEALTCHARE SOLUTIONS del 01/01/26 al 30/06/2026,000115,,1,N
2026,725,727,1,761,2209,2026-02-19 00:00:00,SUM,717,2026,O,,,,CORRESPONDE PRESUPUESTO N° 0001-00000846 - C.A.S.E.R,000115,,1,N
2026,727,729,1,762,1578,2026-02-19 00:00:00,SUM,716,2026,O,,,,Corresponde presupuesto N° 0001-00000390 FERRARO LILIANA N.,000115,,1,N
2026,729,731,1,763,2110,2026-02-19 00:00:00,SUM,713,2026,O,,,,"PROV.EDUARDO FUMEGA PRESUP.0539,0538 TRABAJOS DE PLOMERIA PARA VIVERO MUNICIPAL Y BAÑOS TERMINAL",000115,,1,N
2026,732,734,1,764,212,2026-02-19 00:00:00,SUM,732,2026,O,,,,PROV.JOSE ANGEL FERNADEZ PRESUP.0073 REPARACION DE RADIADOR  MINICARDORA MUSTANG BMV14,000115,,1,N
2026,734,736,1,765,2790,2026-02-19 00:00:00,SUM,736,2026,O,,,,PROV.I DE ARTE ARTISTICA PRESP.03/02/2026 CARTEL DE INGRESO EN PELLEGRINI,000115,,1,N
2026,736,738,1,766,1810,2026-02-19 00:00:00,SUM,733,2026,O,,,,"PRESUPUESTO 377, CATALDO ADOLFO",000115,,1,N
2026,737,739,1,767,441,2026-02-19 00:00:00,SUM,648,2025,O,,,,ALPA - PRESUPUESTO N° 2-3867 (COCINA - HOGAR HOSPITAL),000115,,1,N
2026,739,741,1,777,1514,2026-02-19 00:00:00,SUM,746,2026,O,,,,PROV. CASA ELICEIRY GASOIL PARA MAQUINAS Y VEHICULOS DE ESTA SECRETARIA,000115,,1,N
2026,740,742,1,791,3557,2026-02-20 00:00:00,SUM,730,2026,O,,,,Daniel Goñi. Alojamiento Rally. Decreto 78/26,000115,,1,N
2026,741,743,1,802,441,2026-02-20 00:00:00,SUM,735,2026,O,,,,PRESUPUESTO N° 3876 - N° 3877 PAPELERA ALPA MADARIAGA - MATERIALES A UTILIZAR DURANTE EL AÑO EN PROGRAMA NUESTROS ABUELOS,000115,,1,N
2026,742,745,1,785,169,2026-02-20 00:00:00,SUM,741,2026,O,,,,"PRESUPUESTO N° 001025 de Terranova, Lucas Hernán de ""TERRANOVAQUÍMICA"" Parra lavar toallas, repasadores, etc. en La Casita de Chocolate",000115,,1,N
2026,743,744,1,799,2209,2026-02-20 00:00:00,SUM,711,2026,O,,,,DURANTE JAVIER - PRESUPUESTO N° 1-850 (COCINA HOSPITAL),000115,,1,N
2026,744,746,1,796,2593,2026-02-20 00:00:00,SUM,744,2026,O,,,,"PRESUPUESTO 9748501, BALLETTO JUAN",000115,,1,N
2026,745,747,1,781,3169,2026-02-20 00:00:00,SUM,720,2026,O,,,,Marta Cristina Zaupa - Alquiler alojamiento Rally. DECRETO 78/26,000115,,1,N
2026,746,748,1,793,186,2026-02-20 00:00:00,SUM,727,2026,O,,,,Marcelo Pasini - Hotel London. Alojamiento Rally. decreto 78/26,000115,,1,N
2026,747,749,1,790,3331,2026-02-20 00:00:00,SUM,731,2026,O,,,,Liliana Señorans - Parroquinos departamentos. Alojamiento rally. Decreto 78/26,000115,,1,N
2026,748,750,1,787,572,2026-02-20 00:00:00,SUM,722,2026,O,,,,Leonardo Soraire - Alojamiento para rally. Decreto 78/26,000115,,1,N
2026,753,755,1,788,2846,2026-02-23 00:00:00,PRESU,0,2026,O,,,,Cueli Miguel. Alojamiento Rally. DECRETO 78/26.,000000,,1,N
2026,754,756,1,794,186,2026-02-23 00:00:00,PRESU,0,2026,O,,,,Marcelo Pasini - Hotel London. Alojamiento Rally. Decreto 78/26,000000,,1,N
2025,3915,3886,1,4017,57,2025-07-18 00:00:00,SUM,3720,2025,O,,,,IMPRENTA EL ARGENTINO - PRESUPUESTO N° 521(LABORATORIO Y GUARDIA HOSPITAL),000115,,1,N
2025,3925,3895,1,4033,300,2025-07-18 00:00:00,SUM,3810,2025,O,,,,"PRESUPUESTO N° 00005526 de Silvia Beatriz Maistegui de ""PINTURERIA - FERRETERIA TODO COLOR"" Para Sede, cartelería de estacionamiento para personas con discapacidad",000115,,1,N
2025,3932,3901,1,4047,2330,2025-07-18 00:00:00,SUM,3862,2025,O,,,,PREVISION SIN N° - COMBUSTIBLE DEL SALADO (YPF),000115,,1,N
2025,3937,3906,1,4049,2133,2025-07-18 00:00:00,SUM,3451,2025,O,,,, EXPTE Nº 3507/2024 .CONTRATO EMPRESA BIONUCLEAR (TOMOGRAFO),000115,,1,N
2025,3965,3934,1,4080,2110,2025-07-22 00:00:00,SUM,3858,2025,O,,,,"PRESUPUESTO N°° 487 de ""EDUARDO FUMEGA"" Limpieza completa de mecheros  y picos a tres calefactores de Casa Envión",000115,,1,N
2025,3967,3936,1,4077,1259,2025-07-22 00:00:00,SUM,3871,2025,O,,,,"PRESUPUESTO 28436, SUC DANNUNZIO JORGE arreglos en CIC calle 4 Nº 441",000115,,1,N
2025,3978,3947,1,4090,360,2025-07-23 00:00:00,SUM,3874,2025,O,,,,"PRESUPUESTO 040, LOMBERA CARLOS ARGENTINO",000115,,1,N
2025,3979,3948,1,4091,1809,2025-07-23 00:00:00,SUM,3875,2025,O,,,,"PRESUPUESTO DEL 18/07/2025, IAM",000115,,1,N
2025,3986,3956,1,4097,57,2025-07-23 00:00:00,SUM,3888,2025,O,,,,EL ARGENTINO- PRESUPUESTO N° 522- PRESUPUESTO N° 522 (ENFERMERIA),000115,,1,N
2025,3989,3958,1,4102,2110,2025-07-23 00:00:00,SUM,3883,2025,O,,,,EDUARDO FUMEGA- PRESUPUESTO N° 492 (CAPS ALBELARDO COSTO Y CIC),000115,,1,N
2025,3992,3961,1,4105,866,2025-07-23 00:00:00,SUM,3878,2025,O,,,,PILOÑA- PRESUPUESTO N° 0004-00186051/186052 (FARMACIA),000115,,1,N
2025,4863,4828,1,5003,3287,2025-10-01 00:00:00,SUM,4758,2025,O,,,,"Avellaneda 7163 - Hispanograf - vinilos sobre pvc para carteleria de identificacion de asadores e instituciones, cheques para la 8va edicion del concurso de asadores exp 2326/25 - presupuesto 1836",000115,,1,N
2025,4864,4829,1,5001,1253,2025-10-01 00:00:00,SUM,4757,2025,O,,,,PROV.SCORZA PRESUP.20834 REPUESTOS PARA  FORD 14000 BNW472,000115,,1,N
2025,4865,4830,1,5002,2369,2025-10-01 00:00:00,SUM,4760,2025,O,,,,"PROV.MERCERDES LA PLATA PRESUP.2958 REPUESTOS PARA COLECTIVO LAN557 , FORD 14000 DMI232, IVECO PJY978",000115,,1,N
2025,4866,4831,1,5013,2843,2025-10-01 00:00:00,SUM,4782,2025,O,,,,"PRESUPUESTO N° x  6976051 de ROST,TAMARA"" de ""Frutería Negrin"" Plan Alimentario 2025",000115,,1,N
2025,5046,5012,1,5212,2843,2025-10-20 00:00:00,SUM,4948,2025,O,,,,"PRESUPUESTO N° X 6976056 de Rost, Tamara DE ""FRUTERIA NEGRIN"" Plan Alimentario 2025",000115,,1,N
2025,5048,5014,1,5198,216,2025-10-20 00:00:00,SUM,4932,2025,O,,,,FAE- PRESUPUESTO N 4921543 (HOGAR DE ANCIANOS),000115,,1,N
2025,5050,5016,1,5206,2843,2025-10-20 00:00:00,SUM,4950,2025,O,,,,"PRESUPUESTO N° X 6976057 de Rost, Tamara de ""FRUTERIA NEGRIN"" Programa Dieta 2025",000115,,1,N
2025,5063,5028,1,5219,441,2025-10-20 00:00:00,SUM,4972,2025,O,,,,ALPA - PRESUPUESTO N°  0002-00003778 (BROMATOLOGIA),000115,,1,N
2025,5064,5029,1,5220,1573,2025-10-20 00:00:00,SUM,4956,2025,O,,,,DROGUERIA ALBERDI- PESUPUESTO S/N° 13/10/2025 ( FARMACIA),000115,,1,N
2025,5065,5030,1,5221,2883,2025-10-20 00:00:00,SUM,4969,2025,O,,,,INSUMOS GENERALES 3F- PRESUPUESTO N° 9/10/2025 (FARMACIA),000115,,1,N
2025,5066,5031,1,5222,1078,2025-10-20 00:00:00,SUM,4970,2025,O,,,,DANIEL OPAZO. ELECTRICISTA.PRESUPUESTO 13/10/2025.,000115,,1,N
2025,5067,5032,1,5223,1078,2025-10-20 00:00:00,SUM,4971,2025,O,,,,DANIEL OPAZO. ELECTRICISTA. PRESUPUESTO.,000115,,1,N
2025,3998,3967,1,4118,3364,2025-07-24 00:00:00,SUM,3928,2025,O,,,,"PRESUPUESTO 000, MATIAS LIGARI AGELL, EXPTE. 1649/25",000115,,1,N
2025,3999,3968,1,4115,3178,2025-07-24 00:00:00,SUM,3930,2025,O,,,,"PRESUPUESTO 000, LOIS GISELA SOLEDAD, EXPTE. 1649/25",000115,,1,N
2025,4000,3969,1,4111,2515,2025-07-24 00:00:00,SUM,3927,2025,O,,,,"PRESUPUESTO 000 RIVERA JAVIER EMANUEL,EXPTE. 1649/25",000115,,1,N
2025,4002,3971,1,4134,3075,2025-07-24 00:00:00,SUM,3915,2025,O,,,,"PRESUPUESTO 1356, CORREA LORENTE JUAN MARTIN",000115,,1,N
2025,4005,3974,1,4133,2110,2025-07-24 00:00:00,SUM,3913,2025,O,,,,Eduardo Fumega. Limpieza completa de dos calefactores al Archivo Histórico. Presupuesto N° 483,000115,,1,N
2025,4007,3976,1,4130,2110,2025-07-24 00:00:00,SUM,3897,2025,O,,,,"Eduardo Fumega, presupuesto 482 (trabajo realizado en comisaria comunal)",000115,,1,N
2025,4009,3978,1,4125,2110,2025-07-24 00:00:00,SUM,3896,2025,O,,,,EDUARDO FUMEGA   PRESUPUESTO N° 494,000115,,1,N
2025,4011,3980,1,4122,167,2025-07-24 00:00:00,SUM,3904,2025,O,,,,TODO POLLO- PRESUPUESTO N° 14/15 (HOSPITAL Y HOGAR DE ANCIANOS),000115,,1,N
2025,4012,3981,1,4116,1259,2025-07-24 00:00:00,SUM,3909,2025,O,,,,"ELECTRO D ANNUNZIO- PRESUPUESTO N° 28639/28675 (INFORMATICA, LABORATORIO, INTERNACION Y PEDIATRIA)",000115,,1,N
2025,4013,3982,1,4112,3322,2025-07-24 00:00:00,SUM,3919,2025,O,,,,PINAMAR HIGIENE INSTITUCIONAL SRL- PRESUPUESTO N° 0016-00001873/1891 HOGAR DE ANCIANOS,000115,,1,N
2025,4014,3983,1,4131,2110,2025-07-24 00:00:00,SUM,3898,2025,O,,,,"Eduardo Fumega, presupuesto 489 ( trabajo en el COM)",000115,,1,N
2025,4016,3985,1,3940,3529,2025-07-24 00:00:00,SUM,3793,2025,O,,,,PROV.TISERA SANITARIOS  POTATILES ALQUILER DE BAÑO QUIMICO PARA LAGUNA EL CARBON POR 6 MESES DE JULIO A DICEMBRE,000115,,1,N
2025,4018,3987,1,3935,3529,2025-07-24 00:00:00,SUM,3791,2025,O,,,,PROV.TISERA SANITARIOS PORTATILE ALQUILER DE BAÑO QUIMICO PARA LAGUNA LA LARGA POR 6 MESES DE JULIO A DICIEMBRE,000115,,1,N
2025,4021,3990,1,3934,3529,2025-07-24 00:00:00,SUM,3789,2025,O,,,,PROV.TISERA SANITARIO PORTATILES ALQUILER BAÑO QUIMICO PARA PREDIOS DISPOSICION FINAL RUTA 11 KM 405.5 POR 6 MESES DE JULIO A DICIEMBRE 2025,000115,,1,N
2025,4022,3992,1,4114,3322,2025-07-24 00:00:00,SUM,3910,2025,O,,,,PINAMAR HIGIENE INSTITUCIONAL  SRL - PRESUPUESTO N° 0016-00001868 (HOGAR DE ANCIANOS),000115,,1,N
2025,5215,5180,1,5378,1235,2025-11-03 00:00:00,SUM,5142,2025,O,,,,Camino Javier 0003-0000001594,000115,,1,N
2025,5216,5181,1,5374,3184,2025-11-03 00:00:00,SUM,5086,2025,O,,,,DROGUERIA PERDOMINICI- PRESUPUESTO N° 13/10/2025 (FARMACIA),000115,,1,N
2026,931,936,1,1013,1066,2026-03-09 00:00:00,SUM,641,2026,O,,,,Expte.:363/26 Sol. Compra de 450 toneladas de estabilizado,000029,,1,N
2026,849,851,1,893,3296,2026-03-03 00:00:00,SUM,875,2026,O,,,,PINTURERIA CONCEPTO,000115,,1,N
2026,851,853,1,894,866,2026-03-03 00:00:00,SUM,881,2026,O,,,,PILOÑA- PRESUPUESTO N° 1646764,000115,,1,N
2026,852,854,1,896,2408,2026-03-03 00:00:00,SUM,878,2026,O,,,,EL CENTRO DEL KINESIOLOGO- PRESUPUESTO S/N° 26/02/26,000115,,1,N
2026,853,855,1,897,57,2026-03-03 00:00:00,SUM,877,2026,O,,,,EL ARGENTINO- PRESUPUESTO N° 556,000115,,1,N
2026,805,807,1,873,3454,2026-02-26 00:00:00,SUM,843,2026,O,,,,Expte N° 441/2026 Contrato: Muscia Caldarella Gian Franco - Operador Social Servicio Local. No cumple con el Art. 45 de la Ley 14.656,000115,,1,N
2026,779,781,1,819,3287,2026-02-25 00:00:00,PRESU,1863,2026,O,,,,PRESUPUESTO N° 1863 - HISPANOGRAF - RALLY PAGOS DEL TUYU,000000,,1,N
2026,780,782,1,820,3180,2026-02-25 00:00:00,PRESU,0,2026,O,,,,CARLA MARTINEZ  PROGRAMACION INCAA,000000,,1,N
2026,781,783,1,821,163,2026-02-25 00:00:00,PRESU,7045,2026,O,,,,Alfio Distefano.Tractor Pauny presupuesto N° 079-7045.,000000,,1,N
2026,782,784,1,822,163,2026-02-25 00:00:00,PRESU,0,2026,O,,,,"Alfio Distefano Tractor Pauny,presupuesto 079-7046",000000,,1,N
2026,783,785,1,824,413,2026-02-25 00:00:00,PRESU,4051,2026,O,,,,NEUMATICOS PASO - PRESUPUESTO N° 1-4051/823  VEHICULO DOMINIO AF545GL,000000,,1,N
2026,789,791,1,830,2548,2026-02-25 00:00:00,PRESU,0,2026,O,,,,"PRESUPUESTO de Speziale, Ana María de "" CASA SAINZ"" Sr. Molina, José Arturo DNI: 4.923.674 fallecido el 31/12/2025",000000,,1,N
2026,791,793,1,833,1608,2026-02-25 00:00:00,PRESU,0,2026,O,,,,PROV.HOTEL SAN CARLOS - PRES. N°25/02/2026- SEC. PRODUCCION,000000,,1,N
2026,792,794,1,835,3398,2026-02-25 00:00:00,PRESU,414,2026,O,,,,PROV.CHAYE HNOS PRESUP.0414 REPUESTO PARA TRACTOR JONH DEERE BNA17,000000,,1,N
2026,793,795,1,836,2869,2026-02-25 00:00:00,PRESU,979,2026,O,,,,PRESUPUESTO 979 MADA POY,000000,,1,N
2026,794,796,1,837,1603,2026-02-25 00:00:00,PRESU,1342395,2026,O,,,,PANADERIA ALEM - PRESUPUESTO N° 1342395 (HOGAR Y HOSPITAL),000000,,1,N
2026,795,797,1,838,2869,2026-02-25 00:00:00,PRESU,981,2026,A,2026-02-26 00:00:00,ADMINI,,PRESUPUESTO 981 MADA POY,000000,,1,N
2026,798,800,1,844,822,2026-02-26 00:00:00,PRESU,20166,2026,O,,,,PROV.ESCANDINAVIA DEL PLATA PRESUP.20166 REPUESTO PARA CARGADORA SDLG 936 CII58,000000,,1,N
2026,800,802,1,853,21352,2026-02-26 00:00:00,PRESU,0,2026,O,,,," PRESUPUESTO 000, VILLALIBRE JOSE",000000,,1,N
2026,801,803,1,855,2869,2026-02-26 00:00:00,PRESU,981,2026,O,,,,PRESUPUESTO 981 MADA POY,000000,,1,N
2026,803,805,1,871,879,2026-02-26 00:00:00,PRESU,46079,2026,O,,,,PRESUPUESTO 0002-46079 CASA HARISGARAT - RALLY,000000,,1,N
2026,804,806,1,872,3177,2026-02-26 00:00:00,PRESU,0,2026,O,,,,GUSTAVO ADOLFO FARIAS,000000,,1,N
2026,806,808,1,842,2299,2026-02-26 00:00:00,PRESU,0,2026,O,,,,PREVISION SIN N° - LAGOS - HIDRATACION EN EVENTOS DEPORTIVOS PRIMER SEMESTRE,000000,,1,N
2026,807,809,1,840,163,2026-02-26 00:00:00,PRESU,7052,2026,O,,,,PROV. ALFIO DISTEFANO PRESUP.079-7052 REPUSTOS PARA MOTONIVELADARA NEW HOLLAND CII59,000000,,1,N
2026,809,811,1,843,3287,2026-02-26 00:00:00,PRESU,1864,2026,O,,,,PRESUPUESTO N° 1864 - HISPANOGRAF - SEÑALETICA RALLY 2026,000000,,1,N
2026,811,813,1,846,3297,2026-02-26 00:00:00,PRESU,94,2026,O,,,,"Frenos Madariaga, presupuesto 094 (AE 704 AW-LBN 155- JCH 069)",000000,,1,N
2026,812,815,1,848,3322,2026-02-26 00:00:00,PRESU,2455,2026,O,,,,PINAMAR HIGIENE INSTITUCIONAL - PRESUPUESTO N° 16-2455,000000,,1,N
2026,814,816,1,849,3075,2026-02-26 00:00:00,PRESU,73,2026,O,,,,JUAN MARTIN CORREA LORENTE - PRESUPUESTO N° 1-73,000000,,1,N
2026,815,817,1,850,1078,2026-02-26 00:00:00,PRESU,0,2026,O,,,,OPAZO DANIEL- PRESUPUESTO N° 20/02/2026 ( LABORATORIO- PLANTA DE OXIGENO- INTERNACION),000000,,1,N
2026,816,819,1,858,612,2026-02-26 00:00:00,PRESU,783,2026,O,,,,PRESUPUESTO JOSE MARZULLO SECRETARIA INTERNACION,000000,,1,N
2026,821,823,1,862,160,2026-02-26 00:00:00,PRESU,1169,2026,O,,,,AGROVETERINARIA MARZULLO- PRESUPUESTO N° 1169/1170,000000,,1,N
2026,822,824,1,868,171,2026-02-26 00:00:00,PRESU,20013,2026,O,,,,PRESUPUESTO N° 20013 - ELECTRICIDAD EL GALLEGO -  REPARACION ELECTRICIDAD EN PROGRAMA NUESTROS ABUELOS,000000,,1,N
2026,825,827,1,864,1876,2026-02-26 00:00:00,PRESU,768,2026,O,,,,MAX CONTINENTAL- PRESUPUESTO N° 20/02/26,000000,,1,N
2026,836,838,1,884,3529,2026-02-27 00:00:00,EXPED,129,2026,O,,,,"PRESUPUESTO, TISERA BRAIAN, EXPTE.129/26",000000,,1,N
2026,984,989,1,1019,300,2026-03-11 00:00:00,SUM,989,2026,A,2026-03-11 00:00:00,ERROR,,PRESUPUESTO N° 5950 - FERRETERIA TODO COLOR - MATERIALES PARA REACONDICIONAMIENTO ESPACIO PROGRAMA NUESTROS ABUELOS,000115,,1,N
2026,985,990,1,1020,300,2026-03-11 00:00:00,SUM,983,2026,O,,,,PRESUPUESTO N° 7206 - FERRETERIA TODO COLOR -MATERIALES PARA MEJORAS ANTE EVENTOS DEPORTIVOS,000115,,1,N
2026,986,991,1,1021,3332,2026-03-11 00:00:00,SUM,962,2026,O,,,,PROV. ANA PAOLA RODRIGUEZ PRESUP.0192 REPUSTOS PARA MUSTANG BMV14,000115,,1,N
2026,987,992,1,1022,300,2026-03-11 00:00:00,SUM,963,2026,O,,,,PROV. SILVIA MAISTEGUI PRESUP.5948 ARTICULSO DE FERRETERIA PARA USO EN CORRALON Y PINTURA DE CORDON ILLIA Y PELEGRINI Y BS.AS Y PELEGRINI,000115,,1,N
2026,988,993,1,1023,300,2026-03-11 00:00:00,SUM,964,2026,O,,,,PROV.SILVIA MAISTEGUI PRESUP.5943 PARA   PINTURA DE CORDONES Y PREPARATIVOS PARA EL RALLY,000115,,1,N
2026,989,994,1,1024,300,2026-03-11 00:00:00,SUM,966,2026,O,,,,PROV.SILVA MAISTEGUI  PRESUP.7204 PARA ARREGLOS  DE DEFENSA CIVIL,000115,,1,N
2026,990,995,1,1025,68,2026-03-11 00:00:00,SUM,973,2026,O,,,,PROV.ATMOSFERICO LA PRIMERA PRESUP.0246 DESTAPE DE CAÑERIA Y REGISTRO EN CORRALON MUNICIPAL,000115,,1,N
2026,992,997,1,1026,285,2026-03-11 00:00:00,SUM,969,2026,O,,,,RADIOGRAFICAOESTE - PRESUPUESTO N° 100053327,000115,,1,N
2026,884,888,1,971,120,2026-03-06 00:00:00,SUM,922,2026,O,,,, PROV. BARRAL LUIS FRANCISCO - PRESUP. N° 02/03/2026 - SEC PRODUCCION- FOTON AF591SL,000010,,1,N
2026,775,777,1,815,1962,2026-02-24 00:00:00,SUM,806,2026,O,,,,Escobar Juan Carlos,000115,,1,N
2026,776,778,1,816,1514,2026-02-24 00:00:00,SUM,774,2026,O,,,,PROV. CASA ELICEIRY PRESUP.23/02/2026 ACEITES Y LUBRICANTES PARA FLOTA VEHICULAR DE ESTA SECRETARIA,000115,,1,N
2026,777,779,1,823,2525,2026-02-24 00:00:00,SUM,811,2026,O,,,,Asociacion de Bomberos Voluntarios.Expte129-2026,000115,,1,N
2026,784,786,1,817,2869,2026-02-25 00:00:00,SUM,781,2026,O,,,,"PRESUPUESTO N° X 0001-00000980 de ""MADA POY S.A."" Taller de cocina",000115,,1,N
2026,785,787,1,818,68,2026-02-25 00:00:00,SUM,743,2026,O,,,,"PRESUPUESTO N° X 7390245  de Peyrano, Sergio de ""ATMÓSFERICO LA PRIMERA""",000115,,1,N
2026,786,788,1,826,2869,2026-02-25 00:00:00,SUM,791,2026,O,,,,MADA POY - PRESUPUESTO N° 1-966 SEMANA DEL 23/01/26 AL 30/01/2026,000115,,1,N
2026,787,789,1,827,2869,2026-02-25 00:00:00,SUM,792,2026,O,,,,MADA POY - PRESUPUESTO N° 1-978 SEMANA DEL 02/02/26 AL 09/02/26,000115,,1,N
2026,788,790,1,828,2869,2026-02-25 00:00:00,SUM,790,2026,O,,,,MADA POY - PRESUPUESTO 1-965 SEMANA DEL 16/01/26 AL 22/01/26,000115,,1,N
2026,1060,969,1,1027,3511,2026-03-17 00:00:00,ORDCO,816,2026,O,,,,PRESUPUESTO ESPINOSA MARIA SILVIA  SERVICIO AUTOMOTOR AMBULANCIA DOMINIO PAA 334,000115,,1,N
2026,921,926,1,987,3322,2026-03-09 00:00:00,SUM,929,2026,O,,,,PINAMAR HIGIENE INSTITUCIONAL SRL- PRESUPUESTO N° 0016-00002427/2428/2496/2511/2512 (COCINA-LAVADERO- OFFICE DE MUCAMAS),000115,,1,N
2026,924,929,1,978,171,2026-03-09 00:00:00,SUM,926,2026,O,,,,ELECTRICIDAD EL GALLEGO   PRESUP. N° 54883,000115,,1,N
2026,927,932,1,977,777,2026-03-09 00:00:00,SUM,930,2026,O,,,,"MP Repuestos, presupuestos 136-123-121-137 (oig911-jwg930-ae704aw)",000115,,1,N
2026,928,933,1,946,216,2026-03-09 00:00:00,SUM,859,2026,O,,,,FAE- PRESUPUESTO N° 3397710,000115,,1,N
2026,929,934,1,938,3322,2026-03-09 00:00:00,SUM,798,2026,O,,,,PINAMAR HIGIENE INSTITUCIONAL - PRESUPUESTO N° 16-2480,000115,,1,N
2026,930,935,1,940,3322,2026-03-09 00:00:00,SUM,800,2026,O,,,,PINAMAR HIGIENE INSTITUCIONAL - PRESUPUESTO N° 16-2497 (HOSPITAL),000115,,1,N
2026,932,937,1,941,866,2026-03-09 00:00:00,SUM,804,2026,O,,,,PILOÑA- PRESUPUESTO N° 5/02/2026,000115,,1,N
2026,933,938,1,943,169,2026-03-09 00:00:00,SUM,837,2026,O,,,,TERRANOVA QUIMICA - PRESUPUESTO N° 1032 (QUIROFANO HOSPITAL),000115,,1,N
2026,936,941,1,924,169,2026-03-09 00:00:00,SUM,914,2026,O,,,,PRESUPUESTO N° 1031 - TERRANOVA QUIMICA - ARTICULOS PARA TAREAS DE LIMPIEZA EN EL POLIDEPORTIVO,000115,,1,N
2026,938,943,1,926,2310,2026-03-09 00:00:00,SUM,904,2026,O,,,,PROV.CENTRO HIERRO PRESUP.7798 HIERRO PARA REPARACION DE CAMION AF987IJ,000115,,1,N
2026,830,832,1,869,3561,2026-02-26 00:00:00,SUM,787,2026,O,,,,PROV. MUNDO CARGO PRESUP.3147 REPUSTOS PARA FOTON AE969PX,000115,,1,N
2026,866,869,1,903,2869,2026-03-04 00:00:00,SUM,869,2026,O,,,,MADA POY S.A- PRESUPUESTO N° 0001-00000983 DESDE EL 24/02/26 AL 3/03/26,000115,,1,N
2026,868,871,1,899,167,2026-03-04 00:00:00,SUM,873,2026,O,,,,TODO POLLO - PRESUPUESTO N° 79 (SEMANA DEL 19/02/26 AL 26/02/26),000115,,1,N
2026,869,872,1,902,2869,2026-03-04 00:00:00,SUM,870,2026,O,,,, MADA POY - PRESUPUESTO N° 0001-00000985/986  SEMANA DEL 26/02/2026 AL 5/03/2026,000115,,1,N
2026,771,773,1,808,3287,2026-02-24 00:00:00,PRESU,1862,2026,O,,,,Avellaneda 7163 - Hispanograf.Triptico fiestas y eventos anuales. Presupuesto 1862,000000,,1,N
2026,772,774,1,809,441,2026-02-24 00:00:00,PRESU,3871,2026,O,,,,PROV.ALPÁ MADARIAGA PRESUP.3871 SELLO PARA CEMENTERIO,000000,,1,N
2026,773,775,1,810,2151,2026-02-24 00:00:00,PRESU,262,2026,O,,,,PROV. BARRACA MARIBEL PRESUP.0262  REPUESTO PARA MOTOGUADAÑA,000000,,1,N
2026,774,776,1,811,413,2026-02-24 00:00:00,PRESU,4043,2026,O,,,,Corresponde presupuesto N° 0001-00004043/000004038/00004029/00004021/00004018/00004015/00004046/00004049/00004053/00004045 PASO AGUSTIN,000000,,1,N
2026,778,780,1,825,2367,2026-02-24 00:00:00,EXPED,129,2026,O,,,,"PRESUPUESTO 000, FED REG DE AUT DEP MAR Y SIERRA",000000,,1,N
2026,1008,1013,1,1072,2259,2026-03-11 00:00:00,PRESU,0,2026,O,,,,PREVISION PARA DISTINTAS ACTIVIDADES DURANTE EL AÑO,000000,,1,N
2026,949,954,1,1002,1810,2026-03-10 00:00:00,PRESU,380,2026,O,,,,AC REFRIGERACION - CATALDO ADOLFO PRESUPUESTO N° 380 AIRE ACONDIONADO CONSULTORIO DE CLINICA,000000,,1,N
2026,950,955,1,1003,688,2026-03-10 00:00:00,PRESU,898,2026,O,,,,BATERIAS LA PRIMERA - PRESUPUESTO N° 7008 VEHICULOL FORD KA AE619QS,000000,,1,N
2026,954,959,1,1004,2450,2026-03-10 00:00:00,PRESU,0,2026,O,,,,"PRESUPUESTO de Labatut, Marcelo de ""LA FRUTERIA"" Febrero 2026",000000,,1,N
2026,970,975,1,1043,3364,2026-03-10 00:00:00,PRESU,0,2026,O,,,,MATIAS LIGARI    FINAL FOLKLORE EN LOS BARRIOS   EXPTE 224/26,000000,,1,N
2026,975,980,1,1039,3184,2026-03-10 00:00:00,PRESU,0,2026,O,,,,DROGUERIA PERDOMINICI- PRESUPUESTO N° 4/03/26,000000,,1,N
2026,977,982,1,1040,1578,2026-03-10 00:00:00,PRESU,394,2026,O,,,,PRESUPUESTO N° 0394 - COLOMBRARO - SILLAS PLASTICAS PARA SER UTILIZADAS EN DIFERENTES DISCIPLINAS DURANTE EL AÑO,000000,,1,N
2026,979,984,1,1015,167,2026-03-10 00:00:00,PRESU,80,2026,O,,,, TODO POLLO - PRESUPUESTO N° 80 ( SEMANA  DEL 26/02/26 AL  5/03/26),000000,,1,N
2026,980,985,1,1016,300,2026-03-10 00:00:00,PRESU,7201,2026,O,,,,PRESUPUESTO N° 7201 - FERRETERIA TODO COLOR - MATERIALES PARA REACONDICIONAMIENTO ESPACIO PROGRAMA ABUELOS,000000,,1,N
2026,981,986,1,1017,300,2026-03-10 00:00:00,PRESU,7202,2026,O,,,,PRESUPUESTO N° 7202 - FERRETERIA TODO COLOR - REACONDICIONAMIENTO PARA PROGRAMA ABUELOS,000000,,1,N
2026,982,987,1,1055,3529,2026-03-10 00:00:00,PRESU,0,2026,O,,,,PREUSPUESTO S/N TISERA SANITARIOS PORTATILES - ALQUILER BAÑOS CARRERA DE LA MUJER,000000,,1,N
2026,983,988,1,1056,2643,2026-03-10 00:00:00,PRESU,4,2026,O,,,,"PRESUPUESTO 0004,EMPRESA DE TRANSPORTE 12 DE OCTUBRE",000000,,1,N
2026,991,996,1,1048,300,2026-03-11 00:00:00,PRESU,5922,2026,O,,,,"PROV. SILVIA MAISTEGUI PRESUP.5922 PARA REPARAR TARIMAS,RAMPA DE RALLY,REPARACION EN VIVERO",000000,,1,N
2026,993,998,1,1049,2595,2026-03-11 00:00:00,PRESU,8131,2026,O,,,,PRESUPUESTO N° 8131 - IVANPER - REPUESTO PARA REPARACION ELECTRICA IVECO AB603TW,000000,,1,N
2026,994,999,1,1050,2209,2026-03-11 00:00:00,PRESU,852,2026,O,,,,DURANTE JAVIER- PRESUPUESTO N° 1-852 del 09/02/16 al 16/02/26,000000,,1,N
2026,996,1000,1,1051,2310,2026-03-11 00:00:00,PRESU,7802,2026,O,,,,PROV.CENTRO DE HIERRO PRESUP.11-7802- SEC PRODUCCION,000000,,1,N
2026,998,1003,1,1045,2369,2026-03-11 00:00:00,PRESU,216,2022,O,,,,"PROV.MERCEDES LA PLATA PRESUP.0216 REPUESTOS PARA XNE245,DMI232,LAN557,LED013",000000,,1,N
2026,999,1005,1,1046,2595,2026-03-11 00:00:00,PRESU,8086,2026,O,,,,"PROV. IVAN  PERICO PRESP. 8086 REPUESTOS PARA  DMI 232, FSL723, PJY978",000000,,1,N
2026,1000,1006,1,1047,2595,2026-03-11 00:00:00,PRESU,8270,2026,O,,,,PROV.IVAN PERICO PRESUP.8270 REPEUSTOS PARA LAN557 LED010,000000,,1,N
2026,1007,1012,1,1066,300,2026-03-11 00:00:00,SUM,986,2026,O,,,,PINTURERIA FERRETERIA TODO COLOR - PRESUPUESTO N° 5949  REPARACIONES EN DIFERENTES SECTORES DEL HOSPITAL,000115,,1,N
2026,1018,1024,1,1074,300,2026-03-12 00:00:00,PRESU,5950,2026,O,,,,PRESUPUESTO N° 5950 - FERRETERIA TODO COLOR - MATERIALES PARA REACONDICIONAMIENTO ESPACIO PROGRAMA NUESTROS ABUELOS,000000,,1,N
2026,1019,1025,1,1077,2675,2026-03-12 00:00:00,PRESU,687,2026,O,,,,"Repuestos LC, presupuesto 000687 (AF747PM- AE704AW)",000000,,1,N
2026,1020,1026,1,1076,2675,2026-03-12 00:00:00,PRESU,670,2026,O,,,,"Repuestos LC, presupuesto 000670 (taller del area)",000000,,1,N
2026,1021,1027,1,1080,169,2026-03-13 00:00:00,PRESU,1036,2026,O,,,,"PRESUPUESTO 1036, TERRANOVA LUCAS HERNAN",000000,,1,N
2026,1022,1028,1,1081,3075,2026-03-13 00:00:00,PRESU,83,2026,O,,,,"PRESUPUESTO 83, CORREA LORENTE JUAN MARTIN",000000,,1,N
2026,1023,1029,1,1102,3516,2026-03-13 00:00:00,EXPED,709,2026,O,,,,"Expte N° 709/2026 Renovación de contrato . Sr. Lopéz, Luis Miguel - Barbero - Programa Envión",000000,,1,N
2026,1024,1031,1,1103,3454,2026-03-13 00:00:00,EXPED,441,2026,O,,,,"Expte N° 441/2026 Renovación de contrato. Sr. Muscia Caldarella, Gian Franco - Operador Social Servicio Local -  No cumple con el Art. 45 de la Ley 14.656",000000,,1,N
2026,1028,1034,1,1082,17,2026-03-13 00:00:00,PRESU,64,2026,O,,,,PROV. LUIS LOMBARDIA PRESUP.0064 INSUMOS Y REPUESTOS PARA MAQUINAS CORTA PASTO MOTOGUADAÑA,000000,,1,N
2026,1030,1036,1,1083,17,2026-03-13 00:00:00,PRESU,66,2026,O,,,,PROV. LUIS LOMBARDIA PRESP.0066 REPUSTOS PARA MOTOGUADAÑAS Y MOTOSIERRA,000000,,1,N
2026,1031,1037,1,1085,604,2026-03-13 00:00:00,PRESU,1623,2026,O,,,,PROV.PROCAM ITURRARTE GUSTAVO PRESUP.1623 PARA FORD 14000 AWK675,000000,,1,N
2026,1033,1039,1,1109,2988,2026-03-13 00:00:00,PRESU,0,2026,O,,,,PRESUPUESTO S/N°   COTTINI MARTIN -  ORGANIZACION CARRERA DE LA MUJER,000000,,1,N
2026,1035,1041,1,1087,441,2026-03-13 00:00:00,PRESU,3888,2026,O,,,,PRESUPUESTO N° 03888 - ALPA MADARIAGA- MATERIAL A UTILIZAR EN LA CONFECCION DE JUEGOS PROGRAMA NUESTROS ABUELOS,000000,,1,N
2026,1036,1042,1,1090,1879,2026-03-13 00:00:00,PRESU,3033,2026,O,,,,"Rodamientos Tuyu, presupuesto 3033 ( OIG911-AE331IY-AB038FH)",000000,,1,N
2026,1037,1044,1,1091,1879,2026-03-13 00:00:00,PRESU,3037,2026,O,,,,"Rodamientos Tuyu, presupuesto 3037(AB038FH-NUF386-OIG911-AE331IY  )",000000,,1,N
2026,1039,1045,1,1092,300,2026-03-13 00:00:00,PRESU,5946,2026,O,,,,"Pintureria Todo Color, presupuesto 5946 ( matenimiento )",000000,,1,N
2026,1041,1047,1,996,1440,2026-03-16 00:00:00,PRESU,93,2026,O,,,,QUALIMED- PRESUPUESTO N° 93,000000,,1,N
2026,1042,1049,1,1095,866,2026-03-16 00:00:00,PRESU,0,2026,O,,,,PILOÑA- PRESUPUESTO N° 9/03/2026,000000,,1,N
2026,1043,1050,1,1096,2595,2026-03-16 00:00:00,PRESU,8105,2026,O,,,,Copia de 2026/1019 IVANPER REPUESTOS - PRESUPUESTO N° 8105 DOMINIO AG180HE - LAMAPRA AMBULANCIA DOMINIO AA775QWDOMINIO,000000,,1,N
2026,1045,1051,1,1093,3322,2026-03-16 00:00:00,PRESU,2514,2026,O,,,,PINAMAR HIGIENE INSTITUCIONAL - PRESUPUESTO N° 16-2514,000000,,1,N
2026,1046,1052,1,1097,2450,2026-03-16 00:00:00,PRESU,0,2026,O,,,,LA FRUTERIA - PRESUPUESTO S/N FECHA 26/2/26 HOSPITAL - HOGAR DE ANCIANOS,000000,,1,N
2026,1048,1054,1,1098,57,2026-03-16 00:00:00,PRESU,1012,2026,O,,,,IMPRENTA EL ARGENTINO - PRESUPUESTO N° 557 (INTERNACION CIRUGIA HOSPITAL),000000,,1,N
2026,1049,1055,1,1107,2595,2026-03-16 00:00:00,PRESU,8310,2026,O,,,,IVANPER REPUESTOS - PRESUPUESTO N°8310 VEHICULO DOMINIO AB437WY,000000,,1,N
2026,1051,1057,1,1116,1206,2026-03-16 00:00:00,PRESU,239915,2026,O,,,,"Grupo Nucleo, presupuesto 239915 (inspeccion)",000000,,1,N
2026,1052,1058,1,1108,3552,2026-03-16 00:00:00,PRESU,9308,2026,O,,,,MATAFUEGOS RUTA 11 - PRESUPUESTO N°9308  REVISION Y CARGAS MATAFUEGOS,000000,,1,N
2026,1056,1062,1,1114,688,2026-03-16 00:00:00,PRESU,7003,2026,O,,,,Corresponde presupuesto N° 0000007003- RAMOS E ISIDRO,000000,,1,N
2026,1057,1063,1,1115,2627,2026-03-16 00:00:00,PRESU,2190,2026,O,,,,SANTA PAULA- PRESUPUESTO N° 0001-00002190/2191 (DESDE 3/03 HASTA EL 10/03/26),000000,,1,N
2026,1058,1064,1,1118,3430,2026-03-16 00:00:00,PRESU,167212,2026,O,,,,PRESUPUESTO 167212 GLOBAL TONER PARA OFICINA FACTURACION - OFICINA ESTADISTICA - DIRECCION MEDICA - DIRECION ADMINISTRATIVA - INTERNACION - GUARDIA ADULTO - GUARDIA PEDIATRICA - OFICINA DE PERSONAL - CONSULTORIOS EXTERNOS - CAPS BELGRANO - CAPS SAN MARTIN  - CAPS NORTE - CAPS QUINTANILLA,000000,,1,N
2026,873,876,1,918,1468,2026-03-05 00:00:00,SUM,801,2026,O,,,,NOVAFARMA- PRESUPUESTO N° 23/02/2026,000115,,1,N
2026,874,877,1,913,3180,2026-03-05 00:00:00,SUM,890,2026,O,,,,CARLA MARTINEZ        PROGRAMACION INCAA,000115,,1,N
2026,875,878,1,895,517,2026-03-05 00:00:00,SUM,879,2026,O,,,,PRESUPUESTO 260226 LALOSECVICH  INSUMOS PARA INTERNACION - CAPS NORTE,000115,,1,N
2026,876,879,1,910,300,2026-03-05 00:00:00,SUM,752,2026,O,,,,Pintureria - ferreteria TODO COLOR - presupuesto 5506 - invernada,000115,,1,N
2026,877,880,1,901,2627,2026-03-05 00:00:00,SUM,871,2026,O,,,,SANTA PAULA- PRESUPUESTO N° 0001-00002184 (SEMANA DEL 26/02/26 AL 23/02/26),000115,,1,N
2026,878,881,1,911,688,2026-03-05 00:00:00,SUM,865,2026,O,,,,"PRESUPUESTO 7018, RAMOS-ISIDRO",000115,,1,N
2026,879,882,1,900,2627,2026-03-05 00:00:00,SUM,872,2026,O,,,,SANTA PAULA- PRESUPUESTO N° 0001-00002188 (SEMANA  DEL 23/02/26 AL 2/03/26),000115,,1,N
2026,880,883,1,967,3492,2026-03-05 00:00:00,SUM,919,2026,O,,,,"EXpte N° 632/2026 Contrato: Sra. Baigorria, Daniela Operadora Grupal -  Equipo Envión. No cumple con el Art. 45 de la Ley 14.656",000115,,1,N
2026,881,884,1,968,3218,2026-03-05 00:00:00,ORDCO,936,2026,A,2026-03-11 00:00:00,ADMINI,,"PRESUPUESTO 000, USS SERVICIO DE SEGURIDAD DIFERENCIA OC 574",000115,,1,N
2026,882,885,1,966,3540,2026-03-05 00:00:00,SUM,918,2026,O,,,,"Exp.:507/26 Sol. Reparacion de Cubierta de EP Nº17 ""9 de Julio de 1986"" del Paraje Medaland - Prov.:Baigorria Gonzalo Ezequiel (3540) - Presup.:Contrato",000115,,1,N
2026,799,801,1,854,3481,2026-02-26 00:00:00,SUM,840,2026,O,,,,"PRESUPUESTO 000, CASTRO PATRICIO DANIEL",000029,,1,N
2026,802,804,1,857,2216,2026-02-26 00:00:00,SUM,816,2026,A,2026-03-02 00:00:00,ADMINI,,PRESUPUESTO 30777 RAFAEL CIOFFI SERVICIO AUTOMOTOR AMBULANCIA DOMINIO PAA 334,000029,,1,N
2026,1029,1035,1,1079,68,2026-03-13 00:00:00,SUM,1010,2025,O,,,,"PRESUPUESTO N° X 7390248 de Peyrano, Sergio de ""ATMOSFERICO LA PRIMERA""",000115,,1,N
2026,1032,1038,1,1084,17,2026-03-13 00:00:00,SUM,1018,2026,O,,,,PROV.LUIS LOMBARDIA PRESP.0063 INSUMOS PARA MAQUINAS CORTA PASTO,000115,,1,N
2026,1034,1040,1,1086,17,2026-03-13 00:00:00,SUM,1030,2026,O,,,,PROV. LUIS LOMBARDIA PRESUP.0061 REPEUSTOS E ISUMOS PARA MAQUINAS CORTA PASTO,000115,,1,N
2026,1038,1043,1,1089,1879,2026-03-13 00:00:00,SUM,1034,2026,O,,,,"Rodamientos Tuyu, presupuesto 3044 ( AE704AW-LBN 155)",000115,,1,N
2026,1040,1046,1,1094,2261,2026-03-13 00:00:00,SUM,1024,2026,O,,,,MATAFUEGOS AVELLANEDA - PRESUPUESTO N° 1-7271 MATAFUEGOS NUEVOS POR VENCIMIENTO DE LOS  CILINDRO,000115,,1,N
2026,1044,1048,1,1104,167,2026-03-16 00:00:00,SUM,1013,2026,O,,,,TODO POLLO - PRESUPUESTO N° 83 SEMANA DEL 02/03/26 AL 08/03/2026,000115,,1,N
2026,1047,1053,1,1105,167,2026-03-16 00:00:00,SUM,1015,2026,O,,,,TODO POLLO - PRESUPUESTO N° 84 SEMANA DEL 02/03/2026 AL 09/03/2026,000115,,1,N
2026,1050,1056,1,1106,2595,2026-03-16 00:00:00,SUM,1016,2026,O,,,,IVANPER REPUESTOS - PRESUPUESTO N°8243  PARA AMBULANCIA DOMINIO PAA334 - PARA COMPRESOR DE PLANTA OXIGENO - PARA MINIBUS AF591SU,000115,,1,N
2026,1053,1059,1,1110,2595,2026-03-16 00:00:00,SUM,1057,2026,O,,,,"Ivanper, presupuesto 8087 ( kyv 375- ae704aw)",000115,,1,N
2026,1054,1060,1,1113,2595,2026-03-16 00:00:00,SUM,1056,2026,O,,,,Corresponde presupuesto N° 00008078 -00008242 IVAN PER,000115,,1,N
2026,1055,1061,1,1112,879,2026-03-16 00:00:00,SUM,1036,2026,O,,,,PRESUPUESTO N° 1072 - CASA HARISGARAT - ARENA PARA RELLENADO DE CANCHA DE TEJO PROGRAMA NUESTROS ABUELOS,000115,,1,N
2026,848,850,1,892,3534,2026-03-03 00:00:00,SUM,889,2026,O,,,," Corresponde Cto. Melisa Pinto Expte n° 329/2026, ADENDAS POR PARITARIAS DURANTE EL AÑO",000115,,1,N
2026,833,835,1,874,2708,2026-02-27 00:00:00,SUM,817,2026,O,,,,PRESUPUESTO 74562 INSTITUTO RADIOLOGICO S.R.L PACIENTE BIGORITO  MILAGROS CATALINA,000115,,1,N
2026,834,836,1,875,441,2026-02-27 00:00:00,SUM,807,2026,O,,,,ALPA- PRESUPUESTO N° 0002-00003869,000115,,1,N
2026,835,837,1,876,3220,2026-02-27 00:00:00,SUM,827,2026,O,,,,"Ricciuto, presupuesto 023 (AE331 IY)",000115,,1,N
2026,837,839,1,877,441,2026-02-27 00:00:00,SUM,821,2026,O,,,,"Papelera Alpa, presupuesto 3874 (inspeccion)",000115,,1,N
2026,838,840,1,878,3220,2026-02-27 00:00:00,SUM,822,2026,O,,,,"Ricciuto, presupuesto 0022 (AB038FH)",000115,,1,N
2026,839,841,1,879,2330,2026-02-27 00:00:00,SUM,820,2026,O,,,,PROV.COMBUSTIBLE DEL SALADO- SEC PRODUCCION- PREVISION,000115,,1,N
2026,840,842,1,880,360,2026-02-27 00:00:00,SUM,825,2026,O,,,,"PRESUPUESTO 046, LOMBERA CARLOS",000115,,1,N
2026,841,843,1,881,2209,2026-02-27 00:00:00,SUM,824,2026,O,,,,"Durante Javier ,presupuesto 0001-00000853",000115,,1,N
2026,899,903,1,944,3322,2026-03-09 00:00:00,SUM,835,2026,O,,,,PINAMAR HIGIENE INSTITUCIONAL - PRESUPUESTO N° 16-2479 (HOSPITAL),000115,,1,N
2026,901,905,1,945,850,2026-03-09 00:00:00,SUM,860,2026,O,,,,UNO ELECTROMEDICINA- PRESUPUESTO N° 00003-00015129 (LABORATORIO DE ANALISIS),000115,,1,N
2026,902,906,1,952,866,2026-03-09 00:00:00,SUM,718,2026,O,,,,PRESUPUESTO 13/02/26 ´PILOÑA,000115,,1,N
2026,904,909,1,951,2883,2026-03-09 00:00:00,SUM,848,2026,O,,,,INSUMOS GENERALES 3 F- PRESUPUESTO N° 25/02/2026,000115,,1,N
2026,905,910,1,953,441,2026-03-09 00:00:00,ORDCO,823,2026,O,,,,ALPA- PRESUPUESTO N° 0002-00003880/3881 (DIRECCION- LABORATORIO),000115,,1,N
2026,906,911,1,954,171,2026-03-09 00:00:00,SUM,828,2026,O,,,,ELECTRICIDAD EL GALLEGO- PRESUPUESTO N° 54899/54810,000115,,1,N
2026,907,912,1,957,160,2026-03-09 00:00:00,SUM,830,2026,O,,,,AGROVETERINARIA MARZULLO- PRESUPUESTO N° 0001-00001172/1173,000115,,1,N
2026,908,913,1,947,2869,2026-03-09 00:00:00,SUM,858,2026,O,,,,MADA POY S.A- PRESUPUESTO N° 0001-00000982 (DESDE EL 19/02/2026 AL 26/02/2026),000115,,1,N
2026,909,914,1,955,612,2026-03-09 00:00:00,SUM,829,2026,O,,,,MARZULLO COMPUTACION- PRESUPUESTO N° 001-00001296 (ENFERMERIA),000115,,1,N
2026,910,915,1,956,527,2026-03-09 00:00:00,SUM,826,2026,O,,,,SERVIMED- PRESUPUESTO N° 7269/26 R,000115,,1,N
2026,911,916,1,958,441,2026-03-09 00:00:00,SUM,854,2026,O,,,,"Matienzo Paola ,presupuesto 00003882",000115,,1,N
2026,913,918,1,959,717,2026-03-09 00:00:00,SUM,846,2026,O,,,,"PRESUPUESTO N° X  021422 de Marina Irene Pinilla de ""PROVEDURIA LA ILUSION"" Para la oficina del Equipo de Violencias",000115,,1,N
2026,914,919,1,982,1141,2026-03-09 00:00:00,SUM,921,2026,O,,,,PROV. RUBEN BASTONS PRESUP.0146 LONA PARA CAMION VW 17260 AF497IJ,000115,,1,N
2026,919,924,1,983,826,2026-03-09 00:00:00,SUM,912,2026,O,,,,PROV.DUENDE AZUL PRESUP.2644 COMISION A LA PLATA POR REPUESTOS,000115,,1,N
2026,923,928,1,985,2209,2026-03-09 00:00:00,SUM,896,2026,O,,,,DURANTE JAVIER- PRESUPUESTO N° 0001-0000847 ( DESDE EL 9/02/26 HASTA EL 9/03/26),000115,,1,N
2026,925,930,1,984,777,2026-03-09 00:00:00,SUM,911,2026,O,,,,"PROV. MP REPUESTOS PRESUP.131,0120 REPUESTOS PARA INI856,CAR748",000115,,1,N
2026,926,931,1,986,3287,2026-03-09 00:00:00,SUM,923,2026,O,,,, PROV. HISPANOGRAF- SEC PRODUCCION-TALLER TEXTIL,000115,,1,N
2026,941,946,1,998,3322,2026-03-10 00:00:00,SUM,903,2026,O,,,,PINAMAR HIGIENE INSTITUCIONAL - PRESUPUESTO N° 16-2500,000115,,1,N
2026,942,947,1,1006,1603,2026-03-10 00:00:00,SUM,942,2026,O,,,,"PRESUPUESTO N° X 6939051 de Garcia, Gladys de ""PANADERIA ALEM""",000115,,1,N
2026,943,948,1,1009,2330,2026-03-10 00:00:00,SUM,956,2026,O,,,,CORRESPONDE PREVISION COMBUSTIBLES DEL SALADO - SEC GOBIERNO,000115,,1,N
2026,944,950,1,1008,1206,2026-03-10 00:00:00,SUM,955,2026,O,,,,Presupuesto N°1-459157 nUCLEO MDP GRUPO NUCLEO-para Area de Prestaciones,000115,,1,N
2026,946,951,1,991,2770,2026-03-10 00:00:00,SUM,938,2026,O,,,,"PRESUPUESTO de ""FERNANDO, MARTIN"" Para computadora de la oficina de género",000115,,1,N
2026,948,953,1,1010,688,2026-03-10 00:00:00,SUM,934,2026,O,,,,"Baterias La Primera, presupuesto 7001-7020-7000 ( jch069,lbn155,ae331iy)",000115,,1,N
2026,951,956,1,989,216,2026-03-10 00:00:00,SUM,953,2026,O,,,,"PROV. F.A.E.  PRESUP.1549,7711 BOLSA DE RESIDUOS PARA VIVERO MUNICIPAL Y MEDIO AMBIENTE",000115,,1,N
2026,953,957,1,988,1259,2026-03-10 00:00:00,SUM,939,2026,O,,,,"PRESUPUESTOS N° 00030270/30304 de Sucesión de D annunzio Jorge Neldo de ""ELECTRO D ANNUNZIO"" Para la oficina de Desarrollo Social (afuera)",000115,,1,N
2026,962,967,1,1014,2001,2026-03-10 00:00:00,SUM,970,2026,O,,,,FARMACIA TONANI- PRESUPUESTO S/N° MEDICAMENTOS DISPENSADOS DESDE EL 3/12/25 AL 21/02/26,000115,,1,N
2026,963,968,1,1041,2310,2026-03-10 00:00:00,SUM,880,2026,O,,,,CENTRO HIERRO- PRESUPUESTO N° 11-7791,000115,,1,N
2026,964,969,1,1027,2216,2026-03-10 00:00:00,ORDCO,816,2026,A,2026-03-17 00:00:00,ERROR,,PRESUPUESTO 30777 RAFAEL CIOFFI SERVICIO AUTOMOTOR AMBULANCIA DOMINIO PAA 334,000115,,1,N
2026,965,970,1,1028,3322,2026-03-10 00:00:00,SUM,971,2026,O,,,,PRESUPUESTO 2095  REMITO 975 03/01/26 - PRESUPUESTO 2096 - REMITO 968 10/01/2026 PRESUPUESTO 2093 REMITO 967 17/01/2026,000115,,1,N
2026,966,971,1,1030,2209,2026-03-10 00:00:00,SUM,902,2026,O,,,,DURANTE JAVIER - PRESUPUESTO N° 1-857  SEMANA DEL 16/02/26 AL 24/02/26,000115,,1,N
2026,967,972,1,1031,2209,2026-03-10 00:00:00,SUM,901,2026,O,,,,DURANTE JAVIER- PRESUPUESTO N° 1-858 DEL 18/02/26 AL 25/02/26,000115,,1,N
2026,968,973,1,1032,3322,2026-03-10 00:00:00,SUM,948,2026,O,,,,PINAMAR HIGIENE INSTITUCIONAL - PRESUPUESTO N° 16-240 SEMANA 20/01/26 AL 26/01/2026,000115,,1,N
2026,969,974,1,1034,441,2026-03-10 00:00:00,SUM,968,2026,O,,,,ALPA- PRESUPUESTO N° 0002-00003886/3887 (FACTURACION- INTERNACION- COCINA),000115,,1,N
2026,971,976,1,1033,3322,2026-03-10 00:00:00,SUM,951,2026,O,,,,PINAMAR HIGIENE INSTITUCIONAL - PRESUPUESTO N° 16-237 SEMANA DEL 12/03/26 AL 19/03/26,000115,,1,N
2026,972,977,1,1038,441,2026-03-10 00:00:00,ORDCO,957,2026,O,,,,ALPA- PRESUPUESTO N° 0002-00003885,000115,,1,N
2026,973,978,1,1037,1259,2026-03-10 00:00:00,SUM,960,2026,O,,,,ELECTRO D ANNUNZIO- PRESUPUESTO N° 23/02/26,000115,,1,N
2026,974,979,1,1029,2330,2026-03-10 00:00:00,SUM,972,2026,O,,,,"COMBUSTIBLES DEL SALADO. PREVISION DEL 01/03/26 AL 15/03/26.VEHICULOS HOSPITAL MUNICIPAL.DOMINIOS: EQM 605, FJX 453, KYV 365, JQS 879, AA 775 QW, PAA 334, AB 039 OI, AF 591 SU, AF 545 GL. AF 548 KJ.",000115,,1,N
2026,976,981,1,1036,1810,2026-03-10 00:00:00,ORDCO,961,2026,O,,,,AC REFRIGERACION DE ADOLFO CATALDO E HIJOS - PRESUPUESTO N° 379,000115,,1,N
2026,978,983,1,1035,2627,2026-03-10 00:00:00,SUM,965,2026,A,2026-03-13 00:00:00,ERROR,,SANTA PAULA- PRESUPUESTO N° 0001-00002190/2191 (DESDE 3/03 HASTA EL 10/03/26),000115,,1,N
2026,850,852,1,898,3482,2026-03-03 00:00:00,PRESU,0,2026,O,,,, PROV. MARC ALICIA BEATRIZ - PRESUP. 03/03/2026- SEC PRODUCCION-,000000,,1,N
2026,854,856,1,916,2843,2026-03-04 00:00:00,PRESU,6926954,2026,O,,,,"PRESUPUESTO N º X 6926954 de Rost, Tamara de ""FRUTERIA NEGRIN"" Plan Alimentario 2026",000000,,1,N
2026,855,857,1,914,313,2026-03-04 00:00:00,PRESU,0,2026,O,,,,PROV. ATREUCO PUEL COMBUSTIBLE PARA MAQUINAS Y VEHICULOS DE ESTA SECRETARIA,000000,,1,N
2026,856,858,1,915,3296,2026-03-04 00:00:00,PRESU,3595,2026,O,,,,"PRESUPUESTO N° 0003-00003595 de ""PINTURERIA CONCEPTO S. CAP I"" Para pintar frente de la Casa del Adolescente",000000,,1,N
2026,857,859,1,912,71,2026-03-04 00:00:00,PRESU,15272,2026,O,,,,Campo y ciudad. presupuesto 15272.,000000,,1,N
2026,858,860,1,904,441,2026-03-04 00:00:00,PRESU,3884,2026,O,,,,Presupuesto N° 0002-00003884   Proveedor Matienzo Paola,000000,,1,N
2026,859,861,1,905,1259,2026-03-04 00:00:00,PRESU,30288,2026,O,,,,"PRESUPUESTO 30288, SUC DANNUNZIO JORGE",000000,,1,N
2026,860,862,1,906,2958,2026-03-04 00:00:00,PRESU,30048,2026,O,,,,PRESUPUESTO AVICOLA DEL TUYU ANDERS VICTOR REMITOS 30048 - 30063 - 31125 - 31134,000000,,1,N
2026,861,864,1,907,90,2026-03-04 00:00:00,PRESU,40,2026,O,,,,"PRESUPUESTO N° X 00000040 de Lo coco, Marcelo Alejandro de ""TODO COLOR""",000000,,1,N
2026,862,865,1,908,688,2026-03-04 00:00:00,PRESU,7025,2026,O,,,,"PRESUPUESTO 7025/7010/7007, RAMOS-ISIDRO",000000,,1,N
2026,863,866,1,909,130,2026-03-04 00:00:00,PRESU,133,2026,O,,,,Mecanica Integral PEREYRA - presupuesto 133 invernada,000000,,1,N
2026,864,867,1,917,2302,2026-03-04 00:00:00,PRESU,11376,2026,O,,,,"PRESUPUESTO 11376, DGM DE MARTIN SRL",000000,,1,N
2026,865,868,1,919,3072,2026-03-04 00:00:00,PRESU,0,2026,O,,,,Copia de 2026/40 Correo Oficial de la República Argentina,000000,,1,N
2026,867,870,1,922,2330,2026-03-04 00:00:00,PRESU,0,2026,O,,,,"PREVISION PARA DISTINTAS AREAS,COMBUSTIBLE DEL SALADO",000000,,1,N
2026,870,873,1,920,313,2026-03-05 00:00:00,PRESU,0,2026,O,,,,PREVISION SIN N°  - ATREUCO PUEL S.A -  ABASTECIMIENTO ANUAL DE COMBIS SECRETARIA DE DEPORTES,000000,,1,N
2026,871,874,1,921,2770,2026-03-05 00:00:00,PRESU,0,2026,O,,,,"PRESUPUESTO 000, MARTIN FERNANDO HIJO",000000,,1,N
2026,872,875,1,935,3337,2026-03-05 00:00:00,PRESU,595,2026,O,,,,"PRESUPUESTO 595, GARCIA FEDERICO",000000,,1,N
2026,883,887,1,969,3563,2026-03-06 00:00:00,PRESU,0,2026,O,,,,SONIDO CD  CLAUDIO OSCAR DIAZ  FINAL FOLKLORE EN LOS BARRIOS  EXPTE 224/26,000000,,1,N
2026,887,891,1,973,33,2026-03-06 00:00:00,PRESU,0,2026,O,,,,"PRESUPUESTO 000, PCIA BS AS",000000,,1,N
2026,888,892,1,975,3529,2026-03-09 00:00:00,PRESU,0,2026,O,,,,PRESUPUESTO TISERA SANITARIOS PORTATILES,000000,,1,N
2026,889,893,1,925,3364,2026-03-09 00:00:00,PRESU,0,2026,A,2026-03-10 00:00:00,ADMINI,,MATIAS LIGARI    FINAL FOLKLORE EN LOS BARRIOS   EXPTE 224/26,000000,,1,N
2026,890,894,1,939,2330,2026-03-09 00:00:00,PRESU,0,2026,O,,,,"COMBUSTIBLES DEL SALADO. PREVISION DEL 16/02/26 AL 28/02/2026.VEHICULOS HOSPITAL MUNICIPAL.DOMINIOS EQM 605, FJX 453, KYV 365, JQS 879, AA 775 QW, PAA 334, AB 039 OI, AF 591 SU, AF 545 VGL, AF 548 KJ.",000000,,1,N
2026,891,895,1,936,1259,2026-03-09 00:00:00,PRESU,30086,2026,O,,,,"PRESUPUESTO 30086, SUC DANNUNZIO JORGE",000000,,1,N
2026,892,896,1,933,2627,2026-03-09 00:00:00,PRESU,2180,2026,O,,,,SANTA PAULA- PRESUPUESTO N° 0001-00002180 (SEMANA DEL 11/02 HASTA EL 18/02/26),000000,,1,N
2026,893,897,1,932,850,2026-03-09 00:00:00,PRESU,15176,2026,O,,,,UNO ELECTROMEDICINA- PRESUPUESTO N° 00003-00015176 (LABORATORIO DE ANALISIS),000000,,1,N
2026,894,898,1,931,3165,2026-03-09 00:00:00,PRESU,10771,2026,O,,,,VELIBO SUPPLIES S.A.S- PREUPUESTO N° 0001-00010771,000000,,1,N
2026,895,899,1,930,1603,2026-03-09 00:00:00,PRESU,693953,2026,O,,,,PANADERIA ALEM DE GARCIA GLADYS- PRESUPUESTO N° 6939053 HOSPITAL Y HOGAR DE ANCIANOS (DESDE EL 28/02 HASTA EL 14/03/2026),000000,,1,N
2026,896,900,1,937,3322,2026-03-09 00:00:00,PRESU,2451,2026,O,,,,PINAMAR HIGIENE INSTITUCIONAL - PRESUPUESTO N° 16-2451,000000,,1,N
2026,897,901,1,962,2109,2026-03-09 00:00:00,PRESU,0,2026,O,,,,Gomez Alberto Daniel,000000,,1,N
2026,898,902,1,963,3322,2026-03-09 00:00:00,PRESU,2481,2026,O,,,,PINAMAR HIGIENE INSTITUCIONAL - PRESUPUESTO N° 16-2481,000000,,1,N
2026,900,904,1,964,1440,2026-03-09 00:00:00,PRESU,91,2026,O,,,,QUALIMED- PRESUPUESTO N° 91,000000,,1,N
2026,903,908,1,934,2627,2026-03-09 00:00:00,PRESU,2178,2026,O,,,,SANTA PAULA- PRESUPUESTO N° 0001-00002178 (DIARIO),000000,,1,N
2026,912,917,1,1005,1514,2026-03-09 00:00:00,PRESU,0,2026,O,,,,"PRESUPUESTO 000, CASA ELICEIRY, 9/03/2026",000000,,1,N
2026,915,920,1,976,777,2026-03-09 00:00:00,PRESU,122,2026,O,,,,"MP repuestos, presupuestos 122-135-134-129 ( AB038FG-AE704AW-AB038FH)",000000,,1,N
2026,916,921,1,979,777,2026-03-09 00:00:00,PRESU,126,2026,O,,,,"MP Repuestos, presupuestos 126-127 (jwg 930-ae704ax)",000000,,1,N
2026,917,922,1,980,1259,2026-03-09 00:00:00,PRESU,30268,2026,O,,,,"Electro Dannunzio, prespuesto 30268-30315 (COM)",000000,,1,N
2026,918,923,1,981,717,2026-03-09 00:00:00,PRESU,21424,2026,O,,,,PROVEEDURIA LA ILUSION- PRESPUESTO N° 21424,000000,,1,N
2026,920,925,1,1011,1514,2026-03-09 00:00:00,PRESU,0,2026,O,,,,PROV. CASA ELICEIY GAS OIL PARA FLOTA VEHICULAR DE ESTA SECRETARIA,000000,,1,N
2026,922,927,1,1012,1514,2026-03-09 00:00:00,PRESU,0,2026,O,,,,"PROV. CASA ELICEIRY GAS OIL PARA MAQUINAS DE PREDIO,DISPOSICION FINAL DE RESIDUOS RUTA 11 KM 405.5, 9/03/2026",000000,,1,N
2026,934,939,1,997,395,2026-03-09 00:00:00,PRESU,0,2026,O,,,,LABORATORIO BIOQUIMICO MAR DEL PLATA S.A- PRESUPUESTO S/N° PRACTICAS REALIZADAS EN EL MES DE FEBRERO,000000,,1,N
2026,935,940,1,1001,2209,2026-03-09 00:00:00,PRESU,855,2026,O,,,,DURANTE JAVIER - PRESUPUESTO N° 1-855 DEL 01/02/2026 AL 28/02/2026,000000,,1,N
2026,937,942,1,927,3395,2026-03-09 00:00:00,PRESU,5087,2026,O,,,,"PROV. YANINA PECORARI PRESUP.5087,5086 BATERIA PARA CAMION ASZ490 Y EQM607",000000,,1,N
2026,1025,1030,1,1099,441,2026-03-13 00:00:00,SUM,1032,2026,O,,,,PRESPUESTO N° 20042 - PAPELERA ALPA MADARIAGA - VASOS PARA HIDRATACION CARRERA DE LA MUJER,000115,,1,N
2026,1026,1032,1,1100,2991,2026-03-13 00:00:00,SUM,1031,2026,O,,,,PRESUPUESTO N° 3101 - SIP EVENTOS - SONIDO PARA LOCUCION Y MUSICALIZACION EN LA  XI EDICON DE LA CARRERA DE LA MUJER,000115,,1,N
2026,1027,1033,1,1101,2450,2026-03-13 00:00:00,SUM,1041,2026,O,,,,PREVISION S/N MARCELO LABATUT - FRUTAS PARA ENTRAGAR A CORRERDORES EN CARRERA DE LA MUJER,000115,,1,N
2026,846,848,1,889,492,2026-03-02 00:00:00,SUM,876,2026,O,,,,MAXIMO PINASCO S.A PRESUPUESTO 1000354096 SERVICE MINIBUS AF591SU,000029,,1,N
2026,796,798,1,831,2110,2026-02-26 00:00:00,SUM,763,2026,O,,,,"Eduardo Fumega, presupuesto 540 ( comisaria de la mujer)",000115,,1,N
2026,797,799,1,832,1259,2026-02-26 00:00:00,SUM,764,2026,O,,,,"Electri Dannunzio, presupuesto 30183 (COM-tecnica)",000115,,1,N
2026,808,810,1,841,2110,2026-02-26 00:00:00,SUM,818,2026,O,,,,EDUARDO FUMEGA  PRESUPUESTO N° 545,000115,,1,N
2026,810,812,1,845,3529,2026-02-26 00:00:00,SUM,812,2026,A,2026-03-09 00:00:00,ADMINI,,PRESUPUESTO TISERA SANITARIOS PORTATILES,000115,,1,N
2026,813,814,1,847,3184,2026-02-26 00:00:00,SUM,772,2026,O,,,,DROGUERIA PERDOMINICI- PRESUPUESTO N° 12/02/2026,000115,,1,N
2026,817,818,1,851,850,2026-02-26 00:00:00,SUM,794,2026,O,,,,UNO ELECTROMEDICINA- PRESUPUESTO N° 00003-00015081/15094 (LABORATORIO DE IMAGENES),000115,,1,N
2026,818,820,1,859,2306,2026-02-26 00:00:00,SUM,782,2026,O,,,,PRESUPUESTO  OXI - REF  SANTIAGO PEREZ,000115,,1,N
2026,819,821,1,860,345,2026-02-26 00:00:00,SUM,776,2026,O,,,,DROGUERIA AZCUENAGA - PRESUPUESTO N° 200056152,000115,,1,N
2026,820,822,1,861,1573,2026-02-26 00:00:00,SUM,775,2026,O,,,,DROGUERIA ALBERDI S.A- PRESUPUESTO N° 26/01/2026,000115,,1,N
2026,823,825,1,882,2209,2026-02-26 00:00:00,SUM,850,2026,O,,,,Expte 129/26 Rally 2026.Durante Javier,000115,,1,N
2026,824,826,1,863,285,2026-02-26 00:00:00,SUM,769,2026,O,,,,RADIOGRAFICAOESTE- PRESUPUESTO N° 100053111 (LABORATORIO DE ANALISIS),000115,,1,N
2026,826,828,1,865,1810,2026-02-26 00:00:00,SUM,780,2026,O,,,,CATALDO ADOLFO E HIJOS PRESUPUESTO 000373,000115,,1,N
2026,827,829,1,866,866,2026-02-26 00:00:00,SUM,766,2026,O,,,,PILOÑA- PRESUPUESTO N° 5/02/26,000115,,1,N
2026,828,830,1,883,1658,2026-02-26 00:00:00,SUM,849,2026,O,,,,PREVISION SIN N° - YELITO AGUA - HIDRATACION EN EVENTOS DEPORTIVOS PRIMER SEMESTRE DEL AÑO,000115,,1,N
2026,829,831,1,867,1876,2026-02-26 00:00:00,SUM,767,2026,O,,,,MAX CONTINENTAL- PRESUPUESTO N° 20/02/2026,000115,,1,N
2026,831,833,1,856,1063,2026-02-27 00:00:00,SUM,805,2026,O,,,,PRESUPUESTO LOPEZ MIGUEN ANGEL TELEFONO FIJO PARA CENTRAL TELEFONICA,000115,,1,N
2026,832,834,1,839,1267,2026-02-27 00:00:00,SUM,786,2026,O,,,,"PROV.SILVIA SORAGNI PRESUP.0607  REPARACION Y REPUESTOS PARA PALA CARGADORA CII58,",000115,,1,N
2026,842,844,1,885,2869,2026-02-27 00:00:00,SUM,862,2026,O,,,,Mada-Poy.Expte 129/26 Rally 2026,000115,,1,N
2026,843,845,1,886,3198,2026-02-27 00:00:00,SUM,863,2026,O,,,,Cirucci Silvia (Trofeos).Expte 129/2026,000115,,1,N
2026,844,846,1,887,71,2026-02-27 00:00:00,SUM,750,2026,O,,,,Campo y ciudad. presupuesto 15276.,000115,,1,N
2026,845,847,1,888,3287,2026-02-27 00:00:00,SUM,867,2026,O,,,,Prevision Avellaneda 7163,000115,,1,N
2026,847,849,1,891,3514,2026-03-03 00:00:00,SUM,882,2026,O,,,,"Expte N° 604/2026 Contrato: Sra. Suaréz Acevedo, Sheila,  Psicóloga Servicio Local - No cumple con el Art. 45 de la Ley 14.656",000029,,1,N
2026,995,1001,1,1052,2595,2026-03-11 00:00:00,SUM,981,2026,O,,,,"PROV.IVAN PERICO PRESUP.8088,8237,8241 REPEUSTOS PARA KYV355 LED010, SVN719",000115,,1,N
2026,997,1002,1,1053,3336,2026-03-11 00:00:00,SUM,988,2026,O,,,,PROV.ROCIO MORALES PRESUP.09.03 REPARACION PARA LED013N ASZ490,000115,,1,N
2026,1001,1004,1,1054,3395,2026-03-11 00:00:00,SUM,992,2026,O,,,,PROV. YANINA PECORARI PRESUP.5090 BARETIA PARA LED013,000115,,1,N
2026,1002,1007,1,1057,2450,2026-03-11 00:00:00,ORDCO,991,2026,O,,,,LA FRUTERIA - PRESUPUESTO S/N FECHA 26/2/26   HOSPITAL - HOGAR DE ANCIANOS,000115,,1,N
2026,1003,1008,1,1058,3564,2026-03-11 00:00:00,SUM,994,2026,O,,,,PROV MADRID MIGUEL ANGEL- PRESUP 12/02/26-SEC PRODUCCION-,000115,,1,N
2026,1004,1009,1,1059,1440,2026-03-11 00:00:00,SUM,1005,2026,O,,,,QUALIMED S.A- PRESUPUESTO N° 92,000115,,1,N
2026,1005,1010,1,1060,2627,2026-03-11 00:00:00,SUM,999,2026,O,,,,SANTA PAULA- PRESUPUESTO N° 0001-00002194 (SEMANA DEL 9/03 AL 16/03/26),000115,,1,N
2026,1006,1011,1,1061,850,2026-03-11 00:00:00,SUM,974,2026,O,,,,UNO ELECTROMEDICINA- PRESUPUESTO N° 00003-00015228 (LABORATORIO DE ANALISIS),000115,,1,N
2026,1009,1014,1,1062,3165,2026-03-11 00:00:00,SUM,1004,2026,O,,,,VELIBO SUPPLIES S.A.S- PRESUPUESTO N° 0001-00011228,000115,,1,N
2026,1010,1015,1,1070,2416,2026-03-11 00:00:00,SUM,943,2026,O,,,,"Cesviauto, presupuesto (para colocar en el vehiculo ford ka que pertenecia a salud AC 548KJ)",000115,,1,N
2026,1011,1016,1,1071,2801,2026-03-11 00:00:00,SUM,1007,2026,O,,,,Pasini refrigeracion - presupuestocon fecha10/03/26,000115,,1,N
2026,1012,1017,1,1065,2627,2026-03-11 00:00:00,SUM,987,2026,O,,,,SANTA PAULA - PRESUPUESTO N° 1-2192,000115,,1,N
2026,1013,1018,1,1069,1879,2026-03-11 00:00:00,SUM,998,2026,O,,,,"Rodamientos Tuyu, presupuesto 3048 (OIG 911-AE704AW-AE331IY-AB038FH)",000115,,1,N
2026,1014,1019,1,1068,1879,2026-03-11 00:00:00,SUM,1003,2026,O,,,,"Rodamientos Tuyu, presupuesto 3901 (AE704AW)",000115,,1,N
2026,1015,1020,1,1063,285,2026-03-11 00:00:00,ORDCO,1002,2026,O,,,,RADIOGRAFICAOESTE - PRESUPUESTO N° 100053328,000115,,1,N
2026,1016,1021,1,1067,2595,2026-03-11 00:00:00,SUM,1000,2026,O,,,,"Ivanper, presupuesto 8244 (ag7143zv-af747pm-oig911)",000115,,1,N
2026,1017,1022,1,1064,1810,2026-03-11 00:00:00,SUM,1006,2026,O,,,,PRESUPUESTO 000378  CATALDO ADOLFO SERVICE + LIMPIEZA AIRE ACONDICIONADO SALA TOMOGRAFO,000115,,1,N
2026,885,889,1,970,1119,2026-03-06 00:00:00,SUM,954,2026,O,,,, EXPEDIENTE 5/2025 CONTRATO SOMA S.A DEL 01/01/26 AL 30/06/2026 RECOLECCIÓN SERVICIOS RESIDUOS  PATOGENICOS - DIF ORDEN DE COMPRA N° 127,000115,,1,N
2026,886,890,1,972,3430,2026-03-06 00:00:00,SUM,931,2026,A,2026-03-16 00:00:00,ERROR,,PRESUPUESTO 167212 GLOBAL TONER PARA OFICINA FACTURACION - OFICINA ESTADISTICA - DIRECCION MEDICA - DIRECION ADMINISTRATIVA - INTERNACION - GUARDIA ADULTO - GUARDIA PEDIATRICA - OFICINA DE PERSONAL - CONSULTORIOS EXTERNOS - CAPS BELGRANO - CAPS SAN MARTIN  - CAPS NORTE - CAPS QUINTANILLA,000115,,1,N
2026,1059,1065,1,1111,1527,2026-03-17 00:00:00,SUM,1058,2026,O,,,,"Gomeria La Diagonal, presupuesto 0572",000115,,1,N
2026,939,944,1,928,803,2026-03-10 00:00:00,SUM,907,2026,O,,,,"PROV. BLUECAR PRESUP.0545 FILTROS PARA VEHICULOS SVN719,SOG742,AWK675,XNE245,XNE244,UQV264,UQV265,DMI232,FSL723,HKO983,INI856,BMV14,LED10,LED013,CII59,CII58,OOI617,AF947IJ,AF947IN",000115,,1,N
2026,940,945,1,961,169,2026-03-10 00:00:00,SUM,847,2026,O,,,,"PRESUPUESTO N° 001033 de Terranova Lucas Hernán de ""TERRANOVAQUIMICA"" Para uso de la granja de contención",000115,,1,N
2026,945,949,1,960,2110,2026-03-10 00:00:00,SUM,839,2026,O,,,,Prov.:Eduardo Fumega - Presup.:543,000115,,1,N
2026,947,952,1,948,2627,2026-03-10 00:00:00,SUM,857,2026,O,,,,SANTA PAULA- PRESUPUESTO N° 0001-00002174 (DESDE EL 28/01/26 AL 4/02/2026),000115,,1,N
2026,952,958,1,949,2627,2026-03-10 00:00:00,SUM,856,2026,O,,,,SANTA PAULA- PRESUPUESTO N° 0001-00002173 DESDE EL 27/01/26 AL 3/02/26,000115,,1,N
2026,955,960,1,950,1573,2026-03-10 00:00:00,SUM,853,2026,O,,,,DROGUERIA ALBERDI- PRESUPUESTO N° 25/02/2026,000115,,1,N
2026,956,961,1,993,167,2026-03-10 00:00:00,SUM,897,2026,O,,,,TODO POLLO - PRESUPUESTO N° 81 ( SEMANA  DEL 26/02/26 AL  5/03/26),000115,,1,N
2026,957,962,1,995,717,2026-03-10 00:00:00,SUM,925,2026,O,,,,PROVEEDURIA LA ILUSION- PRESUPUESTO N° 21425,000115,,1,N
2026,958,963,1,994,167,2026-03-10 00:00:00,SUM,927,2026,O,,,,TODO POLLO- PRESUPUESTO N° 82 ( SEMANA DEL 26/02 HASTA EL 5/03/26),000115,,1,N
2026,959,964,1,992,3287,2026-03-10 00:00:00,SUM,937,2026,O,,,,"PRESUPUESTO N° 1866 de ""HISPANOGRAF"" Certificados del curso de barbería",000115,,1,N
2026,960,965,1,990,3296,2026-03-10 00:00:00,SUM,940,2026,O,,,,"PRESUPUESTO N° 0003-00003620 de ""PINTURERIA CONCEPTO S. CAP 1"" Para pintar mástil en la granja de contención",000115,,1,N
2026,961,966,1,1007,1603,2026-03-10 00:00:00,SUM,944,2026,O,,,,"PRESUPUESTO N° X 6939054 de Garcia Gladys de ""PANADERIA ALEM"" Esfuerzo Solidario 2026",000115,,1,N
2026,790,792,1,829,2110,2026-02-25 00:00:00,SUM,803,2026,O,,,,"Expte N° 550/2026 PRESUPUESTOS N° 534/544 de ""FUMEGA EDUARDO""",000115,,1,N
2026,571,574,1,593,395,2026-02-04 00:00:00,SUM,556,2026,O,,,,PRESUPUESTO LABORATORIO BIOQUIMICO PRACTICAS MES DE ENERO,000115,,1,N
2026,572,575,1,584,3322,2026-02-04 00:00:00,SUM,535,2026,O,,,,PINAMAR HIGIENE INSTITUCIONAL SRL- PRESUPUESTO N° 0016-00002341/2342/2365 (COCINA- OFFICE MUCAMAS),000115,,1,N
2026,573,576,1,581,167,2026-02-04 00:00:00,SUM,539,2026,O,,,,""" TODO POLLÑO"" Gonzalo A. Bustamasnte. PRESUPUESTO Nº 72.COCINA HOSPITAL.SEMAN DEL 19/01/26 AL 26/01/26",000115,,1,N
2026,574,577,1,608,3218,2026-02-04 00:00:00,PRESU,0,2026,O,,,,"PRESUPUESTO 000, USS SERVICIO DE SEGURIDAD",000000,,1,N
2026,575,578,1,609,141,2026-02-04 00:00:00,PRESU,9689,2026,O,,,,PRESUPUESTO 9689 SAGITARIO,000000,,1,N
2026,576,579,1,615,2988,2026-02-05 00:00:00,SUM,574,2026,O,,,,PRESUPUESTO COTTINI CARLOS MARTIN - 5 MILLAS NOCTURNAS,000115,,1,N
2026,577,580,1,610,313,2026-02-05 00:00:00,SUM,565,2026,O,,,,PROV. ATREUCO PUEL COMBUSTIBLES PARA MAQUINAS CORTA PASTO Y CAMION VW 17260 AF947IJ,000115,,1,N
2026,578,581,1,611,436,2026-02-05 00:00:00,SUM,559,2026,O,,,,"PROV. BAIGORRIA LORENZO PRESUP.03/02/2026 PARCHES Y REPARACIONES  DE CUBIERTAS PARA: EPK06,CII58,CII59,LED013,LED010,XNE245,UYW682,BNA17,ASZ490,BMV14,BGZ45.",000115,,1,N
2026,579,582,1,612,300,2026-02-05 00:00:00,SUM,561,2026,O,,,,"PROV.SILVIA MAISTEGUI PRESUP.5929 ARTICULOS DE FERRETERIA PARA CAMION OOI617,Y ARREGLOS EN CORRALON",000115,,1,N
2026,580,583,1,613,826,2026-02-05 00:00:00,SUM,566,2026,O,,,,PROV. DUENDE AZUL PRESUP.2641 COMISION A LA PLATA POR REPUESTOS,000115,,1,N
2026,632,634,1,661,826,2026-02-13 00:00:00,PRESU,2642,2026,O,,,,PROV.DUENDE AZUL PRESUP.2642 COMISION A LA PLATA REPUSTOS PARA VEHICULOS,000000,,1,N
2026,582,585,1,616,1266,2026-02-05 00:00:00,SUM,585,2026,O,,,,"RENOVACION DE ABONO DE ALARMAS,1° CUATRIMESTRE, EXPTE. 20/2025 Abono 6149 Galpones de Planta de Resiclado.",000115,,1,N
2026,583,586,1,369,400,2026-02-06 00:00:00,SUM,357,2026,O,,,,Corresponde Expte n ° 26/2026 - Servicio de Publicidad- Silvia Tolosa,000115,,1,N
2026,584,587,1,617,2450,2026-02-06 00:00:00,PRESU,0,2026,O,,,,PREVICION  MARCELO LABATUT,000000,,1,N
2026,585,588,1,618,879,2026-02-06 00:00:00,PRESU,1038,2026,O,,,,"Tatano Harisgarat, presupuesto 0001-00001038",000000,,1,N
2026,586,589,1,625,2109,2026-02-09 00:00:00,SUM,598,2026,O,,,,Gomez Alberto Daniel,000115,,1,N
2026,587,590,1,626,3558,2026-02-09 00:00:00,SUM,605,2026,O,,,,Corresponde cto. Villafañe Elvira A. Expte N° 436,000115,,1,N
2026,588,591,1,627,2692,2026-02-09 00:00:00,SUM,611,2026,O,,,,Corresponde presupuesto PAIS HERNAN HORACIO-,000115,,1,N
2026,589,592,1,629,635,2026-02-09 00:00:00,SUM,612,2026,O,,,,Escudero Sergio Fabián,000115,,1,N
2026,590,593,1,628,635,2026-02-09 00:00:00,SUM,613,2026,O,,,,Escudero Sergio Fabián,000115,,1,N
2026,592,595,1,622,441,2026-02-09 00:00:00,SUM,572,2026,O,,,,CORRESPONDE PRESUPUESTO N° 0002-00003858/0002-00003859/0002-00003863/00003868/0002-00003865 - MATIENZO PAOLA A.,000115,,1,N
2026,594,597,1,620,2770,2026-02-09 00:00:00,SUM,570,2026,O,,,,PRESUPUESTO 803 MARTIN FERNANDO,000115,,1,N
2026,595,598,1,624,2110,2026-02-09 00:00:00,SUM,586,2026,O,,,,PROV. FUMEGA EDUARDO- PRESUP. N°5201 - SEC PRODUCCION- SALA DE ELABORACION,000115,,1,N
2026,596,599,1,621,1259,2026-02-09 00:00:00,SUM,573,2026,O,,,,CORRESPONDE PRESUPUESTO N ° 00030122 - SUC DANNUNZIO,000115,,1,N
2026,597,265,1,269,90,2026-02-10 00:00:00,EXPED,77,2026,O,,,,Licitación Privada enero 2026,000300,,1,N
2026,600,602,1,632,5,2026-02-11 00:00:00,SUM,615,2026,O,,,,CORRESPONDE PREVISION PONSA S.A  CARNAVAL,000115,,1,N
2026,601,603,1,633,2365,2026-02-11 00:00:00,SUM,614,2026,O,,,,CORRESPONDE PREVISION GONZALEZ FARIAS J. CARNAVAL,000115,,1,N
2026,609,611,1,651,2330,2026-02-11 00:00:00,SUM,583,2026,O,,,,Corresponde a Previsón de Combustible del Salado. Desarrollo Social,000115,,1,N
2026,610,612,1,649,2810,2026-02-11 00:00:00,SUM,579,2026,O,,,,"PRESUPUESTO N° X 0001-00000768 / 771 / 795 / 851  de Arriola, María Teresa de ""MERCERIA EL DEDAL"" Para la realización de adornos para celebración aniversario de la Casita",000115,,1,N
2026,611,613,1,634,441,2026-02-11 00:00:00,SUM,603,2026,O,,,,Corresponde presupuesto N° 0002-00003870 - MATIENZO PAOLA,000115,,1,N
2026,612,614,1,635,19,2026-02-11 00:00:00,SUM,600,2026,O,,,,"PRESUPUESTO N° X 0002-00002957/2959 de Inocencio Cimos de ""FERRETERIA CIMOS"" Para el taller de carpintería y arreglos en la Casa del Adolescente",000115,,1,N
2026,613,615,1,636,1603,2026-02-11 00:00:00,SUM,601,2026,O,,,,"PRESUPUESTO N° X 1342396 de Garcia Mabel de ""PANADERIA ALEM""",000115,,1,N
2026,614,616,1,650,2810,2026-02-11 00:00:00,SUM,581,2026,O,,,,"PRESUPUESTO N° X 0001- 00000785 / 00000787 / 00000796 de Arriola, María Teresa de ""MERCERIA EL DEDAL"" Para el taller de costura del Programa Envión",000115,,1,N
2026,615,617,1,648,300,2026-02-11 00:00:00,SUM,576,2026,O,,,,"PRESUPUESTO N° 00005935  de Silvia Beatriz Maistegui de ""PINTURERIA - FERRETERIA TODO COLOR"" Para el taller de carpintería del Programa Envión",000115,,1,N
2026,616,618,1,637,1603,2026-02-11 00:00:00,SUM,602,2026,O,,,,"PRESUPUESTO N° X 1342398 de Gracia Gladys ""PANADERIA ALEM"" Esfuerzo Solidario 2026",000115,,1,N
2026,617,619,1,638,3296,2026-02-11 00:00:00,SUM,608,2026,O,,,,"PRESUPUESTO N° 0003-00003519 de ""PINTURERIA CONCEPTO S.CAP I""Para Proyecto de Diseño",000115,,1,N
2026,618,620,1,639,2410,2026-02-11 00:00:00,SUM,610,2026,O,,,,"PRESUPUESTO N° X 0001-00001167 de Leandro Ruben Bogado de ""L.R.B"" Camioneta Ford Ranger JYN 229",000115,,1,N
2026,619,621,1,640,2593,2026-02-11 00:00:00,SUM,621,2026,O,,,,"PRESUPUESTO 11247298, BALLETTO URRUTIA JUAN",000115,,1,N
2026,621,623,1,665,3481,2026-02-12 00:00:00,SUM,681,2026,O,,,,PATRICIO DANIEL CASTRO   PROVEEDOR 3481  CARNAVAL 2026  EXPTE 224/26,000115,,1,N
2026,622,624,1,666,2991,2026-02-12 00:00:00,SUM,679,2026,O,,,,SIP EVENTOS CARNAVAL 2026  PRESUPUESTO N° 3097    EX´PTE 224/26,000115,,1,N
2026,624,626,1,671,1477,2026-02-12 00:00:00,SUM,701,2026,O,,,,Exp.:699/25 Sol. Reparaciones p/ Oficina de Medio Ambiente - Prov.:Solari Federico - Presup.:Contrato,000115,,1,N
2026,625,627,1,672,3560,2026-02-12 00:00:00,SUM,700,2026,O,,,,JUAN MARCELO GUTIERREZ  PROVEEDOR 3560   BARRA LIBRE CUMBIA  CARNAVAL 2026  EXPTE 224/26,000115,,1,N
2026,630,632,1,657,3287,2026-02-13 00:00:00,SUM,599,2026,O,,,,PROV. HISPANOGRAF PRESUP.1859 CARTELES PARA BADEN DE CALLE,000115,,1,N
2025,4298,4266,1,4426,360,2025-08-13 00:00:00,PRESU,43,2025,O,,,,Corresponde presupuesto N° 0001-00000043 - LOMBERA CARLOS A.,000000,,1,N
2025,4647,4611,1,4791,2259,2025-09-11 00:00:00,SUM,4576,2025,O,,,,"Bonomi Isabel,Expte 2473/2025 Día del Maestro",000115,,1,N
2025,3105,3105,1,3200,2330,2025-06-02 00:00:00,SUM,3057,2025,O,,,,PREVISION SIN N° - YPF (COMBUSTIBLE DEL SALADO) LOGISTICA DE TRASNPORTE DURANTE EL AÑO 2025,000115,,1,N
2025,3107,3107,1,3201,1477,2025-06-02 00:00:00,SUM,3028,2025,O,,,,PRESUPUESTO SIN N° - FEDERICO SOLARI / SERVICIO DE HERRERIA ESTADIO MUNICIPAL,000115,,1,N
2025,3108,3108,1,3202,3287,2025-06-02 00:00:00,SUM,3002,2025,O,,,,HISPANOGRAF    PRESUPUESTO N° 1772,000115,,1,N
2025,3114,3114,1,3228,441,2025-06-02 00:00:00,SUM,3073,2025,O,,,,PROV.ALPA MADARIAGA PRESUP.3631 ARTICULOS DE LIBRERIA PARA MEDIO AMBIENTE,000115,,1,N
2025,3116,3116,1,3226,2746,2025-06-02 00:00:00,SUM,3076,2025,O,,,,PROV.BOHNKE PRESUP.0839 LISTONES  DE MADERA PARA REPARACIONES DE BANCOS EN EL ESPACION PUBLICOS,000115,,1,N
2025,3118,3118,1,3214,1267,2025-06-02 00:00:00,SUM,3075,2025,O,,,,Corresponde presupuesto TORNERIA SORAGNI N° 577,000115,,1,N
2025,3120,3120,1,3215,441,2025-06-02 00:00:00,SUM,3074,2025,O,,,,Corresponde presupuesto N° 0002-0003650 MATIENZO PAOLA,000115,,1,N
2025,3125,3125,1,3230,413,2025-06-02 00:00:00,SUM,3105,2025,O,,,, Corresponde presupuesto N° 0001-00003725 - PASO AGUSTIN - PALA LIUGONG G855,000115,,1,N
2025,3730,3700,1,3847,2151,2025-07-10 00:00:00,ORDCO,3656,2025,O,,,,PROV.BARRACA MARIBEL PRESUP.0756 REPUESTOS  PARA MOTOSIERRAS Y MAQUINAS CORTA PASTO,000115,,1,N
2025,3739,3709,1,3886,1586,2025-07-10 00:00:00,SUM,37144,2025,O,,,,Corresponde presupuesto Hendel - Defensa Civil,000115,,1,N
2025,3740,3711,1,3885,3517,2025-07-10 00:00:00,SUM,3713,2025,O,,,,CORRESPONDE EXPTE N° 1872/2025 - SILVA MARTIN,000115,,1,N
2025,3741,3712,1,3848,2595,2025-07-10 00:00:00,SUM,3651,2025,O,,,,"PROV. IVAN PERICO PRESUP.6964 REPUESTOS PARA MINIPALA CARGADORA BMV14, FORD RANGER INI856",000115,,1,N
2025,3742,3713,1,3858,125,2025-07-10 00:00:00,SUM,3631,2025,O,,,,FARMACIA GIORGI - PRESUPUESTO S/N°  MEDICAMENTOS DISPENSADOS DESDE EL 17/06/2025 HASTA EL 21/06/2025,000115,,1,N
2025,3743,3714,1,3862,612,2025-07-10 00:00:00,SUM,3665,2025,O,,,,"PRESUPUESTO 1280, MARZULLO JOSE",000115,,1,N
2025,3745,3716,1,3859,1,2025-07-10 00:00:00,SUM,3645,2025,O,,,,CESAR CORBELLINI- PRESUPUESTO N° 1018  (RENAULT LOGAN DOMINIO: AF545GL),000115,,1,N
2025,3746,3717,1,3860,19,2025-07-10 00:00:00,SUM,3682,2025,O,,,,"Cimos Inocencio ,presupuesto 0002-00002719",000115,,1,N
2025,3747,3718,1,3861,688,2025-07-10 00:00:00,SUM,3610,2025,O,,,,PRESUPUESTO N°6704 - BATERIAS LA PRIMERA / ACEITE MOTOR PARA MAQUINAS DE CORTAR CESPED,000115,,1,N
2025,4660,4624,1,4790,2675,2025-09-11 00:00:00,SUM,4550,2025,O,,,,"PRESUPUESTO 605, CAROLINA NOWE",000115,,1,N
2025,4661,4625,1,4781,850,2025-09-11 00:00:00,SUM,4532,2025,O,,,,"UNO ELECTROMEDICINA , PRESUPUESTO N° 00003-00013559",000115,,1,N
2025,4662,4626,1,4782,1603,2025-09-11 00:00:00,SUM,4531,2025,O,,,,PREVISION CON LA SRA GARCIA GLADYS DE PANADERIA ALEM POR LOS MESES DE SEPTIEMBRE/OCTUBRE/NOVIEMBRE Y DICIEMBRE/2025,000115,,1,N
2025,4663,4627,1,4783,3297,2025-09-11 00:00:00,SUM,4544,2025,O,,,,"Frenos Madariaga, presupuesto 075 (AF173LP)",000115,,1,N
2025,4664,4628,1,4784,2675,2025-09-11 00:00:00,SUM,4545,2025,O,,,,"Repuestos LC, presupuesto 0610 (OIG911)",000115,,1,N
2025,4665,4629,1,4785,2675,2025-09-11 00:00:00,SUM,4546,2025,O,,,,"Repuestos LC, presupuesto 0611 (JCH069)",000115,,1,N
2025,4666,4630,1,4797,2695,2025-09-12 00:00:00,SUM,4551,2025,O,,,,"PROV. PABLO PEREZ PRESUP.0062 REPARACION DE FORD 14000 SOG742, MERCEDES SPRINT DKT498",000115,,1,N
2025,4668,4632,1,4799,1259,2025-09-12 00:00:00,SUM,4569,2025,O,,,,"PRESUPUESTOS N° 00029064/29075 de Sucesión de D annunzio Jorge Eldo de ""ELECTRO D ANNUNZIO"" Para arreglar problemas de luz en la casita de chocolate y cambio de lámparas que se habían quemado",000115,,1,N
2025,4670,4634,1,4802,1138,2025-09-12 00:00:00,SUM,4556,2025,A,2025-12-22 00:00:00,ADMINI,,PEREZ JORGE- PRESUPUESTO N° 282177 (COCINA),000115,,1,N
2025,4673,4637,1,4805,717,2025-09-12 00:00:00,SUM,4560,2025,O,,,,PROVEEDURIA LA ILUSION - PRESUPUESTO N° 21401 (COCINA),000115,,1,N
2025,4674,4638,1,4807,3441,2025-09-12 00:00:00,SUM,4533,2025,A,2025-10-07 00:00:00,ADMINI,,PRESUPUESTO SIN N° - PANADERIA DELICIAS MADARIAGA / FUGAZAS PARA ETAPA REGIONAL TORNEO BONAERENSE EN EL ESTADIO MUNICIPAL,000115,,1,N
2026,255,255,1,258,71,2026-01-14 00:00:00,SUM,10,2026,O,,,,"PRESUPUESTO 15616/15611,IRIARTE RAUL",000115,,1,N
2025,2914,2914,1,3003,1514,2025-05-21 00:00:00,SUM,2903,2025,O,,,,CORRESPONDE COMBUSTIBLE 21/05/2025- CASA ELICEYRI,000115,,1,N
2025,2915,2915,1,2744,3482,2025-05-21 00:00:00,SUM,2643,2025,O,,,,PROV. MARC ALICIA BEATRIZ . PRESU. 07/05/2025- SEC. PRODUCCION- SALA DE ELAB.,000115,,1,N
2025,3152,3152,1,3276,2490,2025-06-05 00:00:00,PRESU,0,2025,O,,,,GONZALEZ MARIA TERESA- PREVISION DE AGUA MINERAL X 20 LTS - HOSPITAL Y HOGAR DE ANCIANOS,000000,,1,N
2025,3153,3153,1,3275,395,2025-06-05 00:00:00,PRESU,0,2025,O,,,,LABORATORIO BIOQUIMICO MAR DEL PLATA S.A - PRESUPUESTO S/N° PRACTICAS DE LABORATORIO DE ALTA COMPLEJIDAD MES DE MAYO/2025,000000,,1,N
2025,3154,3154,1,3278,3504,2025-06-05 00:00:00,PRESU,0,2025,O,,,,PRESUPUESTO SIN N° - RODRIGO MIGUEL. TRABAJO DE SIEMBRA Y FERTILIZACION EN EL ESTADIO MUNICIPAL FRANCISCO ALCUAZ,000000,,1,N
2025,3155,3155,1,3253,195,2025-06-05 00:00:00,PRESU,185625,2025,O,,,,"Casa Blanco, presupuesto 1-185625 (elementos para instalacion de camaras de seguridad-COM)",000000,,1,N
2025,3173,3173,1,3284,1267,2025-06-05 00:00:00,PRESU,574,2025,O,,,,"Soragni Silvia Alejandra,presupuesto 574.",000000,,1,N
2025,3174,3174,1,3286,1206,2025-06-06 00:00:00,PRESU,422335,2025,O,,,,"PRESUPUESTO 452335, GRUPO NUCLEO",000000,,1,N
2025,3575,3560,1,3688,3322,2025-07-02 00:00:00,SUM,3476,2025,O,,,,PINAMAR HIGIENE INSTITUCIONAL - PRESUPUESTO N° 16-1828 Y 16-1838 (LAVADERO HOSPITAL),000115,,1,N
2025,3576,3561,1,3689,688,2025-07-02 00:00:00,SUM,3530,2025,O,,,,PROV. BATERIAS LA 1RA PRESUP.6752 AGUA DESTILADA PARA  VEHICULOS MUNICIPALES EN GENERAL,000115,,1,N
2025,3577,3562,1,3690,2310,2025-07-02 00:00:00,SUM,3532,2025,O,,,,PROV. CENTRO HIERRO PRESUP.6842  HIERROS PARA REPARACION DE  VOLQUETES CONEDORES MUNICIPALES,000115,,1,N
2025,3578,3563,1,3691,1514,2025-07-02 00:00:00,SUM,3534,2025,O,,,,PROV. CASA ELICEIRY PRESUP.30/6/25 LUBRICATES PARA  FLOTA VEHICULAR MUNICIPAL,000115,,1,N
2025,3579,3564,1,3694,2208,2025-07-02 00:00:00,SUM,3543,2025,O,,,,PROV. MARTIN LOMBARDI PRESUP.30/06/2025 TRABAJO DE ELECTRICIDAD PARA CISTERNA DE AGUA BARRIO KENNEDY,000115,,1,N
2025,3580,3565,1,3692,300,2025-07-02 00:00:00,SUM,3542,2025,O,,,,"PROV.SILVIA MAISTEGUI PRESUP.5517 PARA PINTURA DE DURMIENTES CALLE ALEM MOTONIVELADORA NEW HOLLAND RG140, CAMION IVECO PPU729",000115,,1,N
2025,3581,3566,1,3695,300,2025-07-02 00:00:00,SUM,3540,2025,O,,,,PROV.SILVIA MAISTEGUI PRESUP.5509 PARA PINTURA DE CRUCE PEATONALES Y MONUMENTOS,000115,,1,N
2025,3582,3567,1,3696,1066,2025-07-02 00:00:00,SUM,3538,2025,A,2025-07-17 00:00:00,ADMINI,,PROV.CANTERA YARAVI POLVO DE PIEDRA PARA MEJORADO DE CALLES DEL BARRIO BELGRANO,000115,,1,N
2025,3583,3568,1,3697,2310,2025-07-02 00:00:00,SUM,3535,2025,O,,,,PROV. CENTRO HIERRO PRESUP.6843 CAÑO PARA FABRICACION DE BRAZO LUMUNARIA CALLE BRASIL,000115,,1,N
2025,3584,3569,1,3698,171,2025-07-02 00:00:00,SUM,3524,2025,A,2025-07-04 00:00:00,ADMINI,,"JUAN ALBERTO SANCHEZ ""ELECTRICIDAD EL GALLEGO"",  PRESUPUESTO  X0001-0052900",000115,,1,N
2025,3585,3570,1,3699,2302,2025-07-02 00:00:00,SUM,3527,2025,O,,,,DGM OFFICE SUPPLIES- PRESUPUESTO N° 10597 (INFORMATICA),000115,,1,N
2025,3586,3571,1,3700,850,2025-07-02 00:00:00,SUM,3526,2025,O,,,,UNO ELECTROMEDICINA- PRESUPUESTO N° 00003-00013017 LABORATORIO DE ANALISIS CLINICOS,000115,,1,N
2025,3587,3572,1,3701,866,2025-07-02 00:00:00,SUM,3468,2025,O,,,,PILOÑA- PRESUPUESTO N° 1633298 (FARMACIA),000115,,1,N
2025,3588,3573,1,3702,1,2025-07-02 00:00:00,SUM,3462,2025,O,,,,CORBELLINI CESAR- PRESUPUESTO N° 1016 DOMINIO: JQS879 TOYOTA,000115,,1,N
2025,3589,3574,1,3703,2627,2025-07-02 00:00:00,SUM,3471,2025,O,,,,SANTA PAULA - PRESUPUESTO N° 1-2079 (COCINA HOSPITAL),000115,,1,N
2025,3590,3575,1,3704,441,2025-07-02 00:00:00,SUM,3472,2025,O,,,,"PAPELERA ALPA - PRESUPUESTO N° 2-3687 Y 2-3689 (COCINA, LABORATORIO, MATERNIDAD Y GUARDIA HOSPITAL)",000115,,1,N
2025,3591,3576,1,3705,57,2025-07-02 00:00:00,SUM,3473,2025,O,,,,IMPRENTA EL ARGENTINO - PRESUPUESTO N° 519 (PEDIATRIA HOSPITAL),000115,,1,N
2025,3593,3578,1,3706,527,2025-07-02 00:00:00,SUM,3474,2025,O,,,,SERVIMED - PRESUPUESTO N° 7986/25 (TERAPIA),000115,,1,N
2025,3594,3579,1,3707,1837,2025-07-02 00:00:00,SUM,3475,2025,O,,,,DISTRILAB PINAMAR - PRESUPUESTO N° 901 (ODONTOLOGIA),000115,,1,N
2025,4967,4933,1,5119,2577,2025-10-09 00:00:00,SUM,4841,2025,O,,,,PRESUPUESTO N° 0520 - CASA CACHITO / MATERIALES PARA TRABAJOS EN EL POLIDEPORTIVO MUNICIPAL,000115,,1,N
2025,4968,4934,1,5120,2869,2025-10-09 00:00:00,SUM,4800,2025,O,,,,MADA POY S.A- PRESUPUESTO N° 0001- 00000892 (COCINA) DESDE EL 25/09 AL 2/10/25,000115,,1,N
2025,4969,4935,1,5121,2627,2025-10-09 00:00:00,SUM,4816,2025,O,,,,SANTA PAULA- PRESUPUESTO N° 0001-00002122 (COCINA) PARA EL DIA 30/09,000115,,1,N
2025,4970,4936,1,5122,167,2025-10-09 00:00:00,SUM,4807,2025,O,,,,TODO POLLO- PRESUPUESTO N° 39 ( COCINA) DESDE EL 29/09/25  AL 6/10/25,000115,,1,N
2025,4974,4939,1,5123,167,2025-10-09 00:00:00,SUM,4808,2025,O,,,,TODO POLLO- PRESUPUESTO N° 38 (HOGAR DE ANCIANOS) DESDE EL 29/09/25 AL 6/10/2025,000115,,1,N
2025,4976,4942,1,5124,3322,2025-10-09 00:00:00,SUM,4845,2025,O,,,,PINAMAR HIGIENE INSTITUCIONAL SRL- PRESUPUESTO N° 0016-00001936/1960 (QUIROFANO- OFFICE DE PORTERIA),000115,,1,N
2025,4978,4944,1,5125,300,2025-10-09 00:00:00,SUM,4849,2025,O,,,,Corresponde presupuesto N° 00005534- MAISTEGUI SILVIA,000115,,1,N
2025,4979,4945,1,5130,2846,2025-10-09 00:00:00,SUM,4883,2025,O,,,,"PRESUPUESTO 155, CUELI MIGUEL",000115,,1,N
2025,4980,4946,1,5132,3332,2025-10-09 00:00:00,SUM,4879,2025,O,,,,PROV.ANA PAOLA RODRIGUEZ PRESP.0161GAS PARA MAQUINA DE SOLDAR,000115,,1,N
2026,292,293,1,309,33,2026-01-19 00:00:00,SUM,307,2026,O,,,,"RENOVACION POLIZA, PCIA SEGUROS(339, POLIZA 3374898",000115,,1,N
2025,4303,4271,1,4416,850,2025-08-14 00:00:00,PRESU,13381,2025,O,,,,UNO ELECTROMEDICINA- PRESUPUESTO N° 00003-00013381 (LABORATORIO),000000,,1,N
2025,4304,4272,1,4415,850,2025-08-14 00:00:00,PRESU,13380,2025,O,,,,UNO ELECTROMEDICINA- PRESUPUESTO N° 00003-00013380 (LABORATORIO),000000,,1,N
2025,4316,4284,1,4451,1284,2025-08-14 00:00:00,PRESU,106201,2025,A,2025-09-05 00:00:00,ERROR,,"PRESUPUESTO 106201, GLOBAL",000000,,1,N
2025,4333,4301,1,4454,1514,2025-08-18 00:00:00,PRESU,0,2025,O,,,,"PRESUPUESTO 000, CASA ELICEIRY",000000,,1,N
2025,4335,4303,1,4456,2921,2025-08-18 00:00:00,PRESU,0,2025,O,,,,"Azul confecciones - alfano - envio delantales 8° concurso de asadores,expte. 2326/25",000000,,1,N
2025,4336,4304,1,4458,3529,2025-08-19 00:00:00,EXPED,2460,2025,O,,,,"Tisera - Sanitarios portatiles - Baño para puesto la invernada de agosto a diciembre(5 meses)expte,2460/25",000000,,1,N
2025,4502,4469,1,4634,1569,2025-09-01 00:00:00,PRESU,0,2025,O,,,, Chalita Nicolas Antonio.Expte. 1649/25 Días de las Infancias.,000000,,1,N
2025,4505,4472,1,4636,866,2025-09-01 00:00:00,PRESU,188758,2025,O,,,,PILOÑA- PRESUPUESTO N° 0004-00188758/188770 (FARMACIA),000000,,1,N
2025,4506,4473,1,4637,2869,2025-09-01 00:00:00,PRESU,872,2025,O,,,,MADA POY SA- PRESUPUESTO N° 0001-00000872 (COCINA),000000,,1,N
2025,4507,4474,1,4635,717,2025-09-01 00:00:00,PRESU,36348,2025,O,,,,PROVEEDURIA LA ILUSION - PRESUPUESTO N° 36348 (COCINA),000000,,1,N
2025,4513,4481,1,4652,441,2025-09-02 00:00:00,PRESU,3753,2025,O,,,,ALPA- PRESUPUESTO N° 0002-00003753 (LABORATORIO-FARMACIA- ENFERMERIA),000000,,1,N
2025,4515,4482,1,4649,2869,2025-09-02 00:00:00,PRESU,874,2025,O,,,,MADA POY S.A-  PRESUPUESTO N° 0001-00000874 (COCINA),000000,,1,N
2025,4518,4485,1,4646,441,2025-09-02 00:00:00,PRESU,3741,2025,O,,,,"PROV.ALPA MADARIAGA PRESUP.3741,3749 PARA ARREGLOS NAVIDEÑOS",000000,,1,N
2025,4521,4488,1,4643,3262,2025-09-02 00:00:00,PRESU,0,2025,O,,,,PROV. FGC FUEL MARKET GAS OIL PARA MAQUINAS PREDIO DISPOSICION FINAL DE RESIDUOS RUTA 11 KM 405.5,000000,,1,N
2025,4524,4491,1,4640,441,2025-09-02 00:00:00,PRESU,3763,2025,O,,,,"Matienzo Paola, presupuesto 0002-00003763",000000,,1,N
2025,4528,4495,1,4661,2044,2025-09-03 00:00:00,PRESU,0,2025,O,,,,"PRESUPUESTO DEL 29/08/2025, VARELA MARIA CRISTINA",000000,,1,N
2025,4529,4496,1,4662,441,2025-09-03 00:00:00,SUM,4409,2025,O,,,,PRESUPUESTO N°3751 - ALPA MADARIAGA,000115,,1,N
2025,4530,4497,1,4657,3296,2025-09-03 00:00:00,SUM,4436,2025,O,,,,"Pintureria Concepto,presupuesto 02624 monumento a guemes",000115,,1,N
2025,4531,4498,1,4658,360,2025-09-03 00:00:00,SUM,4435,2025,O,,,,"Lombera Carlos,presupuesto 0044",000115,,1,N
2025,4532,4499,1,4659,2810,2025-09-03 00:00:00,SUM,4424,2025,O,,,,"Expte N°: 159/25 Proyectos de Talleres programa Envión PRESUPUESTO N° X 0001-00000758 / 815  / 818 / 820 de María Teresa Arriola de ""EL DEDAL MERCERIA"" Taller de costura, de macramé",000115,,1,N
2025,4533,4500,1,4660,2810,2025-09-03 00:00:00,SUM,4422,2025,O,,,,"PPRESUPUESTOS N° X 0001-00000757 / 759 / 816 / 819 / de María Teresa Arriola de ""EL DEDAL MERCERIA"" Para decorar sala de lactantes, para hacer decoración acto día de la bandera y acto 9 de julio",000115,,1,N
2025,4536,4503,1,4664,69,2025-09-04 00:00:00,PRESU,0,2025,O,,,,Corresponde presupuesto Olivera Adrian - Tanque,000000,,1,N
2025,4537,4504,1,4666,1514,2025-09-04 00:00:00,PRESU,0,2025,O,,,,"PRESUPUESTO 000, CASA ELICEIRY, 5/09/2025",000000,,1,N
2025,4541,4508,1,4674,413,2025-09-05 00:00:00,PRESU,3822,2025,O,,,,"NEUMATICOS PASO, PRESUPUESTO N° 0001-00003822, HOSPITAL. DOMINIO AE 619 QS.",000000,,1,N
2025,4542,4509,1,4671,2261,2025-09-05 00:00:00,PRESU,6991,2025,O,,,,Encendido Avellaneda de Leonardo Miguel Frezza. Recarga de matafuego. Presupuesto N°00006991,000000,,1,N
2025,4543,4510,1,4667,2369,2025-09-05 00:00:00,PRESU,81515,2025,O,,,,"PROV. MERCEDES LA PLATA PRESUP.81515 REPUETOS PARA  IVECO PJY978, CARGADORA SDLG 936 CII958, FORD 14000 DMI 232, MOTONIVELADORA NEW HOLLAND CII59",000000,,1,N
2025,4548,4515,1,4684,1514,2025-09-05 00:00:00,PRESU,0,2025,O,,,,PROV.CASA ELICEIRY GAS OIL PARA MAQUINAS Y VEHICULOS DE ESTA SECRETARIA,000000,,1,N
2025,4550,4518,1,4708,1214,2025-09-05 00:00:00,PRESU,0,2025,O,,,,SOCIEDAD ESPAÑOLA DE SOCORROS MUTUOS  ALQUILER SEDE SECRETARIA DE CULTURA   EXPTE 94/25,000000,,1,N
2025,4561,4527,1,4715,708,2025-09-05 00:00:00,PRESU,1712245,2025,O,,,,"PRESUPUESTO  1712245167, SANCOR SEGUROS",000000,,1,N
2025,4562,4528,1,4714,708,2025-09-05 00:00:00,PRESU,0,2025,O,,,,"PRESUPUESTO 0000,SANCOR SEGUROS S.A",000000,,1,N
2025,5489,5443,1,5663,3075,2025-12-04 00:00:00,SUM,5393,2025,O,,,, Corresponde presupuesto N° 00000061- CORREA MARTIN,000115,,1,N
2025,5490,5444,1,5662,169,2025-12-04 00:00:00,SUM,5391,2025,O,,,,Corresponde presupuesto N° 000999 - Terranova Quimica,000115,,1,N
2025,5501,5455,1,5652,160,2025-12-04 00:00:00,SUM,5365,2025,O,,,,AGROVET MARZULLO. PRESUPUESTO Nº 0001-00001137.BROMATOLOGIA.,000115,,1,N
2025,5502,5456,1,5653,2595,2025-12-04 00:00:00,SUM,5362,2025,O,,,,IVANPER REPUESTOS. PRESUPUESTO Nº 007657.AMBUILANCIAS Nº 8 PAA 334 Y Nº 9 AB 029 OI.,000115,,1,N
2025,5503,5457,1,5656,160,2025-12-04 00:00:00,SUM,5374,2025,O,,,,AGROVET MARZULLO. PRESUPUESTO Nº 0001-00001139.BROMATOLOGIA.,000115,,1,N
2025,5504,5458,1,5654,167,2025-12-04 00:00:00,SUM,5370,2025,O,,,,TODO POLLO- PRESUPUESTO N° 51 (COCINA) DESDE 29/11 AL 6/12/25,000115,,1,N
2025,5505,5459,1,5655,160,2025-12-04 00:00:00,SUM,5371,2025,O,,,,AGROVET MARZULLO. PRESUPUESTO Nº 0001-00001138.BROMATOLOGIA Y ZOONOSIS.,000115,,1,N
2026,81,81,1,80,167,2026-01-08 00:00:00,SUM,97,2026,O,,,,TODO POLLO- PRESUPUESTO N° 57 (COCINA) DESDE EL 5/12/25 AL 31/12/2025,000115,,1,N
2026,93,93,1,81,17,2026-01-08 00:00:00,SUM,110,2026,O,,,,MOTOMAQUINARIAS LUIS. LUIS LOMBARDIA. PRESUPUESTO Nº 144.MANTENIMIENTO HOSPITAL.,000115,,1,N
2026,94,94,1,82,71,2026-01-08 00:00:00,SUM,113,2026,O,,,,"PROVEEDURIA CAMPO Y CIUDAD. RAUL A IRIARTE. PRESUPUESTOS Nº 15604,15612.",000115,,1,N
2026,97,97,1,83,717,2026-01-08 00:00:00,SUM,116,2026,O,,,,PROVEEDURIA LA ILUSION. PINILLA MARINA IRENE. PRESUPUESTO 021417 COCINA HOSPITAL.,000115,,1,N
2026,104,104,1,107,101,2026-01-08 00:00:00,SUM,190,2026,A,2026-01-29 00:00:00,N.PROV,,PRESUPUESTO SIN N° - HUGO ANTONIO / PILETA PARA COLONIA DE VERANO EN EL MARCO DEL PROGRAMA NUESTROS CHICOS N° EXP 3759,000115,,1,N
2025,4498,4465,1,4631,3184,2025-09-01 00:00:00,SUM,4400,2025,O,,,,DROGUERIA PERDOMINICI- PRESUPUESTO N° 14/08/2025 (FARMACIA),000115,,1,N
2025,4501,4467,1,4624,441,2025-09-01 00:00:00,SUM,4402,2025,O,,,,"PREVISION VISITAS COLEGIOS ESCOLARES, MATIENZO PAOLA",000115,,1,N
2025,4503,4470,1,4625,879,2025-09-01 00:00:00,SUM,4399,2025,O,,,,Exp.:699/25 Reparac. Oficina Medio Ambiente - Prov.:Casa Harisgarat - Presup.:045891,000115,,1,N
2025,4504,4471,1,4626,1514,2025-09-01 00:00:00,SUM,4392,2025,O,,,,PROV. CASA ELICEIRY PRESUP.28/08/2025 LUBRICANTES PARA FLOTA VEHICULAR DE ESTA SECRETARIA,000115,,1,N
2025,4512,4479,1,4654,1879,2025-09-02 00:00:00,SUM,4427,2025,O,,,,"Zubiarrain Daniel ,presupuesto 03028",000115,,1,N
2025,4520,4487,1,4651,3246,2025-09-02 00:00:00,SUM,4371,2025,O,,,,MUNDIAL 2022- PRESUPUESTO S/N°  MEDICAMENTOS DISPENSADOS DESDE EL 29/07/2025 AL 25/08/2025,000115,,1,N
2025,4523,4490,1,4648,87,2025-09-02 00:00:00,SUM,4418,2025,O,,,,DROGUERIA DANA- PRESUPUESTO N° 25/08/25 (FARMACIA),000115,,1,N
2025,4525,4492,1,4645,3398,2025-09-02 00:00:00,SUM,4413,2025,A,2025-09-15 00:00:00,ERROR,,PROV.CHAYE HNOS .PRESUP.0023 REPUESTOS PARA TRACTOR JONH DEERE BGZ45,000115,,1,N
2025,4526,4493,1,4642,2403,2025-09-02 00:00:00,SUM,4419,2025,O,,,,PROV. BIGORITO LEONARDO FABIO PRESUP.0047 REPARACION CITROEN C15 CAR 748,000115,,1,N
2025,2982,2983,1,3059,167,2025-05-26 00:00:00,SUM,2886,2025,O,,,,TODO POLLO- PRESUPUESTO Nº 98/99 HOSPITAL Y HOGAR DE ANCIANOS,000115,,1,N
2025,2983,2984,1,3056,2958,2025-05-26 00:00:00,SUM,2843,2025,O,,,,AVICOLA DEL TUYU - PRESUPUESTO N° 8-2592 (COCINA HOSPITAL),000115,,1,N
2025,2985,2985,1,3053,879,2025-05-26 00:00:00,SUM,2874,2025,O,,,,"tatano Harisgarat, presupuesto 000100000974. OBRA REMODELACION 100º ANIVERSARIO HOSPITAL.",000115,,1,N
2025,2987,2987,1,3049,3322,2025-05-26 00:00:00,SUM,2922,2025,O,,,,PINAMAR HIGIENE INSTITUCIONAL SRL - PRESUPUESTO N° 16-1762 (HOGAR),000115,,1,N
2025,2989,2989,1,3047,285,2025-05-26 00:00:00,SUM,2924,2025,O,,,,RADIOGRAFICAOESTE - PRESUPUESTO N° 100048873 LABORATORIO DE ANALISIS,000115,,1,N
2025,2991,2991,1,3044,777,2025-05-26 00:00:00,SUM,2909,2025,O,,,,MP REPUESTOS - PRESUPUSTO N° 115,000115,,1,N
2025,2993,2993,1,3041,3322,2025-05-26 00:00:00,SUM,2912,2025,O,,,,PINAMAR HIGIENE INSTITUCIONAL - PRESUPUESTO N° 16-1731 Y 16-1773,000115,,1,N
2025,2995,2995,1,3038,2627,2025-05-26 00:00:00,SUM,2918,2025,O,,,,"SANTA PAULA N° PRESUPUESTO 0001-00002064, HOGAR DE ANCIANOS",000115,,1,N
2025,2996,2996,1,3023,2151,2025-05-26 00:00:00,SUM,2888,2025,O,,,,"Barraca Maribel, presupuesto 0255 (filtro para la asiradora del taller)",000115,,1,N
2025,2997,2997,1,3035,2627,2025-05-26 00:00:00,SUM,2919,2025,O,,,,SANTA PAULA N° PRESUPUESTO 0001-00002068,000115,,1,N
2025,2998,2998,1,3031,2577,2025-05-26 00:00:00,SUM,2898,2025,O,,,,PRESUPUESTO N°0487 - CASA CACHITO,000115,,1,N
2025,2999,2999,1,3027,441,2025-05-26 00:00:00,SUM,2890,2025,O,,,,"Papelera Alpa, presupuesto 03629 (inspeccion)",000115,,1,N
2025,3005,3005,1,3105,3074,2025-05-26 00:00:00,SUM,2975,2025,O,,,,Corresponde Expte N° 927/2025 - Equifax S.A,000115,,1,N
2025,3007,3007,1,3062,300,2025-05-26 00:00:00,SUM,2889,2025,O,,,,"PRESUPUESTO Nº 00005238 de Silvia Beatriz Maistegui de ""Pinnturería - Ferretería Todo Color"" Para la cuadrilla, prestaciones y la bloquera municipal",000115,,1,N
2025,3014,3015,1,3111,3261,2025-05-26 00:00:00,SUM,2967,2025,O,,,,PRESUPUESTO SIN N°- CLAUDIO AMARANTO (PRACTICAS DEPORTIVAS. SURF ADAPTADO),000115,,1,N
2025,3017,3018,1,2827,85,2025-05-26 00:00:00,SUM,2749,2025,O,,,,"Sampietro, presupuesto 42068 (utilizado para el centro de monitoreo, 147)",000115,,1,N
2025,3068,3068,1,3043,1440,2025-05-30 00:00:00,SUM,2910,2025,O,,,,QUALIMED - PRESUPUESTO N° 61-2025 (FARMACIA HOSPITAL),000115,,1,N
2025,3070,3071,1,3185,2867,2025-05-30 00:00:00,SUM,3082,2025,O,,,,Instituto Abierto para el Desarrollo y Estudio de Políticas Públicas.Expte 1651/2025,000115,,1,N
2025,3089,3089,1,3210,2087,2025-05-30 00:00:00,SUM,3091,2025,O,,,,Rojas Carolina.Imnaguración Luces Estadio Municipal,000115,,1,N
2025,3092,3092,1,3212,436,2025-05-30 00:00:00,SUM,3011,2025,O,,,,"PROV.BAIGORRIA LORENZO PRESUP.28/5/2025  PARCHES Y REPARACIONES DE CAMARAS  PATENTES: SOG742,AWK675,TGL092,FSL723,BNA17,BMV14,CII58,LED013, AF591IJ",000115,,1,N
2025,3094,3094,1,3196,3322,2025-05-30 00:00:00,SUM,3027,2025,O,,,,"PINAMAR HIGIENE INSTITUCIONAL   -PRESUPUESTO Nº  0016-00001777, LAVADERO HOSPITAL",000115,,1,N
2025,3095,3095,1,3197,1876,2025-05-30 00:00:00,SUM,3009,2025,O,,,,"MAX CONTINENTAL - PRESUPUESTOS N° 1-146688, 1-150628 Y 1-150666 (FARMACIA HOSPITAL)",000115,,1,N
2025,3097,3096,1,3198,2001,2025-05-30 00:00:00,SUM,3051,2025,O,,,,FARMACIA TONANI- PRESUPUESTO S/Nº MEDICAMENTOS DISPENSADOS DESDE EL 13/05/2025 AL 23/05/2025,000115,,1,N
2025,3099,3099,1,3199,2680,2025-05-30 00:00:00,SUM,3067,2025,A,2025-06-03 00:00:00,ERROR,,"presupuesto 100,EIJO MARCELO ALEJANDRO",000115,,1,N
2025,3162,3162,1,3279,3103,2025-06-05 00:00:00,SUM,3166,2025,O,,,,Cristian Maldonado.Alquiler Dpto.,000115,,1,N
2025,4401,4369,1,4510,300,2025-08-22 00:00:00,SUM,4284,2025,O,,,,"Pintureria Todo Color, presupuesto 5537 ( elementos para el taller del area)",000115,,1,N
2025,4677,4640,1,4804,285,2025-09-12 00:00:00,SUM,4542,2025,O,,,,RADIOGRAFICAOESTE- PRESUPUESTO N° 100050681(LABORATORIO DE ANALISIS),000115,,1,N
2025,4821,4785,1,4956,2538,2025-09-25 00:00:00,SUM,4744,2025,O,,,,Franco Ricotti - Show Folclorico de José Nuñez Folk - concurso de asadores 2025,000115,,1,N
2025,4822,4786,1,4961,3322,2025-09-25 00:00:00,SUM,4730,2025,O,,,,PINAMAR HIGIENE INSTITUCIONAL - PRESUPUESTO N° 16-1975 (LAVADERO HOSPITAL),000115,,1,N
2025,5130,5095,1,5284,3297,2025-10-28 00:00:00,SUM,5036,2025,O,,,,"Frenos Madariaga, presupuesto 089 (AB038FH-OIG911)",000115,,1,N
2025,5132,5097,1,5289,441,2025-10-28 00:00:00,SUM,5048,2025,O,,,," PROV. PAPELERA ALPA ""Matienzo Paola"". PRESU. N°3788- N°3800- SEC. PRODUCCION-",000115,,1,N
2025,5133,5098,1,5283,2369,2025-10-28 00:00:00,SUM,5028,2025,O,,,,MERCEDES LA PLATA S.R.L.   COLECTIVO JZH 266,000115,,1,N
2026,1,1,1,1,4719,2026-01-02 00:00:00,SUM,15,2026,O,,,,Expte 3723.Ernalz Marcelo Dante,000115,,1,N
2026,2,2,1,13,216,2026-01-05 00:00:00,SUM,12,2026,A,2026-01-29 00:00:00,ADMINI,,Corresponde presupuesto N° 3397706 - TALLER PROTEGIDO FAE,000115,,1,N
2026,4,4,1,10,688,2026-01-05 00:00:00,SUM,3,2026,O,,,,Corresponde presupuesto N° 0000006927 - Ramos e Isidro,000115,,1,N
2026,5,5,1,9,688,2026-01-05 00:00:00,SUM,2,2026,O,,,,Corresponde presupuesto N° 0000006933 - Ramos e Isidro,000115,,1,N
2026,7,7,1,11,3075,2026-01-05 00:00:00,SUM,4,2026,O,,,,Corresponde presupuesto N° 0001-00000064 CORREA MARTIN,000115,,1,N
2026,9,9,1,12,441,2026-01-05 00:00:00,SUM,6,2026,O,,,,Corresponde presupuesto N° 0002-0003823 / 0002-00003831 MATIENZO PAOLA,000115,,1,N
2026,11,11,1,14,2159,2026-01-05 00:00:00,PRESU,17578,2026,O,,,,"PRESUPUESTO 17578, JG ELECTROMEDICINA SRL",000000,,1,N
2026,31,31,1,50,2593,2026-01-06 00:00:00,PRESU,1124728,2026,O,,,,Presupuesto 2-1-26 Proveedor Balletto Urrutia Juan11247285,000000,,1,N
2026,34,33,1,49,71,2026-01-06 00:00:00,PRESU,15609,2026,O,,,,"PROV. RAUL IRIARTE PRESUP.15609,15607.15618,15601,15619 ARTICULOS DE FERRETERRIA PARA MOTOGUADAÑA,  INSUMOS PARA TRABAJOS EN VIVERO MUNICIPAL Y CEMENTERIO",000000,,1,N
2026,37,37,1,48,71,2026-01-06 00:00:00,PRESU,15613,2026,O,,,,PROV.RAUL IRIARTE PRES.151613 INSUMOS PARA ARREGLOS EN AREA DEFENSA CIVIL,000000,,1,N
2026,39,40,1,31,2490,2026-01-06 00:00:00,PRESU,0,2026,O,,,,PREVISION GONZALEZ MARIA BIDON AGUA X 20 LTS PARA CONSUMO DE LOS RESIDENTES DEL HOGAR,000000,,1,N
2026,43,42,1,28,160,2026-01-06 00:00:00,PRESU,1160,2026,O,,,,pRESUPUESTO n° 0001-00001160-AGROVETERINARIA MARZULLO,000000,,1,N
2026,44,45,1,29,169,2026-01-06 00:00:00,PRESU,1000,2026,O,,,,Presupuesto N° 001000 Terranova Quimica de Terranova Lucas Hernan,000000,,1,N
2026,48,48,1,27,717,2026-01-06 00:00:00,PRESU,21416,2026,O,,,,"Presupuesto N° 021416-Proveduria "" LA ILUSION""-Para Modulo de Protección.",000000,,1,N
2026,50,50,1,25,183,2026-01-06 00:00:00,PRESU,0,2026,O,,,,Previsión Sadaic,000000,,1,N
2026,53,53,1,2,2330,2026-01-06 00:00:00,PRESU,0,2026,O,,,,PROV. COMBUSTIBLE DEL SALADO- SEC PRODUCCION,000000,,1,N
2026,57,57,1,56,708,2026-01-06 00:00:00,PRESU,0,2026,O,,,,"RENOVACION DE POLIZAS DE AP Y VIDA DE LA GRANJA, AP 13186083 Y VIDA 2212513",000000,,1,N
2026,58,58,1,57,708,2026-01-06 00:00:00,PRESU,0,2026,O,,,,"RENOVACION DE POLIZA INTEGRAL OF DE OBRAS PUBLICAS, POLIZA 1039548",000000,,1,N
2025,4981,4947,1,5134,2846,2025-10-09 00:00:00,SUM,4878,2025,O,,,,Corresponde presupuesto N° 0001-00000153 - CUELI MIGUEL,000115,,1,N
2025,4982,4948,1,5135,1578,2025-10-09 00:00:00,SUM,4877,2025,O,,,,Corresponde presupuesto N° 0001-00000382 - FERRARO LILIANA NOEMI.,000115,,1,N
2025,4984,4950,1,5136,1527,2025-10-09 00:00:00,SUM,4871,2025,O,,,,"Gomeria La diagonal, presupuesto 0547",000115,,1,N
2025,4985,4951,1,5128,300,2025-10-09 00:00:00,SUM,4870,2025,O,,,,"Todo Color, presupuesto 5914 (galpon mantenimiento )",000115,,1,N
2025,4986,4952,1,5129,169,2025-10-09 00:00:00,SUM,4892,2025,O,,,,"Terranova Lucas Hernan,presupuesto 000982",000115,,1,N
2026,256,256,1,259,71,2026-01-14 00:00:00,SUM,11,2026,O,,,,"PRESUPUESTO 15615/15614, IRIARTE RAUL",000115,,1,N
2026,257,257,1,260,441,2026-01-14 00:00:00,SUM,13,2026,O,,,,"PRESUPUESTO 3837/3839/3826, MATIENZO PAOLA AMELIA",000115,,1,N
2026,258,258,1,261,708,2026-01-14 00:00:00,SUM,21,2026,O,,,,"POLIZA N° 1034553, SANCOR SEGUROS, DESDE EL 01/01/2026 AL 31/12/2026",000115,,1,N
2026,259,259,1,262,708,2026-01-14 00:00:00,SUM,22,2026,O,,,,PREVISION DE POLIZA DE  ACCIDENTES PERSONALES,000115,,1,N
2026,260,260,1,263,2549,2026-01-14 00:00:00,SUM,23,2025,O,,,,"POLIZA 56/007502, RIVADAVIA SEGUROS",000115,,1,N
2026,261,261,1,264,1478,2026-01-14 00:00:00,SUM,167,2026,O,,,,"Gesell Seguridad, contrato enero-junio (expediente 342/22)",000115,,1,N
2026,358,359,1,377,2513,2026-01-20 00:00:00,SUM,364,2026,O,,,,Corresponde Expte n ° 26/2026 - Servicio de Publicidad- Oliva Ruben,000115,,1,N
2026,359,360,1,375,2107,2026-01-20 00:00:00,SUM,363,2026,O,,,, Corresponde Expte n ° 26/2026 - Servicio de Publicidad- Pereyra Guillermo,000115,,1,N
2026,360,362,1,374,2098,2026-01-20 00:00:00,SUM,362,2026,O,,,,Corresponde Expte n ° 26/2026 - Servicio de Publicidad- Mendez Angel,000115,,1,N
2026,361,363,1,367,2835,2026-01-20 00:00:00,SUM,369,2026,O,,,,Corresponde Expte n ° 26/2026 - Servicio de Publicidad- Cerfoglio Fabian,000115,,1,N
2025,4527,4494,1,4655,2951,2025-09-02 00:00:00,SUM,4444,2025,O,,,,"SDM Soluciones de Movilidad, presupuiesto 0198 (foton AE969PX)",000000,,1,N
2025,4538,4505,1,4673,413,2025-09-05 00:00:00,SUM,4368,2025,O,,,,"NEUMATICOS PASO, PRESUPUESTO N° 0001-00003821, HOSPITAL. DOMINIO AE 619 QS.",000115,,1,N
2025,4539,4506,1,4672,2261,2025-09-05 00:00:00,SUM,4461,2025,O,,,,Encendido Avellaneda de Leonardo Miguel Frezza. Recargas de matafuegos. Presupuesto N°00006990,000115,,1,N
2025,4540,4507,1,4668,441,2025-09-05 00:00:00,SUM,4445,2025,O,,,,"PRESUPUESTOS N° X 0002-00003716 / 3762 de Matienzo, Paola Amelia de ""ALPA MADARIAGA"" sello para personal del Servicio Local y registro para cada una de las salitas del Jardín Maternal.",000115,,1,N
2025,4544,4511,1,4675,1,2025-09-05 00:00:00,SUM,4447,2025,O,,,,CORBELLINI CESAR - PRESUPUESTO N° 1021 (DOMINIO AC548KJ),000115,,1,N
2025,4545,4512,1,4670,879,2025-09-05 00:00:00,SUM,4450,2025,O,,,,Corresponde presupuesto N° 0001-00001208- TATANO HARISGARAT- Monumento de Guemes,000115,,1,N
2025,4546,4513,1,4669,1603,2025-09-05 00:00:00,SUM,4446,2025,O,,,,"PRESUPUESTO N° X 1342376 de García Gladys Mabel de ""PANADERIA ALEM"" Esfuerzo Solidario julio y agosto 2025",000115,,1,N
2025,4547,4514,1,4683,1214,2025-09-05 00:00:00,SUM,4451,2025,A,2025-09-05 00:00:00,ADMINI,,SOCIEDAD ESPAÑOLA DE SOCORROS MUTUOS  ALQUILER SEDE SECRETARIA DE CULTURA   EXPTE 94/25,000115,,1,N
2025,4549,4516,1,4690,2958,2025-09-05 00:00:00,SUM,4429,2025,O,,,,AVICOLA DEL TUYU DE ANDERS VICTOR- PRESUPUESTO N° 0008-00003818 (COCINA),000115,,1,N
2025,4551,4519,1,4681,3184,2025-09-05 00:00:00,SUM,4438,2025,O,,,,DROGUERIA PERDOMINICI- PRESUPUESTO N° 28/08/2025 (FARMACIA),000115,,1,N
2025,4552,4517,1,4680,169,2025-09-05 00:00:00,SUM,4439,2025,O,,,,"TERRANOVAQUIMICA, N° PRES 000966 (INTERNACION- MATERNIDAD)",000115,,1,N
2025,4553,4520,1,4691,3297,2025-09-05 00:00:00,SUM,4469,2025,O,,,,"Frenos Madariaga, presupuesto 82 (jch069-ab038fh-jwg930-kyv375)",000115,,1,N
2025,4554,4521,1,4696,3037,2025-09-05 00:00:00,SUM,4485,2025,O,,,,"PRESUPUESTO 107, TISERA ALEJANDRO JAVIER",000115,,1,N
2025,4555,4284,1,4451,3430,2025-09-05 00:00:00,PRESU,106201,2025,O,,,,"PRESUPUESTO 106201, GLOBAL",000000,,1,N
2025,4556,4522,1,4676,2209,2025-09-05 00:00:00,SUM,4443,2025,A,2025-12-19 00:00:00,ADMINI,,"JAVIER DURANTE, N° 0001-00000739 (COCINA )",000115,,1,N
2025,4557,4523,1,4677,866,2025-09-05 00:00:00,SUM,4442,2025,O,,,,PILOÑA- PRESUPUESTO N° 0004-00189227/189228 (FARMACIA),000115,,1,N
2025,4558,4524,1,4678,1682,2025-09-05 00:00:00,SUM,4441,2025,O,,,,"PINTURERIAS INDIGO, N° PRES. x000400008747, AMBULANCIAS",000115,,1,N
2025,4559,4525,1,4679,141,2025-09-05 00:00:00,SUM,4440,2025,O,,,,PINTURERIAS SAGITARIO S.A. N°  00016-00008174 (SALA DE ESPERA CONSULTORIOS),000115,,1,N
2025,4560,4526,1,4688,3165,2025-09-05 00:00:00,SUM,4431,2025,O,,,,VELIBO SUPPLIES SAS- PRESUPUESTO N° 0001-00009034 (FARMACIA),000115,,1,N
2025,4598,4562,1,4756,2209,2025-09-09 00:00:00,PRESU,737,2025,A,2025-12-19 00:00:00,ADMINI,,"JAVIER DURANTE, PRESUPUESTO N° 0001-00000737",000000,,1,N
2025,4601,4565,1,4753,3322,2025-09-09 00:00:00,PRESU,1280,2025,A,2025-09-10 00:00:00,ADMINI,,PINAMAR HIGIENE INSTITUCIONAL SRL- PRESUPUESTO N° 0004-00001280 (LAVADERO),000000,,1,N
2025,4603,4567,1,4750,3332,2025-09-09 00:00:00,PRESU,151,2025,O,,,,"PROV. ANA PAOLA RODRIGUEZ PRESUP. 0151, 0150 ALAMBRE DE SOLDAR ,CARGA DE GAS PARA SOLDAR",000000,,1,N
2025,4606,4570,1,4744,300,2025-09-09 00:00:00,PRESU,4622,2025,O,,,,"PRESUPUESTO N° 00004622 de Silvia Beatriz Maistegui de ""PINTURERIA - FERRETERIA TODO COLOR"" Para el Sr. Ruiz, Alberto",000000,,1,N
2025,4811,4775,1,4952,195,2025-09-24 00:00:00,SUM,4738,2025,O,,,,"Casa Blanco, presupuesto 6097 (COM)",000010,,1,N
2025,4860,4825,1,5008,2337,2025-09-29 00:00:00,PRESU,0,2025,O,,,, Corresponde contrato Von Saldern German -,000000,,1,N
2025,4861,4826,1,5010,1514,2025-09-30 00:00:00,PRESU,0,2025,O,,,,"PRESUPUESTO 000, CASA ELICEIRY, 25/09/2025",000000,,1,N
2025,4953,4919,1,5104,2843,2025-10-08 00:00:00,SUM,4888,2025,O,,,,Corresponde prevision Concurso de Asadores - Expte N° 2326/25 ROST TAMARA,000120,,1,N
2025,4955,4921,1,5105,2209,2025-10-08 00:00:00,SUM,4887,2025,O,,,,Corresponde prevision Concurso de Asadores - Expte N° 2326/25 DURANTE,000115,,1,N
2025,4957,4923,1,5106,2299,2025-10-08 00:00:00,SUM,4886,2025,O,,,, Corresponde prevision Concurso de Asadores - Expte N° 2326/25 SCIGLIANO,000115,,1,N
2025,4959,4925,1,5107,2869,2025-10-08 00:00:00,SUM,4885,2025,O,,,,Corresponde prevision Concurso de Asadores - Expte N° 2326/25 MADA-POY,000115,,1,N
2025,4961,4927,1,5116,1002,2025-10-08 00:00:00,SUM,4898,2025,O,,,,Corresponde prevision Concurso de Asadores - Expte N° 2326/25 - LELE MELON,000115,,1,N
2025,4992,4958,1,5143,3381,2025-10-09 00:00:00,PRESU,0,2025,O,,,,PRESUPUESTO SIN N° - LACAVA MIGUEL ANGEL / SERVICIO DE TRANSPORTE EN EN EL MARCO DEL PROGRAMA TORNEOS BONAERENSES ETAPA FINAL,000000,,1,N
2025,5147,5112,1,5303,3184,2025-10-29 00:00:00,SUM,5062,2025,O,,,,DROGUERIA PERDOMINICI- PRESUPUESTO N° 7/10/2025 (FARMACIA),000115,,1,N
2025,5278,5234,1,5435,2385,2025-11-07 00:00:00,SUM,5169,2025,A,2025-11-11 00:00:00,ERROR,,LUIS L.A VILLARREAL Y CIA S.R.L VEHICULO MINIBUS AF591SU,000115,,1,N
2025,5279,5235,1,5439,160,2025-11-07 00:00:00,SUM,5167,2025,O,,,,AGROVETERINARIA MARZULLO. PRSUPUESTO Nº 0001-00001128.BROMATOLOGIA.,000115,,1,N
2025,5280,5236,1,5440,2209,2025-11-07 00:00:00,SUM,5163,2025,O,,,,JAVIER DURANTRE. DISTRIBUIDORA DE ALIMENTOS.MES DE NOVIEMBRE. COCINA HOSPITAL.PRESUPUESTO Nº 0001-00000782.MES DE NOVIEMBRE.,000115,,1,N
2025,5281,5237,1,5441,395,2025-11-07 00:00:00,SUM,5166,2025,O,,,,LABORATORIO BIOQUIMICO MAR DEL PLATA S.A - PRESUPUESTO S/N° PRACTICAS DE LABORATORIO DE ALTA COMPLEJIDAD DESDE EL 1/10/2025 HASTA 31/10/2025,000115,,1,N
2025,5282,5238,1,5442,850,2025-11-07 00:00:00,SUM,5165,2025,O,,,,UNO ELECTROMEDICINA - PRESUPUESTO N° 00003-00014140 (LABORATORIO DE ANALISIS),000115,,1,N
2025,5283,5239,1,5425,211,2025-11-07 00:00:00,SUM,5154,2025,O,,,,Torneria Milani (AB038FG),000115,,1,N
2025,5284,5240,1,5426,3287,2025-11-07 00:00:00,SUM,5158,2025,O,,,,"Hispanograf, presupuesto 1842 (para colocacion en remis habilitado)",000115,,1,N
2025,5285,5241,1,5427,71,2025-11-07 00:00:00,SUM,5159,2025,O,,,,"Campo y Ciudad, presupuesto 15273",000115,,1,N
2025,5286,5242,1,5428,441,2025-11-07 00:00:00,SUM,5160,2025,O,,,,"Papelera Alpa, presupuesto 3799 (oficina inspeccion)",000115,,1,N
2026,469,472,1,501,866,2026-01-27 00:00:00,SUM,470,2026,O,,,,PILOÑA- PRESPUESTO N° 1646752 (FARMACIA),000115,,1,N
2025,4325,4293,1,4437,3287,2025-08-18 00:00:00,SUM,4210,2025,O,,,,HISPANOGRAF- PRESUPUESTO N° 1820/1821 (KINESIOLOGIA-TERAPIA OCUPACIONAL),000115,,1,N
2025,4327,4295,1,4439,71,2025-08-18 00:00:00,SUM,4213,2025,O,,,,PROVEEDURIA CAMPO Y CIUDAD- PRESUPUESTO N° 15253  (CIC QUINTANILLA),000115,,1,N
2025,4329,4297,1,4438,71,2025-08-18 00:00:00,SUM,4211,2025,O,,,,PROVEEDURIA CAMPO Y CIUDAD- PRESUPUESTO N° 15262 (BROMATOLOGIA),000115,,1,N
2025,4330,4299,1,4440,3390,2025-08-18 00:00:00,SUM,4209,2025,O,,,,ALTA MORENA- PRESUPUESTO N° 48 (HOSPITAL Y HOGAR DE ANCIANOS),000115,,1,N
2025,4332,4300,1,4441,1,2025-08-18 00:00:00,SUM,4214,2025,O,,,,HUGO CESAR CORBELLINI- PRESUPUESTO N° 1019 MOVIL 9 DOMINIO: AB039OI,000115,,1,N
2025,4334,4302,1,4455,1586,2025-08-18 00:00:00,SUM,4272,2025,O,,,,Hendel Hogar S.A.,000115,,1,N
2025,4372,4340,1,4512,3426,2025-08-21 00:00:00,SUM,3931,2025,O,,,,CORRESPONDE EXPTE Nº 3508/2024.DRA JAIME MARIA GRACIELA.,000115,,1,N
2025,4375,4343,1,4483,17,2025-08-21 00:00:00,SUM,4238,2025,O,,,,"PROV. LUIS LOMBARDIA PRESUP.0141INSUMOS Y REPUESTOS PARA MOTOGUADAÑAS, MOTOSIERRAS",000115,,1,N
2025,4376,4344,1,4495,1876,2025-08-21 00:00:00,SUM,4259,2025,O,,,,MAX CONTINENTAL- PRESUPUESTO N° 0001-00153559 (FARMACIA),000115,,1,N
2025,4377,4345,1,4490,300,2025-08-21 00:00:00,SUM,4268,2025,O,,,,"PRESUPUESTO N° 00005505 de Silvia Beatriz Masitegui de ""PINTURERIA - FERRETERIA TODO COLOR"" Para arreglos varios en la casita de chocolate (colocar  cambiador de pañales, arreglo puerta de entrada, hacer estanterías y percheros)",000115,,1,N
2025,4378,4346,1,4482,17,2025-08-21 00:00:00,SUM,4239,2025,O,,,,PROV.LUIS LOMBARDIA PRESUP.0135 INSUMOS Y REPUETOS PARA MOTOSIERRAS Y MOTOGUADAÑAS,000115,,1,N
2025,4379,4347,1,4494,866,2025-08-21 00:00:00,SUM,4265,2025,O,,,,PILOÑA- PRESUPUESTO N° 0004-00187761 (FARMACIA),000115,,1,N
2025,4402,4370,1,4506,1440,2025-08-22 00:00:00,SUM,4276,2025,O,,,,QUALIMED- PRESUPUESTO N° 69 (FARMACIA -QUIROFANO),000115,,1,N
2025,4625,4589,1,4765,1161,2025-09-10 00:00:00,SUM,4414,2025,O,,,,PRESUPUESTO SIN N° - FORRAJERIA LA ESPERANZA / MERCADERIA UTILIZADA EN TORNEO BONAERENSE ETAPA REGIONAL,000115,,1,N
2025,4627,4591,1,4766,2281,2025-09-10 00:00:00,SUM,4428,2025,O,,,,"PRESUPUESTO N° 0765 - LUBRICENTRO MADARIAGA / SERVICE MANTENIMIENTO IVECO""AB603TW""",000115,,1,N
2026,532,535,1,565,1259,2026-02-02 00:00:00,SUM,510,2026,O,,,,"PROV.ELECTRO DANNUNZIO PRESUP.30022 ARTICULOS DE ELECTRICIDA PARA ROTONDA DE ILLIA Y PELEGRINI , GUIRNALDAS, PASEO DE BICENTENARIO Y PARQUE DE LA ESTACION",000115,,1,N
2025,3396,3373,1,3497,717,2025-06-19 00:00:00,SUM,3289,2025,O,,,,PROVEDURIA LA ILUSION - PRESUPUESTO N° 36341 (COCINA HOSPITAL),000115,,1,N
2025,3398,3390,1,3509,2087,2025-06-19 00:00:00,SUM,3369,2025,O,,,,Rojas Carolina. Acto 20 de Junio 2025,000115,,1,N
2025,3404,3396,1,3522,3327,2025-06-19 00:00:00,SUM,3344,2025,O,,,,"Expte N° 1863/2025 Renovación de Contrato: Sra.  Harisgarat, Josefina . No cumple con el Art.45 de la Ley 14.656",000115,,1,N
2025,3405,3397,1,3523,3034,2025-06-19 00:00:00,SUM,3345,2025,O,,,,"Expte N°    277/2025 Addenda: Sra. Escobar, Estela. Operadora territorial Equipo de Abordaje a la violencia familiar y de género.No cumple con el Art. 45 de la Ley 14.656",000115,,1,N
2025,3407,3399,1,3524,3033,2025-06-19 00:00:00,SUM,3346,2025,O,,,,"Expte N° 277/2025 Addenda: Sra. Olaizola, Rocio Operadora Social del Equipo de Abordaje  a la violencia familiar y de género. No cumple con el Art. 45 de la Ley 14.646",000115,,1,N
2025,3408,3400,1,3525,3027,2025-06-19 00:00:00,SUM,3347,2025,O,,,,"Expte N° 277/2025 Addenda Sra: Suarez, Micaela Brunella Operadora Social del Equipo de Abordaje a la violencia familiar y de género. No cumple con el Art. 45 de la Ley 14.656",000115,,1,N
2025,3409,3401,1,3526,3361,2025-06-19 00:00:00,SUM,3348,2025,O,,,,"Expte N°277/2025 Addenda Sra: Morando, Araceli OPeradora  Territorial del Equipo de Abordaje a  la violencia familiar y de género. No cumple con el Art. 45 de la Ley 14.656",000115,,1,N
2025,3413,3405,1,3527,1864,2025-06-19 00:00:00,SUM,3350,2025,O,,,,"Expte N° 253/2025 Addenda Sra: Amigorena, María Paula Psicóloga en el Programa Envión. No cumple con el Art. 45 de la Ley 14.656",000115,,1,N
2025,3415,3407,1,3528,1825,2025-06-19 00:00:00,SUM,3351,2025,O,,,,"Expte  N° 253/2025 Addenda Sr: Anrríquez, Gustavo Oscar Trabajdor Social en el Equipo de Asistencia a las víctimas de delitos y Abordajee a la violencia masculina- No cumple con el Art. 45 de la Ley 14.656",000115,,1,N
2025,3417,3410,1,3529,3455,2025-06-19 00:00:00,SUM,3352,2025,O,,,,"Expte  N° 253/2025 Addenda Sra. Cardozao, Aranza Celeste Operadora de calle en el Equipo del Servicio Local. No cumple con el Art. 45 de la Ley 14.656",000115,,1,N
2025,3421,3413,1,3530,3240,2025-06-19 00:00:00,SUM,3353,2025,O,,,,"Expte N° 253/2025 Addenda Sra : Etchart, María Eugenia Abogada del Equipo de Asistencia a las Víctimas de delitos y del Servicio Local. No cumple con el Art. 45 de la Ley 14.656",000115,,1,N
2025,3424,3416,1,3531,2032,2025-06-19 00:00:00,SUM,3355,2025,O,,,,"Expte N° 253/2025 Addenda Sr.: Gabito, Cristián Raúl  Abogado en el equipo de Abordaje a la violencia masculina y coordinador de las intervenciones en vulneración de derechos. No cumple con el Art. 45 de la Ley 14.656",000115,,1,N
2025,3426,3418,1,3532,3438,2025-06-19 00:00:00,SUM,3356,2025,O,,,,"Expte N° 253/2025 Addenda Sra.: Golart, Noelia Belén Operadora territorial del Equipo del Servicio Local. No cumple con el Art. 45 de la Ley 14.656",000115,,1,N
2025,5068,5033,1,5224,3226,2025-10-20 00:00:00,SUM,4955,2025,O,,,,Prov.:Electro HD (Hector Anibal Curto) - Presup.:0541 - PARA PLOTER OFICINA OBRAS PUBLICAS,000115,,1,N
2025,2916,2916,1,3018,2892,2025-05-22 00:00:00,SUM,2929,2025,O,,,,"Hernandez Emilia, presupuesto 00000071",000115,,1,N
2025,2929,2928,1,3021,149,2025-05-22 00:00:00,SUM,2931,2025,O,,,,MARCOS ANTONIO CHIARAMELLO     ACTO PATRIO 25/05    EXPTE 1611/25,000115,,1,N
2025,2930,2930,1,3020,2991,2025-05-22 00:00:00,SUM,2937,2025,O,,,,"Alegre, Saúl Alegre,presupuesto 00003080.Acto 25 de Mayo.",000115,,1,N
2025,2932,2932,1,3028,3506,2025-05-22 00:00:00,SUM,2887,2025,O,,,,Exp.:329/25 Sol. Mejoras p/ Estadio Municipal - Prov.:Pacheco Jorge Oscar - Presup.:014191,000115,,1,N
2025,2933,2635,1,2745,2087,2025-05-22 00:00:00,SUM,2665,2025,O,,,,Expte. 1392/2025 Mes del Autismo. Martín Lujan,000115,,1,N
2025,3960,3929,1,4063,3322,2025-07-22 00:00:00,SUM,3836,2025,O,,,,PINAMAR HIGIENE INSTITUCIONAL - PRESUPUESTO N° 16-1864 (LAVADERO HOSPITAL),000115,,1,N
2025,3961,3930,1,4059,2578,2025-07-22 00:00:00,SUM,3847,2025,O,,,,PHOYU MARIA ALCIRA- PRESUPUESTO N° 16/07/2025,000115,,1,N
2025,3962,3931,1,4055,160,2025-07-22 00:00:00,SUM,3867,2025,O,,,,"Suc. de Cesar Abel Marzullo, presupuesto 0001-00001109",000115,,1,N
2025,3963,3932,1,4050,2790,2025-07-22 00:00:00,SUM,3851,2025,O,,,,Idearte - Erreguerena - Presupuesto del 17/07 Cajones personalizados con los logos de la municipalidad y Madariaga el pago gaucho,000115,,1,N
2025,3968,3937,1,4079,335,2025-07-22 00:00:00,SUM,3854,2025,O,,,,"PRESUPUESTO de María Cristina Uthurburu de ""CASA MEOQUI"" Sra. Mendez, Yolanda fallecida el 24 de mayo 2025F 1.555.732 - Sr. Diaz, Romulo Raúl fallecido el 02 de junio 2025 M 5.330.048",000115,,1,N
2025,3970,3939,1,4078,2110,2025-07-22 00:00:00,SUM,3860,2025,O,,,,"PRESUPUESTO N° 488 / 491de ""EDUARDO FUMEGA"" Limpieza de mecheros y picos, cambio de cuello de ventilación, cambio de cañería de ventilación del Servicio Local y limpieza de piloto y reemplazo de magiclick en Sede",000115,,1,N
2025,3972,3941,1,4082,2209,2025-07-22 00:00:00,SUM,3895,2025,O,,,, PROV.DURANTE JAVIER- PRESU.  N°0001 00000728- SEC. PRODUCCION- COLONIA MUNICIPAL,000115,,1,N
2025,4045,4012,1,4160,578,2025-07-28 00:00:00,SUM,3945,2025,O,,,,PROV. ITURRARTE REPUESTOS PRESP.1115 REPUESTOS PARA CAMION VW 17280 AF497IF,000115,,1,N
2025,4049,4017,1,4153,2958,2025-07-28 00:00:00,SUM,3950,2025,O,,,,AVICOLA DEL TUYU DE ANDERS VICTOR- PRESUPEUSTO N° 0008-00002562 (COCINA),000115,,1,N
2025,4050,4018,1,4149,141,2025-07-28 00:00:00,SUM,3926,2025,O,,,,"Pintureria Sagitario, (membrana utilizada para colocar faja de infraccion)",000115,,1,N
2025,4065,4033,1,4168,2883,2025-07-29 00:00:00,SUM,3959,2025,O,,,,INSUMOS GENERALES 3F- PRESUPUESTO N° 24/07/2025 (QUIROFANO),000115,,1,N
2025,4066,4034,1,4171,2869,2025-07-29 00:00:00,SUM,3958,2025,O,,,,MADA POY S.A- PRESUPUESTO N° 0001-00000861 (COCINA HOSPITAL),000115,,1,N
2025,4067,4035,1,4172,2869,2025-07-29 00:00:00,SUM,3957,2025,O,,,,MADA POY S.A- PRESUPUESTO N° 0001-00000860 (HOGAR DE ANCIANOS),000115,,1,N
2025,4069,4036,1,4173,3165,2025-07-29 00:00:00,SUM,3956,2025,O,,,,VELIBO SUPPLIES S.A.S- PRESUPUESTO N° 0001-00008584 (FARMACIA),000115,,1,N
2025,4070,4037,1,4174,1259,2025-07-29 00:00:00,SUM,3963,2025,O,,,,PROV. ELECTRO DANNUNCIO PRESUP.28767 ARTICULS DE ELECTROCIDAD PARA MEDIDOR DE LUZ,000115,,1,N
2025,4071,4038,1,4175,3246,2025-07-29 00:00:00,SUM,3978,2025,O,,,,MUNDIAL 2022- PRESUPUESTO S/N°  MEDICAMENTOS DISPENSADOS MES DE JULIO/2025,000115,,1,N
2025,4072,4039,1,4167,167,2025-07-29 00:00:00,SUM,3960,2025,O,,,,TODO POLLO- PRESUPUESTO N° 17/19 (HOSPITAL Y HOGAR),000115,,1,N
2025,4631,4595,1,4740,688,2025-09-10 00:00:00,PRESU,6767,2025,O,,,,"Ramos Osvaldos e Isidro Juan Carlos (Batería La Primera).Moto Pauny 160,Moto Pauny 180, turbo Pauny 1,New Holand.",000000,,1,N
2025,4632,4596,1,4762,2675,2025-09-10 00:00:00,PRESU,609,2025,O,,,,"PROV.CAROLINA NOWE PRESUP.0607,0609,0606 REPUESTOS PARA MOTONIVELADORA NEW HOLLAND CII59 ,COLECTIVOS LAN557, JZH226 VW 17220 LED010 IVICO PJY978",000000,,1,N
2025,4633,4597,1,4764,826,2025-09-10 00:00:00,PRESU,2637,2025,O,,,,PROV.DUENE AZUL PRESUP.2637 CAMISION A LA PLATA REPUESTOS MERCEDES LA PLATA,000000,,1,N
2025,4653,4617,1,4793,3297,2025-09-11 00:00:00,SUM,4548,2025,O,,,,"PRESUPUESTO 85, ISIDRO-SANTOS",000115,,1,N
2025,4654,4618,1,4794,441,2025-09-11 00:00:00,SUM,4539,2025,O,,,,ALPA - PRESUPUESTO N° 0002-00003766 (JORNADA DE COLOSTOMIA),000115,,1,N
2025,3205,2795,1,2414,117,2025-06-09 00:00:00,EXPED,1137,2025,O,,,,CORRESPONDE CONCURSO DE PRECIOS N° 14/2025  PAPELERIA Y LIBRERIA,CTACTE,,1,N
2025,3058,3058,1,3154,3287,2025-05-29 00:00:00,PRESU,1763,2025,O,,,,Avellaneda 7163 -  hispanograf - vinilo para delegacion sur - presupuesto 1763,000000,,1,N
2025,3060,3060,1,3162,2369,2025-05-29 00:00:00,PRESU,176827,2025,O,,,,"PROV. MERCEDES LA PLATA PRESUP.176827 REPUESTOS PARA MERCEDES BENZ 1114 XNE244,UQV265, VW 17220 LED013, FORD 14000 DMI232",000000,,1,N
2025,3061,3061,1,3153,3509,2025-05-29 00:00:00,PRESU,3032,2025,O,,,,POLIZA DE RUS,000000,,1,N
2025,3062,3062,1,3156,428,2025-05-29 00:00:00,PRESU,1700,2025,O,,,,"Yoldi Carlos Agustin, presupuesto 1700 (para el uso del personal de tecnica)",000000,,1,N
2025,3063,3063,1,3157,3336,2025-05-29 00:00:00,PRESU,0,2025,O,,,,"PROV. MORALES ROCIO PRESUP.27/5/2025 REPUESTOS PARA CAMION FIAT ALLIS RG140, FORD 14000ASZ490, AWK675 MERCEDES BENZ 1114 UYW682,",000000,,1,N
2025,3064,3064,1,3158,452,2025-05-29 00:00:00,PRESU,583,2025,O,,,,PROV. EL SUREÑO PRESUP.0583 TUBOS PARA ENTRADA DE CALLE ILLIA Y 110,000000,,1,N
2025,3065,3065,1,3159,2843,2025-05-29 00:00:00,PRESU,7848535,2025,O,,,,"PRESUPUESTO N° X 7848535   de Tamara Rost de ""Frutería y verdulería Negrín"" Plan Alimentario 2025",000000,,1,N
2025,3066,3066,1,3160,3287,2025-05-29 00:00:00,PRESU,1773,2025,O,,,,"Hispanograf, presupuesto 1773 (fajas para transito)",000000,,1,N
2025,3067,3067,1,3161,879,2025-05-29 00:00:00,PRESU,909,2025,O,,,,Exp.: - Prov.:Casa Harisgarat - Presup.:0909 - CAPS DE B ° SAN MARTIN,000000,,1,N
2025,3069,3069,1,3183,492,2025-05-30 00:00:00,PRESU,63141,2025,O,,,,MAXIMO PINASCO S.A- PRESUPUESTO N° 1000363141  DOMINIO: AF591SU,000000,,1,N
2025,3082,3082,1,3184,2810,2025-05-30 00:00:00,PRESU,0,2025,O,,,," PROV. MERCERIA EL DEDAL ""Arriola Maria Teresa"". PRESU. N°06/12- SEC. PRODUCCION-",000000,,1,N
2025,3175,2795,1,2414,1061,2025-06-09 00:00:00,EXPED,1137,2025,A,2025-06-09 00:00:00,ERROR,,CORRESPONDE CONCURSO DE PRECIOS N° 14/2025  PAPELERIA Y LIBRERIA,CTACTE,,1,N
2025,3176,2795,1,2414,117,2025-06-09 00:00:00,EXPED,1137,2025,A,2025-06-09 00:00:00,ERROR,,CORRESPONDE CONCURSO DE PRECIOS N° 14/2025  PAPELERIA Y LIBRERIA,CTACTE,,1,N
2025,3177,2795,1,2414,441,2025-06-09 00:00:00,EXPED,1137,2025,A,2025-06-09 00:00:00,ERROR,,CORRESPONDE CONCURSO DE PRECIOS N° 14/2025  PAPELERIA Y LIBRERIA,CTACTE,,1,N
2025,3202,2795,1,2414,1061,2025-06-09 00:00:00,EXPED,1137,2025,O,,,,CORRESPONDE CONCURSO DE PRECIOS N° 14/2025  PAPELERIA Y LIBRERIA,CTACTE,,1,N
2025,4024,3993,1,4113,160,2025-07-24 00:00:00,SUM,3918,2025,O,,,,AGROVETERINARIA MARZULLO- PRESUPUESTO N° 0001-00001111 BROMATOLOGIA,000115,,1,N
2025,3313,3307,1,3432,279,2025-06-13 00:00:00,SUM,3203,2025,A,2025-06-18 00:00:00,ERROR,, Exp.:3093/24 Coloc. caños SIP -  Prov.:De Vito - Presup.:Contrato,000115,,1,N
2025,3214,2795,1,2414,441,2025-06-09 00:00:00,EXPED,1137,2025,O,,,,CORRESPONDE CONCURSO DE PRECIOS N° 14/2025  PAPELERIA Y LIBRERIA,CTACTE,,1,N
2025,3314,3308,1,3423,171,2025-06-13 00:00:00,SUM,3248,2025,O,,,,PRESUPUESTO N° 2708 - EL GALLEGO / CABLE Y CINTA UTILIZADO EN ESTADIO MUNICIPAL FRANCISCO ALCUAZ,000115,,1,N
2025,3315,3309,1,3426,68,2025-06-13 00:00:00,SUM,3251,2025,O,,,,"PRESUPUESTO SIN N° - ATMOSFERICO ""LA PRIMERA"" SERGIO PEYRANO - TRABAJO EN ESTADIO MUNICIPAL FRANCISCO ALCUAZ",000115,,1,N
2025,3318,3312,1,3427,2410,2025-06-13 00:00:00,SUM,3253,2025,O,,,,PRESUPUESTO N°1092 - LEANDRO RUBEN BOGADO / CAMBIO DE LUCES EN IVECO DAILY. DOMINIO: AB603TW,000115,,1,N
2025,3319,3313,1,3428,441,2025-06-13 00:00:00,SUM,3246,2025,O,,,,PRESUPUESTO N°3652 - ALPA MADARIAGA,000115,,1,N
2025,3320,3314,1,3429,2406,2025-06-13 00:00:00,SUM,3169,2025,O,,,,PRESUPUESTO N° 10010 - BAIGORRIA MARTIN MIGUEL,000115,,1,N
2025,3322,3316,1,3430,2406,2025-06-13 00:00:00,SUM,3168,2025,O,,,,PRESUPUESTO N° 10007 - BAIGORRIA MARTIN MIGUEL,000115,,1,N
2025,3323,3317,1,3431,171,2025-06-13 00:00:00,SUM,3247,2025,O,,,,PRESUPUESTO N° 2724 - EL GALLEGO,000115,,1,N
2025,3324,3318,1,3433,441,2025-06-13 00:00:00,SUM,3275,2025,O,,,,Corresponde presupuesto N° 0002-00003672/00003665 MATIENZO PAOLA,000115,,1,N
2025,3325,3319,1,3434,169,2025-06-13 00:00:00,SUM,3272,2025,O,,,,Corresponde presupuesto N° 000929 - TERRANOVA,000115,,1,N
2025,3326,3320,1,3435,3287,2025-06-13 00:00:00,SUM,3243,2025,O,,,,HISPANOGRAF          PRESUPUESTO N° 1780,000115,,1,N
2025,3327,3321,1,3436,2838,2025-06-13 00:00:00,SUM,3232,2025,O,,,,LUIS MONERRAT   ENCUENTRO DE PAYADORES  EXPTE. 1811/25,000115,,1,N
2025,3328,3322,1,3437,3287,2025-06-13 00:00:00,SUM,3262,2025,O,,,,"Hispanograf, presupuesto 1778 (faja de remis Trip)",000115,,1,N
2025,3329,3323,1,3438,3287,2025-06-13 00:00:00,SUM,3263,2025,O,,,,"Hispanograf, presupuesto 1779 (numeros impresos del 0 al 9 parra armado de obleas- Inspeccion)",000115,,1,N
2025,3330,3324,1,3439,300,2025-06-13 00:00:00,SUM,3261,2025,O,,,,"Ferreteria Todo Color, presupuesto 5236 (elementos utilizados por el personal del taller del area, y los rollos de cinta de peligro entregados al personal de transito)",000115,,1,N
2025,3331,3325,1,3440,1879,2025-06-13 00:00:00,SUM,3265,2025,O,,,,"Rodamientos TUYU, presupuesto 3014 (AE331IY-AB038FG-OIG911)",000115,,1,N
2025,3332,3326,1,3441,1879,2025-06-13 00:00:00,SUM,3266,2025,O,,,,"Rodamientos TUYU, presupuesto 3013 (ae704aw, aw704ax)",000115,,1,N
2025,3333,3327,1,3442,300,2025-06-13 00:00:00,SUM,3270,2025,O,,,,"Ferreteria Todo Color, presupuesto 5502 (utilizado por el personal del taller para el mantenimiento de vehiculos)",000115,,1,N
2025,3334,3328,1,3443,2410,2025-06-13 00:00:00,SUM,3268,2025,O,,,,"Electricidad Leandro Ruben Bogado, presupuestos 1095-1086-1096 (af471zq-af428nh)",000115,,1,N
2025,3335,3329,1,3444,2410,2025-06-13 00:00:00,SUM,3267,2025,O,,,,"Electricidad Leandro Ruben Bogado, presupuesto 1098 (NUF386)",000115,,1,N
2025,3336,3330,1,3445,2410,2025-06-13 00:00:00,SUM,3271,2025,O,,,,"Electricidad Leandro Ruben Bogado, presupuestos 1087-1090 ( trailer- af428nh)",000115,,1,N
2025,3443,3435,1,3553,3287,2025-06-23 00:00:00,SUM,3401,2025,O,,,,Corresponde presupuesto N° 1790 - AVELLANEDA 7163,000115,,1,N
2025,3749,333,1,331,3200,2025-07-10 00:00:00,SUM,334,2025,O,,,,DI-SEGNO MUEBLES A MEDIDA- PRESUPUESTO S/ N°,000115,,1,N
2025,4412,4380,1,4542,1682,2025-08-25 00:00:00,SUM,4319,2025,O,,,,"PRESUPUESTO N° X 000400008746/8749 de ""INDIGO PINTURERIAS"" Para aréa de Discapacidad, señalética accesibilidad para personas con discpacidad",000115,,1,N
2025,4418,4386,1,4545,3322,2025-08-25 00:00:00,SUM,4314,2025,O,,,,PINAMAR HIGIENE INSTITUCIONAL SRL- PRESUPUESTO N° 0004-00001251 (LAVADERO),000115,,1,N
2025,4426,4394,1,4556,879,2025-08-25 00:00:00,SUM,4221,2025,O,,,,"Casa Harisgarat, presupuesto 01210",000115,,1,N
2025,4430,4398,1,4553,2674,2025-08-25 00:00:00,SUM,4349,2025,O,,,,Corresponde presupuesto SODOR PABLO,000115,,1,N
2025,5045,5011,1,5207,2643,2025-10-20 00:00:00,SUM,4926,2025,O,,,,"PRESUPUESTO 000, EMPRESA 12 DE OCTUBRE",000115,,1,N
2025,5049,5015,1,5208,2450,2025-10-20 00:00:00,SUM,4954,2025,O,,,,""" LA FRUTERIA"" MARCELO LABATUT.Presupuestos COCINA HOGAR DE ANCIANOS Y COCINA HOSPITAL MUNICIPAL. MES DE SEPTIEMBRE.",000115,,1,N
2025,5053,5018,1,5209,2843,2025-10-20 00:00:00,SUM,4949,2025,O,,,,"Expte N° 159/25 Proyecto de Talleres Programa Envión.PRESUPUESTO N° X 6976054 de Rost, Tamara de ""FRUTERIA NEGRIN"" Para la merienda de los chicos del Programa Envión y para el taller de cocina",000115,,1,N
2025,5055,5020,1,5210,441,2025-10-20 00:00:00,SUM,4958,2025,O,,,,"PRESUPUESTO 3793, MATIENZO PAOLA AMELIA",000115,,1,N
2025,5056,5021,1,5211,1876,2025-10-20 00:00:00,SUM,4951,2025,O,,,,MAX CONTINENTAL- PRESUPUESTO N° 0001-00155679 (QUIROFANO),000115,,1,N
2025,5057,5022,1,5200,3165,2025-10-20 00:00:00,SUM,4942,2025,O,,,,VELIBO SUPPLIES SAS- PRESUPUESTO N° 0001-00009586 (FARMACIA),000115,,1,N
2025,5058,5023,1,5201,413,2025-10-20 00:00:00,SUM,4933,2025,O,,,,NEUMATICOS PASO de Agustin Paso. MINIBUS VIAJES A MAR DEL PLATADOMINIO AF 591SU.,000115,,1,N
2025,5059,5024,1,5202,850,2025-10-20 00:00:00,SUM,4934,2025,O,,,,UNO ELECTROMEDICINA - PRESUPUESTO N°  00003-00013941 (LABORATORIO DE ANALISIS),000115,,1,N
2025,5060,5025,1,5203,3297,2025-10-20 00:00:00,SUM,4938,2025,O,,,,FRENOS MADARIAGA- PRESUPUESTO N° 86 (BROMATOLOGIA) DOMINIO: AB437WY,000115,,1,N
2025,5061,5026,1,5204,169,2025-10-20 00:00:00,SUM,4937,2025,O,,,,TERRANOVA QUIMICA- PRESUPUESTO N° 981 (HOGAR DE ANCIANOS),000115,,1,N
2025,5062,5027,1,5205,879,2025-10-20 00:00:00,SUM,4943,2025,O,,,,"PROV. CASA HARISGARAT ""Tatano Harisgarat SRL"". PRESU. N°0001-00001217- SEC. PRODUCCION-",000115,,1,N
2026,470,473,1,502,3163,2026-01-27 00:00:00,SUM,477,2026,O,,,,"Artec Seguridad, presupuesto 10032 (Centro de Monitoreo)",000115,,1,N
2026,471,474,1,503,117,2026-01-27 00:00:00,SUM,469,2026,O,,,,PAPELERA LAS 3 MARIAS. PRESUPUESTO Nº 00003849.COCINA HOSPITAL.,000115,,1,N
2026,472,475,1,504,3075,2026-01-27 00:00:00,SUM,468,2026,O,,,,JUAN MARTIN CORREA LORENTE. PRESUPUESTO Nº 0001-00000067.QUIROFANO-MATERNIDAD Y HOGAR.,000115,,1,N
2026,493,497,1,527,2209,2026-01-29 00:00:00,PRESU,0,2026,O,,,,"CORRESPONDE PREVISION, DURANTE JAVIER",000000,,1,N
2026,494,498,1,528,875,2026-01-29 00:00:00,PRESU,0,2026,O,,,,Corresponde prevision Eyras Juan Carlos- El mensajero de la Costa,000000,,1,N
2026,495,499,1,529,1259,2026-01-29 00:00:00,PRESU,30062,2026,O,,,,"PRESUPUESTO 30062, SUC DANNUNZIO JORGE",000000,,1,N
2026,496,500,1,398,1440,2026-01-29 00:00:00,PRESU,89,2026,O,,,,QUALIMED S.A- PRESUPUESTO N° 89 (FARMACIA- QUIROFANO),000000,,1,N
2026,497,501,1,107,2454,2026-01-29 00:00:00,PRESU,0,2026,O,,,,PRESUPUESTO SIN N° - NAHUEL ANTONIO / PILETA PARA COLONIA DE VERANO EN EL MARCO DEL PROGRAMA NUESTROS CHICOS N° EXP 3759,000000,,1,N
2026,498,502,1,530,2299,2026-01-29 00:00:00,PRESU,0,2026,O,,,,"PRESUPUESTO DEL 29/01, SCIGLIANO DIEGO BELTRAN",000000,,1,N
2026,503,507,1,536,216,2026-01-29 00:00:00,PRESU,3397706,2026,O,,,,Corresponde presupuesto N° 3397706 - TALLER PROTEGIDO FAE,000000,,1,N
2026,504,508,1,538,17,2026-01-29 00:00:00,PRESU,59,2026,O,,,,PROV.LUIS LOMBARDIA PRESUP.0059 REPUESTOS E INSUMOS PARA MAQUINAS CORTA PASTO MOTOGUADAÑAS,000000,,1,N
2026,524,527,1,571,527,2026-02-02 00:00:00,SUM,506,2026,O,,,,SERVIMED- PRESUPUESTO N° 148/26 E-U,000115,,1,N
2026,755,757,1,806,3562,2026-02-23 00:00:00,SUM,761,2026,O,,,,desarrollo de software portal de proveedores,000029,,1,N
2026,633,635,1,662,441,2026-02-13 00:00:00,PRESU,3862,2026,O,,,,PROV.ALPA PRESUP.3862 PARA CEMENTERIO,000000,,1,N
2026,635,637,1,669,2751,2026-02-13 00:00:00,PRESU,0,2026,O,,,,  PROV. AGRONOMIA HORTICOLA SRL- PRES. N°27/01/26- SEC PRODUCCION,000000,,1,N
2026,644,646,1,727,1977,2026-02-13 00:00:00,PRESU,7390,2026,O,,,,"PRESUPUESTO 0001-00007390, ZMG ARGENTINA",000000,,1,N
2026,653,655,1,693,167,2026-02-13 00:00:00,PRESU,77,2026,O,,,,"""TODO POLLO"" GONZALO A BUSTAMANTE. PRESUPUESTO Nº 77.COCINA HOSPITAL. SEMANA DEL 2 DE FEBRERO AL 8 DE FEBRERO.",000000,,1,N
2026,659,661,1,690,441,2026-02-18 00:00:00,SUM,649,2026,O,,,,ALPA - PRESUPUESTO N° 2-3873 (ADMINISTRACION HOSPITAL),000115,,1,N
2026,661,663,1,686,2410,2026-02-18 00:00:00,SUM,674,2026,O,,,,L.R.B Bogado presupuesto 1180 (AF345SU),000115,,1,N
2026,662,664,1,683,2410,2026-02-18 00:00:00,SUM,671,2026,O,,,,"L.R.B bogado , presupuesto 01182 (AE704AW)",000115,,1,N
2026,663,665,1,680,3220,2026-02-18 00:00:00,SUM,659,2026,O,,,,"Ricciuto, presupouesto 020 (jch 069)",000115,,1,N
2026,664,666,1,677,879,2026-02-18 00:00:00,SUM,683,2026,O,,,,"PROV.CASA HARISGARAT PRESUP.1025,1031,1022,1034,1036 PARA ARREGLOS EN CEMENTERIO, CORRALON MUNICIPAL Y CORDON DE CALLES ALEM Y VENEZUELA",000115,,1,N
2026,665,667,1,708,360,2026-02-18 00:00:00,SUM,704,2026,O,,,,CARLOS ARGENTINO LOMBERA PROVEEDOR N° 360,000115,,1,N
2025,3428,3420,1,3533,3453,2025-06-19 00:00:00,SUM,3357,2025,O,,,,"Expte N° 253/2025 Addenda Sra.: Lorente, Ana Victoria Trabajadora Social  en el Servicio Local. No cumple con el Art. 45 de la Ley 14.656",000115,,1,N
2025,3429,3421,1,3534,3454,2025-06-19 00:00:00,SUM,3358,2025,O,,,,"Expte N° 253/2025 Addenda Sr.: Muscia Caldarella, Gian Franco Operador Social en el Equipo del Servicio Local. No cumple con el Art. 45 de la Ley 14.656",000115,,1,N
2025,3430,3422,1,3535,2812,2025-06-19 00:00:00,SUM,3359,2025,O,,,,"Expte N° 253/2025  Addenda Sr.: Peréz, Oscar Santiago Operador grupal en el Programa Envión y Operador de calle en el Equipo del Servicio Local. No cumple con el Art. 45 de la Ley 14.656",000115,,1,N
2025,3431,3423,1,3547,3364,2025-06-19 00:00:00,SUM,3379,2025,O,,,,PROV. LIGARI ANGELL MATIAS . PRESU. 19/06/2025- SEC. PRODUCCION- RAICES,000115,,1,N
2025,3432,3424,1,3548,3445,2025-06-19 00:00:00,SUM,3380,2025,O,,,,PROV. MORALES ALEJANDRO MARTIN . PRESU. 19/06/2025- SEC. PRODUCCION- RAICES,000115,,1,N
2025,3475,3464,1,3588,313,2025-06-25 00:00:00,SUM,3402,2025,O,,,,PROV. ATREUCO PUEL COMBUSTIBLE PARA MAQUINAS Y CAMIONES DE ESTA SECRETARIA,000115,,1,N
2025,3476,3465,1,3589,3396,2025-06-25 00:00:00,SUM,3406,2025,O,,,,Corresponde presupuesto proveedor 3396- GRASSO,000115,,1,N
2025,3477,3466,1,3590,441,2025-06-25 00:00:00,SUM,3298,2025,O,,,,"  PROV. PAPELERA ALPA ""Matienzo Paola"". PRESU. N°3668- SEC. PRODUCCION-",000115,,1,N
2025,3478,3467,1,3591,216,2025-06-25 00:00:00,SUM,3414,2025,O,,,,"Taller protegido Fae,presupuesto 4921528",000115,,1,N
2025,3479,3468,1,3584,441,2025-06-25 00:00:00,SUM,3391,2025,O,,,,ALPA- PRESUPUESTO N° 3664 BROMATOLOGIA,000115,,1,N
2025,3485,3474,1,3593,279,2025-06-25 00:00:00,SUM,3354,2025,O,,,, Exp.:3093/24 Coloc. caños SIP -  Prov.:De Vito - Presup.:Contrato,000115,,1,N
2025,3488,3477,1,3594,1259,2025-06-25 00:00:00,SUM,3419,2025,O,,,,"PROV. ELECTRO DANNUNZIO PRESUP.28485,28488 PARA VIVIRO MUNICIPAL  Y CORRALON MUNICIPAL",000115,,1,N
2025,3490,3479,1,3595,3297,2025-06-25 00:00:00,SUM,3420,2025,O,,,,PROV.IVAN ISIDRO PRESUP 077 .23/06/2025 REPUESTO PARA FORD RANGER INI856,000115,,1,N
2025,3492,3481,1,3611,2369,2025-06-25 00:00:00,SUM,3425,2025,O,,,,"PROV.MERCEDES LA PLATA PRESP.178343 REPUESTOS PARA IVECO PJY978, MERCEDES BENZ 1114 XNE245,FORD 14000 SVN719,COLECTIVO JZH266,",000115,,1,N
2025,4634,4598,1,4760,2695,2025-09-10 00:00:00,SUM,4540,2025,O,,,,Corresponde presupuesto N° 00000061- PABLO FRANCISCO PEREZ - AMAROK AB597ZF,000115,,1,N
2025,4635,4599,1,4761,441,2025-09-10 00:00:00,SUM,4547,2025,O,,,,"Matienzo Paola ,presupuesto N° 0002-00003770",000115,,1,N
2025,4688,4652,1,4819,2843,2025-09-15 00:00:00,SUM,4577,2025,O,,,,"PRESUPUESTO N° X 7848549 de Rost, Tamara de ""Frutería Negrin"" Plan Alimentario 2025",000115,,1,N
2025,4690,4654,1,4822,3075,2025-09-15 00:00:00,SUM,4613,2025,O,,,,"Correa Lorente Juan Martín,presupuesto 0001.0000047",000115,,1,N
2025,4691,4655,1,4821,169,2025-09-15 00:00:00,SUM,4619,2025,O,,,,Terranova presupuesto 000977,000115,,1,N
2025,4755,4719,1,4898,313,2025-09-22 00:00:00,SUM,4607,2025,A,2025-09-24 00:00:00,ERROR,,PROV. ATREUCO PUEL COMBUSTIBLE  PARA MAQUINAS Y VEHICULOS DE ESTA SECRETARIA,000115,,1,N
2025,4758,4721,1,4894,2595,2025-09-22 00:00:00,SUM,4663,2025,O,,,,"Ivanper,presupuesto 00007244.Dominio Tractor EFJ 11,Motoniveladora BGZ34,Neww Holland BH 002,Amarok AB 597ZF,Motoniveladora BGZ53,Motoniveladora CGZ53.",000115,,1,N
2025,4761,4724,1,4887,2450,2025-09-22 00:00:00,SUM,4653,2025,O,,,,""" LA FRUTERIA"" LABATUT MARCELO. PRESUPUESTO COCINA HOSPITAL.Y HOGAR DE ANCIANOS.AGOSTO 2025.",000115,,1,N
2025,4762,4726,1,4888,167,2025-09-22 00:00:00,SUM,4590,2025,O,,,, TODO POLLO- PRESUPUESTO N°  00000033 (COCINA),000115,,1,N
2025,4784,4747,1,4901,2490,2025-09-23 00:00:00,SUM,4654,2025,O,,,,GONZALEZ MARIA TERESA- PREVISION DE AGUA MINERAL X 20 LTS - HOSPITAL Y HOGAR DE ANCIANOS,000115,,1,N
2025,4786,4749,1,4921,2334,2025-09-23 00:00:00,SUM,4690,2025,O,,,, Corresponde Expte N° 3683/2024 - Grid it seven,000115,,1,N
2025,4809,4773,1,4945,313,2025-09-24 00:00:00,SUM,4607,2025,O,,,,PROV. ATREUCO PUEL COMBUSTIBLE  PARA MAQUINAS Y VEHICULOS DE ESTA SECRETARIA,000115,,1,N
2025,4816,4780,1,4941,1514,2025-09-25 00:00:00,SUM,1718,2025,A,2025-09-30 00:00:00,ADMINI,,"PRESUPUESTO 000, CASA ELICEIRY, 25/09/2025",000115,,1,N
2025,4818,4782,1,4943,771,2025-09-25 00:00:00,SUM,4678,2025,O,,,,DROGUERIA ALFA CENTAURO S.A- PRESUPUESTO N° 15/09/2025 (FARMACIA),000115,,1,N
2025,4819,4783,1,4942,285,2025-09-25 00:00:00,SUM,4669,2025,O,,,,RADIOGRAFICAOESTE- PRESUPUESTO N° 100050809 (LABORATORIO DE ANALISIS),000115,,1,N
2025,4655,4619,1,4796,436,2025-09-11 00:00:00,SUM,4557,2025,O,,,,"PROV. BAIGORRIA LORENDO PRESP.10/09/2025 PARCHES Y REPARACIONE DE NEUMATICOS, VEHICULOS PATENTES: SVN719,ASZ490,XNE244,DMI232,CII59,CII59,IWV614,AF947IJ CUBIERTA JONH DEERE BNA 17",000115,,1,N
2025,4656,4620,1,4777,1440,2025-09-11 00:00:00,SUM,4541,2025,O,,,,QUALIMED S.A- PRESUPUESTO N° 73 (QUIROFANO),000115,,1,N
2025,4657,4621,1,4778,850,2025-09-11 00:00:00,SUM,4536,2025,O,,,,UNO ELECTROMEDICINA- PRESUPUESTO N° 00003-00013678 (LABORATORIO DE ANALISIS),000115,,1,N
2025,4658,4622,1,4780,866,2025-09-11 00:00:00,SUM,4534,2025,O,,,,PILOÑA- PRESUPUESTO N° 0004-00189615 (FARMACIA),000115,,1,N
2025,4659,4623,1,4779,1943,2025-09-11 00:00:00,SUM,4535,2025,O,,,,B GATE- PRESUPUESTO N° 0005-00006805 (PLANTA DE OXIGENO),000115,,1,N
2025,4766,4729,1,4895,171,2025-09-22 00:00:00,SUM,4665,2025,O,,,,"Sanchez Juan Alberto,presupuesto 532490",000115,,1,N
2025,4767,4730,1,4899,2369,2025-09-22 00:00:00,SUM,4660,2025,O,,,,"PROV.MERCEDES LA PLATA PRESUP.182620 REPUESTOS PARA  MERCEDES BENZ 1114 TGL092,FORD 14000 DMI232 ,COLECTIVO LAN557",000115,,1,N
2025,4768,4731,1,4889,688,2025-09-22 00:00:00,SUM,4570,2025,O,,,,BATERIAS LA PRIMERA S.H N° PRESUOUESTO 0000006809.DOMINIO PAA 334 MOVIL 8.,000115,,1,N
2025,4771,4734,1,4916,300,2025-09-22 00:00:00,SUM,4683,2025,O,,,,"Corresponde prevision Premios ""Día de la Privamera"" Expte n° 1650/2025- MAISTEGUI SILVIA",000115,,1,N
2025,4772,4735,1,4917,63,2025-09-22 00:00:00,SUM,4686,2025,O,,,,"Corresponde prevision Premios ""Día de la Privamera"" Expte n° 1650/2025- JORGE N. FLORES",000115,,1,N
2025,4773,4736,1,4915,19,2025-09-22 00:00:00,SUM,4682,2025,O,,,,"Corresponde prevision Premios ""Día de la Privamera"" Expte n° 1650/2025- CIMOS INOCENCIO",000115,,1,N
2025,4774,4737,1,4914,117,2025-09-22 00:00:00,SUM,4681,2025,O,,,,"Corresponde prevision Premios ""Día de la Privamera"" Expte n° 1650/2025- PL3M",000115,,1,N
2025,4775,4738,1,4913,441,2025-09-22 00:00:00,SUM,4680,2025,O,,,,"Corresponde prevision Premios ""Día de la Privamera"" Expte n° 1650/2025- ALPA",000115,,1,N
2025,4776,4739,1,4919,101,2025-09-22 00:00:00,SUM,4684,2025,O,,,,"Corresponde prevision Premios ""Día de la Privamera"" Expte n° 1650/2025- HUGO ANTONIO",000115,,1,N
2025,4777,4740,1,4918,879,2025-09-22 00:00:00,SUM,4687,2025,O,,,,"Corresponde prevision Premios ""Día de la Privamera"" Expte n° 1650/2025- TATANO HARISGARAT",000115,,1,N
2025,5069,5034,1,5225,2330,2025-10-20 00:00:00,SUM,4917,2025,O,,,,"CORRESPONDE PREVISION COMBUSTIBLES DEL SALADO S.A.VEHICULOS HOSPITAL: AA 775 QW, PAA 334, AB 038 OI,",000115,,1,N
2025,5070,5035,1,5226,169,2025-10-20 00:00:00,SUM,4962,2025,O,,,,"PRESUPUESTO 987, TERRANOVA LUCAS",000115,,1,N
2025,5071,5036,1,5216,1259,2025-10-20 00:00:00,SUM,4656,2025,O,,,,ELECTRO D´ANNUNZIO N° PRESUP 00029065/ 29066  (PLANTA DE OXIGENO),000115,,1,N
2025,5072,5037,1,5217,776,2025-10-20 00:00:00,SUM,4967,2025,O,,,,"Gomeria V+B, presupuesto 06870691-0705-0697-0703 ( AB038FH-AE704AX-AF173LP-AF245CY)",000115,,1,N
2025,5073,5038,1,5218,2001,2025-10-20 00:00:00,SUM,4966,2025,O,,,,FARMACIA TONANI- PRESUPUESTO S/Nº MEDICAMENTOS DISPENSADOS DESDE EL 29/09/2025 al 13/10/2025,000115,,1,N
2025,3444,3436,1,3554,1259,2025-06-23 00:00:00,SUM,3399,2025,O,,,,Corresponde presupuesto n° 00028494 - Dannunzio,000115,,1,N
2025,3445,3438,1,3555,1259,2025-06-23 00:00:00,SUM,3400,2025,O,,,,Corresponde presupuesto N° 00028493 - Suc. Dannunzio,000115,,1,N
2025,3447,3439,1,3557,2371,2025-06-23 00:00:00,SUM,3367,2025,O,,,,PROV.MERIO INDUSTRIAL PRESUP.18/06/25 FLEJE PARA BARREDORA FORD 14000 BNW472,000115,,1,N
2025,3448,3440,1,3558,1078,2025-06-23 00:00:00,SUM,3366,2025,O,,,,"OPAZO DANIEL - PRESUPUESTO S/N FECHA 17/6/25 ( COCINA, PLANTA DE O2, GALPON INTERNACION)",000115,,1,N
2025,3449,3441,1,3559,3322,2025-06-23 00:00:00,SUM,3336,2025,O,,,,PINAMAR HIGIENE INSTITUCIONAL - PRESUPUESTO N° 16-1811 (LAVADERO HOSPITAL),000115,,1,N
2025,4100,4067,1,4207,441,2025-07-31 00:00:00,SUM,4013,2025,A,2025-08-05 00:00:00,ADMINI,,Corresponde presupuesto N° 000527- MATIENZO PAOLA,000115,,1,N
2025,4101,4068,1,4208,1876,2025-07-31 00:00:00,SUM,4004,2025,O,,,,MAX CONTINENTAL- PRESUPUESTO N° 0001-00151827 (FARMACIA-QUIROFANO),000115,,1,N
2025,4726,4690,1,4854,879,2025-09-17 00:00:00,SUM,4632,2025,O,,,,PROV. CASA HARISGARAT PRESP.1230 PARA ARREGLOS EN CEMENTERIO MUNICIPAL,000115,,1,N
2025,4728,4692,1,4857,688,2025-09-17 00:00:00,SUM,4603,2025,O,,,,PRESUPUESTO N°6761 - BATERIAS LA PRIMERA / BATERIA NUEVA PARA COMBI IVECO DAILY (DOMINIO: AB603TW),000115,,1,N
2025,4731,4695,1,4869,1629,2025-09-17 00:00:00,SUM,4611,2025,O,,,,"PRESUPUESTO de ""EXTRAGAS""",000115,,1,N
2025,5089,5054,1,5245,2627,2025-10-22 00:00:00,PRESU,2132,2025,O,,,,SANTA PAULA- PRESUPUESTO N° 0001-00002132 (COCINA).PERIODO COMPRENDIDO DESDE EL DIA 08/10/25 AL 14/10/25.,000000,,1,N
2026,666,668,1,710,164,2026-02-18 00:00:00,SUM,699,2026,O,,,,PROV.JOSE CORREA PRESUP.0209 REPARACION DE INSTALACION ELECTRICA EN CORRALON MUNICIPAL,000115,,1,N
2026,667,669,1,712,2110,2026-02-18 00:00:00,SUM,712,2026,A,2026-02-18 00:00:00,ADMINI,,"Fumega Eduardo,presuesto 537",000115,,1,N
2026,668,670,1,713,2110,2026-02-18 00:00:00,SUM,714,2026,O,,,,"Fumega Eduardo,presupuesto 535",000115,,1,N
2026,669,671,1,715,2110,2026-02-18 00:00:00,SUM,715,2026,O,,,,"Fumega Eduardo,presupuesto 536",000115,,1,N
2026,670,672,1,699,879,2026-02-18 00:00:00,SUM,657,2026,O,,,,CASA HARISGARAT - PRESUPUESTO N° 1-1042 (PLANTA OXIGENO HOSPITAL),000115,,1,N
2026,671,673,1,700,879,2026-02-18 00:00:00,SUM,658,2026,O,,,,CASA HARISGARAT - PRESUPUESTO N° 1-1041 (INTERNACION HOSPITAL),000115,,1,N
2026,672,674,1,701,300,2026-02-18 00:00:00,SUM,660,2026,O,,,,PINTURERIA FERRETERIA TODO COLOR - PRESUPUESTO N° 5941 (ENFERMERIA HOSPITAL),000115,,1,N
2026,676,678,1,702,300,2026-02-18 00:00:00,SUM,662,2026,O,,,,"PINTURERIA FERRETERIA TODO COLOR - PRESUPUESTO N° 5930 (DIRECCION, TERAPIA, INTERNACION, LABORATORIO)",000115,,1,N
2026,680,681,1,703,300,2026-02-18 00:00:00,SUM,663,2026,O,,,,PINTURERIA FERRETERIA TODO COLOR - PRESUPUESTO N° 5939 (INTERNACION HOSPITAL),000115,,1,N
2026,688,689,1,704,2627,2026-02-18 00:00:00,SUM,668,2026,O,,,,PENACCA SRL PRESUPUESTO 2164,000115,,1,N
2026,690,692,1,705,2330,2026-02-18 00:00:00,SUM,634,2026,O,,,,"COMBUSTIBLES DEL SALADO. PREVISION DEL 01/02/26 AL 15/02/26.VEHICULOS HOSPITAL MUNICIPAL.. DOMINIOS EQM 605, FJX 453, KYV 365, JQS 879,AA 775 QW, PAA 334, AB 039 OI, AF 591 SU, AF 545 GL, AF 548 KJ.",000115,,1,N
2026,693,695,1,706,850,2026-02-18 00:00:00,SUM,698,2026,O,,,,UNO ELECTROMEDICINA - PRESUPUESTO N° 3-15020,000115,,1,N
2026,705,707,1,707,285,2026-02-18 00:00:00,SUM,697,2026,O,,,,RADIOGRAFICAOESTE - PRESUPUESTO N° 100052677,000115,,1,N
2026,709,711,1,709,2450,2026-02-18 00:00:00,SUM,693,2026,O,,,,LA FRUTERIA - PRESUPUESTO  del 01/01/26 al 31/01/26,000115,,1,N
2026,711,713,1,711,2450,2026-02-18 00:00:00,SUM,695,2026,O,,,,LA FRUTERIA - PRESUPUESTO DEL 01/01/2026 AL 31/01/2026,000115,,1,N
2026,712,714,1,714,3556,2026-02-18 00:00:00,SUM,696,2026,O,,,,"LAS MARIAS GRANJA AVICOLA - PRESUPUESTOS N° 27962, 27967, 27971, 27974, 27963 Y 27975 (COCINA Y HOGAR HOSPITAL)",000115,,1,N
2026,713,715,1,716,2627,2026-02-18 00:00:00,SUM,678,2026,O,,,,SANTA PAULA - PRESUPUESTO N° 1-2180,000115,,1,N
2026,714,716,1,717,2883,2026-02-18 00:00:00,SUM,676,2026,O,,,,INSUMOS GENERALES - PRESUPUESTO S/N FECHA 2/2/2026,000115,,1,N
2026,715,717,1,718,1943,2026-02-18 00:00:00,SUM,664,2026,O,,,,B-GATE INGENIERIA EN GASES - PRESUPUESTO 7482,000115,,1,N
2026,716,718,1,720,1259,2026-02-18 00:00:00,SUM,665,2026,O,,,,ELECTRO DANNUNZIO - PRESUPUESTO N° 30162,000115,,1,N
2026,717,719,1,730,300,2026-02-18 00:00:00,SUM,646,2026,O,,,,PINTURERIA FERRETERIA TODO COLOR - PRESUPUESTO N° 5945 MATERIAL UTILIZADO EN INTERNACION  Y OTRAS DEPENDENCIAS,000115,,1,N
2026,718,720,1,731,57,2026-02-18 00:00:00,SUM,644,2026,O,,,,IMPRENTA EL ARGENTINO - PRESUPUESTO N° 554 (MATERNIDAD - HOSPITAL),000115,,1,N
2026,719,721,1,732,879,2026-02-18 00:00:00,SUM,685,2026,O,,,,"Casa Harisgarat, presupuesto 1026 (comisaria de la mujer)",000115,,1,N
2026,720,722,1,733,21,2026-02-18 00:00:00,SUM,684,2026,O,,,,"Fabrimar, presupuesto 0296 (AB038FH)",000115,,1,N
2026,721,723,1,734,300,2026-02-18 00:00:00,SUM,686,2026,O,,,,"Ferreteria Todo Color, presupuesto 5937 (mantenimiento en general del area)",000115,,1,N
2026,749,751,1,801,2593,2026-02-23 00:00:00,SUM,734,2026,O,,,,JUAN AGUSTIN BALLETTO,000115,,1,N
2026,750,752,1,797,441,2026-02-23 00:00:00,SUM,745,2026,O,,,,"Matienzo Paola ,presupuesto 0002-00003875",000115,,1,N
2026,751,753,1,798,2627,2026-02-23 00:00:00,SUM,709,2026,O,,,,SANTA PAULA - PRESUPUESTO N° 1-2182 (HOSPITAL),000115,,1,N
2026,752,754,1,795,186,2026-02-23 00:00:00,SUM,729,2026,O,,,,Marcelo Pasini - Hotel London. Alojamiento rally. Decreto 78/26,000115,,1,N
2026,756,759,1,800,3322,2026-02-23 00:00:00,PRESU,2452,2026,O,,,,PINAMAR HIGIENE INSTITUCIONAL - PRESUPUESTO N° 16-2452 (COCINA HOSPITAL),000000,,1,N
2026,757,760,1,782,1259,2026-02-23 00:00:00,PRESU,30134,2026,O,,,,"PRESUPUESTOS N° 00030134/30174/30182/30193/ de Sucesión de D annunzio Jorge Neldo de ELECTRO D ANNUNZIO"" Para oficinas de sede, prestaciones, género, casita de chocolate",000000,,1,N
2026,759,761,1,789,2846,2026-02-23 00:00:00,SUM,723,2026,O,,,,Miguel Cueli. Alojamiento Rally. DECRETO 78/26,000115,,1,N
2026,758,758,1,792,186,2026-02-23 00:00:00,SUM,726,2026,O,,,,Marcelo Pasini - Hotel London - Alojamiento Rally. decreto 78/26,000115,,1,N
2026,760,762,1,786,1169,2026-02-23 00:00:00,SUM,748,2026,A,2026-02-23 00:00:00,ERROR,,Aldaz Oscar Alfredo y Garmendia Mirta condominio. Alojamiento rally. DECRETO 78/26,000115,,1,N
2026,761,763,1,783,3552,2026-02-23 00:00:00,SUM,739,2026,O,,,,"PRESUPUESTO N° X 9178 de ""MATAFUEGOS RUTA 11"" Para el aréa de prestaciones",000115,,1,N
2026,762,764,1,784,2110,2026-02-23 00:00:00,SUM,740,2026,O,,,,"PRESUPUESTO N° 542 de ""EDUARDO FUMEGA"" Arreglos en Casa del Adolescente",000115,,1,N
2026,763,765,1,780,160,2026-02-23 00:00:00,SUM,737,2026,O,,,,PROV. AGROVETERINARIA MARZULLO PRESUP.1168 INSECTISIDA PARA  ESPACIOS PÚBLICOS,000115,,1,N
2026,764,766,1,779,3398,2026-02-23 00:00:00,SUM,751,2026,A,2026-02-25 00:00:00,ADMINI,,PROV.CHAYE HNOS PRESUP.0414 REPUESTO PARA TRACTOR JONH DEERE BNA17,000115,,1,N
2026,765,767,1,786,3330,2026-02-23 00:00:00,SUM,748,2026,O,,,,Aldaz Oscar Alfredo y Garmendia Mirta condominio. Alojamiento rally. DECRETO 78/26,000115,,1,N
2026,766,768,1,813,3075,2026-02-23 00:00:00,SUM,778,2026,O,,,,"Correa Lorente Juan Martín,presupuesto 0001-00000072",000115,,1,N
2026,767,769,1,812,169,2026-02-23 00:00:00,SUM,777,2026,O,,,,"Terranova , presupesto 001030",000115,,1,N
2026,768,770,1,814,1063,2026-02-23 00:00:00,PRESU,0,2026,O,,,,"Miguel Lopez, presupuesto (COM)",000000,,1,N
2026,769,771,1,805,3169,2026-02-24 00:00:00,PRESU,0,2026,O,,,,Casa Yoseli de Marta Zaupa. Alojamiento rally. DECRETO 78/26,000000,,1,N
2026,770,772,1,807,2593,2026-02-24 00:00:00,PRESU,0,2026,O,,,,"Balletto Urrutia ,Juan Ignacio",000000,,1,N
2026,436,439,1,482,2259,2026-01-26 00:00:00,SUM,483,2026,O,,,,"Bonomi , Beatriz Isabel. Presentación Rally 2026",000115,,1,N
2025,4592,4558,1,4723,3479,2025-09-08 00:00:00,PRESU,0,2025,O,,,, PROV. MELO MARIA INES. PRESU. 08/09/2025- SEC. PRODUCCION- TALLER TEXTIL,000000,,1,N
2025,2832,2833,1,2928,2159,2025-05-19 00:00:00,SUM,2760,2025,O,,,,JG ELECTROMEFICINA - PRESUPUESTO N° 16444,000115,,1,N
2025,2918,2919,1,3019,3260,2025-05-22 00:00:00,SUM,2896,2025,O,,,,Exp.:1811/21 PREIMBA - PROYECTO PARQUE DE LA ESTACIÓN - Prov.:Gonzalez Maria Azucena - Presup.:Contrato,000115,,1,N
2025,3021,1193,1,1232,3511,2025-05-28 00:00:00,SUM,1176,2025,O,,,,RAFAEL CIOFFI SERVICIO AUTOMOTOR - PRESUPUESTO S/N FECHA 11/2/25,000115,,1,N
2025,3106,3106,1,3213,3086,2025-06-02 00:00:00,SUM,3037,2025,O,,,,"PROV. BIENPROTEGIDO PRESUP.29/5/25 REDUCOTORES DE VELOCIDAD PARA CALLES 8 Y CALLE 5, CALLE 8 Y CALLE  9, CALLE  8 Y  CALLE 17,  CALLE 8 Y  CALLE 23",000115,,1,N
2025,3112,3112,1,3216,2626,2025-06-02 00:00:00,SUM,2989,2025,O,,,,Exp.:343/23 - Vereda Calle 33 - (EP 20 - Sec.Nº4- Jardin 902) - Prov.:Casales Fernando - Presup.:Contrato,000115,,1,N
2025,3113,3113,1,3217,1320,2025-06-02 00:00:00,SUM,3003,2025,O,,,,Exp.:380/25 Sol. Revisión de Edificio HCD - Prov.:Quiroga Fabian - Presup.:Contrato,000115,,1,N
2025,3117,3117,1,3218,2505,2025-06-02 00:00:00,SUM,3000,2025,O,,,,Exp.:253/21 Sol. revisión de la instalación de gas - Prov.:Santos Mariano - Presup.:21/05,000115,,1,N
2025,3119,3119,1,3227,407,2025-06-02 00:00:00,SUM,3077,2025,O,,,,"PROV.ALBAITERO RAUL OSVALDO PRESUP.0414 REPARACION DE VIGIA PARA CAMION IVECO PJY978, Y CITROEN C15 CAR748",000115,,1,N
2026,59,59,1,58,2299,2026-01-06 00:00:00,PRESU,0,2026,O,,,,Lagos del Sur - SCIGLIANO - Agua bidon para oficina turismo y delegacion sur.,000000,,1,N
2025,3150,3150,1,3266,3504,2025-06-04 00:00:00,SUM,3133,2025,A,2025-06-05 00:00:00,ADMINI,,PRESUPUESTO SIN N° - RODRIGO MIGUEL. TRABAJO DE SIEMBRA Y FERTILIZACION EN EL ESTADIO MUNICIPAL FRANCISCO ALCUAZ,000010,,1,N
2025,3151,3151,1,3265,2150,2025-06-04 00:00:00,SUM,3110,2025,O,,,,"DOLORES GAS S.A.. PREVISION PARA HOSPITAL PARA SECOTRES ADMISION,LABORATORIO, MANTENIMIENTO,RAYOS.",000010,,1,N
2025,3312,3306,1,3413,2843,2025-06-13 00:00:00,SUM,3245,2025,O,,,,"PRESUPUESTO N° X 7848538 de Tamara Rost de ""Frutería y Verdulería Negrín"" Plan  ALimentario 2025",000115,,1,N
2025,3397,3389,1,3508,2784,2025-06-19 00:00:00,PRESU,78868,2025,O,,,,"PRESUPUESTO 00013-00078868, NORDEMAQ",000000,,1,N
2025,3399,3391,1,3514,2299,2025-06-19 00:00:00,PRESU,0,2025,O,,,,"EXPTE.1904, SCIGLIANO DIEGO",000000,,1,N
2025,3400,3392,1,3513,692,2025-06-19 00:00:00,PRESU,0,2025,O,,,,"EXPTE.1904, MAIOLO SRL",000000,,1,N
2025,3401,3393,1,3511,2209,2025-06-19 00:00:00,PRESU,0,2025,O,,,," EXPTE.1904, DURANTE JAVIER",000000,,1,N
2025,3402,3394,1,3510,3324,2025-06-19 00:00:00,PRESU,0,2025,O,,,,"EXPTE.1904, PROST EMILIANO AGUSTIN",000000,,1,N
2025,3403,3395,1,3512,2869,2025-06-19 00:00:00,PRESU,0,2025,O,,,,"EXPTE.1904, MADA-POY",000000,,1,N
2025,3406,3398,1,3541,492,2025-06-19 00:00:00,PRESU,3365,2025,O,,,,MAXIMO PINASCO S.A- PRESUPUESTO N° 1000354096  DOMINIO: AF591SU,000000,,1,N
2025,3410,3402,1,3515,850,2025-06-19 00:00:00,PRESU,12900,2025,O,,,,UNO ELECTROMEDICINA - PRESUPUESTO N° 3-12900 (LABORATORIO HOSPITAL),000000,,1,N
2025,3411,3403,1,3516,2627,2025-06-19 00:00:00,PRESU,2066,2025,A,2025-06-26 00:00:00,ADMINI,,SANTA PAULA - PRESUPUESTO N° 1-2066 (COCINA HOSPITAL),000000,,1,N
2025,3412,3404,1,3517,2869,2025-06-19 00:00:00,PRESU,841,2025,O,,,,MADA POY - PRESUPUESTO N° 1-841 Y 1-842 (COCINA HOSPITAL),000000,,1,N
2025,3414,3406,1,3518,2578,2025-06-19 00:00:00,PRESU,0,2025,O,,,,PHOYU MARIA ALCIRA- PRESUPUESTO S/N° 18/06/2025-  COSTURA,000000,,1,N
2025,3416,3408,1,3519,3489,2025-06-19 00:00:00,PRESU,0,2025,O,,,,"Tomas Liboreiro, (cremalleras para la colocacion de porton del area )",000000,,1,N
2025,3418,3409,1,3520,2146,2025-06-19 00:00:00,PRESU,0,2025,O,,,,Martin Quilindro | presupuesto 17 de junio 2025 | arreglo calefactor oficina turismo,000000,,1,N
2025,3367,3360,1,3489,279,2025-06-18 00:00:00,SUM,3203,2025,O,,,, Exp.:3093/24 Coloc. caños SIP -  Prov.:De Vito - Presup.:Contrato,000115,,1,N
2025,3371,3364,1,3504,3439,2025-06-18 00:00:00,SUM,3326,2025,O,,,,"Expte N° 1813/2025 Contrato: Sra. López, María Manuela - Acompañante Terapéutico - No cumple con el Art. 45 de la Ley 14.656",000115,,1,N
2025,3372,3365,1,3503,3492,2025-06-18 00:00:00,SUM,3319,2025,O,,,,"Expte N°  1033/2025  Contrato: Sra. Baigorria, Daniela - Operadora  grupal Programa Envión-  No cumple con el Art. 45 de la Ley 14.656",000115,,1,N
2025,3373,3366,1,3502,3514,2025-06-18 00:00:00,SUM,3320,2025,O,,,,"Expte N° 1834/2025 Contrato: Sra. Suarez Acevedo, Sheila Psicóloga Servicio Local- No cumple con el Art. 45 de la Ley 14.656",000115,,1,N
2025,3374,3367,1,3505,2170,2025-06-18 00:00:00,SUM,3338,2025,O,,,,PROV. JOS-PI SERVICIOS INTEGRALES S.R.L   CONTRATACION SEGUN EXPT.1747/25,000115,,1,N
2025,3377,3370,1,3501,3287,2025-06-18 00:00:00,SUM,3297,2025,O,,,,Avellaneda 7163 - Hispanograf pres 1765-mantenimiento carteleria historica,000115,,1,N
2025,3379,3373,1,3497,866,2025-06-18 00:00:00,SUM,3289,2025,A,2025-06-19 00:00:00,ERROR,,PROVEDURIA LA ILUSION - PRESUPUESTO N° 36341 (COCINA HOSPITAL),000115,,1,N
2025,3382,3375,1,3492,169,2025-06-18 00:00:00,SUM,3312,2025,O,,,,"PRESUPUESTO N° 000927 de Lucas Hernán Terranova de ""Terranvaquíca"" Para la granja de contención",000115,,1,N
2025,3383,3376,1,3486,2214,2025-06-18 00:00:00,SUM,3307,2025,O,,,,"PRESUPUESTO N° 10303 de ""Santino Revestimiento"" Para ampliación del Jardín Maternal La Casita de Chocolate",000115,,1,N
2025,3384,3377,1,3481,1259,2025-06-18 00:00:00,SUM,3188,2025,O,,,,"PROV.ELECTRO DANNUNZIO PRESUP.28391 PARA DELEGACION SUR, LUMINARIA PARA CALLE RIVADAVIA,EVENTO DE LA UADE, LUMINARIA DE CALLE 25, CALLE ILLIA,",000115,,1,N
2025,4672,4635,1,4798,3297,2025-09-12 00:00:00,SUM,3797,2025,O,,,,"Frenos Madariaga, presupuesto 80 ( JMP 699 vehiculo de Luciano Balbín)",000115,,1,N
2025,4675,4639,1,4801,2450,2025-09-12 00:00:00,SUM,4567,2025,O,,,,"PRESUPUESTO de Labatut, Marcelo de ""LA FRUTERIA""  Agosto 2025",000115,,1,N
2025,5230,5195,1,5380,313,2025-11-04 00:00:00,SUM,5132,2025,O,,,,PROV. ATREUCO PUEL COMBUSTIBLE PARA MAQUINAS Y VEHICULOS DE ESTA SECRETARIA,000115,,1,N
2025,5231,5196,1,5381,3251,2025-11-04 00:00:00,SUM,5125,2025,O,,,,DROGUERIA EPIONE S.A- PRESUPUESTO N° 30/10/2025 (FARMACIA),000115,,1,N
2025,5232,5197,1,5382,2958,2025-11-04 00:00:00,SUM,5126,2025,O,,,,AVICOLA DEL TUYU  ANDERS VICTOR PRESUPUESTO 3830,000115,,1,N
2025,5234,5199,1,5383,3165,2025-11-04 00:00:00,SUM,5120,2025,O,,,,VELIBO SUPPLIES S.A.S- PRESUPUESTO N 0001-00009265 (FARMACIA),000115,,1,N
2025,5235,5200,1,5384,717,2025-11-04 00:00:00,SUM,4931,2025,O,,,,PROVEEDURIA LA ILUSION- PRESUPUESTO N° 21410 (COCINA) DESDE EL 13/10 AL 27/10/2025,000115,,1,N
2025,5236,5201,1,5385,340,2025-11-04 00:00:00,SUM,5118,2025,O,,,,FERNANDO MARTIN- PRESUPUESTO  S/N° 29/10/2025 DOMINIO: AE619QS,000115,,1,N
2026,293,294,1,310,33,2026-01-19 00:00:00,SUM,309,2026,O,,,,"RENOVACION POLIZA, PCIA SEGUROS(33), POLIZA 3374899",000115,,1,N
2026,294,295,1,311,33,2026-01-19 00:00:00,SUM,310,2026,O,,,,"RENOVACION POLIZA, PCIA SEGUROS, POLIZA 3374901",000115,,1,N
2026,295,296,1,312,33,2026-01-19 00:00:00,SUM,311,2026,O,,,,"RENOVACION POLIZA, PCIA SEGUROS(33), POLIZA 3374903",000115,,1,N
2026,296,297,1,313,33,2026-01-19 00:00:00,SUM,312,2026,O,,,,"RENOVACION POLIZA, PCIA SEGUROS(33),POLIZA 3374905",000115,,1,N
2026,297,298,1,307,1259,2026-01-19 00:00:00,SUM,295,2026,O,,,,"Electro Danunzio, presupuesto 29499 (Comisaria Comunal)",000115,,1,N
2026,298,299,1,306,1259,2026-01-19 00:00:00,SUM,292,2026,O,,,,"Electro Dannunzio, presupuesto 29626-29585 (COM)",000115,,1,N
2026,299,300,1,305,1810,2026-01-19 00:00:00,SUM,269,2026,O,,,,AC REFRIGERADOR. ADOLFO CATALDO E HIJOS. PRESUPUESTO N 000375.CAPS B NORTE ABELARDO M COSTA.,000115,,1,N
2026,300,301,1,304,2627,2026-01-19 00:00:00,SUM,258,2026,O,,,,SANTA PAULA- PRESUPUESTO N° 0002-00003347  (HOGAR DE ANCIANOS) DESDE EL 29/12/25 AL 4/01/26,000115,,1,N
2026,301,302,1,303,125,2026-01-19 00:00:00,SUM,255,2026,O,,,,FARMACIA GIORGI- PRESUPUESTO S/N° MEDICAMENTOS DISPENSADOS 23/12/25 Y 24/12/25,000115,,1,N
2026,302,303,1,292,3356,2026-01-19 00:00:00,SUM,260,2026,O,,,,PEREZ JORGE - PRESUPUESTO N° 282183 (HOGAR DE ANCIANOS) DESDE 1/12/25 AL 8/12/25,000115,,1,N
2026,305,306,1,315,33,2026-01-19 00:00:00,SUM,302,2026,O,,,,"RENOVACION POLIZA, PCIA SEGUROS(33), POLIZA 3374698",000115,,1,N
2026,307,308,1,314,33,2026-01-19 00:00:00,SUM,304,2026,O,,,,"RENOVACION POLIZA, PCIA SEGUROS(33), POLIZA 3374734",000115,,1,N
2026,309,311,1,302,33,2026-01-19 00:00:00,SUM,283,2026,O,,,,"RENOVACION POLIZA, PCIA SEGUROS(33), POLIZA 96993",000115,,1,N
2026,311,312,1,301,33,2026-01-19 00:00:00,SUM,284,2026,O,,,,"RENOVACION POLIZA, PCIA SEGUROS(33), POLIZA 3374536",000115,,1,N
2026,312,313,1,300,33,2026-01-19 00:00:00,SUM,285,2026,O,,,,"RENOVACION POLIZA, PCIA SEGUROS(33), POLIZA 3374538",000115,,1,N
2026,313,314,1,299,33,2026-01-19 00:00:00,SUM,286,2026,O,,,,"RENOVACION POLIZA, PCIA SEGUROS(33), POLIZA 3374583",000115,,1,N
2026,314,315,1,298,33,2026-01-19 00:00:00,SUM,288,2026,O,,,,"RENOVACION POLIZA, PCIA SEGUROS(33),POLIZA 3374633",000115,,1,N
2026,319,320,1,330,2369,2026-01-19 00:00:00,SUM,347,2026,O,,,,"PROV. MERCEDES  LA PLATA PRESUP.186902 REPUESTOS PARA  DMI232, LED010,LED013, LAN557, JZH266",000115,,1,N
2026,321,322,1,331,441,2026-01-19 00:00:00,SUM,349,2026,O,,,,Corresponde presupuesto N° 0002-00003852 - MATIENZO PAOLA,000115,,1,N
2026,322,324,1,332,441,2026-01-19 00:00:00,SUM,282,2026,O,,,,"PAPELERA ALPA. PAOLA AMELIA MATIENZO.,PRESUPUESTOS Nº 0002-00003848, 00003849.COCINA HOSPITAL, QUIROFANO.",000115,,1,N
2026,323,325,1,333,1603,2026-01-19 00:00:00,SUM,224,2026,O,,,,"PRESUPUESTO N° X 1342394 de Garcia Gladys de ""Panadería Alem"" Esfuerzo Solidario",000115,,1,N
2026,325,326,1,355,167,2026-01-19 00:00:00,SUM,353,2026,O,,,,TODO POLLO- PRESUPUESTO N° 66 (HOGAR DE ANCIANOS) DESDE 3/01/2026 AL 10/01/2026,000115,,1,N
2026,327,328,1,356,167,2026-01-19 00:00:00,SUM,352,2026,O,,,,TODO POLLO- PRESUPUESTO N° 64 (HOGAR DE ANCIANOS) DESDE EL 3/01/26 AL 17/01/26,000115,,1,N
2025,4593,4559,1,4722,3478,2025-09-08 00:00:00,PRESU,0,2025,O,,,,PROV. BAIGORRIA NATALIA GUILLERMINA . PRESU. 08/09/2025- SEC. PRODUCCION- TALLER TEXTIL,000000,,1,N
2025,5461,5415,1,5616,300,2025-12-01 00:00:00,SUM,5351,2025,A,2025-12-01 00:00:00,ERROR,,"Pintureria Todo Color, presupuesto 5918 (taller del area- mantenimiento)",000115,,1,N
2025,5462,5416,1,5617,2627,2025-12-01 00:00:00,SUM,5337,2025,O,,,,SANTA PAULA- PRESUPUESTO N° 0002-00003399 (COCINA) DESDE EL 22/11 AL 29/11/2025,000115,,1,N
2025,5463,5417,1,5625,2843,2025-12-01 00:00:00,SUM,5334,2025,O,,,,"Expte N° 159/25 Pryectos de Talleres Programa Envión PRESUPUESTO N° X 6976062 de Rost, Tamara  de ""FRUTERIA NEGRIN""",000115,,1,N
2025,5464,5418,1,5624,1440,2025-12-01 00:00:00,SUM,5329,2025,O,,,,QUALIMED S.A- PRESUPUESTO N° 83 ( FARMACIA),000115,,1,N
2025,5465,5419,1,5623,2636,2025-12-01 00:00:00,SUM,5332,2025,O,,,,"CARPINTERIA DE ALUMINIO.VIDRIERIA SUAREZ. JUAN MANUEL SUAREZ.PRESUPUESTOS .OFICINA ARCHIVO, CIC B QUINTANILLA, MATERNIDAD.",000115,,1,N
2026,422,420,1,448,688,2026-01-23 00:00:00,SUM,408,2026,O,,,,PRESUPUESTO N° 6969- BATERIAS LA PRIMERA,000115,,1,N
2026,543,546,1,575,2810,2026-02-03 00:00:00,SUM,546,2026,O,,,,"PROV. ARRIOLA MARIA TERESA - MERCERIA ""EL DEDAL""- SEC PRODUCCION- TALLER TEXTIL",000115,,1,N
2026,544,547,1,577,688,2026-02-03 00:00:00,SUM,544,2026,O,,,,"PRESUPUESTO 6986, RAMOS-ISIDRO",000115,,1,N
2026,545,548,1,578,3534,2026-02-03 00:00:00,SUM,557,2026,O,,,,Corresponde Cto. Melisa Pinto Expte n° 329/2026,000115,,1,N
2026,546,549,1,579,2209,2026-02-03 00:00:00,SUM,560,2026,O,,,,Expte.224/2026 Rally Nacional,000115,,1,N
2026,548,551,1,597,3529,2026-02-03 00:00:00,SUM,553,2026,O,,,,PROV.TISERA SANITARIOS PORTATILES ALQUIELER DE BAÑO  QUIMICO PARA LAGUNA EL CARBON  POR 3 MESES DE ENERO A MARZO,000115,,1,N
2026,549,552,1,596,3529,2026-02-03 00:00:00,ORDCO,552,2026,O,,,,PROV.TISERA SANITARIOS PORTATILES ALQUILER DE BAÑO QUIMICO PARA LAGUNA LA LARGA POR 3 MESES DE ENERO A MARZO,000115,,1,N
2026,550,553,1,595,3529,2026-02-03 00:00:00,SUM,551,2026,O,,,,"PROV.TISERA SANITARIO PORTATILES ALQUIER DE BAÑO QUIMICO PARA PREDIOS DISPOSICION FINAL RUTA 11 KM.405,5 POR 3 MESES DE ENERO A MARZO",000115,,1,N
2026,551,554,1,594,791,2026-02-03 00:00:00,SUM,555,2026,O,,,,PRESUPUESTO  MARTIN GUSTAVO AMBULANCIA DOMINIO AA775QW,000115,,1,N
2026,552,555,1,591,866,2026-02-03 00:00:00,SUM,543,2026,O,,,,PILOÑA- PRESUPUESTO N° 1646763 (FARMACIA),000115,,1,N
2026,553,556,1,588,3165,2026-02-03 00:00:00,SUM,540,2026,O,,,,VELIBO SUPPLIES S.A.S- PRESUPUESTO N° 0001-00010770,000001,,1,N
2026,556,559,1,585,1078,2026-02-03 00:00:00,SUM,536,2026,O,,,,OPAZO DANIEL- PRESUPUESTO N° 30/01/2026,000115,,1,N
2026,558,561,1,582,167,2026-02-03 00:00:00,SUM,538,2026,O,,,,""" TODO POLLO"" Gonzalo A. Bustamante.PRESUPUESTO Nº 71.COCINA HOGAR DE ANCIANOS.SEMANA DEL 19/01/26 AL 26/01/26 .",000115,,1,N
2026,564,566,1,603,1943,2026-02-04 00:00:00,PRESU,7341,2026,A,2026-02-13 00:00:00,ERROR,,B GATE - PRESUPUESTO N° 0005-00007341,000000,,1,N
2026,565,568,1,604,1658,2026-02-04 00:00:00,PRESU,0,2026,O,,,,"PREVISION, YELITO",000000,,1,N
2026,566,570,1,599,2369,2026-02-04 00:00:00,PRESU,188113,2026,O,,,,"PROV.MERCEDES LA PLATA PRESUP.188113 REPUESTOS PARA MERCEDES XNE245,DMI 232,PJY978,OOI617,",000000,,1,N
2026,567,571,1,600,1879,2026-02-04 00:00:00,PRESU,3041,2026,O,,,,"Corresponde presupuesto N° 00003041- ZUBIARRAIN DANIEL ""RODAMIENTOS DEL TUYU""",000000,,1,N
2026,568,572,1,601,2208,2026-02-04 00:00:00,PRESU,394,2026,O,,,,Corresponde presupuesto N° 394 - Lombardi Martin,000000,,1,N
2026,570,573,1,602,90,2026-02-04 00:00:00,PRESU,39,2026,O,,,,"PRESUPUESTO NX 00000039 de Lo coco, Marcelo Alejandro de ""TODO COLOR""",000000,,1,N
2026,591,594,1,623,2593,2026-02-09 00:00:00,PRESU,1124729,2026,O,,,,"PRESUPUESTO 11247296, BALLETTO URRUTIA JUAN",000000,,1,N
2026,593,596,1,619,2627,2026-02-09 00:00:00,PRESU,2170,2026,O,,,,SANTA PAULA- PRESUPUESTO N° 0001-00002170 - DESDE EL 19/01/26 AL 26/01/26,000000,,1,N
2026,598,600,1,631,3324,2026-02-10 00:00:00,PRESU,0,2026,O,,,,"PRESUPUESTO 000, PROST EMILIANO AGUSTIN",000000,,1,N
2026,599,601,1,642,5,2026-02-11 00:00:00,PRESU,0,2026,O,,,,"PREVISION, ANDRES PONSA S.A",000000,,1,N
2026,602,604,1,643,3075,2026-02-11 00:00:00,PRESU,70,2026,O,,,,"PRESUPUESTO 0001-000000070, JUAN MARTIN CORREA LORENTE",000000,,1,N
2026,603,605,1,645,169,2026-02-11 00:00:00,PRESU,1026,2026,O,,,,PRESUPUESTO TERRANOVA QUIMICA N 1026,000000,,1,N
2026,604,606,1,644,441,2026-02-11 00:00:00,PRESU,3872,2026,O,,,,"Matienzo Paola ,presupuesto 00003872",000000,,1,N
2026,605,607,1,646,171,2026-02-11 00:00:00,PRESU,4481,2026,O,,,,Presupuesto N 4481 Electricidad El Gallego,000000,,1,N
2026,606,608,1,647,3287,2026-02-11 00:00:00,PRESU,1856,2026,O,,,,"PRESUPUESTO N° 1856 de ""Hispanograf"" Bonos de pan para los programas de alimentos",000000,,1,N
2026,607,609,1,653,41,2026-02-11 00:00:00,PRESU,0,2026,O,,,,SAMUEL CALANDRON        CARNAVAL 2026,000000,,1,N
2026,608,610,1,652,3364,2026-02-11 00:00:00,PRESU,0,2026,O,,,,MATIAS LIGARI     CARNAVAL 2026,000000,,1,N
2026,620,622,1,664,685,2026-02-11 00:00:00,PRESU,0,2026,O,,,,"PRESUPUESTO DEL 4/02/2026, DRAGOJEVIC SIMON",000000,,1,N
2026,623,625,1,670,3441,2026-02-12 00:00:00,PRESU,0,2026,O,,,,"PREVISION, FURNO VANESA SOLEDAD",000000,,1,N
2026,626,628,1,673,2917,2026-02-13 00:00:00,PRESU,5609,2026,O,,,,PROV. AMERICAN VIAL PRESUP.5609  FILTROS PARA WECAM X650  EPK06,000000,,1,N
2026,627,629,1,668,2410,2026-02-13 00:00:00,PRESU,1166,2026,O,,,,PROV. BOGADO LEANDRO RUBEN - PRESUP. N°1166 - SEC PRODUCCION- FOTON AF591SL,000000,,1,N
2026,628,630,1,654,441,2026-02-13 00:00:00,PRESU,3866,2026,O,,,,Presupuesto N  00003866 ALPA,000000,,1,N
2026,629,631,1,655,2410,2026-02-13 00:00:00,PRESU,1179,2026,O,,,,"PRESUPUESTO 1179/1184/1186/1173, BOGADO LEANDRO RUBEN",000000,,1,N
2026,631,633,1,656,300,2026-02-13 00:00:00,PRESU,5933,2026,O,,,,PROV.SILVIA MAISTEGUI PRESUP.5933 ARTICULOS DE FERRETERIA PARA  ARREGLO DE FAROLAS CALLE 33 REMPLAZO DE COLUMNAS,000000,,1,N
2025,5287,5243,1,5429,125,2025-11-07 00:00:00,SUM,5161,2025,O,,,,FARMACIA GIORGI- PRESUPUESTO S/N° MEDICAMENTOS DISPENSADOS DEDE EL 24/09 AL 1/10/2025,000115,,1,N
2025,3375,3368,1,3500,3287,2025-06-18 00:00:00,SUM,3005,2025,O,,,,Avellaneda 7163 hispanograf pres 1776 - limpieza de chapas para mantenimiento de carteleria historica,000115,,1,N
2025,3381,3372,1,3496,2627,2025-06-18 00:00:00,SUM,3290,2025,O,,,,SANTA PAULA - PRESUPUESTO N° 1-2076 (COCINA HOSPITAL),000115,,1,N
2025,3385,3378,1,3491,2310,2025-06-18 00:00:00,SUM,3311,2025,O,,,,"PRESUPUESTO N° 11-67774 de Calabro Jorge Guillermo de ""Centro Hierro"" Caños para carteles de estacionamientos de Discapacidad en varios lugares",000115,,1,N
2025,3386,3379,1,3485,3287,2025-06-18 00:00:00,SUM,3306,2025,O,,,,"PRESUPUESTO N° 1786 de ""Hispanograf""Proyecto Decisión Niñez",000115,,1,N
2025,3387,3380,1,3480,612,2025-06-18 00:00:00,SUM,3318,2025,O,,,,"Marzullo Computacion, presupuesto 1277 (para computadora de Secretaria)",000115,,1,N
2025,5288,5244,1,5430,285,2025-11-07 00:00:00,SUM,5164,2025,O,,,,RADIOGRAFICAOESTE - PRESUPUESTO N° 100051289 (LABORATORIO DE ANALISIS),000115,,1,N
2025,5289,5245,1,5431,160,2025-11-07 00:00:00,SUM,5157,2025,O,,,,AGROVETERINARIA MARZULLO. PRESUPUESTO Nº 0001-00001127.BROMATOLOGIA.,000115,,1,N
2025,5290,5246,1,5432,441,2025-11-07 00:00:00,SUM,5152,2025,O,,,,PAPELERA ALPA. MATIENZO PAOLA AMELIA. PRESUPUESTO Nº 0003802.HOSPITAL.,000115,,1,N
2025,5291,5247,1,5437,2453,2025-11-07 00:00:00,SUM,5168,2025,O,,,,PRESUPUESTO  5214  PROVEEDOR COLD SUPLIERS SR. PARA MAQUINA CARGADORA DE TUBOS DE OXIGENO,000115,,1,N
2025,5292,5248,1,5451,2869,2025-11-07 00:00:00,SUM,5173,2025,O,,,,"Expte N° 159/25 Proyecto de Talleres Programa Envión- PRESUPUESTO N°   X 0001-00000910 de ""MADA POY S..A."" Taller de cocina",000115,,1,N
2025,3339,3333,1,3450,3505,2025-06-17 00:00:00,SUM,3296,2025,O,,,,PREVISION JUNIO / JULIO DRA MARIA CECILIA BOUQUET. SERVICIO DE GUARDIA PEDIATRICA - EXPTE 1356/2025,000115,,1,N
2025,3340,3303,1,3367,167,2025-06-17 00:00:00,SUM,3193,2025,O,,,,TODO POLLO - PRESUPUSTO N° 2 Y 3 (COCINA HOSPITAL),000115,,1,N
2025,3341,3334,1,3366,441,2025-06-17 00:00:00,SUM,3194,2025,O,,,,ALPA MADARIAGA - PRESUPUESTO N° 2-3663 Y 2-3666 (QUIROFANO HOSPITAL Y HOGAR ANCIANOS HOSPITAL),000115,,1,N
2025,3346,3339,1,3449,125,2025-06-17 00:00:00,SUM,3269,2025,O,,,,FARMACIA GIORGI-  PRESUPUESTO S/N° MEDICAMENTOS DISPENSADOS DESDE EL 26/05 AL 3/06/25,000115,,1,N
2025,3348,3341,1,3451,1259,2025-06-17 00:00:00,SUM,3302,2025,O,,,,"PRESUPUESTO 28414/28440, SUC DANNUNZIO JORGE",000115,,1,N
2025,3349,3343,1,3475,2510,2025-06-17 00:00:00,SUM,3331,2025,O,,,, CORRESPONDE PRESUPUESTO ZAPHIRA- GOBIERNO 3 PEDIDO,000115,,1,N
2025,3350,3342,1,3452,117,2025-06-17 00:00:00,SUM,3300,2025,O,,,,"PL3,presupuesto 0014-00234234",000115,,1,N
2025,3352,3346,1,3468,441,2025-06-17 00:00:00,SUM,3283,2025,O,,,,PROV.ALPA MADARIAGA PRESUP.3670 ARTICULOS DE  PAPELERA PARA AGASAJO A NIÑOS DEL JARDIN POR VISITA AL VIVERO MUNICIPAL,000115,,1,N
2025,3357,3350,1,3469,2883,2025-06-17 00:00:00,SUM,3257,2025,O,,,,INSUMOS GENERALES - PRESUPUESTO S/N FECHA 9/6/25,000115,,1,N
2025,3361,3354,1,3470,345,2025-06-17 00:00:00,SUM,3256,2025,O,,,,AZCUENAGA - PRESUPUESTO N° 2-51779 (FARMACIA HOSPITAL),000115,,1,N
2025,3364,3357,1,3471,2869,2025-06-17 00:00:00,SUM,3255,2025,O,,,,"MADA POY - PRESUPUESTO N° 1-823, 1-824 Y 1-825 (COCINA HOSPITAL)",000115,,1,N
2025,3366,3359,1,3472,2869,2025-06-17 00:00:00,SUM,3254,2025,O,,,,MADA POY - PRESUPUESTO N° 1-829 (COCINA HOSPITAL),000115,,1,N
2025,3442,3434,1,3556,2334,2025-06-23 00:00:00,SUM,3407,2025,O,,,,Corresponde Expte N° 3683/2024 - Grid it seven,000115,,1,N
2025,3631,2933,1,3026,585,2025-07-04 00:00:00,EXPED,1404,2025,O,,,,"CONCURSO DE PRECIOS DE AEROSOLES, JARABES, GOTAS, ALIMENTACIONES Y CREMAS 2025",CTACTE,,1,N
2025,3632,2933,1,3026,3251,2025-07-04 00:00:00,EXPED,1404,2025,O,,,,"CONCURSO DE PRECIOS DE AEROSOLES, JARABES, GOTAS, ALIMENTACIONES Y CREMAS 2025",CTACTE,,1,N
2025,3635,2933,1,3026,866,2025-07-04 00:00:00,EXPED,1404,2025,O,,,,"CONCURSO DE PRECIOS DE AEROSOLES, JARABES, GOTAS, ALIMENTACIONES Y CREMAS 2025",CTACTE,,1,N
2025,3639,2933,1,3026,3165,2025-07-04 00:00:00,EXPED,1404,2025,O,,,,"CONCURSO DE PRECIOS DE AEROSOLES, JARABES, GOTAS, ALIMENTACIONES Y CREMAS 2025",000010,,1,N
2025,3721,3691,1,3826,3072,2025-07-08 00:00:00,SUM,3686,2025,O,,,, Correo Oficial de la Republica Argentina S.A.,000115,,1,N
2025,3722,3692,1,3825,2110,2025-07-08 00:00:00,SUM,3684,2025,O,,,,presupuesto Fumega N 462,000115,,1,N
2025,3723,3693,1,3827,3072,2025-07-08 00:00:00,SUM,3688,2025,O,,,, Correo Oficial de la Republica Argentina S.A.,000115,,1,N
2025,3724,3694,1,3831,2991,2025-07-08 00:00:00,SUM,3697,2025,O,,,,Acto 9 de Julio 2025.Alegre Saúl Alberto presupuesto 00003083,000115,,1,N
2025,3725,3695,1,3832,1101,2025-07-08 00:00:00,SUM,3698,2025,O,,,,"Ruiz Daniel ,presupuesto .Acto 9 de Julio 2025",000115,,1,N
2025,3727,3697,1,3851,692,2025-07-08 00:00:00,SUM,3699,2025,O,,,,Maiolo S.R.L. Acto 9 de Julio 2025,000115,,1,N
2025,3731,3701,1,3852,340,2025-07-10 00:00:00,SUM,3626,2025,A,2025-07-10 00:00:00,ERROR,,SYSTEC COMPUTACION- PRESUPUESTO N° 735 (INFORMATICA),000115,,1,N
2025,3732,3702,1,3849,2595,2025-07-10 00:00:00,SUM,3648,2025,O,,,,"PROV.IVAN  PERICO PRESUP.6678 REPUESTOS PARA  PALA CARGADORA ASTARSA,FIAT ALLIS  R.O806,TRATOR JONH DEERE BNA17,CAMION  IVECO OOI617",000115,,1,N
2025,3733,3703,1,3850,3287,2025-07-10 00:00:00,SUM,3667,2025,O,,,,"HUGO PIEDRA  ""HISPANOGRAF"",  PRESUPUESTO X-1797",000115,,1,N
2025,3734,3704,1,3853,1586,2025-07-10 00:00:00,SUM,3627,2025,O,,,,HENDEL - PRESUPUESTO N° 3/07/2025 (CIC),000115,,1,N
2025,3735,3705,1,3854,216,2025-07-10 00:00:00,SUM,3646,2025,O,,,,FAE- PRESUPUESTO N° 4921523 (COCINA),000115,,1,N
2025,3736,3706,1,3855,285,2025-07-10 00:00:00,SUM,3634,2025,O,,,,RADIOGRAFICAOESTE - PRESUPUESTO N° 100049531 (LABORATORIO HOSPTITAL),000115,,1,N
2025,3737,3707,1,3856,3165,2025-07-10 00:00:00,SUM,3633,2025,O,,,,VELIBO SUPPLIES - PRESUPUESTO N° 1-8254 (FARMACIA HOSPITAL),000115,,1,N
2025,3738,3708,1,3857,3356,2025-07-10 00:00:00,SUM,3632,2025,O,,,,PEREZ JORGE - PRESUPUESTO N° 282166 Y 282167 (HOGAR Y HOSPITAL),000115,,1,N
2025,3767,3737,1,3883,1078,2025-07-11 00:00:00,SUM,3696,2025,O,,,,OPAZO DANIEL- PRESUPUESTO N° 4/07/2025 (BAÑOS Y CONSULTORIO DE PSICOLOGIA),000115,,1,N
2025,3769,3739,1,3880,2595,2025-07-11 00:00:00,SUM,3691,2025,O,,,,"Ivanper, presupuesto 6795 (ae704ax)",000115,,1,N
2025,3420,3412,1,3521,879,2025-06-19 00:00:00,PRESU,1169,2025,O,,,,"PROV.CASA HARISGARAT PRESUP.1169,1161,1177,1163 PARA REPARACION DE BOCA DE TORMENTA CALLE MEXICO Y CUBA, ARREGLOS EN MEDIO AMBIENTE Y PARQUE ANCHORENA",000000,,1,N
2025,3423,3415,1,3540,879,2025-06-19 00:00:00,PRESU,3329,2025,O,,,,"PROV. CASA HARISGARAT PRESUP.1154,1178,1167,1170 PARA REPARACION DE CARDON Y BADEN EN CALLE 29 Y 4 ,YRIGOYEN Y BS.AS, PERU Y PANAMA",000000,,1,N
2025,4742,4700,1,4870,3287,2025-09-18 00:00:00,SUM,4629,2025,O,,,,HISPANOGRAF PRESUPUESTO N° 1834,000115,,1,N
2025,4743,4707,1,4876,1259,2025-09-18 00:00:00,SUM,4618,2025,O,,,,"Electro Dannunzio, presupuestp 28945 (para linternas del personal de patrulla urbana)",000115,,1,N
2025,4744,4708,1,4877,2613,2025-09-18 00:00:00,SUM,4635,2025,O,,,,"PRESUPUESTO 8396, RODRIGUEZ NICOLAS",000115,,1,N
2025,4745,4709,1,4860,879,2025-09-18 00:00:00,SUM,4631,2025,O,,,,"PROV. CASA HARISGARAT PRESUP.1227,1235 PARA REPARACION EN FUENTE CALLE ILLIA Y PELEGRINI Y VIVERO",000115,,1,N
2025,4746,4710,1,4861,879,2025-09-18 00:00:00,SUM,4630,2025,O,,,,"PROV.CASA HARISGARAT PRESUP.1213,1219 PARA FABRICACION  DE ADORNOS EL PASEO RAUL ALFONSIN",000115,,1,N
2026,60,60,1,59,69,2026-01-06 00:00:00,PRESU,0,2026,O,,,,Adrain Gas - Adrain Olivera. Tubos de gas para Delegacion Sur y Oficina de turismo,000000,,1,N
2026,62,62,1,61,186,2026-01-07 00:00:00,PRESU,0,2026,O,,,,CORRESPONDE PREVISION ANUAL PASINI MARCELO,000000,,1,N
2026,63,63,1,62,282,2026-01-07 00:00:00,PRESU,0,2026,O,,,,Previsión Nuñez Rosa,000000,,1,N
2026,65,66,1,64,875,2026-01-07 00:00:00,PRESU,0,2026,O,,,,CORRESPONDE PREVISION DISTINTAS PUBLICACIONES EN EL AÑO,000000,,1,N
2026,67,67,1,65,875,2026-01-07 00:00:00,PRESU,0,2026,O,,,,CORRESPONDE PREVISION DISTINTAS PUBLICACIONES DEL AÑO,000000,,1,N
2026,68,68,1,66,846,2026-01-07 00:00:00,PRESU,0,2026,O,,,,Previsión Lorente Cecilia,000000,,1,N
2026,69,69,1,67,3119,2026-01-07 00:00:00,PRESU,0,2026,O,,,,Espindola Elba Esther,000000,,1,N
2026,70,70,1,68,3072,2026-01-07 00:00:00,PRESU,0,2026,O,,,,Correo Oficial de la República Argentina,000000,,1,N
2026,71,71,1,69,1551,2026-01-07 00:00:00,PRESU,0,2026,O,,,,PREVISION DE EYRAS VILLAR MARINA,000000,,1,N
2026,91,91,1,96,3509,2026-01-08 00:00:00,PRESU,0,2026,O,,,,"POLIZA SEGURO TECNICO INCCA, RIO URUGUAY SEGUROS (RUS) N° 15557",000000,,1,N
2026,96,95,1,97,3529,2026-01-08 00:00:00,PRESU,0,2026,O,,,,PRESUPUESTO SIN N° - BRAIAN OSVALDO TISERA / ALQUILER DE BAÑOS QUIMICOS SOLO POR ENERO PARA COLONIA DE VERANO MUNICIPAL,000000,,1,N
2026,98,98,1,99,2330,2026-01-08 00:00:00,PRESU,0,2026,O,,,,PREVISION SIN N° - COMBUSTIBLE DEL SALADO (YPF) / DIFERENTES TRABAJOS Y LOGISTICA DEL AÑO,000000,,1,N
2026,101,101,1,102,71,2026-01-08 00:00:00,PRESU,15620,2026,O,,,," PROV. CAMPO Y CIUDAD, RAUL ALBERTO IRIARTE- SEC PRODUCCION15620",000000,,1,N
2026,108,108,1,109,33,2026-01-08 00:00:00,PRESU,4357,2026,O,,,,"POLIZA 3374357,PROVINCIA SEGUROS(33)",000000,,1,N
2026,330,331,1,357,167,2026-01-19 00:00:00,SUM,351,2026,O,,,,TODO POLLO-  PRESUPUESTO N° 62 (COCINA) DESDE EL 3/01/26 AL 10/01/26,000115,,1,N
2026,332,333,1,358,2869,2026-01-19 00:00:00,SUM,345,2026,O,,,,MADA POY S.A- PRESUPUESTO N° 0001-00000958 (COCINA) DESDE EL 6/01/26 AL 13/01/26,000115,,1,N
2026,333,334,1,359,3356,2026-01-19 00:00:00,SUM,344,2026,O,,,,PEREZ JORGE- PRESUPUESTO N° 282189 (HOGAR DE ANCIANOS) DESDE EL 22/12/25 AL 29/12/25,000115,,1,N
2026,334,335,1,360,1440,2026-01-19 00:00:00,SUM,340,2026,O,,,,QUALIMED S.A- PRESUPUESTO N° 87 (ECOGRAFO),000115,,1,N
2026,335,336,1,334,1864,2026-01-19 00:00:00,SUM,319,2026,O,,,,"Expte N° 118/2026 Contrato: Amigorena, María Paula - Psicóloga Programa Envión. No cumple con el Art. 45 de la Ley 14.656",000115,,1,N
2026,336,337,1,335,1825,2026-01-19 00:00:00,SUM,320,2026,O,,,,"Expte N°118/2026 Contrato: Anrríquez, Gustavo Oscar - Trabajador Social Abordaje a la violencia masculino. No cumple con el Art. 45 de la Ley 14.656",000115,,1,N
2026,337,338,1,336,3492,2026-01-19 00:00:00,SUM,321,2026,O,,,,"Expte N° 118/2026 Contrato: Baigorria, Daniela - Operadora Grupal.Programa Envión. No cumple con el Art. 45 de la Ley 14.656",000115,,1,N
2025,5293,5249,1,5450,335,2025-11-07 00:00:00,SUM,5171,2025,O,,,,"PRESUPUESTO de María Cristina Uthurburu de ""CASA MEOQUI"" Sr. Marquez Martínez, José Cupertino fallecido el 01 de noviembre 2025 DNI: 96.191.921 - Sr. Rost, Alejandro Argentino fallecido el 01 de noviembre 2025 DNI: 11.049.693",000115,,1,N
2025,5294,5250,1,5449,2369,2025-11-07 00:00:00,SUM,5176,2025,O,,,,"PROV.MERCEDES LA PLATA PRESUP.184633 REPUESTOS PARA CAMION PJY978, DMI232, LAN557,",000115,,1,N
2025,5295,5251,1,5448,413,2025-11-07 00:00:00,SUM,5174,2025,O,,,,"PROV.AGUSTIN PASO PRESUP.3886,3898,3901,3907,3910,3921,3927,3939,3923  PARCHES Y ARREGLOS  DE CUBIETAS PARA PJY978,EFJ13, LAN557,LED013,XNE245,CII58",000115,,1,N
2025,5296,5252,1,5447,63,2025-11-07 00:00:00,SUM,5170,2025,O,,,,Exp.:253/21 Sol. revisión de la instalación de gas - Prov.:Corralon Flores - Presup.:27325; 27323; 27322,000115,,1,N
2025,5297,5253,1,5446,2869,2025-11-07 00:00:00,SUM,5179,2025,O,,,,MADA POY S.A- PRESUPUESTO N° 0001-00000911 HOGAR DE ANCIANOS (MENSUAL DESDE EL 29/10 HASTA EL 29/11/25),000115,,1,N
2025,5298,5254,1,5445,1603,2025-11-07 00:00:00,SUM,5177,2025,O,,,,GARCIA GLADYS PANADERIA ALEM- PRESUPUESTO N° 1342383 (HOSPITAL Y HOGAR DE ANCIANOS) MENSUAL DESDE 31/10/2025 AL 30/11/2025,000115,,1,N
2025,5299,5255,1,5444,850,2025-11-07 00:00:00,SUM,5178,2025,O,,,,UNO ELECTROMEDICINA - PRESUPUESTO N° 00003-00014181 (LABORATORIO DE ANALISIS),000115,,1,N
2025,5345,5299,1,5492,2636,2025-11-13 00:00:00,SUM,5218,2025,O,,,,VIDRIERIA SUAREZ CARPINTERIA DE ALUMINIO.PRESUPUESTO Nº 99.MATERNIDAD.,000115,,1,N
2025,5346,5300,1,5502,300,2025-11-13 00:00:00,SUM,5191,2025,O,,,,PROV.SILVIA MAISTEGUI PRESUP.5917 ARTICULOS DE FERRETERIA PARA DEFENSA CIVIL,000115,,1,N
2025,5347,5301,1,5498,2636,2025-11-13 00:00:00,SUM,5232,2025,O,,,,"CARPINTERIA DE ALUMINIO.VIDR SUAAREZ. JUAN MANUEL SUAREZ.PRESUPUESTOS Nº 95 Y  97.VEHICULO RENAULT LOGAN AF 545 GL. TRANSPORTE DE PACIENTES, COCINA HOSPITAL..",000115,,1,N
2025,5351,5304,1,5493,879,2025-11-13 00:00:00,SUM,5216,2025,O,,,,CASA HARISGARAT. TATANO HARISGARAT SRL. P´RESUPUESTO Nº 001-00001202.HOSPITAL.,000115,,1,N
2025,5353,5307,1,5501,3336,2025-11-13 00:00:00,SUM,5203,2025,O,,,,PROV. MORALES ROCIO PRESUP.07/11/2025 REPARACION PARA CAMIONETA FOTON AF591SM,000115,,1,N
2025,5356,5310,1,5504,2613,2025-11-14 00:00:00,SUM,5251,2025,O,,,,"PRESUPUESTO 8663, RODRIGUEZ ROBERTO",000115,,1,N
2025,5357,5311,1,5505,163,2025-11-14 00:00:00,SUM,5254,2025,O,,,,"PRESUPUESTO 078-9158/078-9156/078-9157, ALFIO DISTEFANO",000115,,1,N
2025,5358,5312,1,5506,169,2025-11-14 00:00:00,SUM,4990,2025,O,,,,PRESUPUESTO N°0984 - TERRANOVA QUIMICA / LIQUIDO PARA PISOS,000115,,1,N
2025,5372,5326,1,5525,57,2025-11-17 00:00:00,SUM,5243,2025,O,,,,IMPRENTA EL ARGENTINO.IRMA CRISTINA BONOMI.PRESUPUESTO Nº 543.HOSPITAL MUNICIPAL.. FORMULARIOS PARA LA GUARDIA.,000115,,1,N
2025,5373,5327,1,5526,879,2025-11-17 00:00:00,SUM,5248,2025,O,,,,"CASA HARISGARAT. TATANO HARISGARAT SRL.PRESUPUESTO Nº 0001-00001249.PEDIATRIA,CAPS BELGRANO,HOG.",000115,,1,N
2025,5374,5328,1,5527,879,2025-11-17 00:00:00,SUM,5255,2025,O,,,,CASA HARISGARAT. TATANO HARISGARAT SRL.PRESUPUESTO Nº 0001-00001001.BROMATOLOGIA.,000115,,1,N
2025,5375,5329,1,5528,688,2025-11-17 00:00:00,SUM,5241,2025,O,,,,PRESUPUESTO N° 6863 - BATERIAS LA PRIMERA / ACEITE PARA TRACTOR,000115,,1,N
2025,5399,5353,1,5555,879,2025-11-19 00:00:00,SUM,5280,2025,O,,,,Exp.:380/25 Sol. Revisión de Edificio HCD - Prov.:Casa Harisgarat - Presup.:01248,000115,,1,N
2025,5400,5354,1,5556,879,2025-11-19 00:00:00,SUM,5283,2025,O,,,,Exp.:329/25 Sol. Mejoras p/ Estadio Municipal - Prov.:Casa Harisgarat - Presup.:1006;1007,000115,,1,N
2025,5401,5355,1,5557,1527,2025-11-19 00:00:00,SUM,5284,2025,O,,,,"Gomeria La Diagonal, presupuestos 549-550",000115,,1,N
2025,5402,5356,1,5558,21,2025-11-19 00:00:00,SUM,5286,2025,O,,,,"Fabrimar, presupuesto 289 (LBN 155)",000115,,1,N
2025,5403,5357,1,5559,2410,2025-11-19 00:00:00,SUM,5285,2025,O,,,,"L.R.B Bogado, presupuestos 1139-1141-1142-1138-1137",000115,,1,N
2025,5416,5370,1,5573,3299,2025-11-25 00:00:00,SUM,5304,2025,O,,,,"PRESUPUESTO 78/79, BRAULIO BERON",000115,,1,N
2025,5417,5371,1,5572,2636,2025-11-25 00:00:00,SUM,5287,2025,O,,,,VIDRIERIA SUAREZ  PRESUPUESTO N° 0091,000115,,1,N
2025,5419,5373,1,5601,1119,2025-11-26 00:00:00,SUM,5336,2025,A,2025-11-26 00:00:00,ERROR,,"CONTRATO CON LA EMPRESA SOMA S.A EXPTE Nº 5/2025 SERVICIO DE RECOLECCION, TRANSPORTE, TRATAMIENTO DIFERENCIA CORRESPONDIENTE OC 4194",000115,,1,N
2025,5429,5383,1,5606,1119,2025-11-26 00:00:00,SUM,5336,2025,O,,,,"CONTRATO CON LA EMPRESA SOMA S.A EXPTE Nº 5/2025 SERVICIO DE RECOLECCION, TRANSPORTE, TRATAMIENTO DIFERENCIA CORRESPONDIENTE OC 4194",000115,,1,N
2025,5454,5408,1,5614,879,2025-12-01 00:00:00,SUM,5226,2025,O,,,,Tatano Harisgarat S.R.l.Presupuesto 0001-00001019-1018-1017-1012-1009.,000115,,1,N
2025,5455,5409,1,5613,2636,2025-12-01 00:00:00,SUM,5230,2025,O,,,,"Suarez Juan Manuel,presupuesto 000000093",000115,,1,N
2025,5456,5410,1,5618,300,2025-12-01 00:00:00,SUM,5342,2025,O,,,,Maistegui Silvia Beatriz - Pintureria - Ferreteria Todo color. presupuesto 00005910,000115,,1,N
2025,5457,5411,1,5619,2998,2025-12-01 00:00:00,SUM,5340,2025,O,,,,"PRESUPUESTO 017962, ERNALZ",000115,,1,N
2025,5458,5412,1,5620,163,2025-12-01 00:00:00,SUM,5339,2025,O,,,,"PRESUPUESTO 078-9183, ALFIO DISTEFANO",000115,,1,N
2025,5459,5413,1,5621,3521,2025-12-01 00:00:00,SUM,5331,2025,O,,,,Corresponde presupuesto N° 0001-00000127 - SUSZCZYK CLAUDIO F.,000115,,1,N
2025,5460,5414,1,5622,2843,2025-12-01 00:00:00,SUM,5333,2025,O,,,,"PRESUPUESTO N° X 6976061 de Rost, Tamara de ""FRUTERIA NEGRIN"" Plan alimentario 2025",000115,,1,N
2025,5467,5421,1,5631,3246,2025-12-01 00:00:00,SUM,5341,2025,O,,,,MUNDIAL 2022- PRESUPUESTO S/N° MEDICAMENTOS DISPENSADOS DESDE EL 5/11/25 HASTA EL 25/11/2025,000115,,1,N
2025,5468,5422,1,5629,169,2025-12-01 00:00:00,SUM,5352,2025,O,,,,Corresponde presupuesto n ° 000992- TERRANOVA,000115,,1,N
2026,525,528,1,568,850,2026-02-02 00:00:00,SUM,524,2026,O,,,,UNO ELECTROMEDICINA- PRESUPUESTO N° 00003-00014882,000115,,1,N
2025,4835,4799,1,4975,879,2025-09-26 00:00:00,SUM,4711,2025,O,,,,"CASA HARISGARAT - PRESUPUESTO N° 1-1198, 1-1215, 1-1222 Y 1-1225 (COCINA HOGAR E ANCIANOS- MANTENIMIENTO-CAPS BELGRANO- INTERNACION- UTI)",000115,,1,N
2025,2935,2935,1,3077,3091,2025-05-23 00:00:00,SUM,2962,2025,O,,,,Antunes Nancy Eliana,000115,,1,N
2025,2944,2944,1,3079,1586,2025-05-23 00:00:00,SUM,2916,2025,O,,,,PRESUPUESTO SIN N° - HENDEL,000115,,1,N
2025,2945,2945,1,3080,3483,2025-05-23 00:00:00,SUM,2968,2025,O,,,,"Garay ,Acto 25 de  Mayo.",000115,,1,N
2025,2951,2951,1,3055,2869,2025-05-23 00:00:00,SUM,2842,2025,O,,,,MADA POY - PRESUPUESTO N° 1-822 (COCINA HOSPITAL),000115,,1,N
2025,2953,2953,1,3054,1440,2025-05-23 00:00:00,SUM,2841,2025,O,,,,QUALIMED - PRESUPUESTO N° 60-2025 (FARMACIA HOSPITAL),000115,,1,N
2025,2954,2954,1,3050,3322,2025-05-23 00:00:00,SUM,2921,2025,O,,,,PINAMAR HIGIENE INSTITUCIONAL SRL-  PRESUPUESTO N° 16-1774 (HOGAR),000115,,1,N
2025,2955,2955,1,3046,850,2025-05-23 00:00:00,SUM,2925,2025,O,,,,UNO ELECTROMEDICINA - PRESUPUESTO N° 3-12689 (LABORATORIO HOSPITAL),000115,,1,N
2025,2958,2958,1,3040,3322,2025-05-23 00:00:00,SUM,2914,2025,O,,,,PINAMAR HIGIENE INSTITUCIONAL - PRESUPUESTO 16-1746,000115,,1,N
2025,2960,2960,1,3037,167,2025-05-23 00:00:00,SUM,2917,2025,O,,,,"TODO POLLO, N° PRESUPUESTO 00000095, HOSPITAL",000115,,1,N
2025,2961,2961,1,3034,1763,2025-05-23 00:00:00,SUM,2858,2025,O,,,,Exp.:757/25 Alem / Venezuela - Trabajos de Cunetas - Bacheos Pluviales - Prov.Proagas - Presup.:Contrato,000115,,1,N
2025,2964,2964,1,3030,17,2025-05-23 00:00:00,SUM,2885,2025,O,,,,"Motomaquinarias ""Luis"" Lombardia - materiales puesto La Invernada",000115,,1,N
2025,2966,2966,1,3025,2675,2025-05-23 00:00:00,SUM,2893,2025,O,,,,"Repuestos LC, presupuesto 0536 (KYV375)",000115,,1,N
2025,2968,2968,1,3022,879,2025-05-23 00:00:00,SUM,2870,2025,O,,,,"PROV. CASA HARISGARAT PRESUP.0894,0901,0936,0990,0876,0893 MATERIALES PARA  REPRACIONE PLAZA ARGENTINO LUNA, JUEGO BARCO DEL BICENTENARIO,PAQUE DE LA ESTACION",000115,,1,N
2025,2975,2975,1,3078,441,2025-05-23 00:00:00,SUM,2963,2025,O,,,,Corresponde prespuesto N° 0002-00003620 - 25 de mayo,000115,,1,N
2025,3008,3008,1,3107,1960,2025-05-26 00:00:00,PRESU,3,2025,O,,,,PRESUPUESTO N°PR25 - 0003 - HONORIO JUAN RUAU (Dominio RenaultMaster 120  GUP 175,000000,,1,N
2025,3009,3009,1,3108,492,2025-05-26 00:00:00,PRESU,1000363,2025,A,2025-05-30 00:00:00,ADMINI,,MAXIMO PINASCO S.A- PRESUPUESTO N° 1000363141  DOMINIO: AF591SU,000000,,1,N
2025,3020,3020,1,3115,2424,2025-05-27 00:00:00,SUM,2991,2025,O,,,,3HCarpas - Hernandez y Hernandez,000115,,1,N
2025,3235,3229,1,3356,169,2025-06-10 00:00:00,SUM,3226,2025,O,,,,Terranova presupuesto 000425,000115,,1,N
2025,3237,3231,1,3355,3075,2025-06-10 00:00:00,SUM,3223,2025,O,,,,"Correa Lorente Juan Martín,presupuesto 1200",000115,,1,N
2025,3255,3249,1,3361,2259,2025-06-10 00:00:00,SUM,3241,2025,O,,,,"Bonomi Isabel,Imnaguración Luces Escuela N° 30.",000115,,1,N
2025,5074,5039,1,5231,1489,2025-10-21 00:00:00,SUM,4985,2025,O,,,,"RENOVACION POLIZA 554717-0,SMG(1489)",000115,,1,N
2025,3316,3310,1,3424,2577,2025-06-13 00:00:00,PRESU,498,2025,O,,,,PRESUPUESTO N°0498 - CASA CACHITO / FLOTANTE DE ALTA PRESION PARA TANQUE DE AGUA EN POLIDEPORTIVO MUNICIPAL,000000,,1,N
2025,3317,3311,1,3425,2577,2025-06-13 00:00:00,PRESU,496,2025,O,,,,PRESUPUESTO N° 0496 - CASA CACHITO / CANILLA Y PROLONGACIONES PARA BAÑO DEL POLIDEPORTIVO MUNICIPAL,000000,,1,N
2025,3321,3315,1,3446,1514,2025-06-13 00:00:00,PRESU,0,2025,O,,,,"PRESUPUESTO 000, CASA ELICEIRY",000000,,1,N
2025,3821,3790,1,3926,644,2025-07-14 00:00:00,PRESU,0,2025,O,,,,"PRESUPUESTO SIN N° - TALLER DE CHAPA Y PINTURA ""FUNEZ"" / REPARACION DE PISOS EN TREN DELANTERO DE IVECO DAILY",000000,,1,N
2025,3822,3791,1,3927,644,2025-07-14 00:00:00,PRESU,0,2025,O,,,,"Copia de 2025/3750 PRESUPUESTO SIN N° - TALLER DE CHAPA Y PINTURA ""FUNEZ"" / REPARACION DE PISO EN CUOPE FORD HISTORIA",000000,,1,N
2025,3823,3792,1,3928,3287,2025-07-14 00:00:00,PRESU,1800,2025,O,,,,Hispanograf de Hugo Piedra. Horarios Museo en vinilo impreso. Presupuesto N°1800,000000,,1,N
2025,3824,3793,1,3929,1879,2025-07-14 00:00:00,PRESU,3015,2025,O,,,,Corresponde presupuesto n° 00003015- ZUBIARRAIN,000000,,1,N
2025,3825,3794,1,3932,2078,2025-07-14 00:00:00,FACT,3785,2025,O,,,,"PRESUPUESTO 000, ZANNINI MATIAS",000000,,1,N
2025,3832,3801,1,3948,3336,2025-07-15 00:00:00,PRESU,0,2025,O,,,,"PROV. ROCIO MORALES PRESUP 14/07/2025 REPARACIONES PARA FORD 14000 DMI232,MEREDES BENZ 1114 UQV264, Y XNE245",000000,,1,N
2025,3834,3803,1,3945,68,2025-07-15 00:00:00,PRESU,7390222,2025,O,,,,"PRESUPUESTO N° X 7390222 de Peyrano, Sergio de ""Atmosférico La Primera""",000000,,1,N
2025,3835,3804,1,3942,164,2025-07-15 00:00:00,PRESU,45,2025,A,2025-07-16 00:00:00,ADMINI,,"PRESUPUESTO 045, CORREA LORENTE JUAN MARTIN",000000,,1,N
2025,3838,3807,1,3937,3390,2025-07-15 00:00:00,PRESU,44,2025,O,,,,"PRESUPUESTO N° X 0001-00000044 de Norberto Martín Morales de ""Alta Morena Panadería - Regalería"" Esfuerzo Solidario 2025",000000,,1,N
2025,3846,3815,1,3954,3482,2025-07-16 00:00:00,PRESU,0,2025,O,,,, PROV. MARC ALICIA BEATRIZ . PRESU. 16/07/2025- SEC. PRODUCCION,000000,,1,N
2025,3847,3816,1,3942,3075,2025-07-16 00:00:00,PRESU,45,2025,O,,,,"PRESUPUESTO 045, CORREA LORENTE JUAN MARTIN",000000,,1,N
2025,3850,3819,1,3995,216,2025-07-17 00:00:00,PRESU,4921531,2025,O,,,,FAE- PRESUPUESTO N° 4921531 (COCINA),000000,,1,N
2025,3851,3820,1,3996,3390,2025-07-17 00:00:00,PRESU,43,2025,O,,,,ALTA MORENA- PRESUPUESTO N° 43 ( HOSPITAL Y HOGAR DE ANCIANOS),000000,,1,N
2025,3854,3823,1,3982,3322,2025-07-17 00:00:00,PRESU,1863,2025,O,,,,PINAMAR HIGIENE INSTITUCIONAL SRL- PRESUPUESTO N° 0016-00001863 (LAVADERO),000000,,1,N
2025,3856,3826,1,3983,612,2025-07-17 00:00:00,PRESU,1279,2025,O,,,,MARZULLO COMPUTACION- PRESUPUESTO N° 0001-00001279 (INFORMATICA),000000,,1,N
2025,3858,3828,1,3985,1578,2025-07-17 00:00:00,PRESU,362,2025,O,,,,PRODUCTOS COLOMBRARO- PRESUPUESTO N° 362 (TRABAJO SOCIAL Y UTI),000000,,1,N
2025,3862,3831,1,3984,1573,2025-07-17 00:00:00,PRESU,0,2025,O,,,,DROGUERIA ALBERDI - PRESUPUESTO S/N FECHA 8/7/25 (FARMACIA HOSPITAL),000000,,1,N
2025,3865,3834,1,3976,1810,2025-07-17 00:00:00,PRESU,367,2025,O,,,,Prov.:AC Refrigeracion (Cataldo Adolfo) - Presup.:0367 - PARA OFICINA OBRAS PUBLICAS,000000,,1,N
2025,3870,3839,1,3958,2675,2025-07-17 00:00:00,PRESU,574,2025,O,,,,PROV. CAROLINA NOWE PRESUP.0574 REPUESTOS PARA CAMION IVECO PJY978 RENAULT  LOGAN AF546LG,000000,,1,N
2025,3884,3853,1,3998,2859,2025-07-17 00:00:00,PRESU,0,2025,O,,,,Exp. 757/25 Alem - Venezuela - Trab. cordon cuneta - bacheo- pluviales - Prov.:Adrenalina Rent - Presup.:016761,000000,,1,N
2025,3896,3866,1,4025,1066,2025-07-17 00:00:00,PRESU,0,2025,A,2025-08-13 00:00:00,ADMINI,,PROV.CANTERA YARAVI POLVO DE PIEDRA PARA MEJORADO DE CALLES DEL BARRIO BELGRANO,000000,,1,N
2025,3908,3877,1,4016,866,2025-07-18 00:00:00,SUM,3721,2025,O,,,,PILOÑA - PRESUPUESTO N° 4-185013 (FARMACIA HOSPITAL),000115,,1,N
2025,3909,3878,1,4019,3297,2025-07-18 00:00:00,SUM,3716,2025,O,,,,FRENOS MADARIAGA- PRESUPUESTON° 23/04/2025  FORD KA AE619QS,000115,,1,N
2025,3910,3880,1,4014,167,2025-07-18 00:00:00,SUM,3723,2025,O,,,,TODO POLLO - PRESUPUESTO N° 12 Y 13 (HOGAR Y HOSPITAL),000115,,1,N
2025,3916,3885,1,4034,1489,2025-07-18 00:00:00,SUM,3818,2025,O,,,," RENOVACION POLIZA 554717-0,SMG(1489)",000115,,1,N
2025,3918,3888,1,4031,160,2025-07-18 00:00:00,SUM,3820,2025,O,,,,"PRESUPUESTO N° 0001-00001106 de ""AGROVETERINARIA MARZULLO"" Para la granja de contención",000115,,1,N
2025,3920,3890,1,4020,3287,2025-07-18 00:00:00,SUM,3774,2025,O,,,,HISPANOGRAF     PRESUPUESTO N° 1799,000115,,1,N
2025,3924,3893,1,4013,2869,2025-07-18 00:00:00,SUM,3724,2025,O,,,,MADA POY - PRESUPUESTO N° 1-847 (COCINA HOSPITAL),000115,,1,N
2025,3926,3894,1,4027,3426,2025-07-18 00:00:00,SUM,3640,2025,O,,,,CORRESPONDE EXTE Nº 3508/2024. DRA JAIME MARIA GRACIELA.,000115,,1,N
2025,3023,3023,1,3121,2777,2025-05-28 00:00:00,SUM,2986,2025,A,2025-07-18 00:00:00,ERROR,,"Artec Seguridad, presupuesto 9927- (camaras para COM)",000115,,1,N
2025,5091,5056,1,5247,2627,2025-10-22 00:00:00,FACT,2129,2025,O,,,,SANTA PAULA- PRESUPUESTO N ° 0001-00002129 (HOGAR DE ANCIANOS) PASTAS PARA LA SEMANA DEL 13/10 AL 20/10/25,000000,,1,N
2025,3633,3021,1,3112,2808,2025-07-04 00:00:00,EXPED,1374,2025,A,2025-07-04 00:00:00,ERROR,,CONCURSO DE PRECIOS DE MEDICAMENTOS EN COMPRIMIDOS Y AMPOLLAS 2025,CTACTE,,1,N
2025,3634,3021,1,3112,585,2025-07-04 00:00:00,EXPED,1374,2025,A,2025-07-04 00:00:00,ERROR,,CONCURSO DE PRECIOS DE MEDICAMENTOS EN COMPRIMIDOS Y AMPOLLAS 2025,000010,,1,N
2025,3636,3021,1,3112,3165,2025-07-04 00:00:00,EXPED,1374,2025,A,2025-07-04 00:00:00,ERROR,,CONCURSO DE PRECIOS DE MEDICAMENTOS EN COMPRIMIDOS Y AMPOLLAS 2025,000010,,1,N
2025,3640,3021,1,3112,2808,2025-07-04 00:00:00,EXPED,1374,2025,O,,,,CONCURSO DE PRECIOS DE MEDICAMENTOS EN COMPRIMIDOS Y AMPOLLAS 2025,CTACTE,,1,N
2025,3641,3021,1,3112,585,2025-07-04 00:00:00,EXPED,1374,2025,O,,,,CONCURSO DE PRECIOS DE MEDICAMENTOS EN COMPRIMIDOS Y AMPOLLAS 2025,CTACTE,,1,N
2025,3642,3021,1,3112,3165,2025-07-04 00:00:00,EXPED,1374,2025,O,,,,CONCURSO DE PRECIOS DE MEDICAMENTOS EN COMPRIMIDOS Y AMPOLLAS 2025,000010,,1,N
2025,3643,3021,1,3112,87,2025-07-04 00:00:00,EXPED,1374,2025,O,,,,CONCURSO DE PRECIOS DE MEDICAMENTOS EN COMPRIMIDOS Y AMPOLLAS 2025,CTACTE,,1,N
2025,3644,3021,1,3112,866,2025-07-04 00:00:00,EXPED,1374,2025,O,,,,CONCURSO DE PRECIOS DE MEDICAMENTOS EN COMPRIMIDOS Y AMPOLLAS 2025,000010,,1,N
2025,3645,3021,1,3112,1573,2025-07-04 00:00:00,EXPED,1374,2025,O,,,,CONCURSO DE PRECIOS DE MEDICAMENTOS EN COMPRIMIDOS Y AMPOLLAS 2025,000010,,1,N
2025,4038,4007,1,4161,3528,2025-07-28 00:00:00,SUM,3947,2025,O,,,,Montenegro Ricardo.Festejos Día de la Niñes.,000115,,1,N
2025,4041,4009,1,4157,688,2025-07-28 00:00:00,SUM,3946,2025,A,2025-07-29 00:00:00,ERROR,,"PROV.ELECTRO DANNUNZIO  PRESUP.8759 ARTICULOS ELECTRICOS PARA PLAZA SAN MARTIN, PASEO DEL LAGO.",000115,,1,N
2025,4043,4011,1,4154,3322,2025-07-28 00:00:00,SUM,3924,2025,O,,,,"PINAMAR HIGIENE INSTITUCIONAL SRL- PRESUPUESTO N° 0016-00001878/1892/1894 (LAVADERO, COCINA, INTERNACION)",000115,,1,N
2025,4044,4013,1,4150,300,2025-07-28 00:00:00,SUM,3935,2025,O,,,,Exp.:1811/21 PREIMBA - PROYECTO PARQUE DE LA ESTACIÓN - Prov.:Todo Color - Presup.:5511,000115,,1,N
2025,4046,4014,1,4159,526,2025-07-28 00:00:00,SUM,3943,2025,O,,,,"PROV. PABLO BARBIERI PRESUP.22/07/2025 CARTELES DE SEÑALIZACION PARA CALLE BS.AS, TUYU, PICAFLOR",000115,,1,N
2025,4047,4015,1,4156,1876,2025-07-28 00:00:00,SUM,3937,2025,O,,,,MAX CONTINENTAL- PRESUPUESTO N° 0001-00152846 (FARMACIA- QUIROFANO),000115,,1,N
2025,4048,4016,1,4152,3420,2025-07-28 00:00:00,SUM,3951,2025,O,,,,VERA LILIANA VANESA- PRESUPUESTO N° 001-19595 (FARMACIA),000115,,1,N
2025,4868,4833,1,5032,441,2025-10-02 00:00:00,PRESU,3782,2025,O,,,,Presupuesto N° 0002-00003782 Proveedor Matienzo Paola  -ALPA-,000000,,1,N
2025,4869,4834,1,5019,2734,2025-10-02 00:00:00,PRESU,0,2025,O,,,,"PRESUPUESTO de ""MATIAS RICCI"" Diabéticos septiembre 2025",000000,,1,N
2025,4871,4836,1,5020,3287,2025-10-02 00:00:00,PRESU,1838,2025,O,,,,"PRESUPUESTO N° 1838 de ""HISPANOGRAF"" Bonos de vales de pan para los programas alimentarios",000000,,1,N
2025,4873,4838,1,5021,3322,2025-10-02 00:00:00,PRESU,1946,2025,O,,,,PINAMAR HIGIENE INSTITUCIONAL SRL- PRESUPUESTO N° 0016-00001946 ( MUCAMAS),000000,,1,N
2025,4874,4839,1,5022,3322,2025-10-02 00:00:00,PRESU,1959,2025,O,,,,PINAMAR HIGIENE INSTITUCIONAL SRL- PRESUPUESTO N° 0016-00001959 (OFICCE DE MUCAMAS),000000,,1,N
2025,4877,4843,1,5026,3075,2025-10-02 00:00:00,SUM,4742,2025,O,,,,"MARTIN CORREA LORENTE - PRESUPUESTO N° 1-49 (QUIROFANO, MUCAMAS)",000115,,1,N
2025,4878,4842,1,5023,2627,2025-10-02 00:00:00,PRESU,3450,2025,O,,,,SANTA PAULA- PRESUPUESTO N° 0002-00003450 (COCINA),000000,,1,N
2025,4879,4844,1,5024,2883,2025-10-02 00:00:00,PRESU,0,2025,O,,,,INSUMOS GENERALES 3F - PRESUPUESTO S/N FECHA 23/9/25 (FARMACIA),000000,,1,N
2025,4883,4848,1,5025,413,2025-10-02 00:00:00,PRESU,3877,2025,O,,,,"Agustín Paso,presupuestos 3877,3862,3851,3881,3889,3861,3873,3855,3863,3879.",000000,,1,N
2025,4907,4872,1,5054,3322,2025-10-02 00:00:00,PRESU,1982,2025,O,,,,PINAMAR HIGIENE INSTITUCIONAL SRL- PRESUPUESTO N° 0016-00001982 (OFFICE DE MUCAMAS),000000,,1,N
2025,4908,4873,1,5055,3322,2025-10-02 00:00:00,PRESU,1971,2025,O,,,,PINAMAR HIGIENE INSTITUCIONAL SRL- PRESUPUESTO N° 0016-00001971 (OFFICE DE MUCAMAS),000000,,1,N
2025,4909,4874,1,5056,1259,2025-10-02 00:00:00,PRESU,29209,2025,O,,,,"Suc. Dannunzio ,presupuesto 00029209,29197,29202.Instalación UPS Palacio Municipal.",000000,,1,N
2025,5146,5111,1,5302,125,2025-10-29 00:00:00,SUM,5050,2025,O,,,,FARMACIA GIORGI- PRESUPUESTO S/N° MEDICAMENTOS DISPENSADOS DESDE EL 14/10 AL 18/10/25 (DIRECCION HOSPITAL),000115,,1,N
2025,5093,5058,1,5238,527,2025-10-22 00:00:00,PRESU,8667,2025,O,,,,SERVIMED- PRESUPUESTO N° 8667/25 R (QUIROFANO),000000,,1,N
2025,5099,5065,1,5255,1514,2025-10-22 00:00:00,PRESU,0,2025,O,,,,"PRESUPUESTO, CASA ELICEYRI,24/10/2025",000000,,1,N
2025,5100,5066,1,5256,1514,2025-10-22 00:00:00,PRESU,0,2025,A,2025-11-18 00:00:00,ADMINI,,PROV.  CASA ELICEIRY GAS OIL PARA MAQUINAS Y  VEHICULOS DE ESTAS  SECRETARIA,000000,,1,N
2025,5101,5067,1,5257,1514,2025-10-22 00:00:00,PRESU,0,2025,O,,,,PROV. CASA ELICEIRY GAS OIL PARA MAQUINAS PREDIO DISPOSICION FINAL DE RESIDUOS RUTA 11 KM 405.5,000000,,1,N
2025,5117,5082,1,5270,1,2025-10-24 00:00:00,SUM,4993,2025,O,,,,CORBELLINI HUGO CESAR- PRESUPUESTO 7/10/2025 (MOVIL 8 DOMINIO: PAA334),000115,,1,N
2025,5148,5113,1,5320,2627,2025-10-29 00:00:00,SUM,5034,2025,O,,,,SANTA PAULA DE PENACCA SRL. PRESUPUESTO Nº 0001-00002134.SEMANA DEL 21/10/2025 AL 27/10/2025.COCINA HOSPITAL.,000115,,1,N
2025,5149,5115,1,5322,2627,2025-10-29 00:00:00,SUM,5033,2025,O,,,,SANTA PAULA DE PENACCA SRL. PRESUPUESTOS Nº 0001-00002133.SEMANA 20/10/25 AL 26/10/25.HPOGAR DE ANCIANOS.,000115,,1,N
2025,5150,5114,1,5304,850,2025-10-29 00:00:00,SUM,5061,2025,O,,,,UNO ELECTROMEDICINA- PRESUPUESTO N° 00003-00014058 (LABORATORIO DE ANALISIS),000115,,1,N
2025,5151,5116,1,5324,216,2025-10-29 00:00:00,SUM,5032,2025,O,,,,FAE. PRESUPUESTO Nº 4921544. PARA UTILIZAR EN DISTINTOS SECTORES DEL HOSPITAL.,000115,,1,N
2025,5152,5117,1,5325,3184,2025-10-29 00:00:00,SUM,5031,2025,O,,,,DROGUERIA PERDOMONICI- PRESUPUESTO N° 30/09/2025 (FARMACIA),000115,,1,N
2025,5153,5118,1,5326,441,2025-10-29 00:00:00,SUM,5030,2025,O,,,,"ALPA PAPELERA. MATIENZO PAOLA AMELIA. PRESUPUESTO Nº 00003795, 00003798..COCINA HOSPITAL Y OFICINA RECURSOS HUMANOS.",000115,,1,N
2025,5154,5119,1,5327,2613,2025-10-29 00:00:00,SUM,5025,2025,O,,,,MATAFUEGOS RUTA 11 - PRESUPUESTO N° 8546 (MANTENIMIENTO),000115,,1,N
2025,2879,2879,1,2968,2110,2025-05-20 00:00:00,SUM,2803,2025,O,,,,"PRESUPUESTO Nº 461/465 de ""Eduardo Fumega"" Limpieza de calefactores, bajar tanque de agua, instalar tanque, instalar automático en la casita de chocolate",000115,,1,N
2025,2880,2880,1,2969,335,2025-05-20 00:00:00,SUM,2802,2025,O,,,,"PRESUPUESTO de María Cristina Uthurburu de ""Casa Meoqui"" Sr. Suarez, Oscar Ernesto, fallecido el 09 de Mayo 2025 DNI M 5.323.462",000115,,1,N
2025,3438,3430,1,3552,1,2025-06-23 00:00:00,PRESU,1014,2025,O,,,,"PRESUPUESTO 1014, CORBELLINI HUGO CESAR",000000,,1,N
2025,3921,3879,1,4015,1876,2025-07-18 00:00:00,PRESU,152321,2025,O,,,,MAX CONTINENTAL - PRESUPUESTO N° 1-152321 (FARMACIA HOSPITAL),000000,,1,N
2025,3928,3897,1,4038,1206,2025-07-18 00:00:00,PRESU,9684,2025,O,,,,"PRESUPUESTO 42-229684, GRUPO NUCLEO",000000,,1,N
2025,3929,3898,1,4040,612,2025-07-18 00:00:00,PRESU,0,2025,O,,,,MARZULLO COMPUTACION- PRESUPUESTO N° 18/07/2025 (INFORMATICA),000000,,1,N
2025,3930,3899,1,4039,2770,2025-07-18 00:00:00,PRESU,739,2025,O,,,,SYSTEC COMPUTACION- PRESUPUESTO N° 739 (INFORMATICA),000000,,1,N
2025,3997,3966,1,4088,3339,2025-07-24 00:00:00,SUM,3064,2025,O,,,,LA MARCA CARNES - PRESUPUESTOS S/N FECHA 16/4/25 Y 29/4/25 (COCINA HOSPITAL),000010,,1,N
2025,4001,3970,1,4135,2109,2025-07-24 00:00:00,SUM,3938,2025,O,,,,"actualizacion del sistema de pase de expediente, se agrega la funcion de vencimiento de expedientes para la renovacion de contratos, con aviso de alerta a las areas para que no se olviden de renovarlos",000010,,1,N
2025,4141,4108,1,4256,413,2025-08-06 00:00:00,SUM,4113,2025,O,,,,"PRESUPUESTO 000, PASO AGUSTIN",000029,,1,N
2025,4757,4722,1,4896,171,2025-09-22 00:00:00,PRESU,53492,2025,O,,,,"Sanchez Juan Alberto,presupuesto 53492",000000,,1,N
2025,4760,4725,1,4891,879,2025-09-22 00:00:00,PRESU,0,2025,O,,,,Exp.:3585/24 Ejecución/Reparación Rampas - Esquinas céntricas - Prov.:Casa Harisgarat - Presup.:1237;1241;1226;1220;1218;1214,000000,,1,N
2025,4764,4728,1,4886,879,2025-09-22 00:00:00,PRESU,0,2025,A,2025-09-22 00:00:00,ADMINI,,FARMACIA GIORGI- PRESUPUESTO S/N° MEDICAMENTOS DISPENSADOS DESDE EL 2/09/2025 AL 8/09/2025,000000,,1,N
2025,4765,4728,1,4886,125,2025-09-22 00:00:00,PRESU,0,2025,O,,,,FARMACIA GIORGI- PRESUPUESTO S/N° MEDICAMENTOS DISPENSADOS DESDE EL 2/09/2025 AL 8/09/2025,000000,,1,N
2025,4769,4732,1,4903,1682,2025-09-22 00:00:00,PRESU,8847,2025,O,,,,"PRESUPUESTO 8847, GRUPO UNIVECO",000000,,1,N
2025,4770,4733,1,4908,1214,2025-09-22 00:00:00,PRESU,0,2025,O,,,,SOCIEDAD ESPAÑOLA DE SOCORROS MUTUOS  ALQUILER SEDE SECRETARIA DE CULTURA  EXPTE 94/25,000000,,1,N
2026,526,529,1,558,3322,2026-02-02 00:00:00,PRESU,2325,2026,O,,,,PINAMAR HIGIENE INSTITUCIONAL- PRESPUESTO N° 0016-00002325/2326/2327 (LAVADERO-COCINA- OFFICE DE MUCAMAS),000000,,1,N
2026,527,530,1,552,158,2026-02-02 00:00:00,SUM,485,2026,O,,,,FARMACIA SOTO- PRESUPUESTO N° 934 MEDICAMENTOS DISPENSADOS DESDE EL 26/12/25  AL 26/01/26,000115,,1,N
2026,528,531,1,562,3337,2026-02-02 00:00:00,PRESU,603,2026,O,,,,"PRESUPUESTO 603, GARCIA FEDERICO",000000,,1,N
2026,529,533,1,561,1943,2026-02-02 00:00:00,PRESU,7341,2026,O,,,,Copia de 2026/473 B GATE - PRESUPUESTO N° 0005-00007341,000000,,1,N
2026,530,534,1,573,1586,2026-02-02 00:00:00,PRESU,90,2026,O,,,,"PRESUPUESTO N° 0130-00000090 de ""HENDEL"" Para el taller de peluquería",000000,,1,N
2026,531,532,1,560,441,2026-02-02 00:00:00,SUM,501,2026,O,,,,ALPA- PRESUPUESTO N° 3861/3856 (COCINA- INTERNACION- ADMINISTRACION),000115,,1,N
2025,3149,3149,1,3256,2680,2025-06-03 00:00:00,SUM,3067,2025,O,,,,"presupuesto 100,EIJO MARCELO ALEJANDRO",000115,,1,N
2025,4079,4046,1,4195,3287,2025-07-30 00:00:00,PRESU,1804,2025,A,2025-12-16 00:00:00,ERROR,,"Hispanograf, presupuesto 1804 (para Inspeccion)",000000,,1,N
2025,4080,4047,1,4194,19,2025-07-30 00:00:00,PRESU,2755,2025,O,,,,Corresponde presupuesto N° 0002-00002755/00002747 - CIMOS INOCENCIO,000000,,1,N
2025,4083,4050,1,4201,1161,2025-07-30 00:00:00,PRESU,4776,2025,O,,,,PREVISION SIN N° - FORRAJERIA LA ESPERANZA,000000,,1,N
2025,4089,4056,1,4203,141,2025-07-30 00:00:00,PRESU,0,2025,O,,,,PINTURERIA SAGITARIO S.A- PRESUPUESTO N° 25/06/2025 (PEDIATRIA- CONSULTORIOS),000000,,1,N
2026,634,636,1,658,300,2026-02-13 00:00:00,SUM,597,2026,O,,,,"PROV.SILVIA MAISTEGUI PRESUP.5936 ARTICULOS DE FERRETERIA PARA BANCOS DE PLAZA,FUENTE DEL BICENTENARIO REPARACION DE COLUMNAS DE ALUMBRADO MOTOR PARA BOMBEADOR DE ESTADIO MUNICIPAL",000115,,1,N
2026,636,638,1,659,1879,2026-02-13 00:00:00,SUM,596,2026,O,,,,"PROV.DANIEL ZUBIARRAIN PRESUP.3043 REPUESTOS PARA OOI617,PPU739",000115,,1,N
2026,637,639,1,660,300,2026-02-13 00:00:00,SUM,595,2026,O,,,,PROV.MAISTEGUI SILVIA 5923 ARTICULOS DE FERRETERIA PARA REPARACIONS EN CORRALON MUNICIPAL CAMION OOI617 LAN 557,000115,,1,N
2026,638,640,1,641,2330,2026-02-13 00:00:00,SUM,584,2026,O,,,,CORRESPONDE PREVISION COMBUSTIBLES DEL SALADO - SEC GOBIERNO,000115,,1,N
2026,641,643,1,676,879,2026-02-13 00:00:00,SUM,650,2026,O,,,,PRESUPUESTO N° 1027 - CASA HARISGARAT - REPARACIONES ESTADIO MUNICIPAL,000115,,1,N
2026,642,644,1,695,879,2026-02-13 00:00:00,SUM,654,2026,O,,,,CASA HARISGARAT - PRESUPUESTO N° 1-1033 (INTERNACION HOSPITAL),000115,,1,N
2026,643,645,1,692,167,2026-02-13 00:00:00,SUM,653,2026,O,,,,TODO POLLO - PRESUPUESTO N° 75  SEMANA DEL 29/01 AL05/02,000115,,1,N
2026,645,647,1,688,2371,2026-02-13 00:00:00,SUM,638,2026,O,,,,PROV.MERIO INDUSTRIA PRESUP.10/02/2026 CEPILLOS DE BARRENDERO PARA BARRIDO DE CALLES,000115,,1,N
2025,3256,3250,1,3359,3483,2025-06-10 00:00:00,SUM,3240,2025,O,,,,"Garay, Franco Imnaguración Luces Escuela N° 30",000115,,1,N
2025,3500,3489,1,3612,2369,2025-06-26 00:00:00,SUM,3431,2025,O,,,,"PROV.MERCEDES LA PLATA PRESUP.178342 REPUESTOS PARA  MERCEDES BENZ LAN558 ,MERCEDES BENZ 1114 SVN719, VW 17220 LED010",000115,,1,N
2025,3501,3490,1,3613,2403,2025-06-26 00:00:00,SUM,3448,2025,O,,,,"PROV.BIGORITO LEONADO PRESUP.0048 TRABAJOS DE HERRERIA  Y SOLDADURA MAQUINA CORTA PASTO,CAÑO HIDRALICO DE RETRO PALA ASTARSA 650",000115,,1,N
2025,3502,3491,1,3614,2675,2025-06-26 00:00:00,SUM,3447,2025,O,,,,"PROV.NOWE CAROLINA PRESUP.0570 REPUESTOS PARA RETROPALA ASTARSA 650, FORD 14000 SVN719,PALA CARGADORA SDLG 936 COLECTIVO JZH266",000115,,1,N
2025,3503,3492,1,3615,2310,2025-06-26 00:00:00,SUM,3445,2025,O,,,,PROV.CENTRO HIERRO  PRESUP.6817 HIERRO PARA  HACER TAPA DE  DESAGUE CANADA Y MEXICO,000115,,1,N
2025,3504,3493,1,3616,3038,2025-06-26 00:00:00,SUM,3444,2025,O,,,,PRESUPUESTO SIN N° - FATIMA DIAZ / TRABAJOS DE PINTURA EN PARED Y PUERTAS DE ALUMINIO EN EL POLIDEPORTIVO MUNICIPAL,000115,,1,N
2025,3505,3494,1,3617,71,2025-06-26 00:00:00,SUM,3443,2025,O,,,,"PRESUPUESTO 14881/14863, IRIARTE RAUL ALBERTO",000115,,1,N
2025,3506,3495,1,3618,71,2025-06-26 00:00:00,SUM,3442,2025,O,,,,"PRESUPUESTO14852, IRIARTE RAUL ALBERTO",000115,,1,N
2025,3507,3496,1,3619,2675,2025-06-26 00:00:00,SUM,3441,2025,O,,,,"PRESUPUESTO 571, CAROLINA NOWE",000115,,1,N
2025,4823,4787,1,4962,3322,2025-09-25 00:00:00,SUM,4729,2025,O,,,,PINAMAR HIGIENE INSTITUCIONAL - PRESUPUESTO N° 16-1996 (LAVADERO HOSPITAL),000115,,1,N
2025,4824,4788,1,4963,3322,2025-09-25 00:00:00,SUM,4728,2025,O,,,,PINAMAR HIGIENE INSTITUCIONAL - PRESUPUESTO N° 16-1972 Y 16-1986 (LAVADERO HOSPITAL),000115,,1,N
2025,4825,4789,1,4964,3322,2025-09-25 00:00:00,SUM,4725,2025,O,,,,PINAMAR HIGIENE INSTITUCIONAL - PRESUPUESTO N° 16-1998 Y 16-2011 (LAVADERO HOSPITAL),000115,,1,N
2025,4826,4790,1,4965,3184,2025-09-25 00:00:00,SUM,4724,2025,O,,,,DROGUERIA PERDOMINICI - PRESUPUESTO S/N FECHA 22/9/25 (FARMACIA HOSPITAL),000115,,1,N
2025,4827,4791,1,4966,1573,2025-09-25 00:00:00,SUM,4721,2025,O,,,,DROGUERIA ALBERDI - PRESUPUESTO N° 32316 (FARMACIA HOSPITAL),000115,,1,N
2025,4828,4792,1,4967,3165,2025-09-25 00:00:00,SUM,4719,2025,O,,,,VELIBO SUPPLIES  - PRESUPUESTO N° 1-9155 (FARMACIA HOSPITAL),000115,,1,N
2025,4829,4793,1,4968,3075,2025-09-25 00:00:00,SUM,4717,2025,O,,,,MARTIN CORREA LORENTE - PRESUPUESTO N° 1-50 (LAVADERO HOSPITAL),000115,,1,N
2025,4830,4794,1,4969,2209,2025-09-25 00:00:00,SUM,4716,2025,O,,,,DURANTE JAVIER - PRESUPUESTO N° 1-758 (COCINA HOSPITAL),000115,,1,N
2025,4831,4795,1,4970,1259,2025-09-25 00:00:00,SUM,4715,2025,O,,,,ELECTRO D ANNUNZIO - PRESUPUESTO N° 28943 (BROMATOLOGIA),000115,,1,N
2025,4832,4796,1,4971,1259,2025-09-25 00:00:00,SUM,4714,2025,O,,,,ELECTRO DANNUNZIO - PRESUPUESTO N° 29046 (RECURSOS HUMANOS),000115,,1,N
2025,4833,4797,1,4973,2869,2025-09-25 00:00:00,SUM,4713,2025,O,,,,MADA POY - PRESUPUESTO N° 1-890 (COCINA HOSPITAL),000115,,1,N
2025,4834,4798,1,4974,167,2025-09-25 00:00:00,SUM,4712,2025,O,,,,TODO POLLO - PRESUPUESTO N° 34 Y 35 (COCINA HOSPITAL Y HOGAR DE ANCIANOS),000115,,1,N
2025,4837,4801,1,4976,2627,2025-09-26 00:00:00,SUM,4709,2025,O,,,,SANTA PAULA - PRESUPUESTO N° 1-2117 (COCINA HOSPITAL),000115,,1,N
2025,4838,4802,1,4977,2595,2025-09-26 00:00:00,SUM,4710,2025,O,,,,IVANPER REPUESTOS - PRESUPUESTO N° 7201 (MOVIL 6 DOMINIO: JQS879),000115,,1,N
2025,4840,4804,1,4978,57,2025-09-26 00:00:00,SUM,4708,2025,O,,,,IMPRENTA EL ARGENTINO - PRESUPUESTO N° 537 (GUARDIA),000115,,1,N
2025,4841,4805,1,4979,441,2025-09-26 00:00:00,SUM,4707,2025,O,,,,"ALPA MADARIAGA - PRESUPUESTO N° 2-3769 Y 2-3773 (COCINA, LABORATORIO, GUARDIA Y PEDIATRIA)",000115,,1,N
2025,4855,4819,1,4996,171,2025-09-26 00:00:00,SUM,4733,2025,O,,,,"PRESUPUESTO N° 018506 - ELECTRICIDAD ""EL GALLEGO"" / CAJAS DE INSPECCION PARA EL ESTADIO MUNICIPAL",000115,,1,N
2025,4856,4820,1,4998,1259,2025-09-26 00:00:00,SUM,4726,2025,O,,,,"Electro Dannunzio, presupuesto 29091 ( para linternas y decibelimetro-patrulla urbana)",000115,,1,N
2025,4857,4821,1,4997,2595,2025-09-26 00:00:00,SUM,4731,2025,O,,,,"Ivanper, presupuesto 7249 ( AE704AX-AF747PM)",000115,,1,N
2025,3927,3896,1,4030,19,2025-07-18 00:00:00,SUM,3819,2025,O,,,,"PRESUPUESTO N° X 0002-00002737 de Inocencio Cimos de  ""IC Ferretería CIMOS"" Para carteles señaletica discapacidad",000115,,1,N
2025,5076,5041,1,5227,441,2025-10-21 00:00:00,SUM,4976,2025,O,,,,"PRESUPUESTO 3796, MATIENZO PAOLA EMILIA",000115,,1,N
2025,5077,5042,1,5228,2595,2025-10-21 00:00:00,SUM,4963,2025,O,,,,"PROV.IVAN PERICO PRESUP.7401,7405 REPUESTOS PARA PJY978, LAN551,SOG742",000115,,1,N
2025,5078,5043,1,5229,300,2025-10-21 00:00:00,SUM,4953,2025,O,,,,PROV.SILVIA MAISTEGUI PRESUP.3066 PARA PINTAR Y ARREGLAR JUEGOS DE PLAZAS,000115,,1,N
2025,5079,5044,1,5230,2595,2025-10-21 00:00:00,SUM,4947,2025,O,,,,Corresponde presupuesto N° 00007382 - IVANPER,000115,,1,N
2025,5080,5045,1,5246,2330,2025-10-21 00:00:00,SUM,5008,2025,O,,,,Diferencia Previsión oc 3934.Combustible del Salado S.A.,000115,,1,N
2025,5106,5071,1,5259,1977,2025-10-23 00:00:00,SUM,4986,2025,O,,,,"PRESUPUESTO 6175, ZMG ARGENTINA SRL",000115,,1,N
2025,5108,5073,1,5261,717,2025-10-23 00:00:00,SUM,5005,2025,O,,,,"PRESUPUESTO N° 021408 de Marina Irene Pinilla de ""PROVEDURIA LA ILUSION""Para familia en el Hogar de Protección  por violencias",000115,,1,N
2025,5109,5074,1,5263,141,2025-10-23 00:00:00,SUM,4568,2025,O,,,,PINTURERIAS SAGITARIO S.A. N° PRESUPUESTO 00016-00008406,000115,,1,N
2025,5135,5100,1,5291,2208,2025-10-29 00:00:00,SUM,5070,2025,O,,,,"Martín Lomnbardi, presupuesto 391,392.",000115,,1,N
2025,5136,5101,1,5292,167,2025-10-29 00:00:00,SUM,5024,2025,O,,,,TODO POLLO- PRESUPUESTO N° 43 (COCINA ) DESDE  20/10 AL 27/10/25 (COCINA),000115,,1,N
2025,5137,5102,1,5293,1078,2025-10-29 00:00:00,SUM,5022,2025,O,,,,OPAZO DANIEL- PRESUPUESTO N° 13/10/2025 ( RAYOS TOMOGAFO TERAPIA Y MATERNIDAD),000115,,1,N
2025,5138,5103,1,5294,345,2025-10-29 00:00:00,SUM,5021,2025,O,,,,AZCUENAGA- PRESUPUESTO N° 00002-00054249 (FARMACIA),000115,,1,N
2025,5139,5104,1,5334,313,2025-10-29 00:00:00,SUM,5087,2025,O,,,," PREVISION, ATREUCO PUEL S.A",000115,,1,N
2025,5140,5105,1,5295,1876,2025-10-29 00:00:00,SUM,5019,2025,O,,,,MAX CONTINENTAL- PRESUPUESTO N° 0001-0015589 (FARMACIA),000115,,1,N
2025,5141,5106,1,5296,866,2025-10-29 00:00:00,SUM,5014,2025,O,,,,PILOÑA- PRESUPUESTO N° 21/10/2025 (FARMACIA),000115,,1,N
2025,5142,5107,1,5297,1267,2025-10-29 00:00:00,SUM,5063,2025,O,,,,"Soragni Silvia Alejandra ,presupuesto 694 Retro Pala New Holland.",000115,,1,N
2025,5143,5108,1,5298,1235,2025-10-29 00:00:00,SUM,5053,2025,O,,,,"  EXPTE. 3655 CUERPO 1, CAMINOS JOSE",000115,,1,N
2025,5144,5109,1,5300,1235,2025-10-29 00:00:00,SUM,5055,2025,O,,,,"EXPTE 3655/2021 CUERPO 1, CAMINO JOSE",000115,,1,N
2025,5145,5110,1,5301,1235,2025-10-29 00:00:00,SUM,5058,2025,O,,,,"  EXPTE 3655/2021 CUERPO 1,CAMINO JOSE",000115,,1,N
2025,5155,5120,1,5306,285,2025-10-29 00:00:00,SUM,5045,2025,O,,,,RADIOGRAFICAOESTE- PRESUPUESTO N° 100051398 (LABORATORIO DE ANALISIS),000115,,1,N
2025,5156,5121,1,5328,1235,2025-10-29 00:00:00,SUM,5057,2025,O,,,," EXPTE, 3655/2021 CUERPO 1,CAMINO JOSE",000115,,1,N
2025,5157,5122,1,5329,717,2025-10-29 00:00:00,SUM,5067,2025,O,,,,PROVEDURIA LA ILUSION. MARINA IRENE PINILLA. PRESUPUESTO N° 21409 COCINA HSOPITAL. DESDE EL 25/10/2025 AL 01/11/2025.,000115,,1,N
2025,5158,5123,1,5307,57,2025-10-29 00:00:00,SUM,5047,2025,O,,,,IMPRENTA EL ARGENTINO - PRESUPUESTO N° 541 (QUIROFANO),000115,,1,N
2025,5159,5124,1,5330,1259,2025-10-29 00:00:00,SUM,5068,2025,O,,,,"SUC ELETRO DANNUNZIO JORGE NELDO. PRESUPUESTOS Nº 29322,29362. SECTOR EXTERIOR HOSP, TABLERO CENTRAL, SECTOR RAYOS X.",000115,,1,N
2025,5160,5126,1,5331,2421,2025-10-29 00:00:00,SUM,5071,2025,O,,,,CONTRATO OTERMIN CEFERINO GERMAN- OCTUBRE A DICIEMBRE,000115,,1,N
2025,5161,5125,1,5308,87,2025-10-29 00:00:00,SUM,5043,2025,O,,,,DROGUERIA DANA- PRESUPUESTO N° SEPTIEMBRE Y OCTUBRE 2025 (FARMACIA),000115,,1,N
2026,646,648,1,685,1879,2026-02-13 00:00:00,SUM,673,2026,O,,,,"Rodamientos Tuyu, presupuesto 3046 (AE704AX)",000115,,1,N
2026,647,649,1,675,2450,2026-02-13 00:00:00,SUM,675,2026,O,,,,"PRESUPUESTO de Labatut, Marcelo de ""LA FRUTERIA"" enero 2026",000115,,1,N
2026,648,650,1,682,3297,2026-02-13 00:00:00,SUM,670,2026,O,,,,"Frenos Madariaga, presupuesto 093 (AW704AX- OIG911-AF747PM)",000115,,1,N
2026,649,651,1,697,879,2026-02-13 00:00:00,SUM,655,2026,O,,,,CASA HARISGARAT - PRESUPUESTO N° 1-1029 (GUARDIA HOSPITAL),000115,,1,N
2026,650,652,1,679,1995,2026-02-13 00:00:00,SUM,661,2026,O,,,,"Carpinteria San Sebastian, presupuesto 060 (escalera COM)",000115,,1,N
2026,651,653,1,698,879,2026-02-13 00:00:00,SUM,656,2026,O,,,,CASA HARISGARAT - PRESUPUESTO N° 1-1020 (CIC QUINTANILLA),000115,,1,N
2026,652,654,1,694,57,2026-02-13 00:00:00,SUM,632,2026,O,,,,IMPRENTA EL ARGENTINO. IRMA CRISTINA BONOMI. PRESPUESTO Nº 553. DIAGNOSTICO POR IMAGENES.,000115,,1,N
2026,654,656,1,689,413,2026-02-13 00:00:00,SUM,642,2026,O,,,,"PROV.AGUSTIN PASO PRESUP.4031,4041,4039,4036,4033,4027,4017,4009,4007,4005,4002,4047,4050,4048,4052  PARA CAMION XNE244,SOG742,DMI232RFJ13,CII59, FSL723,",000115,,1,N
2026,655,657,1,684,2410,2026-02-18 00:00:00,SUM,672,2026,O,,,,"L.R.B Bogado, presupuesto 1178 (KYV375)",000115,,1,N
2026,656,658,1,681,1259,2026-02-18 00:00:00,SUM,667,2026,O,,,,"Electro Dannunzio, presupuestos 30163 (inspeccion)",000115,,1,N
2026,657,659,1,678,1259,2026-02-18 00:00:00,SUM,682,2026,O,,,,PROV.ELECTRO DANNUNZIO PRESUP.30143 PARA CORRALON MUNICIPAL,000115,,1,N
2026,658,660,1,691,441,2026-02-18 00:00:00,SUM,651,2026,O,,,,ALPA - PRESUPUESTO N° 2-3864 (DIRECCION HOSPITAL),000115,,1,N
2026,660,662,1,687,413,2026-02-18 00:00:00,SUM,669,2026,O,,,,"PRESUPUESTO 4014, PASO AGUSTIN",000115,,1,N
2026,673,675,1,756,3011,2026-02-18 00:00:00,SUM,708,2026,O,,,,PROV. LUCAS NAHUEL SARMIENTO PRESUP.13/02/2026 REPUESTOS PARA MOTONIVELADRA NEW HOLLAND RG 140 CII59,000115,,1,N
2026,674,676,1,719,2069,2026-02-18 00:00:00,SUM,625,2025,O,,,,"PRESUPUESTO de ""CARPINTERIA MUNTION"" Para realización de puerta en la Casita de Chocolate",000115,,1,N
2026,677,679,1,721,879,2026-02-18 00:00:00,SUM,622,2026,O,,,,"PRESUPUESTO N° X 0001-00001021 de Tatano Harisgarat S.R.L. de ""CASA HARISGARAT"" Familia: Rodriguez, Belén Soledad",000115,,1,N
2026,679,683,1,722,413,2026-02-18 00:00:00,SUM,640,2026,A,2026-02-20 00:00:00,ADMINI,,Corresponde presupuesto N° 0001-00004043/000004038/00004029/00004021/00004018/00004015/00004046/00004049/00004053/00004045 PASO AGUSTIN,000115,,1,N
2026,683,685,1,724,2593,2026-02-18 00:00:00,SUM,624,2026,O,,,,"PRESUPUESTO 11247299, BALLETTO URRUTIA JUAN",000115,,1,N
2026,685,687,1,725,879,2026-02-18 00:00:00,SUM,619,2026,O,,,,PROV.CASA HARISGARAT PRESUP.1023 ARTICULOS DE PLOMERIA PARA ARREGLO EN MEDIO AMBIENTE,000115,,1,N
2026,687,690,1,726,2410,2026-02-18 00:00:00,SUM,618,2026,O,,,,"PROV.LEANDRO BOGAD PRESUP.1160,1159,1163,1187,1188,1174,1185 REPARACIONES DE ALTERNADOR E INSTALACIONES ELECTRICAS PARA :DKT498,SVN719,BNA17,FSL723",000115,,1,N
2026,691,693,1,729,300,2026-02-18 00:00:00,SUM,607,2026,O,,,,PROV.SILVIA MAISTEGUI PRESUP.5925 PARA ARREGLOS GENERALES DEFENSA CIVIL,000115,,1,N
2026,694,696,1,735,300,2026-02-18 00:00:00,SUM,687,2026,O,,,,"Todo Color, presupuesto 5944 (mantenimiento general del area)",000115,,1,N
2026,695,697,1,736,300,2026-02-18 00:00:00,SUM,688,2026,O,,,,"Todo Color, presupuesto 5924 (mantenimiento en general del area )",000115,,1,N
2026,697,699,1,737,776,2026-02-18 00:00:00,SUM,689,2026,O,,,,Gomeria V+B presupuestos 0727-0729-0730-0731-0732-0733-0735-0737-0738-0739-0740-0742-0743-0744,000115,,1,N
2026,699,701,1,738,776,2026-02-18 00:00:00,SUM,690,2026,O,,,,"Gomeria V+B, presupuesto 0745-0741",000115,,1,N
2026,703,705,1,759,1527,2026-02-18 00:00:00,SUM,691,2026,O,,,,"Gomeria La Diagonal, presupuesto 0568-0569-0570",000115,,1,N
2026,706,708,1,741,2770,2026-02-18 00:00:00,SUM,692,2026,O,,,,"Systec, presupuesto 0800 (COM)",000115,,1,N
2026,707,709,1,742,2410,2026-02-18 00:00:00,SUM,652,2026,O,,,,PREUSPUESTO N° 1181 - L.R.B  ELECTRICIDAD AUTOMOTOR - ARRANQUE IVECO AB603TW,000115,,1,N
2026,708,710,1,743,441,2026-02-18 00:00:00,SUM,703,2026,O,,,,"Matienzo Paola, presupuesto 00003878",000115,,1,N
2026,710,712,1,744,2701,2026-02-18 00:00:00,SUM,587,2026,O,,,,PRESUPUESTO ALUCOR REMITO N 0880 PRESUPUESTO N 0879 -  PARA ARMADO DE RECONOCIMIENTOS A ENTREGAR A DEPORTISTAS,000115,,1,N
2026,723,725,1,768,57,2026-02-19 00:00:00,SUM,705,2026,O,,,,IMPRENTA EL ARGENTINO - PRESUPUESTO N° 555,000115,,1,N
2026,724,726,1,769,527,2026-02-19 00:00:00,SUM,707,2026,O,,,,SERVIMED - PRESUPUESTO N° 298/26 CAJA INSTRUMENTAL PARA SUTURAS,000115,,1,N
2026,726,728,1,770,413,2026-02-19 00:00:00,SUM,706,2026,A,2026-02-20 00:00:00,ADMINI,,NEUMATICOS PASO - PRESUPUESTO N° 1-4051  VEHICULO DOMINIO AF545GL,000115,,1,N
2026,728,730,1,771,285,2026-02-19 00:00:00,SUM,724,2026,O,,,,PRESUPUESTO 0000100052481 RADIOGRAFICA OESTE,000115,,1,N
2026,730,732,1,772,1810,2026-02-19 00:00:00,SUM,721,2026,O,,,,PRESUPUESTO 000374 CATALDO ADOLFO REPARACION COMPRESOR PLANTA OXIGENO Nº 2,000115,,1,N
2026,731,733,1,773,1810,2026-02-19 00:00:00,SUM,718,2026,A,2026-02-19 00:00:00,ERROR,,PRESUPUESTO 13/02/26 ´PILOÑA,000115,,1,N
2026,733,735,1,774,2595,2026-02-19 00:00:00,SUM,398,2026,O,,,,"Ivanper, presupuesto 7870 (taller del area )",000115,,1,N
2026,735,737,1,775,413,2026-02-19 00:00:00,SUM,666,2026,O,,,,NEUMATICOS PASO - PRESUPUESTO N° 1-4056 VEHICULO AE619QS,000115,,1,N
2025,3044,3044,1,3147,88,2025-05-29 00:00:00,SUM,2947,2025,O,,,,BIOFARMA DISTRIBUCIONES- PRESUPUESTO N° 21/05/2025 (FARMACIA),000115,,1,N
2025,3045,3045,1,3148,3184,2025-05-29 00:00:00,SUM,2948,2025,O,,,,DROGUERIA PERDOMINICI- PRESUPUESTO N° 21/06/2025 (FARMACIA),000115,,1,N
2025,3046,3046,1,3149,57,2025-05-29 00:00:00,SUM,2949,2025,O,,,,EL ARGENTINO- PRESUPUESTO N° 512/513 MATERNIDAD Y GUARDIA,000115,,1,N
2025,3047,3047,1,3116,452,2025-05-29 00:00:00,SUM,2993,2025,O,,,,CORRESPONDE PRESUPUESTO N° 0001-00000583 - ABDO JOSE,000115,,1,N
2025,3048,3048,1,3117,300,2025-05-29 00:00:00,SUM,2945,2025,O,,,,"Expte Nº159/25 PRESUPUESTO Nº 00004620  de Silvia Beatriz Maistegui de ""Pinturería - Ferretería TODO COLOR""Proyecto de Talleres  Programa Envión. Taller de carpintería",000115,,1,N
2025,3049,3049,1,3118,169,2025-05-29 00:00:00,SUM,2952,2025,O,,,,PROV.TERRANOVA QUIMICA PRESUP.0917 PARA FUENTE DE BICENTENARIO,000115,,1,N
2025,3050,3050,1,3119,2663,2025-05-29 00:00:00,SUM,2994,2025,O,,,,ALAIS PHARMA S.A- PRESUPUESTO N° 0001-00016474 (FARMACIA),000115,,1,N
2025,3051,3051,1,3120,1206,2025-05-29 00:00:00,SUM,2995,2025,O,,,,NUCLEO CABA - PRESUPUESTO N° 42-226931(UPS PARA RELOJ FICHADA PERSONAL HOSPITAL),000115,,1,N
2025,3052,3052,1,3123,19,2025-05-29 00:00:00,RESOL,2950,2025,O,,,,Corresponde presupuesto N° 0002-00002647 CIMOS INOCENCIO - DELEGACION MACEDO,000115,,1,N
2025,3053,3053,1,3124,2209,2025-05-29 00:00:00,SUM,296,2025,O,,,,"JAVIER DURANTE, x 0001 00000690, HOGAR ANCIANOS",000115,,1,N
2025,3054,3054,1,3125,2209,2025-05-29 00:00:00,SUM,2971,2025,O,,,,"JAVIER DURANTE, N° PRESUPUESTO X 0001 00000689, COCINA HOSPITAL",000115,,1,N
2025,3055,3055,1,3126,2883,2025-05-29 00:00:00,SUM,2972,2025,O,,,,INSUMOS GENERALES 3F- PRESUPUESTO N° 21/05/2025 FARMACIA,000115,,1,N
2025,3056,3056,1,3127,771,2025-05-29 00:00:00,SUM,2981,2025,O,,,,ALFA CENTAURO- PRESUPUESTO N° 8/05/2025 FARMACIA,000115,,1,N
2025,3419,3411,1,3536,2704,2025-06-19 00:00:00,SUM,3360,2025,O,,,,"Expte N° 253/2025 Addenda Sra. : Ruau, María Carolina Abogada del Equipo de Abordaje a la violencia familiar y de género. No cumple con el Art.45 de la Ley 14.656",000115,,1,N
2025,3422,3414,1,3537,3338,2025-06-19 00:00:00,SUM,3421,2025,O,,,,"Expte N° 253/2025 Addenda Sr.: Saquetti, Pablo Cristián Operador Grupal en el Equipo  de Abordaje a la violencia masculino. No cumple con el Art. 45 de la Ley 14.656",000115,,1,N
2025,3425,3417,1,3538,3440,2025-06-19 00:00:00,SUM,3363,2025,O,,,,"EXpte N° 253/2025 Addenda Sra.: Tolosa, Carolina Paola Trabajadora Social en el Equipo de Abordaje a la violencia familiar y de género. No cumple con el Art. 45 de la Ley 14.656",000115,,1,N
2025,3427,3419,1,3539,2473,2025-06-19 00:00:00,SUM,3364,2025,O,,,,"Expte N° 253/2025 Addenda Sra.: Veron Saavedra, Marianela Victoria Psicóloga en el Equipo de Abordaje a la violencia familiar y de género. No cumple con el Art. 45 de la Ley 14.656",000115,,1,N
2025,3514,3504,1,3625,879,2025-06-30 00:00:00,SUM,3449,2025,O,,,,Exp.:1448/25 Trabajos de Mantenimiento en Defensoria - Prov.:Casa Harisgarat - Presup.:0938,000115,,1,N
2026,109,109,1,93,1809,2026-01-08 00:00:00,PRESU,0,2026,O,,,,"PREVISION DE SEGUROS DE AP Y RC, DE COMPETENCIAS DURANTE EL AÑO,IAM",000000,,1,N
2025,3964,3933,1,4075,2110,2025-07-22 00:00:00,SUM,3869,2025,O,,,,Corresponde presupuesto N° 480- FUMEGA EDUARDO,000115,,1,N
2025,3966,3935,1,4081,171,2025-07-22 00:00:00,SUM,3870,2025,O,,,,"Exp.:1398/25 Ref. Acondicionamiento de Vivienda Familiar de Alma Mía Basualdo - Prov.:El Gallego - Presup.:52894,52895",000115,,1,N
2025,3969,3938,1,4076,1629,2025-07-22 00:00:00,SUM,3863,2025,O,,,,"PRESUPUESTO de ""EXTRAGAS""",000115,,1,N
2025,4051,4019,1,4162,2991,2025-07-29 00:00:00,PRESU,3084,2025,O,,,,"PRESUPUESTO 3084, ALEGRE ALBERTO, EXPTE. 1649/25",000000,,1,N
2025,4054,4022,1,4170,2421,2025-07-29 00:00:00,PRESU,0,2025,O,,,,"CONTRATO DEL 23/07/2025, OTERMIN CEFERINO GERMAN",000000,,1,N
2025,4061,4029,1,4165,850,2025-07-29 00:00:00,PRESU,13262,2025,O,,,,UNO ELECTROMEDICINA- PRESUPUESTO N° 00003-00013262 (LABORATORIO DE ANALISIS),000000,,1,N
2025,4064,4032,1,4166,141,2025-07-29 00:00:00,PRESU,0,2025,A,2025-07-30 00:00:00,ADMINI,,PINTURERIA SAGITARIO S.A- PRESUPUESTO N° 25/06/2025 (PEDIATRIA- CONSULTORIOS),000000,,1,N
2025,4778,4741,1,4900,171,2025-09-23 00:00:00,SUM,4659,2025,O,,,,"Sanchez Juan Alberto ,presupuesto 53491",000115,,1,N
2025,4836,4800,1,4980,1876,2025-09-26 00:00:00,SUM,4705,2025,O,,,,MAX CONTINENTAL- PRESUPUESTO N° 0001-00154022 (FARMACIA),000115,,1,N
2025,4839,4803,1,4981,2578,2025-09-26 00:00:00,SUM,4693,2025,O,,,,PHOYU MARIA ALCIRA- PRESUPUESTO N° 16/09/2025 (QUIROFANO - UTI ) MES DE SEPTIEMBRE,000115,,1,N
2025,4842,4806,1,4982,866,2025-09-26 00:00:00,SUM,4722,2025,O,,,,PILOÑA- PRESUPUESTO N° 23/09/2025 (FARMACIA),000115,,1,N
2025,4843,4807,1,4983,2883,2025-09-26 00:00:00,SUM,4723,2025,O,,,,INSUMOS GENERALES 3 F- PRESUPUESTO N° 15/09/2025 (FARMACIA),000115,,1,N
2026,338,339,1,337,3455,2026-01-19 00:00:00,SUM,322,2026,O,,,,"Expte N° 118/2026 Contrato: Cardozo, Aranza Celeste - Operadora de calle Servicio Local. No cumple con el Art. 45 de la Ley 14.656",000115,,1,N
2025,2814,2814,1,2896,1344,2025-05-19 00:00:00,SUM,2738,2025,O,,,,Exp.:1298/22 Escrituración de Muse Historico - Prov.:Blanco Juan Manuel - Presup.:Contrato,000115,,1,N
2025,2815,2815,1,2897,1344,2025-05-19 00:00:00,SUM,2741,2025,O,,,,Exp.:3292/22 - Polo Tecnologico Gral. Madariaga - Prov.:Blanco Juan Manuel - Presup.:Contrato,000115,,1,N
2025,2816,2816,1,2898,1344,2025-05-19 00:00:00,SUM,2739,2025,O,,,,Exp.:1069/23 Municipios a la Obra - Alem / Venezuela - Prov.:Blanco Juan Manuel - Presup.:Contrato,000115,,1,N
2025,2817,2817,1,2899,3287,2025-05-19 00:00:00,SUM,2716,2025,O,,,,Exp.: - Prov.:Hispanograf - Presup.:1748,000115,,1,N
2025,2818,2818,1,2954,3505,2025-05-19 00:00:00,SUM,2837,2025,O,,,,PREVISION ABRIL A MAYO  DRA MARIA CECILIA BOUQUET. SERVICIO DE GUARDIA PEDIATRICA.,000115,,1,N
2025,2819,2819,1,2942,300,2025-05-19 00:00:00,SUM,2784,2025,O,,,,Exp.:1263/23 Ref: Remodelación de Almacén Paraje Macedo - Prov.:Todo Color - Presup.:04633,000115,,1,N
2025,2821,2820,1,2939,117,2025-05-19 00:00:00,SUM,2707,2025,O,,,,PAPELERA LAS 3 MARIAS - PRESUPUESTO N° 14-232260,000115,,1,N
2025,2822,2822,1,2936,117,2025-05-19 00:00:00,SUM,2704,2025,O,,,,PAPELERA LAS 3 MARIAS - PRESUPUESTO N° 14-232256,000115,,1,N
2025,2823,2823,1,2933,3184,2025-05-19 00:00:00,SUM,2765,2025,O,,,,DROGUERIA PERDOMINICI - PRESUPUESTO S/N FECHA 12/5/25,000115,,1,N
2025,2824,2824,1,2929,1440,2025-05-19 00:00:00,SUM,2761,2025,O,,,,QUALIMED - PRESUPUESTO N° 59-2025,000115,,1,N
2025,2826,2826,1,2927,850,2025-05-19 00:00:00,SUM,2759,2025,O,,,,UNO ELECTROMEDICINA - PRESUPUESTO N° 3-12627,000115,,1,N
2025,2827,2827,1,2924,2377,2025-05-19 00:00:00,SUM,2767,2025,O,,,,Exp.:1811/21 PREIMBA- PROYECTO PARQUE DE LA ESTACIÓN - Prov.:Building Energy SA - Presup.:06/03/25,000115,,1,N
2025,2828,2828,1,2921,612,2025-05-19 00:00:00,SUM,2790,2025,O,,,,"Marzullo Computacion, presupuesto 1259 ( computadora roberto)",000115,,1,N
2025,2829,2829,1,2916,1259,2025-05-19 00:00:00,SUM,2662,2025,O,,,,"Electro Dannunzio, presupuesto 28105-28170 (cambio de luminarias en oficina de patrulla urbana y cria comunal)",000115,,1,N
2025,2834,2831,1,2906,441,2025-05-19 00:00:00,SUM,2793,2025,O,,,,"PROV. PAPELERA ALPA ""Matienzo Paola"". PRESU. N°3617/N°3627- SEC. PRODUCCION-",000115,,1,N
2025,2836,2836,1,2909,3262,2025-05-19 00:00:00,SUM,2776,2025,O,,,,PROV. FGC FUELS MARKET GAS OIL PARA MAQUIANAS DE PREDIO DISPOSICION FINAL RESIDOS RUTA 11,000115,,1,N
2025,2841,2841,1,2913,3287,2025-05-19 00:00:00,SUM,2785,2025,O,,,,HISPANOGRAF       PRESUPUESTO N° 1762,000115,,1,N
2025,2842,2842,1,2949,2110,2025-05-19 00:00:00,SUM,2801,2025,O,,,,"EDUARDO FUMEGA,  PRESUPUESTO N°460",000115,,1,N
2025,2844,2844,1,2950,171,2025-05-19 00:00:00,SUM,2804,2025,O,,,,"Electricidad El Gallego de Juan Alberto Sanchez. Reflectores y tubos liston para mantenimiento Museos y Archivo, Presupuesto N°0052506",000115,,1,N
2025,2846,2846,1,2946,777,2025-05-19 00:00:00,SUM,2806,2025,O,,,,"MP Repuestos, presupuesto 0113 -0110 ( ab038fg-JWG 930)",000115,,1,N
2025,2849,2849,1,2943,3430,2025-05-19 00:00:00,SUM,2817,2025,O,,,,Prov. 3430 Presupuesto 100067/2,000115,,1,N
2025,2850,2850,1,2961,2883,2025-05-19 00:00:00,SUM,2780,2025,O,,,,INSUMOS GENERALES - PRESUPUESTO S/N FECHA 14/5/25,000115,,1,N
2025,2851,2851,1,2962,167,2025-05-19 00:00:00,SUM,2816,2025,O,,,,BUSTAMANTE GONZALO - PRESUPUESTO N° 10403 Y 10405,000115,,1,N
2025,2852,2852,1,2958,717,2025-05-19 00:00:00,SUM,2810,2025,O,,,,PROVEDURIA LA ILUSION - PRESUPUESTO N° 36337,000115,,1,N
2025,2853,2853,1,2955,300,2025-05-19 00:00:00,SUM,2814,2025,O,,,,"PINTURERIA FERRETERIA TODO COLOR - PRESUPUESTO N° 5248 (CERRADURA HAB 13, MENTENIMIENTO CIC, MANTENIMIENTO INODOROS INTERNACION)",000115,,1,N
2025,3087,3087,1,3208,2309,2025-05-30 00:00:00,SUM,3085,2025,O,,,,CORRESPONDE PRESUPUESTO ALUMAN SEBASTIAN - INAUGURACION LUCES ESTADIO,000115,,1,N
2025,3088,3088,1,3207,1101,2025-05-30 00:00:00,SUM,3090,2025,O,,,,CORRESPONDE PRESUPUESTO RUIZ DANIEL - INAUGURACION LUCES ESTADIO,000115,,1,N
2025,3104,3104,1,3209,71,2025-05-30 00:00:00,SUM,3016,2025,O,,,,"PROV.RAUL IRIARTE PRESUP.14574,14591,14576 ARTICULOS DE FERRETERIA PARA CEMENERIO,DEFENSA CIVIL",000115,,1,N
2025,3260,3255,1,3387,2627,2025-06-12 00:00:00,SUM,3216,2025,O,,,,SANTA PAULA - PRESUPUESTO N° 1-2073 Y 1-2074 (COCINA HOSPITAL),000115,,1,N
2025,3262,3257,1,3388,2410,2025-06-12 00:00:00,SUM,3215,2025,O,,,,L. R. B ELECTRICIDAD AUTOMOTOR DEL PESADO - PRESUPUESTO N° 1-1097 DOMINIO: KYV372,000115,,1,N
2025,3267,3262,1,3390,441,2025-06-12 00:00:00,SUM,3213,2025,O,,,,PAPELERA ALPA - PRESUPUESTO N° 2-3654 Y 2-3667,000115,,1,N
2025,3269,3264,1,3391,71,2025-06-12 00:00:00,SUM,3212,2025,O,,,,PROOVEDURIA CAMPO Y CIUDAD - PRESUPUESTO N° 1-14581 Y 1-14593,000115,,1,N
2025,3271,3266,1,3392,71,2025-06-12 00:00:00,SUM,3211,2025,O,,,,PROVEEDURIA CAMPO Y CIUDAD - PRESUPUESTO N° 1-14880,000115,,1,N
2025,3276,3271,1,3393,771,2025-06-12 00:00:00,SUM,3210,2025,O,,,,ALFA CENTAURO S.A- PRESUPUESTO S/N° 2/06/25-  FARMACIA,000115,,1,N
2025,3278,3273,1,3394,1876,2025-06-12 00:00:00,SUM,3209,2025,O,,,,MAX CONTINENTAL- PRESUPUESTO N° 0001-00151181 QUIROFANO,000115,,1,N
2025,3284,3278,1,3395,2410,2025-06-12 00:00:00,SUM,3237,2025,O,,,,"Leandro Ruben Bogado, presupuesto 1088--1089",000115,,1,N
2025,3287,3282,1,3396,2410,2025-06-12 00:00:00,SUM,3236,2025,O,,,,"LEANDRO RUBEN BOGADO, PRESUPUESTO 1101-1099-1091-1093-1094",000115,,1,N
2025,3289,3285,1,3397,1879,2025-06-12 00:00:00,SUM,3235,2025,O,,,,"Rodamientos Tuyu, presupuesto 03006 ( AE331IY- JCH 069)",000115,,1,N
2025,3291,3287,1,3411,2406,2025-06-12 00:00:00,SUM,3201,2025,O,,,,"PRESUPUESTO N° 10014 de Baigorria Martín Miguel Familia: Ruiz, Griselada",000115,,1,N
2025,3931,3900,1,4046,1206,2025-07-18 00:00:00,PRESU,9767,2025,O,,,,"PRESUPUESTO 42-229767, GRUPO NUCLEO",000000,,1,N
2026,339,340,1,338,3034,2026-01-19 00:00:00,SUM,323,2026,O,,,,"Expte N° 118/2026 Contrato: Escobar, Estela - Operadora Territorial Abordaje a la Violencia Familiar y de Género. No cumple con el Art. 45 de la Ley 14.656",000115,,1,N
2026,340,341,1,339,3240,2026-01-19 00:00:00,SUM,325,2026,O,,,,"Expte N° 118/2026 Contrato: Etchart, María Eugenia - Abogada Servicio Local. No cumple con el Art. 45 de la Ley 14.656",000115,,1,N
2026,341,342,1,340,3470,2026-01-19 00:00:00,SUM,326,2026,O,,,,"Expte N° 118/2026 Contrato: Flores Herrero, Martina - Abogada Servicio Local. No cumple con el Art. 45 de la Ley 14.656",000115,,1,N
2026,342,343,1,341,2032,2026-01-19 00:00:00,SUM,327,2026,O,,,,"Expte N° 118/2026 Contrato: Gabito, Cristián Raúl - Abogado en Equipo de Abordaje a la violencian  masculino, coordinador de las intervenciones en vulneración de derechos. No cumple con el Art. 45 de la Ley 14.656",000115,,1,N
2025,5469,5423,1,5626,3332,2025-12-01 00:00:00,SUM,5349,2025,O,,,,"Escape Quiroga, presupuesto 0178 (AE331IY)",000115,,1,N
2025,5470,5424,1,5627,68,2025-12-01 00:00:00,SUM,5350,2025,O,,,,Atmosferico Peyrano (trabajo en comisaria comunal),000115,,1,N
2025,5471,5425,1,5628,2595,2025-12-01 00:00:00,SUM,5353,2025,O,,,,"Ivanper, presupuesto 7452",000115,,1,N
2025,5472,5426,1,5616,300,2025-12-01 00:00:00,SUM,5351,2025,O,,,,"Pintureria Todo Color, presupuesto 5918 (taller del area- mantenimiento)",000115,,1,N
2025,5479,5433,1,5639,416,2025-12-02 00:00:00,SUM,5347,2025,O,,,,EXPEDIENTE 3492/2025 CONTRATO ALQUILER EQUIPOS ALTO FLUJO DEL 1 DE JULIO AL 31 DICIEMBRE 2025,000115,,1,N
2025,5480,5434,1,5640,160,2025-12-02 00:00:00,SUM,5346,2025,O,,,,AGROVET MARZULLO.BROMATOLOGIA Y ZOONOSIS. PRESUPUESTO Nº 0001-00001136.,000115,,1,N
2025,5481,5435,1,5638,2627,2025-12-02 00:00:00,SUM,5345,2025,O,,,,SANTA PAULA- PRESUPUESTO N° 0001-00002150 (COCINA) DESDE EL 26/11 HASTA EL 3/12/2025,000115,,1,N
2025,5509,5463,1,5667,3287,2025-12-09 00:00:00,SUM,5396,2025,O,,,,Corresponde presupuesto N° 1846 AVELLANEDA 7163 S.R.L,000115,,1,N
2025,5510,5464,1,5669,1603,2025-12-09 00:00:00,SUM,5381,2025,O,,,,PANADERIA ALEM GARCIA GLADYS- PRESUPUESTO N° 1342387 (HOSPITAL Y HOGAR) DESDE 30/11 HASTA 30/12/25,000115,,1,N
2025,5511,5465,1,5670,1440,2025-12-09 00:00:00,SUM,5369,2025,O,,,,QUALIMED S.A- PRESUPUESTO N° 84 (FARMACIA),000115,,1,N
2025,5512,5466,1,5671,160,2025-12-09 00:00:00,SUM,5385,2025,O,,,,"AGROVET MARZULLO. PRESUPUESTO Nº 0001-00001143, 0001-00001142..BROMATOLOGIA Y ZOONOSIS.",000115,,1,N
2025,5513,5467,1,5672,160,2025-12-09 00:00:00,SUM,5386,2025,O,,,,AGROVET MARZULLO. PRESUPUESTO Nº 0001-00001141.BROMATOLOGIA Y ZOONOSIS.,000115,,1,N
2025,5515,5470,1,5677,160,2025-12-10 00:00:00,SUM,5388,2025,O,,,,AGROVET MARZULLO. PRESUPUESTO Nº 0001-00001145.BROMATOLOGIA Y ZOONOSIS.,000115,,1,N
2025,5516,5471,1,5678,395,2025-12-10 00:00:00,SUM,5388,2025,O,,,,LABORATORIO BIOQUIMICO MAR DEL PLATA S.A - PRESUPUESTO S/N° PRACTICAS DE LABORATORIO DE ALTA COMPLEJIDAD REALIZADAS EN EL MES DE NOVIEMBRE 2025,000115,,1,N
2025,5517,5472,1,5679,2302,2025-12-10 00:00:00,SUM,5397,2025,O,,,,DGM PRESUPUESTO 11107  TONER PARA DIEFERENTES IMPRESORAS DEL HOSPITAL,000115,,1,N
2025,5518,5473,1,5680,850,2025-12-10 00:00:00,SUM,5394,2025,O,,,,PRESUUESTO 17578 JG ELECTROMEDICINA,000115,,1,N
2025,3517,3507,1,3626,3038,2025-06-30 00:00:00,SUM,3446,2025,O,,,,Exp.:1448/25 Trabajos de Mantenimiento en Defensoria - Prov.:Fatima Diaz - Presup.:Contrato,000115,,1,N
2025,3518,3508,1,3627,879,2025-06-30 00:00:00,SUM,3429,2025,O,,,,Exp.:1811/21 PREIMBA- PROYECTO PARQUE DE LA ESTACIÓN - Prov.:Casa Harisgarat - Presup.:981;982,000115,,1,N
2025,3520,3510,1,3628,612,2025-06-30 00:00:00,SUM,3423,2025,O,,,,Prov.:Marzullo Computacion - Presup.:01275,000115,,1,N
2025,3523,3513,1,3629,3296,2025-06-30 00:00:00,SUM,3412,2025,O,,,,Exp.:95/25 Reparación en General del Centro Civico  - Prov.:Pintureria Concepto - Presup.:02328,000115,,1,N
2025,3531,3522,1,3656,71,2025-06-30 00:00:00,SUM,3455,2025,O,,,,"PROV.RAUL IRIARTE PRESUP.14864,14860,14857,14877,14885 HERRAMIENTAS DE TRABAJO PARA VIVERO MUNICIPAL , BOTAS PARA 2 EMPLEADO DEL VIVERO",000115,,1,N
2025,3533,3523,1,3646,879,2025-06-30 00:00:00,SUM,3492,2025,O,,,,"PROV. CASA HARISGARAT ""Tatano Harisgarat SRL"". PRESU. N°0001-00001172- SEC. PRODUCCION- SIP",000115,,1,N
2025,3536,3527,1,3647,71,2025-06-30 00:00:00,SUM,3500,2025,O,,,,"PROV. PROVEEDURIA CAMPO Y CIUDAD ""Iriarte Raul Alberto"". PRESU. N°14886- SEC. PRODUCCION- MERC. CONC",000115,,1,N
2025,3771,3741,1,3895,3339,2025-07-11 00:00:00,SUM,3061,2025,O,,,,LA MARCA CARNES - PRESUPUESTOS S/N FECHA 9/1/25 Y 30/1/25 (COCINA HOSPITAL),000115,,1,N
2025,3772,3742,1,3896,3339,2025-07-11 00:00:00,SUM,3101,2025,O,,,,LA MARCA CARNES- PRESUPUESTO N° 11/04/2025 COCINA,000115,,1,N
2025,3774,3744,1,3897,3339,2025-07-11 00:00:00,SUM,3072,2025,O,,,,LA MARCA CARNES - PRESUPUESTO S/N FECHA 2/5/25 (COCINA HOSPITAL),000115,,1,N
2025,3776,3746,1,3873,71,2025-07-11 00:00:00,SUM,3675,2025,O,,,,"PRESUPUESTO N° 0001-00014868/14871 de Raúl Alberto Iriarte de ""PROVEDURIA Campo y Ciudad"" Para la bloquera",000115,,1,N
2025,3778,3748,1,3874,335,2025-07-11 00:00:00,SUM,3679,2025,O,,,,"PRESUPUESTO de María Cristina Uthurburu de ""CASA MEOQUI"" Sra. Russo, Antonia María fallecida el 23 de junio 2025 DNI F 3.660.342",000115,,1,N
2025,3781,3751,1,3875,2747,2025-07-11 00:00:00,SUM,3690,2025,O,,,,PROV. MINERATANDIL PRESUP.7/7/25 ESTABILIZADO 030 POLVO DE PIDRA PARA ARRGLOS DE CALLES EN EL BARRIO SAN MARTIN A,000115,,1,N
2025,3784,3754,1,3876,1259,2025-07-11 00:00:00,SUM,3689,2025,O,,,,PROV.ELECTRO DANNUNZIO PRESUP.28597 PARA OFICINA CEMENTERIO,000115,,1,N
2025,3810,3780,1,3921,3316,2025-07-14 00:00:00,SUM,3764,2025,O,,,,San Marcos S.A- Hotel Scala Bs As,000115,,1,N
2025,4039,4006,1,4158,3395,2025-07-28 00:00:00,SUM,3942,2025,O,,,,PROV.BATERIA EL PELA  PRESUP.4712 BATERIA PARA FORD RANGER FSL723 Y PALA CARGADORA MUSTASNG BMV14,000115,,1,N
2025,4040,4008,1,4155,2110,2025-07-28 00:00:00,SUM,3884,2025,O,,,,EDUARDO FUMEGA- PRESUPUESTO N° 476 (HOGAR DE ANCIANOS),000115,,1,N
2025,4042,4010,1,4151,216,2025-07-28 00:00:00,SUM,3952,2025,O,,,,FAE- PRESUPUESTO N° 4921527 (OFFICE DE MUCAMAS),000115,,1,N
2025,4052,4020,1,4164,3357,2025-07-29 00:00:00,SUM,3986,2025,O,,,,"Hobaica David,festejos por el Día de las Infancias.Expte. 1649/25",000115,,1,N
2025,4073,4040,1,4200,441,2025-07-30 00:00:00,SUM,3981,2025,O,,,,Alpa Madariaga - Matienzo Paola Amelia - Presup 3730 - Materiales oficina,000115,,1,N
2025,4074,4041,1,4199,441,2025-07-30 00:00:00,SUM,3982,2025,O,,,,"Copia de 2025/3893 PROV. PAPELERA ALPA ""Matienzo Paola"". PRESU. N°3719/N°3721/N°3725- SEC. PRODUCCION-",000115,,1,N
2025,4075,4042,1,4198,2843,2025-07-30 00:00:00,SUM,3977,2025,O,,,,"Presupuesto N° 7848547 Fruteria ""EL NEGRIN "" de Rost Tamara para Programa DIABETICOS.",000115,,1,N
2025,4076,4044,1,4196,441,2025-07-30 00:00:00,SUM,3987,2025,O,,,,"Alpa, presupuestos 37123699",000115,,1,N
2025,4090,4057,1,4197,300,2025-07-30 00:00:00,SUM,3989,2025,O,,,,"Pintureria Todo Color, presupuesto 5531",000115,,1,N
2025,4646,4610,1,4792,1857,2025-09-11 00:00:00,SUM,4575,2025,O,,,,Prov. 1857 Abad.Expte N° 2473/25 Día del Maestro,000115,,1,N
2025,4844,4808,1,4984,3297,2025-09-26 00:00:00,SUM,4700,2025,O,,,,"PROV.FRENOS MADARIAGA PRESUP.061,079 REPUESTOS PARA  FORD F100 SNG651, FORD RANGER KYV355",000115,,1,N
2025,4845,4809,1,4985,2675,2025-09-26 00:00:00,SUM,4701,2025,O,,,,"PROV. CAROLINA NOWE PRESUP.0617  REPUESTOS PARA  FORD 14000 DMI232, IVECO OOI617, FORD 14000 SOG742 IVECO PJY978",000115,,1,N
2025,4846,4810,1,4986,2146,2025-09-26 00:00:00,SUM,4720,2025,O,,,,"PRESUPUESTO 000, QUILINDRO MARTIN",000115,,1,N
2025,4848,4812,1,4989,3452,2025-09-26 00:00:00,SUM,4727,2025,O,,,,"Presupuesto N° 002147 Panaderia y Confiteria ""LA UNION"" de Carlos Alberto Ocha para Programa ESFUERZO SOLIDARIO.AGOSTO 2025.",000115,,1,N
2025,4849,4813,1,4990,158,2025-09-26 00:00:00,SUM,4748,2025,O,,,,FARMACIA SOTO-  PRESUPUESTO N° 913 MEDICAMENTOS DISPENSADOS DESDE EL 26/08/25 HASTA EL 20/09/2025,000115,,1,N
2025,4850,4814,1,4991,2001,2025-09-26 00:00:00,SUM,4750,2025,O,,,,FARMACIA TONANI-   PRESUPUESTO S/N° MEDICAMENTOS DISPENSADOS DESDE EL 5/09/25 HASTA EL 20/09/2025,000115,,1,N
2025,4851,4815,1,4992,708,2025-09-26 00:00:00,SUM,4747,2025,O,,,,"PRESUPUESTOP 1991420404, SANCOR SEGUROS",000115,,1,N
2025,4852,4816,1,4993,300,2025-09-26 00:00:00,SUM,4752,2025,O,,,,"Todo Color, presupuesto 5544 ( taller del com)",000115,,1,N
2025,4853,4817,1,4994,2958,2025-09-26 00:00:00,SUM,4753,2025,O,,,,AVICOLA DEL TUYU DE VICTOR ANDERS- PRESUPUESTO N° 0008-00003453/3454 ( COCINA Y HOGAR DE ANCIANOS),000115,,1,N
2025,4854,4818,1,4995,3287,2025-09-26 00:00:00,SUM,4756,2025,O,,,,"Avellaneda 7163 S.R.l., presupuesto 1837",000115,,1,N
2026,110,110,1,94,1809,2026-01-08 00:00:00,PRESU,19669,2026,O,,,,"POLIZA 19669, IAM",000000,,1,N
2026,232,232,1,215,3287,2026-01-14 00:00:00,SUM,114,2026,O,,,,Presupuesto  1851 .Avellaneda 7163,000115,,1,N
2026,238,237,1,218,2369,2026-01-14 00:00:00,SUM,189,2026,O,,,,"PROV. MERCEDES LA PLATA PRESUP.186855 REPUESTOS PARA  LAN557, IVW614, DMI232,",000115,,1,N
2026,240,241,1,219,2369,2026-01-14 00:00:00,SUM,206,2026,O,,,,"PROV.MERCEDES LA PLATA PRESUP.186856 REPUESTOS PARA VW LED010 JZH266, FORD 14000ASZ490 LAN557, DMI232",000115,,1,N
2026,242,242,1,220,3356,2026-01-14 00:00:00,SUM,192,2026,O,,,,PEREZ JORGE- PRESUPUESTO N° 282184 (DESDE EL 1/12/25 AL 8/12/25),000115,,1,N
2026,251,251,1,221,3356,2026-01-14 00:00:00,SUM,201,2026,O,,,,PEREZ JORGE- PRESUPUESTO N° 282192 (COCINA) DESDE 15/12/25 AL 22/12/25,000115,,1,N
2026,252,252,1,222,3287,2026-01-14 00:00:00,SUM,202,2026,A,2026-01-15 00:00:00,ADMINI,,HISPANOGRAF- PRESUPUESTO N° 1849 (BROMATOLOGIA),000115,,1,N
2026,254,254,1,255,1823,2026-01-14 00:00:00,SUM,24,2026,O,,,,"Aadi Capif ACR, previsión",000115,,1,N
2026,343,344,1,342,3438,2026-01-19 00:00:00,SUM,329,2026,O,,,,"Expte N° 118/2026 Contrato: Golart, Noelia Belén - Psicóloga Servicio Local. No cumple con el Art. 45 de la Ley 14.656",000115,,1,N
2026,344,345,1,343,3516,2026-01-19 00:00:00,SUM,330,2026,O,,,,"Expte N° 118/2026 Contrato: Lopéz, Luis Miguel - Barbero Programa Envión. No cumple con el Art. 45 de la Ley 14.656",000115,,1,N
2026,345,346,1,344,3453,2026-01-19 00:00:00,SUM,331,2026,O,,,,"Expte N° 118/2026 Contrato: Lorente, Ana Victoria . Trabajadora Social Servicio Local. No cumple con el Art. 45 de la Ley 14.656",000115,,1,N
2025,4118,4085,1,4240,3356,2025-08-04 00:00:00,SUM,4028,2025,O,,,,PEREZ JORGE- PRESUPUESTO N° 282170  (COCINA DEL HOSPITAL),000115,,1,N
2025,3024,3024,1,3122,3365,2025-05-28 00:00:00,SUM,2987,2025,O,,,,"Casa Beato, presupuesto (camperas para el personal de transito, tecnica y mantenimiento)",000115,,1,N
2025,3342,3335,1,3455,1206,2025-06-17 00:00:00,PRESU,452569,2025,O,,,,"Grupo Nucleo, presupuesto 452569 (computadora para Inspeccion)",000000,,1,N
2025,3343,3336,1,3456,803,2025-06-17 00:00:00,PRESU,483,2025,O,,,,"Bluecar, presupuesto 0483 (aceite que sera utilizado en el taller para los vehiculos de la secretaria y policiales)",000000,,1,N
2025,3345,3338,1,3457,1514,2025-06-17 00:00:00,PRESU,0,2025,O,,,,PROV. CASA ELICEIRY GAS OIL PARA MAQUINAS Y VEHICULOS DE ESTA SECRETARIA,000000,,1,N
2025,3347,3340,1,3474,1994,2025-06-17 00:00:00,PRESU,0,2025,O,,,,PREVISION ANDINA 1923 S.A,000000,,1,N
2025,4117,4084,1,4227,3287,2025-08-04 00:00:00,PRESU,0,2025,O,,,,Exp. 757/25 Alem - Venezuela - Trab. cordon cuneta - bacheo- pluviales - Prov.:Hispanograf - Presup..1817,000000,,1,N
2025,4119,4086,1,4237,2208,2025-08-04 00:00:00,SUM,4023,2025,O,,,,"Martín Lombardi ,presupuesto 387",000115,,1,N
2025,4120,4087,1,4234,68,2025-08-04 00:00:00,SUM,4027,2025,O,,,,"Atmosferico La Primera, (trabajo realizado en destacamento de Macedo)",000115,,1,N
2025,4121,4088,1,4231,1879,2025-08-04 00:00:00,SUM,4017,2025,O,,,,PROV.DANIEL ZUBIARRAIN PRESUP.3020 REPUESTO PARA FORD F100 SNG651,000115,,1,N
2025,4122,4089,1,4228,3287,2025-08-04 00:00:00,SUM,4006,2025,O,,,,"HISPANOGRAF   PRESUPUESTO N° 1815, 1816 Y 1818",000115,,1,N
2025,4139,4106,1,4261,2299,2025-08-06 00:00:00,SUM,4115,2025,O,,,,Scigliano Diego Expte 2343/2025 Visita  Unión  Industrial Argentina,000115,,1,N
2025,5519,5474,1,5681,2595,2025-12-10 00:00:00,SUM,5383,2025,O,,,,PROV.IVAN PERICO PRESUP.7603 REPUESTOS  PARA FORD 14000 AWK675,000115,,1,N
2025,5520,5475,1,5682,2595,2025-12-10 00:00:00,SUM,5384,2025,O,,,,PROV. IVAN PERICO PRESUP.7593 REPUESTOS PARA MERCEDES BENZ 1114 TGL082,000115,,1,N
2025,5521,5476,1,5683,90,2025-12-10 00:00:00,SUM,5414,2025,O,,,,"Lo coco Marcelo Alejandro,presupuesto 00000034",000115,,1,N
2025,5522,5478,1,5685,1514,2025-12-10 00:00:00,SUM,5421,2025,O,,,,"PRESUPUESTO 000,CASA ELICEYRI,12/12",000115,,1,N
2025,5524,5479,1,5684,1514,2025-12-10 00:00:00,SUM,5422,2025,O,,,,"PRESUPUESTO 000, CASA ELICEYRI,12/12",000115,,1,N
2025,5526,5481,1,5693,1603,2025-12-11 00:00:00,SUM,5407,2025,O,,,,"PRESUPESTO N° X 13342388 de Garcia, Gladys Mabel de ""PANADERIA ALEM"" Esfuerzo Solidario 2025",000115,,1,N
2025,5527,5482,1,5688,3452,2025-12-11 00:00:00,SUM,5412,2025,O,,,,"PRESUPUESTO N° 00002401de Carlos Alberto Ochoa de ""PANADERIA Y CONFITERIA LA UNION"" Esfuerzo Solidario octubre 2025",000115,,1,N
2025,5528,5483,1,5694,2001,2025-12-11 00:00:00,SUM,5395,2025,O,,,,FARMACIA TONANI- PRESUPUESTO S/N° MEDICAMENTOS DISPENSADOS DESDE 27/10/25 HATA EL 29/11/2025,000115,,1,N
2025,5553,5508,1,5676,3287,2025-12-15 00:00:00,PRESU,1845,2025,O,,,,"PRESUPUESTO N° 1845 de ""HISPANOGRAF"" Vale x 1 kg de Pan",000000,,1,N
2025,5554,5510,1,5718,216,2025-12-16 00:00:00,PRESU,3397702,2025,O,,,,"PRESUPUESTO 3397702, TALLER PROT FAE",000000,,1,N
2025,5555,5511,1,5719,3287,2025-12-16 00:00:00,PRESU,1847,2025,O,,,,PRESUPUESTO N°1847 - HISPANOGRAF / CARTELES PARA EL PREDIO DEL POLIDEPORTIVO MUNICIPAL Y CANCHA,000000,,1,N
2025,5562,5518,1,5729,1530,2025-12-17 00:00:00,PRESU,2900105,2025,O,,,,"PRESUPUESTO 29001055, TOMAS ELORRIAGA E HIJOS",000000,,1,N
2025,5567,5523,1,5700,1440,2025-12-22 00:00:00,PRESU,85,2025,O,,,,QUALIMED S.A- PRESUPUESTO N° 85 (FARMACIA),000000,,1,N
2026,264,264,1,266,1603,2026-01-15 00:00:00,SUM,223,2026,O,,,,"PRESUPUESTO N° X 1342391 de Garcia Gladys de ""Panadería Alem""",000115,,1,N
2026,376,378,1,395,688,2026-01-21 00:00:00,SUM,389,2026,O,,,,Corresponde presupuesto N° 06937/06957/06961/06968- RAMOS E ISIDRO,000115,,1,N
2026,377,379,1,396,68,2026-01-21 00:00:00,SUM,392,2026,O,,,,"PRESUPUESTO N° X 7390243 de Peyrano, Sergio de ""ATMOSFERICO LA PRIMERA""",000115,,1,N
2026,379,383,1,399,1810,2026-01-21 00:00:00,SUM,411,2026,O,,,,"PRESUPUESTO 377, CATALDO ADOLFO E HIJO",000115,,1,N
2026,381,384,1,400,826,2026-01-21 00:00:00,SUM,388,2026,O,,,,PROV.DUENDE AZUL PRESUP.2639 COMISION A LA PLATA (REPUESTOS),000115,,1,N
2026,382,385,1,401,1334,2026-01-21 00:00:00,SUM,393,2026,O,,,,PROV.TRACKMAR PRESUP.807298 CUCHILLAS PARA MOTONIVELADORA NEW HOLLAND CII59 Y VOLVO G710,000115,,1,N
2026,383,386,1,402,1825,2026-01-21 00:00:00,SUM,374,2026,O,,,,"Expte N° 119/2026 Contrato: Anrríquez, Gustavo Oscar - Trabajador Social, No cumple con el Art. 45 de la Ley 14.656",000115,,1,N
2026,384,387,1,403,3226,2026-01-21 00:00:00,SUM,390,2026,O,,,,"PRESUPUESTO N° 00000619 de Héctor Aníbal Curto de ""ELECTRO HD"" Para la oficina de Desarrollo Social",000115,,1,N
2026,385,388,1,404,1879,2026-01-21 00:00:00,SUM,395,2026,O,,,,"Rodamietos Tuyu, presupuesto 3040 (KYV375)",000115,,1,N
2026,386,389,1,405,441,2026-01-21 00:00:00,SUM,396,2026,O,,,,"Papelera Alpa, presupuesto 3842 ( Inspeccion)",000115,,1,N
2026,387,390,1,406,2595,2026-01-21 00:00:00,SUM,397,2026,O,,,,"Ivanper, presupuesto 7889 (KYV375-NUF386-AE704AX)",000115,,1,N
2026,388,391,1,407,1514,2026-01-21 00:00:00,SUM,403,2026,O,,,,PROV. CASA ELICEIRY  GAS OIL PARA FLOTA VEHICULAR DE ESTA SECRETARIA,000115,,1,N
2026,393,396,1,408,1514,2026-01-21 00:00:00,SUM,405,2026,O,,,,Corresponde CASA ELICEIRY - Pedido 20/01/2026,000115,,1,N
2026,394,397,1,409,1514,2026-01-21 00:00:00,SUM,404,2025,A,2026-01-23 00:00:00,ADMINI,,PROV. CASA ELICEIRY GAS OIL PARA  MAQUIANAS DE PREDIO DISPOSICION FINAL DE RESIDUSO RUTA 11 KM 405.5,000115,,1,N
2026,395,398,1,410,1267,2026-01-21 00:00:00,SUM,406,2026,O,,,,"PRESUPUESTO 600, SORAGNI SILVIA ALEJANDRA",000115,,1,N
2026,396,399,1,411,33,2026-01-21 00:00:00,SUM,402,2026,O,,,,"RENOVACION POLIZA, PCIA SEGUROS(33), POLIZA 172779",000115,,1,N
2026,397,400,1,412,1809,2026-01-21 00:00:00,SUM,401,2025,O,,,,"RENOVACION POLIZA AP PATIN, IAM(1809),POLIZA 19691",000115,,1,N
2026,398,401,1,413,2883,2026-01-21 00:00:00,SUM,382,2026,O,,,,INSUMOS GENERALES 3F- PRESUPUESTO N° 7/01/26 Y 14/01/26,000115,,1,N
2026,410,413,1,428,1259,2026-01-23 00:00:00,SUM,414,2026,O,,,,Corresponde presupuesto N° 00029975/00029992 - ELECTRO DANNUNZIO,000115,,1,N
2026,411,414,1,429,1267,2026-01-23 00:00:00,SUM,413,2026,O,,,,"PROV.SILVIA SORAGNI PRESUP.601 REPUESTOS PARA PALA SDLG CII58, DMI232,LED010",000115,,1,N
2026,412,415,1,436,33,2026-01-23 00:00:00,SUM,437,2026,O,,,,"RENOVACION DE POLIZA, PCIA SEGUROS(33)",000115,,1,N
2026,413,416,1,437,688,2026-01-23 00:00:00,SUM,169,2026,O,,,,PROV.BATERIAS LA PRIMERA S.H- RAMOS OSVALDO R. Y ISIDRO JUAN C.. PRES. N°6970/ N°6971- SEC. PRODUCCION,000115,,1,N
2026,414,417,1,441,688,2026-01-23 00:00:00,SUM,400,2026,O,,,,"BATERIAS LA PRIMERA S.H. PRESUPUESTOS Nº 6943,6966.AMBULANCIAS AA 775 QW, AE 619 QS.",000115,,1,N
2026,415,418,1,442,1586,2026-01-23 00:00:00,SUM,410,2026,A,2026-02-02 00:00:00,ADMINI,,"PRESUPUESTO N° 0130-00000090 de ""HENDEL"" Para el taller de peluquería",000115,,1,N
