EJERCICIO,DELEG_SOLIC,NRO_SOLIC,NRO_COTI,COD_PROV,NRO_ADJUDIC,ITEM_REAL,NRO_ALTER,DESCRIPCION,COSTO_UNITARIO,ESPEC_TEC,CANTIDAD,CANT_ADJ,CANT_COTI,OBSERVACIONES,NRO_LLAMADO,PRECIO_MAXIMO
2026,1,588,556,3165,553,16,0,ANESTESICO LOCAL - LIDOCAINA JALEA  2 % 25 ML,3737.8,C,30.0,30.0,30.0,,1,0.0
2026,1,588,556,3165,553,17,0,VITAMINA - COMPLEJO B1 B6 NOVARIUM,164.5,C,1000.0,1000.0,1000.0,,1,0.0
2026,1,588,556,3165,553,18,0,ANTIBIOTICOS - TRIMETROPRIMA+ SULFAMETOXAZOL  AMPOLLLAS 5 ML,9130.0,C,6.0,6.0,6.0,,1,0.0
2026,1,588,556,3165,553,19,0,ANTIPSICOTICO - ZUCLOPENTIXOL 200 MG/ML AMP,98799.0,C,1.0,1.0,1.0,,1,0.0
2026,1,588,556,3165,553,20,0,LECHE MATERNIZADA - VITAL INFANTIL POUCH 1 KG,32311.54,C,15.0,15.0,15.0,,1,0.0
2026,1,588,556,3165,553,21,0,VITAMINA - BECOZYM AMPOLLA - PRESENTACION 2 ML.,3688.0,C,96.0,96.0,96.0,,1,0.0
2026,1,585,559,1078,556,1,0,TRABAJOS DE ELECTRICIDAD - CAMBIAR FUSIBLES  NH EN PLANTA DE OXIGENO,50000.0,C,1.0,1.0,1.0,,1,0.0
2026,1,80,81,167,81,1,0,POLLO - PATA Y MUSLO KG,6500.0,C,19.65,19.65,19.65,,1,0.0
2026,1,80,81,167,81,2,0,POLLO -  PECHUGA KG,11500.0,C,8.9,8.9,8.9,,1,0.0
2026,1,80,81,167,81,3,0,POLLO - HAMBURGUESA DE POLLO KG,10500.0,C,9.0,9.0,9.0,,1,0.0
2026,1,81,93,17,93,1,0,CAJA DE ENGRANAJE P/MOTOGUADAÑA - CAJA DE ENGRANAJE P/MOTOGUADAÑA (Genérico),70000.0,C,1.0,1.0,1.0,,1,0.0
2026,1,81,93,17,93,2,0,CABEZALES HUSQVARNA - CABEZALES HUSQVARNA  (Genérico): 25/4.,16000.0,C,1.0,1.0,1.0,,1,0.0
2026,1,81,93,17,93,3,0,ARTICLOS DE FERRETERIA - ARTICLOS DE FERRETERIA (Genérico): BUJIAS.,7000.0,C,2.0,2.0,2.0,,1,0.0
2026,1,81,93,17,93,4,0,GRASA P/LUBRICACION - GRASA P/LUBRICACION (GENERICO),18000.0,C,1.0,1.0,1.0,,1,0.0
2026,1,81,93,17,93,5,0,ROLLO DE TANZA - ROLLO DE TANZA (Genérico): CARRETEL TANZA 9-12.,45000.0,C,1.0,1.0,1.0,,1,0.0
2026,1,82,94,71,94,1,0,ARTICLOS DE FERRETERIA - ARTICLOS DE FERRETERIA (Genérico): CUARTA X  6 MTS.,65000.0,C,1.0,1.0,1.0,,1,0.0
2026,1,82,94,71,94,2,0,GRILLETE - GRILLETE (GENERICO),12000.0,C,2.0,2.0,2.0,,1,0.0
2026,1,82,94,71,94,3,0,"BULON - BULON (GENERICO): 8 X 1,25X 20.",400.0,C,8.0,8.0,8.0,,1,0.0
2026,1,82,94,71,94,4,0,LUBRICANTE EN AEROSOL - LUBRICANTE EN AEROSOL (Genérico): MULTIUSO.,6000.0,C,1.0,1.0,1.0,,1,0.0
2026,1,82,94,71,94,5,0,DISCO FLAPP - DISCO FLAPP (Genérico),3500.0,C,1.0,1.0,1.0,,1,0.0
2026,1,82,94,71,94,6,0,DISCO DE CORTE - DISCO DE CORTE (Genérico),2200.0,C,1.0,1.0,1.0,,1,0.0
2026,1,82,94,71,94,7,0,ALAMBRE DE FARDO - ALAMBRE DE FARDO (GENERICO),7500.0,C,1.0,1.0,1.0,,1,0.0
2026,1,83,97,717,97,1,0,FLAN - FLAN (GENERICO): ORLOC VAINILLA X KG.,10400.0,C,5.0,5.0,5.0,,1,0.0
2026,1,83,97,717,97,2,0,GELATINA - TIPO COMUN - PESO 1 KG. - SABOR FRUTILLA - ENVASE BOLSA,11200.0,C,5.0,5.0,5.0,,1,0.0
2026,1,83,97,717,97,3,0,GELATINA - TIPO DIETETICA - PESO 1 KG. - SABOR VARIOS - ENVASE BOLSA.,11760.0,C,1.0,1.0,1.0,,1,0.0
2026,1,83,97,717,97,4,0,GELATINA - GELATINA (GENERICO): SIN SABOR.,12800.0,C,1.0,1.0,1.0,,1,0.0
2026,1,83,97,717,97,5,0,JUGO - TIPO TANG EN POLVO PARA PREPARAR - ENVASE CAJA - CAPACIDAD X 20 SOBRES,8000.0,C,1.0,1.0,1.0,,1,0.0
2026,1,83,97,717,97,6,0,Alimentos para persomas - Alimentos para persomas (Genérico): TURRON MANI X 50.,19500.0,C,1.0,1.0,1.0,,1,0.0
2026,1,107,104,101,104,1,0,PILETA PELOPINCHO 1075 - PILETA PELOPINCHO 1075 (Genérico) PILETA PELOCHINCHO 450 X 210 X 080 DE 7600 LTS,538400.0,C,1.0,1.0,1.0,,1,0.0
2026,1,218,237,2369,238,2,0,"TUERCA - TIPO AUTOFREN.C/ANILLO NYLON - MATERIAL ACERO TEMP.DORADO PASIV. - ROSCA UNF - DIAMETRO 1"".",70543.0847,C,1.0,1.0,1.0,,1,0.0
2026,1,218,237,2369,238,3,0,"TUERCA - MATERIAL HIERRO GALV. CON EPOXI - ROSCA WHT - DIAMETRO 1"".",41926.5,C,1.0,1.0,1.0,,1,0.0
2026,1,218,237,2369,238,4,0,RETEN P/AUTOMOTOR Y MAQ.VIAL - MARCA FIAT - DESTINO DIFERENCIAL - MODELO 147/FIORINO.,13612.5,C,1.0,1.0,1.0,,1,0.0
2026,1,218,237,2369,238,5,0,CRUCETA P/AUTOMOTOR - CRUCETA P/AUTOMOTOR (GENERICO),73038.8549,C,1.0,1.0,1.0,,1,0.0
2026,1,218,237,2369,238,6,0,RULEMAN - RULEMAN (GENERICO),134164.8,C,1.0,1.0,1.0,,1,0.0
2026,1,218,237,2369,238,7,0,RULEMAN - CARACTERISTICA DE EMPUJE,169666.2,C,1.0,1.0,1.0,,1,0.0
2026,1,218,237,2369,238,8,0,CASOLETA CON RULEMAN - MARCA MERCEDES BENZ,192099.6,C,1.0,1.0,1.0,,1,0.0
2026,1,218,237,2369,238,9,0,HORQUILLA P/CAMIONETA - HORQUILLA P/CAMIONETA (GENERICO),99948.42,C,1.0,1.0,1.0,,1,0.0
2026,1,218,237,2369,238,10,0,BUJE DE BIELA - BUJE DE BIELA (Genérico),66973.5,C,1.0,1.0,1.0,,1,0.0
2026,1,218,237,2369,238,11,0,"REPUESTOS P/ CAMION - REPUESTOS P/ CAMION (Genérico) BRIDA
",28096.2,C,1.0,1.0,1.0,,1,0.0
2026,1,218,237,2369,238,12,0,RETEN P/AUTOMOTOR Y MAQ.VIAL - DESTINO DIFERENCIAL - MODELO RASTROJERO.,5989.5,C,1.0,1.0,1.0,,1,0.0
2026,1,218,237,2369,238,13,0,FLEXIBLE DE ACEITE - FLEXIBLE DE ACEITE (GENERICO),73834.2,C,2.0,2.0,2.0,,1,0.0
2026,1,218,237,2369,238,14,0,ARBOL DE LEVA - ARBOL DE LEVA (Genérico),107484.3,C,1.0,1.0,1.0,,1,0.0
2026,1,218,237,2369,238,15,0,REPUESTO P/AIRE ACONDIC. - REPUESTO TERMOSTATOCm - MARCA ROBERTSHAW - MODELO RC 32625.,387684.0,C,1.0,1.0,1.0,,1,0.0
2026,1,219,241,2369,240,1,0,DIFERENCIAL P/TRACTOR 22 HP. - DIFERENCIAL P/TRACTOR 22 HP. (Genérico),21562.2,C,1.0,1.0,1.0,,1,0.0
2026,1,219,241,2369,240,2,0,ABRAZADERA P/AUTOMOTOR - ABRAZADERA P/AUTOMOTOR (GENERICO),76012.2,C,2.0,2.0,2.0,,1,0.0
2026,1,219,241,2369,240,3,0,PIÑON DE TRANSMISION - PIÑON DE TRANSMISION (Genérico),389426.4,C,1.0,1.0,1.0,,1,0.0
2026,1,219,241,2369,240,4,0,MANIJA INTERIOR P/AUTOMOTOR - MANIJA INTERIOR P/AUTOMOTOR (GENERICO),13939.2,C,1.0,1.0,1.0,,1,0.0
2026,1,219,241,2369,240,5,0,FICHA CONECTOR JACK  P/ALIM.HEMBRA - FICHA CONECTOR JACK  P/ALIM.HEMBRA  (Genérico),588060.0,C,1.0,1.0,1.0,,1,0.0
2026,1,219,241,2369,240,6,0,FICHA ADAPTADORA - FICHA ADAPTADORA (GENERICO),15681.6,C,1.0,1.0,1.0,,1,0.0
2026,1,219,241,2369,240,7,0,VARILLA de Embrague - VARILLA de Embrague (Genérico),267036.11,C,1.0,1.0,1.0,,1,0.0
2026,1,219,241,2369,240,8,0,VARILLA ROSCADA - VARILLA ROSCADA (GENERICO),213623.8423,C,1.0,1.0,1.0,,1,0.0
2026,1,219,241,2369,240,9,0,CORONA DE TRANSMISION - CORONA DE TRANSMISION (Genérico),205276.5,C,1.0,1.0,1.0,,1,0.0
2026,1,219,241,2369,240,10,0,PULMON PARA FRENOS - PULMON PARA FRENOS (GENERICO),97901.1,C,1.0,1.0,1.0,,1,0.0
2026,1,219,241,2369,240,11,0,EXTREMO DE DIRECCION P/AUTO - TIPO MECANICA - LADO CORTO - MODELO RASTROJERO.,66973.5,C,1.0,1.0,1.0,,1,0.0
2026,1,219,241,2369,240,12,0,EXTREMO DE DIRECCION P/AUTO - MARCA RENAULT - TIPO HIDRAULICA - LADO CORTO - MODELO 21.,101821.5,C,1.0,1.0,1.0,,1,0.0
2026,1,219,241,2369,240,13,0,EXTREMO DE DIRECCION P/AUTO - MARCA FORD - TIPO MECANICA - LADO CORTO - MODELO FALCON.,63924.3,C,2.0,2.0,2.0,,1,0.0
2026,1,219,241,2369,240,14,0,POLEA - POLEA (GENERICO),105034.05,C,1.0,1.0,1.0,,1,0.0
2026,1,220,242,3356,242,1,0,PESCADO - MILANESAS KG,9000.0,C,15.0,15.0,15.0,,1,0.0
2026,1,221,251,3356,251,1,0,PESCADO - MILANESAS KG,9000.0,C,10.0,10.0,10.0,,1,0.0
2026,1,222,252,3287,252,1,0,SERVICIO DE IMPRESION - 500 CAMPAÑA VACUNACION ANTIRABICA A4 PAPEL OBRA NUMERADOS,225500.0,C,1.0,1.0,1.0,,1,0.0
2026,1,264,261,1478,261,1,0,SERVICIO TECNICO Y PROFESIONAL - SERVICIO TECNICO Y PROFESIONAL  (monitoreo satelital y 48 equipos rastreadores para los vehiculos),724800.0,C,6.0,6.0,6.0,,1,0.0
2026,1,395,378,688,376,1,0,"FILTROS VARIOS - WK 731 DEUTZ VARIOS (2) $43400 
WK 940/7 CUMMINS 4B3.9- 4BT3 9-6BT5.9-6C (1) $35500
wk 950/14 $66800 
w 940/34 CUMMINS MOT 4B 3.9 4 BT 3.9 $24200 
WP 12300 FORD CARGO -VOLKSWAGEN $98400 
WAP - 176 $121600 
AS 4992 $98600 
C 24650/1 MB-SCANIA-CUMMINS-ZANELLO $104.100 (TRACTOR PAUNY, MOTONIVELADORA NEW HOLLAND) TOTAL $ 592.600 
ORIG JD DQ 24057 $ 57700 TRACTOR J.D
",650300.0,C,1.0,1.0,1.0,,1,0.0
2026,1,395,378,688,376,2,0,AGUA DESTILADA - AGUA DESTILADA X 5 LITROS,3000.0,C,6.0,6.0,6.0,,1,0.0
2026,1,395,378,688,376,3,0,REFRIGERANTE/ANTICONGELANTE - GLACELF SUPRA X 20 LTS,200500.0,C,1.0,1.0,1.0,,1,0.0
2026,1,395,378,688,376,4,0,"ACEITE, FILTROS. - EVOL 900 5W40",17000.0,C,1.0,1.0,1.0,,1,0.0
2026,1,396,379,68,377,1,0,DESTAPE DE POZOS CIEGOS PARA FAMILIAS CARENCIADAS - DESTAPE DE POZOS CIEGOS PARA FAMILIAS CARENCIADAS (GENERICO),55000.0,C,14.0,14.0,14.0,,1,0.0
2026,1,399,383,1810,379,1,0,INSTALACION DE AIRE ACONDICIONADO - INSTALACION DE AIRE ACONDICIONADO (Genérico) DESINTALACION DE AIRE EN OFICINA DE CULTURA,100000.0,C,1.0,1.0,1.0,,1,0.0
2026,1,400,384,826,381,1,0,COMISIONES - COMISIONES (Genérico) LA PLATA,65000.0,C,1.0,1.0,1.0,,1,0.0
2026,1,401,385,1334,382,1,0,CUCHILLAS - CUCHILLAS (GENERICO),148526.98,C,8.0,8.0,8.0,,1,0.0
2026,1,402,386,1825,383,1,0,"SERVICIOS TECNICOS Y PROFESIONALES - SERVICIOS TECNICOS Y PROFESIONALES (Genérico)
A partir del 01 de enero hasta el 30 de junio 2026, percibiendo la suma de:
- $ 272.382,72 mensual, 32 horas mensuales.
- $ 100.000 mensual, en concepto de guardias.",372382.72,C,6.0,6.0,6.0,,1,0.0
2026,1,403,387,3226,384,1,0,"IMPRESORA - IMPRESORA  (Genérico)
Ricoh 320F",768016.54,C,1.0,1.0,1.0,,1,0.0
2026,1,404,388,1879,385,1,0,BOMBA HIDRAULICA - BOMBA HIDRAULICA,125000.0,C,1.0,1.0,1.0,,1,0.0
2026,1,404,388,1879,385,2,0,RETEN ORIGINAL - RETEN ORIGINAL,96000.0,C,1.0,1.0,1.0,,1,0.0
2026,1,405,389,441,386,1,0,PAPEL P/FOTOGRAFIA - PAPEL P/FOTOGRAFIA (OPALINA),28099.72,C,1.0,1.0,1.0,,1,0.0
2026,1,406,390,2595,387,1,0,DESTELLADOR - DESTELLADOR,31500.0,C,1.0,1.0,1.0,,1,0.0
2026,1,406,390,2595,387,2,0,Cable T T  2 X 2 1/2 - Cable T T  2 X 2 1/2  (2 metros),8890.0,C,1.0,1.0,1.0,,1,0.0
2026,1,406,390,2595,387,3,0,ESTAÑO P/SOLDADURA - ESTAÑO P/SOLDADURA,3500.0,C,1.0,1.0,1.0,,1,0.0
2026,1,406,390,2595,387,4,0,PRECINTO - PRECINTO,900.0,C,10.0,10.0,10.0,,1,0.0
2026,1,406,390,2595,387,5,0,CORREA - CORREA,23820.0,C,1.0,1.0,1.0,,1,0.0
2026,1,406,390,2595,387,6,0,PLAQUETA ELECTRONICA P/AUTO - PLAQUETA ELECTRONICA P/AUTO,13440.0,C,1.0,1.0,1.0,,1,0.0
2026,1,407,391,1514,388,1,0,GAS OIL - GAS OIL (GENERICO),1611.0,C,8000.0,8000.0,8000.0,,1,0.0
2026,1,408,396,1514,393,1,0,GAS OIL - GAS OIL,1611.0,C,7000.0,7000.0,7000.0,,1,0.0
2026,1,409,397,1514,394,1,0,GAS OIL - GAS OIL (GENERICO),1611.0,C,1200.0,1200.0,1200.0,,1,0.0
2026,1,410,398,1267,395,1,0,"Servicio de Torneria - Servicio de Torneria (Genérico) HACER SOLDADURA DE CAÑO TRACTOR PAUNY EFJ11
ANGUERA DE 1"" X 2.60,TERINALES,BRIDA,2 SOLDADURAS MOTONIVELADORA CGS18
MANGUERA DE 1/2 X 0.90, 2 BRIDAS, 2 TERMINALES MOTONIVELADORA BMU02
REPARACION DE MANGUERA DE 3/4 Y MANGUERA DE 5/8 X 2.70, 4 BRIDAS DE RETRO FAZ81
MANGUERA DE 3/8 X 1.80, 2 TERMINALES, 2 BRIDAS NIVELADORA DE ARRASTRE

",574434.0,C,1.0,1.0,1.0,,1,0.0
2026,1,411,399,33,396,1,0,"SEGURO TECNICO - SEGURO TECNICO (Genérico)DESDE EL 01/01/2026 AL 31/12/2026, EQUIPOS EN ALQUILER DEL HOSPITAL",2183354.9,C,1.0,1.0,1.0,,1,0.0
2026,1,779,766,3398,764,2,0,COJINETE AXIAL STDR - COJINETE AXIAL STDR (Genérico),69253.4,C,1.0,1.0,1.0,,1,0.0
2026,1,779,766,3398,764,3,0,RODAMIENTO - (Sin clasificar),56544.4,C,1.0,1.0,1.0,,1,0.0
2026,1,779,766,3398,764,4,0,REPUESTO - REPUESTO (Genérico)COLLARIN,229386.8,C,1.0,1.0,1.0,,1,0.0
2026,1,779,766,3398,764,5,0,DISCO DE EMBRAGUE P/AUTOMOTOR - DISCO DE EMBRAGUE P/AUTOMOTOR (GENERICO),281032.2,C,1.0,1.0,1.0,,1,0.0
2026,1,813,768,3075,766,1,0,INSECTICIDA - INSECTICIDA (GENERICO)Insecticida 360 cm3.,4209.59,C,24.0,24.0,24.0,,1,0.0
2026,1,813,768,3075,766,2,0,Desodorante para piso - Desodorante para piso (Genérico)Desodorante de piso x 5 litros.,5300.0,C,50.0,50.0,50.0,,1,0.0
2026,1,813,768,3075,766,3,0,LAVANDINA - LAVANDINA (GENERICO)x 5 litros.,4900.0,C,50.0,50.0,50.0,,1,0.0
2026,1,813,768,3075,766,4,0,LUSTRAMUEBLES - LUSTRAMUEBLES (GENERICO),4824.51,C,36.0,36.0,36.0,,1,0.0
2026,1,813,768,3075,766,5,0,GUANTES P/LIMPIEZA - GUANTES P/LIMPIEZA (GENERICO),1998.92,C,10.0,10.0,10.0,,1,0.0
2026,1,813,768,3075,766,6,0,jabon en pan - jabon en pan (Genérico),1324.71,C,10.0,10.0,10.0,,1,0.0
2026,1,813,768,3075,766,7,0,TRAPO REJILLA - TRAPO REJILLA (GENERICO),675.91,C,50.0,50.0,50.0,,1,0.0
2026,1,813,768,3075,766,8,0,LIMPIADOR CREMOSO - LIMPIADOR CREMOSO (GENERICO),3900.0,C,12.0,12.0,12.0,,1,0.0
2026,1,813,768,3075,766,9,0,FOSFORO - FOSFORO (GENERICO)Caja de fosforo.,766.74,C,10.0,10.0,10.0,,1,0.0
2026,1,813,768,3075,766,10,0,SECADOR DE GOMA - SECADOR DE GOMA (GENERICO),1812.74,C,12.0,12.0,12.0,,1,0.0
2026,1,813,768,3075,766,11,0,CERA DE LUSTRAR - CERA DE LUSTRAR (GENERICO)Cera Suiza Autobrillo incolora x 5 litros.,29436.88,C,5.0,5.0,5.0,,1,0.0
2026,1,813,768,3075,766,12,0,VIRULANA - VIRULANA (Genérico)Rollito 10 unidades.,954.162,C,10.0,10.0,10.0,,1,0.0
2026,1,812,769,169,767,1,0,ESCOBILLON - ESCOBILLON (GENERICO)12 Escobillones .,2000.0,C,12.0,12.0,12.0,,1,0.0
2026,1,812,769,169,767,2,0,TRAPO DE PISO - TRAPO DE PISO (GENERICO),800.0,C,100.0,100.0,100.0,,1,0.0
2026,1,812,769,169,767,3,0,DETERGENTE - DETERGENTE (GENERICO)Detergente Biodegradable x 5 lt.,9800.0,C,5.0,5.0,5.0,,1,0.0
2026,1,812,769,169,767,4,0,LIQUIDO P/LAMPAZO - LIQUIDO P/LAMPAZO (Genérico)Liquido por 1 litro.,9400.0,C,5.0,5.0,5.0,,1,0.0
2026,1,812,769,169,767,5,0,QUITASARRO - QUITASARRO (GENERICO)x 5 litros.,6100.0,C,5.0,5.0,5.0,,1,0.0
2026,1,812,769,169,767,6,0,"CABO DE MADERA - CABO DE MADERA (GENERICO)Cabo de Madera 1,30  mts.",1800.0,C,20.0,20.0,20.0,,1,0.0
2026,1,812,769,169,767,7,0,BARREDOR COMPLETO ALGODON - BARREDOR COMPLETO ALGODON (Genérico)5 repuestos barredor 35 cm.,5900.0,C,5.0,5.0,5.0,,1,0.0
2026,1,1,1,4719,1,1,0,SERVICIO TECNICO Y PROFESIONAL - SERVICIO TECNICO Y PROFESIONAL  (Genérico)Contrato a partir del 1 de Enero al 31 de Diciembre para desempeñar diversas tareas en la Dirección  de Jucentud con una remuneración de $550.000 (pesos quinientos cincuenta mil).,550000.0,C,12.0,12.0,12.0,,1,0.0
2026,1,218,237,2369,238,1,0,COMPRESOR COMPLETO 1114 - COMPRESOR COMPLETO 1114 (Genérico),149084.01,C,1.0,1.0,1.0,,1,0.0
2026,1,412,400,1809,397,1,0,"SEGURO POR ACCIDENTES PERSONALES, MUERTE, INVALIDEZ - SEGURO POR ACCIDENTES PERSONALES, MUERTE, INVALIDEZ (Genérico)DESDE EL 15/01/2026 AL 31/12/2026,",500000.0,C,1.0,1.0,1.0,,1,0.0
2026,1,413,401,2883,398,1,0,CATETER - CATETER 22 G,312.83,C,300.0,300.0,300.0,,1,0.0
2026,1,413,401,2883,398,2,0,GUANTES USO MEDICINAL - GUANTES TAMAÑO 8 1/2  LATEX.,457.31,C,300.0,300.0,300.0,,1,0.0
2026,1,413,401,2883,398,3,0,GUIA DE SUERO - V14 MACROGOTERO FREE LATEX CORONET,334.32,C,500.0,500.0,500.0,,1,0.0
2026,1,413,401,2883,398,4,0,GUIA SUERO - LLAVE DE TRES VIAS CON PROLONGADOR,613.98,C,100.0,100.0,100.0,,1,0.0
2026,1,413,401,2883,398,5,0,cinta hipoalergenica - DE PAPEL 24 MM X 50 MTS,1808.76,C,50.0,50.0,50.0,,1,0.0
2026,1,413,401,2883,398,6,0,TUBOS ENDOTRAQ N° 7 - TUBOS ENDOTRAQ N°4 Y 5.5 MM CON BALON,1230.57,C,10.0,10.0,10.0,,1,0.0
2026,1,413,401,2883,398,7,0,BOLSA COLECTORA - ADULTO - CAPACIDAD 2000 ML BOLSA C/ GANCHO,635.25,C,60.0,60.0,60.0,,1,0.0
2026,1,413,401,2883,398,8,0,GUANTES USO MEDICINAL - TAMAÑO MEDIANO LATEX  CAJA X 100 UNIDADES,5409.88,C,30.0,30.0,30.0,,1,0.0
2026,1,768,725,57,723,1,0,SERVICIO DE IMPRESION - 200 VOLANTE PACIENTE FECHA PROBABLE CIRUGIA,18500.0,C,1.0,1.0,1.0,,1,0.0
2026,1,768,725,57,723,2,0,SERVICIO DE IMPRESION - 200 VOLANTE INDICACIONES CIRUGIA PROGRAMADA,18500.0,C,1.0,1.0,1.0,,1,0.0
2026,1,769,726,527,724,1,0,AGUJAS SUTURAS - PORTA AGUJA MAYO HEGAR 14CM,13100.0,C,1.0,1.0,1.0,,1,0.0
2026,1,769,726,527,724,2,0,HOJA DE BISTURI - MANGO PARA HOJAS BISTURI N°4,4540.0,C,1.0,1.0,1.0,,1,0.0
2026,1,769,726,527,724,3,0,"PINZA DE CIRUJIA - PINZA DE DISECCION 14,5CM",5540.0,C,1.0,1.0,1.0,,1,0.0
2026,1,769,726,527,724,4,0,PINZA DE CIRUJIA - PINZA DE CRILE RECTA 14CM,10580.0,C,1.0,1.0,1.0,,1,0.0
2026,1,769,726,527,724,5,0,PINZA DE CIRUJIA - PINZA DE CRILE CURVA 14CM,10580.0,C,1.0,1.0,1.0,,1,0.0
2026,1,769,726,527,724,6,0,PINZA DE CIRUJIA - PINZA KOCHER 14CM RECTA,12090.0,C,2.0,2.0,2.0,,1,0.0
2026,1,769,726,527,724,7,0,SONDAS - SONDA ACANALADA DE 13CM,3528.0,C,1.0,1.0,1.0,,1,0.0
2026,1,769,726,527,724,8,0,TIJERA P/CIRUJIA - TIJERA DE CURACIONES 14CM R/A RECTA,10580.0,C,1.0,1.0,1.0,,1,0.0
2026,1,770,728,413,726,1,0,PARCHE P/CAMARA - PARCHE 195/55/15 VEHICULO DOMINIO AF545GL,8000.0,C,1.0,1.0,1.0,,1,0.0
2026,1,771,730,285,728,1,0,REACTIVO - TIPO ANTI A SUERO - USO DET. GRUPO A - PRESENTACION ENVASE 10ml.,18371.95,C,2.0,2.0,2.0,,1,0.0
2026,1,771,730,285,728,2,0,REACTIVO - TIPO ANTI B ANTICUERPO MONOCLONAL - USO HEMOCLASIFICADOR - PRESENTACION ENVASE 10 CM3,18371.95,C,2.0,2.0,2.0,,1,0.0
2026,1,771,730,285,728,3,0,REACTIVO - TIPO ANTI D ANTICUERPO MONOCLONAL - USO HEMOCLASIFICADOR - PRESENTACION ENVASE 10CM3,34753.97,C,2.0,2.0,2.0,,1,0.0
2026,1,771,730,285,728,4,0,REACTIVO - TIPO SUERO DE COOMBS POLIESPECIFICO TIPO GAMMA - USO LABORATORIO( HEMATOLOGIA) - PRESENTACION X 10 C.C..,27789.88,C,2.0,2.0,2.0,,1,0.0
2026,1,771,730,285,728,5,0,REACTIVO - TIPO EQUIPO SEROLOGIA P/ELISSA T/ABBOTT - USO P/ HIV - PRESENTACION X 100 DETERMINACIONES,143114.24,C,2.0,2.0,2.0,,1,0.0
2026,1,772,732,1810,730,1,0,"REPARACION COMPLETA COMPRESOR - REEMPLAZO DE MOTOCOMPRESOR 1/6 HP + FILTRO PANTA OXIGENO Nº 2
RECARGA DE REFRIGERANTE F134 PLANTA OXIGENO Nº 2",200000.0,C,1.0,1.0,1.0,,1,0.0
2026,1,773,733,1810,731,1,0,NEUROLEPTICO - ZUCLOPENTIXOL DECANOATO 200 MG AMP,63328.9,C,3.0,3.0,3.0,,1,0.0
2026,1,773,733,1810,731,2,0,HIPOTENSOR -  ENALAPRIL COMPRIMIDO 10mg.,42.59,C,3000.0,3000.0,3000.0,,1,0.0
2026,1,773,733,1810,731,3,0,HIPNOTICO - MIDAZOLAN  AMPOLLA  5mg./ml.,996.96,C,800.0,800.0,800.0,,1,0.0
2026,1,773,733,1810,731,4,0,ANALGESICOS - KETEROLAC 30 MG AMP,604.5,C,400.0,400.0,400.0,,1,0.0
2026,1,773,733,1810,731,5,0,ANTIINFLAMATORIO - DICLOFENA AMPOLLA  75mg.,713.01,C,500.0,500.0,500.0,,1,0.0
2026,1,773,733,1810,731,6,0,CORTICOESTEROIDE - DEXAMETASONA AMPOLLA 8 MG.,836.99,C,500.0,500.0,500.0,,1,0.0
2026,1,774,735,2595,733,1,0,LAMPARA P/FARO AUTOMOTOR/CAMION - LAMPARA P/FARO AUTOMOTOR/CAMION (,9600.0,C,1.0,1.0,1.0,,1,0.0
2026,1,774,735,2595,733,2,0,AGUA DESTILADA - AGUA DESTILADA,3000.0,C,3.0,3.0,3.0,,1,0.0
2026,1,774,735,2595,733,3,0,LIQUIDO DE FRENOS - LIQUIDO DE FRENOS,21000.0,C,1.0,1.0,1.0,,1,0.0
2026,1,774,735,2595,733,4,0,BASE PORTAFUSIBLE TIPO NH - BASE PORTAFUSIBLE TIPO NH,1100.0,C,2.0,2.0,2.0,,1,0.0
2026,1,774,735,2595,733,5,0,REPUESTO - REPUESTO,2000.0,C,1.0,1.0,1.0,,1,0.0
2026,1,775,737,413,735,1,0,CUBIERTA P/AUTOMOTOR - CUBIERTA 175/65/14 PARA VEHICULO AE619QS,85000.0,C,2.0,2.0,2.0,,1,0.0
2026,1,784,764,2110,762,1,0,"servicio de mantenimiento y reparaciones - servicio de mantenimiento y reparaciones (Genérico)
- arreglo de mochila de inodoro.
- cambio de válvula",60000.0,C,1.0,1.0,1.0,,1,0.0
2026,1,779,766,3398,764,1,0,CONJUNTO DE EMBRAGUE - CONJUNTO DE EMBRAGUE (Genérico),1321650.8,C,1.0,1.0,1.0,,1,0.0
2026,1,861,822,1573,820,4,0,AGUJA QUIRURGICA - RAQUIDEA Nº 26 PUNTA LAPIZ,2917.88,C,25.0,25.0,25.0,,1,0.0
2026,1,861,822,1573,820,5,0,HOJA DE BISTURI -  HOJA Nº 23 X 100,9183.68,C,2.0,2.0,2.0,,1,0.0
2026,1,861,822,1573,820,6,0,GUANTES USO MEDICINAL - DE EXAMEN DE NITRILO CAJA X 100 TALLE L,6898.8,C,2.0,2.0,2.0,,1,0.0
2026,1,882,825,2209,823,1,0,GASEOSA - GASEOSA (GENERICO)12 Gaseosas para recepción Rally.,44640.0,C,1.0,1.0,1.0,,1,0.0
2026,1,863,826,285,824,1,0,REACTIVO - HISOPOS C MEDIO STUART,1034.15,C,150.0,150.0,150.0,,1,0.0
2026,1,863,826,285,824,2,0,REACTIVO - TUBO EDTA 3K,138.41,C,2000.0,2000.0,2000.0,,1,0.0
2026,1,863,826,285,824,3,0,REACTIVO - TUBOEDTA 3KX 1 ML,219.57,C,500.0,500.0,500.0,,1,0.0
2026,1,863,826,285,824,4,0,FRASCOS DE HEMOCULTIVO - TUBO CITRATO X 2.5 ML,157.5,C,2000.0,2000.0,2000.0,,1,0.0
2026,1,863,826,285,824,5,0,REACTIVO - CLDE MEDIO X 500 G,142316.94,C,1.0,1.0,1.0,,1,0.0
2026,1,863,826,285,824,6,0,REACTIVO - BILIS ESCULINA  100 GRS,181545.85,C,1.0,1.0,1.0,,1,0.0
2026,1,863,826,285,824,7,0,REACTIVO - CEPOTAXIMA 30 UG X 5 0DET,6209.61,C,2.0,2.0,2.0,,1,0.0
2026,1,863,826,285,824,8,0,REACTIVO - CLDE MEDIO 6X50XML BRITANIA 6X50 ML,28876.41,C,1.0,1.0,1.0,,1,0.0
2026,1,863,826,285,824,9,0,REACTIVO - CHOMOBRIT 6X50 ML BRITANIA,79500.0,C,1.0,1.0,1.0,,1,0.0
2026,1,863,826,285,824,10,0,COLECTOR DE ORINA - COLECTOR DE ORINA  125 ML,241.83,C,220.0,220.0,220.0,,1,0.0
2026,1,863,826,285,824,11,0,CUBREOBJETO - 18 X 18  CAJA  X 100 UNIDADES,707.99,C,10.0,10.0,10.0,,1,0.0
2026,1,865,828,1810,826,1,0,"MANTENIIENTO DE PLANTA DE OXIGENO - SECADOR FRIGORIFOCO DE AIRE
- RASTREO Y REPARACION DE FUGA DE REFRIGERANTE 
- REEMPLAZO DE PRESOSTATO + REPUESTO COMPRESOR PLANTA OXIGENO Nº 1",180000.0,C,1.0,1.0,1.0,,1,0.0
2026,1,866,829,866,827,1,0,MONTELUKAST 10 MG - MONTELUKAST 10 MG,187.07,C,300.0,300.0,300.0,,1,0.0
2026,1,866,829,866,827,2,0,MEDICAMENTOS - ACIDO URSODESOXICOLICO 300 MG COMP,378.0,C,120.0,120.0,120.0,,1,0.0
2026,1,866,829,866,827,3,0,HIPOTENSOR -  AMLOPIDINA  COMPRIMIDO 10mg.,58.5,C,2000.0,2000.0,2000.0,,1,0.0
2026,1,866,829,866,827,4,0,HIDROCORTISONA - HIDROCORTISONA 100 MG FA,1620.0,C,200.0,200.0,200.0,,1,0.0
2026,1,866,829,866,827,5,0,MEDICAMENTOS - TAMSULIOSINA 0.4 MG CAPSULAS,360.0,C,300.0,300.0,300.0,,1,0.0
2026,1,866,829,866,827,6,0,HIPOTENSOR - ENALAPRIL COMPRIMIDO 10mg.,49.46,C,2000.0,2000.0,2000.0,,1,0.0
2026,1,866,829,866,827,7,0,TRAMADOL 50 MG COMPRIMIDOS - TRAMADOL 50 MG COMPRIMIDOS,176.19,C,500.0,500.0,500.0,,1,0.0
2026,1,866,829,866,827,8,0,ANALGESICOS - TRAMADOL AMPOLLA 50 MG/ML.,1945.94,C,500.0,500.0,500.0,,1,0.0
2026,1,866,829,866,827,9,0,LEVOTIROXINA 75 MG - LEVOTIROXINA 88 MCG,458.08,C,100.0,100.0,100.0,,1,0.0
2026,1,866,829,866,827,10,0,ANESTESICO LOCAL - LIDOCAINA 2% SIN EPINEFRINA S/C 20 CC..,3456.0,C,30.0,30.0,30.0,,1,0.0
2026,1,866,829,866,827,11,0,ANTICONVULSIDANTE - FENITOINA JBE 120 ML,28486.58,C,2.0,2.0,2.0,,1,0.0
2026,1,866,829,866,827,12,0,ANTICONVULSIDANTE - DIVALPROATO DE SODIO DE 250 MG COMP,711.4,C,150.0,150.0,150.0,,1,0.0
2026,1,866,829,866,827,13,0,ANTICONVULSIDANTE - DIVALPROATO DE SODIO 500 MG COMP,504.0,C,150.0,150.0,150.0,,1,0.0
2026,1,866,829,866,827,14,0,ANTIBIOTICOS - VANCOMICINA AMPOLLA - PRESENTACION 1GR.,5580.0,C,100.0,100.0,100.0,,1,0.0
2026,1,866,829,866,827,15,0,ANSIOLITICO - CLONAZEPAM 2 MG COMP,43.15,C,2000.0,2000.0,2000.0,,1,0.0
2026,1,866,829,866,827,16,0,ANTIINFLAMATORIO - DICLOFENAC  AMPOLLA  75mg.,828.01,C,600.0,600.0,600.0,,1,0.0
2026,1,866,829,866,827,17,0,ANTIBIOTICOS - METRONIZADOL  500mg. I.V. SACHET,4837.5,C,200.0,200.0,200.0,,1,0.0
2026,1,866,829,866,827,18,0,ANTIBIOTICOS - CIPROFLOXACINA  FRASCO/AMPOLLA - 200mg.100 ml.,4837.5,C,200.0,200.0,200.0,,1,0.0
2026,1,866,829,866,827,19,0,ANTIBIOTICOS - CLINDAMICINA AMPOLLA 600mg.,1116.0,C,100.0,100.0,100.0,,1,0.0
2026,1,866,829,866,827,20,0,AGUA DESTILADA - AGUA DEST AMPOLLA X 5 ML,702.0,C,400.0,400.0,400.0,,1,0.0
2026,1,866,829,866,827,21,0,GEL - GEL  1 KG,5697.5,C,5.0,5.0,5.0,,1,0.0
2026,1,866,829,866,827,22,0,SOLUCIONES - NITROFURAZONA 1 LITRO,41822.13,C,4.0,4.0,4.0,,1,0.0
2026,1,866,829,866,827,23,0,"ANSIOLITICO - LORAZEPAN  2,5mg. COMP",53.22,C,1000.0,1000.0,1000.0,,1,0.0
2026,1,883,830,1658,828,1,0,AGUA MINERAL - AGUA MINERAL (GENERICO),500000.0,C,1.0,1.0,1.0,,1,0.0
2026,1,867,831,1876,829,1,0,CATETER - ABBOCATH  24,883.2381,C,50.0,50.0,50.0,,1,0.0
2026,1,867,831,1876,829,2,0,CINTA HIPOALERGENICA - CINTA HIPOALERGENICA 2.5 CM 12 ROLLOS,10027.2778,C,4.0,4.0,4.0,,1,0.0
2026,1,867,831,1876,829,3,0,GUIA DE SUERO - GUIA  PREMIUM V 14 CON RUEDITA,830.6699,C,400.0,400.0,400.0,,1,0.0
2026,1,867,831,1876,829,4,0,SONDAS - FOLEY DOBLE VIA - Nº 16 -2 VIAS,1162.9108,C,30.0,30.0,30.0,,1,0.0
2026,1,867,831,1876,829,5,0,"GUANTES USO MEDICINAL - GUANTES  7 Y 7 1/2 , MEDISPO",563.2703,C,300.0,300.0,300.0,,1,0.0
2026,1,867,831,1876,829,6,0,JERINGAS - JERINGA  X 10 C.C.,126.8101,C,1500.0,1500.0,1500.0,,1,0.0
2026,1,867,831,1876,829,7,0,CAMISOLIN DE CIRUGIA - CAMISOLIN DE CIRUGIA 40 GR CON PUÑO,2161.9586,C,100.0,100.0,100.0,,1,0.0
2026,1,867,831,1876,829,8,0,GASA - GASA COSDA X 5 U,5843.5,C,50.0,50.0,50.0,,1,0.0
2026,1,867,831,1876,829,9,0,SOBRES POLIGLACTINA 910 O ACIDO POLIGLICOLICO - ACID 1,3814.4331,C,24.0,24.0,24.0,,1,0.0
2026,1,867,831,1876,829,10,0,SOBRES POLIGLACTINA 910 O ACIDO POLIGLICOLICO - POLYGLICOLIC ACID 1,3814.4105,C,24.0,24.0,24.0,,1,0.0
2026,1,867,831,1876,829,11,0,SOBRES POLIPROPILENO MONOFILAMENTO - POLIGLICOLC 2 PGA,6468.599,C,24.0,24.0,24.0,,1,0.0
2026,1,867,831,1876,829,12,0,SOBRES NYLON MONOFILAMENTO - CALIBRE 2/0,1886.621,C,24.0,24.0,24.0,,1,0.0
2026,1,867,831,1876,829,13,0,INSUMOS PARA EL HOSPITAL - PLCA PARA ELECTORBISTURI ADULTO,5175.5101,C,50.0,50.0,50.0,,1,0.0
2026,1,867,831,1876,829,14,0,GASA - TEJIDA  10 X 10Cm X 50 POUCH,25097.325,C,20.0,20.0,20.0,,1,0.0
2026,1,856,833,1063,831,1,0,TELEFONO CON CABLE - TELEFONO CON CABLE  SL2100 12 TX PARA CENTRAL TELEFONICA Y DERIVAR LLAMADAS A LOS 48 INTERNOS DEL HOSPITAL Y HOGAR DE ANCIANOS,319000.0,C,1.0,1.0,1.0,,1,0.0
2026,1,839,834,1267,832,1,0,"REPARACION DE CAMION - CAMIONETA - REPARACION DE CAMION - CAMIONETA (GENERICO)SOLDAR PUNTO DE FILO, REPARACIM DE MANGUERA Y TERMONAL",213198.0,C,1.0,1.0,1.0,,1,0.0
2026,1,839,834,1267,832,2,0,ANILLO ORING 1081-01070 - ANILLO ORING 1081-01070 (Genérico),1100.0,C,3.0,3.0,3.0,,1,0.0
2026,1,839,834,1267,832,3,0,MANGUERA HIDRAULICA - MANGUERA HIDRAULICA (Genérico),37133.0,C,1.0,1.0,1.0,,1,0.0
2026,1,839,834,1267,832,4,0,TERMINAL - TERMINAL (Genérico),19370.0,C,2.0,2.0,2.0,,1,0.0
2026,1,885,844,2869,842,1,0,CARNE - CARNE (GENERICO),800000.0,C,1.0,1.0,1.0,,1,0.0
2026,1,886,845,3198,843,1,0,TROFEO - TERMINACION BAÑO DE PLATA CINCELADA - BOCA ANCHA - BASE MARMOL - MANIJAS CON - ALTO 50CM - TIPO COPA.Trofeo Open,70183.63,C,14.0,14.0,14.0,,1,0.0
2026,1,886,845,3198,843,2,0,TROFEO - TERMINACION BAÑO DE PLATA CINCELADA - BOCA ANCHA - BASE MARMOL - MANIJAS CON - ALTO 40CM - TIPO COPA.,49135.68,C,14.0,14.0,14.0,,1,0.0
2026,1,886,845,3198,843,3,0,TROFEO - TROFEO (GENERICO)Trofeo Opren.,40228.87,C,14.0,14.0,14.0,,1,0.0
2026,1,887,846,71,844,1,0,PAPEL DE LIJA - TIPO PARA MADERA - Nº GRUESA - PRESENTACION POR UNIDAD.,800.0,C,10.0,10.0,10.0,,1,0.0
2026,1,887,846,71,844,2,0,AGUARRAS MINERAL - AGUARRAS MINERAL (GENERICO),4500.0,C,2.0,2.0,2.0,,1,0.0
2026,1,887,846,71,844,3,0,PINCEL - PINCEL (GENERICO) br 7769,8000.0,C,3.0,3.0,3.0,,1,0.0
2026,1,888,847,3287,845,1,0,SERVICIO DE IMPRESION - SERVICIO DE IMPRESION (GENERICO),600000.0,C,1.0,1.0,1.0,,1,0.0
2026,1,831,798,2110,796,1,0,TRABAJO DE PLOMERIA - TRABAJO DE PLOMERIA (Genérico),225000.0,C,1.0,1.0,1.0,,1,0.0
2026,1,832,799,1259,797,1,0,CINTA AISLANTE - CINTA AISLANTE (Genérico),5838.0,C,1.0,1.0,1.0,,1,0.0
2026,1,841,810,2110,808,1,0,"Servicio de Mantenimiento - Servicio de Mantenimiento (Genérico)
ARREGLO DE MOCHILA DE INODORO
CAMBIO DE ENTRADA DE AGUA
CAMBIO DE MENIJA DE DESCARGA",75000.0,C,1.0,1.0,1.0,,1,0.0
2026,1,845,812,3529,810,1,0,ALQUILER BAÑO QUIMICO - ALQUILER BAÑO QUIMICO (Genérico),85000.0,C,4.0,4.0,4.0,,1,0.0
2026,1,847,814,3184,813,1,0,ANTIBIOTICOS - MINOCICLINA COMP X 100 MG,903.5,C,60.0,60.0,60.0,,1,0.0
2026,1,847,814,3184,813,2,0,ANTICONVULSIDANTE - DIVALPROATO DE 250 MG COMP X 50,19740.0,C,4.0,4.0,4.0,,1,0.0
2026,1,847,814,3184,813,3,0,ANTICONVULSIDANTE - DIVALPROATO DE SODIO 500 MG COMPRIMIDOS  X 50,30168.6,C,4.0,4.0,4.0,,1,0.0
2026,1,847,814,3184,813,4,0,IODURO DE POTASIO - CLORURO DE POTASIO AMPOLAS,735.0,C,200.0,200.0,200.0,,1,0.0
2026,1,847,814,3184,813,5,0,ANALGESICOS - PREGABALINA 75 MG COMP,224.0,C,200.0,200.0,200.0,,1,0.0
2026,1,847,814,3184,813,6,0,CANULA NASAL - CANULA CON  TUBO PVC 9.5 MM 2.10 MTS,2565.7,C,20.0,20.0,20.0,,1,0.0
2026,1,847,814,3184,813,7,0,ANTIEPILEPTICO - FENITOINA JBE 120 ML,26040.0,C,4.0,4.0,4.0,,1,0.0
2026,1,847,814,3184,813,8,0,ANTIBIOTICOS - AZITROMICINA  CAPSULA 500mg.,546.0,C,999.0,999.0,999.0,,1,0.0
2026,1,847,814,3184,813,9,0,CORTICOESTEROIDE - BETAMETASONA CREMA 20 GR.,2100.0,C,30.0,30.0,30.0,,1,0.0
2026,1,847,814,3184,813,10,0,LOSARTAN 50 MG COMP - LOSARTAN 50 MG COMP,42.28,C,705.0,705.0,705.0,,1,0.0
2026,1,847,814,3184,813,11,0,MEDICAMENTOS - ACICLOVIR AMPOLLA 500 MG,27664.0,C,20.0,20.0,20.0,,1,0.0
2026,1,847,814,3184,813,12,0,ANALGESICOS - PARACETAMOL COMPRIMIDOS 500 MG.,34.58,C,6000.0,6000.0,6000.0,,1,0.0
2026,1,847,814,3184,813,13,0,ANSIOLITICO - ALPRAZOLAM COMPRIMIDO 2mg.,31.92,C,495.0,495.0,495.0,,1,0.0
2026,1,847,814,3184,813,14,0,algodon - algodon 500 GRS,3087.32,C,200.0,200.0,200.0,,1,0.0
2026,1,847,814,3184,813,15,0,ENOXAPARINA 60 MG AMPOLLAS - ENOXAPARINA 40 MG AMPOLLAS,8512.0,C,10.0,10.0,10.0,,1,0.0
2026,1,847,814,3184,813,16,0,LACTULOSA 120 ml JBE - LACTULOSA 120 ml JBE,7280.0,C,5.0,5.0,5.0,,1,0.0
2026,1,847,814,3184,813,17,0,GASA TUBULAR - GASA TUBULAR 1.5 KG,15955.0,C,20.0,20.0,20.0,,1,0.0
2026,1,847,814,3184,813,18,0,GENTAMICINA SULFATO - GENTAMICINA AMPOLLA 80 MG,602.0,C,100.0,100.0,100.0,,1,0.0
2026,1,847,814,3184,813,19,0,KETEROLAC 30 MG AMP - KETEROLAC 30 MG AMP,665.0,C,200.0,200.0,200.0,,1,0.0
2026,1,847,814,3184,813,20,0,CORTICOESTEROIDE - DEXAMETASONA AMPOLLA  8 MG.,742.0,C,400.0,400.0,400.0,,1,0.0
2026,1,847,814,3184,813,21,0,MEDICAMENTOS - CLORURO DE POTASIO AMPOLLLAS 15 MG,735.0,C,200.0,200.0,200.0,,1,0.0
2026,1,847,814,3184,813,22,0,ANTIEMETICO - MOTOCLOPRAMIDA AMPOLLA  10mg.,574.0,C,200.0,200.0,200.0,,1,0.0
2026,1,847,814,3184,813,23,0,ANTIINFLAMATORIO - DICLOFENAC  AMPOLLA - PRESENTACION 75mg.,574.0,C,200.0,200.0,200.0,,1,0.0
2026,1,847,814,3184,813,24,0,ANTIALERGICO - ANTIHISTAMINICO - PROMETAZINA COMPRIMIDOS 25 MG,96.6,C,500.0,500.0,500.0,,1,0.0
2026,1,847,814,3184,813,25,0,ANTIULCEROSO - OMEPRAZOL CAPSULA  20mg.,39.2,C,3010.0,3010.0,3010.0,,1,0.0
2026,1,847,814,3184,813,26,0,CAJAS SOLUCION FISIOLOGICA X 100 ML - SOLUCION FISIOLOGICA X 100 ML,1490.0,C,750.0,750.0,750.0,,1,0.0
2026,1,847,814,3184,813,27,0,GENTAMINA CREMA - GENTAMINA CREMA 15 MG,2520.0,C,40.0,40.0,40.0,,1,0.0
2026,1,851,818,850,817,1,0,TUBO FONDO RED.C/CITRATO - PCR LATEX DIRECTO 50 DET,75270.86,C,1.0,1.0,1.0,,1,0.0
2026,1,851,818,850,817,2,0,REACTIVO - FOSFARTEMIA UV AA 100 ML,64265.52,C,1.0,1.0,1.0,,1,0.0
2026,1,851,818,850,817,3,0,SOLUCIONES - SOLUCIONESPACK P/ABL 80,784015.56,C,1.0,1.0,1.0,,1,0.0
2026,1,851,818,850,817,4,0,COLESTAT ENZ. 500 ML WIENER - COLESTEROL MONOFASE AA V.2 HDL,241207.12,C,1.0,1.0,1.0,,1,0.0
2026,1,851,818,850,817,5,0,GLICEMIA ENZ 1000 ml. WIENER - GLICEMIA ENZIMATICA AA LIQUIDA,99614.23,C,1.0,1.0,1.0,,1,0.0
2026,1,851,818,850,817,6,0,REACTIVO - CELEREST HEPATITIS B HBV,141177.63,C,1.0,1.0,1.0,,1,0.0
2026,1,851,818,850,817,7,0,REACTIVO - TW AA 2X5 ML,79570.14,C,1.0,1.0,1.0,,1,0.0
2026,1,851,818,850,817,8,0,REACTIVO - TIPS AMARILLO UNIV 0-200 UI SIN CORONA UNIV X 1000 U VITIS,24.1,C,1000.0,1000.0,1000.0,,1,0.0
2026,1,851,818,850,817,9,0,REACTIVO - COPITA COAGULOMETRO COL 1 Y 2 X 500 BLISTER X 100,268266.45,C,1.0,1.0,1.0,,1,0.0
2026,1,851,818,850,817,10,0,REACTIVO - TIPO CASSETTE SENSORES SC80 300/60 P ABL 80,2246995.03,C,1.0,1.0,1.0,,1,0.0
2026,1,859,820,2306,818,1,0,CILINDRO DE CO2  x 10 KG - CARGA CO2 PARA QUIROFANO,119000.0,C,1.0,1.0,1.0,,1,0.0
2026,1,860,821,345,819,1,0,HAEMOCGLUCOTEST TIRAS REACTIVAS X 100,79122.0,C,15.0,15.0,15.0,,1,0.0
2026,1,861,822,1573,820,1,0,HIPOTENSOR - AMLOPIDINA 10mg. COMP,65.75,C,1000.0,1000.0,1000.0,,1,0.0
2026,1,861,822,1573,820,2,0,SOBRES NYLON MONOFILAMENTO -  2/0 30 MM,2937.05,C,24.0,24.0,24.0,,1,0.0
2026,1,861,822,1573,820,3,0,SONDAS - FOLEY DOBLE VIA - Nº 14 -,981.25,C,20.0,20.0,20.0,,1,0.0
2026,1,582,561,167,558,1,0,POLLO - ALIMENTACION PATA Y MUSLO,8100.0,C,11.3,11.3,11.3,,1,0.0
2026,1,582,561,167,558,2,0,POLLO - ALIMENTACION PECHUGA,14500.0,C,9.3,9.3,9.3,,1,0.0
2026,1,582,561,167,558,3,0,POLLO - POLLO (Genérico):HAMBUREGESAS.,13500.0,C,5.5,5.5,5.5,,1,0.0
2026,1,626,590,3558,587,1,0,"Servicio Tecnico y Profesionales - Contratacion dra. Villafañe Elvira A. a partir del 01 de febrero del 2026 hasta el 30 de junio del presente ejercicio , realizara un maximo de 8 guardias mensuales en el servicio de Guardia Gral. siendo el valor de cada una $345.000 (pesos trescientos cuarenta y cinco mil)",345000.0,C,40.0,40.0,40.0,,1,0.0
2026,1,627,591,2692,588,1,0,CLASIFICADORA DE BILLETES - ELICOUNT ELI4000 - CONTADOR Y CLASIFICADOR DE BILLETES,3600000.0,C,1.0,1.0,1.0,,1,0.0
2026,1,624,598,2110,595,1,0,"PRESTACION DE SERVICIOS PROFESIONALES - PRESTACION DE SERVICIOS PROFESIONALES (Genérico)CAMBIO DE FUELLE DE INODORO, ARREGLO DE MOCHILA DE INODORO, ARREGLO Y CAMBIO DE PICO DE GRIFERIA.",70000.0,C,1.0,1.0,1.0,,1,0.0
2026,1,621,599,1259,596,1,0,ALARGUE - 5 MTS ARMADO,29483.0,C,1.0,1.0,1.0,,1,0.0
2026,1,22,29,2365,29,1,0,"SANDWICH DE MIGA - SANDWICH DE MIGA (GENERICO), BIZCOCHOS, TORTAS Y PRODUCTOS DE CONFITERIA, PARA DISTINTOS EVENTOS DEL AÑO",3000000.0,C,1.0,1.0,1.0,,1,0.0
2026,1,39,30,2627,30,1,0,PASTAS FRESCAS - TUBOS EMPANADAS X 5 DOCENAS,6000.0,C,3.0,3.0,3.0,,1,0.0
2026,1,39,30,2627,30,2,0,PASTAS FRESCAS - FIDEOS MOSTACHOL  X Kg.,3000.0,C,5.0,5.0,5.0,,1,0.0
2026,1,38,32,2627,32,1,0,PASTAS FRESCAS - TUBOS EMPANADAS X 5 DOCENAS,6000.0,C,3.0,3.0,3.0,,1,0.0
2026,1,37,34,2627,33,1,0,PASTAS FRESCAS - TUBOS EMPANADAS X 5 DOCENAS,6500.0,C,2.0,2.0,2.0,,1,0.0
2026,1,88,84,216,84,1,0,"Armado de bolsas v/medidas - Armado de bolsas  5 U. 80 X 1.10 X 50  $ 1600
5 U 80X1.10X50 FAE $ 11500
8 U. 45X60X100 VERDES $ 7000
6 U. 60X90X50 ROJAS $10800",187300.0,C,1.0,1.0,1.0,,1,0.0
2026,1,89,87,2538,86,1,0,"CARGA DE GAS EN AIRE ACONDICIONADO - CARGA DE GAS EN AIRE ACONDICIONADO, REVISION DE FUGAS Y LIMPIEZA E CIRCUITO Y LAVADO DE CONDENSADOR",165000.0,C,1.0,1.0,1.0,,1,0.0
2026,1,90,89,2538,89,1,0,CARGA DE GAS EN AIRE ACONDICIONADO - CARGA DE GAS REFRIGERANTE EN AIRE ACONDICIONADO Y REVISION DE FUGAS,133000.0,C,1.0,1.0,1.0,,1,0.0
2026,1,95,92,2627,92,1,0,PASTAS FRESCAS - RAVIOLES X 3 PLANCHAS,3000.0,C,11.0,11.0,11.0,,1,0.0
2026,1,576,545,3322,542,1,0,JABON LIQUIDO - ALA BLANQ CHLO BOOSTER 20 L,78429.31,C,2.0,2.0,2.0,,1,0.0
2026,1,576,545,3322,542,2,0,DESINFECTANTE EN AEROSOL - SKIP NEUTRALIZING BOOSTER PRO 20 L,135744.39,C,1.0,1.0,1.0,,1,0.0
2026,1,576,545,3322,542,3,0,DETERGENTE - PERACETIC SUTTER 20 KG,215398.83,C,1.0,1.0,1.0,,1,0.0
2026,1,576,545,3322,542,4,0,CIF Anti Grasa D Pack - CIF DETERGENTE ACTIVE 5 L,18676.33,C,1.0,1.0,1.0,,1,0.0
2026,1,576,545,3322,542,5,0,ARTICULOS DE LIMPIEZA - SKIP ALCALINE BOOSTER 20 L,101501.64,C,1.0,1.0,1.0,,1,0.0
2026,1,576,545,3322,542,6,0,DETERGENTE - SKIP ENZYMES POWER PRO X 20 L,246886.81,C,1.0,1.0,1.0,,1,0.0
2026,1,576,545,3322,542,7,0,ARTICULOS DE LIMPIEZA Y ALMACEN - SF 200 X 5 KG,40660.24,C,1.0,1.0,1.0,,1,0.0
2026,1,576,545,3322,542,8,0,PACK ROLLO DE COCINA - ROLLO DE COCINA D24 CM X400X MTS X 2,35330.75,C,3.0,3.0,3.0,,1,0.0
2026,1,576,545,3322,542,9,0,DESENGRASANTE LIQUIDO X 5 LITROS - PEROXY 4D 5 L,47086.93,C,4.0,4.0,4.0,,1,0.0
2026,1,576,545,3322,542,10,0,TOALLAS DESCARTABLES - TOALLAS MANO FELPÍTA 4X200 MTS,24908.08,C,2.0,2.0,2.0,,1,0.0
2026,1,576,545,3322,542,11,0,JABON P/LAVAR ROPA - SKIP ALKALINE BOOSTER PRO 20 L,101501.64,C,1.0,1.0,1.0,,1,0.0
2026,1,576,545,3322,542,12,0,JABON P/LAVAR ROPA - SKIP NEUTRALIZING 20 L,135744.39,C,1.0,1.0,1.0,,1,0.0
2026,1,576,545,3322,542,13,0,DETERGENTE - SKIP ENZYMES POWER 20 L,246886.81,C,1.0,1.0,1.0,,1,0.0
2026,1,576,545,3322,542,14,0,DETERGENTE - PERACETICO SUTTER AGRASAN 20 KG,215398.83,C,1.0,1.0,1.0,,1,0.0
2026,1,575,546,2810,543,1,0,CIERRE - CIERRE (GENERICO),24550.0,C,1.0,1.0,1.0,,1,0.0
2026,1,577,547,688,544,1,0,ACEITES LUBRICANTES - ACEITES LUBRICANTES (GENERICO)ELFATIC IID X 20 LTS,182000.0,C,2.0,2.0,2.0,,1,0.0
2026,1,578,548,3534,545,1,0,"SERVICIO TECNICO Y PROFESIONAL - COORDINACION DEL AREA DE PRENSA DE LA MUNICIPALIDAD DE GRAL MADARIAGA , SIENDO DICHA ACTIVIDAD DE VITAL IMPORTANCIA PARA LA CORRECTA DIFUSION DE TODAS LAS ACTIVIDADES MUNICIPALES. EL CONVENIO TENDRA VIGENCIA DESDE EL 01 DE ENERO DEL 2026 AL 30 DE JUNIO DEL MISMO EJERCICIO. PERCIBIENDO COMO CONTRAPRESTACION MENSUAL UN MONTO DE $800.000.",800000.0,C,6.0,6.0,6.0,,1,0.0
2026,1,597,551,3529,548,1,0,ALQUILER DE BAÑO QUIMICO - ALQUILER DE BAÑO QUIMICO  (Genérico) PRECIO $100.000 POR 3 MESES DE ENERO A MARZO,100000.0,C,3.0,3.0,3.0,,1,0.0
2026,1,596,552,3529,549,1,0,ALQUILER DE BAÑO QUIMICO - ALQUILER DE BAÑO QUIMICO  (Genérico) PRECIO MENSUAL $ 100.000 DE ENERO A MARZO,100000.0,C,3.0,3.0,3.0,,1,0.0
2026,1,595,553,3529,550,1,0,ALQUILER DE BAÑO QUIMICO - ALQUILER DE BAÑO QUIMICO (GENERICO) PRECIO MENSUAL $100.000  POR 3 MESES DE ENERO A MARZO,100000.0,C,3.0,3.0,3.0,,1,0.0
2026,1,814,770,1063,768,1,0,SERVICIO TECNICO Y PROFESIONAL - SERVICIO TECNICO Y PROFESIONAL (repatacion de 7 handy),85000.0,C,7.0,7.0,7.0,,1,0.0
2026,1,36,36,2627,36,1,0,PASTAS FRESCAS - TUBOS EMPANADAS X 5 DOCENAS,6500.0,C,2.0,2.0,2.0,,1,0.0
2026,1,36,36,2627,36,2,0,PASTAS FRESCAS - FIDEOS MOSTACHOL KG,3200.0,C,5.0,5.0,5.0,,1,0.0
2026,1,35,39,1658,38,1,0,AGUA DESTILADA - AGUA DESTILADA  BIDON X 5 LT PARA USO DE LOS EQUIPOS DE LABORATORIO PARA REALIZAR  ANALISIS CLINICOS,5400.0,C,300.0,300.0,300.0,,1,0.0
2026,1,34,43,1078,42,1,0,TRABAJOS DE ELECTRICIDAD - COLOCAR VENTILADOR DE TECHO EN SALA DE PSICOLOGIA Y CAMBIAR ENCHUFE TRIFASICO HEMBRA MACHO EN LAVARROPAS,190000.0,C,1.0,1.0,1.0,,1,0.0
2026,1,33,47,2883,46,1,0,SONDAS - SONDA K 27 BIGOTERA ADULTO,911.13,C,50.0,50.0,50.0,,1,0.0
2026,1,33,47,2883,46,2,0,SONDAS - SONDA  Nº K 10,750.18,C,30.0,30.0,30.0,,1,0.0
2026,1,33,47,2883,46,3,0,TUBO TRAQUEAL - SISTEMA DE ASPIRACION TRAQUEAL 16 FR 60 CM,16625.76,C,4.0,4.0,4.0,,1,0.0
2026,1,33,47,2883,46,4,0,HOJA DE BISTURI - HOJA DE BISTURI Nº 11 X 100 U,7332.6,C,2.0,2.0,2.0,,1,0.0
2026,1,32,51,1440,52,1,0,CONTRASTE RADIOLOGICO - XENETIC 300 X 100,128833.0,C,45.0,45.0,45.0,,1,0.0
2026,1,75,76,2218,76,1,0,"HONORARIOS PROFESIONALES - HONORARIOS PROFECIONALES (Genérico)Servicio de atención profesional prestado en los estrados judiciales por el término de tres meses desde el 01 de Enero al 31 de Marzo ,con un monto mensual de $1.650.000 ( Pesos un millón seiscientos cincuenta mil).",1650000.0,C,3.0,3.0,3.0,,1,0.0
2026,1,76,77,3426,77,1,0,SERVICIO MEDICO - SERVICIO MEDICO (GENERICO): CORRESPONDE A GUARDIAS PEDIATRICAS POR UN VALOR UNITARIO DE $ 400.000 HACIENDO EN DICHO PERIODO 32 GUARDIAS.,400000.0,C,32.0,32.0,32.0,,1,0.0
2026,1,77,78,3537,78,1,0,"SERVICIO MEDICO - SERVICIO MEDICO (GENERICO): -GUARDIAS DE SEMANA 24 a $ 400.000 Total $ 9.600.000.
-GUARDIAS DE FINES DE SEMANA 16 a $ 430.000 Total $ 6.880.000
.
",16480000.0,C,1.0,1.0,1.0,,1,0.0
2026,1,123,113,3233,114,1,0,"VIGILANCIA Y CUSTODIA - VIGILANCIA Y CUSTODIA (prevencion y patrullaje en zona rural, contrato desde 01 de enero al 30 de junio del 2026)",550000.0,C,6.0,6.0,6.0,,1,0.0
2026,1,124,116,2228,116,1,0,"SERVICIO TECNICO Y PROFESIONAL - SERVICIO TECNICO Y PROFESIONAL (tecnico de camaras del centro operativo de monitoreo, desde el 01 de enero al 30 de junio del 2026-",530000.0,C,6.0,6.0,6.0,,1,0.0
2026,1,125,119,2142,119,1,0,"SERVICIO TECNICO Y PROFESIONAL - SERVICIO TECNICO Y PROFESIONAL (provicion de 1500 botones antipanico, panel de ocntrol para el area de monitoreo, servicio de aisstencia tecnica y comunicacion personalizada, desde el 1 de enero al 30 de junio del 2026)",1310000.0,C,6.0,6.0,6.0,,1,0.0
2026,1,127,127,1119,127,1,0,"SERV. RESIDUOS PATOLOGICOS - SERVICIO DE RECOLECCION DE CONTENEDORES 200 LTS, TRATAMIENTO Y DISPOSICION FINAL DE RESIDUOS PATOGENICOS DEL 01/01/2026 AL 30/06/2026",43000.0,C,300.0,300.0,300.0,,1,0.0
2026,1,153,141,17,141,1,0,"CORREA - CORREA (GENERICO) CORREA PARA TORO, MAQUINA DE EMPUJE Y CORTE
ROLLO DE TANZA
CAMBIO DE CAMAPANA DE EMBRAGUE COMPLETA CON BUJIA MAS ENGRASE",171000.0,C,1.0,1.0,1.0,,1,0.0
2026,1,153,141,17,141,2,0,"BOBINA  DE ARRANQUE - BOBINA  DE ARRANQUE (GENERICO) BOBINA DE ARRANQUE ENCENDIDO 
RULEMAN
AFILAR Y RELLENAR CUCHILLAS
LIQUIDO CUBIERTA SIN CAMARA",139000.0,C,1.0,1.0,1.0,,1,0.0
2026,1,150,143,441,142,1,0,CARTULINA - CARTULINA (GENERICO) CARTULINA COLOR ROJO + ADHESIVO VOLIGOMA X 50,5845.03,C,1.0,1.0,1.0,,1,0.0
2026,1,150,143,441,142,2,0,ROLLOS CINTA PAPEL - ROLLOS CINTA PAPEL (Genérico) CINTA LISA 10 MM + SOBRE MANILA 24X30X1,3100.0,C,1.0,1.0,1.0,,1,0.0
2026,1,154,144,169,144,1,0,CABO DE MADERA - CABO DE MADERA (GENERICO) CABO DE MADERA + PULVERIZADOR,14200.0,C,1.0,1.0,1.0,,1,0.0
2026,1,151,147,71,147,1,0,DELANTAL - DELANTAL (GENERICO) DELANTAL PARA CORTAR PASTO,19000.0,C,2.0,2.0,2.0,,1,0.0
2026,1,159,150,612,150,1,0,PLACA DE RED - PLACA DE RED,31000.0,C,1.0,1.0,1.0,,1,0.0
2026,1,156,152,1879,152,1,0,PASTILLA DE FRENO - PASTILLA DE FRENO,59700.0,C,1.0,1.0,1.0,,1,0.0
2026,1,156,152,1879,152,2,0,DEPOSITO LIQUIDO REFRIGERANTE - DEPOSITO LIQUIDO REFRIGERANTE,21600.0,C,1.0,1.0,1.0,,1,0.0
2026,1,161,154,3297,154,1,0,BOMBA DE DIRECCION HIDRAULICA - BOMBA DE DIRECCION HIDRAULICA,396000.0,C,1.0,1.0,1.0,,1,0.0
2026,1,191,170,160,170,1,0,ALIMENTO PARA CACHORROS - ALIMENTO PARA CACHORROS (Genérico)GOOSTER ADULTO X 20 KG,64520.0,C,1.0,1.0,1.0,,1,0.0
2026,1,194,172,1266,172,1,0,"SERVICIO DE ALARMA Y MONITOREO - SERVICIO DE ALARMA Y MONITOREO (Genérico)DESDE EL 01/01/2026 AL 30/04/2026,ABONOS 5617/5622/9817 CON COMUNICADOR EN COMODATO",59200.0,C,12.0,12.0,12.0,,1,0.0
2026,1,172,175,33,175,1,0,"SEGURO AUTOMOTOR - SEGURO AUTOMOTOR (GENERICO) RC INCENDIO Y ROBO, DESDE EL 01/01/2026 AL 31/12/2026, COMBI DKT498",473536.94,C,1.0,1.0,1.0,,1,0.0
2026,1,173,177,33,177,1,0,"SEGURO AUTOMOTOR - DESCRIPCION TODO RIESGO S/FRANQUICIA.DESDE EL 01/01/2026 AL 31/12/2026, FOTON AF591SL",1394646.97,C,1.0,1.0,1.0,,1,0.0
2026,1,174,179,33,179,1,0,"SEGURO AUTOMOTOR - SEGURO AUTOMOTOR (GENERICO) 3° DESDE EL 01/01/2026 AL 31/12/2026, TOPADORA EUF96",25160.31,C,1.0,1.0,1.0,,1,0.0
2026,1,175,181,33,182,1,0,"SEGURO AUTOMOTOR - DESCRIPCION TODO RIESGO S/FRANQUICIA.DESDE EL 01/01/2026 AL 31/12/2026,FOTON AF591SM Y TERCEROS COMPLETOS DE CAMIONETA CAR748",13738560.16,C,1.0,1.0,1.0,,1,0.0
2026,1,176,183,33,183,1,0,"SEGURO AUTOMOTOR - DESCRIPCION TODO RIESGO S/FRANQUICIA.DESDE EL 01/01/2026 AL 31/12/2026, DE COLECTIVOS LAN557/JUR015/IVW614/JZH266 Y MINIBUS KBQ331",10621373.73,C,1.0,1.0,1.0,,1,0.0
2026,1,250,184,3145,184,1,0,"Parches 12 - 5 PARCHES DE 12""",10000.0,C,5.0,5.0,5.0,,1,0.0
2026,1,250,184,3145,184,2,0,"Parche 14 - 4 PARCHES DE 14""  $ 52.000
3 PARCHES DE 18""  $55.800
3 PARCHES DE 26"" $132.000
",23980.0,C,10.0,10.0,10.0,,1,0.0
2026,1,250,184,3145,184,3,0,"Cuerda de Caixa - 10 Cuerda de Caixa  $ 33.000
REDESPACHO A MADARIAGA  $ 50.000",7545.4544,C,11.0,11.0,11.0,,1,0.0
2026,1,177,185,33,185,1,0,"SEGURO AUTOMOTOR - DESCRIPCION TODO RIESGO S/FRANQUICIA.DESDE EL 01/01/2026 AL 31/12/2026, AUTOS OFICIALES AC821KM Y LFN114",3436775.39,C,1.0,1.0,1.0,,1,0.0
2026,1,178,187,33,187,1,0,"SEGURO AUTOMOTOR - SEGURO AUTOMOTOR (GENERICO)TODO RIESGO S/F,DESDE EL 01/01/2026 AL 31/12/2026",1064255.55,C,1.0,1.0,1.0,,1,0.0
2026,1,179,190,33,190,1,0,"SEGURO AUTOMOTOR - SEGURO AUTOMOTOR (GENERICO)3° DESDE EL 01/01/2026 AL 31/12/2026, CAMIONETA JYN229/KGL116/AYQ605 Y FOTON AF701CV",3500363.22,C,1.0,1.0,1.0,,1,0.0
2026,1,180,192,33,192,1,0,SEGURO AUTOMOTOR - SEGURO AUTOMOTOR (GENERICO) 3° DESDE EL 01/01/2026 AL 31/12/2026,1004493.42,C,1.0,1.0,1.0,,1,0.0
2026,1,181,193,33,193,1,0,"SEGURO AUTOMOTOR - DESCRIPCION TODO RIESGO S/FRANQUICIA.DESDE EL 01/01/2026 AL 31/12/2026, MINIBUS AB603TW/MKF817",8404581.12,C,1.0,1.0,1.0,,1,0.0
2026,1,244,196,717,196,1,0,GELATINA - TIPO COMUN - PESO 1 KG. - SABOR  - ENVASE BOLSA,11200.0,C,5.0,5.0,5.0,,1,0.0
2026,1,244,196,717,196,2,0,GELATINA - GELATINA (GENERICO): FRUTILLA.,11200.0,C,5.0,5.0,5.0,,1,0.0
2026,1,216,199,2470,199,1,0,GUANTES - PROTECCION TRABAJO - MATERIAL GOMA - TIPO INDUSTRIAL - INTERIOR LISO - LARGO MEDIANO - CIERRE SIN,2992.8,C,200.0,200.0,200.0,,1,0.0
2026,1,216,199,2470,199,2,0,GUANTE MOTEADO - GUANTE MOTEADO (Genérico),811.3,C,500.0,500.0,500.0,,1,0.0
2026,1,216,199,2470,199,3,0,GUANTES - MATERIAL CUERO VAQUETA - TIPO 5 DEDOS - LARGO HASTA MUÑECA 12 - CIERRE SIN.,2756.5,C,50.0,50.0,50.0,,1,0.0
2026,1,216,199,2470,199,4,0,GUANTES - PROTECCION - MATERIAL P V C - TIPO P/TRABAJO - LARGO LARGO - TALLE 10 1/2,6152.4,C,20.0,20.0,20.0,,1,0.0
2026,1,216,199,2470,199,5,0,TRAJE DE LLUVIA - TRAJE DE LLUVIA (Genérico),25060.31,C,5.0,5.0,5.0,,1,0.0
2026,1,216,199,2470,199,6,0,PROTECTOR AUDITIVO - PROTECTOR AUDITIVO (GENERICO),17127.55,C,20.0,20.0,20.0,,1,0.0
2026,1,216,199,2470,199,7,0,ANTEOJO DE SEGURIDAD - ANTEOJO DE SEGURIDAD (GENERICO),2055.3,C,48.0,48.0,48.0,,1,0.0
2026,1,236,201,2299,201,1,0,AGUA MINERAL - TIPO SIN GASIFICAR - ENVASE BIDON - CAPACIDAD 20L.,5000.0,C,120.0,120.0,120.0,,1,0.0
2026,1,237,203,5,203,1,0,ALIMENTOS VARIOS - ALIMENTOS VARIOS (Genérico),1500000.0,C,1.0,1.0,1.0,,1,0.0
2026,1,238,205,3270,205,1,0,TRABAJOS DE ELECTRICIDAD - TRABAJOS DE ELECTRICIDAD (Genérico) CAMBIO DE  TERMICA Y REPARACION ELECTRICA,120000.0,C,1.0,1.0,1.0,,1,0.0
2026,1,211,207,441,207,1,0,CAJA DE ARCHIVO - CAJA DE ARCHIVO PLASTICAS AZULES TAMAÑO LEGAL,3100.0,C,125.0,125.0,125.0,,1,0.0
2026,1,212,209,2538,209,1,0,"SERVICE - SERVICE (Genérico): - REVISION DE FUGAS.
-RECARGA DE GAS REFRIGERANTE PARA AIRE ACONDICIONADO.
-LIMPIEZA DE CIRCUITO Y LAVADO DE CONDENSADOR.",175000.0,C,1.0,1.0,1.0,,1,0.0
2026,1,213,211,441,211,1,0,SOBRE CON VENTANA - SOBRE CON VENTANA (GENERICO): SOBRE MANILA 37X45X1.,320.0,C,40.0,40.0,40.0,,1,0.0
2026,1,213,211,441,211,2,0,PAPEL SEIN BCO. - PAPEL SEIN BCO. (Genérico): ECO 35X45X Kg.,2550.0,C,10.3,10.3,10.3,,1,0.0
2026,1,213,211,441,211,3,0,PAPEL DE ALUMINIO - PAPEL DE ALUMINIO (GENERICO): ALUMAX X 1 Kg.,9890.0,C,1.0,1.0,1.0,,1,0.0
2026,1,213,211,441,211,4,0,PAPEL FILM PVC Rolopack 380 x 300 mts - PAPEL FILM PVC Rolopack 380 x 300 mts (Genérico),12000.01,C,1.0,1.0,1.0,,1,0.0
2026,1,213,211,441,211,5,0,ROLLO A/D - ROLLO A/D (Genérico): 15x20.,1643.01,C,1.0,1.0,1.0,,1,0.0
2026,1,213,211,441,211,6,0,ROLLO A/D - ACCESORIO 40x60:,3869.0,C,1.46,1.46,1.46,,1,0.0
2026,1,213,211,441,211,7,0,ARTICULOS DE LIBRERIA - ARTICULOS DE LIBRERIA (Genérico): ROLLO A/D 40 X 50.,4134.0,C,1.51,1.51,1.51,,1,0.0
2026,1,214,213,3287,213,1,0,"SERVICIO DE IMPRESION - SERVICIO DE IMPRESION (GENERICO)1 Calendariao 2026 40 x 60 cm ($7.900),4 Certificados  "" Granja de Contención)($7.000),30 certificados ""apicultores ($40.500),5 revista Institucional.Fotocromo ($77.500),3 folletos Institucinales.En 2 pliegos A3 ($19.200).",152100.0,C,1.0,1.0,1.0,,1,0.0
2026,1,579,549,2209,546,1,0,ALIMENTOS VARIOS - ALIMENTOS VARIOS (Genérico),300000.0,C,1.0,1.0,1.0,,1,0.0
2026,1,594,554,791,551,1,0,"ALINEAR Y BALANCEAR - ALINEAR Y BALANCEAR 
2 ARMADO DE RUEDAS",85000.0,C,1.0,1.0,1.0,,1,0.0
2026,1,591,555,866,552,1,0,MEDICAMENTOS - ISOXUPRINA 10 MG AMP 2 ML,558.0,C,100.0,100.0,100.0,,1,0.0
2026,1,591,555,866,552,2,0,KETEROLAC 30 MG AMP - KETEROLAC 30 MG AMP,702.0,C,1000.0,1000.0,1000.0,,1,0.0
2026,1,591,555,866,552,3,0,ANALGESICOS - PARACETAMOL COMPRIMIDOS 500 MG.,48.42,C,2000.0,2000.0,2000.0,,1,0.0
2026,1,591,555,866,552,4,0,ANTIINFLAMATORIO - DICLOFENAC AMPOLLA 75mg.,828.01,C,600.0,600.0,600.0,,1,0.0
2026,1,591,555,866,552,5,0,ANTIINFLAMATORIO - DICLOFENAC COMPRIMIDOS  75mg.,40.6811,C,1995.0,1995.0,1995.0,,1,0.0
2026,1,591,555,866,552,6,0,CORTICOESTEROIDE - DEXAMETASONA AMPOLLAS 8 MG.,971.99,C,600.0,600.0,600.0,,1,0.0
2026,1,591,555,866,552,7,0,VITAMINA - ACD GOTAS POLIV 20 ML,3341.48,C,30.0,30.0,30.0,,1,0.0
2026,1,591,555,866,552,8,0,ANTIESPASMODICO - HIOSCINA  10 MG COMP,179.55,C,1020.0,1020.0,1020.0,,1,0.0
2026,1,591,555,866,552,9,0,BROMEXINA - BROMEXINA JBE 100 ML,1190.7,C,40.0,40.0,40.0,,1,0.0
2026,1,591,555,866,552,10,0,ANTIMICOTICOS - FLUCONAZOL  150mg. COMP,161.39,C,300.0,300.0,300.0,,1,0.0
2026,1,591,555,866,552,11,0,MEDICAMENTOS - ERGONOVINA 0.2 MG COMP,961.52,C,1000.0,1000.0,1000.0,,1,0.0
2026,1,591,555,866,552,12,0,ANTIMICOTICOS - MICONAZOL+BETAMET+GENTA 20 GRS,2208.75,C,40.0,40.0,40.0,,1,0.0
2026,1,591,555,866,552,13,0,CORTICOESTEROIDE - BETAMETASONA CREMA  15 GR.,2170.0,C,40.0,40.0,40.0,,1,0.0
2026,1,591,555,866,552,14,0,ANTIASMATICO BRONCODILATADOR - BUDESONIDE GOTAS P/NEBULIZAR 20 ML,6022.53,C,50.0,50.0,50.0,,1,0.0
2026,1,591,555,866,552,15,0,ANTIEPILEPTICO - FENITOINA JBE  120 ML,23931.48,C,2.0,2.0,2.0,,1,0.0
2026,1,591,555,866,552,16,0,"NEOSTIGMINA 0,5 MG AMP. - NEOSTIGMINA 0,5 MG AMP. X 100",132287.1,C,1.0,1.0,1.0,,1,0.0
2026,1,591,555,866,552,17,0,ENOXAPARINA 60 MG AMPOLLAS - ENOXAPARINA 60 MG AMPOLLAS X 10,133200.0,C,2.0,2.0,2.0,,1,0.0
2026,1,591,555,866,552,18,0,ANSIOLITICO - CLONAZEPAM 2 MG COMP,43.15039,C,2000.0,2000.0,2000.0,,1,0.0
2026,1,591,555,866,552,19,0,ATORVASTATIN 20 MG COMP. - ATORVASTATIN 20 MG COMP.,60.3,C,2000.0,2000.0,2000.0,,1,0.0
2026,1,591,555,866,552,20,0,"ANTIDEPRESIVO - ESCITALOPRAM 20 MG COMP
",168.12,C,990.0,990.0,990.0,,1,0.0
2026,1,591,555,866,552,21,0,"ANSIOLITICO - LORAZEPAN COMPRIMIDOS  2,5mg.",53.22,C,1000.0,1000.0,1000.0,,1,0.0
2026,1,591,555,866,552,22,0,ANTIPSICOTICO - CARBONATO DE LITIO 300 MG COMP,568.89,C,90.0,90.0,90.0,,1,0.0
2026,1,591,555,866,552,23,0,MIDAZOLA 5 MG AMPOLLAS - MIDAZOLA 5 MG AMPOLLAS,1157.76,C,800.0,800.0,800.0,,1,0.0
2026,1,591,555,866,552,24,0,ANTICONVULSIDANTE - CARBAMAZEPINA COMPRIMIDOS 200mg.,106.92,C,990.0,990.0,990.0,,1,0.0
2026,1,591,555,866,552,25,0,ANSIOLITICO - DIAZEPAM AMPOLLA 10mg.,702.0,C,300.0,300.0,300.0,,1,0.0
2026,1,588,556,3165,553,1,0,MIDAZOLA 5 MG AMPOLLAS - MIDAZOLAM 5 MG AMPOLLAS,864.0,C,1000.0,1000.0,1000.0,,1,0.0
2026,1,588,556,3165,553,2,0,LECHE MATERNIZADA 0/6 MESES (800 gr A 1 kg) - VITAL INFANTIL 1 KG NUTRICIA,32312.45,C,3.0,3.0,3.0,,1,0.0
2026,1,588,556,3165,553,3,0,ANTICONVULSIDANTE - fenitoina jbe 120,32500.0,C,2.0,2.0,2.0,,1,0.0
2026,1,588,556,3165,553,4,0,ANTIBIOTICOS -  CEFAZOLINA AMPOLLA 1GR.,4762.5,C,200.0,200.0,200.0,,1,0.0
2026,1,588,556,3165,553,5,0,TETABULIN 500 FCO AMP - TOXOIDE TETANICO + INMUNOGLOB 500 UI AMPOLLA,64162.5,C,3.0,3.0,3.0,,1,0.0
2026,1,588,556,3165,553,6,0,ANESTESICO GENERAL -  PROPOFOL AMPOLLA 200 MG.,127500.0,C,4.0,4.0,4.0,,1,0.0
2026,1,588,556,3165,553,7,0,ANTIDEPRESIVO - QUETIAPINA 25 MG COMP,104.0,C,1000.0,1000.0,1000.0,,1,0.0
2026,1,588,556,3165,553,8,0,ANALGESICOS - IBUPROFENO  JARABE 2 % 90 ML,1520.0,C,50.0,50.0,50.0,,1,0.0
2026,1,588,556,3165,553,9,0,LLAVE CONDUCTORA DE VIAS - LLAVE DE TRES VIAS + PROLONGADOR 50 CM,726.0,C,100.0,100.0,100.0,,1,0.0
2026,1,588,556,3165,553,10,0,VITAMINA - COMPLEJO B COMPRIMIDOS,163.9,C,1000.0,1000.0,1000.0,,1,0.0
2026,1,588,556,3165,553,11,0,VENDA USO MEDICO - DE YESO  10 X 2.7 MTS,2448.92,C,40.0,40.0,40.0,,1,0.0
2026,1,588,556,3165,553,12,0,MASCARA DE OXIGENO - MASCARA DE OXIGENO ADULTO,2347.4,C,60.0,60.0,60.0,,1,0.0
2026,1,588,556,3165,553,13,0,ANTIEMETICO - MOTOCLOPRAMIDA AMPOLLA  10mg.,585.0,C,400.0,400.0,400.0,,1,0.0
2026,1,588,556,3165,553,14,0,ANTIULCEROSO - OMEPRAZOL  FRASCO AMPOLLA  40 mg..,3800.0,C,100.0,100.0,100.0,,1,0.0
2026,1,588,556,3165,553,15,0,ANTIMICOTICOS - GENTA+BET+MICO 20 GRS,3100.0,C,50.0,50.0,50.0,,1,0.0
2026,1,351,353,3338,352,1,0,"SERVICIOS TECNICOS Y PROFESIONALES - SERVICIOS TECNICOS Y PROFESIONALES (Genérico)
A partir del 01 de enero hasta el 30 de junio 2026, percibiendo la suma de:
- $ 306.430,56 mensual,  36 horas mensuales.",306430.56,C,6.0,6.0,6.0,,1,0.0
2026,1,352,354,3027,353,1,0,"SERVICIOS TECNICOS Y PROFESIONALES - SERVICIOS TECNICOS Y PROFESIONALES (Genérico)
A partir del 01 de enero hasta el 30 de junio 2026, percibiendo la suma de:
- $ 851.196 mensual, 100 horas mensuales.
- $ 200.000 mensual , en concepto de guardias.",1051196.0,C,6.0,6.0,6.0,,1,0.0
2026,1,389,355,33,354,1,0,"SEGURO POR ACCIDENTES PERSONALES, MUERTE, INVALIDEZ - SEGURO POR ACCIDENTES PERSONALES, MUERTE, INVALIDEZ (Genérico)DESDE EL 01/01/2026 AL 31/12/2026, PARA CHICOS DEL JARDIN MATERNAL",1800000.0,C,1.0,1.0,1.0,,1,0.0
2026,1,391,356,33,355,1,0,"SEGURO INTEGRAL - SEGURO INTEGRAL (Genérico) DESDE EL 01/01/2026 AL 31/12/2026, CASA DE MAR DEL PLATA Y CASA DE TANDIL",3210307.0,C,1.0,1.0,1.0,,1,0.0
2026,1,353,357,3440,356,1,0,"SERVICIOS TECNICOS Y PROFESIONALES - SERVICIOS TECNICOS Y PROFESIONALES (Genérico)
A partir del 01 de enero hasta el 30 de junio 2026, percibiendo la suma de:
- $ 646.908,96 mensual, 76 horas mensuales.
- $ 200.000 mensual , en concepto de guardias.",846908.96,C,6.0,6.0,6.0,,1,0.0
2026,1,354,358,2473,357,1,0,"SERVICIOS TECNICOS Y PROFESIONALES - SERVICIOS TECNICOS Y PROFESIONALES (Genérico)
A partir del 01 de enero hasta el 30 de junio 2026, percibiendo la suma de:
- $ 851.196 mensual, 100 horas mensuales.
- $ 200.000 mensual , en concepto de guardias.",1051196.0,C,6.0,6.0,6.0,,1,0.0
2026,1,776,740,1514,738,1,0,GAS OIL - GAS OIL (GENERICO),1626.0,C,3000.0,3000.0,3000.0,,1,0.0
2026,1,777,741,1514,739,1,0,GAS OIL - GAS OIL (GENERICO),1626.0,C,8000.0,8000.0,8000.0,,1,0.0
2026,1,869,832,3561,830,1,0,RETEN P/AUTOMOTOR Y MAQ.VIAL - RETEN P/AUTOMOTOR Y MAQ.VIAL (GENERICO),4055.0,C,16.0,16.0,16.0,,1,0.0
2026,1,869,832,3561,830,2,0,PIÑON DE TRANSMISION - PIÑON DE TRANSMISION (Genérico),52030.0,C,1.0,1.0,1.0,,1,0.0
2026,1,903,869,2869,866,1,0,CARNE -  CORTE LENGUA. KG,14900.0,C,6.9,6.9,6.9,,1,0.0
2026,1,899,871,167,868,1,0,POLLO - PATA MUSLO,8100.0,C,27.5,27.5,27.5,,1,0.0
2026,1,899,871,167,868,2,0,POLLO - PECHUGA KG,14500.0,C,14.5,14.5,14.5,,1,0.0
2026,1,899,871,167,868,3,0,POLLO - HAMBURGUESA,13500.0,C,9.5,9.5,9.5,,1,0.0
2026,1,902,872,2869,869,1,0,CARNE - PALETA KG,15500.0,C,30.4,30.4,30.4,,1,0.0
2026,1,902,872,2869,869,2,0,CARNE - MILANESA DE BOLA DE LOMO KG,19490.0,C,14.4,14.4,14.4,,1,0.0
2026,1,902,872,2869,869,3,0,CARNE - PICADA RB KG,15500.0,C,21.8,21.8,21.8,,1,0.0
2026,1,902,872,2869,869,4,0,CARNE - CUADRIL. KG,17990.0,C,11.8,11.8,11.8,,1,0.0
2026,1,1079,1035,68,1029,1,0,DESTAPE DE POZOS CIEGOS PARA FAMILIAS CARENCIADAS - DESTAPE DE POZOS CIEGOS PARA FAMILIAS CARENCIADAS (GENERICO),55000.0,C,18.0,18.0,18.0,,1,0.0
2026,1,1084,1038,17,1032,1,0,"CAJA DE ENGRANAJE P/MOTOGUADAÑA - CAJA DE ENGRANAJE P/MOTOGUADAÑA (Genérico)CILINDRO,PISTON,EMBRAGUE,CARBURACION,",429000.0,C,1.0,1.0,1.0,,1,0.0
2026,1,1084,1038,17,1032,2,0,RETEN P/AUTOMOTOR Y MAQ.VIAL - DESTINO CIGUEÑAL - MODELO RASTROJERO.,6000.0,C,2.0,2.0,2.0,,1,0.0
2026,1,1084,1038,17,1032,3,0,TACO DE GOMA - DESTINO PATA DE MOTOR - MODELO 306.,7500.0,C,2.0,2.0,2.0,,1,0.0
2026,1,1084,1038,17,1032,4,0,ACEITE P/MOTOR 2 TIEMPOS - ACEITE P/MOTOR 2 TIEMPOS (GENERICO),18000.0,C,5.0,5.0,5.0,,1,0.0
2026,1,1084,1038,17,1032,5,0,CADENA P/MOTOSIERRA - CADENA P/MOTOSIERRA (Genérico),91000.0,C,1.0,1.0,1.0,,1,0.0
2026,1,1084,1038,17,1032,6,0,PIÑON DE TRANSMISION - PIÑON DE TRANSMISION (Genérico),93000.0,C,1.0,1.0,1.0,,1,0.0
2026,1,268,262,1266,262,1,0,"SERVICIO DE ALARMA Y MONITOREO - SERVICIO DE ALARMA Y MONITOREO (Genérico)DESDE EL 01/01/2026 AL 30/04/2026,ABONO B084 CON COUNICADOR EN COMODATO",59200.0,C,4.0,4.0,4.0,,1,0.0
2026,1,761,727,2209,725,1,0,ACEITE COMESTIBLE - LEGITIMO 900 CC,2749.0,C,5.0,5.0,5.0,,1,0.0
2026,1,761,727,2209,725,2,0,CABALLA - CABALLA (Genérico),3938.0,C,4.0,4.0,4.0,,1,0.0
2026,1,761,727,2209,725,3,0,YERBA - AMANDA X 1 KG,29590.0,C,1.0,1.0,1.0,,1,0.0
2026,1,761,727,2209,725,4,0,VINAGRE - VINAGRE (GENERICO),912.0,C,3.0,3.0,3.0,,1,0.0
2026,1,761,727,2209,725,5,0,JUGO - JUGO (GENERICO),7315.0,C,1.0,1.0,1.0,,1,0.0
2026,1,761,727,2209,725,6,0,PATE / PICADILLO - PATE / PICADILLO (Genérico),825.0,C,4.0,4.0,4.0,,1,0.0
2026,1,761,727,2209,725,7,0,ATUN - ATUN (Genérico),2750.0,C,4.0,4.0,4.0,,1,0.0
2026,1,761,727,2209,725,8,0,PURE DE TOMATE - X 12 U,6709.0,C,1.0,1.0,1.0,,1,0.0
2026,1,761,727,2209,725,9,0,LAVANDINA - USO LIMPIEZA GENERAL - CAPACIDAD 1L.,748.0,C,4.0,4.0,4.0,,1,0.0
2026,1,761,727,2209,725,10,0,QUESO - ILOLAY X 40 G 5 U,7425.0,C,1.0,1.0,1.0,,1,0.0
2026,1,761,727,2209,725,11,0,CALDO - CALDO (GENERICO),1848.0,C,1.0,1.0,1.0,,1,0.0
2026,1,761,727,2209,725,12,0,CAFE - X 100 G,4939.0,C,3.0,3.0,3.0,,1,0.0
2026,1,761,727,2209,725,13,0,GALLETITAS - GALL. MEDIA TARDE SANDW 3 X 107,1429.0,C,6.0,6.0,6.0,,1,0.0
2026,1,761,727,2209,725,14,0,DETERGENTE - X 750,2497.0,C,3.0,3.0,3.0,,1,0.0
2026,1,762,729,1578,727,1,0,Repuesto para termo - Repuesto para termo (Genérico),10000.0,C,5.0,5.0,5.0,,1,0.0
2026,1,762,729,1578,727,2,0,TAPON P/TERMO - TAPON P/TERMO (Genérico),3000.0,C,3.0,3.0,3.0,,1,0.0
2026,1,763,731,2110,729,1,0,TRABAJO DE PLOMERIA - TRABAJO DE PLOMERIA (Genérico) ARREGLO DE MOCHILA E INODORO,110000.0,C,1.0,1.0,1.0,,1,0.0
2026,1,764,734,212,732,1,0,REPARACION DE RADIADOR - REPARACION DE RADIADOR (Genérico),250000.0,C,1.0,1.0,1.0,,1,0.0
2026,1,765,736,2790,734,1,0,CARTEL DE SEÑALIZACION - CARTEL DE SEÑALIZACION (Genérico),160000.0,C,1.0,1.0,1.0,,1,0.0
2026,1,766,738,1810,736,1,0,MANT. AIRE ACONDICIONADO - MANT. AIRE ACONDICIONADO (GENERICO) Y LIMPIEZA DE AIRE EN AREA SERVIDORES,100000.0,C,1.0,1.0,1.0,,1,0.0
2026,1,767,739,441,737,1,0,PLATO PLASTICO DESCARTABLE - PLATO ALUMINIO P14 X1 PROVOLETA,202.0,C,30.0,30.0,30.0,,1,0.0
2026,1,767,739,441,737,2,0,turrón maní - TURRON ARCOR X50,17700.0,C,1.0,1.0,1.0,,1,0.0
2026,1,767,739,441,737,3,0,VASO PLASTICO DESCARTABLE - VASO PLASTICO 500CC X100,6149.99,C,10.0,10.0,10.0,,1,0.0
2026,1,767,739,441,737,4,0,PERFORADORA - PERFORADORA MAPED ESSENTIAL 20/25 2411,12250.0,C,1.0,1.0,1.0,,1,0.0
2026,1,891,849,3514,847,1,0,"SERVICIOS TECNICOS Y PROFESIONALES - SERVICIOS TECNICOS Y PROFESIONALES (Genérico)
Apartir del 01 de marzo hasta el 30 de junio 2026, percibiendo la suma de:
- $ 851.196 mensual (100 horas mensuales).
- $200.000 mensual (en concepto de guardias)
",1051196.0,C,4.0,4.0,4.0,,1,0.0
2026,1,1084,1038,17,1032,7,0,ROLLO DE TANZA - ROLLO DE TANZA (Genérico),45000.0,C,1.0,1.0,1.0,,1,0.0
2026,1,1086,1040,17,1034,1,0,ACEITE P/MOTOR 2 TIEMPOS - ACEITE P/MOTOR 2 TIEMPOS (GENERICO),18000.0,C,5.0,5.0,5.0,,1,0.0
2026,1,1086,1040,17,1034,2,0,"LIMA - TIPO PLANA - USO MECANICO - ACABADO FINO - LARGO 4"".",7000.0,C,4.0,4.0,4.0,,1,0.0
2026,1,1086,1040,17,1034,3,0,CABEZALES HUSQVARNA - CABEZALES HUSQVARNA  (Genérico),16000.0,C,3.0,3.0,3.0,,1,0.0
2026,1,1086,1040,17,1034,4,0,"REPARACION DE MOTOGUADAÑA-MOTOSIERRA - REPARACION DE MOTOGUADAÑA-MOTOSIERRA (Genérico)EMBRAGUE,CAMPANA,JUNTA, BRIDA,BULIN RETEN,JUNTA Y MOTOR",377500.0,C,1.0,1.0,1.0,,1,0.0
2026,1,1089,1043,1879,1038,1,0,RETEN P/AUTOMOTOR Y MAQ.VIAL - RETEN P/AUTOMOTOR Y MAQ.VIAL,9500.0,C,2.0,2.0,2.0,,1,0.0
2026,1,1089,1043,1879,1038,2,0,RODAMIENTO - RODAMIENTO (ruedas delanteras),50900.0,C,1.0,1.0,1.0,,1,0.0
2026,1,1089,1043,1879,1038,3,0,PASTILLA DE FRENO - PASTILLA DE FRENO,46000.0,C,1.0,1.0,1.0,,1,0.0
2026,1,1089,1043,1879,1038,4,0,ROTULA - ROTULA,98000.0,C,1.0,1.0,1.0,,1,0.0
2026,1,1089,1043,1879,1038,5,0,HOMOSINETICA - HOMOSINETICA,72600.0,C,1.0,1.0,1.0,,1,0.0
2026,1,1089,1043,1879,1038,6,0,BUJE P/AUTOMOTOR - BUJE P/AUTOMOTOR (GENERICO),31000.0,C,2.0,2.0,2.0,,1,0.0
2026,1,1094,1046,2261,1040,1,0,MATAFUEGO DESCARTABLE - MATAFUEGOS POLVO QUIMICO ABC 5KG,105000.0,C,17.0,17.0,17.0,,1,0.0
2026,1,1104,1048,167,1044,1,0,POLLO - 20K PATA Y MUSLO,170000.0,C,1.0,1.0,1.0,,1,0.0
2026,1,1104,1048,167,1044,2,0,POLLO - 16.600K PECHUGA,273900.0,C,1.0,1.0,1.0,,1,0.0
2026,1,1104,1048,167,1044,3,0,POLLO - 6K HAMBURGUESAS,93000.0,C,1.0,1.0,1.0,,1,0.0
2026,1,1105,1053,167,1047,1,0,POLLO - 26.800KG PECHUGA,442200.0,C,1.0,1.0,1.0,,1,0.0
2026,1,1105,1053,167,1047,2,0,POLLO - 62.130KG PATA Y MUSLO,528105.0,C,1.0,1.0,1.0,,1,0.0
2026,1,1106,1056,2595,1050,1,0,CORREA - CORREA 4PK 975,10850.0,C,1.0,1.0,1.0,,1,0.0
2026,1,1106,1056,2595,1050,2,0,BORNES DE PASO Y SECCIONABLES - BORNE CHICO POSITIVO,4000.0,C,1.0,1.0,1.0,,1,0.0
2026,1,1106,1056,2595,1050,3,0,CAJA DE FUSIBLES P/AUTOMOTOR - 2 FUSIBLES MAX SOAM,2500.0,C,1.0,1.0,1.0,,1,0.0
2026,1,1106,1056,2595,1050,4,0,CAJA DE FUSIBLES P/AUTOMOTOR - BLISTER FUSIBLE PALETA,2000.0,C,1.0,1.0,1.0,,1,0.0
2026,1,1106,1056,2595,1050,5,0,SILICONA - SILICONA FULL CAR INTERIOR,6000.0,C,1.0,1.0,1.0,,1,0.0
2026,1,1106,1056,2595,1050,6,0,SILOC BCO - SILICONA FULL CAR EXTERIOR,12000.0,C,1.0,1.0,1.0,,1,0.0
2026,1,1106,1056,2595,1050,7,0,LIMPIA TAPIZADO - LIMPIA TAPIZADO,30860.0,C,1.0,1.0,1.0,,1,0.0
2026,1,1106,1056,2595,1050,8,0,AGUA DESTILADA - LATA K78,7000.0,C,1.0,1.0,1.0,,1,0.0
2026,1,1110,1059,2595,1053,1,0,PLAQUETA ELECTRONICA P/AUTO - PLAQUETA ELECTRONICA P/AUTO,30600.0,C,1.0,1.0,1.0,,1,0.0
2026,1,1110,1059,2595,1053,2,0,AUTOMATICO DE ARRANQUE - AUTOMATICO DE ARRANQUE,56500.0,C,1.0,1.0,1.0,,1,0.0
2026,1,1110,1059,2595,1053,3,0,AGUA DESTILADA - AGUA DESTILADA,3500.0,C,8.0,8.0,8.0,,1,0.0
2026,1,1110,1059,2595,1053,4,0,ESCOBILLA P/AUTOMOVIL - ESCOBILLA P/AUTOMOVIL,15025.0,C,2.0,2.0,2.0,,1,0.0
2026,1,1110,1059,2595,1053,5,0,CAMPANA DE FRENO P/AUTOMOTOR - CAMPANA DE FRENO P/AUTOMOTOR (GENERICO),45900.0,C,1.0,1.0,1.0,,1,0.0
2026,1,1110,1059,2595,1053,6,0,SILICONA - SILICONA,9000.0,C,1.0,1.0,1.0,,1,0.0
2026,1,1110,1059,2595,1053,7,0,TAPA DE ACEITE - TAPA DE ACEITE,8920.0,C,1.0,1.0,1.0,,1,0.0
2026,1,1110,1059,2595,1053,8,0,DEPOSITO LIQUIDO REFRIGERANTE - DEPOSITO LIQUIDO REFRIGERANTE,11000.0,C,1.0,1.0,1.0,,1,0.0
2026,1,1110,1059,2595,1053,9,0,REPUESTO - REPUESTO (Genérico),18595.0,C,1.0,1.0,1.0,,1,0.0
2026,1,1113,1060,2595,1054,1,0,ESPEJO RETROVISOR EXTERIOR - ESPEJO RETROVISOR EXTERIOR MOTONIVELADOR NEW HOLLAND,19560.0,C,1.0,1.0,1.0,,1,0.0
2026,1,1113,1060,2595,1054,2,0,CABLE P/AUTOMOTOR - CABLE P/AUTOMOTOR 178 FREMEC,11880.0,C,1.0,1.0,1.0,,1,0.0
2026,1,1113,1060,2595,1054,3,0,AUTOMATICO DE ARRANQUE - 2807 ZM,38800.0,C,1.0,1.0,1.0,,1,0.0
2026,1,55,21,3246,21,1,0,"MEDICAMENTOS - MEDICAMENTO DISPENSADO EL 2/12/2025
$ 142956.69 - 15 % DESCUENTO $ 121513.19",121513.19,C,1.0,1.0,1.0,,1,0.0
2026,1,54,22,3337,23,1,0,REPARACION DE MOTONIVELADORA - REPARACION DE MOTONIVELADORA (Genérico) Pauny BGZ34,278200.0,C,1.0,1.0,1.0,,1,0.0
2026,1,53,25,3297,25,1,0,PATINES - PATINES (Genérico),38000.0,C,4.0,4.0,4.0,,1,0.0
2026,1,53,25,3297,25,2,0,RECTIFICADORA - RECTIFICADORA (Genérico) CAMPANA,44000.0,C,2.0,2.0,2.0,,1,0.0
2026,1,53,25,3297,25,3,0,CILINDROS - CILINDROS (GENERICO),56000.0,C,2.0,2.0,2.0,,1,0.0
2026,1,52,27,17,27,1,0,CABEZALES HUSQVARNA - CABEZALES HUSQVARNA  (Genérico),16000.0,C,1.0,1.0,1.0,,1,0.0
2026,1,52,27,17,27,2,0,ACEITE P/MOTOR 2 TIEMPOS - ACEITE P/MOTOR 2 TIEMPOS (GENERICO),20000.0,C,2.0,2.0,2.0,,1,0.0
2026,1,52,27,17,27,3,0,CADENA P/MOTOSIERRA - CADENA P/MOTOSIERRA (Genérico),44200.0,C,1.0,1.0,1.0,,1,0.0
2026,1,51,41,33,41,1,0,"SEGURO CONTRA ROBO - SEGURO CONTRA ROBO (GENERICO)DE EQUIPO DE TRANSMISOR,DESDE EL 01/01/2026 AL 31/12/2026",64000.0,C,1.0,1.0,1.0,,1,0.0
2026,1,30,46,1879,47,1,0,CORREA - CORREA POLYN,37300.0,C,1.0,1.0,1.0,,1,0.0
2026,1,26,49,441,49,1,0,BOLSA PP 10 x 15 x 100 - BOLSA PP 10 x 15 x 100 (Genérico),631.95,C,1.0,1.0,1.0,,1,0.0
2026,1,26,49,441,49,2,0,ROLLOS CINTA PAPEL - ROLLOS CINTA PAPEL (Genérico)FIJAPEL,2949.98,C,3.0,3.0,3.0,,1,0.0
2026,1,26,49,441,49,3,0,"CINTA LISA - CINTA LISA (Genérico) 12 X 50 1 MTR$1497.99
                                                20X 50 1 MTR.$2568
TOTAL $4065",4065.99,C,1.0,1.0,1.0,,1,0.0
2026,1,26,49,441,49,4,0,CINTA RASO - CINTA RASO (Genérico)DOBLE FAZ 1 X 10 MTS,1470.0,C,1.0,1.0,1.0,,1,0.0
2026,1,26,49,441,49,5,0,ROLLO A/D - ROLLO A/D (Genérico)20 X 30,3869.0,C,4.56,4.56,4.56,,1,0.0
2026,1,24,54,3316,55,1,0,SERVICIO DE HOTELERIA - SERVICIO DE HOTELERIA (GENERICO),7000000.0,C,1.0,1.0,1.0,,1,0.0
2026,1,23,56,1494,56,1,0,COMISIONES - COMISIONES (Genérico),1500000.0,C,1.0,1.0,1.0,,1,0.0
2026,1,760,724,3003,722,1,0,"PROGRAMA DE MODERNIZACIÓN( SGM ) - servicio de la Licencia del Software de Historia Clínica Digital, del 1 de enero al 30 de junio   con módulos integrales de facturación y manejo de información
La citada plataforma debe proporcionar un servicio profesional de gerenciamiento, soporte al plan de proyecto, capacitación, transferencia tecnológica y de datos, Historia Clínica digital, poseer Módulo de Gestión Administrativa Integral, con sólidos sus módulos de Recuperación de Costos (SAMO, SUMAR, Etc.).
El mencionado servicio del software debe incluir su uso en el Hospital Municipal como así también en los Centros de Atención Primaria de la Salud, e incluir mantenimiento y futuras actualizaciones.
",4000000.0,C,6.0,6.0,6.0,,1,0.0
2026,1,970,889,1119,885,1,0,"SERV. RESIDUOS PATOLOGICOS - SERVICIO DE RECOLECCION DE CONTENEDORES 200 LTS, TRATAMIENTO Y DISPOSICION FINAL DE RESIDUOS PATOGENICOS DEL 01/01/2026 AL 30/06/2026",43000.0,C,1.0,1.0,1.0,,1,0.0
2026,1,972,890,3430,886,1,0,CARTUCHO TONER - CF 219 ACOMP,7807.404,C,14.0,14.0,14.0,,1,0.0
2026,1,972,890,3430,886,2,0,CARTUCHO TONER - MLTD111SCOMPV2,6266.469,C,5.0,5.0,5.0,,1,0.0
2026,1,972,890,3430,886,3,0,CARTUCHO TONER - TN1060COMP,3253.085,C,10.0,10.0,10.0,,1,0.0
2026,1,972,890,3430,886,4,0,"CARTUCHO TONER - W1360ACOMP
",11967.9285,C,4.0,4.0,4.0,,1,0.0
2026,1,972,890,3430,886,5,0,CARTUCHO DE TINTA - INKDYEYEPL,873.1965,C,40.0,40.0,40.0,,1,0.0
2026,1,1113,1060,2595,1054,4,0,LAMPARA - 10 W 12 VOL PALA RETRO NEW HOLLAND,900.0,C,4.0,4.0,4.0,,1,0.0
2026,1,1113,1060,2595,1054,5,0,LLAVE DE PUNTO - LLAVE DE ARRANQUE 60735,9100.0,C,1.0,1.0,1.0,,1,0.0
2026,1,1113,1060,2595,1054,6,0,FUSIBLE - FUSIBLE FICHA SURTIDOR,150.0,C,10.0,10.0,10.0,,1,0.0
2026,1,1113,1060,2595,1054,7,0,TERMINAL - TERMINAL KO,200.0,C,6.0,6.0,6.0,,1,0.0
2026,1,1113,1060,2595,1054,8,0,RELAY - RELAY 24 V NY2144 / NY 3345,15160.0,C,1.0,1.0,1.0,,1,0.0
2026,1,1113,1060,2595,1054,9,0,FICHA ADAPTADORA - FICHA RELAY 4 PATA ANCHA,2270.0,C,1.0,1.0,1.0,,1,0.0
2026,1,1113,1060,2595,1054,10,0,"CAÑO, corrugado - 2 MTS",930.0,C,2.0,2.0,2.0,,1,0.0
2026,1,1113,1060,2595,1054,11,0,CINTA AISLADORA - CINTA AISLADORA (GENERICO),2660.0,C,1.0,1.0,1.0,,1,0.0
2026,1,1113,1060,2595,1054,12,0,CAJA DE FUSIBLES P/AUTOMOTOR - CAJA DE FUSIBLES P/AUTOMOTOR (GENERICO),2000.0,C,1.0,1.0,1.0,,1,0.0
2026,1,1113,1060,2595,1054,13,0,TERMOSTATO P/AUTOMOTOR - TERMOSTATO P/AUTOMOTOR (GENERICO),19200.0,C,1.0,1.0,1.0,,1,0.0
2026,1,1113,1060,2595,1054,14,0,FICHA PUENTE - 1004ORO,2150.0,C,2.0,2.0,2.0,,1,0.0
2026,1,1112,1061,879,1055,1,0,ARENA - ARENA (GENERICO) BOLSAS DE 20 PALADAS,2100.0,C,6.0,6.0,6.0,,1,0.0
2026,1,372,372,2986,370,1,0,"PUBLICIDAD RADIAL - PUBLICIDAD RADIAL- Corresponde contratacion desde 01 de enero del 2026 hasta el 31 de diciembre del mismo ejercicio, percibiendo una suma mensual de $ 65.000",65000.0,C,12.0,12.0,12.0,,1,0.0
2026,1,370,375,3445,373,1,0,"PUBLICIDAD RADIAL - PUBLICIDAD RADIAL- Corresponde contratacion desde 01 de enero del 2026 hasta el 31 de diciembre del mismo ejercicio, percibiendo una suma mensual de $ 65.000",65000.0,C,12.0,12.0,12.0,,1,0.0
2026,1,381,376,41,374,1,0,SERV.DE PUBLICIDAD TELEVISIVA - SERV.DE PUBLICIDAD TELEVISIVA - Corresponde contratacion desde el 01 de enero del 2026 hasta el 31 de diciembre del 2026 percibiendo un monto mensual de $ 90.000,90000.0,C,12.0,12.0,12.0,,1,0.0
2026,1,893,851,3296,849,1,0,"PINTURA AL LATEX - PINTURA AL LATEX (Genérico)
INTERIOR - EXTERIOR BCO X 4 LT",59290.0,C,1.0,1.0,1.0,,1,0.0
2026,1,893,851,3296,849,2,0,"PINCELETA - PINCELETA (Genérico)
BLACK - 50 ESPECIAL LATEX|",15282.88,C,1.0,1.0,1.0,,1,0.0
2026,1,894,853,866,851,1,0,MEDICAMENTOS - SUCCINILCOLINA 100 MG AMPOLLA,2551.5,C,100.0,100.0,100.0,,1,0.0
2026,1,894,853,866,851,2,0,ANESTESIA - ATRACURIUM 50 MG AMPOLLA,433575.0,C,6.0,6.0,6.0,,1,0.0
2026,1,894,853,866,851,3,0,ANESTESICO GENERAL - PROPOFOL AMPOLLA 200 MG.,105750.0,C,2.0,2.0,2.0,,1,0.0
2026,1,894,853,866,851,4,0,ANTICONVULSIDANTE - LEVETIRACETAM 1000 MG X 60 COMP,32400.0,C,5.0,5.0,5.0,,1,0.0
2026,1,894,853,866,851,5,0,ENOXAPARINA 60 MG AMPOLLAS - ENOXAPARINA 60 MG AMPOLLAS X 10,126540.0,C,1.0,1.0,1.0,,1,0.0
2026,1,894,853,866,851,6,0,ANTIEPILEPTICO - CLONAZEPAN 1 mg.,43.1537,C,1000.0,1000.0,1000.0,,1,0.0
2026,1,894,853,866,851,7,0,ANTIBIOTICOS - CLARITROMICINA AMPOLLA  500mg.,9720.0,C,50.0,50.0,50.0,,1,0.0
2026,1,894,853,866,851,8,0,NEUROLEPTICO - LEVOMEPROMAZINA COMPRIMIDO 25 mg.,82.01399,C,990.0,990.0,990.0,,1,0.0
2026,1,894,853,866,851,9,0,HIPOTENSOR - NITROGLICERINA 25 MG AMP,2678.4,C,50.0,50.0,50.0,,1,0.0
2026,1,894,853,866,851,10,0,ANESTESICO LOCAL - LIDOCAINA 1% SIN EPINEFRINA 5 ML,810.035,C,200.0,200.0,200.0,,1,0.0
2026,1,894,853,866,851,11,0,ANTIULCEROSO - OMEPRAZOL FRASCO AMPOLLA 40 mg..,3519.0,C,100.0,100.0,100.0,,1,0.0
2026,1,894,853,866,851,12,0,MEDICAMENTOS - FLUMAZENIL 0.5 MG AMPOLLAS X 50,90000.0,C,1.0,1.0,1.0,,1,0.0
2026,1,894,853,866,851,13,0,ANESTESICO LOCAL - LIDOCAINA 2% SIN EPI 5 ML,702.0,C,100.0,100.0,100.0,,1,0.0
2026,1,894,853,866,851,14,0,ANTIBIOTICOS - SULFAMETOXAZOL+TRIMETROPRIMA JARABE  100ml.,1260.0,C,8.0,8.0,8.0,,1,0.0
2026,1,894,853,866,851,15,0,INOTROPICO - DOBUTAMINA 250 MG 20 ML,115312.5,C,1.0,1.0,1.0,,1,0.0
2026,1,896,854,2408,852,1,0,CREMA BASE X 5 KG - CREMA BASE X 5 KG,69897.68,C,1.0,1.0,1.0,,1,0.0
2026,1,896,854,2408,852,2,0,GEL - GEL TRANSDUCTOR BASE 1 KG,7313.3,C,1.0,1.0,1.0,,1,0.0
2026,1,896,854,2408,852,3,0,PARAFINA - PARAFINA 690 GRS X 3,54758.55,C,1.0,1.0,1.0,,1,0.0
2026,1,897,855,57,853,1,0,SERVICIO DE IMPRESION - 200 VOLANTES INDICACIONES PREQUIRURGICAS,19000.0,C,1.0,1.0,1.0,,1,0.0
2026,1,130,128,3405,128,1,0,ASFALTO - ASFALTO (Genérico) EN FRIO BOLSONOES DE 1000 KG.,376000.0,C,8.0,8.0,8.0,,1,0.0
2026,1,131,131,1213,131,1,0,"PLACA FENOLICO - PLACA FENOLICO (Genérico)
18 MM IV/IV DE 1.22 X 2.44  GRANDES",36645.092,C,14.0,14.0,14.0,,1,0.0
2026,1,271,267,1879,266,1,0,RULEMAN - RULEMAN 31594/520,36000.0,C,1.0,1.0,1.0,,1,0.0
2026,1,271,267,1879,266,2,0,RULEMAN - RULEMAN 2872/2820,55000.0,C,1.0,1.0,1.0,,1,0.0
2026,1,272,269,1440,269,1,0,SOLUCIONES - FISIOLOGICA CLORURO DE SODIO 500CM3.,1370.0,C,450.0,450.0,450.0,,1,0.0
2026,1,272,269,1440,269,2,0,CONTRASTE RADIOLOGICO - XENETIC 350 X 50 ML,89385.0,C,20.0,20.0,20.0,,1,0.0
2026,1,272,269,1440,269,3,0,SOLUCIONES -  RINGER LACTATO  SACHET X 500 ML..,1729.0,C,120.0,120.0,120.0,,1,0.0
2026,1,272,269,1440,269,4,0,CAJAS SOLUCION FISIOLOGICA X 100 ML - SOLUCION FISIOLOGICA X 100 ML,1255.8,C,750.0,750.0,750.0,,1,0.0
2026,1,273,274,1879,273,1,0,CORREA P/AUTOMOTOR/CAMION - CORREA 7PK 1795 DOMINIO KYV365,33000.0,C,2.0,2.0,2.0,,1,0.0
2026,1,273,274,1879,273,2,0,CORREA - RODILLO TENSOR CORREA,39000.0,C,1.0,1.0,1.0,,1,0.0
2026,1,273,274,1879,273,3,0,DISTRIBUIDOR P/AUTOMOTOR - KIT DE DISTRIBUCION FORD,275600.0,C,1.0,1.0,1.0,,1,0.0
2026,1,273,274,1879,273,4,0,AGUA DESTILADA - AGUA DESTILADA,3000.0,C,1.0,1.0,1.0,,1,0.0
2026,1,273,274,1879,273,5,0,EJE TENSOR - TENSOR 23121,93000.0,C,1.0,1.0,1.0,,1,0.0
2026,1,273,274,1879,273,6,0,REPUESTOS P/AMBULANCIA - ENFRIADOR DE ACEITE,976600.0,C,1.0,1.0,1.0,,1,0.0
2026,1,274,282,441,281,1,0,LIBRO DE ACTAS - LIBRO DE ACTAS (GENERICO): 2 Manos 2224/A.,9200.01,C,2.0,2.0,2.0,,1,0.0
2026,1,274,282,441,281,2,0,VASO PLASTICO DESCARTABLE - MATERIAL POLIESTIRENO - LINEA BLANCOS - MOTIVO LISO - CAPACIDAD 300cm¦ - PRESENTACION CAJA X 100.,5100.0,C,1.0,1.0,1.0,,1,0.0
2026,1,274,282,441,281,3,0,Pote Nat. 1/4 kg - Pote Nat. 1/2kg (Genérico): BEMIS.,7250.01,C,10.0,10.0,10.0,,1,0.0
2026,1,274,282,441,281,4,0,TAPA PLASTICA - TAPA PLASTICA (GENERICO): BEMIS T88 X 100.,3300.0,C,10.0,10.0,10.0,,1,0.0
2026,1,275,284,2209,283,1,0,ADEREZOS - MAYONESA SACHET - CONTENIDO 2.900Kg.,7999.0,C,3.0,3.0,3.0,,1,0.0
2026,1,275,284,2209,283,2,0,ARROZ - GALLO  1Kg.,1999.0,C,10.0,10.0,10.0,,1,0.0
2026,1,275,284,2209,283,3,0,GASEOSA - COCA LIGHT Y SPRITE 2250 CC,3799.0,C,8.0,8.0,8.0,,1,0.0
2026,1,276,286,527,284,1,0,PAPEL P/ELECTROCARDIOGRAM. - PAPEL P/ELECTROCARDIOGRAMA SCHILLER CARDIOVIT AT1-G2 DE 80 MM X 70 MM X 200 H,42350.0,C,1.0,1.0,1.0,,1,0.0
2026,1,361,316,413,315,1,0,CUBIERTA P/AUTOMOTOR - CUBIERTA P/AUTOMOTOR 195/75/16  LOGAN DOMINIO AF545GL,250000.0,C,2.0,2.0,2.0,,1,0.0
2026,1,362,317,85,316,1,0,TERMOTANQUE - TERMOTANQUE ESKABE ACOUAPIU HYBRID4 H1100 MG PARA SECTOR INTERNACION,1404999.0,C,1.0,1.0,1.0,,1,0.0
2026,1,362,317,85,316,2,0,TELEFONO CELULAR - TELEFONO CELULAR  MOTOROLA E15 PARA OFICINA 107,199999.0,C,1.0,1.0,1.0,,1,0.0
2026,1,363,318,2209,317,1,0,MAQUINA DE AFEITAR - MAQUINA DE AFEITAR GILLETTE,1199.0,C,24.0,24.0,24.0,,1,0.0
2026,1,363,318,2209,317,2,0,PURE DE TOMATE - PURE DE TOMATE VIGENTE X 12,6500.0,C,2.0,2.0,2.0,,1,0.0
2026,1,363,318,2209,317,3,0,ADEREZOS - MAYONESA X 2.900 KG,7999.0,C,6.0,6.0,6.0,,1,0.0
2026,1,363,318,2209,317,4,0,DURAZNO EN LATA - DURAZNO EN LATA S$P 800 GRS,1899.0,C,12.0,12.0,12.0,,1,0.0
2026,1,363,318,2209,317,5,0,JALEA DE MEMBRILLO - MEMBRILLO DULCOR 5 KG,12900.0,C,1.0,1.0,1.0,,1,0.0
2026,1,363,318,2209,317,6,0,ARVEJAS - AVEJA INALPA 350 GRS,590.0,C,24.0,24.0,24.0,,1,0.0
2026,1,363,318,2209,317,7,0,ESPECIAS - PIMENTON X 1000 GRS.,12500.0,C,1.0,1.0,1.0,,1,0.0
2026,1,363,318,2209,317,8,0,ESPECIAS - OREGANO X 1000 GRS.,16900.0,C,1.0,1.0,1.0,,1,0.0
2026,1,363,318,2209,317,9,0,DULCE DE LECHE - DULC DE LECHE  ILOLAY 1 KG,6500.0,C,1.0,1.0,1.0,,1,0.0
2026,1,363,318,2209,317,10,0,FLAN - FLAN 5 KG ORLOC,29000.0,C,1.0,1.0,1.0,,1,0.0
2026,1,363,318,2209,317,11,0,GELATINA - GELATINA ORLOC 5 KG,31500.0,C,1.0,1.0,1.0,,1,0.0
2026,1,363,318,2209,317,12,0,EDULCORANTE ARTIFICIAL - HILERET LIQ X  250cm¦.,2090.0,C,9.0,9.0,9.0,,1,0.0
2026,1,363,318,2209,317,13,0,CACAO - NESQUIK 180 GRS,1590.0,C,2.0,2.0,2.0,,1,0.0
2026,1,363,318,2209,317,14,0,ALIMENTOS PARA PERSONAS - PALMITOS 400 GRS,3690.0,C,2.0,2.0,2.0,,1,0.0
2026,1,363,318,2209,317,15,0,PATE / PICADILLO - PATE 90 GRS,999.0,C,3.0,3.0,3.0,,1,0.0
2026,1,363,318,2209,317,16,0,ALIMENTOS VARIOS - TE ROSAMONTE 500 GRS,699.0,C,20.0,20.0,20.0,,1,0.0
2026,1,363,318,2209,317,17,0,ARROZ - ARROZ  1 KG.,1690.0,C,5.0,5.0,5.0,,1,0.0
2026,1,363,318,2209,317,18,0,ARROZ - ARROZ GALLO 500 G,999.0,C,5.0,5.0,5.0,,1,0.0
2026,1,1099,1030,441,1025,1,0,VASO PLASTICO DESCARTABLE - VASO PLASTICO DESCARTABLE (GENERICO) - PACK X 100 UNIDADES,5100.0,C,3.0,3.0,3.0,,1,0.0
2026,1,1100,1032,2991,1026,1,0,SERVICIO DE SONIDO - SERVICIO DE SONIDO (Genérico) -  SONIDO Y MUSICALIZACION EN LA XI EDICON DE LA CARRERA DE LA MUJER,450000.0,C,1.0,1.0,1.0,,1,0.0
2026,1,1101,1033,2450,1027,1,0,FRUTAS Y VERDURA - FRUTAS Y VERDURA (Genérico) - BANANAS Y NARANJAS- PARA PUESTO DE RECUPERACION CARRERA,250000.0,C,1.0,1.0,1.0,,1,0.0
2026,1,1111,1065,1527,1059,1,0,PARCHE P/CAMARA - PARCHE P/CAMARA (AF349OI-AF354SS-AE704AW- LBN 155- AF245CY-AH137YD- AH005UV- AB038FH- AF747PM-),203000.0,C,1.0,1.0,1.0,,1,0.0
2026,1,363,318,2209,317,19,0,QUESO - CREMOSO CREMAC CREMAC  POR KILO,7900.0,C,8.995,8.995,8.995,,1,0.0
2026,1,363,318,2209,317,20,0,FIAMBRE - FIAMBRE COCIDO CAGNOLI POR KILOGRAMO.,8900.0,C,18.46,18.46,18.46,,1,0.0
2026,1,363,318,2209,317,21,0,POLENTA X 1 KG - POLENTA PRESTOPRONTA 490 GRS,1390.0,C,3.0,3.0,3.0,,1,0.0
2026,1,363,318,2209,317,22,0,ATUN - ATUN desp 170 grs,1250.0,C,48.0,48.0,48.0,,1,0.0
2026,1,363,318,2209,317,23,0,SAL - SAL FINA SOBRES  x 1000,16900.0,C,2.0,2.0,2.0,,1,0.0
2026,1,363,318,2209,317,24,0,QUESO - MUZZARELLA SOBRERO KG,8500.0,C,16.53,16.53,16.53,,1,0.0
2026,1,363,318,2209,317,25,0,ACEITE COMESTIBLE - ACEITE CAÑUELAS GIRASOL  5L.,16500.0,C,8.0,8.0,8.0,,1,0.0
2026,1,363,318,2209,317,26,0,AZUCAR - AZUCAR 10 KG,9999.0,C,4.0,4.0,4.0,,1,0.0
2026,1,363,318,2209,317,27,0,QUESO - BARRA CREMAC POR  KILOGRAMO.,9999.0,C,9.275,9.275,9.275,,1,0.0
2026,1,363,318,2209,317,28,0,HARINA - HARINA PUREZA 0000 - 10 X  1Kg,9990.0,C,1.0,1.0,1.0,,1,0.0
2026,1,363,318,2209,317,29,0,HARINA -  LEUDANTE X 5 KG,5500.0,C,2.0,2.0,2.0,,1,0.0
2026,1,363,318,2209,317,30,0,LECHE - LECHE EN POLVO 25 KG,315000.0,C,1.0,1.0,1.0,,1,0.0
2026,1,364,319,1078,318,1,0,TRABAJOS DE ELECTRICIDAD - CORTCIRCUITO TABLERO VIEJO Y RECONECTAR CAMARAS ENTRADA DE ADMISION,170000.0,C,1.0,1.0,1.0,,1,0.0
2026,1,383,321,57,320,1,0,SERVICIO DE IMPRESION - SERVICIO DE IMPRESION (GENERICO)DE 50 TALONARIOS DE DEPOSITO DESDE EL 0001-2500,299500.0,C,1.0,1.0,1.0,,1,0.0
2026,1,384,323,57,324,1,0,SERVICIO DE IMPRESION - SERVICIO DE IMPRESION (GENERICO) DE 50 TALONARIOS ORDENES DE COPRA DESDE EL 20001-22500,299500.0,C,1.0,1.0,1.0,,1,0.0
2026,1,387,327,1259,326,1,0,FUENTE SWITCHING 12Vcc 10A - FUENTE SWITCHING 12Vcc 10A,35421.4,C,4.0,4.0,4.0,,1,0.0
2026,1,387,327,1259,326,2,0,Pila - Pila AA,2030.0,C,2.0,2.0,2.0,,1,0.0
2026,1,387,327,1259,326,3,0,CONECTOR - CONECTOR AMERICANO,420.0,C,4.0,4.0,4.0,,1,0.0
2026,1,387,327,1259,326,4,0,CABLE UTP - CABLE UTP,1699.6,C,30.0,30.0,30.0,,1,0.0
2026,1,385,330,441,329,1,0,CARPETA COLGANTE - CARPETA COLGANTE (GENERICO),690.0,C,50.0,50.0,50.0,,1,0.0
2026,1,386,332,441,331,1,0,SELLO FECHADOR - SELLO FECHADOR (GENERICO),9200.01,C,2.0,2.0,2.0,,1,0.0
2026,1,346,348,3454,347,1,0,"SERVICIOS TECNICOS Y PROFESIONALES - SERVICIOS TECNICOS Y PROFESIONALES (Genérico)
A partir del 01 de enero hasta el 31 de enero  2026, percibiendo la suma de:
- $ 510.717,60 mensual, 60 horas mensuales.
- $ 200.000 mensual , en concepto de guardias.",710717.6,C,1.0,1.0,1.0,,1,0.0
2026,1,347,349,3033,348,1,0,"SERVICIOS TECNICOS Y PROFESIONALES - SERVICIOS TECNICOS Y PROFESIONALES (Genérico)
A partir del 01 de enero hasta el 30 de junio 2026, percibiendo la suma de:
- $ 851.196 mensual, 100 horas mensuales.
- $ 200.000 mensual , en concepto de guardias.",1051196.0,C,6.0,6.0,6.0,,1,0.0
2026,1,348,350,3228,349,1,0,"SERVICIOS TECNICOS Y PROFESIONALES - SERVICIOS TECNICOS Y PROFESIONALES (Genérico)
A partir del 01 de enero hasta el 30 de junio 2026, percibiendo la suma de:
- $ 851.196 mensual, 100 horas mensuales.
- $ 200.000 mensual , en concepto de guardias.",1051196.0,C,6.0,6.0,6.0,,1,0.0
2026,1,349,351,2812,350,1,0,"SERVICIOS TECNICOS Y PROFESIONALES - SERVICIOS TECNICOS Y PROFESIONALES (Genérico)
A partir del 01 de enero hasta el 30 de junio 2026, percibiendo la suma de:
- $ 476.670,06 mensual, 56 horas mensuales Envión.
- $ 510.717,60 mensual, 60 horas mensuales. Servicio Local
- $ 200.000 mensual , en concepto de guardias.",1187387.66,C,6.0,6.0,6.0,,1,0.0
2026,1,350,352,1112,351,1,0,"SERVICIOS TECNICOS Y PROFESIONALES - SERVICIOS TECNICOS Y PROFESIONALES (Genérico)
A partir del 01 de enero hasta el 30 de junio 2026, percibiendo la suma de:
- $ 919.291.68 mensual, 108horas mensuales.
- $ 200.000 mensual , en concepto de guardias.",1119291.68,C,6.0,6.0,6.0,,1,0.0
2026,1,461,431,3322,428,3,0,ARTICULOS DE LIMPIEZA - SF  200 X 5 KG,40660.24,C,1.0,1.0,1.0,,1,0.0
2026,1,461,431,3322,428,4,0,Rociador x 500cc - GATILLO SPRAY ITALIANO,3400.02,C,4.0,4.0,4.0,,1,0.0
2026,1,461,431,3322,428,5,0,JABON LIQUIDO - JABON BAJA ESPUMA 10 KG,35414.7,C,1.0,1.0,1.0,,1,0.0
2026,1,461,431,3322,428,6,0,DETERGENTE - SKIP ALKALINE BOOSTER PRO 20 L,101501.64,C,1.0,1.0,1.0,,1,0.0
2026,1,461,431,3322,428,7,0,ARTICULOS DE LIMPIEZA - PERACETICO SUTTER 20 KG,215398.83,C,1.0,1.0,1.0,,1,0.0
2026,1,461,431,3322,428,8,0,DETERGENTE - SKIP ENZIMES 20 L POWER,246886.81,C,1.0,1.0,1.0,,1,0.0
2026,1,461,431,3322,428,9,0,JABON P/LAVAR ROPA - ALA BLANQ BOOSTER 20 L,78429.31,C,1.0,1.0,1.0,,1,0.0
2026,1,461,431,3322,428,10,0,JABON EN POLVO - JABON EN POLVO  b espuma 5 kg,15667.59,C,1.0,1.0,1.0,,1,0.0
2026,1,462,432,2878,429,1,0,CERRAJERIA - COLOCACION CONTROL ACCESO ELECTRONICO PUERTA INTERNACION,200000.0,C,1.0,1.0,1.0,,1,0.0
2026,1,606,564,1514,561,1,0,GAS OIL - GAS OIL (GENERICO),1626.0,C,1800.0,1800.0,1800.0,,1,0.0
2026,1,605,565,1514,562,1,0,GAS OIL - GAS OIL (GENERICO),1626.0,C,6000.0,6000.0,6000.0,,1,0.0
2026,1,672,627,3560,625,1,0,"ACTUACION ARTISTICA - ACTUACION ARTISTICA (Genérico)
CARNAVAL 2026  
16 DE FEBRERO
ACTUACION 06/02",450000.0,C,1.0,1.0,1.0,,1,0.0
2026,1,676,643,879,641,1,0,BOMBA PERIFERICA - BOMBA PERIFERICA (Genérico),104240.0,C,1.0,1.0,1.0,,1,0.0
2026,1,676,643,879,641,2,0,UNION DOBLE - UNION DOBLE (GENERICO),2989.0,C,2.0,2.0,2.0,,1,0.0
2026,1,676,643,879,641,3,0,CODO - CODO (GENERICO),511.0,C,2.0,2.0,2.0,,1,0.0
2026,1,676,643,879,641,4,0,CUPLA REDUCCION - CUPLA REDUCCION (GENERICO),346.0,C,2.0,2.0,2.0,,1,0.0
2026,1,676,643,879,641,5,0,TUBO AZUL - TUBO AZUL (Genérico),3010.0,C,2.0,2.0,2.0,,1,0.0
2026,1,676,643,879,641,6,0,BUJE DE REDUCCION - BUJE DE REDUCCION (GENERICO),205.0,C,2.0,2.0,2.0,,1,0.0
2026,1,676,643,879,641,7,0,ADAPTADOR DE TANQUE PPN - ADAPTADOR DE TANQUE PPN (Genérico),4800.0,C,1.0,1.0,1.0,,1,0.0
2026,1,676,643,879,641,8,0,DESENGRASADOR - DESENGRASADOR  (Genérico),70520.0,C,1.0,1.0,1.0,,1,0.0
2026,1,695,644,879,642,1,0,BOLSA CEMENTO - BOLSA CEMENTO,9620.0,C,1.0,1.0,1.0,,1,0.0
2026,1,695,644,879,642,2,0,BALDE P/ALBAÑIL - BALDE ALBAÑIL,2800.0,C,2.0,2.0,2.0,,1,0.0
2026,1,692,645,167,643,1,0,POLLO - PATA MUSLO,8097.56,C,20.5,20.5,20.5,,1,0.0
2026,1,692,645,167,643,2,0,POLLO - PECHUGA,14500.0,C,15.5,15.5,15.5,,1,0.0
2026,1,692,645,167,643,3,0,POLLO - HAMBURGUESA,13500.0,C,5.7,5.7,5.7,,1,0.0
2026,1,688,647,2371,645,1,0,CEPILLO - CEPILLO (GENERICO),6490.0,C,50.0,50.0,50.0,,1,0.0
2026,1,688,647,2371,645,2,0,CABO DE MADERA - CABO DE MADERA (GENERICO),3290.0,C,30.0,30.0,30.0,,1,0.0
2026,1,685,648,1879,646,1,0,RULEMAN - RULEMAN,87000.0,C,1.0,1.0,1.0,,1,0.0
2026,1,685,648,1879,646,2,0,BIELETAS - BIELETAS,23000.0,C,1.0,1.0,1.0,,1,0.0
2026,1,682,650,3297,648,1,0,PRECAP - PRECAP,33000.0,C,1.0,1.0,1.0,,1,0.0
2026,1,682,650,3297,648,2,0,ROTULA - ROTULA DELANTERA,52500.0,C,1.0,1.0,1.0,,1,0.0
2026,1,682,650,3297,648,3,0,ALINEAR Y BALANCEAR - ALINEAR Y BALANCEAR,100000.0,C,2.0,2.0,2.0,,1,0.0
2026,1,682,650,3297,648,4,0,FUELLE - FUELLE HOMOCINETICA,20000.0,C,1.0,1.0,1.0,,1,0.0
2026,1,682,650,3297,648,5,0,AMORTIGUADOR - AMORTIGUADOR (GENERICO),191000.0,C,2.0,2.0,2.0,,1,0.0
2026,1,682,650,3297,648,6,0,BUJES P/MOTORES - BUJES P/MOTORES,30800.0,C,2.0,2.0,2.0,,1,0.0
2026,1,682,650,3297,648,7,0,BIELETAS - BIELETAS,31000.0,C,2.0,2.0,2.0,,1,0.0
2026,1,679,652,1995,650,1,0,Trabajos de carpinteria - Trabajos de carpinteria (REPARACION DE 14 ESCALONES Y 2 DESCANZOS EN MADERA DE VIRAPITA),337800.0,C,1.0,1.0,1.0,,1,0.0
2026,1,1052,1001,2595,995,1,0,PLAQUETA ELECTRONICA P/AUTO - PLAQUETA ELECTRONICA P/AUTO (GENERICO),92000.0,C,1.0,1.0,1.0,,1,0.0
2026,1,1052,1001,2595,995,2,0,MANIJA INTERIOR P/AUTOMOTOR - MANIJA INTERIOR P/AUTOMOTOR (GENERICO),52000.0,C,1.0,1.0,1.0,,1,0.0
2026,1,1052,1001,2595,995,3,0,CORREA P/AUTOMOTOR/CAMION - MARCA KIA - MODELO BESTA - USO P/AIRE ACONDICIONADO.,10260.0,C,1.0,1.0,1.0,,1,0.0
2026,1,1052,1001,2595,995,4,0,CORREA P/AUTOMOTOR/CAMION - MARCA MERCEDES BENZ 310D - MODELO 13 x 1350 CONT. - USO ARRANQUE,13270.0,C,1.0,1.0,1.0,,1,0.0
2026,1,1052,1001,2595,995,5,0,REGULADOR DE VOLTAJE P/AUTO - REGULADOR DE VOLTAJE P/AUTO (GENERICO),55420.0,C,1.0,1.0,1.0,,1,0.0
2026,1,1052,1001,2595,995,6,0,CARBON P/ MOTOR ARRANQUE - CARBON P/ MOTOR ARRANQUE (GENERICO),11700.0,C,1.0,1.0,1.0,,1,0.0
2026,1,1053,1002,3336,997,1,0,REPARACION DE CAMION - CAMIONETA - DESCRIPCION REP. MOTOR DE ARRANQUE.,160000.0,C,1.0,1.0,1.0,,1,0.0
2026,1,1053,1002,3336,997,2,0,REPARACION DE CAMION - CAMIONETA - REPARACION DE CAMION - CAMIONETA (GENERICO) CORONA DE ARRANQUE,620000.0,C,1.0,1.0,1.0,,1,0.0
2026,1,1054,1004,3395,1001,1,0,BATERIA - DESTINO AUTOMOTOR - TENSION NOM. 12V - CAPACIDAD DE CORRIENTE 180A.,430000.0,C,1.0,1.0,1.0,,1,0.0
2026,1,1080,1027,169,1021,4,0,LUSTRAMUEBLES - LUSTRAMUEBLES (GENERICO)CERAMICOL AEROSOL,4900.0,C,36.0,36.0,36.0,,1,0.0
2026,1,1081,1028,3075,1022,1,0,LIMPIADOR CREMOSO - LIMPIADOR CREMOSO (GENERICO)DIONE,3303.3,C,15.0,15.0,15.0,,1,0.0
2026,1,1057,1007,2450,1002,1,0,MORRON - MORRON,5000.0,C,25.0,25.0,25.0,,1,0.0
2026,1,1057,1007,2450,1002,2,0,LIMON - LIMON,3900.0,C,21.0,21.0,21.0,,1,0.0
2026,1,1057,1007,2450,1002,3,0,AJO - AJO,1200.0,C,35.0,35.0,35.0,,1,0.0
2026,1,1057,1007,2450,1002,4,0,ALBAHACA - ALBAHACA,1500.0,C,2.0,2.0,2.0,,1,0.0
2026,1,1057,1007,2450,1002,5,0,PAPA - PAPA,1500.0,C,480.0,480.0,480.0,,1,0.0
2026,1,1057,1007,2450,1002,6,0,BERENJENA - BERENJENA,3000.0,C,6.0,6.0,6.0,,1,0.0
2026,1,1057,1007,2450,1002,7,0,ACELGA - ACELGA,1800.0,C,90.0,90.0,90.0,,1,0.0
2026,1,1057,1007,2450,1002,8,0,ZANAHORIA - ZANAHORIA,1500.0,C,120.0,120.0,120.0,,1,0.0
2026,1,1057,1007,2450,1002,9,0,BATATA - BATATA,2400.0,C,150.0,150.0,150.0,,1,0.0
2026,1,1057,1007,2450,1002,10,0,CHAUCHA - CHAUCHA,5000.0,C,5.0,5.0,5.0,,1,0.0
2026,1,1057,1007,2450,1002,11,0,PEREJIL - PEREJIL,2500.0,C,17.0,17.0,17.0,,1,0.0
2026,1,1057,1007,2450,1002,12,0,LECHUGA - LECHUGA,4000.0,C,12.0,12.0,12.0,,1,0.0
2026,1,1057,1007,2450,1002,13,0,REMOLACHA - REMOLACHA,2800.0,C,17.0,17.0,17.0,,1,0.0
2026,1,1057,1007,2450,1002,14,0,ZAPALLITO - ZAPALLITO,3000.0,C,83.0,83.0,83.0,,1,0.0
2026,1,1057,1007,2450,1002,15,0,CEBOLLA - VERDEO,2500.0,C,8.0,8.0,8.0,,1,0.0
2026,1,1057,1007,2450,1002,16,0,CEBOLLA - CEBOLLA,1500.0,C,126.0,126.0,126.0,,1,0.0
2026,1,1057,1007,2450,1002,17,0,ZAPALLO - CALABAZA,2500.0,C,198.0,198.0,198.0,,1,0.0
2026,1,1057,1007,2450,1002,18,0,ZAPALLO - ZUCCHINI,3500.0,C,44.0,44.0,44.0,,1,0.0
2026,1,1057,1007,2450,1002,19,0,PUERRO - PUERRO,2500.0,C,2.0,2.0,2.0,,1,0.0
2026,1,1057,1007,2450,1002,20,0,APIO - APIO,2500.0,C,3.0,3.0,3.0,,1,0.0
2026,1,1057,1007,2450,1002,21,0,REPOLLO - REPOLLO,2800.0,C,4.0,4.0,4.0,,1,0.0
2026,1,1057,1007,2450,1002,22,0,TOMATE - TOMATE,2500.0,C,114.0,114.0,114.0,,1,0.0
2026,1,1058,1008,3564,1003,1,0,"PRESTACION DE SERVICIOS PROFESIONALES - PRESTACION DE SERVICIOS PROFESIONALES (Genérico)ARMADO DE PORTONES Y ANCLAJES PARA SU COLOCACION,ARMADO DE ANCLAJES PARA REUTILIZAR UN PORTON,MANO DE PINTURA CON ATIOXIDO A ELECCION PARA LOS PORTONES Y ANCLADOS",800000.0,C,1.0,1.0,1.0,,1,0.0
2026,1,1059,1009,1440,1004,1,0,SOLUCIONES - CLORURO DE SODIO - PRESENTACION 500CM3.,1484.0,C,700.0,700.0,700.0,,1,0.0
2026,1,1059,1009,1440,1004,2,0,CONTRASTE RADIOLOGICO - XENETIC 350 X 50 ML,89385.0,C,30.0,30.0,30.0,,1,0.0
2026,1,1059,1009,1440,1004,3,0,ANTISEPTICO LOCAL - AVAGARD 500 ML,263175.0,C,4.0,4.0,4.0,,1,0.0
2026,1,1059,1009,1440,1004,4,0,PLACA PACIENTE QUIRURGICA - PLACA PACIENTE QUIRURGICA 9160,5165.0,C,120.0,120.0,120.0,,1,0.0
2026,1,1059,1009,1440,1004,5,0,PAPEL GRADO MEDICO - PAPEL GRADO MEDICO 60X334,182468.0,C,1.0,1.0,1.0,,1,0.0
2026,1,1059,1009,1440,1004,6,0,PAPEL GRADO MEDICO - RESMA CREPADO VERDE 80XC120 20 KG,634427.0,C,1.0,1.0,1.0,,1,0.0
2026,1,1081,1028,3075,1022,2,0,ESPONJA - MATERIAL FIBRA ESPONJA - USO P/COCINA - ADITIVO ESPONJA CON  FIBRA - FORMA RECTANGULAR - MEDIDAS 12 X 8 CM. - COLOR AMARILLO.,390.23,C,50.0,50.0,50.0,,1,0.0
2026,1,1081,1028,3075,1022,3,0,LAVANDINA - USO ROPA - CAPACIDAD 5L.,4900.0,C,70.0,70.0,70.0,,1,0.0
2026,1,1081,1028,3075,1022,4,0,Desodorante para piso - Desodorante para piso (Genérico),5300.0,C,50.0,50.0,50.0,,1,0.0
2026,1,1081,1028,3075,1022,5,0,jabon en pan - jabon en pan (Genérico)SEISEME,2100.0,C,36.0,36.0,36.0,,1,0.0
2026,1,1081,1028,3075,1022,6,0,FRANELA - FRANELA (GENERICO),1460.23,C,50.0,50.0,50.0,,1,0.0
2026,1,1081,1028,3075,1022,7,0,INSECTICIDA - INSECTICIDA (GENERICO) FUYI,4491.0,C,36.0,36.0,36.0,,1,0.0
2026,1,1081,1028,3075,1022,8,0,GUANTES P/LIMPIEZA - TAMAÑO GRANDE - MATERIAL LATEX,1998.92,C,10.0,10.0,10.0,,1,0.0
2026,1,1081,1028,3075,1022,9,0,PALO ESCOBILLON - PALO ESCOBILLON (Genérico),1600.83,C,20.0,20.0,20.0,,1,0.0
2026,1,1102,1029,3516,1023,1,0,"SERVICIOS TECNICOS Y PROFESIONALES - SERVICIOS TECNICOS Y PROFESIONALES (Genérico)
A partir del 01 de marzo hasta el 30 de abril 2026, percibiendo la suma de:
- $ 170.000 mensual (pesos ciento setenta mil)
",170000.0,C,2.0,2.0,2.0,,1,0.0
2026,1,1103,1031,3454,1024,1,0,"SERVICIOS TECNICOS Y PROFESIONALES - SERVICIOS TECNICOS Y PROFESIONALES (Genérico)
A partir del 01 de marzo hasta el 31 de marzo 2026, perecibiendo la suma de:
-  $ 510.717,60 mensual (60 horas mensuales)
-  $ 200.000 mensual (en concepto de guardias)",710717.6,C,1.0,1.0,1.0,,1,0.0
2026,1,1082,1034,17,1028,1,0,"REPARACION DE MOTOGUADAÑA-MOTOSIERRA - REPARACION DE MOTOGUADAÑA-MOTOSIERRA (Genérico)TORNILLO, ENGRANAJE.LIMPIEZ DE CARBURADOR,REOARA CADENA Y AFILADO",73000.0,C,1.0,1.0,1.0,,1,0.0
2026,1,1082,1034,17,1028,2,0,ACEITE P/MOTOR 2 TIEMPOS - ACEITE P/MOTOR 2 TIEMPOS (GENERICO),18235.2941,C,17.0,17.0,17.0,,1,0.0
2026,1,1082,1034,17,1028,3,0,FILTRO COMBUSTIBLE - FILTRO COMBUSTIBLE (Genérico),5000.0,C,1.0,1.0,1.0,,1,0.0
2026,1,1083,1036,17,1030,1,0,"REPARACION DE MOTOGUADAÑA-MOTOSIERRA - REPARACION DE MOTOGUADAÑA-MOTOSIERRA (Genérico)CARBURADOR, FILTRO PUESTA A PUNTO CAMBIO DE SOGA",34000.0,C,1.0,1.0,1.0,,1,0.0
2026,1,1083,1036,17,1030,2,0,BUJIA P/AUTOMOTOR - MARCA FORD - MODELO ESCORT 1.6 (AUDI 1992) - Nº BUJIA N12YC - LUZ E/ELECTRODOS 0.7MM.,7000.0,C,6.0,6.0,6.0,,1,0.0
2026,1,1083,1036,17,1030,3,0,"LIMA - TIPO CUADRADA - USO MECANICO - ACABADO BASTO - LARGO 10"".",7000.0,C,4.0,4.0,4.0,,1,0.0
2026,1,1083,1036,17,1030,4,0,CABEZALES HUSQVARNA - CABEZALES HUSQVARNA  (Genérico),8000.0,C,4.0,4.0,4.0,,1,0.0
2026,1,1083,1036,17,1030,5,0,GRASA EXTREMA PRESION - GRASA EXTREMA PRESION (GENERICO),20000.0,C,3.0,3.0,3.0,,1,0.0
2026,1,1083,1036,17,1030,6,0,CADENA P/MOTOSIERRA - CADENA P/MOTOSIERRA (Genérico),33800.0,C,1.0,1.0,1.0,,1,0.0
2026,1,1083,1036,17,1030,7,0,ESPADA P/MOTOSIERRA - ESPADA P/MOTOSIERRA (Genérico),30000.0,C,1.0,1.0,1.0,,1,0.0
2026,1,1083,1036,17,1030,8,0,ROLLO DE TANZA - ROLLO DE TANZA (Genérico),45000.0,C,1.0,1.0,1.0,,1,0.0
2026,1,1085,1037,604,1031,1,0,PARABRISAS - PARABRISAS (GENERICO),630894.0,C,1.0,1.0,1.0,,1,0.0
2026,1,1109,1039,2988,1033,1,0,"Organización de evento - Organización de evento (Genérico)- LOGISTICA Y ORGANIZACION , DIFUSION , ARMADO Y ENTREGA DE KITS , DISTRIBUCION EN LA REGION, ARMADO DE PREDIO Y PORTICO DE LARGADA Y LLEGADA, VALLAS CONEADO, CARTELERIA, ARMADO DE ZONAS, CRONOMETROS, ENTREGA Y RETIRO DE CHIPS, ZONA DE HIDRATACION Y RECUPERACION, CIRCUITO, PUESTO DE HIDRATACION EN EL CIRCUITO, ARMADO Y DESARMADO,   RECURSOS HUMANOS 8.",280000.0,C,1.0,1.0,1.0,,1,0.0
2026,1,1087,1041,441,1035,1,0,PAPEL P/PLASTIFICAR - PAPEL P/PLASTIFICAR (Genérico),2550.0,C,3.0,3.0,3.0,,1,0.0
2026,1,1090,1042,1879,1036,1,0,ENGRANAJE GRANDE - ENGRANAJE GRANDE,92500.0,C,1.0,1.0,1.0,,1,0.0
2026,1,1090,1042,1879,1036,2,0,TERMOSTATO P/AUTOMOTOR - TERMOSTATO P/AUTOMOTOR (GENERICO),82000.0,C,1.0,1.0,1.0,,1,0.0
2026,1,1090,1042,1879,1036,3,0,CAÑO FLEXIBLE P/ELECTRICIDAD - CAÑO FLEXIBLE P/ELECTRICIDAD,27500.0,C,1.0,1.0,1.0,,1,0.0
2026,1,1090,1042,1879,1036,4,0,BUJIA P/AUTOMOTOR - BUJIA P/AUTOMOTOR (GENERICO),51500.0,C,2.0,2.0,2.0,,1,0.0
2026,1,1090,1042,1879,1036,5,0,BOBINA  DE ARRANQUE - BOBINA  DE ARRANQUE,101500.0,C,1.0,1.0,1.0,,1,0.0
2026,1,1090,1042,1879,1036,6,0,HOMOSINETICA - HOMOSINETICA (GENERICO),49000.0,C,1.0,1.0,1.0,,1,0.0
2026,1,1091,1044,1879,1037,1,0,ROTULA - ROTULA,48000.0,C,1.0,1.0,1.0,,1,0.0
2026,1,1091,1044,1879,1037,2,0,CORREA - CORREA (GENERICO),28200.0,C,2.0,2.0,2.0,,1,0.0
2026,1,1091,1044,1879,1037,3,0,DEPOSITO LIQUIDO REFRIGERANTE - DEPOSITO LIQUIDO REFRIGERANTE,32100.0,C,1.0,1.0,1.0,,1,0.0
2026,1,1091,1044,1879,1037,4,0,INYECTOR - INYECTOR,59000.0,C,1.0,1.0,1.0,,1,0.0
2026,1,1091,1044,1879,1037,5,0,BUJIA P/AUTOMOTOR - BUJIA P/AUTOMOTOR,65000.0,C,1.0,1.0,1.0,,1,0.0
2026,1,1091,1044,1879,1037,6,0,TERMOSTATO P/AUTOMOTOR - TERMOSTATO P/AUTOMOTOR (GENERICO),27500.0,C,1.0,1.0,1.0,,1,0.0
2026,1,1091,1044,1879,1037,7,0,BOMBA DE AGUA P/AUTOMOTOR - BOMBA DE AGUA P/AUTOMOTOR (GENERICO),63000.0,C,1.0,1.0,1.0,,1,0.0
2026,1,1091,1044,1879,1037,8,0,CRUCETA P/AUTOMOTOR - CRUCETA P/AUTOMOTOR (GENERICO),108000.0,C,1.0,1.0,1.0,,1,0.0
2026,1,1092,1045,300,1039,1,0,ACEITES LUBRICANTES - ACEITES LUBRICANTES,15639.0,C,1.0,1.0,1.0,,1,0.0
2026,1,1092,1045,300,1039,2,0,PRECINTO NYLON 4.8 X 200 mm - PRECINTO NYLON 4.8 X 200 mm,85.0,C,30.0,30.0,30.0,,1,0.0
2026,1,1092,1045,300,1039,3,0,CANDADO - CANDADO,27800.0,C,3.0,3.0,3.0,,1,0.0
2026,1,1092,1045,300,1039,4,0,CADENA - CADENA,23420.0,C,1.0,1.0,1.0,,1,0.0
2026,1,1092,1045,300,1039,5,0,CINTA PELIGRO - CINTA PELIGRO,5500.0,C,5.0,5.0,5.0,,1,0.0
2026,1,1092,1045,300,1039,6,0,BULON - BULON,95.0,C,6.0,6.0,6.0,,1,0.0
2026,1,1092,1045,300,1039,7,0,Bisagra - Bisagra,105.0,C,12.0,12.0,12.0,,1,0.0
2026,1,1092,1045,300,1039,8,0,PINTURA AL LATEX - PINTURA AL LATEX,53450.0,C,1.0,1.0,1.0,,1,0.0
2026,1,1092,1045,300,1039,9,0,TORNILLO - TORNILLO,2900.0,C,1.0,1.0,1.0,,1,0.0
2026,1,996,1047,1440,1041,1,0,TUBOS ENDOTRAQ N° 7 - TUBOS ENDOTRAQ N° 5 CON BALON,3421.0,C,2.0,2.0,2.0,,1,0.0
2026,1,996,1047,1440,1041,2,0,CINTA TESTIGO AUTOCLAVO - CINTA VAPOR,8392.0,C,5.0,5.0,5.0,,1,0.0
2026,1,996,1047,1440,1041,3,0,GUIA DE SUERO - GUIA EPUM SPIKE SET,16843.0,C,30.0,30.0,30.0,,1,0.0
2026,1,996,1047,1440,1041,4,0,TUBO TRAQUEAL - TROCAR TORACICO N° 24/20/22 POLYMED,16730.0,C,25.0,25.0,25.0,,1,0.0
2026,1,996,1047,1440,1041,5,0,INSUMOS PARA EL HOSPITAL - HISTEROMETROS,790.0,C,30.0,30.0,30.0,,1,0.0
2026,1,996,1047,1440,1041,6,0,FILTROS TIPO BAXA - FILTROS RESPIRATORIOS HMEF 4006,2919.0,C,10.0,10.0,10.0,,1,0.0
2026,1,996,1047,1440,1041,7,0,"SOBRES NYLON MONOFILAMENTO - SOBRES NYLON NN1019K, 1126G Y 1024G TAGUM",2119.0,C,144.0,144.0,144.0,,1,0.0
2026,1,996,1047,1440,1041,8,0,AGUJA SUTURAS 213/6 - SUTURAS TAGUM GS1518J,4733.0,C,36.0,36.0,36.0,,1,0.0
2026,1,996,1047,1440,1041,9,0,AGUJAS SUTURA G 311/11 - SUTURAS TAGUM GS1446L,4065.0,C,36.0,36.0,36.0,,1,0.0
2026,1,996,1047,1440,1041,10,0,AGUJAS SUTURA 319/0 -  SUTURAS TAGUM GS1418J/1417J,3920.0,C,72.0,72.0,72.0,,1,0.0
2026,1,996,1047,1440,1041,11,0,AGUJAS SUTURAS 211/9 -  SUTURAS TAGUM NN1119K,2119.0,C,72.0,72.0,72.0,,1,0.0
2026,1,996,1047,1440,1041,12,0,TIRAS CONTROL QUIMICO - TIRAS VAPOR CLASE 4X250,225317.0,C,5.0,5.0,5.0,,1,0.0
2026,1,996,1047,1440,1041,13,0,CARTUCHO P/EQ. FILTRACION - CARTUCHO oe 7/10 gramos x 10 U,142102.0,C,2.0,2.0,2.0,,1,0.0
2026,1,996,1047,1440,1041,14,0,GUIA DE SUERO - GUIA PK20,1459.0,C,54.0,54.0,54.0,,1,0.0
2026,1,996,1047,1440,1041,15,0,GUIA P/BOMBA DE INFUSION - prolongador pt26,1539.0,C,50.0,50.0,50.0,,1,0.0
2026,1,996,1047,1440,1041,16,0,GUIA SCHMANN -  - SET DE INFUSION ESTAN DAR A 211,16843.0,C,80.0,80.0,80.0,,1,0.0
2026,1,996,1047,1440,1041,17,0,SONDAS - NASOGASTRICA Nº K 31,551.0,C,30.0,30.0,30.0,,1,0.0
2026,1,996,1047,1440,1041,18,0,ROLLOS CINTA PAPEL - TELA OPER TAPE 10X10,16389.0,C,10.0,10.0,10.0,,1,0.0
2026,1,996,1047,1440,1041,19,0,GUANTES USO MEDICINAL - TAMAÑO MEDIANO LATEX  CAJA X 100 UNIDADES,5711.0,C,70.0,70.0,70.0,,1,0.0
2026,1,996,1047,1440,1041,20,0,SET DE SUBCLAVIA - SET DE SUBCLAVIA 4FR X 13 CM ARROW,121968.0,C,2.0,2.0,2.0,,1,0.0
2026,1,996,1047,1440,1041,21,0,GUANTES USO MEDICINAL - GUANTES DE NITRILOM CAJA X 100,5815.0,C,3.0,3.0,3.0,,1,0.0
2026,1,996,1047,1440,1041,22,0,AGUJAS SUTURAS G 311/13 - SUTURAS GS1014J,3775.0,C,36.0,36.0,36.0,,1,0.0
2026,1,1095,1049,866,1042,1,0,ANTICOAGULANTE -  ENOXAPARINA 40 MG AMPOLLA JERINGA X 10,90073.5,C,1.0,1.0,1.0,,1,0.0
2026,1,1095,1049,866,1042,2,0,LOSARTAN 50 MG COMP - LOSARTAN 100 MG COMPRIMIDOS,66.0,C,990.0,990.0,990.0,,1,0.0
2026,1,1095,1049,866,1042,3,0,ANTIBIOTICOS - PENICILINA G. SODICA  FRASCO/AMPOLLA 3.000.000 UI.,3630.0,C,5.0,5.0,5.0,,1,0.0
2026,1,1095,1049,866,1042,4,0,HIPOTENSOR - ENALAPRIL COMPRIMIDO  10mg.,45.342,C,5000.0,5000.0,5000.0,,1,0.0
2026,1,1095,1049,866,1042,5,0,metionidazol ovulos - METRONIDAZOL NISTATINA DEXAMETASONA LIDOCAINA OVULOS,2594.5417,C,200.0,200.0,200.0,,1,0.0
2026,1,1095,1049,866,1042,6,0,MEDICAMENTOS - TAMSULOSINA 0.4 MG COMP,330.0,C,95.0,95.0,95.0,,1,0.0
2026,1,1095,1049,866,1042,7,0,ANTIMICOTICOS - NISTATINA  ORAL 60 ML,6109.076,C,30.0,30.0,30.0,,1,0.0
2026,1,1095,1049,866,1042,8,0,VITAMINA - SULFATO FERROSO 200 MG,271.1884,C,1000.0,1000.0,1000.0,,1,0.0
2026,1,1095,1049,866,1042,9,0,DIURETICOS - HIDROCLOROTIAZIDA 25 MG COMP,156.737,C,990.0,990.0,990.0,,1,0.0
2026,1,1095,1049,866,1042,10,0,ANTICONVULSIDANTE - ACIDO VALPROICO JBE X 120 ML,5292.8485,C,4.0,4.0,4.0,,1,0.0
2026,1,1095,1049,866,1042,11,0,MEDICAMENTOS - CARBONATO DE LITIO 300 MG COMP,544.2525,C,90.0,90.0,90.0,,1,0.0
2026,1,1095,1049,866,1042,12,0,HIPNOTICO - MIDAZOLAN AMPOLLA,858.2459,C,1600.0,1600.0,1600.0,,1,0.0
2026,1,1095,1049,866,1042,13,0,ANTICONVULSIDANTE - CARBAMAZEPINA COMPRIMIDO 200mg.,98.01,C,990.0,990.0,990.0,,1,0.0
2026,1,1095,1049,866,1042,14,0,ANSIOLITICO - DIAZEPAM 10 MG AMPOLLAS,643.5,C,300.0,300.0,300.0,,1,0.0
2026,1,1095,1049,866,1042,15,0,ENOXAPARINA 60 MG AMPOLLAS - ENOXAPARINA 60 MG AMPOLLAS X 10,105369.0,C,2.0,2.0,2.0,,1,0.0
2026,1,1095,1049,866,1042,16,0,CAFEINA - CAFEINA 250 MG AMPOLLA,643.5,C,20.0,20.0,20.0,,1,0.0
2026,1,1095,1049,866,1042,17,0,ANSIOLITICO - CLONAZEPAM .5 MG COMP,38.8905,C,1210.0,1210.0,1210.0,,1,0.0
2026,1,1095,1049,866,1042,18,0,ANSIOLITICO - ALPRAZOLAM COMPRIMIDO 1 mg.,37.95,C,990.0,990.0,990.0,,1,0.0
2026,1,1095,1049,866,1042,19,0,ANSIOLITICO - ALPRAZOLAM 2 MG COMP,53.889,C,990.0,990.0,990.0,,1,0.0
2026,1,1095,1049,866,1042,20,0,ANTICONVULSIDANTE - DIVALPROATO DE SODIO 500 MG  COMPRIMIDOS,462.0,C,300.0,300.0,300.0,,1,0.0
2026,1,1095,1049,866,1042,21,0,CORTICOESTEROIDE - DEXAMETASONA AMP  8 MG.,890.9901,C,1100.0,1100.0,1100.0,,1,0.0
2026,1,1095,1049,866,1042,22,0,ANTIALERGICO - ANTIHISTAMINICO - DIFENILHIDRAMINA COMPRIMIDO  50 MG.,244.2,C,1995.0,1995.0,1995.0,,1,0.0
2026,1,1095,1049,866,1042,23,0,ANTIASMATICO BRONCODILATADOR - BUDESONIDE GOTAS P/NEBULIZAR,7001.56,C,70.0,70.0,70.0,,1,0.0
2026,1,1095,1049,866,1042,24,0,ANTIEMETICO - MOTOCLOPRAMIDA AMPOLLA 10mg.,643.5,C,900.0,900.0,900.0,,1,0.0
2026,1,1095,1049,866,1042,25,0,ANTIEMETICO - ONDASETRON 8 MG AMPOLLA,822.9375,C,50.0,50.0,50.0,,1,0.0
2026,1,1095,1049,866,1042,26,0,CORTICOESTEROIDE - BETAMETASONA FOST.DISODICO+ BETAMETASONA ACETATO AMP 2 ML,1791.9,C,100.0,100.0,100.0,,1,0.0
2026,1,1095,1049,866,1042,27,0,KETEROLAC 30 MG AMP - KETEROLAC 30 MG AMP,643.5,C,900.0,900.0,900.0,,1,0.0
2026,1,1095,1049,866,1042,28,0,ANTIPSICOTICO - ZUCLOPENTIXOL DECANOATO 200 MG,69794.3689,C,6.0,6.0,6.0,,1,0.0
2026,1,1095,1049,866,1042,29,0,ANTIINFLAMATORIO - DICLOFENAC AMPOLLA 75mg.,759.0082,C,500.0,500.0,500.0,,1,0.0
2026,1,1096,1050,2595,1043,1,0,PAÑO ABSORBENTE - PAÑO LIMPIADOR LUPA,6500.0,C,1.0,1.0,1.0,,1,0.0
2026,1,1096,1050,2595,1043,2,0,DESENGRASANTE CREMOSO X 5 - DESENGRASANTE WALKER 500CM,5500.0,C,1.0,1.0,1.0,,1,0.0
2026,1,1096,1050,2595,1043,3,0,LAMPARA P/FARO AUTOMOTOR/CAMION - 2 H4 12VOL,16000.0,C,1.0,1.0,1.0,,1,0.0
2026,1,1096,1050,2595,1043,4,0,SILICONA - SILICONA FULL CAR INTERIOR,9000.0,C,2.0,2.0,2.0,,1,0.0
2026,1,1096,1050,2595,1043,5,0,REFRIGERANTE/ANTICONGELANTE - TOTAL ROJO,12500.0,C,1.0,1.0,1.0,,1,0.0
2026,1,1096,1050,2595,1043,6,0,Aerosol - 3 CLASSIC FRESH K78,15000.0,C,1.0,1.0,1.0,,1,0.0
2026,1,1096,1050,2595,1043,7,0,LUBRICANTE EN AEROSOL - REMOVEDOR INSECTOS 400 FULL CAR,4000.0,C,1.0,1.0,1.0,,1,0.0
2026,1,1093,1051,3322,1045,1,0,JABON P/LAVAR ROPA - SKIP ALKALINE BOOSTER U PRO 20LTS,101501.64,C,1.0,1.0,1.0,,1,0.0
2026,1,1093,1051,3322,1045,2,0,DESENGRASANTE CREMOSO X 5 - PERACETICO SUTTER (AGRASAN 20KG),215398.83,C,1.0,1.0,1.0,,1,0.0
2026,1,1093,1051,3322,1045,3,0,JABON P/LAVAR ROPA - SKIP ENZYMES POWER U PRO 20LTS,246886.81,C,1.0,1.0,1.0,,1,0.0
2026,1,1093,1051,3322,1045,4,0,JABON P/LAVAR ROPA - ALA BLANQ CHLO BOOSTER 20LTS,74694.57,C,1.0,1.0,1.0,,1,0.0
2026,1,1097,1052,2450,1046,1,0,BANANA - BANANA,3500.0,C,240.0,240.0,240.0,,1,0.0
2026,1,1097,1052,2450,1046,2,0,MANZANA - MANZANA ROJA,5000.0,C,170.0,170.0,170.0,,1,0.0
2026,1,1097,1052,2450,1046,3,0,PERA - PERA,4000.0,C,103.0,103.0,103.0,,1,0.0
2026,1,1097,1052,2450,1046,4,0,MANZANA - MANZANA VERDE,5000.0,C,53.0,53.0,53.0,,1,0.0
2026,1,1097,1052,2450,1046,5,0,DURAZNO - DURAZNO,4500.0,C,92.0,92.0,92.0,,1,0.0
2026,1,1097,1052,2450,1046,6,0,NARANJA - NARANJA,2800.0,C,76.0,76.0,76.0,,1,0.0
2026,1,1097,1052,2450,1046,7,0,SANDIA - SANDIA,10000.0,C,3.0,3.0,3.0,,1,0.0
2026,1,1097,1052,2450,1046,8,0,MELON - MELON,5000.0,C,5.0,5.0,5.0,,1,0.0
2026,1,1098,1054,57,1048,1,0,SERVICIO DE IMPRESION - 100 PLANILLAS SERVICIO DE INTERNACION GENERAL,25000.0,C,1.0,1.0,1.0,,1,0.0
2026,1,1098,1054,57,1048,2,0,SERVICIO DE IMPRESION - 100 PLANILLAS CONSENTIMIENTO CLINICO QUIRURGICO INFORMADO,25000.0,C,1.0,1.0,1.0,,1,0.0
2026,1,1107,1055,2595,1049,1,0,PLAQUETA ELECTRONICA P/AUTO - PLAQUETA PE446GV,26500.0,C,1.0,1.0,1.0,,1,0.0
2026,1,1107,1055,2595,1049,2,0,AUTOMATICO DE ARRANQUE - AUTOMATICO 2494,56000.0,C,1.0,1.0,1.0,,1,0.0
2026,1,1116,1057,1206,1051,1,0,UPS SERVIDOR - UPS SERVIDOR,79500.0,C,1.0,1.0,1.0,,1,0.0
2026,1,1108,1058,3552,1052,1,0,MANTENIMIENTO MATAFUEGOS - REVISION MATAFUEGO ABX 5KG CON OBLEA,19500.0,C,34.0,34.0,34.0,,1,0.0
2026,1,1108,1058,3552,1052,2,0,MANTENIMIENTO MATAFUEGOS - REVISION MATAFUEGO K 6LTS CON OBLEA,28500.0,C,2.0,2.0,2.0,,1,0.0
2026,1,1108,1058,3552,1052,3,0,MANTENIMIENTO MATAFUEGOS - REVISION MATAFUEGO ABC 2.5KG CON OBLEA,17500.0,C,4.0,4.0,4.0,,1,0.0
2026,1,1108,1058,3552,1052,4,0,MANTENIMIENTO MATAFUEGOS - REVISION MATAFUEGO BC 10KG CON OBLEA,30000.0,C,1.0,1.0,1.0,,1,0.0
2026,1,1108,1058,3552,1052,5,0,MANTENIMIENTO MATAFUEGOS - REVISION MATAFUEGO BC 5KG CON OBLEA,15000.0,C,2.0,2.0,2.0,,1,0.0
2026,1,1108,1058,3552,1052,6,0,MANTENIMIENTO MATAFUEGOS - REVISION MATAFUEGO AFFF 10LTS CON OBLEA,26000.0,C,1.0,1.0,1.0,,1,0.0
2026,1,1114,1062,688,1056,1,0,FORZA - 12-110,263000.0,C,1.0,1.0,1.0,,1,0.0
2026,1,1115,1063,2627,1057,1,0,PASTAS FRESCAS - FIDEOS SOPEROS KG,3200.0,C,4.0,4.0,4.0,,1,0.0
2026,1,1115,1063,2627,1057,2,0,TAPA PASCUALINA - PASCUALINA,6000.0,C,1.0,1.0,1.0,,1,0.0
2026,1,1118,1064,3430,1058,1,0,CARTUCHO TONER - CF 219 ACOMP,7807.404,C,14.0,14.0,14.0,,1,0.0
2026,1,1118,1064,3430,1058,2,0,CARTUCHO TONER - MLTD111SCOMPV2,6266.469,C,5.0,5.0,5.0,,1,0.0
2026,1,1118,1064,3430,1058,3,0,CARTUCHO TONER - TN1060COMP,3253.088,C,10.0,10.0,10.0,,1,0.0
2026,1,1118,1064,3430,1058,4,0,"CARTUCHO TONER - W1360ACOMP
",11967.9285,C,4.0,4.0,4.0,,1,0.0
2026,1,1118,1064,3430,1058,5,0,CARTUCHO DE TINTA - INKDYEYEPL,873.197,C,40.0,40.0,40.0,,1,0.0
2026,1,801,751,2593,749,1,0,"COPIAS DE LLAVES - COPIAS DE LLAVES (Genérico)
LA INVERNADA",7500.0,C,9.0,9.0,9.0,,1,0.0
2026,1,797,752,441,750,1,0,TALONARIO NUMERICO - TALONARIO NUMERICO (GENERICO),3300.0,C,4.0,4.0,4.0,,1,0.0
2026,1,798,753,2627,751,1,0,EMPANADA - TUBOS EMPANADAS POR 5 DOCENAS,6500.0,C,4.0,4.0,4.0,,1,0.0
2026,1,795,754,186,752,1,0,ALOJAMIENTO - ALOJAMIENTO  (Genérico) alojamiento para 2 personas del 25/02 al 2/03 (5 noches),135000.0,C,5.0,5.0,5.0,,1,30.0
2026,1,792,758,186,758,1,0,ALOJAMIENTO - ALOJAMIENTO  (Genérico) alojamiento 1 persona habitacion single del 25/02 al 2/03 (5 noches),60000.0,C,5.0,5.0,5.0,,1,30.0
2026,1,789,761,2846,759,1,0,ALOJAMIENTO - ALOJAMIENTO  (Genérico) ALOJAMIENTO PARA 3 PERSONAS ($40.000 X NOCHE X PERSONAS) DEL 23/02 AL 03/03 (8 NOCHES),120000.0,C,8.0,8.0,8.0,,1,30.0
2026,1,786,762,1169,760,1,0,ALOJAMIENTO - ALOJAMIENTO  (Genérico),200000.0,C,5.0,5.0,5.0,,1,30.0
2026,1,783,763,3552,761,1,0,CARGA DE MATAFUEGOS Y MANTENIMIENTO - CARGA DE MATAFUEGOS Y MANTENIMIENTO (Genérico),20000.0,C,6.0,6.0,6.0,,1,0.0
2026,1,780,765,160,763,1,0,INSECTICIDA - INSECTICIDA (GENERICO) DRAGON MAX X 1LT,98500.0,C,2.0,2.0,2.0,,1,0.0
2026,1,780,765,160,763,2,0,FORMIDOR GRANULADO - FORMIDOR GRANULADO (Genérico),9500.0,C,10.0,10.0,10.0,,1,0.0
2026,1,786,767,3330,765,1,0,ALOJAMIENTO - ALOJAMIENTO  (Genérico),200000.0,C,5.0,5.0,5.0,,1,30.0
2026,1,449,433,17,430,1,0,CABEZALES HUSQVARNA - CABEZALES HUSQVARNA  (Genérico),16000.0,C,2.0,2.0,2.0,,1,0.0
2026,1,449,433,17,430,2,0,FILTRO COMBUSTIBLE - FILTRO COMBUSTIBLE (Genérico),5000.0,C,1.0,1.0,1.0,,1,0.0
2026,1,449,433,17,430,3,0,CABLE T/TALLER 2 X 1 - CABLE T/TALLER 2 X 1 (Genérico),31000.0,C,1.0,1.0,1.0,,1,0.0
2026,1,449,433,17,430,4,0,CARBURADOR C/Q-E7 para MOTOGUADAÑA - CARBURADOR C/Q-E7 para MOTOGUADAÑA (Genérico),22000.0,C,1.0,1.0,1.0,,1,0.0
2026,1,449,433,17,430,5,0,CABLE P/ACELERADOR - CABLE P/ACELERADOR (GENERICO),19000.0,C,1.0,1.0,1.0,,1,0.0
2026,1,449,433,17,430,6,0,capuchon de bujia - capuchon de bujia (Genérico),8000.0,C,1.0,1.0,1.0,,1,0.0
2026,1,449,433,17,430,7,0,ACEITE MOTOR - ACEITE MOTOR (Genérico),20000.0,C,1.0,1.0,1.0,,1,0.0
2026,1,449,433,17,430,8,0,GRASA EXTREMA PRESION - GRASA EXTREMA PRESION (GENERICO),9500.0,C,1.0,1.0,1.0,,1,0.0
2026,1,449,433,17,430,9,0,LLAVE SACA BUJIA - LLAVE SACA BUJIA (Genérico),9000.0,C,1.0,1.0,1.0,,1,0.0
2026,1,449,433,17,430,10,0,LLAVE DE PASO - LLAVE DE PASO (Genérico),5000.0,C,1.0,1.0,1.0,,1,0.0
2026,1,450,434,2330,431,1,0,NAFTA INFINIA - NAFTA INFINIA  (Genérico),2200.0,C,60.0,60.0,60.0,,1,0.0
2026,1,450,434,2330,431,2,0,NAFTA SUPER - NAFTA SUPER (Genérico),2000.0,C,50.0,50.0,50.0,,1,0.0
2026,1,450,434,2330,431,3,0,GAS-OIL - GAS-OIL (Genérico)COMUN,2000.0,C,40.0,40.0,40.0,,1,0.0
2026,1,450,434,2330,431,4,0,GAS OIL - PRESENTACION GRANEL.INFINIA,2200.0,C,35.0,35.0,35.0,,1,0.0
2026,1,450,434,2330,431,5,0,Aceite dos tiempos - Aceite dos tiempos (Genérico),6000.0,C,10.0,10.0,10.0,,1,0.0
2026,1,450,434,2330,431,6,0,AGUA DESTILADA - AGUA DESTILADA (GENERICO),2500.0,C,5.0,5.0,5.0,,1,0.0
2026,1,451,435,1259,432,1,0,TUBO LED - TUBO LED,5128.2,C,10.0,10.0,10.0,,1,0.0
2026,1,451,435,1259,432,2,0,Lampara led - Lampara led (Genérico),2580.2,C,10.0,10.0,10.0,,1,0.0
2026,1,453,436,17,433,1,0,ACEITE P/MOTOR 2 TIEMPOS - ACEITE P/MOTOR 2 TIEMPOS (GENERICO),18000.0,C,5.0,5.0,5.0,,1,0.0
2026,1,453,436,17,433,2,0,BUJIA P/AUTOMOTOR - MARCA FORD - MODELO F-100 (6 CILINDROS) - Nº BUJIA F14YC - LUZ E/ELECTRODOS 0.8MM.,4000.0,C,7.0,7.0,7.0,,1,0.0
2026,1,453,436,17,433,3,0,ROLLO DE TANZA - ROLLO DE TANZA (Genérico),45000.0,C,1.0,1.0,1.0,,1,0.0
2026,1,453,436,17,433,4,0,"REPARACION DE MOTOGUADAÑA-MOTOSIERRA - REPARACION DE MOTOGUADAÑA-MOTOSIERRA (Genérico)CARBURACION,  REPARACION DE ARRANQUE , PIÑON Y MOTOR",162000.0,C,1.0,1.0,1.0,,1,0.0
2026,1,455,437,1876,434,1,0,BARBIJO - TIPO TABLEADOS TRIPLES MEDISPO,77.6,C,4500.0,4500.0,4500.0,,1,0.0
2026,1,455,437,1876,434,2,0,GUANTES USO MEDICINAL - GUANTES NITRILO 100,13990.5653,C,1.0,1.0,1.0,,1,0.0
2026,1,455,437,1876,434,3,0,SOBRES POLIGLACTINA 910 O ACIDO POLIGLICOLICO - ACID POLIG  1 PGA,3814.4105,C,24.0,24.0,24.0,,1,0.0
2026,1,455,437,1876,434,4,0,ROLLO P/ ESTERILIZACION - POUCH PLANO 400 MM X 200 MTS,315548.6903,C,2.0,2.0,2.0,,1,0.0
2026,1,455,437,1876,434,5,0,SOBRES NYLON MONOFILAMENTO - SOBRES NYLON MONOFILAMENTO 4/0,1886.8398,C,12.0,12.0,12.0,,1,0.0
2026,1,455,437,1876,434,6,0, CIRCUITO DE ASPIRACION 14 F,36222.3352,C,10.0,10.0,10.0,,1,0.0
2026,1,455,437,1876,434,7,0,GUANTES USO MEDICINAL - GUANTES TAMAÑO 8 - MATERIAL LATEX.,563.2703,C,800.0,800.0,800.0,,1,0.0
2026,1,455,437,1876,434,8,0,AGUJA QUIRURGICA - AGUJA  40/12 X  100.,3369.1895,C,20.0,20.0,20.0,,1,0.0
2026,1,455,437,1876,434,9,0,CATETER - CATETER DOBLE J PUNTA ABIERTA 6 FR X 26 CM,98006.37,C,2.0,2.0,2.0,,1,0.0
2026,1,455,437,1876,434,10,0,SONDAS - FOLEY DOBLE VIA - Nº 12,1162.9108,C,10.0,10.0,10.0,,1,0.0
2026,1,455,437,1876,434,11,0,HOJA DE BISTURI - BISTURI  - Nº 23 X 100,13024.87154,C,2.0,2.0,2.0,,1,0.0
2026,1,455,437,1876,434,12,0,AGUJA QUIRURGICA - TIPO PUNCION RAQUIDEA Nº 26 PUNTA LAPIZ,3242.8812,C,25.0,25.0,25.0,,1,0.0
2026,1,455,437,1876,434,13,0,BOLSA DE ANESTESIA 3 lts - BOLSA DE ASPIRACION SIN FILTRO DE CORTE 2 LTS,6798.18,C,50.0,50.0,50.0,,1,0.0
2026,1,455,437,1876,434,14,0,GASA - GASA COSIDA MEDISPO X 5 U,5843.5,C,50.0,50.0,50.0,,1,0.0
2026,1,455,437,1876,434,15,0,INSUMOS PARA EL HOSPITAL - LAPIZ ELECTROBISTURI,5768.309,C,5.0,5.0,5.0,,1,0.0
2026,1,455,437,1876,434,16,0,ROLLO P/ ESTERILIZACION - POUCH PLANO 300 MM X 200 MTS,157586.0918,C,1.0,1.0,1.0,,1,0.0
2026,1,454,438,17,435,1,0,BUJIA P/AUTOMOTOR - MARCA FORD - MODELO TAUNUS - Nº BUJIA S12YC - LUZ E/ELECTRODOS 0.8MM.,6400.0,C,5.0,5.0,5.0,,1,0.0
2026,1,454,438,17,435,2,0,"REPUESTOS P/MOTOGUADAÑA - REPUESTOS P/MOTOGUADAÑA (Genérico)EMBRAGUE,BULON, CANILLA",56000.0,C,1.0,1.0,1.0,,1,0.0
2026,1,454,438,17,435,3,0,GRASA LUBRICANTE - GRASA LUBRICANTE (GENERICO),9500.0,C,4.0,4.0,4.0,,1,0.0
2026,1,454,438,17,435,4,0,CABEZALES HUSQVARNA - CABEZALES HUSQVARNA  (Genérico),16000.0,C,4.0,4.0,4.0,,1,0.0
2026,1,454,438,17,435,5,0,ROLLO DE TANZA - ROLLO DE TANZA (Genérico),45000.0,C,4.0,4.0,4.0,,1,0.0
2026,1,454,438,17,435,6,0,ACEITE P/MOTOR 2 TIEMPOS - ACEITE P/MOTOR 2 TIEMPOS (GENERICO),18000.0,C,5.0,5.0,5.0,,1,0.0
2026,1,454,438,17,435,7,0,CUCHILLAS - CUCHILLAS (GENERICO),148000.0,C,1.0,1.0,1.0,,1,0.0
2026,1,454,438,17,435,8,0,CADENA P/MOTOSIERRA - CADENA P/MOTOSIERRA (Genérico),28600.0,C,2.0,2.0,2.0,,1,0.0
2026,1,110,111,2843,111,1,0,ZAPALLO - ZAPALLO (Genérico),2500.0,C,204.0,204.0,204.0,,1,0.0
2026,1,110,111,2843,111,2,0,acelga - acelga (Genérico),2000.0,C,204.0,204.0,204.0,,1,0.0
2026,1,110,111,2843,111,3,0,MANZANA - MANZANA (Genérico),2500.0,C,204.0,204.0,204.0,,1,0.0
2026,1,110,111,2843,111,4,0,HUEVOS DE GALLINA COLOR - HUEVOS DE GALLINA COLOR (Genérico),3500.0,C,102.0,102.0,102.0,,1,0.0
2026,1,111,112,1530,112,1,0,FILTROS VARIOS - FILTROS VARIOS (Genérico)LF6586 PARA MOTONIVELADORA NEW HOLLAND BMU02,180169.0,C,1.0,1.0,1.0,,1,0.0
2026,1,509,476,3208,473,1,0,"ALQUILER DE BAÑO QUIMICO - ALQUILER DE BAÑO QUIMICO SERVICIO PRESTADO DESDE EL 01 DE ENERO DEL 2026 HASTA EL 30 DE JUNIO 2026, PERCIBIENDO COMO CONTRAPRESTACION DEL SERVICIO UN MONTO MENSUAL DE $ 70.000",70000.0,C,6.0,6.0,6.0,,1,0.0
2026,1,224,477,3356,474,1,0,PESCADO - MILANESAS KG,9000.0,C,12.0,12.0,12.0,,1,0.0
2026,1,139,478,3356,475,1,0,PESCADO - MILANESAS KG,9000.0,C,8.0,8.0,8.0,,1,0.0
2026,1,525,479,3287,476,1,0,SERVICIO DE IMPRESION - SERVICIO DE IMPRESION (Genérico) FOLLETOS TURISTICOS PARA  CONFERENCIA DE PRENSA DEL RALLY,650.0,C,50.0,50.0,50.0,,1,0.0
2026,1,519,482,3448,479,1,0,TAZA P/ BEBIDAS - TAZA P/ BEBIDAS (GENERICO) Polímero estampada y personalizada,4300.0,C,31.0,31.0,31.0,,1,0.0
2026,1,516,488,3075,484,1,0,ESCOBA - ESCOBA (GENERICO),10971.68,C,5.0,5.0,5.0,,1,0.0
2026,1,1060,1010,2627,1005,1,0,PASTAS FRESCAS - VARIEDAD RAVIOLES  X PLANCHA. (X3),3000.0,C,12.0,12.0,12.0,,1,0.0
2026,1,1060,1010,2627,1005,2,0,TAPA EMPANADA - TAPA EMPANADA X 5 DOC,6500.0,C,3.0,3.0,3.0,,1,0.0
2026,1,1060,1010,2627,1005,3,0,PASTAS FRESCAS - SORRENTINOS PLANCHAS. X 2,2400.0,C,2.0,2.0,2.0,,1,0.0
2026,1,1061,1011,850,1006,1,0,REACTIVO - LISANTE MINDRAYx 100 ml,133674.56,C,4.0,4.0,4.0,,1,0.0
2026,1,1061,1011,850,1006,2,0,REACTIVO - DILUYENTE MINDRAY M-52D 20 L,97974.52,C,2.0,2.0,2.0,,1,0.0
2026,1,1061,1011,850,1006,3,0,REACTIVO - DIFF LISANTE MINDRAY 500 ML,206140.78,C,4.0,4.0,4.0,,1,0.0
2026,1,1061,1011,850,1006,4,0,PROBE CLEANING - CONTROL HEMATOLOGICO 3X3 ML 1B 1N 1A,334356.25,C,1.0,1.0,1.0,,1,0.0
2026,1,1061,1011,850,1006,5,0,PAPEL TERMICO - PAPEL TERMICO ERMOSENSIBLW 57X10 ROLLOS,36372.89,C,1.0,1.0,1.0,,1,0.0
2026,1,1061,1011,850,1006,6,0,PROBETA - PROBE CLEANING - PROBE CLEANSER 50 ML),33320.39,C,1.0,1.0,1.0,,1,0.0
2026,1,1061,1011,850,1006,7,0,SOLUCIONES - SOLUCIONES DIESTRO CONTROL,506506.42,C,1.0,1.0,1.0,,1,0.0
2026,1,1061,1011,850,1006,8,0,TIRAS CONTROL QUIMICO - TRILEVEL DIESTO CONTROL,159951.23,C,1.0,1.0,1.0,,1,0.0
2026,1,1061,1011,850,1006,9,0,REACTIVO - ACONDICIONADOR DE ELECTRODOS DE SODIO,72950.39,C,1.0,1.0,1.0,,1,0.0
2026,1,1062,1014,3165,1009,1,0,PAÑAL DESCARTABLE - TAMAÑO ADULTO MONSIEUR GRANDE,434.5,C,10000.0,10000.0,10000.0,,1,0.0
2026,1,1062,1014,3165,1009,2,0,CORTICOESTEROIDE - DEXAMETASONA AMPOLLA  8 MG.,1315.0,C,177.0,177.0,177.0,,1,0.0
2026,1,1062,1014,3165,1009,3,0,AGUA DESTILADA -  AMPOLLA X 5 ML,490.0,C,400.0,400.0,400.0,,1,0.0
2026,1,1062,1014,3165,1009,4,0,ANTIBIOTICOS - TRIMETROPRIMA+ SULFAMETOXAZOL AMPOLLA 80 MG./ 400 MG.,8800.0,C,200.0,200.0,200.0,,1,0.0
2026,1,1062,1014,3165,1009,5,0,ANALGESICOS - PARACETAMOL COMPRIMIDO 500 MG.,46.5,C,2000.0,2000.0,2000.0,,1,0.0
2026,1,1062,1014,3165,1009,6,0,ANTIINFLAMATORIO - DICLOFENAC 75 mg comp,52.8,C,3000.0,3000.0,3000.0,,1,0.0
2026,1,1062,1014,3165,1009,7,0,MEDICAMENTOS - DEXMEETOMIDINA AMPOLLA 2 ML,18905.0,C,5.0,5.0,5.0,,1,0.0
2026,1,1070,1015,2416,1010,1,0,MOTOR P/VEHICULO - MOTOR P/VEHICULO (ford ka 1.5 S),3029100.0,C,1.0,1.0,1.0,,1,0.0
2026,1,1071,1016,2801,1011,1,0,Pila - Pila (Genérico) AAA,2500.0,C,2.0,2.0,2.0,,1,0.0
2026,1,1071,1016,2801,1011,2,0,TUBO DE GAS REFRIGERANTE - TUBO DE GAS REFRIGERANTE (Genérico),45000.0,C,2.0,2.0,2.0,,1,0.0
2026,1,1065,1017,2627,1012,1,0,EMPANADA - TUBOS EMPANADAS X5DOC,6500.0,C,2.0,2.0,2.0,,1,0.0
2026,1,1069,1018,1879,1013,1,0,BOBINA  DE ARRANQUE - BOBINA  DE ARRANQUE,98000.0,C,1.0,1.0,1.0,,1,0.0
2026,1,1069,1018,1879,1013,2,0,CABLE P/BUJIA - CABLE P/BUJIA,42266.667,C,3.0,3.0,3.0,,1,0.0
2026,1,1069,1018,1879,1013,3,0,TERMOSTATO P/AUTOMOTOR - TERMOSTATO P/AUTOMOTOR,22000.0,C,1.0,1.0,1.0,,1,0.0
2026,1,1069,1018,1879,1013,4,0,SOPORTE - SOPORTE,6000.0,C,1.0,1.0,1.0,,1,0.0
2026,1,1069,1018,1879,1013,5,0,PARRILLA P/AUTOMOTOR - PARRILLA P/AUTOMOTOR,189000.0,C,1.0,1.0,1.0,,1,0.0
2026,1,1069,1018,1879,1013,6,0,Lampara led - Lampara led,4000.0,C,1.0,1.0,1.0,,1,0.0
2026,1,1069,1018,1879,1013,7,0,RULEMAN - RULEMAN,22000.0,C,1.0,1.0,1.0,,1,0.0
2026,1,1068,1019,1879,1014,1,0,TERMOSTATO P/AUTOMOTOR - TERMOSTATO P/AUTOMOTOR,81000.0,C,1.0,1.0,1.0,,1,0.0
2026,1,1068,1019,1879,1014,2,0,JUEGO JUNTAS COMPLETO MOTOR -RETENES CIGUEÑAL - JUEGO JUNTAS COMPLETO MOTOR -RETENES CIGUEÑAL,66000.0,C,1.0,1.0,1.0,,1,0.0
2026,1,1068,1019,1879,1014,3,0,TORNILLOS - TORNILLOS,24000.0,C,1.0,1.0,1.0,,1,0.0
2026,1,1068,1019,1879,1014,4,0,CORREA - CORREA,24600.0,C,1.0,1.0,1.0,,1,0.0
2026,1,1068,1019,1879,1014,5,0,RETEN P/AUTOMOTOR Y MAQ.VIAL - RETEN P/AUTOMOTOR Y MAQ.VIAL (GENERICO),12000.0,C,2.0,2.0,2.0,,1,0.0
2026,1,1068,1019,1879,1014,6,0,REPUESTO - REPUESTO (botadores),9000.0,C,8.0,8.0,8.0,,1,0.0
2026,1,1063,1020,285,1015,1,0,REACTIVO - PANOSCREEN 2X10 ML,471052.93,C,1.0,1.0,1.0,,1,0.0
2026,1,1063,1020,285,1015,2,0,REACTIVO - CHOCOLATE AGAR X 10 PLACAS,25952.17,C,1.0,1.0,1.0,,1,0.0
2026,1,1063,1020,285,1015,3,0,REACTIVO - CLDE MEDIO X 10 PLACAS,24222.78,C,3.0,3.0,3.0,,1,0.0
2026,1,1063,1020,285,1015,4,0,REACTIVO - mueller hinton agar 10 placas,25856.71,C,3.0,3.0,3.0,,1,0.0
2026,1,1063,1020,285,1015,5,0,REACTIVO - SANGRE AGAR COLUMBIA 10 PLACAS,24222.78,C,1.0,1.0,1.0,,1,0.0
2026,1,1063,1020,285,1015,6,0,REACTIVO - GOT UV AA LIQUIDA 200 ML,89790.72,C,1.0,1.0,1.0,,1,0.0
2026,1,1063,1020,285,1015,7,0,REACTIVO - SOLUPLASTIN 10X2 ML,80053.21,C,2.0,2.0,2.0,,1,0.0
2026,1,1067,1021,2595,1016,1,0,BURLETE PUERTA DELANTERA - BURLETE PUERTA DELANTERA,72000.0,C,1.0,1.0,1.0,,1,0.0
2026,1,1067,1021,2595,1016,2,0,CHALECO FLUORESCENTE - CHALECO FLUORESCENTE (5 unidades),15500.0,C,1.0,1.0,1.0,,1,0.0
2026,1,1067,1021,2595,1016,3,0,AGUA DESTILADA - AGUA DESTILADA,3000.0,C,3.0,3.0,3.0,,1,0.0
2026,1,1067,1021,2595,1016,4,0,Lampara led - Lampara led (focos 44 cool blue osram),45200.0,C,1.0,1.0,1.0,,1,0.0
2026,1,1067,1021,2595,1016,5,0,MANIJA INTERIOR P/AUTOMOTOR - MANIJA INTERIOR P/AUTOMOTOR,16860.0,C,1.0,1.0,1.0,,1,0.0
2026,1,516,488,3075,484,2,0,MANGUERA - MATERIAL GOMA SINTETICA S/COSTURA - REFUERZO TEXTIL SIMPLE - USO ACEITES Y CARBURANTES - RANGO TEMPERATURA 30/80°C - LONGITUD 100m.,33045.71,C,1.0,1.0,1.0,,1,0.0
2026,1,513,490,826,486,1,0,comisiones - comisiones (Genérico),65000.0,C,1.0,1.0,1.0,,1,0.0
2026,1,510,491,1259,487,1,0,MINI PLUG-MINI PLUG - MINI PLUG-MINI PLUG (Genérico),8250.4,C,1.0,1.0,1.0,,1,0.0
2026,1,518,493,3287,489,1,0,"SERVICIO DE IMPRESION - SERVICIO DE IMPRESION (GENERICO)
- 27 de diplomas egresados 2025 - Formato A4 $ 33.480-
- 27 distitntivos formato 6x6 $4.698-
- 27 fotos grupales $15.498-
- 27 fotos individuales $15.498-
- 12 invitaciones $ 4.236
",73410.0,C,1.0,1.0,1.0,,1,0.0
2026,1,515,495,1259,491,1,0,Cable T T  2 X 2 1/2 - Cable T T  2 X 2 1/2 (Genérico),4228.0,C,3.0,3.0,3.0,,1,0.0
2026,1,515,495,1259,491,2,0,FICHA ADAPTADORA - FICHA ADAPTADORA (GENERICO),2186.8,C,1.0,1.0,1.0,,1,0.0
2026,1,515,495,1259,491,3,0,FICHA CONECTOR JACK  P/ALIM.HEMBRA - FICHA CONECTOR JACK  P/ALIM.HEMBRA  (Genérico),3389.4,C,1.0,1.0,1.0,,1,0.0
2026,1,512,496,2403,492,1,0,REPARACION VEHICULO - REPARACION VEHICULO (GENERICO)Reparación de Caño de Escape de motoniveladora de empresa Pauny 180 -BGZ 53.,150000.0,C,1.0,1.0,1.0,,1,0.0
2026,1,641,640,2330,638,1,0,DIESEL 500 - DIESEL 500  (Genérico),2000.0,C,500.0,500.0,500.0,,1,0.0
2026,1,641,640,2330,638,2,0,NAFTA SUPER - NAFTA SUPER (Genérico),2000.0,C,500.0,500.0,500.0,,1,0.0
2026,1,641,640,2330,638,3,0,INFINIA DIESEL - INFINIA DIESEL  (Genérico),2000.0,C,500.0,500.0,500.0,,1,0.0
2026,1,641,640,2330,638,4,0,NAFTA INFINIA - NAFTA INFINIA  (Genérico),2000.0,C,500.0,500.0,500.0,,1,0.0
2026,1,641,640,2330,638,5,0,AGUA DESTILADA - AGUA DESTILADA (GENERICO),15000.0,C,30.0,30.0,30.0,,1,0.0
2026,1,641,640,2330,638,6,0,Aceite dos tiempos - Aceite dos tiempos (Genérico),30000.0,C,10.0,10.0,10.0,,1,0.0
2026,1,675,649,2450,647,1,0,BANANA - BANANA (GENERICO),3500.0,C,42.0,42.0,42.0,,1,0.0
2026,1,675,649,2450,647,2,0,"DURAZNO - TIPO AMARILLO - PRESENTACION POR KILO, TAMAÑO PAREJO DE 150 GR. POR UNIDAD",4500.0,C,3.0,3.0,3.0,,1,0.0
2026,1,675,649,2450,647,3,0,MANZANA - TIPO RED ELEGIDA - PRESENTACION GRANEL.,5500.0,C,8.0,8.0,8.0,,1,0.0
2026,1,675,649,2450,647,4,0,FRUTILLAS - FRUTILLAS (Genérico),7000.0,C,0.5,0.5,0.5,,1,0.0
2026,1,675,649,2450,647,5,0,"NARANJA - TIPO NATURAL - PRESENTACION POR KILO, TAMAÑO PAREJO DE PESO APROX. 180 GRS. X UNIDAD.",2500.0,C,12.0,12.0,12.0,,1,0.0
2026,1,675,649,2450,647,6,0,"HUEVOS DE GALLINA - TAMAÑO GRANDES - COLOR BLANCOS - PRESENTACION 12.
maple",8500.0,C,3.0,3.0,3.0,,1,0.0
2026,1,697,651,879,649,1,0,BOLSA CEMENTO - BOLSA CEMENTO,9620.0,C,1.0,1.0,1.0,,1,0.0
2026,1,806,757,3562,755,1,0,SOFTWARE ESPECIFICO - SOFTWARE ESPECIFICO (GENERICO)  portal de proveedores sistema madariaga GXP  optimizar comunicacion con proveedores,3630000.0,C,1.0,1.0,1.0,,1,0.0
2026,1,805,771,3169,769,1,0,ALOJAMIENTO - ALOJAMIENTO  (Genérico)ALOJAMIENTO PARA 2 PERSONAS PRENSA PARA RALLY,70000.0,C,3.0,3.0,3.0,,1,30.0
2026,1,807,772,2593,770,1,0,CERRAJERIA - CERRAJERIA (GENERICO) Tres copias de llave.,7000.0,C,3.0,3.0,3.0,,1,0.0
2026,1,808,773,3287,771,1,0,SERVICIO DE IMPRESION - SERVICIO DE IMPRESION (Genérico) A4,685.0,C,400.0,400.0,400.0,,1,0.0
2026,1,809,774,441,772,1,0,SELLO - MATERIAL GOMA - TIPO PERILLA - ALTO 26MM - MEDIDA SUPERFICIE PRESION DIAMETRO 20MM - MEDIDA ELEMENTO IMPRESION DIAMETRO 18MM - INSCRIPCION LEY ELECC NACION DTO S. JUAN - USO P/COMPROBACION DE VOTO.,8500.0,C,1.0,1.0,1.0,,1,0.0
2026,1,810,775,2151,773,1,0,FILTRO DE AIRE P/VEHICULO - FILTRO DE AIRE P/VEHICULO (GENERICO),15000.0,C,1.0,1.0,1.0,,1,0.0
2026,1,811,776,413,774,1,0,"PARCHE P/CAMARA - PARCHE 1400 X 24 VOLVO 730 $35000
PARCHE 650 X 16 RODILLO $10000
PARCHE 750 X 20 (RODULLO NEUMATICO )  $10000
2 PARCHE 750 X 20 (RODILLO) $20000
1 PARCHE 750 X 20 (TANQUE 6 ) $8000
PARCHE 1400 X 24 PAUNY 160 $35000 
PARCHE 185/65/14 AMAROK $8000
PARCHE 215/80/16 RANGER $10000
PARCHE 149 X 26 $30000 
PARCHE 750 X 20 TANQUE 3 $ 10000
PARCHE 149X 26 MOTO PAUNY 180 $35000 
PARCHE 255 /70/16 RANGER $10000 
PARCHE 1400 X24 MOTO VOLVO $35000 
PARCHE 750 X 20 $10000 
PARCHE 1400 X 24 MOTO N. HOLLAND $350000
PARCHE 1400 X 24 $35000 
PARCHE 14 $8000",422000.0,C,1.0,1.0,1.0,,1,0.0
2026,1,811,776,413,774,2,0,CUBIERTA P/AUTOMOTOR - 750 X 20 NUEVAS (RODILLO NEUMATICO ),343800.0,C,2.0,2.0,2.0,,1,0.0
2026,1,825,780,2367,778,1,0,Fiscalización de Carreras - Fiscalización de Carreras (Genérico),3501000.0,C,1.0,1.0,1.0,,1,0.0
2026,1,1064,1022,1810,1017,1,0,MANT. AIRE ACONDICIONADO - SERVICE + LIMPIEZA AIRE ACONDIONADO SALA TOMOGRAFIA,100000.0,C,1.0,1.0,1.0,,1,0.0
2026,1,8,3,1235,3,1,0,"ALQUILER DE EQUIPOS FOTOCOPIADORES - ALQUILER DE EQUIPOS FOTOCOPIADORES (GENERICO)DESDE EL 01/01/2026 AL 31/03/2026, HASTA 3000 COPIAS",278910.0,C,3.0,3.0,3.0,,1,0.0
2026,1,8,3,1235,3,2,0,FOTOCOPIAS - FOTOCOPIAS (Genérico)EXCEDENTES,120.0,C,30000.0,30000.0,30000.0,,1,0.0
2026,1,7,6,1235,6,1,0,"ALQUILER DE EQUIPOS FOTOCOPIADORES - ALQUILER DE EQUIPOS FOTOCOPIADORES (GENERICO) DESDE EL 01/01/206 AL 31/03/2026 HASTA 3000 COPIAS, CENTRO COPIADO 1 Y 2",278910.0,C,6.0,6.0,6.0,,1,0.0
2026,1,7,6,1235,6,2,0,FOTOCOPIAS - FOTOCOPIAS (Genérico)EXCEDENTES DESDE EL 01/01/2026 AL 31/03/2026,120.0,C,15000.0,15000.0,15000.0,,1,0.0
2026,1,6,8,1235,8,1,0,ALQUILER DE EQUIPOS FOTOCOPIADORES - ALQUILER DE EQUIPOS FOTOCOPIADORES (GENERICO)DESDE 01/01/2026 AL 31/03/2026 HASTA 3000 COPIAS,278910.0,C,3.0,3.0,3.0,,1,0.0
2026,1,6,8,1235,8,2,0,FOTOCOPIAS - FOTOCOPIAS (Genérico)EXCEDENTES DESDE EL 01/01/ 2026 AL 31/03/2026,120.0,C,8000.0,8000.0,8000.0,,1,0.0
2026,1,5,10,1235,10,1,0,ALQUILER DE EQUIPOS FOTOCOPIADORES - ALQUILER DE EQUIPOS FOTOCOPIADORES (GENERICO)DESDE EL 01/01/2026 AL 31/03/2026 HASTA 3000 COPIAS,242650.0,C,3.0,3.0,3.0,,1,0.0
2026,1,5,10,1235,10,2,0,FOTOCOPIAS - FOTOCOPIAS (Genérico)EXCEDENTES DESDE EL 01/01/2026 AL 31/03/2026,210.0,C,1000.0,1000.0,1000.0,,1,0.0
2026,1,4,12,1235,12,1,0,"ALQUILER DE EQUIPOS FOTOCOPIADORES - ALQUILER DE EQUIPOS FOTOCOPIADORES (GENERICO)DESDE EL 01/01/2026 AL 31/03/2026, HASTA 3000 COPIAS",242650.0,C,3.0,3.0,3.0,,1,0.0
2026,1,4,12,1235,12,2,0,FOTOCOPIAS - FOTOCOPIAS (Genérico)EXCEDENTES DESDE EL 01/01/2026 AL 31/03/2026,120.0,C,1000.0,1000.0,1000.0,,1,0.0
2026,1,3,13,1235,13,1,0,ALQUILER DE EQUIPOS FOTOCOPIADORES - ALQUILER DE EQUIPOS FOTOCOPIADORES (GENERICO)DESDE EL 01/01/2026 AL 31/03/2026 HASTA 3000 COPIAS,278910.0,C,6.0,6.0,6.0,,1,0.0
2026,1,3,13,1235,13,2,0,FOTOCOPIAS - FOTOCOPIAS (Genérico) EXCEDENTES DESDE EL 01/01/2026 AL 31/03/2026,120.0,C,15000.0,15000.0,15000.0,,1,0.0
2026,1,2,14,1235,14,1,0,NAFTA SUPER - NAFTA SUPER (Genérico),2000.0,C,300.0,300.0,300.0,,1,0.0
2026,1,2,14,1235,14,2,0,INFINIA DIESEL - INFINIA DIESEL  (Genérico),2000.0,C,500.0,500.0,500.0,,1,0.0
2026,1,2,14,1235,14,3,0,AGUA DESTILADA - AGUA DESTILADA (GENERICO),6000.0,C,5.0,5.0,5.0,,1,0.0
2026,1,2,14,1235,14,4,0,Aceite dos tiempos - Aceite dos tiempos (Genérico),6000.0,C,5.0,5.0,5.0,,1,0.0
2026,1,15,16,826,16,1,0,COMISIONES - COMISIONES (Genérico),2000000.0,C,1.0,1.0,1.0,,1,0.0
2026,1,16,17,2791,17,1,0,SERVICIOS DE HOTELERIA - SERVICIOS DE HOTELERIA (Genérico),7000000.0,C,1.0,1.0,1.0,,1,0.0
2026,1,17,18,1608,18,1,0,ALOJAMIENTO - ALOJAMIENTO  (Genérico)PARA DIFERENTES EVENTOS DURANTE EL AÑO,2000000.0,C,1.0,1.0,1.0,,1,30.0
2026,1,18,19,2931,19,1,0,ALOJAMIENTO - ALOJAMIENTO  (Genérico),3000000.0,C,1.0,1.0,1.0,,1,30.0
2026,1,19,20,174,20,1,0,DIARIOS - DIARIOS (Genérico)Diarios Varios.,2000000.0,C,1.0,1.0,1.0,,1,0.0
2026,1,71,64,2150,64,1,0,GAS PROPANO - GAS PROPANO  (Genérico),2000000.0,C,1.0,1.0,1.0,,1,0.0
2026,1,60,72,1765,72,1,0,CERTIFICACIONES - CERTIFICACIONES (GENERICO),5000000.0,C,1.0,1.0,1.0,,1,0.0
2026,1,73,73,201,73,1,0,SERVICIO DE PUBLICACION - SERVICIO DE PUBLICACION (GENERICO),2000000.0,C,1.0,1.0,1.0,,1,0.0
2026,1,70,74,1994,74,1,0,SERVICIO DE FLETE - SERVICIO DE FLETE (Genérico),1000000.0,C,1.0,1.0,1.0,,1,0.0
2026,1,72,75,2330,75,1,0,GAS-OIL - GAS-OIL (Genérico),1590.0,C,1000.0,1000.0,1000.0,,1,0.0
2026,1,72,75,2330,75,2,0,NAFTA SUPER - NAFTA SUPER (Genérico),1610.0,C,1000.0,1000.0,1000.0,,1,0.0
2026,1,72,75,2330,75,3,0,GAS OIL - GAS OIL (GENERICO)INFINIA,1800.0,C,1.0,1.0,1.0,,1,0.0
2026,1,72,75,2330,75,4,0,NAFTA INFINIA - NAFTA INFINIA  (Genérico),1900.0,C,1000.0,1000.0,1000.0,,1,0.0
2026,1,72,75,2330,75,5,0,AGUA DESTILADA - AGUA DESTILADA (GENERICO),6000.0,C,10.0,10.0,10.0,,1,0.0
2026,1,72,75,2330,75,6,0,ACEITES LUBRICANTES - ACEITES LUBRICANTES (GENERICO),100000.0,C,1.0,1.0,1.0,,1,0.0
2026,1,745,677,688,675,1,0,ACEITES LUBRICANTES - ACEITES LUBRICANTES (GENERICO),10000.0,C,4.0,4.0,4.0,,1,0.0
2026,1,745,677,688,675,2,0,ACEITES - ACEITES (Genérico),30000.0,C,1.0,1.0,1.0,,1,0.0
2026,1,746,680,2330,678,1,0,NAFTA SUPER - NAFTA SUPER (Genérico),2000.0,C,300.0,300.0,300.0,,1,0.0
2026,1,746,680,2330,678,2,0,INFINIA DIESEL - INFINIA DIESEL  (Genérico),2000.0,C,500.0,500.0,500.0,,1,0.0
2026,1,746,680,2330,678,3,0,AGUA DESTILADA - AGUA DESTILADA (GENERICO),6000.0,C,5.0,5.0,5.0,,1,0.0
2026,1,746,680,2330,678,4,0,Aceite dos tiempos - Aceite dos tiempos (Genérico),6000.0,C,5.0,5.0,5.0,,1,0.0
2026,1,747,682,300,681,1,0,TUBO LED - TUBO LED (Genérico),3250.0,C,1.0,1.0,1.0,,1,0.0
2026,1,747,682,300,681,2,0,BULONES - BULONES (Genérico),115.0,C,12.0,12.0,12.0,,1,0.0
2026,1,747,682,300,681,3,0,LISTON P/TUBO LED - LISTON P/TUBO LED (Genérico),3650.0,C,1.0,1.0,1.0,,1,0.0
2026,1,747,682,300,681,4,0,TORNILLO ATERRAJADOR - 1TORNILLO ATERRAJADOR (Genérico),1375.0,C,1.0,1.0,1.0,,1,0.0
2026,1,747,682,300,681,5,0,DEPOSITO P/INODORO - DEPOSITO P/INODORO (GENERICO),32500.0,C,1.0,1.0,1.0,,1,0.0
2026,1,747,682,300,681,6,0,TEFLON - TEFLON (GENERICO),3400.0,C,1.0,1.0,1.0,,1,0.0
2026,1,747,682,300,681,7,0,ARANDELA - ARANDELA (GENERICO),590.0,C,1.0,1.0,1.0,,1,0.0
2026,1,747,682,300,681,8,0,FUELLE - FUELLE (GENERICO),3900.0,C,1.0,1.0,1.0,,1,0.0
2026,1,747,682,300,681,9,0,Lampara led - Lampara led (Genérico),1100.0,C,2.0,2.0,2.0,,1,0.0
2026,1,747,682,300,681,10,0,PRECINTO - PRECINTO (GENERICO),18900.0,C,3.0,3.0,3.0,,1,0.0
2026,1,747,682,300,681,11,0,Bulon 1/4 x 2 - Bulon 1/4 x 2 (Genérico),98.0,C,4.0,4.0,4.0,,1,0.0
2026,1,747,682,300,681,12,0,MECHA WIDIA 8 - MECHA WIDIA 8 (Genérico),6250.0,C,1.0,1.0,1.0,,1,0.0
2026,1,747,682,300,681,13,0,CANDADO - CANDADO (GENERICO),6900.0,C,1.0,1.0,1.0,,1,0.0
2026,1,747,682,300,681,14,0,PINTURA EN AEROSOL - PINTURA EN AEROSOL (GENERICO),15800.0,C,2.0,2.0,2.0,,1,0.0
2026,1,747,682,300,681,15,0,Aerosol - Aerosol (Genérico),8350.0,C,1.0,1.0,1.0,,1,0.0
2026,1,747,682,300,681,16,0,RASTRILLO - RASTRILLO (GENERICO),5500.0,C,2.0,2.0,2.0,,1,0.0
2026,1,747,682,300,681,17,0,LAMPARA LED - LAMPARA LED (Genérico),1300.0,C,1.0,1.0,1.0,,1,0.0
2026,1,747,682,300,681,18,0,CANILLA - CANILLA (GENERICO),2900.0,C,1.0,1.0,1.0,,1,0.0
2026,1,747,682,300,681,19,0,ESPIGA - ESPIGA (Genérico),330.0,C,1.0,1.0,1.0,,1,0.0
2026,1,747,682,300,681,20,0,SOGA - SOGA (GENERICO),3010.0,C,1.0,1.0,1.0,,1,0.0
2026,1,747,682,300,681,21,0,GUANTE MOTEADO - GUANTE MOTEADO (Genérico),1200.0,C,1.0,1.0,1.0,,1,0.0
2026,1,723,684,2410,682,1,0,REPARACIONES EN GENERAL DE AUTOMOTORES - SE REPARA FALLA ARRANQUE REANULT KANGOO DOMINIO AB437WY,60000.0,C,1.0,1.0,1.0,,1,0.0
2026,1,728,686,1259,684,1,0,Lampara led - LUMINARIA LED PANEL 18W,10122.0,C,4.0,4.0,4.0,,1,0.0
2026,1,728,686,1259,684,2,0,LISTON P/TUBO LED - MINI LISTON ALACENA LED 4W,11634.0,C,1.0,1.0,1.0,,1,0.0
2026,1,748,688,163,686,1,0,REPARACION DE CAMION - CAMIONETA - REPARACION DE CAMION - CAMIONETA (GENERICO) IR AL BASURARAL LIMPIEZA DE RADIADOR Y SERVIS COMPLETO TOPADORA LUILONG,1988250.0,C,1.0,1.0,1.0,,1,0.0
2026,1,749,691,879,689,1,0,BOLSA CEMENTO - BOLSA CEMENTO  (Genérico),9620.0,C,1.0,1.0,1.0,,1,0.0
2026,1,750,694,879,692,1,0,CEMENTO DE CONTACTO - CEMENTO DE CONTACTO (GENERICO),19240.0,C,1.0,1.0,1.0,,1,0.0
2026,1,750,694,879,692,2,0,CANILLA - CANILLA (GENERICO),12060.0,C,1.0,1.0,1.0,,1,0.0
2026,1,750,694,879,692,3,0,FUELLE - FUELLE (GENERICO),21140.0,C,1.0,1.0,1.0,,1,0.0
2026,1,751,698,3075,696,1,0,LAVANDINA - LAVANDINA  CONCENTRADA MG X 5 LTS,4900.0,C,10.0,10.0,10.0,,1,0.0
2026,1,751,698,3075,696,2,0,CIF Anti Grasa D Pack - CIF Anti Grasa D Pack  X 500 ML,4964.315,C,3.0,3.0,3.0,,1,0.0
2026,1,752,700,2627,698,1,0,EMPANADA - TUNO EMPANADA X 5 DOCENAS,26000.0,C,1.0,1.0,1.0,,1,0.0
2026,1,758,702,2110,700,1,0,GASISTA TRABAJOS EN GENERAL - GASISTA TRABAJOS EN GENERAL (Genérico)Limpieza de mechero y pics a calefactor.,130000.0,C,1.0,1.0,1.0,,1,0.0
2026,1,753,703,2627,701,1,0,TAPA PASCUALINA - TAPA PASCUALINA,1200.0,C,4.0,4.0,4.0,,1,0.0
2026,1,753,703,2627,701,2,0,EMPANADA - TUBOS EMPANADA X 5 DOCENA,6500.0,C,1.0,1.0,1.0,,1,0.0
2026,1,753,703,2627,701,3,0,FIDEO SECO - FIDEO SECO  SOMALDO X KG,3200.0,C,4.0,4.0,4.0,,1,0.0
2026,1,754,704,1259,702,1,0,PROLONGADOR - PROLONGADOR (GENERICO),20654.2,C,1.0,1.0,1.0,,1,0.0
2026,1,755,706,879,704,1,0,PROLONGADOR - PROLONGADOR (GENERICO),6990.0,C,2.0,2.0,2.0,,1,0.0
2026,1,755,706,879,704,2,0,GRIFERIA - GRIFERIA (GENERICO),93660.0,C,1.0,1.0,1.0,,1,0.0
2026,1,755,706,879,704,3,0,LLAVE DE PASO - LLAVE DE PASO (Genérico),26560.0,C,1.0,1.0,1.0,,1,0.0
2026,1,755,706,879,704,4,0,"TARUGOS Nº 8 - TARUGOS Nº 8 (Genérico)
tarugo y tornillo",230.0,C,10.0,10.0,10.0,,1,0.0
2026,1,892,850,3534,848,1,0,"SERVICIO TECNICO Y PROFESIONAL - COORDINACION DEL AREA DE PRENSA DE LA MUNICIPALIDAD DE GRAL MADARIAGA , SIENDO DICHA ACTIVIDAD DE VITAL IMPORTANCIA PARA LA CORRECTA DIFUSION DE TODAS LAS ACTIVIDADES MUNICIPALES. EL CONVENIO TENDRA VIGENCIA DESDE EL 01 DE ENERO DEL 2026 AL 30 DE JUNIO DEL MISMO EJERCICIO. PERCIBIENDO COMO CONTRAPRESTACION MENSUAL,MAS AUMENTO POR PARITARIAS",500000.0,C,1.0,1.0,1.0,,1,0.0
2026,1,1002,954,1810,949,1,0,SERVICE - SERVICE MAS RECARGA DE REFRIGERANTE DE AA,140000.0,C,1.0,1.0,1.0,,1,0.0
2026,1,1003,955,688,950,1,0,FILTRO DE ACEITE P/VEHICULO - CAMBIO DE ACEITE Y FILTROS,150000.0,C,1.0,1.0,1.0,,1,0.0
2026,1,1004,959,2450,954,1,0,BANANA - BANANA (GENERICO),3500.0,C,31.0,31.0,31.0,,1,0.0
2026,1,1004,959,2450,954,2,0,MANZANA - TIPO VERDE (GRANNY SMITH) - PRESENTACION X KILO,5000.0,C,2.0,2.0,2.0,,1,0.0
2026,1,1004,959,2450,954,3,0,"MANZANA - TIPO RED DELICIOSA - PRESENTACION POR KILO, TAMAÑO PAREJO DE PESO APROX. 200 GR. POR UNIDAD",5000.0,C,8.0,8.0,8.0,,1,0.0
2026,1,1004,959,2450,954,4,0,LIMON - LIMON (GENERICO),3900.0,C,1.5,1.5,1.5,,1,0.0
2026,1,1004,959,2450,954,5,0,"NARANJA - TIPO NATURAL - PRESENTACION POR KILO, TAMAÑO PAREJO DE PESO APROX. 180 GRS. X UNIDAD.",2800.0,C,21.0,21.0,21.0,,1,0.0
2026,1,1004,959,2450,954,6,0,HUEVOS DE GALLINA - HUEVOS DE GALLINA (GENERICO) maple,8800.0,C,3.0,3.0,3.0,,1,0.0
2026,1,1043,975,3364,970,1,0,"ALQUILER DE BAÑO QUIMICO - ALQUILER DE BAÑO QUIMICO (GENERICO)1 BAÑO QUIICO SIMPLE
1 BAÑO QUIMICO DISCAPACITADO
1 PERSONA MANTENIMIENTO
FINAL FOLKLORE 2026",250000.0,C,1.0,1.0,1.0,,1,0.0
2026,1,1039,980,3184,975,1,0,ANALGESICOS - PARACETAMOL COMPRIMIDOS 500 MG.,36.9,C,2000.0,2000.0,2000.0,,1,0.0
2026,1,1039,980,3184,975,2,0,ANTIULCEROSO -  OMEPRAZOL CAPSULA 20mg.,33.95,C,2002.0,2002.0,2002.0,,1,0.0
2026,1,1039,980,3184,975,3,0,TRAMADOL 50 MG COMPRIMIDOS - TRAMADOL 50 MG COMPRIMIDOS,128.9,C,300.0,300.0,300.0,,1,0.0
2026,1,1039,980,3184,975,4,0,GUANTES USO MEDICINAL - GUANTE LATEX CAJA X 100 UNIDADES,4880.0,C,60.0,60.0,60.0,,1,0.0
2026,1,1040,982,1578,977,1,0,SILLON - SILLON (GENERICO) VERONA,28000.0,C,5.0,5.0,5.0,,1,0.0
2026,1,1015,984,167,979,1,0,POLLO - PATA Y MUSLO KG,8500.0,C,39.5,39.5,39.5,,1,0.0
2026,1,1015,984,167,979,2,0,POLLO - PECHUGA KG,27000.0,C,9.0,9.0,9.0,,1,0.0
2026,1,1015,984,167,979,3,0,POLLO - HAMBURGUESA DE POLLO KG/PECHUGA,7920.0,C,25.0,25.0,25.0,,1,0.0
2026,1,1016,985,300,980,1,0,PINTURA AL LATEX - PINTURA AL LATEX (GENERICO),35000.0,C,1.0,1.0,1.0,,1,0.0
2026,1,1016,985,300,980,2,0,AGUARRAS MINERAL - AGUARRAS MINERAL (GENERICO),3900.0,C,1.0,1.0,1.0,,1,0.0
2026,1,1016,985,300,980,3,0,RODILLO - RODILLO (GENERICO),1000.0,C,1.0,1.0,1.0,,1,0.0
2026,1,1016,985,300,980,4,0,ESMALTE SINTETICO - ESMALTE SINTETICO (GENERICO),46192.0,C,1.0,1.0,1.0,,1,0.0
2026,1,1016,985,300,980,5,0,FLEXIBLE P/AGUA - FLEXIBLE P/AGUA (GENERICO),3900.0,C,1.0,1.0,1.0,,1,0.0
2026,1,1016,985,300,980,6,0,GRIFERIA - GRIFERIA (GENERICO)- LAVATORIO,18600.0,C,1.0,1.0,1.0,,1,0.0
2026,1,1016,985,300,980,7,0,CANDADO - CANDADO (GENERICO),2900.0,C,2.0,2.0,2.0,,1,0.0
2026,1,1016,985,300,980,8,0,GUANTES DE TRABAJO - GUANTES DE TRABAJO (Genérico),1000.0,C,2.0,2.0,2.0,,1,0.0
2026,1,1016,985,300,980,9,0,PINCEL - PINCEL (Genérico),6900.0,C,1.0,1.0,1.0,,1,0.0
2026,1,1016,985,300,980,10,0,ANTIOXIDO SINTETICO CROMATO - ANTIOXIDO SINTETICO CROMATO (GENERICO),145954.0,C,1.0,1.0,1.0,,1,0.0
2026,1,1016,985,300,980,11,0,Lija - Lija (Genérico),950.0,C,2.0,2.0,2.0,,1,0.0
2026,1,1017,986,300,981,1,0,VIRUTA - VIRUTA (GENERICO),5500.0,C,3.0,3.0,3.0,,1,0.0
2026,1,1017,986,300,981,2,0,PINTURA AL LATEX - PINTURA AL LATEX (Genérico),73353.0,C,1.0,1.0,1.0,,1,0.0
2026,1,1017,986,300,981,3,0,AGUARRAS MINERAL - AGUARRAS MINERAL (GENERICO),3900.0,C,2.0,2.0,2.0,,1,0.0
2026,1,1017,986,300,981,4,0,PINCEL - PINCEL (Genérico),2625.0,C,4.0,4.0,4.0,,1,0.0
2026,1,1017,986,300,981,5,0,Lija - Lija (Genérico),950.0,C,2.0,2.0,2.0,,1,0.0
2026,1,1017,986,300,981,6,0,RODILLO SUPERIOR - RODILLO SUPERIOR (Genérico),1800.0,C,2.0,2.0,2.0,,1,0.0
2026,1,1017,986,300,981,7,0,BARNIZ - BARNIZ (GENERICO),13358.0,C,1.0,1.0,1.0,,1,0.0
2026,1,1017,986,300,981,8,0,HOJA P/CALADORA - HOJA P/CALADORA (Genérico),6660.0,C,1.0,1.0,1.0,,1,0.0
2026,1,1017,986,300,981,9,0,Lampara led - Lampara led (Genérico),1100.0,C,3.0,3.0,3.0,,1,0.0
2026,1,1055,987,3529,982,1,0,ALQUILER DE BAÑO QUIMICO - ALQUILER DE BAÑO QUIMICO (GENERICO)CARRERA DE LA MUJER,140000.0,C,1.0,1.0,1.0,,1,0.0
2026,1,1056,988,2643,983,1,0,"PASAJE - TIPO TERRESTRE.PARA EMPLEADA RODRIGUEZ ANDREA, DESDE EL 16/03/2026 AL 30/04/2026",2700.0,C,64.0,64.0,64.0,,1,0.0
2026,1,1048,996,300,991,1,0,ANTIOXIDO SINTETICO CROMATO - ANTIOXIDO SINTETICO CROMATO (GENERICO),14635.0,C,1.0,1.0,1.0,,1,0.0
2026,1,1048,996,300,991,2,0,CANDADO - CANDADO (GENERICO),27800.0,C,1.0,1.0,1.0,,1,0.0
2026,1,1048,996,300,991,3,0,"BULON - MATERIAL HIERRO - DIAMETRO 1/2"" - LONGITUD 3"" - CABEZA HEXAGONAL - ROSCA WHITWORTH - PRESENTACION CAJA X 25.",314.25,C,200.0,200.0,200.0,,1,0.0
2026,1,428,413,1259,410,1,0,"PRECINTO NYLON 4.8 X 200 mm - 3,6 X 150 MM",42.0,C,300.0,300.0,300.0,,1,0.0
2026,1,428,413,1259,410,2,0,Lampara led - Lampara led 12 W E 27,3395.0,C,2.0,2.0,2.0,,1,0.0
2026,1,429,414,1267,411,1,0,ACOPLES P/AUTOMOTOR - ACOPLES P/AUTOMOTOR (GENERICO),8450.0,C,3.0,3.0,3.0,,1,0.0
2026,1,429,414,1267,411,2,0,REPUESTOS P/ CAMION - REPUESTOS P/ CAMION (Genérico),39000.0,C,1.0,1.0,1.0,,1,0.0
2026,1,429,414,1267,411,3,0,MANGUERA HIDRAULICA - MANGUERA HIDRAULICA (Genérico),229052.0,C,1.0,1.0,1.0,,1,0.0
2026,1,436,415,33,412,1,0,"SEGURO AUTOMOTOR - SEGURO AUTOMOTOR (GENERICO) ENDOSOS DE POLIZA 10946172, DESDE EL 01/01/2026 AL 31/12/2026",34567.97,C,1.0,1.0,1.0,,1,0.0
2026,1,437,416,688,413,1,0,MANO DE OBRA - MANO DE OBRA  (Genérico) Y CAMBIO DE FILTRO - FOTON AF 591 SL,94000.0,C,1.0,1.0,1.0,,1,0.0
2026,1,441,417,688,414,1,0,FILTRO ACEITE MOTOR - FILTRO ACEITE MOTOR (Genérico): W 914/28.,22400.0,C,1.0,1.0,1.0,,1,0.0
2026,1,441,417,688,414,2,0,ACEITE MOTOR - ACEITE MOTOR (Genérico): AURO FE 5W30 X 1LT.,31400.0,C,1.0,1.0,1.0,,1,0.0
2026,1,442,418,1586,415,1,0,"MAQUINA CORTA CABELLOS - MAQUINA CORTA CABELLOS (Genérico)
29 PZS GA.M",75499.0,C,1.0,1.0,1.0,,1,0.0
2026,1,443,419,57,416,1,0,SERVICIO DE IMPRESION - SERVICIO DE IMPRESION (GENERICO): PLANILLA AGRADECIMIENTO DONACION.,230.0,C,100.0,100.0,100.0,,1,0.0
2026,1,443,419,57,416,2,0,SERVICIO DE IMPRESION - SERVICIO DE IMPRESION (Genérico): PLANILLA DONACION.,350.0,C,100.0,100.0,100.0,,1,0.0
2026,1,443,419,57,416,3,0,SERVICIO DE IMPRESION - VOLANTES CONFIDENCIAL.HEMOTERAPIA.,160.0,C,100.0,100.0,100.0,,1,0.0
2026,1,444,421,441,417,1,0,SELLO FECHADOR - SELLO FECHADOR (GENERICO),12700.0,C,3.0,3.0,3.0,,1,0.0
2026,1,1048,996,300,991,4,0,"ARANDELA - MATERIAL HIERRO - TIPO PLANA - DIAMETRO INTERIOR 3/16"" - PRESENTACION CAJA X 144.",5.3,C,600.0,600.0,600.0,,1,0.0
2026,1,445,422,441,418,1,0,ABROCHADORA PAPELES - TIPO PINZA 64,36900.0,C,2.0,2.0,2.0,,1,0.0
2026,1,446,423,688,419,1,0,ACEITES LUBRICANTES - ACEITES LUBRICANTES (GENERICO)PARA MINIBUS AB603TW,40000.0,C,1.0,1.0,1.0,,1,0.0
2026,1,447,424,688,420,1,0,aceite - aceite (Genérico)PARA MINIBUS AB603TW,9000.0,C,6.0,6.0,6.0,,1,0.0
2026,1,452,425,2209,421,1,0,PAN DULCE - PAN DULCE (GENERICO),3190.0,C,3.0,3.0,3.0,,1,0.0
2026,1,452,425,2209,421,2,0,GASEOSA - GASEOSA (GENERICO),1790.0,C,1.0,1.0,1.0,,1,0.0
2026,1,452,425,2209,421,3,0,BUDIN - BUDIN (Genérico),1800.0,C,3.0,3.0,3.0,,1,0.0
2026,1,457,426,1837,423,1,0,ANESTESICO LOCAL - ANESCART FORTE CARTICALINA  4% 100 UNIDADES,93400.0,C,6.0,6.0,6.0,,1,0.0
2026,1,457,426,1837,423,2,0,AGUJA QUIRURGICA - DENTAK 30 G  X 100,27600.0,C,3.0,3.0,3.0,,1,0.0
2026,1,457,426,1837,423,3,0,MATERIALES PARA CIRUJIA Y ODONTOLOGIA - REVELADOR ROMEK 500 CC,13400.0,C,2.0,2.0,2.0,,1,0.0
2026,1,457,426,1837,423,4,0,FIJADOR AUTOMATICO - FIJADOR RX ROMEK 500 CC,11670.0,C,2.0,2.0,2.0,,1,0.0
2026,1,459,428,850,425,1,0,REACTIVO - TIPO CASSETTE DE SENSORES  SC80 ABL 80|,2288605.56,C,1.0,1.0,1.0,,1,0.0
2026,1,459,428,850,425,2,0,SOLUCIONES - SOLUCIONES PACK ABL80,725940.12,C,1.0,1.0,1.0,,1,0.0
2026,1,458,429,850,426,1,0,REACTIVO - MAGLUMI TOXO IGG KIT x 100 test,290289.12,C,2.0,2.0,2.0,,1,0.0
2026,1,460,430,3322,427,1,0,ARTICULOS DE LIMPIEZA - PERACETIC SUTTTER AGRASAN 20 KG,215398.83,C,1.0,1.0,1.0,,1,0.0
2026,1,460,430,3322,427,2,0,JABON LIQUIDO - ALA BLANQ CHLO BOOSTER 20 L,78429.31,C,1.0,1.0,1.0,,1,0.0
2026,1,460,430,3322,427,3,0,TOALLAS DE  PAPEL PARA COCINA - TOALLA MANO FELPITA 4X200 MTS,24908.08,C,2.0,2.0,2.0,,1,0.0
2026,1,460,430,3322,427,4,0,DESINFECTANTE EN AEROSOL - DESINFECTANTE PARA ALIMENTOS CLOROACTIVE,17790.76,C,1.0,1.0,1.0,,1,0.0
2026,1,460,430,3322,427,5,0,DETERGENTE - DETERGENTE ACTIVE NEUTRO  5 LTS.,18676.33,C,1.0,1.0,1.0,,1,0.0
2026,1,460,430,3322,427,6,0,CIF Anti Grasa D Pack - CIF CREMA 2 L,11192.83,C,1.0,1.0,1.0,,1,0.0
2026,1,460,430,3322,427,7,0,Cif crema 800 cc - CIF LIMPIADOR DE PISO CHERRY 5 L,12502.2,C,1.0,1.0,1.0,,1,0.0
2026,1,460,430,3322,427,8,0,PACK ROLLOS PAPEL HIGIENICO - PACK ROLLOS PAPEL HIGIENICO   FELPITA 12X4 BLANCO 3 M,17089.76,C,1.0,1.0,1.0,,1,0.0
2026,1,460,430,3322,427,9,0,TRAPO REPASADOR - MEDIA NARANJA  ALGODON,2220.37,C,3.0,3.0,3.0,,1,0.0
2026,1,460,430,3322,427,10,0,ARTICULOS DE LIMPIEZA - SF 200 X 5 KG,40660.24,C,1.0,1.0,1.0,,1,0.0
2026,1,461,431,3322,428,1,0,CIF Anti Grasa D Pack - CIF DESINFECTANTE PARA ALIMENTOS,17790.76,C,1.0,1.0,1.0,,1,0.0
2026,1,461,431,3322,428,2,0,PAPEL HIGIENICO - 12 X 4 BLANCO 30 M,17089.76,C,1.0,1.0,1.0,,1,0.0
2026,1,1048,996,300,991,5,0,MECHA ACERO RAPIDO - MECHA ACERO RAPIDO (Genérico),4250.0,C,2.0,2.0,2.0,,1,0.0
2026,1,1048,996,300,991,6,0,ESMALTE SINTETICO - COLOR MARFIL SEDA - CAPACIDAD 1L.,44625.0,C,1.0,1.0,1.0,,1,0.0
2026,1,1048,996,300,991,7,0,SOGA - SOGA (GENERICO),430.0,C,10.0,10.0,10.0,,1,0.0
2026,1,1048,996,300,991,8,0,PINCEL - PINCEL (GENERICO),8500.0,C,2.0,2.0,2.0,,1,0.0
2026,1,1048,996,300,991,9,0,MEDIA SOMBRA - MEDIA SOMBRA (Genérico),3900.0,C,15.0,15.0,15.0,,1,0.0
2026,1,1048,996,300,991,10,0,MECHA COPA - MECHA COPA (Genérico),204.0,C,100.0,100.0,100.0,,1,0.0
2026,1,1048,996,300,991,11,0,"LLAVE HEXAGONAL - MEDIDAS 5,5MM - MATERIAL ACERO DE CROMO VANADIO.",2840.0,C,2.0,2.0,2.0,,1,0.0
2026,1,1049,998,2595,993,1,0,PLAQUETA ELECTRONICA P/AUTO - PLAQUETA ELECTRONICA P/AUTO (GENERICO),16150.0,C,1.0,1.0,1.0,,1,0.0
2026,1,1050,999,2209,994,1,0,ARROZ - ARROZ AMANDA 10X1KG,18150.0,C,2.0,2.0,2.0,,1,0.0
2026,1,1050,999,2209,994,2,0,AZUCAR - AZUCAR LEDESMA X1000,21990.0,C,3.0,3.0,3.0,,1,0.0
2026,1,1050,999,2209,994,3,0,QUESO - LA QUESERA RALLADA 8GR X100,17050.0,C,1.0,1.0,1.0,,1,0.0
2026,1,1050,999,2209,994,4,0,QUESO - MOZZARELLA SOBRERO,8500.0,C,25.37,25.37,25.37,,1,0.0
2026,1,1050,999,2209,994,5,0,QUESO - CREMOSO CREMAC,8500.0,C,8.625,8.625,8.625,,1,0.0
2026,1,1050,999,2209,994,6,0,FIAMBRE - FIAMBRE DE CERDO COCIDO CAGNOLI,8900.0,C,6.885,6.885,6.885,,1,0.0
2026,1,1050,999,2209,994,7,0,QUESO - BARRA CERMAC,9500.0,C,4.395,4.395,4.395,,1,0.0
2026,1,1051,1000,2310,996,1,0,VARILLA P/SOLDAR - VARILLA P/SOLDAR (GENERICO),15214.39,C,1.0,1.0,1.0,,1,0.0
2026,1,1051,1000,2310,996,2,0,MASTILES HIERRO 2.50 mts. - MASTILES HIERRO 2.50 mts. (Genérico),184148.27,C,1.0,1.0,1.0,,1,0.0
2026,1,1051,1000,2310,996,3,0,ROSCA CON TUERCA - ROSCA CON TUERCA (Genérico),2054.98,C,1.0,1.0,1.0,,1,0.0
2026,1,1051,1000,2310,996,4,0,PINTURA AL LATEX - PINTURA AL LATEX (Genérico),12578.37,C,1.0,1.0,1.0,,1,0.0
2026,1,1051,1000,2310,996,5,0,RUEDAS CON RULEMAN - RUEDAS CON RULEMAN (Genérico),19383.29,C,1.0,1.0,1.0,,1,0.0
2026,1,1051,1000,2310,996,6,0,ARANDELA - ARANDELA (GENERICO),2097.86,C,1.0,1.0,1.0,,1,0.0
2026,1,1051,1000,2310,996,7,0,PLANCHUELAS GALVANIZADAS - PLANCHUELAS GALVANIZADAS (Genérico),106925.64,C,1.0,1.0,1.0,,1,0.0
2026,1,1051,1000,2310,996,8,0,SERVICIO DE ACARREO - SERVICIO DE ACARREO (Genérico),3400.0,C,1.0,1.0,1.0,,1,0.0
2026,1,1045,1003,2369,998,1,0,CASOLETA CON RULEMAN - CASOLETA CON RULEMAN (GENERICO),42253.2,C,2.0,2.0,2.0,,1,0.0
2026,1,1045,1003,2369,998,2,0,CARDAN DE MOTOR - CARDAN DE MOTOR (Genérico),58588.2,C,1.0,1.0,1.0,,1,0.0
2026,1,1045,1003,2369,998,3,0,REPUESTO - REPUESTO (Genérico)SOPORTE,65971.62,C,1.0,1.0,1.0,,1,0.0
2026,1,1045,1003,2369,998,4,0,VALVULA - VALVULA (GENERICO),250470.0,C,1.0,1.0,1.0,,1,0.0
2026,1,1045,1003,2369,998,5,0,CORREA - MATERIAL CAUCHO - FORMA PLANA - TIPO DENTADA - SECCION 34 X 10 - LONGITUD PRIMITIVA 950MM.,69151.5,C,2.0,2.0,2.0,,1,0.0
2026,1,1045,1003,2369,998,6,0,ABRAZADERA P/AUTOMOTOR - ABRAZADERA P/AUTOMOTOR (GENERICO),16661.7,C,1.0,1.0,1.0,,1,0.0
2026,1,1045,1003,2369,998,7,0,FILTRO DE ACEITE P/VEHICULO - MARCA AL.IVECO DAILY 35/45/55 - MODELO FILT,60221.7,C,1.0,1.0,1.0,,1,0.0
2026,1,1045,1003,2369,998,8,0,CORONA DE TRANSMISION - CORONA DE TRANSMISION (Genérico),112399.199,C,1.0,1.0,1.0,,1,0.0
2026,1,1046,1005,2595,999,1,0,BORNERA - BORNERA (GENERICO),2800.0,C,6.0,6.0,6.0,,1,0.0
2026,1,1046,1005,2595,999,2,0,ESTAÑO P/SOLDADURA - ALEACION C/RESINA - LONGITUD BARRA 100Cm - PRESENTACION BARRA.,3500.0,C,2.0,2.0,2.0,,1,0.0
2026,1,1046,1005,2595,999,3,0,CODO C/CANAL - CODO C/CANAL (Genérico),1600.0,C,2.0,2.0,2.0,,1,0.0
2026,1,1046,1005,2595,999,4,0,CINTA AISLADORA - MATERIAL PVC - ANCHO 12MM - LONGITUD 25m - COLOR ROJO.,4440.0,C,2.0,2.0,2.0,,1,0.0
2026,1,1046,1005,2595,999,5,0,TUBO EN T C/CORRUGADO - TUBO EN T C/CORRUGADO (Genérico),9340.0,C,1.0,1.0,1.0,,1,0.0
2026,1,1046,1005,2595,999,6,0,Cable T T  2 X 2 1/2 - Cable T T  2 X 2 1/2 (Genérico),6400.0,C,1.0,1.0,1.0,,1,0.0
2026,1,1047,1006,2595,1000,1,0,TEFLON - TEFLON (GENERICO),1530.0,C,2.0,2.0,2.0,,1,0.0
2026,1,1047,1006,2595,1000,2,0,ACOPLES P/AUTOMOTOR - ACOPLES P/AUTOMOTOR (GENERICO),1633.333,C,9.0,9.0,9.0,,1,0.0
2026,1,1047,1006,2595,1000,3,0,BOTONERA DE CONTACTO - BOTONERA DOBLE - CAJA ALUMINIO A P. EXPLOSION - COLOR DE PULSADOR ROJO S/LUZ - PULSADOR RASANTE.,42100.0,C,1.0,1.0,1.0,,1,0.0
2026,1,1047,1006,2595,1000,4,0,DESODORANTE DE AMBIENTE - DESODORANTE DE AMBIENTE (GENERICO),2500.0,C,1.0,1.0,1.0,,1,0.0
2026,1,1047,1006,2595,1000,5,0,CEPILLO - CEPILLO (GENERICO),7060.0,C,1.0,1.0,1.0,,1,0.0
2026,1,1066,1012,300,1007,1,0,MANIJA P/PUERTA - MANIJONES,25600.0,C,2.0,2.0,2.0,,1,0.0
2026,1,1066,1012,300,1007,2,0,TORNILLO - TORNILLOS MECHA 8X1/2,29.0,C,20.0,20.0,20.0,,1,0.0
2026,1,1066,1012,300,1007,3,0,TECLAS - TECLAS VENTILADOR KALOP,22750.0,C,2.0,2.0,2.0,,1,0.0
2026,1,1066,1012,300,1007,4,0,CINTA AISLADORA - CINTA AISLADORA,5670.0,C,1.0,1.0,1.0,,1,0.0
2026,1,1066,1012,300,1007,5,0,ZOCALO - ZOCALO ALUMINIO,4900.0,C,6.0,6.0,6.0,,1,0.0
2026,1,1066,1012,300,1007,6,0,TORNILLO - TORNILLO TANQUE 3/16 X 23/4 CON TUERCA,180.0,C,6.0,6.0,6.0,,1,0.0
2026,1,1066,1012,300,1007,7,0,POXIMIX - POXIMIX,19221.0,C,1.0,1.0,1.0,,1,0.0
2026,1,1066,1012,300,1007,8,0,MODULO PULSADOR - PULSADOR,1701.0,C,1.0,1.0,1.0,,1,0.0
2026,1,1066,1012,300,1007,9,0,TAPA P/INODORO - TAPA P/INODORO PLASTICO,14500.0,C,2.0,2.0,2.0,,1,0.0
2026,1,1066,1012,300,1007,10,0,PICAPORTE - PICAPORTE PLASTICO,7930.0,C,2.0,2.0,2.0,,1,0.0
2026,1,1066,1012,300,1007,11,0,PITONES - PITON S,260.0,C,15.0,15.0,15.0,,1,0.0
2026,1,1072,1013,2259,1008,1,0,"ALIMENTOS VARIOS - ALIMENTOS VARIOS (Genérico)PASTELES, EMPANADAS,ENSALADAS",800000.0,C,1.0,1.0,1.0,,1,0.0
2026,1,1074,1024,300,1018,1,0,Lampara led - Lampara led (Genérico),1100.0,C,5.0,5.0,5.0,,1,0.0
2026,1,1074,1024,300,1018,2,0,Aerosol - Aerosol (Genérico),8350.0,C,1.0,1.0,1.0,,1,0.0
2026,1,1074,1024,300,1018,3,0,PINTURA EN AEROSOL - PINTURA EN AEROSOL (GENERICO),6900.0,C,1.0,1.0,1.0,,1,0.0
2026,1,1074,1024,300,1018,4,0,PINTURA ACRILICA - PINTURA ACRILICA (Genérico) BRIKOL,21000.0,C,4.0,4.0,4.0,,1,0.0
2026,1,1074,1024,300,1018,5,0,RODILLO - RODILLO (GENERICO),1800.0,C,1.0,1.0,1.0,,1,0.0
2026,1,1074,1024,300,1018,6,0,TINER - TINER (Genérico),5650.0,C,1.0,1.0,1.0,,1,0.0
2026,1,1074,1024,300,1018,7,0,TORNILLOS - TORNILLOS (Genérico),35.0,C,28.0,28.0,28.0,,1,0.0
2026,1,1074,1024,300,1018,8,0,RODILLO - MATERIAL GOMAESPUMA - LARGO 5 Cm.,1000.0,C,1.0,1.0,1.0,,1,0.0
2026,1,1074,1024,300,1018,9,0,PINCEL - PINCEL (Genérico),7100.0,C,2.0,2.0,2.0,,1,0.0
2026,1,1077,1025,2675,1019,1,0,BOMBA DE AGUA P/AUTOMOTOR - BOMBA DE AGUA P/AUTOMOTOR,128000.0,C,1.0,1.0,1.0,,1,0.0
2026,1,1077,1025,2675,1019,2,0,FILTRO DE AIRE P/VEHICULO - FILTRO DE AIRE P/VEHICULO,12000.0,C,4.0,4.0,4.0,,1,0.0
2026,1,1077,1025,2675,1019,3,0,FILTRO DE ACEITE P/VEHICULO - FILTRO DE ACEITE P/VEHICULO,12500.0,C,4.0,4.0,4.0,,1,0.0
2026,1,1077,1025,2675,1019,4,0,LLAVE P/AUTOMOTOR - LLAVE P/AUTOMOTOR (LEVANTACRISTALES),16000.0,C,1.0,1.0,1.0,,1,0.0
2026,1,1076,1026,2675,1020,1,0,ACEITE MOTOR - ACEITE MOTOR,50600.0,C,16.0,16.0,16.0,,1,0.0
2026,1,1080,1027,169,1021,1,0,DETERGENTE - DETERGENTE (GENERICO)(5),9800.0,C,20.0,20.0,20.0,,1,0.0
2026,1,1080,1027,169,1021,2,0,TRAPO REJILLA - TRAPO REJILLA (GENERICO),700.0,C,100.0,100.0,100.0,,1,0.0
2026,1,1080,1027,169,1021,3,0,CERA DE LUSTRAR - CERA DE LUSTRAR (GENERICO)AUTOBRILLO NARURAL X 5 LTS,21400.0,C,10.0,10.0,10.0,,1,0.0
2026,1,84,79,167,79,1,0,POLLO - PATA Y MUSLO KG,6500.0,C,39.7,39.7,39.7,,1,0.0
2026,1,84,79,167,79,2,0,POLLO - PECHUGA KG,11500.0,C,9.2,9.2,9.2,,1,0.0
2026,1,85,80,717,80,1,0,GELATINA - TIPO COMUN - PESO 1 KG. - SABOR FRUTILLA- ENVASE BOLSA,11200.0,C,5.0,5.0,5.0,,1,0.0
2026,1,85,80,717,80,2,0,FLAN - FLAN (GENERICO): ORLOC VAINILLA.,10400.0,C,5.0,5.0,5.0,,1,0.0
2026,1,85,80,717,80,3,0,GELATINA - TIPO DIETETICA - PESO 1 KG. - SABOR - ENVASE BOLSA.,11760.0,C,1.0,1.0,1.0,,1,0.0
2026,1,86,82,160,82,1,0,ANTICUAGULANTE - ANTICUAGULANTE (GENERICO): ATB LISTO *100ML.,57920.0,C,2.0,2.0,2.0,,1,0.0
2026,1,86,82,160,82,2,0,TRANQUILIZANTE - TRANQUILIZANTE (GENERICO): ACEDAN X 50 ml  TRANQUILIZANTE.,31800.0,C,1.0,1.0,1.0,,1,0.0
2026,1,86,82,160,82,3,0,ARTICULOS DE USO VETERINARIO - ARTICULOS DE USO VETERINARIO (Genérico): XILACINA 20 X 20 ML.,24295.0,C,1.0,1.0,1.0,,1,0.0
2026,1,86,82,160,82,4,0,"GUANTES USO MEDICINAL - TIPO LATEX DESCARTABLE - TAMAÑO MEDIANO, PUÑO LARGO - MATERIAL LATEX.",113.0,C,100.0,100.0,100.0,,1,0.0
2026,1,86,82,160,82,5,0,ALIMENTO P/PERROS - ALIMENTO P/PERROS (Genérico): GOOSTER ADULTO x 20 KG.,64520.0,C,1.0,1.0,1.0,,1,0.0
2026,1,87,83,167,83,1,0,POLLO - PECHUGA KG,11500.0,C,15.5,15.5,15.5,,1,0.0
2026,1,87,83,167,83,2,0,POLLO - PATA Y MUSLO KG,6500.0,C,15.5,15.5,15.5,,1,0.0
2026,1,91,85,2627,85,1,0,PASTAS FRESCAS - RAVIOLES X 3 PLANCHAS,3000.0,C,10.0,10.0,10.0,,1,0.0
2026,1,92,86,2627,87,1,0,PASTAS FRESCAS - TUBOS EMPANADAS X 5 DOCENAS,6000.0,C,2.0,2.0,2.0,,1,0.0
2026,1,92,86,2627,87,2,0,PASTAS FRESCAS - PASCUALINAS,1200.0,C,5.0,5.0,5.0,,1,0.0
2026,1,78,88,441,88,1,0,CINTA DE PAPEL - CINTA DE PAPEL (Genérico) rapifix 24 x 50,4289.12,C,1.0,1.0,1.0,,1,0.0
2026,1,78,88,441,88,2,0,Papel Audtoadh. Fluo 50 x 65 - Papel Autoadhesivo blanco 108 g x 10 hojas (Genérico),2550.0,C,1.0,1.0,1.0,,1,0.0
2026,1,78,88,441,88,3,0,ADHESIVO - ADHESIVO (GENERICO) voligoma,2300.0,C,1.0,1.0,1.0,,1,0.0
2026,1,78,88,441,88,4,0,PALITOS BROCHETTE - PALITOS BROCHETTE (Genérico) x 25 unidades,830.0,C,1.0,1.0,1.0,,1,0.0
2026,1,78,88,441,88,5,0,MARCADORES - MARCADORES (GENERICO)trabi p/cd pta media,480.93,C,1.0,1.0,1.0,,1,0.0
2026,1,78,88,441,88,6,0,CINTA PVC - CINTA PVC (Genérico) fw pp 24x40,659.99,C,1.0,1.0,1.0,,1,0.0
2026,1,646,607,171,605,1,0,REVELADOR AUTOMATICO - REVELADOR AUTOMATICO (Genérico),14900.0,C,1.0,1.0,1.0,,1,0.0
2026,1,646,607,171,605,2,0,GRAMPA OMEGA - GRAMPA OMEGA (Genérico),100.0,C,10.0,10.0,10.0,,1,0.0
2026,1,647,608,3287,606,1,0,"SERVICIO DE IMPRESION - SERVICIO DE IMPRESION (GENERICO)
vale x 1 kg de pan. Troquelados en 2 cuerpos x 1.000",75500.0,C,1.0,1.0,1.0,,1,0.0
2026,1,653,609,41,607,1,0,"SERVICIO DE SONIDO - SERVICIO DE SONIDO (Genérico)
INSTALACION DE ALTOPARLANTES Y ATENCION DE EQUIPOS
CARNAVAL 2026",1700000.0,C,1.0,1.0,1.0,,1,0.0
2026,1,652,610,3364,608,1,0,"SERVICIO DE BAÑOS QUIMICOS - SERVICIO DE BAÑOS QUIMICOS (Genérico)
E BAÑOS QUIMICOS SIMPLES 
BAÑOS DISCAPACITADOS
PERSONAL DE MANTENIMIENTO Y LIMPIEZA",350000.0,C,3.0,3.0,3.0,,1,0.0
2026,1,664,622,685,620,1,0,"Servicio de Torneria - Servicio de Torneria (Genérico) SOLDAR Y REFORZAR DISQUEADORA
HACER BOCA DE ENGANCHE CAMIONETA AMAROK AB597ZF
HACER OJO DE LANZA ACOPLADO GAS-OIL,REPARAR SOPORTE DE ESPEJO DE NIVELADORA DE ARRASTRE
SOLDAR LLANTA DE TRACTOR EFJ11
SOLDAR LLANTA DE CARRO
SOLDAR EXTREMO DE DIRECCION DE MOTONIVELADORA N HOLLAND BMU02
HACER LANZA DE ENGANCHE RETRO FAZ81",1275000.0,C,1.0,1.0,1.0,,1,0.0
2026,1,670,625,3441,623,1,0,PAN - TIPO FRANCES - PRESENTACION HASTA 11 PIEZAS,4000.0,C,1000.0,1000.0,1000.0,,1,0.0
2026,1,928,944,803,939,10,0,FILTROS VARIOS - ACCESORIO FILTRO AIRE FRAM CA-3291 MERCEDES 1114,36294.4146,C,6.0,6.0,6.0,,1,0.0
2026,1,928,944,803,939,11,0,FILTROS VARIOS - ACCESORIO FILTRO ACEITE FRAM HPH-6349 VW 17220,42135.9074,C,1.0,1.0,1.0,,1,0.0
2026,1,928,944,803,939,12,0,FILTROS VARIOS - ACCESORIO FILTRO AIRE FRAM CA-5626PU VW 17220,46027.3642,C,3.0,3.0,3.0,,1,0.0
2026,1,928,944,803,939,13,0,FILTROS VARIOS - ACCESORIO FILTRO AIRE FRAM CA-5626SYPU VW 17220,30635.6512,C,6.0,6.0,6.0,,1,0.0
2026,1,928,944,803,939,14,0,FILTROS VARIOS - ACCESORIO FILTRO ACEITE FRAM PH-2883 VW 13810,28440.5079,C,1.0,1.0,1.0,,1,0.0
2026,1,928,944,803,939,15,0,FILTROS VARIOS - ACCESORIO FILTRO PH9453 IVECO,15358.0266,C,6.0,6.0,6.0,,1,0.0
2026,1,928,944,803,939,16,0,FILTROS VARIOS - ACCESORIO FILTRO P9454 IVECO,18648.0747,C,6.0,6.0,6.0,,1,0.0
2026,1,928,944,803,939,17,0,FILTROS VARIOS - ACCESORIO FILTRO CA11123 IVECO,58296.2028,C,6.0,6.0,6.0,,1,0.0
2026,1,928,944,803,939,18,0,FILTROS VARIOS - ACCESORIO FILTRO PS9027RV IVECO,26052.3648,C,2.0,2.0,2.0,,1,0.0
2026,1,928,944,803,939,19,0,FILTRO DE GASOIL  410 - FILTRO DE GASOIL  MAN MK10002,63354.9224,C,4.0,4.0,4.0,,1,0.0
2026,1,928,944,803,939,20,0,FILTRO DE GAS OIL P/VEHICULO - MARCA FORD - FA5693,48312.1346,C,3.0,3.0,3.0,,1,0.0
2026,1,928,944,803,939,21,0,FILTROS VARIOS - ACCESORIO FILTRO ACEITE FRAM PH-4703 VW SAVEIRO,8925.3472,C,2.0,2.0,2.0,,1,0.0
2026,1,928,944,803,939,22,0,FILTRO DE ACEITE CARTUCHO MERCEDEZ EA 255 - FILTRO DE ACEITE PH5566,7485.7086,C,2.0,2.0,2.0,,1,0.0
2026,1,928,944,803,939,23,0,FILTRO GAS OIL 5300051 - FILTRO GAS OIL C8826,13749.8592,C,6.0,6.0,6.0,,1,0.0
2026,1,928,944,803,939,24,0,FILTRO DE ACEITE P/VEHICULO - MARCA CH8751,8044.3994,C,4.0,4.0,4.0,,1,0.0
2026,1,928,944,803,939,25,0,FILTRO DE AIRE CONJUNTO - FILTRO DE AIRE CONJUNTO (Genérico)CA9033,34709.6922,C,3.0,3.0,3.0,,1,0.0
2026,1,928,944,803,939,26,0,FILTROS VARIOS - FILTROS VARIOS (Genérico)CA11654,12396.3145,C,3.0,3.0,3.0,,1,0.0
2026,1,928,944,803,939,27,0,FILTRO DE ACEITE P/VEHICULO - MARCA PH5885,6854.8242,C,3.0,3.0,3.0,,1,0.0
2026,1,928,944,803,939,28,0,"FILTRO DE AIRE P/VEHICULO - MARCA MERCEDES BENZ - MODELO 710, 812, 813.",8643.9206,C,1.0,1.0,1.0,,1,0.0
2026,1,928,944,803,939,29,0,FILTRO GAS-OIL 5300052 - FILTRO PH4703,8925.3472,C,1.0,1.0,1.0,,1,0.0
2026,1,928,944,803,939,30,0,FILTROS VARIOS - ACCESORIO FILTRO GASOIL C-5563 CITROEN C15,8901.2343,C,1.0,1.0,1.0,,1,0.0
2026,1,961,945,169,940,1,0,JABON LIQUIDO - JABON LIQUIDO (Genérico),9700.0,C,1.0,1.0,1.0,,1,0.0
2026,1,960,949,2110,945,1,0,"PLOMERIA - PLOMERIA (GENERICO) - Prov. de mano de obra para arreglo de mochila de inodoro para baño de oficina de la Secretaria de Obras y Servicios Publicos, inclue respuestos.",65000.0,C,1.0,1.0,1.0,,1,0.0
2026,1,948,952,2627,947,1,0,PASTAS FRESCAS - PASCUALINAS,1200.0,C,12.0,12.0,12.0,,1,0.0
2026,1,949,958,2627,952,1,0,PASTAS FRESCAS - SORRENTINO X PLANCHA.,2000.0,C,15.0,15.0,15.0,,1,0.0
2026,1,949,958,2627,952,2,0,PASTAS FRESCAS - FIDEOS AL HUEVO N° 2 KG,4000.0,C,4.0,4.0,4.0,,1,0.0
2026,1,949,958,2627,952,3,0,PASTAS FRESCAS - FIDEOS GUISEROS Kg.,3200.0,C,4.0,4.0,4.0,,1,0.0
2026,1,950,960,1573,955,1,0,ANTIALERGICO - ANTIHISTAMINICO - DIFENHIDRAMINA  COMPRIMIDO 50 MG.,427.25,C,1000.0,1000.0,1000.0,,1,0.0
2026,1,950,960,1573,955,2,0,ANSIOLITICO - ALPRAZOLAM 2 mg. COMPRIMIDOS,68.45,C,1005.0,1005.0,1005.0,,1,0.0
2026,1,950,960,1573,955,3,0,ANTIDEPRESIVO - SERTRALINA 50 MG COMPRIMIDOS,142.45,C,2000.0,2000.0,2000.0,,1,0.0
2026,1,950,960,1573,955,4,0,ANTIPSICOTICO - HALOPERIDOL 10 MG COMP,195.3,C,1000.0,1000.0,1000.0,,1,0.0
2026,1,950,960,1573,955,5,0,LACTULOSA 120 ml JBE - LACTULOSA 120 ml JBE,9805.0,C,5.0,5.0,5.0,,1,0.0
2026,1,950,960,1573,955,6,0,HIPOTENSOR -  ENALAPRIL  COMPRIMIDO  10mg.,55.5,C,2070.0,2070.0,2070.0,,1,0.0
2026,1,950,960,1573,955,7,0,"ANSIOLITICO - LORAZEPAN COMPRIMIDO 2,5mg.",64.75,C,1000.0,1000.0,1000.0,,1,0.0
2026,1,950,960,1573,955,8,0,HIPOTENSOR - AMLOPIDINA COMPRIMIDO 10mg.,85.2,C,2000.0,2000.0,2000.0,,1,0.0
2026,1,950,960,1573,955,9,0,ANTIPARASITARIO - MEBENDAZOL COMPRIMIDO 200mg.,503.2,C,402.0,402.0,402.0,,1,0.0
2026,1,950,960,1573,955,10,0,DIURETICOS - ESPIRONOLACTONA COMPRIMIDOS 25 mg.,180.4,C,2000.0,2000.0,2000.0,,1,0.0
2026,1,950,960,1573,955,11,0,DIURETICOS - HIDROCLOROTIAZIDA 25 MG COMPRIMIDOS,175.75,C,1000.0,1000.0,1000.0,,1,0.0
2026,1,950,960,1573,955,12,0,ANTIDIARREICO - LOPERAMIDA 2 MG COMPRIMIDOS,59.2,C,2000.0,2000.0,2000.0,,1,0.0
2026,1,950,960,1573,955,13,0,ANTIEMETICO - DIMENHIDRINATO 50 MG COMP,777.15,C,1008.0,1008.0,1008.0,,1,0.0
2026,1,950,960,1573,955,14,0,HIPOTIROIDISMO -  LEVOTIROXINA 100 MCG COMPRIMIDOS MONT,740.0,C,2000.0,2000.0,2000.0,,1,0.0
2026,1,993,961,167,956,1,0,POLLO -  PATA Y MUSLO KG,8500.0,C,20.4,20.4,20.4,,1,0.0
2026,1,993,961,167,956,2,0,POLLO - PECHUGA KG,16500.0,C,15.0,15.0,15.0,,1,0.0
2026,1,993,961,167,956,3,0,POLLO - HAMBURGUESA DE POLLO KG,15500.0,C,6.0,6.0,6.0,,1,0.0
2026,1,995,962,717,957,1,0,"GELATINA - GELATINA  - PESO 5 KGS, - FRUTILLA ORLOC",56000.0,C,1.0,1.0,1.0,,1,0.0
2026,1,995,962,717,957,2,0,GELATINA - GELATINA BC  X 8 SOBRES,11760.0,C,1.0,1.0,1.0,,1,0.0
2026,1,994,963,167,958,1,0,POLLO -  PATA Y MUSLO KG,8500.0,C,43.0,43.0,43.0,,1,0.0
2026,1,994,963,167,958,2,0,POLLO - HAMBURGUESA DE POLLO KG,15500.0,C,10.8,10.8,10.8,,1,0.0
2026,1,994,963,167,958,3,0,POLLO - PECHUGA KG,16496.3505,C,13.7,13.7,13.7,,1,0.0
2026,1,992,964,3287,959,1,0,SERVICIO DE IMPRESION - SERVICIO DE IMPRESION (GENERICO)Formato A4.,1905.75,C,12.0,12.0,12.0,,1,0.0
2026,1,990,965,3296,960,1,0,ESMALTE SINTETICO - COLOR BLANCO - CAPACIDAD 1L.,26620.0,C,2.0,2.0,2.0,,1,0.0
2026,1,990,965,3296,960,2,0,Rodillo - Rodillo (Genérico),3872.0,C,1.0,1.0,1.0,,1,0.0
2026,1,1007,966,1603,961,1,0,PAN X bolsita de 1 kg. - PAN X bolsita de 1 kg. (Genérico),2400.0,C,55.0,55.0,55.0,,1,0.0
2026,1,673,628,2917,626,1,0,FILTRO DE AIRE AP9834 - FILTRO DE AIRE AP9834 (Genérico),96497.5,C,2.0,2.0,2.0,,1,0.0
2026,1,673,628,2917,626,2,0,FILTRO ACEITE MOTOR - FILTRO ACEITE MOTOR (Genérico),33575.48,C,2.0,2.0,2.0,,1,0.0
2026,1,673,628,2917,626,3,0,FILTRO COMBUSTIBLE - FILTRO COMBUSTIBLE (Genérico),15211.52,C,2.0,2.0,2.0,,1,0.0
2026,1,673,628,2917,626,4,0,FILTRO HIDRAULICO - FILTRO HIDRAULICO (GENERICO),112288.0,C,2.0,2.0,2.0,,1,0.0
2026,1,673,628,2917,626,5,0,"ACEITE, FILTROS. - ADITIVO filtro aceite h 12111",92883.23,C,2.0,2.0,2.0,,1,0.0
2026,1,673,628,2917,626,6,0,FILTRO DE ACEITE P/VEHICULO - HIDRAULICO,51792.84,C,4.0,4.0,4.0,,1,0.0
2026,1,673,628,2917,626,7,0,FILTRO DE GAS OIL P/VEHICULO - FILTRO DE GAS OIL P/VEHICULO (GENERICO),80356.1,C,2.0,2.0,2.0,,1,0.0
2026,1,668,629,2410,627,1,0,PRESTACION DE SERVICIOS PROFESIONALES - PRESTACION DE SERVICIOS PROFESIONALES (Genérico)CAMBIO Y ADAPTACION DE FAROS TRASEROS,150000.0,C,1.0,1.0,1.0,,1,0.0
2026,1,654,630,441,628,1,0,SILICONA - SILICONA (Genérico),4800.0,C,1.0,1.0,1.0,,1,0.0
2026,1,655,631,2410,629,1,0,"REPARACION ARRANQUE - REPARACION ARRANQUE (Genérico)EN CORTOCIRCUITO Y SEÑASLES DE PARADA OPTOR, CAMBIO DE RELAY AUXILIAR,PONER EN MARCHA, CAMBIO DE TAMBOR,CORTICIECUITO CHANCHITA AUXILIAR EN MOTONIVELADORA BMU02",700000.0,C,1.0,1.0,1.0,,1,0.0
2026,1,655,631,2410,629,2,0,INSTALACION ELECTRICA EN VEHICULOS - INSTALACION ELECTRICA EN VEHICULOS (Genérico) CABIAR FICHA DE TRACTOR  EFJ11 Y CONECTAR FICHA TRAILLER DE 7 VIAS.,120000.0,C,1.0,1.0,1.0,,1,0.0
2026,1,656,633,300,631,1,0,PRECINTO NYLON 4.8 X 200 mm - PRECINTO NYLON 4.8 X 200 mm (Genérico),9900.0,C,1.0,1.0,1.0,,1,0.0
2026,1,656,633,300,631,2,0,CINTA AISLADORA - MATERIAL PVC - ANCHO 12MM - LONGITUD 50m - COLOR ROJO.,1200.0,C,2.0,2.0,2.0,,1,0.0
2026,1,656,633,300,631,3,0,CINTA PVC - CINTA PVC (Genérico),2300.0,C,6.0,6.0,6.0,,1,0.0
2026,1,656,633,300,631,4,0,TARUGO FISCHER - LONGITUD 60MM - USO C/TORNILLO D. 8MM - PRESENTACION CAJA X 100.,235.0,C,4.0,4.0,4.0,,1,0.0
2026,1,656,633,300,631,5,0,TIRAFONDO - MATERIAL METAL,115.0,C,4.0,4.0,4.0,,1,0.0
2026,1,656,633,300,631,6,0,"TARUGO FISCHER - LONGITUD 15MM - USO C/TORNILLO D. 2,6 A 4 - PRESENTACION CAJA X 200 - TIPO S5.",96.0,C,4.0,4.0,4.0,,1,0.0
2026,1,656,633,300,631,7,0,TIRAFONDO - MATERIAL - TAMAÑO 1/4 x 1 3/4,60.0,C,4.0,4.0,4.0,,1,0.0
2026,1,656,633,300,631,8,0,BROCA - BROCA (GENERICO),1360.0,C,1.0,1.0,1.0,,1,0.0
2026,1,656,633,300,631,9,0,"BULON - MATERIAL HIERRO - DIAMETRO 1/4 - LONGITUD 2"" - CABEZA REDONDA Y CUELLO CUADRADO - ROSCA MILIMETRICA - PRESENTACION POR UNIDAD",115.0,C,4.0,4.0,4.0,,1,0.0
2026,1,656,633,300,631,10,0,PINTURA EN AEROSOL - PINTURA EN AEROSOL (GENERICO),4300.0,C,1.0,1.0,1.0,,1,0.0
2026,1,656,633,300,631,11,0,Engrampadora - Engrampadora (Genérico),29902.0,C,1.0,1.0,1.0,,1,0.0
2026,1,661,634,826,632,1,0,COMISIONES - COMISIONES (Genérico) LA PLATA,65000.0,C,1.0,1.0,1.0,,1,0.0
2026,1,662,635,441,633,1,0,PERFORADORA - PERFORADORA (GENERICO),24550.0,C,1.0,1.0,1.0,,1,0.0
2026,1,669,637,2751,635,1,0,semillas varias - semillas varias (Genérico),375000.0,C,1.0,1.0,1.0,,1,0.0
2026,1,819,781,3287,779,1,0,VINILO IMPRESO - VINILO IMPRESO (Genérico) PARCHES EN VINILO COLOCADOS EN LONA ROTONDA,207500.0,C,1.0,1.0,1.0,,1,0.0
2026,1,819,781,3287,779,2,0,INSUMOS CARTELERIA - INSUMOS CARTELERIA (Genérico)VINILO IMPRESO COLOCADO EN CARTEL DELEGACION RUTA 11,218500.0,C,1.0,1.0,1.0,,1,0.0
2026,1,820,782,3180,780,1,0,"DISEÑO Y PROGRAMACION - DISEÑO Y PROGRAMACION (GENERICO)
CINE COMERCIAL INCAA",150000.0,C,1.0,1.0,1.0,,1,0.0
2026,1,821,783,163,781,1,0,"REPARACION TRACTOR - REPARACION TRACTOR (Genérico)Desprender y sacar bancada y tormamesa,realizar limpieza de regulador.Fabricar placas de desgaste a medida.Colocar placas, armar bancada.Cambiar piñón de giro de tornamesa.Regular y dejar en marcha($4.076.200). Bulones de reguladores ($25.630), materiales de placas ($276.200).",4378030.0,C,1.0,1.0,1.0,,1,0.0
2026,1,822,784,163,782,1,0,"REPARACION TRACTOR - REPARACION TRACTOR (Genérico)Por colocar malómetro de temperatura.Colocar consola con marcador de presión de aceite.Por controlar perdida en máquina de arrastre. Sacar y cambiar sello en tapón de banco de válvula($274.360).Consola ($20.500), marcador de temperatura y adaptador ($88.390).",383250.0,C,1.0,1.0,1.0,,1,0.0
2026,1,824,785,413,783,1,0,PARCHE P/CAMARA - PARCHE 195/55/15 VEHICULO DOMINIO AF545GL/AC591SU,8000.0,C,2.0,2.0,2.0,,1,0.0
2026,1,830,791,2548,789,1,0,SERVICIOS DE SEPELIOS PARA INDIGENTES - SERVICIOS DE SEPELIOS PARA INDIGENTES (GENERICO),200000.0,C,1.0,1.0,1.0,,1,0.0
2026,1,833,793,1608,791,1,0,SERVICIOS DE HOTELERIA - SERVICIOS DE HOTELERIA (Genérico) ALOJAMIENTO DE ESPONDABURU EL JUEVES 26/02 POR REUNION CON SANTORO Y VOLPATTI,120000.0,C,1.0,1.0,1.0,,1,0.0
2026,1,835,794,3398,792,1,0,CONJUNTO DE EMBRAGUE - CONJUNTO DE EMBRAGUE (Genérico),1341711.17,C,1.0,1.0,1.0,,1,0.0
2026,1,835,794,3398,792,2,0,COJINETE AXIAL STDR - COJINETE AXIAL STDR (Genérico),69253.4,C,1.0,1.0,1.0,,1,0.0
2026,1,835,794,3398,792,3,0,RODAMIENTO - (Sin clasificar),56544.4,C,1.0,1.0,1.0,,1,0.0
2026,1,835,794,3398,792,4,0,REPUESTO - REPUESTO (Genérico)COLLARIN,229386.8,C,1.0,1.0,1.0,,1,0.0
2026,1,835,794,3398,792,5,0,DISCO DE EMBRAGUE P/AUTOMOTOR - DISCO DE EMBRAGUE P/AUTOMOTOR (GENERICO),281032.2,C,1.0,1.0,1.0,,1,0.0
2026,1,836,795,2869,793,1,0,CARNE - ESPECIE VACUNA - CORTE PALETA.,14500.0,C,33.1,33.1,33.1,,1,0.0
2026,1,836,795,2869,793,2,0,CARNE - ESPECIE VACUNA - CORTE PICADA COMUN.,14500.0,C,22.4,22.4,22.4,,1,0.0
2026,1,836,795,2869,793,3,0,CARNE - ESPECIE VACUNO - CORTE MILANESA DE BOLA DE LOMO,17990.0,C,15.4,15.4,15.4,,1,0.0
2026,1,837,796,1603,794,1,0,PAN - PAN,2200.0,C,305.0,305.0,305.0,,1,0.0
2026,1,837,796,1603,794,2,0,PIONONO - PIONONO,15000.0,C,8.0,8.0,8.0,,1,0.0
2026,1,837,796,1603,794,3,0,PIONONO - ROSCA,7000.0,C,6.0,6.0,6.0,,1,0.0
2026,1,838,797,2869,795,1,0,CARNE - BONDIOLA,9900.0,C,41.53,41.53,41.53,,1,0.0
2026,1,844,800,822,798,1,0,SERVOFRENO P/AUTOMOTOR - SERVOFRENO P/AUTOMOTOR (GENERICO),424136.94,C,1.0,1.0,1.0,,1,0.0
2026,1,548,543,1879,540,4,0,JUEGO JUNTAS COMPLETO MOTOR -RETENES CIGUEÑAL - JUEGO JUNTAS COMPLETO MOTOR -RETENES CIGUEÑAL,58800.0,C,1.0,1.0,1.0,,1,0.0
2026,1,548,543,1879,540,5,0,TORNILLO - TORNILLO,26000.0,C,1.0,1.0,1.0,,1,0.0
2026,1,548,543,1879,540,6,0,CORREA - CORREA,28200.0,C,1.0,1.0,1.0,,1,0.0
2026,1,548,543,1879,540,7,0,TENSOR - TENSOR,93600.0,C,1.0,1.0,1.0,,1,0.0
2026,1,548,543,1879,540,8,0,CAÑO - CAÑO (caño calef),19000.0,C,1.0,1.0,1.0,,1,0.0
2026,1,548,543,1879,540,9,0,TERMOSTATO P/AUTOMOTOR - TERMOSTATO P/AUTOMOTOR,63000.0,C,1.0,1.0,1.0,,1,0.0
2026,1,548,543,1879,540,10,0,REPUESTO - REPUESTO,30200.0,C,1.0,1.0,1.0,,1,0.0
2026,1,545,544,717,541,1,0,CAFE - LA MORENITA 500GR,13900.0,C,4.0,4.0,4.0,,1,0.0
2026,1,545,544,717,541,2,0,FLAN - FLAN 10kgs - SABOR Vainilla,112000.0,C,1.0,1.0,1.0,,1,0.0
2026,1,545,544,717,541,3,0,GELATINA - GELATINA 10 KG,112000.0,C,1.0,1.0,1.0,,1,0.0
2026,1,545,544,717,541,4,0,CAFE - CAFE 500GR,24000.0,C,2.0,2.0,2.0,,1,0.0
2026,1,545,544,717,541,5,0,JUGO - JUGO CAJA X 20,9000.0,C,1.0,1.0,1.0,,1,0.0
2026,1,545,544,717,541,6,0,CARAMELOS - CARAMELOS MASTICABLES BOLSA,12200.0,C,2.0,2.0,2.0,,1,0.0
2026,1,545,544,717,541,7,0,CHUPETIN - CHUPETIN X BOLSA,9500.0,C,1.0,1.0,1.0,,1,0.0
2026,1,590,567,1876,563,1,0,GASA - GASA cosida medispo radio esteril x 5 u,5843.5,C,100.0,100.0,100.0,,1,0.0
2026,1,590,567,1876,563,2,0,BOLSAS ADULTO CON MASCARA - BOLSA ASPIRACION SIN FILTRO E CORTE 2 L,6798.18,C,50.0,50.0,50.0,,1,0.0
2026,1,590,567,1876,563,3,0,INSUMOS PARA EL HOSPITAL - LAPIZ LECTROBISTURI,5768.31,C,10.0,10.0,10.0,,1,0.0
2026,1,590,567,1876,563,4,0,SONDA - INTRATUB  K32P.,641.45,C,50.0,50.0,50.0,,1,0.0
2026,1,590,567,1876,563,5,0,GUIA SUERO - PROLONGADOR 2.8 MM,1024.0,C,50.0,50.0,50.0,,1,0.0
2026,1,590,567,1876,563,6,0,CAMISOLIN DE CIRUJIA - CAMISOLIN DE CIRUJIA CON PUÑO,2161.96,C,100.0,100.0,100.0,,1,0.0
2026,1,590,567,1876,563,7,0,GUIA DE SUERO - LLAVE DE TRES VIAS  CON PROLONGAOR,783.0,C,100.0,100.0,100.0,,1,0.0
2026,1,590,567,1876,563,8,0,VENDA USO MEDICO - ENYESADA  15 X 4 MTS,4662.32,C,50.0,50.0,50.0,,1,0.0
2026,1,590,567,1876,563,9,0,SONDA - SONDA K 31,647.33,C,50.0,50.0,50.0,,1,0.0
2026,1,590,567,1876,563,10,0,BARBIJO -  TABLEADOS TRI CAPA,77.6,C,2000.0,2000.0,2000.0,,1,0.0
2026,1,590,567,1876,563,11,0,SOBRES NYLON MONOFILAMENTO - SOBRES NYLON 5/0,1887.95,C,12.0,12.0,12.0,,1,0.0
2026,1,587,569,3184,569,1,0,ANALGESICOS - TRAMADOL AMPOLLA 2 ML,1260.0,C,60.0,60.0,60.0,,1,0.0
2026,1,587,569,3184,569,2,0,ANTIEPILEPTICO - LEVETIRACETAM 1 GR X 60 COMP,34720.0,C,3.0,3.0,3.0,,1,0.0
2026,1,587,569,3184,569,3,0,metionidazol ovulos - METRO+CENTE+MICO+NEO OVULOS X 6,9880.54,C,17.0,17.0,17.0,,1,0.0
2026,1,587,569,3184,569,4,0,MEDICAMENTOS - CILOSTAZOL 100 MG COMP,214.2,C,1000.0,1000.0,1000.0,,1,0.0
2026,1,587,569,3184,569,5,0,ANTIBIOTICOS - CIPROFLOXACINA 200mg.100 ml.,4340.0,C,150.0,150.0,150.0,,1,0.0
2026,1,587,569,3184,569,6,0,DIURETICOS -  FUROSEMIDA AMPOLLA 20  mg.,590.0,C,400.0,400.0,400.0,,1,0.0
2026,1,587,569,3184,569,7,0,ANESTESICO GENERAL - BUPIVACAINA hip amp x 4 ml,854.0,C,100.0,100.0,100.0,,1,0.0
2026,1,587,569,3184,569,8,0,ANESTESICO LOCAL - LIDOCAINA 2% SIN EPINEFRINA AMPOLLA  5 CC.,588.0,C,100.0,100.0,100.0,,1,0.0
2026,1,587,569,3184,569,9,0,KETOROLAC 10 G COMP - KETOROLAC 20 MG COMP,47.6,C,2000.0,2000.0,2000.0,,1,0.0
2026,1,587,569,3184,569,10,0,ANTIBIOTICOS - PIPERACILINA 4 g.+TAZOBACTAM 500 mg. AMPOLLA,5460.0,C,200.0,200.0,200.0,,1,0.0
2026,1,14,11,2159,11,1,0,"REPARACION DE EQUIPOS - REPARACION DE EQUIPOS (Genérico)EQUIPO DE RX ARCA PIAX ODELO HF-601 SERIE12495
PROVISION Y REEMPLAZO DE SET DE ICROCONTROLADORES
CONTROLY CALIBRACION DE VARIABLES RADIOGRAFICAS CON INSTRUMENTACION ESPECIFICA
PROVISION Y FERRITE/TOROIDE PARA AISLACION DE RUIDO DE LINEA
",2032800.0,C,1.0,1.0,1.0,,1,0.0
2026,1,50,31,2593,31,1,0,CERRAJERIA - CERRAJERIA (GENERICO) cambio de picaportes.,51000.0,C,1.0,1.0,1.0,,1,0.0
2026,1,49,33,71,34,1,0,CRUCETA P/AUTOMOTOR - CRUCETA P/AUTOMOTOR (GENERICO),48000.0,C,1.0,1.0,1.0,,1,0.0
2026,1,49,33,71,34,2,0,TORNILLO ATERRAJADOR - TORNILLO ATERRAJADOR (Genérico),30.0,C,100.0,100.0,100.0,,1,0.0
2026,1,49,33,71,34,3,0,ALAMBRE DE FARDO - ALAMBRE DE FARDO (GENERICO),225000.0,C,1.0,1.0,1.0,,1,0.0
2026,1,49,33,71,34,4,0,HOJA P/CALADORA - HOJA P/CALADORA (Genérico),3500.0,C,2.0,2.0,2.0,,1,0.0
2026,1,49,33,71,34,5,0,"ALAMBRE DE FARDO - DIAMETRO 0,3MM - SECCION CIRCULAR",8500.0,C,2.0,2.0,2.0,,1,0.0
2026,1,49,33,71,34,6,0,CANILLA - MATERIAL BRONCE - TRATAMIENTO CROMADO - TIPO MONOCOMANDO - USO COCINA.,4000.0,C,5.0,5.0,5.0,,1,0.0
2026,1,49,33,71,34,7,0,REPUESTO PARA CANILLA - REPUESTO PARA CANILLA (Genérico),4500.0,C,5.0,5.0,5.0,,1,0.0
2026,1,49,33,71,34,8,0,ALAMBRE DE FARDO - DIAMETRO 2.5MM - SECCION CIRCULAR - CAPACIDAD X 1 KG.,43500.0,C,1.0,1.0,1.0,,1,0.0
2026,1,48,37,71,37,1,0,"CLAVO - TIPO PUNTA PARIS - DIAMETRO 4.1MM - LARGO 2"".",7500.0,C,1.0,1.0,1.0,,1,0.0
2026,1,48,37,71,37,2,0,CINTA AISLADORA - MATERIAL PVC - ANCHO 12MM - LONGITUD 25m - COLOR AZUL.,4000.0,C,6.0,6.0,6.0,,1,0.0
2026,1,48,37,71,37,3,0,PRECINTO NYLON 4.8 X 200 mm - PRECINTO NYLON 4.8 X 200 mm (Genérico),70.0,C,100.0,100.0,100.0,,1,0.0
2026,1,48,37,71,37,4,0,GRASA EXTREMA PRESION - GRASA EXTREMA PRESION (GENERICO),14800.0,C,1.0,1.0,1.0,,1,0.0
2026,1,48,37,71,37,5,0,"TUERCA - TIPO AUTOFREN.C/ANILLO NYLON - MATERIAL ACERO TEMP.DORADO PASIV. - ROSCA UNF - DIAMETRO 1/4"".",600.0,C,10.0,10.0,10.0,,1,0.0
2026,1,48,37,71,37,6,0,PINZA CORTA CABLE - MEDIDAS 50Cm - MATERIAL ACERO,34000.0,C,1.0,1.0,1.0,,1,0.0
2026,1,48,37,71,37,7,0,ALICATE - CORTE OBLICUO - MEDIDAS 160MM - MANGO CON AISLACION.,31700.0,C,1.0,1.0,1.0,,1,0.0
2026,1,31,40,2490,39,1,0,"AGUA MINERAL - AGUA MINERAL BIDON X 20 LTS PARA CONSUMO DE LOS RESIDENTES , YA QUE EL AGUA NO ES APTA PARA CONSUMO",5000.0,C,300.0,300.0,300.0,,1,0.0
2026,1,28,42,160,43,1,0,VENENO LISTO P/USAR - VENENO LISTO P/USAR (Genérico)FORMIDOR CEBO GRANULADO X 500 GRS.,9800.0,C,1.0,1.0,1.0,,1,0.0
2026,1,29,45,169,44,1,0,JABON LIQUIDO - JABON LIQUIDO (Genérico)verde x 5lts,9700.0,C,1.0,1.0,1.0,,1,0.0
2026,1,29,45,169,44,2,0,CESTO PAPELERO - CESTO PAPELERO (Genérico)redondo c/tapa 12 lts.,5500.0,C,1.0,1.0,1.0,,1,0.0
2026,1,27,48,717,48,1,0,SHAMPOO - SHAMPOO (GENERICO)sachet,350.0,C,9.0,9.0,9.0,,1,0.0
2026,1,27,48,717,48,2,0,CREMA DE ENJUAGUE - CREMA DE ENJUAGUE (GENERICO)sachet,350.0,C,10.0,10.0,10.0,,1,0.0
2026,1,27,48,717,48,3,0,PASTA DENTAL - PASTA DENTAL (GENERICO)70gr.,2000.0,C,1.0,1.0,1.0,,1,0.0
2026,1,27,48,717,48,4,0,TOALLAS FEMENINAS - TOALLAS FEMENINAS (GENERICO),2900.0,C,2.0,2.0,2.0,,1,0.0
2026,1,27,48,717,48,5,0,JABON DE TOCADOR - JABON DE TOCADOR (GENERICO),1200.0,C,3.0,3.0,3.0,,1,0.0
2026,1,25,50,183,50,1,0,DERECHOS Y TASAS - DERECHOS Y TASAS (GENERICO),6000000.0,C,1.0,1.0,1.0,,1,0.0
2026,1,2,53,2330,53,1,0,NAFTA SUPER - NAFTA SUPER (Genérico),2000.0,C,300.0,300.0,300.0,,1,0.0
2026,1,2,53,2330,53,2,0,INFINIA DIESEL - INFINIA DIESEL  (Genérico),2000.0,C,500.0,500.0,500.0,,1,0.0
2026,1,2,53,2330,53,3,0,AGUA DESTILADA - AGUA DESTILADA (GENERICO),6000.0,C,5.0,5.0,5.0,,1,0.0
2026,1,2,53,2330,53,4,0,Aceite dos tiempos - Aceite dos tiempos (Genérico),6000.0,C,5.0,5.0,5.0,,1,0.0
2026,1,56,57,708,57,1,0,"SEGURO ACCIDENTES PERSONALES - SEGURO ACCIDENTES PERSONALES (Genérico) Y VIDA DE LA GRANJA, DESDE EL 01/01/2026 AL 31/12/2026",1200000.0,C,1.0,1.0,1.0,,1,0.0
2026,1,558,529,3322,526,7,0,JABON P/LAVAR ROPA - SKIP ALKALINE 20 L,101501.64,C,1.0,1.0,1.0,,1,0.0
2026,1,558,529,3322,526,8,0,ARTICULOS DE LIMPIEZA - PERACETIC SUTTER AGRASAN 20 KG,215398.83,C,1.0,1.0,1.0,,1,0.0
2026,1,562,531,3337,528,1,0,"Servicio de Torneria - Servicio de Torneria (Genérico) SACAR TORNILLO CORTADO DE PORTACRUCETAS, SOLDAR CABEZA DE PERNO,ANGUERA DE 5/8 X 2 TERMINALES Y BRIDA P/CARGADORA FAZ81
MANGUERA DE 1 1/4 R4 X 1.80 P/ OTONIVELADORA PAUNY BGZ53
MANGUERA DE 1/2 X 2.19 TERINALES Y BRIDAS P/ MOTONIVELADORA NEW HOLLAND BMU02
MANGUERA DE 5/8 X 0.82, BRIFDAS, 1 TERMINAL
",654701.0,C,1.0,1.0,1.0,,1,0.0
2026,1,561,533,1943,529,1,0,"MANTENIMIENTO DE PLANTA DE OXIGENO - MANTENIMIENTO PREVENTIVO DE GENERADOR BGOX 6 , PROVISION E INSTALACION DE VALVULAS DE RETENCION EDD PRODUCCION, VALVULA Y ACTUADOR NEUMATICA DE ECUALIZACION Y MANOMETRO 0-10 EMBUTIR",1392216.28,C,1.0,1.0,1.0,,1,0.0
2026,1,573,534,1586,530,1,0,"MAQUINA CORTA CABELLOS - MAQUINA CORTA CABELLOS (Genérico)
29 PZS GA.M",77492.41,C,1.0,1.0,1.0,,1,0.0
2026,1,554,539,441,536,1,0,Aerosol - Aerosol AMBAR 280 CC MAGNOLIA Y F,4150.01,C,3.0,3.0,3.0,,1,0.0
2026,1,554,539,441,536,2,0,AROMATIZADOR - AEROSOL SAPHIRUS 280 ML,5500.01,C,1.0,1.0,1.0,,1,0.0
2026,1,554,539,441,536,3,0,PILA SECA - PILA AAA Y AA,1600.0,C,8.0,8.0,8.0,,1,0.0
2026,1,574,540,2490,537,1,0,AGUA MINERAL - TIPO SIN GASIFICAR - ENVASE BIDON - CAPACIDAD 20L.,750000.0,C,1.0,1.0,1.0,,1,0.0
2026,1,555,541,1078,538,1,0,TRABAJOS DE ELECTRICIDAD - CAMBIAR TERMICA TRIFASICA PLANTA DE OXIGENO Y CABLEAR 4 LINEAS DE RED EN INTERNACION,170000.0,C,1.0,1.0,1.0,,1,0.0
2026,1,551,542,3165,539,1,0,LECHE MATERNIZADA 0/6 MESES (800 gr A 1 kg) - LECHE MATERNIZADA 0/6 MESES 1 kg NUTRICIA VITAL 1,32312.45,C,20.0,20.0,20.0,,1,0.0
2026,1,551,542,3165,539,2,0,MEDICAMENTOS - ZUCLOPENTIXOL 200/MG/ML AMPOLLAS DEPOT,108240.0,C,1.0,1.0,1.0,,1,0.0
2026,1,551,542,3165,539,3,0,ANTIEPILEPTICO - FENITOINA 100 MG AMPOLLAS,792.0,C,50.0,50.0,50.0,,1,0.0
2026,1,551,542,3165,539,4,0,ANTIBIOTICOS - PIPERACILINA 4 g.+TAZOBACTAM 500 mg. FRASCO/AMPOLLA,11250.0,C,100.0,100.0,100.0,,1,0.0
2026,1,551,542,3165,539,5,0,ANALGESICOS - ASPIRINA 100 MG COMPRIMIDOS,42.68,C,2000.0,2000.0,2000.0,,1,0.0
2026,1,551,542,3165,539,6,0,ANTIINFLAMATORIO - DICLOFENAC 75 MG COMPRIMIDO,50.2,C,3000.0,3000.0,3000.0,,1,0.0
2026,1,551,542,3165,539,7,0,MEDICAMENTOS - ONDANSETRON AMPOLLAS 8 MG,960.0,C,50.0,50.0,50.0,,1,0.0
2026,1,551,542,3165,539,8,0,AGUA DESTILADA - AGUA AMPOLLA X 5 ML,490.0,C,400.0,400.0,400.0,,1,0.0
2026,1,551,542,3165,539,9,0,ANTIBIOTICOS - CLARITROMICINA 500mg. CAPSULAS,666.6,C,2000.0,2000.0,2000.0,,1,0.0
2026,1,551,542,3165,539,10,0,ANTIULCEROSO - OMEPRAZOL FRASCO AMPOLLA 40 mg..,5600.0,C,100.0,100.0,100.0,,1,0.0
2026,1,551,542,3165,539,11,0,CORTICOESTEROIDE - DEXAMETASONA  AMPOLLAS  8 MG.,1314.0,C,600.0,600.0,600.0,,1,0.0
2026,1,551,542,3165,539,12,0,ANTIULCEROSO - RANITIDINA AMPOLLA 50mg.,758.0,C,400.0,400.0,400.0,,1,0.0
2026,1,551,542,3165,539,13,0,ANTIINFLAMATORIO - DICLOFENAC AMPOLLA  75mg.,894.73,C,600.0,600.0,600.0,,1,0.0
2026,1,551,542,3165,539,14,0,CLAMPS - CLAMP UMBILICAL  BLANCO,580.8,C,50.0,50.0,50.0,,1,0.0
2026,1,551,542,3165,539,15,0,JERINGAS - JERINGA  CAPACIDAD X 20 CC. FREE LATEX,227.48,C,200.0,200.0,200.0,,1,0.0
2026,1,551,542,3165,539,16,0,cinta hipoalergenica - CINTA AUTOADHESIVA PAPEL 24 MM X 50 MTS,2106.97,C,13.0,13.0,13.0,,1,0.0
2026,1,551,542,3165,539,17,0,ANTIDIARREICO - LOPERAMIDA COMPRIMIDOS  2mg.,95.8,C,1000.0,1000.0,1000.0,,1,0.0
2026,1,551,542,3165,539,18,0,IODURO DE POTASIO - CLORURO DE POTASIO AMPOLLAS,869.0,C,100.0,100.0,100.0,,1,0.0
2026,1,551,542,3165,539,19,0,ANALGESICOS - FENTANILO AMPOLLA  X 5 ML.,1114.45,C,700.0,700.0,700.0,,1,0.0
2026,1,548,543,1879,540,1,0,CRUCETA P/AUTOMOTOR - CRUCETA P/AUTOMOTOR,38000.0,C,1.0,1.0,1.0,,1,0.0
2026,1,548,543,1879,540,2,0,PASTILLA DE FRENO - PASTILLA DE FRENO,36000.0,C,1.0,1.0,1.0,,1,0.0
2026,1,548,543,1879,540,3,0,RETEN P/AUTOMOTOR Y MAQ.VIAL - RETEN P/AUTOMOTOR Y MAQ.VIAL,12000.0,C,2.0,2.0,2.0,,1,0.0
2026,1,587,569,3184,569,11,0,ANTIVIRAL - ACICLOVIR  COMPRIMIDOS 800mg.,623.0,C,300.0,300.0,300.0,,1,0.0
2026,1,587,569,3184,569,12,0,VITAMINA - ACIDO FOLICO COMPRIMIDOS 5 MG,68.6,C,1000.0,1000.0,1000.0,,1,0.0
2026,1,587,569,3184,569,13,0,CORTICOESTEROIDE - DEXAMETASONA  AMPOLLA  8 MG.,742.0,C,600.0,600.0,600.0,,1,0.0
2026,1,587,569,3184,569,14,0,ANESTESICO LOCAL - LIDOCAINA VISCOSA 50 ML,4340.0,C,30.0,30.0,30.0,,1,0.0
2026,1,587,569,3184,569,15,0,KETEROLAC 30 MG AMP - KETEROLAC 30 MG AMP,665.0,C,500.0,500.0,500.0,,1,0.0
2026,1,587,569,3184,569,16,0,VITAMINA - HIERRO COMP 200 MG,294.0,C,1000.0,1000.0,1000.0,,1,0.0
2026,1,587,569,3184,569,17,0,MEDICAMENTOS - ONDASETRON  8 MG AMPOLLAS,1022.0,C,50.0,50.0,50.0,,1,0.0
2026,1,587,569,3184,569,18,0,PAÑAL DESCARTABLE - TAMAÑO GRANDE MONSIEUR,392.0,C,630.0,630.0,630.0,,1,0.0
2026,1,587,569,3184,569,19,0,LOSARTAN 50 MG COMP - LOSARTAN 50 MG COMP,42.0,C,995.0,995.0,995.0,,1,0.0
2026,1,587,569,3184,569,20,0,CORTICOESTEROIDE - BETAMETASONA + GENTAMICINA + MICONAZOL 20 GR  CREMA,2123.8,C,40.0,40.0,40.0,,1,0.0
2026,1,587,569,3184,569,21,0,ANTIMICOBACTERIAS - CLOTRIMAZOL CREMA 20 GR,1708.0,C,40.0,40.0,40.0,,1,0.0
2026,1,587,569,3184,569,22,0,PERFUS - PROLONGADOR AT26 X 150 CMS,8519.0,C,50.0,50.0,50.0,,1,0.0
2026,1,587,569,3184,569,23,0,ANTICONVULSIDANTE - DIVALPROATO DE SODIO 250 MG COMPRIMIDOS CAJA X 50,18130.0,C,4.0,4.0,4.0,,1,0.0
2026,1,587,569,3184,569,24,0,ANTIBIOTICOS - AZITROMICINA CAPSULA 500mg.,546.0,C,999.0,999.0,999.0,,1,0.0
2026,1,587,569,3184,569,25,0,GENTAMINA CREMA - GENTAMINA CREMA,2520.0,C,40.0,40.0,40.0,,1,0.0
2026,1,587,569,3184,569,26,0,ANTIBIOTICOS - MINOCICLINA COMP  100 MG,903.5,C,60.0,60.0,60.0,,1,0.0
2026,1,587,569,3184,569,27,0,ANTICONVULSIDANTE - DIVALPROATO DE SODIO 500 MG COMP X 50,31500.0,C,4.0,4.0,4.0,,1,0.0
2026,1,587,569,3184,569,28,0,IODURO DE POTASIO - CLORURO DE POTASIO AMPOLLA,735.0,C,200.0,200.0,200.0,,1,0.0
2026,1,587,569,3184,569,29,0,CANULA NASAL - CANULA CON TUBO PVC 9 .5 MM 2.10 MT,2565.7,C,20.0,20.0,20.0,,1,0.0
2026,1,587,569,3184,569,30,0,ANTICONVULSIDANTE - FENITOINA  100mg. 120 ML SUSP,26040.0,C,4.0,4.0,4.0,,1,0.0
2026,1,587,569,3184,569,31,0,CORTICOESTEROIDE - BETAMETASONA  CREMA  20GR.,2100.0,C,30.0,30.0,30.0,,1,0.0
2026,1,587,569,3184,569,32,0,ANALGESICOS - PREGABALINA 75 MG COMP,215.6,C,200.0,200.0,200.0,,1,0.0
2026,1,587,569,3184,569,33,0,VITAMINA - HIERRO + AC FOLICO COMP,84.0,C,1000.0,1000.0,1000.0,,1,0.0
2026,1,593,574,395,571,1,0,ESTUDIOS MEDICOS GENERALES - PRACTICAS DE LABORATORIO DE ANALISS DE ALTA COMPLEJIDAD A PACIENTES INTERNADOS DEL 01/01/26 AL 31/01/2026,197600.0,C,1.0,1.0,1.0,,1,0.0
2026,1,584,575,3322,572,1,0,DETERGENTE - HAVY WASH 5 L,18111.73,C,1.0,1.0,1.0,,1,0.0
2026,1,584,575,3322,572,2,0,TOALLAS DE  PAPEL PARA COCINA - TOALLA MANO 1026 FELPITA 4X200 MTS,24908.08,C,4.0,4.0,4.0,,1,0.0
2026,1,584,575,3322,572,3,0,TOALLAS INTERCALADAS Beige 20 - TOALLAS INTERCALADAS FELPITA 10X250,21559.18,C,2.0,2.0,2.0,,1,0.0
2026,1,584,575,3322,572,4,0,LANA DE ACERO - PAQUETE X 12 UNIDADES,1369.82,C,1.0,1.0,1.0,,1,0.0
2026,1,584,575,3322,572,5,0,ROLLO DE COCINA - BOBINA LIMPIEZA FELPITA 2X360,28876.4,C,5.0,5.0,5.0,,1,0.0
2026,1,584,575,3322,572,6,0,PACK ROLLO DE COCINA - PACK ROLLO DE COCINA FELPITA 12 U,21488.46,C,1.0,1.0,1.0,,1,0.0
2026,1,581,576,167,573,1,0,POLLO - ALIMENTACION PATA Y MUSLO,8100.0,C,84.155,84.155,84.155,,1,0.0
2026,1,581,576,167,573,2,0,POLLO - POLLO (Genérico): HAMBURGUESAS.,12500.0,C,10.0,10.0,10.0,,1,0.0
2026,1,581,576,167,573,3,0,POLLO - ALIMENTACION PECHUGA:,14500.0,C,22.5,22.5,22.5,,1,0.0
2026,1,632,602,5,600,1,0,Alimentos para persomas - VIANDAS CARNAVAL BELLAS ARTES,800000.0,C,1.0,1.0,1.0,,1,0.0
2026,1,633,603,2365,601,1,0,PRODUCTOS DE PANADERIA - VIANDAS CARNAVAL BELLAS ARTES,500000.0,C,1.0,1.0,1.0,,1,0.0
2026,1,651,611,2330,609,1,0,DIESEL 500 - DIESEL 500  (Genérico),3000.0,C,150.0,150.0,150.0,,1,0.0
2026,1,651,611,2330,609,2,0,NAFTA SUPER - NAFTA SUPER (GENERICO),3000.0,C,150.0,150.0,150.0,,1,0.0
2026,1,651,611,2330,609,3,0,INFINIA DIESEL - INFINIA DIESEL  (Genérico),3000.0,C,150.0,150.0,150.0,,1,0.0
2026,1,651,611,2330,609,4,0,NAFTA INFINIA - NAFTA INFINIA  (Genérico),3000.0,C,300.0,300.0,300.0,,1,0.0
2026,1,57,58,708,58,1,0,SEGURO INTEGRAL - SEGURO INTEGRAL (Genérico)DESDE EL 01/01/2026 AL 31/12/2026,1200000.0,C,1.0,1.0,1.0,,1,0.0
2026,1,58,59,2299,59,1,0,AGUA MINERAL - TIPO SIN GASIFICAR - ENVASE BIDON - CAPACIDAD 20L.,5000.0,C,80.0,80.0,80.0,,1,0.0
2026,1,59,60,69,60,1,0,GAS EN GARRAFA - CAPACIDAD 45Kg.,65000.0,C,45.0,45.0,45.0,,1,0.0
2026,1,61,62,186,62,1,0,SERVICIOS DE HOTELERIA - SERVICIOS DE HOTELERIA (Genérico),3000000.0,C,3.0,3.0,3.0,,1,0.0
2026,1,62,63,282,63,1,0,ORNAMENTACION - ORNAMENTACION  (Genérico),2000000.0,C,1.0,1.0,1.0,,1,0.0
2026,1,64,66,875,65,1,0,SERVICIO DE PUBLICACION - SERVICIO DE PUBLICACION (GENERICO),6000000.0,C,1.0,1.0,1.0,,1,0.0
2026,1,65,67,875,67,1,0,SERVICIO DE PUBLICACION - SERVICIO DE PUBLICACION (GENERICO),6000000.0,C,1.0,1.0,1.0,,1,0.0
2026,1,66,68,846,68,1,0,Cena/almuerzo - Cena/almuerzo (Genérico),1000000.0,C,1.0,1.0,1.0,,1,0.0
2026,1,67,69,3119,69,1,0,CENA/ALMUERZO - CENA/ALMUERZO (Genérico),1000000.0,C,1.0,1.0,1.0,,1,0.0
2026,1,68,70,3072,70,1,0,TIMBRE POSTAL - TIMBRE POSTAL (Genérico),7000000.0,C,1.0,1.0,1.0,,1,0.0
2026,1,69,71,1551,71,1,0,"CERTIFICACIONES - CERTIFICACIONES (GENERICO), LEGALIZACIONES",1500000.0,C,1.0,1.0,1.0,,1,0.0
2026,1,96,91,3509,91,1,0,"SEGURO EQUIPOS ELECTRONICOS - SEGURO EQUIPOS ELECTRONICOS (GENERICO)DESDE EL 01/01/2026 AL 31/12/2026, SEGURO TECNICO INCAA",4381980.0,C,1.0,1.0,1.0,,1,0.0
2026,1,97,95,3529,96,1,0,ALQUILER DE BAÑO QUIMICO - ALQUILER DE BAÑO QUIMICO (GENERICO) ALQUILER DE 2 (DOS) BAÑOS QUIMICOS PARA LA COLONIA DE VERANO MUNICIPAL POR EL MES DE ENERO,200000.0,C,2.0,2.0,2.0,,1,0.0
2026,1,99,98,2330,98,1,0,"combustibles varios - combustibles varios (Genérico) NAFTA  Y GASOIL PARA TRABAJOS DE MANTENIMIENTO EN PREDIO, CANCHA MUNICIPAL Y PARQUE (400 LTS)",800000.0,C,1.0,1.0,1.0,,1,0.0
2026,1,99,98,2330,98,2,0,AGUA DESTILADA - AGUA DESTILADA (GENERICO) AGUA DESTILADA PARA DIFERENTE VEHICULOS MUNICIPALES,300000.0,C,1.0,1.0,1.0,,1,0.0
2026,1,99,98,2330,98,3,0,"ACEITE, FILTROS. - ACEITE, FILTROS. (Genérico) ACEITE DE MEZCLA PARA MOTORES 2 (DOS) TIEMPOS Y ACEITE MOTOR",400000.0,C,1.0,1.0,1.0,,1,0.0
2026,1,102,101,71,101,1,0,PLUVIOMETRO RAIN GAUGE - PLUVIOMETRO RAIN GAUGE (Genérico),7500.0,C,1.0,1.0,1.0,,1,0.0
2026,1,102,101,71,101,2,0,BOTINES DE TRABAJO - BOTINES DE TRABAJO (GENERICO),85000.0,C,1.0,1.0,1.0,,1,0.0
2026,1,109,108,33,108,1,0,SEGURO INTEGRAL - SEGURO INTEGRAL (Genérico)DESDE EL 01/01/2026 AL 31/12/2026,477746.0,C,1.0,1.0,1.0,,1,0.0
2026,1,93,109,1809,109,1,0,SEGURO DE PARTICIPANTES DE CARRERA - SEGURO DE PARTICIPANTES DE CARRERA (Genérico) Y RESPONSABILIDAD CIVIL,4500000.0,C,1.0,1.0,1.0,,1,0.0
2026,1,94,110,1809,110,1,0,"SEGURO DE VIDA - DESCRIPCION SEGURO DE VIDA I ACCIDENTES PERSONALES, DE PERSONAL DEL PROG, SOCIO COMUNITARIOS, DESDE EL 07/01/2026 AL 31/12/2026",834302.92,C,1.0,1.0,1.0,,1,0.0
2026,1,558,529,3322,526,1,0,TOALLAS DE  PAPEL PARA COCINA - BOBINA DE LIPIEZA  1003 FELPITA 2X360,28876.4,C,1.0,1.0,1.0,,1,0.0
2026,1,558,529,3322,526,2,0,Cif crema 800 cc - CIF DETERGENTE ACTIVE NEUTRO 5 LITROS,18676.33,C,1.0,1.0,1.0,,1,0.0
2026,1,558,529,3322,526,3,0,TOALLAS DE  PAPEL PARA COCINA - TOALLA MANO  LIMPIEZA 1026 4X200 FELPITA,24908.08,C,1.0,1.0,1.0,,1,0.0
2026,1,558,529,3322,526,4,0,CIF Anti Grasa D Pack - CIF CREMA 2 L,11192.83,C,1.0,1.0,1.0,,1,0.0
2026,1,558,529,3322,526,5,0,LANA DE ACERO - LANA DE ACERO  X 10 UNIDADES,905.64,C,1.0,1.0,1.0,,1,0.0
2026,1,558,529,3322,526,6,0,JABON P/LAVAR ROPA - SKIP ENZYMES POWER PRO 20 L,246886.81,C,1.0,1.0,1.0,,1,0.0
2026,1,78,88,441,88,7,0,CINTA TAPE - CINTA TAPE (Genérico) doble faz papel 12x 30,7267.41,C,1.0,1.0,1.0,,1,0.0
2026,1,78,88,441,88,8,0,"PAPEL  A  4, PARA COMPUTACION - PAPEL  A  4, PARA COMPUTACION (GENERICO) 150 grs x 50",2450.0,C,3.0,3.0,3.0,,1,0.0
2026,1,78,88,441,88,9,0,CARPETA - CARPETA (GENERICO) f50 a4 sol. kraft,490.0,C,6.0,6.0,6.0,,1,0.0
2026,1,79,90,167,90,1,0,POLLO - PATA Y MUSLO KG,6500.0,C,12.6,12.6,12.6,,1,0.0
2026,1,79,90,167,90,2,0,POLLO - PECHUGA KG,11500.0,C,12.0,12.0,12.0,,1,0.0
2026,1,79,90,167,90,3,0,ALIMENTOS VARIOS - HAMBURGUESA DE POLLO,10500.0,C,5.5,5.5,5.5,,1,0.0
2026,1,186,214,3395,214,1,0,BATERIA - DESTINO AUTOMOTOR - TENSION NOM. 12V - CAPACIDAD DE CORRIENTE 100A.,315000.0,C,1.0,1.0,1.0,,1,0.0
2026,1,186,214,3395,214,2,0,TERMINAL - TERMINAL (Genérico),10000.0,C,2.0,2.0,2.0,,1,0.0
2026,1,188,215,2538,215,1,0,MANO DE OBRA - LAVADO DE CONDENSADORES Y RECARGA DE GAS REFRIGERANTE PARA AIRE ACONDICIONADO EN RETRO NEW HOLLAND,145000.0,C,1.0,1.0,1.0,,1,0.0
2026,1,189,216,2450,216,1,0,"BANANA - TIPO TAMAÑO PAREJO, PESO 120 Gr. POR UNIDAD - PRESENTACION POR KILO",3500.0,C,44.0,44.0,44.0,,1,0.0
2026,1,189,216,2450,216,2,0,LIMON - TIPO NATURAL - PRESENTACION CAJON - PESO POR KILO,6000.0,C,1.5,1.5,1.5,,1,0.0
2026,1,189,216,2450,216,3,0,MANZANA - TIPO RED ELEGIDA - PRESENTACION GRANEL.,3000.0,C,5.0,5.0,5.0,,1,0.0
2026,1,456,427,850,424,1,0,REACTIVO - GOT  AST Y ALT UV AA LIQUIDA,107324.72,C,2.0,2.0,2.0,,1,0.0
2026,1,456,427,850,424,2,0,TRANS GPT. COLOR 200 WIENER - STUART PS+VISCOSA 150 UNIDADES,1302.89,C,100.0,100.0,100.0,,1,0.0
2026,1,456,427,850,424,3,0,PROBE CLEANING - PROBE CLEANING 50 ML,33320.48,C,1.0,1.0,1.0,,1,0.0
2026,1,456,427,850,424,4,0,REACTIVO - MAGLUMI ANTI HCV CLIA KIT X 100 TEST 2 DA GEN,768827.64,C,1.0,1.0,1.0,,1,0.0
2026,1,657,632,3287,630,1,0,CARTEL DE SEÑALIZACION - CARTEL DE SEÑALIZACION (Genérico),39000.0,C,2.0,2.0,2.0,,1,0.0
2026,1,658,636,300,634,1,0,"ARANDELA - MATERIAL HIERRO - TIPO GROWER - DIAMETRO INTERIOR 5/16"" - PRESENTACION CAJA X 50.",2500.0,C,1.0,1.0,1.0,,1,0.0
2026,1,658,636,300,634,2,0,"ARANDELA - MATERIAL HIERRO - TIPO PLANA - DIAMETRO INTERIOR 1/8"" - PRESENTACION CAJA X 144.",3200.0,C,1.0,1.0,1.0,,1,0.0
2026,1,658,636,300,634,3,0,"CINTA ADHESIVA - TIPO TRANSPARENTE - ANCHO 12,7MM - LARGO ROLLO 65,8m.",2300.0,C,23.0,23.0,23.0,,1,0.0
2026,1,658,636,300,634,4,0,MOTOR - MOTOR (Genérico)  1,283000.0,C,1.0,1.0,1.0,,1,0.0
2026,1,658,636,300,634,5,0,"BULON - MATERIAL HIERRO - DIAMETRO 3/16"" - LONGITUD 3/4"" - CABEZA HEXAGONAL - ROSCA WHITWORTH - PRESENTACION CAJA X 25.",134.0,C,4.0,4.0,4.0,,1,0.0
2026,1,658,636,300,634,6,0,MEMBRANA LIQUIDA - MEMBRANA LIQUIDA (Genérico),182776.0,C,1.0,1.0,1.0,,1,0.0
2026,1,189,216,2450,216,4,0,MANZANA - TIPO VERDE (GRANNY SMITH) - PRESENTACION X KILO,3500.0,C,2.0,2.0,2.0,,1,0.0
2026,1,189,216,2450,216,5,0,"NARANJA - TIPO NATURAL - PRESENTACION POR KILO, TAMAÑO PAREJO DE PESO APROX. 180 GRS. X UNIDAD.",2000.0,C,12.0,12.0,12.0,,1,0.0
2026,1,189,216,2450,216,6,0,TOMATE - TOMATE (GENERICO),2000.0,C,0.5,0.5,0.5,,1,0.0
2026,1,189,216,2450,216,7,0,HUEVOS DE GALLINA - HUEVOS DE GALLINA (GENERICO)maple,8900.0,C,1.0,1.0,1.0,,1,0.0
2026,1,189,216,2450,216,8,0,FRUTILLAS - FRUTILLAS (Genérico),8000.0,C,0.5,0.5,0.5,,1,0.0
2026,1,198,217,1266,217,1,0,"SERVICIO DE ALARMA Y MONITOREO - SERVICIO DE ALARMA Y MONITOREO (Genérico)DESDE EL 01/01/2026 AL 30/04/2026,ABONO 7015 CON COMUNICADOR EN COMODATO",59200.0,C,4.0,4.0,4.0,,1,0.0
2026,1,243,218,57,218,1,0,SERVICIO DE IMPRESION - SERVICIO DE IMPRESION (GENERICO): PLANILLA SERVICIO DIAGNOSTICO POR IMAGENES.,79.6,C,500.0,500.0,500.0,,1,0.0
2026,1,243,218,57,218,2,0,SERVICIO DE IMPRESION - SERVICIO DE IMPRESION (Genérico): PLANILLAS PREPARACION PREVIA TOMOGRAFIA.,79.6,C,500.0,500.0,500.0,,1,0.0
2026,1,243,218,57,218,3,0,SERVICIO DE IMPRESION - PLANILLAS SERVICIO DE DIAGNOSTICO(CUESTIONARIO).,79.6,C,500.0,500.0,500.0,,1,0.0
2026,1,239,219,2369,219,1,0,REPARACION DE CAMION - CAMIONETA - REPARACION DE CAMION - CAMIONETA (GENERICO) REPARACION DE ECM,849420.0,C,1.0,1.0,1.0,,1,0.0
2026,1,240,220,313,220,1,0,GAS OIL - GAS OIL (GENERICO),4000000.0,C,1.0,1.0,1.0,,1,0.0
2026,1,240,220,313,220,2,0,NAFTA SUPER - NAFTA SUPER (Genérico),4000000.0,C,1.0,1.0,1.0,,1,0.0
2026,1,241,221,1994,221,1,0,SERVICIO DE FLETE - 1SERVICIO DE FLETE (Genérico),1000000.0,C,1.0,1.0,1.0,,1,0.0
2026,1,223,223,2538,222,1,0,"CARGA DE GAS EN AIRE ACONDICIONADO - CARGA DE GAS EN AIRE ACONDICIONADO Y REVISION DE FUGAS, LIMPIEZA DE CIRCUITO Y LAVADO E CONDENSADOR",175000.0,C,1.0,1.0,1.0,,1,0.0
2026,1,224,224,1138,224,1,0,PESCADO - MILANESAS KG,9000.0,C,12.0,12.0,12.0,,1,0.0
2026,1,225,226,850,225,1,0,REACTIVO - MAGLUMI WASH CONCENTRATE,89191.45,C,1.0,1.0,1.0,,1,0.0
2026,1,225,226,850,225,2,0,REACTIVO - MAGLUMI STARTER KIT 1+2,165076.32,C,2.0,2.0,2.0,,1,0.0
2026,1,225,226,850,225,3,0,REACTIVO - REACTION MODULES MAGLUMI,411039.1,C,2.0,2.0,2.0,,1,0.0
2026,1,225,226,850,225,4,0,REACTIVO - MAGLUMI HBSAG X 100 TEST,264480.12,C,1.0,1.0,1.0,,1,0.0
2026,1,225,226,850,225,5,0,REACTIVO - FERRITIN 100 TEST,217615.45,C,1.0,1.0,1.0,,1,0.0
2026,1,226,228,3287,228,1,0,SERVICIO DE IMPRESION - SERVICIO DE IMPRESION (GENERICO): CAMPAÑA VACUNACION ANTIRRABICA. FORMATO A4. PAPEL OBRA. NUMERADOS.,451.0,C,500.0,500.0,500.0,,1,0.0
2026,1,227,229,2595,229,1,0,ESCOBILLA P/AUTOMOVIL - ESCOBILLA P/AUTOMOVIL (Genérico),11922.5,C,4.0,4.0,4.0,,1,0.0
2026,1,227,229,2595,229,2,0,PEGAMENTO - PEGAMENTO (GENERICO): GOTITA GEL.,7000.0,C,1.0,1.0,1.0,,1,0.0
2026,1,227,229,2595,229,3,0,LAMPARA P/FARO AUTOMOTOR/CAMION - USO DELANTERO - TIPO ESFERICA: OSRAM 12 CVOL.,11000.0,C,1.0,1.0,1.0,,1,0.0
2026,1,227,229,2595,229,4,0,"CABLE DE BATERIA P/AUTOMOTOR - CABLE DE BATERIA P/AUTOMOTOR (GENERICO): 2,5 mm.",1118.0,C,5.0,5.0,5.0,,1,0.0
2026,1,227,229,2595,229,5,0,REPUESTOS P/AMBULANCIA - REPUESTOS P/AMBULANCIA (Genérico): FUSIBLES 10 AMP PALETA.,250.0,C,2.0,2.0,2.0,,1,0.0
2026,1,227,229,2595,229,6,0,REPUESTOS PARA INSTALACION ELECTRICA EN VEHICULOS - REPUESTOS PARA INSTALACION ELECTRICA EN VEHICULOS (Genérico): PORTAFUSIBLE AEREO.,1100.0,C,1.0,1.0,1.0,,1,0.0
2026,1,227,229,2595,229,7,0,LAMPARA P/FARO AUTOMOTOR/CAMION - USO AUXILIARES - TENSION NOM. 12V: 1 POLO,3600.0,C,2.0,2.0,2.0,,1,0.0
2026,1,227,229,2595,229,8,0,LAMPARA P/FARO AUTOMOTOR/CAMION - USO DELANTERO - TIPO HALOGENA PARA RALLY - TENSION NOM. 12V: 2 POLOS.,1800.0,C,4.0,4.0,4.0,,1,0.0
2026,1,227,229,2595,229,9,0,LAMPARA P/FARO AUTOMOTOR/CAMION - USO AUXILIARES - TENSION NOM. 12V: S/ COLOTE LED GRANDE.,1900.0,C,2.0,2.0,2.0,,1,0.0
2026,1,227,229,2595,229,10,0,LAMPARA P/FARO AUTOMOTOR/CAMION - USO LUCES DE INTERMITENCIA: FOCOS LED SILICONADO GRANDE.,1900.0,C,4.0,4.0,4.0,,1,0.0
2026,1,228,231,850,231,1,0,REACTIVO - GLUCOCURVE 75X10 SOBRES,25026.99,C,4.0,4.0,4.0,,1,0.0
2026,1,228,231,850,231,2,0,REACTIVO - COPITA COAGULOMETRO COL 1 Y 2 500 40.000.0088 CUBETA  5 BLISTER X 100,268266.56,C,1.0,1.0,1.0,,1,0.0
2026,1,228,231,850,231,3,0,COLESTAT ENZ. 500 ML WIENER - COLESTAT ENZ. LIQUIDA AA,87158.44,C,1.0,1.0,1.0,,1,0.0
2026,1,228,231,850,231,4,0,REACTIVO - MAGNESIUM CPZ 105 ML,166987.41,C,1.0,1.0,1.0,,1,0.0
2026,1,228,231,850,231,5,0,REACTIVO -  ALP 405  AA LIQUIDA,82145.36,C,1.0,1.0,1.0,,1,0.0
2026,1,228,231,850,231,6,0,REACTIVO -  UREA UV CINETICA AA LIQUIDA,299271.32,C,2.0,2.0,2.0,,1,0.0
2026,1,228,231,850,231,7,0,REACTIVO - URINE STRIP 10 PARAMETROS CAJA X 100,37008.03,C,4.0,4.0,4.0,,1,0.0
2026,1,228,231,850,231,8,0,REACTIVO - M52 LISANTE MINDRAY 100 ML,133674.52,C,4.0,4.0,4.0,,1,0.0
2026,1,228,231,850,231,9,0,REACTIVO - M52 LISANTE MINDRAY  M52 DIFF 500 ML,206140.77,C,4.0,4.0,4.0,,1,0.0
2026,1,228,231,850,231,10,0,REACTIVO - M52 DILUYENTE MINDRAY M52 D 20 L,97974.25,C,4.0,4.0,4.0,,1,0.0
2026,1,228,231,850,231,11,0,REACTIVO - FER COLOR AA LIQUIDA 120 ML,108992.45,C,1.0,1.0,1.0,,1,0.0
2026,1,228,231,850,231,12,0,REACTIVO -  SOLUPLASTIN( 10 X 2 ML.),95865.26,C,2.0,2.0,2.0,,1,0.0
2026,1,228,231,850,231,13,0,REACTIVO - APTT ELLAGICO 150 DET,117953.41,C,1.0,1.0,1.0,,1,0.0
2026,1,228,231,850,231,14,0,REACTIVO - AMILASA 405 A LIQUIDA,96543.66,C,1.0,1.0,1.0,,1,0.0
2026,1,229,233,285,233,1,0,REACTIVO - ANTI A Y B MONOCLONAL WIENER,18104.14,C,2.0,2.0,2.0,,1,0.0
2026,1,229,233,285,233,2,0,REACTIVO - ANTI D MONOCLONAL WIENER,34247.38,C,1.0,1.0,1.0,,1,0.0
2026,1,230,235,3075,235,1,0,LAVANDINA - concentrada mc x 5 lts,4900.0,C,25.0,25.0,25.0,,1,0.0
2026,1,231,238,2593,237,1,0,CERRAJERIA - CERRAJERIA (GENERICO) Para distintas aréas de la Secretaría,500000.0,C,1.0,1.0,1.0,,1,0.0
2026,1,232,240,2330,241,1,0,DIESEL 500 - DIESEL 500  (Genérico),3000.0,C,300.0,300.0,300.0,,1,0.0
2026,1,232,240,2330,241,2,0,NAFTA SUPER - NAFTA SUPER (Genérico),3000.0,C,300.0,300.0,300.0,,1,0.0
2026,1,232,240,2330,241,3,0,INFINIA DIESEL - INFINIA DIESEL  (Genérico),3000.0,C,300.0,300.0,300.0,,1,0.0
2026,1,853,802,21352,800,1,0,Alquiler de Vallas - Alquiler de Vallas (Genérico),120000.0,C,1.0,1.0,1.0,,1,0.0
2026,1,855,803,2869,801,1,0,CARNE - BONDIOLA,9900.0,C,41.63,41.63,41.63,,1,0.0
2026,1,871,805,879,803,1,0,VARILLAS HIERRO DEL 8 - VARILLAS HIERRO DEL 8  (Genérico),14780.0,C,13.0,13.0,13.0,,1,0.0
2026,1,872,806,3177,804,1,0,SOPORTE TECNICO SOFTWARE - SOPORTE TECNICO SOFTWARE (GENERICO) ABONO MENSUAL DE 10 ENTRADAS MAS IVA,150000.0,C,12.0,12.0,12.0,,1,0.0
2026,1,873,807,3454,805,1,0,"SERVICIOS TECNICOS Y PROFESIONALES - SERVICIOS TECNICOS Y PROFESIONALES (Genérico)
A partir del 01 de febrero hasta el 28 de febrero 2026, percibiendo la suma de:
-  $ 510.717,30 mensual (60 horas mensuales)
- $ 200.000 mensual (concepto de guardias)",710717.6,C,1.0,1.0,1.0,,1,0.0
2026,1,842,808,2299,806,1,0,AGUA MINERAL - AGUA MINERAL (GENERICO),500000.0,C,1.0,1.0,1.0,,1,0.0
2026,1,840,809,163,807,1,0,CRUCETA P/AUTOMOTOR - CRUCETA P/AUTOMOTOR (GENERICO),312000.0,C,2.0,2.0,2.0,,1,0.0
2026,1,840,809,163,807,2,0,REPARACION DE CAMION - CAMIONETA - REPARACION DE CAMION - CAMIONETA (GENERICO) ENDEREZAR SOPOTE SALIDA DE CAJA  RELLENAR,652200.0,C,1.0,1.0,1.0,,1,0.0
2026,1,843,811,3287,809,1,0,VINILO IMPRESO - VINILO IMPRESO (Genérico)  28 X 33 SEÑALETICA RALLY,9250.0,C,18.0,18.0,18.0,,1,0.0
2026,1,658,636,300,634,7,0,CLORO - CLORO (Genérico),12500.0,C,2.0,2.0,2.0,,1,0.0
2026,1,658,636,300,634,8,0,PINCEL - TIPO CHATO - USO PINTURA - MATERIAL CERDA CHINA.,2100.0,C,2.0,2.0,2.0,,1,0.0
2026,1,658,636,300,634,9,0,PAPEL DE LIJA - TIPO P/MADERA - PRESENTACION PAQUETE X 50.,950.0,C,10.0,10.0,10.0,,1,0.0
2026,1,659,638,1879,636,1,0,CORREA P/AUTOMOTOR/CAMION - MARCA KIA - MODELO BESTA - USO P/AIRE ACONDICIONADO.,41000.0,C,1.0,1.0,1.0,,1,0.0
2026,1,659,638,1879,636,2,0,CORREA P/AUTOMOTOR/CAMION - MARCA KIA - MODELO BESTA - USO DISTRIBUCION.,38000.0,C,1.0,1.0,1.0,,1,0.0
2026,1,659,638,1879,636,3,0,CRUCETA P/AUTOMOTOR - CRUCETA P/AUTOMOTOR (GENERICO),82600.0,C,1.0,1.0,1.0,,1,0.0
2026,1,660,639,300,637,1,0,MANGUERA - MATERIAL GOMA SINTETICA S/COSTURA - REFUERZO TEXTIL SIMPLE - USO ACEITES Y CARBURANTES - RANGO TEMPERATURA 30/80°C - LONGITUD 100m.,11200.0,C,1.0,1.0,1.0,,1,0.0
2026,1,660,639,300,637,2,0,FASTIX - FASTIX (Genérico),18622.0,C,1.0,1.0,1.0,,1,0.0
2026,1,660,639,300,637,3,0,BOTINES DE TRABAJO - Nº 42,82600.0,C,1.0,1.0,1.0,,1,0.0
2026,1,660,639,300,637,4,0,AGUARRAS MINERAL - AGUARRAS MINERAL (GENERICO),10522.0,C,1.0,1.0,1.0,,1,0.0
2026,1,660,639,300,637,5,0,JUEGO DE MECHAS - JUEGO DE MECHAS (GENERICO),8840.0,C,1.0,1.0,1.0,,1,0.0
2026,1,660,639,300,637,6,0,ANTIOXIDO SINTETICO CROMATO - ANTIOXIDO SINTETICO CROMATO (GENERICO),5167.0,C,1.0,1.0,1.0,,1,0.0
2026,1,660,639,300,637,7,0,AGUARRAS MINERAL - ENVASE LATA DE 1L.,5900.0,C,1.0,1.0,1.0,,1,0.0
2026,1,660,639,300,637,8,0,PAPEL DE LIJA - TIPO AL AGUA - PRESENTACION PAQUETE X 100.,1980.0,C,3.0,3.0,3.0,,1,0.0
2026,1,660,639,300,637,9,0,ENTONADOR P/PINTURA - TIPO UNIVERSAL - COLOR VERDE CLARO - CAPACIDAD 120cm¦.,4990.0,C,1.0,1.0,1.0,,1,0.0
2026,1,660,639,300,637,10,0,REMACHE - MATERIAL ALUMINIO - CABEZA ESTANDARD - DIAMETRO 4MM - LONGITUD 6MM.,56.0,C,20.0,20.0,20.0,,1,0.0
2026,1,660,639,300,637,11,0,PEGAMENTO - PEGAMENTO (GENERICO),9070.0,C,1.0,1.0,1.0,,1,0.0
2026,1,698,653,879,651,1,0,CANILLA - CANILLA MESADA DOBLE FV 0024,132760.0,C,1.0,1.0,1.0,,1,0.0
2026,1,694,654,57,652,1,0,SERVICIO DE IMPRESION - SERVICIO DE IMPRESION (Genérico): PLANILLAS SERVICIO DIAGNOSTICO POR IMAGENES.,160.0,C,200.0,200.0,200.0,,1,0.0
2026,1,689,656,413,654,1,0,PARCHE P/CAMARA - PARCHE P/CAMARA (GENERICO),534000.0,C,1.0,1.0,1.0,,1,0.0
2026,1,846,813,3297,811,2,0,DISCO DE FRENO P/AUTOMOTOR - DISCO DE FRENO P/AUTOMOTOR,95000.0,C,2.0,2.0,2.0,,1,0.0
2026,1,846,813,3297,811,3,0,ROTULA - ROTULA,48000.0,C,4.0,4.0,4.0,,1,0.0
2026,1,846,813,3297,811,1,0,AMORTIGUADOR - AMORTIGUADOR (GENERICO),162000.0,C,4.0,4.0,4.0,,1,0.0
2026,1,846,813,3297,811,4,0,BUJE P/AUTOMOTOR - BUJE P/AUTOMOTOR,18250.0,C,8.0,8.0,8.0,,1,0.0
2026,1,846,813,3297,811,5,0,PARRILLA P/AUTOMOTOR - PARRILLA P/AUTOMOTOR (GENERICO),186000.0,C,1.0,1.0,1.0,,1,0.0
2026,1,846,813,3297,811,6,0,EXTREMO DE DIRECCION P/AUTO - EXTREMO DE DIRECCION P/AUTO (GENERICO),33000.0,C,4.0,4.0,4.0,,1,0.0
2026,1,846,813,3297,811,7,0,BRAZO P/AUTOMOTOR - BRAZO P/AUTOMOTOR,76000.0,C,1.0,1.0,1.0,,1,0.0
2026,1,848,815,3322,812,1,0,JABON P/LAVAR ROPA - SKIL ALKALINE BOOSTER U PRO 20LTS,101501.64,C,1.0,1.0,1.0,,1,0.0
2026,1,848,815,3322,812,2,0,JABON P/LAVAR ROPA - SKIP ENZYMES POWER U PRO 20LTS,246886.81,C,1.0,1.0,1.0,,1,0.0
2026,1,848,815,3322,812,3,0,JABON P/LAVAR ROPA - ALA BLANQ CHLO BOOSTER 20LTS,74694.57,C,2.0,2.0,2.0,,1,0.0
2026,1,849,816,3075,814,1,0,TRAPO DE PISO - TRAPO DE PISO,1012.77,C,10.0,10.0,10.0,,1,0.0
2026,1,849,816,3075,814,2,0,LAVANDINA - LAVANDINA CONCENTRADA MC 5LTS,4900.0,C,6.0,6.0,6.0,,1,0.0
2026,1,849,816,3075,814,3,0,DETERGENTE - DETERGENTE NEUTRO MC 5LTS,10200.0,C,4.0,4.0,4.0,,1,0.0
2026,1,849,816,3075,814,4,0,Desodorante para piso - DESODORANTE PARA PISOS MC 5LTS,5300.0,C,4.0,4.0,4.0,,1,0.0
2026,1,849,816,3075,814,5,0,LUSTRAMUEBLES - LUSTRAMUEBLES BLEM,4824.51,C,4.0,4.0,4.0,,1,0.0
2026,1,849,816,3075,814,6,0,LIMPIADOR CREMOSO - LIMPIADOR CREMOSO MC 1LT,3900.0,C,4.0,4.0,4.0,,1,0.0
2026,1,849,816,3075,814,7,0,QUITASARRO - QUITASARRO MC 1LT,2800.0,C,4.0,4.0,4.0,,1,0.0
2026,1,849,816,3075,814,8,0,ESPONJA - FIBRA ESPONJA CSALVA,531.92,C,6.0,6.0,6.0,,1,0.0
2026,1,849,816,3075,814,9,0,TRAPO REJILLA - REJILLA ESPONJA MAKE,1397.55,C,10.0,10.0,10.0,,1,0.0
2026,1,849,816,3075,814,10,0,jabon en pan - JABON BLANCO ZORRO 150GR,1324.71,C,6.0,6.0,6.0,,1,0.0
2026,1,849,816,3075,814,11,0,ESCOBILLA LIMPIA INODORO - ESCOBILLA CON BASE SINA,3138.14,C,4.0,4.0,4.0,,1,0.0
2026,1,850,817,1078,815,1,0,"TRABAJOS DE ELECTRICIDAD - CABLE DE RED EN INTERNACION COLOCAR TIMBRE LABORATORIO, CAMBIAR CONTACTO TRIFASICO PLANTA DE OXIGENO",170000.0,C,1.0,1.0,1.0,,1,0.0
2026,1,858,819,612,816,1,0,IMPRESORA - IMPRESORA  LASER BROTHER MULTIFUNCION DCP 1617NW,450000.0,C,1.0,1.0,1.0,,1,0.0
2026,1,862,823,160,821,1,0,ANESTESICO - XILOCAINA 20 X 20 ML,21700.0,C,2.0,2.0,2.0,,1,0.0
2026,1,862,823,160,821,2,0,FORMIDOR GRANULADO - FORMIDOR GRANULADO 500 G,9500.0,C,1.0,1.0,1.0,,1,0.0
2026,1,868,824,171,822,1,0,VARILLAS - VARILLAS (GENERICO) CUBRE CABLE,2000.0,C,2.0,2.0,2.0,,1,0.0
2026,1,864,827,1876,825,1,0,JERINGAS - JERINGA  5 C.C.,82.9301,C,3000.0,3000.0,3000.0,,1,0.0
2026,1,864,827,1876,825,2,0,JERINGAS - JERINGA X 10 C.C.,126.8101,C,2000.0,2000.0,2000.0,,1,0.0
2026,1,864,827,1876,825,3,0,HOJA DE BISTURI - BIDSTURI- Nº 11 X 100,13024.9128,C,2.0,2.0,2.0,,1,0.0
2026,1,864,827,1876,825,4,0,HOJA DE BISTURI - BISTURI - Nº 24 X 100,19356.3083,C,2.0,2.0,2.0,,1,0.0
2026,1,864,827,1876,825,5,0,"AGUJA DESC,25/8 - 100 u. - AGUJA DESC,25/8 - 100 u.",3052.742,C,40.0,40.0,40.0,,1,0.0
2026,1,864,827,1876,825,6,0,AMPOLLA P/NEBULIZAR - KIT  ADULTO -CON MASCARA + AMPOLLA+TUBO,3419.7165,C,60.0,60.0,60.0,,1,0.0
2026,1,864,827,1876,825,7,0,JERINGAS - JERINGA X 20 CC.,200.717,C,200.0,200.0,200.0,,1,0.0
2026,1,864,827,1876,825,8,0,GUIA DE SUERO - GUIA PREMIUM  V14 CON RUEDITA 1.60 M,830.6699,C,600.0,600.0,600.0,,1,0.0
2026,1,864,827,1876,825,9,0,GUIA DE SUERO - LLAVE DE 3 VIAS CON PROLONGADOR 30 CM,711.6556,C,50.0,50.0,50.0,,1,0.0
2026,1,864,827,1876,825,10,0,SONDAS - SONDA FOLEY N° 10 2 VIAS,1581.5581,C,5.0,5.0,5.0,,1,0.0
2026,1,864,827,1876,825,11,0,ANTISEPTICO LOCAL - CLOREXIDINA 4 %  X  LITRO.,26174.4979,C,6.0,6.0,6.0,,1,0.0
2026,1,864,827,1876,825,12,0,SONDA - NASOGASTRICA - TIPO K10.,725.4893,C,20.0,20.0,20.0,,1,0.0
2026,1,864,827,1876,825,13,0,SET VIA CENTRAL - DOBLE LUMEN 7 FRENCH 20 CM,46507.3,C,10.0,10.0,10.0,,1,0.0
2026,1,864,827,1876,825,14,0,ANTISEPTICO LOCAL -  IODOPOVIDONA  SOLUCION 1000CM3.,34726.3964,C,6.0,6.0,6.0,,1,0.0
2026,1,884,838,3529,836,1,0,ALQUILER DE BAÑO QUIMICO - ALQUILER DE BAÑO QUIMICO  (Genérico),70000.0,C,2.0,2.0,2.0,,1,0.0
2026,1,232,240,2330,241,4,0,NAFTA INFINIA - NAFTA INFINIA  (Genérico),3000.0,C,300.0,300.0,300.0,,1,0.0
2026,1,232,240,2330,241,5,0,AGUA DESTILADA - AGUA DESTILADA (GENERICO),6000.0,C,30.0,30.0,30.0,,1,0.0
2026,1,232,240,2330,241,6,0,Aceite dos tiempos - Aceite dos tiempos (Genérico),13000.0,C,20.0,20.0,20.0,,1,0.0
2026,1,291,266,708,265,1,0,"SEGURO POR ACCIDENTES PERSONALES, MUERTE, INVALIDEZ - SEGURO POR ACCIDENTES PERSONALES, MUERTE, INVALIDEZ (Genérico)DESDE EL 15/01/2026 AL 31/01/2026,PARA PERSONA QUE REPARA LUMINARIAS DEL ESTADIO MUNICIPAL",6487.0,C,1.0,1.0,1.0,,1,0.0
2026,1,283,270,2869,268,1,0,CARNE - CORTE PALETA. KG,13500.0,C,40.8,40.8,40.8,,1,0.0
2026,1,283,270,2869,268,2,0,CARNE - CORTE PICADA COMUN. KG,13500.0,C,25.0,25.0,25.0,,1,0.0
2026,1,283,270,2869,268,3,0,CARNE - CORTE MILANESA DE BOLA DE LOMO KG,17490.0,C,12.1,12.1,12.1,,1,0.0
2026,1,283,270,2869,268,4,0,CARNE - BONDIOLA KG,9900.0,C,40.0,40.0,40.0,,1,0.0
2026,1,285,271,2843,270,1,0,MANZANA - MANZANA (GENERICO),3500.0,C,21.0,21.0,21.0,,1,0.0
2026,1,285,271,2843,270,2,0,TOMATE - TOMATE (GENERICO),3000.0,C,1.0,1.0,1.0,,1,0.0
2026,1,285,271,2843,270,3,0,LECHUGA - LECHUGA (GENERICO),1500.0,C,1.0,1.0,1.0,,1,0.0
2026,1,285,271,2843,270,4,0,ZANAHORIA - ZANAHORIA (GENERICO),2000.0,C,0.5,0.5,0.5,,1,0.0
2026,1,285,271,2843,270,5,0,HUEVOS DE GALLINA - HUEVOS DE GALLINA (GENERICO)MAPLE,8000.0,C,1.0,1.0,1.0,,1,0.0
2026,1,322,287,2770,286,1,0,FUENTE DE ALIMENTACION - FUENTE DE ALIMENTACION (GENERICO) ATX 550W KELYX COOLER 8CM,36000.0,C,1.0,1.0,1.0,,1,0.0
2026,1,414,402,717,399,1,0,GELATINA - TIPO COMUN - PESO 1 KG. - SABOR VARIOS - ENVASE BOLSA: ORLOC FRUTILLA.,11200.0,C,5.0,5.0,5.0,,1,0.0
2026,1,414,402,717,399,2,0,FLAN - FLAN (GENERICO): ORLOC VAINILLA.,11200.0,C,5.0,5.0,5.0,,1,0.0
2026,1,414,402,717,399,3,0,GELATINA - TIPO DIETETICA - PESO 8  KG. - SOBRES.,11760.0,C,1.0,1.0,1.0,,1,0.0
2026,1,415,403,2209,400,1,0,ACEITE COMESTIBLE - RICOLEO GIRASOL 5L.,12500.0,C,16.0,16.0,16.0,,1,0.0
2026,1,415,403,2209,400,2,0,ARROZ - ARROZ GALLO 5 KG,11900.0,C,3.0,3.0,3.0,,1,0.0
2026,1,415,403,2209,400,3,0,ARVEJAS - ARVEJA EN LATA 350G,590.0,C,48.0,48.0,48.0,,1,0.0
2026,1,415,403,2209,400,4,0,ATUN - ATUN 170 G,1250.0,C,96.0,96.0,96.0,,1,0.0
2026,1,415,403,2209,400,5,0,AZUCAR - AZUCAR 10 KG,999.0,C,4.0,4.0,4.0,,1,0.0
2026,1,415,403,2209,400,6,0,CAFE - CAFE  170GR DOLCA,7500.0,C,18.0,18.0,18.0,,1,0.0
2026,1,415,403,2209,400,7,0,CHOCLO - CHOCLO INALPA  350GR.,1090.0,C,72.0,72.0,72.0,,1,0.0
2026,1,415,403,2209,400,8,0,EDULCORANTE ARTIFICIAL -  LIQUIDO 250cm¦. HILERET,3800.0,C,18.0,18.0,18.0,,1,0.0
2026,1,415,403,2209,400,9,0,EDULCORANTE ARTIFICIAL - EDULCORANTE SOBRES X 500 G,9999.0,C,2.0,2.0,2.0,,1,0.0
2026,1,415,403,2209,400,10,0,LECHE - LECHE EN POLVO 25 KG,315000.0,C,3.0,3.0,3.0,,1,0.0
2026,1,415,403,2209,400,11,0,ADEREZOS - MAYONESA 2.900 Kg.,7999.0,C,4.0,4.0,4.0,,1,0.0
2026,1,415,403,2209,400,12,0,SAL - SAL SOBRES X 1000,16900.0,C,2.0,2.0,2.0,,1,0.0
2026,1,415,403,2209,400,13,0,TE - TE ROSAMONTE X 500 G,699.0,C,20.0,20.0,20.0,,1,0.0
2026,1,415,403,2209,400,14,0,MATE COCIDO EN SAQUITOS - MATE COCIDO 25 GRS,1299.0,C,10.0,10.0,10.0,,1,0.0
2026,1,415,403,2209,400,15,0,VINAGRE - VINAGRE 5 L,7800.0,C,4.0,4.0,4.0,,1,0.0
2026,1,415,403,2209,400,16,0,ESPECIAS - OREGANO 1000 GRS.,16900.0,C,2.0,2.0,2.0,,1,0.0
2026,1,415,403,2209,400,17,0,ESPECIAS - PROVENZAL 1 KG,12900.0,C,2.0,2.0,2.0,,1,0.0
2026,1,415,403,2209,400,18,0,QUESO - QUESO RALLADO LA QUESERA X 8 GRS X 100 U,16900.0,C,1.0,1.0,1.0,,1,0.0
2026,1,415,403,2209,400,19,0,ESPECIAS - PIMENTON  1000 GRS.,12900.0,C,1.0,1.0,1.0,,1,0.0
2026,1,415,403,2209,400,20,0,ESPECIAS - AJI MOLIDO  1000 GRS.,12500.0,C,1.0,1.0,1.0,,1,0.0
2026,1,415,403,2209,400,21,0,QUESO - MUZZARELLA SOBRERO,8500.0,C,20.475,20.475,20.475,,1,0.0
2026,1,415,403,2209,400,22,0,FIAMBRE - FIAMBRE  DE CERDO CAGNOLI POR KILOGRAMO.,8900.0,C,5.995,5.995,5.995,,1,0.0
2026,1,415,403,2209,400,23,0,QUESO - QUESO CREMAC CREMOSO  POR KILO,7900.0,C,8.665,8.665,8.665,,1,0.0
2026,1,415,403,2209,400,24,0,QUESO - BARRA ILOLAY X KILOGRAMO.,9999.0,C,3.5,3.5,3.5,,1,0.0
2026,1,415,403,2209,400,25,0,GASEOSA - COCA COLA. 2250,3799.0,C,6.0,6.0,6.0,,1,0.0
2026,1,415,403,2209,400,26,0,GASEOSA - SPRITE 2250,3899.0,C,3.0,3.0,3.0,,1,0.0
2026,1,415,403,2209,400,27,0,ACEITE COMESTIBLE - ACEITE CAÑUELAS  5L.,16500.0,C,4.0,4.0,4.0,,1,0.0
2026,1,416,404,2209,401,1,0,ACEITUNA - ACEITUNA VERDE 180 G,2099.0,C,5.0,5.0,5.0,,1,0.0
2026,1,416,404,2209,401,2,0,AZUCAR - IMPALPABLE   KILO,1790.0,C,1.0,1.0,1.0,,1,0.0
2026,1,416,404,2209,401,3,0,BOTELLA DE VINO - BOTELLA DE VINO CONCILIO  1 LTO,1599.0,C,4.0,4.0,4.0,,1,0.0
2026,1,416,404,2209,401,4,0,GALLETITAS - CHOCOLINAS 250 GRS,1790.0,C,10.0,10.0,10.0,,1,0.0
2026,1,416,404,2209,401,5,0,CREMA - CREMA CREMAC 5,38000.0,C,1.0,1.0,1.0,,1,0.0
2026,1,416,404,2209,401,6,0,ATUN - ATUN 170 G,1250.0,C,96.0,96.0,96.0,,1,0.0
2026,1,416,404,2209,401,7,0,ADEREZOS - MAYONESA DANICA SACHET 2.900Kg.,7999.0,C,8.0,8.0,8.0,,1,0.0
2026,1,416,404,2209,401,8,0,QUESO - UNTABLE ILOLAY CLASICO,2799.0,C,4.0,4.0,4.0,,1,0.0
2026,1,416,404,2209,401,9,0,DULCE DE LECHE - ILOLAY FAMILIAR X  1000GR.,6500.0,C,1.0,1.0,1.0,,1,0.0
2026,1,416,404,2209,401,10,0,EDULCORANTE ARTIFICIAL - HILERET LIQ  BOTELLA PLASTICA  250cm¦.,2099.0,C,9.0,9.0,9.0,,1,0.0
2026,1,416,404,2209,401,11,0,TE - TE 25 SAQUITOS TARAGUI X 10,9990.0,C,2.0,2.0,2.0,,1,0.0
2026,1,416,404,2209,401,12,0,PURE DE TOMATE - PURE DE TOMATE NOEL PACK X 12,6500.0,C,2.0,2.0,2.0,,1,0.0
2026,1,416,404,2209,401,13,0,EDULCORANTE ARTIFICIAL - INDIVIDUAL CAJA X 500 SOBRES DE 1GR.,9999.0,C,2.0,2.0,2.0,,1,0.0
2026,1,416,404,2209,401,14,0,VINAGRE - VINAGRE 5 LTS,7800.0,C,4.0,4.0,4.0,,1,0.0
2026,1,416,404,2209,401,15,0,QUESO - MUZZARELLA SOBRERO,8500.0,C,12.11,12.11,12.11,,1,0.0
2026,1,416,404,2209,401,16,0,FIAMBRE - FIAMBRE DE CERDO CAGNOLIPOR KILOGRAMO.,8900.0,C,12.345,12.345,12.345,,1,0.0
2026,1,416,404,2209,401,17,0,QUESO - CREMOSO CREMAC POR KILO,7900.0,C,4.0,4.0,4.0,,1,0.0
2026,1,416,404,2209,401,18,0,QUESO - BARRA  CREMAC KILOGRAMO.,9999.0,C,4.59,4.59,4.59,,1,0.0
2026,1,416,404,2209,401,19,0,QUESO - QUESO RALLADO 8 GRS X 100 U,16900.0,C,1.0,1.0,1.0,,1,0.0
2026,1,417,405,441,402,1,0,ROLLO A/D - ROLLO A/D (Genérico): 20 x30.,3869.0,C,1.66,1.66,1.66,,1,0.0
2026,1,417,405,441,402,2,0,PAPEL SEIN BCO. - PAPEL SEIN BCO. (Genérico): Eco 35x45 x kg.,2649.94,C,10.0,10.0,10.0,,1,0.0
2026,1,417,405,441,402,3,0,Alimentos para persomas - Alimentos para persomas (Genérico): Turron Arcor x 50 Unidades.,17700.0,C,1.0,1.0,1.0,,1,0.0
2026,1,417,405,441,402,4,0,ARTICULOS DE LIBRERIA - ARTICULOS DE LIBRERIA (Genérico): Rollo Term 57x20x10.,3869.62,C,1.0,1.0,1.0,,1,0.0
2026,1,418,406,441,403,1,0,MARCADORES - MARCADOR PIZZINI 1270 PERM. PB NG.,1554.0,C,1.0,1.0,1.0,,1,0.0
2026,1,418,406,441,403,2,0,Cinta  de papel 24x 50 - Cinta  de papel 24x 50 (Genérico): RAPIFIX.,4598.94,C,1.0,1.0,1.0,,1,0.0
2026,1,418,406,441,403,3,0,AGENDA COMPLETA - AGENDA COMPLETA (GENERICO): REYSA 15X21 DXH KRAFTY.,25800.0,C,1.0,1.0,1.0,,1,0.0
2026,1,419,407,3356,404,1,0,PESCADO - MERLUZA KG,8500.0,C,18.0,18.0,18.0,,1,0.0
2026,1,420,408,1943,405,1,0,"MANTENIMIENTO PREVENTIVO Y CORRECTIVO DE PLANTA DE OXIGENO - MANTENIMIENTO PREVENTIVO Y CORRECTIVO DE PLANTA DE OXIGENO GENERADOR BGOX - 12 EL MISMO INCUYE PROVISION E INSTALACION DE LOS REPUESTOS 
2 VALVULAS DE RETENCION DE PRODUCCIÓN 
1 VALVULA Y ACTUADOR NEUMATICA DE ECUALIZACION 
MANOMETROS 0 - 10 EMBUTIR",1826436.92,C,1.0,1.0,1.0,,1,0.0
2026,1,541,511,2209,508,1,0,Alimentos para persomas - Alimentos para persomas (Genérico)PARA PROGRAA NUESTROS CHICOS,150000.0,C,1.0,1.0,1.0,,1,0.0
2026,1,246,514,3556,511,1,0,"HUEVOS DE GALLINA - HUEVOS DE GALLINA ENTREGAS POR DOCENAS  
HOSPITAL
REMITO 27622 
REMITO 27624
REMITO 27644
REMITO 27646
REMITO 27820
REMITO 27822
REMITO 27838
REMITO 27846
REMITO 27848

HOGAR DE ANCIANOS 
REMITO 27623
REMITO 27647
REMITO 27842",2400.0,C,405.0,405.0,405.0,,1,0.0
2026,1,569,524,87,521,1,0,ANTICONVULSIDANTE - LEVETIRACETAM  300 ML,45620.0,C,1.0,1.0,1.0,,1,0.0
2026,1,569,524,87,521,2,0,ANTIEPILEPTICO - VALPROATO DE MAGNESIO 400 ML COMP,1243.0,C,300.0,300.0,300.0,,1,0.0
2026,1,569,524,87,521,3,0,ANTIULCEROSO - RANITIDINA AMPOLLA  50mg.,818.0,C,600.0,600.0,600.0,,1,0.0
2026,1,569,524,87,521,4,0,ANTIEMETICO - MOTOCLOPRAMIDA AMPOLLA  10mg.,465.0,C,500.0,500.0,500.0,,1,0.0
2026,1,569,524,87,521,5,0,HIPOTENSOR - ENALAPRIL COMPRIMIDOS 10mg.,42.0,C,180.0,180.0,180.0,,1,0.0
2026,1,569,524,87,521,6,0,HIPOTENSOR - ENALAPRIL 2.50 MG 2 ML AMPOLLA,7500.0,C,30.0,30.0,30.0,,1,0.0
2026,1,566,525,441,522,1,0,SELLO - SELLO (Genérico),8500.0,C,1.0,1.0,1.0,,1,0.0
2026,1,563,526,2843,523,1,0,ZAPALLO - ZAPALLO (Genérico),2500.0,C,210.0,210.0,210.0,,1,0.0
2026,1,563,526,2843,523,2,0,acelga - acelga (Genérico),2500.0,C,210.0,210.0,210.0,,1,0.0
2026,1,563,526,2843,523,3,0,MANZANA - MANZANA (Genérico),3000.0,C,210.0,210.0,210.0,,1,0.0
2026,1,563,526,2843,523,4,0,HUEVOS DE GALLINA COLOR - HUEVOS DE GALLINA COLOR (Genérico),3500.0,C,105.0,105.0,105.0,,1,0.0
2026,1,603,566,1943,564,1,0,"MANTENIMIENTO DE PLANTA DE OXIGENO - MANTENIMIENTO PREVENTIVO DE GENERADOR BGOX 6 , PROVISION E INSTALACION DE VALVULAS DE RETENCION EDD PRODUCCION, VALVULA Y ACTUADOR NEUMATICA DE ECUALIZACION Y MANOMETRO 0-10 EMBUTIR",1392216.28,C,1.0,1.0,1.0,,1,0.0
2026,1,604,568,1658,565,1,0,AGUA MINERAL - TIPO SIN GASIFICAR - ENVASE BIDON - CAPACIDAD 20L.,100000.0,C,1.0,1.0,1.0,,1,0.0
2026,1,604,568,1658,565,2,0,AGUA DESTILADA - USO ACUMULADOR ELECTRICO - ENVASE Y CAPAC BOTELLON O BIDON 5L.,2200.0,C,500.0,500.0,500.0,,1,0.0
2026,1,599,570,2369,566,1,0,VALVULA - VALVULA (GENERICO),71960.1278,C,1.0,1.0,1.0,,1,0.0
2026,1,599,570,2369,566,2,0,PALANCA DE COMANDO - DESTINO LUZ DE GIRO - MODELO 205.,60984.0,C,1.0,1.0,1.0,,1,0.0
2026,1,599,570,2369,566,3,0,DEPOSITO LIQUIDO REFRIGERANTE - MODELO 505,147382.0172,C,1.0,1.0,1.0,,1,0.0
2026,1,599,570,2369,566,4,0,FUELLE - FUELLE (GENERICO),20379.8727,C,1.0,1.0,1.0,,1,0.0
2026,1,599,570,2369,566,5,0,LAMPARA P/FARO AUTOMOTOR/CAMION - USO DELANTERO - TIPO HIGH-TECH - TENSION NOM. 12V - POTENCIA NOM 10W - CASQUILLO BA15S.,2286.9,C,10.0,10.0,10.0,,1,0.0
2026,1,599,570,2369,566,6,0,LAMPARA P/FARO AUTOMOTOR/CAMION - USO DELANTERO - TIPO HEAVY-DUTY - TENSION NOM. 24V - POTENCIA NOM 4W - CASQUILLO BA15S.,2123.55,C,5.0,5.0,5.0,,1,0.0
2026,1,599,570,2369,566,7,0,TAPA CAJA DE VALVULAS - TAPA CAJA DE VALVULAS (Genérico),71960.1278,C,2.0,2.0,2.0,,1,0.0
2026,1,599,570,2369,566,8,0,REPUESTO PARA VEHICULOS - REPUESTO PARA VEHICULOS (Genérico)VARILLA DE ACEITE,232336.27,C,1.0,1.0,1.0,,1,0.0
2026,1,599,570,2369,566,9,0,FILTRO DE AIRE P/VEHICULO - FILTRO DE AIRE P/VEHICULO (GENERICO),33847.2695,C,3.0,3.0,3.0,,1,0.0
2026,1,599,570,2369,566,10,0,REPUESTO P/ TRACTOR - REPUESTO P/ TRACTOR (Genérico)SECADOR DE AIRE,130680.0,C,3.0,3.0,3.0,,1,0.0
2026,1,599,570,2369,566,11,0,REPARACION COMPLETA COMPRESOR - REPARACION COMPLETA COMPRESOR (Genérico),630620.0,C,1.0,1.0,1.0,,1,0.0
2026,1,599,570,2369,566,12,0,SENSOR - SENSOR (Genérico),118572.8489,C,1.0,1.0,1.0,,1,0.0
2026,1,599,570,2369,566,13,0,VARILLA DE HIERRO - VARILLA DE HIERRO (GENERICO),192970.8,C,1.0,1.0,1.0,,1,0.0
2026,1,600,571,1879,567,1,0,SOPORTE P/ BOBINA - MOTONIVELADORA PAUNY 180,14000.0,C,2.0,2.0,2.0,,1,0.0
2026,1,600,571,1879,567,2,0,MANGUERA P/AUTOMOTOR - NEW HOLLAND,34800.0,C,1.0,1.0,1.0,,1,0.0
2026,1,600,571,1879,567,3,0,ABRAZADERA P/AUTOMOTOR - ABRAZADERA P/AUTOMOTOR (GENERICO),2000.0,C,2.0,2.0,2.0,,1,0.0
2026,1,601,572,2208,568,1,0,MANO DE OBRA - 4 CONVERSION PLAFONES DE 4 FLUORESCENTES C/U A TUBOS LED.,57000.0,C,4.0,4.0,4.0,,1,0.0
2026,1,602,573,90,570,1,0,GALLETITAS SALVADO (INDIVIDUAL) - GALLETITAS SALVADO (INDIVIDUAL) (Genérico),869.9,C,900.0,900.0,900.0,,1,0.0
2026,1,602,573,90,570,2,0,Harina Integral - Harina Integral (Genérico),1259.5,C,1500.0,1500.0,1500.0,,1,0.0
2026,1,602,573,90,570,3,0,LECHE - LECHE (GENERICO) descremada,1299.9,C,1800.0,1800.0,1800.0,,1,0.0
2026,1,602,573,90,570,4,0,DULCE - DULCE (GENERICO) de leche,1499.9,C,600.0,600.0,600.0,,1,0.0
2026,1,602,573,90,570,5,0,EDULCORANTE LIQUIDO - EDULCORANTE LIQUIDO (Genérico),1299.95,C,600.0,600.0,600.0,,1,0.0
2026,1,602,573,90,570,6,0,CACAO - CACAO (GENERICO),1399.9,C,600.0,600.0,600.0,,1,0.0
2026,1,602,573,90,570,7,0,LAVANDINA X 1lt. - LAVANDINA X 1lt. (Genérico),799.95,C,600.0,600.0,600.0,,1,0.0
2026,1,642,601,5,599,1,0,SAL - SAL (GENERICO) PARA ESTERLIZACION,500000.0,C,1.0,1.0,1.0,,1,0.0
2026,1,643,604,3075,602,1,0,LAVANDINA - USO ROPA - CAPACIDAD 5L.,4900.0,C,25.0,25.0,25.0,,1,0.0
2026,1,645,605,169,603,1,0,REP. CLARIFICADOR - REP. CLARIFICADOR (Genérico),4800.0,C,2.0,2.0,2.0,,1,0.0
2026,1,644,606,441,604,1,0,ROLLOS CINTA PAPEL - ROLLOS CINTA PAPEL (Genérico)10 cintas para tiqueadora.Cinta Global Epson RC 30-34-38.,2400.02,C,10.0,10.0,10.0,,1,0.0
2026,1,482,439,2259,436,1,0,Alimentos para persomas - Alimentos para persomas (Genérico) pasteles y pastafrola.,300000.0,C,1.0,1.0,1.0,,1,0.0
2026,1,623,594,2593,591,1,0,CERRAJERIA - CERRAJERIA (GENERICO) REALIZAR 4 COPIAS,7000.0,C,4.0,4.0,4.0,,1,0.0
2026,1,619,596,2627,593,1,0,PASTAS FRESCAS - PASTAS FRESCAS (GENERICO)TUBOS DE EMPANADAS 5 DOC,6500.0,C,1.0,1.0,1.0,,1,0.0
2026,1,619,596,2627,593,2,0,FIDEO SECO - VARIEDAD SOPERO - RELLENO SIN - PRESENTACION PAQUETE X 500GR.,3200.0,C,4.0,4.0,4.0,,1,0.0
2026,1,619,596,2627,593,3,0,TAPA PASCUALINA - TAPA PASCUALINA (GENERICO),1200.0,C,4.0,4.0,4.0,,1,0.0
2026,1,631,600,3324,598,1,0,PICADA DE FIAMBRES VARIOS - PICADA DE FIAMBRES VARIOS (Genérico)PARA CARNAVALES,250000.0,C,1.0,1.0,1.0,,1,0.0
2026,1,788,755,2846,753,1,0,ALOJAMIENTO - ALOJAMIENTO  (Genérico) ALOJAMIENTO PARA 2 PERSONAS ($40.000 X NOCHE X PERSONA) DEL 23/02 AL 3/03,80000.0,C,8.0,8.0,8.0,,1,30.0
2026,1,794,756,186,754,1,0,ALOJAMIENTO - ALOJAMIENTO  (Genérico) alojamiento 2 personas del 26/02 al 2/03 (4 noches),135000.0,C,4.0,4.0,4.0,,1,30.0
2026,1,800,759,3322,756,1,0,DETERGENTE - CIF DETERGENTE ACTIVE NEUTRO 5LTS,19049.83,C,1.0,1.0,1.0,,1,0.0
2026,1,800,759,3322,756,2,0,CIF Anti Grasa D Pack - CIF EN CREMA MULTIPARTICULAS X2,11192.83,C,1.0,1.0,1.0,,1,0.0
2026,1,800,759,3322,756,3,0,DETERGENTE - SF 200 X5KG,40660.24,C,1.0,1.0,1.0,,1,0.0
2026,1,782,760,1259,757,1,0,Pila - Pila (Genérico) chica AA Energizer max,1860.82,C,4.0,4.0,4.0,,1,0.0
2026,1,782,760,1259,757,2,0,Lampara led - Lampara led (Genérico) LEDBULB PHILIPS,2814.0,C,4.0,4.0,4.0,,1,0.0
2026,1,782,760,1259,757,3,0,PLAFON LED - PLAFON LED (Genérico) 24W BELLALUX,18719.4,C,2.0,2.0,2.0,,1,0.0
2026,1,782,760,1259,757,4,0,LAMPARA LED - LAMPARA LED (Genérico) HI-POWER 30W LUXOM,9948.37,C,2.0,2.0,2.0,,1,0.0
2026,1,782,760,1259,757,5,0,LAMPARA - LAMPARA (Genérico) LEDBULB 7w,2580.81,C,2.0,2.0,2.0,,1,0.0
2026,1,928,944,803,939,1,0,FILTROS VARIOS - ACCESORIO FILTRO ACEITE FRAM PH-2852 FORD 14000,15626.0658,C,6.0,6.0,6.0,,1,0.0
2026,1,928,944,803,939,2,0,FILTROS VARIOS - ACCESORIO FILTRO GASOIL FRAM C-11860PL FORD14000,6271.8753,C,12.0,12.0,12.0,,1,0.0
2026,1,928,944,803,939,3,0,FILTROS VARIOS - ACCESORIO FILTRO AIRE FRAM CA-283A FORD14000,35306.0479,C,2.0,2.0,2.0,,1,0.0
2026,1,928,944,803,939,4,0,FILTROS VARIOS - ACCESORIO FILTRO AIRE FRAM CA-3291SY FORD 14000,27427.3604,C,12.0,12.0,12.0,,1,0.0
2026,1,928,944,803,939,5,0,FILTROS VARIOS - ACCESORIO FILTRO HIDRAULICO FRAM CH-803APL GENERICO 1/2 LTS.,8697.5284,C,12.0,12.0,12.0,,1,0.0
2026,1,928,944,803,939,6,0,FILTROS VARIOS - ACCESORIO FILTRO ACEITE FRAM PH-3976 FORD 14000,15026.3414,C,1.0,1.0,1.0,,1,0.0
2026,1,928,944,803,939,7,0,FILTROS VARIOS - ACCESORIO P-4182,8630.5138,C,16.0,16.0,16.0,,1,0.0
2026,1,928,944,803,939,8,0,FILTROS VARIOS - ACCESORIO FILTRO AIRE FRAM CA-5971 FORD 14000,41946.4602,C,1.0,1.0,1.0,,1,0.0
2026,1,928,944,803,939,9,0,FILTROS VARIOS - ACCESORIO FILTRO ACEITE FRAM CH-2927A MERCEDES 1114,16572.2084,C,4.0,4.0,4.0,,1,0.0
2026,1,857,804,2216,802,1,0,"REP.AIRE ACONDICIONADO - CAMBIO COMPRESOR
CAMBIO CONDENSADOR (ADAPTADO X UNO MAS GRANDE)
LIMPIEZA CAÑERIA CON GAS LIMPIANTE 
LIMPIEZA DE VALVULAS EXPNSION X 2
LIMPIEZA DE EVAPORADOR CON GAS LIMPIANTE X 2
PRUEBA PRESION 
CARGA DE GAS EQUIPO DOBLE 
CARGA ACEITE EQU DOBLE
REVISION FILTRO HABITACULO
REPARACION AMBULANCIA DOMINIO PAA334",2460000.0,C,1.0,1.0,1.0,,1,0.0
2026,1,918,876,1468,873,1,0,CORTICOESTEROIDE - BETAMETASONA FOST.DISODICO+ BETAMETASONA ACETATO AMPOLLA,1683.3,C,200.0,200.0,200.0,,1,0.0
2026,1,918,876,1468,873,2,0,ANESTESICO LOCAL - LIDOCAINA JALEA 25 ML,2295.37,C,10.0,10.0,10.0,,1,0.0
2026,1,918,876,1468,873,3,0,VITAMINA - ACIDO FOLICO 1 MG COMP,49.17,C,1000.0,1000.0,1000.0,,1,0.0
2026,1,918,876,1468,873,4,0,ANTIPSICOTICO - HALOPERIDOL GOTAS 20 ML,2515.65,C,1.0,1.0,1.0,,1,0.0
2026,1,918,876,1468,873,5,0,oftal d gotas - DORZOLAMIDA + TIMOLOL 5 ML,15345.0,C,5.0,5.0,5.0,,1,0.0
2026,1,918,876,1468,873,6,0,PATTOGAMMA - T 250 mg. - PARTTOGAMMA - INMUNOGLOBULINA ANTI RH0,232470.0,C,3.0,3.0,3.0,,1,0.0
2026,1,918,876,1468,873,7,0,ANTICOAGULANTE - ENOXAPARNA 40 MG AMPOLLAS,10080.0,C,30.0,30.0,30.0,,1,0.0
2026,1,918,876,1468,873,8,0,ENOXAPARINA 60 MG AMPOLLAS - ENOXAPARINA 60 MG AMPOLLAS,12060.0,C,20.0,20.0,20.0,,1,0.0
2026,1,918,876,1468,873,9,0,ANTICOAGULANTE - ENOXAPARINA 80 MG AMPOLLA,15300.0,C,20.0,20.0,20.0,,1,0.0
2026,1,918,876,1468,873,10,0,KETEROLAC 30 MG AMP - KETEROLAC 30 MG AMP,702.0,C,400.0,400.0,400.0,,1,0.0
2026,1,918,876,1468,873,11,0,"ANESTESICO GENERAL - BUPIVACAINA HIPERBARICA 0,50% S/E  S/C  AMPOLLA 4 ML.",1228.5,C,40.0,40.0,40.0,,1,0.0
2026,1,918,876,1468,873,12,0,ANESTESICO LOCAL - LIDOCAINA 1% SIN EPINEFRINA AMPOLLA 5 ML,810.04,C,200.0,200.0,200.0,,1,0.0
2026,1,918,876,1468,873,13,0,ANTISEPTICO LOCAL -  NITROFURAZONA SOLUCION AL 0.22%  X LITRO.,44713.3,C,6.0,6.0,6.0,,1,0.0
2026,1,918,876,1468,873,14,0,ANTIBIOTICOS - CIPROFLOXACINA COMPRIMIDOS 500mg.,133.2,C,200.0,200.0,200.0,,1,0.0
2026,1,918,876,1468,873,15,0,ANTIINFLAMATORIO - DICLOFENAC 75 MG COMPRIMIDOS,40.68,C,3000.0,3000.0,3000.0,,1,0.0
2026,1,918,876,1468,873,16,0,ANTIINFLAMATORIO - DICLOFENAC  AMPOLLA 75mg.,828.01,C,600.0,600.0,600.0,,1,0.0
2026,1,918,876,1468,873,17,0,AGUA DESTILADA - AGUA  AMPOLLA X 5 ML,702.0,C,400.0,400.0,400.0,,1,0.0
2026,1,918,876,1468,873,18,0,ATORVASTATIN 20 MG COMP. - ATORVASTATIN 20 MG COMP.,60.3,C,2000.0,2000.0,2000.0,,1,0.0
2026,1,918,876,1468,873,19,0,ANESTESICO LOCAL - LIDOCAINA 2% CON EPINEFRINA S/C  FRASCO/AMPOLLA  20CC.,6615.0,C,30.0,30.0,30.0,,1,0.0
2026,1,918,876,1468,873,20,0,MEDICAMENTOS - HALOPERIDOL AMPOLLA 5 MG,1270.23,C,100.0,100.0,100.0,,1,0.0
2026,1,913,877,3180,874,1,0,"DISEÑO Y PROGRAMACION - DISEÑO Y PROGRAMACION (GENERICO)
CINE COMERCIAL INCAA
FEBRERO A DICIEMBRE",175000.0,C,11.0,11.0,11.0,,1,0.0
2026,1,895,878,517,875,1,0,"SILLA - SILLA  AP 40, FIJA REALIZADA EN CUERINA NEGRA ESTRUCTURA NEGRA, SIN BRAZOS. CPAS NORTE - LAVADERO",98000.0,C,4.0,4.0,4.0,,1,0.0
2026,1,895,878,517,875,2,0,JARRA ACERO ALECTRICA - JARRA ACERO ALECTRICA,51900.0,C,2.0,2.0,2.0,,1,0.0
2026,1,910,879,300,876,1,0,HOJA P/CALADORA - HOJA P/CALADORA (Genérico)T 101 BF BOSCH,3500.0,C,1.0,1.0,1.0,,1,0.0
2026,1,910,879,300,876,2,0,GUANTES DE TRABAJO - GUANTES DE TRABAJO (Genérico) VAQUETA,4900.0,C,1.0,1.0,1.0,,1,0.0
2026,1,910,879,300,876,3,0,TARUGO DE MADERA - TARUGO DE MADERA (GENERICO) 22 x 50,78.0,C,80.0,80.0,80.0,,1,0.0
2026,1,910,879,300,876,4,0,TARUGO FISCHER - TARUGO (GENERICO)22x38,59.0,C,20.0,20.0,20.0,,1,0.0
2026,1,901,880,2627,877,1,0,PASTAS FRESCAS - PASCUALINAS,1200.0,C,6.0,6.0,6.0,,1,0.0
2026,1,901,880,2627,877,2,0,PASTAS FRESCAS - FIDEOS AL HUEVO N° 2 KG,4000.0,C,4.0,4.0,4.0,,1,0.0
2026,1,901,880,2627,877,3,0,PASTAS FRESCAS - FIDEOS SOPEROS KG,3200.0,C,4.0,4.0,4.0,,1,0.0
2026,1,911,881,688,878,1,0,AGUA DESTILADA - AGUA DESTILADA (GENERICO),3000.0,C,6.0,6.0,6.0,,1,0.0
2026,1,900,882,2627,879,1,0,PASTAS FRESCAS - SORRENTINO  X PLANCHA.,2000.0,C,15.0,15.0,15.0,,1,0.0
2026,1,900,882,2627,879,2,0,TAPA PASCUALINA - PASCUALINAS,1200.0,C,4.0,4.0,4.0,,1,0.0
2026,1,900,882,2627,879,3,0,PASTAS FRESCAS - FIDEOS AL HUEVO N° 2 KG,4000.0,C,4.0,4.0,4.0,,1,0.0
2026,1,967,883,3492,880,1,0,"SERVICIOS TECNICOS Y PROFESIONALES - SERVICIOS TECNICOS Y PROFESIONALES (Genérico)
A partir del 01 de marzo hasta el 30 de junio 2026, percibiendo la suma de $ 680.956,80 mensual (80 horas mensuales)",680956.8,C,4.0,4.0,4.0,,1,0.0
2026,1,968,884,3218,881,1,0,ABONO MONITOREO MENSUAL - ABONO MONITOREO MENSUAL (Genérico) DE ICROS IVW614/JHZ266/LAN557,2723.33,C,1.0,1.0,1.0,,1,0.0
2026,1,966,885,3540,882,1,0,"TECHOS Y ZINGUERIA - TECHOS Y ZINGUERIA (GENERICO) prov. de mano de obra para trabajos en EP 17, siendo las siguientes tareas: retirar cubierta de chapa completa en el comedor, colocar cubierta de chapa nueva en comedor, reemplazo de zingueria sobre chapa existente, instalar caballete nuevo, retirar todo resto de obra, segun contrato",7900000.0,C,1.0,1.0,1.0,,1,0.0
2026,1,727,646,1977,644,1,0,"FILTROS VARIOS - FILTROS VARIOS (Genérico) DE AIRE, DE GAS-OIL FLEETGUARD, ACEITE FLEETGUARD,DE GAS-OIL,HIDRAULICO MAYADO, HIDRAULICO GDE, PARA EXCAVADORA SOBRE ORUGAS LIUGONG, DOMINIO EPK07",815489.79,C,1.0,1.0,1.0,,1,0.0
2026,1,693,655,167,653,1,0,POLLO - ALIMENTACION PATA Y MUSLO,8100.0,C,43.5,43.5,43.5,,1,0.0
2026,1,693,655,167,653,2,0,POLLO - ALIMENTACION PECHUGA,14500.0,C,9.6,9.6,9.6,,1,0.0
2026,1,898,852,3482,850,1,0,PRESTACION DE SERVICIOS PROFESIONALES - PRESTACION DE SERVICIOS PROFESIONALES (Genérico) CURSO DE LICUADOS DE FRUTAS Y VEGETALES VITAMINICOS Y DEPURATIVOS. Y PRODUCCION PARA LAS PASCUAS. LOS DIAS 14 Y 28 DE MARZO.,400000.0,C,1.0,1.0,1.0,,1,0.0
2026,1,916,856,2843,854,1,0,ZAPALLO - ZAPALLO (Genérico),2000.0,C,250.0,250.0,250.0,,1,0.0
2026,1,916,856,2843,854,2,0,acelga - acelga (Genérico),2000.0,C,250.0,250.0,250.0,,1,0.0
2026,1,916,856,2843,854,3,0,MANZANA - MANZANA (Genérico),3000.0,C,250.0,250.0,250.0,,1,0.0
2026,1,916,856,2843,854,4,0,HUEVOS DE GALLINA COLOR - HUEVOS DE GALLINA COLOR (Genérico),3500.0,C,125.0,125.0,125.0,,1,0.0
2026,1,914,857,313,855,1,0,GAS OIL - GAS OIL (GENERICO),8000000.0,C,1.0,1.0,1.0,,1,0.0
2026,1,915,858,3296,856,1,0,PINTURA AL LATEX - USO EXTERIORES - COLOR BLANCO - CAPACIDAD 4L.,59290.0,C,1.0,1.0,1.0,,1,0.0
2026,1,915,858,3296,856,2,0,PINCEL - PINCEL (Genérico) elefante obra 30,9477.02,C,1.0,1.0,1.0,,1,0.0
2026,1,912,859,71,857,1,0,DISCO FLAPP - DISCO FLAPP (Genérico)41/2,3500.0,C,2.0,2.0,2.0,,1,0.0
2026,1,904,860,441,858,1,0,PAPEL BARRILETE - COLOR BLANCO (papel seda),120.0,C,3.0,3.0,3.0,,1,0.0
2026,1,904,860,441,858,2,0,BOLSAS Kraf - BOLSAS Kraf (Genérico) 30x12x41,405.0,C,3.0,3.0,3.0,,1,0.0
2026,1,905,861,1259,859,1,0,Lampara led - Lampara led (Genérico),17143.32,C,3.0,3.0,3.0,,1,0.0
2026,1,905,861,1259,859,2,0,LAMPARA - LAMPARA (Genérico)LED 14W,4026.98,C,4.0,4.0,4.0,,1,0.0
2026,1,905,861,1259,859,3,0,PORTALAMPARA - PORTALAMPARA (GENERICO),3168.7,C,1.0,1.0,1.0,,1,0.0
2026,1,905,861,1259,859,4,0,"CABLE UNIPOLAR - MEDIDAS 1.5 MM. X 100 METROS, TIPO PIRELLI",1397.65,C,1.8,1.8,1.8,,1,0.0
2026,1,906,862,2958,860,1,0,HUEVOS DE GALLINA - HUEVOS DE GALLINA POR DOCENAS ENTREGAS SEMANALES HOSPITAL Y HOGAR DE ANCIANOS,2300.0,C,135.0,135.0,135.0,,1,0.0
2026,1,907,864,90,861,1,0,Harina Integral - Harina Integral (Genérico),1259.5,C,600.0,600.0,600.0,,1,0.0
2026,1,907,864,90,861,2,0,EDULCORANTE LIQUIDO - EDULCORANTE LIQUIDO (Genérico),1299.95,C,600.0,600.0,600.0,,1,0.0
2026,1,907,864,90,861,3,0,GALLETITAS SALVADO (INDIVIDUAL) - GALLETITAS SALVADO (INDIVIDUAL) (Genérico),869.9,C,600.0,600.0,600.0,,1,0.0
2026,1,907,864,90,861,4,0,DULCE - DULCE (GENERICO) DE LECHE,1499.9,C,600.0,600.0,600.0,,1,0.0
2026,1,907,864,90,861,5,0,LECHE LARGA VIDA - LECHE LARGA VIDA (Genérico),1299.9,C,1800.0,1800.0,1800.0,,1,0.0
2026,1,907,864,90,861,6,0,CACAO - CACAO (GENERICO),1233.6,C,800.0,800.0,800.0,,1,0.0
2026,1,907,864,90,861,7,0,LAVANDINA X 1lt. - LAVANDINA X 1lt. (Genérico),736.6,C,900.0,900.0,900.0,,1,0.0
2026,1,907,864,90,861,8,0,DETERGENTE - DETERGENTE (Genérico),799.95,C,900.0,900.0,900.0,,1,0.0
2026,1,907,864,90,861,9,0,JABON EN PAN BCO. - JABON EN PAN BCO. (Genérico),469.3,C,800.0,800.0,800.0,,1,0.0
2026,1,908,865,688,862,1,0,AGUA DESTILADA - AGUA DESTILADA (GENERICO),3000.0,C,12.0,12.0,12.0,,1,0.0
2026,1,908,865,688,862,2,0,"Servicio de Mantenimiento - Servicio de Mantenimiento (Genérico)DE KM, RANGER AF451OS",255000.0,C,1.0,1.0,1.0,,1,0.0
2026,1,908,865,688,862,3,0,ACEITE Y FILTROS - ACEITE Y FILTROS (Genérico)PARA MOTONIVELADORA VOLVO CGS18 Y TRACTOR PAUNY EFJ10,818000.0,C,1.0,1.0,1.0,,1,0.0
2026,1,909,866,130,863,1,0,"REPARACION MOTOR - REPARACION MOTOR (Genérico) reparacion de motor, sacar silindro, limpieza, cambiar aros, y armado general",45000.0,C,1.0,1.0,1.0,,1,0.0
2026,1,917,867,2302,864,1,0,CARTUCHO TONER - CARTUCHO TONER (GENERICO) ALTERNATIVO HP CF279A,11979.6,C,10.0,10.0,10.0,,1,0.0
2026,1,919,868,3072,865,1,0,TIMBRE POSTAL - TIMBRE POSTAL (Genérico),8070000.0,C,1.0,1.0,1.0,,1,0.0
2026,1,922,870,2330,867,1,0,combustibles varios - combustibles varios (Genérico),8070000.0,C,1.0,1.0,1.0,,1,0.0
2026,1,920,873,313,870,1,0,combustibles varios - combustibles varios (Genérico) GASOIL COMUN Y PREMIUN,2000000.0,C,1.0,1.0,1.0,,1,0.0
2026,1,921,874,2770,871,1,0,MOUSSE - MOUSSE (GENERICO),7600.0,C,1.0,1.0,1.0,,1,0.0
2026,1,935,875,3337,872,1,0,"Servicio de Torneria - Servicio de Torneria (Genérico) CAMBIAR ROSCA DE EXTREMO DE DIRECCION, MANGUERA DE 1/2 X 1.80, 2 TERMINALES, UNA SOLDADURA CON BRONCE, DOS BRIDA Y DOS PRENSADAS,REPARAR MANGUERA HIDRAULICA,SOLDAR TERMINAL, CON BRONCE,MANGUERA DE 1/2 X 1.30, 3TERMINALES 2 BRIDAS, 1 SOOLDADURA. MANGUERA DE 3/4 X 1.60, 4 BRIDAS, 1 SOLDADURA, MANGUERA DE 3/4 X 1.60, 4 BRIDAS. HACER AGUJERO EN PLANCUELAA PARA SOPORTE DE MOTOR, SACAR Y COLOCAR ANGUERAS DE 1/2 X 3.60, 2 BRIDAS, 2 TERMINALES, 2 RINGS",959710.0,C,1.0,1.0,1.0,,1,0.0
2026,1,969,887,3563,883,1,0,"SERVICIO DE LUCES Y  SONIDO - SERVICIO DE LUCES Y  SONIDO (GENERICO)
FINAL FOLKLORE EN LOS BARRIOS
ANFITEATRO 07/03",500000.0,C,1.0,1.0,1.0,,1,0.0
2026,1,973,891,33,887,1,0,"SEGURO AUTOMOTOR - DESCRIPCION TODO RIESGO S/FRANQUICIA DE PICK-UP AH782NM, ENDOSO POLIZA 10946164, DESDE EL 07/03/2026 AL 31/12/2026",3000000.0,C,1.0,1.0,1.0,,1,0.0
2026,1,975,892,3529,888,1,0,ALQUILER DE BAÑO QUIMICO - ALQUILER DE BAÑO QUIMICO (GENERICO),85000.0,C,4.0,4.0,4.0,,1,0.0
2026,1,925,893,3364,889,1,0,"ALQUILER BAÑO QUIMICO - ALQUILER BAÑO QUIMICO (Genérico)
1 BAÑO QUIMICO SIMPLE
1  BAÑO QUIMICO DISCAPACITADO
1 PERSONA MANTENIMIENTO
FINAL DE FOLKLORE 2026",250000.0,C,1.0,1.0,1.0,,1,0.0
2026,1,939,894,2330,890,1,0,DIESEL 500 - DIESEL 500  (Genérico),1800.0,C,800.0,800.0,800.0,,1,0.0
2026,1,939,894,2330,890,2,0,INFINIA DIESEL - INFINIA DIESEL  (Genérico),2000.0,C,800.0,800.0,800.0,,1,0.0
2026,1,939,894,2330,890,3,0,NAFTA SUPER - NAFTA SUPER (Genérico),1800.0,C,800.0,800.0,800.0,,1,0.0
2026,1,939,894,2330,890,4,0,NAFTA INFINIA - NAFTA INFINIA  (Genérico),2100.0,C,800.0,800.0,800.0,,1,0.0
2026,1,936,895,1259,891,1,0,PLAFON LED - PLAFON LED (Genérico),13048.0,C,2.0,2.0,2.0,,1,0.0
2026,1,936,895,1259,891,2,0,Lampara led - Lampara led (Genérico),4025.0,C,1.0,1.0,1.0,,1,0.0
2026,1,933,896,2627,892,1,0,TAPA EMPANADA - TUBO DE EMPANADAS X 5 DOCENAS,6500.0,C,1.0,1.0,1.0,,1,0.0
2026,1,932,897,850,893,1,0,REACTIVO - GLUCORURVE 75 X 10 SOBRES,25027.45,C,5.0,5.0,5.0,,1,0.0
2026,1,932,897,850,893,2,0,REACTIVO - SOLUPLASTIN  10 X 2 ML,95685.42,C,2.0,2.0,2.0,,1,0.0
2026,1,932,897,850,893,3,0,REACTIVO - CELEREST TROPONINA CASETTE X 20 DET,185391.47,C,2.0,2.0,2.0,,1,0.0
2026,1,932,897,850,893,4,0,REACTIVO - MONTEBIO HIV TRI LINE CASSETTE X 40 DET,215295.48,C,1.0,1.0,1.0,,1,0.0
2026,1,932,897,850,893,5,0,REACTIVO - CELEREST HEPATITIS B TIRAS X 50 DET,141177.26,C,1.0,1.0,1.0,,1,0.0
2026,1,932,897,850,893,6,0,REACTIVO - HEMOGLOBINA EN MATERIA FECAL CAJA X 25 DET SANGRE OCULTA CELEREST,97117.02,C,1.0,1.0,1.0,,1,0.0
2026,1,932,897,850,893,7,0,REACTIVO - CELEREST STREP B CASSETTE 20 DET,189660.24,C,1.0,1.0,1.0,,1,0.0
2026,1,931,898,3165,894,1,0,CAJAS SOLUCION FISIOLOGICA X 100 ML - FISIOLOGICA X 100 ML SACHET,2589.5,C,400.0,400.0,400.0,,1,0.0
2026,1,931,898,3165,894,2,0,CORTICOESTEROIDE - DEXAMETASONA AMPOLLA  8 MG.,1315.0,C,177.0,177.0,177.0,,1,0.0
2026,1,931,898,3165,894,3,0,FIBRINOLITICO - ESTREPTOQUINASA 1.500.000 U.I.FRASCO AMPOLLA,3189200.0,C,1.0,1.0,1.0,,1,0.0
2026,1,931,898,3165,894,4,0,PAÑAL DESCARTABLE - TAMAÑO GRANDE NONISEC,412.8,C,1000.0,1000.0,1000.0,,1,0.0
2026,1,377,359,2513,358,1,0,"PUBLICIDAD RADIAL - PUBLICIDAD RADIAL- Corresponde contratacion desde 01 de enero del 2026 hasta el 31 de diciembre del mismo ejercicio, percibiendo una suma mensual de $ 150.000",150000.0,C,12.0,12.0,12.0,,1,0.0
2026,1,375,360,2107,359,1,0,"PUBLICIDAD RADIAL - PUBLICIDAD RADIAL- Corresponde contratacion desde 01 de enero del 2026 hasta el 31 de diciembre del mismo ejercicio, percibiendo una suma mensual de $ 150.000",150000.0,C,12.0,12.0,12.0,,1,0.0
2026,1,374,362,2098,360,1,0,"PUBLICIDAD RADIAL - PUBLICIDAD RADIAL- Corresponde contratacion desde 01 de enero del 2026 hasta el 31 de diciembre del mismo ejercicio, percibiendo una suma mensual de $ 100.000",100000.0,C,12.0,12.0,12.0,,1,0.0
2026,1,367,363,2835,361,1,0,"PUBLICIDAD RADIAL - PUBLICIDAD RADIAL- Corresponde contratacion desde 01 de enero del 2026 hasta el 31 de diciembre del mismo ejercicio, percibiendo una suma mensual de $ 180.000",180000.0,C,12.0,12.0,12.0,,1,0.0
2026,1,373,364,2584,362,1,0,"PUBLICIDAD RADIAL - PUBLICIDAD RADIAL- Corresponde contratacion desde 01 de enero del 2026 hasta el 31 de diciembre del mismo ejercicio, percibiendo una suma mensual de $ 100.000",100000.0,C,12.0,12.0,12.0,,1,0.0
2026,1,366,365,2086,363,1,0,"PUBLICIDAD RADIAL - PUBLICIDAD RADIAL- Corresponde contratacion desde 01 de enero del 2026 hasta el 31 de diciembre del mismo ejercicio, percibiendo una suma mensual de $ 100.000",100000.0,C,12.0,12.0,12.0,,1,0.0
2026,1,379,366,53,364,1,0,"PUBLICIDAD GRAFICA - PUBLICIDAD GRAFICA - Corresponde contratacion desde el 01 de enero del 2026 hasta el 31 de diciembre del mismo ejercicio , percibiendo una suman mensual de $ 90.000",90000.0,C,12.0,12.0,12.0,,1,0.0
2026,1,365,367,2109,365,1,0,"MANTENIMIENTO DE LA PAGINA WEB - MANTENIMIENTO DE LA PAGINA WEB- Corresponde contratacion desde el 01 de enero del 2026 hasta el 31 de diciembre del mismo ejercicio, percibiendo como contraprestacion un monto mensual de $ 190.000",190000.0,C,12.0,12.0,12.0,,1,0.0
2026,1,380,368,875,366,1,0,"PUBLICIDAD GRAFICA - PUBLICIDAD GRAFICA - Corresponde contratacion desde el 01 de enero del 2026 hasta el 31 de diciembre del mismo ejercicio , percibiendo una suman mensual de $ 80.000",80000.0,C,12.0,12.0,12.0,,1,0.0
2026,1,376,369,1101,367,1,0,"PUBLICIDAD RADIAL - PUBLICIDAD RADIAL- Corresponde contratacion desde 01 de enero del 2026 hasta el 31 de diciembre del mismo ejercicio, percibiendo una suma mensual de $ 150.000",150000.0,C,12.0,12.0,12.0,,1,0.0
2026,1,371,370,2308,368,1,0,"PUBLICIDAD RADIAL - PUBLICIDAD RADIAL- Corresponde contratacion desde 01 de enero del 2026 hasta el 31 de diciembre del mismo ejercicio, percibiendo una suma mensual de $ 65.000",65000.0,C,12.0,12.0,12.0,,1,0.0
2026,1,368,371,869,369,1,0,"PUBLICIDAD RADIAL - PUBLICIDAD RADIAL- Corresponde contratacion desde 01 de enero del 2026 hasta el 31 de diciembre del mismo ejercicio, percibiendo una suma mensual de $ 100.000",100000.0,C,12.0,12.0,12.0,,1,0.0
2026,1,378,373,2309,371,1,0,"PUBLICIDAD RADIAL - PUBLICIDAD RADIAL- Corresponde contratacion desde 01 de enero del 2026 hasta el 31 de diciembre del mismo ejercicio, percibiendo una suma mensual de $ 50.000",50000.0,C,12.0,12.0,12.0,,1,0.0
2026,1,382,374,2969,372,1,0,SERV.DE PUBLICIDAD TELEVISIVA - SERV.DE PUBLICIDAD TELEVISIVA - Corresponde contratacion desde el 01 de enero del 2026 hasta el 31 de diciembre del 2026 percibiendo un monto mensual de $ 150.000,150000.0,C,12.0,12.0,12.0,,1,0.0
2026,1,394,377,1214,375,1,0,"ALQUILER DE EDIFICIO - ALQUILER DE EDIFICIO DONDE FUNCIONA LA OFICINA DE CULTURA Y EDUCACION EN CALLE DR. CARLOS MADARIAGA Y ALBERTI. POR EL PERIODO DEL MES DE ENERO, PERCIBIENDO LA SUMA DE $480.000",480000.0,C,1.0,1.0,1.0,,1,0.0
2026,1,526,480,1235,477,1,0,"ALQUILER DE EQUIPOS FOTOCOPIADORES - ALQUILER DE EQUIPOS FOTOCOPIADORES (GENERICO)DESDE EL 01/01/2026 AL 31/12/2026, HASTA 3000 COPIAS, MISMO PRECIO HASTA UN DOLAR DE $ 1.800",139455.0,C,24.0,24.0,24.0,,1,0.0
2026,1,129,129,2334,129,1,0,"SOPORTE TECNICO SOFTWARE - SOPORTE TECNICO SOFTWARE (GENERICO)El convenio comenzara  el 01 de Enero al 30 de Albril 2026 con un presupuesto mensual de $800.065 (pesos ochocientos mil sesenta y cinco) El servicio que prestará asistencia y consultaría administrativo e informática del Sistema R.A.F.A.M referida al módulo de Personal, en forma remota días hábiles de lunes a viernes de 8:00 a 16:00 Hs.",800065.0,C,4.0,4.0,4.0,,1,0.0
2026,1,128,130,2578,130,1,0,"SERVCIO CONFECCION TEXTIL - SERVCIO CONFECCION TEXTIL trabajos que se realizan a diario para el hospital y hogar de ancianos, confección y arreglo de ambos del personal en general, corte telas armado de saleas, , corte y colocación de nylon en colchones.  armado de camisolines para quirófano y terapia, costuras de gasa para quirófano, confección de campos quirúrgicos",580000.0,C,4.0,4.0,4.0,,1,0.0
2026,1,133,132,1494,132,1,0,COMISIONES - COMISIONES (Genérico): A LA CIUDAD DE LA PLATA Y BUENOS AIRES.,2000000.0,C,1.0,1.0,1.0,,1,0.0
2026,1,136,133,1494,133,1,0,COMISIONES - COMISIONES (Genérico) a LA CIUDAD DE  LA PLATA Y BUENOS AIRES.,2000000.0,C,1.0,1.0,1.0,,1,0.0
2026,1,134,134,3445,134,1,0,"LOCUCION - LOCUCION (Genérico)
CARNAVAL 14, 15 Y 16 DE FEBRERO",350000.0,C,1.0,1.0,1.0,,1,0.0
2026,1,132,135,3337,135,1,0,REPARACION DE MOTONIVELADORA - REPARACION DE MOTONIVELADORA (Genérico) Pauny BGZ34,2780200.0,C,1.0,1.0,1.0,,1,0.0
2026,1,277,273,850,272,1,0,REACTIVO - MAGLUMI FERRITIN CLIA 100 TEST 2DA GEN,217615.56,C,1.0,1.0,1.0,,1,0.0
2026,1,277,273,850,272,2,0,REACTIVO - MAGLUMI HIV AB/AG COMBI KIT 100 TEST 2DA GEN,1157457.3,C,1.0,1.0,1.0,,1,0.0
2026,1,277,273,850,272,3,0,REACTIVO - TROPONINA CASETTE 20 DET,185385.63,C,1.0,1.0,1.0,,1,0.0
2026,1,277,273,850,272,4,0,PROBE CLEANING - PROBE CLEANSER 50 ML,33320.23,C,1.0,1.0,1.0,,1,0.0
2026,1,277,273,850,272,5,0,PAPEL TERMICO - PAPEL TERMICO ERMOSENSIBLW 57X10 ROLLOS,36372.89,C,1.0,1.0,1.0,,1,0.0
2026,1,526,480,1235,477,2,0,"FOTOCOPIAS - FOTOCOPIAS (Genérico)EXCEDENTES DESDE EL 01/01/2026 AL 31/12/2026, MISMO PRECIO HASTA UN DOLAR DE $ 1.800",60.0,C,70000.0,70000.0,70000.0,,1,0.0
2026,1,524,481,1235,478,1,0,"ALQUILER DE EQUIPOS FOTOCOPIADORES - ALQUILER DE EQUIPOS FOTOCOPIADORES (GENERICO)DESDE EL 01/01/2026 AL 31/12/2026, MISMO PRECIO HASTA UN DOLAR DE $ 1.800",139455.0,C,12.0,12.0,12.0,,1,0.0
2026,1,524,481,1235,478,2,0,"FOTOCOPIAS - FOTOCOPIAS (Genérico)EXCEDENTES DESDE EL 01/01/2026 AL 31/12/2026, MISMO PRECIO HASTA UN DOLAR DE $ 1.800",60.0,C,40000.0,40000.0,40000.0,,1,0.0
2026,1,523,483,1235,480,1,0,"ALQUILER DE EQUIPOS FOTOCOPIADORES - ALQUILER DE EQUIPOS FOTOCOPIADORES (GENERICO)DESDE EL 01/01/2026 AL 31/12/2026, HASTA 5 000 COPIAS, MISMO VALOR HASTA UN DOLAR DE $ 1.800",121325.0,C,12.0,12.0,12.0,,1,0.0
2026,1,523,483,1235,480,2,0,"FOTOCOPIAS - FOTOCOPIAS (Genérico)EXCEDENTES DESDE EL 01/01/2026 AL 31/12/2026,MISMO PRECIO HASTA UN DOLAR DE $ 1.800",60.0,C,1000.0,1000.0,1000.0,,1,0.0
2026,1,522,485,1235,482,1,0,"ALQUILER DE EQUIPOS FOTOCOPIADORES - ALQUILER DE EQUIPOS FOTOCOPIADORES (GENERICO)DESDE EL 01/01/2026 AL 31/12/2026 HASTA 3000 COPIAS,ESTE PRECIO HASTA UN DOLAR DE $ 1.800",139455.0,C,12.0,12.0,12.0,,1,0.0
2026,1,522,485,1235,482,2,0,"FOTOCOPIAS - FOTOCOPIAS (Genérico) EXCEDENTES DESDE EL 01/01/2026 AL 31/12/2026, ESTE PRECIO HASTA UN DOLAR DE $ 1.800",60.0,C,38000.0,38000.0,38000.0,,1,0.0
2026,1,521,487,1235,483,1,0,"ALQUILER DE EQUIPOS FOTOCOPIADORES - ALQUILER DE EQUIPOS FOTOCOPIADORES (GENERICO)DESDE 01/01/2026 AL 31/12/2026 HASTA 5.000 COPIAS, MISMO PRECIO HASTA UN DOLAR DE $ 1.800",139455.0,C,12.0,12.0,12.0,,1,0.0
2026,1,521,487,1235,483,2,0,"FOTOCOPIAS - FOTOCOPIAS (Genérico)EXCEDENTES DESDE EL 01/01/ 2026 AL 31/12/2026, MISMO PRECIO HASTA UN DOLAR DE $ 1.800",60.0,C,8000.0,8000.0,8000.0,,1,0.0
2026,1,559,515,2878,512,1,0,"CERRAJERIA - COPAS DE LLAVES, ACOND CERRADURA LABORATORIO Y FARMACIA",200000.0,C,1.0,1.0,1.0,,1,0.0
2026,1,557,516,441,513,1,0,PEGAMENTO - PEGAMENTO (GENERICO): LA GOTITA TRADICIONAL X 2 ML.,1600.0,C,2.0,2.0,2.0,,1,0.0
2026,1,557,516,441,513,2,0,CARPETA - MATERIAL PLASTICO - COLOR TRANSPARENTE - TAMAÑO 210 X 297 - TIPO A4: CARP. FW BASE OPACA A4 NEGRO.,450.0,C,6.0,6.0,6.0,,1,0.0
2026,1,557,516,441,513,3,0,CORRECTOR DE ESCRITURA - CAPACIDAD 7ml - ENVASE LAPIZ (PUNTA METAL): FILGO.,500.0,C,4.0,4.0,4.0,,1,0.0
2026,1,557,516,441,513,4,0,BROCHE P/ ABROCHADORA - PRESENTACION CAJA X 1000 UNIDADES: 24/6.,2390.0,C,2.0,2.0,2.0,,1,0.0
2026,1,557,516,441,513,5,0,BROCHE P/ ABROCHADORA - BROCHE P/ ABROCHADORA (GENERICO): MIT 21/6.,1900.0,C,2.0,2.0,2.0,,1,0.0
2026,1,557,516,441,513,6,0,ARTICULOS DE LIBRERIA - ARTICULOS DE LIBRERIA (Genérico): BROCHES MAPED 10 X 1000.,720.0,C,2.0,2.0,2.0,,1,0.0
2026,1,553,517,850,514,1,0,TUBO FONDO RED.C/CITRATO - TUBO FONDO RED.C/CITRATO DE SODIO 3.2% PLASTICO VACIO TAPA CELESTE,181.93,C,200.0,200.0,200.0,,1,0.0
2026,1,553,517,850,514,2,0,REACTIVO - HDL COLSTEROL MONOFASE,241207.45,C,1.0,1.0,1.0,,1,0.0
2026,1,553,517,850,514,3,0,SOLUCIONES - SOLUCIONESPACK P/ABL 80,784015.89,C,1.0,1.0,1.0,,1,0.0
2026,1,550,518,1259,515,1,0,BATERIA ESPECIAL - BATERIA ESPECIAL (BATERIA PARA TESTER),13230.0,C,1.0,1.0,1.0,,1,0.0
2026,1,550,518,1259,515,2,0,CABLE TELEFONICO - CABLE TELEFONICO,7850.0,C,1.0,1.0,1.0,,1,0.0
2026,1,550,518,1259,515,3,0,CONECTOR - CONECTOR,418.87,C,10.0,10.0,10.0,,1,0.0
2026,1,550,518,1259,515,4,0,CABLE UTP - CABLE UTP,1699.63,C,30.0,30.0,30.0,,1,0.0
2026,1,544,519,2627,516,1,0,PASTAS FRESCAS - VARIEDAD RAVIOLES RICOTTA X 3 PLANCHAS,3000.0,C,10.0,10.0,10.0,,1,0.0
2026,1,547,520,1259,517,1,0,Pila - Pila (grandes y AAA),78838.92,C,1.0,1.0,1.0,,1,0.0
2026,1,570,521,2700,518,1,0,ANESTESICO - KETAMINA KETONAL  X 50 ML.,27400.0,C,50.0,50.0,50.0,,1,0.0
2026,1,567,522,850,519,1,0,REACTIVO - CELEREST HCG FERTILIDAD TIRAS X 50,28662.56,C,1.0,1.0,1.0,,1,0.0
2026,1,567,522,850,519,2,0,REACTIVO - FECUNTEST STRIP 25 DET,40381.03,C,1.0,1.0,1.0,,1,0.0
2026,1,567,522,850,519,3,0,REACTIVO - COPITA COAGULOMETRO COL 1 Y 2 X 500 40.000.0088 CUBETA X100,268266.23,C,1.0,1.0,1.0,,1,0.0
2026,1,567,522,850,519,4,0,PROBE CLEANING - GOT UV AA LIQUIDA + GPT UV AA LIQUIDA,107324.56,C,2.0,2.0,2.0,,1,0.0
2026,1,567,522,850,519,5,0,REACTIVO - GAMMA TETS CINETICA LIQUIDA 100 ML,68859.41,C,1.0,1.0,1.0,,1,0.0
2026,1,567,522,850,519,6,0,PCR-LATEX DIRECTO 50 det. WIENER - PCR-LATEX  50 det. WIENER,75271.65,C,1.0,1.0,1.0,,1,0.0
2026,1,567,522,850,519,7,0,LDH-P UV UNITEST 20X3ml WIENER - LDH-P UV AA LIQUIDA,78918.41,C,1.0,1.0,1.0,,1,0.0
2026,1,567,522,850,519,8,0,REACTIVO - TIPO ESTANDATROL S E 2 NIVELES 30 ML,241429.52,C,1.0,1.0,1.0,,1,0.0
2026,1,567,522,850,519,9,0,REACTIVO - URINE STRIP 10 PARAMETROS CAJA X 100 TIRAS,37008.42,C,4.0,4.0,4.0,,1,0.0
2026,1,567,522,850,519,10,0,REACTIVO - SOLUPLASTIN 10 X2 ML,95965.48,C,2.0,2.0,2.0,,1,0.0
2026,1,567,522,850,519,11,0,REACTIVO - TRILEVEL DIESTRO CONTROL,150802.47,C,1.0,1.0,1.0,,1,0.0
2026,1,567,522,850,519,12,0,REACTIVO - PRESUPUESTO,200.0,C,1.0,1.0,1.0,,1,0.0
2026,1,564,523,2843,520,1,0,CEBOLLA - CEBOLLA (Genérico),1180.0,C,110.0,110.0,110.0,,1,0.0
2026,1,564,523,2843,520,2,0,ZAPALLO - ZAPALLO (Genérico),2000.0,C,110.0,110.0,110.0,,1,0.0
2026,1,564,523,2843,520,3,0,ZANAHORIA - ZANAHORIA (Genérico),2000.0,C,110.0,110.0,110.0,,1,0.0
2026,1,564,523,2843,520,4,0,acelga - acelga (Genérico),2000.0,C,110.0,110.0,110.0,,1,0.0
2026,1,564,523,2843,520,5,0,PAPAS X BOLSITAS DE 2 Kg. - PAPAS X BOLSITAS DE 1 Kg. (Genérico),1500.0,C,27.0,27.0,27.0,,1,0.0
2026,1,564,523,2843,520,6,0,HUEVOS DE GALLINA COLOR - HUEVOS DE GALLINA COLOR (Genérico),3500.0,C,62.0,62.0,62.0,,1,0.0
2026,1,564,523,2843,520,7,0,MANZANA - MANZANA (Genérico),3500.0,C,98.0,98.0,98.0,,1,0.0
2026,1,564,523,2843,520,8,0,NARANJA - NARANJA (Genérico),2500.0,C,28.0,28.0,28.0,,1,0.0
2026,1,650,616,2810,614,1,0,CIERRE - CIERRE (GENERICO),1000.0,C,2.0,2.0,2.0,,1,0.0
2026,1,650,616,2810,614,2,0,"AGUJA - AGUJA (Genérico)
- 6 agujas punta bolita $ 3.900-
- 6 agujas común $ 3.600-
",7500.0,C,1.0,1.0,1.0,,1,0.0
2026,1,650,616,2810,614,3,0,ENTRETELA PEGAR - ENTRETELA PEGAR (Genérico),2000.0,C,0.5,0.5,0.5,,1,0.0
2026,1,650,616,2810,614,4,0,HILO - HILO (Genérico) cono,2100.0,C,1.0,1.0,1.0,,1,0.0
2026,1,650,616,2810,614,5,0,TELA IMPERMEABILIZADA - TELA IMPERMEABILIZADA (GENERICO),13800.0,C,1.0,1.0,1.0,,1,0.0
2026,1,650,616,2810,614,6,0,TELA DE AVION - TELA DE AVION (GENERICO) silver sire,3750.0,C,1.0,1.0,1.0,,1,0.0
2026,1,650,616,2810,614,7,0,"ARTICULOS DE MERCERIA - ARTICULOS DE MERCERIA (Genérico)
carritos para cierre",500.0,C,10.0,10.0,10.0,,1,0.0
2026,1,650,616,2810,614,8,0,RASO - RASO (GENERICO),900.0,C,4.0,4.0,4.0,,1,0.0
2026,1,648,617,300,615,1,0,"Mecha p/ madera - Mecha p/ madera (Genérico)
- 2 mechas de 4 mm $ 5.072-
- 2 mechas de 6 mm $ 7.578-",12650.0,C,1.0,1.0,1.0,,1,0.0
2026,1,648,617,300,615,2,0,Bisagra - Bisagra (Genérico),360.0,C,2.0,2.0,2.0,,1,0.0
2026,1,648,617,300,615,3,0,CANDADO - CANDADO (GENERICO),2870.0,C,1.0,1.0,1.0,,1,0.0
2026,1,648,617,300,615,4,0,TORNILLOS - TORNILLOS (Genérico) mito  19x16,23.0,C,15.0,15.0,15.0,,1,0.0
2026,1,648,617,300,615,5,0,"CLAVOS - ACCESORIO clavos P.P.
1 bolsa de 1 1/2",5100.0,C,1.0,1.0,1.0,,1,0.0
2026,1,648,617,300,615,6,0,TORNILLOS - ACCESORIO 8x2 caja de 200,11781.0,C,1.0,1.0,1.0,,1,0.0
2026,1,648,617,300,615,7,0,DISCO FLAPP - DISCO FLAPP (Genérico),4750.0,C,7.0,7.0,7.0,,1,0.0
2026,1,648,617,300,615,8,0,TARUGOS Nº 8 - TARUGOS Nº 8 (Genérico)5x10,98.0,C,10.0,10.0,10.0,,1,0.0
2026,1,651,611,2330,609,5,0,AGUA DESTILADA - AGUA DESTILADA (GENERICO),6000.0,C,15.0,15.0,15.0,,1,0.0
2026,1,651,611,2330,609,6,0,Aceite dos tiempos - Aceite dos tiempos (Genérico),13000.0,C,10.0,10.0,10.0,,1,0.0
2026,1,649,612,2810,610,1,0,POLIPROPILENO - POLIPROPILENO (Genérico),2026.666,C,7.5,7.5,7.5,,1,0.0
2026,1,649,612,2810,610,2,0,ARPILLERA - ARPILLERA (GENERICO),5900.0,C,2.0,2.0,2.0,,1,0.0
2026,1,649,612,2810,610,3,0,LANA CASHMILON - LANA CASHMILON (Genérico),4560.0,C,2.0,2.0,2.0,,1,0.0
2026,1,649,612,2810,610,4,0,HILO DE POLIESTER - HILO DE POLIESTER (GENERICO),4200.0,C,1.0,1.0,1.0,,1,0.0
2026,1,649,612,2810,610,5,0,HILO - HILO (Genérico)sisal,3100.0,C,1.0,1.0,1.0,,1,0.0
2026,1,649,612,2810,610,6,0,SILICONA LIQUIDA - SILICONA LIQUIDA (Genérico),3400.0,C,4.0,4.0,4.0,,1,0.0
2026,1,649,612,2810,610,7,0,HILO DE ALGODON - HILO DE ALGODON (GENERICO),38000.0,C,0.15,0.15,0.15,,1,0.0
2026,1,634,613,441,611,1,0,CARP. FUELLE FW A4 - CARP. FUELLE FW A4 (Genérico),450.0,C,36.0,36.0,36.0,,1,0.0
2026,1,635,614,19,612,1,0,MENSULAS - MENSULAS (Genérico),367.0,C,2.0,2.0,2.0,,1,0.0
2026,1,635,614,19,612,2,0,TORNILLOS - TORNILLOS (Genérico) 4x2,20.0,C,10.0,10.0,10.0,,1,0.0
2026,1,635,614,19,612,3,0,LAPIZ DE CARPINTERO - LAPIZ DE CARPINTERO (GENERICO),4000.0,C,3.0,3.0,3.0,,1,0.0
2026,1,636,615,1603,613,1,0,PAN - TIPO FELIPE (FLAUTA) - PRESENTACION POR KILO,2200.0,C,30.0,30.0,30.0,,1,0.0
2026,1,696,641,2674,639,1,0,CINTA P/VALLADO - TIPO PELIGRO - ANCHO 8Cm - LARGO 200m - MATERIAL POLIETILENO.  4 mil metros cinta roja prohibido pasar.,93500.0,C,4.0,4.0,4.0,,1,0.0
2026,1,696,641,2674,639,2,0,CINTA P/VALLADO - CINTA P/VALLADO (GENERICO)1400 mts cinta verde ingreso permitido.,93500.0,C,1.4,1.4,1.4,,1,0.0
2026,1,674,642,3177,640,1,0,"SOFTWARE ESPECIFICO - SOFTWARE ESPECIFICO (GENERICO)
ABONO MENSUAL ESTIMADO DE 10 ENTRADAS MAS IVA
",150000.0,C,12.0,12.0,12.0,,1,0.0
2026,1,998,946,3322,941,1,0,DESENGRASANTE CREMOSO X 5 - PERACETICO SUTTER (AGRASAN 20KG),215398.83,C,1.0,1.0,1.0,,1,0.0
2026,1,998,946,3322,941,2,0,JABON P/LAVAR ROPA - SKIP NEUTRALIZING BOOST U PRO X20LT,135744.39,C,1.0,1.0,1.0,,1,0.0
2026,1,998,946,3322,941,3,0,JABON P/LAVAR ROPA - SKIP ENZYMES POWER U PRO 20LTS,246886.81,C,1.0,1.0,1.0,,1,0.0
2026,1,998,946,3322,941,4,0,CLORO - CLORO ACQUAPOL 5LT,7284.2,C,4.0,4.0,4.0,,1,0.0
2026,1,1006,947,1603,942,1,0,PAN - TIPO FELIPE (FLAUTA) - PRESENTACION POR KILO,2400.0,C,27.0,27.0,27.0,,1,0.0
2026,1,1009,948,2330,943,1,0,DIESEL 500 - DIESEL 500  (Genérico),2000.0,C,500.0,500.0,500.0,,1,0.0
2026,1,1009,948,2330,943,2,0,NAFTA SUPER - NAFTA SUPER (Genérico),2000.0,C,500.0,500.0,500.0,,1,0.0
2026,1,1009,948,2330,943,3,0,INFINIA DIESEL - INFINIA DIESEL  (Genérico),2000.0,C,500.0,500.0,500.0,,1,0.0
2026,1,1009,948,2330,943,4,0,NAFTA INFINIA - NAFTA INFINIA  (Genérico),2000.0,C,500.0,500.0,500.0,,1,0.0
2026,1,1009,948,2330,943,5,0,AGUA DESTILADA - AGUA DESTILADA (GENERICO),15000.0,C,30.0,30.0,30.0,,1,0.0
2026,1,1009,948,2330,943,6,0,Aceite dos tiempos - Aceite dos tiempos (Genérico),30000.0,C,10.0,10.0,10.0,,1,0.0
2026,1,1008,950,1206,944,1,0,"MONITOR DE 17 "" - MONITOR DE 18"" (Genérico) 18.5""PHILIPS 193VSLHB2/55 HD,VGA-HDMI 16.9",130000.0,C,1.0,1.0,1.0,,1,0.0
2026,1,1008,950,1206,944,2,0,COMBO TECLADO Y MOUSE INALAMBRICO - COMBO TECLADO Y MOUSE INALAMBRICO (Genérico)LOGITECH MK120 USB NEGRO (920-004428),35000.0,C,1.0,1.0,1.0,,1,0.0
2026,1,991,951,2770,946,1,0,FUENTE ALIMEN.P/COMPUTACION - FUENTE ALIMEN.P/COMPUTACION (GENERICO) ATX 550W Performance,32500.0,C,1.0,1.0,1.0,,1,0.0
2026,1,1010,953,688,948,1,0,BATERIA PARA  VEHICULO - BATERIA PARA  VEHICULO (para 3 vehiculos diferentes),162333.333,C,3.0,3.0,3.0,,1,0.0
2026,1,989,956,216,951,1,0,BOLSA DE RESIDUOS - BOLSA DE RESIDUOS (GENERICO) 25X35X100,3000.0,C,3.0,3.0,3.0,,1,0.0
2026,1,989,956,216,951,2,0,"BOLSA DE RESIDUOS - DIMENSION 50 X 60Cm - PRESENTACION EN ROLLOS X 24,600 KGS. - ESPESOR 30 MICRONES - COLOR VARIADO",11500.0,C,6.0,6.0,6.0,,1,0.0
2026,1,989,956,216,951,3,0,BOLSA DE RESIDUOS - DIMENSION 60 X 90Cm - PRESENTACION BOLSA X 10 - ESPESOR 30Mn - COLOR OSCURO.,6500.0,C,5.0,5.0,5.0,,1,0.0
2026,1,989,956,216,951,4,0,BOLSA DE RESIDUOS - DIMENSION 40 X 60Cm - PRESENTACION BOLSA X 30. - ESPESOR 5 - COLOR VARIADO,7000.0,C,10.0,10.0,10.0,,1,0.0
2026,1,988,957,1259,953,1,0,Lampara led - Lampara led (Genérico) HI-POWER 50W,19807.86,C,1.0,1.0,1.0,,1,0.0
2026,1,988,957,1259,953,2,0,LAMPARA - LAMPARA (Genérico) LEDBULB 9w E27,2814.0,C,6.0,6.0,6.0,,1,0.0
2026,1,988,957,1259,953,3,0,FOTOCELULA - FOTOCELULA (Genérico),17278.8,C,1.0,1.0,1.0,,1,0.0
2026,1,1014,967,2001,962,1,0,MEDICAMENTOS - MEDICAMENTOS DISPENSADOS DESDE EL 03/12/25 AL 21/02/26,654621.78,C,1.0,1.0,1.0,,1,0.0
2026,1,1041,968,2310,963,1,0,SOBRECHAPA - CH LAF C18 1.25 MM,93195.28,C,1.0,1.0,1.0,,1,0.0
2026,1,1041,968,2310,963,2,0,SERVICIO DE ACARREO - SERVICIO DE ACARREO,100.0,C,9.0,9.0,9.0,,1,0.0
2026,1,1027,969,2216,964,1,0,"REP.AIRE ACONDICIONADO - CAMBIO COMPRESOR
CAMBIO CONDENSADOR (ADAPTADO X UNO MAS GRANDE)
LIMPIEZA CAÑERIA CON GAS LIMPIANTE 
LIMPIEZA DE VALVULAS EXPNSION X 2
LIMPIEZA DE EVAPORADOR CON GAS LIMPIANTE X 2
PRUEBA PRESION 
CARGA DE GAS EQUIPO DOBLE 
CARGA ACEITE EQU DOBLE
REVISION FILTRO HABITACULO
RECORRIDO ELECTRICO (FALTA DE ALIMENTACION EQUIPO TRASERO) CAMBIO DE TECLA DE RESISTENCIA DE ELECTRO VENTILADOR DE MOTOR",2847000.0,C,1.0,1.0,1.0,,1,0.0
2026,1,1028,970,3322,965,1,0,JABON LIQUIDO - SKIP AÑKALINE SCOSTER PRO X 20 LITROS,93120.78,C,1.0,1.0,1.0,,1,0.0
2026,1,1028,970,3322,965,2,0,JABON P/LAVAR ROPA - SKIP ENZYNE POWER U POR X 20 LITROS,228598.89,C,1.0,1.0,1.0,,1,0.0
2026,1,1028,970,3322,965,3,0,JABON P/LAVAR ROPA - ALA BLANCO BOOSTER X 20 LTS,67904.15,C,1.0,1.0,1.0,,1,0.0
2026,1,1028,970,3322,965,4,0,DESODORANTE DE AMBIENTE - PERACETICO SUTTER X 20 KG,208222.02,C,1.0,1.0,1.0,,1,0.0
2026,1,1028,970,3322,965,5,0,PAPEL EN BOBINA - BOBINA LIMPIEZA 1003 FELPITA X 360,28876.4,C,3.0,3.0,3.0,,1,0.0
2026,1,1028,970,3322,965,6,0,TOALLAS DE  PAPEL PARA COCINA - TOALLAS MANO 1026 FELPITA HS 4 X 200 MTS,24908.08,C,3.0,3.0,3.0,,1,0.0
2026,1,1028,970,3322,965,7,0,PAPEL HIGIENICO PARA DISPENSER - PAPEL HIGIENICO 1046 FELPITA 8 X 300,21410.15,C,2.0,2.0,2.0,,1,0.0
2026,1,1028,970,3322,965,8,0,CIF Anti Grasa D Pack - CIF DETERGENTE ACTIVE NEUTRO X 5 LTROS,17786.96,C,1.0,1.0,1.0,,1,0.0
2026,1,1028,970,3322,965,9,0,FRANELA - REPASADOR DE MICROFIBRA MEDIA NARANJA,3492.33,C,3.0,3.0,3.0,,1,0.0
2026,1,1030,971,2209,966,1,0,ACEITE COMESTIBLE - ACEITE RICOLEO 5LT,13499.0,C,15.0,15.0,15.0,,1,0.0
2026,1,1030,971,2209,966,2,0,ARROZ - ARROZ AMANDA 10 X1KG,18150.0,C,4.0,4.0,4.0,,1,0.0
2026,1,1030,971,2209,966,3,0,ARVEJAS - ARVEJAS INALPA 350G,515.0,C,48.0,48.0,48.0,,1,0.0
2026,1,1030,971,2209,966,4,0,ATUN - ATUN DES SYP 170G,1590.0,C,48.0,48.0,48.0,,1,0.0
2026,1,1030,971,2209,966,5,0,AZUCAR - AZUCAR 10KG,10900.0,C,4.0,4.0,4.0,,1,0.0
2026,1,1030,971,2209,966,6,0,AZUCAR - AZUCAR LEDESMA X1000 SOBRES,21990.0,C,1.0,1.0,1.0,,1,0.0
2026,1,1030,971,2209,966,7,0,CAFE - CAFE DOLCA X170,6999.0,C,12.0,12.0,12.0,,1,0.0
2026,1,1030,971,2209,966,8,0,CHOCLO - CHOCLO INALPA X350,1099.0,C,72.0,72.0,72.0,,1,0.0
2026,1,1030,971,2209,966,9,0,EDULCORANTE ARTIFICIAL - EDULCORANTE CHUKER X250,2099.0,C,18.0,18.0,18.0,,1,0.0
2026,1,1030,971,2209,966,10,0,EDULCORANTE ARTIFICIAL - EDULCORANTE EN SOBRES X500,9999.0,C,3.0,3.0,3.0,,1,0.0
2026,1,1030,971,2209,966,11,0,HARINA - HARINA CAÑUELAS 10 X1KG,7900.0,C,1.0,1.0,1.0,,1,0.0
2026,1,1030,971,2209,966,12,0,HARINA - HARINA PUREZA LEUDANTE 10 X1KG,12990.0,C,1.0,1.0,1.0,,1,0.0
2026,1,1030,971,2209,966,13,0,LECHE - LECHE EN POLVO X25KG,340599.98,C,1.0,1.0,1.0,,1,0.0
2026,1,1030,971,2209,966,14,0,LENTEJAS - LENTEJA 400G,1289.0,C,10.0,10.0,10.0,,1,0.0
2026,1,1030,971,2209,966,15,0,MATE COCIDO EN SAQUITOS - MATE COCIDO AMANDA X25,899.0,C,10.0,10.0,10.0,,1,0.0
2026,1,1030,971,2209,966,16,0,ADEREZOS - MAYONESA DANICA X2900,8500.0,C,4.0,4.0,4.0,,1,0.0
2026,1,1030,971,2209,966,17,0,ADEREZOS - MOSTAZA DANICA X2900,8050.0,C,1.0,1.0,1.0,,1,0.0
2026,1,1030,971,2209,966,18,0,PURE DE TOMATE - PURE DE TOMATE  VIGENTE X12,6500.0,C,2.0,2.0,2.0,,1,0.0
2026,1,1030,971,2209,966,19,0,SAL - SAL FINA EN SOBRES X1000,17499.0,C,2.0,2.0,2.0,,1,0.0
2026,1,1030,971,2209,966,20,0,TE - TE ROSAMONTE X500,599.0,C,50.0,50.0,50.0,,1,0.0
2026,1,1030,971,2209,966,21,0,GALLETITAS - VAINILLAS X160GR,1089.0,C,10.0,10.0,10.0,,1,0.0
2026,1,1030,971,2209,966,22,0,QUESO - MOZZARELLA SOBRERO,8500.0,C,12.205,12.205,12.205,,1,0.0
2026,1,1030,971,2209,966,23,0,QUESO - BARRA ILOLAY,11900.0,C,3.29,3.29,3.29,,1,0.0
2026,1,1030,971,2209,966,24,0,QUESO - CREMOSO CREMAR,8500.0,C,8.405,8.405,8.405,,1,0.0
2026,1,1030,971,2209,966,25,0,FIAMBRE - FIAMBRE DE CERDO COCIDO CAGNOLI,8900.0,C,6.045,6.045,6.045,,1,0.0
2026,1,1030,971,2209,966,26,0,CONDIMENTOS - PIMIENTA BLANCA 1KG,48000.0,C,1.0,1.0,1.0,,1,0.0
2026,1,1030,971,2209,966,27,0,CONDIMENTOS - PROVENZAL 1KG,13900.0,C,2.0,2.0,2.0,,1,0.0
2026,1,1030,971,2209,966,28,0,Grasa vacuna - GRASA HDK 10KG,43999.0,C,1.0,1.0,1.0,,1,0.0
2026,1,1030,971,2209,966,29,0,AGUA MINERAL - AGUA SIERRA DE LOS PADRES 2LT,10899.0,C,12.0,12.0,12.0,,1,0.0
2026,1,1030,971,2209,966,30,0,"AGUA MINERAL - LEVITE NARANJA X1,500",1989.0,C,21.0,21.0,21.0,,1,0.0
2026,1,1031,972,2209,967,1,0,QUESO - CREMOSO CREMAC,8500.0,C,4.245,4.245,4.245,,1,0.0
2026,1,1031,972,2209,967,2,0,QUESO - MOZZARELLA SOBRERO,8500.0,C,25.365,25.365,25.365,,1,0.0
2026,1,1031,972,2209,967,3,0,ARROZ - ARROZ GALLO 5KG,10450.0,C,1.0,1.0,1.0,,1,0.0
2026,1,1031,972,2209,967,4,0,GELATINA - GELATINA VARIOS GUSTOS 5KG ORLOC,31500.0,C,1.0,1.0,1.0,,1,0.0
2026,1,1031,972,2209,967,5,0,FLAN - FLAN ORLOC VAINILLA 5KG,29000.0,C,1.0,1.0,1.0,,1,0.0
2026,1,1031,972,2209,967,6,0,TE - TE ROSAMONTE 500GRS,599.0,C,20.0,20.0,20.0,,1,0.0
2026,1,1031,972,2209,967,7,0,ACEITE COMESTIBLE - ACEITE RICOLEO 5LT,13499.0,C,5.0,5.0,5.0,,1,0.0
2026,1,1031,972,2209,967,8,0,LECHE - LECHE EN POLVO 25KG,340599.98,C,2.0,2.0,2.0,,1,0.0
2026,1,1032,973,3322,968,1,0,DESENGRASANTE CREMOSO X 5 - PERACETICO SUTTER (AGRASAN 20KG),215398.83,C,1.0,1.0,1.0,,1,0.0
2026,1,1032,973,3322,968,2,0,JABON P/LAVAR ROPA - SKIP ALKALINE BOOSTER U PRO 20LTS,101501.64,C,1.0,1.0,1.0,,1,0.0
2026,1,1032,973,3322,968,3,0,JABON P/LAVAR ROPA - SKIP NEUTRALIZING BOOST U PRO 20LTS,135744.39,C,1.0,1.0,1.0,,1,0.0
2026,1,1032,973,3322,968,4,0,JABON P/LAVAR ROPA - SKIP ENZYMES POWER U PRO 20LTS,246886.81,C,1.0,1.0,1.0,,1,0.0
2026,1,1032,973,3322,968,5,0,JABON P/LAVAR ROPA - ALA BLANQ CHLO BOOSTER 20LTS,74694.57,C,2.0,2.0,2.0,,1,0.0
2026,1,1034,974,441,969,1,0,APRIETA PAPEL - EZCO 50MM - RESORTE CON.,630.0,C,2.0,2.0,2.0,,1,0.0
2026,1,1034,974,441,969,2,0,ARTICULOS DE LIBRERIA - PRECINTO PLASTICO 3.6 X 100,1700.0,C,1.0,1.0,1.0,,1,0.0
2026,1,1034,974,441,969,3,0,FOLIO TRANSPARENTE - TAMAÑO OFICIO - MATERIAL PVC RIGIDO. X 100,6799.99,C,3.0,3.0,3.0,,1,0.0
2026,1,1034,974,441,969,4,0,PERFORADORA - PERFORADORA MAPE 10/12,6600.01,C,1.0,1.0,1.0,,1,0.0
2026,1,1034,974,441,969,5,0,BROCHE P/ ABROCHADORA - BROCHEX 100 N° 4,2068.0,C,1.0,1.0,1.0,,1,0.0
2026,1,1034,974,441,969,6,0,ABROCHADORA PAPELES - MAPED 10 2611,4800.0,C,1.0,1.0,1.0,,1,0.0
2026,1,1034,974,441,969,7,0,CARAMELOS - MISKY MAST. PESO 800 GRS.,6740.0,C,1.0,1.0,1.0,,1,0.0
2026,1,1034,974,441,969,8,0,BOLSA PP 10 x 15 x 100 - BOLSA PP 10 x 15 x 100,650.91,C,1.0,1.0,1.0,,1,0.0
2026,1,1034,974,441,969,9,0,MARCADORES -  COLOR NEGRO. SHARPIE FINO,2160.01,C,3.0,3.0,3.0,,1,0.0
2026,1,1034,974,441,969,10,0,PUNZON - PUNZON MADERA,380.0,C,2.0,2.0,2.0,,1,0.0
2026,1,1034,974,441,969,11,0,PLATO P/ SERVIR COMIDAS - PLATO ALUMINIO 1 PROV,202.0,C,50.0,50.0,50.0,,1,0.0
2026,1,1034,974,441,969,12,0,LAMINA A/D - LAMINA A/D 20X25X1000 GRS,4900.0,C,1.0,1.0,1.0,,1,0.0
2026,1,1034,974,441,969,13,0,LIBROS OFICIALES - LIBROS OFICIALES A-Z,5360.0,C,2.0,2.0,2.0,,1,0.0
2026,1,1034,974,441,969,14,0,REGLA - EGLAS MAPED 30 CM.,2100.0,C,2.0,2.0,2.0,,1,0.0
2026,1,1034,974,441,969,15,0,TIJERA -  tijera Maped Super 17cm,2400.0,C,1.0,1.0,1.0,,1,0.0
2026,1,1034,974,441,969,16,0,Sobre manila Oficio caja x 250 unidad - SOBRE MANILA 24X3X1,140.0,C,50.0,50.0,50.0,,1,0.0
2026,1,1033,976,3322,971,1,0,JABON P/LAVAR ROPA - ALA BLANQ CHLO BOOSTER 20L,74694.57,C,1.0,1.0,1.0,,1,0.0
2026,1,1033,976,3322,971,2,0,JABON P/LAVAR ROPA - SKIP ALKALINE BOOSTER U PRO 20L,101501.64,C,1.0,1.0,1.0,,1,0.0
2026,1,1033,976,3322,971,3,0,JABON P/LAVAR ROPA - SKIP ENZYMES POWER U PRO 20L,246886.81,C,1.0,1.0,1.0,,1,0.0
2026,1,1033,976,3322,971,4,0,JABON P/LAVAR ROPA - SKIP NEUTRALIZING BOOST U PRO 20L,135744.39,C,1.0,1.0,1.0,,1,0.0
2026,1,1033,976,3322,971,5,0,DESENGRASANTE CREMOSO X 5 - PERACETICO SUTTER (AGRASAN 20KG),215398.83,C,1.0,1.0,1.0,,1,0.0
2026,1,1038,977,441,972,1,0,ROLLO A/D - 40 X60 Y 35X45,4150.0,C,2.99,2.99,2.99,,1,0.0
2026,1,1038,977,441,972,2,0,ROLLO A/D - ROLLO A/D 15X25  500 GRS,3000.0,C,1.0,1.0,1.0,,1,0.0
2026,1,1038,977,441,972,3,0,PAPEL FILM PVC Rolopack 380 x 300 mts - PAPEL FILM PVC Rolopack 380 x 300 mts,13000.0,C,1.0,1.0,1.0,,1,0.0
2026,1,1038,977,441,972,4,0,ARTICULOS DE LIBRERIA - ROLLO ALUMINIO ALUMAX 1 KG,9890.0,C,1.0,1.0,1.0,,1,0.0
2026,1,1037,978,1259,973,1,0,PROLONGADOR - PROLONGADOR 4 TOMAS 1.5 MTS,23144.8,C,1.0,1.0,1.0,,1,0.0
2026,1,1037,978,1259,973,2,0,PROLONGADOR - PROLONGADOR 6 TOMAS 1.5 MTS,25688.6,C,1.0,1.0,1.0,,1,0.0
2026,1,1037,978,1259,973,3,0,PILA SECA - PILA  AAA -ENERGIZER MAX,2164.4,C,10.0,10.0,10.0,,1,0.0
2026,1,1037,978,1259,973,4,0,PILA SECA - PILA  AA - ENERGIZER MAX,1860.6,C,10.0,10.0,10.0,,1,0.0
2026,1,1029,979,2330,974,1,0,DIESEL 500 - DIESEL 500  (Genérico),1800.0,C,800.0,800.0,800.0,,1,0.0
2026,1,1029,979,2330,974,2,0,INFINIA DIESEL - INFINIA DIESEL  (Genérico),2000.0,C,800.0,800.0,800.0,,1,0.0
2026,1,1029,979,2330,974,3,0,NAFTA SUPER - NAFTA SUPER (Genérico),1800.0,C,800.0,800.0,800.0,,1,0.0
2026,1,1029,979,2330,974,4,0,NAFTA INFINIA - NAFTA INFINIA  (Genérico),2100.0,C,800.0,800.0,800.0,,1,0.0
2026,1,1036,981,1810,976,1,0,MANTENIMIENTO DE EQUIPOS DE REFRIGERACION - SERVICE + RECARGA DE REFRIGERANTE DE AA,140000.0,C,1.0,1.0,1.0,,1,0.0
2026,1,1035,983,2627,978,1,0,PASTAS FRESCAS - FIDEOS SOPEROS KG,3200.0,C,4.0,4.0,4.0,,1,0.0
2026,1,1035,983,2627,978,2,0,TAPA PASCUALINA - PASCUALINA,600.0,C,1.0,1.0,1.0,,1,0.0
2026,1,143,136,413,136,1,0,REPARACION DE CAMION - CAMIONETA - DESCRIPCION MANO DE OBRA: DESARME Y ARME 195/55/15.,20000.0,C,2.0,2.0,2.0,,1,0.0
2026,1,144,139,441,139,1,0,PAPEL FILM PVC Rolopack 380 x 300 mts - PAPEL FILM PVC Rolopack 380 x 300 mts (Genérico),12000.01,C,4.0,4.0,4.0,,1,0.0
2026,1,144,139,441,139,2,0,Pote Nat. 1/4 kg - Pote Nat. 1/4 kg (Genérico): BEMIS X 100.,4800.0,C,20.0,20.0,20.0,,1,0.0
2026,1,144,139,441,139,3,0,ARTICULOS DE LIBRERIA - ARTICULOS DE LIBRERIA (Genérico): TAPA BEMIS T88 X 100.,3000.0,C,20.0,20.0,20.0,,1,0.0
2026,1,144,139,441,139,4,0,ARTICULOS DE LIBRERIA - ARTICULOS DE LIBRERIA (Genérico): CUCHARA SUNDAE PLAST X 1000.,11200.0,C,2.0,2.0,2.0,,1,0.0
2026,1,144,139,441,139,5,0,ROLLO A/D - ROLLO A/D (Genérico): 20X 30.,3869.0,C,1.51,1.51,1.51,,1,0.0
2026,1,144,139,441,139,6,0,ROLLO A/D - ACCESORIO 30x40,3869.0,C,1.53,1.53,1.53,,1,0.0
2026,1,144,139,441,139,7,0,CUCHILLO - CUCHILLO (GENERICO): PLASTICO X 1000.,20849.99,C,1.0,1.0,1.0,,1,0.0
2026,1,144,139,441,139,8,0,TENEDOR - TENEDOR (GENERICO): PLAST. X 1000.,20850.01,C,1.0,1.0,1.0,,1,0.0
2026,1,145,142,2450,143,1,0,PAPA - PAPA (GENERICO),1500.0,C,520.0,520.0,520.0,,1,0.0
2026,1,145,142,2450,143,2,0,CEBOLLA - CEBOLLA (GENERICO),1500.0,C,144.0,144.0,144.0,,1,0.0
2026,1,145,142,2450,143,3,0,ZANAHORIA - ZANAHORIA (GENERICO),1800.0,C,140.0,140.0,140.0,,1,0.0
2026,1,145,142,2450,143,4,0,TOMATE - TOMATE (GENERICO),2000.0,C,134.0,134.0,134.0,,1,0.0
2026,1,145,142,2450,143,5,0,LECHUGA - LECHUGA (GENERICO),5000.0,C,22.0,22.0,22.0,,1,0.0
2026,1,145,142,2450,143,6,0,MORRON - MORRON (GENERICO): ROJO.,6000.0,C,33.0,33.0,33.0,,1,0.0
2026,1,145,142,2450,143,7,0,CEBOLLA - TIPO DE VERDEO - ESTADO NATURAL - PRESENTACION ATADO - PESO 350 GRS.,2800.0,C,17.0,17.0,17.0,,1,0.0
2026,1,145,142,2450,143,8,0,LIMON - LIMON (GENERICO),6000.0,C,30.0,30.0,30.0,,1,0.0
2026,1,145,142,2450,143,9,0,REMOLACHA - REMOLACHA (GENERICO),2800.0,C,27.0,27.0,27.0,,1,0.0
2026,1,145,142,2450,143,10,0,BATATA - BATATA (GENERICO),2500.0,C,45.0,45.0,45.0,,1,0.0
2026,1,145,142,2450,143,11,0,"ZAPALLITO - TIPO VERDE, VARIEDAD REDONDA, TAMAÑO PAREJO - PRESENTACION POR KILO.",2000.0,C,84.0,84.0,84.0,,1,0.0
2026,1,145,142,2450,143,12,0,ZAPALLO - ZAPALLO (GENERICO): ZUCCHINI.,2400.0,C,64.0,64.0,64.0,,1,0.0
2026,1,145,142,2450,143,13,0,REPOLLO - REPOLLO (GENERICO),2600.0,C,6.0,6.0,6.0,,1,0.0
2026,1,145,142,2450,143,14,0,ALBAHACA - ALBAHACA (Genérico),1200.0,C,7.0,7.0,7.0,,1,0.0
2026,1,145,142,2450,143,15,0,"BERENJENA - TAMAÑO PAREJO DE 180 A 200 GRS. C/U, PRESENTACION X KILO",2500.0,C,12.0,12.0,12.0,,1,0.0
2026,1,145,142,2450,143,16,0,PUERRO - PUERRO (GENERICO),2800.0,C,5.0,5.0,5.0,,1,0.0
2026,1,145,142,2450,143,17,0,APIO - APIO (GENERICO),2800.0,C,4.0,4.0,4.0,,1,0.0
2026,1,145,142,2450,143,18,0,Alimentos para persomas - Alimentos para persomas (Genérico): RUCULA.,1500.0,C,4.0,4.0,4.0,,1,0.0
2026,1,145,142,2450,143,19,0,TOMATE - TIPO CHERRY.,5000.0,C,1.0,1.0,1.0,,1,0.0
2026,1,145,142,2450,143,20,0,PEREJIL - PEREJIL (GENERICO),2800.0,C,15.0,15.0,15.0,,1,0.0
2026,1,145,142,2450,143,21,0,ZAPALLO - TIPO CALABAZA - PRESENTACION ENTERO.,2500.0,C,127.0,127.0,127.0,,1,0.0
2026,1,145,142,2450,143,22,0,ACELGA - ACELGA (GENERICO),2500.0,C,100.0,100.0,100.0,,1,0.0
2026,1,145,142,2450,143,23,0,AJO - AJO (GENERICO),1200.0,C,36.0,36.0,36.0,,1,0.0
2026,1,20,15,117,15,1,0,Pote Nat. 1/4 kg - Pote Nat. 1/4 kg X 100 marca work,5200.0,C,400.0,400.0,400.0,,1,0.0
2026,1,20,15,117,15,2,0,"BANDEJA PLASTICA DESCARTABLE - BANDEJA PLASTICA DESCARTABLE 103 CAJA X 100 WORK 
",5700.0,C,400.0,400.0,400.0,,1,0.0
2026,1,20,15,117,15,3,0,CUBIERTO PLASTICO DESCARTABLE - MATERIAL POLIESTIRENO -  CUCHARA BOLSA X 1000 - KOVALPLAST,25000.0,C,32.0,32.0,32.0,,1,0.0
2026,1,145,142,2450,143,24,0,CHAUCHA - CHAUCHA (GENERICO),4500.0,C,5.0,5.0,5.0,,1,0.0
2026,1,145,142,2450,143,25,0,BANANA - BANANA (GENERICO),3500.0,C,272.0,272.0,272.0,,1,0.0
2026,1,145,142,2450,143,26,0,MANZANA - MANZANA (GENERICO); ROJA.,3000.0,C,222.0,222.0,222.0,,1,0.0
2026,1,145,142,2450,143,27,0,PERA - PERA (GENERICO),3500.0,C,140.0,140.0,140.0,,1,0.0
2026,1,145,142,2450,143,28,0,MANZANA - TIPO VERDE (GRANNY SMITH) - PRESENTACION X KILO,4000.0,C,53.0,53.0,53.0,,1,0.0
2026,1,145,142,2450,143,29,0,DURAZNO - DURAZNO (GENERICO),4000.0,C,120.0,120.0,120.0,,1,0.0
2026,1,145,142,2450,143,30,0,NARANJA - NARANJA (GENERICO),2000.0,C,100.0,100.0,100.0,,1,0.0
2026,1,145,142,2450,143,31,0,SANDIA - SANDIA (GENERICO),1500.0,C,24.0,24.0,24.0,,1,0.0
2026,1,145,142,2450,143,32,0,FRUTILLAS - FRUTILLAS (Genérico),8000.0,C,6.0,6.0,6.0,,1,0.0
2026,1,145,142,2450,143,33,0,CIRUELA - CIRUELA (GENERICO),4500.0,C,2.0,2.0,2.0,,1,0.0
2026,1,145,142,2450,143,34,0,MELON - PRESENTACION POR UNIDAD,5000.0,C,4.0,4.0,4.0,,1,0.0
2026,1,145,142,2450,143,35,0,UVA - TIPO NEGRA - PRESENTACION X KILO,4500.0,C,2.0,2.0,2.0,,1,0.0
2026,1,146,145,717,145,1,0,GELATINA - GELATINA X 5 KG,48000.0,C,1.0,1.0,1.0,,1,0.0
2026,1,146,145,717,145,2,0,CONDIMENTOS - CONDIMENTOS,1200.0,C,10.0,10.0,10.0,,1,0.0
2026,1,146,145,717,145,3,0,turrón maní - turrón maní  1 CAJA PARA HEMOTERAPIA,14000.0,C,1.0,1.0,1.0,,1,0.0
2026,1,146,145,717,145,4,0,GELATINA - TIPO DIETETICA X 5 KG,48000.0,C,1.0,1.0,1.0,,1,0.0
2026,1,146,145,717,145,5,0,GELATINA - EN CAJA X 2.500 GRS,9600.0,C,1.0,1.0,1.0,,1,0.0
2026,1,146,145,717,145,6,0,FOSFORO - FOSFORO,1200.0,C,1.0,1.0,1.0,,1,0.0
2026,1,147,148,2595,149,1,0,BALIZA LED FLASH - BALIZA LED FLASH (Genérico)  FOTON AF 591 SL,29500.0,C,1.0,1.0,1.0,,1,0.0
2026,1,152,156,688,156,1,0,ACEITES LUBRICANTES - ACEITES LUBRICANTES (GENERICO) LUBRICANTE VARIOS,20000.0,C,1.0,1.0,1.0,,1,0.0
2026,1,155,158,1259,158,1,0,PROLONGADOR - Prolongador 6 tomas x 1.4 mts Kalop,24191.0,C,1.0,1.0,1.0,,1,0.0
2026,1,157,159,17,159,1,0,BOBINA  DE ARRANQUE - BOBINA  DE ARRANQUE,45000.0,C,1.0,1.0,1.0,,1,0.0
2026,1,157,159,17,159,2,0,BUJIA P/AUTOMOTOR - BUJIA P/AUTOMOTOR,7000.0,C,1.0,1.0,1.0,,1,0.0
2026,1,148,160,1879,160,1,0,RELAY - RELAY (GENERICO) RELAY DE ARRANQUE ORDEN 19478,46200.0,C,1.0,1.0,1.0,,1,0.0
2026,1,193,162,1266,162,1,0,"SERVICIO DE ALARMA Y MONITOREO - SERVICIO DE ALARMA Y MONITOREO (Genérico)DESDE EL 01/01/2026 AL 30/04/2026, ABONOS5547/6115 CON COMUNICADOR EN COMODATO A $ 59200 POR MES Y 9457 CON COMUNICADOR PROPIO $ 49100",670000.0,C,1.0,1.0,1.0,,1,0.0
2026,1,196,163,1266,163,1,0,"SERVICIO DE ALARMA Y MONITOREO - SERVICIO DE ALARMA Y MONITOREO (Genérico)DESDE EL 01/01/2026 AL 30/04/2026, ABONOS 5514/6300 CON COMUNICADOR EN COMODATO $ 59200 X MES Y 6559/9614 CON COMUNICADOR PROPIO $ 49100 X MES",866400.0,C,1.0,1.0,1.0,,1,0.0
2026,1,197,164,1266,164,1,0,"SERVICIO DE ALARMA Y MONITOREO - SERVICIO DE ALARMA Y MONITOREO (Genérico)DESDE EL 01/01/2026 AL 30/04/2026, ABONO 6372 CON COUNICADOR PROPIO",49100.0,C,4.0,4.0,4.0,,1,0.0
2026,1,162,166,68,166,1,0,DESTAPE DE POZOS CIEGOS PARA FAMILIAS CARENCIADAS - DESTAPE DE POZOS CIEGOS PARA FAMILIAS CARENCIADAS (GENERICO),55000.0,C,16.0,16.0,16.0,,1,0.0
2026,1,163,168,1112,168,1,0,"SERVICIO DE REMIS PARA INDIGENTES - SERVICIO DE REMIS PARA INDIGENTES (Genérico)
- Bruno Benjamin Ladraule - Evelyn E Arce, viaje a Mar del Plat con 8 horas de espera $249.152-
- Britos, viaje local $3.500-",252652.0,C,1.0,1.0,1.0,,1,0.0
2026,1,164,169,1879,169,1,0,CABLE P/ACELERADOR - CABLE P/ACELERADOR (GENERICO),19000.0,C,1.0,1.0,1.0,,1,0.0
2026,1,165,171,1213,171,1,0,"MACHIMBRE DE MADERA - MACHIMBRE DE MADERA (GENERICO) pino tratado  10 de 1/2""6""4.88 cm",15520.089,C,7.32,7.32,7.32,,1,0.0
2026,1,166,173,33,173,1,0,"SEGURO INTEGRAL - SEGURO INTEGRAL (Genérico)DESDE EL 01/01/2026 AL 31/12/2026, CAPS B° NORTE",1953034.0,C,1.0,1.0,1.0,,1,0.0
2026,1,167,174,33,174,1,0,"SEGURO AUTOMOTOR - SEGURO AUTOMOTOR (GENERICO)TERCEROS COMPLETOS DESDE EL 01/01/2026 AL 31/12/2026, CAMIONES LED010/AE388ZE/PALAS CARGADORA /CAMIONETA KYV3655/371/372/ 3° MOTONIVELADORA /CAMION SOG742/AWK675/ASZ490/BNW472/UYW682/TGL092/XNE245/244/UQV264/HKO983/TRACTOR BNA17/MOTONIVELADORA BGZ37/PALA CII58/MOTONIVELADORA CII59/TRACTOR BGZ45/ACOPLADO AB597ZZ/RETROEXCAVADORA EFJ07CAIONETA JJD089/HAO737/SVN718/FSL723/INI856",13799206.99,C,1.0,1.0,1.0,,1,0.0
2026,1,168,176,33,176,1,0,"SEGURO AUTOMOTOR - SEGURO AUTOMOTOR (GENERICO)3° DE MOTONIVELADORA,MOTOCROMPRESOR PALA CARGADORA EFJ00/CAMIONES COMPACTADORES PPU739/SVN719/UQV265/DMI232/LED010/AE388ZF/CARGADORA EFJ13/SELLADORA FRACCHIA/ MINI CARGADORAS EPK06/BLZ66/BMV14/CAMIONETA SNG651/JYN224/KYV378",5856236.44,C,1.0,1.0,1.0,,1,0.0
2026,1,169,178,33,178,1,0,"SEGURO AUTOMOTOR - DESCRIPCION TODO RIESGO S/FRANQUICIA.DESDE EL 01/01/2026 AL 31/12/2026, CAMION AF947IJ/BERLINGO JJD094/CAMIONETA JJD090/VENTO KGL228/CAMION AF947IN/RS INCENDIO ROBO SEMIRREOLQUE LLE414/CAION PJY978/OOI617",14974886.89,C,1.0,1.0,1.0,,1,0.0
2026,1,170,180,33,180,1,0,"SEGURO AUTOMOTOR - DESCRIPCION TODO RIESGO S/FRANQUICIA.DESDE EL 01/01/2026 AL 31/12/2026, AUTOS DOMINIOS AF591SU/AF545/AF747PM/AE619QS/AC548KJ/AB437WY/AMBULANCIAS JQS879/FJX453/KYV365/AA775QW/AB039OI/AG180HE",25861604.6,C,1.0,1.0,1.0,,1,0.0
2026,1,171,182,33,181,1,0,"SEGURO AUTOMOTOR - SEGURO AUTOMOTOR (GENERICO)DESDE EL 01/01/2026 AL 31/12/2026, 3° FIAT UNO JCH069/TRAILLER 101-KYV375/CAIONETA NUF386/TERCEROS COMPLETOS CAMIONETA KYV375/ TODO RIESGO S/FRANQ. AUTOMOVIL AG713ZV/NUX030/AE704AW/AE704AX/AE331IY/AB038FH/AB038FG/AB038FF/LBN155/OIG911",13104289.05,C,1.0,1.0,1.0,,1,0.0
2026,1,208,189,3495,189,1,0,PLANTAS ORNAMENTALES - PLANTAS ORNAMENTALES (GENERICO) PINO,425000.0,C,1.0,1.0,1.0,,1,0.0
2026,1,242,198,1514,198,1,0,ACEITES LUBRICANTES - DESTINO CARTER DIESEL - TIPO MONOGRADO SAE 15W-40   (EXTRA VIDA YPF- XT4 ESSO) - PRESENTACION TAMBOR X 205 LITROS XV300,875000.0,C,2.0,2.0,2.0,,1,0.0
2026,1,242,198,1514,198,2,0,ACEITES LUBRICANTES - DESTINO SISTEMAS HIDRAULICOS - TIPO NUTHO 68 ESSO- BP 68 YPF - PRESENTACION TAMBOR X 205 LITROS,660000.0,C,2.0,2.0,2.0,,1,0.0
2026,1,242,198,1514,198,3,0,ACEITE HIDRAULICO - ACEITE HIDRAULICO (GENERICO) ATF,866000.0,C,1.0,1.0,1.0,,1,0.0
2026,1,242,198,1514,198,4,0,LUBRICANTE EN AEROSOL - LUBRICANTE EN AEROSOL (Genérico) PACK,106100.0,C,1.0,1.0,1.0,,1,0.0
2026,1,242,198,1514,198,5,0,LIQUIDO DE FRENOS - LIQUIDO DE FRENOS (GENERICO) X 12 LTS,117339.0,C,1.0,1.0,1.0,,1,0.0
2026,1,242,198,1514,198,6,0,ACEITES LUBRICANTES - DESTINO TOTAL QUARTZ 7000 15W40 NAFTA X 4 LTS. - TIPO SEMISINTETICO - PRESENTACION 4 LTS  X 4 UNIDADES,35000.0,C,4.0,4.0,4.0,,1,0.0
2026,1,242,198,1514,198,7,0,ACEITES LUBRICANTES - DESTINO TOTAL QUARTZ 7000 DIESEL 15W40 X 4 LTS - TIPO SEMISINTETICO - PRESENTACION 4 LTS AURO FE 530,65000.0,C,4.0,4.0,4.0,,1,0.0
2026,1,242,198,1514,198,8,0,COMPLEMENTO/ADITIVO - COMPLEMENTO/ADITIVO (Genérico) AZUL 32 X 20 LTS,47000.0,C,1.0,1.0,1.0,,1,0.0
2026,1,233,200,2209,200,1,0,VINAGRE - VINAGRE (GENERICO),3000.0,C,6.0,6.0,6.0,,1,0.0
2026,1,233,200,2209,200,2,0,LEVADURA - LEVADURA (GENERICO),6500.0,C,10.0,10.0,10.0,,1,0.0
2026,1,233,200,2209,200,3,0,MANTECA - MANTECA (GENERICO),4000.0,C,20.0,20.0,20.0,,1,0.0
2026,1,20,15,117,15,4,0,CUBIERTO PLASTICO DESCARTABLE - MATERIAL POLIESTIRENO - ELEMENTO CUCHILLO - COLOR BLANCO - PRESENTACION CAJA X 1000. KOVALPLAST,18000.0,C,20.0,20.0,20.0,,1,0.0
2026,1,20,15,117,15,5,0,CUBIERTO PLASTICO DESCARTABLE - MATERIAL POLIESTIRENO - ELEMENTO TENEDOR - COLOR BLANCO - PRESENTACION CAJA X 1000. KOVALPLAST,18000.0,C,20.0,20.0,20.0,,1,0.0
2026,1,20,15,117,15,6,0,PAPEL FILM PVC Rolopack 380 x 300 mts - PAPEL FILM PVC Rolopack 380 x 300 mts rolopack 380 x 300 mts - ALLUMAX,8990.0,C,160.0,160.0,160.0,,1,0.0
2026,1,278,275,2883,274,1,0,SET VIA CENTRAL - SET VIA CENTRAL DOS LUMEN 7 F 20 CM,31998.45,C,2.0,2.0,2.0,,1,0.0
2026,1,278,275,2883,274,2,0,TUBOS ENDOTRAQ N° 7 - TUBOS ENDOTRAQ N° 6  CON BALON,1230.57,C,10.0,10.0,10.0,,1,0.0
2026,1,278,275,2883,274,3,0,SONDA - SONDA  K27.,911.13,C,50.0,50.0,50.0,,1,0.0
2026,1,279,277,167,276,1,0,POLLO - KG  PATA Y MUSLO,7100.0,C,58.9,58.9,58.9,,1,0.0
2026,1,279,277,167,276,2,0,POLLO - HAMBURGUESA DE POLLO KG,11500.0,C,11.0,11.0,11.0,,1,0.0
2026,1,279,277,167,276,3,0,POLLO - KG PECHUGA,12500.0,C,27.2,27.2,27.2,,1,0.0
2026,1,279,277,167,276,4,0,POLLO - POLLO DESHUESADO,26000.0,C,9.0,9.0,9.0,,1,0.0
2026,1,287,278,1603,277,1,0,PAN - TIPO MIÑON - PRESENTACION GRANEL.,2500.0,C,324.0,324.0,324.0,,1,0.0
2026,1,280,279,2869,278,1,0,CARNE - BONDIOLA KG,9900.0,C,20.0,20.0,20.0,,1,0.0
2026,1,280,279,2869,278,2,0,CARNE - BIFE KG,17490.0,C,14.2,14.2,14.2,,1,0.0
2026,1,280,279,2869,278,3,0,CARNE - COLITA DE CUADRIL. KG,16990.0,C,22.5,22.5,22.5,,1,0.0
2026,1,280,279,2869,278,4,0,CARNE - ROAST BEEF. KG,13500.0,C,20.4,20.4,20.4,,1,0.0
2026,1,280,279,2869,278,5,0,CARNE - KG CORTE PECETO.,17900.0,C,15.9,15.9,15.9,,1,0.0
2026,1,280,279,2869,278,6,0,CARNE - CORTE LENGUA. KG,14000.0,C,9.3,9.3,9.3,,1,0.0
2026,1,281,281,1078,280,1,0,"TRABAJOS DE ELECTRICIDAD - CAMBIAR CABLEADO DEL TABLERO DEL PASILO DE ADMISION, RECONECTAR LUCES DEL BAÑO, PASILLO Y OFICINA",175000.0,C,1.0,1.0,1.0,,1,0.0
2026,1,296,288,33,287,1,0,SEGURO INTEGRAL - SEGURO INTEGRAL (Genérico)DESDE EL 01/01/2026 AL 31/12/2026,566687.0,C,1.0,1.0,1.0,,1,0.0
2026,1,295,289,33,288,1,0,"SEGURO INTEGRAL - SEGURO INTEGRAL (Genérico)DESDE EL 01/01/2026 AL 31/12/2026, AREA SEGURIDAD, ARCHIVO HISTORICO, MUSEO MAPU",1290174.0,C,1.0,1.0,1.0,,1,0.0
2026,1,294,290,33,289,1,0,"SEGURO INTEGRAL - SEGURO INTEGRAL (Genérico)DESDE EL 01/01/2026 AL 31/12/2026, CAPS B° BELGRANO",831252.0,C,1.0,1.0,1.0,,1,0.0
2026,1,293,291,866,290,1,0,ANTIBIOTICOS - CIPROFLOXACINA FRASCO/AMPOLLA 200mg.100 ml.,4837.5,C,150.0,150.0,150.0,,1,0.0
2026,1,293,291,866,290,2,0,ANESTESICO LOCAL - LIDOCAINA 1% SIN EPINEFRINA S/EPI AMPOLLA  20 CC..,3456.0,C,40.0,40.0,40.0,,1,0.0
2026,1,293,291,866,290,3,0,ANALGESICOS - TRAMADOL AMPOLLA 100 MG/2 ML,1945.94,C,100.0,100.0,100.0,,1,0.0
2026,1,293,291,866,290,4,0,HIPOTENSOR - AMLOPIDINA  COMPRIMIDOS 10mg.,58.5,C,1000.0,1000.0,1000.0,,1,0.0
2026,1,293,291,866,290,5,0,IODURO DE POTASIO - CLORURO DE POTASIO 15 MG AMP 5 ML,702.0,C,200.0,200.0,200.0,,1,0.0
2026,1,293,291,866,290,6,0,ANTIBIOTICOS - CLINDAMICINA COMPRIMIDOS 300mg.,261.0,C,1000.0,1000.0,1000.0,,1,0.0
2026,1,293,291,866,290,7,0,ANTIPSICOTICO - LEVOMEPROMAZINA 25 MG COMP,82.01,C,990.0,990.0,990.0,,1,0.0
2026,1,293,291,866,290,8,0,ANTIEPILEPTICO - VALPROATO DE MAGNESIO 400 MG COMP,1170.0,C,500.0,500.0,500.0,,1,0.0
2026,1,293,291,866,290,9,0,GEL - USO PARA ECOGRAFIAS  X 1 KG.,5697.5,C,5.0,5.0,5.0,,1,0.0
2026,1,293,291,866,290,10,0,ATORVASTATIN 20 MG COMP. - ATORVASTATIN 20 MG COMP.,60.3,C,1000.0,1000.0,1000.0,,1,0.0
2026,1,293,291,866,290,11,0,ANTIEPILEPTICO - CLONAZEPAN  2mg.OMP,43.15,C,1000.0,1000.0,1000.0,,1,0.0
2026,1,293,291,866,290,12,0,ACIDO TRANEXAMICO AMPOLLAS - ACIDO TRANEXAMICO AMPOLLAS 500 MG/5 ML,5661.5,C,15.0,15.0,15.0,,1,0.0
2026,1,293,291,866,290,13,0,MEDICAMENTOS - CLOPIDOGREL 75 MG COMP,226.63,C,1000.0,1000.0,1000.0,,1,0.0
2026,1,293,291,866,290,14,0,ANTIESPASMODICO - HIOSCINA  AMPOLLA 20 MG/ML,630.0,C,400.0,400.0,400.0,,1,0.0
2026,1,293,291,866,290,15,0,SUPLEMENTO NUTRICIONAL - FORTISIP MAX NEUTRO 700 GR,68395.93,C,4.0,4.0,4.0,,1,0.0
2026,1,293,291,866,290,16,0,ANTIBIOTICOS - VANCOMICINA  FRASCO/AMPOLLA 1GR,5580.0,C,100.0,100.0,100.0,,1,0.0
2026,1,293,291,866,290,17,0,ANTIHISTAMINICO - PROMETAZINA 25 MG COMP,83.7,C,500.0,500.0,500.0,,1,0.0
2026,1,293,291,866,290,18,0,ADRENALINA - NORADRENALINA 4 MG 4 ML,882.0,C,100.0,100.0,100.0,,1,0.0
2026,1,293,291,866,290,19,0,KETEROLAC 30 MG AMP - KETEROLAC 30 MG AMP,702.0,C,400.0,400.0,400.0,,1,0.0
2026,1,293,291,866,290,20,0,ANTIPSICOTICO - RISPERIDONA 1 MG COMP,109.15,C,1000.0,1000.0,1000.0,,1,0.0
2026,1,293,291,866,290,21,0,SUPLEMENTO NUTRICIONAL - GLUCERNA 1 LITRO,34993.4,C,16.0,16.0,16.0,,1,0.0
2026,1,293,291,866,290,22,0,MEDICAMENTOS - AC. URSODESOXICOLICO 300MG COMP,378.0,C,300.0,300.0,300.0,,1,0.0
2026,1,293,291,866,290,23,0,ANTIEPILEPTICO - CARBAMAZEPINA  COMPRIMIDO 400 LC MG COMP,1722.46,C,120.0,120.0,120.0,,1,0.0
2026,1,293,291,866,290,24,0,ANTIEPILEPTICO - CARBAMAZEPINA 200 MG COMP,106.92,C,990.0,990.0,990.0,,1,0.0
2026,1,293,291,866,290,25,0,HIPOTENSOR - ENALAPRIL  10mg. COMP,49.46,C,2000.0,2000.0,2000.0,,1,0.0
2026,1,610,580,313,577,1,0,GAS OIL - GAS OIL (GENERICO),8000000.0,C,1.0,1.0,1.0,,1,0.0
2026,1,930,899,1603,895,1,0,PAN - PAN  POR KILO,2400.0,C,266.0,266.0,266.0,,1,0.0
2026,1,930,899,1603,895,2,0,PIONONO - PIONONO,16000.0,C,8.0,8.0,8.0,,1,0.0
2026,1,937,900,3322,896,1,0,SOPORTE P/ BOBINA - BOBINA LIMPIEZA FELPITA 2X360,28876.4,C,3.0,3.0,3.0,,1,0.0
2026,1,937,900,3322,896,2,0,PAÑUELO DE PAPEL - TOALLA MANO FELPITA 4X200,24908.08,C,3.0,3.0,3.0,,1,0.0
2026,1,937,900,3322,896,3,0,DETERGENTE - ADOX PETROVAC DETERGENTE DESINFECTANTE,126423.57,C,1.0,1.0,1.0,,1,0.0
2026,1,962,901,2109,897,1,0,MANTENIMIENTO DE RED INFORM - DESCRIPCION MANTENIMIENTO DE SOFT.Mantenimiento de Sistema Web de Grandes Contribuyentes.Reestructuración del sistema y base de datos para incorpirar el tipo de tasa mensual.,250000.0,C,1.0,1.0,1.0,,1,0.0
2026,1,963,902,3322,898,1,0,CLORO - CLORO ACQUAPOL 5LTS,7284.2,C,4.0,4.0,4.0,,1,0.0
2026,1,963,902,3322,898,2,0,LIQUIDO DISGREGANTE - PERACETICO SUTTER (AGRASAN 20KG),215398.83,C,1.0,1.0,1.0,,1,0.0
2026,1,233,200,2209,200,4,0,"CONDIMENTOS - CONDIMENTOS (Genérico) varios: pimienta, provenzal, camino, ají molido",7000.0,C,20.0,20.0,20.0,,1,0.0
2026,1,233,200,2209,200,5,0,"HARINA - TIPO LEUDANTE - PESO 1Kg - PRESENTACION PAQUETE.
pack x 10 unidades",25000.0,C,6.0,6.0,6.0,,1,0.0
2026,1,964,904,1440,900,1,0,SOLUCIONES - SOLUCION FISIOLOGICA CLORURO DE SODIO 500 ML,1484.0,C,1900.0,1900.0,1900.0,,1,0.0
2026,1,931,898,3165,894,5,0,AGUA DESTILADA - AMPOLLA X 5 ML,490.0,C,400.0,400.0,400.0,,1,0.0
2026,1,931,898,3165,894,6,0,ANTIBIOTICOS - TRIMETROPIMA+ SULFAMETOXAZOL AMPOLLAS,8800.0,C,200.0,200.0,200.0,,1,0.0
2026,1,931,898,3165,894,7,0,ANALGESICOS - PARACETAMOL - COMPRIMIDO 500 MG.,46.5,C,2000.0,2000.0,2000.0,,1,0.0
2026,1,931,898,3165,894,8,0,ANTIINFLAMATORIO - DICLOFENAC COMPRIMIDO 75mg.,52.8,C,3000.0,3000.0,3000.0,,1,0.0
2026,1,931,898,3165,894,9,0,ANTIBIOTICOS - DEXMEDETOMIDINA 200 MCG AMPOLLAS,18905.0,C,5.0,5.0,5.0,,1,0.0
2026,1,964,904,1440,900,2,0,CAJAS SOLUCION FISIOLOGICA X 100 ML - SOLUCION FISIOLOGICA CLORURO DE SODIO X 100 ML,1450.0,C,1300.0,1300.0,1300.0,,1,0.0
2026,1,964,904,1440,900,3,0,AGUA DESTILADA - AGUA DESTILADA X 500 ML.,1635.0,C,105.0,105.0,105.0,,1,0.0
2026,1,964,904,1440,900,4,0,BICARBONATO DE SODIO - BICARBONATO DE SODIO X 100 ML,4928.0,C,40.0,40.0,40.0,,1,0.0
2026,1,934,908,2627,903,1,0,TAPA PASCUALINA - TAPA PASCUALINA,1200.0,C,5.0,5.0,5.0,,1,0.0
2026,1,1005,917,1514,912,1,0,GAS-OIL - GAS-OIL (Genérico),1708.0,C,6000.0,6000.0,6000.0,,1,0.0
2026,1,976,920,777,915,1,0,RADIADOR P/AUTOMOTOR - RADIADOR P/AUTOMOTOR,109000.0,C,1.0,1.0,1.0,,1,0.0
2026,1,976,920,777,915,2,0,CORREA - CORREA,25500.0,C,1.0,1.0,1.0,,1,0.0
2026,1,976,920,777,915,3,0,PASTILLA DE FRENO - PASTILLA DE FRENO,29900.0,C,1.0,1.0,1.0,,1,0.0
2026,1,976,920,777,915,4,0,INYECTOR - INYECTOR,76000.0,C,1.0,1.0,1.0,,1,0.0
2026,1,979,921,777,916,1,0,RADIADOR P/AUTOMOTOR - RADIADOR P/AUTOMOTOR,162600.0,C,2.0,2.0,2.0,,1,0.0
2026,1,979,921,777,916,2,0,AGUA DESTILADA - AGUA DESTILADA,3000.0,C,3.0,3.0,3.0,,1,0.0
2026,1,979,921,777,916,3,0,REPUESTO - REPUESTO,12900.0,C,1.0,1.0,1.0,,1,0.0
2026,1,980,922,1259,917,1,0,Pila - Pila (20 pilas para los mouse del com),40250.0,C,1.0,1.0,1.0,,1,0.0
2026,1,980,922,1259,917,2,0,FUENTE SWITCHING 12Vcc 10A - FUENTE SWITCHING 12Vcc 10A,23357.6,C,3.0,3.0,3.0,,1,0.0
2026,1,981,923,717,918,1,0,FLAN - FLAN ORLOC 1 KGS. - SABOR VAINILLA X 5 U.,56000.0,C,1.0,1.0,1.0,,1,0.0
2026,1,981,923,717,918,2,0,GELATINA - GELATINA  1 KG. X 5,56000.0,C,1.0,1.0,1.0,,1,0.0
2026,1,981,923,717,918,3,0,AGUA MINERAL - AGUA SABORIZADA 2 1/4 LTS X 2,3200.0,C,1.0,1.0,1.0,,1,0.0
2026,1,1011,925,1514,920,1,0,GAS OIL - GAS OIL (GENERICO),1708.0,C,6000.0,6000.0,6000.0,,1,0.0
2026,1,1012,927,1514,922,1,0,GAS OIL - GAS OIL (GENERICO),1708.0,C,2500.0,2500.0,2500.0,,1,0.0
2026,1,997,939,395,934,1,0,ESTUDIOS MEDICOS GENERALES - PRACTICAS DE LABORATORIO DE ALTA COMPLEJIDAD,97345.0,C,1.0,1.0,1.0,,1,0.0
2026,1,1001,940,2209,935,1,0,SHAMPOO - SHAMPOO PLUSBELLE BALANCE,2990.0,C,12.0,12.0,12.0,,1,0.0
2026,1,1001,940,2209,935,2,0,CREMA DE ENJUAGUE - ACONDICIONADOR PLUSBELLE X1000ML SUAVIDAD,2990.0,C,12.0,12.0,12.0,,1,0.0
2026,1,1001,940,2209,935,3,0,MAQUINA DE AFEITAR - PRESTOBARBA AZUL UG2,1199.0,C,12.0,12.0,12.0,,1,0.0
2026,1,927,942,3395,937,1,0,BATERIA - DESTINO AUTOMOTOR - TENSION NOM. 12V - CAPACIDAD DE CORRIENTE 100A.,296000.0,C,1.0,1.0,1.0,,1,0.0
2026,1,293,291,866,290,26,0,ANTIASMATICO ANTIALERGICO - AMINOFILINA 240 MG AMPOLLA,1620.0,C,100.0,100.0,100.0,,1,0.0
2026,1,293,291,866,290,27,0,MIDAZOLA 5 MG AMPOLLAS - MIDAZOLAM 15 MG AMPOLLAS,1157.76,C,200.0,200.0,200.0,,1,0.0
2026,1,293,291,866,290,28,0,ANTIPARASITARIO - MEBENDAZOL 2 MG/ ML JBE X 30,803.39,C,30.0,30.0,30.0,,1,0.0
2026,1,293,291,866,290,29,0,LAXANTE - FOSFO ADITAL SOL X 45 ML,3486.73,C,4.0,4.0,4.0,,1,0.0
2026,1,293,291,866,290,30,0,ANTIPSICOTICO - HALOPERIDOL 3 ML,25200.0,C,10.0,10.0,10.0,,1,0.0
2026,1,927,942,3395,937,2,0,BATERIA - DESTINO AUTOMOTOR - TENSION NOM. 12V - CAPACIDAD DE CORRIENTE 180A.,375000.0,C,1.0,1.0,1.0,,1,0.0
2026,1,233,200,2209,200,6,0,ALIMENTOS VARIOS - ALIMENTOS VARIOS (Genérico),150000.0,C,1.0,1.0,1.0,,1,0.0
2026,1,234,202,2843,202,1,0,FRUTAS Y VERDURA - FRUTAS Y VERDURA (Genérico),1000000.0,C,1.0,1.0,1.0,,1,0.0
2026,1,235,204,2869,204,1,0,CARNE - CARNE (GENERICO),4000000.0,C,1.0,1.0,1.0,,1,0.0
2026,1,199,206,2930,206,1,0,CENA/ALMUERZO - CENA/ALMUERZO (Genérico),4000000.0,C,1.0,1.0,1.0,,1,0.0
2026,1,200,208,918,208,1,0,TIMBRE POSTAL - TIMBRE POSTAL (Genérico),2000000.0,C,1.0,1.0,1.0,,1,0.0
2026,1,201,210,2209,210,1,0,GALLETITAS - GALLETITAS (GENERICO)Media Tarde.,1050.0,C,10.0,10.0,10.0,,1,0.0
2026,1,201,210,2209,210,2,0,YERBA - YERBA (GENERICO)1 pack de yerba x 10.,29900.0,C,1.0,1.0,1.0,,1,0.0
2026,1,201,210,2209,210,3,0,DETERGENTE - DETERGENTE (GENERICO)Detergente Ala Plus x 750.,1999.0,C,6.0,6.0,6.0,,1,0.0
2026,1,201,210,2209,210,4,0,FIDEO SECO - FIDEO SECO (GENERICO)Tallarin.,1190.0,C,6.0,6.0,6.0,,1,0.0
2026,1,201,210,2209,210,5,0,SAL - SAL (GENERICO),1290.0,C,2.0,2.0,2.0,,1,0.0
2026,1,201,210,2209,210,6,0,REPELENTES P/MOSQUITOS - REPELENTES P/MOSQUITOS (GENERICO),5999.0,C,6.0,6.0,6.0,,1,0.0
2026,1,201,210,2209,210,7,0,CABALLA - CABALLA (Genérico),3999.0,C,3.0,3.0,3.0,,1,0.0
2026,1,201,210,2209,210,8,0,ATUN - ATUN (Genérico),1250.0,C,3.0,3.0,3.0,,1,0.0
2026,1,201,210,2209,210,9,0,ADEREZOS - ADEREZOS (GENERICO)Nayonesa x 250.,1299.0,C,4.0,4.0,4.0,,1,0.0
2026,1,201,210,2209,210,10,0,MERMELADA - MERMELADA (GENERICO),2490.0,C,4.0,4.0,4.0,,1,0.0
2026,1,201,210,2209,210,11,0,PATE / PICADILLO - PATE / PICADILLO (Genérico),999.0,C,4.0,4.0,4.0,,1,0.0
2026,1,201,210,2209,210,12,0,DULCE DE LECHE - DULCE DE LECHE (GENERICO),1450.0,C,4.0,4.0,4.0,,1,0.0
2026,1,201,210,2209,210,13,0,PACK ROLLOS PAPEL HIGIENICO - PACK ROLLOS PAPEL HIGIENICO  (Genérico),11900.0,C,1.0,1.0,1.0,,1,0.0
2026,1,202,212,2593,212,1,0,COPIAS DE LLAVES - COPIAS DE LLAVES (Genérico) 3 copias llaves candado,7000.0,C,5.0,5.0,5.0,,1,0.0
2026,1,265,263,2843,263,1,0,ZAPALLO - ZAPALLO (Genérico),2000.0,C,190.0,190.0,190.0,,1,0.0
2026,1,265,263,2843,263,2,0,acelga - acelga (Genérico),2000.0,C,190.0,190.0,190.0,,1,0.0
2026,1,265,263,2843,263,3,0,MANZANA - MANZANA (Genérico),3000.0,C,190.0,190.0,190.0,,1,0.0
2026,1,265,263,2843,263,4,0,HUEVOS DE GALLINA COLOR - HUEVOS DE GALLINA COLOR (Genérico),3500.0,C,95.0,95.0,95.0,,1,0.0
2026,1,397,380,3075,378,1,0,LAVANDINA - LAVANDINA (GENERICO)Lavandina Mc. x 5 Lts.,4900.0,C,50.0,50.0,50.0,,1,0.0
2026,1,397,380,3075,378,2,0,Desodorante para piso - Desodorante para piso (Genérico)Desodorante de Piso x 5 lts.,5300.0,C,50.0,50.0,50.0,,1,0.0
2026,1,397,380,3075,378,3,0,GUANTES P/LIMPIEZA - GUANTES P/LIMPIEZA (GENERICO),1998.92,C,25.0,25.0,25.0,,1,0.0
2026,1,397,380,3075,378,4,0,jabon en pan - jabon en pan (Genérico)Jabón en Pan 150 gms.,1324.71,C,20.0,20.0,20.0,,1,0.0
2026,1,397,380,3075,378,5,0,"PALO ESCOBILLON - PALO ESCOBILLON (Genérico)Palo Madera 1,30 Mts.",2413.95,C,10.0,10.0,10.0,,1,0.0
2026,1,397,380,3075,378,6,0,DETERGENTE - DETERGENTE (GENERICO)Detergente x 5 litros.,10200.0,C,20.0,20.0,20.0,,1,0.0
2026,1,397,380,3075,378,7,0,LUSTRAMUEBLES - LUSTRAMUEBLES (GENERICO),4824.0,C,12.0,12.0,12.0,,1,0.0
2026,1,423,392,850,389,1,0,"ALQUILER DE EQUIPAMIENTO HOSPITALARIO - DEL 01/01/26 AL 30/04/26 COAGULOMETRO 1 CANAL MARCA WIENER
EL ALQUILER INCLUYE LAS SOLUCIONES NECESARIAS PARA EL FUNCIONAMIENTO",420790.0,C,4.0,4.0,4.0,,1,0.0
2026,1,424,393,850,390,1,0,"ALQUILER DE EQUIPAMIENTO HOSPITALARIO - DEL 01/01/26 AL 30/04/2026 EQUIPO DE GASES MARCA RADIOMETER ABL 80
EL ALQUILER NO INCLUYE INSUMOS",448065.0,C,4.0,4.0,4.0,,1,0.0
2026,1,425,394,850,391,1,0,ALQUILER DE EQUIPAMIENTO HOSPITALARIO - DEL 01/01/26 AL 30/04/26 CONTADOR MINDRAY 5 POBLACIONES LEUCOCITARIAS,586802.0,C,4.0,4.0,4.0,,1,0.0
2026,1,422,395,850,392,1,0,"ALQUILER DE EQUIPAMIENTO HOSPITALARIO - ALQUILER EQUIPO AUTOANALIZADOR CM250 DEL 01/01/26 AL 30/04/26 
ANALIZADOR DE QUIMICA CLINICA AUTOMATICO
EL ALQUILER INCLUYE LAS SOLUCIONES NECESARIAS PARA EL FUNCIONAMIENTO DEL EQUIPO",607807.0,C,4.0,4.0,4.0,,1,0.0
2026,1,520,484,441,481,1,0,BOLSAS C/ADHESIVO - BOLSAS C/ADHESIVO (Genérico),7787.97,C,5.0,5.0,5.0,,1,0.0
2026,1,520,484,441,481,2,0,SELLO - SELLO (GENERICO),8500.0,C,2.0,2.0,2.0,,1,0.0
2026,1,517,489,3296,485,1,0,PINTURA AL LATEX - PINTURA AL LATEX (GENERICO) BLANCO 20 LTS,109529.2,C,1.0,1.0,1.0,,1,0.0
2026,1,514,492,2403,488,1,0,REPARACION DE CAÑO DE ESCAPE - REPARACION DE CAÑO DE ESCAPE (Genérico),150000.0,C,1.0,1.0,1.0,,1,0.0
2026,1,511,494,1514,490,1,0,ACEITES LUBRICANTES - DESTINO TRANSMISIONES AUTOMATICAS - TIPO FLUIDO  ( 15/17 YPF- ATFD ESSO) - PRESENTACION TAMBOR X 205 LITROS,960000.0,C,1.0,1.0,1.0,,1,0.0
2026,1,533,503,171,499,1,0,Cable T T  2 X 2 1/2 - Cable T T  2 X 2 1/2 (Genérico),3320.0,C,15.0,15.0,15.0,,1,0.0
2026,1,532,504,3395,500,1,0,BATERIA - DESTINO AUTOMOTOR - TENSION NOM. 12V - CAPACIDAD DE CORRIENTE 120A.,310000.0,C,2.0,2.0,2.0,,1,0.0
2026,1,531,505,3336,501,1,0,REPARACION DE CAMION - CAMIONETA - DESCRIPCION BUJE MAESTRO DELANTERO,540000.0,C,1.0,1.0,1.0,,1,0.0
2026,1,531,505,3336,501,2,0,REPARACION DE CORTADORA DE CESPED - REPARACION DE CORTADORA DE CESPED (Genérico),120000.0,C,1.0,1.0,1.0,,1,0.0
2026,1,534,506,2421,502,1,0,"ALQUILER DE EDIFICIO - ALQUILER DE EDIFICIO (GENERICO)POR ALQUILER DE TORRE PARA EQUIPO DE COMUNICACION,DESDE EL 01/01/2026 AL 31/03/2026",100000.0,C,3.0,3.0,3.0,,1,0.0
2026,1,598,550,1514,547,1,0,GAS-OIL - GAS-OIL (Genérico),1626.0,C,10000.0,10000.0,10000.0,,1,0.0
2026,1,592,557,3287,554,1,0,SERVICIO DE IMPRESION - SERVICIO DE IMPRESION carteleria,10800.0,C,2.0,2.0,2.0,,1,0.0
2026,1,589,558,3322,555,1,0,JABON P/LAVAR ROPA - ALA BLANQ BOOSTER 20 L,78429.31,C,2.0,2.0,2.0,,1,0.0
2026,1,589,558,3322,555,2,0,ARTICULOS DE LIMPIEZA - SKIP ALKALINE BOOSTE 20 L,101501.64,C,1.0,1.0,1.0,,1,0.0
2026,1,589,558,3322,555,3,0,JABON LIQUIDO - SKIP ENZYMES POWER  20 L,246886.81,C,1.0,1.0,1.0,,1,0.0
2026,1,589,558,3322,555,4,0,DETERGENTE - SKIP NEUTALIZING BOOST PRO 20 L,135744.39,C,1.0,1.0,1.0,,1,0.0
2026,1,589,558,3322,555,5,0,DETERGENTE - ADOX L7 LOCION HIDROALCOHOLICA BACT,13147.86,C,20.0,20.0,20.0,,1,0.0
2026,1,589,558,3322,555,6,0,DETERGENTE - ADOX JL4 JABON LIQUIDO HIPOALERGENICO,15539.3,C,20.0,20.0,20.0,,1,0.0
2026,1,586,560,2427,557,1,0,CARGA DE GAS EN AIRE ACONDICIONADO - SACAR PERDIDA Y CARGA DE GAS EN AIRE ACONDICIONADO,140000.0,C,1.0,1.0,1.0,,1,0.0
2026,1,583,562,776,559,1,0,ALINEAR Y BALANCEAR - ALINEAR Y BALANCEAR  Y ROTACIONES VEHICULO DOMINIO AF545GL,110000.0,C,1.0,1.0,1.0,,1,0.0
2026,1,580,563,1936,560,1,0,"PANTALONES - TIPO CARGO COLOR NEGRO, EN TELA RIP STOP 
6 PARA PERSONAL DE MANTENEMIENTO 
6 PARA PERSONAL DE SEGURIDAD
2 PARA PERSONAL INFORMATICA
1 PARA PERSONAL ELECTROMEDICINA 
",50000.0,C,15.0,15.0,15.0,,1,0.0
2026,1,580,563,1936,560,2,0,"CHOMBAS - 12 CHOMBAS AZUL FRANCIA CON LOGO Y DESCRIPCION PARA PERSONAL DE MANTENIMIENTO
4 CHOMBAS GRIS CON LOGO Y DESCRIPCION PARA PERSONAL DE INFORMATICA 
2 CHOMBA GRIS CON LOGO Y DESCRIPCION PARA PERSONAL DE ELECTROMEDICINA
12 CHOMBAS NEGRAS CON LOGO Y DESCRIPCION PARA PERSONAL SEGURIDAD",45000.0,C,30.0,30.0,30.0,,1,0.0
2026,1,854,801,3481,799,1,0,"SERVICIO DE LUCES Y  SONIDO - SERVICIO DE LUCES Y  SONIDO (GENERICO) Y PANTALLA, PARA RALLY",850000.0,C,1.0,1.0,1.0,,1,0.0
2026,1,874,835,2708,833,1,0,"ESTUDIOS MEDICOS GENERALES - ESPEINOGRAMA FRENTE
ESPRINOGRAMA PERFIL",76472.0,C,1.0,1.0,1.0,,1,0.0
2026,1,875,836,441,834,1,0,PAPEL SECANTE - PAPEL SECANTE 16X21X1,400.0,C,20.0,20.0,20.0,,1,0.0
2026,1,876,837,3220,835,1,0,BOMBA INYECTORA COMPLETA - BOMBA INYECTORA COMPLETA,600000.0,C,1.0,1.0,1.0,,1,0.0
2026,1,877,839,441,837,1,0,MARCADORES - MARCADORES,1075.0,C,2.0,2.0,2.0,,1,0.0
2026,1,877,839,441,837,2,0,RESALTADOR - RESALTADOR,2400.02,C,1.0,1.0,1.0,,1,0.0
2026,1,877,839,441,837,3,0,CINTA ADHESIVA - CINTA ADHESIVA,3949.98,C,2.0,2.0,2.0,,1,0.0
2026,1,877,839,441,837,4,0,Cinta de papel 48 x 50 - Cinta de papel 48 x 50,5200.0,C,1.0,1.0,1.0,,1,0.0
2026,1,877,839,441,837,5,0,PAPEL P/FOTOGRAFIA - PAPEL P/FOTOGRAFIA,28099.72,C,1.0,1.0,1.0,,1,0.0
2026,1,878,840,3220,838,1,0,"REPARACION VEHICULO - REPARACION VEHICULO (DIAGNOSTICO COMPUTARIZADO, PRPBLEMAS DE MOTOR POR FALLA)",600000.0,C,1.0,1.0,1.0,,1,0.0
2026,1,879,841,2330,839,1,0,NAFTA SUPER - NAFTA SUPER (Genérico),2000.0,C,300.0,300.0,300.0,,1,0.0
2026,1,879,841,2330,839,2,0,INFINIA DIESEL - INFINIA DIESEL  (Genérico),2000.0,C,500.0,500.0,500.0,,1,0.0
2026,1,879,841,2330,839,3,0,AGUA DESTILADA - AGUA DESTILADA (GENERICO),6000.0,C,5.0,5.0,5.0,,1,0.0
2026,1,879,841,2330,839,4,0,Aceite dos tiempos - Aceite dos tiempos (Genérico),6000.0,C,5.0,5.0,5.0,,1,0.0
2026,1,880,842,360,840,1,0,INSTALACION ELECTRICA - INSTALACION ELECTRICA (GENERICO)REEPLAZO DE PLAFONES EN DEPOSITO,25000.0,C,1.0,1.0,1.0,,1,0.0
2026,1,881,843,2209,841,1,0,GALLETITAS - GALLETITAS (GENERICO),1399.0,C,10.0,10.0,10.0,,1,0.0
2026,1,881,843,2209,841,2,0,SAL - SAL (GENERICO),1099.0,C,4.0,4.0,4.0,,1,0.0
2026,1,881,843,2209,841,3,0,YERBA - YERBA (GENERICO),3090.0,C,4.0,4.0,4.0,,1,0.0
2026,1,881,843,2209,841,4,0,DULCE DE LECHE - DULCE DE LECHE (GENERICO),2999.0,C,4.0,4.0,4.0,,1,0.0
2026,1,881,843,2209,841,5,0,FIDEO SECO - FIDEO SECO (GENERICO),1099.0,C,6.0,6.0,6.0,,1,0.0
2026,1,881,843,2209,841,6,0,AZUCAR - AZUCAR (GENERICO),1090.0,C,10.0,10.0,10.0,,1,0.0
2026,1,881,843,2209,841,7,0,ACEITE COMESTIBLE - ACEITE COMESTIBLE (GENERICO),3190.0,C,4.0,4.0,4.0,,1,0.0
2026,1,881,843,2209,841,8,0,DETERGENTE - DETERGENTE (GENERICO),2499.0,C,4.0,4.0,4.0,,1,0.0
2026,1,881,843,2209,841,9,0,ADEREZOS - ADEREZOS (GENERICO)Mayonesa.,1299.0,C,4.0,4.0,4.0,,1,0.0
2026,1,881,843,2209,841,10,0,JUGO - JUGO (GENERICO),6650.0,C,1.0,1.0,1.0,,1,0.0
2026,1,881,843,2209,841,11,0,CABALLA - CABALLA (Genérico),4190.0,C,3.0,3.0,3.0,,1,0.0
2026,1,881,843,2209,841,12,0,ATUN - ATUN (Genérico),2699.0,C,3.0,3.0,3.0,,1,0.0
2026,1,881,843,2209,841,13,0,PATE / PICADILLO - PATE / PICADILLO (Genérico),749.9,C,6.0,6.0,6.0,,1,0.0
2026,1,944,903,3322,899,1,0,DETERGENTE - CIF DETERGENTE ACTIVE NEUTRO 5LTS,19049.83,C,1.0,1.0,1.0,,1,0.0
2026,1,944,903,3322,899,2,0,DESINFECTANTE P/PISO - CIF LIMPIADOR PISOS LAVANDA 5LTS,12149.59,C,1.0,1.0,1.0,,1,0.0
2026,1,944,903,3322,899,3,0,TRAPO REJILLA - FIBRA EXTRA FUERTE 16X22,1719.94,C,5.0,5.0,5.0,,1,0.0
2026,1,944,903,3322,899,4,0,TRAPO REPASADOR - PAÑO STYLE COLORD VILEDA X4,9201.32,C,1.0,1.0,1.0,,1,0.0
2026,1,944,903,3322,899,5,0,PAPEL HIGIENICO - PAPEL HIGIENICO FELPITA S/H 12X4X30,17944.24,C,1.0,1.0,1.0,,1,0.0
2026,1,944,903,3322,899,6,0,ROLLO DE COCINA - ROLLO DE COCINA FELPITA 12X200,22562.88,C,1.0,1.0,1.0,,1,0.0
2026,1,945,905,850,901,1,0,REACTIVO - MAGLUMI HIV AB/AG COMBI KIT X 100,1157454.12,C,2.0,2.0,2.0,,1,0.0
2026,1,945,905,850,901,2,0,REACTIVO - MAGLUMI HBSAG CLIA X 100 TEST,264480.48,C,1.0,1.0,1.0,,1,0.0
2026,1,945,905,850,901,3,0,REACTIVO - MAGLUMI WASH CONCENTRATE,89191.85,C,1.0,1.0,1.0,,1,0.0
2026,1,945,905,850,901,4,0,REACTIVO - MAGLUMI STARTER KIT 1+2,165076.52,C,1.0,1.0,1.0,,1,0.0
2026,1,952,906,866,902,1,0,NEUROLEPTICO - ZUCLOPENTIXOL DECANOATO 200 MG AMP,63328.9,C,3.0,3.0,3.0,,1,0.0
2026,1,952,906,866,902,2,0,HIPOTENSOR -  ENALAPRIL COMPRIMIDO 10mg.,42.59,C,3000.0,3000.0,3000.0,,1,0.0
2026,1,952,906,866,902,3,0,HIPNOTICO - MIDAZOLAN  AMPOLLA  5mg./ml.,996.96,C,800.0,800.0,800.0,,1,0.0
2026,1,952,906,866,902,4,0,ANALGESICOS - KETEROLAC 30 MG AMP,604.5,C,400.0,400.0,400.0,,1,0.0
2026,1,952,906,866,902,5,0,ANTIINFLAMATORIO - DICLOFENA AMPOLLA  75mg.,713.01,C,500.0,500.0,500.0,,1,0.0
2026,1,952,906,866,902,6,0,CORTICOESTEROIDE - DEXAMETASONA AMPOLLA 8 MG.,836.99,C,500.0,500.0,500.0,,1,0.0
2026,1,952,906,866,902,7,0,DIURETICOS - HIDROCLOROTIAZIDA 25 MG COMP,103.71,C,990.0,990.0,990.0,,1,0.0
2026,1,952,906,866,902,8,0,SOLUCIONES - MC FOSFATO ADITAL SOL X 45 ML,3486.73,C,5.0,5.0,5.0,,1,0.0
2026,1,952,906,866,902,9,0,ANTIEPILEPTICO - CLONAZEPAN COMPRIMIDO 2mg.,37.16,C,2000.0,2000.0,2000.0,,1,0.0
2026,1,952,906,866,902,10,0,ANTIEPILEPTICO -  FENITOINA SODICA  AMPOLLA - 50mg.,604.5,C,100.0,100.0,100.0,,1,0.0
2026,1,952,906,866,902,11,0,ANTICONVULSIDANTE - DIVALPROATO DE SODIO 250 MG COMP,612.59,C,300.0,300.0,300.0,,1,0.0
2026,1,952,906,866,902,12,0,ANTICOAGULANTE - ENOXAPARINA 60 MG -AMPOLLA caja x 10 u,108965.0,C,2.0,2.0,2.0,,1,0.0
2026,1,952,906,866,902,13,0,ANTIEPILEPTICO - LEVITERACETAM SOLUCION ORAL X 300,40435.78,C,2.0,2.0,2.0,,1,0.0
2026,1,952,906,866,902,14,0,"OCITOCICO - METILERGONOVINA MALEATO  AMPOLLA. 0,20 MG/ML.",550.715,C,200.0,200.0,200.0,,1,0.0
2026,1,952,906,866,902,15,0,OCITOCICO - OXITOCINA 10 UI  AMPOLLAS 10 UI,341.5813,C,200.0,200.0,200.0,,1,0.0
2026,1,951,909,2883,904,1,0,aposito - aposito 15x20,173.2415,C,750.0,750.0,750.0,,1,0.0
2026,1,951,909,2883,904,2,0,ALCOHOL USO MEDICINAL - alcohol sanicol  96°  1000CC.,3054.65,C,20.0,20.0,20.0,,1,0.0
2026,1,951,909,2883,904,3,0,CEPILLO PARA LABORATORIO - CEPILLO QUIRURGICO PARA CIRUGIA ESTERIL,580.8,C,50.0,50.0,50.0,,1,0.0
2026,1,951,909,2883,904,4,0,CATETER - ABBOCATH -24 G,334.92,C,200.0,200.0,200.0,,1,0.0
2026,1,953,910,441,905,1,0,PIZARRA - PIZARRA  45X60CM,26800.0,C,1.0,1.0,1.0,,1,0.0
2026,1,953,910,441,905,2,0,FIBRON/PIZARRA - FIBRON P/PIZARRAFILGO ROJO Y NEGRO,1100.0,C,2.0,2.0,2.0,,1,0.0
2026,1,953,910,441,905,3,0,PAPEL SEIN BCO. - PAPEL SEIN BCO.60X90XKG,2650.0,C,10.0,10.0,10.0,,1,0.0
2026,1,953,910,441,905,4,0,ROLLO CON PAPEL QUIMICO - ROLLO TERMICO 57X30X10,5349.86,C,1.0,1.0,1.0,,1,0.0
2026,1,953,910,441,905,5,0,turrón maní - turrón maní ARCOR X 50 U.,17700.0,C,1.0,1.0,1.0,,1,0.0
2026,1,13,2,216,2,1,0,"Bolsas - ARMADO DE BOLSAS
50 MEDIDAS 45 X 60 X 100 N $1600 C/U $80.000
10 MEDIDAS 80 X1,10 X 50 N $1600 C/U $ 16000
  BOLSAS DE CONSORCIO 
 15 PAQUETES DE 80 X 1,10 X 50 $11500 C/U $172500",268000.0,C,1.0,1.0,1.0,,1,0.0
2026,1,10,4,688,4,1,0,"FILTROS VARIOS - W 1374/2 CLAAS NEW HOLAND $93.000 
WK 950/14 $66800 
W 940/34 CUMMINS MOT 4B 3.9 4TB 3.9 $24200 
WK 731 DEUTZ VARIOS $21700 
V-1738 AIRE ZANELLO 250 $86300 
V-1757 AIRE ZANELLO SECUNDARIO $37500",329500.0,C,1.0,1.0,1.0,,1,0.0
2026,1,9,5,688,5,1,0,AGUA DESTILADA - AGUA DESTILADA X 5 LITROS,3000.0,C,6.0,6.0,6.0,,1,0.0
2026,1,11,7,3075,7,1,0,TRAPO DE PISO - TRAPO DE PISO (GENERICO),851.0,C,100.0,100.0,100.0,,1,0.0
2026,1,11,7,3075,7,2,0,TRAPO REJILLA - TRAPO REJILLA,610.0,C,100.0,100.0,100.0,,1,0.0
2026,1,11,7,3075,7,3,0,DETERGENTE - DETERGENTE (GENERICO),10200.0,C,10.0,10.0,10.0,,1,0.0
2026,1,11,7,3075,7,4,0,Aerosol - GLADE AEROSOL,3322.63,C,48.0,48.0,48.0,,1,0.0
2026,1,12,9,441,9,1,0,Banda elástica - Banda elástica,1689.99,C,3.0,3.0,3.0,,1,0.0
2026,1,12,9,441,9,2,0,RESMA A4 - RESMA A4,7100.0,C,70.0,70.0,70.0,,1,0.0
2026,1,215,232,3287,232,1,0,"SERVICIO DE IMPRESION - SERVICIO DE IMPRESION (GENERICO)Cartel rotonda acceso.Formato 760 x 360. Loma impresa .Tensada en bastidor existente.Gastronomiía,Cultura y Tradición.",1670000.0,C,1.0,1.0,1.0,,1,0.0
2026,1,255,254,1823,254,1,0,DERECHOS Y TASAS - DERECHOS Y TASAS (GENERICO),5000000.0,C,1.0,1.0,1.0,,1,0.0
2026,1,258,255,71,255,1,0,"REPUESTO P/ BOMBEADOR - REPUESTO P/ BOMBEADOR (Genérico)PISTON, CUERPO Y SOPAPA, BARILLA BOMBA N° 3 Y SIERRA P/ SERRUCHO",46800.0,C,1.0,1.0,1.0,,1,0.0
2026,1,259,256,71,256,1,0,DIAFRAGMA BOMBA - DIAFRAGMA BOMBA (Genérico) Y PLATILLO APRIETA DIAFRAGMA,61000.0,C,1.0,1.0,1.0,,1,0.0
2026,1,259,256,71,256,2,0,RULEMAN - RULEMAN (GENERICO)P/ BOMBEADOR N° 3,6500.0,C,1.0,1.0,1.0,,1,0.0
2026,1,260,257,441,257,1,0,TALONARIO NUMERICO - TALONARIO NUMERICO (GENERICO) ROLLO DE NUMEROS,5400.0,C,1.0,1.0,1.0,,1,0.0
2026,1,260,257,441,257,2,0,TACO CALENDARIO - TACO CALENDARIO (GENERICO),7300.0,C,4.0,4.0,4.0,,1,0.0
2026,1,260,257,441,257,3,0,RESMA A4 - RESMA A4 (Genérico),7100.0,C,50.0,50.0,50.0,,1,0.0
2026,1,260,257,441,257,4,0,ROLLO DE COCINA - ROLLO DE COCINA (Genérico),11369.94,C,25.0,25.0,25.0,,1,0.0
2026,1,261,258,708,258,1,0,"SEGURO INTEGRAL - SEGURO INTEGRAL (Genérico) DE SALA DE ELABORACION, DESDE EL 01/01/2026 AL 31/12/2026",1100000.0,C,1.0,1.0,1.0,,1,0.0
2026,1,262,259,708,259,1,0,"SEGURO POR ACCIDENTES PERSONALES, MUERTE, INVALIDEZ - SEGURO POR ACCIDENTES PERSONALES, MUERTE, INVALIDEZ (Genérico) DE PERSONAS QUE TRABAJAN X CAMBIO DE PRESTACION POR GARRAFAS, ALIMENTOS Y MATERIALES DE CONSTRUCCION",3000000.0,C,1.0,1.0,1.0,,1,0.0
2026,1,263,260,2549,260,1,0,"SEGURO INTEGRAL - SEGURO INTEGRAL (Genérico)DESDE EL 01/01/2026 AL 31/12/2026, TALLER DE COSTURA",1503558.0,C,1.0,1.0,1.0,,1,0.0
2026,1,266,264,1603,264,1,0,PAN - TIPO FELIPE (FLAUTA) - PRESENTACION POR KILO,2200.0,C,25.5,25.5,25.5,,1,0.0
2026,1,571,527,527,524,1,0,"servicio de mantenimiento y reparaciones - REPRACION DE RESPIRADOR NEUMOVENT GRAPH NET SERVICIO TECNICO DE LAS 5000 HS
CONTROL DEL EQUIPO, VERIFICACION Y LIMPIEZA DE LOS FILTROS DE METAL, REMOCION DE TAPA TRASERA, LIMPIEZA GRAL, VERIFICACION ENCENDIDO Y FUNCIONAL DE TECLAS, CONTROL DE SONIDO DE ALARMA, DE PRESION DE REGULADORES, RECALIBRACION DE CONJUNTO NEUMATICO, LIMPIEZA DE CONTACTOS Y CONECCIONES DE LA PLACA CPU, CONTROL DE PARAMETROS DE CALIBRACION FUNCIONAL FINAL, LIMPIEZA GRALY CALIBRACION COMPLETA KIT 5000 HS",897815.0,C,1.0,1.0,1.0,,1,0.0
2026,1,568,528,850,525,1,0,REACTIVO - LISANTE MINDRAY 100 ML,133674.23,C,2.0,2.0,2.0,,1,0.0
2026,1,568,528,850,525,2,0,REACTIVO - LISANTE MINDRAY  52 DIFF 500 ML,206140.56,C,2.0,2.0,2.0,,1,0.0
2026,1,568,528,850,525,3,0,REACTIVO - CONTROL HEMATOLOGICO 3X 3 ML,298532.12,C,1.0,1.0,1.0,,1,0.0
2026,1,568,528,850,525,4,0,REACTIVO - CASSETE DE SENSORES SC80 300/60 P/ABL80,2471694.23,C,1.0,1.0,1.0,,1,0.0
2026,1,552,530,158,527,1,0,MEDICAMENTOS - MEDICAMENTOS DISPENSADOS DESDE EL 26/12/2025 AL 26/01/2026,254792.57,C,1.0,1.0,1.0,,1,0.0
2026,1,560,532,441,531,1,0,PAPEL FILM PVC Rolopack 380 x 300 mts - PAPEL FILM PVC Rolopack 380 x 300 mts,12600.01,C,1.0,1.0,1.0,,1,0.0
2026,1,560,532,441,531,2,0,Cinta  de papel 24x 50 - Cinta FIJAPAPEL PP 48X45,1950.0,C,1.0,1.0,1.0,,1,0.0
2026,1,560,532,441,531,3,0,SOBRE DE PAPEL SIN IMPRESION - SOBRE MANILA  24 X 30,140.0,C,20.0,20.0,20.0,,1,0.0
2026,1,560,532,441,531,4,0,SOBRE DE PAPEL SIN IMPRESION -  37 X 45Cm X 1- COLOR MANILA,320.0,C,20.0,20.0,20.0,,1,0.0
2026,1,560,532,441,531,5,0,MARCADORES - MARCADOR SHRPIE FINO NEGRO,2160.01,C,5.0,5.0,5.0,,1,0.0
2026,1,560,532,441,531,6,0,LIBRO DE ACTAS - LIBRO DE ACTAS 2224/A,9200.01,C,2.0,2.0,2.0,,1,0.0
2026,1,560,532,441,531,7,0,VASO PLASTICO DESCARTABLE - VASO  300cm¦ -X 100,5100.0,C,10.0,10.0,10.0,,1,0.0
2026,1,560,532,441,531,8,0,Vaso Termico x 120 c.c - Vaso Termico x 180 CC X 100,6733.08,C,2.0,2.0,2.0,,1,0.0
2026,1,565,535,1259,532,1,0,INTERRUPTOR TERMOMAGNETICO - TIPO BIPOLAR - CORRIENTE NOMINAL 10A - NORMA DIN.,8250.31,C,1.0,1.0,1.0,,1,0.0
2026,1,565,535,1259,532,2,0,CONTACTOR - CONTACTOR (GENERICO),36918.74,C,1.0,1.0,1.0,,1,0.0
2026,1,565,535,1259,532,3,0,FOTOCONTROL - FOTOCONTROL (GENERICO),21827.55,C,1.0,1.0,1.0,,1,0.0
2026,1,565,535,1259,532,4,0,Lampara led - Lampara led (Genérico),2104.8,C,4.0,4.0,4.0,,1,0.0
2026,1,565,535,1259,532,5,0,LAMPARA - LAMPARA (Genérico),2580.81,C,2.0,2.0,2.0,,1,0.0
2026,1,565,535,1259,532,6,0,LAMPARA BAJO CONSUMO - LAMPARA BAJO CONSUMO (Genérico),2814.0,C,4.0,4.0,4.0,,1,0.0
2026,1,565,535,1259,532,7,0,CINTA AISLADORA - MATERIAL PVC - ANCHO 12MM - LONGITUD 50m - COLOR NEGRO.,5838.54,C,2.0,2.0,2.0,,1,0.0
2026,1,565,535,1259,532,8,0,REDUCCION P/PORTALAMPARA - REDUCCION P/PORTALAMPARA (GENERICO),3168.7,C,4.0,4.0,4.0,,1,0.0
2026,1,323,304,2330,303,1,0,NAFTA SUPER - NAFTA SUPER (Genérico),2000.0,C,300.0,300.0,300.0,,1,0.0
2026,1,323,304,2330,303,2,0,INFINIA DIESEL - INFINIA DIESEL  (Genérico),2000.0,C,500.0,500.0,500.0,,1,0.0
2026,1,323,304,2330,303,3,0,AGUA DESTILADA - AGUA DESTILADA (GENERICO),6000.0,C,5.0,5.0,5.0,,1,0.0
2026,1,323,304,2330,303,4,0,Aceite dos tiempos - Aceite dos tiempos (Genérico),6000.0,C,5.0,5.0,5.0,,1,0.0
2026,1,325,305,2627,304,1,0,PASTAS FRESCAS - TUBOS DE EMPANADAS 5 DOC,6500.0,C,2.0,2.0,2.0,,1,0.0
2026,1,325,305,2627,304,2,0,PASTAS FRESCAS - FIEOS AL HUEVO N ° 3 KG,4000.0,C,5.0,5.0,5.0,,1,0.0
2026,1,326,307,1259,306,1,0,PILA SECA - PILA SECA (GENERICO): BATERIA 9V ENERGIZER MAX.,13202.29,C,2.0,2.0,2.0,,1,0.0
2026,1,326,307,1259,306,2,0,PILA SECA - TIPO LARGA DURACION: BOTON A76 ENERGIZER.,1873.79,C,2.0,2.0,2.0,,1,0.0
2026,1,328,309,2209,308,1,0,ACEITE COMESTIBLE - ACEITE CAÑUELAS  5L.,16500.0,C,10.0,10.0,10.0,,1,0.0
2026,1,328,309,2209,308,2,0,ARROZ - ARROZ GALLO 5 KG,11900.0,C,2.0,2.0,2.0,,1,0.0
2026,1,328,309,2209,308,3,0,ARVEJAS - ARVEJAS 350 GRS INALPA,590.0,C,48.0,48.0,48.0,,1,0.0
2026,1,328,309,2209,308,4,0,AZUCAR - SOBRES INDIVIDUALES X100 LEDESMA,15900.0,C,3.0,3.0,3.0,,1,0.0
2026,1,328,309,2209,308,5,0,ATUN - ATUN,1250.0,C,48.0,48.0,48.0,,1,0.0
2026,1,328,309,2209,308,6,0,AZUCAR - AZUCAR 10 KG,9999.0,C,3.0,3.0,3.0,,1,0.0
2026,1,328,309,2209,308,7,0,CAFE - CAFE  170GR - DOLCA,7500.0,C,12.0,12.0,12.0,,1,0.0
2026,1,328,309,2209,308,8,0,CHOCLO - CHOCLO INALPA 350 GRS,1090.0,C,72.0,72.0,72.0,,1,0.0
2026,1,328,309,2209,308,9,0,CACAO - CACAO AMARGO 1 KG,11900.0,C,1.0,1.0,1.0,,1,0.0
2026,1,328,309,2209,308,10,0,EDULCORANTE ARTIFICIAL - HILERET EDULC CONTENIDO 250cm¦.,2099.0,C,9.0,9.0,9.0,,1,0.0
2026,1,328,309,2209,308,11,0,EDULCORANTE ARTIFICIAL - EDULCORANTE SOBRES INDIVIDUALES CAJA X 500,9999.0,C,2.0,2.0,2.0,,1,0.0
2026,1,328,309,2209,308,12,0,HARINA - HARINA CAÑUELAS 10 X 1 KG,6999.0,C,1.0,1.0,1.0,,1,0.0
2026,1,328,309,2209,308,13,0,HARINA - HARINA PUREZA LEUD PACK 10 X 1 KG,12500.0,C,1.0,1.0,1.0,,1,0.0
2026,1,328,309,2209,308,14,0,LECHE - LECHE EN POLVO 25 KG,315000.0,C,3.0,3.0,3.0,,1,0.0
2026,1,328,309,2209,308,15,0,ADEREZOS - MAYONESA SACHET - CONTENIDO 2.900 Kg.,7999.0,C,8.0,8.0,8.0,,1,0.0
2026,1,328,309,2209,308,16,0,SAL -  FINA 500GR. CELUSAL,1099.0,C,30.0,30.0,30.0,,1,0.0
2026,1,328,309,2209,308,17,0,TE - TE X  500 GRS. ROSAMONTE,699.0,C,20.0,20.0,20.0,,1,0.0
2026,1,328,309,2209,308,18,0,LENTEJAS - LENTEJAS  LATA - PESO 400GR.,1290.0,C,10.0,10.0,10.0,,1,0.0
2026,1,328,309,2209,308,19,0,PEREJIL - AJO Y PEREJIL  1 KG|,12900.0,C,2.0,2.0,2.0,,1,0.0
2026,1,328,309,2209,308,20,0,ALIMENTOS VARIOS - NUEZ MOSCADA 10 GRS,999.0,C,10.0,10.0,10.0,,1,0.0
2026,1,328,309,2209,308,21,0,ESPECIAS - COMINO  250 Gramos,4900.0,C,1.0,1.0,1.0,,1,0.0
2026,1,328,309,2209,308,22,0,BATATA - BATATA  X 5Kg. DULCOR,10900.0,C,1.0,1.0,1.0,,1,0.0
2026,1,328,309,2209,308,23,0,DURAZNO EN LATA - DURAZNO EN LATA 820 GR,1899.0,C,12.0,12.0,12.0,,1,0.0
2026,1,328,309,2209,308,24,0,ADEREZOS - MOSTAZA 2900 GRS DANICA,7500.0,C,1.0,1.0,1.0,,1,0.0
2026,1,328,309,2209,308,25,0,QUESO - MUZZARELLA  KG SOBRERO,8500.0,C,16.8,16.8,16.8,,1,0.0
2026,1,328,309,2209,308,26,0,FIAMBRE - FIAMBR DE CERDO CAGNOLI,8900.0,C,5.9,5.9,5.9,,1,0.0
2026,1,328,309,2209,308,27,0,QUESO - BARRA  POR  KILOGRAMO.,9999.0,C,4.335,4.335,4.335,,1,0.0
2026,1,328,309,2209,308,28,0,QUESO - CREMOSOS CREMAC POR KILO,7900.0,C,4.27,4.27,4.27,,1,0.0
2026,1,328,309,2209,308,29,0,Grasa vacuna - Grasa X 10 KG,43900.0,C,1.0,1.0,1.0,,1,0.0
2026,1,329,310,2209,310,1,0,ALIMENTOS VARIOS - TE ROSAMONTE 500 GRS,699.0,C,20.0,20.0,20.0,,1,0.0
2026,1,329,310,2209,310,2,0,ARROZ - AMANDA X 1 KG.,1690.0,C,5.0,5.0,5.0,,1,0.0
2026,1,329,310,2209,310,3,0,ARROZ - ARROZ GALLO X 5 KG,11900.0,C,1.0,1.0,1.0,,1,0.0
2026,1,329,310,2209,310,4,0,POLENTA X 1 KG - POLENTA X 1 KG  PRESTOPRONTA,1099.0,C,3.0,3.0,3.0,,1,0.0
2026,1,329,310,2209,310,5,0,ATUN - ATUN 170 G,1250.0,C,48.0,48.0,48.0,,1,0.0
2026,1,329,310,2209,310,6,0,SAL - SAL FINA SOBRES X 1000,16900.0,C,2.0,2.0,2.0,,1,0.0
2026,1,329,310,2209,310,7,0,ACEITE COMESTIBLE - GIRASOL CAÑUELAS  5L.,16500.0,C,8.0,8.0,8.0,,1,0.0
2026,1,329,310,2209,310,8,0,AZUCAR - AZUCAR 10 KG,9999.0,C,4.0,4.0,4.0,,1,0.0
2026,1,329,310,2209,310,9,0,HARINA - PUREZA 0000 10  X 1Kg,9990.0,C,1.0,1.0,1.0,,1,0.0
2026,1,329,310,2209,310,10,0,HARINA - HARINA LEUDANTE 10 X 1 KG,12500.0,C,1.0,1.0,1.0,,1,0.0
2026,1,329,310,2209,310,11,0,LECHE - LECHE EN POLVO X 25 KG.,315000.0,C,1.0,1.0,1.0,,1,0.0
2026,1,329,310,2209,310,12,0,PURE DE TOMATE - PURE DE TOMATE  VIGENTE X 12 U,6500.0,C,2.0,2.0,2.0,,1,0.0
2026,1,329,310,2209,310,13,0,ADEREZOS -  MAYONESA  DANICA 2.900Kg.,7999.0,C,5.0,5.0,5.0,,1,0.0
2026,1,329,310,2209,310,14,0,DURAZNO EN LATA - DURAZNO EN LATA S&P 800 GRS,1899.0,C,12.0,12.0,12.0,,1,0.0
2026,1,329,310,2209,310,15,0,JALEA DE MEMBRILLO - MEMBRILLO DULCOR 5 KG,12900.0,C,1.0,1.0,1.0,,1,0.0
2026,1,329,310,2209,310,16,0,ARVEJAS - ARVEJAS  INALPA LATA  350GR.,590.0,C,24.0,24.0,24.0,,1,0.0
2026,1,329,310,2209,310,17,0,ESPECIAS - PIMENTON  1000 GRS.,12900.0,C,1.0,1.0,1.0,,1,0.0
2026,1,329,310,2209,310,18,0,ESPECIAS -  COMINO 1 KG,16900.0,C,1.0,1.0,1.0,,1,0.0
2026,1,329,310,2209,310,19,0,ESPECIAS -  OREGANO 1000 GRS.,12900.0,C,1.0,1.0,1.0,,1,0.0
2026,1,329,310,2209,310,20,0,DULCE DE LECHE - ILOLAY X  1000Grs.,6500.0,C,1.0,1.0,1.0,,1,0.0
2026,1,329,310,2209,310,21,0,FLAN - FLAN 5 KG ORLOC,29000.0,C,1.0,1.0,1.0,,1,0.0
2026,1,565,535,1259,532,9,0,INTERRUPTOR TERMOMAGNETICO - TIPO BIPOLAR - CORRIENTE NOMINAL 2A - NORMA DIN.,5860.4,C,1.0,1.0,1.0,,1,0.0
2026,1,565,535,1259,532,10,0,LAMPARA COMUN - CARACTERISTICA LUZ BLANCA - CAPACIDAD 60 WATTS,2580.81,C,100.0,100.0,100.0,,1,0.0
2026,1,556,536,2627,533,1,0,PASTAS FRESCAS - SORRENTINO PLANCHA,2000.0,C,14.0,14.0,14.0,,1,0.0
2026,1,549,537,688,534,1,0,FILTRO DE ACEITE P/VEHICULO - FILTRO DE ACEITE P/VEHICULO,10000.0,C,1.0,1.0,1.0,,1,0.0
2026,1,546,538,2627,535,1,0,PASTAS FRESCAS - VARIEDAD RAVIOLES X 3 PLANCHAS,3000.0,C,10.0,10.0,10.0,,1,0.0
2026,1,665,623,3481,621,1,0,"SERVICIO TECNICO Y PROFESIONAL - SERVICIO TECNICO Y PROFESIONAL (Genérico)
MAQUINA DE ESPUMA  CARNAVAL 
LUNES 16/02",840000.0,C,1.0,1.0,1.0,,1,0.0
2026,1,666,624,2991,622,1,0,"SERVICIO DE LUCES Y  SONIDO - SERVICIO DE LUCES Y  SONIDO (GENERICO)
",1400000.0,C,1.0,1.0,1.0,,1,0.0
2026,1,671,626,1477,624,1,0,"HERRERIA - HERRERIA (Genérico) Prov. de mano de obra para trabajos de herreria en medio ambiente, siendo las siguientes tareas: desarmado, reparación y rearmado de techo parabólico de galpón y reemplazar chapas en mal estado, segun contrato",3500000.0,C,1.0,1.0,1.0,,1,0.0
2026,1,889,848,492,846,1,0,PASTILLA DE FRENO - PASTILLA DE FRENO  TRASERO (SIN LOSSENSORES)),239385.6,C,1.0,1.0,1.0,,1,0.0
2026,1,889,848,492,846,2,0,FILTRO COMBUSTIBLE - CARTUCHO FILTRANTE DE FILTRO DE COMBUSTIBLE,42935.99,C,1.0,1.0,1.0,,1,0.0
2026,1,889,848,492,846,3,0,Servicio de Mantenimiento - CAMBIO ACEITE - FILTROS- PASTILLAS FRENOS,95350.0,C,3.0,3.0,3.0,,1,0.0
2026,1,889,848,492,846,4,0,FILTRO DE AIRE AP9834 - ELEMENTO FILTRO DE AIRE  PARA MOTOR DIESEL PUMA,23172.5,C,1.0,1.0,1.0,,1,0.0
2026,1,889,848,492,846,5,0,FILTRO DE AIRE P/VEHICULO - FILTRO DE AIRE P/VEHICULO de ventilacion interna,35862.08,C,1.0,1.0,1.0,,1,0.0
2026,1,889,848,492,846,6,0,FILTRO DE ACEITE P/VEHICULO - FILTRO DE ACEITE,13297.83,C,1.0,1.0,1.0,,1,0.0
2026,1,889,848,492,846,7,0,LIMPIA PARABRISAS - LIQUIDO LIMPIA PARABRISAS,5407.0,C,1.0,1.0,1.0,,1,0.0
2026,1,889,848,492,846,8,0,ACEITE MOTOR - ACEITE MOTOR,24805.0,C,10.0,10.0,10.0,,1,0.0
2026,1,478,442,2330,439,3,0,INFINIA DIESEL - INFINIA DIESEL  (Genérico),2000.0,C,500.0,500.0,500.0,,1,0.0
2026,1,478,442,2330,439,4,0,NAFTA INFINIA - NAFTA INFINIA  (Genérico),2000.0,C,500.0,500.0,500.0,,1,0.0
2026,1,478,442,2330,439,5,0,AGUA DESTILADA - AGUA DESTILADA (GENERICO),15000.0,C,30.0,30.0,30.0,,1,0.0
2026,1,478,442,2330,439,6,0,Aceite dos tiempos - Aceite dos tiempos (Genérico),15000.0,C,10.0,10.0,10.0,,1,0.0
2026,1,479,444,2843,441,1,0,POLLO - POLLO (Genérico),4000.0,C,96.0,96.0,96.0,,1,0.0
2026,1,470,447,3322,444,1,0,Rociador x 500cc - GATILLO ITALIANO,3400.02,C,4.0,4.0,4.0,,1,0.0
2026,1,470,447,3322,444,2,0,JABON P/LAVAR ROPA - SKIP ENZYMES POWER PRO X 20 L,246886.81,C,1.0,1.0,1.0,,1,0.0
2026,1,470,447,3322,444,3,0,ARTICULOS DE LIMPIEZA - PERACETICO SUTTER 20 KG,215398.83,C,1.0,1.0,1.0,,1,0.0
2026,1,470,447,3322,444,4,0,JABON LIQUIDO -  SKIP NEUTRILIZING BOOST PRO 20 L,135744.39,C,1.0,1.0,1.0,,1,0.0
2026,1,470,447,3322,444,5,0,DETERGENTE - ALA BLANQ CHLO BOOSTER 20 L,78429.31,C,2.0,2.0,2.0,,1,0.0
2026,1,470,447,3322,444,6,0,DETERGENTE - SKIP ALKALINE BOOSTER PRO 20 L,101501.64,C,2.0,2.0,2.0,,1,0.0
2026,1,470,447,3322,444,7,0,PACK ROLLOS PAPEL HIGIENICO - PAPEL HIGIENICO FELPITA 2X360,28876.4,C,3.0,3.0,3.0,,1,0.0
2026,1,470,447,3322,444,8,0,PAPEL HIGIENICO - PAPEL HIGIENICO  8 X 300 MTS,21410.15,C,3.0,3.0,3.0,,1,0.0
2026,1,470,447,3322,444,9,0,PAPEL HIGIENICO - PAPEL HIGIENICO FELPITA  X 4 X 200 M,24908.08,C,3.0,3.0,3.0,,1,0.0
2026,1,470,447,3322,444,10,0,TOALLAS DESCARTABLES - TOALLA INTERC FELPITA 10 X 250,21559.18,C,1.0,1.0,1.0,,1,0.0
2026,1,470,447,3322,444,11,0,PACK ROLLO DE COCINA - PACK ROLLO DE COCINA  8X3X60 PAÑOS,13828.1,C,1.0,1.0,1.0,,1,0.0
2026,1,470,447,3322,444,12,0,PAPEL HIGIENICO - PAPEL 4 X 12 X30 M,16493.26,C,1.0,1.0,1.0,,1,0.0
2026,1,470,447,3322,444,13,0,DETERGENTE - DETERGENTE CIF 5 LTS.,18676.33,C,2.0,2.0,2.0,,1,0.0
2026,1,470,447,3322,444,14,0,TRAPO REPASADOR - TRAPO REPASADOR MEA NARANJA,3492.33,C,2.0,2.0,2.0,,1,0.0
2026,1,470,447,3322,444,15,0,LANA DE ACERO - PRESENTACION PAQUETE X 12 UNIDADES,1369.82,C,3.0,3.0,3.0,,1,0.0
2026,1,470,447,3322,444,16,0,ESPONJA - FIBRA EXTRA FUERTE 16X22 CM,1719.94,C,6.0,6.0,6.0,,1,0.0
2026,1,471,450,3165,447,1,0,ANTIINFLAMATORIO - DICLOFENAC  75mg. COMPRIMIDOS,50.2,C,2000.0,2000.0,2000.0,,1,0.0
2026,1,471,450,3165,447,2,0,LECHE MATERNIZADA 0/6 MESES (800 gr A 1 kg) - NIDINA 1 X 800 GRS NESTLE,22118.33,C,20.0,20.0,20.0,,1,0.0
2026,1,471,450,3165,447,3,0,ANESTESICO LOCAL - LIDOCAINA JALEA  2 % 25 ML,2844.0,C,20.0,20.0,20.0,,1,0.0
2026,1,471,450,3165,447,4,0,LECHE MATERNIZADA 6/12 MESES (800 gr  a 1kg) - VITAL 1 POUCH x 1 kg nutricia,32312.45,C,20.0,20.0,20.0,,1,0.0
2026,1,471,450,3165,447,5,0,ANALGESICOS - PARACETAMOL COMPRIMIDOS 500 MG.,70.4,C,1000.0,1000.0,1000.0,,1,0.0
2026,1,471,450,3165,447,6,0,ANTIEPILEPTICO - LAMOTRIGINA 50 MG COMP,303.6,C,500.0,500.0,500.0,,1,0.0
2026,1,471,450,3165,447,7,0,ANTICONVULSIDANTE - FENITOINA COMPRIMIDOS 100mg.2 ML,792.0,C,50.0,50.0,50.0,,1,0.0
2026,1,471,450,3165,447,8,0,HIPOTENSOR - LABETALOL 200 MG COMP,495.0,C,500.0,500.0,500.0,,1,0.0
2026,1,471,450,3165,447,9,0,SUPLEMENTO NUTRICIONAL - NIDINA 2 800 GR NESTLE,23002.9,C,8.0,8.0,8.0,,1,0.0
2026,1,471,450,3165,447,10,0,ANTIULCEROSO - RANITIDINA  AMPOLLA  50mg.,580.0,C,500.0,500.0,500.0,,1,0.0
2026,1,471,450,3165,447,11,0,ANTIBIOTICOS - PIPERACILINA 4 g.+TAZOBACTAM 500 mg. - AMPOLLA,11250.0,C,100.0,100.0,100.0,,1,0.0
2026,1,471,450,3165,447,12,0,ANTIALERGICO - ANTIHISTAMINICO - DIFENHIDRAMINA CLORHIDRATO AMPOLLA,986.0,C,600.0,600.0,600.0,,1,0.0
2026,1,471,450,3165,447,13,0,OVATAS - OVATAS 10 CM X 3 MTS,1767.33,C,40.0,40.0,40.0,,1,0.0
2026,1,471,450,3165,447,14,0,MEDICAMENTOS - NORADRENALINA AMPOLLAS,1144.0,C,100.0,100.0,100.0,,1,0.0
2026,1,471,450,3165,447,15,0,ANALGESICOS - ACIDO ACETIL SALICILICO 100 MG COMP,42.68,C,2000.0,2000.0,2000.0,,1,0.0
2026,1,471,450,3165,447,16,0,ANTIEMETICO - DIMENHIDRINATO 50 MG COMP,924.0,C,430.0,430.0,430.0,,1,0.0
2026,1,471,450,3165,447,17,0,MEDICAMENTOS - ONDASENSETRON 8 MG AMPOLLAS,960.0,C,50.0,50.0,50.0,,1,0.0
2026,1,471,450,3165,447,18,0,VENDA USO MEDICO - DE YESO  10 X 2.7 M,2693.81,C,40.0,40.0,40.0,,1,0.0
2026,1,471,450,3165,447,19,0,ANTISEPTICO LOCAL - IODOPOVIDONA SOLUCION 1000CM3.,27540.0,C,15.0,15.0,15.0,,1,0.0
2026,1,471,450,3165,447,20,0,DIURETICOS - FUROSEMIDA AMPOLLAS,490.5,C,600.0,600.0,600.0,,1,0.0
2026,1,471,450,3165,447,21,0,ANALGESICOS -  TRAMADOL  AMPOLLAS  100 MG/ML.,1646.5,C,200.0,200.0,200.0,,1,0.0
2026,1,471,450,3165,447,22,0,ANTIBIOTICOS - CEFALEXINA COMPRIMIDOS 500mg.,234.0,C,2000.0,2000.0,2000.0,,1,0.0
2026,1,471,450,3165,447,23,0,ANTIBIOTICOS -  TOBRAMICINA 0.3 GOTAS 5 ML,3420.0,C,50.0,50.0,50.0,,1,0.0
2026,1,615,579,2988,576,1,0,Organización de evento - Organización de evento (Genérico),850000.0,C,1.0,1.0,1.0,,1,0.0
2026,1,611,581,436,578,1,0,PARCHE P/CAMARA - PARCHE P/CAMARA (GENERICO),1339000.0,C,1.0,1.0,1.0,,1,0.0
2026,1,612,582,300,579,1,0,"BULON - MATERIAL HIERRO - DIAMETRO 1/2"" - LONGITUD 3 1/4"" - CABEZA HEXAGONAL - ROSCA WHITWORTH - PRESENTACION CAJA X 25.",129.0,C,10.0,10.0,10.0,,1,0.0
2026,1,612,582,300,579,2,0,"ARANDELA - MATERIAL BRONCE - TIPO PLANA - DIAMETRO INTERIOR 5/32"" - DIAMETRO EXTERIOR 3/8"" - PRESENTACION CAJA X 50.",250.0,C,1.0,1.0,1.0,,1,0.0
2026,1,612,582,300,579,3,0,RASTRILLO - RASTRILLO (GENERICO),5500.0,C,5.0,5.0,5.0,,1,0.0
2026,1,329,310,2209,310,22,0,GELATINA - GELATINA 5 KG ORLOC,31500.0,C,1.0,1.0,1.0,,1,0.0
2026,1,329,310,2209,310,23,0,EDULCORANTE ARTIFICIAL - EDULC LIQUIDO HILERET X  250cm¦.,2099.0,C,9.0,9.0,9.0,,1,0.0
2026,1,329,310,2209,310,24,0,CACAO - NESQUIK X 800 GRS.,6500.0,C,2.0,2.0,2.0,,1,0.0
2026,1,329,310,2209,310,25,0,ALIMENTOS PARA PERSONAS - PALMITOS ENTEROS 400 GRS,3690.0,C,2.0,2.0,2.0,,1,0.0
2026,1,329,310,2209,310,26,0,PATE / PICADILLO - PATE SWIFT 90 GRS,999.0,C,3.0,3.0,3.0,,1,0.0
2026,1,329,310,2209,310,27,0,QUESO - QUESO BARRACREMAC  POR  KILOGRAMO.,9999.0,C,4.385,4.385,4.385,,1,0.0
2026,1,329,310,2209,310,28,0,FIAMBRE - FIAMBRE COCIDO POR KILOGRAMO.,8900.0,C,12.065,12.065,12.065,,1,0.0
2026,1,329,310,2209,310,29,0,QUESO - QUESO MUZZARELLA SOBRERO KG,8500.0,C,16.9,16.9,16.9,,1,0.0
2026,1,329,310,2209,310,30,0,QUESO - CREMAC KG,7900.0,C,8.54,8.54,8.54,,1,0.0
2026,1,392,329,3439,328,1,0,"SERVICIOS TECNICOS Y PROFESIONALES - SERVICIOS TECNICOS Y PROFESIONALES (Genérico)
A partir del 01 de enero hasta el 31 de marzo 2026, percibiendo la suma de:
- $ 680.956,80 mensual, 80 horas mensuales.",680956.8,C,3.0,3.0,3.0,,1,0.0
2026,1,426,382,3495,380,1,0,PLANTAS ORNAMENTALES - PLANTAS ORNAMENTALES (GENERICO)PINO,425000.0,C,1.0,1.0,1.0,,1,0.0
2026,1,427,409,195,406,1,0,CABLE UTP - CABLE UTP EXTERIOR,1007.11,C,305.0,305.0,305.0,,1,0.0
2026,1,430,410,297,407,1,0,GLIFOSATO RONDO - GLIFOSATO RONDO (Genérico) X 20,200790.0,C,2.0,2.0,2.0,,1,0.0
2026,1,430,410,297,407,2,0,HERBICIDA - HERBICIDA (GENERICO) X 1 LTS,61100.0,C,4.0,4.0,4.0,,1,0.0
2026,1,438,411,2222,408,1,0,Servicio Tecnico y Profesional - Servicio Tecnico y Profesional (Genérico)ASESORAMIENTO PROFESIONAL A LA SECRETARIA EN PLANEAMIENTO DE DIVERSOS PROYECTOS. DOS PAGOS TRIMESTRALES DESDE EL 01/01 AL 30/06 DEL 2026,1875000.0,C,1.0,1.0,1.0,,1,0.0
2026,1,440,412,1514,409,1,0,GAS OIL - GAS OIL (GENERICO),1611.0,C,3000.0,3000.0,3000.0,,1,0.0
2026,1,478,442,2330,439,1,0,DIESEL 500 - DIESEL 500  (Genérico),2000.0,C,500.0,500.0,500.0,,1,0.0
2026,1,478,442,2330,439,2,0,NAFTA SUPER - NAFTA SUPER (Genérico),2000.0,C,500.0,500.0,500.0,,1,0.0
2026,1,1013,936,1066,931,1,0,ESTABILIZADO - ESTABILIZADO 0-30 (Genérico) (GRANZA CON POLVO DE PIEDRAS 0.30),17676.0,C,450.0,450.0,450.0,,1,0.0
2026,1,612,582,300,579,4,0,PINTURA AL LATEX - PINTURA AL LATEX (Genérico),73353.0,C,1.0,1.0,1.0,,1,0.0
2026,1,612,582,300,579,5,0,VIRUTA - VIRUTA (GENERICO),5500.0,C,1.0,1.0,1.0,,1,0.0
2026,1,612,582,300,579,6,0,MEDIA SOMBRA - MEDIA SOMBRA (Genérico),3900.0,C,6.0,6.0,6.0,,1,0.0
2026,1,612,582,300,579,7,0,SOGA - SOGA (GENERICO),185.0,C,8.0,8.0,8.0,,1,0.0
2026,1,612,582,300,579,8,0,LUBRICANTE EN AEROSOL - LUBRICANTE EN AEROSOL (Genérico),8350.0,C,1.0,1.0,1.0,,1,0.0
2026,1,612,582,300,579,9,0,ROLLOS CINTA PAPEL - ROLLOS CINTA PAPEL (Genérico),3900.0,C,1.0,1.0,1.0,,1,0.0
2026,1,612,582,300,579,10,0,TENSOR - TENSOR (GENERICO),10030.0,C,1.0,1.0,1.0,,1,0.0
2026,1,612,582,300,579,11,0,CANDADO - CANDADO (GENERICO),39700.0,C,2.0,2.0,2.0,,1,0.0
2026,1,613,583,826,580,1,0,COMISIONES - COMISIONES (Genérico) LA PLATA,65000.0,C,1.0,1.0,1.0,,1,0.0
2026,1,616,585,1266,582,1,0,SERVICIO DE ALARMA Y MONITOREO - SERVICIO DE ALARMA Y MONITOREO (Genérico)DESDE EL 01/01/2026 AL 30/04/2026.ABONO 5546 CON COMUNICADOR EN COMODATO,59200.0,C,4.0,4.0,4.0,,1,0.0
2026,1,625,589,2109,586,1,0,MANTENIMIENTO DE PAGINA WEB - MANTENIMIENTO DE PAGINA WEB (Genérico)Mantenimiento en el sistewma de Grandes Cotribuyentes:ocultar el estado de pago (pagado/no pagado ) en declaraciones juradas.,40000.0,C,1.0,1.0,1.0,,1,0.0
2026,1,629,592,635,589,1,0,SERVICIO DE IMPRESION - SERVICIO DE IMPRESION (Genérico)20 talonarios y colocación de varios ploter,285000.0,C,1.0,1.0,1.0,,1,0.0
2026,1,628,593,635,590,1,0,SERVICIO DE IMPRESION - SERVICIO DE IMPRESION (Genérico)20 talonarios.,140000.0,C,1.0,1.0,1.0,,1,0.0
2026,1,622,595,441,592,1,0,BROCHES PRESION - MAPED N° 10 X 1000,720.0,C,100.0,100.0,100.0,,1,0.0
2026,1,622,595,441,592,2,0,BROCHE P/ ABROCHADORA - MIT 50 X 1000,1700.0,C,100.0,100.0,100.0,,1,0.0
2026,1,622,595,441,592,3,0,CARTULINA - TAPA CARTULINA,9000.0,C,2.0,2.0,2.0,,1,0.0
2026,1,622,595,441,592,4,0,MARCADORES - MARCADORES (GENERICO),1100.0,C,12.0,12.0,12.0,,1,0.0
2026,1,622,595,441,592,5,0,PEGAMENTO - PEGAMENTO (GENERICO),2280.0,C,2.0,2.0,2.0,,1,0.0
2026,1,622,595,441,592,6,0,BOLSAS C/ADHESIVO - 20 X 30X100,7787.97,C,2.0,2.0,2.0,,1,0.0
2026,1,622,595,441,592,7,0,CUTTER - CUTTER (GENERICO),2899.99,C,1.0,1.0,1.0,,1,0.0
2026,1,954,911,171,906,1,0,LAMPARA DICROICA - LAMPARA DICROICA,2000.0,C,4.0,4.0,4.0,,1,0.0
2026,1,954,911,171,906,2,0,LLAVE TERMICA - PARA VENTILADOR MODELO DIMER,27900.0,C,1.0,1.0,1.0,,1,0.0
2026,1,957,912,160,907,1,0,GARRAPATICIDA - ADVOCATE PERRO GRANDE 25 A 40 KG,38000.0,C,3.0,3.0,3.0,,1,0.0
2026,1,957,912,160,907,2,0,TRANQUILIZANTE - ACETINIZANTE INY X 50 CC,30140.0,C,1.0,1.0,1.0,,1,0.0
2026,1,957,912,160,907,3,0,ANTIBIOTICO - ATB LISTO 100 ML,58100.0,C,2.0,2.0,2.0,,1,0.0
2026,1,957,912,160,907,4,0,FORMIDOR GRANULADO - FORMIDOR GRANULADO 500 GR,9500.0,C,1.0,1.0,1.0,,1,0.0
2026,1,957,912,160,907,5,0,FONMIDOR - FORMIX GEL HORMIGA 10 GRS,4300.0,C,3.0,3.0,3.0,,1,0.0
2026,1,947,913,2869,908,1,0,CARNE - BONDIOLA KG,9900.0,C,19.6,19.6,19.6,,1,0.0
2026,1,947,913,2869,908,2,0,CARNE -  BIFE C KG,16990.0,C,18.1,18.1,18.1,,1,0.0
2026,1,947,913,2869,908,3,0,CARNE -  CUADRIL. KG,19490.0,C,27.6,27.6,27.6,,1,0.0
2026,1,947,913,2869,908,4,0,CARNE - PECETO. KG,18900.0,C,22.3,22.3,22.3,,1,0.0
2026,1,947,913,2869,908,5,0,CARNE - LENGUA. KG,14500.0,C,4.3,4.3,4.3,,1,0.0
2026,1,955,914,612,909,1,0,CARTUCHO TONER - BROTHER BLACK ORIGINAL,28000.0,C,1.0,1.0,1.0,,1,0.0
2026,1,955,914,612,909,2,0,CARTUCHO TONER -  TONER AMARILLO CIAN MAGENTA,22000.0,C,3.0,3.0,3.0,,1,0.0
2026,1,956,915,527,910,1,0,CIRCUITO DE ARM CON TRAMPA DE AGUA,29890.0,C,3.0,3.0,3.0,,1,0.0
2026,1,956,915,527,910,2,0,COLLARES DE PHILADELFIA - COLLAR DE PHILADELFIA,20760.0,C,3.0,3.0,3.0,,1,0.0
2026,1,958,916,441,911,1,0,BOLSAS DE CONSORCIO 80 X 110 X 10 - BOLSAS DE CONSORCIO 80 X 110 X 10 (Genérico),1600.0,C,15.0,15.0,15.0,,1,0.0
2026,1,958,916,441,911,2,0,BOLSA DE RESIDUOS - DIMENSION 45 X 60Cm - PRESENTACION BOLSA X 10. - ESPESOR 0 - COLOR VARIADO,650.0,C,6.0,6.0,6.0,,1,0.0
2026,1,959,918,717,913,1,0,DERRIBANTE EN AEROSOL - DERRIBANTE EN AEROSOL (Genérico),6500.0,C,2.0,2.0,2.0,,1,0.0
2026,1,982,919,1141,914,1,0,LONA - LONA (GENERICO),770000.0,C,1.0,1.0,1.0,,1,0.0
2026,1,983,924,826,919,1,0,COMISIONES - COMISIONES (Genérico) LA PLATA,65000.0,C,1.0,1.0,1.0,,1,0.0
2026,1,985,928,2209,923,1,0,LECHE - LECHE EN POLVO  25 KG,327499.99,C,1.0,1.0,1.0,,1,0.0
2026,1,985,928,2209,923,2,0,QUESO - CREMOSO CREMAC POR KILO,8500.0,C,8.62,8.62,8.62,,1,0.0
2026,1,985,928,2209,923,3,0,PURE DE TOMATE - PURE DE TOMATE  VIGENTE X 12 U,6900.0,C,2.0,2.0,2.0,,1,0.0
2026,1,985,928,2209,923,4,0,ADEREZOS -  MAYONESA 2.900 Kg.,8500.0,C,6.0,6.0,6.0,,1,0.0
2026,1,985,928,2209,923,5,0,DURAZNO EN LATA - DURAZNO EN LATA 800 GRS S&P,1950.0,C,12.0,12.0,12.0,,1,0.0
2026,1,985,928,2209,923,6,0,ESPECIAS - PIMENTON 1 KG,11500.0,C,1.0,1.0,1.0,,1,0.0
2026,1,985,928,2209,923,7,0,DULCE DE LECHE - DULCE DE LECHE 1000GR.ILOLAY,6900.0,C,1.0,1.0,1.0,,1,0.0
2026,1,985,928,2209,923,8,0,FLAN - FLAN ORLOC SABOR VAINILLA. 5 KG,29000.0,C,1.0,1.0,1.0,,1,0.0
2026,1,985,928,2209,923,9,0,"GELATINA - VS GUSTOS PESO 5 KGS,",31500.0,C,1.0,1.0,1.0,,1,0.0
2026,1,985,928,2209,923,10,0,EDULCORANTE ARTIFICIAL - HILERET LIQ.  250cm¦.,2090.0,C,9.0,9.0,9.0,,1,0.0
2026,1,985,928,2209,923,11,0,PATE / PICADILLO - PATE SWIFT 90 GRS,799.0,C,3.0,3.0,3.0,,1,0.0
2026,1,985,928,2209,923,12,0,ALIMENTOS VARIOS - TE ROSAMONTE 500 GRS,590.0,C,20.0,20.0,20.0,,1,0.0
2026,1,985,928,2209,923,13,0,QUESO - QUESO MOZZARELLA SOBRERO,8500.0,C,16.74,16.74,16.74,,1,0.0
2026,1,985,928,2209,923,14,0,FIAMBRE - FIAMBRE DE CERDO POR KILOGRAMO.,8900.0,C,18.0,18.0,18.0,,1,0.0
2026,1,985,928,2209,923,15,0,QUESO - BARRA CREMAC POR  KILOGRAMO.,9500.0,C,9.18,9.18,9.18,,1,0.0
2026,1,985,928,2209,923,16,0,ARROZ - amanda 1/2Kg.,850.0,C,5.0,5.0,5.0,,1,0.0
2026,1,985,928,2209,923,17,0,GALLETITAS - DE ARROZ 500 G,1150.0,C,5.0,5.0,5.0,,1,0.0
2026,1,985,928,2209,923,18,0,POLENTA X 1 KG - POLENTA X 400 GRS PRESTO PRONTA,1399.0,C,3.0,3.0,3.0,,1,0.0
2026,1,985,928,2209,923,19,0,SAL - SAL FINA SOBRES X 1000,15900.0,C,1.0,1.0,1.0,,1,0.0
2026,1,985,928,2209,923,20,0,ACEITE COMESTIBLE -  GIRASOL CAÑUELAS 5L.,16900.0,C,8.0,8.0,8.0,,1,0.0
2026,1,985,928,2209,923,21,0,AZUCAR - AZUCAR 10 KG,10500.0,C,3.0,3.0,3.0,,1,0.0
2026,1,985,928,2209,923,22,0,HARINA - TIPO 0000 - PESO 1Kg FAVORITA,1050.0,C,15.0,15.0,15.0,,1,0.0
2026,1,985,928,2209,923,23,0,HARINA - BLANCAFLOR LEUDANTE - PESO 1Kg,1490.0,C,15.0,15.0,15.0,,1,0.0
2026,1,984,930,777,925,1,0,SOLENOIDE TIPO  3906398 12 V - SOLENOIDE TIPO  3906398 12 V (Genérico),97500.0,C,1.0,1.0,1.0,,1,0.0
2026,1,984,930,777,925,2,0,TENSOR - TENSOR (GENERICO),39000.0,C,1.0,1.0,1.0,,1,0.0
2026,1,984,930,777,925,3,0,BOMBIN AUXILIAR P/EMBRAGUE - BOMBIN AUXILIAR P/EMBRAGUE (GENERICO),65000.0,C,1.0,1.0,1.0,,1,0.0
2026,1,986,931,3287,926,1,0,"IMPRESION DE PUBLICACION - IMPRESION DE PUBLICACION (GENERICO) CERTIFICADOS TALLER TEXTIL,FORMATO A4,FRENTE PAPEL ILUSTRACION 300 GR",52500.0,C,1.0,1.0,1.0,,1,0.0
2026,1,63,65,3258,66,1,0,TIMBRE POSTAL - TIMBRE POSTAL (Genérico),3000000.0,C,1.0,1.0,1.0,,1,0.0
2026,1,1019,989,300,984,1,0,Lampara led - Lampara led (Genérico),1100.0,C,5.0,5.0,5.0,,1,0.0
2026,1,1019,989,300,984,2,0,Aerosol - Aerosol (Genérico),8350.0,C,1.0,1.0,1.0,,1,0.0
2026,1,1019,989,300,984,3,0,PINTURA EN AEROSOL - PINTURA EN AEROSOL (GENERICO),6900.0,C,1.0,1.0,1.0,,1,0.0
2026,1,1019,989,300,984,4,0,PINTURA ACRILICA - PINTURA ACRILICA (Genérico) BRIKOL,21000.0,C,4.0,4.0,4.0,,1,0.0
2026,1,1019,989,300,984,5,0,RODILLO - RODILLO (GENERICO),1800.0,C,1.0,1.0,1.0,,1,0.0
2026,1,1019,989,300,984,6,0,TINER - TINER (Genérico),5650.0,C,1.0,1.0,1.0,,1,0.0
2026,1,1019,989,300,984,7,0,TORNILLOS - TORNILLOS (Genérico),35.0,C,28.0,28.0,28.0,,1,0.0
2026,1,1019,989,300,984,8,0,RODILLO - MATERIAL GOMAESPUMA - LARGO 5 Cm.,1000.0,C,1.0,1.0,1.0,,1,0.0
2026,1,1019,989,300,984,9,0,PINCEL - PINCEL (Genérico),7100.0,C,2.0,2.0,2.0,,1,0.0
2026,1,1020,990,300,985,1,0,Lampara led - Lampara led (Genérico),1150.0,C,3.0,3.0,3.0,,1,0.0
2026,1,1020,990,300,985,2,0,ENCHUFE PPP TRIPLE - ENCHUFE PPP TRIPLE (Genérico),5000.0,C,2.0,2.0,2.0,,1,0.0
2026,1,1020,990,300,985,3,0,ZAPATILLA - ZAPATILLA (GENERICO),9900.0,C,1.0,1.0,1.0,,1,0.0
2026,1,1020,990,300,985,4,0,ESMALTE SINTETICO - ESMALTE SINTETICO (GENERICO) AMARILLO NEGRO NARANJA VERDE,14385.0,C,5.0,5.0,5.0,,1,0.0
2026,1,1020,990,300,985,5,0,RODILLO - RODILLO (GENERICO),1800.0,C,1.0,1.0,1.0,,1,0.0
2026,1,1020,990,300,985,6,0,ESMALTE SINTETICO - ESMALTE SINTETICO (Genérico),47572.0,C,1.0,1.0,1.0,,1,0.0
2026,1,1020,990,300,985,7,0,CAL - CAL DE BLANQUEO,6600.0,C,1.0,1.0,1.0,,1,0.0
2026,1,1021,991,3332,986,1,0,silenciador trasero - silenciador trasero (Genérico),115800.0,C,1.0,1.0,1.0,,1,0.0
2026,1,1021,991,3332,986,2,0,CAÑO - CAÑO (GENERICO),67000.0,C,1.0,1.0,1.0,,1,0.0
2026,1,1021,991,3332,986,3,0,CARGA DE MATAFUEGOS Y MANTENIMIENTO - ACCION GAS ATAL,146400.0,C,1.0,1.0,1.0,,1,0.0
2026,1,1022,992,300,987,1,0,PEGAMENTO - PEGAMENTO (GENERICO),2500.0,C,1.0,1.0,1.0,,1,0.0
2026,1,1022,992,300,987,2,0,SIERRA CIRCULAR - POTENCIA ENTRADA 1200W - VELOCIDAD EN VACIO 2000RPM - PROFUNDIDAD CORTE 0-55MM,179630.0,C,1.0,1.0,1.0,,1,0.0
2026,1,1022,992,300,987,3,0,PINTURA AL LATEX - PINTURA AL LATEX (Genérico),45000.0,C,5.0,5.0,5.0,,1,0.0
2026,1,1022,992,300,987,4,0,PINCELETA Nº 4 - PINCELETA Nº 4 (Genérico),9900.0,C,7.0,7.0,7.0,,1,0.0
2026,1,1022,992,300,987,5,0,PINTURA AL LATEX - USO P/LADRILLOS - COLOR MATE - CAPACIDAD 20L.,145000.0,C,1.0,1.0,1.0,,1,0.0
2026,1,1022,992,300,987,6,0,PRECINTO NYLON 4.8 X 200 mm - PRECINTO NYLON 4.8 X 200 mm (Genérico),11900.0,C,1.0,1.0,1.0,,1,0.0
2026,1,1023,993,300,988,1,0,ANTIOXIDO SINTETICO CROMATO - ANTIOXIDO SINTETICO CROMATO (GENERICO),14635.0,C,1.0,1.0,1.0,,1,0.0
2026,1,1023,993,300,988,2,0,SILOC X 300 TRANS. - SILOC X 300 TRANS. (Genérico),16198.0,C,1.0,1.0,1.0,,1,0.0
2026,1,1023,993,300,988,3,0,PINCEL - PINCEL (GENERICO),4900.0,C,1.0,1.0,1.0,,1,0.0
2026,1,1023,993,300,988,4,0,PINCEL - TIPO V.1 - USO S/1900 BCO. - MATERIAL CERDA,5900.0,C,2.0,2.0,2.0,,1,0.0
2026,1,1023,993,300,988,5,0,VIRUTA - VIRUTA (GENERICO),5500.0,C,2.0,2.0,2.0,,1,0.0
2026,1,1023,993,300,988,6,0,PINCELETA - PINCELETA (Genérico),9900.0,C,4.0,4.0,4.0,,1,0.0
2026,1,1023,993,300,988,7,0,PINTURA AL LATEX - USO MUROS - COLOR BLANCO - CAPACIDAD 20L.,73353.0,C,3.0,3.0,3.0,,1,0.0
2026,1,1023,993,300,988,8,0,PINTURA IMPERMEABILIZANTE - PINTURA IMPERMEABILIZANTE (GENERICO),167480.0,C,1.0,1.0,1.0,,1,0.0
2026,1,1023,993,300,988,9,0,PINTURA AL LATEX - USO PISCINAS - COLOR CELESTE - CAPACIDAD 4L.,32500.0,C,2.0,2.0,2.0,,1,0.0
2026,1,1023,993,300,988,10,0,PINTURA AL LATEX - USO MUROS - COLOR BLANCO - CAPACIDAD 4L.,78690.0,C,1.0,1.0,1.0,,1,0.0
2026,1,1024,994,300,989,1,0,ROLLOS CINTA PAPEL - ROLLOS CINTA PAPEL (Genérico),2300.0,C,18.0,18.0,18.0,,1,0.0
2026,1,648,617,300,615,9,0,TIRAFONDO - MATERIAL - TAMAÑO 1/4 x 1 3/4,111.0,C,10.0,10.0,10.0,,1,0.0
2026,1,648,617,300,615,10,0,CIERRE PORTA CANDADO - CIERRE PORTA CANDADO (Genérico),1950.0,C,1.0,1.0,1.0,,1,0.0
2026,1,648,617,300,615,11,0,DISCO CON VELCRO - DISCO CON VELCRO (Genérico),4360.0,C,1.0,1.0,1.0,,1,0.0
2026,1,637,618,1603,616,1,0,PAN X bolsita de 1 kg. - PAN X bolsita de 1/2 kg. (Genérico),2200.0,C,50.0,50.0,50.0,,1,0.0
2026,1,638,619,3296,617,1,0,PINTURA AL LATEX - PINTURA AL LATEX (GENERICO) exterior 4 litros,62920.0,C,1.0,1.0,1.0,,1,0.0
2026,1,639,620,2410,618,1,0,"REPARACION DE CAMION - CAMIONETA - REPARACION DE CAMION - CAMIONETA (GENERICO)
desarme de trompa para cambiar lámparas y reparación en óptica delantera",180000.0,C,1.0,1.0,1.0,,1,0.0
2026,1,640,621,2593,619,1,0,"CERRAJERIA - DESCRIPCION CERRAJERIA, CAMBIODE CERRADURA Y 6 COPIAS DE LLAVE",95000.0,C,1.0,1.0,1.0,,1,0.0
2026,1,684,657,2410,655,1,0,Luces - Luces  delanteras,120000.0,C,1.0,1.0,1.0,,1,0.0
2026,1,681,658,1259,656,1,0,Pila - Pila (PILA AAA),2031.4,C,4.0,4.0,4.0,,1,0.0
2026,1,678,659,1259,657,1,0,Cable T T  2 X 2 1/2 - Cable T T  2 X 2 1/2 (Genérico),4228.0,C,7.0,7.0,7.0,,1,0.0
2026,1,678,659,1259,657,2,0,INTERRUPTOR TERMOMAGNETICO - TIPO BIPOLAR - CORRIENTE NOMINAL 10A - NORMA DIN.,14774.2,C,1.0,1.0,1.0,,1,0.0
2026,1,691,660,441,658,1,0,SELLO - SELLO AUT 912 47X18,12500.0,C,1.0,1.0,1.0,,1,0.0
2026,1,687,662,413,660,1,0,PARCHE P/CAMARA - PARCHE P/CAMARA (GENERICO)VENTO LFN114,8000.0,C,1.0,1.0,1.0,,1,0.0
2026,1,756,675,3011,673,1,0,CRUCETA P/AUTOMOTOR - CRUCETA P/AUTOMOTOR (GENERICO),254100.0,C,2.0,2.0,2.0,,1,0.0
2026,1,756,675,3011,673,2,0,CARDAN DE MOTOR - CARDAN DE MOTOR (Genérico),1645600.0,C,1.0,1.0,1.0,,1,0.0
2026,1,756,675,3011,673,3,0,"ARANDELA - MATERIAL HIERRO - TIPO PLANA - DIAMETRO INTERIOR 1/4"" - PRESENTACION CAJA X 144.",2420.0,C,4.0,4.0,4.0,,1,0.0
2026,1,756,675,3011,673,4,0,"TORNILLO - USO PARA METAL(PRISIONERO) - CABEZA FRESADA - RANURA P/DESTORNILLADOR PLANO - MATERIAL ACERO SAE 1010 - DIAMETRO 3/32"" - LARGO 3/4"" - PRESENTACION CAJA X 1000.",3630.0,C,4.0,4.0,4.0,,1,0.0
2026,1,756,675,3011,673,5,0,"TORNILLO - USO PARA METAL(PRISIONERO) - CABEZA FRESADA - RANURA P/DESTORNILLADOR PLANO - MATERIAL ACERO SAE 1010 - DIAMETRO 3/32"" - LARGO 3/8"" - PRESENTACION CAJA X 1000.",2420.0,C,2.0,2.0,2.0,,1,0.0
2026,1,756,675,3011,673,6,0,"ARANDELA - MATERIAL HIERRO - TIPO PLANA - DIAMETRO INTERIOR 3/16"" - PRESENTACION CAJA X 144.",36300.0,C,1.0,1.0,1.0,,1,0.0
2026,1,756,675,3011,673,7,0,ANILLO ORING 1081-01070 - ANILLO ORING 1081-01070 (Genérico),24200.0,C,1.0,1.0,1.0,,1,0.0
2026,1,756,675,3011,673,8,0,RETEN P/AUTOMOTOR Y MAQ.VIAL - MARCA FIAT - DESTINO DIFERENCIAL - MODELO 147/FIORINO.,508200.0,C,1.0,1.0,1.0,,1,0.0
2026,1,756,675,3011,673,9,0,JUEGO JUNTAS COMPLETO MOTOR -RETENES CIGUEÑAL - JUEGO JUNTAS COMPLETO MOTOR -RETENES CIGUEÑAL (Genérico),108900.0,C,1.0,1.0,1.0,,1,0.0
2026,1,756,675,3011,673,10,0,RODAMIENTO - (Sin clasificar),145200.0,C,1.0,1.0,1.0,,1,0.0
2026,1,719,676,2069,674,1,0,"maderas en general. - maderas en general. (Genérico)
maderas dura de cedro 
3 hojas con vidrio repartido, de 194 x 210",850000.0,C,1.0,1.0,1.0,,1,0.0
2026,1,721,679,879,677,1,0,CEMENTO X 50 KG - CEMENTO X 50 KG (Genérico),9620.0,C,1.0,1.0,1.0,,1,0.0
2026,1,721,679,879,677,2,0,CALCEMIT - CALCEMIT (Genérico),7600.0,C,1.0,1.0,1.0,,1,0.0
2026,1,721,679,879,677,3,0,ARENA - ARENA (Genérico),29400.0,C,0.5,0.5,0.5,,1,0.0
2026,1,721,679,879,677,4,0,LADRILLOS HUECOS 12/18/33 - LADRILLOS HUECOS 12/18/33 (Genérico),1140.0,C,30.0,30.0,30.0,,1,0.0
2026,1,721,679,879,677,5,0,LADRILLOS COMUNES - LADRILLOS COMUNES (Genérico),310.0,C,20.0,20.0,20.0,,1,0.0
2026,1,722,683,413,679,1,0,"PARCHE P/CAMARA - PARCHE 1400 X 24 VOLVO 730 $35000
PARCHE 650 X 16 RODILLO $10000
PARCHE 750 X 20 (RODULLO NEUMATICO )  $10000
2 PARCHE 750 X 20 (RODILLO) $20000
1 PARCHE 750 X 20 (TANQUE 6 ) $8000
PARCHE 1400 X 24 PAUNY 160 $35000 
PARCHE 185/65/14 AMAROK $8000
PARCHE 215/80/16 RANGER $10000
PARCHE 149 X 26 $30000 
PARCHE 750 X 20 TANQUE 3 $ 10000
PARCHE 149X 26 MOTO PAUNY 180 $35000 
PARCHE 255 /70/16 RANGER $10000 
PARCHE 1400 X24 MOTO VOLVO $35000 
PARCHE 750 X 20 $10000 
PARCHE 1400 X 24 MOTO N. HOLLAND $350000
PARCHE 1400 X 24 $35000 
PARCHE 14 $8000",354000.0,C,1.0,1.0,1.0,,1,0.0
2026,1,722,683,413,679,2,0,CUBIERTA P/AUTOMOTOR - 750 X 20 NUEVAS (RODILLO NEUMATICO ),343750.0,C,2.0,2.0,2.0,,1,0.0
2026,1,724,685,2593,683,1,0,CERRAJERIA - CERRAJERIA (GENERICO) COPIAS DE LLAVE SALON N° 5,14000.0,C,1.0,1.0,1.0,,1,0.0
2026,1,725,687,879,685,1,0,CANILLA ESFERICA HIERRO - CANILLA ESFERICA HIERRO (Genérico),34100.0,C,1.0,1.0,1.0,,1,0.0
2026,1,725,687,879,685,2,0,FLEXIBLE DE ACERO INOX. - FLEXIBLE DE ACERO INOX. (Genérico),4340.0,C,1.0,1.0,1.0,,1,0.0
2026,1,725,687,879,685,3,0,TEFLON - TEFLON (GENERICO),2800.0,C,1.0,1.0,1.0,,1,0.0
2026,1,725,687,879,685,4,0,CANILLA ESFERICA HIERRO 3/4 - CANILLA ESFERICA HIERRO 3/4 (Genérico),12130.0,C,1.0,1.0,1.0,,1,0.0
2026,1,726,690,2410,687,1,0,REPARACION ALTERNADOR - REPARACION ALTERNADOR (Genérico),870000.0,C,1.0,1.0,1.0,,1,5000.0
2026,1,726,690,2410,687,2,0,REPARACION DE CAMION - CAMIONETA - DESCRIPCION REPARACION SISTEMA ELECTRICO.,80000.0,C,1.0,1.0,1.0,,1,0.0
2026,1,729,693,300,691,1,0,CETOL - CETOL (Genérico),68004.0,C,1.0,1.0,1.0,,1,0.0
2026,1,729,693,300,691,2,0,PINCEL - PINCEL (GENERICO),3300.0,C,3.0,3.0,3.0,,1,0.0
2026,1,729,693,300,691,3,0,LUBRICANTE EN AEROSOL - LUBRICANTE EN AEROSOL (Genérico),8820.0,C,1.0,1.0,1.0,,1,0.0
2026,1,729,693,300,691,4,0,GRASA LUBRICANTE - GRASA LUBRICANTE (GENERICO),3350.0,C,1.0,1.0,1.0,,1,0.0
2026,1,729,693,300,691,5,0,ESMALTE SINTETICO - COLOR CREMA - CAPACIDAD 1L.,17950.0,C,1.0,1.0,1.0,,1,0.0
2026,1,729,693,300,691,6,0,CINTA DE PAPEL - CINTA DE PAPEL (Genérico),2300.0,C,8.0,8.0,8.0,,1,0.0
2026,1,729,693,300,691,7,0,"TUERCA - TIPO AUTOFREN.C/ANILLO NYLON - MATERIAL ACERO TEMP.DORADO PASIV. - ROSCA UNC - DIAMETRO 1"".",39.0,C,10.0,10.0,10.0,,1,0.0
2026,1,729,693,300,691,8,0,ANTIOXIDO SINTETICO CROMATO - ANTIOXIDO SINTETICO CROMATO (GENERICO),47572.0,C,1.0,1.0,1.0,,1,0.0
2026,1,729,693,300,691,9,0,GRILLETE - GRILLETE (GENERICO),1146.0,C,8.0,8.0,8.0,,1,0.0
2026,1,729,693,300,691,10,0,ACIDO MURIATICO - ACIDO MURIATICO (GENERICO),11600.0,C,1.0,1.0,1.0,,1,0.0
2026,1,729,693,300,691,11,0,ALAMBRE DE FARDO - ALAMBRE DE FARDO (GENERICO),4800.0,C,1.0,1.0,1.0,,1,0.0
2026,1,735,696,300,694,1,0,Bisagra - Bisagra,4260.0,C,2.0,2.0,2.0,,1,0.0
2026,1,735,696,300,694,2,0,TEE - TEE,66.0,C,20.0,20.0,20.0,,1,0.0
2026,1,735,696,300,694,3,0,ESPUMA POLIURETANO - ESPUMA POLIURETANO,14628.0,C,1.0,1.0,1.0,,1,0.0
2026,1,735,696,300,694,4,0,REMACHE - REMACHE,38.0,C,50.0,50.0,50.0,,1,0.0
2026,1,735,696,300,694,5,0,GUANTE TACTIL - GUANTE TACTIL,3000.0,C,1.0,1.0,1.0,,1,0.0
2026,1,735,696,300,694,6,0,ACEITES LUBRICANTES - ACEITES LUBRICANTES,7000.0,C,1.0,1.0,1.0,,1,0.0
2026,1,735,696,300,694,7,0,BULON - BULON,14635.0,C,1.0,1.0,1.0,,1,0.0
2026,1,735,696,300,694,8,0,Kit de Parche - Kit de Parche (Genérico),24708.0,C,1.0,1.0,1.0,,1,0.0
2026,1,735,696,300,694,9,0,MASILLA - MASILLA,10522.0,C,1.0,1.0,1.0,,1,0.0
2026,1,472,440,850,437,1,0,REACTIVO - MAGLUMI toxo 50 test,221646.84,C,1.0,1.0,1.0,,1,0.0
2026,1,472,440,850,437,2,0,REACTIVO - PCR LATEX DIRECTO 50 ET,75271.06,C,1.0,1.0,1.0,,1,0.0
2026,1,472,440,850,437,3,0,REACTIVO - COPIAT COAGULOMETRO COL 1 Y 2 500 40.000.0088 CUBETA FIBRINTER 5 BLISTER X 100,268266.13,C,1.0,1.0,1.0,,1,0.0
2026,1,472,440,850,437,4,0,REACTIVO - URINE STRIP 10 PARA METROS CAJA X 100,37008.07,C,4.0,4.0,4.0,,1,0.0
2026,1,472,440,850,437,5,0,REACTIVO - SOLUPLASTIN 10 X2 ML,95685.76,C,1.0,1.0,1.0,,1,0.0
2026,1,472,440,850,437,6,0,REACTIVO - APTT ELLAGICO 150 DET,117953.76,C,1.0,1.0,1.0,,1,0.0
2026,1,472,440,850,437,7,0,REACTIVO - ACONDICIONADOR DE ELECTRODO DE SODIO,68962.06,C,1.0,1.0,1.0,,1,0.0
2026,1,472,440,850,437,8,0,SOLUCIONES - PACK SOLUCIONES,478824.87,C,1.0,1.0,1.0,,1,0.0
2026,1,608,577,3218,574,1,0,ABONO MONITOREO MENSUAL - ABONO MONITOREO MENSUAL (Genérico) DE ICROS IVW614/JHZ266/LAN557,97262.26,C,1.0,1.0,1.0,,1,0.0
2026,1,609,578,141,575,1,0,PINTURA AL LATEX - PINTURA AL LATEX  PROFESIONAL INTERIOR 20 LT SINTEPLAST,126781.33,C,1.0,1.0,1.0,,1,0.0
2026,1,609,578,141,575,2,0,TARUGO FISCHER - TARUGO FISCHER CTOPE Nº 8 X UNIDAD,68.0,C,60.0,60.0,60.0,,1,0.0
2026,1,609,578,141,575,3,0,TORNILLO - TORNILLO P/TARUGO 8 10X1 1 3/4,83.0,C,60.0,60.0,60.0,,1,0.0
2026,1,609,578,141,575,4,0,TORNILLO -  TORNILLO 11 MECHA 8X9/16,38.0,C,30.0,30.0,30.0,,1,0.0
2026,1,609,578,141,575,5,0,TORNILLOS - TORNILLOS T 2 MECHA 6 X 1/16,40.0,C,100.0,100.0,100.0,,1,0.0
2026,1,609,578,141,575,6,0,PLACA DURLOCK - PLACA EXTERIOR RECTO 8MM240X 12,82724.0,C,2.0,2.0,2.0,,1,0.0
2026,1,609,578,141,575,7,0,PLACA DURLOCK - USO MULTIPLES PLACA RECTO,62079.0,C,1.0,1.0,1.0,,1,0.0
2026,1,614,584,685,581,1,0,"Servicio de Torneria - Servicio de Torneria (Genérico) SOLDAR Y REFORZAR DISQUEADORA
HACER BOCA DE ENGANCHE CAMIONETA AMAROK AB597ZF
HACER OJO DE LANZA ACOPLADO GAS-OIL,REPARAR SOPORTE DE ESPEJO DE NIVELADORA DE ARRASTRE
SOLDAR LLANTA DE TRACTOR EFJ11
SOLDAR LLANTA DE CARRO
SOLDAR EXTREMO DE DIRECCION DE MOTONIVELADORA N HOLLAND BMU02
HACER LANZA DE ENGANCHE RETRO FAZ81",127500.0,C,1.0,1.0,1.0,,1,0.0
2026,1,617,587,2450,584,1,0,FRUTAS Y VERDURA - FRUTAS Y VERDURA (Genérico),500000.0,C,1.0,1.0,1.0,,1,0.0
2026,1,618,588,879,585,1,0,CINTA AISLADORA - CINTA AISLADORA (GENERICO),2500.0,C,1.0,1.0,1.0,,1,0.0
2026,1,618,588,879,585,2,0,SELLADOR DE FISURAS - SELLADOR DE FISURAS (Genérico)Seller C-110401,17395.0,C,1.0,1.0,1.0,,1,0.0
2026,1,618,588,879,585,3,0,MANIJA P/DEPOSITO - MANIJA P/DEPOSITO (Genérico),26260.0,C,1.0,1.0,1.0,,1,0.0
2026,1,618,588,879,585,4,0,LLAVE DE PASO - LLAVE DE PASO (Genérico)Entrada agua  c/ flot.1/2.,7371.0,C,1.0,1.0,1.0,,1,0.0
2026,1,1024,994,300,989,2,0,Viruta - Viruta (Genérico),5500.0,C,4.0,4.0,4.0,,1,0.0
2026,1,1024,994,300,989,3,0,RODILLO - RODILLO (GENERICO),10500.0,C,2.0,2.0,2.0,,1,0.0
2026,1,1024,994,300,989,4,0,RODILLO - MATERIAL NYLON - LARGO 10 CM.,9500.0,C,2.0,2.0,2.0,,1,0.0
2026,1,1024,994,300,989,5,0,ANTIOXIDO SINTETICO CROMATO - COLOR ROJO - CAPACIDAD 4L.,47572.0,C,1.0,1.0,1.0,,1,0.0
2026,1,1024,994,300,989,6,0,AGUARRAS MINERAL - AGUARRAS MINERAL (GENERICO),3900.0,C,1.0,1.0,1.0,,1,0.0
2026,1,1024,994,300,989,7,0,PINCEL - PINCEL (GENERICO),3900.0,C,2.0,2.0,2.0,,1,0.0
2026,1,1024,994,300,989,8,0,PINTURA AL LATEX - USO MUROS - COLOR BLANCO - CAPACIDAD 20L.,45000.0,C,1.0,1.0,1.0,,1,0.0
2026,1,1024,994,300,989,9,0,PINTURA AL LATEX - PINTURA AL LATEX (Genérico) AMARILLO X 20,145954.0,C,1.0,1.0,1.0,,1,0.0
2026,1,1025,995,68,990,1,0,TRABAJO DE PLOMERIA - TRABAJO DE PLOMERIA (Genérico) DESTAPE DE CAÑERIA CLOACAL EN CORRALON MUNICIPAL,380000.0,C,1.0,1.0,1.0,,1,0.0
2026,1,1026,997,285,992,1,0,REACTIVO - SANGRE 10 PLACAS,48445.56,C,1.0,1.0,1.0,,1,0.0
2026,1,1026,997,285,992,2,0,TUBO EDTA 3 K 1 ml. - TIPS AM 200 UI X 1000,21861.74,C,2.0,2.0,2.0,,1,0.0
2026,1,1026,997,285,992,3,0,TUBO F/RED. C/ LITIO - TIPS AM 5-200 UI X 1000 U,1721.44,C,20.0,20.0,20.0,,1,0.0
2026,1,1026,997,285,992,4,0,REACTIVO - PIPETA PASTEUR PLAST 3 ML,46.14,C,500.0,500.0,500.0,,1,0.0
2026,1,1026,997,285,992,5,0,REACTIVO - TUBO ACT COAG 10 ML,251.37,C,200.0,200.0,200.0,,1,0.0
2026,1,1026,997,285,992,6,0,TIPS PARA MICROPIPETA - TUBO ACT COAG 3 ML,202.56,C,100.0,100.0,100.0,,1,0.0
2026,1,1026,997,285,992,7,0,REACTIVO - GOT UV AA LIQ 200 ML,89790.72,C,1.0,1.0,1.0,,1,0.0
2026,1,1026,997,285,992,8,0,REACTIVO - TAPON PLAST ALETA 13 MM,58.86,C,100.0,100.0,100.0,,1,0.0
2026,1,1026,997,285,992,9,0,REACTIVO - TUBO HEMOLISIS PP 400400,119.32,C,100.0,100.0,100.0,,1,0.0
2026,1,1026,997,285,992,10,0,TRANS GPT. COLOR 200 WIENER - GPT. COLOR 200 ML WIENER,89790.72,C,1.0,1.0,1.0,,1,0.0
2026,1,472,440,850,437,9,0,REACTIVO - DIFF LISANTE MINDRAY 500 ML,206140.72,C,2.0,2.0,2.0,,1,0.0
2026,1,472,440,850,437,10,0,REACTIVO -  LISANTE MINDRAY M 52 100 ML,133674.56,C,2.0,2.0,2.0,,1,0.0
2026,1,472,440,850,437,11,0,REACTIVO - FOSFATEMIA UV AA 100 ML,64260.78,C,1.0,1.0,1.0,,1,0.0
2026,1,472,440,850,437,12,0,REACTIVO - STANDATROL 30 ML,263378.54,C,1.0,1.0,1.0,,1,0.0
2026,1,472,440,850,437,13,0,REACTIVO - AMILASA 405 AA LIQUIDA,96543.93,C,1.0,1.0,1.0,,1,0.0
2026,1,472,440,850,437,14,0,REACTIVO - CREATININA CINETICA LIQUIDA AA,71601.72,C,1.0,1.0,1.0,,1,0.0
2026,1,472,440,850,437,15,0,REACTIVO - TIPO BILIRRUBINA TOTAL AA LIQ,92727.63,C,1.0,1.0,1.0,,1,0.0
2026,1,472,440,850,437,16,0,REACTIVO - CELEREST STREP B CASSETTE 20 DET,189660.24,C,1.0,1.0,1.0,,1,0.0
2026,1,473,441,2883,438,1,0,GUANTES USO MEDICINAL - GUANTES TAMAÑO MEDIANO LATEX CAJA X 100 UNIDADES,5409.88,C,40.0,40.0,40.0,,1,0.0
2026,1,473,441,2883,438,2,0,SONDAS - FOLEY DOBLE VIA - Nº 16 -,990.14,C,20.0,20.0,20.0,,1,0.0
2026,1,473,441,2883,438,3,0,SOBRES NYLON MONOFILAMENTO - NYLON  3/0 AGUJA RECTA 75 CM,1180.43,C,36.0,36.0,36.0,,1,0.0
2026,1,473,441,2883,438,4,0,HOJA DE BISTURI - ESTERIL - Nº 24 X 100,8035.01,C,2.0,2.0,2.0,,1,0.0
2026,1,473,441,2883,438,5,0,BOLSA COLECTORA - ADULTO - CAPACIDAD 2000ml. CON GANCHO,590.0,C,50.0,50.0,50.0,,1,0.0
2026,1,473,441,2883,438,6,0,JERINGAS - JERINGA  X 10 C.C.,91.85,C,1600.0,1600.0,1600.0,,1,0.0
2026,1,474,443,557,440,1,0,DETERGENTE QUIRURGICO - BIDONES ANIOSYME SYNERGY 5 LTS,92000.0,C,2.0,2.0,2.0,,1,0.0
2026,1,474,443,557,440,2,0,INSUMOS PARA EL HOSPITAL - RENOVADOR DE INSTRUMENTAL R444 1 LT,98000.0,C,2.0,2.0,2.0,,1,0.0
2026,1,475,445,2869,442,1,0,CARNE - CORTE PALETA. KG,13500.0,C,42.8,42.8,42.8,,1,0.0
2026,1,475,445,2869,442,2,0,CARNE - PICDA ROOST BEEF KG,13500.0,C,22.0,22.0,22.0,,1,0.0
2026,1,475,445,2869,442,3,0,CARNE - BONDIOLA KG,9900.0,C,41.2,41.2,41.2,,1,0.0
2026,1,475,445,2869,442,4,0,CARNE - CORTE MILANESA KG,17490.0,C,12.9,12.9,12.9,,1,0.0
2026,1,469,446,688,443,1,0,ACEITE MOTOR - ACEITE MOTOR (Genérico): SYNTIUM 1000 10W40.,11000.0,C,5.0,5.0,5.0,,1,0.0
2026,1,469,446,688,443,2,0,AGUA DESTILADA - USO ACUMULADOR ELECTRICO - ENVASE Y CAPAC BOTELLON O BIDON 5L.,3000.0,C,1.0,1.0,1.0,,1,0.0
2026,1,469,446,688,443,3,0,ACEITE HIDRAULICO - ACEITE HIDRAULICO (GENERICO): TOTAL VISION X 1 LT.,6300.0,C,1.0,1.0,1.0,,1,0.0
2026,1,469,446,688,443,4,0,FILTRO COMBUSTIBLE - FILTRO COMBUSTIBLE (Genérico): W 914/28.,22500.0,C,1.0,1.0,1.0,,1,0.0
2026,1,469,446,688,443,5,0,FILTRO DE ACEITE P/VEHICULO - FILTRO DE ACEITE P/VEHICULO (GENERICO): CA 5611.,27200.0,C,1.0,1.0,1.0,,1,0.0
2026,1,468,448,2209,445,1,0,GASEOSA - GASEOSA (GENERICO): SPRITE 2250.,3899.0,C,3.0,3.0,3.0,,1,0.0
2026,1,468,448,2209,445,2,0,GASEOSA - ENVASE BOTELLA PLASTICA DESC. - CAPACIDAD 2 1/4L - SABOR COLA: COCA COLA.,3799.0,C,3.0,3.0,3.0,,1,0.0
2026,1,468,448,2209,445,3,0,QUESO - QUESO (GENERICO): CREMOSOS CREMAC.,7900.0,C,8.82,8.82,8.82,,1,0.0
2026,1,468,448,2209,445,4,0,QUESO - TIPO MUZZARELLA - PRESENTACION AL PESO.,8500.0,C,25.675,25.675,25.675,,1,0.0
2026,1,468,448,2209,445,5,0,ATUN - ATUN (Genérico). DES S Y P X 170 G.,1250.0,C,48.0,48.0,48.0,,1,0.0
2026,1,468,448,2209,445,6,0,CARAMELOS - CARAMELOS (GENERICO): MISKY X 800G.,5180.0,C,2.0,2.0,2.0,,1,0.0
2026,1,476,449,285,446,1,0,REACTIVO - CAJA DE PETRI DESC 9 CM 20 U,5464.98,C,25.0,25.0,25.0,,1,0.0
2026,1,476,449,285,446,2,0,REACTIVO - CHOCOLATE AGAR X 10 PLACAS,26834.56,C,2.0,2.0,2.0,,1,0.0
2026,1,476,449,285,446,3,0,REACTIVO - CLDE MEDIO 6X50 ML,29858.22,C,1.0,1.0,1.0,,1,0.0
2026,1,476,449,285,446,4,0,REACTIVO - HDL COLESTEROL MONOFASE,188197.8,C,1.0,1.0,1.0,,1,0.0
2026,1,476,449,285,446,5,0,FRASCOS DE HEMOCULTIVO - HEMOCULTIVO  AD MULTIP 6X50,36823.47,C,2.0,2.0,2.0,,1,0.0
2026,1,476,449,285,446,6,0,MUELLER HINTON AGAR X 100 BRITINIA - MUELLER HINTON AGAR X 10 PLACAS,26735.85,C,6.0,6.0,6.0,,1,0.0
2026,1,476,449,285,446,7,0,REACTIVO - PANOSCREEN 2 X 10 ML,487068.83,C,1.0,1.0,1.0,,1,0.0
2026,1,476,449,285,446,8,0,REACTIVO - SANGRE AGAR COLUMBIA 10 PLACAS,25046.36,C,2.0,2.0,2.0,,1,0.0
2026,1,476,449,285,446,9,0,REACTIVO - STREP B CHECK 20 DET,209168.69,C,1.0,1.0,1.0,,1,0.0
2026,1,476,449,285,446,10,0,TIPS PARA MICROPIPETA - TIPS AM 5- 200 X 100,1779.98,C,10.0,10.0,10.0,,1,0.0
2026,1,476,449,285,446,11,0,REACTIVO -  TIPS AM 5-200 UI X 1000 U,22605.05,C,1.0,1.0,1.0,,1,0.0
2026,1,476,449,285,446,12,0,REACTIVO - TROPONIN X 20 CASS,203373.08,C,1.0,1.0,1.0,,1,0.0
2026,1,476,449,285,446,13,0,REACTIVO - CLDE MEDIO X 10 PLACAS,25046.36,C,6.0,6.0,6.0,,1,0.0
2026,1,477,451,3322,448,1,0,TOALLAS DE  PAPEL PARA COCINA - FELPITA HD 2X360,28876.4,C,7.0,7.0,7.0,,1,0.0
2026,1,477,451,3322,448,2,0,PACK ROLLOS PAPEL HIGIENICO - PAPEL HIGIENICO FELPITA 8 X 300 MTS,21410.15,C,3.0,3.0,3.0,,1,0.0
2026,1,477,451,3322,448,3,0,DETERGENTE - PEROXY 4D 5 5L,47086.93,C,4.0,4.0,4.0,,1,0.0
2026,1,477,451,3322,448,4,0,TOALLAS DE  PAPEL PARA COCINA - TOALLA MANO 1026 FELPITA 4X200 MTS,24908.08,C,4.0,4.0,4.0,,1,0.0
2026,1,477,451,3322,448,5,0,TOALLAS DE  PAPEL PARA COCINA - ROLLO DE COCINA 8X3X60 PAÑOS,13828.1,C,1.0,1.0,1.0,,1,0.0
2026,1,477,451,3322,448,6,0,DETERGENTE - CIF DETERGENTE ACTIVE NEUTRO X  5000cm¦,18676.33,C,1.0,1.0,1.0,,1,0.0
2026,1,477,451,3322,448,7,0,TRAPO DE PISO - TRAPO DE PISO MEDIA NARANJA,4293.85,C,1.0,1.0,1.0,,1,0.0
2026,1,477,451,3322,448,8,0,TRAPO REPASADOR -  REPASADOR MEDIA NARANJA,3492.33,C,3.0,3.0,3.0,,1,0.0
2026,1,477,451,3322,448,9,0,JABON LIQUIDO - SKIP ALKALINE BOOSTER PRO X 20 L,101501.64,C,1.0,1.0,1.0,,1,0.0
2026,1,477,451,3322,448,10,0,JABON P/LAVAR ROPA - ALA BLANQ CHLO BOOSTER 20 L,78429.31,C,1.0,1.0,1.0,,1,0.0
2026,1,477,451,3322,448,11,0,DETERGENTE - PERACETICO SUTTER AGRASAN 20 KG,215398.83,C,1.0,1.0,1.0,,1,0.0
2026,1,477,451,3322,448,12,0,CIF Anti Grasa D Pack - CIF DESINFECTANTE CUTERNARIO PROF,14510.96,C,1.0,1.0,1.0,,1,0.0
2026,1,477,451,3322,448,13,0,Cif crema 800 cc - Cif DETERGENTE ACTIVE NEUTRO 5 L,18676.33,C,1.0,1.0,1.0,,1,0.0
2026,1,477,451,3322,448,14,0,CLORO - CLORO ACQUAPOL 5 L,7284.2,C,1.0,1.0,1.0,,1,0.0
2026,1,477,451,3322,448,15,0,TOALLAS INTERCALADAS Beige 20 - TOALLAS INTERCALADAS FELPITA 10X250,21559.18,C,1.0,1.0,1.0,,1,0.0
2026,1,477,451,3322,448,16,0,JABON P/LAVAR ROPA - SKIP ENZYMES POWER PRO 20 L,246886.81,C,1.0,1.0,1.0,,1,0.0
2026,1,480,452,169,449,1,0,JABON LIQUIDO - JABON LIQUIDO (Genérico),9700.0,C,1.0,1.0,1.0,,1,0.0
2026,1,481,453,169,450,1,0,JABON LIQUIDO - JABON LIQUIDO (Genérico),9700.0,C,1.0,1.0,1.0,,1,0.0
2026,1,735,696,300,694,10,0,PINTURA AL LATEX - PINTURA AL LATEX,5650.0,C,1.0,1.0,1.0,,1,0.0
2026,1,735,696,300,694,11,0,BORAX P/SOLDAR - BORAX P/SOLDAR (GENERICO),6750.0,C,1.0,1.0,1.0,,1,0.0
2026,1,736,697,300,695,1,0,ARANDELAS PLANAS - ARANDELAS PLANAS (Genérico),65.0,C,20.0,20.0,20.0,,1,0.0
2026,1,736,697,300,695,2,0,BULON - BULON (GENERICO),4421.0,C,1.0,1.0,1.0,,1,0.0
2026,1,736,697,300,695,3,0,TEE - TEE (GENERICO),2520.0,C,1.0,1.0,1.0,,1,0.0
2026,1,736,697,300,695,4,0,CINTA PELIGRO - CINTA PELIGRO,2900.0,C,12.0,12.0,12.0,,1,0.0
2026,1,736,697,300,695,5,0,PEGAMENTO - PEGAMENTO,1990.0,C,1.0,1.0,1.0,,1,0.0
2026,1,736,697,300,695,6,0,GUANTE TACTIL - GUANTE TACTIL,3000.0,C,3.0,3.0,3.0,,1,0.0
2026,1,736,697,300,695,7,0,AGUARRAS MINERAL - AGUARRAS MINERAL (GENERICO),3900.0,C,1.0,1.0,1.0,,1,0.0
2026,1,737,699,776,697,1,0,PARCHE P/CAMARA - PARCHE P/CAMARA (OIG911-AE704AX-AF496MN-AF245CY-AF349OI-AF354SS-AE704AW-AF173LN-JCH069-NUF386),103000.0,C,1.0,1.0,1.0,,1,0.0
2026,1,738,701,776,699,1,0,ALINEAR Y BALANCEAR - ALINEAR Y BALANCEAR (AE704AX-AE747PM),50000.0,C,1.0,1.0,1.0,,1,0.0
2026,1,759,705,1527,703,1,0,PARCHE P/CAMARA - PARCHE P/CAMARA (ae74aw- af173ln-oig911-af469mn-lbn155-af354su-af747pm-ab038fh-af354ss),306000.0,C,1.0,1.0,1.0,,1,0.0
2026,1,741,708,2770,706,1,0,CD - CD (Genérico),47400.0,C,1.0,1.0,1.0,,1,0.0
2026,1,742,709,2410,707,1,0,REPARACION ARRANQUE - REPARACION ARRANQUE (Genérico),250000.0,C,1.0,1.0,1.0,,1,0.0
2026,1,743,710,441,708,1,0,CARPETA - CARPETA (GENERICO)50 carpetas solapas.,690.0,C,50.0,50.0,50.0,,1,0.0
2026,1,744,712,2701,710,1,0,VIDRIO LAMINADO - VIDRIO LAMINADO (Genérico),4200.0,C,10.0,10.0,10.0,,1,0.0
2026,1,802,743,441,741,1,0,COMPOTERA - COMPOTERA (GENERICO),72.5,C,20.0,20.0,20.0,,1,0.0
2026,1,802,743,441,741,2,0,TAPAS - TAPAS (GENERICO),33.0,C,20.0,20.0,20.0,,1,0.0
2026,1,802,743,441,741,3,0,ROLLOS CINTA PAPEL - ROLLOS CINTA PAPEL (Genérico),1720.0,C,3.0,3.0,3.0,,1,0.0
2026,1,802,743,441,741,4,0,CINTA PAPEL 75 - CINTA PAPEL 75 (Genérico),2250.0,C,3.0,3.0,3.0,,1,0.0
2026,1,802,743,441,741,5,0,Cinta de papel 48 x 50 - Cinta de papel 48 x 50 (Genérico),4250.0,C,3.0,3.0,3.0,,1,0.0
2026,1,802,743,441,741,6,0,CUBIERTO PLASTICO DESCARTABLE - CUBIERTO PLASTICO DESCARTABLE (GENERICO),850.0,C,1.0,1.0,1.0,,1,0.0
2026,1,802,743,441,741,7,0,CAJA DE CARTON - CAJA DE CARTON (Genérico),10630.0,C,2.0,2.0,2.0,,1,0.0
2026,1,802,743,441,741,8,0,CHINCHES - CHINCHES (GENERICO),549.99,C,2.0,2.0,2.0,,1,0.0
2026,1,802,743,441,741,9,0,FIBRON - FIBRON (Genérico),523.72,C,2.0,2.0,2.0,,1,0.0
2026,1,802,743,441,741,10,0,FIBRONES AL AGUA. - FIBRONES AL AGUA. (Genérico),1387.51,C,1.0,1.0,1.0,,1,0.0
2026,1,802,743,441,741,11,0,FIBRON/PIZARRA - FIBRON/PIZARRA (Genérico),640.0,C,1.0,1.0,1.0,,1,0.0
2026,1,802,743,441,741,12,0,GLOBOS - GLOBOS (GENERICO),3070.5,C,2.0,2.0,2.0,,1,0.0
2026,1,802,743,441,741,13,0,CUADERNO - CUADERNO (GENERICO),4840.01,C,2.0,2.0,2.0,,1,0.0
2026,1,802,743,441,741,14,0,BANDA CIRCULAR ELASTICA MEDIA - BANDA CIRCULAR ELASTICA MEDIA (Genérico),1606.0,C,1.0,1.0,1.0,,1,0.0
2026,1,802,743,441,741,15,0,BANDA CIRCULAR ELASTICA SUAVE - BANDA CIRCULAR ELASTICA SUAVE (Genérico),3685.01,C,1.0,1.0,1.0,,1,0.0
2026,1,802,743,441,741,16,0,ARO METAL - ARO METAL (Genérico),549.99,C,7.0,7.0,7.0,,1,0.0
2026,1,799,744,2209,743,1,0,HARINA - HARINA CAÑUELAS 10 X1KG,7999.0,C,2.0,2.0,2.0,,1,0.0
2026,1,799,744,2209,743,2,0,PURE DE TOMATE - PURE DE TOMATE VIGENTE X12,6500.0,C,2.0,2.0,2.0,,1,0.0
2026,1,799,744,2209,743,3,0,CHOCLO - CHOCLO INALPA X350,1099.0,C,48.0,48.0,48.0,,1,0.0
2026,1,799,744,2209,743,4,0,AZUCAR - AZUCAR LEDESMA X1000,21900.0,C,2.0,2.0,2.0,,1,0.0
2026,1,799,744,2209,743,5,0,EDULCORANTE ARTIFICIAL - EDULCORANTE X500,9999.0,C,2.0,2.0,2.0,,1,0.0
2026,1,799,744,2209,743,6,0,TE - TEROSAMONTE X500GRS,599.0,C,20.0,20.0,20.0,,1,0.0
2026,1,799,744,2209,743,7,0,MATE COCIDO EN SAQUITOS - MATE COCIDO AMANDA X25,899.0,C,10.0,10.0,10.0,,1,0.0
2026,1,799,744,2209,743,8,0,EDULCORANTE ARTIFICIAL - EDULCORANTE LIQUIDO X250CC,2199.0,C,9.0,9.0,9.0,,1,0.0
2026,1,799,744,2209,743,9,0,ARROZ - ARROZ AMANDA 10 X500,8999.0,C,2.0,2.0,2.0,,1,0.0
2026,1,799,744,2209,743,10,0,CAFE - CAFE DOLCA X170,6999.0,C,12.0,12.0,12.0,,1,0.0
2026,1,799,744,2209,743,11,0,ATUN - ATUN DES SYP X170,1590.0,C,48.0,48.0,48.0,,1,0.0
2026,1,799,744,2209,743,12,0,VINAGRE - VINAGRE X5LTS,6999.0,C,4.0,4.0,4.0,,1,0.0
2026,1,799,744,2209,743,13,0,LEVADURA - LEVADURA LEVEX X2,699.0,C,25.0,25.0,25.0,,1,0.0
2026,1,799,744,2209,743,14,0,DURAZNO - DURAZNO SYP X800GR,1990.0,C,12.0,12.0,12.0,,1,0.0
2026,1,799,744,2209,743,15,0,CONDIMENTOS - PROVENZAL 1KG,13900.0,C,1.0,1.0,1.0,,1,0.0
2026,1,799,744,2209,743,16,0,CONDIMENTOS - OREGANO 1KG,12900.0,C,1.0,1.0,1.0,,1,0.0
2026,1,796,746,2593,744,1,0,CERRAJERIA - CERRAJERIA (GENERICO) APERTURA Y CAMBIO DE CERRADURAS CASA DE CHAPA MACEDO,135000.0,C,1.0,1.0,1.0,,1,0.0
2026,1,796,746,2593,744,2,0,CERRADURA - CERRADURA (GENERICO)PRIVE 102 Y 208,44000.0,C,1.0,1.0,1.0,,1,0.0
2026,1,793,748,186,746,1,0,ALOJAMIENTO - ALOJAMIENTO  (Genérico)alojamiento para 2 personas en habitacion doble del 26/02 al 2/03 (4 noches),135000.0,C,4.0,4.0,4.0,,1,30.0
2026,1,790,749,3331,747,1,0,ALOJAMIENTO - ALOJAMIENTO  (Genérico) alojamiento para 3 personas. del 25/02 al 2/03 (5 noches),90000.0,C,5.0,5.0,5.0,,1,30.0
2026,1,787,750,572,748,1,0,ALOJAMIENTO - ALOJAMIENTO  (Genérico) alojamiento para 4 personas del 26/02 al 02/03 por 4 noches,90000.0,C,4.0,4.0,4.0,,1,30.0
2026,1,987,926,3322,921,10,0,SOPORTE P/ BOBINA - BOBINA FELPITA 24 CM X 2,30320.22,C,2.0,2.0,2.0,,1,0.0
2026,1,987,926,3322,921,11,0,TOALLAS DE  PAPEL PARA COCINA - TOALLA FELPITA X 4,26153.49,C,2.0,2.0,2.0,,1,0.0
2026,1,987,926,3322,921,12,0,ROLLO DE COCINA - JUMBO FELPITA 4.5 X 300 MTS,22480.67,C,1.0,1.0,1.0,,1,0.0
2026,1,987,926,3322,921,13,0,DETERGENTE - PEROXY 4D X 5 LTS.,47086.93,C,4.0,4.0,4.0,,1,0.0
2026,1,987,926,3322,921,14,0,PACK ROLLOS PAPEL HIGIENICO - PACK ROLLOS PAPEL HIGIENICO  FELPITA 12X4X30 M,17944.24,C,1.0,1.0,1.0,,1,0.0
2026,1,987,926,3322,921,15,0,TOALLAS DE  PAPEL PARA COCINA - COCINA FELPITA 12 X 200 P,22562.88,C,1.0,1.0,1.0,,1,0.0
2026,1,987,926,3322,921,16,0,esponja metalica - FIBRA EXTRA FUERTE 16X22 CM,3545.3,C,5.0,5.0,5.0,,1,0.0
2026,1,978,929,171,924,1,0,CAJA EXTERIOR 2 MODULOS - CAJA EXTERIOR 2 MODULOS (Genérico),3500.0,C,4.0,4.0,4.0,,1,0.0
2026,1,978,929,171,924,2,0,TOMA EXTERIOR DOBLE - TOMA EXTERIOR DOBLE (Genérico),4000.0,C,4.0,4.0,4.0,,1,0.0
2026,1,978,929,171,924,3,0,CLAVO - CLAVO (GENERICO),150.0,C,20.0,20.0,20.0,,1,0.0
2026,1,978,929,171,924,4,0,CABLE CANAL 100 X 50 - CABLE CANAL 100 X 50 (Genérico),1000.0,C,14.0,14.0,14.0,,1,0.0
2026,1,978,929,171,924,5,0,CURVA P/ELECTRICIDAD - CURVA P/ELECTRICIDAD (GENERICO),100.0,C,6.0,6.0,6.0,,1,0.0
2026,1,978,929,171,924,6,0,"CABLE - CABLE (Genérico)
DE 2.5",900.0,C,30.0,30.0,30.0,,1,0.0
2026,1,978,929,171,924,7,0,FICHA MACHO - FICHA MACHO (Genérico),2000.0,C,2.0,2.0,2.0,,1,0.0
2026,1,977,932,777,927,1,0,RADIADOR P/AUTOMOTOR - RADIADOR P/AUTOMOTOR,109000.0,C,3.0,3.0,3.0,,1,0.0
2026,1,977,932,777,927,2,0,SOPORTE P/AUTOMOTOR - SOPORTE P/AUTOMOTOR,15000.0,C,1.0,1.0,1.0,,1,0.0
2026,1,977,932,777,927,3,0,DEPOSITO LIQUIDO REFRIGERANTE - DEPOSITO LIQUIDO REFRIGERANTE,19000.0,C,1.0,1.0,1.0,,1,0.0
2026,1,946,933,216,928,1,0,"Armado de bolsas v/medidas - 10  80 X 1.10 X 50 $11500  $ 115000
6  60X90X50  $10800  $64800
6  45X60X100 VERDES $ 7000  $ 42000
6  45X60X100 ROJAS $ 1600  $9600",231400.0,C,1.0,1.0,1.0,,1,0.0
2026,1,938,934,3322,929,1,0,SOPORTE P/ BOBINA - BOBINA FELPITA 24X360X2,30320.22,C,2.0,2.0,2.0,,1,0.0
2026,1,938,934,3322,929,2,0,TOALLAS DE  PAPEL PARA COCINA - JUMBO ELEG CONO 4.5X8X300,22996.46,C,2.0,2.0,2.0,,1,0.0
2026,1,938,934,3322,929,3,0,PLUMERO - PLUMERO VILEDA MANGO CORTO,16404.89,C,2.0,2.0,2.0,,1,0.0
2026,1,938,934,3322,929,4,0,PAÑUELO DE PAPEL - TOALLA DE MANO FELPITA 4X200,26153.49,C,2.0,2.0,2.0,,1,0.0
2026,1,940,935,3322,930,1,0,PAÑUELO DE PAPEL - TOALAL DE MANO FELPITA 4X200,26153.49,C,2.0,2.0,2.0,,1,0.0
2026,1,940,935,3322,930,2,0,SOPORTE P/ BOBINA - BOBINA FELPITA D/H 24X360X2,30320.22,C,2.0,2.0,2.0,,1,0.0
2026,1,940,935,3322,930,3,0,PAÑUELO DE PAPEL - TOALLA INTERCALADA FELPITA X2500,22637.14,C,3.0,3.0,3.0,,1,0.0
2026,1,940,935,3322,930,4,0,TOALLAS DE  PAPEL PARA COCINA - JUMBO FELPITA CONO 2.5X8X300,22480.67,C,1.0,1.0,1.0,,1,0.0
2026,1,941,937,866,932,1,0,ANTICOAGULANTE - ENOXAPARINA  20 MG JERINGA PRELLENADA X 10,72152.5,C,1.0,1.0,1.0,,1,0.0
2026,1,941,937,866,932,2,0,ANTICOAGULANTE - ENOXAPARINA 40 MG  AMPOLLA X 10,94240.0,C,2.0,2.0,2.0,,1,0.0
2026,1,941,937,866,932,3,0,ENOXAPARINA 60 MG AMPOLLAS - ENOXAPARINA 60 MG AMPOLLAS X 10,108965.0,C,2.0,2.0,2.0,,1,0.0
2026,1,941,937,866,932,4,0,ANTICOAGULANTE - ENOXAPARINA 80 MG JERINGA PRELLENADA,137950.0,C,1.0,1.0,1.0,,1,0.0
2026,1,941,937,866,932,5,0,MEDICAMENTOS - DEXMETOMIDINA 200 MCG FA X 2 ML,8873.75,C,2.0,2.0,2.0,,1,0.0
2026,1,941,937,866,932,6,0,ANTIULCEROSO - RANITIDINA AMPOLLA  50mg.,879.7893,C,500.0,500.0,500.0,,1,0.0
2026,1,941,937,866,932,7,0,ANALGESICOS - ACIDO ACETIL SALICILICO 100 MG COMP,23.5233,C,2000.0,2000.0,2000.0,,1,0.0
2026,1,941,937,866,932,8,0,BOLSAS DE ALIMENTACION PARENTERAL - BOLSAS DE ALIMENTACION PARENTERAL 1875 ML,200200.325,C,10.0,10.0,10.0,,1,0.0
2026,1,941,937,866,932,9,0,ATORVASTATIN 20 MG COMP. - ATORVASTATIN 20 MG COMP.,51.925,C,2000.0,2000.0,2000.0,,1,0.0
2026,1,941,937,866,932,10,0,ANTISEPTICO LOCAL - IODOPOVIDONA SOLUCION 10 % 1000CM3.,23403.589,C,20.0,20.0,20.0,,1,0.0
2026,1,941,937,866,932,11,0,IODURO DE POTASIO - CLORURO DE POTASIO 15 MG AMP,604.5,C,200.0,200.0,200.0,,1,0.0
2026,1,941,937,866,932,12,0,ANALGESICOS -  IBUPROFENO 2 % SUSP. 90 ML.,864.9,C,60.0,60.0,60.0,,1,0.0
2026,1,941,937,866,932,13,0,LOSARTAN 50 MG COMP - LOSARTAN 50 MG COMP,37.2,C,1995.0,1995.0,1995.0,,1,0.0
2026,1,943,938,169,933,1,0,BOLSAS DE CONSORCIO 80 X 110 X 10 - BOLSAS DE CONSORCIO 80X110X50,10900.0,C,6.0,6.0,6.0,,1,0.0
2026,1,943,938,169,933,2,0,Cif crema 800 cc - CIF CREMOSO 750,4200.0,C,6.0,6.0,6.0,,1,0.0
2026,1,924,941,169,936,1,0,CABO DE MADERA - CABO DE MADERA (GENERICO),2500.0,C,2.0,2.0,2.0,,1,0.0
2026,1,924,941,169,936,2,0,PLUMERO - PLUMERO (GENERICO),2750.0,C,1.0,1.0,1.0,,1,0.0
2026,1,924,941,169,936,3,0,Pasa cera Plástico - Pasa cera Plástico (Genérico),4500.0,C,1.0,1.0,1.0,,1,0.0
2026,1,924,941,169,936,4,0,PALO ESCOBILLON - PALO ESCOBILLON (Genérico),1800.0,C,1.0,1.0,1.0,,1,0.0
2026,1,924,941,169,936,5,0,ESCOBILLA LIMPIA INODORO - ESCOBILLA LIMPIA INODORO (GENERICO),3700.0,C,3.0,3.0,3.0,,1,0.0
2026,1,924,941,169,936,6,0,QUITASARRO - QUITASARRO (GENERICO),2300.0,C,1.0,1.0,1.0,,1,0.0
2026,1,924,941,169,936,7,0,balde - balde (Genérico),3400.0,C,2.0,2.0,2.0,,1,0.0
2026,1,924,941,169,936,8,0,ESCOBILLON - ESCOBILLON (GENERICO),4100.0,C,1.0,1.0,1.0,,1,0.0
2026,1,924,941,169,936,9,0,LIMPIADOR CREMOSO - LIMPIADOR CREMOSO (GENERICO) - CIF X 750,4200.0,C,1.0,1.0,1.0,,1,0.0
2026,1,926,943,2310,938,1,0,T.E. RECTANGULAR - T.E. RECTANGULAR (Genérico),60234.34,C,1.0,1.0,1.0,,1,0.0
2026,1,926,943,2310,938,2,0,SERVICIO DE FLETE - SERVICIO DE FLETE (Genérico),100.0,C,6.0,6.0,6.0,,1,0.0
2026,1,448,420,688,422,1,0,ACEITES LUBRICANTES - ACEITES LUBRICANTES (GENERICO)PARA MINIBUS MKF817,10000.0,C,2.0,2.0,2.0,,1,0.0
2026,1,690,661,441,659,1,0,ROLLO CON PAPEL QUIMICO - ROLLO TERMICO 57X30X10,5576.45,C,1.0,1.0,1.0,,1,0.0
2026,1,690,661,441,659,2,0,CUTTER - CUTTER EZCO 18MM,6100.0,C,2.0,2.0,2.0,,1,0.0
2026,1,690,661,441,659,3,0,RESMA A4 - INDICE IGNEO A4 A-Z,5200.0,C,2.0,2.0,2.0,,1,0.0
2026,1,690,661,441,659,4,0,RESMA OFICIO - INDICE IGNEO OFICIO A-Z,5360.0,C,2.0,2.0,2.0,,1,0.0
2026,1,690,661,441,659,5,0,plstificado chico carnet - PLASTIFICADO CARNET,600.0,C,9.0,9.0,9.0,,1,0.0
2026,1,686,663,2410,661,1,0,Luces - Luces reparacion bajas  (Genérico),60000.0,C,1.0,1.0,1.0,,1,0.0
2026,1,683,664,2410,662,1,0,REPARACION ALTERNADOR - REPARACION ALTERNADOR,120000.0,C,1.0,1.0,1.0,,1,5000.0
2026,1,680,665,3220,663,1,0,REPARACION VEHICULO - REPARACION VEHICULO (reprogramacion de motor por inmovilizaor de llave),440000.0,C,1.0,1.0,1.0,,1,0.0
2026,1,677,666,879,664,1,0,BOLSA CEMENTO - BOLSA CEMENTO  (Genérico),9620.0,C,2.0,2.0,2.0,,1,0.0
2026,1,677,666,879,664,2,0,CAÑO PVC SYSTEM 20 mm - CAÑO PVC SYSTEM 20 mm (Genérico),5630.0,C,1.0,1.0,1.0,,1,0.0
2026,1,677,666,879,664,3,0,TEE ESPIGA 1/2 - TEE ESPIGA 1/2 (Genérico),550.0,C,1.0,1.0,1.0,,1,0.0
2026,1,677,666,879,664,4,0,CERAMICA P/PISOS - DIMENSION 20 X 20Cm - LINEA EDIFICA - COLOR NEGRO.,16400.0,C,2.0,2.0,2.0,,1,0.0
2026,1,677,666,879,664,5,0,PEGAMENTO P/REVESTIMIENTOS - PEGAMENTO P/REVESTIMIENTOS (GENERICO),9620.0,C,1.0,1.0,1.0,,1,0.0
2026,1,677,666,879,664,6,0,NIPLE ROSCADO - NIPLE ROSCADO (GENERICO),1210.0,C,6.0,6.0,6.0,,1,0.0
2026,1,677,666,879,664,7,0,CAÑO DE 25 - CAÑO DE 25 (Genérico),830.0,C,30.0,30.0,30.0,,1,0.0
2026,1,708,667,360,665,1,0,"TRABAJOS DE ELECTRICIDAD - TRABAJOS DE ELECTRICIDAD (Genérico)
REALIZAR INSTALACION, COLOCAR TOMAS, BOCAS Y CABLE CANAL EN BELLAS ARTES",140000.0,C,1.0,1.0,1.0,,1,0.0
2026,1,710,668,164,666,1,0,"TRABAJOS DE ELECTRICIDAD - TRABAJOS DE ELECTRICIDAD (Genérico)CAMBIO DE FASE, BOMBA  DE LAVADERO,TERMICA DE TALLER",98000.0,C,1.0,1.0,1.0,,1,0.0
2026,1,712,669,2110,667,1,0,GASISTA TRABAJOS EN GENERAL - GASISTA TRABAJOS EN GENERAL (Genérico)Limpieza de mechero y pics a calefactor.,55000.0,C,1.0,1.0,1.0,,1,0.0
2026,1,501,472,866,469,4,0,CORTICOESTEROIDE -  DEXAMETASONA AMPOLLA - PRESENTACION 8mg.,971.99,C,1500.0,1500.0,1500.0,,1,0.0
2026,1,501,472,866,469,5,0,MEDICAMENTOS - CAL SODADA 1 KG,9017.3,C,3.0,3.0,3.0,,1,0.0
2026,1,501,472,866,469,6,0,"ANSIOLITICO - LORAZEPAM COMPRIMIDO 2,5mg.",53.22,C,1000.0,1000.0,1000.0,,1,0.0
2026,1,501,472,866,469,7,0,ANTIPSICOTICO - QUETIAPINA 25 MG COMP,78.3,C,1000.0,1000.0,1000.0,,1,0.0
2026,1,501,472,866,469,8,0,ENOXAPARINA 60 MG AMPOLLAS - ENOXAPARINA 60 MG AMPOLLAS x 10,126540.0,C,4.0,4.0,4.0,,1,0.0
2026,1,501,472,866,469,9,0,ANTICOAGULANTE - ENOXAPARINA 80 MG AMPOLLAS X 10,160200.0,C,3.0,3.0,3.0,,1,0.0
2026,1,501,472,866,469,10,0,ANTIEPILEPTICO -  FENOBARBITAL COMPRIMIDOS 100mg.,290.09,C,495.0,495.0,495.0,,1,0.0
2026,1,501,472,866,469,11,0,HIPOTENSOR - LABETALOL AMPOLLAS,1764.0,C,50.0,50.0,50.0,,1,0.0
2026,1,501,472,866,469,12,0,ANTIEMETICO - METOCLOPRAMIDA  AMPOLLA - PRESENTACION 2 ML.,540.0,C,1100.0,1100.0,1100.0,,1,0.0
2026,1,501,472,866,469,13,0,ANALGESICOS - DIPIRONA -AMPOLLA 2 ML,648.0,C,500.0,500.0,500.0,,1,0.0
2026,1,501,472,866,469,14,0,ANTIASMATICO ANTIALERGICO - SALMETEROL + FLUTICASONA  25/125 MCG,23940.0,C,1.0,1.0,1.0,,1,0.0
2026,1,501,472,866,469,15,0,ANTIEMETICO - ONDANSETRON 8 MG,1080.0,C,30.0,30.0,30.0,,1,0.0
2026,1,501,472,866,469,16,0,ANTIINFLAMATORIO - DICLOFENAC COMPRIMIDOS 75 ML,40.68,C,1995.0,1995.0,1995.0,,1,0.0
2026,1,501,472,866,469,17,0,BUDESONIDA + FORMOTEROL AEROSOL(160 mcg/45MCG 150 dosis - BUDESONIDA + FORMOTEROL CAPSULAS X 120,59076.05,C,2.0,2.0,2.0,,1,0.0
2026,1,501,472,866,469,18,0,ANALGESICOS - PARACETAMOL COMPRIMIDO 500 MG.,48.42,C,1000.0,1000.0,1000.0,,1,0.0
2026,1,501,472,866,469,19,0,DIURETICOS - HIDROCLOROTIAZIDA COMPRIMIDOS 25 MG,120.44,C,990.0,990.0,990.0,,1,0.0
2026,1,501,472,866,469,20,0,ANESTESICO LOCAL - LIDOCAINA 2% SIN EPINEFRINA S/C - AMPOLLA  5 CC.,702.0,C,45.0,45.0,45.0,,1,0.0
2026,1,501,472,866,469,21,0,MICONAZOL + BETAMETASONA+ GENTAINA CREA X 20 GR - MICONAZOL + BETAMETASONA+ GENTAINA CREMA X 20 GR,2565.0,C,30.0,30.0,30.0,,1,0.0
2026,1,501,472,866,469,22,0,ANTICOAGULANTE - ENOXAPARINA  20 MG JERINGA PRELL X 10,83790.0,C,1.0,1.0,1.0,,1,0.0
2026,1,501,472,866,469,23,0,ANTICOAGULANTE - ENOXAPARINA 40 MG JERINGA PRELL X 10,109440.0,C,2.0,2.0,2.0,,1,0.0
2026,1,501,472,866,469,24,0,HIPOTENSOR - ENALAPRIL 10mg. COMP,49.46,C,1980.0,1980.0,1980.0,,1,0.0
2026,1,501,472,866,469,25,0,HIERRO - SULFATO FERROSO  200 MG.,74.84,C,990.0,990.0,990.0,,1,0.0
2026,1,501,472,866,469,26,0,"OXITOCINA 10 UI, NEOSTIGMINA 0,5 MG AMP, ATORVASTATIN 20 MG COMP. - OXITOCINA 10 UI, AMPOLLAS",396.68,C,300.0,300.0,300.0,,1,0.0
2026,1,501,472,866,469,27,0,IODURO DE POTASIO - CLORURO DE POTASIO AMPOLLAS X 200 Y FENITOINA AMPOLLAS X 100,702.0,C,300.0,300.0,300.0,,1,0.0
2026,1,501,472,866,469,28,0,PATTOGAMMA - T 250 mg. - INMUNOGOBULINA HNA R02 250 mg.,170200.0,C,2.0,2.0,2.0,,1,0.0
2026,1,502,473,3163,470,1,0,CAMARA CCTV HIKVISION BULLET - CAMARA CCTV HIKVISION BULLET,239434.8,C,3.0,3.0,3.0,,1,0.0
2026,1,503,474,117,471,1,0,Pote Nat. 1/4 kg - Pote Nat. 1/2 kg (Genérico): BEMIS x 100.,7250.01,C,10.0,10.0,10.0,,1,0.0
2026,1,503,474,117,471,2,0,ARTICULOS DE LIBRERIA - ARTICULOS DE LIBRERIA (Genérico): Tapa BEMIS T88 x 100.,3300.0,C,10.0,10.0,10.0,,1,0.0
2026,1,504,475,3075,472,1,0,LAVANDINA - LAVANDINA (GENERICO): CONCETRADA MC X 5.,4900.0,C,2.0,2.0,2.0,,1,0.0
2026,1,504,475,3075,472,2,0,FUENTON - FUENTON (Genérico): 54 LTS. SINA.,11412.72,C,1.0,1.0,1.0,,1,0.0
2026,1,504,475,3075,472,3,0,SHAMPOO - SHAMPOO (GENERICO): PLUSBELLE X 1LT NATURAL.,4540.31,C,1.0,1.0,1.0,,1,0.0
2026,1,504,475,3075,472,4,0,ARTICLOS DE FERRETERIA - ARTICLOS DE FERRETERIA (Genérico): CANASTO PARA ROPA CALADO 40 LTS.,10055.04,C,1.0,1.0,1.0,,1,0.0
2026,1,713,670,2110,668,1,0,GASISTA TRABAJOS EN GENERAL - GASISTA TRABAJOS EN GENERAL (Genérico)Instalar calefactor y taponar cuarto bocas de gas.,130000.0,C,1.0,1.0,1.0,,1,0.0
2026,1,539,509,877,505,1,0,SERVICIO DE GRABACION - SERVICIO DE GRABACION (Genérico) Y EDICION DE SECCIONES DURANTE EL AÑO,55000.0,C,30.0,30.0,30.0,,1,0.0
2026,1,540,510,127,506,1,0,SERVICIO DE MONITOREO SATELITAL - SERVICIO DE MONITOREO SATELITAL (Genérico) MENSUAL DE ALARMA,26000.0,C,12.0,12.0,12.0,,1,0.0
2026,1,350,352,2704,507,1,0,"SERVICIOS TECNICOS Y PROFESIONALES - SERVICIOS TECNICOS Y PROFESIONALES (Genérico)
A partir del 01 de enero hasta el 30 de junio 2026, percibiendo la suma de:
- $ 919.291.68 mensual, 108horas mensuales.
- $ 200.000 mensual , en concepto de guardias.",1119291.68,C,6.0,6.0,6.0,,1,0.0
2026,1,542,512,2654,509,1,0,CHIPS MONITOREO FILM - CHIPS MONITOREO FILM MEDICIONES PARA PERSONAL TECNICO Y PROFESIONALES QUE ESTAN EN EXPOSICION RAYOS X,28182.0,C,90.0,90.0,90.0,,1,0.0
2026,1,542,512,2654,509,2,0,DISTRIBUCION DE CORREOS - SERVICIO DE CARTA CERTIFICADA ENVIO DE CHIPS FILM,19490.0,C,6.0,6.0,6.0,,1,0.0
2026,1,543,513,2133,510,1,0,REPARACION Y MANTENIMIENTO DE PROCESADORA DE PELIC. RADIOGRAFICAS Y TOMOGRAFO - SERVICIO MENSUAL MANTENIMIENTO PREVENTIVO Y CORRECTIVO PARA EL TOMOGRAFO MARCA NEUSOFT MODELO NEUVIZ ACE SP (32)  CORRESPONDIENTE AL PERIODO 01/01/26 AL 31/03/2026,1466327.0,C,3.0,3.0,3.0,,1,0.0
2026,1,369,586,400,583,1,0,"PUBLICIDAD RADIAL - PUBLICIDAD RADIAL- Corresponde contratacion desde 01 de enero del 2026 hasta el 31 de diciembre del mismo ejercicio, percibiendo una suma mensual de $ 90.000",90000.0,C,12.0,12.0,12.0,,1,0.0
2026,1,269,265,90,597,1,0,"ACEITE COMESTIBLE - TIPO MEZCLA - ENVASE PLASTICO - CAPACIDAD X 1 LT.
x 900 gr
MARCA MAROLIO, MOLTO 
FINANCIADO",1783.9,C,5300.0,5300.0,5300.0,,1,0.0
2026,1,269,265,90,597,2,0,"ACEITE COMESTIBLE - TIPO GIRASOL - ENVASE BOTELLA DE PLASTICO - CAPACIDAD 1 LT.
x 900 gr
LEGITIMO . MAROLIO, MOLTO 
FINANCIADO",2014.6,C,5300.0,5300.0,5300.0,,1,0.0
2026,1,269,265,90,597,3,0,"FIDEOS SECOS - TIPO GUISERO - ENVASE PAQUETE - CAPACIDAD 500 GRS
SANTA ISABEL, DON BERNABEU 
FINANCIADO",473.9,C,8000.0,8000.0,8000.0,,1,0.0
2026,1,269,265,90,597,4,0,"FIDEOS SECOS - TIPO SECO VARIEDAD LARGO - ENVASE PAQUETE - CAPACIDAD X 500 GRS.
SANTA ISABEL - DON BERNABEU 
FINANCIADO",473.9,C,8000.0,8000.0,8000.0,,1,0.0
2026,1,269,265,90,597,5,0,"ARROZ - TIPO GRANO LARGO BLANCO - ENVASE BOLSA PLASTICA - CAPACIDAD POR KILO
DOS CHINOS, PRIMOR 
FINANCIADO",686.3,C,8800.0,8800.0,8800.0,,1,0.0
2026,1,269,265,90,597,6,0,"AZUCAR - TIPO ""A"" COMUN - ESTADO BLANCA MOLIDA - PRESENTACION BOLSA DE POLIETILENO X 1000 GRS. 1° marca
MK, MAROLIO, AZUCEL 
FINANCIADO",810.0,C,8800.0,8800.0,8800.0,,1,0.0
2026,1,269,265,90,597,7,1,"LECHE EN POLVO - LECHE EN POLVO (GENERICO)
Entera Vitamina A y D 1° marca
MK,ARO, MOLICO 
FINANCIADO",5099.9,C,4500.0,4500.0,4500.0,,1,0.0
2026,1,269,265,90,597,8,0,"LECHE LARGA VIDA - LECHE LARGA VIDA (Genérico)
1 lt caja tetra brick 1° marca
ARMONIA, LA ANGELITA 
FINANCIADO",1059.0,C,10500.0,10500.0,10500.0,,1,0.0
2026,1,269,265,90,597,9,0,"HARINA DE TRIGO - TIPO COMUN  000 - PRESENTACION PAQUETE X 1 KG.
paquete clásico
MAROLIO, MK, SAN REMO 
FINANCIADO",483.6,C,7500.0,7500.0,7500.0,,1,0.0
2026,1,269,265,90,597,10,0,"Polenta  cocción rápida - Polenta  cocción rápida (Genérico)
PIANO 
FINANCIADO",342.9,C,4500.0,4500.0,4500.0,,1,0.0
2026,1,269,265,90,597,11,0,"PURE DE TOMATE - PURE DE TOMATE (Genérico)
x 520 gr tetra brick 1° marca
SANTA ISABEL, NOEL 
FINANCIADO",493.3,C,7000.0,7000.0,7000.0,,1,0.0
2026,1,269,265,90,597,12,0,"YERBA MATE X 500GRS. - YERBA MATE X 500GRS. (Genérico)
1° marca
MK, LA TRANQUERA 
FINANCIADO",943.6,C,2500.0,2500.0,2500.0,,1,0.0
2026,1,269,265,90,597,13,0,"MERMELADA - MERMELADA (GENERICO)
x 454 gr  frasco 1° marca
DULCOR, CRIETA 
FINANCIADO",733.6,C,2800.0,2800.0,2800.0,,1,0.0
2026,1,269,265,90,597,14,0,"ARVEJAS - ARVEJAS (GENERICO)
x 340 gr lata
MAROLIO , MK 
FINANCIADO",369.0,C,3500.0,3500.0,3500.0,,1,0.0
2026,1,269,265,90,597,15,0,"LENTEJA - LENTEJA (Genérico)
entera paquete x 400 gr
MAROLIO- MK 
FINANCIADO",719.3,C,4500.0,4500.0,4500.0,,1,0.0
2026,1,21,23,2804,22,1,0,Alimentos para persomas - Alimentos para persomas (Genérico) VERDURAS Y FRUTAS,1500000.0,C,1.0,1.0,1.0,,1,0.0
2026,1,47,24,57,24,1,0,SERVICIO DE IMPRESION - SERVICIO DE IMPRESION (GENERICO): TALONARIOS PLANILLA INFORMACION.,250.0,C,100.0,100.0,100.0,,1,0.0
2026,1,47,24,57,24,2,0,SERVICIO DE IMPRESION - SERVICIO DE IMPRESION (Genérico): PLANILLA DONANTE.,210.0,C,100.0,100.0,100.0,,1,0.0
2026,1,47,24,57,24,3,0,SERVICIO DE IMPRESION - SERVICIO DE IMPRESION (Genérico): CUESTIONARIO CONFIDENCIAL.,180.0,C,100.0,100.0,100.0,,1,0.0
2026,1,47,24,57,24,4,0,SERVICIO DE IMPRESION - SERVICIO DE IMPRESION - PLANILLAS DE DERIVACION TRASLADOS,220.0,C,100.0,100.0,100.0,,1,0.0
2026,1,46,26,2427,26,1,0,MANO DE OBRA - MANO DE OBRA  (Genérico): CAMBVIO DE PREFOSTATO (FARMACIA).,55000.0,C,1.0,1.0,1.0,,1,0.0
2026,1,45,28,216,28,1,0,BOLSA DE RESIDUOS - DIMENSION 45 X 60X100 VERDES.,7000.0,C,8.0,8.0,8.0,,1,0.0
2026,1,45,28,216,28,2,0,BOLSA DE RESIDUOS - DIMENSION 45 X 60X 100 ROJAS.,1600.0,C,8.0,8.0,8.0,,1,0.0
2026,1,45,28,216,28,3,0,BOLSA DE RESIDUOS - DIMENSION 60 X 90X80 ROJAS.,10800.0,C,7.0,7.0,7.0,,1,0.0
2026,1,45,28,216,28,4,0,BOLSA DE RESIDUOS - BOLSA DE RESIDUOS (GENERICO): 80X110X50.,1600.0,C,8.0,8.0,8.0,,1,0.0
2026,1,269,265,90,597,16,0,"GALLETITAS SALVADO (INDIVIDUAL) - GALLETITAS SALVADO (INDIVIDUAL) (Genérico)
Sandwich x 3 paquetes 315 gr
MK- ARO 
FINANCIADO",679.9,C,2800.0,2800.0,2800.0,,1,0.0
2026,1,269,265,90,597,17,0,"TE - TE (GENERICO)
x 25 saquitos / caja
MAROLIO- MK 
FINANCIADO",408.6,C,2000.0,2000.0,2000.0,,1,0.0
2026,1,269,265,90,597,18,0,"FLAN - FLAN (GENERICO)
vainilla caja/estuche x 60 gr
RAVANA, NOEL 
FINANCIADO",467.5,C,1800.0,1800.0,1800.0,,1,0.0
2026,1,98,96,2593,95,1,0,"LLAVE P/CERRADURA - LLAVE P/CERRADURA (GENERICO) TRABAJOS DE CERRAJERIA (COPIA DE LLAVE, CERRADURAS, MARCOS, ENTRE OTROS) DURANTE EL AÑO",150000.0,C,1.0,1.0,1.0,,1,0.0
2026,1,100,99,2973,99,1,0,PRODUCTOS QUIMICOS - PRODUCTOS QUIMICOS  (Genérico) PRODUCTOS QUIMICOS VARIOS PARA MANTENIMIENTO Y LIMPIEZA DE PILETAS EN COLONIA DE VERANO MUNICIPAL,1500000.0,C,1.0,1.0,1.0,,1,0.0
2026,1,101,100,33,100,1,0,"SEGURO TECNICO - SEGURO TECNICO (Genérico)DESDE EL 01/01/2026 AL 31/12/2026, RETRO NEW HOLLAND FAZ81",2029892.68,C,1.0,1.0,1.0,,1,0.0
2026,1,103,102,169,102,1,0,SILICONA - SILICONA (Genérico),10900.0,C,1.0,1.0,1.0,,1,0.0
2026,1,104,103,33,103,1,0,"SEGURO TECNICO - SEGURO TECNICO (Genérico)DESDE EL 01/01/2026 AL 31/12/2026, DE CORTADORAS DE PASTP TORO,INI PALAS BMV14/BLZ66/EPK06/PALA CARGADORA CII58/CARGADORA LIUGONG EFJ00/TRACTOR J DEERE BGZ45/TOPADORA EUF96",28002044.73,C,1.0,1.0,1.0,,1,0.0
2026,1,106,105,33,105,1,0,"SEGUROS DE RESPONSABILIDAD - SEGUROS DE RESPONSABILIDAD (GENERICO) COMPRESIVA DE CAMPO DE DEPORTE Y ESTADIO MUNICIPAL, DESDE EL 01/01/2026 AL 31/12/2026",525687.42,C,1.0,1.0,1.0,,1,0.0
2026,1,105,106,33,106,1,0,"SEGUROS DE RESPONSABILIDAD - DESCRIPCION SEGURO DE RESPONSABILIDADDESDE EL 01/01/2026 AL 31/12/2026, PUESTO DE INVERNADAS",484704.48,C,1.0,1.0,1.0,,1,0.0
2026,1,108,107,33,107,1,0,SEGUROS DE RESPONSABILIDAD - SEGUROS DE RESPONSABILIDAD (GENERICO) COMPRESIVA DESDE EL 01/01/2026 AL 31/12/2026,508355.19,C,1.0,1.0,1.0,,1,0.0
2026,1,137,137,2538,137,1,0,CARGA DE GAS EN AIRE ACONDICIONADO - REVISION DE FUGAS Y CARGA DE GAS COMPLETA PARA AIRE ACONDICIONADO,156000.0,C,1.0,1.0,1.0,,1,0.0
2026,1,138,138,345,138,1,0,HAEMOCGLUCOTEST TIRAS REACTIVAS X 100 NEO,82765.963,C,15.0,15.0,15.0,,1,0.0
2026,1,139,140,1138,140,1,0,PESCADO - MILANESAS KG,9000.0,C,8.0,8.0,8.0,,1,0.0
2026,1,140,146,2627,146,1,0,PASTAS FRESCAS - VARIEDAD SORRENTINO  8X2,1800.0,C,16.0,16.0,16.0,,1,0.0
2026,1,140,146,2627,146,2,0,PASTAS FRESCAS - FIDEOS SOPEROS Kg.,3000.0,C,4.0,4.0,4.0,,1,0.0
2026,1,141,149,2627,148,1,0,PASTAS FRESCAS - TUBOS EMPANADAS 5 DOC,6500.0,C,5.0,5.0,5.0,,1,0.0
2026,1,142,151,2595,151,1,0,SILICONA - SILICONA (Genérico): LIMPIADOR TUF SCHUF.,25000.0,C,2.0,2.0,2.0,,1,0.0
2026,1,142,151,2595,151,2,0,PEGAMENTO - PEGAMENTO (GENERICO): PULPÍTO.,6200.0,C,1.0,1.0,1.0,,1,0.0
2026,1,158,153,441,153,1,0,SELLO - SELLO (base de sello y perilla),2800.0,C,1.0,1.0,1.0,,1,0.0
2026,1,149,157,441,157,1,0,SELLO - SELLO (GENERICO) AUT. 911 38 X 14,8500.0,C,1.0,1.0,1.0,,1,0.0
2026,1,190,161,1266,161,1,0,"SERVICIO DE ALARMA Y MONITOREO - SERVICIO DE ALARMA Y MONITOREO (Genérico)DESDE EL 01/01/2026 AL 30/04/2026, ABONOS 5544/5579, CON COMUNICADOR EN COMODATO",59200.0,C,8.0,8.0,8.0,,1,0.0
2026,1,192,165,1266,165,1,0,SERVICIO DE ALARMA Y MONITOREO - SERVICIO DE ALARMA Y MONITOREO (Genérico)DESDE EL 01/01/2026 AL 30/04/2026.ABONO 5546 CON COMUNICADOR EN COMODATO,59200.0,C,4.0,4.0,4.0,,1,0.0
2026,1,195,167,1266,167,1,0,"SERVICIO DE ALARMA Y MONITOREO - SERVICIO DE ALARMA Y MONITOREO (Genérico)DESDE EL 01/01/2026 AL 30/04/2026,ABONO B084 CON COUNICADOR EN COMODATO",59200.0,C,4.0,4.0,4.0,,1,0.0
2026,1,249,186,3430,186,1,0,"TONER VARIOS - (70) 408284COMP $727.650
(144) TN1060COMP $406296 
(24) DR1060COMP $ 128.304
(40) CB435A-436A-CE285AUNIVCOMP $172.260 
(40) CF283ACOMP $171.666
(15) CE505A-CF280AUNIVCOMP $98.010 
(5) CE310A-CF350AUNIVCOMP $23.982,75 
(5) CE311A-CF351AUNIVCOMP $ 23982,75 
(5) CE313A-CF353UNIVCOMP $ 23982,75 
(2) INKDYEC1000 $9444,60 
(2) INKDYEM1000 $9444,60",2200997.5,C,1.0,1.0,1.0,,1,0.0
2026,1,182,188,33,188,1,0,"SEGURO AUTOMOTOR - DESCRIPCION TODO RIESGO S/FRANQUICIA, TERCEROS, DE MOTONIVELADORAS(BGZ34/CGS18/BGZ53), CARGADORAS(EPK07/FAZ81), CAMIONETAS(AB597ZF/AF451OS),NIVELADORA DE ARRASTRE, CASILLAS RODANTES,TRACTORES(ABD99/EFJ10/EFJ11)",6332135.0,C,1.0,1.0,1.0,,1,0.0
2026,1,183,191,1527,191,1,0,PARCHE P/CAMARA - PARCHE P/CAMARA (af471zq-oig911- af349oi- af496mn- af245ct-af747pm- ae704aw- ae331iy),154000.0,C,1.0,1.0,1.0,,1,0.0
2026,1,184,194,71,194,1,0,RULEMAN - RULEMAN,4000.0,C,1.0,1.0,1.0,,1,0.0
2026,1,187,195,1063,195,1,0,REPARACION DE EQUIPOS DE COMUNICACIÓN - REPARACION DE EQUIPOS DE COMUNICACIÓN (Genérico) FUENTE  INTEGRADORA DE ALIMENTACION EQUIPO MOTOEBO 6145,1120000.0,C,1.0,1.0,1.0,,1,0.0
2026,1,185,197,413,197,1,0,"PARCHE P/CAMARA - PARCHE P/CAMARA (GENERICO)Parche 19,5 x 24 New Hollnd BMU 02 ($30.000),parche 23.1 Pauny EFJ 10($40.000)parche 165/65/17 (auxilio casillla ($10.000),parche y desarme Amarok AB597ZF ($18.000)parche Motoniveladora Volvo CGS 18 ($30.000) parche 255/70/16 Motoniveladora 255/70/16 ($10.000)1 parche 1400 x 24 CGS 18 ($35.000),2 parches 255/80/16 Amarok AB 597 ZF ($10.000),1 parche 215/16 BMU 02 ($10.000)1 parche 23.1 x 30 Pauny N°1 EFJ 11 ($35.000).",263000.0,C,1.0,1.0,1.0,,1,0.0
2026,1,308,292,33,291,1,0,"SEGURO INTEGRAL - SEGURO INTEGRAL (Genérico)DESDE EL 01/01/2026 AL 31/12/2026, CASA DE LA CULTURA",552679.0,C,1.0,1.0,1.0,,1,0.0
2026,1,309,293,33,292,1,0,"SEGURO INTEGRAL - SEGURO INTEGRAL (Genérico)DESDE EL 01/01/206 AL 31/12/202, CASA CHICA CASA GDE Y HOGAR PROTECCION INTEGRAL",367866.0,C,1.0,1.0,1.0,,1,0.0
2026,1,310,294,33,293,1,0,"SEGURO INTEGRAL - SEGURO INTEGRAL (Genérico)DESDE EL 01/01/2026 AL 31/12/2026, SALA 1° AUX. B° SM",502262.0,C,1.0,1.0,1.0,,1,0.0
2026,1,311,295,33,294,1,0,"SEGURO INTEGRAL - SEGURO INTEGRAL (Genérico)DESDE EL 01/01/2026 AL 31/12/2026, CAPS B° QUINTANILLA",493506.0,C,1.0,1.0,1.0,,1,0.0
2026,1,312,296,33,295,1,0,"SEGURO INTEGRAL - SEGURO INTEGRAL (Genérico)DESDE EL 01/01/2026 AL 31/12/2026, MUSEO HISTORICO",290490.0,C,1.0,1.0,1.0,,1,0.0
2026,1,313,297,33,296,1,0,"SEGURO INTEGRAL - SEGURO INTEGRAL (Genérico)DESDE EL 01/01/2026 AL 31/12/2026, MUNICIPALIDAD",1330489.0,C,1.0,1.0,1.0,,1,0.0
2026,1,307,298,1259,297,1,0,TUBO LED - TUBO LED,5128.2,C,2.0,2.0,2.0,,1,0.0
2026,1,307,298,1259,297,2,0,LISTON P/TUBO LED - LISTON P/TUBO LED,6969.2,C,1.0,1.0,1.0,,1,0.0
2026,1,307,298,1259,297,3,0,PORTALAMPARA - PORTALAMPARA,3168.2,C,2.0,2.0,2.0,,1,0.0
2026,1,307,298,1259,297,4,0,Lampara led - Lampara led,17144.4,C,6.0,6.0,6.0,,1,0.0
2026,1,307,298,1259,297,5,0,CINTA AISLANTE - CINTA AISLANTE,5465.6,C,1.0,1.0,1.0,,1,0.0
2026,1,307,298,1259,297,6,0,TERM. AISL. 2.5/4mm - TERM. AISL. 2.5/4mm,770.0,C,5.0,5.0,5.0,,1,0.0
2026,1,306,299,1259,298,1,0,CONECTOR - CONECTOR AMERICANO,417.87,C,15.0,15.0,15.0,,1,0.0
2026,1,306,299,1259,298,2,0,CINTA AISLANTE - CINTA AISLANTE,5838.54,C,1.0,1.0,1.0,,1,0.0
2026,1,306,299,1259,298,3,0,TIMBRE INALAMBRICO - TIMBRE INALAMBRICO,23708.3,C,2.0,2.0,2.0,,1,0.0
2026,1,306,299,1259,298,4,0,Pila - Pila AA,1944.69,C,6.0,6.0,6.0,,1,0.0
2026,1,305,300,1810,299,1,0,SERVICE - SERVICE (Genérico): RECARGA DE GAS REFRIGERANTE A.A.,120000.0,C,1.0,1.0,1.0,,1,0.0
2026,1,304,301,2627,300,1,0,PASTAS FRESCAS - SORRENTINO  X PLANCHA. 9 X2,2000.0,C,18.0,18.0,18.0,,1,0.0
2026,1,304,301,2627,300,2,0,PASTAS FRESCAS - FIDEOS AL HUEVO N° 2 KG,4000.0,C,4.0,4.0,4.0,,1,0.0
2026,1,303,302,125,301,1,0,MEDICAMENTOS - MEDICAMENTOS DISPENSADOS EL 23 Y 24/12/25,44517.6,C,1.0,1.0,1.0,,1,0.0
2026,1,292,303,3356,302,1,0,PESCADO - FILET KG,8500.0,C,7.0,7.0,7.0,,1,0.0
2026,1,315,306,33,305,1,0,"SEGURO INTEGRAL - SEGURO INTEGRAL (Genérico)DESDE EL 01/01/2026  AL 31/12/2026, DEPOSITO TURISMO, EST. DE TREN",335917.0,C,1.0,1.0,1.0,,1,0.0
2026,1,314,308,33,307,1,0,"SEGURO INTEGRAL - SEGURO INTEGRAL (Genérico)DESDE EL 01/01/2026 AL 31/12/2026, DELEGACION SUR",588764.0,C,1.0,1.0,1.0,,1,0.0
2026,1,302,311,33,309,1,0,"SEGURO AUTOMOTOR - SEGURO AUTOMOTOR (GENERICO)3° DESDE EL 01/01/2026 AL 31/12/2026, MOTOS DOMINIOS 750HBT/592KZK/AO291TH/AO97RWF/A097RWE/A097RWJ/A097RWI",783604.0,C,1.0,1.0,1.0,,1,0.0
2026,1,301,312,33,311,1,0,SEGURO INTEGRAL - SEGURO INTEGRAL (Genérico)DESDE EL 01/01/2026 AL 31/12/2026,3352728.0,C,1.0,1.0,1.0,,1,0.0
2026,1,300,313,33,312,1,0,SEGURO INTEGRAL - SEGURO INTEGRAL (Genérico)DESDE EL 01/01/2026 AL 31/12/2026,318241.0,C,1.0,1.0,1.0,,1,0.0
2026,1,299,314,33,313,1,0,SEGURO INTEGRAL - SEGURO INTEGRAL (Genérico)DESDE EL 10/01/2026 AL 31/12/2026,837666.0,C,1.0,1.0,1.0,,1,0.0
2026,1,298,315,33,314,1,0,"SEGURO INTEGRAL - SEGURO INTEGRAL (Genérico)DESDE EL 01/01/2026 AL 31/12/2026, PROG. ENVION",1131077.0,C,1.0,1.0,1.0,,1,0.0
2026,1,330,320,2369,319,8,0,EXTREMO DE DIRECCION P/AUTO - TIPO MECANICA - LADO CORTO - MODELO RASTROJERO.,78446.1392,C,3.0,3.0,3.0,,1,0.0
2026,1,330,320,2369,319,9,0,REMACHE P/CINTA DE FRENO - REMACHE P/CINTA DE FRENO (GENERICO),62.073,C,1000.0,1000.0,1000.0,,1,0.0
2026,1,330,320,2369,319,10,0,MANGUERA P/AUTOMOTOR - MARCA PEUGEOT - DESTINO SALIDA DE RADIADOR - MODELO 405.,13721.4,C,2.0,2.0,2.0,,1,0.0
2026,1,330,320,2369,319,11,0,VALVULA - VALVULA (GENERICO),48852.54,C,2.0,2.0,2.0,,1,0.0
2026,1,330,320,2369,319,12,0,MANGUERA P/AUTOMOTOR - MARCA RENAULT - DESTINO ENTRADA DE RADIADOR - MODELO 21.,111404.7,C,1.0,1.0,1.0,,1,0.0
2026,1,330,320,2369,319,13,0,BRIDA - BRIDA (GENERICO),108360.32,C,1.0,1.0,1.0,,1,0.0
2026,1,330,320,2369,319,14,0,DIFERENCIAL P/TRACTOR 22 HP. - DIFERENCIAL P/TRACTOR 22 HP. (Genérico),75032.1,C,1.0,1.0,1.0,,1,0.0
2026,1,330,320,2369,319,15,0,CILINDROS - CILINDROS (GENERICO),58370.4,C,1.0,1.0,1.0,,1,0.0
2026,1,330,320,2369,319,1,0,PULMON PARA FRENOS - PULMON PARA FRENOS (GENERICO),104544.0,C,2.0,2.0,2.0,,1,0.0
2026,1,158,153,441,153,2,0,PAPEL P/FOTOGRAFIA - PAPEL P/FOTOGRAFIA (papel opalina),18000.0,C,1.0,1.0,1.0,,1,0.0
2026,1,160,155,688,155,1,0,FILTRO DE ACEITE P/VEHICULO - FILTRO DE ACEITE P/VEHICULO (jch069),10000.0,C,1.0,1.0,1.0,,1,0.0
2026,1,160,155,688,155,2,0,ACEITE MOTOR - ACEITE MOTOR (10 litros),95000.0,C,1.0,1.0,1.0,,1,0.0
2026,1,160,155,688,155,3,0,FILTRO HABITACULO - FILTRO HABITACULO (af747pm),15500.0,C,1.0,1.0,1.0,,1,0.0
2026,1,330,320,2369,319,2,0,BISAGRA METALICA - PIVOTE LIBRE - SUJECION CON TORNILLOS - ALA IGUALES - MATERIAL HIERRO - LONGITUD 75MM.,155956.9,C,5.0,5.0,5.0,,1,0.0
2026,1,330,320,2369,319,3,0,RULEMAN - RULEMAN (GENERICO),63815.4,C,1.0,1.0,1.0,,1,0.0
2026,1,330,320,2369,319,4,0,SOPORTE P/ BOBINA - SOPORTE P/ BOBINA (Genérico),43596.8082,C,1.0,1.0,1.0,,1,0.0
2026,1,330,320,2369,319,5,0,REGULADOR DE EMBRAGUE P/AUTO - REGULADOR DE EMBRAGUE P/AUTO (GENERICO),65198.43,C,1.0,1.0,1.0,,1,0.0
2026,1,330,320,2369,319,6,0,"REPUESTO - REPUESTO (Genérico) PURGADOR
",17233.2556,C,2.0,2.0,2.0,,1,0.0
2026,1,330,320,2369,319,7,0,SOPORTE - SOPORTE (Genérico),19793.1195,C,2.0,2.0,2.0,,1,0.0
2026,1,331,322,441,321,1,0,Banda elástica - INDUCA CLASICA X 500 GRS,7500.0,C,2.0,2.0,2.0,,1,0.0
2026,1,332,324,441,322,1,0,LIBRO DE ACTAS - LIBRO DE ACTAS (GENERICO): 2 Manos 2224/A.,9200.01,C,2.0,2.0,2.0,,1,0.0
2026,1,332,324,441,322,2,0,VASO PLASTICO DESCARTABLE - MATERIAL POLIESTIRENO - LINEA BLANCOS - MOTIVO LISO - CAPACIDAD 300cm¦ - PRESENTACION CAJA X 100.,5100.0,C,1.0,1.0,1.0,,1,0.0
2026,1,333,325,1603,323,1,0,PAN X bolsita de 1 kg. - PAN X bolsita de 1 kg. (Genérico),2200.0,C,65.0,65.0,65.0,,1,0.0
2026,1,355,326,167,325,1,0,POLLO - PECHUGA KG,12500.0,C,19.0,19.0,19.0,,1,0.0
2026,1,355,326,167,325,2,0,POLLO - PATA Y MUSLO KG,7100.0,C,22.0,22.0,22.0,,1,0.0
2026,1,355,326,167,325,3,0,POLLO - HAMBURGUESA DE POLLO KG,11500.0,C,7.0,7.0,7.0,,1,0.0
2026,1,356,328,167,327,1,0,POLLO - PECHUGA KG,11500.0,C,15.28,15.28,15.28,,1,0.0
2026,1,356,328,167,327,2,0,POLLO - PATA Y MUSLO KG,6500.0,C,27.0,27.0,27.0,,1,0.0
2026,1,356,328,167,327,3,0,POLLO - HAMBURGUESA DE POLLO KG,10.5,C,6500.0,6500.0,6500.0,,1,0.0
2026,1,357,331,167,330,1,0,POLLO - PATA Y MUSLO KG,6500.0,C,43.75,43.75,43.75,,1,0.0
2026,1,357,331,167,330,2,0,POLLO - PECHUGA KG,11500.0,C,25.7,25.7,25.7,,1,0.0
2026,1,357,331,167,330,3,0,POLLO - HAMBURGUESA DE POLLO KG||,10500.0,C,11.0,11.0,11.0,,1,0.0
2026,1,357,331,167,330,4,0,POLLO - POLLO DESHUESADO,23000.0,C,9.0,9.0,9.0,,1,0.0
2026,1,358,333,2869,332,1,0,CARNE - CORTE PALETA. KG,13500.0,C,30.5,30.5,30.5,,1,0.0
2026,1,358,333,2869,332,2,0,CARNE - PICADA COMUN KG,13500.0,C,20.0,20.0,20.0,,1,0.0
2026,1,358,333,2869,332,3,0,CARNE - MILANESA DE BOLA DE LOMO KG,17490.0,C,17.9,17.9,17.9,,1,0.0
2026,1,358,333,2869,332,4,0,CARNE - BONDIOLA KG,9900.0,C,20.0,20.0,20.0,,1,0.0
2026,1,359,334,3356,333,1,0,PESCADO - FILET KG,8500.0,C,8.0,8.0,8.0,,1,0.0
2026,1,360,335,1440,334,1,0,REPARACION EN INSTRUMENTAL MEDICO Y QUIRURGICO - REPARACION DE PLAQUETA DE ECOGRAFO,3775200.0,C,1.0,1.0,1.0,,1,0.0
2026,1,334,336,1864,335,1,0,"SERVICIOS TECNICOS Y PROFESIONALES - SERVICIOS TECNICOS Y PROFESIONALES (Genérico)
A partir del 01 de eneroa hasta el 30 de junio 2026, percibiendo la suma de:
$ 527.899,68 mensual, 56 horas mensuales.
$ 400.000 mensuales, en concepto de coordinación",927899.68,C,6.0,6.0,6.0,,1,0.0
2026,1,335,337,1825,336,1,0,"SERVICIOS TECNICOS Y PROFESIONALES - SERVICIOS TECNICOS Y PROFESIONALES (Genérico)
A partir del 01 de enero hasta el 30 de junio 2026, percibiendo la suma de:
-$ 306.430,56 mensual, 36 horas mensuales.",306430.56,C,6.0,6.0,6.0,,1,0.0
2026,1,336,338,3492,337,1,0,"SERVICIOS TECNICOS Y PROFESIONALES - SERVICIOS TECNICOS Y PROFESIONALES (Genérico)
A partir del 01 de enero hasta el 28 defebrero 2026, percibiendo la suma de:
_ $ 272.382,72 mensual, 32 horas mensuales",272382.72,C,6.0,6.0,6.0,,1,0.0
2026,1,337,339,3455,338,1,0,"SERVICIOS TECNICOS Y PROFESIONALES - SERVICIOS TECNICOS Y PROFESIONALES (Genérico)
A partir del 01 de enero hasta el 30 de junio 2026, percibiendo la suma de:
-$ 851.196 mensual, 100 horas mensuales.
-$ 200.000 mensual, en concepto de guardias.",1051196.0,C,6.0,6.0,6.0,,1,0.0
2026,1,338,340,3034,339,1,0,"SERVICIOS TECNICOS Y PROFESIONALES - SERVICIOS TECNICOS Y PROFESIONALES (Genérico)
A partir del 01 de enero hasta el 30 de junio 2026, percibiendo la suma de:
- $ 851.196 mensual, 100 horas mensuales.
- $ 200.000 mensual, en concepto de guardias.",1051196.0,C,6.0,6.0,6.0,,1,0.0
2026,1,339,341,3240,340,1,0,"SERVICIOS TECNICOS Y PROFESIONALES - SERVICIOS TECNICOS Y PROFESIONALES (Genérico)
A partir del 01 de enero hasta el 30 de junio 2026, percibiendo la suma de:
- $ 851.196 mensual, 100 horas mensuales.
- $ 200.000 mensual , en concepto de guardias.",1051196.0,C,6.0,6.0,6.0,,1,0.0
2026,1,340,342,3470,341,1,0,"SERVICIOS TECNICOS Y PROFESIONALES - SERVICIOS TECNICOS Y PROFESIONALES (Genérico)
A partir del 01 de enero hasta el 30 de junio 2026, percibiendo la suma de:
- $ 851.196 mensual, 100 horas mensuales.
- $ 200.000 mensual , en concepto de guardias.",1051196.0,C,6.0,6.0,6.0,,1,0.0
2026,1,341,343,2032,342,1,0,"SERVICIOS TECNICOS Y PROFESIONALES - SERVICIOS TECNICOS Y PROFESIONALES (Genérico)
A partir del 01 de enero hasta el 30 de junio 2026, percibiendo la suma de:
- $ 306.430,56 mensual, 36 horas mensuales equipo de abordaje masculino.
- $ 1.131.213.60 mensual, 100 horas mensuales
- $ 200.000 mensual, en concepto de guardias.
- $ 600.000 mensual, en concepto de coordinación",2237644.16,C,6.0,6.0,6.0,,1,0.0
2026,1,342,344,3438,343,1,0,"SERVICIOS TECNICOS Y PROFESIONALES - SERVICIOS TECNICOS Y PROFESIONALES (Genérico)
A partir del 01 de enero hasta el 30 de junio 2026, percibiendo la suma de:
- $ 851.196 mensual, 100 horas mensuales.
- $ 200.000 mensual , en concepto de guardias.",1051196.0,C,6.0,6.0,6.0,,1,0.0
2026,1,343,345,3516,344,1,0,"SERVICIOS TECNICOS Y PROFESIONALES - SERVICIOS TECNICOS Y PROFESIONALES (Genérico)
A partir del 01 de enero hasta el 28 de febrero 2026, percibiendo la suma de:
- $ 170.000 mensual,",170000.0,C,2.0,2.0,2.0,,1,0.0
2026,1,344,346,3453,345,1,0,"SERVICIOS TECNICOS Y PROFESIONALES - SERVICIOS TECNICOS Y PROFESIONALES (Genérico)
A partir del 01 de enero hasta el 30 de junio 2026, percibiendo la suma de:
- $ 851.196 mensual, 100 horas mensuales.
- $ 200.000 mensual , en concepto de guardias.",1051196.0,C,6.0,6.0,6.0,,1,0.0
2026,1,345,347,3361,346,1,0,"SERVICIOS TECNICOS Y PROFESIONALES - SERVICIOS TECNICOS Y PROFESIONALES (Genérico)
A partir del 01 de enero hasta el 30 de junio 2026, percibiendo la suma de:
- $ 851.196 mensual, 100 horas mensuales.
- $ 200.000 mensual , en concepto de guardias.",1051196.0,C,6.0,6.0,6.0,,1,0.0
2026,1,620,597,2770,594,1,0,"CPU - CPU AM,OD RYZEN 5 5600 G 8 GB SSD 240GB PARA CONUSLTORIO PEDIATRIA 
CPU AM,OD RYZEN 5 5600 G 8 GB SSD 240GB PARA INTERNACION",729250.0,C,2.0,2.0,2.0,,1,0.0
2026,1,620,597,2770,594,2,0,"MONITOR PLANO - MONITOR PLANO 22"" PC BOX - PCB M22 VGA/HDM PARA CONSULTORIO PEDIATRIA 
MONITOR PLANO 22"" PC BOX - PCB M22 VGA/HDM PARA INTERNACION",146500.0,C,2.0,2.0,2.0,,1,0.0
2026,1,815,777,1962,775,1,0,"Cuadros - Cuadros (Genérico) 3 Cuadros 30 x 40 realizados, 3 cuatros 15 x 21  con fotos.",140000.0,C,1.0,1.0,1.0,,1,0.0
2026,1,816,778,1514,776,1,0,ACEITE HIDRAULICO - ACEITE HIDRAULICO (GENERICO) BP68,704000.0,C,2.0,2.0,2.0,,1,0.0
2026,1,816,778,1514,776,2,0,ACEITES LUBRICANTES - DESTINO CARTER DIESEL - TIPO MONOGRADO SAE 15W-40   (EXTRA VIDA YPF- XT4 ESSO) - PRESENTACION TAMBOR X 205 LITROS,935000.0,C,1.0,1.0,1.0,,1,0.0
2026,1,823,779,2525,777,1,0,SERVICIO DE ASISTENCIA TECNICA - SERVICIO DE ASISTENCIA TECNICA (Genérico) Operativo de Seguridad Rally 2026.,10500000.0,C,1.0,1.0,1.0,,1,0.0
2026,1,817,786,2869,784,1,0,CARNE - ESPECIE VACUNO - CORTE MILANESA DE BOLA DE LOMO,17990.0,C,1.0,1.0,1.0,,1,0.0
2026,1,818,787,68,785,1,0,DESTAPE DE POZOS CIEGOS PARA FAMILIAS CARENCIADAS - DESTAPE DE POZOS CIEGOS PARA FAMILIAS CARENCIADAS (GENERICO),55000.0,C,18.0,18.0,18.0,,1,0.0
2026,1,826,788,2869,786,1,0,CARNE - PALETA,13500.0,C,26.8,26.8,26.8,,1,0.0
2026,1,826,788,2869,786,2,0,CARNE - BONDIOLA,9900.0,C,42.67,42.67,42.67,,1,0.0
2026,1,826,788,2869,786,3,0,CARNE - MILANESA,17490.0,C,13.9,13.9,13.9,,1,0.0
2026,1,826,788,2869,786,4,0,CARNE - ROAST BEEF,13500.0,C,21.0,21.0,21.0,,1,0.0
2026,1,827,789,2869,787,1,0,CARNE - PALETA,14500.0,C,31.5,31.5,31.5,,1,0.0
2026,1,827,789,2869,787,2,0,CARNE - PICADA,14500.0,C,21.2,21.2,21.2,,1,0.0
2026,1,827,789,2869,787,3,0,CARNE - MILANESA DE BOLA DE LOMO,17990.0,C,15.1,15.1,15.1,,1,0.0
2026,1,828,790,2869,788,1,0,CARNE - BONDIOLA,9900.0,C,20.96,20.96,20.96,,1,0.0
2026,1,828,790,2869,788,2,0,CARNE - BIFE CUADRIL,15990.0,C,18.8,18.8,18.8,,1,0.0
2026,1,828,790,2869,788,3,0,CARNE - OJO BIFE,20500.0,C,22.74,22.74,22.74,,1,0.0
2026,1,828,790,2869,788,4,0,CARNE - PICADA,13500.0,C,20.0,20.0,20.0,,1,0.0
2026,1,828,790,2869,788,5,0,CARNE - PECETO,17900.0,C,20.58,20.58,20.58,,1,0.0
2026,1,828,790,2869,788,6,0,CARNE - LENGUA,14000.0,C,12.0,12.0,12.0,,1,0.0
2026,1,1027,969,3511,1060,1,0,"REP.AIRE ACONDICIONADO - CAMBIO COMPRESOR
CAMBIO CONDENSADOR (ADAPTADO X UNO MAS GRANDE)
LIMPIEZA CAÑERIA CON GAS LIMPIANTE 
LIMPIEZA DE VALVULAS EXPNSION X 2
LIMPIEZA DE EVAPORADOR CON GAS LIMPIANTE X 2
PRUEBA PRESION 
CARGA DE GAS EQUIPO DOBLE 
CARGA ACEITE EQU DOBLE
REVISION FILTRO HABITACULO
RECORRIDO ELECTRICO (FALTA DE ALIMENTACION EQUIPO TRASERO) CAMBIO DE TECLA DE RESISTENCIA DE ELECTRO VENTILADOR DE MOTOR",2847000.0,C,1.0,1.0,1.0,,1,0.0
2026,1,44,35,134,35,1,0,IODURO DE POTASIO - CLORURO DE POTASIO AMPOLLAS,590.0,C,200.0,200.0,200.0,,1,0.0
2026,1,44,35,134,35,2,0,ANTIDEPRESIVO - AMITRIPTILINA COMPRIMIDO  25mg.,86.6,C,2000.0,2000.0,2000.0,,1,0.0
2026,1,44,35,134,35,3,0,ANTIALERGICO - ANTIHISTAMINICO - DIFENILHIDRAMINA COMPRIMIDOS 50 MG.,620.0,C,200.0,200.0,200.0,,1,0.0
2026,1,44,35,134,35,4,0,ANALGESICOS - PARACETAMOL COMPRIMIDOS 500 MG.,48.6,C,2000.0,2000.0,2000.0,,1,0.0
2026,1,44,35,134,35,5,0,ANTIPSICOTICO - HALOPERIDOL 10 MG MCOMP,185.4,C,1000.0,1000.0,1000.0,,1,0.0
2026,1,44,35,134,35,6,0,ANTIBIOTICOS - CEFALEXINA FRASCO/SUSPENSION 90 ML,3960.0,C,60.0,60.0,60.0,,1,0.0
2026,1,44,35,134,35,7,0,ANTIPARKINSONIANO - BIPERIDENO COMPRIMIDO 2mg.,86.4,C,2000.0,2000.0,2000.0,,1,0.0
2026,1,44,35,134,35,8,0,ANTIALERGICO - ANTIHISTAMINICO - DIFENILHIDRAMINA  JARABE,1980.0,C,50.0,50.0,50.0,,1,0.0
2026,1,44,35,134,35,9,0,ANESTESICO GENERAL - PROPOFOL 1 % X 20 ML AMP,4590.0,C,50.0,50.0,50.0,,1,0.0
2026,1,44,35,134,35,10,0,ANTIBIOTICOS - CEFALEXINA COMPRIMIDOS 500mg.,225.0,C,2000.0,2000.0,2000.0,,1,0.0
2026,1,44,35,134,35,11,0,MAGNESIO ESTEARATO - MAGNESIO DIVALPROATO 400 MG  COMP,1250.0,C,240.0,240.0,240.0,,1,0.0
2026,1,44,35,134,35,12,0,CORTICOESTEROIDE - MEPREDNISONA  40mg. COMP,729.0,C,1000.0,1000.0,1000.0,,1,0.0
2026,1,44,35,134,35,13,0,ANTIDEPRESIVO - PAROXETINA 20 MG COMPRIMIDOS,224.0,C,1000.0,1000.0,1000.0,,1,0.0
2026,1,43,38,441,40,1,0,BANDEJA PLASTICA DESCARTABLE - BANDEJA BANDEX 103X100,9619.29,C,16.0,16.0,16.0,,1,0.0
2026,1,43,38,441,40,2,0,PAPEL FILM PVC Rolopack 380 x 300 mts - PAPEL FILM PVC Rolopack 380 x 300 mts,12000.01,C,4.0,4.0,4.0,,1,0.0
2026,1,43,38,441,40,3,0,Pote Nat. 1/4 kg - Pote Nat. 1/2 KG X 100,7250.01,C,10.0,10.0,10.0,,1,0.0
2026,1,43,38,441,40,4,0,POTES DE CARTÓN - TAPA BEMIS  T88 X 100,3000.0,C,20.0,20.0,20.0,,1,0.0
2026,1,43,38,441,40,5,0,PLATO PLASTICO DESCARTABLE - PLATO ALUMINIO P14 X 1 PROV,195.0,C,40.0,40.0,40.0,,1,0.0
2026,1,42,44,441,45,1,0,PAPEL FILM PVC Rolopack 380 x 300 mts - PAPEL FILM PVC Rolopack 380 x 300 mts,12600.01,C,2.0,2.0,2.0,,1,0.0
2026,1,715,671,2110,669,1,0,"GASISTA TRABAJOS EN GENERAL - GASISTA TRABAJOS EN GENERAL (Genérico)Cambio de termocupla a calefactor de tesorería ($40.000), cambio de termocupla y limpieza a calefactor de mesa de entrada ($55.000)cambio de plato y diafragma ,arreglo de bombeador ($100.000), desarme de bombeador para cambio de relemanes ($100.000)-",295000.0,C,1.0,1.0,1.0,,1,0.0
2026,1,699,672,879,670,1,0,ROSCA CON TUERCA - ROSCA CON TUERCA 1/2 BRONCE,3110.0,C,1.0,1.0,1.0,,1,0.0
2026,1,699,672,879,670,2,0,NIPLE ROSCADO - NIPLE 1/2 BRONCE,12970.0,C,1.0,1.0,1.0,,1,0.0
2026,1,699,672,879,670,3,0,CUPLA - CUPLA 1/2 BRONCE,4740.0,C,1.0,1.0,1.0,,1,0.0
2026,1,699,672,879,670,4,0,"CODO EPOXI HH 90° 1/2"" - CODO 1/2 HH BRONCE",5390.0,C,1.0,1.0,1.0,,1,0.0
2026,1,699,672,879,670,5,0,"CODO EPOXI HH 90° 1"" - CODO 1/2 MH BRONCE",4880.0,C,1.0,1.0,1.0,,1,0.0
2026,1,700,673,879,671,1,0,NIPLE ROSCADO - NIPLE 3/4 X10CM,15740.0,C,1.0,1.0,1.0,,1,0.0
2026,1,700,673,879,671,2,0,ROSCA CON TUERCA - ROSCA CON TUERCA 3/4,4780.0,C,2.0,2.0,2.0,,1,0.0
2026,1,700,673,879,671,3,0,TEE PPN 3/4 - TEE PPN 3/4,1040.0,C,1.0,1.0,1.0,,1,0.0
2026,1,700,673,879,671,4,0,FLEXIBLE CHICOTE 3/4 X 35 - FLEXIBLE 3/4 X40,20600.0,C,1.0,1.0,1.0,,1,0.0
2026,1,701,674,300,672,1,0,TORNILLO - TORNILLO TANQUE 1/4 X 3/4,189.0,C,10.0,10.0,10.0,,1,0.0
2026,1,701,674,300,672,2,0,"WD 40, gde - 2D40",10450.0,C,1.0,1.0,1.0,,1,0.0
2026,1,701,674,300,672,3,0,CANILLA - CANILLA BRONCE 3/4,36000.0,C,2.0,2.0,2.0,,1,0.0
2026,1,701,674,300,672,4,0,TORNILLO - TORNILLO TANQUE 1/4 X 2,195.0,C,20.0,20.0,20.0,,1,0.0
2026,1,701,674,300,672,5,0,ARANDELA - ARANDELA 1/4,59.0,C,10.0,10.0,10.0,,1,0.0
2026,1,701,674,300,672,6,0,TORNILLO - TORNILLO 8 X 3/4,52.0,C,40.0,40.0,40.0,,1,0.0
2026,1,701,674,300,672,7,0,TORNILLO - TORNILLO 8X1,45.0,C,40.0,40.0,40.0,,1,0.0
2026,1,701,674,300,672,8,0,BISAGRA METALICA - BISAGRA 5005 X 77,880.0,C,2.0,2.0,2.0,,1,0.0
2026,1,701,674,300,672,9,0,MANGUERA - ROLLO MANGUERA 1/2 X 15,7900.0,C,1.0,1.0,1.0,,1,0.0
2026,1,701,674,300,672,10,0,PINTURA AL LATEX - HD INTERIOR LATEX,29213.0,C,1.0,1.0,1.0,,1,0.0
2026,1,701,674,300,672,11,0,ENDUIDO - ENDUIDO TALENTO INTERIOR EXTERIOR,4000.0,C,1.0,1.0,1.0,,1,0.0
2026,1,702,678,300,676,1,0,CANILLA - MONOCOMANDO VAITA,64900.0,C,1.0,1.0,1.0,,1,0.0
2026,1,702,678,300,676,2,0,PROLONGACION CANILLA - ALARGUE CANILLA 1/2 X 40,3900.0,C,2.0,2.0,2.0,,1,0.0
2026,1,702,678,300,676,3,0,SILON ACRILICO - SILON ACRILICO BLANCO,10480.0,C,1.0,1.0,1.0,,1,0.0
2026,1,702,678,300,676,4,0,SILOC BCO - SILOC NEUTRO,15330.0,C,1.0,1.0,1.0,,1,0.0
2026,1,702,678,300,676,5,0,ROLLO MEMBRANA - METRO MEMBRANA AUT X15CM,1900.0,C,1.0,1.0,1.0,,1,0.0
2026,1,702,678,300,676,6,0,LUBRICANTE EN AEROSOL - AEROSOL ABRO GRANDE,8350.0,C,1.0,1.0,1.0,,1,0.0
2026,1,702,678,300,676,7,0,CANDADO - CANDADO SEHUR 26,12900.0,C,1.0,1.0,1.0,,1,0.0
2026,1,702,678,300,676,8,0,FUELLE SILICONADO - FUELLE GENROD,12900.0,C,2.0,2.0,2.0,,1,0.0
2026,1,702,678,300,676,9,0,TAPA P/INODORO - TAPA P/INODORO,14500.0,C,2.0,2.0,2.0,,1,0.0
2026,1,702,678,300,676,10,0,palanca descarga mochila - VALVULA ADMISION DEALER,11900.0,C,2.0,2.0,2.0,,1,0.0
2026,1,702,678,300,676,11,0,PANTALON FUERZA SEGURIDAD - PANTALON CARGO OMBU,53000.0,C,1.0,1.0,1.0,,1,0.0
2026,1,703,681,300,680,1,0,ELECTRODO - CONARCO 2 1/2,6750.0,C,1.0,1.0,1.0,,1,0.0
2026,1,703,681,300,680,2,0,CADENA - CADENA 60,7400.0,C,1.8,1.8,1.8,,1,0.0
2026,1,703,681,300,680,3,0,DISCOS DE CORTE - DISCO TYROLIT 115X16,2750.0,C,2.0,2.0,2.0,,1,0.0
2026,1,703,681,300,680,4,0,TORNILLO - TORNILLO TELL 8 X 1 1/2,43.0,C,20.0,20.0,20.0,,1,0.0
2026,1,703,681,300,680,5,0,TORNILLO - TORNILLO TELL 8X2,59.0,C,20.0,20.0,20.0,,1,0.0
2026,1,703,681,300,680,6,0,CINTA PELIGRO - ROLLO CINTA PELIGRO,3900.0,C,1.0,1.0,1.0,,1,0.0
2026,1,703,681,300,680,7,0,MANIJA P/PUERTA - MANIJA ANDINA PLASTICA,2500.0,C,3.0,3.0,3.0,,1,0.0
2026,1,703,681,300,680,8,0,TAPA P/INODORO - TAPA P/INODORO PLASTICA,14500.0,C,3.0,3.0,3.0,,1,0.0
2026,1,703,681,300,680,9,0,SILICONA - SILICONA LOCTITE,5900.0,C,2.0,2.0,2.0,,1,0.0
2026,1,703,681,300,680,10,0,FLOTANTE - FLOTANTE 3/4,22600.0,C,1.0,1.0,1.0,,1,0.0
2026,1,704,689,2627,688,1,0,TAPA PASCUALINA - TAPA PASCUALINA,1200.0,C,4.0,4.0,4.0,,1,0.0
2026,1,704,689,2627,688,2,0,FIDEO SECO - FIDEO SEMOLADO,3200.0,C,4.0,4.0,4.0,,1,0.0
2026,1,705,692,2330,690,1,0,DIESEL 500 - DIESEL 500  (Genérico),1800.0,C,800.0,800.0,800.0,,1,0.0
2026,1,705,692,2330,690,2,0,INFINIA DIESEL - INFINIA DIESEL  (Genérico),1950.0,C,800.0,800.0,800.0,,1,0.0
2026,1,705,692,2330,690,3,0,NAFTA SUPER - NAFTA SUPER (GENERICO),1800.0,C,800.0,800.0,800.0,,1,0.0
2026,1,705,692,2330,690,4,0,NAFTA INFINIA - NAFTA INFINIA  (Genérico),2100.0,C,800.0,800.0,800.0,,1,0.0
2026,1,706,695,850,693,1,0,PCR-LATEX DIRECTO 50 det. WIENER - PCR-LATEX DIRECTO 50 DET,75271.0,C,1.0,1.0,1.0,,1,0.0
2026,1,706,695,850,693,2,0,REACTIVO - HDL COLESTEROL MONOFASE AA V2,241207.9,C,1.0,1.0,1.0,,1,0.0
2026,1,706,695,850,693,3,0,REACTIVO - FOSFATEMIA UV AA 100ML,64261.08,C,1.0,1.0,1.0,,1,0.0
2026,1,707,707,285,705,1,0,"REACTIVO - TUBO CITRATO 2,5ML",162.86,C,500.0,500.0,500.0,,1,0.0
2026,1,707,707,285,705,2,0,"TUBO EDTA 3 K 1 ml. - TUBO EDTA 3K 2,5ML",143.12,C,2000.0,2000.0,2000.0,,1,0.0
2026,1,707,707,285,705,3,0,"TUBO F/RED. C/ LITIO - TUBO H.LITIO 2,5ML",213.85,C,2000.0,2000.0,2000.0,,1,0.0
2026,1,707,707,285,705,4,0,REACTIVO - TUBO A.COAG 10ML,241.41,C,1000.0,1000.0,1000.0,,1,0.0
2026,1,707,707,285,705,5,0,RECOLECTOR ORINA - RECOLECTOR ORINA 125ML APTACA,250.05,C,220.0,220.0,220.0,,1,0.0
2026,1,707,707,285,705,6,0,REACTIVO - TUBO CSG 2ML C/CITRATO,296.11,C,200.0,200.0,200.0,,1,0.0
2026,1,707,707,285,705,7,0,PIPETA GRADUADA - PIPETA VSG,792.92,C,200.0,200.0,200.0,,1,0.0
2026,1,707,707,285,705,8,0,ALCOHOL USO MEDICINAL - ALCOHOL 70%,2194.58,C,4.0,4.0,4.0,,1,0.0
2026,1,707,707,285,705,9,0,guante nitrilo x 100 - GUANTES NITRILO X100,5071.79,C,2.0,2.0,2.0,,1,0.0
2026,1,707,707,285,705,10,0,TIPS PARA MICROPIPETA - TIPS AM 5-200UL X1000,22605.05,C,1.0,1.0,1.0,,1,0.0
2026,1,707,707,285,705,11,0,TIPS PARA MICROPIPETA - TIPS AM 5-200UL X100,1779.98,C,10.0,10.0,10.0,,1,0.0
2026,1,707,707,285,705,12,0,REACTIVO - T.M.S. 25UG X50,6420.76,C,2.0,2.0,2.0,,1,0.0
2026,1,707,707,285,705,13,0,REACTIVO - CIPROFLOXACINA 5UG X50,6420.76,C,2.0,2.0,2.0,,1,0.0
2026,1,707,707,285,705,14,0,REACTIVO - CEFOTAXIMA 30UG X50,6420.76,C,2.0,2.0,2.0,,1,0.0
2026,1,707,707,285,705,15,0,NITROFURANTOINA 100 MG CAP - NITROFURANTOINA 300UG X50,6420.76,C,2.0,2.0,2.0,,1,0.0
2026,1,707,707,285,705,16,0,REACTIVO - TODD-HEW CAL CONA 3X10M,11472.8,C,1.0,1.0,1.0,,1,0.0
2026,1,709,711,2450,709,1,0,AJO - AJO,1000.0,C,45.0,45.0,45.0,,1,0.0
2026,1,709,711,2450,709,2,0,PEREJIL - PEREJIL,2800.0,C,21.0,21.0,21.0,,1,0.0
2026,1,709,711,2450,709,3,0,TOMATE - TOMATE,2500.0,C,135.0,135.0,135.0,,1,0.0
2026,1,709,711,2450,709,4,0,PAPA - PAPA,1500.0,C,578.0,578.0,578.0,,1,0.0
2026,1,709,711,2450,709,5,0,ZAPALLO - CALABAZA,2500.0,C,361.0,361.0,361.0,,1,0.0
2026,1,709,711,2450,709,6,0,ZANAHORIA - ZANAHORIA,2500.0,C,170.0,170.0,170.0,,1,0.0
2026,1,709,711,2450,709,7,0,ZAPALLO - ZAPALLITO,2500.0,C,105.0,105.0,105.0,,1,0.0
2026,1,709,711,2450,709,8,0,REPOLLO - REPOLLO,3000.0,C,13.0,13.0,13.0,,1,0.0
2026,1,709,711,2450,709,9,0,MORRON - MORRON,6900.0,C,37.0,37.0,37.0,,1,0.0
2026,1,709,711,2450,709,10,0,CEBOLLA - CEBOLLA,1800.0,C,144.0,144.0,144.0,,1,0.0
2026,1,709,711,2450,709,11,0,ZAPALLO - ZUCCHINI,2500.0,C,97.0,97.0,97.0,,1,0.0
2026,1,709,711,2450,709,12,0,REMOLACHA - REMOLACHA,3900.0,C,19.0,19.0,19.0,,1,0.0
2026,1,709,711,2450,709,13,0,BATATA - BATATA,2400.0,C,37.0,37.0,37.0,,1,0.0
2026,1,42,44,441,45,2,0,BOLSA PP 10 x 15 x 100 - BOLSA PP 5 x 25 x 200,1192.37,C,6.0,6.0,6.0,,1,0.0
2026,1,42,44,441,45,3,0,ROLLO A/D - ROLLO A/D 40X50,3869.0,C,3.02,3.02,3.02,,1,0.0
2026,1,42,44,441,45,4,0,ADHESIVO - LA GOTITA GEL 3 ML,2049.99,C,2.0,2.0,2.0,,1,0.0
2026,1,42,44,441,45,5,0,VASO PLASTICO DESCARTABLE - VASO  300cm¦ - X 100,5100.0,C,2.0,2.0,2.0,,1,0.0
2026,1,42,44,441,45,6,0,VASO PLASTICO DESCARTABLE - VASO  500cm¦ X 100,5800.0,C,2.0,2.0,2.0,,1,0.0
2026,1,42,44,441,45,7,0,BROCHE P/ ABROCHADORA - BROCHE MIT 21/6 X 1000 UNIDADES.,1900.0,C,1.0,1.0,1.0,,1,0.0
2026,1,41,52,2627,51,1,0,PASTAS FRESCAS - SORRENTINOS X PLANCHA.,1800.0,C,17.0,17.0,17.0,,1,0.0
2026,1,41,52,2627,51,2,0,PASTAS FRESCAS - FIDEOS AL HUEVO N° 2,3600.0,C,4.0,4.0,4.0,,1,0.0
2026,1,41,52,2627,51,3,0,PASTAS FRESCAS - FIDEOS SURTIDOS Y GISEROS,3000.0,C,8.0,8.0,8.0,,1,0.0
2026,1,40,55,2627,54,1,0,PASTAS FRESCAS - SORRENTINOS X PLANCHA.,1800.0,C,18.0,18.0,18.0,,1,0.0
2026,1,74,61,441,61,1,0,"RESMAS A4 - RESMAS A4  1120 RESMAS A4 (112 CAJAS X 10 RESMAS )
PUNAX",6080.0,C,1120.0,1120.0,1120.0,,1,0.0
2026,1,74,61,441,61,2,0,"PAPEL EN BOBINA - PAPEL EN BOBINA 40 PAPEL BOBINA MULTIUSO X 400 MTS
ELEGANTE",10025.0,C,40.0,40.0,40.0,,1,0.0
2026,1,74,61,441,61,3,0,PACK ROLLO DE COCINA - PACK ROLLO DE COCINA  150 BOLSON DE ROLLO DE COCINA (8 X 3) ELEGANTE,10702.0,C,150.0,150.0,150.0,,1,0.0
2026,1,74,61,441,61,4,0,PACK ROLLOS PAPEL HIGIENICO - PACK ROLLOS PAPEL HIGIENICO  ELEGANTE- BOLSON (12 X 4),14500.0,C,200.0,200.0,200.0,,1,0.0
2026,1,74,61,441,61,5,0,PAPEL HIGIENICO PARA DISPENSER - PAPEL HIGIENICO PARA DISPENSER 100 PACK 8 X 300 M - ELEGANTE,20305.0,C,100.0,100.0,100.0,,1,0.0
2026,1,74,61,441,61,6,0,TOALLAS INTERCALADAS Beige 20 - TOALLAS INTERCALADAS Beige 20 (Genérico) 20 CAJAS INTERCALADAS (CAJA X 20 X 2500) 10 X 2500 ELEGANTE,20450.0,C,20.0,20.0,20.0,,1,0.0
2026,1,74,61,441,61,7,0,FOLIO TRANSPARENTE - TAMAÑO A-4 - MATERIAL PLASTICO - PACK FOLIO A4 X 1000 - FW,5310.0,C,20.0,20.0,20.0,,1,0.0
2026,1,74,61,441,61,8,0,BROCHES DORADOS - BROCHES DORADOS  - BROCHES DORADOS N° 5 X 100 U SIFAP,2360.0,C,50.0,50.0,50.0,,1,0.0
2026,1,74,61,441,61,9,0,Broches Dorados N°3 - Broches Dorados N°3  - 50 BROCHES DORADOS N ° 3 X 100- SIPAF,2090.0,C,50.0,50.0,50.0,,1,0.0
2026,1,74,61,441,61,10,0,CUADERNILLO - HOJA RAYADA 50 CUADERNOS TIPO UNIVERSITARIO RAYADO 80 HOJAS - ASAMBLEA,2670.0,C,50.0,50.0,50.0,,1,0.0
2026,1,74,61,441,61,11,0,CUADERNILLO - CUADERNILLO (GENERICO) 20 CUADERNOS TIPO UNIVERSITARIO CUADRICULADO 80 HOJASA ASAMBLEA,2670.0,C,20.0,20.0,20.0,,1,0.0
2026,1,74,61,441,61,12,0,CUADERNO - HOJA RAYADO - TAPA DURA - ENCUADERNACION COMUN 60 CUADERNOS TAPA DURA 48 HOJAS EPICA,5800.0,C,60.0,60.0,60.0,,1,0.0
2026,1,74,61,441,61,13,0,CUADERNO - HOJA RAYADO - TAPA BLANDA - ENCUADERNACION COMUN- 60 CUADERNOS RAYADOS 24 HOJAS TAPA BLANDA - MARATON,1050.0,C,60.0,60.0,60.0,,1,0.0
2026,1,74,61,441,61,14,0,LAPICERA - LAPICERA (Genérico) 20 CAJAS LAPICERAS AZUL X 50 UNIDADES - PIZZINI,15250.0,C,20.0,20.0,20.0,,1,0.0
2026,1,74,61,441,61,15,0,Lapiceras negras - Lapiceras negras (Genérico) 20 CAJAS LAPICERAS NEGRAS X 50 UNIDADES PIZZINI,15250.0,C,20.0,20.0,20.0,,1,0.0
2026,1,74,61,441,61,16,0,Lapiceras rojas - Lapiceras rojas (Genérico) 5 cajas lapiceras rojo x 50 unidades pizzini,15250.0,C,5.0,5.0,5.0,,1,0.0
2026,1,74,61,441,61,17,0,Lapiceras verdes - Lapiceras verdes (Genérico) 5 cajas de lapiceras verdes x 50 unidades - pizzini,15250.0,C,5.0,5.0,5.0,,1,0.0
2026,1,74,61,441,61,18,0,LAPIZ - LAPIZ (GENERICO) 5 cajas lapices x 12 unidades pizzini,3060.0,C,5.0,5.0,5.0,,1,0.0
2026,1,74,61,441,61,19,0,"RESALTADOR - PUNTA 5 (CHANFLEADA)MM - COLOR VERDE.10 cajas resaltador fluo verde x 10 unidades
EZCO",4750.0,C,10.0,10.0,10.0,,1,0.0
2026,1,74,61,441,61,20,0,RESALTADOR - PUNTA 5 (CHANFLEADA)MM - COLOR AMARILLO. 20 CAJAS DE RESALTADOR FLUO AMARILLO X 10 U EZCO,4750.0,C,20.0,20.0,20.0,,1,0.0
2026,1,74,61,441,61,21,0,RESALTADOR - PUNTA 5 (CHANFLEADA)MM - COLOR CELESTE. 10 CAJAS DE RESALTADOR CELESTE X 10 UNIDADES,4750.0,C,10.0,10.0,10.0,,1,0.0
2026,1,74,61,441,61,22,0,RESALTADOR - PUNTA 5 (CHANFLEADA)MM - COLOR NARANJA. EZCO,4750.0,C,10.0,10.0,10.0,,1,0.0
2026,1,74,61,441,61,23,0,FIBRON - FIBRON (Genérico) 10 CAJAS FIBRON PERMANENTE X 10 UNIDADES - FILGO 051,9500.0,C,10.0,10.0,10.0,,1,0.0
2026,1,74,61,441,61,24,0,TINTA P/SELLO - ENVASE 30CM3 - COLOR NEGRO. TINTA PARA SELLO NEGRO X 30 ML - PELIKAN,3560.0,C,10.0,10.0,10.0,,1,0.0
2026,1,74,61,441,61,25,0,ALMOHADILLA P/SELLOS - ALMOHADILLA P/SELLOS (GENERICO) 10 ALMOHADILLAS PARA SELLO 15 X 7 CM - IBICO,4100.0,C,10.0,10.0,10.0,,1,0.0
2026,1,74,61,441,61,26,0,CORRECTOR DE ESCRITURA - CORRECTOR DE ESCRITURA (GENERICO) 5 CAJAS DE CORRECTOR X 12 UNIDADES FILGO,7020.0,C,5.0,5.0,5.0,,1,0.0
2026,1,74,61,441,61,27,0,LAPIZ DETECTOR DE BILLETES - LAPIZ DETECTOR DE BILLETES (Genérico) 100 LAPICES DETECTOR DE BILLETE TRABI,1090.0,C,100.0,100.0,100.0,,1,0.0
2026,1,74,61,441,61,28,0,ADHESIVO P/PAPEL - ADHESIVO P/PAPEL 6 PACK TIPO VOLIGOMA  X 12 U 30 ML - VOLIGOMA,14880.0,C,6.0,6.0,6.0,,1,0.0
2026,1,74,61,441,61,29,0,CINTA ADHESIVA - CINTA ADHESIVA (GENERICO) 120 CINTAS ADHESIVAS TRANSPARENTES 24 MM X 50 MTS FW,630.0,C,120.0,120.0,120.0,,1,0.0
2026,1,74,61,441,61,30,0,CINTA ADHESIVA - TIPO TRANSPARENTE - ANCHO 48MM - LARGO ROLLO 50m - MATERIAL POLIPROPILENO. FW,830.0,C,120.0,120.0,120.0,,1,0.0
2026,1,74,61,441,61,31,0,ROLLO A/D - ROLLO A/D (Genérico) 15 ROLLOS DUPLICADOS 75 MM X 30 MTS X 10 UNIDADES,28320.0,C,15.0,15.0,15.0,,1,0.0
2026,1,709,711,2450,709,14,0,ACELGA - ACELGA,1800.0,C,110.0,110.0,110.0,,1,0.0
2026,1,709,711,2450,709,15,0,CEBOLLA - VERDEO,2800.0,C,17.0,17.0,17.0,,1,0.0
2026,1,709,711,2450,709,16,0,APIO - APIO,2800.0,C,7.0,7.0,7.0,,1,0.0
2026,1,709,711,2450,709,17,0,LIMON - LIMON,4500.0,C,30.0,30.0,30.0,,1,0.0
2026,1,709,711,2450,709,18,0,LECHUGA - LECHUGA,4000.0,C,13.0,13.0,13.0,,1,0.0
2026,1,709,711,2450,709,19,0,LECHUGA - RUCULA,1200.0,C,7.0,7.0,7.0,,1,0.0
2026,1,709,711,2450,709,20,0,ALBAHACA - ALBAHACA,1500.0,C,2.0,2.0,2.0,,1,0.0
2026,1,709,711,2450,709,21,0,BERENJENA - BERENJENA,2500.0,C,4.0,4.0,4.0,,1,0.0
2026,1,709,711,2450,709,22,0,CHAUCHA - CHAUCHA,4800.0,C,3.0,3.0,3.0,,1,0.0
2026,1,711,713,2450,711,1,0,BANANA - BANANA,3500.0,C,225.0,225.0,225.0,,1,0.0
2026,1,711,713,2450,711,2,0,MANZANA - MANZANA ROJA,5500.0,C,230.0,230.0,230.0,,1,0.0
2026,1,711,713,2450,711,3,0,MANZANA - MANZANA VERDE,5500.0,C,70.0,70.0,70.0,,1,0.0
2026,1,711,713,2450,711,4,0,PERA - PERA,4000.0,C,143.0,143.0,143.0,,1,0.0
2026,1,711,713,2450,711,5,0,DURAZNO - DURAZNO,4500.0,C,129.0,129.0,129.0,,1,0.0
2026,1,711,713,2450,711,6,0,NARANJA - NARANJA,2500.0,C,114.75,114.75,114.75,,1,0.0
2026,1,711,713,2450,711,7,0,SANDIA - SANDIA,14000.0,C,2.0,2.0,2.0,,1,0.0
2026,1,711,713,2450,711,8,0,FRUTILLAS - FRUTILLAS,7000.0,C,0.5,0.5,0.5,,1,0.0
2026,1,711,713,2450,711,9,0,UVA - UVA,4500.0,C,0.5,0.5,0.5,,1,0.0
2026,1,711,713,2450,711,10,0,MELON - MELON,5000.0,C,3.0,3.0,3.0,,1,0.0
2026,1,714,714,3556,712,1,0,HUEVOS DE GALLINA - HUEVOS POR DOCENA.,2300.0,C,180.0,180.0,180.0,,1,0.0
2026,1,716,715,2627,713,1,0,EMPANADA - TUBO EMPANADAS X5DOC,6500.0,C,1.0,1.0,1.0,,1,0.0
2026,1,717,716,2883,714,1,0,ESPECULOS - ESPECULO VAGINAL CHICO DESCARTABLE FREYTON,595.32,C,100.0,100.0,100.0,,1,0.0
2026,1,717,716,2883,714,2,0,ESPECULOS - ESPECULO VAGINAL MEDIANO DESCARTABLE FREYTON,606.21,C,100.0,100.0,100.0,,1,0.0
2026,1,717,716,2883,714,3,0,SONDAS - SONDA FOLEY 2 VIAS 16 BREMEN/KEYRU,990.14,C,30.0,30.0,30.0,,1,0.0
2026,1,717,716,2883,714,4,0,"HISOPOS - HHISOPOS DE MADERA 6"" X100 LISFAR",2032.62,C,3.0,3.0,3.0,,1,0.0
2026,1,717,716,2883,714,5,0,VAGINOSCOPIO - HISTEROMETRO DESC ESTERIL MEDICAL,1070.14,C,50.0,50.0,50.0,,1,0.0
2026,1,718,717,1943,715,1,0,CORREA POL - CORREA POLI V5 PK 985 SM15,297487.7,C,1.0,1.0,1.0,,1,0.0
2026,1,718,717,1943,715,2,0,ACEITE Y FILTROS - ACEITE SIGMA FLUID S-460 5LTS,1317455.74,C,1.0,1.0,1.0,,1,0.0
2026,1,720,718,1259,716,1,0,REFLECTOR LED 10 W. - LUMINARIA LED PANEL 6W,6699.0,C,3.0,3.0,3.0,,1,0.0
2026,1,720,718,1259,716,2,0,REFLECTOR LED 20 W. - LUMINARIA LED PANEL 24W,21093.8,C,6.0,6.0,6.0,,1,0.0
2026,1,730,719,300,717,1,0,CERRADURA - CERRADURA PRIVE 206,28130.0,C,1.0,1.0,1.0,,1,0.0
2026,1,730,719,300,717,2,0,PINTURA AL LATEX - HD INTERIOR LATEX,57303.0,C,1.0,1.0,1.0,,1,0.0
2026,1,730,719,300,717,3,0,DISCOS DE CORTE - DISCO FLAPP 115,4750.0,C,1.0,1.0,1.0,,1,0.0
2026,1,730,719,300,717,4,0,DISCOS DE CORTE - DISCO TYROLIT 115X16,2750.0,C,2.0,2.0,2.0,,1,0.0
2026,1,730,719,300,717,5,0,SILICONA - SILICONA SILON,16401.0,C,2.0,2.0,2.0,,1,0.0
2026,1,730,719,300,717,6,0,TARUGO CRECCHIO - TARUGO 5X6,39.0,C,20.0,20.0,20.0,,1,0.0
2026,1,730,719,300,717,7,0,LUBRICANTE EN AEROSOL - AEROSOL ABRO GRANDE,8350.0,C,2.0,2.0,2.0,,1,0.0
2026,1,730,719,300,717,8,0,TARUGO DE MADERA - TARUGO 5X8,65.0,C,20.0,20.0,20.0,,1,0.0
2026,1,730,719,300,717,9,0,TORNILLO - TORNILLO 22X57 TEL,93.0,C,20.0,20.0,20.0,,1,0.0
2026,1,730,719,300,717,10,0,TORNILLO - TORNILLO 20X38 TEL,39.0,C,20.0,20.0,20.0,,1,0.0
2026,1,730,719,300,717,11,0,MECHA ACERO RAPIDO - MECHA 8X3/4,41.0,C,15.0,15.0,15.0,,1,0.0
2026,1,731,720,57,718,1,0,SERVICIO DE IMPRESION - 100 FORMULARIOS SOLICITUD ESTUDIO PAPANICOLAOU,20000.0,C,1.0,1.0,1.0,,1,0.0
2026,1,732,721,879,719,1,0,VÁSTAGOS - VÁSTAGOS,11440.0,C,1.0,1.0,1.0,,1,0.0
2026,1,732,721,879,719,2,0,CABEZAL DE CANILLA - CABEZAL DE CANILLA,10400.0,C,1.0,1.0,1.0,,1,0.0
2026,1,733,722,21,720,1,0,CARBON P/ MOTOR ARRANQUE - CARBON P/ MOTOR ARRANQUE (REPARACION DE ARRANQUE),80000.0,C,1.0,1.0,1.0,,1,0.0
2026,1,734,723,300,721,1,0,ACEITES LUBRICANTES - ACEITES LUBRICANTES,11250.0,C,2.0,2.0,2.0,,1,0.0
2026,1,734,723,300,721,2,0,CANILLA - CANILLA METAL 3/4,14500.0,C,1.0,1.0,1.0,,1,0.0
2026,1,734,723,300,721,3,0,SELLA ROSCA - SELLA ROSCA,3450.0,C,1.0,1.0,1.0,,1,0.0
2026,1,734,723,300,721,4,0,TEFLON - TEFLON,1900.0,C,1.0,1.0,1.0,,1,0.0
2026,1,734,723,300,721,5,0,PRECINTO - PRECINTO (30 U),2910.0,C,1.0,1.0,1.0,,1,0.0
2026,1,734,723,300,721,6,0,ESCUADRA - ESCUADRA PLANA,790.0,C,4.0,4.0,4.0,,1,0.0
2026,1,734,723,300,721,7,0,TORNILLO - TORNILLO (GENERICO),191.0,C,20.0,20.0,20.0,,1,0.0
2026,1,734,723,300,721,8,0,FILTRO P/ VALVULA - FILTRO P/ VALVULA,5500.0,C,1.0,1.0,1.0,,1,0.0
2026,1,829,792,2110,790,1,0,"Mantenimiento,reparación y limpieza - Mantenimiento,reparación y limpieza (Genérico)
- realizar tendido de cañería de gas por termofusión para dos bocas, desarmar cañería existente para empalmar nueva cañería, desintalar calefactor, instalar calefactor, puesta en funcionamiento de todos los calefactores $ 820.000-
- cambio de flotante de mochila, cambio de flexible $65.000-
- arreglo de dos calefactores. cambio de termocuplas, incluye repuestos $110.000-
- cambio de transferencia a grifería, instalación de grifería $80.000-
",1075000.0,C,1.0,1.0,1.0,,1,0.0
2026,1,74,61,441,61,32,0,Pila - Pila (Genérico) 10 PACK PILA AAA larga duracion x 4 unidades duracell,5080.0,C,10.0,10.0,10.0,,1,0.0
2026,1,74,61,441,61,33,0,BROCHES NEPACO - BROCHES NEPACO (GENERICO) 10 pack nepacos nepacos x 10 cajas x 50 unidades c/u - BROPACO,15400.0,C,10.0,10.0,10.0,,1,0.0
2026,1,112,114,413,113,1,0,CAMARA - CAMARA (GENERICO) 1400 X 24,85000.0,C,2.0,2.0,2.0,,1,0.0
2026,1,112,114,413,113,2,0,PARCHE P/CAMARA - PARCHE P/CAMARA (GENERICO),1220000.0,C,1.0,1.0,1.0,,1,0.0
2026,1,113,115,2595,115,1,0,Cable T T  2 X 2 1/2 - Cable T T  2 X 2 1/2 (Genérico),1800.0,C,4.0,4.0,4.0,,1,0.0
2026,1,113,115,2595,115,2,0,TERMINAL - TERMINAL (Genérico),200.0,C,4.0,4.0,4.0,,1,0.0
2026,1,113,115,2595,115,3,0,MODULO PULSADOR - MODULO PULSADOR (Genérico),38600.0,C,2.0,2.0,2.0,,1,0.0
2026,1,113,115,2595,115,4,0,LAMPARA MINI TWISTER 15 W - LAMPARA MINI TWISTER 15 W (Genérico),900.0,C,10.0,10.0,10.0,,1,0.0
2026,1,113,115,2595,115,5,0,"FUSIBLE - TIPO CILINDRICO LINEA EUROPEA, CLASE T, CORRIENTE 1 AMP. DE 250 VOLTS",200.0,C,12.0,12.0,12.0,,1,0.0
2026,1,114,117,2595,117,1,0,DESTELLADOR - DESTELLADOR (Genérico),11860.0,C,1.0,1.0,1.0,,1,0.0
2026,1,114,117,2595,117,2,0,MODULO TOMA CORRIENTE - 1MODULO TOMA CORRIENTE (Genérico),99850.0,C,1.0,1.0,1.0,,1,0.0
2026,1,114,117,2595,117,3,0,LIMPIA CONTACTO - LIMPIA CONTACTO (GENERICO),12000.0,C,1.0,1.0,1.0,,1,0.0
2026,1,114,117,2595,117,4,0,CINTA AISLADORA - MATERIAL TELA - ANCHO 12MM - LONGITUD 25m.,4500.0,C,2.0,2.0,2.0,,1,0.0
2026,1,114,117,2595,117,5,0,SOLENOIDE TIPO  3906398 12 V - SOLENOIDE TIPO  3906398 12 V (Genérico),35800.0,C,1.0,1.0,1.0,,1,0.0
2026,1,114,117,2595,117,6,0,LAMPARA P/FARO AUTOMOTOR/CAMION - USO DELANTERO - TIPO HALOGENA - TENSION NOM. 24V - POTENCIA NOM 75/70W - CASQUILLO P43T.,1800.0,C,2.0,2.0,2.0,,1,0.0
2026,1,114,117,2595,117,7,0,LAMPARA P/FARO AUTOMOTOR/CAMION - USO DELANTERO - TIPO HALOGENA - TENSION NOM. 24V - POTENCIA NOM 70W - CASQUILLO PK22S.,1500.0,C,2.0,2.0,2.0,,1,0.0
2026,1,527,497,2209,493,1,0,AGUA MINERAL - AGUA MINERAL (GENERICO),1000000.0,C,1.0,1.0,1.0,,1,0.0
2026,1,528,498,875,494,1,0,DIARIOS - Mensuales,200000.0,C,1.0,1.0,1.0,,1,0.0
2026,1,529,499,1259,495,1,0,TUBO LED - TUBO LED (Genérico),5129.6,C,2.0,2.0,2.0,,1,0.0
2026,1,398,500,1440,496,1,0,VENDA USO MEDICO - VENDA ENYESADA 20 CM X 2.70 MTS,3566.0,C,40.0,40.0,40.0,,1,0.0
2026,1,398,500,1440,496,2,0,AGUJA QUIRURGICA - PERICRANEAL 21-23-25G,298.0,C,900.0,900.0,900.0,,1,0.0
2026,1,398,500,1440,496,3,0,GUIA P/BOMBA DE INFUSION - SET DE INFUSION STANDARD A 211 M1F,17424.0,C,75.0,75.0,75.0,,1,0.0
2026,1,398,500,1440,496,4,0,MEDICAMENTOS - OXIDO DE ETILENO 7/10 G CAJA X 20,147581.0,C,2.0,2.0,2.0,,1,0.0
2026,1,971,888,120,884,1,0,"PRESTACION DE SERVICIOS PROFESIONALES - PRESTACION DE SERVICIOS PROFESIONALES (Genérico) cambio de parrilla,fuejes y rotula,derecha y izquierda del foton municipal,con repuestos de,cremallera completa,precap y extremos,colocacion y mano de obra incluida.",1350000.0,C,1.0,1.0,1.0,,1,0.0
2026,1,114,117,2595,117,8,0,LAMPARA P/FARO AUTOMOTOR/CAMION - USO DELANTERO - TIPO HIGH-TECH - TENSION NOM. 12V - POTENCIA NOM 21W - CASQUILLO BA15S.,1500.0,C,2.0,2.0,2.0,,1,0.0
2026,1,115,118,212,118,1,0,REPARACION DE RADIADOR - REPARACION DE RADIADOR (Genérico),190000.0,C,1.0,1.0,1.0,,1,0.0
2026,1,116,120,1879,120,1,0,VARILLA de Embrague - VARILLA de Embrague (Genérico),13500.0,C,1.0,1.0,1.0,,1,0.0
2026,1,116,120,1879,120,2,0,"ARANDELA - MATERIAL HIERRO - TIPO PLANA - DIAMETRO INTERIOR 3/16"" - PRESENTACION CAJA X 144.",2500.0,C,4.0,4.0,4.0,,1,0.0
2026,1,116,120,1879,120,3,0,RETEN P/AUTOMOTOR Y MAQ.VIAL - MARCA FORD - DESTINO DIFERENCIAL - MODELO FALCON.,26000.0,C,1.0,1.0,1.0,,1,0.0
2026,1,116,120,1879,120,4,0,SOPORTE P/AUTOMOTOR - SOPORTE P/AUTOMOTOR (GENERICO),49000.0,C,1.0,1.0,1.0,,1,0.0
2026,1,116,120,1879,120,5,0,RETEN P/AUTOMOTOR Y MAQ.VIAL - MARCA RENAULT - DESTINO CIGUEÑAL - MODELO 21.,12000.0,C,1.0,1.0,1.0,,1,0.0
2026,1,116,120,1879,120,6,0,SOPORTE P/ BOBINA - SOPORTE P/ BOBINA (Genérico),4000.0,C,4.0,4.0,4.0,,1,0.0
2026,1,116,120,1879,120,7,0,FILTRO DE ACEITE P/VEHICULO - MARCA AL. ESCOSPORT FIESTA - MODELO FILT,7000.0,C,1.0,1.0,1.0,,1,0.0
2026,1,117,121,17,121,1,0,REPUESTOS P/MOTOGUADAÑA - REPUESTOS P/MOTOGUADAÑA (Genérico) CAMPANA,28000.0,C,1.0,1.0,1.0,,1,0.0
2026,1,117,121,17,121,2,0,REGULADOR DE EMBRAGUE P/AUTO - REGULADOR DE EMBRAGUE P/AUTO (GENERICO),22500.0,C,1.0,1.0,1.0,,1,0.0
2026,1,117,121,17,121,3,0,capuchon de bujia - capuchon de bujia (Genérico),3500.0,C,1.0,1.0,1.0,,1,0.0
2026,1,117,121,17,121,4,0,TORRETA DE TRACTOR - TORRETA DE TRACTOR (Genérico),108500.0,C,2.0,2.0,2.0,,1,0.0
2026,1,117,121,17,121,5,0,CADENA P/MOTOSIERRA - CADENA P/MOTOSIERRA (Genérico),71500.0,C,1.0,1.0,1.0,,1,0.0
2026,1,117,121,17,121,6,0,ROLLO DE TANZA - ROLLO DE TANZA (Genérico),45000.0,C,3.0,3.0,3.0,,1,0.0
2026,1,117,121,17,121,7,0,ACEITE P/MOTOR 2 TIEMPOS - ACEITE P/MOTOR 2 TIEMPOS (GENERICO),18000.0,C,10.0,10.0,10.0,,1,0.0
2026,1,117,121,17,121,8,0,BUJIA P/AUTOMOTOR - MARCA FORD - MODELO SIERRA GHIA - Nº BUJIA S12YC - LUZ E/ELECTRODOS 0.8MM.,7000.0,C,4.0,4.0,4.0,,1,0.0
2026,1,117,121,17,121,9,0,GRASA EXTREMA PRESION - GRASA EXTREMA PRESION (GENERICO),32000.0,C,1.0,1.0,1.0,,1,0.0
2026,1,117,121,17,121,10,0,AFILADO DE HOJAS DE SIERRA - AFILADO DE HOJAS DE SIERRA (GENERICO),9000.0,C,1.0,1.0,1.0,,1,0.0
2026,1,118,122,17,122,1,0,ACEITE P/MOTOR 2 TIEMPOS - ACEITE P/MOTOR 2 TIEMPOS (GENERICO),18000.0,C,5.0,5.0,5.0,,1,0.0
2026,1,118,122,17,122,2,0,ROLLO DE TANZA - ROLLO DE TANZA (Genérico),45000.0,C,2.0,2.0,2.0,,1,0.0
2026,1,118,122,17,122,3,0,CABEZALES HUSQVARNA - CABEZALES HUSQVARNA  (Genérico),16000.0,C,3.0,3.0,3.0,,1,0.0
2026,1,118,122,17,122,4,0,FILTRO ACEITE MOTOR - FILTRO ACEITE MOTOR (Genérico),15000.0,C,1.0,1.0,1.0,,1,0.0
2026,1,118,122,17,122,5,0,FILTRO DE AIRE AP9834 - FILTRO DE AIRE AP9834 (Genérico),35000.0,C,1.0,1.0,1.0,,1,0.0
2026,1,118,122,17,122,6,0,CUCHILLAS - CUCHILLAS (GENERICO),145000.0,C,1.0,1.0,1.0,,1,0.0
2026,1,118,122,17,122,7,0,REPARACION DE MOTOGUADAÑA-MOTOSIERRA - REPARACION DE MOTOGUADAÑA-MOTOSIERRA (Genérico),30000.0,C,1.0,1.0,1.0,,1,0.0
2026,1,118,122,17,122,8,0,ARNES - ARNES (GENERICO),28000.0,C,1.0,1.0,1.0,,1,0.0
2026,1,118,122,17,122,9,0,LIQUIDO ANTI PINCHADURA - LIQUIDO ANTI PINCHADURA (Genérico),30000.0,C,1.0,1.0,1.0,,1,0.0
2026,1,118,122,17,122,10,0,BOMBA DE ACEITE P/AUTOMOTOR - BOMBA DE ACEITE P/AUTOMOTOR (GENERICO),25000.0,C,1.0,1.0,1.0,,1,0.0
2026,1,119,123,436,123,1,0,"PARCHE P/CAMARA - PARCHE P/CAMARA (GENERICO) 24 PARCHES PARA DOMINIOS SVN719,SOG742,ASZ490 - 5 PARCHES PARA CII58 Y VOLVO 710 10 PACHES PARA UWV265 Y LED013 -  4 PARCHES PARA AF947IJ , JZH266 PJY978 - JZH266
",2050000.0,C,1.0,1.0,1.0,,1,0.0
2026,1,120,124,2558,124,1,0,CLORO - CLORO (Genérico)  PASTILLAS  X 4 KG,60000.0,C,2.0,2.0,2.0,,1,0.0
2026,1,120,124,2558,124,2,0,RASTRILLO - RASTRILLO (GENERICO)SACA HOJAS,25000.0,C,1.0,1.0,1.0,,1,0.0
2026,1,120,124,2558,124,3,0,CABO DE MADERA - CABO DE MADERA (GENERICO) PROLONGADOR,40000.0,C,1.0,1.0,1.0,,1,0.0
2026,1,121,125,1626,125,1,0,LAMPARA REFLECTORA - TIPO BUSCA HUELLAS - POTENCIA LAMPARA 1.000.000 BUJIAS,19500.0,C,8.0,8.0,8.0,,1,0.0
2026,1,121,125,1626,125,2,0,LAMPARA REFLECTORA - TIPO BUSCA HUELLAS - POTENCIA LAMPARA 1.300.000 BUJIAS,38500.0,C,8.0,8.0,8.0,,1,0.0
2026,1,122,126,3122,126,1,0,ELASTICO P/VEHICULO - ELASTICO P/VEHICULO (GENERICO),278888.06,C,1.0,1.0,1.0,,1,0.0
2026,1,122,126,3122,126,2,0,ELASTICO P/VEHICULO - UBICACION DELANTERO - PARA VEHICULO CAMIONETA MERCEDEZ 310 D SPRINTER,96808.6,C,1.0,1.0,1.0,,1,0.0
2026,1,122,126,3122,126,3,0,"REPUESTOS P/ CAMION - REPUESTOS P/ CAMION (Genérico) CENTRO
",3602.34,C,1.0,1.0,1.0,,1,0.0
2026,1,282,268,3356,267,1,0,PESCADO - MILANESAS KG,9000.0,C,6.7,6.7,6.7,,1,0.0
2026,1,284,272,130,271,1,0,MANO DE OBRA - POR REPARACION DE MAQUINA DE CORTA CESPED,63000.0,C,1.0,1.0,1.0,,1,0.0
2026,1,286,276,1259,275,1,0,"LLAVE - LLAVE (GENERICO) 
variador velocidad p/ventilador",26705.0,C,1.0,1.0,1.0,,1,0.0
2026,1,288,280,1259,279,1,0,PROLONGADOR - PROLONGADOR (GENERICO),14760.2,C,1.0,1.0,1.0,,1,0.0
2026,1,288,280,1259,279,2,0,Lampara led - Lampara led (Genérico),19726.0,C,4.0,4.0,4.0,,1,0.0
2026,1,289,283,211,282,1,0,"Servicio de Torneria - Servicio de Torneria (Genérico)Adaptación y colocación de polea en Motor ,Ord. 19299.",80000.0,C,1.0,1.0,1.0,,1,0.0
2026,1,290,285,1879,285,1,0,CONJUNTO DE EMBRAGUE - CONJUNTO DE EMBRAGUE,590000.0,C,1.0,1.0,1.0,,1,0.0
2026,1,398,500,1440,496,5,0,DETERGENTE QUIRURGICO - DETERGENTE ENZIMATICO 2X5 LTS,67719.0,C,1.0,1.0,1.0,,1,0.0
2026,1,398,500,1440,496,6,0,PAPEL GRADO MEDICO - PAPEL GRADO MEDICO 80X120,336864.0,C,1.0,1.0,1.0,,1,0.0
2026,1,398,500,1440,496,7,0,PAPEL GRADO MEDICO - RESMA PAPEL  CREPADO 80 X 120 X 20 KG,662867.0,C,1.0,1.0,1.0,,1,0.0
2026,1,398,500,1440,496,8,0,CINTA TESTIGO AUTOCLAVO TIRAS - TIRAS VAPOR CLASE 4X250 EFELAB,24010.0,C,5.0,5.0,5.0,,1,0.0
2026,1,398,500,1440,496,9,0,CINTA TESTIGO AUTOCLAVO - TIRAS OE CLASE 5X250 EFELAB,29558.0,C,5.0,5.0,5.0,,1,0.0
2026,1,398,500,1440,496,10,0,APOSITO - HEMOST DE GELATINA CURASPON 80X50X10,8870.0,C,3.0,3.0,3.0,,1,0.0
2026,1,398,500,1440,496,11,0,INSUMOS PARA EL HOSPITAL - LT 300 CAJA X 18,178112.0,C,2.0,2.0,2.0,,1,0.0
2026,1,398,500,1440,496,12,0,OVATAS - OVATAS 10 CM X 1.80 M,952.0,C,40.0,40.0,40.0,,1,0.0
2026,1,398,500,1440,496,13,0,TUBOS ENDOTRAQ N° 7 - TUBOS ENDOTRAQ N° 5 CON BALON,3041.0,C,1.0,1.0,1.0,,1,0.0
2026,1,398,500,1440,496,14,0,TUBO TELA ADHESIVA 10 cc. - TELA OPER TAPE 10X10,14568.0,C,2.0,2.0,2.0,,1,0.0
2026,1,398,500,1440,496,15,0,PAPEL P/ELECTROCARDIOGRAM. - PAPEL P/ELECTROCARDIOGRAM.63X30,2516.0,C,8.0,8.0,8.0,,1,0.0
2026,1,398,500,1440,496,16,0,SOBRES NYLON MONOFILAMENTO - NYLON  3/0,2119.0,C,36.0,36.0,36.0,,1,0.0
2026,1,398,500,1440,496,17,0,TUBULADURA PACIENTE - TUBULADURA INFUSION 8C820,11616.0,C,25.0,25.0,25.0,,1,0.0
2026,1,398,500,1440,496,18,0,CINTA HIPOALERGENICA - CINTA TEGADERM 10X12 CAJA X 50,23232.0,C,1.0,1.0,1.0,,1,0.0
2026,1,398,500,1440,496,19,0,ROLLO P/ ESTERILIZACION - POLIETILENO 15 CM,31142.0,C,1.0,1.0,1.0,,1,0.0
2026,1,107,501,2454,497,1,0,PILETA PELOPINCHO 1075 - PILETA PELOPINCHO 1075 (Genérico) PILETA PELOCHINCHO 450 X 210 X 080 DE 7600 LTS,538400.0,C,1.0,1.0,1.0,,1,0.0
2026,1,530,502,2299,498,1,0,DISPENSER - ALTO 90Cm - ANCHO 35Cm - PROFUNDIDAD 35Cm - C/CONEXION BOTELLON.,280000.0,C,1.0,1.0,1.0,,1,0.0
2026,1,536,507,216,503,1,0,"Bolsas - ARMADO DE BOLSAS
50 MEDIDAS 45 X 60 X 100 N $1600 C/U $80.000
10 MEDIDAS 80 X1,10 X 50 N $1600 C/U $ 16000
  BOLSAS DE CONSORCIO 
 15 PAQUETES DE 80 X 1,10 X 50 $11500 C/U $172500",268500.0,C,1.0,1.0,1.0,,1,0.0
2026,1,538,508,17,504,1,0,BUJIA P/AUTOMOTOR - MARCA FORD - MODELO TAUNUS - Nº BUJIA S12YC - LUZ E/ELECTRODOS 0.8MM.,6400.0,C,5.0,5.0,5.0,,1,0.0
2026,1,538,508,17,504,2,0,"REPUESTOS P/MOTOGUADAÑA - REPUESTOS P/MOTOGUADAÑA (Genérico)EMBRAGUE,BULON, CANILLA",64000.0,C,1.0,1.0,1.0,,1,0.0
2026,1,538,508,17,504,3,0,GRASA LUBRICANTE - GRASA LUBRICANTE (GENERICO),9500.0,C,4.0,4.0,4.0,,1,0.0
2026,1,538,508,17,504,4,0,CABEZALES HUSQVARNA - CABEZALES HUSQVARNA  (Genérico),16000.0,C,4.0,4.0,4.0,,1,0.0
2026,1,538,508,17,504,5,0,ROLLO DE TANZA - ROLLO DE TANZA (Genérico),45000.0,C,4.0,4.0,4.0,,1,0.0
2026,1,538,508,17,504,6,0,ACEITE P/MOTOR 2 TIEMPOS - ACEITE P/MOTOR 2 TIEMPOS (GENERICO),18000.0,C,5.0,5.0,5.0,,1,0.0
2026,1,538,508,17,504,7,0,CUCHILLAS - CUCHILLAS (GENERICO),148000.0,C,1.0,1.0,1.0,,1,0.0
2026,1,538,508,17,504,8,0,CADENA P/MOTOSIERRA - CADENA P/MOTOSIERRA (Genérico),28600.0,C,2.0,2.0,2.0,,1,0.0
2026,1,791,742,3557,740,1,0,ALOJAMIENTO - ALOJAMIENTO  (Genérico) Alojamiento para 2 personas del 25/02 al 2/03 ( 5 ncohes) + Alojamiento para 3 personas del 26/02 al 2/03 (4 noches). $40.000 x noche x personas.,880000.0,C,1.0,1.0,1.0,,1,30.0
2026,1,785,745,169,742,1,0,JABON LIQUIDO - JABON LIQUIDO (Genérico),9700.0,C,1.0,1.0,1.0,,1,0.0
2026,1,785,745,169,742,2,0,SUAVISANTE P/ROPA - SUAVISANTE P/ROPA (GENERICO),6400.0,C,1.0,1.0,1.0,,1,0.0
2026,1,781,747,3169,745,1,0,ALOJAMIENTO - ALOJAMIENTO  (Genérico) ALOJAMIENTO PARA 13 PERSONAS DEL 26/02 AL 2/03 - 5 NOCHES,364000.0,C,4.0,4.0,4.0,,1,30.0
2026,1,203,222,2330,223,1,0,NAFTA COMUN - NAFTA COMUN (GENERICO),1700.0,C,700.0,700.0,700.0,,1,0.0
2026,1,203,222,2330,223,2,0,NAFTA COMUN - TIPO SIN PLOMO - PRESENTACION GRANEL: INFINIA.,1900.0,C,700.0,700.0,700.0,,1,0.0
2026,1,203,222,2330,223,3,0,GAS OIL - GAS OIL (GENERICO): INFINIA DIESEL.,1900.0,C,700.0,700.0,700.0,,1,0.0
2026,1,203,222,2330,223,4,0,AGUA DESTILADA - AGUA DESTILADA (GENERICO): BIDON 5 LITROS.,5000.0,C,30.0,30.0,30.0,,1,0.0
2026,1,203,222,2330,223,5,0,Aceite dos tiempos - Aceite dos tiempos (Genérico),7000.0,C,20.0,20.0,20.0,,1,0.0
2026,1,204,225,313,226,1,0,NAFTA COMUN - NAFTA COMUN (GENERICO),1700.0,C,700.0,700.0,700.0,,1,0.0
2026,1,204,225,313,226,2,0,NAFTA COMUN - TIPO SIN PLOMO - PRESENTACION GRANEL: INFINIA.,1900.0,C,700.0,700.0,700.0,,1,0.0
2026,1,204,225,313,226,3,0,GAS OIL - GAS OIL (GENERICO): INFINIA DIESEL.,1900.0,C,700.0,700.0,700.0,,1,0.0
2026,1,204,225,313,226,4,0,AGUA DESTILADA - AGUA DESTILADA (GENERICO): BIDON 5 LITROS.,5000.0,C,30.0,30.0,30.0,,1,0.0
2026,1,204,225,313,226,5,0,Aceite dos tiempos - Aceite dos tiempos (Genérico),7000.0,C,20.0,20.0,20.0,,1,0.0
2026,1,205,227,1267,227,1,0,"ARANDELA - MATERIAL HIERRO - TIPO PLANA - DIAMETRO INTERIOR 3/16"" - PRESENTACION CAJA X 144.",1560.0,C,6.0,6.0,6.0,,1,0.0
2026,1,205,227,1267,227,2,0,ACOPLES P/AUTOMOTOR - ACOPLES P/AUTOMOTOR (GENERICO),16900.0,C,1.0,1.0,1.0,,1,0.0
2026,1,205,227,1267,227,3,0,PERNO - PERNO (GENERICO),50420.0,C,1.0,1.0,1.0,,1,0.0
2026,1,205,227,1267,227,4,0,REPARACION DE CAMION - CAMIONETA - REPARACION DE CAMION - CAMIONETA (GENERICO) CILINDRO DE ACOPLE,282142.0,C,1.0,1.0,1.0,,1,0.0
2026,1,205,227,1267,227,5,0,MANGUERA HIDRAULICA - MANGUERA HIDRAULICA (Genérico),176431.0,C,1.0,1.0,1.0,,1,0.0
2026,1,205,227,1267,227,6,0,REPARACION VEHICULO - REPARACION VEHICULO (GENERICO) BOMBA HIDRAULICA DE BATEA,1091480.0,C,1.0,1.0,1.0,,1,0.0
2026,1,206,230,17,230,1,0,ACEITE P/MOTOR 2 TIEMPOS - ACEITE P/MOTOR 2 TIEMPOS (GENERICO),18000.0,C,10.0,10.0,10.0,,1,0.0
2026,1,206,230,17,230,2,0,CADENA P/MOTOSIERRA - CADENA P/MOTOSIERRA (Genérico),28600.0,C,1.0,1.0,1.0,,1,0.0
2026,1,206,230,17,230,3,0,"LIMA - TIPO CUADRADA - USO MECANICO - ACABADO ENTREFINO - LARGO 10"".",7000.0,C,4.0,4.0,4.0,,1,0.0
2026,1,206,230,17,230,4,0,ROLLO DE TANZA - ROLLO DE TANZA (Genérico),45000.0,C,1.0,1.0,1.0,,1,0.0
2026,1,206,230,17,230,5,0,CABLE P/ACELERADOR - CABLE P/ACELERADOR (GENERICO),18000.0,C,1.0,1.0,1.0,,1,0.0
2026,1,206,230,17,230,6,0,JUEGO JUNTAS COMPLETO MOTOR -RETENES CIGUEÑAL - JUEGO JUNTAS COMPLETO MOTOR -RETENES CIGUEÑAL (Genérico),6000.0,C,1.0,1.0,1.0,,1,0.0
2026,1,206,230,17,230,7,0,FILTRO COMBUSTIBLE - FILTRO COMBUSTIBLE (Genérico),5000.0,C,1.0,1.0,1.0,,1,0.0
2026,1,206,230,17,230,8,0,REPARACION DE MOTOGUADAÑA-MOTOSIERRA - REPARACION DE MOTOGUADAÑA-MOTOSIERRA (Genérico),31000.0,C,1.0,1.0,1.0,,1,0.0
2026,1,207,234,57,234,1,0,SERVICIO DE IMPRESION - SERVICIO DE IMPRESION (GENERICO): PLANILLAS DE DONACION. IMPRESAS Y ANILLADOS.,220.0,C,100.0,100.0,100.0,,1,0.0
2026,1,209,236,2538,236,1,0,"SERVICE - SERVICE (Genérico): - REVISION DE FUGAS.
-RECARGA DE GAS COMPLETA REFRIGERANTE PARA AIRE ACONDICIONADO.",156000.0,C,1.0,1.0,1.0,,1,0.0
2026,1,257,239,33,239,1,0,"SEGURO POR ACCIDENTES PERSONALES, MUERTE, INVALIDEZ - SEGURO POR ACCIDENTES PERSONALES, MUERTE, INVALIDEZ (Genérico)DESDE EL 01/01/2026 AL 31/12/2026, PARA CHICOS DEL PROG ENVION",1200000.0,C,1.0,1.0,1.0,,1,0.0
2026,1,210,243,441,243,1,0,PAPEL MADERA - PAPEL MADERA (GENERICO)misionero 130grs. 85x1x1 2x1,1350.0,C,3.0,3.0,3.0,,1,0.0
2026,1,210,243,441,243,2,0,ADHESIVO P/PAPEL - ADHESIVO P/PAPEL (GENERICO) en barra Pizzini 21 grs.,1600.0,C,2.0,2.0,2.0,,1,0.0
2026,1,210,243,441,243,3,0,MARCADORES - MARCADORES (GENERICO)UNI POSCA 3 M BLANCO,7000.0,C,1.0,1.0,1.0,,1,0.0
2026,1,210,243,441,243,4,0,"PORCELANA EN FRIO, x 500 - PORCELANA EN FRIO, x 250 (Genérico) NICRON 250GR",2750.0,C,1.0,1.0,1.0,,1,0.0
2026,1,210,243,441,243,5,0,PLANCHAS DE GOMA EVA - PLANCHAS DE GOMA EVA (GENERICO)BLANCA,650.01,C,6.0,6.0,6.0,,1,0.0
2026,1,210,243,441,243,6,0,PALITO DE HELADO - PALITO DE HELADO (Genérico)Natural x 50,1265.01,C,7.0,7.0,7.0,,1,0.0
2026,1,210,243,441,243,7,0,"BARRAS SILICONAS, grande - BARRAS SILICONAS, grande (Genérico)Glue Fino HEMAPEL 1 X 25",320.0,C,4.0,4.0,4.0,,1,0.0
2026,1,210,243,441,243,8,0,limpia pipa - limpia pipa (Genérico)LC 30 CM X 1,99.99,C,1.0,1.0,1.0,,1,0.0
2026,1,245,244,295,244,1,0,BOMBA P/POZO - BOMBA P/POZO TRIFASOCA 2 HP PARA LLENADO TANQUE AGUA HOSPITAL,600000.0,C,1.0,1.0,1.0,,1,0.0
2026,1,246,245,2960,245,1,0,"HUEVOS DE GALLINA - HUEVOS DE GALLINA ENTREGAS POR DOCENAS  
HOSPITAL
REMITO 27622 
REMITO 27624
REMITO 27644
REMITO 27646
REMITO 27820
REMITO 27822
REMITO 27838
REMITO 27846
REMITO 27848

HOGAR DE ANCIANOS 
REMITO 27623
REMITO 27647
REMITO 27842",2400.0,C,405.0,405.0,405.0,,1,0.0
2026,1,247,246,441,246,1,0,"Cinta  de papel 24x 50 - Cinta  de papel 24x 50 (Genérico)
RAPIFIX PAPEL",4598.94,C,1.0,1.0,1.0,,1,0.0
2026,1,247,246,441,246,2,0,"Cinta de papel 36 x 50 - Cinta de papel 36 x 50 (Genérico)
RAPIFIX",6886.49,C,2.0,2.0,2.0,,1,0.0
2026,1,247,246,441,246,3,0,"Cinta de papel 48 x 50 - Cinta de papel 48 x 50 (Genérico)
RAPIFIX",3342.53,C,1.0,1.0,1.0,,1,0.0
2026,1,247,246,441,246,4,0,"ROLLOS CINTA PAPEL - ROLLOS CINTA PAPEL (Genérico)
RAPIFIX PAPEL 18X50",3455.17,C,1.0,1.0,1.0,,1,0.0
2026,1,247,246,441,246,5,0,"CINTA P/EMBALAJE - CINTA P/EMBALAJE (GENERICO)
FW PP 48X40",1100.0,C,2.0,2.0,2.0,,1,0.0
2026,1,247,246,441,246,6,0,"MICROFIBRA - MICROFIBRA (Genérico)
FILGO LINER 038X1",650.0,C,1.0,1.0,1.0,,1,0.0
2026,1,247,246,441,246,7,0,"PILA SECA - PILA SECA (GENERICO)
4 PILA DURACELL AA X 1$ 6400
12 PILA ENERGINER AA X 1 $ 15000",21400.0,C,1.0,1.0,1.0,,1,0.0
2026,1,247,246,441,246,8,0,"SOBRE MANILA RETRATO - SOBRE MANILA RETRATO (Genérico)
24X30X1",150.0,C,4.0,4.0,4.0,,1,0.0
2026,1,247,246,441,246,9,0,"CARP. FUELLE FW A4 - CARP. FUELLE FW A4 (Genérico)
OPACA GRIS",500.0,C,10.0,10.0,10.0,,1,0.0
2026,1,247,246,441,246,10,0,"AROMATIZADOR - AROMATIZADOR (Genérico)
TEXTIL SAPHIRUS 250 LOLA",3750.0,C,2.0,2.0,2.0,,1,0.0
2026,1,247,246,441,246,11,0,"ROLLO DE TANZA - ROLLO DE TANZA (Genérico)
ELASTICA LC X 10 MT",1000.0,C,1.0,1.0,1.0,,1,0.0
2026,1,248,247,1489,247,1,0,"SEGUROS DE RESPONSABILIDAD - SEGUROS DE RESPONSABILIDAD (GENERICO)DE MALA PRAXIS INSTITUCIONAL DESDE EL 01/01/2026 AL 31/03/2026,POLIZA 555023-0",4923023.85,C,1.0,1.0,1.0,,1,0.0
2026,1,251,248,2105,248,1,0,"CERTIFICACIONES - CERTIFICACIONES (GENERICO)Certificaciones, Legalizaciones.",7000000.0,C,1.0,1.0,1.0,,1,0.0
2026,1,252,249,2593,249,1,0,CERRAJERIA - CERRAJERIA (GENERICO),500000.0,C,1.0,1.0,1.0,,1,0.0
2026,1,253,250,313,250,1,0,combustibles varios - combustibles varios (Genérico),7000000.0,C,1.0,1.0,1.0,,1,0.0
2026,1,254,253,5,253,1,0,ALIMENTOS PARA PERSONAS - ALIMENTOS PARA PERSONAS (Genérico),1500000.0,C,1.0,1.0,1.0,,1,0.0
2026,1,483,454,163,451,1,0,"REPARACION DE MOTONIVELADORA - REPARACION DE MOTONIVELADORA (Genérico) POR IR AL CAMPO,FALLA EN DIFERENCIAL,DESPRENDER CADENA,SACAR TANDEM,DESARMAR EJE COMPLETO, CABIAR NO-SPIN, ARAR ACCESORIOS,ARMAR CADENAS,PARA MOTONIVELADORA PAUNY BGZ34",7842000.0,C,1.0,1.0,1.0,,1,0.0
2026,1,484,455,163,452,1,0,"REPARACION DE CARGADORA - REPARACION DE CARGADORA (Genérico) CONTROL DE FALLA CONTROL ELECTRICO SOLENOIDE,",942250.0,C,1.0,1.0,1.0,,1,0.0
2026,1,484,455,163,452,2,0,SOLENOIDE TIPO  3906398 12 V - SOLENOIDE TIPO  3906398 12 V (Genérico),324820.0,C,3.0,3.0,3.0,,1,0.0
2026,1,485,456,2337,453,1,0,"CAPATAZ C.A.S.E.R - El capataz prestara sus servicios desde el 01 de enero del 2026 hasta el 28 de febrero, percibiendo como contraprestacion del servicio un monto mensual de $ 2.690.617",2690617.0,C,2.0,2.0,2.0,,1,0.0
2026,1,486,457,2330,454,1,0,NAFTA SUPER - NAFTA SUPER (Genérico),2000.0,C,300.0,300.0,300.0,,1,0.0
2026,1,486,457,2330,454,2,0,INFINIA DIESEL - INFINIA DIESEL  (Genérico),2000.0,C,500.0,500.0,500.0,,1,0.0
2026,1,486,457,2330,454,4,0,Aceite dos tiempos - Aceite dos tiempos (Genérico),6000.0,C,5.0,5.0,5.0,,1,0.0
2026,1,486,457,2330,454,3,0,AGUA DESTILADA - AGUA DESTILADA (GENERICO),6000.0,C,5.0,5.0,5.0,,1,0.0
2026,1,488,458,169,455,1,0,balde - balde (Genérico): REFORZADO 13 LTS.,3400.0,C,2.0,2.0,2.0,,1,0.0
2026,1,488,458,169,455,2,0,RECIPIENTE DE PLASTICO - RECIPIENTE DE PLASTICO (GENERICO): REDONDO C/TAPA 12 LTS.,5300.0,C,2.0,2.0,2.0,,1,0.0
2026,1,489,459,87,456,1,0,ANTIEPILEPTICO - FENITOINA SODICA COMPRIMIDO 100mg.,420.0,C,1000.0,1000.0,1000.0,,1,0.0
2026,1,489,459,87,456,2,0,GUANTES USO MEDICINAL - GUANTES LATEX CAJA X 100 UNIDADES,5280.0,C,50.0,50.0,50.0,,1,0.0
2026,1,489,459,87,456,3,0,ACIDO TRANEXAMICO AMPOLLAS - ACIDO TRANEXAMICO AMPOLLAS,5400.0,C,20.0,20.0,20.0,,1,0.0
2026,1,489,459,87,456,4,0,JERINGAS - JERINGA  X 60 CC.,443.1,C,50.0,50.0,50.0,,1,0.0
2026,1,489,459,87,456,5,0,ANTIEPILEPTICO - FENITOINA SODICA  COMPRIMIDOS 100mg.,110.0,C,960.0,960.0,960.0,,1,0.0
2026,1,489,459,87,456,6,0,MEDICAMENTOS - LEVETIRACETAM 300 ML JBE,46200.0,C,2.0,2.0,2.0,,1,0.0
2026,1,489,459,87,456,7,0,INSUMOS PARA EL HOSPITAL - MANGO PARA HOJA DE BISTURI N° 3 Y 4,3750.0,C,2.0,2.0,2.0,,1,0.0
2026,1,489,459,87,456,8,0,TUBOS ENDOTRAQ N° 7 - TUBOS ENDOTRAQ N° 7 CON BALON,1198.0,C,10.0,10.0,10.0,,1,0.0
2026,1,490,460,216,457,1,0,"Armado de bolsas v/medidas - 10 DE 45X60X100 VERDES $ 7000 C/U
10 DE 45X60X100 ROJAS $ 1600 C/U
4 DE 60X90X50 ROJAS $ 10800 C/U",129200.0,C,1.0,1.0,1.0,,1,0.0
2026,1,487,461,1259,458,1,0,TUBO LED - TUBO LED (Genérico),5128.2,C,6.0,6.0,6.0,,1,0.0
2026,1,491,462,1943,459,1,0,"MANTENIMIENTO PREVENTIVO Y CORRECTIVO DE PLANTA DE OXIGENO - EL MANTENIMIENTO PREVENTIVO DE GENERADOR BGOX -6 EL MISMO INCLUYE PROVISION O INSTALACION DE LOS SIGUIENTES REPUESTOS
2 VALVULAS DE RETENCION DE PRODUCCION
1 VALVULA Y ACTUADOR NEUMATICA DE ECUALIZACION
1 PLC CON SOFTWARE GENERADOR BGOX-6",2800424.38,C,1.0,1.0,1.0,,1,0.0
2026,1,492,463,1810,460,1,0,SERVICE - SERVICE (Genérico): SERVICE AIRE ACONDICIONADO.,50000.0,C,2.0,2.0,2.0,,1,0.0
2026,1,493,464,1524,461,1,0,SUTURA - JNJ SUTURA MECANICA CIRCULAR 29 MM CDH29B///GS1,324500.0,C,1.0,1.0,1.0,,1,0.0
2026,1,494,465,3322,462,1,0,JABON LIQUIDO - ALA BLANQ CHLO BOOSTER 20 L,78429.31,C,1.0,1.0,1.0,,1,0.0
2026,1,494,465,3322,462,2,0,TOALLAS DE  PAPEL PARA COCINA - ROLLO COCICNA 12X200 PAÑOS,23044.21,C,1.0,1.0,1.0,,1,0.0
2026,1,494,465,3322,462,3,0,Cif crema 800 cc - CIF DESINCRUSTANTE GRASA 5 L,26783.43,C,1.0,1.0,1.0,,1,0.0
2026,1,494,465,3322,462,4,0,PACK ROLLOS PAPEL HIGIENICO - ROLLOS PAPEL HIGIENICO  4X12X30 M,16493.26,C,1.0,1.0,1.0,,1,0.0
2026,1,494,465,3322,462,5,0,PAÑO ABSORBENTE - PAÑO STYLE MF COLORS VILEDA 4 U,9201.32,C,1.0,1.0,1.0,,1,0.0
2026,1,494,465,3322,462,6,0,TOALLAS DE  PAPEL PARA COCINA - BOBINA LIMPIEZA 1003 2 X 360 FELPITA,28876.4,C,5.0,5.0,5.0,,1,0.0
2026,1,494,465,3322,462,7,0,TOALLAS DE  PAPEL PARA COCINA - TOALLA DE MANO 1026 FELPITA 4X200 MTS,24908.08,C,5.0,5.0,5.0,,1,0.0
2026,1,494,465,3322,462,8,0,TOALLAS INTERCALADAS Beige 20 - TOALLAS INTERCALADAS 1029 FELPITA 10 X 250,21559.18,C,2.0,2.0,2.0,,1,0.0
2026,1,494,465,3322,462,9,0,DETERGENTE - SKIP NEUTRILIZING BOOSTER PRO X 20 L,135744.39,C,1.0,1.0,1.0,,1,0.0
2026,1,494,465,3322,462,10,0,DETERGENTE - SKIP ALKALINE BOOSTER PRO 20 L,101501.64,C,1.0,1.0,1.0,,1,0.0
2026,1,494,465,3322,462,11,0,JABON P/LAVAR ROPA -  SKIP ENZYMES POWER PRO 20 L,246886.81,C,1.0,1.0,1.0,,1,0.0
2026,1,495,466,1078,463,1,0,TRABAJOS DE ELECTRICIDAD - COLOCAR TRES TOMAS BAJADA DE RED INSTALACION AIRE ACONDICIONADO TAPAR SALIDAS DE BARRAL DE OXIGENO,185000.0,C,1.0,1.0,1.0,,1,0.0
2026,1,496,467,167,464,1,0,POLLO - PATA Y MUSLO KG,7100.0,C,70.2,70.2,70.2,,1,0.0
2026,1,496,467,167,464,2,0,POLLO - PECHUGA KG,12500.0,C,19.7,19.7,19.7,,1,0.0
2026,1,496,467,167,464,3,0,POLLO - HAMBURGUESA DE POLLO KG||,11500.0,C,8.7,8.7,8.7,,1,0.0
2026,1,497,468,167,465,1,0,POLLO - PATA Y MUSLO KG,8100.0,C,35.0,35.0,35.0,,1,0.0
2026,1,497,468,167,465,2,0,POLLO - PECHUGA KG,14500.0,C,12.0,12.0,12.0,,1,0.0
2026,1,497,468,167,465,3,0,POLLO - HAMBURGUESA DE POLLO KG|,13000.0,C,6.0,6.0,6.0,,1,0.0
2026,1,498,469,2627,466,1,0,PASTAS FRESCAS - TUBOS DE AMPANADAS 5 DOC,6500.0,C,2.0,2.0,2.0,,1,0.0
2026,1,498,469,2627,466,2,0,PASTAS FRESCAS - FIDEOS AL HUEVO N° 3 KG,4000.0,C,5.0,5.0,5.0,,1,0.0
2026,1,499,470,2427,467,1,0,MANTENIMIENTO DE EQUIPOS DE REFRIGERACION - DESINSTALAR EQUIPO EXTERIOR Y UNIDAD INTERIOR PARA LIMPIEZA CON TRABAJO REALIZADO,125000.0,C,1.0,1.0,1.0,,1,0.0
2026,1,500,471,171,468,1,0,PLAFON LED - PLAFON LED,14900.0,C,5.0,5.0,5.0,,1,0.0
2026,1,501,472,866,469,1,0,ANTIBIOTICOS - AMICACINA  500mg./ 2 ml. AMPOLLA,1422.02,C,100.0,100.0,100.0,,1,0.0
2026,1,501,472,866,469,2,0,MIDAZOLA 5 MG AMPOLLAS - MIDAZOLA 5 MG AMPOLLAS,1157.76,C,200.0,200.0,200.0,,1,0.0
2026,1,501,472,866,469,3,0,ANTIINFLAMATORIO - DICLOFENAC POTASICO AMPOLLAS 75mg.,828.01,C,500.0,500.0,500.0,,1,0.0
2026,1,987,926,3322,921,1,0,Rociador x 500cc - GATILLO REFORZADO BLANCO Y AZUL,2581.23,C,4.0,4.0,4.0,,1,0.0
2026,1,987,926,3322,921,2,0,JABON P/LAVAR ROPA - SKIP POLVO 10 KG,35414.7,C,1.0,1.0,1.0,,1,0.0
2026,1,987,926,3322,921,3,0,JABON LIQUIDO - SKIP ENZYMES POWER 20 L,246886.81,C,1.0,1.0,1.0,,1,0.0
2026,1,987,926,3322,921,4,0,JABON P/LAVAR ROPA - ALA BLANQ BOOSTER 20 L,74694.57,C,1.0,1.0,1.0,,1,0.0
2026,1,987,926,3322,921,5,0,DETERGENTE - SKIP ALKALINE BOOSTER 20 L,101501.64,C,1.0,1.0,1.0,,1,0.0
2026,1,987,926,3322,921,6,0,CIF Anti Grasa D Pack - CIF DESINF. ALIMENTOS CLOROACTIVE X 5 KG,17790.76,C,1.0,1.0,1.0,,1,0.0
2026,1,987,926,3322,921,7,0,DETERGENTE - SF 200 X 5 KG,40660.24,C,1.0,1.0,1.0,,1,0.0
2026,1,987,926,3322,921,8,0,Cif crema 800 cc - Cif CREMA MULTIP. 2 L,11192.83,C,1.0,1.0,1.0,,1,0.0
2026,1,987,926,3322,921,9,0,DETERGENTE - CIF DETERGENTE ACTIVE 5 L,19049.83,C,2.0,2.0,2.0,,1,0.0
