EJERCICIO,NRO_OP,NRO_REG_COMP,TIPO_COMPROB,NRO_COMPROB,COD_PROV,CODIGO_FF,INCISO,PAR_PRIN,PAR_PARC,PAR_SUBP,JURISDICCION,PROGRAMA,ACTIV_PROY,ACTIV_OBRA,IMPORTE_IMPUT
2026,43,28,COM,1200-00120000,50087,110,3,5,5,0,1110102000,1,0,0,3000.0
2026,44,60,FAB,2022-21900813,50087,110,3,5,5,0,1110102000,1,0,0,180810.27
2026,45,61,FAB,2022-21900814,50087,110,3,5,5,0,1110102000,1,0,0,92253.54
2026,46,62,FAB,2022-21900815,50087,110,3,5,5,0,1110102000,1,0,0,128696.53
2026,1216,472,FAC,0001-00000199,2812,131,3,4,9,0,1110106000,44,0,0,1187387.66
2026,1217,569,FAC,0001-00000039,3240,131,3,4,9,0,1110106000,44,0,0,1051196.0
2026,1219,571,FAC,0004-00000148,2032,131,3,4,9,0,1110106000,44,0,0,2237644.16
2026,1220,620,FAC,0003-00001016,1864,131,3,4,9,0,1110106000,44,0,0,927899.68
2026,1221,533,FAC,0002-00000044,3338,131,3,4,9,0,1110106000,44,0,0,306430.56
2026,1225,1763,FAA,0002-00097339,789,110,3,1,1,0,1110108000,29,0,0,160006.71
2026,1225,1763,FAA,0007-00181824,789,110,3,1,4,0,1110108000,29,0,0,29915.37
2026,1225,1763,COM,2025-12001001,789,110,3,3,9,0,1110108000,29,0,0,259038.0
2026,1225,1763,COM,2025-12001002,789,110,3,3,9,0,1110108000,29,0,0,567908.0
2026,1225,1763,FAA,0002-00097276,789,110,3,1,1,0,1110108000,29,0,0,133140.09
2026,1225,1763,FAS,0119-03599509,789,110,3,1,2,0,1110108000,29,0,0,32330.54
2026,1225,1763,FAS,0119-03599708,789,110,3,1,2,0,1110108000,29,0,0,19250.04
2026,1225,1763,FAA,0005-00549340,789,110,3,1,9,0,1110108000,29,0,0,56563.9
2026,1225,1763,FAA,0007-00181852,789,110,3,1,4,0,1110108000,29,0,0,29902.72
2026,1225,1763,FAA,0004-67828367,789,110,3,1,3,0,1110108000,29,0,0,30517.98
2026,1225,1763,FAA,0002-00097306,789,110,3,1,1,0,1110108000,29,0,0,115560.67
2026,1225,1763,FAA,0004-67828368,789,110,3,1,3,0,1110108000,29,0,0,44753.9
2026,1227,1764,FAA,0002-00096509,50219,110,3,1,1,0,1110102000,1,0,0,76246.53
2026,1227,1764,FAB,0004-67828504,50219,110,3,1,3,0,1110102000,1,0,0,31707.48
2026,1227,1764,COM,2502-20256081,50219,110,3,1,9,0,1110102000,1,0,0,41040.0
2026,1227,1764,FAS,0119-05552113,50219,110,3,1,2,0,1110102000,1,0,0,10696.17
2026,1228,1019,FAB,0008-00000654,90,132,5,1,4,0,1110106000,42,0,0,8011800.0
2026,1231,1075,FAB,0008-00000660,90,132,5,1,4,0,1110106000,42,0,0,24155730.0
2026,1231,1075,FAB,0008-00000657,90,132,5,1,4,0,1110106000,42,0,0,20373870.0
2026,1231,1075,FAB,0008-00000656,90,132,5,1,4,0,1110106000,42,0,0,3791200.0
2026,1231,1075,FAB,0008-00000655,90,132,5,1,4,0,1110106000,42,0,0,10677380.0
2026,1231,1075,FAB,0008-00000659,90,132,5,1,4,0,1110106000,42,0,0,22949550.0
2026,1231,1075,FAB,0008-00000658,90,132,5,1,4,0,1110106000,42,0,0,14130210.0
2026,728,122,FAC,0002-00000106,212,110,3,3,1,0,1110118000,46,0,0,190000.0
2026,730,1193,FAB,8173-96979398,50031,110,5,1,4,0,1110106000,24,0,0,95000.0
2026,736,1194,FAB,8173-96979399,50031,110,5,1,4,0,1110106000,24,0,0,85000.0
2026,737,1196,FAS,0004-68109349,50023,132,3,1,3,0,1110102000,33,0,0,37791.81
2026,737,1196,FAS,0004-68109350,50023,132,3,1,3,0,1110102000,33,0,0,100387.89
2026,738,1198,FAB,0000-00000030,50470,110,3,9,3,0,1110105000,30,0,0,2558637.84
2026,739,1159,FAC,0002-00000115,1477,110,3,3,1,0,1110103000,51,71,0,3500000.0
2026,740,101,FAC,0002-00000330,2490,131,2,1,1,0,1110104000,16,0,0,314000.0
2026,849,1403,COM,0000-20000000,50072,110,3,8,9,0,1110117000,34,0,0,24000.0
2026,850,1411,FAB,1010-08450786,50922,132,3,1,1,0,1110102000,33,0,0,56654.45
2026,851,1412,FAB,1001-00468843,193,131,3,1,1,0,1110111000,23,0,0,10801.1
2026,854,1415,FAB,1001-00468844,193,110,3,1,1,0,1110200000,1,0,0,84331.91
2026,862,1416,FAB,1001-00468845,193,110,3,1,1,0,1110104000,16,0,0,2734708.16
2026,862,1416,FAB,1001-00468845,193,110,3,1,1,0,1110104000,17,0,0,79343.51
2026,865,1417,FAB,1001-00468846,193,110,3,1,1,0,1110105000,50,0,0,1750804.34
2026,867,1418,FAB,1001-00468847,193,110,3,1,1,0,1110103000,1,0,0,60684114.54
2026,871,1419,FAB,1001-00468848,193,110,3,1,1,0,1110104000,16,0,0,54608.44
2026,875,1420,FAB,1001-00468849,193,110,3,1,1,0,1110101000,1,0,0,1245966.81
2026,880,1421,FAB,1001-00468850,193,110,3,1,1,0,1110106000,49,0,0,739717.11
2026,880,1421,FAB,1001-00468850,193,110,3,1,1,0,1110106000,1,0,0,97145.25
2026,880,1421,FAB,1001-00468850,193,110,3,1,1,0,1110106000,25,0,0,310740.17
2026,886,1422,FAB,1001-00468851,193,110,3,1,1,0,1110109000,28,0,0,371289.64
2026,890,1423,FAB,1001-00468852,193,110,3,1,1,0,1110106000,25,0,0,105833.01
2026,891,29,FAB,0006-00002679,3075,110,2,9,1,0,1110112000,1,0,0,248100.0
2026,891,29,FAB,0006-00002679,3075,110,2,5,4,0,1110112000,1,0,0,159486.24
2026,893,580,FAC,0006-00002767,3075,110,2,9,1,0,1110112000,1,0,0,872494.66
2026,894,808,FAB,0006-00002810,3075,110,2,9,1,0,1110118000,45,0,0,54858.4
2026,894,808,FAB,0006-00002810,3075,110,2,4,3,0,1110118000,45,0,0,33045.69
2026,895,1424,FAB,1001-00468853,193,110,3,1,1,0,1110101000,1,0,0,240975.94
2026,896,1425,FAB,2022-00001361,50003,110,3,7,2,0,1110108000,29,0,0,90000.0
2026,897,1426,FAB,1001-00468854,193,110,3,1,1,0,1110102000,52,0,0,65514.22
2026,898,1427,FAB,1001-00468855,193,110,3,1,1,0,1110106000,24,0,0,81378.57
2026,899,1428,FAB,1001-00468856,193,110,3,1,1,0,1110105000,50,0,0,216711.68
2026,900,1429,FAB,1001-00468857,193,110,3,1,1,0,1110103000,1,0,0,2759651.31
2026,901,1430,FAB,1001-00468858,193,110,3,1,1,0,1110113000,1,0,0,20224001.89
2026,1189,1727,FAC,0001-00000248,50363,110,2,9,6,0,1110105000,50,0,0,26900.0
2026,1189,1727,FAB,0002-00000005,50363,110,2,1,1,0,1110105000,50,0,0,23759.97
2026,1189,1727,FAB,0007-00010921,50363,110,2,9,4,0,1110105000,50,0,0,4000.0
2026,1189,1727,TKT,0010-00324740,50363,110,2,1,1,0,1110105000,50,0,0,5360.0
2026,1191,1728,FAB,0004-00002830,50015,110,2,9,6,0,1110106000,24,0,0,78500.0
2026,1191,1728,FAC,0002-00000032,50015,110,3,3,2,0,1110106000,24,0,0,9000.0
2026,1199,1694,FAB,0001-00000072,3180,110,3,4,6,0,1110105000,50,0,0,100000.0
2026,1203,525,FAC,0001-00000068,3361,131,3,4,9,0,1110106000,44,0,0,1051196.0
2026,1204,916,FAC,0002-00000126,2704,131,3,4,9,0,1110106000,44,0,0,1119291.68
2026,1205,568,FAC,0001-00000123,3034,131,3,4,9,0,1110106000,44,0,0,1051196.0
2026,1206,530,FAC,0001-00000014,3440,131,3,4,9,0,1110106000,44,0,0,846908.96
2026,1207,555,FAC,0003-00000180,1825,110,3,4,9,0,1110106000,49,0,0,372382.72
2026,1208,566,FAC,0003-00000181,1825,131,3,4,9,0,1110106000,44,0,0,306430.56
2026,1209,572,FAC,0001-00000019,3438,131,3,4,9,0,1110106000,44,0,0,1051196.0
2026,1210,567,FAC,0001-00000016,3455,131,3,4,9,0,1110106000,44,0,0,1051196.0
2026,1211,574,FAC,0001-00000014,3453,131,3,4,9,0,1110106000,44,0,0,1051196.0
2026,1212,470,FAC,0001-00000070,3033,131,3,4,9,0,1110106000,44,0,0,1051196.0
2026,1213,565,FAC,0001-00000012,3492,131,3,4,9,0,1110106000,44,0,0,272382.72
2026,1214,471,FAC,0001-00000046,3228,131,3,4,9,0,1110106000,44,0,0,1051196.0
2026,1284,299,COM,1111-00000003,2549,110,3,5,4,0,1110108000,29,0,0,250593.0
2026,1286,299,COM,1111-00000003,2549,110,3,5,4,0,1110108000,29,0,0,250593.0
2026,1290,1787,FAB,0008-00005439,1066,110,2,8,4,0,1110103000,51,84,0,7954200.0
2026,42,27,COM,2025-34890000,50031,110,5,1,4,0,1110106000,24,0,0,100000.0
2026,208,55,FAB,0003-00004329,875,110,3,5,3,0,1110112000,1,0,0,80000.0
2026,209,445,FAB,0101-08724013,50922,132,3,1,1,0,1110102000,33,0,0,69439.24
2026,211,447,FAB,8173-96979395,50031,110,5,1,4,0,1110106000,24,0,0,16000.0
2026,212,448,FAB,2022-00001352,50003,110,3,7,2,0,1110104000,16,0,0,477900.0
2026,214,449,FAB,0004-68183317,50023,110,3,1,3,0,1110105000,50,0,0,21959.58
2026,214,449,FAB,0004-68183302,50023,110,3,1,3,0,1110105000,50,0,0,21959.5
2026,214,449,FAB,7004-68183342,50023,110,3,1,3,0,1110105000,30,0,0,24689.71
2026,214,449,FAB,7004-68183312,50023,110,3,1,3,0,1110105000,50,0,0,22393.3
2026,214,449,FAB,7004-68183301,50023,110,3,1,3,0,1110105000,50,0,0,22142.93
2026,214,449,FAB,7004-68183330,50023,110,3,1,3,0,1110105000,50,0,0,24108.13
2026,215,451,FAB,7004-68183322,50023,110,3,1,3,0,1110103000,1,0,0,43787.77
2026,216,451,FAB,7004-68183326,50023,110,3,1,3,0,1110103000,1,0,0,43787.77
2026,217,452,FAB,7004-68183322,50023,110,3,1,3,0,1110102000,1,0,0,43340.53
2026,219,453,FAB,7004-68183341,50023,110,3,1,3,0,1110106000,25,0,0,37005.73
2026,219,453,FAB,7004-68183340,50023,110,3,1,3,0,1110106000,24,0,0,23125.71
2026,220,454,FAB,7004-68183345,50023,132,3,1,3,0,1110105000,50,0,0,23829.12
2026,221,454,FAB,7004-68183349,50023,132,3,1,3,0,1110105000,50,0,0,23829.12
2026,222,455,FAB,7004-68183345,50023,110,3,1,3,0,1110200000,1,0,0,22343.52
2026,223,456,FAB,7004-68183344,50023,110,3,1,3,0,1110102000,1,0,0,22967.81
2026,223,456,FAB,7004-68183318,50023,110,3,1,3,0,1110102000,1,0,0,26496.33
2026,224,457,FAB,7004-68183346,50023,110,3,1,3,0,1110104000,16,0,0,102930.81
2026,225,458,FAB,7004-68183351,50023,110,3,1,3,0,1110104000,16,0,0,28208.26
2026,225,458,FAB,7004-68183480,50023,110,3,1,3,0,1110104000,16,0,0,26855.85
2026,225,458,FAB,7004-68183328,50023,110,3,1,3,0,1110104000,16,0,0,347129.16
2026,225,458,FAB,7004-68183350,50023,110,3,1,3,0,1110104000,16,0,0,38072.61
2026,226,459,FAB,7004-68183275,50023,110,3,1,3,0,1110102000,1,0,0,30884.92
2026,226,459,FAB,7004-68183323,50023,110,3,1,3,0,1110102000,1,0,0,21964.27
2026,227,162,FAC,0006-00000230,717,131,2,9,9,0,1110104000,16,0,0,15200.0
2026,227,162,FAC,0006-00000230,717,131,2,1,1,0,1110104000,16,0,0,117600.0
2026,228,136,FAC,0001-00000111,2843,132,5,1,4,0,1110106000,42,0,0,1785000.0
2026,229,461,COM,0000-00272100,51044,132,5,4,6,0,1110112000,1,0,0,2730667.0
2026,230,136,FAC,0001-00000099,2843,132,5,1,4,0,1110106000,42,0,0,1785000.0
2026,231,462,FAB,0007-02431803,2969,110,3,1,4,0,1110102000,1,0,0,116160.0
2026,232,463,FAB,2022-00001353,50003,110,3,7,2,0,1110102000,33,0,0,180000.0
2026,233,464,FAB,8173-96979396,50031,110,5,1,4,0,1110106000,24,0,0,310000.0
2026,793,1320,COM,2024-00002210,50209,131,5,1,7,0,1110101000,1,0,0,514271.19
2026,796,1321,COM,9862-01900002,50129,131,5,1,7,0,1110101000,1,0,0,1625236.23
2026,797,1322,COM,2024-18800001,50100,131,5,1,7,0,1110101000,1,0,0,663126.5
2026,941,938,FAB,0002-00000668,3556,131,2,1,1,0,1110104000,16,0,0,972000.0
2026,942,552,FAB,0005-00002024,1943,131,3,3,3,0,1110104000,16,0,0,1826436.92
2026,950,1498,FAB,2022-21900825,50087,110,3,5,5,0,1110102000,1,0,0,65356.31
2026,32,16,FAB,2022-21900806,50087,110,2,5,6,0,1110101000,1,0,0,250000.0
2026,33,17,FAB,2022-21900807,50087,131,2,5,6,0,1110111000,23,0,0,280000.0
2026,34,18,FAB,2022-21900808,50087,131,2,5,6,0,1110113000,42,0,0,4000000.0
2026,35,19,FAB,2022-21900809,50087,131,2,5,6,0,1110104000,16,0,0,1418000.0
2026,36,20,FAB,2022-21900810,50087,110,2,5,6,0,1110106000,24,0,0,300000.0
2026,37,21,FAB,2022-21900811,50087,110,2,5,6,0,1110109000,28,0,0,170000.0
2026,38,22,FAB,2022-21900812,50087,110,3,5,5,0,1110102000,1,0,0,125360.0
2026,39,25,FAB,2022-00001349,50003,110,3,7,2,0,1110117000,34,0,0,90000.0
2026,1268,1481,FAC,0002-00000602,68,132,5,1,4,0,1110106000,42,0,0,990000.0
2026,1269,1447,FAC,0002-00000795,3169,110,3,2,9,0,1110105000,30,0,0,210000.0
2026,1270,1404,FAC,0002-00000794,3169,110,3,2,9,0,1110105000,30,0,0,1456000.0
2026,1271,1094,FAB,0006-00000826,2627,131,2,1,1,0,1110104000,16,0,0,24100.0
2026,1272,899,FAB,0006-00000823,2627,131,2,1,1,0,1110104000,16,0,0,33000.0
2026,1273,1636,FAC,0001-00000014,3454,131,3,4,9,0,1110106000,44,0,0,710717.6
2026,1274,979,FAB,0006-00000825,2627,131,2,1,1,0,1110104000,16,0,0,30000.0
2026,1275,983,FAB,0006-00000824,2627,131,2,1,1,0,1110104000,16,0,0,28000.0
2026,1276,1296,FAB,0006-00000828,2627,131,2,1,1,0,1110104000,16,0,0,6500.0
2026,1277,1304,FAB,0006-00000829,2627,131,2,1,1,0,1110104000,16,0,0,26000.0
2026,1278,1306,FAB,0006-00000830,2627,131,2,1,1,0,1110104000,16,0,0,24100.0
2026,1279,910,FAC,0003-00000366,1810,131,3,3,2,0,1110104000,16,0,0,100000.0
2026,1280,1365,FAC,0003-00000368,1810,131,3,3,3,0,1110104000,16,0,0,200000.0
2026,1281,1116,FAC,0002-00000217,41,110,3,6,9,0,1110105000,50,0,0,1700000.0
2026,1282,1108,FAB,0005-00001960,19,132,2,9,9,0,1110106000,43,0,0,934.0
2026,1282,1108,FAB,0005-00001960,19,132,2,7,5,0,1110106000,43,0,0,12000.0
2026,1283,1263,FAB,0006-00000827,2627,131,2,1,1,0,1110104000,16,0,0,17600.0
2026,1285,1457,FAB,0006-00000831,2627,131,2,1,1,0,1110104000,16,0,0,26000.0
2026,1287,990,FAC,0002-00000052,3534,110,3,4,6,0,1110105000,30,0,0,832000.0
2026,1288,1898,FAB,2024-00000287,50072,110,3,9,9,0,1110117000,34,0,0,47100.0
2026,1289,185,FAC,0001-00000333,3529,132,3,2,1,0,1110109000,48,0,0,400000.0
2026,1291,1903,COM,0000-01300000,50003,110,3,7,2,0,1110105000,30,0,0,180000.0
2026,1292,1713,FAC,0001-00000105,2843,132,5,1,4,0,1110106000,42,0,0,2187500.0
2026,1293,1717,FAB,0006-00000364,2958,131,2,1,1,0,1110104000,16,0,0,310500.0
2026,293,675,FAB,0007-02444123,2969,110,3,1,4,0,1110102000,1,0,0,1134219.27
2026,294,676,FAB,2465-56634916,50002,110,3,1,4,0,1110102000,1,0,0,34065.78
2026,295,275,FAB,0003-00002843,3395,110,2,9,3,0,1110118000,46,0,0,20000.0
2026,295,275,FAB,0003-00002843,3395,110,2,9,6,0,1110118000,46,0,0,315000.0
2026,296,171,FAB,0006-00000818,2627,131,2,1,1,0,1110104000,16,0,0,40800.0
2026,297,203,FAB,0006-00000816,2627,131,2,1,1,0,1110104000,16,0,0,30000.0
2026,298,148,FAB,0006-00000819,2627,131,2,1,1,0,1110104000,16,0,0,33000.0
2026,953,1500,FAB,2022-21900826,50087,110,3,5,5,0,1110102000,1,0,0,636152.19
2026,954,251,FAB,0010-00000545,2869,110,2,1,1,0,1110106000,49,0,0,58980.0
2026,956,158,FAB,0005-00002022,1943,131,3,3,3,0,1110104000,16,0,0,1533696.78
2026,970,1503,FAB,2022-21900827,50087,110,3,5,5,0,1110102000,1,0,0,607269.33
2026,971,1504,FAB,2022-21900828,50087,110,3,5,5,0,1110102000,1,0,0,127732.6
2026,972,251,FAB,0010-00000546,2869,110,2,1,1,0,1110106000,49,0,0,247920.0
2026,973,1509,FAB,0004-00000032,2476,110,3,3,1,0,1110103000,51,71,0,1400000.0
2026,974,1309,FAB,0006-00000006,3011,110,2,7,9,0,1110118000,46,0,0,65340.0
2026,974,1309,FAB,0006-00000006,3011,110,2,9,6,0,1110118000,46,0,0,2940300.0
2026,1149,1671,FAB,2485-56998513,50002,110,3,1,4,0,1110102000,1,0,0,35151.65
2026,1150,1505,FAB,0011-00000706,822,110,2,9,6,0,1110118000,46,0,0,424136.94
2026,1151,1672,FAB,2022-21900837,50087,110,7,5,3,0,1110102000,1,0,0,4759832.56
2026,1154,1673,FAA,0390-00007878,50020,110,3,5,1,0,1110105000,50,0,0,12500.0
2026,1154,1673,FAA,0390-00007879,50020,110,3,5,1,0,1110105000,50,0,0,12500.0
2026,1154,1673,FAA,0390-00007884,50020,110,3,5,1,0,1110105000,50,0,0,14400.0
2026,1154,1673,FAA,0390-00007886,50020,110,3,5,1,0,1110105000,50,0,0,12500.0
2026,1154,1673,FAC,0001-00000392,50020,110,2,7,4,0,1110105000,50,0,0,18000.0
2026,1154,1673,FAA,0390-00007880,50020,110,3,5,1,0,1110105000,50,0,0,12500.0
2026,1154,1673,FAB,0390-00025441,50020,110,3,5,1,0,1110105000,50,0,0,12500.0
2026,1154,1673,FAA,0390-00007877,50020,110,3,5,1,0,1110105000,50,0,0,14400.0
2026,1154,1673,FAA,0390-00007912,50020,110,3,5,1,0,1110105000,50,0,0,14400.0
2026,1154,1673,FAA,0390-00007913,50020,110,3,5,1,0,1110105000,50,0,0,14400.0
2026,1155,1277,FAC,0002-00000174,360,110,3,1,9,0,1110105000,50,0,0,140000.0
2026,1159,1110,FAB,0001-00002311,3324,110,2,1,1,0,1110105000,30,0,0,164735.0
2026,1411,1998,FAB,7004-68677078,50023,132,3,1,3,0,1110102000,33,0,0,41131.59
2026,1411,1998,FAB,7004-68677079,50023,132,3,1,3,0,1110102000,33,0,0,32402.32
2026,1412,1992,FAB,7004-68784185,50023,110,3,1,3,0,1110102000,1,0,0,27541.85
2026,1412,1992,FAB,7004-68784187,50023,110,3,1,3,0,1110102000,1,0,0,32392.29
2026,1412,1992,FAB,7004-68784159,50023,110,3,1,3,0,1110102000,1,0,0,23790.85
2026,1412,1992,FAB,7004-68784163,50023,110,3,1,3,0,1110102000,1,0,0,26800.11
2026,1414,2010,FAB,7004-68784181,50023,110,3,1,3,0,1110106000,24,0,0,24086.19
2026,1414,2010,FAB,7004-68784182,50023,110,3,1,3,0,1110106000,25,0,0,35003.46
2026,1415,2014,FAB,7004-68784183,50023,110,3,1,3,0,1110105000,30,0,0,23420.48
2026,1415,2014,FAB,7004-68784171,50023,110,3,1,3,0,1110105000,50,0,0,24100.58
2026,1415,2014,FAB,7004-68784153,50023,110,3,1,3,0,1110105000,50,0,0,23387.22
2026,1415,2014,FAB,7004-68784143,50023,110,3,1,3,0,1110105000,50,0,0,23380.77
2026,1415,2014,FAB,7004-68784142,50023,110,3,1,3,0,1110105000,50,0,0,23383.5
2026,1415,2014,FAB,7004-68784158,50023,110,3,1,3,0,1110105000,50,0,0,23380.77
2026,1418,2017,FAB,4264-53178415,50036,132,3,1,4,0,1110102000,33,0,0,122860.0
2026,1419,2018,FAB,7004-68784191,50023,132,3,1,3,0,1110105000,50,0,0,24444.19
2026,1420,2019,FAB,7004-68784186,50023,110,3,1,3,0,1110200000,1,0,0,23386.49
2026,1423,2022,FAB,2022-50000061,50070,131,3,5,4,0,1110111000,23,0,0,120487.04
2026,1425,168,FAC,0009-00000113,2538,131,3,3,9,0,1110104000,16,0,0,156000.0
2026,1426,2023,FAB,2022-50000062,50070,110,3,5,4,0,1110102000,1,0,0,16858033.1
2026,1430,2025,FAB,7004-68784169,50023,110,3,1,3,0,1110104000,16,0,0,398473.18
2026,1430,2025,FAB,7004-68784188,50023,110,3,1,3,0,1110104000,16,0,0,138598.0
2026,1430,2025,FAB,7004-68784192,50023,110,3,1,3,0,1110104000,16,0,0,28797.78
2026,1430,2025,FAB,7004-68784193,50023,110,3,1,3,0,1110104000,16,0,0,23471.71
2026,1436,1793,FAC,0001-00000286,3563,110,3,5,9,0,1110105000,50,0,0,500000.0
2026,1431,2025,FAB,7004-68784190,50023,110,3,1,3,0,1110104000,16,0,0,27863.42
2026,1435,2036,FAB,7004-68784167,50023,110,3,1,3,0,1110103000,1,0,0,42011.79
2026,1437,1750,FAB,0006-00000834,2627,131,2,1,1,0,1110104000,16,0,0,36000.0
2026,929,1275,FAC,0002-00000212,3220,110,3,3,2,0,1110113000,42,0,0,440000.0
2026,930,518,FAB,0007-02484755,2969,110,3,6,1,0,1110115000,1,0,0,150000.01
2026,931,1478,COM,2025-10000001,50431,131,5,1,7,0,1110101000,1,0,0,600.0
2026,932,1129,FAC,0002-00000222,685,131,3,3,3,0,1110111000,23,0,0,1275000.0
2026,933,193,FAB,0003-00003646,2973,110,2,5,1,0,1110109000,28,0,0,268300.0
2026,934,1162,FAC,0001-00000033,3441,131,2,1,1,0,1110111000,23,0,0,180000.0
2026,935,1053,FAC,0003-00000197,635,110,3,5,9,0,1110103000,1,0,0,140000.0
2026,936,1096,FAB,0006-00000398,2770,131,4,3,6,0,1110104000,16,0,0,1458500.0
2026,936,1096,FAB,0006-00000398,2770,131,4,3,5,0,1110104000,16,0,0,293000.0
2026,306,95,FAB,0006-00000812,2627,131,2,1,1,0,1110104000,16,0,0,32400.0
2026,307,54,FAB,0011-00005933,3218,132,3,9,3,0,1110105000,50,0,0,94889.98
2026,1333,1904,COM,2026-70960025,50087,131,2,5,6,0,1110104000,16,0,0,1418000.0
2026,1336,375,FAB,0003-00000192,1603,132,2,1,1,0,1110106000,25,0,0,59400.0
2026,1337,1126,FAB,0003-00000197,1603,132,5,1,4,0,1110106000,42,0,0,110000.0
2026,1339,1109,FAB,0003-00000196,1603,132,2,1,1,0,1110106000,43,0,0,66000.0
2026,1341,1320,COM,2024-00002210,50209,131,5,1,7,0,1110101000,1,0,0,155521.19
2026,1342,1949,COM,2026-23610000,50256,131,5,1,7,0,1110101000,1,0,0,358750.0
2026,1351,1951,FAS,0004-68183085,789,110,3,1,3,0,1110108000,29,0,0,23644.98
2026,1351,1951,FAS,0002-00098652,789,110,3,1,1,0,1110108000,29,0,0,147811.12
2026,1351,1951,FAA,0007-00184087,789,110,3,1,4,0,1110108000,29,0,0,30647.93
2026,1351,1951,FAA,0007-00184194,789,110,3,1,4,0,1110108000,29,0,0,30772.18
2026,1351,1951,FAS,0002-00098715,789,110,3,1,1,0,1110108000,29,0,0,233756.1
2026,1351,1951,FAS,0002-00098682,789,110,3,1,1,0,1110108000,29,0,0,132981.41
2026,1351,1951,COM,2026-02000001,789,110,3,3,9,0,1110108000,29,0,0,543589.0
2026,1351,1951,FAS,0119-06578267,789,110,3,1,2,0,1110108000,29,0,0,32330.54
2026,1351,1951,FAS,0005-00551519,789,110,3,1,9,0,1110108000,29,0,0,58548.95
2026,1351,1951,FAS,0004-68183086,789,110,3,1,3,0,1110108000,29,0,0,24065.11
2026,1351,1951,FAS,0119-06578466,789,110,3,1,2,0,1110108000,29,0,0,19250.04
2026,1352,932,FAB,0003-00001796,163,110,2,9,6,0,1110118000,46,0,0,974460.0
2026,1352,932,FAB,0003-00001796,163,110,3,3,3,0,1110118000,46,0,0,942250.0
2026,1353,1645,FAB,0003-00001817,163,110,2,9,6,0,1110118000,46,0,0,624000.0
2026,1353,1645,FAB,0003-00001817,163,110,3,3,2,0,1110118000,46,0,0,652200.0
2026,1355,1251,FAB,0003-00001813,163,110,3,3,2,0,1110118000,48,0,0,1988250.0
2026,1356,933,FAB,0003-00001806,163,131,3,3,3,0,1110111000,23,0,0,7842000.0
2026,1358,1487,FAB,0003-00001815,163,131,3,3,3,0,1110111000,23,0,0,4378030.0
2026,1360,1488,FAB,0003-00001816,163,131,3,3,3,0,1110111000,23,0,0,383250.0
2026,1362,139,FAB,0002-00005478,2334,110,3,4,6,0,1110102000,1,0,0,800065.0
2026,1363,1046,FAB,0011-00006128,3218,132,3,9,3,0,1110105000,50,0,0,97262.26
2026,1161,1697,COM,2025-37160000,50410,110,3,8,3,0,1110117000,34,0,0,64000.0
2026,1169,1700,FAB,2032-00042923,50280,110,3,5,1,0,1110104000,16,0,0,7299.93
2026,1169,1700,FAB,2032-00043452,50280,110,3,5,1,0,1110104000,16,0,0,7299.93
2026,1169,1700,FAB,2032-00042772,50280,110,3,5,1,0,1110104000,16,0,0,7299.93
2026,1169,1700,FAB,2032-00043163,50280,110,3,5,1,0,1110104000,16,0,0,7299.93
2026,1169,1700,FAB,2032-00043388,50280,110,3,5,1,0,1110104000,16,0,0,7299.93
2026,1169,1700,FAC,2002-00000934,50280,110,2,9,6,0,1110104000,16,0,0,95000.0
2026,1169,1700,FAB,2032-00042993,50280,110,3,5,1,0,1110104000,16,0,0,7299.93
2026,1176,1701,FAB,0007-10000065,50280,110,2,9,6,0,1110104000,16,0,0,40000.0
2026,1176,1701,FAC,1002-00000186,50280,110,3,3,1,0,1110104000,16,0,0,120000.0
2026,1176,1701,COM,0000-00020946,50280,110,3,4,9,0,1110104000,16,0,0,59885.0
2026,1176,1701,FAB,0003-00005562,50280,110,2,9,6,0,1110104000,16,0,0,18597.89
2026,1176,1701,TKT,0002-00007804,50280,110,2,2,1,0,1110104000,16,0,0,7800.0
2026,1177,1703,FAC,0001-00000032,50015,110,2,1,1,0,1110106000,24,0,0,30000.0
2026,1177,1703,COM,0000-00010023,50015,110,3,4,9,0,1110106000,1,0,0,24360.0
2026,1178,297,COM,1100-01101114,708,110,3,5,4,0,1110108000,29,0,0,83437.0
2026,1179,297,COM,1100-01101114,708,110,3,5,4,0,1110108000,29,0,0,83437.0
2026,1180,298,COM,1100-01101113,708,110,3,5,4,0,1110106000,24,0,0,2987.0
2026,1181,157,COM,1100-01101112,708,110,3,5,4,0,1110106000,49,0,0,85425.0
2026,1182,150,COM,1100-01101111,708,110,3,5,4,0,1110103000,1,0,0,79411.0
2026,1297,1909,LIQ,9139-94353658,50008,110,1,1,3,0,1110104000,17,0,0,198000.0
2026,1298,1910,LIQ,4000-00013355,50051,110,1,1,6,1,1110104000,17,0,0,23760.0
2026,1299,1911,LIQ,0040-00013351,50052,110,1,1,6,2,1110104000,17,0,0,9504.0
2026,1300,1912,LIQ,9139-94353659,50008,110,1,1,3,0,1110106000,1,0,0,198000.0
2026,1300,1912,LIQ,9139-94353659,50008,110,1,1,3,0,1110106000,24,0,0,494000.0
2026,1301,1913,LIQ,4000-00013356,50051,110,1,1,6,1,1110106000,1,0,0,23760.0
2026,1301,1913,LIQ,4000-00013356,50051,110,1,1,6,1,1110106000,24,0,0,35520.0
2026,1301,1913,LIQ,4000-00013356,50051,110,1,2,5,1,1110106000,24,0,0,23760.0
2026,1302,1914,LIQ,0040-00013352,50052,110,1,1,6,2,1110106000,1,0,0,9504.0
2026,1302,1914,LIQ,0040-00013352,50052,110,1,1,6,2,1110106000,24,0,0,14208.0
2026,1302,1914,LIQ,0040-00013352,50052,110,1,2,5,2,1110106000,24,0,0,9504.0
2026,1303,1915,LIQ,9139-94353660,50008,110,1,1,3,0,1110109000,28,0,0,198000.0
2026,1304,1916,LIQ,4000-00013357,50051,110,1,1,6,1,1110109000,28,0,0,23760.0
2026,1305,1917,LIQ,0040-00013353,50052,110,1,1,6,2,1110109000,28,0,0,9504.0
2026,1306,1918,LIQ,9139-94353661,50008,131,1,1,3,0,1110111000,23,0,0,792000.0
2026,1307,1919,LIQ,4000-00013358,50051,131,1,1,6,1,1110111000,23,0,0,71280.0
2026,1307,1919,LIQ,4000-00013358,50051,131,1,2,5,1,1110111000,23,0,0,23760.0
2026,1308,1920,LIQ,0040-00013354,50052,131,1,1,6,2,1110111000,23,0,0,28512.0
2026,1308,1920,LIQ,0040-00013354,50052,131,1,2,5,2,1110111000,23,0,0,9504.0
2026,1309,1921,LIQ,9139-94353662,50008,110,1,1,3,0,1110118000,35,0,0,396000.0
2026,1310,1922,LIQ,9139-94353663,50008,110,1,1,3,0,1110118000,48,0,0,99000.0
2026,1311,1923,LIQ,4000-00013359,50051,110,1,1,6,1,1110118000,35,0,0,23760.0
2026,1311,1923,LIQ,4000-00013359,50051,110,1,2,5,1,1110118000,35,0,0,23760.0
2026,1312,1924,LIQ,4000-00013360,50051,110,1,2,5,1,1110118000,48,0,0,11880.0
2026,1313,1925,LIQ,0040-00013355,50052,110,1,2,5,2,1110118000,48,0,0,4752.0
2026,1314,1926,LIQ,0040-00013356,50052,110,1,1,6,2,1110118000,35,0,0,9504.0
2026,1314,1926,LIQ,0040-00013356,50052,110,1,2,5,2,1110118000,35,0,0,9504.0
2026,1325,1947,COM,2026-70960020,50087,110,3,5,5,0,1110112000,1,0,0,102960.0
2026,1327,1899,COM,2026-70960021,50087,131,2,5,6,0,1110113000,42,0,0,3000000.0
2026,1328,1900,COM,2026-70960022,50087,132,2,5,6,0,1110106000,24,0,0,250000.0
2026,1330,1901,COM,2026-70960023,50087,110,2,5,6,0,1110101000,1,0,0,200000.0
2026,1331,1902,COM,2026-70960024,50087,131,2,5,6,0,1110111000,23,0,0,280000.0
2026,952,1297,FAB,0005-00001570,2883,131,2,9,5,0,1110104000,16,0,0,209462.06
2026,48,66,FAB,8173-96979394,50031,110,5,1,4,0,1110106000,24,0,0,200000.0
2026,49,63,FAB,2022-00001350,50003,110,3,7,2,0,1110104000,16,0,0,415800.0
2026,50,63,FAB,2022-00001350,50003,110,3,7,2,0,1110104000,16,0,0,37800.0
2026,51,68,FAB,2022-00001351,50003,110,3,7,2,0,1110104000,16,0,0,888300.0
2026,583,1036,COM,2026-58026000,50072,110,3,8,4,0,1110117000,34,0,0,279824.17
2026,584,1037,COM,0000-00000001,51021,110,3,8,4,0,1110117000,34,0,0,344674.64
2026,585,231,FAB,0022-00014436,313,110,2,5,6,0,1110102000,1,0,0,1152683.64
2026,585,231,FAB,0022-00014433,313,110,2,5,6,0,1110102000,1,0,0,639924.01
2026,585,231,FAB,0022-00014435,313,110,2,5,6,0,1110102000,1,0,0,915098.33
2026,585,231,FAB,0022-00014434,313,110,2,5,6,0,1110102000,1,0,0,883475.95
2026,586,258,FAC,0002-00000585,1063,110,3,3,4,0,1110118000,35,0,0,1120000.0
2026,587,570,FAC,0001-00000014,3470,131,3,4,9,0,1110106000,44,0,0,1051196.0
2026,588,515,FAC,0001-00000084,3439,132,3,4,9,0,1110106000,25,0,0,680956.8
2026,589,36,FAB,0003-00006007,441,110,2,3,9,0,1110102000,1,0,0,2420.0
2026,589,36,FAB,0003-00006005,441,110,2,9,2,0,1110102000,1,0,0,10874080.0
2026,589,36,FAB,0003-00006007,441,110,2,3,4,0,1110102000,1,0,0,401000.0
2026,589,36,FAB,0003-00006007,441,110,2,9,1,0,1110102000,1,0,0,401380.0
2026,589,36,FAB,0003-00006006,441,110,2,3,1,0,1110102000,1,0,0,597900.0
2026,589,36,FAB,0003-00006006,441,110,2,3,9,0,1110102000,1,0,0,92580.0
2026,589,36,FAB,0003-00006006,441,110,2,9,9,0,1110102000,1,0,0,424800.0
2026,589,36,FAB,0003-00006005,441,110,2,9,1,0,1110102000,1,0,0,4512920.0
2026,590,637,FAB,0059-00002466,195,110,2,9,3,0,1110113000,42,0,0,307168.55
2026,591,1039,FAC,0002-00000715,1754,110,2,1,1,0,1110118000,46,0,0,21000.0
2026,592,371,FAC,0001-00000101,2843,132,2,1,1,0,1110106000,43,0,0,87000.0
2026,593,868,FAC,0006-00000647,2454,132,4,3,5,0,1110109000,48,0,0,538400.0
2026,594,233,FAB,0022-00014431,313,132,2,5,6,0,1110118000,46,0,0,346678.65
2026,594,233,FAB,0022-00014432,313,132,2,5,6,0,1110118000,46,0,0,219396.69
2026,595,234,FAB,0022-00014430,313,131,2,5,6,0,1110118000,46,0,0,6408164.31
2026,596,232,FAB,0022-00014429,313,132,2,5,6,0,1110118000,46,0,0,5885471.04
2026,597,394,FAB,0022-00014437,313,110,2,5,6,0,1110109000,28,0,0,2037.0
2026,601,298,COM,1100-01101109,708,110,3,5,4,0,1110106000,24,0,0,5247.0
2026,937,3,FAB,0003-00007724,2159,131,3,4,9,0,1110104000,16,0,0,2032800.0
2026,938,47,FAB,0002-00000251,3003,131,3,3,9,0,1110104000,16,0,0,3620000.0
2026,939,919,FAB,0004-00001501,2133,131,3,3,3,0,1110104000,16,0,0,1466327.01
2026,939,919,FAB,0004-00001502,2133,131,3,3,3,0,1110104000,16,0,0,1466327.01
2026,940,921,FAB,0003-00002490,2654,131,3,5,9,0,1110104000,16,0,0,442220.0
2026,943,217,FAB,0003-00002462,2654,110,3,5,9,0,1110104000,16,0,0,360439.95
2026,944,1154,FAB,0005-00001401,2883,131,2,9,9,0,1110104000,16,0,0,144428.6
2026,945,1153,FAB,0005-00001414,2883,131,2,9,5,0,1110104000,16,0,0,71547.3
2026,946,1155,FAB,0005-00001359,2883,131,2,9,5,0,1110104000,16,0,0,580875.9
2026,947,97,FAB,0005-00001509,2883,131,2,9,5,0,1110104000,16,0,0,149230.14
2026,948,380,FAB,0005-00001525,2883,131,2,5,2,0,1110104000,16,0,0,76302.6
2026,948,380,FAB,0005-00001525,2883,131,2,9,5,0,1110104000,16,0,0,45556.5
2026,949,562,FAB,0005-00001532,2883,131,2,9,5,0,1110104000,16,0,0,689051.4
2026,949,562,FAB,0005-00001532,2883,131,2,5,2,0,1110104000,16,0,0,12305.7
2026,949,562,FAB,0005-00001532,2883,131,2,5,7,0,1110104000,16,0,0,61398.0
2026,951,794,FAB,0005-00001533,2883,131,2,9,5,0,1110104000,16,0,0,428728.0
2026,951,794,FAB,0005-00001533,2883,131,2,5,2,0,1110104000,16,0,0,42495.48
2026,289,225,FAC,0002-00000059,3145,132,2,9,9,0,1110105000,50,0,0,371999.0
2026,290,126,FAB,0004-00000569,1494,131,3,5,9,0,1110104000,16,0,0,180000.0
2026,291,239,FAC,0002-00000324,2490,131,3,2,2,0,1110104000,16,0,0,26000.0
2026,291,239,FAC,0002-00000324,2490,131,2,1,1,0,1110104000,16,0,0,261000.0
2026,292,674,FAB,0004-00016159,1524,131,2,9,5,0,1110104000,16,0,0,324500.0
2026,752,1125,FAB,0001-00000094,3390,131,2,1,1,0,1110104000,16,0,0,849700.0
2026,759,1240,FAB,2503-15868471,50002,110,3,1,4,0,1110102000,1,0,0,42134.0
2026,763,1242,FAB,3108-03153559,50002,110,3,1,4,0,1110102000,1,0,0,28324.89
2026,763,1242,FAB,3108-03153555,50002,110,3,1,4,0,1110102000,1,0,0,28324.89
2026,763,1242,FAB,3108-03153558,50002,110,3,1,4,0,1110102000,1,0,0,620740.32
2026,763,1242,FAB,3108-03153556,50002,110,3,1,4,0,1110102000,1,0,0,28324.89
2026,763,1242,FAB,3108-03154803,50002,110,3,1,4,0,1110102000,1,0,0,28581.14
2026,763,1242,FAB,3108-03154802,50002,110,3,1,4,0,1110102000,1,0,0,28324.89
2026,763,1242,FAB,3108-03153557,50002,110,3,1,4,0,1110102000,1,0,0,44497.75
2026,763,1242,FAB,3108-03157073,50002,110,3,1,4,0,1110102000,1,0,0,37497.91
2026,765,561,COM,1100-11000002,1809,110,3,5,4,0,1110109000,28,0,0,39384.0
2026,766,147,COM,1100-11000003,1809,110,3,5,4,0,1110106000,24,0,0,83430.0
2026,979,298,COM,1100-01101110,708,110,3,5,4,0,1110106000,24,0,0,2987.0
2026,980,298,COM,1100-01101110,708,110,3,5,4,0,1110106000,24,0,0,2987.0
2026,983,41,FAB,0003-00011476,850,131,3,2,9,0,1110104000,16,0,0,552552.0
2026,985,42,FAB,0003-00011475,850,131,3,2,9,0,1110104000,16,0,0,382536.0
2026,987,304,FAB,0003-00011554,850,131,2,9,5,0,1110104000,16,0,0,87158.44
2026,987,304,FAB,0003-00011554,850,131,2,5,2,0,1110104000,16,0,0,3630460.25
2026,988,379,FAB,0003-00011555,850,131,2,3,4,0,1110104000,16,0,0,36372.89
2026,988,379,FAB,0003-00011555,850,131,2,5,2,0,1110104000,16,0,0,1593778.72
2026,990,351,FAB,0003-00011553,850,131,2,5,2,0,1110104000,16,0,0,1723517.86
2026,1101,43,FAB,0003-00011473,850,131,3,2,9,0,1110104000,16,0,0,533456.0
2026,1102,44,FAB,0003-00011474,850,131,3,2,9,0,1110104000,16,0,0,407331.0
2026,1103,795,FAB,0003-00011629,850,131,2,5,2,0,1110104000,16,0,0,2932446.16
2026,1108,628,FAB,0003-00011627,850,131,2,5,2,0,1110104000,16,0,0,3014545.68
2026,1109,579,FAB,0003-00011592,850,131,3,2,9,0,1110104000,16,0,0,420790.0
2026,1110,578,FAB,0003-00011591,850,131,3,2,9,0,1110104000,16,0,0,448065.0
2026,1111,577,FAB,0003-00011590,850,131,3,2,9,0,1110104000,16,0,0,586802.0
2026,1113,576,FAB,0003-00011593,850,131,3,2,9,0,1110104000,16,0,0,607807.0
2026,1115,629,FAB,0003-00011628,850,131,2,5,2,0,1110104000,16,0,0,580578.24
2026,1116,649,FAB,0003-00011626,850,131,2,9,5,0,1110104000,16,0,0,130289.0
2026,1116,649,FAB,0003-00011626,850,131,2,5,2,0,1110104000,16,0,0,1016797.56
2026,955,1479,FAC,0003-00000323,2548,132,5,1,4,0,1110106000,42,0,0,200000.0
2026,957,1480,FAB,0010-00000548,2869,131,2,1,1,0,1110104000,16,0,0,1310844.0
2026,958,1482,FAB,0010-00000550,2869,131,2,1,1,0,1110104000,16,0,0,1035798.99
2026,959,205,FAB,0002-00008870,1440,131,2,5,2,0,1110104000,16,0,0,5797485.0
2026,960,440,FAB,0002-00008901,1440,131,2,5,2,0,1110104000,16,0,0,3553530.0
2026,961,478,FAB,0002-00008920,1440,131,3,3,3,0,1110104000,16,0,0,3775200.0
2026,962,871,FAB,0002-00008932,1440,131,2,9,9,0,1110104000,16,0,0,563002.0
2026,962,871,FAB,0002-00008932,1440,131,2,5,2,0,1110104000,16,0,0,130595.0
2026,962,871,FAB,0002-00008932,1440,131,2,9,5,0,1110104000,16,0,0,2549041.0
2026,962,871,FAB,0002-00008932,1440,131,2,3,4,0,1110104000,16,0,0,999731.0
2026,963,402,FAB,0011-00074205,866,131,2,5,2,0,1110104000,16,0,0,1199527.4
2026,963,402,FAB,0011-00074206,866,131,2,5,2,0,1110104000,16,0,0,1915056.22
2026,963,402,FAB,0011-00074208,866,131,2,5,2,0,1110104000,16,0,0,559894.4
2026,963,402,FAB,0011-00074203,866,131,2,9,5,0,1110104000,16,0,0,156193.38
2026,963,402,FAB,0011-00074204,866,131,2,9,9,0,1110104000,16,0,0,226630.0
2026,963,402,FAB,0011-00074204,866,131,2,5,7,0,1110104000,16,0,0,41850.0
2026,963,402,FAB,0011-00074203,866,131,2,5,2,0,1110104000,16,0,0,569431.62
2026,963,402,FAB,0011-00074204,866,131,2,9,5,0,1110104000,16,0,0,346446.52
2026,963,402,FAB,0011-00074204,866,131,2,5,9,0,1110104000,16,0,0,28407.48
2026,963,402,FAB,0011-00074207,866,131,2,5,2,0,1110104000,16,0,0,956466.6
2026,964,902,FAB,0011-00074416,866,131,2,5,2,0,1110104000,16,0,0,3084855.45
2026,964,902,FAB,0011-00074417,866,131,2,5,2,0,1110104000,16,0,0,2567799.8
2026,964,902,FAB,0011-00074417,866,131,2,9,9,0,1110104000,16,0,0,27051.9
2026,964,902,FAB,0011-00074417,866,131,2,9,5,0,1110104000,16,0,0,537704.0
2026,965,291,FAB,0100-00027819,285,131,2,5,2,0,1110104000,16,0,0,70455.66
2026,966,658,FAB,0011-00044481,1876,131,2,5,2,0,1110104000,16,0,0,902871.4
2026,966,658,FAB,0011-00044481,1876,131,2,9,5,0,1110104000,16,0,0,2219103.12
2026,967,1484,FAB,0010-00000549,2869,132,2,1,1,0,1110106000,43,0,0,17990.0
2026,968,1494,FAB,0010-00000551,2869,131,2,1,1,0,1110104000,16,0,0,1081796.0
2026,969,1483,FAB,0010-00000547,2869,131,2,1,1,0,1110104000,16,0,0,1780668.0
2026,1294,897,FAC,0002-00000460,2421,131,3,2,1,0,1110111000,23,0,0,100000.0
2026,1295,656,FAB,0008-00000085,17,110,3,3,3,0,1110118000,35,0,0,162000.0
2026,1295,656,FAB,0008-00000085,17,110,2,5,6,0,1110118000,35,0,0,90000.0
2026,1295,656,FAB,0008-00000085,17,110,2,9,6,0,1110118000,35,0,0,28000.0
2026,1295,656,FAB,0008-00000085,17,110,2,9,9,0,1110118000,35,0,0,45000.0
2026,1296,152,FAB,0008-00000083,17,110,2,9,6,0,1110109000,28,0,0,139000.0
2026,1296,152,FAB,0008-00000083,17,110,2,4,3,0,1110109000,28,0,0,171000.0
2026,1315,267,FAB,0008-00000084,17,110,2,5,6,0,1110118000,46,0,0,185000.0
2026,1315,267,FAB,0008-00000084,17,110,2,7,5,0,1110118000,46,0,0,28000.0
2026,1315,267,FAB,0008-00000084,17,110,3,3,3,0,1110118000,46,0,0,31000.0
2026,1315,267,FAB,0008-00000084,17,110,2,9,9,0,1110118000,46,0,0,45000.0
2026,1315,267,FAB,0008-00000084,17,110,2,9,6,0,1110118000,46,0,0,52600.0
2026,1316,125,FAB,0008-00000080,17,110,2,5,1,0,1110118000,35,0,0,30000.0
2026,1316,125,FAB,0008-00000080,17,110,2,5,6,0,1110118000,35,0,0,105000.0
2026,1316,125,FAB,0008-00000080,17,110,2,9,6,0,1110118000,35,0,0,253000.0
2026,1316,125,FAB,0008-00000080,17,110,2,9,9,0,1110118000,35,0,0,90000.0
2026,1316,125,FAB,0008-00000080,17,110,3,3,3,0,1110118000,35,0,0,30000.0
2026,1316,125,FAB,0008-00000080,17,110,2,4,2,0,1110118000,35,0,0,28000.0
2026,1317,124,FAB,0008-00000081,17,110,3,3,9,0,1110118000,35,0,0,9000.0
2026,1317,124,FAB,0008-00000081,17,110,2,5,6,0,1110118000,35,0,0,212000.0
2026,1317,124,FAB,0008-00000081,17,110,2,9,9,0,1110118000,35,0,0,135000.0
2026,1317,124,FAB,0008-00000081,17,110,2,7,9,0,1110118000,35,0,0,28000.0
2026,1317,124,FAB,0008-00000081,17,110,2,9,6,0,1110118000,35,0,0,342500.0
2026,1318,892,FAB,0008-00000086,17,110,2,5,6,0,1110118000,35,0,0,128000.0
2026,1318,892,FAB,0008-00000086,17,110,2,9,9,0,1110118000,35,0,0,180000.0
2026,1318,892,FAB,0008-00000086,17,110,2,7,9,0,1110118000,35,0,0,64000.0
2026,1318,892,FAB,0008-00000086,17,110,2,9,6,0,1110118000,35,0,0,301200.0
2026,1319,653,FAB,0008-00000089,17,110,2,9,3,0,1110109000,28,0,0,31000.0
2026,1319,653,FAB,0008-00000089,17,110,2,9,6,0,1110109000,28,0,0,90000.0
2026,1319,653,FAB,0008-00000089,17,110,2,7,9,0,1110109000,28,0,0,5000.0
2026,1319,653,FAB,0008-00000089,17,110,2,5,6,0,1110109000,28,0,0,34500.0
2026,1320,166,FAB,0006-00001013,17,110,2,9,6,0,1110113000,42,0,0,52000.0
2026,1321,1018,FAC,0004-00000476,1936,131,2,2,2,0,1110104000,16,0,0,2100000.0
2026,1322,82,FAB,0006-00001012,17,110,2,9,6,0,1110118000,45,0,0,60200.0
2026,1322,82,FAB,0006-00001012,17,110,2,5,6,0,1110118000,45,0,0,40000.0
2026,1323,1946,FAB,2512-17054302,50002,110,3,1,4,0,1110102000,1,0,0,58760.42
2026,1324,1235,FAC,0002-00000034,1995,110,3,3,9,0,1110113000,42,0,0,337800.0
2026,1326,1445,FAC,0003-00000182,1962,110,2,9,9,0,1110102000,1,0,0,140000.0
2026,1329,1097,FAC,0002-00000429,2110,110,3,6,1,0,1110108000,29,0,0,70000.0
2026,1332,1854,FAB,0003-00000966,2643,110,3,7,1,0,1110102000,1,0,0,172800.0
2026,1334,1506,FAC,0002-00000437,2110,110,3,3,6,0,1110113000,42,0,0,225000.0
2026,1335,1102,FAC,0002-00000513,2365,110,2,1,1,0,1110105000,30,0,0,440000.0
2026,1338,1132,FAB,0003-00001955,3296,132,2,5,5,0,1110106000,43,0,0,62920.0
2026,1340,218,FAB,0003-00004331,875,110,2,3,5,0,1110102000,1,0,0,18000.0
2026,1343,77,FAB,0003-00004337,875,110,3,5,3,0,1110102000,1,0,0,18000.0
2026,1344,241,FAC,0002-00000325,2490,110,2,1,1,0,1110118000,35,0,0,49500.0
2026,1345,967,FAC,0002-00000336,2490,110,2,1,1,0,1110118000,35,0,0,22500.0
2026,1346,1045,FAC,0002-00000189,2109,110,3,4,6,0,1110112000,1,0,0,40000.0
2026,1347,1515,FAC,0002-00005244,2334,110,3,4,6,0,1110102000,1,0,0,70309.0
2026,1347,1515,FAB,0002-00005243,2334,110,3,4,6,0,1110102000,1,0,0,606110.0
2026,1348,139,FAB,0002-00005441,2334,110,3,4,6,0,1110102000,1,0,0,800065.0
2026,1349,1514,FAB,0002-00005281,2334,110,3,4,6,0,1110102000,1,0,0,118191.0
2026,1349,1514,FAB,0002-00005280,2334,110,3,4,6,0,1110102000,1,0,0,606110.0
2026,1350,1950,FAB,0006-00000040,3012,110,3,4,6,0,1110102000,1,0,0,876963.6
2026,1350,1950,FAB,0006-00000035,3012,110,3,4,6,0,1110102000,1,0,0,904754.7
2026,1354,1414,FAB,0006-00002966,3075,110,2,5,4,0,1110112000,1,0,0,101030.16
2026,1354,1414,FAB,0006-00002966,3075,110,2,9,1,0,1110112000,1,0,0,975993.06
2026,1354,1414,FAB,0006-00002966,3075,110,2,9,9,0,1110112000,1,0,0,7667.4
2026,1357,1006,FAB,0030-00001827,1514,132,2,5,6,0,1110118000,48,0,0,2439000.0
2026,1359,623,FAB,0030-00001821,1514,132,2,5,6,0,1110118000,48,0,0,4700898.0
2026,1361,543,FAB,0030-00001820,1514,131,2,5,6,0,1110111000,23,0,0,11277000.0
2026,1364,1954,FAB,0003-00004555,50448,110,3,5,1,0,1110109000,28,0,0,85700.0
2026,1364,1954,TKT,0000-00143415,50448,110,2,5,6,0,1110109000,28,0,0,24999.95
2026,1364,1954,FAC,0002-00000689,50448,110,3,2,9,0,1110109000,28,0,0,78000.0
2026,1364,1954,TKT,0009-00097248,50448,110,3,7,9,0,1110109000,28,0,0,25000.0
2026,1364,1954,FAC,0004-00000025,50448,110,3,5,9,0,1110109000,28,0,0,75000.0
2026,913,953,FAC,0001-00000104,2843,132,5,1,4,0,1110106000,42,0,0,384000.0
2026,914,1038,FAB,0005-00000895,2450,110,2,1,1,0,1110109000,28,0,0,240000.0
2026,915,1436,FAB,2024-00000284,50072,110,3,8,9,0,1110117000,34,0,0,8734.2
2026,919,1439,FAB,2018-20092056,50431,131,5,1,7,0,1110101000,1,0,0,1199037.25
2026,921,1442,FAB,2018-20092057,50431,131,5,1,7,0,1110101000,1,0,0,1031742.75
2026,923,971,FAC,0006-00000235,717,131,2,1,1,0,1110104000,16,0,0,370500.0
2026,924,1444,FAB,2018-20092058,50431,131,5,1,7,0,1110101000,1,0,0,936783.0
2026,928,1453,FAB,8173-96979401,50031,110,5,1,4,0,1110106000,24,0,0,100000.0
2026,28,2,FAB,0000-00000273,50063,110,3,5,5,0,1110102000,1,0,0,15037.88
2026,510,814,FAB,0004-00002183,2299,110,4,3,7,0,1110112000,1,0,0,280000.0
2026,511,180,FAC,0002-00000580,167,131,2,1,1,0,1110104000,16,0,0,324575.0
2026,513,481,FAC,0002-00000584,167,131,2,1,1,0,1110104000,16,0,0,419470.0
2026,514,598,FAC,0003-00000368,2584,110,3,5,3,0,1110102000,1,0,0,80000.0
2026,515,129,FAC,0002-00000072,1626,110,2,9,3,0,1110118000,35,0,0,464000.0
2026,516,920,COM,2455-25227260,50410,110,3,8,4,0,1110117000,34,0,0,102000.0
2026,517,923,FAB,0005-00006953,1586,132,4,3,9,0,1110106000,42,0,0,77492.41
2026,518,945,LIQ,9139-94353585,50008,110,1,1,3,0,1110108000,29,0,0,300000.0
2026,519,946,LIQ,4000-00013308,50051,110,1,1,6,1,1110108000,29,0,0,36000.0
2026,520,947,LIQ,0040-00013303,50052,110,1,1,6,2,1110108000,29,0,0,14400.0
2026,521,948,LIQ,9139-94353586,50008,110,1,1,7,0,1110117000,34,0,0,21069.04
2026,521,948,LIQ,9139-94353586,50008,110,1,2,1,0,1110117000,34,0,0,273897.52
2026,522,949,LIQ,4000-00013309,50051,110,1,2,5,1,1110117000,34,0,0,32867.7
2026,523,950,LIQ,0040-00013304,50052,110,1,2,5,2,1110117000,34,0,0,13147.08
2026,555,680,FAB,0006-00004198,3322,131,2,9,1,0,1110104000,16,0,0,990272.57
2026,555,680,FAB,0006-00004198,3322,131,2,3,4,0,1110104000,16,0,0,315595.22
2026,556,630,FAB,0006-00004186,3322,131,2,3,4,0,1110104000,16,0,0,49816.16
2026,556,630,FAB,0006-00004186,3322,131,2,9,1,0,1110104000,16,0,0,400610.61
2026,556,630,FAB,0006-00004186,3322,131,2,5,4,0,1110104000,16,0,0,17790.76
2026,557,631,FAB,0006-00004187,3322,131,2,3,4,0,1110104000,16,0,0,17089.74
2026,557,631,FAB,0006-00004187,3322,131,2,9,1,0,1110104000,16,0,0,765349.96
2026,558,127,FAC,0003-00001303,436,110,2,4,4,0,1110118000,46,0,0,2050000.0
2026,559,308,FAC,0002-00000024,3270,110,3,3,9,0,1110118000,45,0,0,120000.0
2026,644,1088,FAB,2024-00000282,50072,110,3,8,9,0,1110117000,34,0,0,8496.3
2026,645,1089,FAB,0004-00002196,50014,110,3,4,5,0,1110102000,1,0,0,87861.99
2026,645,1089,FAB,0004-00002196,50014,110,2,1,1,0,1110102000,1,0,0,9000.0
2026,646,1090,FAB,7016-54035906,50023,132,3,1,3,0,1110102000,33,0,0,27468.52
2026,648,1100,FAB,1001-00468826,193,110,3,1,1,0,1110103000,1,0,0,11725214.93
2026,649,110,FAB,0010-00011538,2330,110,2,5,6,0,1110102000,1,0,0,207435.12
2026,650,107,FAB,0002-00003842,1765,110,3,4,9,0,1110102000,1,0,0,240000.0
2026,651,1104,FAB,0000-00000040,50162,110,3,8,3,0,1110102000,1,0,0,49835.0
2026,652,1119,LIQ,9139-94353587,50008,110,1,1,3,0,1110104000,16,0,0,32102.84
2026,653,1120,LIQ,9139-94353588,50008,132,1,1,7,0,1110105000,50,0,0,1150.0
2026,653,1120,LIQ,9139-94353588,50008,132,1,2,1,0,1110105000,50,0,0,1167480.0
2026,653,1120,LIQ,9139-94353588,50008,132,1,2,6,0,1110105000,50,0,0,7500.0
2026,654,1121,LIQ,4000-00013310,50051,132,1,2,5,1,1110105000,50,0,0,140097.6
2026,655,1122,LIQ,0040-00013305,50052,132,1,2,5,2,1110105000,50,0,0,56039.04
2026,656,1123,LIQ,9139-94353589,50008,110,1,1,7,0,1110113000,42,0,0,56035.28
2026,657,8,FAC,0002-00000161,174,110,2,3,4,0,1110101000,1,0,0,196800.0
2026,704,1161,COM,2026-00000346,50031,110,5,1,4,0,1110106000,24,0,0,50000.0
2026,1390,119,FAB,0003-00000672,413,110,2,4,4,0,1110118000,46,0,0,1390000.0
2026,1391,259,FAB,0003-00000670,413,131,2,4,4,0,1110111000,23,0,0,263000.0
2026,1392,1367,FAB,0003-00000676,413,131,2,9,6,0,1110104000,16,0,0,170000.0
2026,1393,479,FAB,0003-00000673,413,131,2,9,6,0,1110104000,16,0,0,500000.0
2026,1394,159,FAB,0003-00000669,413,131,3,3,2,0,1110104000,16,0,0,40000.0
2026,1395,1489,FAB,0003-00000679,413,131,2,4,4,0,1110104000,16,0,0,16000.0
2026,1396,1353,FAB,0003-00000677,413,110,2,4,4,0,1110101000,1,0,0,8000.0
2026,1397,1225,FAB,0003-00000675,413,110,2,4,4,0,1110118000,46,0,0,534000.0
2026,1400,1452,FAB,0003-00000678,413,131,2,4,4,0,1110111000,23,0,0,422000.0
2026,1400,1452,FAB,0003-00000678,413,131,2,9,6,0,1110111000,23,0,0,687600.0
2026,1402,1982,FAC,0003-00000117,1394,110,3,4,9,0,1110105000,30,0,0,10000000.0
2026,1403,1983,FAB,2018-18242086,2525,131,5,1,7,0,1110113000,47,0,0,10324295.76
2026,1404,1984,LIQ,9139-94353684,50008,110,1,3,1,0,1110108000,29,0,0,239143.51
2026,1405,1985,LIQ,9139-94353685,50008,110,1,3,1,0,1110112000,1,0,0,261000.35
2026,1408,1983,FAB,2018-18242086,2525,131,5,1,7,0,1110113000,47,0,0,10324295.76
2026,1409,1988,FAB,4264-53178415,50036,110,3,1,4,0,1110102000,33,0,0,122860.0
2026,1410,1991,FAC,0001-00007268,50449,110,2,3,4,0,1110113000,1,0,0,11800.0
2026,1410,1991,FAB,0004-00000575,50449,110,3,5,1,0,1110113000,1,0,0,35000.0
2026,1410,1991,FAB,9061-00027712,50449,110,3,5,1,0,1110113000,1,0,0,21000.0
2026,31,6,FAB,4264-52939440,50036,132,3,1,4,0,1110102000,33,0,0,116420.0
2026,236,246,COM,1240-00001101,33,131,3,5,4,0,1110111000,23,0,0,1602030.0
2026,237,507,COM,1240-00001102,33,110,3,5,4,0,1110106000,25,0,0,2221.58
2026,238,342,COM,1240-00001103,33,110,3,5,4,0,1110118000,35,0,0,408524.98
2026,239,385,COM,1240-00001104,33,110,3,5,4,0,1110103000,1,0,0,1004493.42
2026,240,287,COM,1240-00001105,33,110,3,5,4,0,1110104000,16,0,0,25861604.6
2026,242,499,COM,1240-00001106,33,110,3,5,4,0,1110113000,32,0,0,198252.0
2026,245,236,TKT,0021-00100640,5,131,2,1,1,0,1110111000,23,0,0,1750.0
2026,246,393,TKT,0016-00366428,5,132,2,1,1,0,1110106000,24,0,0,39975.0
2026,247,235,TKT,0020-00218136,5,131,2,1,1,0,1110104000,16,0,0,68100.0
2026,248,600,FAB,2018-18242080,2525,110,5,1,7,0,1110102000,1,0,0,3000000.0
2026,249,602,FAB,2018-18242082,2525,131,5,1,7,0,1110113000,47,0,0,848618.27
2026,250,604,FAB,2022-00001354,50003,110,3,7,2,0,1110118000,35,0,0,360000.0
2026,251,605,FAB,2022-00001355,50003,110,3,7,2,0,1110113000,1,0,0,90000.0
2026,252,606,FAB,2022-00001356,50003,110,3,7,2,0,1110112000,1,0,0,90000.0
2026,254,272,FAC,0003-00000442,295,131,4,3,1,0,1110104000,16,0,0,600000.0
2026,299,106,FAB,0006-00000813,2627,131,2,1,1,0,1110104000,16,0,0,18000.0
2026,300,588,FAB,0006-00000820,2627,131,2,1,1,0,1110104000,16,0,0,52000.0
2026,301,592,FAB,0006-00000821,2627,131,2,1,1,0,1110104000,16,0,0,33000.0
2026,302,96,FAB,0006-00000811,2627,131,2,1,1,0,1110104000,16,0,0,69000.0
2026,303,172,FAB,0006-00000815,2627,131,2,1,1,0,1110104000,16,0,0,32500.0
2026,304,181,FAB,0006-00000814,2627,131,2,1,1,0,1110104000,16,0,0,33000.0
2026,305,206,FAB,0006-00000817,2627,131,2,1,1,0,1110104000,16,0,0,18000.0
2026,234,500,FAB,2024-00000282,50072,110,3,8,9,0,1110102000,1,0,0,1565987.17
2026,235,503,FAB,0000-00000002,51093,110,3,4,9,0,1110117000,34,0,0,2653443.76
2026,241,508,FAB,8173-96979397,50031,110,5,1,4,0,1110106000,24,0,0,100000.0
2026,244,541,COM,1000-10000000,50031,110,5,1,4,0,1110105000,50,0,0,300000.0
2026,659,1134,FAC,0400-09165167,51096,110,3,8,3,0,1110102000,1,0,0,49835.0
2026,662,299,COM,1111-00000002,2549,110,3,5,4,0,1110108000,29,0,0,250593.0
2026,666,1058,FAB,0010-00011541,2330,131,2,5,6,0,1110104000,16,0,0,250346.85
2026,668,791,FAB,0010-00000544,2869,131,2,1,1,0,1110104000,16,0,0,1508300.99
2026,673,65,FAC,0002-00000024,3426,131,3,4,2,0,1110104000,16,0,0,5750000.0
2026,674,987,FAB,0006-00004232,3322,131,2,9,1,0,1110104000,16,0,0,1823670.27
2026,674,987,FAB,0006-00004232,3322,131,2,5,4,0,1110104000,16,0,0,135744.39
2026,675,963,FAB,0006-00004233,3322,131,2,3,4,0,1110104000,16,0,0,53784.48
2026,675,963,FAB,0006-00004233,3322,131,2,9,1,0,1110104000,16,0,0,594562.08
2026,677,998,FAB,0006-00004245,3322,131,2,9,1,0,1110104000,16,0,0,1214734.66
2026,678,936,FAB,0006-00004225,3322,131,2,9,1,0,1110104000,16,0,0,1152274.85
2026,678,936,FAB,0006-00004225,3322,131,2,3,4,0,1110104000,16,0,0,155447.95
2026,679,958,FAB,0006-00004226,3322,131,2,5,4,0,1110104000,16,0,0,7421.92
2026,679,958,FAB,0006-00004226,3322,131,2,3,4,0,1110104000,16,0,0,23044.21
2026,679,958,FAB,0006-00004226,3322,131,2,9,1,0,1110104000,16,0,0,185481.78
2026,681,1011,FAB,0006-00004246,3322,131,2,3,4,0,1110104000,16,0,0,99632.29
2026,681,1011,FAB,0006-00004246,3322,131,2,3,9,0,1110104000,16,0,0,144382.0
2026,681,1011,FAB,0006-00004246,3322,131,2,9,1,0,1110104000,16,0,0,84088.37
2026,685,523,FAC,0002-00000768,2513,110,3,6,1,0,1110115000,1,0,0,150000.0
2026,686,522,FAC,0001-00000035,3445,110,3,6,1,0,1110115000,1,0,0,65000.0
2026,687,490,FAC,0002-00000172,53,110,3,6,1,0,1110115000,1,0,0,90000.0
2026,688,494,FAC,0002-00001919,2308,110,3,6,1,0,1110115000,1,0,0,65000.0
2026,690,1050,FAC,0003-00001864,400,110,3,6,1,0,1110115000,1,0,0,90000.0
2026,691,485,FAC,0002-00000300,2107,110,3,6,1,0,1110115000,1,0,0,150000.0
2026,692,496,FAC,0002-00000728,2309,110,3,6,1,0,1110115000,1,0,0,50000.0
2026,693,488,FAC,0003-00000373,2584,110,3,6,1,0,1110115000,1,0,0,100000.0
2026,694,493,FAC,0005-00000467,1101,110,3,6,1,0,1110115000,1,0,0,150000.0
2026,824,1350,COM,2025-12121028,50261,131,5,1,7,0,1110101000,1,0,0,135741.0
2026,1148,1670,LIQ,9139-94353657,50008,110,1,1,3,0,1110104000,16,0,0,347451.79
2026,1416,1637,FAB,0006-00000802,3177,110,3,4,6,0,1110105000,50,0,0,92552.9
2026,1417,438,FAB,0005-00009826,2770,110,2,9,3,0,1110117000,34,0,0,36000.0
2026,1421,2021,COM,2026-52700000,50031,110,5,1,4,0,1110106000,24,0,0,50000.0
2026,1422,1279,FAB,0006-00009403,2770,110,2,9,6,0,1110113000,42,0,0,47400.0
2026,1424,1485,FAB,0002-00000709,3287,110,2,3,9,0,1110109000,28,0,0,207500.0
2026,1424,1485,FAB,0002-00000709,3287,110,2,9,2,0,1110109000,28,0,0,218500.0
2026,1427,1055,FAB,0327-00012985,141,131,2,9,9,0,1110104000,16,0,0,4000.0
2026,1427,1055,FAB,0327-00012985,141,131,2,6,5,0,1110104000,16,0,0,227527.0
2026,1427,1055,FAB,0327-00012985,141,131,2,7,9,0,1110104000,16,0,0,6120.0
2026,1427,1055,FAB,0327-00012985,141,131,2,5,8,0,1110104000,16,0,0,4080.0
2026,1427,1055,FAB,0327-00012985,141,131,2,5,9,0,1110104000,16,0,0,126781.33
2026,1428,2024,FAB,0629-55798935,50012,110,3,7,9,0,1110101000,1,0,0,2727.49
2026,1428,2024,FAB,0008-00066999,50012,110,2,5,6,0,1110101000,1,0,0,119025.0
2026,1428,2024,FAB,5005-31062228,50012,110,3,7,9,0,1110101000,1,0,0,13225.63
2026,1428,2024,FAB,0050-39618066,50012,110,3,7,9,0,1110101000,1,0,0,49318.01
2026,1428,2024,FAB,5005-31055417,50012,110,3,7,9,0,1110101000,1,0,0,13497.22
2026,1428,2024,TKT,6511-00327921,50012,110,3,7,9,0,1110101000,1,0,0,14000.0
2026,1429,2026,COM,2026-42742800,2525,131,5,1,7,0,1110113000,47,0,0,7739132.61
2026,1432,2037,FAB,2503-16014959,50002,110,3,1,4,0,1110102000,1,0,0,43567.08
2026,1433,274,COM,0000-01200002,1489,131,3,5,4,0,1110104000,16,0,0,1641008.0
2026,1434,274,COM,0000-01200002,1489,131,3,5,4,0,1110104000,16,0,0,1641008.0
2026,161,387,FAB,2503-15539535,50002,110,3,1,4,0,1110102000,1,0,0,40841.06
2026,162,388,FAB,5490-32016702,707,131,3,5,4,0,1110111000,23,0,0,12480.0
2026,163,389,FAB,5490-32016703,707,110,3,5,4,0,1110102000,1,0,0,996752.9
2026,166,392,FAB,0000-00000275,50063,110,3,5,5,0,1110112000,1,0,0,578118.5
2026,275,652,FAA,0004-67197731,789,110,3,1,3,0,1110108000,29,0,0,79727.59
2026,275,652,FAS,0119-03076942,789,110,3,1,2,0,1110108000,29,0,0,17729.11
2026,275,652,FAS,0119-03076743,789,110,3,1,2,0,1110108000,29,0,0,29777.18
2026,275,652,FAA,0007-00177205,789,110,3,1,4,0,1110108000,29,0,0,29021.07
2026,275,652,FAA,0002-00095734,789,110,3,1,1,0,1110108000,29,0,0,30682.97
2026,275,652,FAA,0005-00544823,789,110,3,1,9,0,1110108000,29,0,0,53100.05
2026,275,652,FAA,0004-67197732,789,110,3,1,3,0,1110108000,29,0,0,103775.5
2026,275,652,COM,0000-10250000,789,110,3,3,9,0,1110108000,29,0,0,537751.0
2026,275,652,FAA,0002-00095706,789,110,3,1,1,0,1110108000,29,0,0,161744.53
2026,275,652,FAA,0007-00177182,789,110,3,1,4,0,1110108000,29,0,0,29021.07
2026,275,652,FAA,0002-00095717,789,110,3,1,1,0,1110108000,29,0,0,166252.79
2026,276,659,COM,2026-08300000,50154,110,1,5,0,0,1110104000,16,0,0,58800.0
2026,277,660,COM,2026-01202500,50087,110,3,5,5,0,1110112000,1,0,0,1746675.72
2026,278,661,FAB,0002-02015922,50929,110,3,4,6,0,1110115000,1,0,0,165600.0
2026,705,1164,LIQ,9139-94353590,50008,110,1,3,1,0,1110102000,1,0,0,1798221.39
2026,706,1165,LIQ,9139-94353591,50008,110,1,3,1,0,1110102000,52,0,0,131547.51
2026,707,1166,LIQ,9139-94353592,50008,110,1,3,1,0,1110103000,1,0,0,121146.98
2026,708,1167,LIQ,9139-94353593,50008,110,1,3,1,0,1110104000,16,0,0,34998830.92
2026,709,1168,LIQ,9139-94353594,50008,110,1,3,1,0,1110104000,16,0,0,90713.92
2026,710,1169,LIQ,9139-94353595,50008,110,1,3,1,0,1110104000,16,0,0,221178.13
2026,711,1170,LIQ,9139-94353596,50008,110,1,3,1,0,1110104000,17,0,0,402454.11
2026,712,1171,LIQ,9139-94353597,50008,110,1,3,1,0,1110104000,17,0,0,289094.17
2026,713,1172,LIQ,9139-94353598,50008,110,1,3,1,0,1110105000,50,0,0,496999.13
2026,714,1173,LIQ,9139-94353599,50008,132,1,3,1,0,1110105000,50,0,0,612685.56
2026,715,1174,LIQ,9139-94353600,50008,110,1,3,1,0,1110106000,24,0,0,235040.2
2026,715,1174,LIQ,9139-94353600,50008,110,1,3,1,0,1110106000,25,0,0,67920.68
2026,716,1175,LIQ,9139-94353601,50008,132,1,3,1,0,1110106000,24,0,0,34290.75
2026,716,1175,LIQ,9139-94353601,50008,132,1,3,1,0,1110106000,25,0,0,145491.17
2026,717,1176,LIQ,9139-94353602,50008,110,1,3,1,0,1110108000,29,0,0,661437.75
2026,718,1177,LIQ,9139-94353603,50008,110,1,3,1,0,1110109000,28,0,0,2456104.49
2026,719,1178,LIQ,9139-94353604,50008,132,1,3,1,0,1110109000,28,0,0,543365.45
2026,719,1178,LIQ,9139-94353604,50008,132,1,3,1,0,1110109000,46,0,0,425073.04
2026,720,1179,LIQ,9139-94353605,50008,131,1,3,1,0,1110111000,23,0,0,4489751.35
2026,721,1180,LIQ,9139-94353606,50008,110,1,1,7,0,1110113000,42,0,0,56035.28
2026,721,1180,LIQ,9139-94353606,50008,110,1,3,1,0,1110113000,1,0,0,680598.37
2026,721,1180,LIQ,9139-94353606,50008,110,1,3,1,0,1110113000,32,0,0,772276.2
2026,721,1180,LIQ,9139-94353606,50008,110,1,3,1,0,1110113000,42,0,0,4679673.17
2026,722,1181,LIQ,9139-94353607,50008,110,1,3,1,0,1110118000,35,0,0,2776262.5
2026,723,1182,LIQ,9139-94353608,50008,110,1,3,1,0,1110118000,35,0,0,558023.52
2026,723,1182,LIQ,9139-94353608,50008,110,1,3,1,0,1110118000,46,0,0,467083.08
2026,723,1182,LIQ,9139-94353608,50008,110,1,3,1,0,1110118000,48,0,0,2705768.93
2026,724,1183,LIQ,9139-94353609,50008,110,1,3,1,0,1110118000,48,0,0,2356373.01
2026,725,1184,LIQ,9139-94353610,50008,110,1,3,1,0,1110118000,1,0,0,648033.59
2026,725,1184,LIQ,9139-94353610,50008,110,1,3,1,0,1110118000,35,0,0,37356.37
2026,725,1184,LIQ,9139-94353610,50008,110,1,3,1,0,1110118000,45,0,0,2098477.96
2026,725,1184,LIQ,9139-94353610,50008,110,1,3,1,0,1110118000,46,0,0,15654118.28
2026,725,1184,LIQ,9139-94353610,50008,110,1,3,1,0,1110118000,48,0,0,81940.03
2026,726,1185,COM,2026-00000001,230,110,3,5,5,0,1110112000,1,0,0,1204068.92
2026,727,1186,COM,2026-70960014,50087,110,3,5,5,0,1110112000,1,0,0,1454555.19
2026,729,1187,COM,2026-70960015,50087,110,2,5,6,0,1110101000,1,0,0,200000.0
2026,731,1188,COM,2026-70960016,50087,131,2,5,6,0,1110111000,23,0,0,280000.0
2026,732,1189,COM,2026-70960017,50087,132,2,5,6,0,1110113000,43,0,0,6000000.0
2026,733,1190,COM,2026-70960018,50087,131,2,5,6,0,1110104000,16,0,0,1418000.0
2026,734,1191,COM,2026-70960019,50087,132,2,5,6,0,1110106000,42,0,0,300000.0
2026,735,1192,EXB,6952-00501108,50087,110,3,5,5,0,1110112000,1,0,0,163960.0
2026,741,1197,FAB,2032-00042125,50280,110,3,1,5,0,1110104000,16,0,0,6700.0
2026,741,1197,FAB,2032-00015279,50280,110,3,1,5,0,1110104000,16,0,0,3600.0
2026,741,1197,FAB,2032-00042501,50280,110,3,1,5,0,1110104000,16,0,0,7299.93
2026,741,1197,FAB,0392-00076615,50280,110,3,5,1,0,1110104000,16,0,0,15500.0
2026,741,1197,TKT,0002-00007538,50280,110,2,2,1,0,1110104000,16,0,0,4650.0
2026,741,1197,TKT,0007-00003811,50280,110,2,9,6,0,1110104000,16,0,0,5400.0
2026,741,1197,FAB,2032-00042400,50280,110,3,1,5,0,1110104000,16,0,0,7299.93
2026,741,1197,FAB,2032-00042448,50280,110,3,1,5,0,1110104000,16,0,0,7299.93
2026,741,1197,TKT,0001-00043786,50280,110,2,9,9,0,1110104000,16,0,0,5500.95
2026,742,1199,FAB,0004-68479788,50219,110,3,1,3,0,1110102000,1,0,0,32583.23
2026,742,1199,COM,2502-20256080,50219,110,3,5,4,0,1110102000,1,0,0,41040.0
2026,742,1199,FAS,0119-06698933,50219,110,3,1,2,0,1110102000,1,0,0,10696.17
2026,742,1199,FAA,0002-00098848,50219,110,3,1,1,0,1110102000,1,0,0,100618.43
2026,743,1200,FAB,0005-00004271,50012,110,3,5,1,0,1110118000,1,0,0,19118.0
2026,744,1201,COM,0000-00000001,50012,110,3,8,9,0,1110112000,1,0,0,3580.0
2026,745,1214,FAB,0085-00036031,50283,110,2,5,6,0,1110102000,1,0,0,7700.0
2026,745,1214,FAC,0002-00000091,50283,110,3,3,9,0,1110102000,1,0,0,77750.0
2026,745,1214,FAB,0012-00003050,50283,110,2,1,1,0,1110102000,1,0,0,11000.0
2026,745,1214,TKT,0091-00039975,50283,110,2,5,6,0,1110102000,1,0,0,9016.06
2026,746,1215,FAB,2022-00001358,50003,110,3,7,2,0,1110101000,1,0,0,180000.0
2026,747,1216,FAB,2022-00001359,50003,110,3,7,2,0,1110106000,1,0,0,90000.0
2026,748,1218,FAB,2022-00001360,50003,110,3,7,9,0,1110101000,1,0,0,180000.0
2026,749,1229,FAB,7016-54035907,50023,110,3,1,3,0,1110104000,16,0,0,602185.14
2026,750,1231,FAB,7016-54035908,50023,110,3,1,3,0,1110200000,1,0,0,22966.27
2026,751,1238,FAB,0004-68479904,50023,110,3,1,3,0,1110106000,24,0,0,23675.85
2026,751,1238,FAB,0004-68479905,50023,110,3,1,3,0,1110106000,1,0,0,37905.47
2026,753,1231,FAB,0004-68479909,50023,110,3,1,3,0,1110200000,1,0,0,22966.27
2026,754,1229,FAB,0004-68479910,50023,110,3,1,3,0,1110104000,16,0,0,32059.54
2026,754,1229,FAB,0004-68479911,50023,110,3,1,3,0,1110104000,16,0,0,135169.93
2026,754,1229,FAB,0004-68479916,50023,110,3,1,3,0,1110104000,16,0,0,25537.41
2026,754,1229,FAB,0004-68479892,50023,110,3,1,3,0,1110104000,16,0,0,380374.22
2026,754,1229,FAB,0004-68479915,50023,110,3,1,3,0,1110104000,16,0,0,29044.04
2026,755,130,FAB,0002-00000332,3122,110,2,9,6,0,1110118000,46,0,0,379299.0
2026,756,1239,FAB,7016-54035907,50023,110,3,1,3,0,1110105000,30,0,0,22850.43
2026,756,1239,FAB,7016-54035907,50023,110,3,1,3,0,1110105000,50,0,0,68858.36
2026,757,1239,FAB,0004-68479867,50023,110,3,1,3,0,1110105000,50,0,0,22595.54
2026,757,1239,FAB,0004-68479866,50023,110,3,1,3,0,1110105000,50,0,0,22894.56
2026,757,1239,FAB,0004-68479906,50023,110,3,1,3,0,1110105000,30,0,0,22850.43
2026,757,1239,FAB,0004-68479894,50023,110,3,1,3,0,1110105000,50,0,0,23368.26
2026,758,1229,FAB,0004-68479910,50023,110,3,1,3,0,1110104000,16,0,0,32059.54
2026,758,1229,FAB,0004-68479911,50023,110,3,1,3,0,1110104000,16,0,0,135169.93
2026,758,1229,FAB,0004-68479916,50023,110,3,1,3,0,1110104000,16,0,0,25537.41
2026,758,1229,FAB,0004-68479892,50023,110,3,1,3,0,1110104000,16,0,0,380374.22
2026,758,1229,FAB,0004-68479915,50023,110,3,1,3,0,1110104000,16,0,0,29044.04
2026,760,1241,FAB,0004-68479882,50023,110,3,1,3,0,1110102000,1,0,0,22747.21
2026,760,1241,FAB,0004-68479886,50023,110,3,1,3,0,1110102000,1,0,0,34428.13
2026,760,1241,FAB,0004-68479908,50023,110,3,1,3,0,1110102000,1,0,0,26598.52
2026,761,1063,FAB,0001-00000421,2692,110,4,3,6,0,1110112000,1,0,0,3600000.0
2026,762,1243,FAB,0004-68479881,50023,110,3,1,3,0,1110105000,50,0,0,22595.54
2026,764,559,FAC,0002-00001005,1267,131,3,3,3,0,1110111000,23,0,0,574424.0
2026,767,1244,FAB,7016-54035907,50023,110,3,1,3,0,1110102000,1,0,0,43637.06
2026,768,1245,FAB,0004-68479876,50023,110,3,1,3,0,1110102000,1,0,0,22934.33
2026,769,1249,FAB,0004-68479914,50023,132,3,1,3,0,1110105000,50,0,0,24176.04
2026,770,1253,FAB,0000-00000033,50370,110,5,1,7,0,1110105000,50,0,0,81486.41
2026,771,1256,FAB,0004-68479913,50023,131,3,1,3,0,1110104000,16,0,0,26932.39
2026,772,1257,FAB,0004-68479887,50023,110,3,1,3,0,1110102000,1,0,0,22636.98
2026,773,1268,FAB,0000-00000001,51097,110,5,1,7,0,1110109000,28,0,0,289600.0
2026,774,190,FAC,0009-00000114,2538,131,3,3,9,0,1110104000,16,0,0,133000.0
2026,775,984,TKT,0006-00019706,158,131,5,1,4,0,1110104000,16,0,0,9913.94
2026,775,984,TKT,0006-00021716,158,131,5,1,4,0,1110104000,16,0,0,102904.51
2026,775,984,TKT,0006-00021516,158,131,5,1,4,0,1110104000,16,0,0,30887.98
2026,775,984,TKT,0006-00019646,158,131,5,1,4,0,1110104000,16,0,0,46233.22
2026,775,984,TKT,0006-00019395,158,131,5,1,4,0,1110104000,16,0,0,64852.92
2026,904,1431,FAB,2024-00000283,50072,110,3,8,9,0,1110117000,34,0,0,8734.2
2026,905,1418,FAB,1001-00468847,193,110,3,1,1,0,1110103000,1,0,0,49000000.0
2026,906,1418,FAB,1001-00468847,193,110,3,1,1,0,1110103000,1,0,0,11684114.54
2026,909,161,FAB,0005-00000893,2450,131,2,1,1,0,1110104000,16,0,0,3270300.0
2026,909,161,FAB,0005-00000894,2450,131,2,1,1,0,1110104000,16,0,0,3122000.0
2026,909,161,FAB,0005-00000893,2450,131,2,9,9,0,1110104000,16,0,0,56400.0
2026,910,1163,FAC,0001-00001976,3560,110,3,5,9,0,1110105000,50,0,0,450000.0
2026,911,807,FAC,0002-00000091,3448,132,2,9,4,0,1110106000,25,0,0,133300.0
2026,52,67,COM,0000-00000100,3509,110,3,5,4,0,1110105000,50,0,0,365165.0
2026,53,67,COM,0000-00000100,3509,110,3,5,4,0,1110105000,50,0,0,365165.0
2026,210,444,FAB,3108-03035655,50002,110,3,1,4,0,1110102000,1,0,0,41528.37
2026,210,444,FAB,3108-03035652,50002,110,3,1,4,0,1110102000,1,0,0,27554.12
2026,210,444,FAB,3108-03035656,50002,110,3,1,4,0,1110102000,1,0,0,35012.99
2026,210,444,FAB,3108-03035654,50002,110,3,1,4,0,1110102000,1,0,0,27554.12
2026,210,444,FAB,3108-03016555,50002,110,3,1,4,0,1110102000,1,0,0,27554.12
2026,210,444,FAB,3108-03035595,50002,110,3,1,4,0,1110102000,1,0,0,600436.8
2026,210,444,FAB,3108-03026263,50002,110,3,1,4,0,1110102000,1,0,0,28720.09
2026,210,444,FAB,3108-03035653,50002,110,3,1,4,0,1110102000,1,0,0,27554.12
2026,213,450,FAB,2512-16451429,50002,110,3,1,4,0,1110102000,1,0,0,55013.47
2026,257,99,FAB,0007-00011001,160,110,2,9,5,0,1110104000,17,0,0,29470.0
2026,257,99,FAB,0007-00011001,160,110,2,5,7,0,1110104000,17,0,0,83143.0
2026,258,195,FAB,0007-00011055,160,110,2,9,5,0,1110104000,16,0,0,35595.0
2026,258,195,FAB,0007-00011055,160,110,2,5,7,0,1110104000,16,0,0,212160.0
2026,259,57,FAB,0007-00011000,160,110,2,9,5,0,1110104000,17,0,0,158000.0
2026,259,57,FAB,0007-00011000,160,110,2,5,7,0,1110104000,17,0,0,117940.0
2026,260,274,COM,0000-01200001,1489,131,3,5,4,0,1110104000,16,0,0,1641008.0
2026,261,384,COM,1100-01101104,708,110,3,5,4,0,1110109000,28,0,0,6487.0
2026,265,625,COM,2026-57000000,50031,110,5,1,4,0,1110106000,24,0,0,13000.0
2026,269,298,COM,1100-01101105,708,110,3,5,4,0,1110106000,24,0,0,2568.0
2026,270,626,COM,2026-56000001,50031,110,5,1,4,0,1110106000,24,0,0,20000.0
2026,614,1064,COM,0000-01000000,193,131,3,1,1,0,1110111000,23,0,0,148363.53
2026,615,1065,COM,0000-00100000,193,110,3,1,1,0,1110109000,28,0,0,376462.24
2026,616,1066,FAB,1001-00468814,193,110,3,1,1,0,1110105000,50,0,0,1773792.12
2026,617,1067,FAB,1001-00468815,193,110,3,1,1,0,1110103000,1,0,0,21725214.93
2026,618,1068,FAB,1001-00468816,193,110,3,1,1,0,1110103000,1,0,0,49000000.0
2026,619,1069,FAB,1001-00468817,193,110,3,1,1,0,1110106000,25,0,0,213645.99
2026,619,1069,FAB,1001-00468817,193,110,3,1,1,0,1110106000,43,0,0,24533.77
2026,620,1070,FAB,1001-00468818,193,110,3,1,1,0,1110104000,16,0,0,3317050.4
2026,620,1070,FAB,1001-00468818,193,110,3,1,1,0,1110104000,17,0,0,92526.51
2026,621,1071,FAB,1001-00468819,193,110,3,1,1,0,1110103000,1,0,0,564646.25
2026,622,1072,FAB,1001-00468820,193,110,3,1,1,0,1110101000,1,0,0,1350486.44
2026,623,1073,FAB,1001-00468821,193,110,3,1,1,0,1110102000,1,0,0,176981.57
2026,624,1074,FAB,1001-00468822,193,110,3,1,1,0,1110105000,50,0,0,128966.25
2026,625,1076,FAB,1001-00468823,193,110,3,1,1,0,1110104000,16,0,0,8634298.51
2026,626,1077,FAB,1001-00468824,193,110,3,1,1,0,1110103000,1,0,0,918673.58
2026,627,1078,FAB,1001-00468825,193,110,3,1,1,0,1110113000,1,0,0,3717501.9
2026,628,537,FAB,0003-00000193,1603,132,5,1,4,0,1110106000,42,0,0,143000.0
2026,629,339,FAB,0003-00000195,1603,132,2,1,1,0,1110106000,43,0,0,56100.0
2026,630,589,FAB,0005-00010771,125,131,5,1,4,0,1110104000,16,0,0,22258.8
2026,630,589,FAB,0005-00010757,125,131,5,1,4,0,1110104000,16,0,0,22258.8
2026,631,593,FAB,0009-00018314,1259,110,2,9,3,0,1110104000,17,0,0,30152.16
2026,632,1079,FAB,2022-21900818,50087,110,2,5,6,0,1110101000,1,0,0,200000.0
2026,633,1080,FAB,2022-21900819,50087,131,2,5,6,0,1110111000,23,0,0,280000.0
2026,634,1081,FAB,2022-21900820,50087,131,2,5,6,0,1110113000,1,0,0,6000000.0
2026,635,1082,FAB,2022-21900821,50087,110,2,5,6,0,1110104000,16,0,0,1000000.0
2026,636,1084,FAB,2022-21900822,50087,132,2,5,6,0,1110106000,25,0,0,300000.0
2026,638,1085,FAB,2022-21900823,50087,110,3,5,5,0,1110102000,1,0,0,155600.0
2026,643,591,FAB,0010-00011542,2330,110,2,5,1,0,1110108000,29,0,0,9000.0
2026,643,591,FAB,0010-00011542,2330,110,2,5,6,0,1110108000,29,0,0,91394.37
2026,1184,1726,FAB,4264-53091637,50036,132,3,1,9,0,1110102000,33,0,0,284743.25
2026,1186,268,FAC,0002-00000565,57,131,3,5,3,0,1110104000,16,0,0,22000.0
2026,1187,640,FAC,0002-00000569,57,131,3,5,3,0,1110104000,16,0,0,39000.0
2026,1187,640,FAC,0002-00000569,57,131,3,5,9,0,1110104000,16,0,0,35000.0
2026,1188,345,FAC,0002-00000566,57,131,3,5,3,0,1110104000,16,0,0,79600.0
2026,1188,345,FAC,0002-00000566,57,131,3,5,9,0,1110104000,16,0,0,39800.0
2026,1190,89,FAC,0002-00000564,57,131,3,5,3,0,1110104000,16,0,0,25000.0
2026,1190,89,FAC,0002-00000564,57,131,3,5,9,0,1110104000,16,0,0,21000.0
2026,1190,89,FAC,0002-00000564,57,131,3,4,9,0,1110104000,16,0,0,18000.0
2026,1192,1025,FAC,0003-00000045,2988,110,3,4,9,0,1110109000,28,0,0,850000.0
2026,1193,914,FAC,0002-00000091,2337,131,3,9,9,0,1110111000,23,0,0,2690617.0
2026,1194,1470,FAC,0002-00000435,2110,132,3,3,6,0,1110106000,43,0,0,60000.0
2026,1195,1493,FAB,0012-00000026,3398,110,2,9,6,0,1110118000,46,0,0,1977927.97
2026,1196,1232,FAB,0005-00000449,2371,110,2,9,1,0,1110118000,46,0,0,324500.0
2026,1196,1232,FAB,0005-00000449,2371,110,2,1,5,0,1110118000,46,0,0,98700.0
2026,1197,1495,FAC,0002-00000436,2110,132,3,3,1,0,1110106000,25,0,0,1075000.0
2026,1198,1212,FAB,0007-00000676,2917,110,2,9,9,0,1110118000,46,0,0,185766.46
2026,1198,1212,FAB,0007-00000676,2917,110,2,9,6,0,1110118000,46,0,0,785454.56
2026,1198,1212,FAB,0007-00000676,2917,110,2,5,6,0,1110118000,46,0,0,97574.0
2026,1200,1730,FAB,2022-00001363,50003,110,3,7,2,0,1110112000,1,0,0,82000.0
2026,1201,532,FAC,0002-00000333,2473,131,3,4,9,0,1110106000,44,0,0,1051196.0
2026,1202,535,FAC,0001-00000079,3027,131,3,4,9,0,1110106000,44,0,0,1051196.0
2026,1365,1956,LIQ,9139-94353664,50008,110,1,3,1,0,1110102000,33,0,0,319456.32
2026,1366,1957,LIQ,9139-94353665,50008,110,1,3,1,0,1110102000,1,0,0,2065810.9
2026,1367,1958,LIQ,9139-94353666,50008,110,1,3,1,0,1110103000,1,0,0,151433.72
2026,1368,1959,LIQ,9139-94353667,50008,110,1,3,1,0,1110104000,16,0,0,212605.34
2026,1369,1960,LIQ,9139-94353668,50008,110,1,3,1,0,1110104000,16,0,0,93640.17
2026,1370,1961,LIQ,9139-94353669,50008,110,1,3,1,0,1110104000,16,0,0,34727641.62
2026,1371,1962,LIQ,9139-94353670,50008,110,1,3,1,0,1110104000,17,0,0,635115.52
2026,1372,1963,LIQ,9139-94353671,50008,110,1,3,1,0,1110104000,17,0,0,472359.23
2026,1373,1964,LIQ,9139-94353672,50008,110,1,3,1,0,1110105000,30,0,0,48241.37
2026,1373,1964,LIQ,9139-94353672,50008,110,1,3,1,0,1110105000,50,0,0,585724.89
2026,1374,1965,LIQ,9139-94353673,50008,132,1,3,1,0,1110105000,50,0,0,612685.56
2026,1375,1966,LIQ,9139-94353674,50008,132,1,3,1,0,1110106000,24,0,0,23144.79
2026,1375,1966,LIQ,9139-94353674,50008,132,1,3,1,0,1110106000,25,0,0,50636.89
2026,1376,1967,LIQ,9139-94353675,50008,110,1,3,1,0,1110108000,29,0,0,378684.38
2026,1377,1968,LIQ,9139-94353676,50008,110,1,3,1,0,1110109000,28,0,0,2967526.26
2026,1378,1969,LIQ,9139-94353677,50008,132,1,3,1,0,1110109000,28,0,0,151925.85
2026,1378,1969,LIQ,9139-94353677,50008,132,1,3,1,0,1110109000,46,0,0,470616.58
2026,1379,1970,LIQ,9139-94353678,50008,131,1,3,1,0,1110111000,23,0,0,4095679.75
2026,1380,1971,LIQ,9139-94353679,50008,110,1,1,7,0,1110113000,1,0,0,129006.1
2026,1380,1971,LIQ,9139-94353679,50008,110,1,3,1,0,1110113000,1,0,0,885039.13
2026,1380,1971,LIQ,9139-94353679,50008,110,1,3,1,0,1110113000,32,0,0,954110.9
2026,1380,1971,LIQ,9139-94353679,50008,110,1,3,1,0,1110113000,42,0,0,4689195.74
2026,1381,1972,LIQ,9139-94353680,50008,110,1,3,1,0,1110118000,35,0,0,535049.49
2026,1381,1972,LIQ,9139-94353680,50008,110,1,3,1,0,1110118000,46,0,0,469260.02
2026,1381,1972,LIQ,9139-94353680,50008,110,1,3,1,0,1110118000,48,0,0,541018.62
2026,1382,1973,LIQ,9139-94353681,50008,110,1,3,1,0,1110118000,35,0,0,4397642.55
2026,1383,1974,LIQ,9139-94353682,50008,110,1,3,1,0,1110118000,1,0,0,699104.72
2026,1383,1974,LIQ,9139-94353682,50008,110,1,3,1,0,1110118000,35,0,0,172559.16
2026,1383,1974,LIQ,9139-94353682,50008,110,1,3,1,0,1110118000,45,0,0,1760603.3
2026,1383,1974,LIQ,9139-94353682,50008,110,1,3,1,0,1110118000,46,0,0,18003968.84
2026,1383,1974,LIQ,9139-94353682,50008,110,1,3,1,0,1110118000,48,0,0,245820.09
2026,1384,1975,LIQ,9139-94353683,50008,110,1,3,1,0,1110118000,48,0,0,5814289.58
2026,21,1,FAB,0000-00000031,50370,132,5,1,7,0,1110105000,50,0,0,97734.94
2026,308,684,LIQ,9139-94353532,50008,110,1,1,1,0,1110101000,1,0,0,757195.8
2026,308,684,LIQ,9139-94353532,50008,110,1,1,3,0,1110101000,1,0,0,1324125.86
2026,308,684,LIQ,9139-94353532,50008,110,1,1,7,0,1110101000,1,0,0,160972.45
2026,309,685,LIQ,4000-00013256,50051,110,1,1,6,1,1110101000,1,0,0,249758.6
2026,310,686,LIQ,0040-00013250,50052,110,1,1,6,2,1110101000,1,0,0,99903.44
2026,311,687,LIQ,9139-94353533,50008,110,1,1,1,0,1110102000,1,0,0,5558655.59
2026,311,687,LIQ,9139-94353533,50008,110,1,1,3,0,1110102000,1,0,0,6649300.71
2026,311,687,LIQ,9139-94353533,50008,110,1,1,7,0,1110102000,1,0,0,2065560.75
2026,311,687,LIQ,9139-94353533,50008,110,1,2,1,0,1110102000,1,0,0,4793050.08
2026,311,687,LIQ,9139-94353533,50008,110,1,2,2,0,1110102000,1,0,0,1330845.24
2026,311,687,LIQ,9139-94353533,50008,110,1,2,6,0,1110102000,1,0,0,7500.0
2026,311,687,LIQ,9139-94353533,50008,110,1,4,0,0,1110102000,1,0,0,299919.0
2026,311,687,LIQ,9139-94353533,50008,110,1,6,0,0,1110102000,1,0,0,590544.91
2026,312,688,LIQ,9139-94353534,50008,110,1,1,1,0,1110102000,52,0,0,400584.43
2026,312,688,LIQ,9139-94353534,50008,110,1,1,3,0,1110102000,52,0,0,843414.3
2026,312,688,LIQ,9139-94353534,50008,110,1,1,7,0,1110102000,52,0,0,360532.9
2026,312,688,LIQ,9139-94353534,50008,110,1,2,1,0,1110102000,52,0,0,2156350.81
2026,312,688,LIQ,9139-94353534,50008,110,1,2,2,0,1110102000,52,0,0,584872.26
2026,312,688,LIQ,9139-94353534,50008,110,1,2,6,0,1110102000,52,0,0,4500.0
2026,312,688,LIQ,9139-94353534,50008,110,1,4,0,0,1110102000,52,0,0,121942.0
2026,313,689,LIQ,9139-94353535,50008,110,1,1,3,0,1110102000,33,0,0,372012.2
2026,313,689,LIQ,9139-94353535,50008,110,1,1,7,0,1110102000,33,0,0,85615.07
2026,313,689,LIQ,9139-94353535,50008,110,1,2,1,0,1110102000,33,0,0,351150.66
2026,313,689,LIQ,9139-94353535,50008,110,1,2,6,0,1110102000,33,0,0,1500.0
2026,313,689,LIQ,9139-94353535,50008,110,1,4,0,0,1110102000,33,0,0,67656.0
2026,314,690,LIQ,9139-94353536,50008,110,1,1,1,0,1110102000,35,0,0,491610.93
2026,314,690,LIQ,9139-94353536,50008,110,1,1,3,0,1110102000,35,0,0,24580.55
2026,314,690,LIQ,9139-94353536,50008,110,1,1,7,0,1110102000,35,0,0,193458.43
2026,314,690,LIQ,9139-94353536,50008,110,1,2,1,0,1110102000,35,0,0,417973.4
2026,314,690,LIQ,9139-94353536,50008,110,1,2,6,0,1110102000,35,0,0,1500.0
2026,314,690,LIQ,9139-94353536,50008,110,1,4,0,0,1110102000,35,0,0,100302.0
2026,315,691,LIQ,9139-94353537,50008,110,1,1,1,0,1110102000,1,0,0,359893.35
2026,315,691,LIQ,9139-94353537,50008,110,1,1,3,0,1110102000,1,0,0,73379.74
2026,315,691,LIQ,9139-94353537,50008,110,1,1,7,0,1110102000,1,0,0,52000.0
2026,315,691,LIQ,9139-94353537,50008,110,1,4,0,0,1110102000,1,0,0,213448.0
2026,316,692,LIQ,4000-00013257,50051,110,1,1,6,1,1110102000,52,0,0,128224.45
2026,316,692,LIQ,4000-00013257,50051,110,1,2,5,1,1110102000,52,0,0,350002.17
2026,317,693,LIQ,4000-00013258,50051,110,1,2,5,1,1110102000,33,0,0,86779.54
2026,318,694,LIQ,4000-00013259,50051,110,1,1,6,1,1110102000,1,0,0,51992.77
2026,319,695,LIQ,4000-00013260,50051,110,1,1,6,1,1110102000,1,0,0,1412207.82
2026,319,695,LIQ,4000-00013260,50051,110,1,2,5,1,1110102000,1,0,0,787614.38
2026,320,696,LIQ,4000-00013261,50051,110,1,1,6,1,1110102000,35,0,0,61942.98
2026,320,696,LIQ,4000-00013261,50051,110,1,2,5,1,1110102000,35,0,0,50156.81
2026,321,697,LIQ,0040-00013251,50052,110,1,1,6,2,1110102000,35,0,0,24777.19
2026,362,738,LIQ,9139-94353550,50008,110,1,4,0,0,1110106000,49,0,0,44381.0
2026,363,739,LIQ,9139-94353551,50008,110,1,1,1,0,1110106000,1,0,0,1442036.45
2026,363,739,LIQ,9139-94353551,50008,110,1,1,1,0,1110106000,24,0,0,9694474.1
2026,363,739,LIQ,9139-94353551,50008,110,1,1,3,0,1110106000,1,0,0,1617713.75
2026,363,739,LIQ,9139-94353551,50008,110,1,1,3,0,1110106000,24,0,0,7223074.56
2026,363,739,LIQ,9139-94353551,50008,110,1,1,3,0,1110106000,25,0,0,167189.36
2026,363,739,LIQ,9139-94353551,50008,110,1,1,7,0,1110106000,1,0,0,405870.95
2026,363,739,LIQ,9139-94353551,50008,110,1,1,7,0,1110106000,24,0,0,1847623.35
2026,363,739,LIQ,9139-94353551,50008,110,1,1,7,0,1110106000,25,0,0,106229.79
2026,363,739,LIQ,9139-94353551,50008,110,1,2,1,0,1110106000,1,0,0,757195.8
2026,363,739,LIQ,9139-94353551,50008,110,1,2,1,0,1110106000,24,0,0,919489.4
2026,363,739,LIQ,9139-94353551,50008,110,1,2,1,0,1110106000,25,0,0,557297.87
2026,363,739,LIQ,9139-94353551,50008,110,1,2,2,0,1110106000,24,0,0,271231.04
2026,363,739,LIQ,9139-94353551,50008,110,1,2,6,0,1110106000,1,0,0,1500.0
2026,363,739,LIQ,9139-94353551,50008,110,1,2,6,0,1110106000,24,0,0,3000.0
2026,363,739,LIQ,9139-94353551,50008,110,1,2,6,0,1110106000,25,0,0,1500.0
2026,363,739,LIQ,9139-94353551,50008,110,1,3,1,0,1110106000,24,0,0,268702.51
2026,363,739,LIQ,9139-94353551,50008,110,1,4,0,0,1110106000,1,0,0,112037.0
2026,363,739,LIQ,9139-94353551,50008,110,1,4,0,0,1110106000,24,0,0,619346.0
2026,363,739,LIQ,9139-94353551,50008,110,1,6,0,0,1110106000,1,0,0,951859.33
2026,364,740,LIQ,4000-00013274,50051,110,1,1,6,1,1110106000,24,0,0,179227.0
2026,364,740,LIQ,4000-00013274,50051,110,1,1,6,1,1110106000,49,0,0,279886.73
2026,364,740,LIQ,4000-00013274,50051,110,1,2,5,1,1110106000,24,0,0,86938.47
2026,364,740,LIQ,4000-00013274,50051,110,1,2,5,1,1110106000,49,0,0,86938.47
2026,365,741,LIQ,4000-00013275,50051,110,1,1,6,1,1110106000,1,0,0,275170.74
2026,365,741,LIQ,4000-00013275,50051,110,1,1,6,1,1110106000,24,0,0,2026491.16
2026,365,741,LIQ,4000-00013275,50051,110,1,2,5,1,1110106000,1,0,0,182862.79
2026,365,741,LIQ,4000-00013275,50051,110,1,2,5,1,1110106000,24,0,0,146501.14
2026,365,741,LIQ,4000-00013275,50051,110,1,2,5,1,1110106000,25,0,0,86938.47
2026,366,742,LIQ,0040-00013268,50052,110,1,1,6,2,1110106000,1,0,0,155757.55
2026,366,742,LIQ,0040-00013268,50052,110,1,1,6,2,1110106000,24,0,0,810596.47
2026,366,742,LIQ,0040-00013268,50052,110,1,2,5,2,1110106000,1,0,0,73145.11
2026,366,742,LIQ,0040-00013268,50052,110,1,2,5,2,1110106000,24,0,0,58600.46
2026,366,742,LIQ,0040-00013268,50052,110,1,2,5,2,1110106000,25,0,0,34775.39
2026,367,743,LIQ,0040-00013269,50052,110,1,1,6,2,1110106000,24,0,0,71690.8
2026,367,743,LIQ,0040-00013269,50052,110,1,1,6,2,1110106000,49,0,0,111954.69
2026,367,743,LIQ,0040-00013269,50052,110,1,2,5,2,1110106000,24,0,0,34775.39
2026,367,743,LIQ,0040-00013269,50052,110,1,2,5,2,1110106000,49,0,0,34775.39
2026,368,744,LIQ,9139-94353552,50008,132,1,1,1,0,1110106000,24,0,0,557297.87
2026,368,744,LIQ,9139-94353552,50008,132,1,1,1,0,1110106000,25,0,0,7254855.26
2026,368,744,LIQ,9139-94353552,50008,132,1,1,1,0,1110106000,43,0,0,1066306.43
2026,368,744,LIQ,9139-94353552,50008,132,1,1,3,0,1110106000,24,0,0,345524.68
2026,368,744,LIQ,9139-94353552,50008,132,1,1,3,0,1110106000,25,0,0,5156763.08
2026,368,744,LIQ,9139-94353552,50008,132,1,1,3,0,1110106000,43,0,0,436119.98
2026,368,744,LIQ,9139-94353552,50008,132,1,1,7,0,1110106000,24,0,0,213959.58
2026,368,744,LIQ,9139-94353552,50008,132,1,1,7,0,1110106000,25,0,0,1768881.19
2026,368,744,LIQ,9139-94353552,50008,132,1,1,7,0,1110106000,43,0,0,210630.65
2026,368,744,LIQ,9139-94353552,50008,132,1,2,1,0,1110106000,24,0,0,557297.87
2026,368,744,LIQ,9139-94353552,50008,132,1,2,1,0,1110106000,25,0,0,2786489.35
2026,368,744,LIQ,9139-94353552,50008,132,1,2,2,0,1110106000,24,0,0,5000.0
2026,368,744,LIQ,9139-94353552,50008,132,1,2,2,0,1110106000,25,0,0,223399.79
2026,368,744,LIQ,9139-94353552,50008,132,1,2,6,0,1110106000,24,0,0,1500.0
2026,368,744,LIQ,9139-94353552,50008,132,1,2,6,0,1110106000,25,0,0,7500.0
2026,368,744,LIQ,9139-94353552,50008,132,1,4,0,0,1110106000,24,0,0,33828.0
2026,368,744,LIQ,9139-94353552,50008,132,1,4,0,0,1110106000,25,0,0,426394.0
2026,369,745,LIQ,4000-00013276,50051,132,1,1,6,1,1110106000,24,0,0,88275.98
2026,369,745,LIQ,4000-00013276,50051,132,1,1,6,1,1110106000,25,0,0,1412288.56
2026,369,745,LIQ,4000-00013276,50051,132,1,1,6,1,1110106000,43,0,0,180291.17
2026,369,745,LIQ,4000-00013276,50051,132,1,2,5,1,1110106000,24,0,0,87538.47
2026,369,745,LIQ,4000-00013276,50051,132,1,2,5,1,1110106000,25,0,0,438292.35
2026,370,746,LIQ,0040-00013270,50052,132,1,1,6,2,1110106000,24,0,0,35310.39
2026,370,746,LIQ,0040-00013270,50052,132,1,1,6,2,1110106000,25,0,0,564915.41
2026,370,746,LIQ,0040-00013270,50052,132,1,1,6,2,1110106000,43,0,0,72116.46
2026,370,746,LIQ,0040-00013270,50052,132,1,2,5,2,1110106000,24,0,0,35015.39
2026,370,746,LIQ,0040-00013270,50052,132,1,2,5,2,1110106000,25,0,0,175316.95
2026,371,747,LIQ,9139-94353553,50008,110,1,1,1,0,1110108000,29,0,0,1831747.56
2026,371,747,LIQ,9139-94353553,50008,110,1,1,3,0,1110108000,29,0,0,2065320.33
2026,371,747,LIQ,9139-94353553,50008,110,1,1,7,0,1110108000,29,0,0,653352.87
2026,371,747,LIQ,9139-94353553,50008,110,1,2,1,0,1110108000,29,0,0,1560044.03
2026,371,747,LIQ,9139-94353553,50008,110,1,2,2,0,1110108000,29,0,0,244669.67
2026,371,747,LIQ,9139-94353553,50008,110,1,2,3,0,1110108000,29,0,0,445895.83
2026,371,747,LIQ,9139-94353553,50008,110,1,2,6,0,1110108000,29,0,0,4500.0
2026,371,747,LIQ,9139-94353553,50008,110,1,4,0,0,1110108000,29,0,0,83979.0
2026,371,747,LIQ,9139-94353553,50008,110,1,6,0,0,1110108000,29,0,0,514587.32
2026,327,703,LIQ,9139-94353539,50008,110,1,2,2,0,1110103000,1,0,0,15000.0
2026,327,703,LIQ,9139-94353539,50008,110,1,2,6,0,1110103000,1,0,0,3000.0
2026,328,704,LIQ,4000-00013262,50051,110,1,2,5,1,1110103000,1,0,0,244266.73
2026,329,705,LIQ,4000-00013263,50051,110,1,1,6,1,1110103000,1,0,0,370387.46
2026,329,705,LIQ,4000-00013263,50051,110,1,2,5,1,1110103000,1,0,0,661714.12
2026,330,706,LIQ,0040-00013256,50052,110,1,2,5,2,1110103000,1,0,0,97706.69
2026,331,707,LIQ,0040-00013257,50052,110,1,1,6,2,1110103000,1,0,0,322246.22
2026,331,707,LIQ,0040-00013257,50052,110,1,2,5,2,1110103000,1,0,0,264685.65
2026,332,708,LIQ,9139-94353540,50008,110,1,1,1,0,1110104000,16,0,0,566525.48
2026,332,708,LIQ,9139-94353540,50008,110,1,1,3,0,1110104000,16,0,0,91865.23
2026,332,708,LIQ,9139-94353540,50008,110,1,1,7,0,1110104000,16,0,0,108652.55
2026,332,708,LIQ,9139-94353540,50008,110,1,4,0,0,1110104000,16,0,0,50151.0
2026,333,709,LIQ,9139-94353541,50008,110,1,1,1,0,1110104000,16,0,0,787461.89
2026,333,709,LIQ,9139-94353541,50008,110,1,1,3,0,1110104000,16,0,0,1958989.33
2026,333,709,LIQ,9139-94353541,50008,110,1,1,7,0,1110104000,16,0,0,51500.0
2026,333,709,LIQ,9139-94353541,50008,110,1,3,1,0,1110104000,16,0,0,78546.6
2026,334,710,LIQ,9139-94353542,50008,110,1,1,1,0,1110104000,16,0,0,198461685.83
2026,334,710,LIQ,9139-94353542,50008,110,1,1,3,0,1110104000,16,0,0,279314256.2
2026,334,710,LIQ,9139-94353542,50008,110,1,1,4,0,1110104000,16,0,0,291519.39
2026,334,710,LIQ,9139-94353542,50008,110,1,1,7,0,1110104000,16,0,0,30800594.82
2026,334,710,LIQ,9139-94353542,50008,110,1,2,1,0,1110104000,16,0,0,100920105.0
2026,334,710,LIQ,9139-94353542,50008,110,1,2,2,0,1110104000,16,0,0,12914524.11
2026,334,710,LIQ,9139-94353542,50008,110,1,2,6,0,1110104000,16,0,0,94500.0
2026,334,710,LIQ,9139-94353542,50008,110,1,3,1,0,1110104000,16,0,0,59736662.57
2026,334,710,LIQ,9139-94353542,50008,110,1,4,0,0,1110104000,16,0,0,8126132.0
2026,334,710,LIQ,9139-94353542,50008,110,1,6,0,0,1110104000,16,0,0,10993207.98
2026,335,711,LIQ,9139-94353543,50008,110,1,1,7,0,1110104000,16,0,0,106684.11
2026,335,711,LIQ,9139-94353543,50008,110,1,2,1,0,1110104000,16,0,0,561841.06
2026,335,711,LIQ,9139-94353543,50008,110,1,2,6,0,1110104000,16,0,0,1500.0
2026,335,711,LIQ,9139-94353543,50008,110,1,3,1,0,1110104000,16,0,0,125366.69
2026,336,712,LIQ,4000-00013264,50051,110,1,1,6,1,1110104000,16,0,0,52695857.31
2026,336,712,LIQ,4000-00013264,50051,110,1,2,5,1,1110104000,16,0,0,18189740.94
2026,337,713,LIQ,4000-00013265,50051,110,1,1,6,1,1110104000,16,0,0,79006.89
2026,338,714,LIQ,4000-00013266,50051,110,1,1,6,1,1110104000,16,0,0,329574.15
2026,339,715,LIQ,4000-00013267,50051,110,1,2,5,1,1110104000,16,0,0,67420.93
2026,340,716,LIQ,0040-00013258,50052,110,1,2,5,2,1110104000,16,0,0,26968.37
2026,341,717,LIQ,0040-00013259,50052,110,1,1,6,2,1110104000,16,0,0,21527740.14
2026,341,717,LIQ,0040-00013259,50052,110,1,2,5,2,1110104000,16,0,0,7275896.45
2026,342,718,LIQ,0040-00013260,50052,110,1,1,6,2,1110104000,16,0,0,131829.66
2026,343,719,LIQ,0040-00013261,50052,110,1,1,6,2,1110104000,16,0,0,31602.75
2026,344,720,LIQ,9139-94353544,50008,131,1,2,1,0,1110104000,16,0,0,2465000.0
2026,345,721,LIQ,4000-00013268,50051,131,1,2,5,1,1110104000,16,0,0,295800.0
2026,346,722,LIQ,0040-00013262,50052,131,1,2,5,2,1110104000,16,0,0,118320.0
2026,347,723,LIQ,9139-94353545,50008,132,1,1,1,0,1110104000,16,0,0,557297.87
2026,347,723,LIQ,9139-94353545,50008,132,1,1,3,0,1110104000,16,0,0,11145.96
2026,347,723,LIQ,9139-94353545,50008,132,1,1,7,0,1110104000,16,0,0,107729.79
2026,347,723,LIQ,9139-94353545,50008,132,1,3,1,0,1110104000,16,0,0,173287.24
2026,348,724,LIQ,4000-00013269,50051,132,1,1,6,1,1110104000,16,0,0,68213.26
2026,349,725,LIQ,0040-00013263,50052,132,1,1,6,2,1110104000,16,0,0,27285.3
2026,350,726,LIQ,9139-94353546,50008,110,1,1,1,0,1110104000,17,0,0,3940528.24
2026,350,726,LIQ,9139-94353546,50008,110,1,1,3,0,1110104000,17,0,0,3339590.07
2026,350,726,LIQ,9139-94353546,50008,110,1,1,7,0,1110104000,17,0,0,728085.75
2026,350,726,LIQ,9139-94353546,50008,110,1,3,1,0,1110104000,17,0,0,176659.76
2026,350,726,LIQ,9139-94353546,50008,110,1,4,0,0,1110104000,17,0,0,319203.0
2026,350,726,LIQ,9139-94353546,50008,110,1,6,0,0,1110104000,17,0,0,621208.85
2026,351,727,LIQ,9139-94353547,50008,110,1,1,1,0,1110104000,17,0,0,575829.37
2026,351,727,LIQ,9139-94353547,50008,110,1,1,3,0,1110104000,17,0,0,444142.11
2026,351,727,LIQ,9139-94353547,50008,110,1,1,7,0,1110104000,17,0,0,109582.94
2026,351,727,LIQ,9139-94353547,50008,110,1,3,1,0,1110104000,17,0,0,161144.94
2026,351,727,LIQ,9139-94353547,50008,110,1,4,0,0,1110104000,17,0,0,101484.0
2026,352,728,LIQ,4000-00013270,50051,110,1,1,6,1,1110104000,17,0,0,873614.21
2026,353,729,LIQ,4000-00013271,50051,110,1,1,6,1,1110104000,17,0,0,122396.58
2026,354,730,LIQ,0040-00013264,50052,110,1,1,6,2,1110104000,17,0,0,379263.69
2026,355,731,LIQ,0040-00013265,50052,110,1,1,6,2,1110104000,17,0,0,48958.63
2026,356,732,LIQ,9139-94353548,50008,110,1,1,1,0,1110105000,30,0,0,1891776.92
2026,356,732,LIQ,9139-94353548,50008,110,1,1,1,0,1110105000,50,0,0,3160591.98
2026,356,732,LIQ,9139-94353548,50008,110,1,1,3,0,1110105000,30,0,0,1493741.5
2026,356,732,LIQ,9139-94353548,50008,110,1,1,3,0,1110105000,50,0,0,1967892.29
2026,356,732,LIQ,9139-94353548,50008,110,1,1,7,0,1110105000,30,0,0,359927.41
2026,356,732,LIQ,9139-94353548,50008,110,1,1,7,0,1110105000,50,0,0,825197.29
2026,356,732,LIQ,9139-94353548,50008,110,1,2,1,0,1110105000,30,0,0,372240.0
2026,356,732,LIQ,9139-94353548,50008,110,1,2,1,0,1110105000,50,0,0,1257158.98
2026,356,732,LIQ,9139-94353548,50008,110,1,2,2,0,1110105000,50,0,0,105345.2
2026,356,732,LIQ,9139-94353548,50008,110,1,2,6,0,1110105000,30,0,0,1500.0
2026,362,738,LIQ,9139-94353550,50008,110,1,1,3,0,1110106000,24,0,0,546151.92
2026,362,738,LIQ,9139-94353550,50008,110,1,1,3,0,1110106000,49,0,0,1301345.81
2026,362,738,LIQ,9139-94353550,50008,110,1,1,7,0,1110106000,24,0,0,321689.37
2026,362,738,LIQ,9139-94353550,50008,110,1,1,7,0,1110106000,49,0,0,339019.12
2026,362,738,LIQ,9139-94353550,50008,110,1,2,1,0,1110106000,24,0,0,557297.87
2026,362,738,LIQ,9139-94353550,50008,110,1,2,1,0,1110106000,49,0,0,557297.87
2026,362,738,LIQ,9139-94353550,50008,110,1,2,6,0,1110106000,24,0,0,1500.0
2026,362,738,LIQ,9139-94353550,50008,110,1,2,6,0,1110106000,49,0,0,1500.0
2026,321,697,LIQ,0040-00013251,50052,110,1,2,5,2,1110102000,35,0,0,20062.72
2026,322,698,LIQ,0040-00013252,50052,110,1,1,6,2,1110102000,52,0,0,51289.78
2026,322,698,LIQ,0040-00013252,50052,110,1,2,5,2,1110102000,52,0,0,140000.86
2026,323,699,LIQ,0040-00013253,50052,110,1,1,6,2,1110102000,1,0,0,20797.11
2026,324,700,LIQ,0040-00013254,50052,110,1,2,5,2,1110102000,33,0,0,34711.82
2026,325,701,LIQ,0040-00013255,50052,110,1,1,6,2,1110102000,1,0,0,593229.29
2026,325,701,LIQ,0040-00013255,50052,110,1,2,5,2,1110102000,1,0,0,315045.75
2026,326,702,LIQ,9139-94353538,50008,110,1,1,1,0,1110103000,1,0,0,1392670.18
2026,326,702,LIQ,9139-94353538,50008,110,1,1,3,0,1110103000,1,0,0,1693891.98
2026,326,702,LIQ,9139-94353538,50008,110,1,1,7,0,1110103000,1,0,0,958686.53
2026,326,702,LIQ,9139-94353538,50008,110,1,2,1,0,1110103000,1,0,0,4059975.18
2026,326,702,LIQ,9139-94353538,50008,110,1,2,2,0,1110103000,1,0,0,1454309.12
2026,326,702,LIQ,9139-94353538,50008,110,1,2,6,0,1110103000,1,0,0,6000.0
2026,326,702,LIQ,9139-94353538,50008,110,1,4,0,0,1110103000,1,0,0,67656.0
2026,326,702,LIQ,9139-94353538,50008,110,1,6,0,0,1110103000,1,0,0,3626900.75
2026,327,703,LIQ,9139-94353539,50008,110,1,1,7,0,1110103000,1,0,0,303055.61
2026,327,703,LIQ,9139-94353539,50008,110,1,2,1,0,1110103000,1,0,0,2020556.03
2026,1266,1851,FAB,2022-00001365,50003,110,3,7,2,0,1110101000,1,0,0,260000.0
2026,1267,1853,COM,0000-00200000,50003,110,2,5,6,0,1110118000,1,0,0,220000.0
2026,397,773,LIQ,9139-94353563,50008,110,1,1,3,0,1110118000,1,0,0,384495.05
2026,397,773,LIQ,9139-94353563,50008,110,1,1,3,0,1110118000,35,0,0,72755.39
2026,397,773,LIQ,9139-94353563,50008,110,1,1,3,0,1110118000,46,0,0,15449.34
2026,397,773,LIQ,9139-94353563,50008,110,1,1,7,0,1110118000,1,0,0,246800.23
2026,397,773,LIQ,9139-94353563,50008,110,1,1,7,0,1110118000,35,0,0,50000.0
2026,397,773,LIQ,9139-94353563,50008,110,1,1,7,0,1110118000,46,0,0,86831.12
2026,397,773,LIQ,9139-94353563,50008,110,1,2,1,0,1110118000,1,0,0,584872.26
2026,397,773,LIQ,9139-94353563,50008,110,1,2,6,0,1110118000,1,0,0,1500.0
2026,398,774,LIQ,9139-94353564,50008,110,1,1,1,0,1110118000,35,0,0,7334421.9
2026,398,774,LIQ,9139-94353564,50008,110,1,1,3,0,1110118000,35,0,0,5903227.47
2026,398,774,LIQ,9139-94353564,50008,110,1,1,7,0,1110118000,35,0,0,2270104.23
2026,398,774,LIQ,9139-94353564,50008,110,1,2,1,0,1110118000,35,0,0,3919861.2
2026,398,774,LIQ,9139-94353564,50008,110,1,2,2,0,1110118000,35,0,0,158439.16
2026,398,774,LIQ,9139-94353564,50008,110,1,2,6,0,1110118000,35,0,0,7500.0
2026,398,774,LIQ,9139-94353564,50008,110,1,3,1,0,1110118000,35,0,0,83985.85
2026,398,774,LIQ,9139-94353564,50008,110,1,4,0,0,1110118000,35,0,0,417609.0
2026,398,774,LIQ,9139-94353564,50008,110,1,6,0,0,1110118000,35,0,0,350539.21
2026,399,775,LIQ,9139-94353565,50008,110,1,1,1,0,1110118000,46,0,0,1071003.83
2026,399,775,LIQ,9139-94353565,50008,110,1,1,1,0,1110118000,48,0,0,1059287.71
2026,399,775,LIQ,9139-94353565,50008,110,1,1,3,0,1110118000,35,0,0,285615.16
2026,399,775,LIQ,9139-94353565,50008,110,1,1,3,0,1110118000,46,0,0,733267.52
2026,399,775,LIQ,9139-94353565,50008,110,1,1,3,0,1110118000,48,0,0,526821.78
2026,399,775,LIQ,9139-94353565,50008,110,1,1,7,0,1110118000,35,0,0,313459.58
2026,399,775,LIQ,9139-94353565,50008,110,1,1,7,0,1110118000,46,0,0,263100.39
2026,399,775,LIQ,9139-94353565,50008,110,1,1,7,0,1110118000,48,0,0,667844.31
2026,399,775,LIQ,9139-94353565,50008,110,1,2,1,0,1110118000,35,0,0,1490771.8
2026,399,775,LIQ,9139-94353565,50008,110,1,2,1,0,1110118000,48,0,0,2544155.17
2026,399,775,LIQ,9139-94353565,50008,110,1,2,2,0,1110118000,48,0,0,328412.98
2026,399,775,LIQ,9139-94353565,50008,110,1,2,6,0,1110118000,35,0,0,4000.0
2026,399,775,LIQ,9139-94353565,50008,110,1,2,6,0,1110118000,48,0,0,4500.0
2026,399,775,LIQ,9139-94353565,50008,110,1,3,1,0,1110118000,48,0,0,63622.49
2026,399,775,LIQ,9139-94353565,50008,110,1,4,0,0,1110118000,35,0,0,100302.0
2026,399,775,LIQ,9139-94353565,50008,110,1,4,0,0,1110118000,48,0,0,117807.0
2026,400,776,LIQ,4000-00013285,50051,110,1,2,5,1,1110118000,48,0,0,350839.8
2026,401,777,LIQ,4000-00013286,50051,110,1,1,6,1,1110118000,35,0,0,1381292.9
2026,401,777,LIQ,4000-00013286,50051,110,1,2,5,1,1110118000,35,0,0,689359.5
2026,402,778,LIQ,4000-00013287,50051,110,1,1,6,1,1110118000,1,0,0,138587.31
2026,402,778,LIQ,4000-00013287,50051,110,1,1,6,1,1110118000,35,0,0,46654.92
2026,402,778,LIQ,4000-00013287,50051,110,1,1,6,1,1110118000,46,0,0,43651.26
2026,402,778,LIQ,4000-00013287,50051,110,1,2,5,1,1110118000,1,0,0,80712.37
2026,403,779,LIQ,4000-00013288,50051,110,1,1,6,1,1110118000,46,0,0,216512.57
2026,403,779,LIQ,4000-00013288,50051,110,1,1,6,1,1110118000,48,0,0,190333.14
2026,403,779,LIQ,4000-00013288,50051,110,1,2,5,1,1110118000,35,0,0,213166.44
2026,403,779,LIQ,4000-00013288,50051,110,1,2,5,1,1110118000,48,0,0,344708.18
2026,404,780,LIQ,4000-00013289,50051,110,1,1,6,1,1110118000,1,0,0,395185.7
2026,404,780,LIQ,4000-00013289,50051,110,1,1,6,1,1110118000,45,0,0,456285.13
2026,404,780,LIQ,4000-00013289,50051,110,1,1,6,1,1110118000,46,0,0,3915717.35
2026,404,780,LIQ,4000-00013289,50051,110,1,1,6,1,1110118000,48,0,0,145301.81
2026,404,780,LIQ,4000-00013289,50051,110,1,2,5,1,1110118000,1,0,0,41797.34
2026,404,780,LIQ,4000-00013289,50051,110,1,2,5,1,1110118000,35,0,0,71724.24
2026,404,780,LIQ,4000-00013289,50051,110,1,2,5,1,1110118000,45,0,0,104493.36
2026,404,780,LIQ,4000-00013289,50051,110,1,2,5,1,1110118000,46,0,0,1099368.48
2026,404,780,LIQ,4000-00013289,50051,110,1,2,5,1,1110118000,48,0,0,112016.87
2026,405,781,LIQ,0040-00013279,50052,110,1,2,5,2,1110118000,48,0,0,140335.92
2026,406,782,LIQ,0040-00013280,50052,110,1,1,6,2,1110118000,35,0,0,552517.14
2026,406,782,LIQ,0040-00013280,50052,110,1,2,5,2,1110118000,35,0,0,275743.78
2026,407,783,LIQ,0040-00013281,50052,110,1,1,6,2,1110118000,1,0,0,55434.92
2026,407,783,LIQ,0040-00013281,50052,110,1,1,6,2,1110118000,35,0,0,18661.97
2026,407,783,LIQ,0040-00013281,50052,110,1,1,6,2,1110118000,46,0,0,17460.5
2026,407,783,LIQ,0040-00013281,50052,110,1,2,5,2,1110118000,1,0,0,32284.95
2026,408,784,LIQ,0040-00013282,50052,110,1,1,6,2,1110118000,1,0,0,158074.27
2026,408,784,LIQ,0040-00013282,50052,110,1,1,6,2,1110118000,45,0,0,182514.05
2026,408,784,LIQ,0040-00013282,50052,110,1,1,6,2,1110118000,46,0,0,1566286.93
2026,408,784,LIQ,0040-00013282,50052,110,1,1,6,2,1110118000,48,0,0,58120.72
2026,408,784,LIQ,0040-00013282,50052,110,1,2,5,2,1110118000,1,0,0,16718.94
2026,408,784,LIQ,0040-00013282,50052,110,1,2,5,2,1110118000,35,0,0,28689.69
2026,408,784,LIQ,0040-00013282,50052,110,1,2,5,2,1110118000,45,0,0,41797.34
2026,408,784,LIQ,0040-00013282,50052,110,1,2,5,2,1110118000,46,0,0,439747.37
2026,408,784,LIQ,0040-00013282,50052,110,1,2,5,2,1110118000,48,0,0,44806.75
2026,409,785,LIQ,0040-00013283,50052,110,1,1,6,2,1110118000,46,0,0,86605.03
2026,409,785,LIQ,0040-00013283,50052,110,1,1,6,2,1110118000,48,0,0,76133.26
2026,409,785,LIQ,0040-00013283,50052,110,1,2,5,2,1110118000,35,0,0,85266.57
2026,409,785,LIQ,0040-00013283,50052,110,1,2,5,2,1110118000,48,0,0,137883.27
2026,356,732,LIQ,9139-94353548,50008,110,1,2,6,0,1110105000,50,0,0,3000.0
2026,356,732,LIQ,9139-94353548,50008,110,1,4,0,0,1110105000,30,0,0,67656.0
2026,356,732,LIQ,9139-94353548,50008,110,1,4,0,0,1110105000,50,0,0,221062.0
2026,356,732,LIQ,9139-94353548,50008,110,1,6,0,0,1110105000,50,0,0,251040.96
2026,357,733,LIQ,4000-00013272,50051,110,1,1,6,1,1110105000,30,0,0,406262.22
2026,357,733,LIQ,4000-00013272,50051,110,1,1,6,1,1110105000,50,0,0,615418.1
2026,357,733,LIQ,4000-00013272,50051,110,1,2,5,1,1110105000,30,0,0,44668.8
2026,357,733,LIQ,4000-00013272,50051,110,1,2,5,1,1110105000,50,0,0,124119.12
2026,358,734,LIQ,0040-00013266,50052,110,1,1,6,2,1110105000,30,0,0,162504.88
2026,358,734,LIQ,0040-00013266,50052,110,1,1,6,2,1110105000,50,0,0,258217.2
2026,358,734,LIQ,0040-00013266,50052,110,1,2,5,2,1110105000,30,0,0,17867.52
2026,358,734,LIQ,0040-00013266,50052,110,1,2,5,2,1110105000,50,0,0,65400.2
2026,359,735,LIQ,9139-94353549,50008,132,1,1,1,0,1110105000,50,0,0,1867373.81
2026,359,735,LIQ,9139-94353549,50008,132,1,1,3,0,1110105000,50,0,0,1046710.06
2026,359,735,LIQ,9139-94353549,50008,132,1,1,7,0,1110105000,50,0,0,583158.79
2026,359,735,LIQ,9139-94353549,50008,132,1,2,1,0,1110105000,50,0,0,3873059.77
2026,359,735,LIQ,9139-94353549,50008,132,1,2,6,0,1110105000,50,0,0,55500.0
2026,359,735,LIQ,9139-94353549,50008,132,1,4,0,0,1110105000,50,0,0,1547723.0
2026,360,736,LIQ,4000-00013273,50051,132,1,1,6,1,1110105000,50,0,0,349690.06
2026,360,736,LIQ,4000-00013273,50051,132,1,2,5,1,1110105000,50,0,0,464767.17
2026,361,737,LIQ,0040-00013267,50052,132,1,1,6,2,1110105000,50,0,0,139876.03
2026,361,737,LIQ,0040-00013267,50052,132,1,2,5,2,1110105000,50,0,0,185906.87
2026,362,738,LIQ,9139-94353550,50008,110,1,1,1,0,1110106000,24,0,0,1114595.74
2026,362,738,LIQ,9139-94353550,50008,110,1,1,1,0,1110106000,49,0,0,1198232.96
2026,372,748,LIQ,4000-00013277,50051,110,1,1,6,1,1110108000,29,0,0,438287.79
2026,372,748,LIQ,4000-00013277,50051,110,1,2,5,1,1110108000,29,0,0,299433.5
2026,373,749,LIQ,0040-00013271,50052,110,1,1,6,2,1110108000,29,0,0,175315.12
2026,373,749,LIQ,0040-00013271,50052,110,1,2,5,2,1110108000,29,0,0,119773.41
2026,374,750,LIQ,9139-94353554,50008,110,1,1,1,0,1110109000,28,0,0,3225158.76
2026,374,750,LIQ,9139-94353554,50008,110,1,1,3,0,1110109000,28,0,0,1795213.38
2026,374,750,LIQ,9139-94353554,50008,110,1,1,7,0,1110109000,28,0,0,1043916.11
2026,374,750,LIQ,9139-94353554,50008,110,1,2,1,0,1110109000,28,0,0,4380678.0
2026,374,750,LIQ,9139-94353554,50008,110,1,2,6,0,1110109000,28,0,0,9000.0
2026,374,750,LIQ,9139-94353554,50008,110,1,4,0,0,1110109000,28,0,0,656820.0
2026,375,751,LIQ,4000-00013278,50051,110,1,1,6,1,1110109000,28,0,0,582148.98
2026,375,751,LIQ,4000-00013278,50051,110,1,2,5,1,1110109000,28,0,0,545977.04
2026,376,752,LIQ,0040-00013272,50052,110,1,1,6,2,1110109000,28,0,0,232859.6
2026,376,752,LIQ,0040-00013272,50052,110,1,2,5,2,1110109000,28,0,0,218390.82
2026,377,753,LIQ,9139-94353555,50008,132,1,1,1,0,1110109000,28,0,0,439730.99
2026,377,753,LIQ,9139-94353555,50008,132,1,1,1,0,1110109000,46,0,0,438847.52
2026,377,753,LIQ,9139-94353555,50008,132,1,1,3,0,1110109000,28,0,0,342234.29
2026,410,786,LIQ,9139-94353566,50008,131,1,6,0,0,1110118000,48,0,0,738999.06
2026,411,787,LIQ,0040-00013284,50052,131,1,1,6,2,1110118000,48,0,0,35471.95
2026,412,788,LIQ,9139-94353567,50008,110,1,1,1,0,1110200000,1,0,0,18684416.77
2026,412,788,LIQ,9139-94353567,50008,110,1,1,3,0,1110200000,1,0,0,2527524.16
2026,412,788,LIQ,9139-94353567,50008,110,1,1,7,0,1110200000,1,0,0,1233182.18
2026,412,788,LIQ,9139-94353567,50008,110,1,4,0,0,1110200000,1,0,0,127844.0
2026,413,789,LIQ,4000-00013290,50051,110,1,1,6,1,1110200000,1,0,0,2545432.92
2026,414,790,LIQ,0040-00013285,50052,110,1,1,6,2,1110200000,1,0,0,1018173.16
2026,415,337,FAC,0001-00000100,2843,132,5,1,4,0,1110106000,42,0,0,1662500.0
2026,416,251,FAB,0010-00000536,2869,110,2,1,1,0,1110106000,49,0,0,61980.0
2026,417,538,FAB,0002-00000526,2498,132,4,2,1,0,1110103000,51,80,0,11746168.43
2026,418,123,FAB,0003-00000674,1879,110,2,7,9,0,1110118000,46,0,0,10000.0
2026,418,123,FAB,0003-00000674,1879,110,2,9,9,0,1110118000,46,0,0,16000.0
2026,418,123,FAB,0003-00000673,1879,110,2,9,6,0,1110118000,46,0,0,49500.0
2026,418,123,FAB,0003-00000674,1879,110,2,9,6,0,1110118000,46,0,0,58000.0
2026,419,809,COM,2026-19600000,50031,110,5,1,4,0,1110106000,24,0,0,50000.0
2026,420,817,LIQ,9139-94353568,50008,110,1,1,1,0,1110101000,1,0,0,5618410.62
2026,420,817,LIQ,9139-94353568,50008,110,1,1,3,0,1110101000,1,0,0,-0.01
2026,421,818,LIQ,4000-00013291,50051,110,1,1,6,1,1110101000,1,0,0,674209.27
2026,377,753,LIQ,9139-94353555,50008,132,1,1,3,0,1110109000,46,0,0,289849.12
2026,377,753,LIQ,9139-94353555,50008,132,1,1,7,0,1110109000,28,0,0,260893.6
2026,377,753,LIQ,9139-94353555,50008,132,1,1,7,0,1110109000,46,0,0,95884.75
2026,377,753,LIQ,9139-94353555,50008,132,1,2,1,0,1110109000,28,0,0,2819538.06
2026,377,753,LIQ,9139-94353555,50008,132,1,2,6,0,1110109000,28,0,0,13500.0
2026,377,753,LIQ,9139-94353555,50008,132,1,4,0,0,1110109000,28,0,0,300906.0
2026,378,754,LIQ,4000-00013279,50051,132,1,1,6,1,1110109000,28,0,0,93835.83
2026,378,754,LIQ,4000-00013279,50051,132,1,1,6,1,1110109000,46,0,0,87443.6
2026,378,754,LIQ,4000-00013279,50051,132,1,2,5,1,1110109000,28,0,0,338344.57
2026,379,755,LIQ,0040-00013273,50052,132,1,1,6,2,1110109000,28,0,0,37534.33
2026,379,755,LIQ,0040-00013273,50052,132,1,1,6,2,1110109000,46,0,0,34977.44
2026,379,755,LIQ,0040-00013273,50052,132,1,2,5,2,1110109000,28,0,0,135337.83
2026,380,756,LIQ,9139-94353556,50008,131,1,1,1,0,1110111000,23,0,0,3385828.19
2026,380,756,LIQ,9139-94353556,50008,131,1,1,3,0,1110111000,23,0,0,3441588.07
2026,380,756,LIQ,9139-94353556,50008,131,1,1,7,0,1110111000,23,0,0,921150.7
2026,380,756,LIQ,9139-94353556,50008,131,1,2,1,0,1110111000,23,0,0,698530.3
2026,380,756,LIQ,9139-94353556,50008,131,1,2,6,0,1110111000,23,0,0,3000.0
2026,380,756,LIQ,9139-94353556,50008,131,1,4,0,0,1110111000,23,0,0,572811.0
2026,381,757,LIQ,4000-00013280,50051,131,1,1,6,1,1110111000,23,0,0,783664.9
2026,381,757,LIQ,4000-00013280,50051,131,1,2,5,1,1110111000,23,0,0,119448.68
2026,382,758,LIQ,0040-00013274,50052,131,1,1,6,2,1110111000,23,0,0,313465.96
2026,382,758,LIQ,0040-00013274,50052,131,1,2,5,2,1110111000,23,0,0,47779.48
2026,383,759,LIQ,9139-94353557,50008,110,1,1,1,0,1110112000,1,0,0,15433391.53
2026,383,759,LIQ,9139-94353557,50008,110,1,1,3,0,1110112000,1,0,0,17496009.39
2026,383,759,LIQ,9139-94353557,50008,110,1,1,7,0,1110112000,1,0,0,3028339.78
2026,383,759,LIQ,9139-94353557,50008,110,1,2,1,0,1110112000,1,0,0,996904.35
2026,383,759,LIQ,9139-94353557,50008,110,1,2,2,0,1110112000,1,0,0,2799092.05
2026,383,759,LIQ,9139-94353557,50008,110,1,2,6,0,1110112000,1,0,0,1500.0
2026,383,759,LIQ,9139-94353557,50008,110,1,4,0,0,1110112000,1,0,0,326828.0
2026,384,760,LIQ,4000-00013281,50051,110,1,1,6,1,1110112000,1,0,0,4353259.34
2026,384,760,LIQ,4000-00013281,50051,110,1,2,5,1,1110112000,1,0,0,53788.32
2026,385,761,LIQ,0040-00013275,50052,110,1,1,6,2,1110112000,1,0,0,1741303.74
2026,385,761,LIQ,0040-00013275,50052,110,1,2,5,2,1110112000,1,0,0,21515.33
2026,386,762,LIQ,9139-94353558,50008,110,1,1,1,0,1110113000,1,0,0,1337674.16
2026,386,762,LIQ,9139-94353558,50008,110,1,1,1,0,1110113000,32,0,0,2675844.86
2026,386,762,LIQ,9139-94353558,50008,110,1,1,1,0,1110113000,37,0,0,4194562.25
2026,386,762,LIQ,9139-94353558,50008,110,1,1,1,0,1110113000,42,0,0,22751343.08
2026,386,762,LIQ,9139-94353558,50008,110,1,1,3,0,1110113000,1,0,0,4628016.32
2026,386,762,LIQ,9139-94353558,50008,110,1,1,3,0,1110113000,32,0,0,5787512.51
2026,386,762,LIQ,9139-94353558,50008,110,1,1,3,0,1110113000,37,0,0,5251550.77
2026,386,762,LIQ,9139-94353558,50008,110,1,1,3,0,1110113000,42,0,0,18057234.71
2026,386,762,LIQ,9139-94353558,50008,110,1,1,7,0,1110113000,1,0,0,728921.84
2026,386,762,LIQ,9139-94353558,50008,110,1,1,7,0,1110113000,32,0,0,1435264.52
2026,386,762,LIQ,9139-94353558,50008,110,1,1,7,0,1110113000,37,0,0,1192657.86
2026,386,762,LIQ,9139-94353558,50008,110,1,1,7,0,1110113000,42,0,0,5150689.86
2026,386,762,LIQ,9139-94353558,50008,110,1,2,1,0,1110113000,1,0,0,2952865.8
2026,386,762,LIQ,9139-94353558,50008,110,1,2,1,0,1110113000,32,0,0,4997104.23
2026,386,762,LIQ,9139-94353558,50008,110,1,2,1,0,1110113000,37,0,0,2176475.6
2026,386,762,LIQ,9139-94353558,50008,110,1,2,1,0,1110113000,42,0,0,6933613.37
2026,386,762,LIQ,9139-94353558,50008,110,1,2,2,0,1110113000,1,0,0,550037.06
2026,386,762,LIQ,9139-94353558,50008,110,1,2,2,0,1110113000,32,0,0,688757.42
2026,386,762,LIQ,9139-94353558,50008,110,1,2,2,0,1110113000,37,0,0,20000.0
2026,386,762,LIQ,9139-94353558,50008,110,1,2,2,0,1110113000,42,0,0,1072343.92
2026,386,762,LIQ,9139-94353558,50008,110,1,2,6,0,1110113000,1,0,0,6000.0
2026,386,762,LIQ,9139-94353558,50008,110,1,2,6,0,1110113000,32,0,0,11500.0
2026,386,762,LIQ,9139-94353558,50008,110,1,2,6,0,1110113000,37,0,0,6000.0
2026,386,762,LIQ,9139-94353558,50008,110,1,2,6,0,1110113000,42,0,0,17500.0
2026,386,762,LIQ,9139-94353558,50008,110,1,3,1,0,1110113000,1,0,0,121140.67
2026,386,762,LIQ,9139-94353558,50008,110,1,3,1,0,1110113000,32,0,0,1363230.21
2026,386,762,LIQ,9139-94353558,50008,110,1,3,1,0,1110113000,42,0,0,9457530.76
2026,386,762,LIQ,9139-94353558,50008,110,1,4,0,0,1110113000,1,0,0,149349.0
2026,386,762,LIQ,9139-94353558,50008,110,1,4,0,0,1110113000,32,0,0,323728.0
2026,386,762,LIQ,9139-94353558,50008,110,1,4,0,0,1110113000,37,0,0,78209.0
2026,386,762,LIQ,9139-94353558,50008,110,1,4,0,0,1110113000,42,0,0,1917931.0
2026,386,762,LIQ,9139-94353558,50008,110,1,6,0,0,1110113000,32,0,0,1618860.08
2026,386,762,LIQ,9139-94353558,50008,110,1,6,0,0,1110113000,37,0,0,423058.33
2026,386,762,LIQ,9139-94353558,50008,110,1,6,0,0,1110113000,42,0,0,481893.8
2026,387,763,LIQ,4000-00013282,50051,110,1,1,6,1,1110113000,1,0,0,416433.55
2026,387,763,LIQ,4000-00013282,50051,110,1,1,6,1,1110113000,32,0,0,715620.6
2026,387,763,LIQ,4000-00013282,50051,110,1,1,6,1,1110113000,37,0,0,1066657.82
2026,387,763,LIQ,4000-00013282,50051,110,1,1,6,1,1110113000,42,0,0,4609734.38
2026,387,763,LIQ,4000-00013282,50051,110,1,2,5,1,1110113000,1,0,0,719797.66
2026,387,763,LIQ,4000-00013282,50051,110,1,2,5,1,1110113000,32,0,0,982285.7
2026,387,763,LIQ,4000-00013282,50051,110,1,2,5,1,1110113000,37,0,0,330452.81
2026,422,819,LIQ,0040-00013286,50052,110,1,1,6,2,1110101000,1,0,0,269683.71
2026,423,820,LIQ,9139-94353569,50008,110,1,1,1,0,1110102000,52,0,0,1874863.62
2026,423,820,LIQ,9139-94353569,50008,110,1,1,3,0,1110102000,52,0,0,937431.81
2026,424,821,LIQ,9139-94353570,50008,110,1,1,1,0,1110102000,1,0,0,2276018.14
2026,424,821,LIQ,9139-94353570,50008,110,1,1,3,0,1110102000,1,0,0,1570452.52
2026,425,822,LIQ,9139-94353571,50008,110,1,1,1,0,1110102000,33,0,0,1874863.62
2026,425,822,LIQ,9139-94353571,50008,110,1,1,3,0,1110102000,33,0,0,918683.17
2026,426,823,LIQ,4000-00013292,50051,110,1,1,6,1,1110102000,33,0,0,335225.61
2026,427,824,LIQ,4000-00013293,50051,110,1,1,6,1,1110102000,52,0,0,337475.45
2026,428,825,LIQ,4000-00013294,50051,110,1,1,6,1,1110102000,1,0,0,461576.48
2026,429,826,LIQ,0040-00013287,50052,110,1,1,6,2,1110102000,33,0,0,134090.25
2026,430,827,LIQ,0040-00013288,50052,110,1,1,6,2,1110102000,1,0,0,184630.59
2026,431,828,LIQ,0040-00013289,50052,110,1,1,6,2,1110102000,52,0,0,134990.18
2026,432,829,LIQ,9139-94353572,50008,110,1,1,1,0,1110103000,1,0,0,2276018.14
2026,432,829,LIQ,9139-94353572,50008,110,1,1,3,0,1110103000,1,0,0,2230497.78
2026,433,830,LIQ,4000-00013295,50051,110,1,1,6,1,1110103000,1,0,0,540781.91
2026,434,831,LIQ,0040-00013290,50052,110,1,1,6,2,1110103000,1,0,0,216312.76
2026,435,832,LIQ,9139-94353573,50008,110,1,1,1,0,1110104000,16,0,0,7900609.0
2026,435,832,LIQ,9139-94353573,50008,110,1,1,3,0,1110104000,16,0,0,6669744.47
2026,435,832,LIQ,9139-94353573,50008,110,1,3,1,0,1110104000,16,0,0,314186.4
2026,436,833,LIQ,4000-00013296,50051,110,1,1,6,1,1110104000,16,0,0,1748442.42
2026,437,834,LIQ,0040-00013291,50052,110,1,1,6,2,1110104000,16,0,0,699376.97
2026,438,835,LIQ,9139-94353574,50008,110,1,1,1,0,1110105000,30,0,0,1874863.62
2026,438,835,LIQ,9139-94353574,50008,110,1,1,1,0,1110105000,50,0,0,4150881.76
2026,438,835,LIQ,9139-94353574,50008,110,1,1,3,0,1110105000,30,0,0,899934.54
2026,438,835,LIQ,9139-94353574,50008,110,1,1,3,0,1110105000,50,0,0,2190550.88
2026,439,836,LIQ,4000-00013297,50051,110,1,1,6,1,1110105000,30,0,0,332975.78
2026,439,836,LIQ,4000-00013297,50051,110,1,1,6,1,1110105000,50,0,0,760971.91
2026,440,837,LIQ,0040-00013292,50052,110,1,1,6,2,1110105000,30,0,0,133190.31
2026,440,837,LIQ,0040-00013292,50052,110,1,1,6,2,1110105000,50,0,0,304388.76
2026,441,838,LIQ,9139-94353575,50008,110,1,1,1,0,1110106000,1,0,0,2276018.14
2026,441,838,LIQ,9139-94353575,50008,110,1,1,1,0,1110106000,24,0,0,3749727.24
2026,441,838,LIQ,9139-94353575,50008,110,1,1,3,0,1110106000,1,0,0,1479411.8
2026,441,838,LIQ,9139-94353575,50008,110,1,1,3,0,1110106000,24,0,0,3299759.98
2026,442,839,LIQ,4000-00013298,50051,110,1,1,6,1,1110106000,1,0,0,450651.59
2026,442,839,LIQ,4000-00013298,50051,110,1,1,6,1,1110106000,24,0,0,845938.47
2026,443,840,LIQ,0040-00013293,50052,110,1,1,6,2,1110106000,1,0,0,180260.64
2026,443,840,LIQ,0040-00013293,50052,110,1,1,6,2,1110106000,24,0,0,338375.39
2026,444,841,LIQ,9139-94353576,50008,132,1,1,1,0,1110106000,25,0,0,1874863.62
2026,444,841,LIQ,9139-94353576,50008,132,1,1,3,0,1110106000,25,0,0,1706125.9
2026,445,842,LIQ,4000-00013299,50051,132,1,1,6,1,1110106000,25,0,0,429718.74
2026,446,843,LIQ,0040-00013294,50052,132,1,1,6,2,1110106000,25,0,0,171887.5
2026,447,844,LIQ,9139-94353577,50008,110,1,1,1,0,1110108000,29,0,0,2276018.14
2026,447,844,LIQ,9139-94353577,50008,110,1,1,3,0,1110108000,29,0,0,1274570.16
2026,448,845,LIQ,4000-00013300,50051,110,1,1,6,1,1110108000,29,0,0,426070.6
2026,449,846,LIQ,0040-00013295,50052,110,1,1,6,2,1110108000,29,0,0,170428.24
2026,450,847,LIQ,9139-94353578,50008,110,1,1,1,0,1110109000,28,0,0,2276018.14
2026,450,847,LIQ,9139-94353578,50008,110,1,1,3,0,1110109000,28,0,0,1138009.07
2026,451,848,LIQ,4000-00013301,50051,110,1,1,6,1,1110109000,28,0,0,409683.27
2026,452,849,LIQ,0040-00013296,50052,110,1,1,6,2,1110109000,28,0,0,163873.31
2026,453,850,LIQ,9139-94353579,50008,110,1,1,1,0,1110112000,1,0,0,4150881.76
2026,453,850,LIQ,9139-94353579,50008,110,1,1,3,0,1110112000,1,0,0,2581569.78
2026,454,851,LIQ,4000-00013302,50051,110,1,1,6,1,1110112000,1,0,0,807894.18
2026,455,852,LIQ,0040-00013297,50052,110,1,1,6,2,1110112000,1,0,0,323157.68
2026,456,853,LIQ,9139-94353580,50008,110,1,1,1,0,1110113000,1,0,0,4150881.76
2026,456,853,LIQ,9139-94353580,50008,110,1,1,1,0,1110113000,37,0,0,1874863.62
2026,456,853,LIQ,9139-94353580,50008,110,1,1,3,0,1110113000,1,0,0,1992423.25
2026,456,853,LIQ,9139-94353580,50008,110,1,1,3,0,1110113000,37,0,0,937431.81
2026,457,854,LIQ,4000-00013303,50051,110,1,1,6,1,1110113000,1,0,0,737196.6
2026,457,854,LIQ,4000-00013303,50051,110,1,1,6,1,1110113000,37,0,0,337475.45
2026,458,855,LIQ,0040-00013298,50052,110,1,1,6,2,1110113000,1,0,0,294878.64
2026,458,855,LIQ,0040-00013298,50052,110,1,1,6,2,1110113000,37,0,0,134990.18
2026,459,856,LIQ,9139-94353581,50008,110,1,1,1,0,1110115000,1,0,0,2276018.14
2026,459,856,LIQ,9139-94353581,50008,110,1,1,3,0,1110115000,1,0,0,1206289.62
2026,460,857,LIQ,4000-00013304,50051,110,1,1,6,1,1110115000,1,0,0,417876.93
2026,461,858,LIQ,0040-00013299,50052,110,1,1,6,2,1110115000,1,0,0,167150.77
2026,462,859,LIQ,9139-94353582,50008,110,1,1,1,0,1110117000,34,0,0,4150881.76
2026,462,859,LIQ,9139-94353582,50008,110,1,1,1,0,1110117000,36,0,0,1874863.62
2026,462,859,LIQ,9139-94353582,50008,110,1,1,3,0,1110117000,34,0,0,2394167.7
2026,462,859,LIQ,9139-94353582,50008,110,1,1,3,0,1110117000,36,0,0,862437.27
2026,463,860,LIQ,4000-00013305,50051,110,1,1,6,1,1110117000,34,0,0,785405.94
2026,463,860,LIQ,4000-00013305,50051,110,1,1,6,1,1110117000,36,0,0,328476.11
2026,464,861,LIQ,0040-00013300,50052,110,1,1,6,2,1110117000,34,0,0,314162.38
2026,464,861,LIQ,0040-00013300,50052,110,1,1,6,2,1110117000,36,0,0,131390.44
2026,465,862,LIQ,9139-94353583,50008,110,1,1,1,0,1110118000,1,0,0,2276018.14
2026,465,862,LIQ,9139-94353583,50008,110,1,1,3,0,1110118000,1,0,0,1138009.07
2026,466,863,LIQ,9139-94353584,50008,110,1,1,1,0,1110118000,35,0,0,1874863.62
2026,466,863,LIQ,9139-94353584,50008,110,1,1,3,0,1110118000,35,0,0,937431.81
2026,467,864,LIQ,4000-00013306,50051,110,1,1,6,1,1110118000,35,0,0,337475.45
2026,468,865,LIQ,4000-00013307,50051,110,1,1,6,1,1110118000,1,0,0,409683.27
2026,469,866,LIQ,0040-00013301,50052,110,1,1,6,2,1110118000,35,0,0,134990.18
2026,470,867,LIQ,0040-00013302,50052,110,1,1,6,2,1110118000,1,0,0,163873.31
2026,471,155,FAB,0005-00006207,3405,110,2,6,4,0,1110118000,46,0,0,3008000.0
2026,472,612,FAB,0006-00001475,297,110,2,1,4,0,1110118000,35,0,0,401580.0
2026,472,612,FAB,0006-00001475,297,110,2,5,4,0,1110118000,35,0,0,244400.0
2026,473,869,FAB,0007-02444078,2969,110,3,1,4,0,1110102000,1,0,0,2485758.13
2026,474,872,COM,2026-00000001,230,110,3,5,4,0,1110112000,1,0,0,5783.8
2026,475,874,COM,2026-29010000,50087,110,3,5,4,0,1110112000,1,0,0,524967.92
2026,476,876,COM,2026-70960000,50087,110,3,5,5,0,1110112000,1,0,0,12034.26
2026,477,877,COM,2026-70960001,50087,110,3,5,5,0,1110112000,1,0,0,524967.92
2026,478,879,COM,2026-00000002,230,110,3,5,5,0,1110112000,1,0,0,5783.8
2026,387,763,LIQ,4000-00013282,50051,110,1,2,5,1,1110113000,42,0,0,1248009.83
2026,388,764,LIQ,0040-00013276,50052,110,1,1,6,2,1110113000,1,0,0,166573.42
2026,388,764,LIQ,0040-00013276,50052,110,1,1,6,2,1110113000,32,0,0,286248.23
2026,388,764,LIQ,0040-00013276,50052,110,1,1,6,2,1110113000,37,0,0,446969.93
2026,388,764,LIQ,0040-00013276,50052,110,1,1,6,2,1110113000,42,0,0,1867024.67
2026,388,764,LIQ,0040-00013276,50052,110,1,2,5,2,1110113000,1,0,0,287919.06
2026,388,764,LIQ,0040-00013276,50052,110,1,2,5,2,1110113000,32,0,0,392914.31
2026,388,764,LIQ,0040-00013276,50052,110,1,2,5,2,1110113000,37,0,0,132181.11
2026,388,764,LIQ,0040-00013276,50052,110,1,2,5,2,1110113000,42,0,0,499203.96
2026,389,765,LIQ,9139-94353559,50008,110,1,1,1,0,1110115000,1,0,0,2451064.96
2026,389,765,LIQ,9139-94353559,50008,110,1,1,3,0,1110115000,1,0,0,4250136.76
2026,389,765,LIQ,9139-94353559,50008,110,1,1,7,0,1110115000,1,0,0,727928.02
2026,389,765,LIQ,9139-94353559,50008,110,1,2,1,0,1110115000,1,0,0,1182038.57
2026,389,765,LIQ,9139-94353559,50008,110,1,2,2,0,1110115000,1,0,0,5000.0
2026,389,765,LIQ,9139-94353559,50008,110,1,2,6,0,1110115000,1,0,0,4500.0
2026,389,765,LIQ,9139-94353559,50008,110,1,4,0,0,1110115000,1,0,0,20458.0
2026,390,766,LIQ,4000-00013283,50051,110,1,1,6,1,1110115000,1,0,0,761767.27
2026,390,766,LIQ,4000-00013283,50051,110,1,2,5,1,1110115000,1,0,0,184821.58
2026,391,767,LIQ,0040-00013277,50052,110,1,1,6,2,1110115000,1,0,0,304706.92
2026,391,767,LIQ,0040-00013277,50052,110,1,2,5,2,1110115000,1,0,0,73928.63
2026,392,768,LIQ,9139-94353560,50008,110,1,1,1,0,1110117000,34,0,0,1356652.11
2026,392,768,LIQ,9139-94353560,50008,110,1,1,1,0,1110117000,36,0,0,1158140.69
2026,392,768,LIQ,9139-94353560,50008,110,1,1,3,0,1110117000,34,0,0,2740870.46
2026,392,768,LIQ,9139-94353560,50008,110,1,1,3,0,1110117000,36,0,0,553113.17
2026,392,768,LIQ,9139-94353560,50008,110,1,1,7,0,1110117000,34,0,0,911225.72
2026,392,768,LIQ,9139-94353560,50008,110,1,1,7,0,1110117000,36,0,0,160652.55
2026,392,768,LIQ,9139-94353560,50008,110,1,2,1,0,1110117000,34,0,0,3671247.23
2026,392,768,LIQ,9139-94353560,50008,110,1,2,2,0,1110117000,34,0,0,15000.0
2026,392,768,LIQ,9139-94353560,50008,110,1,2,6,0,1110117000,34,0,0,6000.0
2026,392,768,LIQ,9139-94353560,50008,110,1,4,0,0,1110117000,34,0,0,50151.0
2026,392,768,LIQ,9139-94353560,50008,110,1,6,0,0,1110117000,34,0,0,1224188.54
2026,393,769,LIQ,4000-00013284,50051,110,1,1,6,1,1110117000,34,0,0,323537.81
2026,393,769,LIQ,4000-00013284,50051,110,1,1,6,1,1110117000,36,0,0,205350.46
2026,393,769,LIQ,4000-00013284,50051,110,1,2,5,1,1110117000,34,0,0,610514.57
2026,394,770,LIQ,0040-00013278,50052,110,1,1,6,2,1110117000,34,0,0,188176.18
2026,394,770,LIQ,0040-00013278,50052,110,1,1,6,2,1110117000,36,0,0,82140.18
2026,394,770,LIQ,0040-00013278,50052,110,1,2,5,2,1110117000,34,0,0,244205.82
2026,395,771,LIQ,9139-94353561,50008,110,1,1,1,0,1110118000,1,0,0,1523480.37
2026,395,771,LIQ,9139-94353561,50008,110,1,1,1,0,1110118000,45,0,0,1938445.59
2026,395,771,LIQ,9139-94353561,50008,110,1,1,1,0,1110118000,46,0,0,21645683.73
2026,395,771,LIQ,9139-94353561,50008,110,1,1,1,0,1110118000,48,0,0,805290.01
2026,395,771,LIQ,9139-94353561,50008,110,1,1,3,0,1110118000,1,0,0,1769733.75
2026,395,771,LIQ,9139-94353561,50008,110,1,1,3,0,1110118000,35,0,0,179728.56
2026,395,771,LIQ,9139-94353561,50008,110,1,1,3,0,1110118000,45,0,0,2038086.14
2026,395,771,LIQ,9139-94353561,50008,110,1,1,3,0,1110118000,46,0,0,12306090.19
2026,395,771,LIQ,9139-94353561,50008,110,1,1,3,0,1110118000,48,0,0,2729605.35
2026,395,771,LIQ,9139-94353561,50008,110,1,1,7,0,1110118000,1,0,0,437344.28
2026,395,771,LIQ,9139-94353561,50008,110,1,1,7,0,1110118000,35,0,0,92297.34
2026,395,771,LIQ,9139-94353561,50008,110,1,1,7,0,1110118000,45,0,0,624892.62
2026,395,771,LIQ,9139-94353561,50008,110,1,1,7,0,1110118000,46,0,0,6288205.56
2026,395,771,LIQ,9139-94353561,50008,110,1,1,7,0,1110118000,48,0,0,327326.34
2026,395,771,LIQ,9139-94353561,50008,110,1,2,1,0,1110118000,1,0,0,348311.17
2026,395,771,LIQ,9139-94353561,50008,110,1,2,1,0,1110118000,35,0,0,417973.4
2026,395,771,LIQ,9139-94353561,50008,110,1,2,1,0,1110118000,45,0,0,696622.34
2026,395,771,LIQ,9139-94353561,50008,110,1,2,1,0,1110118000,46,0,0,7835608.02
2026,395,771,LIQ,9139-94353561,50008,110,1,2,1,0,1110118000,48,0,0,808081.91
2026,560,994,VIA,2026-23010000,50003,110,3,7,2,0,1110101000,1,0,0,180000.0
2026,561,995,VIA,2026-22030010,50003,110,3,7,2,0,1110102000,33,0,0,270000.0
2026,562,914,FAC,0002-00000090,2337,131,3,9,9,0,1110111000,23,0,0,2690617.0
2026,564,545,FAB,0009-00014669,3226,110,4,3,6,0,1110106000,24,0,0,680949.0
2026,565,997,COM,4000-00000009,5090,110,7,3,3,0,1110102000,1,0,0,11713071.82
2026,598,1040,FAB,2022-50000059,50070,110,3,5,4,0,1110102000,1,0,0,17326705.67
2026,599,1042,FAB,2022-50000060,50070,131,3,5,4,0,1110111000,23,0,0,121635.25
2026,605,554,FAB,0141-00000243,1334,110,2,9,6,0,1110118000,46,0,0,1188215.84
2026,609,990,FAC,0002-00000051,3534,110,3,4,6,0,1110105000,30,0,0,800000.0
2026,610,618,FAB,0030-00001808,1514,132,2,5,6,0,1110118000,48,0,0,3644082.0
2026,611,621,FAB,0030-00001806,1514,132,2,5,6,0,1110118000,46,0,0,11518650.01
2026,612,613,FAB,0030-00001807,1514,131,2,5,6,0,1110111000,23,0,0,8055000.0
2026,613,593,FAB,0009-00018324,1259,110,2,9,3,0,1110104000,17,0,0,30152.16
2026,1138,1117,FAC,0005-00000201,3364,110,3,4,2,0,1110105000,50,0,0,1050000.0
2026,1139,1657,FAB,0000-00000278,50063,110,3,5,5,0,1110102000,1,0,0,18271.0
2026,1140,1236,FAB,0005-00000896,2450,132,2,9,9,0,1110106000,25,0,0,3500.0
2026,1140,1236,FAB,0005-00000896,2450,132,2,1,1,0,1110106000,25,0,0,260000.0
2026,1141,186,FAC,0004-00000159,216,131,3,9,9,0,1110104000,16,0,0,186300.0
2026,1142,91,FAC,0004-00000158,216,131,2,9,1,0,1110104000,16,0,0,157200.0
2026,1143,1310,FAC,0002-00000187,2069,132,2,9,9,0,1110106000,25,0,0,850000.0
2026,1146,928,FAC,0004-00000161,216,131,3,9,9,0,1110104000,16,0,0,129200.0
2026,1238,167,FAB,0003-00000672,1879,110,2,9,3,0,1110109000,28,0,0,46200.0
2026,1239,183,FAB,0003-00000671,1879,110,2,9,6,0,1110113000,42,0,0,81300.0
2026,1240,358,FAB,0003-00000675,1879,110,2,9,6,0,1110106000,24,0,0,19000.0
2026,1241,84,FAB,0003-00000670,1879,110,2,4,3,0,1110102000,52,0,0,37300.0
2026,1243,1776,COM,2026-00100154,789,110,3,1,1,0,1110108000,29,0,0,274859.41
2026,1243,1776,FAS,0119-06616135,789,110,3,1,2,0,1110108000,29,0,0,19250.04
2026,1243,1776,COM,0002-00100094,789,110,3,1,1,0,1110108000,29,0,0,155715.6
2026,1243,1776,FAS,0004-68479652,789,110,3,1,3,0,1110108000,29,0,0,24630.7
2026,1243,1776,FAS,0004-68479651,789,110,3,1,3,0,1110108000,29,0,0,24400.61
2026,1243,1776,FAA,0007-00186476,789,110,3,1,4,0,1110108000,29,0,0,31741.14
2026,1243,1776,FAA,0007-00186554,789,110,3,1,4,0,1110108000,29,0,0,31477.1
2026,1243,1776,COM,2026-02000000,789,110,3,3,9,0,1110108000,29,0,0,569237.0
2026,1243,1776,COM,0002-00100123,789,110,3,1,1,0,1110108000,29,0,0,123036.17
2026,1243,1776,FAA,0005-00553705,789,110,3,1,9,0,1110108000,29,0,0,60782.95
2026,1243,1776,FAS,0119-06615936,789,110,3,1,2,0,1110108000,29,0,0,32330.54
2026,1247,990,FAC,0002-00000052,3534,110,3,4,6,0,1110105000,30,0,0,832000.0
2026,1248,1020,FAC,0003-00000294,2208,110,3,9,9,0,1110112000,1,0,0,228000.0
2026,1249,585,FAB,0009-00018316,1259,110,2,9,3,0,1110113000,42,0,0,130278.4
2026,1249,585,FAB,0009-00018316,1259,110,2,9,9,0,1110113000,42,0,0,5465.6
2026,1250,376,FAB,0009-00018312,1259,110,2,9,3,0,1110106000,24,0,0,93664.2
2026,1251,374,FAB,0009-00018311,1259,132,2,9,3,0,1110106000,25,0,0,26705.0
2026,1252,586,FAB,0009-00018315,1259,110,2,9,2,0,1110113000,42,0,0,11668.14
2026,1252,586,FAB,0009-00018315,1259,110,2,9,3,0,1110113000,42,0,0,53684.65
2026,1252,586,FAB,0009-00018315,1259,110,2,9,9,0,1110113000,42,0,0,5838.54
2026,1253,491,FAC,0002-00000187,2109,110,3,6,1,0,1110115000,1,0,0,190000.0
2026,1254,489,FAC,0003-00000691,2086,110,3,6,1,0,1110115000,1,0,0,100000.0
2026,1255,494,FAC,0002-00001942,2308,110,3,6,1,0,1110115000,1,0,0,65000.0
2026,1256,573,FAC,0002-00000042,3516,131,3,4,9,0,1110106000,44,0,0,170000.0
2026,1257,1825,FAB,2022-21900838,50087,110,3,5,5,0,1110102000,1,0,0,135600.0
2026,1258,1832,FAB,2022-21900839,50087,131,2,5,6,0,1110113000,1,0,0,5000000.0
2026,1259,1834,FAB,2022-21900840,50087,132,2,5,6,0,1110106000,24,0,0,300000.0
2026,1260,1838,FAB,2022-21900841,50087,110,2,5,6,0,1110101000,1,0,0,200000.0
2026,1261,1839,FAB,2022-21900842,50087,131,2,5,6,0,1110111000,23,0,0,280000.0
2026,1262,1840,FAB,2022-21900843,50087,131,2,5,6,0,1110104000,16,0,0,1000000.0
2026,1438,2025,FAB,7004-68784169,50023,110,3,1,3,0,1110104000,16,0,0,398473.18
2026,1441,2043,FAB,7004-68784190,50023,131,3,1,3,0,1110104000,16,0,0,27863.42
2026,1438,2025,FAB,7004-68784192,50023,110,3,1,3,0,1110104000,16,0,0,28797.78
2026,1438,2025,FAB,7004-68784193,50023,110,3,1,3,0,1110104000,16,0,0,23471.71
2026,1438,2025,FAB,7004-68784190,50023,110,3,1,3,0,1110104000,16,0,0,27863.42
2026,1439,2025,FAB,7004-68784169,50023,110,3,1,3,0,1110104000,16,0,0,398473.18
2026,1439,2025,FAB,7004-68784192,50023,110,3,1,3,0,1110104000,16,0,0,28797.78
2026,1439,2025,FAB,7004-68784193,50023,110,3,1,3,0,1110104000,16,0,0,23471.71
2026,1441,2043,FAB,7004-68784188,50023,131,3,1,3,0,1110104000,16,0,0,138598.0
2026,1440,298,COM,1100-01101116,708,110,3,5,4,0,1110106000,24,0,0,2535.0
2026,1442,1373,FAC,0002-00002140,2790,110,2,7,1,0,1110118000,46,0,0,160000.0
2026,1443,1646,FAB,0003-00000198,1603,131,2,1,1,0,1110104000,16,0,0,833000.0
2026,1444,1752,FAB,0006-00000835,2627,131,2,1,1,0,1110104000,16,0,0,50800.0
2026,1445,1845,FAB,0006-00000837,2627,131,2,1,1,0,1110104000,16,0,0,14400.0
2026,1446,1846,FAB,0006-00000836,2627,131,2,1,1,0,1110104000,16,0,0,58800.0
2026,1447,1792,FAB,0006-00000832,2627,131,2,1,1,0,1110104000,16,0,0,6000.0
2026,1448,1781,FAB,0006-00000833,2627,131,2,1,1,0,1110104000,16,0,0,6500.0
2026,1449,2046,FAB,8173-96979402,50031,110,5,1,4,0,1110106000,24,0,0,16000.0
2026,1450,2047,FAB,0000-00000034,50370,132,5,1,7,0,1110105000,50,0,0,111818.92
2026,395,771,LIQ,9139-94353561,50008,110,1,2,2,0,1110118000,46,0,0,5000.0
2026,395,771,LIQ,9139-94353561,50008,110,1,2,6,0,1110118000,1,0,0,1500.0
2026,395,771,LIQ,9139-94353561,50008,110,1,2,6,0,1110118000,35,0,0,1500.0
2026,395,771,LIQ,9139-94353561,50008,110,1,2,6,0,1110118000,45,0,0,3000.0
2026,395,771,LIQ,9139-94353561,50008,110,1,2,6,0,1110118000,46,0,0,23500.0
2026,395,771,LIQ,9139-94353561,50008,110,1,2,6,0,1110118000,48,0,0,1000.0
2026,395,771,LIQ,9139-94353561,50008,110,1,4,0,0,1110118000,35,0,0,326594.0
2026,395,771,LIQ,9139-94353561,50008,110,1,4,0,0,1110118000,45,0,0,100302.0
2026,395,771,LIQ,9139-94353561,50008,110,1,4,0,0,1110118000,46,0,0,2883966.0
2026,395,771,LIQ,9139-94353561,50008,110,1,6,0,0,1110118000,48,0,0,63900.77
2026,396,772,LIQ,9139-94353562,50008,110,1,1,7,0,1110118000,48,0,0,443366.51
2026,396,772,LIQ,9139-94353562,50008,110,1,2,1,0,1110118000,48,0,0,2918665.04
2026,396,772,LIQ,9139-94353562,50008,110,1,2,2,0,1110118000,48,0,0,5000.0
2026,396,772,LIQ,9139-94353562,50008,110,1,2,6,0,1110118000,48,0,0,4500.0
2026,396,772,LIQ,9139-94353562,50008,110,1,4,0,0,1110118000,48,0,0,40916.0
2026,397,773,LIQ,9139-94353563,50008,110,1,1,1,0,1110118000,1,0,0,858130.03
2026,397,773,LIQ,9139-94353563,50008,110,1,1,1,0,1110118000,35,0,0,316035.59
2026,397,773,LIQ,9139-94353563,50008,110,1,1,1,0,1110118000,46,0,0,348311.17
2026,1451,2049,FAB,3108-03292066,50002,110,3,1,4,0,1110102000,1,0,0,29407.16
2026,1451,2049,FAB,3108-03338049,50002,110,3,1,4,0,1110102000,1,0,0,39741.09
2026,1451,2049,FAB,3108-03338052,50002,110,3,1,4,0,1110102000,1,0,0,29145.27
2026,1451,2049,FAB,3108-03338051,50002,110,3,1,4,0,1110102000,1,0,0,29145.27
2026,1451,2049,FAB,3108-03292067,50002,110,3,1,4,0,1110102000,1,0,0,29145.27
2026,1451,2049,FAB,3108-03338053,50002,110,3,1,4,0,1110102000,1,0,0,42338.12
2026,1451,2049,FAB,3108-03338050,50002,110,3,1,4,0,1110102000,1,0,0,630957.05
2026,1451,2049,FAB,3108-03292065,50002,110,3,1,4,0,1110102000,1,0,0,29145.27
2026,1452,2050,FAB,0050-38956098,50012,110,3,7,9,0,1110101000,1,0,0,40898.56
2026,1453,1401,FAC,0001-00000001,3557,110,3,2,9,0,1110105000,30,0,0,880000.0
2026,1085,1617,LIQ,9139-94353654,50008,110,1,1,1,0,1110118000,46,0,0,21645378.23
2026,1085,1617,LIQ,9139-94353654,50008,110,1,1,1,0,1110118000,48,0,0,438847.52
2026,1085,1617,LIQ,9139-94353654,50008,110,1,1,3,0,1110118000,1,0,0,2907742.82
2026,1085,1617,LIQ,9139-94353654,50008,110,1,1,3,0,1110118000,35,0,0,179728.56
2026,1085,1617,LIQ,9139-94353654,50008,110,1,1,3,0,1110118000,45,0,0,2399951.12
2026,1085,1617,LIQ,9139-94353654,50008,110,1,1,3,0,1110118000,46,0,0,12407101.81
2026,1085,1617,LIQ,9139-94353654,50008,110,1,1,3,0,1110118000,48,0,0,342064.74
2026,1085,1617,LIQ,9139-94353654,50008,110,1,1,7,0,1110118000,1,0,0,402513.16
2026,1085,1617,LIQ,9139-94353654,50008,110,1,1,7,0,1110118000,35,0,0,92297.34
2026,1085,1617,LIQ,9139-94353654,50008,110,1,1,7,0,1110118000,45,0,0,622290.63
2026,1085,1617,LIQ,9139-94353654,50008,110,1,1,7,0,1110118000,46,0,0,6188758.07
2026,1085,1617,LIQ,9139-94353654,50008,110,1,1,7,0,1110118000,48,0,0,280479.43
2026,1085,1617,LIQ,9139-94353654,50008,110,1,2,1,0,1110118000,1,0,0,348311.17
2026,1085,1617,LIQ,9139-94353654,50008,110,1,2,1,0,1110118000,35,0,0,417973.4
2026,1085,1617,LIQ,9139-94353654,50008,110,1,2,1,0,1110118000,45,0,0,696622.34
2026,1085,1617,LIQ,9139-94353654,50008,110,1,2,1,0,1110118000,46,0,0,7704643.02
2026,1085,1617,LIQ,9139-94353654,50008,110,1,2,1,0,1110118000,48,0,0,835946.8
2026,1085,1617,LIQ,9139-94353654,50008,110,1,2,2,0,1110118000,1,0,0,10449.34
2026,1085,1617,LIQ,9139-94353654,50008,110,1,2,2,0,1110118000,35,0,0,8359.47
2026,1085,1617,LIQ,9139-94353654,50008,110,1,2,2,0,1110118000,46,0,0,69662.23
2026,1085,1617,LIQ,9139-94353654,50008,110,1,2,3,0,1110118000,46,0,0,72919.53
2026,1085,1617,LIQ,9139-94353654,50008,110,1,2,6,0,1110118000,1,0,0,1500.0
2026,1085,1617,LIQ,9139-94353654,50008,110,1,2,6,0,1110118000,35,0,0,1500.0
2026,1085,1617,LIQ,9139-94353654,50008,110,1,2,6,0,1110118000,45,0,0,3000.0
2026,1085,1617,LIQ,9139-94353654,50008,110,1,2,6,0,1110118000,46,0,0,26000.0
2026,1085,1617,LIQ,9139-94353654,50008,110,1,2,6,0,1110118000,48,0,0,3000.0
2026,1085,1617,LIQ,9139-94353654,50008,110,1,4,0,0,1110118000,35,0,0,326594.0
2026,1085,1617,LIQ,9139-94353654,50008,110,1,4,0,0,1110118000,45,0,0,208874.0
2026,1085,1617,LIQ,9139-94353654,50008,110,1,4,0,0,1110118000,46,0,0,2620367.0
2026,1085,1617,LIQ,9139-94353654,50008,110,1,6,0,0,1110118000,46,0,0,733246.98
2026,1085,1617,LIQ,9139-94353654,50008,110,1,6,0,0,1110118000,48,0,0,333196.9
2026,1086,1618,LIQ,4000-00013349,50051,110,1,1,6,1,1110118000,35,0,0,1733003.32
2026,1086,1618,LIQ,4000-00013349,50051,110,1,2,5,1,1110118000,35,0,0,644434.32
2026,1087,1619,LIQ,4000-00013350,50051,110,1,1,6,1,1110118000,1,0,0,138587.31
2026,1087,1619,LIQ,4000-00013350,50051,110,1,1,6,1,1110118000,35,0,0,51374.38
2026,1087,1619,LIQ,4000-00013350,50051,110,1,1,6,1,1110118000,46,0,0,43651.26
2026,1087,1619,LIQ,4000-00013350,50051,110,1,2,5,1,1110118000,1,0,0,80712.37
2026,1088,1620,LIQ,4000-00013351,50051,110,1,2,5,1,1110118000,48,0,0,350839.8
2026,1089,1621,LIQ,4000-00013352,50051,110,1,1,6,1,1110118000,46,0,0,217348.51
2026,1089,1621,LIQ,4000-00013352,50051,110,1,1,6,1,1110118000,48,0,0,192018.66
2026,1089,1621,LIQ,4000-00013352,50051,110,1,2,5,1,1110118000,35,0,0,165684.66
2026,1089,1621,LIQ,4000-00013352,50051,110,1,2,5,1,1110118000,48,0,0,344708.18
2026,1090,1622,LIQ,4000-00013353,50051,110,1,1,6,1,1110118000,1,0,0,804868.97
2026,1090,1622,LIQ,4000-00013353,50051,110,1,1,6,1,1110118000,45,0,0,538383.89
2026,1090,1622,LIQ,4000-00013353,50051,110,1,1,6,1,1110118000,46,0,0,3932232.61
2026,1090,1622,LIQ,4000-00013353,50051,110,1,1,6,1,1110118000,48,0,0,78662.43
2026,1090,1622,LIQ,4000-00013353,50051,110,1,2,5,1,1110118000,1,0,0,43051.26
2026,1090,1622,LIQ,4000-00013353,50051,110,1,2,5,1,1110118000,35,0,0,72727.37
2026,1090,1622,LIQ,4000-00013353,50051,110,1,2,5,1,1110118000,45,0,0,104493.36
2026,1090,1622,LIQ,4000-00013353,50051,110,1,2,5,1,1110118000,46,0,0,1095731.98
2026,1090,1622,LIQ,4000-00013353,50051,110,1,2,5,1,1110118000,48,0,0,115360.66
2026,1091,1623,LIQ,0040-00013344,50052,110,1,1,6,2,1110118000,1,0,0,55434.92
2026,1091,1623,LIQ,0040-00013344,50052,110,1,1,6,2,1110118000,35,0,0,20549.75
2026,1091,1623,LIQ,0040-00013344,50052,110,1,1,6,2,1110118000,46,0,0,17460.5
2026,1091,1623,LIQ,0040-00013344,50052,110,1,2,5,2,1110118000,1,0,0,32284.95
2026,1092,1624,LIQ,0040-00013345,50052,110,1,2,5,2,1110118000,48,0,0,140335.92
2026,1093,1625,LIQ,0040-00013346,50052,110,1,1,6,2,1110118000,46,0,0,86939.41
2026,1093,1625,LIQ,0040-00013346,50052,110,1,1,6,2,1110118000,48,0,0,76807.46
2026,1093,1625,LIQ,0040-00013346,50052,110,1,2,5,2,1110118000,35,0,0,66273.87
2026,1093,1625,LIQ,0040-00013346,50052,110,1,2,5,2,1110118000,48,0,0,137883.27
2026,1094,1626,LIQ,0040-00013347,50052,110,1,1,6,2,1110118000,1,0,0,321947.58
2026,1094,1626,LIQ,0040-00013347,50052,110,1,1,6,2,1110118000,45,0,0,215353.55
2026,1094,1626,LIQ,0040-00013347,50052,110,1,1,6,2,1110118000,46,0,0,1572893.02
2026,1094,1626,LIQ,0040-00013347,50052,110,1,1,6,2,1110118000,48,0,0,47458.42
2026,1094,1626,LIQ,0040-00013347,50052,110,1,2,5,2,1110118000,1,0,0,17220.5
2026,1094,1626,LIQ,0040-00013347,50052,110,1,2,5,2,1110118000,35,0,0,29090.95
2026,1094,1626,LIQ,0040-00013347,50052,110,1,2,5,2,1110118000,45,0,0,41797.34
2026,1094,1626,LIQ,0040-00013347,50052,110,1,2,5,2,1110118000,46,0,0,438292.77
2026,1094,1626,LIQ,0040-00013347,50052,110,1,2,5,2,1110118000,48,0,0,46144.26
2026,1095,1627,LIQ,0040-00013348,50052,110,1,1,6,2,1110118000,35,0,0,693201.3
2026,1095,1627,LIQ,0040-00013348,50052,110,1,2,5,2,1110118000,35,0,0,257773.72
2026,1096,1628,LIQ,9139-94353655,50008,131,1,6,0,0,1110118000,48,0,0,738999.06
2026,1097,1629,LIQ,0040-00013349,50052,131,1,1,6,2,1110118000,48,0,0,35471.95
2026,1098,1630,LIQ,9139-94353656,50008,110,1,1,1,0,1110200000,1,0,0,19293077.92
2026,1098,1630,LIQ,9139-94353656,50008,110,1,1,3,0,1110200000,1,0,0,2527524.16
2026,1098,1630,LIQ,9139-94353656,50008,110,1,1,7,0,1110200000,1,0,0,827407.65
2026,1098,1630,LIQ,9139-94353656,50008,110,1,4,0,0,1110200000,1,0,0,127844.0
2026,1099,1631,LIQ,4000-00013354,50051,110,1,1,6,1,1110200000,1,0,0,2618472.26
2026,1100,1632,LIQ,0040-00013350,50052,110,1,1,6,2,1110200000,1,0,0,1047388.9
2026,927,1398,FAB,0002-00000084,3562,110,4,8,1,0,1110112000,1,0,0,3630000.0
2026,975,1510,FAB,2022-00001362,50003,110,3,7,2,0,1110101000,1,0,0,180000.0
2026,976,1516,FAB,2022-21900829,50087,110,2,5,6,0,1110101000,1,0,0,200000.0
2026,977,1517,FAB,2022-21900830,50087,131,2,5,6,0,1110111000,23,0,0,560000.0
2026,978,1518,FAB,2022-21900831,50087,131,2,5,6,0,1110104000,16,0,0,2418000.0
2026,981,1519,FAB,2022-21900832,50087,131,2,5,6,0,1110113000,1,0,0,6000000.0
2026,982,1520,FAB,2022-21900833,50087,132,2,5,6,0,1110106000,42,0,0,250000.0
2026,984,1521,FAB,2022-21900834,50087,110,2,5,6,0,1110109000,28,0,0,170000.0
2026,986,1522,FAB,2022-21900835,50087,110,3,5,5,0,1110102000,1,0,0,241960.0
2026,989,204,FAS,0000-00019774,1809,110,3,9,9,0,1110109000,28,0,0,780204.57
2026,989,204,FAS,0000-00015249,1809,110,3,9,9,0,1110109000,28,0,0,45902.58
2026,991,1523,LIQ,9139-94353620,50008,110,1,1,1,0,1110101000,1,0,0,6375606.42
2026,991,1523,LIQ,9139-94353620,50008,110,1,1,3,0,1110101000,1,0,0,1324125.85
2026,991,1523,LIQ,9139-94353620,50008,110,1,1,7,0,1110101000,1,0,0,160972.45
2026,992,1524,LIQ,4000-00013319,50051,110,1,1,6,1,1110101000,1,0,0,923967.87
2026,993,1525,LIQ,0040-00013314,50052,110,1,1,6,2,1110101000,1,0,0,369587.15
2026,994,1526,LIQ,9139-94353621,50008,110,1,1,1,0,1110102000,33,0,0,1874863.62
2026,994,1526,LIQ,9139-94353621,50008,110,1,1,3,0,1110102000,33,0,0,1290695.37
2026,994,1526,LIQ,9139-94353621,50008,110,1,1,7,0,1110102000,33,0,0,85615.07
2026,994,1526,LIQ,9139-94353621,50008,110,1,2,1,0,1110102000,33,0,0,351150.66
2026,994,1526,LIQ,9139-94353621,50008,110,1,2,2,0,1110102000,33,0,0,7023.01
2026,994,1526,LIQ,9139-94353621,50008,110,1,2,6,0,1110102000,33,0,0,1500.0
2026,994,1526,LIQ,9139-94353621,50008,110,1,3,1,0,1110102000,33,0,0,219055.76
2026,994,1526,LIQ,9139-94353621,50008,110,1,4,0,0,1110102000,33,0,0,67656.0
2026,995,1527,LIQ,9139-94353622,50008,110,1,1,1,0,1110102000,1,0,0,591615.21
2026,995,1527,LIQ,9139-94353622,50008,110,1,1,3,0,1110102000,1,0,0,281290.3
2026,995,1527,LIQ,9139-94353622,50008,110,1,1,7,0,1110102000,1,0,0,52000.0
2026,996,1528,LIQ,9139-94353623,50008,110,1,1,1,0,1110102000,35,0,0,491610.93
2026,996,1528,LIQ,9139-94353623,50008,110,1,1,3,0,1110102000,35,0,0,24580.55
2026,996,1528,LIQ,9139-94353623,50008,110,1,1,7,0,1110102000,35,0,0,193458.43
2026,996,1528,LIQ,9139-94353623,50008,110,1,2,1,0,1110102000,35,0,0,417973.4
2026,996,1528,LIQ,9139-94353623,50008,110,1,2,6,0,1110102000,35,0,0,1500.0
2026,996,1528,LIQ,9139-94353623,50008,110,1,3,1,0,1110102000,35,0,0,92177.05
2026,996,1528,LIQ,9139-94353623,50008,110,1,4,0,0,1110102000,35,0,0,100302.0
2026,997,1529,LIQ,9139-94353624,50008,110,1,1,1,0,1110102000,1,0,0,5207504.93
2026,997,1529,LIQ,9139-94353624,50008,110,1,1,3,0,1110102000,1,0,0,6624262.65
2026,997,1529,LIQ,9139-94353624,50008,110,1,1,7,0,1110102000,1,0,0,1942165.78
2026,997,1529,LIQ,9139-94353624,50008,110,1,2,1,0,1110102000,1,0,0,4793050.08
2026,997,1529,LIQ,9139-94353624,50008,110,1,2,2,0,1110102000,1,0,0,996911.43
2026,997,1529,LIQ,9139-94353624,50008,110,1,2,6,0,1110102000,1,0,0,7500.0
2026,997,1529,LIQ,9139-94353624,50008,110,1,4,0,0,1110102000,1,0,0,301885.0
2026,997,1529,LIQ,9139-94353624,50008,110,1,6,0,0,1110102000,1,0,0,590544.91
2026,998,1530,LIQ,9139-94353625,50008,110,1,1,1,0,1110102000,52,0,0,2275448.05
2026,998,1530,LIQ,9139-94353625,50008,110,1,1,3,0,1110102000,52,0,0,1780846.11
2026,998,1530,LIQ,9139-94353625,50008,110,1,1,7,0,1110102000,52,0,0,310032.9
2026,998,1530,LIQ,9139-94353625,50008,110,1,2,1,0,1110102000,52,0,0,1169744.52
2026,998,1530,LIQ,9139-94353625,50008,110,1,2,2,0,1110102000,52,0,0,584872.26
2026,998,1530,LIQ,9139-94353625,50008,110,1,2,6,0,1110102000,52,0,0,3000.0
2026,998,1530,LIQ,9139-94353625,50008,110,1,4,0,0,1110102000,52,0,0,54286.0
2026,999,1531,LIQ,9139-94353626,50008,110,1,1,1,0,1110102000,1,0,0,2575929.26
2026,999,1531,LIQ,9139-94353626,50008,110,1,1,3,0,1110102000,1,0,0,1632435.63
2026,999,1531,LIQ,9139-94353626,50008,110,1,1,7,0,1110102000,1,0,0,50000.0
2026,999,1531,LIQ,9139-94353626,50008,110,1,4,0,0,1110102000,1,0,0,213448.0
2026,1000,1532,LIQ,4000-00013320,50051,110,1,1,6,1,1110102000,1,0,0,1325809.96
2026,1000,1532,LIQ,4000-00013320,50051,110,1,2,5,1,1110102000,1,0,0,788797.53
2026,1001,1533,LIQ,4000-00013321,50051,110,1,1,6,1,1110102000,1,0,0,505003.79
2026,1002,1534,LIQ,4000-00013322,50051,110,1,1,6,1,1110102000,52,0,0,465699.9
2026,1002,1534,LIQ,4000-00013322,50051,110,1,2,5,1,1110102000,52,0,0,231609.42
2026,1003,1535,LIQ,4000-00013323,50051,110,1,1,6,1,1110102000,33,0,0,335225.61
2026,1003,1535,LIQ,4000-00013323,50051,110,1,2,5,1,1110102000,33,0,0,87622.3
2026,1004,1536,LIQ,4000-00013324,50051,110,1,1,6,1,1110102000,1,0,0,104748.66
2026,1005,1537,LIQ,4000-00013325,50051,110,1,1,6,1,1110102000,35,0,0,61942.98
2026,1005,1537,LIQ,4000-00013325,50051,110,1,2,5,1,1110102000,35,0,0,50156.81
2026,1006,1538,LIQ,0040-00013315,50052,110,1,1,6,2,1110102000,1,0,0,202001.51
2026,1007,1539,LIQ,0040-00013316,50052,110,1,1,6,2,1110102000,1,0,0,41899.46
2026,1008,1540,LIQ,0040-00013317,50052,110,1,1,6,2,1110102000,1,0,0,558670.14
2026,1008,1540,LIQ,0040-00013317,50052,110,1,2,5,2,1110102000,1,0,0,315519.01
2026,1009,1541,LIQ,0040-00013318,50052,110,1,1,6,2,1110102000,35,0,0,24777.19
2026,1009,1541,LIQ,0040-00013318,50052,110,1,2,5,2,1110102000,35,0,0,20062.72
2026,1010,1542,LIQ,0040-00013319,50052,110,1,1,6,2,1110102000,52,0,0,186279.96
2026,1010,1542,LIQ,0040-00013319,50052,110,1,2,5,2,1110102000,52,0,0,92643.76
2026,1011,1543,LIQ,0040-00013320,50052,110,1,1,6,2,1110102000,33,0,0,134090.25
2026,1011,1543,LIQ,0040-00013320,50052,110,1,2,5,2,1110102000,33,0,0,35048.92
2026,1012,1544,LIQ,9139-94353627,50008,110,1,1,1,0,1110103000,1,0,0,3668688.32
2026,1012,1544,LIQ,9139-94353627,50008,110,1,1,3,0,1110103000,1,0,0,3924389.76
2026,1012,1544,LIQ,9139-94353627,50008,110,1,1,7,0,1110103000,1,0,0,958686.53
2026,1012,1544,LIQ,9139-94353627,50008,110,1,2,1,0,1110103000,1,0,0,4059975.18
2026,1012,1544,LIQ,9139-94353627,50008,110,1,2,2,0,1110103000,1,0,0,1454309.12
2026,1012,1544,LIQ,9139-94353627,50008,110,1,2,6,0,1110103000,1,0,0,6000.0
2026,1012,1544,LIQ,9139-94353627,50008,110,1,4,0,0,1110103000,1,0,0,67656.0
2026,1012,1544,LIQ,9139-94353627,50008,110,1,6,0,0,1110103000,1,0,0,3626900.75
2026,1013,1545,LIQ,9139-94353628,50008,110,1,1,7,0,1110103000,1,0,0,303055.61
2026,1013,1545,LIQ,9139-94353628,50008,110,1,2,1,0,1110103000,1,0,0,2020556.03
2026,1013,1545,LIQ,9139-94353628,50008,110,1,2,2,0,1110103000,1,0,0,15000.0
2026,1013,1545,LIQ,9139-94353628,50008,110,1,2,6,0,1110103000,1,0,0,3000.0
2026,1014,1546,LIQ,4000-00013326,50051,110,1,1,6,1,1110103000,1,0,0,911169.37
2026,1014,1546,LIQ,4000-00013326,50051,110,1,2,5,1,1110103000,1,0,0,661714.12
2026,1015,1547,LIQ,4000-00013327,50051,110,1,2,5,1,1110103000,1,0,0,244266.73
2026,1016,1548,LIQ,0040-00013321,50052,110,1,1,6,2,1110103000,1,0,0,538558.98
2026,1016,1548,LIQ,0040-00013321,50052,110,1,2,5,2,1110103000,1,0,0,264685.65
2026,1017,1549,LIQ,0040-00013322,50052,110,1,2,5,2,1110103000,1,0,0,97706.69
2026,1018,1550,LIQ,9139-94353629,50008,110,1,1,1,0,1110104000,16,0,0,204372104.85
2026,1018,1550,LIQ,9139-94353629,50008,110,1,1,3,0,1110104000,16,0,0,280411925.41
2026,1018,1550,LIQ,9139-94353629,50008,110,1,1,7,0,1110104000,16,0,0,30698501.67
2026,1018,1550,LIQ,9139-94353629,50008,110,1,2,1,0,1110104000,16,0,0,96737695.0
2026,1018,1550,LIQ,9139-94353629,50008,110,1,2,2,0,1110104000,16,0,0,13489200.01
2026,1018,1550,LIQ,9139-94353629,50008,110,1,2,6,0,1110104000,16,0,0,94500.0
2026,1018,1550,LIQ,9139-94353629,50008,110,1,3,1,0,1110104000,16,0,0,48374240.48
2026,1018,1550,LIQ,9139-94353629,50008,110,1,4,0,0,1110104000,16,0,0,8320974.0
2026,1018,1550,LIQ,9139-94353629,50008,110,1,6,0,0,1110104000,16,0,0,15343531.58
2026,1019,1551,LIQ,9139-94353630,50008,110,1,1,1,0,1110104000,16,0,0,787461.89
2026,1019,1551,LIQ,9139-94353630,50008,110,1,1,3,0,1110104000,16,0,0,1741989.33
2026,1019,1551,LIQ,9139-94353630,50008,110,1,1,7,0,1110104000,16,0,0,51500.0
2026,1019,1551,LIQ,9139-94353630,50008,110,1,3,1,0,1110104000,16,0,0,68868.81
2026,1020,1552,LIQ,9139-94353631,50008,110,1,1,1,0,1110104000,16,0,0,566525.48
2026,1020,1552,LIQ,9139-94353631,50008,110,1,1,3,0,1110104000,16,0,0,91865.23
2026,1020,1552,LIQ,9139-94353631,50008,110,1,1,7,0,1110104000,16,0,0,108652.55
2026,1020,1552,LIQ,9139-94353631,50008,110,1,4,0,0,1110104000,16,0,0,50151.0
2026,1021,1553,LIQ,9139-94353632,50008,110,1,1,7,0,1110104000,16,0,0,106684.11
2026,1021,1553,LIQ,9139-94353632,50008,110,1,2,1,0,1110104000,16,0,0,561841.06
2026,1021,1553,LIQ,9139-94353632,50008,110,1,2,6,0,1110104000,16,0,0,1500.0
2026,1021,1553,LIQ,9139-94353632,50008,110,1,3,1,0,1110104000,16,0,0,115688.9
2026,1022,1554,LIQ,4000-00013328,50051,110,1,1,6,1,1110104000,16,0,0,52157919.16
2026,1022,1554,LIQ,4000-00013328,50051,110,1,2,5,1,1110104000,16,0,0,17224498.5
2026,1023,1555,LIQ,4000-00013329,50051,110,1,1,6,1,1110104000,16,0,0,303534.15
2026,1024,1556,LIQ,4000-00013330,50051,110,1,2,5,1,1110104000,16,0,0,67420.93
2026,1025,1557,LIQ,4000-00013331,50051,110,1,1,6,1,1110104000,16,0,0,79006.89
2026,1026,1558,LIQ,0040-00013323,50052,110,1,1,6,2,1110104000,16,0,0,21358591.53
2026,1026,1558,LIQ,0040-00013323,50052,110,1,2,5,2,1110104000,16,0,0,6889799.45
2026,1027,1559,LIQ,0040-00013324,50052,110,1,2,5,2,1110104000,16,0,0,26968.37
2026,1028,1560,LIQ,0040-00013325,50052,110,1,1,6,2,1110104000,16,0,0,31602.75
2026,1029,1561,LIQ,0040-00013326,50052,110,1,1,6,2,1110104000,16,0,0,121413.66
2026,1030,1562,LIQ,9139-94353633,50008,131,1,2,1,0,1110104000,16,0,0,2950000.0
2026,1031,1563,LIQ,4000-00013332,50051,131,1,2,5,1,1110104000,16,0,0,354000.0
2026,1032,1564,LIQ,0040-00013327,50052,131,1,2,5,2,1110104000,16,0,0,141600.0
2026,1033,1565,LIQ,9139-94353634,50008,132,1,1,1,0,1110104000,16,0,0,557297.87
2026,1033,1565,LIQ,9139-94353634,50008,132,1,1,3,0,1110104000,16,0,0,11145.96
2026,1033,1565,LIQ,9139-94353634,50008,132,1,1,7,0,1110104000,16,0,0,107729.79
2026,1033,1565,LIQ,9139-94353634,50008,132,1,3,1,0,1110104000,16,0,0,270192.67
2026,1034,1566,LIQ,4000-00013333,50051,132,1,1,6,1,1110104000,16,0,0,68213.26
2026,1083,1615,LIQ,9139-94353652,50008,110,1,2,6,0,1110118000,35,0,0,4000.0
2026,1083,1615,LIQ,9139-94353652,50008,110,1,2,6,0,1110118000,48,0,0,4500.0
2026,1083,1615,LIQ,9139-94353652,50008,110,1,4,0,0,1110118000,35,0,0,100302.0
2026,1083,1615,LIQ,9139-94353652,50008,110,1,4,0,0,1110118000,48,0,0,117807.0
2026,1084,1616,LIQ,9139-94353653,50008,110,1,1,1,0,1110118000,35,0,0,9236413.61
2026,1084,1616,LIQ,9139-94353653,50008,110,1,1,3,0,1110118000,35,0,0,6875126.01
2026,1084,1616,LIQ,9139-94353653,50008,110,1,1,7,0,1110118000,35,0,0,2186772.12
2026,1084,1616,LIQ,9139-94353653,50008,110,1,2,1,0,1110118000,35,0,0,3490277.42
2026,1084,1616,LIQ,9139-94353653,50008,110,1,2,2,0,1110118000,35,0,0,165173.18
2026,1084,1616,LIQ,9139-94353653,50008,110,1,2,3,0,1110118000,35,0,0,44990.19
2026,1084,1616,LIQ,9139-94353653,50008,110,1,2,6,0,1110118000,35,0,0,5500.0
2026,1084,1616,LIQ,9139-94353653,50008,110,1,3,1,0,1110118000,35,0,0,102950.61
2026,1084,1616,LIQ,9139-94353653,50008,110,1,4,0,0,1110118000,35,0,0,417609.0
2026,1084,1616,LIQ,9139-94353653,50008,110,1,6,0,0,1110118000,35,0,0,274144.75
2026,1085,1617,LIQ,9139-94353654,50008,110,1,1,1,0,1110118000,1,0,0,3799498.51
2026,1085,1617,LIQ,9139-94353654,50008,110,1,1,1,0,1110118000,45,0,0,2260736.93
2026,1082,1614,LIQ,9139-94353651,50008,110,1,4,0,0,1110118000,48,0,0,40916.0
2026,1083,1615,LIQ,9139-94353652,50008,110,1,1,1,0,1110118000,46,0,0,1071003.83
2026,1083,1615,LIQ,9139-94353652,50008,110,1,1,1,0,1110118000,48,0,0,1059287.71
2026,1083,1615,LIQ,9139-94353652,50008,110,1,1,3,0,1110118000,35,0,0,191571.14
2026,1083,1615,LIQ,9139-94353652,50008,110,1,1,3,0,1110118000,46,0,0,740233.74
2026,1083,1615,LIQ,9139-94353652,50008,110,1,1,3,0,1110118000,48,0,0,540867.8
2026,1083,1615,LIQ,9139-94353652,50008,110,1,1,7,0,1110118000,35,0,0,263459.58
2026,1083,1615,LIQ,9139-94353652,50008,110,1,1,7,0,1110118000,46,0,0,263100.39
2026,1083,1615,LIQ,9139-94353652,50008,110,1,1,7,0,1110118000,48,0,0,667844.31
2026,1083,1615,LIQ,9139-94353652,50008,110,1,2,1,0,1110118000,35,0,0,1114595.74
2026,1083,1615,LIQ,9139-94353652,50008,110,1,2,1,0,1110118000,48,0,0,2544155.17
2026,1035,1567,LIQ,0040-00013328,50052,132,1,1,6,2,1110104000,16,0,0,27285.3
2026,1036,1568,LIQ,9139-94353635,50008,110,1,1,1,0,1110104000,17,0,0,575829.37
2026,1036,1568,LIQ,9139-94353635,50008,110,1,1,3,0,1110104000,17,0,0,444142.11
2026,1036,1568,LIQ,9139-94353635,50008,110,1,1,7,0,1110104000,17,0,0,109582.94
2026,1036,1568,LIQ,9139-94353635,50008,110,1,3,1,0,1110104000,17,0,0,172116.73
2026,1036,1568,LIQ,9139-94353635,50008,110,1,4,0,0,1110104000,17,0,0,101484.0
2026,1037,1569,LIQ,9139-94353636,50008,110,1,1,1,0,1110104000,17,0,0,3940528.24
2026,1037,1569,LIQ,9139-94353636,50008,110,1,1,3,0,1110104000,17,0,0,3351199.64
2026,1037,1569,LIQ,9139-94353636,50008,110,1,1,7,0,1110104000,17,0,0,728085.75
2026,1037,1569,LIQ,9139-94353636,50008,110,1,3,1,0,1110104000,17,0,0,110412.35
2026,1037,1569,LIQ,9139-94353636,50008,110,1,4,0,0,1110104000,17,0,0,319203.0
2026,1037,1569,LIQ,9139-94353636,50008,110,1,6,0,0,1110104000,17,0,0,621208.85
2026,1038,1570,LIQ,4000-00013334,50051,110,1,1,6,1,1110104000,17,0,0,875007.36
2026,1039,1571,LIQ,4000-00013335,50051,110,1,1,6,1,1110104000,17,0,0,122396.58
2026,1040,1572,LIQ,0040-00013329,50052,110,1,1,6,2,1110104000,17,0,0,379820.95
2026,1041,1573,LIQ,0040-00013330,50052,110,1,1,6,2,1110104000,17,0,0,48958.63
2026,1042,1574,LIQ,9139-94353637,50008,110,1,1,1,0,1110105000,30,0,0,3766640.54
2026,1042,1574,LIQ,9139-94353637,50008,110,1,1,1,0,1110105000,50,0,0,7311473.74
2026,1042,1574,LIQ,9139-94353637,50008,110,1,1,3,0,1110105000,30,0,0,2393676.04
2026,1042,1574,LIQ,9139-94353637,50008,110,1,1,3,0,1110105000,50,0,0,4165485.71
2026,1042,1574,LIQ,9139-94353637,50008,110,1,1,7,0,1110105000,30,0,0,359927.41
2026,1042,1574,LIQ,9139-94353637,50008,110,1,1,7,0,1110105000,50,0,0,788626.66
2026,1042,1574,LIQ,9139-94353637,50008,110,1,2,1,0,1110105000,30,0,0,372240.0
2026,1042,1574,LIQ,9139-94353637,50008,110,1,2,1,0,1110105000,50,0,0,1257158.98
2026,1042,1574,LIQ,9139-94353637,50008,110,1,2,2,0,1110105000,50,0,0,105345.2
2026,1042,1574,LIQ,9139-94353637,50008,110,1,2,3,0,1110105000,30,0,0,242072.13
2026,1042,1574,LIQ,9139-94353637,50008,110,1,2,6,0,1110105000,30,0,0,1500.0
2026,1042,1574,LIQ,9139-94353637,50008,110,1,2,6,0,1110105000,50,0,0,3000.0
2026,1042,1574,LIQ,9139-94353637,50008,110,1,4,0,0,1110105000,30,0,0,67656.0
2026,1042,1574,LIQ,9139-94353637,50008,110,1,4,0,0,1110105000,50,0,0,221062.0
2026,1042,1574,LIQ,9139-94353637,50008,110,1,6,0,0,1110105000,30,0,0,934129.13
2026,1042,1574,LIQ,9139-94353637,50008,110,1,6,0,0,1110105000,50,0,0,251040.96
2026,1043,1575,LIQ,4000-00013336,50051,110,1,1,6,1,1110105000,30,0,0,739238.0
2026,1043,1575,LIQ,4000-00013336,50051,110,1,1,6,1,1110105000,50,0,0,1377235.12
2026,1043,1575,LIQ,4000-00013336,50051,110,1,2,5,1,1110105000,30,0,0,73717.46
2026,1043,1575,LIQ,4000-00013336,50051,110,1,2,5,1,1110105000,50,0,0,124119.12
2026,1044,1576,LIQ,0040-00013331,50052,110,1,1,6,2,1110105000,30,0,0,295695.19
2026,1044,1576,LIQ,0040-00013331,50052,110,1,1,6,2,1110105000,50,0,0,562944.0
2026,1044,1576,LIQ,0040-00013331,50052,110,1,2,5,2,1110105000,30,0,0,29486.98
2026,1044,1576,LIQ,0040-00013331,50052,110,1,2,5,2,1110105000,50,0,0,65400.2
2026,1045,1577,LIQ,9139-94353638,50008,132,1,1,1,0,1110105000,50,0,0,1867373.81
2026,1045,1577,LIQ,9139-94353638,50008,132,1,1,3,0,1110105000,50,0,0,1046710.06
2026,1045,1577,LIQ,9139-94353638,50008,132,1,1,7,0,1110105000,50,0,0,584092.13
2026,1045,1577,LIQ,9139-94353638,50008,132,1,2,1,0,1110105000,50,0,0,4820579.77
2026,1045,1577,LIQ,9139-94353638,50008,132,1,2,2,0,1110105000,50,0,0,10449.34
2026,1045,1577,LIQ,9139-94353638,50008,132,1,2,6,0,1110105000,50,0,0,63000.0
2026,1045,1577,LIQ,9139-94353638,50008,132,1,4,0,0,1110105000,50,0,0,1660869.0
2026,1046,1578,LIQ,4000-00013337,50051,132,1,1,6,1,1110105000,50,0,0,349690.06
2026,1046,1578,LIQ,4000-00013337,50051,132,1,2,5,1,1110105000,50,0,0,579723.49
2026,1047,1579,LIQ,0040-00013332,50052,132,1,1,6,2,1110105000,50,0,0,139876.03
2026,1047,1579,LIQ,0040-00013332,50052,132,1,2,5,2,1110105000,50,0,0,231889.39
2026,1048,1580,LIQ,9139-94353639,50008,110,1,1,1,0,1110106000,1,0,0,3777067.66
2026,1048,1580,LIQ,9139-94353639,50008,110,1,1,1,0,1110106000,24,0,0,13444201.34
2026,1048,1580,LIQ,9139-94353639,50008,110,1,1,3,0,1110106000,1,0,0,3108338.03
2026,1048,1580,LIQ,9139-94353639,50008,110,1,1,3,0,1110106000,24,0,0,10545867.65
2026,1048,1580,LIQ,9139-94353639,50008,110,1,1,3,0,1110106000,25,0,0,167189.36
2026,1048,1580,LIQ,9139-94353639,50008,110,1,1,7,0,1110106000,1,0,0,369376.48
2026,1048,1580,LIQ,9139-94353639,50008,110,1,1,7,0,1110106000,24,0,0,2014826.6
2026,1048,1580,LIQ,9139-94353639,50008,110,1,1,7,0,1110106000,25,0,0,106229.79
2026,1048,1580,LIQ,9139-94353639,50008,110,1,2,1,0,1110106000,1,0,0,757195.8
2026,1048,1580,LIQ,9139-94353639,50008,110,1,2,1,0,1110106000,24,0,0,919489.4
2026,1048,1580,LIQ,9139-94353639,50008,110,1,2,1,0,1110106000,25,0,0,557297.87
2026,1048,1580,LIQ,9139-94353639,50008,110,1,2,2,0,1110106000,1,0,0,45431.75
2026,1048,1580,LIQ,9139-94353639,50008,110,1,2,2,0,1110106000,24,0,0,519214.73
2026,1048,1580,LIQ,9139-94353639,50008,110,1,2,6,0,1110106000,1,0,0,1500.0
2026,1048,1580,LIQ,9139-94353639,50008,110,1,2,6,0,1110106000,24,0,0,3000.0
2026,1048,1580,LIQ,9139-94353639,50008,110,1,2,6,0,1110106000,25,0,0,1500.0
2026,1048,1580,LIQ,9139-94353639,50008,110,1,4,0,0,1110106000,1,0,0,112037.0
2026,1048,1580,LIQ,9139-94353639,50008,110,1,4,0,0,1110106000,24,0,0,609441.0
2026,1048,1580,LIQ,9139-94353639,50008,110,1,6,0,0,1110106000,1,0,0,951859.33
2026,1049,1581,LIQ,9139-94353640,50008,110,1,1,1,0,1110106000,24,0,0,1114595.74
2026,1049,1581,LIQ,9139-94353640,50008,110,1,1,1,0,1110106000,49,0,0,1198232.96
2026,1049,1581,LIQ,9139-94353640,50008,110,1,1,3,0,1110106000,24,0,0,546151.92
2026,1049,1581,LIQ,9139-94353640,50008,110,1,1,3,0,1110106000,49,0,0,1301345.81
2026,1049,1581,LIQ,9139-94353640,50008,110,1,1,7,0,1110106000,24,0,0,321689.37
2026,1049,1581,LIQ,9139-94353640,50008,110,1,1,7,0,1110106000,49,0,0,339019.12
2026,1049,1581,LIQ,9139-94353640,50008,110,1,2,1,0,1110106000,24,0,0,557297.87
2026,1049,1581,LIQ,9139-94353640,50008,110,1,2,1,0,1110106000,49,0,0,557297.87
2026,1049,1581,LIQ,9139-94353640,50008,110,1,2,6,0,1110106000,24,0,0,1500.0
2026,1049,1581,LIQ,9139-94353640,50008,110,1,2,6,0,1110106000,49,0,0,1500.0
2026,1049,1581,LIQ,9139-94353640,50008,110,1,4,0,0,1110106000,49,0,0,44381.0
2026,1050,1582,LIQ,4000-00013338,50051,110,1,1,6,1,1110106000,24,0,0,179227.0
2026,1050,1582,LIQ,4000-00013338,50051,110,1,1,6,1,1110106000,49,0,0,279886.73
2026,1050,1582,LIQ,4000-00013338,50051,110,1,2,5,1,1110106000,24,0,0,86938.47
2026,1050,1582,LIQ,4000-00013338,50051,110,1,2,5,1,1110106000,49,0,0,86938.47
2026,1051,1583,LIQ,4000-00013339,50051,110,1,1,6,1,1110106000,1,0,0,734249.39
2026,1051,1583,LIQ,4000-00013339,50051,110,1,1,6,1,1110106000,24,0,0,2897412.1
2026,1051,1583,LIQ,4000-00013339,50051,110,1,2,5,1,1110106000,1,0,0,188314.6
2026,1051,1583,LIQ,4000-00013339,50051,110,1,2,5,1,1110106000,24,0,0,154040.7
2026,1051,1583,LIQ,4000-00013339,50051,110,1,2,5,1,1110106000,25,0,0,86938.47
2026,1052,1584,LIQ,0040-00013333,50052,110,1,1,6,2,1110106000,1,0,0,339389.01
2026,1052,1584,LIQ,0040-00013333,50052,110,1,1,6,2,1110106000,24,0,0,1158964.85
2026,1052,1584,LIQ,0040-00013333,50052,110,1,2,5,2,1110106000,1,0,0,75325.84
2026,1052,1584,LIQ,0040-00013333,50052,110,1,2,5,2,1110106000,24,0,0,61616.28
2026,1052,1584,LIQ,0040-00013333,50052,110,1,2,5,2,1110106000,25,0,0,34775.39
2026,1053,1585,LIQ,0040-00013334,50052,110,1,1,6,2,1110106000,24,0,0,71690.8
2026,1053,1585,LIQ,0040-00013334,50052,110,1,1,6,2,1110106000,49,0,0,111954.69
2026,1053,1585,LIQ,0040-00013334,50052,110,1,2,5,2,1110106000,24,0,0,34775.39
2026,1053,1585,LIQ,0040-00013334,50052,110,1,2,5,2,1110106000,49,0,0,34775.39
2026,1054,1586,LIQ,9139-94353641,50008,132,1,1,1,0,1110106000,24,0,0,557297.87
2026,1054,1586,LIQ,9139-94353641,50008,132,1,1,1,0,1110106000,25,0,0,9129718.88
2026,1054,1586,LIQ,9139-94353641,50008,132,1,1,1,0,1110106000,43,0,0,1066306.43
2026,1054,1586,LIQ,9139-94353641,50008,132,1,1,3,0,1110106000,24,0,0,356670.64
2026,1054,1586,LIQ,9139-94353641,50008,132,1,1,3,0,1110106000,25,0,0,6862888.98
2026,1054,1586,LIQ,9139-94353641,50008,132,1,1,3,0,1110106000,43,0,0,436119.98
2026,1054,1586,LIQ,9139-94353641,50008,132,1,1,7,0,1110106000,24,0,0,213959.58
2026,1054,1586,LIQ,9139-94353641,50008,132,1,1,7,0,1110106000,25,0,0,1880340.77
2026,1054,1586,LIQ,9139-94353641,50008,132,1,1,7,0,1110106000,43,0,0,210630.65
2026,1054,1586,LIQ,9139-94353641,50008,132,1,2,1,0,1110106000,24,0,0,557297.87
2026,1054,1586,LIQ,9139-94353641,50008,132,1,2,1,0,1110106000,25,0,0,2786489.35
2026,1054,1586,LIQ,9139-94353641,50008,132,1,2,2,0,1110106000,24,0,0,16145.96
2026,1054,1586,LIQ,9139-94353641,50008,132,1,2,2,0,1110106000,25,0,0,152573.29
2026,1054,1586,LIQ,9139-94353641,50008,132,1,2,6,0,1110106000,24,0,0,1500.0
2026,1054,1586,LIQ,9139-94353641,50008,132,1,2,6,0,1110106000,25,0,0,7500.0
2026,1054,1586,LIQ,9139-94353641,50008,132,1,4,0,0,1110106000,24,0,0,33828.0
2026,1054,1586,LIQ,9139-94353641,50008,132,1,4,0,0,1110106000,25,0,0,426394.0
2026,1055,1587,LIQ,4000-00013340,50051,132,1,1,6,1,1110106000,24,0,0,89613.5
2026,1055,1587,LIQ,4000-00013340,50051,132,1,1,6,1,1110106000,25,0,0,1830833.09
2026,1055,1587,LIQ,4000-00013340,50051,132,1,1,6,1,1110106000,43,0,0,180291.17
2026,1055,1587,LIQ,4000-00013340,50051,132,1,2,5,1,1110106000,24,0,0,88875.98
2026,1055,1587,LIQ,4000-00013340,50051,132,1,2,5,1,1110106000,25,0,0,440967.37
2026,1056,1588,LIQ,0040-00013335,50052,132,1,1,6,2,1110106000,24,0,0,35845.4
2026,47,63,FAB,2022-00001350,50003,110,3,7,2,0,1110104000,16,0,0,453600.0
2026,119,228,FAB,2022-21900817,50087,110,3,5,9,0,1110102000,1,0,0,29224.95
2026,120,230,FAB,7004-68108411,50023,132,3,1,3,0,1110102000,33,0,0,100387.89
2026,120,230,FAB,0004-68108411,50023,132,3,1,3,0,1110102000,33,0,0,37791.81
2026,121,230,FAB,7004-68108411,50023,132,3,1,3,0,1110102000,33,0,0,37791.81
2026,121,230,FAB,7004-68108410,50023,132,3,1,3,0,1110102000,33,0,0,100387.89
2026,280,370,FAB,0010-00000537,2869,131,2,1,1,0,1110104000,16,0,0,1495929.0
2026,281,382,FAB,0010-00000538,2869,131,2,1,1,0,1110104000,16,0,0,1518843.0
2026,282,667,FAB,0007-02444124,2969,110,3,1,4,0,1110102000,1,0,0,576759.12
2026,284,668,FAA,0002-00097473,50219,110,3,1,1,0,1110102000,1,0,0,104131.52
2026,284,668,COM,2502-20725608,50219,110,3,5,4,0,1110102000,1,0,0,41040.0
2026,284,668,FAB,0004-68183222,50219,110,3,1,3,0,1110102000,1,0,0,30738.74
2026,284,668,FAS,0119-06657654,50219,110,3,1,2,0,1110102000,1,0,0,10696.17
2026,285,669,FAA,0002-00096461,789,110,3,1,1,0,1110108000,29,0,0,152583.73
2026,285,669,FAA,0002-00096444,789,110,3,1,1,0,1110108000,29,0,0,142788.9
2026,285,669,COM,0000-11250000,789,110,3,3,9,0,1110108000,29,0,0,518904.0
2026,285,669,FAA,0005-00547153,789,110,3,1,9,0,1110108000,29,0,0,54751.4
2026,285,669,COM,0003-90023359,789,110,3,1,9,0,1110108000,29,0,0,4315.5
2026,285,669,FAS,0004-67576083,789,110,3,1,3,0,1110108000,29,0,0,24667.91
2026,285,669,FAS,0119-03562056,789,110,3,1,2,0,1110108000,29,0,0,18121.61
2026,285,669,FAA,0002-00096433,789,110,3,1,1,0,1110108000,29,0,0,137891.49
2026,285,669,FAS,0004-67576084,789,110,3,1,3,0,1110108000,29,0,0,47823.11
2026,285,669,FAA,0007-00179564,789,110,3,1,4,0,1110108000,29,0,0,29377.93
2026,285,669,FAS,0119-03561857,789,110,3,1,2,0,1110108000,29,0,0,30436.12
2026,285,669,FAA,0007-00179541,789,110,3,1,4,0,1110108000,29,0,0,29499.41
2026,286,279,FAB,0022-00075901,5,131,2,9,9,0,1110111000,23,0,0,9047.0
2026,286,279,FAB,0021-00105621,5,131,2,9,9,0,1110111000,23,0,0,5916.5
2026,287,208,FAB,0010-00011536,2330,110,2,5,6,0,1110108000,29,0,0,40866.34
2026,288,187,FAB,0010-00011537,2330,110,2,5,6,0,1110109000,28,0,0,294120.0
2026,525,67,COM,0000-00000101,3509,110,3,5,4,0,1110105000,50,0,0,365165.0
2026,526,954,COM,2026-70960012,50087,110,7,5,3,0,1110102000,1,0,0,3027777.77
2026,527,955,COM,2026-10000000,50087,110,7,5,3,0,1110102000,1,0,0,1967226.03
2026,528,956,COM,2026-70960013,50087,110,7,3,3,0,1110102000,1,0,0,1967226.03
2026,1104,1633,FAB,2022-21900836,50087,131,2,5,6,0,1110113000,1,0,0,2500000.0
2026,1105,1474,FAB,0003-00000850,1478,110,3,4,6,0,1110113000,42,0,0,63840.0
2026,1106,1473,FAB,1003-00000850,1478,110,3,6,1,0,1110113000,42,0,0,480960.0
2026,1107,1472,FAB,0003-00000849,1478,110,3,4,6,0,1110113000,42,0,0,544800.0
2026,1112,1634,FAB,0000-00000276,50063,110,3,5,5,0,1110102000,1,0,0,8097.32
2026,1114,1635,FAB,0000-00000277,50063,110,3,5,5,0,1110102000,1,0,0,812786.84
2026,1119,1644,FAB,0000-00000031,50470,110,3,9,9,0,1110109000,28,0,0,6625167.3
2026,1215,1732,FAB,2022-00001364,50003,110,3,7,2,0,1110101000,1,0,0,90000.0
2026,1222,1661,FAB,0008-00000165,3198,110,2,7,9,0,1110109000,28,0,0,2233674.52
2026,1223,1729,FAB,0002-00000527,2498,132,4,2,1,0,1110103000,51,80,0,8523380.66
2026,1224,1689,FAC,0002-00000213,3220,110,3,3,2,0,1110113000,42,0,0,600000.0
2026,1226,1762,TKT,0000-00322132,50014,110,2,1,1,0,1110112000,1,0,0,8400.0
2026,1226,1762,FAB,0004-00002242,50014,110,2,1,1,0,1110112000,1,0,0,9000.0
2026,1226,1762,FAB,0004-00002243,50014,110,2,1,1,0,1110112000,1,0,0,9000.0
2026,1226,1762,COM,0000-00002000,50014,110,3,4,5,0,1110112000,1,0,0,42566.9
2026,1229,515,FAC,0001-00000515,3439,132,3,4,9,0,1110106000,25,0,0,680956.8
2026,1230,570,FAC,0001-00000015,3470,131,3,4,9,0,1110106000,44,0,0,1051196.0
2026,1233,1766,REB,0085-00040920,50283,110,2,5,2,0,1110102000,1,0,0,8005.03
2026,1233,1766,FAB,0012-00003084,50283,110,2,1,1,0,1110102000,52,0,0,11000.0
2026,1233,1766,FAC,0003-00000626,50283,110,3,4,2,0,1110102000,52,0,0,27200.0
2026,1233,1766,FAB,0012-00003087,50283,110,2,1,1,0,1110102000,52,0,0,11000.0
2026,1233,1766,REA,0000-00005547,50283,110,3,4,2,0,1110102000,52,0,0,24360.0
2026,530,535,FAC,0001-00000078,3027,131,3,4,9,0,1110106000,44,0,0,1051196.0
2026,531,472,FAC,0001-00000195,2812,131,3,4,9,0,1110106000,44,0,0,1187387.66
2026,532,571,FAC,0004-00000147,2032,131,3,4,9,0,1110106000,44,0,0,2237644.16
2026,533,567,FAC,0001-00000015,3455,131,3,4,9,0,1110106000,44,0,0,1051196.0
2026,534,469,FAC,0001-00000013,3454,131,3,4,9,0,1110106000,44,0,0,710717.6
2026,535,572,FAC,0001-00000018,3438,131,3,4,9,0,1110106000,44,0,0,1051196.0
2026,536,916,FAC,0002-00000125,2704,131,3,4,9,0,1110106000,44,0,0,1119291.68
2026,537,569,FAC,0001-00000038,3240,131,3,4,9,0,1110106000,44,0,0,1051196.0
2026,538,568,FAC,0001-00000122,3034,131,3,4,9,0,1110106000,44,0,0,1051196.0
2026,1056,1588,LIQ,0040-00013335,50052,132,1,1,6,2,1110106000,25,0,0,732333.22
2026,1056,1588,LIQ,0040-00013335,50052,132,1,1,6,2,1110106000,43,0,0,72116.46
2026,1056,1588,LIQ,0040-00013335,50052,132,1,2,5,2,1110106000,24,0,0,35550.39
2026,1056,1588,LIQ,0040-00013335,50052,132,1,2,5,2,1110106000,25,0,0,176386.95
2026,1057,1589,LIQ,9139-94353642,50008,110,1,1,1,0,1110108000,29,0,0,4107765.7
2026,1057,1589,LIQ,9139-94353642,50008,110,1,1,3,0,1110108000,29,0,0,3779214.96
2026,1057,1589,LIQ,9139-94353642,50008,110,1,1,7,0,1110108000,29,0,0,665352.87
2026,1057,1589,LIQ,9139-94353642,50008,110,1,2,1,0,1110108000,29,0,0,1599721.89
2026,1057,1589,LIQ,9139-94353642,50008,110,1,2,2,0,1110108000,29,0,0,116491.16
2026,1057,1589,LIQ,9139-94353642,50008,110,1,2,6,0,1110108000,29,0,0,4500.0
2026,1057,1589,LIQ,9139-94353642,50008,110,1,4,0,0,1110108000,29,0,0,83979.0
2026,1058,1590,LIQ,4000-00013341,50051,110,1,1,6,1,1110108000,29,0,0,900358.39
2026,1058,1590,LIQ,4000-00013341,50051,110,1,2,5,1,1110108000,29,0,0,252024.86
2026,1059,1591,LIQ,0040-00013336,50052,110,1,1,6,2,1110108000,29,0,0,360143.36
2026,1059,1591,LIQ,0040-00013336,50052,110,1,2,5,2,1110108000,29,0,0,100809.95
2026,1060,1592,LIQ,9139-94353643,50008,110,1,1,1,0,1110109000,28,0,0,5485885.07
2026,1060,1592,LIQ,9139-94353643,50008,110,1,1,3,0,1110109000,28,0,0,4897313.79
2026,1060,1592,LIQ,9139-94353643,50008,110,1,1,4,0,1110109000,28,0,0,67973.17
2026,1060,1592,LIQ,9139-94353643,50008,110,1,1,7,0,1110109000,28,0,0,1084691.97
2026,1060,1592,LIQ,9139-94353643,50008,110,1,2,1,0,1110109000,28,0,0,3569104.97
2026,1060,1592,LIQ,9139-94353643,50008,110,1,2,3,0,1110109000,28,0,0,22511.09
2026,1060,1592,LIQ,9139-94353643,50008,110,1,2,6,0,1110109000,28,0,0,15000.0
2026,1060,1592,LIQ,9139-94353643,50008,110,1,4,0,0,1110109000,28,0,0,519137.0
2026,1060,1592,LIQ,9139-94353643,50008,110,1,6,0,0,1110109000,28,0,0,3150049.63
2026,1061,1593,LIQ,4000-00013342,50051,110,1,1,6,1,1110109000,28,0,0,970006.38
2026,1061,1593,LIQ,4000-00013342,50051,110,1,2,5,1,1110109000,28,0,0,451289.61
2026,1062,1594,LIQ,0040-00013337,50052,110,1,1,6,2,1110109000,28,0,0,406322.85
2026,1062,1594,LIQ,0040-00013337,50052,110,1,2,5,2,1110109000,28,0,0,180515.84
2026,1063,1595,LIQ,9139-94353644,50008,132,1,1,1,0,1110109000,28,0,0,439730.99
2026,1063,1595,LIQ,9139-94353644,50008,132,1,1,1,0,1110109000,46,0,0,438847.52
2026,1063,1595,LIQ,9139-94353644,50008,132,1,1,3,0,1110109000,28,0,0,342234.29
2026,1063,1595,LIQ,9139-94353644,50008,132,1,1,3,0,1110109000,46,0,0,289849.12
2026,1063,1595,LIQ,9139-94353644,50008,132,1,1,7,0,1110109000,28,0,0,264310.31
2026,1063,1595,LIQ,9139-94353644,50008,132,1,1,7,0,1110109000,46,0,0,95884.75
2026,1063,1595,LIQ,9139-94353644,50008,132,1,2,1,0,1110109000,28,0,0,6288138.06
2026,1063,1595,LIQ,9139-94353644,50008,132,1,2,6,0,1110109000,28,0,0,40500.0
2026,1063,1595,LIQ,9139-94353644,50008,132,1,4,0,0,1110109000,28,0,0,451359.0
2026,1064,1596,LIQ,4000-00013343,50051,132,1,1,6,1,1110109000,28,0,0,93835.83
2026,1064,1596,LIQ,4000-00013343,50051,132,1,1,6,1,1110109000,46,0,0,87443.6
2026,1064,1596,LIQ,4000-00013343,50051,132,1,2,5,1,1110109000,28,0,0,754576.57
2026,1083,1615,LIQ,9139-94353652,50008,110,1,2,2,0,1110118000,35,0,0,74538.59
2026,1083,1615,LIQ,9139-94353652,50008,110,1,2,2,0,1110118000,48,0,0,328412.98
2026,1065,1597,LIQ,0040-00013338,50052,132,1,1,6,2,1110109000,28,0,0,37534.33
2026,1065,1597,LIQ,0040-00013338,50052,132,1,1,6,2,1110109000,46,0,0,34977.44
2026,1065,1597,LIQ,0040-00013338,50052,132,1,2,5,2,1110109000,28,0,0,301830.63
2026,1066,1598,LIQ,9139-94353645,50008,131,1,1,1,0,1110111000,23,0,0,3385828.19
2026,1066,1598,LIQ,9139-94353645,50008,131,1,1,3,0,1110111000,23,0,0,3347440.9
2026,1066,1598,LIQ,9139-94353645,50008,131,1,1,7,0,1110111000,23,0,0,871814.92
2026,1066,1598,LIQ,9139-94353645,50008,131,1,2,1,0,1110111000,23,0,0,360907.32
2026,1066,1598,LIQ,9139-94353645,50008,131,1,2,3,0,1110111000,23,0,0,39098.29
2026,1066,1598,LIQ,9139-94353645,50008,131,1,2,6,0,1110111000,23,0,0,3000.0
2026,1066,1598,LIQ,9139-94353645,50008,131,1,4,0,0,1110111000,23,0,0,464203.0
2026,1066,1598,LIQ,9139-94353645,50008,131,1,6,0,0,1110111000,23,0,0,21595.11
2026,1067,1599,LIQ,4000-00013344,50051,131,1,1,6,1,1110111000,23,0,0,784521.67
2026,1067,1599,LIQ,4000-00013344,50051,131,1,2,5,1,1110111000,23,0,0,71471.29
2026,1068,1600,LIQ,0040-00013339,50052,131,1,1,6,2,1110111000,23,0,0,313808.67
2026,1068,1600,LIQ,0040-00013339,50052,131,1,2,5,2,1110111000,23,0,0,28588.52
2026,1069,1601,LIQ,9139-94353646,50008,110,1,1,1,0,1110112000,1,0,0,19609383.86
2026,1069,1601,LIQ,9139-94353646,50008,110,1,1,3,0,1110112000,1,0,0,20811504.29
2026,1069,1601,LIQ,9139-94353646,50008,110,1,1,7,0,1110112000,1,0,0,3082135.43
2026,1069,1601,LIQ,9139-94353646,50008,110,1,2,1,0,1110112000,1,0,0,561841.06
2026,1069,1601,LIQ,9139-94353646,50008,110,1,2,2,0,1110112000,1,0,0,680682.96
2026,1069,1601,LIQ,9139-94353646,50008,110,1,2,6,0,1110112000,1,0,0,1500.0
2026,1069,1601,LIQ,9139-94353646,50008,110,1,4,0,0,1110112000,1,0,0,373378.0
2026,1069,1601,LIQ,9139-94353646,50008,110,1,6,0,0,1110112000,1,0,0,91245.95
2026,1070,1602,LIQ,4000-00013345,50051,110,1,1,6,1,1110112000,1,0,0,4877051.77
2026,1070,1602,LIQ,4000-00013345,50051,110,1,2,5,1,1110112000,1,0,0,122557.67
2026,1071,1603,LIQ,0040-00013340,50052,110,1,1,6,2,1110112000,1,0,0,1950820.72
2026,1071,1603,LIQ,0040-00013340,50052,110,1,2,5,2,1110112000,1,0,0,49023.07
2026,1072,1604,LIQ,9139-94353647,50008,110,1,1,1,0,1110113000,1,0,0,5488555.92
2026,1072,1604,LIQ,9139-94353647,50008,110,1,1,1,0,1110113000,32,0,0,2604054.06
2026,1072,1604,LIQ,9139-94353647,50008,110,1,1,1,0,1110113000,37,0,0,6069425.87
2026,1072,1604,LIQ,9139-94353647,50008,110,1,1,1,0,1110113000,42,0,0,22339224.48
2026,1072,1604,LIQ,9139-94353647,50008,110,1,1,3,0,1110113000,1,0,0,6620439.57
2026,1072,1604,LIQ,9139-94353647,50008,110,1,1,3,0,1110113000,32,0,0,5793894.35
2026,1072,1604,LIQ,9139-94353647,50008,110,1,1,3,0,1110113000,37,0,0,6188982.58
2026,1072,1604,LIQ,9139-94353647,50008,110,1,1,3,0,1110113000,42,0,0,17618107.43
2026,1072,1604,LIQ,9139-94353647,50008,110,1,1,7,0,1110113000,1,0,0,857927.94
2026,1072,1604,LIQ,9139-94353647,50008,110,1,1,7,0,1110113000,32,0,0,1528516.36
2026,1072,1604,LIQ,9139-94353647,50008,110,1,1,7,0,1110113000,37,0,0,1192657.86
2026,1072,1604,LIQ,9139-94353647,50008,110,1,1,7,0,1110113000,42,0,0,5101144.18
2026,1072,1604,LIQ,9139-94353647,50008,110,1,2,1,0,1110113000,1,0,0,2952865.8
2026,1072,1604,LIQ,9139-94353647,50008,110,1,2,1,0,1110113000,32,0,0,5015680.83
2026,1072,1604,LIQ,9139-94353647,50008,110,1,2,1,0,1110113000,37,0,0,2176475.6
2026,1072,1604,LIQ,9139-94353647,50008,110,1,2,1,0,1110113000,42,0,0,6692117.63
2026,1072,1604,LIQ,9139-94353647,50008,110,1,2,2,0,1110113000,1,0,0,550037.06
2026,1072,1604,LIQ,9139-94353647,50008,110,1,2,2,0,1110113000,32,0,0,699903.38
2026,1072,1604,LIQ,9139-94353647,50008,110,1,2,2,0,1110113000,37,0,0,26966.22
2026,1072,1604,LIQ,9139-94353647,50008,110,1,2,2,0,1110113000,42,0,0,1063764.9
2026,1072,1604,LIQ,9139-94353647,50008,110,1,2,3,0,1110113000,42,0,0,30367.52
2026,1072,1604,LIQ,9139-94353647,50008,110,1,2,6,0,1110113000,1,0,0,6000.0
2026,1072,1604,LIQ,9139-94353647,50008,110,1,2,6,0,1110113000,32,0,0,13500.0
2026,1072,1604,LIQ,9139-94353647,50008,110,1,2,6,0,1110113000,37,0,0,6000.0
2026,539,973,FAB,3093-00024900,50002,110,3,1,4,0,1110102000,1,0,0,2973.7
2026,539,973,FAB,3093-00023567,50002,110,3,1,4,0,1110102000,1,0,0,2973.7
2026,539,973,FAB,3093-00026085,50002,110,3,1,4,0,1110102000,1,0,0,2973.7
2026,539,973,FAB,3093-00029843,50002,110,3,1,4,0,1110102000,1,0,0,2973.7
2026,539,973,FAB,3093-00001648,50002,110,3,1,4,0,1110102000,1,0,0,1711.91
2026,539,973,FAB,3093-00022350,50002,110,3,1,4,0,1110102000,1,0,0,2973.7
2026,539,973,FAB,3093-00028580,50002,110,3,1,4,0,1110102000,1,0,0,2973.7
2026,539,973,FAB,3093-00014583,50002,110,3,1,4,0,1110102000,1,0,0,2973.7
2026,539,973,FAB,3093-00015883,50002,110,3,1,4,0,1110102000,1,0,0,2973.7
2026,539,973,FAB,3093-00021054,50002,110,3,1,4,0,1110102000,1,0,0,2973.7
2026,539,973,FAB,3093-00019589,50002,110,3,1,4,0,1110102000,1,0,0,2973.7
2026,539,973,FAB,3093-00031057,50002,110,3,1,4,0,1110102000,1,0,0,325584.54
2026,539,973,FAB,3093-00018253,50002,110,3,1,4,0,1110102000,1,0,0,2973.7
2026,539,973,FAB,3093-00001647,50002,110,3,1,4,0,1110102000,1,0,0,200206.6
2026,539,973,FAB,3093-00017016,50002,110,3,1,4,0,1110102000,1,0,0,2973.7
2026,539,973,FAB,3093-00027388,50002,110,3,1,4,0,1110102000,1,0,0,2973.7
2026,540,974,FAB,3108-03153554,50002,110,3,1,4,0,1110102000,1,0,0,881445.6
2026,540,974,FAB,3121-01074203,50002,110,3,1,4,0,1110102000,1,0,0,568327.5
2026,541,525,FAC,0001-00000067,3361,131,3,4,9,0,1110106000,44,0,0,1051196.0
2026,542,620,FAC,0003-00001004,1864,131,3,4,9,0,1110106000,44,0,0,927899.68
2026,543,555,FAC,0003-00000178,1825,110,3,4,9,0,1110106000,49,0,0,372382.72
2026,544,566,FAC,0003-00000179,1825,131,3,4,9,0,1110106000,44,0,0,306430.56
2026,545,530,FAC,0001-00000013,3440,131,3,4,9,0,1110106000,44,0,0,846908.96
2026,546,471,FAC,0001-00000045,3228,131,3,4,9,0,1110106000,44,0,0,1051196.0
2026,547,533,FAC,0002-00000042,3338,131,3,4,9,0,1110106000,44,0,0,306430.97
2026,548,574,FAC,0001-00000013,3453,131,3,4,9,0,1110106000,44,0,0,1051196.0
2026,549,532,FAC,0002-00000330,2473,131,3,4,9,0,1110106000,44,0,0,1051196.0
2026,550,470,FAC,0001-00000069,3033,131,3,4,9,0,1110106000,44,0,0,1051196.0
2026,551,565,FAC,0001-00000011,3492,131,3,4,9,0,1110106000,44,0,0,272382.72
2026,552,573,FAC,0002-00000040,3516,131,3,4,9,0,1110106000,44,0,0,170000.0
2026,554,975,VIA,2026-22010000,50003,110,3,7,2,0,1110102000,33,0,0,54000.0
2026,602,118,FAC,0001-00000036,3233,110,3,9,3,0,1110113000,42,0,0,550000.0
2026,603,391,FAC,0002-00000211,41,110,3,5,3,0,1110102000,1,0,0,70000.0
2026,604,596,FAC,0002-00000153,869,110,3,5,3,0,1110102000,1,0,0,80000.0
2026,606,1047,FAB,2512-16672833,50002,110,3,1,4,0,1110102000,1,0,0,59373.97
2026,607,486,FAC,0002-00000172,2098,110,3,6,1,0,1110115000,1,0,0,100000.0
2026,608,1048,COM,2026-00000000,230,110,3,5,5,0,1110112000,1,0,0,20584.52
2026,1153,1674,FAB,0003-00005826,441,110,2,3,4,0,1110108000,29,0,0,12400.0
2026,1156,1684,FAB,0003-00005567,441,131,2,5,9,0,1110104000,16,0,0,16235.34
2026,1156,1684,FAB,0003-00005567,441,131,2,9,9,0,1110104000,16,0,0,980.0
2026,1157,67,COM,0000-00000102,3509,110,3,5,4,0,1110105000,50,0,0,365165.0
2026,1158,67,COM,0000-00000102,3509,110,3,5,4,0,1110105000,50,0,0,365165.0
2026,1072,1604,LIQ,9139-94353647,50008,110,1,2,6,0,1110113000,42,0,0,16000.0
2026,1072,1604,LIQ,9139-94353647,50008,110,1,3,1,0,1110113000,1,0,0,40380.22
2026,1072,1604,LIQ,9139-94353647,50008,110,1,3,1,0,1110113000,32,0,0,1053251.0
2026,1072,1604,LIQ,9139-94353647,50008,110,1,3,1,0,1110113000,42,0,0,7120582.25
2026,1072,1604,LIQ,9139-94353647,50008,110,1,4,0,0,1110113000,1,0,0,149349.0
2026,1072,1604,LIQ,9139-94353647,50008,110,1,4,0,0,1110113000,32,0,0,323728.0
2026,1072,1604,LIQ,9139-94353647,50008,110,1,4,0,0,1110113000,37,0,0,78209.0
2026,1072,1604,LIQ,9139-94353647,50008,110,1,4,0,0,1110113000,42,0,0,1766296.0
2026,1072,1604,LIQ,9139-94353647,50008,110,1,6,0,0,1110113000,37,0,0,423058.33
2026,1072,1604,LIQ,9139-94353647,50008,110,1,6,0,0,1110113000,42,0,0,1912254.1
2026,1073,1605,LIQ,4000-00013346,50051,110,1,1,6,1,1110113000,1,0,0,1153630.15
2026,1073,1605,LIQ,4000-00013346,50051,110,1,1,6,1,1110113000,32,0,0,706144.21
2026,1073,1605,LIQ,4000-00013346,50051,110,1,1,6,1,1110113000,37,0,0,1404133.27
2026,1073,1605,LIQ,4000-00013346,50051,110,1,1,6,1,1110113000,42,0,0,4516278.73
2026,1073,1605,LIQ,4000-00013346,50051,110,1,2,5,1,1110113000,1,0,0,719797.66
2026,1073,1605,LIQ,4000-00013346,50051,110,1,2,5,1,1110113000,32,0,0,987479.71
2026,1073,1605,LIQ,4000-00013346,50051,110,1,2,5,1,1110113000,37,0,0,331288.77
2026,1073,1605,LIQ,4000-00013346,50051,110,1,2,5,1,1110113000,42,0,0,1212951.11
2026,1074,1606,LIQ,0040-00013341,50052,110,1,1,6,2,1110113000,1,0,0,461452.06
2026,1074,1606,LIQ,0040-00013341,50052,110,1,1,6,2,1110113000,32,0,0,282457.68
2026,1074,1606,LIQ,0040-00013341,50052,110,1,1,6,2,1110113000,37,0,0,581960.11
2026,1074,1606,LIQ,0040-00013341,50052,110,1,1,6,2,1110113000,42,0,0,1829642.4
2026,1074,1606,LIQ,0040-00013341,50052,110,1,2,5,2,1110113000,1,0,0,287919.06
2026,1074,1606,LIQ,0040-00013341,50052,110,1,2,5,2,1110113000,32,0,0,394991.92
2026,1074,1606,LIQ,0040-00013341,50052,110,1,2,5,2,1110113000,37,0,0,132515.49
2026,1074,1606,LIQ,0040-00013341,50052,110,1,2,5,2,1110113000,42,0,0,485180.46
2026,1075,1607,LIQ,9139-94353648,50008,110,1,1,1,0,1110115000,1,0,0,4727083.1
2026,1075,1607,LIQ,9139-94353648,50008,110,1,1,3,0,1110115000,1,0,0,5490303.76
2026,1075,1607,LIQ,9139-94353648,50008,110,1,1,7,0,1110115000,1,0,0,785029.22
2026,1075,1607,LIQ,9139-94353648,50008,110,1,2,1,0,1110115000,1,0,0,1182038.57
2026,1075,1607,LIQ,9139-94353648,50008,110,1,2,2,0,1110115000,1,0,0,15563.8
2026,1075,1607,LIQ,9139-94353648,50008,110,1,2,6,0,1110115000,1,0,0,4500.0
2026,1075,1607,LIQ,9139-94353648,50008,110,1,4,0,0,1110115000,1,0,0,20458.0
2026,1076,1608,LIQ,4000-00013347,50051,110,1,1,6,1,1110115000,1,0,0,1183709.48
2026,1076,1608,LIQ,4000-00013347,50051,110,1,2,5,1,1110115000,1,0,0,186089.23
2026,1077,1609,LIQ,0040-00013342,50052,110,1,1,6,2,1110115000,1,0,0,473483.79
2026,1077,1609,LIQ,0040-00013342,50052,110,1,2,5,2,1110115000,1,0,0,74435.69
2026,1078,1610,LIQ,9139-94353649,50008,110,1,1,1,0,1110117000,34,0,0,5507533.87
2026,1078,1610,LIQ,9139-94353649,50008,110,1,1,1,0,1110117000,36,0,0,2441389.1
2026,1078,1610,LIQ,9139-94353649,50008,110,1,1,3,0,1110117000,34,0,0,5209461.64
2026,1078,1610,LIQ,9139-94353649,50008,110,1,1,3,0,1110117000,36,0,0,1534260.14
2026,1078,1610,LIQ,9139-94353649,50008,110,1,1,7,0,1110117000,34,0,0,932743.41
2026,1078,1610,LIQ,9139-94353649,50008,110,1,1,7,0,1110117000,36,0,0,108652.55
2026,1078,1610,LIQ,9139-94353649,50008,110,1,2,1,0,1110117000,34,0,0,3881937.63
2026,1078,1610,LIQ,9139-94353649,50008,110,1,2,2,0,1110117000,34,0,0,15000.0
2026,1078,1610,LIQ,9139-94353649,50008,110,1,2,6,0,1110117000,34,0,0,6000.0
2026,1078,1610,LIQ,9139-94353649,50008,110,1,4,0,0,1110117000,34,0,0,33828.0
2026,1078,1610,LIQ,9139-94353649,50008,110,1,6,0,0,1110117000,34,0,0,1224188.54
2026,1079,1611,LIQ,4000-00013348,50051,110,1,1,6,1,1110117000,34,0,0,1110289.71
2026,1079,1611,LIQ,4000-00013348,50051,110,1,1,6,1,1110117000,36,0,0,477077.91
2026,1079,1611,LIQ,4000-00013348,50051,110,1,2,5,1,1110117000,34,0,0,643382.28
2026,1080,1612,LIQ,0040-00013343,50052,110,1,1,6,2,1110117000,34,0,0,502876.95
2026,1080,1612,LIQ,0040-00013343,50052,110,1,1,6,2,1110117000,36,0,0,190831.16
2026,1080,1612,LIQ,0040-00013343,50052,110,1,2,5,2,1110117000,34,0,0,257352.9
2026,1081,1613,LIQ,9139-94353650,50008,110,1,1,1,0,1110118000,1,0,0,858130.03
2026,1081,1613,LIQ,9139-94353650,50008,110,1,1,1,0,1110118000,35,0,0,351150.66
2026,1081,1613,LIQ,9139-94353650,50008,110,1,1,1,0,1110118000,46,0,0,348311.17
2026,1081,1613,LIQ,9139-94353650,50008,110,1,1,3,0,1110118000,1,0,0,384495.05
2026,1081,1613,LIQ,9139-94353650,50008,110,1,1,3,0,1110118000,35,0,0,76969.2
2026,1081,1613,LIQ,9139-94353650,50008,110,1,1,3,0,1110118000,46,0,0,15449.34
2026,1081,1613,LIQ,9139-94353650,50008,110,1,1,7,0,1110118000,1,0,0,246800.23
2026,1081,1613,LIQ,9139-94353650,50008,110,1,1,7,0,1110118000,35,0,0,87115.07
2026,1081,1613,LIQ,9139-94353650,50008,110,1,1,7,0,1110118000,46,0,0,86831.12
2026,1081,1613,LIQ,9139-94353650,50008,110,1,2,1,0,1110118000,1,0,0,584872.26
2026,1081,1613,LIQ,9139-94353650,50008,110,1,2,6,0,1110118000,1,0,0,1500.0
2026,1082,1614,LIQ,9139-94353651,50008,110,1,1,7,0,1110118000,48,0,0,443366.51
2026,1082,1614,LIQ,9139-94353651,50008,110,1,2,1,0,1110118000,48,0,0,2918665.04
2026,1082,1614,LIQ,9139-94353651,50008,110,1,2,2,0,1110118000,48,0,0,5000.0
2026,1082,1614,LIQ,9139-94353651,50008,110,1,2,6,0,1110118000,48,0,0,4500.0
2026,123,223,FAB,0003-00000117,2986,110,3,5,3,0,1110102000,1,0,0,60000.0
2026,124,227,FAC,0002-00000072,2309,110,3,5,3,0,1110102000,1,0,0,40000.0
2026,125,317,FAB,0000-00000032,50370,132,5,1,7,0,1110105000,50,0,0,80536.49
2026,126,219,FAB,2024-00000281,50072,110,3,8,4,0,1110117000,34,0,0,457907.06
2026,127,227,FAC,0002-00000720,2309,110,3,5,3,0,1110102000,1,0,0,40000.0
2026,128,323,FAB,0000-00000001,51094,131,5,1,7,0,1110101000,1,0,0,256650.0
2026,129,328,FAB,2022-50000057,50070,110,3,5,4,0,1110102000,1,0,0,23232132.52
2026,130,329,FAB,2022-50000058,50070,131,3,5,4,0,1110111000,23,0,0,170057.57
2026,131,221,FAC,0002-00000160,174,110,2,3,4,0,1110101000,1,0,0,168000.0
2026,132,299,COM,1111-00000001,2549,110,3,5,4,0,1110108000,29,0,0,250593.0
2026,133,150,COM,1100-01101101,708,110,3,5,4,0,1110103000,1,0,0,79411.0
2026,134,157,COM,1100-01101102,708,110,3,5,4,0,1110106000,49,0,0,83207.0
2026,135,297,COM,1100-01101103,708,110,3,5,4,0,1110108000,29,0,0,83437.0
2026,136,216,FAC,0002-00000023,3426,131,3,4,2,0,1110104000,16,0,0,5600000.0
2026,572,911,FAB,0006-00004219,3322,131,2,3,4,0,1110104000,16,0,0,291966.61
2026,572,911,FAB,0006-00004219,3322,131,2,9,1,0,1110104000,16,0,0,658158.49
2026,573,460,FAC,0003-00000113,1214,110,3,2,1,0,1110105000,50,0,0,480000.0
2026,574,1024,COM,2026-28500000,50031,110,5,1,4,0,1110106000,24,0,0,20000.0
2026,575,269,FAC,0009-00000117,2538,131,3,3,2,0,1110104000,16,0,0,156000.0
2026,576,194,FAC,0006-00000231,717,131,2,1,1,0,1110104000,16,0,0,119760.0
2026,577,798,FAB,0003-00001928,3296,132,2,5,5,0,1110106000,43,0,0,109529.2
2026,578,150,COM,1100-01101106,708,110,3,5,4,0,1110103000,1,0,0,79411.0
2026,579,297,COM,1100-01101107,708,110,3,5,4,0,1110108000,29,0,0,83437.0
2026,580,157,COM,1100-01101108,708,110,3,5,4,0,1110106000,49,0,0,83207.0
2026,776,1280,FAB,0000-20736235,50925,132,3,1,1,0,1110102000,33,0,0,90759.11
2026,777,1281,FAB,5490-32016704,707,110,3,5,4,0,1110102000,1,0,0,1026659.0
2026,778,1282,FAB,5490-32016705,707,131,3,5,4,0,1110111000,23,0,0,12852.0
2026,779,546,FAC,0006-00000234,717,131,2,1,1,0,1110104000,16,0,0,123760.0
2026,780,312,FAC,0006-00000233,717,131,2,1,1,0,1110104000,16,0,0,112000.0
2026,781,261,FAC,0006-00000232,717,131,2,1,1,0,1110104000,16,0,0,160060.0
2026,782,104,FAC,0006-00000229,717,110,2,5,2,0,1110106000,24,0,0,2000.0
2026,782,104,FAC,0006-00000229,717,110,2,9,1,0,1110106000,24,0,0,16050.0
2026,783,1202,FAB,0011-00005318,3218,132,3,9,3,0,1110105000,50,0,0,89154.79
2026,784,1098,FAC,0003-00000112,1214,110,3,2,1,0,1110105000,50,0,0,40000.0
2026,785,117,FAC,0005-00000302,2228,110,3,4,6,0,1110113000,42,0,0,530000.0
2026,786,1318,FAB,0000-00000001,51098,110,5,1,4,0,1110118000,46,0,0,912000.0
2026,787,220,FAB,0003-00004330,875,110,2,3,4,0,1110200000,1,0,0,9000.0
2026,788,897,FAC,0002-00000452,2421,131,3,2,1,0,1110111000,23,0,0,100000.0
2026,789,88,FAB,0004-00000263,2804,131,2,1,1,0,1110111000,23,0,0,12028.0
2026,790,964,FAC,0001-00000612,3337,131,3,3,3,0,1110111000,23,0,0,654701.0
2026,792,489,FAC,0003-00000670,2086,110,3,6,1,0,1110115000,1,0,0,100000.0
2026,794,514,FAB,0003-00000121,2986,110,3,6,1,0,1110115000,1,0,0,65000.0
2026,795,491,FAC,0002-00000184,2109,110,3,6,1,0,1110115000,1,0,0,190000.0
2026,798,1323,FAB,2022-00000850,50362,131,5,1,7,0,1110101000,1,0,0,248874.0
2026,799,1324,LIQ,9139-94353611,50008,110,1,3,1,0,1110102000,1,0,0,118180.0
2026,800,1325,LIQ,9139-94353612,50008,110,1,3,1,0,1110102000,1,0,0,190380.0
2026,801,1326,LIQ,4000-00013311,50051,110,1,1,6,1,1110102000,1,0,0,22845.6
2026,802,1327,LIQ,4000-00013312,50051,110,1,1,6,1,1110102000,1,0,0,14181.6
2026,803,1328,LIQ,0040-00013306,50052,110,1,1,6,2,1110102000,1,0,0,5672.64
2026,804,1329,LIQ,0040-00013307,50052,110,1,1,6,2,1110102000,1,0,0,9138.24
2026,805,1330,LIQ,9139-94353613,50008,110,1,3,1,0,1110106000,24,0,0,424850.2
2026,806,1331,LIQ,4000-00013313,50051,110,1,1,6,1,1110106000,24,0,0,22777.2
2026,807,1332,LIQ,0040-00013308,50052,110,1,1,6,2,1110106000,24,0,0,9110.88
2026,808,1333,LIQ,9139-94353614,50008,132,1,3,1,0,1110106000,25,0,0,177911.01
2026,809,1334,LIQ,4000-00013314,50051,132,1,2,5,1,1110106000,25,0,0,6657.6
2026,810,1335,LIQ,0040-00013309,50052,132,1,2,5,2,1110106000,25,0,0,2663.04
2026,811,1336,LIQ,9139-94353615,50008,110,1,3,1,0,1110112000,1,0,0,1022960.0
2026,812,1337,LIQ,4000-00013315,50051,110,1,1,6,1,1110112000,1,0,0,122755.2
2026,813,1338,LIQ,0040-00013310,50052,110,1,1,6,2,1110112000,1,0,0,49102.08
2026,814,1339,LIQ,9139-94353616,50008,110,1,3,1,0,1110113000,42,0,0,215756.35
2026,815,1340,LIQ,4000-00013316,50051,110,1,1,6,1,1110113000,42,0,0,8755.2
2026,816,1341,LIQ,0040-00013311,50052,110,1,1,6,2,1110113000,42,0,0,3502.08
2026,817,1342,LIQ,9139-94353617,50008,110,1,3,1,0,1110117000,36,0,0,159980.0
2026,818,1343,LIQ,4000-00013317,50051,110,1,1,6,1,1110117000,36,0,0,19197.6
2026,819,1344,LIQ,0040-00013312,50052,110,1,1,6,2,1110117000,36,0,0,7679.04
2026,820,1345,LIQ,9139-94353618,50008,110,1,3,1,0,1110118000,35,0,0,260101.37
2026,821,1346,LIQ,9139-94353619,50008,110,1,3,1,0,1110118000,46,0,0,824748.01
2026,822,1347,LIQ,4000-00013318,50051,110,1,2,5,1,1110118000,46,0,0,21158.4
2026,823,1348,LIQ,0040-00013313,50052,110,1,2,5,2,1110118000,46,0,0,8463.36
2026,825,1352,FAB,2018-00001703,479,131,5,1,7,0,1110101000,1,0,0,54000.0
2026,826,1354,FAB,2018-00002019,50328,131,5,1,7,0,1110101000,1,0,0,17937.0
2026,829,646,FAB,0016-00012154,492,131,2,9,6,0,1110104000,16,0,0,59295.95
2026,829,646,FAB,0016-00012154,492,131,3,3,2,0,1110104000,16,0,0,190700.0
2026,829,646,FAB,0016-00012154,492,131,2,5,6,0,1110104000,16,0,0,226996.18
2026,830,647,FAB,0016-00011954,492,131,2,5,6,0,1110104000,16,0,0,37726.86
2026,830,647,FAB,0016-00011954,492,131,2,9,6,0,1110104000,16,0,0,69051.57
2026,830,647,FAB,0016-00011954,492,131,3,3,2,0,1110104000,16,0,0,185440.0
2026,830,647,FAB,0016-00011954,492,131,2,9,9,0,1110104000,16,0,0,270945.0
2026,831,1369,FAB,8173-96979400,50031,110,5,1,4,0,1110106000,24,0,0,30000.0
2026,832,959,FAC,0001-00000103,2843,132,5,1,4,0,1110106000,42,0,0,2047500.0
2026,833,1378,FAB,2018-18242083,2525,131,5,1,7,0,1110101000,1,0,0,248375.0
2026,834,1382,FAB,2018-18242084,2525,131,5,1,7,0,1110101000,1,0,0,180700.0
2026,835,1384,FAB,2018-18242085,2525,131,5,1,7,0,1110101000,1,0,0,1208676.0
2026,836,1210,FAB,0003-00003805,2751,110,2,5,4,0,1110108000,29,0,0,375000.0
2026,837,109,FAB,0002-00000661,1994,110,3,9,9,0,1110102000,1,0,0,182009.0
2026,838,348,FAB,0002-00000660,1994,110,3,9,9,0,1110118000,46,0,0,86513.71
2026,839,1388,FAB,2018-20192046,216,131,5,1,7,0,1110101000,1,0,0,149712.0
2026,840,1052,FAC,0003-00000199,635,110,3,5,9,0,1110104000,16,0,0,140000.0
2026,840,1052,FAC,0003-00000198,635,110,3,5,9,0,1110104000,16,0,0,145000.0
2026,841,302,FAB,0002-00000693,3287,110,3,5,3,0,1110104000,17,0,0,225500.0
2026,842,260,FAB,0002-00000691,3287,110,3,5,3,0,1110102000,1,0,0,152100.0
2026,843,316,FAB,0002-00000694,3287,110,3,5,3,0,1110102000,1,0,0,1669999.97
2026,844,802,FAB,0002-00000700,3287,132,3,5,3,0,1110106000,25,0,0,73410.0
2026,845,1115,FAB,0002-00000703,3287,110,3,5,3,0,1110106000,24,0,0,75500.0
2026,846,976,FAB,0002-00000701,3287,110,2,9,9,0,1110113000,42,0,0,21600.0
2026,847,679,FAB,0002-00000697,3287,110,3,4,9,0,1110102000,1,0,0,32500.0
2026,1235,117,FAC,0005-00000308,2228,110,3,4,6,0,1110113000,42,0,0,530000.0
2026,1236,640,FAC,0002-00000569,57,131,3,5,3,0,1110104000,16,0,0,39000.0
2026,1236,640,FAC,0002-00000569,57,131,3,5,9,0,1110104000,16,0,0,35000.0
2026,1237,1224,FAC,0002-00000570,57,131,3,5,9,0,1110104000,16,0,0,32000.0
2026,1242,86,FAB,0015-00086231,3316,110,3,4,7,0,1110101000,1,0,0,290000.0
2026,1244,1777,FAB,0039-00078865,50014,110,2,5,6,0,1110112000,1,0,0,76009.5
2026,1244,1777,FAB,0008-00007791,50014,110,2,5,6,0,1110112000,1,0,0,82479.95
2026,1244,1777,FAC,0002-00000357,50014,110,2,1,1,0,1110112000,1,0,0,35000.0
2026,1245,1788,FAB,2024-00000286,50072,110,3,8,9,0,1110117000,34,0,0,24000.0
2026,1246,118,FAC,0001-00000037,3233,110,3,9,3,0,1110113000,42,0,0,550000.0
2026,105,138,COM,7016-53892069,50023,132,3,1,3,0,1110102000,33,0,0,60839.69
2026,106,141,FAB,2022-21900816,50087,110,3,5,5,0,1110102000,1,0,0,75207.76
2026,107,142,FAB,0000-00000274,50063,110,3,5,5,0,1110102000,1,0,0,1396811.6
2026,108,51,FAC,0002-00001298,2522,110,3,5,3,0,1110102000,1,0,0,45000.0
2026,109,48,FAC,0003-00000651,2086,110,3,5,3,0,1110102000,1,0,0,80000.0
2026,110,53,FAB,0010-00003004,3029,110,3,5,3,0,1110102000,1,0,0,200000.01
2026,111,56,FAB,0006-00000031,3012,110,3,4,6,0,1110115000,1,0,0,923282.1
2026,112,40,FAC,0002-00000754,2513,110,3,5,3,0,1110102000,1,0,0,120000.0
2026,113,39,FAC,0002-00000170,53,110,3,5,3,0,1110102000,1,0,0,85000.0
2026,114,38,FAC,0003-00001832,400,110,3,5,3,0,1110102000,1,0,0,70000.0
2026,115,52,FAC,0002-00000154,2098,110,3,5,3,0,1110102000,1,0,0,80000.0
2026,116,215,COM,0000-00063000,50031,110,5,1,4,0,1110104000,16,0,0,60000.0
2026,117,219,FAB,2024-00000281,50072,110,3,8,4,0,1110117000,34,0,0,457907.38
2026,118,222,FAB,0000-00000001,51093,110,3,4,3,0,1110117000,34,0,0,571675.0
2026,566,1017,COM,2026-04022600,50162,110,3,8,9,0,1110102000,1,0,0,18320.0
2026,255,608,FAB,0471-01001215,50036,110,3,1,4,0,1110102000,1,0,0,47321.89
2026,256,609,FAB,2022-00001357,50003,110,3,7,2,0,1110101000,1,0,0,90000.0
2026,262,305,FAB,0003-00017139,3430,110,3,5,9,0,1110115000,1,0,0,2200997.5
2026,263,476,FAB,0010-00000539,2869,131,2,1,1,0,1110104000,16,0,0,1192821.0
2026,264,224,FAB,0010-00000533,2869,110,2,1,1,0,1110106000,49,0,0,231920.0
2026,264,224,FAB,0010-00000534,2869,110,2,1,1,0,1110106000,49,0,0,247920.0
2026,266,266,FAC,0002-00001002,1267,110,2,9,6,0,1110118000,46,0,0,16900.0
2026,266,266,FAC,0002-00001002,1267,110,2,9,9,0,1110118000,46,0,0,176431.0
2026,266,266,FAC,0002-00001002,1267,110,3,3,2,0,1110118000,46,0,0,1373622.0
2026,266,266,FAC,0002-00001002,1267,110,2,7,9,0,1110118000,46,0,0,59780.0
2026,267,70,FAB,0006-00000809,2627,131,2,1,1,0,1110104000,16,0,0,29000.0
2026,268,69,FAB,0006-00000808,2627,131,2,1,1,0,1110104000,16,0,0,13000.0
2026,271,627,FAB,2018-00001747,50154,110,1,5,0,0,1110106000,24,0,0,43000.0
2026,272,502,FAB,0051-00028139,85,131,4,3,4,0,1110104000,16,0,0,199999.0
2026,272,502,FAB,0051-00028139,85,131,4,3,7,0,1110104000,16,0,0,1404999.0
2026,273,102,FAB,0007-00011033,160,132,2,1,4,0,1110106000,25,0,0,9800.0
2026,274,277,FAB,0005-00000892,2450,132,2,1,1,0,1110106000,25,0,0,218900.0
2026,274,277,FAB,0005-00000892,2450,132,2,9,9,0,1110106000,25,0,0,4000.0
2026,479,884,COM,2026-70960002,50087,131,2,5,6,0,1110104000,16,0,0,2418000.0
2026,480,885,COM,2026-70960003,50087,131,2,5,6,0,1110111000,23,0,0,560000.0
2026,481,886,COM,2026-70960004,50087,132,2,5,6,0,1110113000,43,0,0,10000000.0
2026,482,883,COM,2026-70960005,50087,110,2,5,6,0,1110101000,1,0,0,200000.0
2026,483,881,COM,2026-70960006,50087,132,2,5,6,0,1110106000,42,0,0,550000.0
2026,484,882,COM,2026-70960007,50087,110,2,5,6,0,1110109000,28,0,0,170000.0
2026,485,887,COM,2026-70960008,50087,110,3,5,5,0,1110112000,1,0,0,277960.0
2026,486,889,COM,2026-00000003,230,110,3,5,5,0,1110112000,1,0,0,1192749.81
2026,487,889,COM,2026-00000003,230,110,3,5,5,0,1110112000,1,0,0,1192749.81
2026,488,890,COM,2026-70960009,50087,110,3,5,5,0,1110112000,1,0,0,1002.85
2026,489,891,COM,2026-70960010,50087,110,3,5,5,0,1110112000,1,0,0,193038.78
2026,490,894,COM,2026-70960011,50087,110,3,5,5,0,1110112000,1,0,0,522879.71
2026,848,1397,FAB,0007-02478746,2969,110,3,1,4,0,1110102000,1,0,0,602364.52
2026,848,1397,FAB,0007-02478747,2969,110,3,1,4,0,1110102000,1,0,0,1205617.73
2026,852,196,COM,1240-00001107,33,131,3,5,4,0,1110111000,23,0,0,202989.0
2026,853,83,COM,1240-00001108,33,131,3,5,4,0,1110111000,23,0,0,6359.0
2026,855,510,COM,1240-00001109,33,131,3,5,4,0,1110104000,16,0,0,31824.0
2026,856,246,COM,1240-00001110,33,131,3,5,4,0,1110111000,23,0,0,532582.0
2026,857,539,COM,1240-00001111,33,131,3,5,4,0,1110104000,16,0,0,50226.0
2026,858,540,COM,1240-00001112,33,131,3,5,4,0,1110104000,16,0,0,49351.0
2026,859,560,COM,1240-00001113,33,131,3,5,4,0,1110104000,16,0,0,364620.0
2026,860,521,COM,1240-00001114,33,131,3,5,4,0,1110104000,16,0,0,335273.0
2026,861,403,COM,1240-00001115,33,131,3,5,4,0,1110104000,16,0,0,83125.0
2026,863,359,COM,1240-00001116,33,131,3,5,4,0,1110104000,16,0,0,195303.0
2026,864,198,COM,1240-00001117,33,110,3,5,4,0,1110118000,46,0,0,2800204.0
2026,866,584,COM,1240-00001118,33,110,3,5,4,0,1110102000,1,0,0,133049.0
2026,868,341,COM,1240-00001119,33,110,3,5,4,0,1110113000,42,0,0,8057045.06
2026,869,474,COM,1240-00001120,33,132,3,5,4,0,1110102000,33,0,0,163217.0
2026,870,524,COM,1240-00001121,33,110,3,5,4,0,1110106000,24,0,0,36787.0
2026,872,473,COM,1240-00001122,33,132,3,5,4,0,1110106000,25,0,0,149679.0
2026,873,202,COM,1240-00001123,33,110,3,5,4,0,1110118000,35,0,0,50836.0
2026,874,499,COM,1240-00001124,33,110,3,5,4,0,1110113000,32,0,0,65039.0
2026,876,201,COM,1240-00001125,33,110,3,5,4,0,1110102000,1,0,0,48470.0
2026,877,199,COM,1240-00001126,33,110,3,5,4,0,1110109000,28,0,0,52569.0
2026,878,474,COM,1240-00001127,33,132,3,5,4,0,1110102000,33,0,0,157814.0
2026,879,404,COM,1240-00001128,33,110,3,5,4,0,1110113000,42,0,0,129017.0
2026,881,583,COM,1240-00001129,33,110,3,5,4,0,1110105000,50,0,0,29049.0
2026,882,214,COM,1240-00001130,33,110,3,5,4,0,1110108000,29,0,0,47775.0
2026,883,511,COM,1240-00001131,33,110,3,5,4,0,1110106000,25,0,0,83767.0
2026,884,498,COM,1240-00001132,33,110,3,5,4,0,1110105000,30,0,0,58876.0
2026,885,512,COM,1240-00001133,33,110,3,5,4,0,1110106000,43,0,0,113108.0
2026,887,270,COM,1240-00001134,33,132,3,5,4,0,1110106000,25,0,0,63978.17
2026,888,468,COM,1240-00001135,33,110,3,5,4,0,1110105000,50,0,0,55268.0
2026,889,405,COM,1240-00001136,33,110,3,5,4,0,1110105000,50,0,0,56669.0
2026,892,497,COM,1240-00001137,33,110,3,5,4,0,1110105000,30,0,0,31130.51
2026,1386,147,COM,1100-11000004,1809,110,3,5,4,0,1110106000,24,0,0,83430.0
2026,1387,561,COM,1100-11000005,1809,110,3,5,4,0,1110109000,28,0,0,39384.0
2026,1388,298,COM,1100-01101115,708,110,3,5,4,0,1110106000,24,0,0,2987.0
2026,1389,298,COM,1100-01101115,708,110,3,5,4,0,1110106000,24,0,0,2987.0
2026,1398,1980,FAS,3093-00000230,50001,110,3,1,4,0,1110102000,1,0,0,196431.4
2026,1398,1980,FAS,1405-00024154,50001,110,3,1,4,0,1110102000,1,0,0,3291.2
2026,1398,1980,FAS,1405-00129820,50001,110,3,1,4,0,1110102000,1,0,0,1711.91
2026,1398,1980,FAS,1405-00023609,50001,110,3,1,4,0,1110102000,1,0,0,71135.9
2026,1398,1980,FAS,1405-00129819,50001,110,3,1,4,0,1110102000,1,0,0,87712.9
2026,1398,1980,FAS,1405-00129818,50001,110,3,1,4,0,1110102000,1,0,0,2973.7
2026,1398,1980,FAS,3093-00000231,50001,110,3,1,4,0,1110102000,1,0,0,1711.91
2026,1399,1980,FAS,3093-00000230,50001,110,3,1,4,0,1110102000,1,0,0,196431.4
2026,1399,1980,FAS,1405-00024154,50001,110,3,1,4,0,1110102000,1,0,0,3291.2
2026,1399,1980,FAS,1405-00129820,50001,110,3,1,4,0,1110102000,1,0,0,1711.91
2026,1399,1980,FAS,1405-00023609,50001,110,3,1,4,0,1110102000,1,0,0,71135.9
2026,1399,1980,FAS,1405-00129819,50001,110,3,1,4,0,1110102000,1,0,0,87712.9
2026,1399,1980,FAS,1405-00129818,50001,110,3,1,4,0,1110102000,1,0,0,2973.7
2026,1399,1980,FAS,3093-00000231,50001,110,3,1,4,0,1110102000,1,0,0,1711.91
2026,1401,1981,FAS,3108-00037016,50002,110,3,1,4,0,1110102000,1,0,0,30344.38
2026,1401,1981,FAS,3108-00037018,50002,110,3,1,4,0,1110102000,1,0,0,34060.29
2026,1401,1981,FAS,3108-00162882,50002,110,3,1,4,0,1110102000,1,0,0,40683.83
2026,1401,1981,FAS,3108-00166522,50002,110,3,1,4,0,1110102000,1,0,0,38964.42
2026,1401,1981,FAS,3108-00159243,50002,110,3,1,4,0,1110102000,1,0,0,34713.69
2026,1401,1981,FAS,3108-00037048,50002,110,3,1,4,0,1110102000,1,0,0,35563.11
2026,1406,1986,FAB,6944-00004135,50012,110,3,5,1,0,1110115000,1,0,0,35647.5
2026,1407,1987,FAB,0005-00004367,50012,131,3,5,1,0,1110111000,23,0,0,36058.0
2026,167,400,COM,2026-07140001,50087,110,3,5,5,0,1110112000,1,0,0,229200.0
2026,168,398,COM,2026-07140100,50087,132,2,5,6,0,1110106000,42,0,0,600000.0
2026,169,399,COM,2026-07140101,50087,132,2,5,6,0,1110118000,46,0,0,550000.0
2026,170,395,COM,2026-07140102,50087,131,2,5,6,0,1110111000,23,0,0,560000.0
2026,171,396,COM,2026-07140103,50087,131,2,5,6,0,1110113000,42,0,0,8000000.0
2026,172,397,COM,2026-07140104,50087,131,2,5,6,0,1110104000,16,0,0,1750000.0
2026,553,390,FAC,0005-00000301,2228,110,3,4,3,0,1110113000,42,0,0,451814.0
2026,902,1377,FAC,1026-00011168,183,110,3,5,9,0,1110105000,50,0,0,5000000.0
2026,903,1432,COM,7026-02556250,50126,131,5,1,7,0,1110101000,1,0,0,314045.25
2026,907,1433,COM,1702-10751325,51099,131,5,1,7,0,1110101000,1,0,0,130326.0
2026,908,1434,COM,4222-62994761,51080,131,5,1,7,0,1110101000,1,0,0,320742.33
2026,912,1435,COM,3912-61301250,50910,131,5,1,7,0,1110101000,1,0,0,317025.0
2026,916,1437,COM,9081-08987749,216,131,5,1,7,0,1110101000,1,0,0,357812.0
2026,917,1438,COM,5000-20330432,50278,131,5,1,7,0,1110101000,1,0,0,1525654.41
2026,918,1440,COM,5000-20330433,50278,131,5,1,7,0,1110101000,1,0,0,1588872.5
2026,920,1441,COM,5000-20330434,50278,131,5,1,7,0,1110101000,1,0,0,1385898.5
2026,922,1443,COM,5000-20330435,50278,131,5,1,7,0,1110101000,1,0,0,3428232.75
2026,925,1376,FAC,1026-10011168,183,110,3,8,3,0,1110102000,1,0,0,5000000.0
2026,926,1446,FAB,0007-02477757,2969,110,3,1,4,0,1110102000,1,0,0,2588013.11
2026,1160,1696,FAB,2024-00000285,50072,110,3,8,9,0,1110117000,34,0,0,8734.2
2026,1162,1698,FAB,2022-21900837,50087,110,7,3,3,0,1110102000,1,0,0,4759832.56
2026,1163,134,FAC,0001-00000036,3445,110,3,9,9,0,1110105000,50,0,0,350000.0
2026,1164,1152,FAC,0001-00000106,2991,110,3,5,9,0,1110105000,50,0,0,1400000.0
2026,1165,1151,FAB,0005-00000094,3481,110,3,4,6,0,1110105000,50,0,0,840000.0
2026,1166,1460,FAC,0002-00000061,2846,110,3,2,9,0,1110105000,50,0,0,960000.0
2026,1167,1466,FAC,0002-00000062,2846,110,3,2,9,0,1110105000,30,0,0,640000.0
2026,1168,1408,FAC,0004-00000005,3331,110,3,2,9,0,1110105000,30,0,0,450000.0
2026,1170,1409,FAC,0003-00000308,572,110,3,2,9,0,1110105000,30,0,0,360000.0
2026,1171,1464,FAB,0001-00000799,3330,110,3,2,9,0,1110105000,30,0,0,1000000.0
2026,1172,1467,FAC,0004-00003377,186,110,3,2,9,0,1110105000,30,0,0,540000.0
2026,1173,1458,FAC,0004-00003375,186,110,3,2,9,0,1110105000,30,0,0,675000.0
2026,1174,1410,FAC,0004-00003378,186,110,3,2,9,0,1110105000,30,0,0,540000.0
2026,1175,1459,FAC,0004-00003374,186,110,3,2,9,0,1110105000,30,0,0,300000.0
2026,1183,1722,FAA,0390-00000392,50020,110,3,5,1,0,1110105000,50,0,0,14400.0
2026,1183,1722,FAA,0390-00007884,50020,110,3,5,1,0,1110105000,50,0,0,14400.0
2026,1183,1722,FAB,0390-00025441,50020,110,3,5,1,0,1110105000,50,0,0,12500.0
2026,1183,1722,FAA,0390-00007885,50020,110,3,5,1,0,1110105000,50,0,0,14400.0
2026,1183,1722,FAA,0390-00007883,50020,110,3,5,1,0,1110105000,50,0,0,14400.0
2026,1183,1722,FAA,0390-00007886,50020,110,3,5,1,0,1110105000,50,0,0,12500.0
2026,1183,1722,FAA,0390-00007877,50020,110,3,5,1,0,1110105000,50,0,0,14400.0
2026,1183,1722,FAA,0390-00007878,50020,110,3,5,1,0,1110105000,50,0,0,12500.0
2026,1183,1722,FAB,0001-00000392,50020,110,2,7,9,0,1110105000,50,0,0,18000.0
2026,1183,1722,FAA,0390-00007880,50020,110,3,5,1,0,1110105000,50,0,0,12500.0
2026,1183,1722,FAA,0390-00007879,50020,110,3,5,1,0,1110105000,50,0,0,12400.0
2026,1183,1722,FAA,0390-00007912,50020,110,3,5,1,0,1110105000,50,0,0,14400.0
2026,176,401,COM,0000-20736234,50925,132,3,1,1,0,1110102000,33,0,0,90759.11
2026,177,407,LIQ,9139-94353521,50008,110,1,3,1,0,1110102000,1,0,0,348080.0
2026,178,408,LIQ,9139-94353522,50008,110,1,3,1,0,1110102000,1,0,0,1042720.0
2026,179,409,LIQ,4000-00013246,50051,110,1,1,6,1,1110102000,1,0,0,41769.6
2026,180,410,LIQ,4000-00013247,50051,110,1,1,6,1,1110102000,1,0,0,125126.4
2026,181,411,LIQ,0040-00013240,50052,110,1,1,6,2,1110102000,1,0,0,16707.84
2026,182,412,LIQ,0040-00013241,50052,110,1,1,6,2,1110102000,1,0,0,50050.56
2026,183,413,LIQ,9139-94353523,50008,110,1,3,1,0,1110104000,16,0,0,353535.84
2026,184,414,LIQ,9139-94353524,50008,132,1,2,1,0,1110105000,50,0,0,203040.0
2026,185,415,LIQ,4000-00013248,50051,132,1,2,5,1,1110105000,50,0,0,24364.8
2026,186,416,LIQ,0040-00013242,50052,132,1,2,5,2,1110105000,50,0,0,9745.92
2026,187,417,LIQ,9139-94353525,50008,110,1,3,1,0,1110106000,24,0,0,842080.0
2026,188,418,LIQ,4000-00013249,50051,110,1,1,6,1,1110106000,24,0,0,101049.6
2026,189,419,LIQ,0040-00013243,50052,110,1,1,6,2,1110106000,24,0,0,40419.84
2026,190,420,LIQ,9139-94353526,50008,132,1,3,1,0,1110106000,25,0,0,250040.0
2026,191,421,LIQ,4000-00013250,50051,132,1,2,5,1,1110106000,25,0,0,30004.8
2026,192,422,LIQ,0040-00013244,50052,132,1,2,5,2,1110106000,25,0,0,12001.92
2026,193,423,LIQ,9139-94353527,50008,110,1,2,1,0,1110109000,28,0,0,135360.0
2026,194,424,LIQ,4000-00013251,50051,110,1,2,5,1,1110109000,28,0,0,16243.2
2026,195,425,LIQ,0040-00013245,50052,110,1,2,5,2,1110109000,28,0,0,6497.28
2026,196,426,LIQ,9139-94353528,50008,110,1,3,1,0,1110112000,1,0,0,2946520.0
2026,197,427,LIQ,4000-00013252,50051,110,1,1,6,1,1110112000,1,0,0,353582.4
2026,198,428,LIQ,0040-00013246,50052,110,1,1,6,2,1110112000,1,0,0,141432.96
2026,199,429,LIQ,9139-94353529,50008,110,1,3,1,0,1110113000,42,0,0,361000.0
2026,200,430,LIQ,4000-00013253,50051,110,1,1,6,1,1110113000,42,0,0,43320.0
2026,201,431,LIQ,0040-00013247,50052,110,1,1,6,2,1110113000,42,0,0,17328.0
2026,202,432,LIQ,9139-94353530,50008,110,1,1,7,0,1110117000,34,0,0,20614.72
2026,202,432,LIQ,9139-94353530,50008,110,1,2,1,0,1110117000,34,0,0,267991.37
2026,202,432,LIQ,9139-94353530,50008,110,1,2,3,0,1110117000,36,0,0,143386.52
2026,202,432,LIQ,9139-94353530,50008,110,1,3,1,0,1110117000,36,0,0,320720.0
2026,202,432,LIQ,9139-94353530,50008,110,1,6,0,0,1110117000,36,0,0,94820.3
2026,203,433,LIQ,4000-00013254,50051,110,1,1,6,1,1110117000,36,0,0,38486.4
2026,203,433,LIQ,4000-00013254,50051,110,1,2,5,1,1110117000,34,0,0,32158.96
2026,203,433,LIQ,4000-00013254,50051,110,1,2,5,1,1110117000,36,0,0,17206.38
2026,204,434,LIQ,0040-00013248,50052,110,1,1,6,2,1110117000,36,0,0,15394.56
2026,204,434,LIQ,0040-00013248,50052,110,1,2,5,2,1110117000,34,0,0,12863.59
2026,204,434,LIQ,0040-00013248,50052,110,1,2,5,2,1110117000,36,0,0,6882.55
2026,205,435,LIQ,9139-94353531,50008,110,1,3,1,0,1110118000,46,0,0,451440.0
2026,206,436,LIQ,4000-00013255,50051,110,1,2,5,1,1110118000,46,0,0,54172.8
2026,207,437,LIQ,0040-00013249,50052,110,1,2,5,2,1110118000,46,0,0,21669.12
2026,637,1083,FAB,0001-00001008,2595,110,2,9,6,0,1110118000,46,0,0,111250.0
2026,637,1083,FAB,0001-00001008,2595,110,2,7,2,0,1110118000,46,0,0,3500.0
2026,639,558,FAB,0001-00001017,2595,110,2,7,2,0,1110113000,42,0,0,3500.0
2026,639,558,FAB,0001-00001017,2595,110,2,9,6,0,1110113000,42,0,0,44940.0
2026,639,558,FAB,0001-00001017,2595,110,2,4,3,0,1110113000,42,0,0,23820.0
2026,639,558,FAB,0001-00001017,2595,110,2,9,3,0,1110113000,42,0,0,17890.0
2026,640,173,FAB,0001-00001014,2595,110,2,5,1,0,1110104000,17,0,0,50000.0
2026,640,173,FAB,0001-00001014,2595,110,2,1,4,0,1110104000,17,0,0,6200.0
2026,641,303,FAB,0001-00001016,2595,131,2,9,6,0,1110104000,16,0,0,91680.0
2026,641,303,FAB,0001-00001016,2595,131,2,1,4,0,1110104000,16,0,0,7000.0
2026,642,163,FAB,0001-00001015,2595,110,2,9,6,0,1110108000,29,0,0,29500.0
2026,658,1133,FAB,2022-21900824,50087,110,3,5,9,0,1110102000,1,0,0,57140.73
2026,660,960,FAC,0001-00000102,2843,132,5,1,4,0,1110106000,42,0,0,1460300.0
2026,661,1049,FAB,0011-00005112,3218,132,3,9,3,0,1110105000,50,0,0,87492.48
2026,663,86,FAB,0015-00085670,3316,110,3,4,7,0,1110101000,1,0,0,393500.0
2026,664,1136,FAB,1001-00468827,193,110,3,1,1,0,1110103000,1,0,0,49000000.0
2026,665,1137,FAB,1001-00468828,193,131,3,1,1,0,1110111000,23,0,0,68339.23
2026,667,1138,FAB,2022-21900825,50087,131,3,1,1,0,1110111000,23,0,0,102187.85
2026,669,1140,COM,1100-00000000,193,131,3,1,1,0,1110111000,23,0,0,102187.85
2026,670,1141,FAB,1001-00468829,193,110,3,1,1,0,1110104000,17,0,0,74056.16
2026,670,1141,FAB,1001-00468829,193,110,3,1,1,0,1110104000,16,0,0,11650591.4
2026,671,1142,FAB,1001-00468830,193,110,3,1,1,0,1110103000,1,0,0,11163450.88
2026,672,1143,FAB,1001-00468831,193,110,3,1,1,0,1110104000,16,0,0,239735.77
2026,676,1144,FAB,1001-00468832,193,110,3,1,1,0,1110105000,50,0,0,1935079.71
2026,680,1145,FAB,1001-00468833,193,110,3,1,1,0,1110103000,1,0,0,858044.81
2026,682,1146,FAB,1001-00468834,193,110,3,1,1,0,1110101000,1,0,0,1288082.26
2026,683,1147,FAB,1001-00468835,193,110,3,1,1,0,1110102000,1,0,0,51190.24
2026,684,1148,FAB,1001-00468836,193,110,3,1,1,0,1110102000,1,0,0,30638.88
2026,689,1149,FAB,1001-00468837,193,110,3,1,1,0,1110109000,28,0,0,574425.57
2026,695,1150,FAB,1001-00468838,193,110,3,1,1,0,1110103000,1,0,0,341672.91
2026,696,1156,FAB,1001-00468839,193,110,3,1,1,0,1110106000,43,0,0,24148.61
2026,696,1156,FAB,1001-00468839,193,110,3,1,1,0,1110106000,25,0,0,786736.48
2026,696,1156,FAB,1001-00468839,193,110,3,1,1,0,1110106000,24,0,0,106163.31
2026,697,1157,FAB,1001-00468840,193,110,3,1,1,0,1110105000,50,0,0,389745.35
2026,698,1158,FAB,1001-00468841,193,110,3,1,1,0,1110102000,1,0,0,1107124.87
2026,699,1160,FAB,1001-00468842,193,110,3,1,1,0,1110113000,1,0,0,9286862.51
2026,700,967,FAC,0002-00000331,2490,110,2,1,1,0,1110118000,35,0,0,45000.0
2026,701,75,FAC,0003-00000395,282,110,3,4,9,0,1110102000,1,0,0,120000.0
2026,702,559,FAC,0002-00001005,1267,131,3,3,3,0,1110111000,23,0,0,574434.0
2026,703,1124,FAB,0001-00000093,3390,131,2,1,1,0,1110104000,16,0,0,750000.0
2026,1263,111,FAC,0002-00000251,2218,110,3,4,9,0,1110117000,34,0,0,1650000.0
2026,1264,116,FAB,0003-00003390,2142,110,3,4,6,0,1110113000,42,0,0,1310000.0
