EJERCICIO,NUM_PED,LUG_EMI,FECH_EMI,NUM_PED_ORI,FECH_EMI_ORI,CODIGO_DEP,CODIGO_UE,JURISDICCION,COSTO_TOT,OBSERVACIONES,PED_ESTADO,CANT_IMP,FECH_MODI_ULT,CODIGO_FF,COD_LUG_ENT,PLAZO_ENT,PER_CONSUMO,FECH_ING_COMP,RESP_RETIRA_PED
2026,605,GMADA,2026-02-09 00:00:00,,,HOSP,5,1110104000,13800000.0,Corresponde cto. Villafañe Elvira A. Expte N° 436,G,0,2026-02-09 09:33:15,131,2,000000,,,
2026,615,GMADA,2026-02-09 00:00:00,,,CULTUR,6,1110105000,800000.0,CORRESPONDE PREVISION PONSA S.A  CARNAVAL,G,0,2026-02-09 12:13:23,110,5,000000,,,
2026,611,GMADA,2026-02-09 00:00:00,,,TESOR,19,1110112000,3600000.0,Corresponde presupuesto PAIS HERNAN HORACIO-,G,0,2026-02-09 11:46:23,110,TESOR,000000,,,
2026,614,GMADA,2026-02-09 00:00:00,,,CULTUR,6,1110105000,500000.0,CORRESPONDE PREVISION GONZALEZ FARIAS J. CARNAVAL,G,0,2026-02-09 12:11:45,110,5,000000,,,
2026,641,GMADA,2026-02-11 00:00:00,,,OPP,3,1110103000,7954200.0,Expte.:363/26 Sol. Compra de 450 toneladas de estabilizado,G,0,2026-03-09 12:30:04,110,35,000000,,,
2026,647,GMADA,2026-02-11 00:00:00,,,PROD,14,1110108000,52440.0,PROV. TATANO HARISGARAT SRL- SEC PRODUCCION- SALA DE ELABORACION,G,0,2026-02-11 09:13:01,110,8,000000,,,
2026,786,GMADA,2026-02-24 00:00:00,,,000SU,25,1110118000,292371.0,"PROV.SILVIA SORAGNI PRESUP.0607  REPARACION Y REPUESTOS PARA PALA CARGADORA CII58,",G,0,2026-02-24 07:45:26,110,3,000000,,,
2026,759,GMADA,2026-02-20 00:00:00,,,18C,25,1110118000,8500.0,PROV.ALPÁ MADARIAGA PRESUP.3871 SELLO PARA CEMENTERIO,G,0,2026-02-20 07:35:51,110,3,000000,,,
2026,784,GMADA,2026-02-24 00:00:00,,,000SU,25,1110118000,1276200.0,PROV. ALFIO DISTEFANO PRESUP.23/02 REPUSTOS PARA MOTONIVELADARA NEW HOLLAND CII59,G,0,2026-02-24 07:30:31,110,3,000000,,,
2026,788,GMADA,2026-02-24 00:00:00,,,000SU,25,1110118000,39840000.0,,G,0,2026-02-25 07:57:47,110,3,000000,,,
2026,814,GMADA,2026-02-24 00:00:00,,,COC,5,1110104000,1081796.0,PRESUPUESTO 979 MADA POY,G,0,2026-02-24 13:29:17,131,2,000000,,,
2026,787,GMADA,2026-02-24 00:00:00,,,000SU,25,1110118000,116910.0,PROV. MUNDO CARGO PRESUP.3147 REPUSTOS PARA FOTON AE969PX,G,0,2026-02-24 08:07:15,110,3,000000,,,
2026,805,GMADA,2026-02-24 00:00:00,,,ADM,5,1110104000,319000.0,PRESUPUESTO LOPEZ MIGUEN ANGEL TELEFONO FIJO PARA CENTRAL TELEFONICA,G,0,2026-02-24 11:03:36,131,2,000000,,,
2026,837,GMADA,2026-02-25 00:00:00,,,INTER,5,1110104000,90600.0,TERRANOVA QUIMICA - PRESUPUESTO N° 1032 (QUIROFANO HOSPITAL),G,0,2026-02-27 10:52:36,131,2,000000,,,
2026,835,GMADA,2026-02-25 00:00:00,,,LAB,5,1110104000,89507.56,PINAMAR HIGIENE INSTITUCIONAL - PRESUPUESTO N° 16-2479 (HOSPITAL),G,0,2026-02-27 10:49:49,131,2,000000,,,
2026,907,GMADA,2026-03-04 00:00:00,,,000SU,25,1110118000,2884844.92,"PROV. BLUECAR PRESUP.0545 FILTROS PARA VEHICULOS SVN719,SOG742,AWK675,XNE245,XNE244,UQV264,UQV265,DMI232,FSL723,HKO983,INI856,BMV14,LED10,LED013,CII59,CII58,OOI617,AF947IJ,AF947IN",G,0,2026-03-04 08:12:26,110,3,000000,,,
2026,836,GMADA,2026-02-25 00:00:00,,,COC,5,1110104000,511306.5,DURANTE JAVIER- PRESUPUESTO N° 1-852 del 09/02/16 al 16/02/26,G,0,2026-03-05 07:46:36,131,2,000000,,,
2026,904,GMADA,2026-03-04 00:00:00,,,000SU,25,1110118000,60834.34,PROV.CENTRO HIERRO PRESUP.7798 HIERRO PARA REPARACION DE CAMION AF987IJ,G,0,2026-03-04 07:22:36,110,3,000000,,,
2026,912,GMADA,2026-03-04 00:00:00,,,000SU,25,1110118000,65000.0,PROV.DUENDE AZUL PRESUP.2644 COMISION A LA PLATA POR REPUESTOS,G,0,2026-03-04 09:20:32,110,3,000000,,,
2026,906,GMADA,2026-03-04 00:00:00,,,000SU,25,1110118000,671000.0,"PROV. YANINA PECORARI PRESUP.5087,5086 BATERIA PARA CAMION ASZ490 Y EQM607",G,0,2026-03-04 07:29:15,110,3,000000,,,
2026,911,GMADA,2026-03-04 00:00:00,,,000SU,25,1110118000,201500.0,"PROV. MP REPUESTOS PRESUP.131,0120 REPUESTOS PARA INI856,CAR748",G,0,2026-03-04 09:18:18,110,3,000000,,,
2026,930,GMADA,2026-03-05 00:00:00,,,SECSEG,20,1110113000,361000.0,"MP Repuestos, presupuestos 136-123-121-137 (oig911-jwg930-ae704aw)",G,0,2026-03-05 09:30:57,110,25,000000,,,
2025,3126,GMADA,2025-06-03 00:00:00,,,CONTRA,19,1110112000,543000.0,"PRESUPUESTO DEL 2/06, AMERICAN VART",N,0,2025-06-17 08:05:15,110,CONTR,000000,,,
2025,2963,GMADA,2025-05-23 00:00:00,,,GOBHAC,2,1110102000,64585.24,Corresponde prespuesto N° 0002-00003620 - 25 de mayo,G,0,2025-05-23 09:15:16,110,SECGO,000000,,,
2025,3025,GMADA,2025-05-28 00:00:00,,,OPP,3,1110103000,5051145.0,Prov. F.G. Iluminacion SAS  - Presup. 0201149,G,0,2025-05-28 12:03:53,110,35,000000,,,
2025,3038,00049,2025-05-29 00:00:00,,,GOB,2,1110102000,23886.56,Corresponde presupuesto N° 0002-00003639 MATIENZO PAOLA,G,0,2025-05-29 09:16:07,110,SECGO,000000,,,
2025,3048,GMADA,2025-05-29 00:00:00,,,GOBHAC,2,1110102000,5500000.0,"PREVISION, ATREUCO PUEL S.A",G,0,2025-05-29 09:47:16,110,1,000000,,,
2025,3051,GMADA,2025-05-29 00:00:00,,,HOSP,5,1110104000,708669.52,FARMACIA TONANI- PRESUPUESTO S/Nº MEDICAMENTOS DISPENSADOS DESDE EL 13/05/2025 AL 23/05/2025,G,0,2025-05-29 10:08:26,131,2,000000,,,
2025,3103,GMADA,2025-06-02 00:00:00,,,CAS,3,1110111000,1454540.0,"PRESUPÚESTO 000, CASA ELICEIRY",G,0,2025-06-02 09:06:03,131,6,000100,,,
2025,3106,GMADA,2025-06-02 00:00:00,,,CAS,3,1110111000,5076000.0,"PRESUPUESTO 000,CASA ELICEIRY, 4/06",G,0,2025-06-02 10:30:36,131,6,000100,,,
2025,3125,GMADA,2025-06-03 00:00:00,,,CAS,3,1110111000,772264.35,"PRESUPUESTO 4504, ZG ARGENTINA SRL",G,0,2025-06-03 07:33:47,131,6,000000,,,
2025,3132,GMADA,2025-06-03 00:00:00,,,CAS,3,1110111000,58700.0,"PRESUPUESTO 1065, SUC MARZULLO CESAR ABEL",G,0,2025-06-05 11:11:01,131,6,000000,,,
2025,3131,GMADA,2025-06-03 00:00:00,,,DIRINF,22,1110115000,4620.0,"PRESUPUESTO 2605, INOCENCIO CIMOS",G,0,2025-06-03 09:22:46,110,INFOR,000000,,,
2025,3141,GMADA,2025-06-04 00:00:00,,,DECI,25,1110118000,435000.0,PROV.FERRETERIA CIMOS PRESUP.2665 ARTICULOS DE FERRETERIA PARA TRABAJOS DE  DEFENSA CIVIL,G,0,2025-06-04 07:25:02,110,3,000000,,,
2025,3143,GMADA,2025-06-04 00:00:00,,,000SU,25,1110118000,6300000.0,PROV.CONSTRUCTORA SUR S.A CONTRATACION DE MAQUINA TIPO PALA PARA PERFILADO EN  PREDIO DISPOSOCION FINAL DE RESIDUOS SEGUN EXPT.1642/16,G,0,2025-06-04 07:58:56,110,,000000,,,
2025,3151,GMADA,2025-06-04 00:00:00,,,DEP,13,1110109000,237000.0,PRESUPUESTO N° 0000 - DEPOR HOUSE,G,0,2025-06-04 10:19:29,110,9,000000,,,
2025,3142,GMADA,2025-06-04 00:00:00,,,000SU,25,1110118000,306000.0,PROV.YANINA PECORARI PRESUP.3520 CAMION MERCEDES BENZ 1114 PATENTE UYW682,G,0,2025-06-04 07:34:06,110,3,000000,,,
2025,3284,GMADA,2025-06-12 00:00:00,,,000SU,25,1110118000,118700.0,PROV. ANA PAOLA RODRIGUEZ PRESUP.0107 ALAMBRE PARA SOLDAR,G,0,2025-06-12 11:09:43,110,3,000000,,,
2025,3148,GMADA,2025-06-04 00:00:00,,,CASA,1,1110105000,260000.0,SERGIO PEYRANO         ATMOSFERICO LA PRIMERA       PROVEEDOR N° 68,G,0,2025-06-04 09:25:26,110,CACUL,000000,,,
2025,3279,GMADA,2025-06-12 00:00:00,,,000SU,25,1110118000,55000.0,PROV.DUENDE AZUL PRESUP.2634 COMISION A LA PLATA POR REPUESTOS PARA MERCEDES BENZ 1114 UYW682,G,0,2025-06-12 08:08:00,110,3,000000,,,
2025,3283,GMADA,2025-06-12 00:00:00,,,000SU,25,1110118000,4060.02,PROV.ALPA MADARIAGA PRESUP.3670 ARTICULOS DE  PAPELERA PARA AGASAJO A NIÑOS DEL JARDIN POR VISITA AL VIVERO MUNICIPAL,G,0,2025-06-12 10:56:08,110,3,000000,,,
2025,3587,GMADA,2025-07-02 00:00:00,,,TURIS,6,1110105000,12400.0,Terranova - presupuesto 925 - productos de limpieza para delegacion sur oficina turismo,G,0,2025-07-02 07:54:44,110,TURIS,000000,,,
2025,3405,GMADA,2025-06-23 00:00:00,,,JARD,7,1110106000,208350.0,"PRESUPUESTO de Labatut, marcelo de ""La Frutería""",G,0,2025-06-23 09:55:33,132,JARDM,000000,,,
2025,3585,GMADA,2025-07-02 00:00:00,,,TURIS,6,1110105000,97500.0,hispanograf - Avellaneda 7163 - presupuesto 1771 - vinilo delegacion sur,G,0,2025-07-02 07:43:19,110,TURIS,000000,,,
2025,4077,GMADA,2025-08-05 00:00:00,,,ACCSOC,7,1110106000,92260.0,"PRESUPUESTO N° 1813 de ""Hispanograf"" Bonos de pan, pollo y verduras",G,0,2025-08-05 08:55:58,110,4,000000,,,
2025,3872,GMADA,2025-07-21 00:00:00,,,BA,1,1110105000,32694.0,PAOLA MATIENZO ALPA MADARIAGA PRESUPUESTO  00003698,G,0,2025-07-21 09:42:47,132,29,000000,,,
2025,3638,GMADA,2025-07-04 00:00:00,,,ACCSOC,7,1110106000,6598026.0,"PRESUPUESTO N| X 00000024 de Lo coco, Marcelo Alejandro de ""TODO  COLOR"" junio 2025",G,0,2025-07-04 08:26:46,132,4,000000,,,
2025,4076,GMADA,2025-08-05 00:00:00,,,ACCSOC,7,1110106000,7099560.0,"PRESUPUESTO N° X 00000028 de Lo coco, Marcelo Alejandro",G,0,2025-08-08 10:27:05,110,4,000000,,,
2025,4287,GMADA,2025-08-19 00:00:00,,,HOSP,5,1110104000,1238345.0,"JAVIER DURANTE, PRES. N° 0001-00000738/0001-00000739, HOSPITAL",G,0,2025-08-19 11:32:45,131,2,000000,,,
2025,4123,GMADA,2025-08-06 00:00:00,,,CAS,3,1110111000,17500000.0,Concurso de Precios N° 19/2025  -  C.A.S.E.R Expte N° 2297/2025,G,0,2025-08-06 11:43:59,131,6,000000,,,
2025,4345,GMADA,2025-08-25 00:00:00,,,HOSP,5,1110104000,135800.0,SANTA PAULA-  PRESUPUESTO N° 0001-00002098/2100 (HOSPITAL Y HOGAR),G,0,2025-08-25 08:13:32,131,2,000000,,,
2025,4775,GMADA,2025-09-29 00:00:00,,,ACCSOC,7,1110106000,150000.0,"PRESUPUESTO de ""MATIAS RICCI"" Diabéticos septiembre 2025",G,0,2025-09-29 10:36:27,132,4,000000,,,
2025,4346,GMADA,2025-08-25 00:00:00,,,HOSP,5,1110104000,81800.0,SANTA PAULA-  PRESUPUESTO N° 0001-00002101/2104  (HOSPITAL Y HOGAR),G,0,2025-08-25 08:21:25,131,2,000000,,,
2025,4666,GMADA,2025-09-19 00:00:00,,,000SU,25,1110118000,553100.0,PROV.LUIS LOMBARDIA PRESUP.0145 REPUESTOS E ISUMOS PARA  MAQUINAS CORTA PASTO MOTOSIERRA MOTOGUADAÑA,G,0,2025-09-19 10:58:43,110,3,000000,,,
2025,4773,GMADA,2025-09-29 00:00:00,,,ACCSOC,7,1110106000,60600.0,"PRESUPUESTO N° 1838 de ""HISPANOGRAF"" Bonos de vales de pan para los programas alimentarios",G,0,2025-09-29 10:31:03,110,4,000000,,,
2025,4782,GMADA,2025-09-29 00:00:00,,,ACCSOC,7,1110106000,2415000.0,"PRESUPUESTO N° x  6976051 de ROST,TAMARA"" de ""Frutería Negrin"" Plan Alimentario 2025",G,0,2025-09-29 11:59:51,132,4,000000,,,
2025,4784,GMADA,2025-09-29 00:00:00,,,ACCSOC,7,1110106000,328000.0,"PRESUPUESTO N° X 6976053 de ROST, TAMARA de ""Frutería Negrin"" Esfuerzo solidario 2025",G,0,2025-09-29 12:05:29,132,4,000000,,,
2025,4776,GMADA,2025-09-29 00:00:00,,,ACCSOC,7,1110106000,620000.0,"PRESUPUESTO de ""CARRERA M. VALENTIN"" Diabéticos septiembre 2025",G,0,2025-09-29 10:39:54,132,4,000000,,,
2025,4783,GMADA,2025-09-29 00:00:00,,,ACCSOC,7,1110106000,672000.0,"PRESUPUESTO N° 6976052 de ROST, TAMARA de ""Frutería Negrin"" Diabéticos 2025",G,0,2025-09-30 09:31:44,132,4,000000,,,
2025,4933,GMADA,2025-10-14 00:00:00,,,HOSP,5,1110104000,476000.0,NEUMATICOS PASO de Agustin Paso. MINIBUS VIAJES A MAR DEL PLATADOMINIO AF 591SU.,G,0,2025-10-14 12:21:10,131,2,000000,,,
2025,4833,GMADA,2025-10-03 00:00:00,,,MAYOR,2,1110102000,10000.0,Corresponde presupuesto N° 0001-00000380 FERRARO LILIANA NOEMI,G,0,2025-10-03 08:21:56,110,SECGO,000000,,,
2025,4847,GMADA,2025-10-06 00:00:00,,,000SU,25,1110118000,462292.0,"PROV.SILVIA MAISTEGUI  PRESUP.5908 GORRO NAVIDEÑO, CORDON  DELEGACION SUR, VW 17180 R,O326,ROTONDA JUVENTUD,  TALLER CORRALON,",G,0,2025-10-07 07:38:54,110,3,000000,,,
2025,4844,GMADA,2025-10-06 00:00:00,,,000SU,25,1110118000,133175.0,PROV.SILVIA MAISTEGUI  PRESP.5905 PARA DEFENSA CIVIL ARREGLOS EN GENERAL,G,0,2025-10-06 11:09:06,110,DEFCI,,,,
2025,4897,GMADA,2025-10-08 00:00:00,,,TURIS,6,1110105000,80000.0,José Manuel Enzagaray - Locución 8° Concurso de Asadores y 3° Feria gastronomica Sabores de Mi Pago.,G,0,2025-10-08 11:44:17,110,TURIS,000000,,,
2025,4925,GMADA,2025-10-14 00:00:00,,,BARU,25,1110118000,2228630.0,PROV. ALFIO DISTEFANO PRESUP.078-9160  REPARACION DE PALA LIUGONG 855,G,0,2025-10-14 07:37:11,110,,000000,,,
2025,4927,GMADA,2025-10-14 00:00:00,,,BARU,25,1110118000,2726096.0,PROV.ALFIO DISTEFANO PRESUP.078-9161 REPARACION DE MOTONIVELADORA SIAM 160,G,0,2025-10-14 08:07:56,110,,000000,,,
2025,5075,GMADA,2025-10-29 00:00:00,,,MEAM,25,1110118000,51000.0,PROV.F.A.E  PRESUP.6100 BOLSAS DE RECIDUOS Y RECICLADO,G,0,2025-10-29 07:29:28,110,3,000000,,,
2025,4960,GMADA,2025-10-16 00:00:00,,,GOB,2,1110102000,1550000.0,AADI CAPIF A.C.R.  DIFERENCIA PEDIDO N° 135,G,0,2025-10-16 12:12:39,110,SECGO,000000,,,
2025,5048,GMADA,2025-10-27 00:00:00,,,PROD,14,1110108000,28754.27," PROV. PAPELERA ALPA ""Matienzo Paola"". PRESU. N°3788- N°3800- SEC. PRODUCCION-",G,0,2025-10-27 07:29:39,110,8,000000,,,
2025,5074,GMADA,2025-10-29 00:00:00,,,000SU,25,1110118000,870000.0,PROV. BASTONS RUBEN PRESUP.81124 LONA PARA BATEA IVECO PJY978,G,0,2025-10-29 07:25:00,110,3,000000,,,
2025,5088,GMADA,2025-10-29 00:00:00,,,000SU,25,1110118000,1600000.0,"PROV.TORNERIA MILANI OSCAR PRESUP.110,115,112,114 PARA CITROEN CAR748,DMI232,LED010,INI856",G,0,2025-10-29 10:35:22,110,3,000000,,,
2025,5095,GMADA,2025-10-29 00:00:00,,,18C,25,1110118000,218300.0,"PROV.RAUL IRIARTE PRESUP.15266,15270 PARA  CEMENTERIO",G,0,2025-10-29 11:22:45,110,3,000000,,,
2025,5082,GMADA,2025-10-29 00:00:00,,,000SU,25,1110118000,411000.0,PROV. YANINA PECORARI PRESUP.4739 BATERIA PARA DMI232,G,0,2025-10-29 08:41:48,110,3,000000,,,
2025,5097,GMADA,2025-10-29 00:00:00,,,VIMUNI,25,1110118000,549500.0,"PROV. RAUL IRIARTE PRESUP.15284,15283 PARA TRABAJOS EN VIVERO MUINICIPAL  Y CEMENTERIO",G,0,2025-10-29 11:55:57,110,17,000000,,,
2025,5093,GMADA,2025-10-29 00:00:00,,,000SU,25,1110118000,1983000.0,"PROV.BAIGORRIA LORENZO PRESUP.29/10/2025 REPARACION Y PARCHES DE CUBIERTAS SVN719,SOG742,ASZ490,XNE245,DMI232,LED013,CII58,EFJ13,AF947IJ,EFJ07",G,0,2025-10-29 11:09:06,110,3,000000,,,
2025,5101,GMADA,2025-10-29 00:00:00,,,DECI,25,1110118000,180600.0,PROV.RAUL IRIARTEPRESUP.15274 HERRAMIENTAS E INSUMOS PARA ARREGLOS GENERALES,G,0,2025-10-29 12:49:47,110,DEFCI,000000,,,
2025,5096,GMADA,2025-10-29 00:00:00,,,BARU,25,1110118000,166000.0,PROV. RAUL IRIATE PRESUP.15279 PARA PERSONAL DE PREDIO DISPOSICON  FINAL RESIDUOS RUTAS 11 KM405,G,0,2025-10-29 11:37:00,110,,000000,,,
2025,5099,GMADA,2025-10-29 00:00:00,,,DECI,25,1110118000,79200.0,PROV. RAUL IRIARTE PRESUP.15280 REPUESTOS PARA REPARACION DE BOMBEADOR DE BARRIO KENNEDY,G,0,2025-10-29 12:00:12,110,3,000000,,,
2025,5252,GMADA,2025-11-13 00:00:00,,,DEP,13,1110109000,570419.11,PREVISION SIN N° - COMBUSTIBLE DEL SALADO (YPF),G,0,2025-11-13 09:09:58,110,9,000000,,,
2025,5121,GMADA,2025-10-31 00:00:00,,,ACCSOC,7,1110106000,200000.0,"PRESUPUESTO de Ana María Speziale de ""CASA SAINZ"" Extinto Sra.: Ziegemann, Aidee Raquel DNI N° F 4.020.766 fallecida el 27 de octubre 2025",G,0,2025-10-31 08:48:36,132,4,000000,,,
2025,5237,GMADA,2025-11-12 00:00:00,,,OPP,3,1110103000,35065.0,Exp.:1811/21 PREIMBA - PROYECTO PARQUE DE LA ESTACIÓN - Prov.:Todo Color - Presup.:5542,G,0,2025-11-18 07:47:13,110,35,000000,,,
2026,210,GMADA,2026-01-09 00:00:00,,,LAB,5,1110104000,3717618.69,UNO ELECTROMEDICINA- PRESUPUESTO N° 00003-00014651 (LABORATORIO DE ANALISIS),G,0,2026-01-09 09:04:46,131,2,000000,,,
2026,96,GMADA,2026-01-05 00:00:00,,,HOSP,5,1110104000,22000.0,IMPRENTA ELARGENTINO. IRMA CRISTINA BONOMI. PRESUPUESTO Nº 547.HEMOTERAPIA.,G,0,2026-01-05 11:10:35,131,2,000000,,,
2026,213,GMADA,2026-01-09 00:00:00,,,HOSP,5,1110104000,156000.0,FRANCO RICOTTI- PRESUPUESTO N° 10/12/2025 MOVIL 7 DOMINIO: AA775QW,G,0,2026-01-09 10:09:22,131,2,000000,,,
2026,212,GMADA,2026-01-09 00:00:00,,,LAB,5,1110104000,70455.66,RADIOGAFICAOESTE- PRESUPUESTO N° 100052481 (LABORATORIO DE ANALISIS),G,0,2026-01-09 09:19:01,131,2,000000,,,
2026,215,GMADA,2026-01-09 00:00:00,,,COC,5,1110104000,72000.0,PEREZ JORGE- PRESUPUESTO N° 282188 (COCINA) DESDE EL 22/12/25 AL 29/12/25,G,0,2026-01-09 10:18:05,131,2,000000,,,
2026,222,GMADA,2026-01-09 00:00:00,,,COC,5,1110104000,32500.0,SANTA PAULA- PRESUPUESTO N° 0001-00002163 (COCINA)  DESDE EL 6/01/26 AL 13/01/26,G,0,2026-01-09 12:22:05,131,2,000000,,,
2026,214,GMADA,2026-01-09 00:00:00,,,FARM,5,1110104000,1241489.45,AZCUENAGA- PRESUPUESTO N° 00002-00055437 (FARMACIA),G,0,2026-01-09 10:14:31,131,2,000000,,,
2026,348,GMADA,2026-01-16 00:00:00,,,HOSP,5,1110104000,500000.0,PRESUPUESTO 4001 PASOS AGUSTIN CUBIERTAS VEHICULO DOMINIO AF545GL,G,0,2026-01-16 07:31:19,131,2,000000,,,
2026,216,GMADA,2026-01-09 00:00:00,,,HOGANC,5,1110104000,40800.0,SANTA PAULA- PRESUPUESTO N° 0001-00002158 ( HOGAR DE ANCIANOS) DESDE EL 17/12/25 AL 24/12/25,G,0,2026-01-09 10:21:45,131,2,000000,,,
2026,328,GMADA,2026-01-15 00:00:00,,,PROD,14,1110108000,1660000.0,PROV. COMBUSTIBLE DEL SALADO- SEC PRODUCCION- PREVISION,G,0,2026-01-15 10:55:32,110,8,000000,,,
2026,558,GMADA,2026-02-03 00:00:00,,,CONTRA,19,1110112000,228000.0,Corresponde presupuesto N° 394 - Lombardi Martin,G,0,2026-02-03 08:21:41,110,CONTR,000000,,,
2026,557,GMADA,2026-02-03 00:00:00,,,CULTUR,6,1110105000,4800000.0,Corresponde Cto. Melisa Pinto Expte n° 329/2026,G,0,2026-02-03 08:17:34,110,5,000000,,,
2026,354,GMADA,2026-01-16 00:00:00,,,INTER,5,1110104000,1604998.0,PRESUPUESTO 43556 SORBA  TERMOTANQUE PARA SECTOR INTERNACION - CELUALR PARA OFICINA 107,G,0,2026-01-16 09:17:41,131,2,000000,,,
2026,183,GMADA,2026-01-08 00:00:00,,,HOSP,5,1110104000,600000.0,"PRESUPUESTO 119 CRISALDO GUZMAN BOMBA TRIFASICA PARA LLENADO TANQUE AGUA QUE ABASTECE LA GUARDIA , CONSULTORIO EXTERNOS, BAÑOS PUBLICOS",G,0,2026-01-08 08:31:03,131,2,000000,,,
2026,610,GMADA,2026-02-09 00:00:00,,,ACCSOC,7,1110106000,180000.0,"PRESUPUESTO N° X 0001-00001167 de Leandro Ruben Bogado de ""L.R.B"" Camioneta Ford Ranger JYN 229",G,0,2026-02-09 11:03:41,110,4,000000,,,
2026,184,GMADA,2026-01-08 00:00:00,,,HOSP,5,1110104000,972000.0,GRANJA AVICOLA LAS MARIAS EDUARDO CARACCIOLI ENTREGAS HOSPITAL Y HOGAR DE ANCIANOS,G,0,2026-01-08 08:52:12,131,2,000000,,,
2026,187,GMADA,2026-01-08 00:00:00,,,CONTRA,19,1110112000,122500.0,Corresponde presupuesto N° 0001-00000065 - Correa Lorente Juan Martin,G,0,2026-01-08 09:06:26,110,CONTR,000000,,,
2026,303,GMADA,2026-01-14 00:00:00,,,GOBHAC,2,1110102000,80000.0,"Tornería Milani , orden 19299 .Motor Agua Municipalidad",G,0,2026-01-14 09:56:14,110,1,000000,,,
2026,407,GMADA,2026-01-20 00:00:00,,,DEP,13,1110109000,40000.0,PRESUPUESTO N° 6953 - BATERIAS LA PRIMERA,G,0,2026-01-21 12:45:12,110,9,000000,,,
2026,436,GMADA,2026-01-22 00:00:00,,,HOSP,5,1110104000,1305867.82,PINAMAR HIGIENE INSTITUCIONAL SRL- PRESUPUESTO N° 0016-00002306/2307/2308/2309/2310 (COCINA- LAVADERO- MUCAMAS),G,0,2026-01-22 09:27:26,131,2,000000,,,
2026,439,GMADA,2026-01-22 00:00:00,,,HOSP,5,1110104000,1307722.86,PINAMAR HIGIENE SRL- PRESUPUESTO N° 0016-00002311/2312/2313/2314/2315 (LAVADERO-COCINA- OFICCE DE MUCAMAS),G,0,2026-01-22 10:00:46,131,2,000000,,,
2026,440,GMADA,2026-01-22 00:00:00,,,FARM,5,1110104000,6445044.4,VELIBO SUPPLIES S.A.S- PRESUPUESTO N° 0001-00010768 (FARMACIA),G,0,2026-01-22 13:01:52,131,2,000000,,,
2026,547,GMADA,2026-02-02 00:00:00,,,ACCSOC,7,1110106000,8011800.0,"PRESUPUESTO NX 00000039 de Lo coco, Marcelo Alejandro de ""TODO COLOR""",G,0,2026-02-02 12:07:27,132,4,000000,,,
2026,608,GMADA,2026-02-09 00:00:00,,,ENV,7,1110106000,62920.0,"PRESUPUESTO N° 0003-00003519 de ""PINTURERIA CONCEPTO S.CAP I""Para Proyecto de Diseño",G,0,2026-02-09 10:40:53,132,CASA,000000,,,
2026,686,GMADA,2026-02-12 00:00:00,,,SECSEG,20,1110113000,57740.0,"Ferreteria Todo Color, presupuesto 5937 (mantenimiento en general del area)",G,0,2026-02-12 08:01:07,110,25,000000,,,
2026,684,GMADA,2026-02-12 00:00:00,,,SECSEG,20,1110113000,80000.0,"Fabrimar, presupuesto 0296 (AB038FH)",G,0,2026-02-12 07:34:52,110,25,000000,,,
2026,685,GMADA,2026-02-12 00:00:00,,,SECSEG,20,1110113000,21840.0,"Casa Harisgarat, presupuesto 1026 (comisaria de la mujer)",G,0,2026-02-12 07:46:56,110,25,000000,,,
2026,688,GMADA,2026-02-12 00:00:00,,,SECSEG,20,1110113000,57931.0,"Todo Color, presupuesto 5924 (mantenimiento en general del area )",G,0,2026-02-12 08:26:39,110,25,000000,,,
2026,690,GMADA,2026-02-12 00:00:00,,,SECSEG,20,1110113000,50000.0,"Gomeria V+B, presupuesto 0745-0741",G,0,2026-02-12 08:39:16,110,25,000000,,,
2026,687,GMADA,2026-02-12 00:00:00,,,SECSEG,20,1110113000,98633.0,"Todo Color, presupuesto 5944 (mantenimiento general del area)",G,0,2026-02-12 08:13:08,110,25,000000,,,
2026,692,GMADA,2026-02-12 00:00:00,,,SECSEG,20,1110113000,47400.0,"Systec, presupuesto 0800 (COM)",G,0,2026-02-12 08:49:42,110,25,000000,,,
2026,689,GMADA,2026-02-12 00:00:00,,,SECSEG,20,1110113000,103000.0,Gomeria V+B presupuestos 0727-0729-0730-0731-0732-0733-0735-0737-0738-0739-0740-0742-0743-0744,G,0,2026-02-12 08:35:41,110,25,000000,,,
2026,710,GMADA,2026-02-13 00:00:00,,,LAB,5,1110104000,70902.9,PINAMAR HIGIENE INSTITUCIONAL - PRESUPUESTO N° 16-2452 (COCINA HOSPITAL),G,0,2026-02-18 09:41:03,131,2,000000,,,
2026,691,GMADA,2026-02-12 00:00:00,,,SECSEG,20,1110113000,306000.0,"Gomeria La Diagonal, presupuesto 0568-0569-0570",G,0,2026-02-13 12:57:46,110,25,000000,,,
2026,709,GMADA,2026-02-13 00:00:00,,,COC,5,1110104000,26000.0,SANTA PAULA - PRESUPUESTO N° 1-2182 (HOSPITAL),G,0,2026-02-18 09:40:05,131,2,000000,,,
2026,708,GMADA,2026-02-13 00:00:00,,,000SU,25,1110118000,3005640.0,PROV. LUCAS NAHUEL SARMIENTO PRESUP.13/02/2026 REPUESTOS PARA MOTONIVELADRA NEW HOLLAND RG 140 CII59,G,0,2026-02-18 07:57:57,110,3,000000,,,
2026,713,GMADA,2026-02-13 00:00:00,,,000SU,25,1110118000,110000.0,"PROV.EDUARDO FUMEGA PRESUP.0539,0538 TRABAJOS DE PLOMERIA PARA VIVERO MUNICIPAL Y BAÑOS TERMINAL",G,0,2026-02-13 09:29:22,110,3,000000,,,
2026,778,GMADA,2026-02-23 00:00:00,,,CONTRA,19,1110112000,1084690.62,"Correa Lorente Juan Martín,presupuesto 0001-00000072",G,0,2026-02-23 10:23:54,110,1,000000,,,
2026,711,GMADA,2026-02-13 00:00:00,,,COC,5,1110104000,460766.0,DURANTE JAVIER - PRESUPUESTO N° 1-850 (COCINA HOSPITAL),G,0,2026-02-18 09:43:28,131,2,000000,,,
2026,756,GMADA,2026-02-19 00:00:00,,,CAS,3,1110111000,383250.0,"Alfio Distefano Tractor Pauny,presupuesto 079-7046",G,0,2026-02-19 12:33:23,131,6,000000,,,
2026,777,GMADA,2026-02-23 00:00:00,,,SEHA,19,1110112000,296000.0,"Terranova , presupesto 001030",G,0,2026-02-23 10:10:16,110,1,000000,,,
2026,757,GMADA,2026-02-19 00:00:00,,,CAS,3,1110111000,4378030.0,Alfio Distefano.Tractor Pauny presupuesto N° 079-7045.,G,0,2026-02-19 12:45:30,131,6,000000,,,
2026,803,GMADA,2026-02-24 00:00:00,,,JARD,7,1110106000,1075000.0,"Expte N° 550/2026 PRESUPUESTOS N° 534/544 de ""FUMEGA EDUARDO""",G,0,2026-02-24 10:33:28,132,JARDM,000000,,,
2026,781,GMADA,2026-02-23 00:00:00,,,ENV,7,1110106000,17990.0,"PRESUPUESTO N° X 0001-00000980 de ""MADA POY S.A."" Taller de cocina",G,0,2026-02-23 12:14:54,132,CASA,000000,,,
2026,850,GMADA,2026-02-26 00:00:00,,,DEP,13,1110109000,44640.0,Expte 129/26 Rally 2026.Durante Javier,G,0,2026-02-26 12:06:47,110,1,000000,,,
2026,849,GMADA,2026-02-26 00:00:00,,,DEP,13,1110109000,500000.0,PREVISION SIN N° - YELITO AGUA - HIDRATACION EN EVENTOS DEPORTIVOS PRIMER SEMESTRE DEL AÑO,G,0,2026-02-26 11:37:03,110,9,000000,,,
2026,809,GMADA,2026-02-24 00:00:00,,,ACCSOC,7,1110106000,200000.0,"PRESUPUESTO de Speziale, Ana María de "" CASA SAINZ"" Sr. Molina, José Arturo DNI: 4.923.674 fallecido el 31/12/2025",G,0,2026-02-24 12:18:32,132,4,000000,,,
2026,855,GMADA,2026-02-27 00:00:00,,,COC,5,1110104000,115200.0,PROVEEDURIA LA ILUSION- PRESPUESTO N° 21424,G,0,2026-03-05 08:26:38,131,2,000000,,,
2026,853,GMADA,2026-02-27 00:00:00,,,FARM,5,1110104000,4495905.85,DROGUERIA ALBERDI- PRESUPUESTO N° 25/02/2026,G,0,2026-02-27 09:05:47,131,2,000000,,,
2026,858,GMADA,2026-02-27 00:00:00,,,HOGANC,5,1110104000,1523303.0,MADA POY S.A- PRESUPUESTO N° 0001-00000982 (DESDE EL 19/02/2026 AL 26/02/2026),G,0,2026-02-28 10:29:46,131,2,000000,,,
2026,854,GMADA,2026-02-27 00:00:00,,,DECI,25,1110118000,27900.0,"Matienzo Paola ,presupuesto 00003882",G,0,2026-02-27 09:13:17,110,1,000000,,,
2026,857,GMADA,2026-02-27 00:00:00,,,COC,5,1110104000,14400.0,SANTA PAULA- PRESUPUESTO N° 0001-00002174 (DESDE EL 28/01/26 AL 4/02/2026),G,0,2026-02-27 09:48:09,131,2,000000,,,
2026,856,GMADA,2026-02-27 00:00:00,,,HOGANC,5,1110104000,58800.0,SANTA PAULA- PRESUPUESTO N° 0001-00002173 DESDE EL 27/01/26 AL 3/02/26,G,0,2026-02-27 09:41:06,131,2,000000,,,
2026,860,GMADA,2026-02-27 00:00:00,,,LAB,5,1110104000,2833657.09,UNO ELECTROMEDICINA- PRESUPUESTO N° 00003-00015129 (LABORATORIO DE ANALISIS),G,0,2026-02-27 10:19:35,131,2,000000,,,
2026,862,GMADA,2026-02-27 00:00:00,,,DEP,13,1110109000,800000.0,Mada-Poy.Expte 129/26 Rally 2026,G,0,2026-02-27 11:16:09,110,1,000000,,,
2026,859,GMADA,2026-02-27 00:00:00,,,HOSP,5,1110104000,231400.0,FAE- PRESUPUESTO N° 3397710,G,0,2026-02-27 10:08:43,131,2,000000,,,
2026,956,GMADA,2026-03-06 00:00:00,,,GOB,2,1110102000,4750000.0,CORRESPONDE PREVISION COMBUSTIBLES DEL SALADO - SEC GOBIERNO,G,0,2026-03-06 08:24:58,110,SECGO,000000,,,
2026,861,GMADA,2026-02-27 00:00:00,,,INGPUB,19,1110112000,250000.0,Gomez Alberto Daniel,G,0,2026-02-27 10:46:37,110,1,000000,,,
2026,863,GMADA,2026-02-27 00:00:00,,,DEP,13,1110109000,2233674.52,Cirucci Silvia (Trofeos).Expte 129/2026,G,0,2026-02-27 11:39:06,110,9,000000,,,
2026,868,GMADA,2026-02-27 00:00:00,,,FARM,5,1110104000,7172480.0,VELIBO SUPPLIES S.A.S- PREUPUESTO N° 0001-00010771,G,0,2026-02-27 13:13:00,131,2,000000,,,
2026,954,GMADA,2026-03-06 00:00:00,,,HOSP,5,1110104000,43000.0, EXPEDIENTE 5/2025 CONTRATO SOMA S.A DEL 01/01/26 AL 30/06/2026 RECOLECCIÓN SERVICIOS RESIDUOS  PATOGENICOS - DIF ORDEN DE COMPRA N° 127,G,0,2026-03-06 07:20:38,131,2,000000,,,
2026,928,GMADA,2026-03-05 00:00:00,,,SECSEG,20,1110113000,240400.0,"MP repuestos, presupuestos 122-135-134-129 ( AB038FG-AE704AW-AB038FH)",G,0,2026-03-05 08:55:12,110,25,000000,,,
2026,933,GMADA,2026-03-05 00:00:00,,,SECSEG,20,1110113000,110322.8,"Electro Dannunzio, prespuesto 30268-30315 (COM)",G,0,2026-03-05 09:45:08,110,25,000000,,,
2026,972,GMADA,2026-03-07 00:00:00,,,HOSP,5,1110104000,6160000.0,"COMBUSTIBLES DEL SALADO. PREVISION DEL 01/03/26 AL 15/03/26.VEHICULOS HOSPITAL MUNICIPAL.DOMINIOS: EQM 605, FJX 453, KYV 365, JQS 879, AA 775 QW, PAA 334, AB 039 OI, AF 591 SU, AF 545 GL. AF 548 KJ.",G,0,2026-03-07 14:27:46,131,2,000000,,,
2026,932,GMADA,2026-03-05 00:00:00,,,SECSEG,20,1110113000,347100.0,"MP Repuestos, presupuestos 126-127 (jwg 930-ae704ax)",G,0,2026-03-05 09:38:38,110,25,000000,,,
2026,945,GMADA,2026-03-05 00:00:00,,,DEP,13,1110109000,7650.0,PRESUPUESTO N° 03888 - ALPA MADARIAGA- MATERIAL A UTILIZAR EN LA CONFECCION DE JUEGOS PROGRAMA NUESTROS ABUELOS,G,0,2026-03-10 11:00:02,132,9,000000,,,
2026,934,GMADA,2026-03-05 00:00:00,,,SECSEG,20,1110113000,487000.0,"Baterias La Primera, presupuesto 7001-7020-7000 ( jch069,lbn155,ae331iy)",G,0,2026-03-05 11:35:46,110,25,000000,,,
2026,1025,GMADA,2026-03-11 00:00:00,,,SECSEG,20,1110113000,242000.0,"Repuestos LC, presupuesto 000687 (AF747PM- AE704AW)",G,0,2026-03-11 11:35:10,110,25,000000,,,
2026,1077,GMADA,2026-03-17 00:00:00,,,BARU,25,1110118000,98000.0,"PRESUPUESTO 9341, MATAFUEGOS RUTA 11",N,0,2026-03-17 12:19:50,110,42,000000,,,
2026,1026,GMADA,2026-03-11 00:00:00,,,SECSEG,20,1110113000,809600.0,"Repuestos LC, presupuesto 000670 (taller del area)",G,0,2026-03-11 11:41:43,110,25,000000,,,
2025,2899,GMADA,2025-05-21 00:00:00,,,DEP,13,1110109000,83500.0,PRESUPUESTO N°0494 - CASA CACHITO (ROCIO GOMEZ),G,0,2025-05-21 10:08:39,110,9,000000,,,
2025,2856,GMADA,2025-05-20 00:00:00,,,SECSEG,20,1110113000,2025000.0,"Frenos Madaroaga, presupuesto 070 (AD283EL)",G,0,2025-05-20 08:41:19,110,25,000000,,,
2025,2873,GMADA,2025-05-20 00:00:00,,,ENV,7,1110106000,10700.0,"Expte Nº 159/25 PRESUPUESTOS Nº X 0001-00000803 de María Teresa Arriolade ""El Dedal Merceria"" Proyecto de Talleres Programa Envión. Taller de costura",G,0,2025-05-20 11:30:25,110,CASA,000000,,,
2025,2871,GMADA,2025-05-20 00:00:00,,,JARD,7,1110106000,147380.0,"PRESUPUESTOS Nº XX 0001-00000804/ 809 deMaría Teresa Arriola de ""El Dedal Merceria"" Para actividades en la casita de chocolate",G,0,2025-05-20 11:23:11,132,JARDM,000000,,,
2025,2898,GMADA,2025-05-21 00:00:00,,,DEP,13,1110109000,50500.0,PRESUPUESTO N°0487 - CASA CACHITO,G,0,2025-05-21 10:10:57,110,9,000000,,,
2025,2900,GMADA,2025-05-21 00:00:00,,,DEP,13,1110109000,101500.0,PRESUPUESTO N°52538 - ELECTRICIDAD EL GALLEGO,G,0,2025-05-21 10:15:35,110,9,000000,,,
2025,3183,GMADA,2025-06-06 00:00:00,,,COC,5,1110104000,190000.0,AVICOLA DEL TUYU ANDERS VICTOR- PRESUPUESTO N° 0008-00002553 COCINA,G,0,2025-06-06 09:22:00,131,2,000000,,,
2025,2904,GMADA,2025-05-21 00:00:00,,,DEP,13,1110109000,1440600.0,PRESUPUESTO N°PR25 - 0003 - HONORIO JUAN RUAU (Dominio RenaultMaster 120  GUP 175,G,0,2025-05-22 07:56:11,110,9,000000,,,
2025,2901,GMADA,2025-05-21 00:00:00,,,DEP,13,1110109000,15000.0,PRESUPUESTO N°52535 - EL GALLEGO,G,0,2025-05-21 10:18:00,110,9,000000,,,
2025,3002,GMADA,2025-05-28 00:00:00,,,CASA,1,1110105000,9900.0,HISPANOGRAF    PRESUPUESTO N° 1772,G,0,2025-05-28 07:29:38,110,CACUL,000000,,,
2025,3124,GMADA,2025-06-03 00:00:00,,,CULTUR,1,1110105000,55800.0,HISPANOGRAF       PRESUPUESTO N° 1774,G,0,2025-06-03 07:25:01,110,CACUL,000000,,,
2025,3184,GMADA,2025-06-06 00:00:00,,,FARM,5,1110104000,330928.08,INSUMOS GENERALES 3F- PRESUPUESTO N° 5/6/2025 (FARMACIA),G,0,2025-06-06 09:26:18,131,2,000000,,,
2025,3186,GMADA,2025-06-06 00:00:00,,,HOSP,5,1110104000,40000.0,EL ARGENTINO- PRESUPUESTO N° 515 (OFTALMOLOGIA Y FONOAUDIOLOGIA),G,0,2025-06-06 10:16:03,131,2,000000,,,
2025,3532,GMADA,2025-06-30 00:00:00,,,000SU,25,1110118000,1287482.17,PROV. CENTRO HIERRO PRESUP.6842  HIERROS PARA REPARACION DE  VOLQUETES CONEDORES MUNICIPALES,G,0,2025-06-30 11:07:31,110,3,000000,,,
2025,3210,GMADA,2025-06-09 00:00:00,,,FARM,5,1110104000,2907894.0,ALFA CENTAURO S.A- PRESUPUESTO S/N° 2/06/25-  FARMACIA,G,0,2025-06-10 10:59:11,131,2,000000,,,
2025,3342,GMADA,2025-06-18 00:00:00,,,HOSP,5,1110104000,400000.0,PHOYU MARIA ALCIRA- PRESUPUESTO S/N° 18/06/2025-  COSTURA,G,0,2025-06-18 10:30:21,131,2,000000,,,
2025,3365,GMADA,2025-06-18 00:00:00,,,HOSP,5,1110104000,446524.98,MAXIMO PINASCO S.A- PRESUPUESTO N° 1000354096  DOMINIO: AF591SU,G,0,2025-06-18 12:29:52,131,2,000000,,,
2025,3366,GMADA,2025-06-18 00:00:00,,,HOSP,5,1110104000,200000.0,"OPAZO DANIEL - PRESUPUESTO S/N FECHA 17/6/25 ( COCINA, PLANTA DE O2, GALPON INTERNACION)",G,0,2025-06-18 12:42:36,131,2,000000,,,
2025,3522,GMADA,2025-06-30 00:00:00,,,DECI,25,1110118000,345579.0,PROV. FEDERICO GARCIA PRESUP.0584 REPARACION DE FORD 14000 SOG742 MERCEDES BENZ 1114 XNE244,G,0,2025-06-30 07:46:22,110,DEFCI,000000,,,
2025,3530,GMADA,2025-06-30 00:00:00,,,000SU,25,1110118000,18000.0,PROV. BATERIAS LA 1RA PRESUP.6752 AGUA DESTILADA PARA  VEHICULOS MUNICIPALES EN GENERAL,G,0,2025-06-30 10:58:00,110,3,000000,,,
2025,3523,GMADA,2025-06-30 00:00:00,,,DECI,25,1110118000,318800.0,"PROV.LUIS LOMBARDIA PRESUP.0136 INSUMOS, REPUESTOS PARA MAQUINAS CORTA PASTO,",G,0,2025-06-30 08:10:46,110,3,000000,,,
2025,3535,GMADA,2025-06-30 00:00:00,,,DECI,25,1110118000,115771.82,PROV. CENTRO HIERRO PRESUP.6843 CAÑO PARA FABRICACION DE BRAZO LUMUNARIA CALLE BRASIL,G,0,2025-06-30 11:27:49,110,3,000000,,,
2025,3534,GMADA,2025-06-30 00:00:00,,,000SU,25,1110118000,3594000.0,PROV. CASA ELICEIRY PRESUP.30/6/25 LUBRICATES PARA  FLOTA VEHICULAR MUNICIPAL,G,0,2025-06-30 11:17:14,110,3,000000,,,
2025,999634,GMADA,2025-08-01 00:00:00,,,CONTRA,19,1110112000,0.0,knñufcgh,N,0,,110,,,,,
2025,3540,GMADA,2025-06-30 00:00:00,,,DECI,25,1110118000,533227.0,PROV.SILVIA MAISTEGUI PRESUP.5509 PARA PINTURA DE CRUCE PEATONALES Y MONUMENTOS,G,0,2025-06-30 12:26:45,110,DEFCI,000000,,,
2025,3538,GMADA,2025-06-30 00:00:00,,,000SU,25,1110118000,6069379.5,PROV.CANTERA YARAVI POLVO DE PIEDRA PARA MEJORADO DE CALLES DEL BARRIO BELGRANO,N,0,2025-08-13 12:11:14,110,3,000000,,,
2025,3564,GMADA,2025-07-01 00:00:00,,,TRIB,19,1110112000,390915.0,Corresponde presupuesto N° 00000298- Curto -Oficina de intimaciones,G,0,2025-07-01 12:41:04,110,INGPU,000000,,,
2025,3684,GMADA,2025-07-07 00:00:00,,,CAP,5,1110104000,280000.0,presupuesto Fumega N 462,G,0,2025-07-07 13:00:38,110,33,000000,,,
2025,4031,GMADA,2025-07-31 00:00:00,,,CONTAD,19,1110112000,709000.0,"impresora con escaner para la oficina de contaduria, ya que se escanea todas los repas y se digitaliza toda la informacion de la oficina,PRESUPUESTO 401",G,0,2025-08-11 12:42:34,110,27,000100,,,
2025,4850,GMADA,2025-10-06 00:00:00,,,ACCSOC,7,1110106000,765000.0,"PRESUPUESTO N° X 7390230  de Sergio Peyrano de ""ATMOSFERICO LA PRIMERA""",G,0,2025-10-06 12:26:54,132,4,000000,,,
2025,4113,GMADA,2025-08-06 00:00:00,,,CAS,3,1110111000,602000.0,"PRESUPUESTO 000, PASO AGUSTIN",G,0,2025-08-06 10:32:05,131,6,000000,,,
2025,4151,GMADA,2025-08-08 00:00:00,,,ENV,7,1110106000,159500.0,"PRESUPUESTO N° X 0001-00000050 de Norberto Martín Rodriguez de ""Alta Morena""",G,0,2025-08-08 08:13:36,132,CASA,000000,,,
2025,4273,GMADA,2025-08-18 00:00:00,,,TURIS,6,1110105000,5621.66,"Azul confecciones - alfano - envio delantales 8° concurso de asadores,expte. 2326/25",G,0,2025-08-18 12:15:48,110,TURIS,000000,,,
2025,4520,GMADA,2025-09-08 00:00:00,,,000SU,25,1110118000,326130.0,"PROV.SILVIA MAISTEGUI PRESP.5903 ARTICULOS DE FERRETERIA PARA ARREGLOS GENERAL EN CORRALON MUNICIPAL ,PINTURA DE BANCOS ESPACIOS PUBLICOS LINGA PARA CAMION IVECO IOO617",G,0,2025-09-08 07:33:19,110,3,000000,,,
2025,4522,GMADA,2025-09-08 00:00:00,,,DECI,25,1110118000,340306.0,"PROV.SILVIA MAISTEGUI PRESUP.5549 PINTURA PARA RECREO LA LARGA EL CARBON, MADERAS DEL MUELLE, REFLECTOR PARA EL ANFITEATRO, MONUMENTO A GUEMES .",G,0,2025-09-08 08:05:20,110,DEFCI,000000,,,
2025,4524,GMADA,2025-09-08 00:00:00,,,000SU,25,1110118000,102612.0,"PROV.SILVIA MAISTEGUI PRESUP.5907 ARTICULOS DE FERRETERIA PARA ARREGLOS EN CAMION MERCEDES BENZ 1114 TGL092, OFICINA DE OBRAS PUBLICAS",G,0,2025-09-08 08:39:13,110,3,000000,,,
2025,4527,GMADA,2025-09-08 00:00:00,,,000SU,25,1110118000,55000.0,PROV.DUENE AZUL PRESUP.2637 CAMISION A LA PLATA REPUESTOS MERCEDES LA PLATA,G,0,2025-09-08 10:11:14,110,3,000000,,,
2025,4629,GMADA,2025-09-16 00:00:00,,,CASA,1,1110105000,36750.0,HISPANOGRAF PRESUPUESTO N° 1834,G,0,2025-09-16 07:22:47,110,CACUL,000000,,,
2025,4759,GMADA,2025-09-26 00:00:00,,,COC,5,1110104000,88800.0,SANTA PAULA- PRESUPUESTO N° 0002-00003450 (COCINA),G,0,2025-09-26 08:08:43,131,2,000000,,,
2025,4764,GMADA,2025-09-26 00:00:00,,,HOSP,5,1110104000,90067.64,PINAMAR HIGIENE INSTITUCIONAL SRL- PRESUPUESTO N° 0016-00001946 ( MUCAMAS),G,0,2025-09-29 10:00:27,131,2,000000,,,
2025,4796,GMADA,2025-09-30 00:00:00,,,SECSEG,20,1110113000,30774.8,"Electro Dannunzio, presupuesto 29179 ( para el com)",G,0,2025-09-30 10:40:34,110,25,000000,,,
2025,4765,GMADA,2025-09-26 00:00:00,,,HOSP,5,1110104000,366481.51,PINAMAR HIGIENE INSTITUCIONAL SRL- PRESUPUESTO N° 0016-00001959 (OFICCE DE MUCAMAS),G,0,2025-09-26 10:52:41,131,2,000000,,,
2025,4812,GMADA,2025-10-01 00:00:00,,,TURIS,6,1110105000,200000.0,Corresponde presupuesto Bonomi Isabel - Concurso de Asadores Expte N° 2326/25,G,0,2025-10-01 12:20:59,110,TURIS,000000,,,
2025,4843,GMADA,2025-10-06 00:00:00,,,ACCSOC,7,1110106000,88872.0,"PRESUPUESTO N° 00005503 de Silbia Beatriz Maistegui de ""PINTURERIA - FERRETERIA TODO COLOR"" Familias: Luján MIlagros - Jaime Jesica - Juanto María Antonia - Figueroa, María Giuliana -",G,0,2025-10-06 10:13:12,132,4,000000,,,
2025,4846,GMADA,2025-10-06 00:00:00,,,ACCSOC,7,1110106000,87558.0,"Expte N° 159/25 Proyecto sde Talleres Programa Envión PRESUPUESTO N° 00005522 de Silvia Beatriz Maistegui de""PINTURERIA - FERRETERIA TODO COLOR"" Taller de carpintería - dibujo - Proyecto decisión niñez",G,0,2025-10-06 11:29:25,110,CASA,000000,,,
2025,4848,GMADA,2025-10-06 00:00:00,,,JARD,7,1110106000,105939.9,"PRESUPUESTO N° 00005539 de Silvia Beatriz Maistegui de ""PINTURERIA - FERRETERIA TODO COLOR"" Para hacer estanterías, percheros, arreglos varios en las salitas",G,0,2025-10-06 12:05:24,132,JARDM,000000,,,
2025,4870,GMADA,2025-10-07 00:00:00,,,SECSEG,20,1110113000,115599.0,"Todo Color, presupuesto 5914 (galpon mantenimiento )",G,0,2025-10-07 09:48:06,110,25,000000,,,
2025,5040,GMADA,2025-10-24 00:00:00,,,QUI,5,1110104000,144428.6,INSUMOS GENERALES 3F - PRESUPUESTO N° 23/10/2025 (QUIROFANO),G,0,2025-10-24 11:54:09,131,2,000000,,,
2025,4851,GMADA,2025-10-06 00:00:00,,,ACCSOC,7,1110106000,765000.0,"PRESUPUESTO N° X 7390231 de Sergio Peyrano de ""ATMOSFERICO LA PRIMERA""",G,0,2025-10-06 12:28:38,132,4,000000,,,
2025,5031,GMADA,2025-10-24 00:00:00,,,FARM,5,1110104000,1283242.74,DROGUERIA PERDOMONICI- PRESUPUESTO N° 30/09/2025 (FARMACIA),G,0,2025-10-24 10:27:35,131,2,000000,,,
2025,4871,GMADA,2025-10-07 00:00:00,,,SECSEG,20,1110113000,135000.0,"Gomeria La diagonal, presupuesto 0547",G,0,2025-10-07 09:53:20,110,25,000000,,,
2025,5037,GMADA,2025-10-24 00:00:00,,,FARM,5,1110104000,185740.0,ALFA CENTAURO- PRESUPUESTO N° 0001-00037327 (FARMACIA),G,0,2025-10-24 11:19:11,131,2,000000,,,
2025,5043,GMADA,2025-10-24 00:00:00,,,FARM,5,1110104000,923332.6,DROGUERIA DANA- PRESUPUESTO N° SEPTIEMBRE Y OCTUBRE 2025 (FARMACIA),G,0,2025-10-24 13:39:53,131,2,000000,,,
2025,5041,GMADA,2025-10-24 00:00:00,,,FARM,5,1110104000,5793252.48,PILOÑA- PRESUPUESTO N° 5/10/2025 (FARMACIA),G,0,2025-10-24 13:29:43,131,2,000000,,,
2025,5224,GMADA,2025-11-12 00:00:00,,,BROM,11,1110104000,126000.0,EISCI-GAS. Eijo Marcelo Alejandro. PRESUPUESTO Nº 31.BROMATOLOGIA Y ZOONOSIS.,G,0,2025-11-12 08:31:30,110,13,000000,,,
2025,5225,GMADA,2025-11-12 00:00:00,,,HOSP,5,1110104000,133800.0,"EISIC-GAS, Eijo Marcelo Alejandro.PRESUPUESTO Nº 41.INTERNACION,MANTENIMIENTO,GUARDIA,ADMISION,PEDIATRIA,HOGAR,GALPON.",G,0,2025-11-12 09:28:36,131,2,000000,,,
2025,5279,GMADA,2025-11-18 00:00:00,,,000SU,25,1110118000,294000.0,"PRESUPUESTO DEL 17/11/2025, SARMIENTO RAFAEL",G,0,2025-11-18 08:10:54,110,3,000000,,,
2025,5262,GMADA,2025-11-15 00:00:00,,,COC,5,1110104000,12000.0,SANTA PAULA- PRESUPUESTO N° 0001-0002143 (COCINA) DESDE EL 14/11 AL 21/11/2025,G,0,2025-11-15 10:36:37,131,2,000000,,,
2025,5296,GMADA,2025-11-20 00:00:00,,,HOSP,5,1110104000,38522.96,ALPA PAPELERA. PAOLA AMELIA MATIENZO. PRESUPUESTO Nº 3811.ESTERILIZACION.,G,0,2025-11-20 08:26:49,131,2,000000,,,
2025,5281,GMADA,2025-11-18 00:00:00,,,VIMUNI,25,1110118000,350000.0,"PRESUPUESTO 92, BIGORITO LEONARDO FABIO",G,0,2025-11-18 09:02:37,110,17,000000,,,
2025,5294,GMADA,2025-11-20 00:00:00,,,HOSP,5,1110104000,15050.0,DISTRIBUIODRA DEL SUDESTE. JAVIER DURANTE.PRESUPUESTO Nº 0001-00000796.HEMOTERAPIA.,G,0,2025-11-20 08:06:43,131,2,000000,,,
2025,5300,GMADA,2025-11-20 00:00:00,,,BARU,25,1110118000,3175200.0, PROV. CASA ELICEIRY GAS OIL PARA MAQUINAS PREDIO DISPOSICION FINAL DE RESIDUOS R,G,0,2025-11-20 08:43:26,132,,000000,,,
2025,5304,GMADA,2025-11-20 00:00:00,,,CAS,3,1110111000,190000.0,"PRESUPUESTO 78/79, BRAULIO BERON",G,0,2025-11-20 09:06:50,131,6,000000,,,
2025,5298,GMADA,2025-11-20 00:00:00,,,HOSP,5,1110104000,191600.0,PROVEDURIA LA ILUSION. MARINA IRENE PINILLA. PRESPUESTO.COCINA HOSPITAL MUNICIPAL.,G,0,2025-11-20 08:35:25,131,2,000000,,,
2025,5302,GMADA,2025-11-20 00:00:00,,,CAS,3,1110111000,10584000.0,"PRESUPUESTO 000, CASA ELICEIRY, 25/11/2025",G,0,2025-11-20 08:56:57,131,6,000000,,,
2025,5301,GMADA,2025-11-20 00:00:00,,,000SU,25,1110118000,12096000.0, PROV. CASA ELICEIRY GAS OIL PARA MAQUINAS Y VEHICULOS DE ESTA SECRETARIA,G,0,2025-11-20 08:45:08,132,3,000000,,,
2025,5308,GMADA,2025-11-20 00:00:00,,,DEP,13,1110109000,800000.0,PREVISION SIN N° - COMBUSTIBLE DEL SALADO,G,0,2025-11-20 10:26:29,110,9,000000,,,
2025,5423,GMADA,2025-12-10 00:00:00,,,JARD,7,1110106000,267700.0,"PRESUPUESTO de Labatut, Marcelo Osvaldo de ""LA FRUTERIA"" noviembre 2025",G,0,2025-12-10 10:43:29,132,JARDM,000000,,,
2025,5307,GMADA,2025-11-20 00:00:00,,,HOSP,5,1110104000,4100000.0,"CORRESPONDE PREVISION COMBUSTIBLES DEL SALADO S.A. VEHICULOS HSOPITAL: AA 775 QW, PAA 334,AB 038OI, AG 180 HE, AF 591 SU, AG 545GL, AC 548 KJ.",G,0,2025-11-20 09:39:42,131,2,000000,,,
2025,5354,GMADA,2025-11-29 00:00:00,,,QUI,5,1110104000,13760000.0,EXPEDIENTE 2545/25 CONTRATO BUGIOLACHI JORGE PREVISION GUARDIA DEL 01/11/25 AL 31/12/2025,G,0,2025-12-02 12:09:44,131,2,000000,,,
2025,5382,GMADA,2025-12-02 00:00:00,,,DEP,13,1110109000,800000.0,"PREVISION SIN N° - COMBUSTIBLE DEL SALADO (YPF) / DIFERENTE LOGISTICA DEL AÑO. MANTENIMIENTO EN EL PREDIO, VIAJES, ACEITES, ENTRE OTROS",N,0,2025-12-02 11:18:20,110,/9,000000,,,
2025,5417,GMADA,2025-12-10 00:00:00,,,ACCSOC,7,1110106000,7102682.0,"PRESUPUESTO N° X 00000036 de Lo coco, Marcelo Alejandro de ""TODO COLOR""",G,0,2025-12-10 08:12:22,132,4,000000,,,
2025,4321,GMADA,2025-08-21 00:00:00,,,CULTUR,1,1110105000,55457.92,PAPELERA ALPA  PRESUPUESTO N° 3728,G,0,2025-08-21 11:52:27,110,5,000000,,,
2025,3625,GMADA,2025-07-03 00:00:00,,,SECSEG,20,1110113000,106735.54,Radiadores Bustamante- diferencia de IVA por la compra de 5 radiadores correspondiente a la  OC 3576,G,0,2025-07-03 10:58:20,110,25,000000,,,
2025,4320,GMADA,2025-08-21 00:00:00,,,CASA,1,1110105000,11800.0,HISPANOGRAF   PRESUPUESTO N° 1822,G,0,2025-08-21 11:33:27,110,CACUL,000000,,,
2025,4461,GMADA,2025-09-03 00:00:00,,,MUSH,6,1110105000,605900.0,Encendido Avellaneda de Leonardo Miguel Frezza. Recargas de matafuegos. Presupuesto N°00006990,G,0,2025-09-03 11:32:42,110,MUSH,000000,,,
2025,4463,GMADA,2025-09-03 00:00:00,,,MUMA,6,1110105000,119400.0,Encendido Avellaneda de Leonardo Miguel Frezza. Recarga de matafuego. Presupuesto N°00006991,G,0,2025-09-03 11:41:33,110,MUSEO,000000,,,
2026,8,GMADA,2026-01-02 00:00:00,,,HOSP,5,1110104000,157200.0,FAE. PRESUPUESTO. SECTOR MUCAMAS.,G,0,2026-01-02 09:19:43,131,2,000000,,,
2025,5436,GMADA,2025-12-12 00:00:00,,,FARM,5,1110104000,121513.19,MUNDIAL 2022- PRESUPUESTO N° 0001-0000883 MEDICAMENTO DISPENSADO 2/12/2025,N,0,2025-12-12 12:05:57,131,2,000000,,,
2026,5,GMADA,2026-01-02 00:00:00,,,HOSP,5,1110104000,86000.0,IMPRENTA EL ARGENTINO. IRMA CRISTINA BONOMI.PRESUPUESTO Nº 545.- 547 SERVICIO HEMOTERAPIA - SERVICIO DE EMERGENCIA.,G,0,2026-01-03 09:18:02,131,2,000000,,,
2026,117,GMADA,2026-01-06 00:00:00,,,GOBHAC,2,1110102000,152100.0,"Presupuesto 1850, Avellaneda 7163",G,0,2026-01-06 08:27:49,110,1,000000,,,
2026,7,GMADA,2026-01-02 00:00:00,,,HOSP,5,1110104000,55000.0,REFRIGERACION ADIS. PABLO ADIS. PRESUPUESTO Nº 103.FARMACIA HOSPITAL.,G,0,2026-01-02 08:47:13,131,2,000000,,,
2026,111,GMADA,2026-01-06 00:00:00,,,CAS,3,1110111000,263000.0,"Paso Agustín ,presupuesto 3946,3955,3963,3972,3977,3990,3994,3998.",G,0,2026-01-06 07:55:30,131,6,000000,,,
2026,64,GMADA,2026-01-02 00:00:00,,,HOSP,5,1110104000,12900000.0,EXPEDIENTE 5/2025 CONTRATO SOMA S.A DEL 01/01/26 AL 30/06/2026 RECOLECCIÓN SERVICIOS RESIDUOS  PATOGENICOS,G,0,2026-01-02 13:45:15,131,2,000000,,,
2026,145,GMADA,2026-01-07 00:00:00,,,ACCSOC,7,1110106000,500000.0,"PREVISION de Balleto Urrutia, Juan Agustín",G,0,2026-01-07 08:15:56,110,4,000000,,,
2026,114,GMADA,2026-01-06 00:00:00,,,GOBHAC,2,1110102000,1670000.0,Presupuesto  1851 .Avellaneda 7163,G,0,2026-01-06 08:18:36,110,1,000000,,,
2026,149,GMADA,2026-01-07 00:00:00,,,ACCSOC,7,1110106000,603000.0,"Corresponde a Previsión de Durante, Javier de ""Distribuidora del Sudeste"" Para granja, prestaciones, sede, servicio local, envión,",G,0,2026-01-07 08:32:26,110,4,000000,,,
2026,141,GMADA,2026-01-06 00:00:00,,,CAS,3,1110111000,150707.0,"Durante Javier, presupuesto 0001-00000813",G,0,2026-01-06 12:05:51,131,6,000000,,,
2026,151,GMADA,2026-01-07 00:00:00,,,GRAN,7,1110106000,4000000.0,"Corresponde a Previsión de ""Mada Poy S.A.""",G,0,2026-01-07 08:40:24,110,GRANJ,000000,,,
2026,147,GMADA,2026-01-07 00:00:00,,,ACCSOC,7,1110106000,4040000.0,Corresponde a Previsión de Combustible del Salado -  Desarrollo Social,G,0,2026-01-07 08:22:46,110,4,000000,,,
2026,157,GMADA,2026-01-07 00:00:00,,,ACCSOC,7,1110106000,1500000.0,"Corresponde a Previsión de ""Andres Ponsa S.A."" Para Envión, sede, equipos",G,0,2026-01-07 09:09:26,110,4,000000,,,
2026,150,GMADA,2026-01-07 00:00:00,,,GRAN,7,1110106000,1000000.0,"Corresponde a Previsión de Rost, Tamara de ""Frutería y Verdulería  Negrin""",G,0,2026-01-07 08:37:19,110,GRAN,000000,,,
2026,155,GMADA,2026-01-07 00:00:00,,,JARD,7,1110106000,600000.0,"Corresponde a Previsión de ""Scigliano Diego Beltran""",G,0,2026-01-07 08:55:30,132,JARDM,000000,,,
2026,194,GMADA,2026-01-08 00:00:00,,,ACCSOC,7,1110106000,880000.0,"PRESUPUESTO N° X 7390242 de Peyrano, Sergio de ""Atmósferico La Primera""",G,0,2026-01-08 12:15:42,132,4,000000,,,
2026,156,GMADA,2026-01-07 00:00:00,,,000A,24,1110117000,4950000.0,Expte. 3 Contrato Alomso Leandro Martín Desde Enero a Marzo.,G,0,2026-01-07 08:56:23,110,ASLEG,000000,,,
2026,169,GMADA,2026-01-07 00:00:00,,,PROD,14,1110108000,94000.0,PROV.BATERIAS LA PRIMERA S.H- RAMOS OSVALDO R. Y ISIDRO JUAN C.. PRES. N°6970/ N°6971- SEC. PRODUCCION,G,0,2026-01-21 12:42:29,110,8,000000,,,
2026,197,GMADA,2026-01-08 00:00:00,,,DDS,7,1110106000,19000.0,"PRESUPUESTO N° 00003036 de ""Rodamientos Tuyú"" Para camioneta F100 patente AYQ 605",G,0,2026-01-08 12:23:35,110,4,000000,,,
2026,581,GMADA,2026-02-05 00:00:00,,,ENV,7,1110106000,38750.0,"PRESUPUESTO N° X 0001- 00000785 / 00000787 / 00000796 de Arriola, María Teresa de ""MERCERIA EL DEDAL"" Para el taller de costura del Programa Envión",G,0,2026-02-05 10:04:13,132,CASA,000000,,,
2026,196,GMADA,2026-01-08 00:00:00,,,ENV,7,1110106000,113607.05,"PRESUPUESTO N° 2663 de ""de las misiones"" Para el taller de carpintería",G,0,2026-01-08 12:20:01,132,CASA,000000,,,
2026,398,GMADA,2026-01-19 00:00:00,,,SECSEG,20,1110113000,43800.0,"Ivanper, presupuesto 7870 (taller del area )",G,0,2026-01-19 12:32:30,110,25,000000,,,
2026,199,GMADA,2026-01-08 00:00:00,,,ACCSOC,7,1110106000,252652.0,"PRESUPUESTO de ""El centro de los Amigos"" Familias: Arce, Evelyn - Britos",G,0,2026-01-08 12:38:13,132,4,000000,,,
2026,560,GMADA,2026-02-03 00:00:00,,,CULTUR,6,1110105000,300000.0,Expte.224/2026 Rally Nacional,G,0,2026-02-03 10:19:31,110,5,000000,,,
2026,576,GMADA,2026-02-05 00:00:00,,,ENV,7,1110106000,75116.0,"PRESUPUESTO N° 00005935  de Silvia Beatriz Maistegui de ""PINTURERIA - FERRETERIA TODO COLOR"" Para el taller de carpintería del Programa Envión",G,0,2026-02-05 08:48:01,132,CASA,000000,,,
2026,579,GMADA,2026-02-05 00:00:00,,,JARD,7,1110106000,62720.0,"PRESUPUESTO N° X 0001-00000768 / 771 / 795 / 851  de Arriola, María Teresa de ""MERCERIA EL DEDAL"" Para la realización de adornos para celebración aniversario de la Casita",G,0,2026-02-05 09:37:57,132,JARDM,000000,,,
2026,583,GMADA,2026-02-05 00:00:00,,,ACCSOC,7,1110106000,2470000.0,Corresponde a Previsón de Combustible del Salado. Desarrollo Social,G,0,2026-02-06 06:58:34,110,4,000000,,,
2026,603,GMADA,2026-02-09 00:00:00,,,SEHA,19,1110112000,16200.0,Corresponde presupuesto N° 0002-00003870 - MATIENZO PAOLA,G,0,2026-02-09 09:13:12,110,26,000000,,,
2025,2855,GMADA,2025-05-20 00:00:00,,,ACCSOC,7,1110106000,1033051.0,"PRESUPUESTOS Nº X 0001-00000984/ 985 / 986 /  987 / 993 /  994 / 997 / 1152 de Tatano Harisgarat S.R.L de ""Casa Harisgarat"" Familias: Mendiola Melani - Salinas Mariela - Pastorino Oscar - Jaime - Diaz Roberto - Olguin Sergio-Escalada, Araceli - Jaime",G,0,2025-05-20 09:38:50,132,4,000000,,,
2025,2846,GMADA,2025-05-19 00:00:00,,,HOSP,5,1110104000,66900.0,FAE- PRESUPUESTO N° 4921524,G,0,2025-05-19 12:38:32,131,2,000000,,,
2025,2985,GMADA,2025-05-26 00:00:00,,,MESEN,2,1110102000,44500.0,"PRESUPUESTO 3644, MATIENZO PAOLA AMELIA",G,0,2025-05-26 10:38:27,110,1,000000,,,
2025,2847,GMADA,2025-05-19 00:00:00,,,HOSP,5,1110104000,531285.19,MAXIMO PINASCO S.A- PRESUPUESTO N° 1000354930 DOMINIO: AF591SU,G,0,2025-05-19 13:44:38,131,2,000000,,,
2025,2865,GMADA,2025-05-20 00:00:00,,,ACCSOC,7,1110106000,708260.0,"PRESUPUESTO Nº X 0001-00000968 / 989 / 991 / 999 de Tatano Harisgarat S.R.L. de ""Casa Harisgarat"" Para la bloquera municipal",G,0,2025-05-20 10:11:08,110,4,000000,,,
2025,2962,GMADA,2025-05-23 00:00:00,,,AREAJ,2,1110102000,252000.0,Antunes Nancy Eliana,G,0,2025-05-23 09:04:22,110,23,000000,,,
2025,2965,GMADA,2025-05-23 00:00:00,,,GOBHAC,2,1110102000,62500.0,Camino José Luis presupuesto 1475.,G,0,2025-05-23 09:46:31,110,1,000000,,,
2025,2966,GMADA,2025-05-23 00:00:00,,,SECHCD,8,1110200000,190000.0,Camino José Luis presupuesto 1475,G,0,2025-05-23 10:09:23,110,1,000000,,,
2025,2970,GMADA,2025-05-23 00:00:00,,,DIRINF,22,1110115000,23800.0,"Martín Fernando,presupuesto 716,717-",G,0,2025-05-23 12:30:31,110,1,000000,,,
2025,2968,GMADA,2025-05-23 00:00:00,,,GOBHAC,2,1110102000,250000.0,"Garay ,Acto 25 de  Mayo.",G,0,2025-05-23 10:35:21,110,1,000000,,,
2025,2979,GMADA,2025-05-26 00:00:00,,,CAS,3,1110111000,6481160.0,"PRESUPUESTO 078-9071, ALFIO DISTEFANO",G,0,2025-05-26 09:24:47,131,6,000000,,,
2025,2996,GMADA,2025-05-27 00:00:00,,,HOSP,5,1110104000,948792.77,"ELECTRO D´ANNUNZIO, PREST. N° 00028267/00028268, MATERNIDAD-GUARDIA-RAYOS-INTERNACION-CAPS B.NORTE",G,0,2025-05-27 11:25:04,131,2,000000,,,
2025,2987,GMADA,2025-05-27 00:00:00,,,SECSEG,20,1110113000,408544.4,"Casa Beato, presupuesto (camperas para el personal de transito, tecnica y mantenimiento)",G,0,2025-05-27 07:34:57,110,25,000000,,,
2025,2997,GMADA,2025-05-27 00:00:00,,,HOSP,5,1110104000,42406.43,"JUAN MARTIN CORREA LORENTE, PRESUP. N° 0001-00000043, MUCAMAS-GUARDIA-",G,0,2025-05-27 11:53:02,131,2,000000,,,
2025,3223,GMADA,2025-06-10 00:00:00,,,CONTRA,19,1110112000,1445220.08,"Correa Lorente Juan Martín,presupuesto 1200",G,0,2025-06-10 08:00:21,110,1,000000,,,
2025,3224,GMADA,2025-06-10 00:00:00,,,MAYOR,2,1110102000,60900.0,"PRESUPUESTO 382, MARTIN LOMBARDI",G,0,2025-06-10 08:10:29,110,37,000000,,,
2025,3335,GMADA,2025-06-17 00:00:00,,,HOSP,5,1110104000,529750.0,SERVIMED - PRESUPUESTO N° 7927/25,G,0,2025-06-17 13:20:53,131,2,000000,,,
2025,3334,GMADA,2025-06-17 00:00:00,,,HOSP,5,1110104000,190000.0,"OPAZO DANIEL - PRESUPUESTO S/N FECHA 17/6/25 (GUARDIA, PASILLO, PEDIATRIA, ADMISION )",G,0,2025-06-18 12:37:50,131,2,000000,,,
2025,4012,GMADA,2025-07-30 00:00:00,,,GRAN,7,1110106000,121239.2,"presupuesto n° 00000701"" Distribuidora del Sudeste""",G,0,2025-07-30 11:18:39,132,4,000000,,,
2025,3336,GMADA,2025-06-17 00:00:00,,,LAV,5,1110104000,59279.39,PINAMAR HIGIENE INSTITUCIONAL - PRESUPUESTO N° 16-1811 (LAVADERO HOSPITAL),G,0,2025-06-17 13:22:45,131,2,000000,,,
2025,4516,GMADA,2025-09-05 00:00:00,,,ACCSOC,7,1110106000,32910.0,"PRESUPUESTO N° 00004622 de Silvia Beatriz Maistegui de ""PINTURERIA - FERRETERIA TODO COLOR"" Para el Sr. Ruiz, Alberto",G,0,2025-09-05 12:00:48,132,4,000000,,,
2025,4014,GMADA,2025-07-30 00:00:00,,,ACCSOC,7,1110106000,95700.0,"presupuesto n° 00001770  Panaderia ""La Union""// Esfuerzo Solidario",G,0,2025-07-30 11:36:59,132,4,,,,
2026,441,GMADA,2026-01-22 00:00:00,,,MEAM,25,1110118000,645980.0,PROV. RAFAEL BOBINO Y CIA PRESUP.29045  HERBICIDA PARA ESAPACIOS PUBLICOS,G,0,2026-01-22 10:33:59,110,DEFCI,000000,,,
2025,3086,GMADA,2025-05-30 00:00:00,,,SECSEG,20,1110113000,730000.0,"Frenos Madariaga, presupuesto 074 (AE704AX-OIG911- AE331IY- JWG930)",G,0,2025-05-30 09:57:01,110,25,000000,,,
2025,3084,GMADA,2025-05-30 00:00:00,,,SECSEG,20,1110113000,273000.0,"Frenos Madariaga, preuspuesto 073 (POLICIALES AF173LN- AD283EL)",G,0,2025-05-30 09:48:15,110,25,000000,,,
2025,3089,GMADA,2025-05-30 00:00:00,,,SECSEG,20,1110113000,79000.0,"Gomeria V+B, presupuestos 1705-1707-1706-1709-1710-1711",G,0,2025-05-30 10:14:47,110,25,000000,,,
2025,3315,GMADA,2025-06-17 00:00:00,,,COC,5,1110104000,66400.0,SANTA PAULA - PRESUPUESTO N° 1-2066 (COCINA HOSPITAL),N,0,2025-06-26 09:54:02,131,2,000000,,,
2025,3087,GMADA,2025-05-30 00:00:00,,,SECSEG,20,1110113000,47900.0,"Hispanograf, presupuesto 1775 (Inspeccion- numeros para obleas de remis. vinilo de corte con posicionador)",G,0,2025-06-11 12:42:58,110,25,000000,,,
2025,3314,GMADA,2025-06-17 00:00:00,,,COC,5,1110104000,1102879.0,MADA POY - PRESUPUESTO N° 1-841 Y 1-842 (COCINA HOSPITAL),G,0,2025-06-17 09:04:58,131,2,000000,,,
2025,3333,GMADA,2025-06-17 00:00:00,,,COC,5,1110104000,139600.0,"SANTA PAULA - PRESUPUESTO N° 1-2075, 1-2077 Y 1-2078 (COCINA HOSPITAL)",G,0,2025-06-17 13:14:08,131,2,000000,,,
2025,3332,GMADA,2025-06-17 00:00:00,,,COC,5,1110104000,114000.0,AVICOLA DEL TUYU - PRESUPUESTO N° 8-2554 (COCINA HOSPITAL),G,0,2025-06-17 13:09:14,131,2,000000,,,
2025,3316,GMADA,2025-06-17 00:00:00,,,LAB,5,1110104000,2995284.87,UNO ELECTROMEDICINA - PRESUPUESTO N° 3-12900 (LABORATORIO HOSPITAL),G,0,2025-06-17 09:13:52,131,2,000000,,,
2025,2854,GMADA,2025-05-20 00:00:00,,,AREAJ,2,1110102000,111000.0,Cueto Hernán - PARA ESTANTERIA EN EL CIC,G,0,2025-05-20 12:18:55,110,1,000000,,,
2025,2851,GMADA,2025-05-20 00:00:00,,,CAS,3,1110111000,1140000.0,"Hernandez Emilia presupuesto,  00000071",N,0,2025-05-22 08:05:30,131,6,000000,,,
2025,2859,GMADA,2025-05-20 00:00:00,,,GOBHAC,2,1110102000,836000.0,"Fumega Eduardo,presupuesto 463",G,0,2025-05-20 11:24:06,110,1,000000,,,
2025,2853,GMADA,2025-05-20 00:00:00,,,SEC,1,1110101000,8000.0,"Cimos Inocencio,presupuesto 0002-000002641",G,0,2025-05-20 08:28:52,110,1,000000,,,
2025,2862,GMADA,2025-05-20 00:00:00,,,ASE,2,1110102000,120000.0,"Camino José Luis,presupuesto 0003-0000001463",G,0,2025-05-20 09:09:25,110,ASLEG,000000,,,
2025,2857,GMADA,2025-05-20 00:00:00,,,GOBHAC,2,1110102000,160000.0,"Fumega Eduardo,presupuesto 464 - Archivo- Fotocopiadora- Informatica y Personal (legajos)",G,0,2025-05-20 11:23:01,110,1,000000,,,
2025,2868,GMADA,2025-05-20 00:00:00,,,BARU,25,1110118000,316901.78,Provedor 2294 Konderak.Maquina dominio EUF96,G,0,2025-05-20 10:53:48,110,24,000000,,,
2025,2860,GMADA,2025-05-20 00:00:00,,,GOB,2,1110102000,350000.0,"Fumega Eduardo, presupesto 459",G,0,2025-05-20 08:57:25,110,1,000000,,,
2025,2874,GMADA,2025-05-20 00:00:00,,,HOSP,5,1110104000,56820.0,"tatano Harisgarat, presupuesto 000100000974. OBRA REMODELACION 100º ANIVERSARIO HOSPITAL.",G,0,2025-05-21 08:22:04,110,2,000000,,,
2025,2863,GMADA,2025-05-20 00:00:00,,,GOBHAC,2,1110102000,245000.0,"Camino José Luis,presupuesto 0003-0000001461,1462.",G,0,2025-05-20 09:21:54,110,1,000000,,,
2025,2872,GMADA,2025-05-20 00:00:00,,,HOSP,5,1110104000,46971.0,"Tatano Harisgarat S.R.L.,presupuesto 0001-00000967. HOGAR DE ANCIANOS, SAMO.",G,0,2025-05-21 08:19:58,110,2,000000,,,
2025,2935,GMADA,2025-05-22 00:00:00,,,HOSP,5,1110104000,150000.0,"OPAZO 2 LUMINARIAS PUERTA DE FRENTE, 1 LUMINARIA ENTRADA DE AMBULANCIA, 5 LAMPARAS EXTERIOR Y UN FOTO CONTROL, 3 LUMINARIAS SALA ZOOM, HOSP. MUNICIPAL Y CAPS BARRIO NORTE",G,0,2025-05-22 11:23:25,131,2,000000,,,
2025,2880,GMADA,2025-05-20 00:00:00,,,GOBHAC,2,1110102000,51240.0,"Cueli Miguel, presupuesto X 0001-00000152",G,0,2025-05-20 13:02:25,110,1,000000,,,
2025,2916,GMADA,2025-05-21 00:00:00,,,DEP,13,1110109000,329998.0,PRESUPUESTO SIN N° - HENDEL,G,0,2025-05-21 12:37:09,110,9,000000,,,
2025,2931,GMADA,2025-05-22 00:00:00,,,GOBHAC,2,1110102000,150000.0,MARCOS ANTONIO CHIARAMELLO     ACTO PATRIO 25/05    EXPTE 1611/25,G,0,2025-05-22 10:41:18,110,SECGO,000000,,,
2025,3019,GMADA,2025-05-28 00:00:00,,,000SU,25,1110118000,337400.0,PROV . RAUL IRIARTE PRESUP.14569 ARTICULSO DE FERRETERIA PARA DEFENSA CIVIL,G,0,2025-05-28 11:28:23,110,3,000000,,,
2025,2933,GMADA,2025-05-22 00:00:00,,,HOSP,5,1110104000,185000.0,"OPAZO, SE REALIZO CAMBIO DE 4 REFLECTORES EN EL FRENTE, 5 LUMINARIAS EN PASILLO, 2 REFLECTORES EN VACUNATORIO, 2 FOTOCONTROL, REFLECTOR ENTRADA TRASERA , 1 REFLECTOR PLANTA DE OXIGENO. HOSPITAL MUNICIPAL",G,0,2025-05-22 11:13:13,131,2,000000,,,
2025,3011,GMADA,2025-05-28 00:00:00,,,000SU,25,1110118000,1880000.0,"PROV.BAIGORRIA LORENZO PRESUP.28/5/2025  PARCHES Y REPARACIONES DE CAMARAS  PATENTES: SOG742,AWK675,TGL092,FSL723,BNA17,BMV14,CII58,LED013, AF591IJ",G,0,2025-05-28 10:33:12,110,3,000000,,,
2025,3016,GMADA,2025-05-28 00:00:00,,,000SU,25,1110118000,604800.0,"PROV.RAUL IRIARTE PRESUP.14574,14591,14576 ARTICULOS DE FERRETERIA PARA CEMENERIO,DEFENSA CIVIL",G,0,2025-05-28 11:02:37,110,DEFCI,000000,,,
2025,3073,GMADA,2025-05-30 00:00:00,,,000SU,25,1110118000,10323.66,PROV.ALPA MADARIAGA PRESUP.3631 ARTICULOS DE LIBRERIA PARA MEDIO AMBIENTE,G,0,2025-05-30 07:37:40,110,21,000000,,,
2025,3076,GMADA,2025-05-30 00:00:00,,,DECI,25,1110118000,935000.0,PROV.BOHNKE PRESUP.0839 LISTONES  DE MADERA PARA REPARACIONES DE BANCOS EN EL ESPACION PUBLICOS,G,0,2025-05-30 07:49:19,110,3,000000,,,
2025,3262,GMADA,2025-06-11 00:00:00,,,SECSEG,20,1110113000,49000.0,"Hispanograf, presupuesto 1778 (faja de remis Trip)",G,0,2025-06-11 08:50:10,110,25,000000,,,
2025,3077,GMADA,2025-05-30 00:00:00,,,000SU,25,1110118000,909000.0,"PROV.ALBAITERO RAUL OSVALDO PRESUP.0414 REPARACION DE VIGIA PARA CAMION IVECO PJY978, Y CITROEN C15 CAR748",G,0,2025-05-30 08:11:08,110,3,000000,,,
2025,3227,GMADA,2025-06-10 00:00:00,,,000SU,25,1110118000,240000.0,PROV.MORALES ROCIO PRESUP.10/06/2025 REPARACION DE INSTALACION ELECTRICA PARA   FORD 14000 SVN719,G,0,2025-06-10 08:25:22,110,3,000000,,,
2025,3448,GMADA,2025-06-25 00:00:00,,,000SU,25,1110118000,100000.0,"PROV.BIGORITO LEONADO PRESUP.0048 TRABAJOS DE HERRERIA  Y SOLDADURA MAQUINA CORTA PASTO,CAÑO HIDRALICO DE RETRO PALA ASTARSA 650",G,0,2025-06-25 08:02:59,110,3,000000,,,
2025,3261,GMADA,2025-06-11 00:00:00,,,SECSEG,20,1110113000,115775.0,"Ferreteria Todo Color, presupuesto 5236 (elementos utilizados por el personal del taller del area, y los rollos de cinta de peligro entregados al personal de transito)",G,0,2025-06-11 08:45:33,110,25,000000,,,
2025,3271,GMADA,2025-06-11 00:00:00,,,SECSEG,20,1110113000,170000.0,"Electricidad Leandro Ruben Bogado, presupuestos 1087-1090 ( trailer- af428nh)",G,0,2025-06-11 11:21:57,110,25,000000,,,
2025,3263,GMADA,2025-06-11 00:00:00,,,SECSEG,20,1110113000,47900.0,"Hispanograf, presupuesto 1779 (numeros impresos del 0 al 9 parra armado de obleas- Inspeccion)",G,0,2025-06-11 08:55:21,110,25,000000,,,
2025,3435,GMADA,2025-06-24 00:00:00,,,CONTRA,19,1110112000,1934232.0,"Lococo Marcelo ,presupuesto 00000021",G,0,2025-06-24 12:12:23,110,1,000000,,,
2025,3447,GMADA,2025-06-25 00:00:00,,,000SU,25,1110118000,494720.0,"PROV.NOWE CAROLINA PRESUP.0570 REPUESTOS PARA RETROPALA ASTARSA 650, FORD 14000 SVN719,PALA CARGADORA SDLG 936 COLECTIVO JZH266",G,0,2025-06-25 07:57:44,110,3,000000,,,
2025,3445,GMADA,2025-06-25 00:00:00,,,000SU,25,1110118000,414541.03,PROV.CENTRO HIERRO  PRESUP.6817 HIERRO PARA  HACER TAPA DE  DESAGUE CANADA Y MEXICO,G,0,2025-06-25 07:48:38,110,3,000000,,,
2025,3455,GMADA,2025-06-25 00:00:00,,,VIMUNI,25,1110118000,227600.0,"PROV.RAUL IRIARTE PRESUP.14864,14860,14857,14877,14885 HERRAMIENTAS DE TRABAJO PARA VIVERO MUNICIPAL , BOTAS PARA 2 EMPLEADO DEL VIVERO",G,0,2025-06-25 10:12:21,110,17,000000,,,
2025,3460,GMADA,2025-06-25 00:00:00,,,000SU,25,1110118000,176400.0,PROV.RAUL IRIARTE PRESUP.14856 ARTICULOS DE FERRETERIA PARA COLOCACION DE CARLTES BARRIO ARGENTNO LUNA,G,0,2025-06-25 12:22:47,110,3,000000,,,
2025,3457,GMADA,2025-06-25 00:00:00,,,000SU,25,1110118000,232300.0,PROV. RAUL IRIARTE PRESUP.14554 ARTICULOS DE FERRETERIA PARA ARREGLOS EN GENERAL TALLER MECANICO DE CORRALON MUNICIPAL,G,0,2025-06-25 11:27:26,110,3,000000,,,
2025,3464,GMADA,2025-06-26 00:00:00,,,MEAM,25,1110118000,157400.0,PROV.RAUL IRIARTE PRESUP.14867 PARA FABRICACION DE ADORNOS PARA PARQUE RAUL ALFONSIN,G,0,2025-06-26 07:44:57,110,3,000000,,,
2025,3463,GMADA,2025-06-26 00:00:00,,,000SU,25,1110118000,224600.0,PROV. RAUL IRIARTE PRESUP.14872 MATERIALES PARA REPARACION DE CAMION MERCEDES BENS 1114 PATENTETGL092,G,0,2025-06-26 07:35:51,110,3,000000,,,
2025,3466,GMADA,2025-06-26 00:00:00,,,000SU,25,1110118000,129973.35,PROV. YOLDI AGUSTIN PRESUP.1724 BOTAS PARA AGENTES DEL CORRALON,G,0,2025-06-26 08:03:04,110,3,000000,,,
2025,3470,GMADA,2025-06-26 00:00:00,,,DECI,25,1110118000,275800.0,PROV.RAUL IRIARTE PRESUP.14865 HERRAMINETAS DE TRABAJO Y ARTICULOS PARA  INSTALACION DE LUMINARIAS CALLE RIVADAVIA,G,0,2025-06-26 08:21:37,110,3,000000,,,
2025,3465,GMADA,2025-06-26 00:00:00,,,000SU,25,1110118000,224800.0,PROV.RAUL IRIARTE PRESUP.14853 ARTICULOS DE FERRETERIA PARA CORRALON MUNICIPAL,G,0,2025-06-26 07:50:56,110,3,000000,,,
2025,3469,GMADA,2025-06-26 00:00:00,,,DECI,25,1110118000,151500.0,PROV.RAUL IRIARTE PRESUP.14854  HERRAMIENTAS DE TRABAJO ARTICULOS PARA  INSTALACION DE LUMINARIAS CALLE RIVADAVIA,G,0,2025-06-26 08:13:17,110,3,000000,,,
2025,3467,GMADA,2025-06-26 00:00:00,,,000SU,25,1110118000,80985.3,"PROV. YOLDI AGUSTIN PRESUP.1723 BATERIA  Y CARGADOR PARA  HERRAMIENTAS ELECTRICAS, AMOLADORA CIERRA",G,0,2025-06-26 08:01:05,110,DEFCI,000000,,,
2025,3487,GMADA,2025-06-26 00:00:00,,,18C,25,1110118000,64000.0,PROV. LUIS LOMBARDIA PRESUP.0122 INSUMOS PARA CEMENTERIO,G,0,2025-06-26 11:00:47,110,,000000,,,
2025,3486,GMADA,2025-06-26 00:00:00,,,000SU,25,1110118000,198000.0,PROV.IVAN ISIDRO PRESUP.26.06.25 REPUESTO PARA CAMION MERCEDES BENZ 1114 XNE245,G,0,2025-06-26 10:55:22,110,3,000000,,,
2025,3612,GMADA,2025-07-02 00:00:00,,,INT,1,1110101000,1041000.0,Corresponde presupuesto Copy-Cap,G,0,2025-07-02 12:36:58,110,1,000000,,,
2025,3489,GMADA,2025-06-26 00:00:00,,,000SU,25,1110118000,423400.0,"PROV.LUIS LOMBARDIA PRESUP.1033 INSUMOS Y REPUESTOS PARA MAQUINAS CORTA PASTO, MOTOSIERRA",G,0,2025-06-26 12:01:16,110,ESPVE,000000,,,
2025,3586,GMADA,2025-07-02 00:00:00,,,GOB,2,1110102000,27600.0,Corresponde presupuesto n °1794- AVELLANEDA,G,0,2025-07-02 07:50:46,110,SECGO,000000,,,
2025,3647,GMADA,2025-07-07 00:00:00,,,000SU,25,1110118000,239200.0,"PROV.IVAN PERICO PRESUP.6861 REPUESTOS ELECTRICO PARA FORD RANGER INI856,FORD 14000SVN719,VW 17220 LED13",G,0,2025-07-07 07:38:16,110,3,000000,,,
2025,3620,GMADA,2025-07-03 00:00:00,,,OPP,3,1110103000,246760.0,Prov.:Electro HD (Hector Anibal Curto) - Presup.:0333 - PARA PLOTER OFICINA OBRAS PUBLICAS,G,0,2025-07-03 08:47:29,110,35,000000,,,
2025,3622,GMADA,2025-07-03 00:00:00,,,OPP,3,1110103000,5310800.0,Exp.:1811/21 PREIMBA- PROYECTO PARQUE DE LA ESTACIÓN - Prov.:398 LACAL Serv. Elect. - Presup.:Contrato,G,0,2025-07-03 09:20:23,110,35,000000,,,
2025,3651,GMADA,2025-07-07 00:00:00,,,000SU,25,1110118000,84780.0,"PROV. IVAN PERICO PRESUP.6964 REPUESTOS PARA MINIPALA CARGADORA BMV14, FORD RANGER INI856",G,0,2025-07-07 08:06:07,110,3,000000,,,
2025,3648,GMADA,2025-07-07 00:00:00,,,000SU,25,1110118000,293600.0,"PROV.IVAN  PERICO PRESUP.6678 REPUESTOS PARA  PALA CARGADORA ASTARSA,FIAT ALLIS  R.O806,TRATOR JONH DEERE BNA17,CAMION  IVECO OOI617",G,0,2025-07-07 07:45:53,110,3,000000,,,
2025,3660,GMADA,2025-07-07 00:00:00,,,MEAM,25,1110118000,6380500.0,"PROV.CONSTRUCTORA SUR S.A CONTRATACION DE MAQUINA TIPO RETROEXCAVADORA PARA NIVELACION, TERRAPLENES LATERALES EN PREDIO DISPOSICION FINAL DE RESIDUOS RUTA 11 KM 405.5 SEGUN EXPT. 1642/2016",G,0,2025-07-07 08:33:10,110,,000000,,,
2025,3734,GMADA,2025-07-11 00:00:00,,,ENV,7,1110106000,130500.0,"PRESUPUESTO N° X 0001-00000046 de Norberto Martín Morales de ""Alta Morena Panadería - Regalería""",G,0,2025-07-11 12:28:11,132,CASA,000000,,,
2025,3656,GMADA,2025-07-07 00:00:00,,,VIMUNI,25,1110118000,28000.0,PROV.BARRACA MARIBEL PRESUP.0756 REPUESTOS  PARA MOTOSIERRAS Y MAQUINAS CORTA PASTO,G,0,2025-07-07 08:13:55,110,17,000000,,,
2025,3670,GMADA,2025-07-07 00:00:00,,,000SU,25,1110118000,55000.0,PROV. DUENDE AZUL PRESUP.2636 COMISION A LA PLATA POR REPUESTOS,G,0,2025-07-07 09:51:12,110,3,000000,,,
2025,3733,GMADA,2025-07-11 00:00:00,,,ACCSOC,7,1110106000,76850.0,"PRESUPUESTO N° X 0001-00000044 de Norberto Martín Morales de ""Alta Morena Panadería - Regalería"" Esfuerzo Solidario 2025",G,0,2025-07-11 09:28:05,132,4,000000,,,
2025,3737,GMADA,2025-07-11 00:00:00,,,ACCSOC,7,1110106000,1160000.0,"PRESUPUESTO N° X 7848540 de Tamara Rost de ""Frutería Negrín"" Programa Diabéticos 2025",G,0,2025-07-11 10:11:07,132,4,000000,,,
2025,3736,GMADA,2025-07-11 00:00:00,,,ENV,7,1110106000,30700.0,"Expte N°159/25 Proyecto de Talleres Programa Envión. PRESUPUESTO N° X 7848544 de Tamara Rost de ""Frutería Negrin"" Taller Cocina",G,0,2025-07-11 10:01:43,110,CASA,000000,,,
2025,3738,GMADA,2025-07-11 00:00:00,,,GRAN,7,1110106000,19100.0,"PRESUPUESTO N° 000934 de Terranova, Lucas Hernán de ""TERRANOVAQUIMICA"" Para la granja de contención",G,0,2025-07-11 10:15:36,110,GRAN,000000,,,
2025,2889,GMADA,2025-05-21 00:00:00,,,ACCSOC,7,1110106000,459062.0,"PRESUPUESTO Nº 00005238 de Silvia Beatriz Maistegui de ""Pinnturería - Ferretería Todo Color"" Para la cuadrilla, prestaciones y la bloquera municipal",G,0,2025-05-21 08:59:51,110,4,000000,,,
2025,2883,GMADA,2025-05-21 00:00:00,,,GRAN,7,1110106000,139550.0,"PRESUPUESTO Nº 00004647 de Silvia Beatriz Maistegui de ""Pinturería - Ferretería Todo Color"" Para arreglos en la granja de contención",G,0,2025-05-21 08:11:17,110,GRAN,000000,,,
2025,2894,GMADA,2025-05-21 00:00:00,,,ENV,7,1110106000,38512.99,"Expte Nº 159/25 PRESUPUESTO Nº 0014-00232473 de ""Papelera las 3 Marías"" Proyecto de Tallers Programa Envión.  Taller de macramé, diseño",G,0,2025-05-21 10:41:52,110,CASA,000000,,,
2025,4515,GMADA,2025-09-05 00:00:00,,,COC,5,1110104000,80345.23,"PINAMAR HIGIENE INSTITUCIONAL SRL , PRESUP N° 0016-00001961",G,0,2025-09-05 11:55:40,131,2,000000,,,
2025,4518,GMADA,2025-09-05 00:00:00,,,LAV,5,1110104000,270032.63,"PINAMAR HIGIENE INSTITUCIONAL SRL, N° PRESUP 0016-00001964",G,0,2025-09-05 12:18:26,131,2,000000,,,
2025,3759,GMADA,2025-07-14 00:00:00,,,000SU,25,1110118000,1380000.0,"PROV. ROCIO MORALES PRESUP 14/07/2025 REPARACIONES PARA FORD 14000 DMI232,MEREDES BENZ 1114 UQV264, Y XNE245",G,0,2025-07-14 07:27:31,110,3,000000,,,
2025,3762,GMADA,2025-07-14 00:00:00,,,000SU,25,1110118000,94786.56,PROV. ESCANDINAVIA DEL PLATA PRES.18414 CAÑOS DE FRENO PARA CARGADORA SDLG 936 CII58,G,0,2025-07-14 07:48:41,110,3,000000,,,
2025,3772,GMADA,2025-07-14 00:00:00,,,000SU,25,1110118000,25000.0,PROV.OTERMIN GERMAN PRES.14/07/2025 COLOCACION DE RASTREADOR CAMION IVECO AE388ZE,G,0,2025-07-14 10:38:28,110,3,000000,,,
2025,3761,GMADA,2025-07-14 00:00:00,,,000SU,25,1110118000,56500.0,PROV. HISPANOGRAF PRESUP.1803 CARTEL PARA PLAZOLETA CARDOZO,G,0,2025-07-14 07:41:09,110,3,000000,,,
2025,4181,GMADA,2025-08-11 00:00:00,,,CAS,3,1110111000,423000.0,Corresponde presupuesto N °0001-00001209 - TATANO HARISGARAT,G,0,2025-08-11 09:52:24,131,6,000100,,,
2025,3770,GMADA,2025-07-14 00:00:00,,,000SU,25,1110118000,142000.0,PROV. DANIEL ZUBIARRAIN PRESUP.3016 REPUESTOS PARA MERCEDES SPRINTER DKT498,G,0,2025-07-14 10:28:04,110,3,000000,,,
2025,3799,GMADA,2025-07-15 00:00:00,,,OPP,3,1110103000,2203958.38,Exp. 757/25 Alem - Venezuela - Trab. cordon cuneta - bacheo- pluviales - Prov. Ciardi Hnos - Presup.:0330454,G,0,2025-07-15 10:48:50,110,35,000000,,,
2025,3787,GMADA,2025-07-15 00:00:00,,,CONTRA,19,1110112000,711029.04,"Correa Lorente Juan Martín ,pedido 1320",G,0,2025-07-15 07:38:41,110,1,000000,,,
2025,3811,GMADA,2025-07-15 00:00:00,,,GOBHAC,2,1110102000,5500.0,"Cimod Inocencio ,presupuesto 2740, 2745.",G,0,2025-07-15 13:01:10,110,37,000000,,,
2025,3827,GMADA,2025-07-17 00:00:00,,,000SU,25,1110118000,472800.0,"PROV. HISPANOGRAF  PRESUP.1805,1808 CARTELES DE SEÑALIZACION PARA PLAZA BARRIO SAN MARTIN,",G,0,2025-07-17 07:45:21,110,3,000000,,,
2025,3825,GMADA,2025-07-16 00:00:00,,,SECHCD,8,1110200000,500000.0,Distribuidora del Sudeste.Durante Javier,G,0,2025-07-16 12:44:12,110,12,000000,,,
2025,3843,GMADA,2025-07-18 00:00:00,,,PROD,14,1110108000,220995.24,"EXPTE.1444/25, LA RURAL S.A",G,0,2025-07-18 08:19:21,110,8,000000,,,
2025,3867,GMADA,2025-07-18 00:00:00,,,CAS,3,1110111000,11143.0,"Suc. de Cesar Abel Marzullo, presupuesto 0001-00001109",G,0,2025-07-18 12:51:30,131,6,000000,,,
2025,3844,GMADA,2025-07-18 00:00:00,,,CAS,3,1110111000,5381234.0, Corresponde contrato Von Saldern German - JULIO-AGOSTO,G,0,2025-07-18 08:17:12,131,6,000000,,,
2025,3982,GMADA,2025-07-29 00:00:00,,,PROD,14,1110108000,15879.61,"Copia de 2025/3893 PROV. PAPELERA ALPA ""Matienzo Paola"". PRESU. N°3719/N°3721/N°3725- SEC. PRODUCCION-",G,0,2025-07-29 07:44:19,110,8,000000,,,
2025,4066,GMADA,2025-08-05 00:00:00,,,CAS,3,1110111000,139400.0,"Iriarte Raúl Alberto,presupuesto 00014588",G,0,2025-08-05 07:36:28,131,6,000000,,,
2025,4179,GMADA,2025-08-11 00:00:00,,,GOBHAC,2,1110102000,106800.0,Corresponde presupuesto n° 1823 - AVELLANEDA 7163,N,0,2025-08-14 12:32:54,110,SECGO,000000,,,
2025,4186,GMADA,2025-08-11 00:00:00,,,SEHA,19,1110112000,57639.0,Corresponde presupuesto N° 0001-00001196-0001-0001204-0001-00001182 - TATANO HARISGARAT Arreglos en oficina de Intimaciones y Tesoreria,G,0,2025-08-12 08:53:57,110,28,000000,,,
2025,4288,GMADA,2025-08-19 00:00:00,,,CAS,3,1110111000,1080000.0,"Presupuestos N° 0001-00003833/3828/3826/3817/3814 Proveedor Paso Agustin ( VEHICULOS FORD RANGER, AMAROK, CASILLA, NEW HOLLAND , PAUNY, VOLVO)",G,0,2025-08-25 07:47:34,131,6,000600,,,
2025,4182,GMADA,2025-08-11 00:00:00,,,DMACED,2,1110102000,55000.0,Corresponde presupuesto N° 0001-00000043 - LOMBERA CARLOS A.,G,0,2025-08-11 09:58:29,110,DMACE,,,,
2025,4286,GMADA,2025-08-19 00:00:00,,,DELRU,2,1110102000,135000.0,Presupuesto N° 0001-00003809 Proveedor Paso Agustin DOMINIO AE969PX,G,0,2025-08-25 07:41:51,110,24,000000,,,
2025,4593,GMADA,2025-09-12 00:00:00,,,HOSP,5,1110104000,1404910.0,MADA POY S.A-  PRESUPUESTO N° 0001-00000886/888 (HOSPITAL Y HOGAR DE ANCIANOS),G,0,2025-09-12 08:31:45,131,2,000000,,,
2025,4402,GMADA,2025-08-29 00:00:00,,,INT,1,1110101000,1100000.0,"PREVISION VISITAS COLEGIOS ESCOLARES, MATIENZO PAOLA",G,0,2025-08-29 10:09:18,110,1,000000,,,
2025,4591,GMADA,2025-09-12 00:00:00,,,FARM,5,1110104000,2354713.89,PILOÑA- PRESUPUESTO N° 0004-00189942 (FARMACIA),G,0,2025-09-12 08:11:30,131,2,000000,,,
2025,4595,GMADA,2025-09-12 00:00:00,,,LAB,5,1110104000,368185.04,RADIOGRAFICAOESTE- PRESUPUESTO N° 100050729 (LABORATORIO DE ANALISIS),G,0,2025-09-12 10:15:08,131,2,000000,,,
2025,4592,GMADA,2025-09-12 00:00:00,,,FARM,5,1110104000,171676.92,INSUMOS GENERALES 3 F- PRESUPUESTO N° 9/09/2025 (FARMACIA),G,0,2025-09-12 08:24:32,131,2,000000,,,
2025,4632,GMADA,2025-09-16 00:00:00,,,18C,25,1110118000,74450.0,PROV. CASA HARISGARAT PRESP.1230 PARA ARREGLOS EN CEMENTERIO MUNICIPAL,G,0,2025-09-16 07:43:34,110,7,000000,,,
2025,4594,GMADA,2025-09-12 00:00:00,,,HOGANC,5,1110104000,44400.0,SANTA PAULA- PRESUPUESTO N° 0001-00002115 (HOGAR DE ANCIANOS),G,0,2025-09-12 08:43:14,131,2,000000,,,
2025,4600,GMADA,2025-09-12 00:00:00,,,LAB,5,1110104000,2928795.52,UNO ELECTROMEDICINA - PRESUPUESTO N° 00003-00013699 (LABORATORIO DE ANALISIS),G,0,2025-09-12 10:34:40,131,2,000000,,,
2025,4630,GMADA,2025-09-16 00:00:00,,,MEAM,25,1110118000,29250.0,"PROV.CASA HARISGARAT PRESUP.1213,1219 PARA FABRICACION  DE ADORNOS EL PASEO RAUL ALFONSIN",G,0,2025-09-16 07:31:39,110,21,000000,,,
2025,4704,GMADA,2025-09-23 00:00:00,,,TURIS,6,1110105000,350000.0,Matias Ligari. Alquiler de baños quimicos para concurso de asadores y feria gastronomica 2025.,G,0,2025-09-23 12:30:25,110,TURIS,000000,,,
2025,4631,GMADA,2025-09-16 00:00:00,,,000SU,25,1110118000,50532.0,"PROV. CASA HARISGARAT PRESUP.1227,1235 PARA REPARACION EN FUENTE CALLE ILLIA Y PELEGRINI Y VIVERO",G,0,2025-09-16 07:36:53,110,3,000000,,,
2025,4634,GMADA,2025-09-16 00:00:00,,,BARU,25,1110118000,3146000.0,Corresponde Atreuco Puel S.A -,G,0,2025-09-16 10:08:07,131,SECOP,000000,,,
2025,4633,GMADA,2025-09-16 00:00:00,,,000SU,25,1110118000,122020.0,"PROV. CASA HARISGARAT PRESUP.1231,1240,1228,1234 PARA REPARACION  BOCA DE TORMENTA RIVADAVIA Y ZOOPI, DR.CARLOS MADARIAGA,ILLIA Y PELEGRINI, JUEGOS DE ESPACION PUBLICOS",G,0,2025-09-16 08:12:38,110,3,000000,,,
2025,4651,GMADA,2025-09-18 00:00:00,,,000SU,25,1110118000,11264000.0,PROV. CASA ELICEIRY GASOIL PARA MAQUINAS Y VEHICULOS DE ESTA SECRETARIA,G,0,2025-09-18 07:31:40,132,3,000000,,,
2025,4692,GMADA,2025-09-23 00:00:00,,,OPP,3,1110103000,4500000.0,Expte. 1692/25 -  Contrato Personal Tecnico Medio Ambiente  - Prov. Ing. Fernandez Anabela- Contrato,G,0,2025-09-24 12:05:44,110,SECOP,000000,,,
2025,4703,GMADA,2025-09-23 00:00:00,,,TURIS,6,1110105000,240000.0,Carlos Orozco - Show concurso de asadores 2025,G,0,2025-09-23 12:20:38,110,TURIS,000000,,,
2025,4779,GMADA,2025-09-29 00:00:00,,,COMPR,19,1110112000,18600.0,Presupuesto N° 0002-00003782 Proveedor Matienzo Paola  -ALPA-,G,0,2025-09-29 11:03:21,110,26,000000,,,
2025,4987,GMADA,2025-10-20 00:00:00,,,ACCSOC,7,1110106000,495000.0,"PRESUPUESTO N° X 7390232 de Peyrano, Sergio de "" ATMOSFERICO LA PRIMERA""",G,0,2025-10-20 10:56:55,132,4,000000,,,
2025,2906,GMADA,2025-05-21 00:00:00,,,ACCSOC,7,1110106000,65000.0,"PRESUPUESTO  de IMSde ""Zingerias y plegados"" realización de chapas para colocar calefactor en las oficinas de Desarrollo Social",G,0,2025-05-21 10:50:06,110,4,000000,,,
2025,3275,GMADA,2025-06-11 00:00:00,,,CONTRA,19,1110112000,627120.0,Corresponde presupuesto N° 0002-00003672/00003665 MATIENZO PAOLA,G,0,2025-06-11 12:04:55,110,CONTR,000000,,,
2025,3272,GMADA,2025-06-11 00:00:00,,,CAS,3,1110111000,29800.0,Corresponde presupuesto N° 000929 - TERRANOVA,G,0,2025-06-11 11:32:50,131,6,000000,,,
2025,3743,GMADA,2025-07-11 00:00:00,,,ACCSOC,7,1110106000,1590000.0,"PRESUPUESTOS de María Cristina Uthurburu de ""Casa Meoqui"" Sra. Soto, Marta Inés fallecida el día: 28/ de junio 2025 DNI 11.544.770  - Sra. Ruiz, Griselda Haydeé fallecida el 03 de junio 2025 LC 3.643.315",G,0,2025-07-11 12:40:57,110,4,000000,,,
2025,3760,GMADA,2025-07-14 00:00:00,,,DECI,25,1110118000,28798.0,PROV.ELECTRO DANNUNZIO PRESP.28550 REPUESTOS PARA TANQUE DE DEFENSA CIVIL,G,0,2025-07-14 07:34:47,110,DEFCI,000000,,,
2025,3746,GMADA,2025-07-11 00:00:00,,,ACCSOC,7,1110106000,760000.0,"PRESUPUESTO N° X 7390222 de Peyrano, Sergio de ""Atmosférico La Primera""",G,0,2025-07-11 12:30:08,110,4,000000,,,
2025,3226,GMADA,2025-06-10 00:00:00,,,CONTRA,19,1110112000,884000.0,Terranova presupuesto 000425,G,0,2025-06-10 08:43:31,110,1,000000,,,
2025,3240,GMADA,2025-06-10 00:00:00,,,GOBHAC,2,1110102000,200000.0,"Garay, Franco Imnaguración Luces Escuela N° 30",G,0,2025-06-10 11:48:15,110,1,000000,,,
2025,3424,GMADA,2025-06-24 00:00:00,,,SECSEG,20,1110113000,60000.0,"Gomeria V+B, presupuestos 0666-0665-0663 (AE704AX-JCH069-AB038FG)",G,0,2025-06-24 09:02:20,110,25,000000,,,
2025,3238,GMADA,2025-06-10 00:00:00,,,GOB,2,1110102000,30880.0,"PRESUPUESTO 1782, AVELLANEDA 7163 SRL",G,0,2025-06-10 11:19:58,110,1,000000,,,
2025,3239,GMADA,2025-06-10 00:00:00,,,CAS,3,1110111000,26000.0,"Zubiarrain Daniel,presupuesto 0000030007,Volvo C6518.",G,0,2025-06-10 11:24:45,131,6,000000,,,
2025,3242,GMADA,2025-06-10 00:00:00,,,GOBHAC,2,1110102000,180000.0,"PRESUPUESTO 000, ROJAS CAROLINA",G,0,2025-06-10 12:12:37,110,1,000000,,,
2025,3241,GMADA,2025-06-10 00:00:00,,,GOBHAC,2,1110102000,100000.0,"Bonomi Isabel,Imnaguración Luces Escuela N° 30.",G,0,2025-06-10 11:58:46,110,1,000000,,,
2025,3243,GMADA,2025-06-10 00:00:00,,,CULTUR,1,1110105000,49500.0,HISPANOGRAF          PRESUPUESTO N° 1780,G,0,2025-06-10 12:15:46,110,CACUL,000000,,,
2025,3276,GMADA,2025-06-11 00:00:00,,,SECSEG,20,1110113000,625541.02,"Bluecar, presupuesto 0483 (aceite que sera utilizado en el taller para los vehiculos de la secretaria y policiales)",G,0,2025-06-11 12:36:16,110,25,000000,,,
2025,3298,GMADA,2025-06-13 00:00:00,,,PROD,14,1110108000,12400.0,"  PROV. PAPELERA ALPA ""Matienzo Paola"". PRESU. N°3668- SEC. PRODUCCION-",G,0,2025-06-13 09:54:58,110,8,000000,,,
2025,3278,GMADA,2025-06-12 00:00:00,,,GOBHAC,2,1110102000,737200.0," PRESUPUESTO 145, EMPRESA 12 DE OCTUBRE",G,0,2025-06-12 07:18:13,110,1,000000,,,
2025,3337,GMADA,2025-06-18 00:00:00,,,DEP,13,1110109000,1234659.4,PRESUPUESTO N°20920 - ABETE/ ROPA DE TRABAJO - UNIFORMES PARA PERSONAL,G,0,2025-06-18 09:05:53,110,9,000000,,,
2025,3301,GMADA,2025-06-13 00:00:00,,,HOSP,5,1110104000,591644.84,CHIMEHUIN S.A- PRESUPUESTO N° 71009 PACIENTE: TORRES SILVINA,G,0,2025-06-13 11:51:55,131,2,000000,,,
2025,3422,GMADA,2025-06-24 00:00:00,,,SECSEG,20,1110113000,10000.0,"Gomeria V+B, presupuestos 0664-0662 (oig 911-nuf 386)",G,0,2025-06-24 08:58:16,110,25,000000,,,
2025,3444,GMADA,2025-06-25 00:00:00,,,DEP,13,1110109000,800000.0,PRESUPUESTO SIN N° - FATIMA DIAZ / TRABAJOS DE PINTURA EN PARED Y PUERTAS DE ALUMINIO EN EL POLIDEPORTIVO MUNICIPAL,G,0,2025-06-25 07:38:00,110,9,000000,,,
2025,3453,GMADA,2025-06-25 00:00:00,,,DEP,13,1110109000,582132.43,PRESUPUESTO N°1704 - YOLDI CARLOS AGUSTIN / MATERIALES PARA TRABAJO DE SEGURIDAD EN EL ESTADIO MUNICIPAL FRANCISCO ALCUAZ,G,0,2025-06-25 09:35:33,110,9,000000,,,
2025,3450,GMADA,2025-06-25 00:00:00,,,DEP,13,1110109000,34011.17,PRESPUESTO N° 3686 - ALPA MADARIAGA,G,0,2025-06-25 09:04:33,110,9,000000,,,
2025,3480,GMADA,2025-06-26 00:00:00,,,MUMA,6,1110105000,15000.0,El gallego electricidad de Juan Alberto Sanchez. Cables y cintas para armado de muestra en el Archivo Histórico. Presupuesto N°0052627,G,0,2025-06-26 09:20:22,110,MUSEO,000000,,,
2025,3484,GMADA,2025-06-26 00:00:00,,,MUMA,6,1110105000,14000.0,Proveeduria Campo y Cuidad de Raul Alberto Iriarte. Electrodo. Presupuesto N°00014866,G,0,2025-06-26 09:36:47,110,MUSEO,000000,,,
2025,3672,GMADA,2025-07-07 00:00:00,,,SECSEG,20,1110113000,29800.0,"Ivanper, presupuesto 6997 (ae704ax)",G,0,2025-07-07 09:59:20,110,25,000000,,,
2025,3482,GMADA,2025-06-26 00:00:00,,,MUMA,6,1110105000,16900.0,"Proveduria Campo y cuidad de Raul Alberto Iriarte, Articulos varios para mantenimiento muestra Tuyú Mapu. Presupuesto N°00014859",G,0,2025-06-26 09:29:16,110,MUSEO,000000,,,
2025,3619,GMADA,2025-07-03 00:00:00,,,SECSEG,20,1110113000,3268800.0,"Gesell Seguridad, renovacion de contrato periodo julio- diciembre",G,0,2025-07-03 08:33:05,110,25,000000,,,
2025,3667,GMADA,2025-07-07 00:00:00,,,BA,1,1110105000,12350.0,"HUGO PIEDRA  ""HISPANOGRAF"",  PRESUPUESTO X-1797",G,0,2025-07-07 09:36:17,132,29,000000,,,
2025,3810,GMADA,2025-07-15 00:00:00,,,ACCSOC,7,1110106000,79953.0,"PRESUPUESTO N° 00005526 de Silvia Beatriz Maistegui de ""PINTURERIA - FERRETERIA TODO COLOR"" Para Sede, cartelería de estacionamiento para personas con discapacidad",G,0,2025-07-15 12:47:13,110,4,000000,,,
2025,3702,GMADA,2025-07-10 00:00:00,,,000SU,25,1110118000,486420.0,PROV. MINERA TANDIL PRESUP. 7/7/2025 PIEDRA 6-20 PARA COPIO EN CORRALON MUNICIPAL ( BACHEO CUANDO SEA REQUERIDO),G,0,2025-07-10 07:32:16,110,3,000000,,,
2025,3680,GMADA,2025-07-07 00:00:00,,,SECSEG,20,1110113000,49060.0,"Yoldi Carlos Agustin, presupuesto 01733 (entrega a personal de mantenimiento)",G,0,2025-07-07 12:02:13,110,25,000000,,,
2025,3710,GMADA,2025-07-10 00:00:00,,,000SU,25,1110118000,3223040.0,PROV. ALFIO  DISTEFANO PRESUP.078-9103 REPARACION DE RETRO PALA ASTARSA BGZ37,G,0,2025-07-10 09:08:04,110,3,000000,,,
2025,3703,GMADA,2025-07-10 00:00:00,,,000SU,25,1110118000,516000.0,PROV.BATERIAS EL PELA PRESUP.4705 BATERIAS PARA CAMION IVECO PATENTE OOI617,G,0,2025-07-10 07:42:06,110,3,000000,,,
2025,3763,GMADA,2025-07-14 00:00:00,,,OPP,3,1110103000,150000.0,Prov.:AC Refrigeracion (Cataldo Adolfo) - Presup.:0367 - PARA OFICINA OBRAS PUBLICAS,G,0,2025-07-14 08:08:07,110,35,000000,,,
2025,3711,GMADA,2025-07-10 00:00:00,,,000SU,25,1110118000,1318488.6,"PROV. SUPERFIL PRESUP.8/07/2025 REDUCTOR DE VELOCIDAD PARA URUGUAY Y SARMIENTO, ITUÑO Y MITRE , SARMIENTO Y CARLOS MADARIAGA",N,0,2025-08-13 12:11:40,110,3,000000,,,
2025,3819,GMADA,2025-07-16 00:00:00,,,ACCSOC,7,1110106000,7100.0,"PRESUPUESTO N° X 0002-00002737 de Inocencio Cimos de  ""IC Ferretería CIMOS"" Para carteles señaletica discapacidad",G,0,2025-07-16 10:45:59,110,4,000000,,,
2025,3771,GMADA,2025-07-14 00:00:00,,,ACCSOC,7,1110106000,7058210.0,"PRESUPUESTO N° X 0000025 de Lo coco, Marcelo Alejandro de ""TODO COLOR""",G,0,2025-07-14 10:38:20,110,4,000000,,,
2025,3817,GMADA,2025-07-16 00:00:00,,,DDS,7,1110106000,142633.0,"PRESUPUESTO N° 00028685 de ""SUCESIÓN DE D ANNUNZIO JORGE NELDO""Para el aréa de prestaciones",G,0,2025-07-16 10:42:30,110,4,000000,,,
2025,3813,GMADA,2025-07-16 00:00:00,,,DECI,25,1110118000,437538.0,PROV.SILVIA MAISTEGUI PRESUP.5532 ARTICULOS DE FERRETERIA PARA  PINTAR BARANDAS Y PAREDONES DE CANAL CALLE 33,G,0,2025-07-16 08:03:23,110,DEFCI,000000,,,
2025,3821,GMADA,2025-07-16 00:00:00,,,ACCSOC,7,1110106000,1650000.0,"PRESUPUESTO N° X 7848545 de Rost, Tamara de ""Frutería Negrin"" Plan Alimentario 2025",G,0,2025-07-16 11:02:57,132,4,000000,,,
2025,4064,GMADA,2025-08-05 00:00:00,,,CAS,3,1110111000,149394.0,Corresponde presupuesto N° 00028786 - SUC. DANNUNZIO,G,0,2025-08-05 07:30:15,131,6,000000,,,
2025,3820,GMADA,2025-07-16 00:00:00,,,GRAN,7,1110106000,138885.0,"PRESUPUESTO N° 0001-00001106 de ""AGROVETERINARIA MARZULLO"" Para la granja de contención",G,0,2025-07-16 10:53:13,110,GRAN,000000,,,
2025,3882,GMADA,2025-07-21 00:00:00,,,ACCSOC,7,1110106000,6932431.0,"PRESUPUESTO N° 00000026 ""TODO COLOR"" de Marcelo Lococo",G,0,2025-07-21 11:50:47,132,4,000000,,,
2025,3957,GMADA,2025-07-26 00:00:00,,,HOGANC,5,1110104000,99500.0,MADA POY S.A- PRESUPUESTO N° 0001-00000860 (HOGAR DE ANCIANOS),G,0,2025-07-26 09:23:05,131,2,000000,,,
2025,4003,GMADA,2025-07-29 00:00:00,,,GOBHAC,2,1110102000,781000.0,Antonio Hugo.Expte 1649/25.Día de las Infancias.,G,0,2025-07-29 10:57:02,110,1,000000,,,
2025,4063,GMADA,2025-08-05 00:00:00,,,SCOOR,22,1110115000,12079.0,Corresponde presupuesto N° 00028792 - SUC. DANNUNZIO,G,0,2025-08-05 07:28:31,110,SECRE,000000,,,
2025,4067,GMADA,2025-08-05 00:00:00,,,SEHA,19,1110112000,13328.0,Corresponde presupuesto N° 00028816 - Suc. Dannunzio,G,0,2025-08-05 07:37:55,110,28,000000,,,
2025,4071,GMADA,2025-08-05 00:00:00,,,INTIM,19,1110112000,97552.76,Corresponde presupuesto N° 00028839 - Suc. Dannunzio,G,0,2025-08-05 08:15:35,110,1,000000,,,
2025,4065,GMADA,2025-08-05 00:00:00,,,000O,24,1110117000,18718.0,Corresponde presupuesto N° 00028815 - Suc. Dannunzio,G,0,2025-08-05 07:32:34,110,OMIC,000000,,,
2025,4070,GMADA,2025-08-05 00:00:00,,,INT,1,1110101000,724774.55,Corresponde presupuesto N° 00028757- Electro Dannunzio - Instalacion electrica primer piso Municipalidad,G,0,2025-08-05 08:56:49,110,1,000000,,,
2025,4101,GMADA,2025-08-06 00:00:00,,,COC,5,1110104000,436350.0,TODO POLLO- PRESUPUESTO N° 20  (COCINA HOSPITAL ),G,0,2025-08-06 08:37:16,131,2,000000,,,
2025,4103,GMADA,2025-08-06 00:00:00,,,COC,5,1110104000,454400.0,TODO POLLO- PRESUPUESTO N° 21  (COCINA HOSPITAL ),G,0,2025-08-06 08:34:41,131,2,000000,,,
2025,4105,GMADA,2025-08-06 00:00:00,,,HOSP,5,1110104000,121000.0,LUIS L A VILLARREAL & CIA SRL- PRESUPUESTO N° 5/08/2025 DOMINIO: AF591SU,G,0,2025-08-06 08:45:43,131,2,000000,,,
2025,4104,GMADA,2025-08-06 00:00:00,,,HOGANC,5,1110104000,292800.0,TODO POLLO- PRESUPUESTO N° 22 (HOGAR DE ANCIANOS),G,0,2025-08-06 08:38:43,131,2,000000,,,
2025,4107,GMADA,2025-08-06 00:00:00,,,FARM,5,1110104000,2723700.52,PILOÑA- PRESUPUESTO N° 0004-00187133 (FARMACIA),G,0,2025-08-06 10:02:44,131,2,000000,,,
2025,4208,GMADA,2025-08-12 00:00:00,,,SECSEG,20,1110113000,81000.0,"PRESUPUESTO 540, PEREYRA LUIS ROBERTO",G,0,2025-08-12 12:51:37,110,25,000000,,,
2025,4106,GMADA,2025-08-06 00:00:00,,,LAV,5,1110104000,522260.96,PINAMAR HIGIENE INSTITUCIONAL SRL- PRESUPUESTO N° 0016-00001909 (LAVADERO),G,0,2025-08-06 09:10:08,131,2,000000,,,
2025,4132,GMADA,2025-08-07 00:00:00,,,SECSEG,20,1110113000,77000.0,"Gomeria La Diagonal, presupuesto 0539-0540",G,0,2025-08-07 10:06:48,110,25,000000,,,
2025,4207,GMADA,2025-08-12 00:00:00,,,DEP,13,1110109000,515200.0,PRESUPUESTO N°3830 - NEUMATICOS PASO / COLOCACION DE NEUMATICOS EN VEHICULO MUNICIAPAL (DOMINO: KBQ331),G,0,2025-08-12 12:23:47,110,9,000000,,,
2025,4243,GMADA,2025-08-14 00:00:00,,,COC,5,1110104000,284000.0,PROVEEDURIA LA ILUSION- PRESUPUESTO N° 36347 (COCINA),G,0,2025-08-14 09:54:37,131,2,000000,,,
2025,4216,GMADA,2025-08-13 00:00:00,,,CAS,3,1110111000,1734720.0,PRESUPUESTO 078-9135-9134,G,0,2025-08-13 07:32:08,131,6,000000,,,
2025,4238,GMADA,2025-08-14 00:00:00,,,DECI,25,1110118000,363000.0,"PROV. LUIS LOMBARDIA PRESUP.0141INSUMOS Y REPUESTOS PARA MOTOGUADAÑAS, MOTOSIERRAS",G,0,2025-08-14 07:24:00,110,DEFCI,000000,,,
2025,4239,GMADA,2025-08-14 00:00:00,,,DECI,25,1110118000,628300.0,PROV.LUIS LOMBARDIA PRESUP.0135 INSUMOS Y REPUETOS PARA MOTOSIERRAS Y MOTOGUADAÑAS,G,0,2025-08-14 07:44:27,110,DEFCI,000000,,,
2025,4240,GMADA,2025-08-14 00:00:00,,,DECI,25,1110118000,291000.0,PROV.LUIS LOMBARDIA PRESUP.0139 INSUMOS Y REPUESTOS PARA MOTOGUADAÑAS Y MOTOSIERRAS,G,0,2025-08-14 08:11:06,110,DEFCI,000000,,,
2025,4241,GMADA,2025-08-14 00:00:00,,,000SU,25,1110118000,1433400.0,"PROV.CAROLINA NOWE PRESUP.0598 REPUESTOS PARA VW 17280 AF497IJ, IVECO IOO617  Y LAMPARAS  PARA TODOS LOS VECHICULOS EN GENERAL",G,0,2025-08-14 08:49:13,110,3,000000,,,
2025,4242,GMADA,2025-08-14 00:00:00,,,LAV,5,1110104000,166034.78,PINAMAR HIGIENE INSTITUCIONAL SRL- PRESUPUESTO N° 0016-00001929/1930 (LAVADERO),G,0,2025-08-14 09:29:09,131,2,000000,,,
2025,4283,GMADA,2025-08-19 00:00:00,,,FARM,5,1110104000,1675112.44,PILOÑA- PRESUPUESTO N° 0004-00187766 (FARMACIA),G,0,2025-08-19 09:09:10,131,2,000000,,,
2025,4248,GMADA,2025-08-14 00:00:00,,,BROM,11,1110104000,39500.0,IVANPER REPUESTOS- PRESUPUESTO N° 7033 (BROMATOLOGIA),G,0,2025-08-22 12:13:08,131,2,000000,,,
2025,4291,GMADA,2025-08-19 00:00:00,,,FARM,5,1110104000,2238924.0,VELIBO SUPPLIES SAS- PRESUPUESTO N° 0001-00008880 (FARMACIA),G,0,2025-08-19 11:48:08,131,2,000000,,,
2025,4285,GMADA,2025-08-19 00:00:00,,,COC,5,1110104000,35000.0,AVICOLA DEL TUYU DE ANDERS VICTOR- PRESUPUESTO N° 0008-00003763 (COCINA),G,0,2025-08-19 09:56:42,131,2,000000,,,
2025,4300,GMADA,2025-08-20 00:00:00,,,LAB,5,1110104000,2210208.0,EXPEDIENTE N° 1348/25 CONTRATO CON UNO ELECTROMEDICINA POR UN AUTOANALIZADOR CM 250 DESDE EL 1 DE SEPTIEMBRE HASTA EL 31 DE DICIEMBRE DEL 2025,G,0,2025-08-20 08:11:21,131,2,000000,,,
2025,4299,GMADA,2025-08-20 00:00:00,,,LAB,5,1110104000,1836176.0,EXPEDIENTE N° 1349/25 CONTRATO CON  UNO ELECTROMEDICINA POR UN LECTOR ELISA MR96A NUEVO,G,0,2025-08-25 12:51:42,131,2,000000,,,
2025,4302,GMADA,2025-08-20 00:00:00,,,LAB,5,1110104000,1530144.0,EXPEDIENTE N° 1346/25 CONTRATO CON UNO ELECTROMEDICINA POR UN COAGULOMETRO 1 CANAL MARCA WIENER DESDE EL 1 DE SEPTIEMBRE HASTA EL 31 DE DICIEMBRE DEL 2025,G,0,2025-08-20 08:21:38,131,2,000000,,,
2025,4301,GMADA,2025-08-20 00:00:00,,,LAB,5,1110104000,2133824.0,EXPEDIENTE N° 1347/25 CONTRATO CON UNO ELECTROMEDICINA POR EL ALQUILER  DE UN  EQUIPO MINDRAY 5 POBLACIONES LEUCOCITARIAS DESDE EL 1 DE SEPTIEMBRE HASTA EL 31 DE DICIEMBRE DEL 2025,G,0,2025-08-25 09:23:24,131,2,000000,,,
2025,4308,GMADA,2025-08-20 00:00:00,,,HOSP,5,1110104000,430000.0,PHOYU MARIA ALCIRA- PRESUPUESTO N° 18/08/2025,G,0,2025-08-20 11:49:39,131,2,000000,,,
2025,4307,GMADA,2025-08-20 00:00:00,,,HOSP,5,1110104000,1210701.0,"MADA POY S.A. N° PRES. 000100000867, HOSPÍTAL",G,0,2025-08-20 11:39:14,131,2,000000,,,
2025,4303,GMADA,2025-08-20 00:00:00,,,LAB,5,1110104000,1629324.0,EXPEDIENTE N° 1345/25  CONTRATO CON UNO ELECTROMEDICINA DE UN EQUIPO GASES MARCA RADIOMETER MODELO ABL 80 DESDE EL 1 DE SEPTIEMBRE HASTA EL 31 DE DICIEMBRE DEL 2025,G,0,2025-08-20 08:23:17,131,2,000000,,,
2025,4576,GMADA,2025-09-11 00:00:00,,,GOBHAC,2,1110102000,100000.0,"Bonomi Isabel,Expte 2473/2025 Día del Maestro",G,0,2025-09-11 08:37:46,110,1,000000,,,
2025,4317,GMADA,2025-08-21 00:00:00,,,COC,5,1110104000,593233.75,ALPA N° PRES. 0002-00003745/0002-00003746,G,0,2025-08-21 11:59:38,131,2,000000,,,
2025,4323,GMADA,2025-08-21 00:00:00,,,COC,5,1110104000,1486458.7,"JAVIER DURANTE, N° PRES x 0001-00000743",G,0,2025-08-21 13:16:26,131,2,000000,,,
2025,4344,GMADA,2025-08-25 00:00:00,,,TESOR,19,1110112000,9500.0,Corresponde presupuesto N° 00000372 - FERRARO LILIANA N.,G,0,2025-08-25 07:32:58,110,TESOR,000000,,,
2025,4532,GMADA,2025-09-08 00:00:00,,,FARM,5,1110104000,3062843.58,"UNO ELECTROMEDICINA , PRESUPUESTO N° 00003-00013559",G,0,2025-09-08 11:58:04,131,2,000000,,,
2025,4575,GMADA,2025-09-11 00:00:00,,,GOBHAC,2,1110102000,100000.0,Prov. 1857 Abad.Expte N° 2473/25 Día del Maestro,G,0,2025-09-11 08:35:48,110,1,000000,,,
2025,4643,GMADA,2025-09-16 00:00:00,,,HOSP,5,1110104000,85519.0,"PINTURERIA - FERRETERIA ""TODO COLOR"" PRESUPUESTO N° 5906 (MANTENIMIENTO/COCINA/GUARDIA/CAPS NORTE/LABORATORIO/MATERNIDAD/CAPS BELGRANO)",G,0,2025-09-16 13:25:34,131,2,000000,,,
2025,4579,GMADA,2025-09-11 00:00:00,,,CAS,3,1110111000,240823.0,"Durante Javier,presupuesto 0001-00000749",G,0,2025-09-11 10:42:56,131,6,000000,,,
2025,4641,GMADA,2025-09-16 00:00:00,,,COC,5,1110104000,2070817.62,"JAVIER DURANTE, N° PRESUP 0001-00000753 (COCINA)",G,0,2025-09-16 13:30:29,131,2,000000,,,
2025,4700,GMADA,2025-09-23 00:00:00,,,DECI,25,1110118000,1811000.0,"PROV.FRENOS MADARIAGA PRESUP.061,079 REPUESTOS PARA  FORD F100 SNG651, FORD RANGER KYV355",G,0,2025-09-23 11:09:52,110,DEFCI,000000,,,
2025,4689,GMADA,2025-09-23 00:00:00,,,000SU,25,1110118000,1525000.0,"PROV. CLEANOSOL PRESUP.16/09/2025 ASFALTO EN FRIO PARA BACHEO DE LAVALLE Y MITRE, PERU Y ALEM, BS.AS Y CALLE 25 , ZUBIAURRE Y MITRE Y PARA DEJAR ACOPIADO EN CORRALON MUNICIPAL PARA FUTUROS ARREGLOS",G,0,2025-09-23 07:21:14,110,3,000000,,,
2025,4760,GMADA,2025-09-26 00:00:00,,,000SU,25,1110118000,867161.76,"PROV.MERCERDES LA PLATA PRESUP.2958 REPUESTOS PARA COLECTIVO LAN557 , FORD 14000 DMI232, IVECO PJY978",G,0,2025-09-26 08:51:06,110,3,000000,,,
2025,4691,GMADA,2025-09-23 00:00:00,,,000SU,25,1110118000,47000.0,"PROV.IVAN PERICO PRESUP.7297 REPUESTOS PARA VW 17220 LED010, COLECTIVO LAN557  FORD 14000 DMI232",G,0,2025-09-23 08:11:27,110,3,000000,,,
2025,4749,GMADA,2025-09-25 00:00:00,,,OPP,3,1110103000,127119.0,Exp.:380/25 Sol. Revisión de Edificio HCD - Prov.:Casa Harisgarat - Presup.:01236;1238;1239,G,0,2025-09-25 08:40:21,110,35,000000,,,
2025,4701,GMADA,2025-09-23 00:00:00,,,000SU,25,1110118000,692600.0,"PROV. CAROLINA NOWE PRESUP.0617  REPUESTOS PARA  FORD 14000 DMI232, IVECO OOI617, FORD 14000 SOG742 IVECO PJY978",G,0,2025-09-23 11:25:51,110,3,000000,,,
2025,4751,GMADA,2025-09-25 00:00:00,,,OPP,3,1110103000,844580.03,Exp.:380/25 Sol. Revisión de Edificio HCD - Prov.:Pintureria Concepto - Presup.:02660,G,0,2025-09-25 09:11:02,110,35,000000,,,
2025,4757,GMADA,2025-09-26 00:00:00,,,00B,25,1110118000,226417.14,PROV.SCORZA PRESUP.20834 REPUESTOS PARA  FORD 14000 BNW472,G,0,2025-09-26 07:36:32,110,3,000000,,,
2025,4916,GMADA,2025-10-13 00:00:00,,,GOB,2,1110102000,6450000.0,Corresponde prevision combustibles del salado- Gobierno,G,0,2025-10-13 07:18:04,110,SECGO,000000,,,
2025,4917,GMADA,2025-10-13 00:00:00,,,HOSP,5,1110104000,4750000.0,"CORRESPONDE PREVISION COMBUSTIBLES DEL SALADO S.A.VEHICULOS HOSPITAL: AA 775 QW, PAA 334, AB 038 OI,",G,0,2025-10-13 07:19:24,110,2,000000,,,
2025,4919,GMADA,2025-10-13 00:00:00,,,COC,5,1110104000,228170.02,ALPA - PRESUPUESTO N° 0002-00003789 (COCINA),G,0,2025-10-13 09:12:55,131,2,000000,,,
2025,4918,GMADA,2025-10-13 00:00:00,,,HOSP,5,1110104000,190000.0,LOPEZ LEONARDO- PRESUPUESTO N° 7/10/2025 (MEDICOS - ENFERMEROS),G,0,2025-10-13 09:03:54,131,2,000000,,,
2025,4921,GMADA,2025-10-13 00:00:00,,,BROM,11,1110104000,3120.0,ALPA- PRESUPUESTO N° 0002-00003775 (BROMATOLOGIA),G,0,2025-10-13 09:23:31,110,13,000000,,,
2025,5161,GMADA,2025-11-04 00:00:00,,,HOSP,5,1110104000,191447.57,FARMACIA GIORGI- PRESUPUESTO S/N° MEDICAMENTOS DISPENSADOS DEDE EL 24/09 AL 1/10/2025,G,0,2025-11-04 12:48:42,131,2,000000,,,
2025,4920,GMADA,2025-10-13 00:00:00,,,NEUROL,5,1110104000,540000.0,ADVANTEK S.R.L - PRESUPUESTO N° 1.008/2025 (NEUROLOGIA INFANTIL),G,0,2025-10-13 09:17:52,131,2,000000,,,
2025,5015,GMADA,2025-10-23 00:00:00,,,VIMUNI,25,1110118000,75000.0,PROV.MEDINA CARLOS  PRESUP.2751 REPARACION  DE MOTOGUADAÑA Y CORTADORA DE PASTO,G,0,2025-10-23 07:20:22,110,21,000000,,,
2025,4943,GMADA,2025-10-15 00:00:00,,,PROD,14,1110108000,28730.0,"PROV. CASA HARISGARAT ""Tatano Harisgarat SRL"". PRESU. N°0001-00001217- SEC. PRODUCCION-",G,0,2025-10-15 09:51:18,110,8,000000,,,
2025,5120,GMADA,2025-10-31 00:00:00,,,FARM,5,1110104000,1665086.0,VELIBO SUPPLIES S.A.S- PRESUPUESTO N 0001-00009265 (FARMACIA),G,0,2025-10-31 08:37:42,131,2,000000,,,
2025,5016,GMADA,2025-10-23 00:00:00,,,DECI,25,1110118000,690400.0,"PROV. LUIS LOMBARDIA PRESUP.0147,115  REPUESTOS Y REPARACIONES PARA MOTOGUADAÑAS Y MOTOSIERRAS",G,0,2025-10-23 08:27:31,110,3,000000,,,
2025,5148,GMADA,2025-11-04 00:00:00,,,HOSP,5,1110104000,750000.0,ALTA MORENA - PRESUPUESTO N° 54 (HOSPITAL Y HOGAR DE ANCIANOS) MENSUAL DESDE EL 1/09 HASTA EL 3/09/25,G,0,2025-11-04 08:43:26,131,2,000000,,,
2025,5125,GMADA,2025-10-31 00:00:00,,,FARM,5,1110104000,252300.0,DROGUERIA EPIONE S.A- PRESUPUESTO N° 30/10/2025 (FARMACIA),G,0,2025-10-31 09:58:30,131,2,000000,,,
2025,5150,GMADA,2025-11-04 00:00:00,,,HOSP,5,1110104000,200000.0,EDUARDO FUMEGA- PRESUPUESTO N° 503 ( UTI- SAMO- C.I.C  Y HOGAR DE ANCIANOS),G,0,2025-11-04 08:54:31,131,2,000000,,,
2025,5165,GMADA,2025-11-04 00:00:00,,,LAB,5,1110104000,1591374.0,UNO ELECTROMEDICINA - PRESUPUESTO N° 00003-00014140 (LABORATORIO DE ANALISIS),G,0,2025-11-04 13:38:31,131,2,000000,,,
2025,5164,GMADA,2025-11-04 00:00:00,,,LAB,5,1110104000,901778.02,RADIOGRAFICAOESTE - PRESUPUESTO N° 100051289 (LABORATORIO DE ANALISIS),G,0,2025-11-04 13:19:26,131,2,000000,,,
2025,5419,GMADA,2025-12-10 00:00:00,,,BROM,11,1110104000,206933.0,AGROV MARZULLO. PRESUPUESTO Nº 0001-00001147.0001-00001148.BROMATOLOGIA Y ZOONOSIS.,G,0,2025-12-10 08:56:34,110,13,000000,,,
2025,5180,GMADA,2025-11-06 00:00:00,,,HOSP,5,1110104000,20400.0,SANTA PAULA. de PENACCA SRL. PRESUPUESTO Nº 0001-00002137.HOGAR DE ANCIANOS.SEMANA DEL 3/11 AL 9/11.,G,0,2025-11-06 11:30:01,131,H.ANC,000000,,,
2025,5166,GMADA,2025-11-04 00:00:00,,,LAB,5,1110104000,129600.0,LABORATORIO BIOQUIMICO MAR DEL PLATA S.A - PRESUPUESTO S/N° PRACTICAS DE LABORATORIO DE ALTA COMPLEJIDAD DESDE EL 1/10/2025 HASTA 31/10/2025,G,0,2025-11-04 13:41:13,131,2,000000,,,
2025,5220,GMADA,2025-11-11 00:00:00,,,HOSP,5,1110104000,393339.43,FARMACIA SOTO - PRESUPUESTO Nº 921  MEDICAMENTOS DISPENSADOS DESDE EL 20/10/2025 HASTA 25/10/2025,G,0,2025-11-11 13:36:40,131,2,000000,,,
2025,5275,GMADA,2025-11-17 00:00:00,,,DEP,13,1110109000,100500.0,PRESUPUESTO N° 8664 - MATAFUEGO RUTA 11 / RECARGA DE MATAFUEGOS TANTO PARA EL POLIDEPORTIVO COMO PARA ESTADIO MUNICIPAL,G,0,2025-11-17 11:42:54,110,9,000000,,,
2025,5277,GMADA,2025-11-17 00:00:00,,,DEP,13,1110109000,160450.0,"PRESUPUESTO N° 5921 - PINTURERIA Y FERRETERIA ""TODO COLOR"" / MATERIALES PARA TRABAJO EN BAÑO Y VESTUARIOS DEL POLIDEPORTIVO MUNICIPAL",G,0,2025-11-17 12:44:10,110,9,000000,,,
2025,5276,GMADA,2025-11-17 00:00:00,,,DEP,13,1110109000,55500.0,PRESUPUESTO N°00100 - CARPINTERIA DE ALUMINIO VIDRERIA SUAREZ / PICAPORTES PARA VESTUARIOS DEL ESTADIO MUNICIPAL,G,0,2025-11-17 11:51:28,110,9,000000,,,
2025,5372,GMADA,2025-12-02 00:00:00,,,HOSP,5,1110104000,476992.13,MAXIMO PINASCO PRESUPUESTO 1000354096  SERVICE 242.500 KM MINIBUS DOMINIO AF591SU,G,0,2025-12-02 08:36:51,131,2,000000,,,
2025,5373,GMADA,2025-12-02 00:00:00,,,HOSP,5,1110104000,106000.0,PRESUPUESTO VEHICULO DOMINIO AF545GL,G,0,2025-12-02 08:35:24,131,2,000000,,,
2025,5416,GMADA,2025-12-10 00:00:00,,,HOSP,5,1110104000,101000.0,PROVEDURIA LA ILUSION. MARINA IRENE PINILLA. PRESUPUESTO. COCINA HOSPITAL.,G,0,2025-12-10 07:54:32,131,2,000000,,,
2025,5440,GMADA,2025-12-15 00:00:00,,,ACCSOC,7,1110106000,7079400.0,"PRESUPUESTO N° X 00000037 de Lo coco Marcelo Alejandro de ""TODO COLOR""",G,0,2025-12-15 12:14:43,132,4,000000,,,
2025,5439,GMADA,2025-12-15 00:00:00,,,CAS,3,1110111000,247784.11,"PRESUPUESTO 6941, ZG ARGENTINA SRL",G,0,2025-12-15 09:50:34,131,6,000000,,,
2026,25,GMADA,2026-01-02 00:00:00,,,CAS,3,1110111000,1500000.0,"Andres Ponsa ,previsión Caser",G,0,2026-01-02 11:31:37,131,6,000000,,,
2025,5447,GMADA,2025-12-17 00:00:00,,,CAS,3,1110111000,11397999.14,"PRESUPUESTO 29001055, TOMAS ELORRIAGA E HIJOS",G,0,2025-12-17 10:39:00,131,6,000000,,,
2025,5441,GMADA,2025-12-15 00:00:00,,,MAYOR,2,1110102000,96000.0,"PRESUPUESTO 3397702, TALLER PROT FAE",G,0,2025-12-15 12:54:38,110,37,000000,,,
2025,5451,GMADA,2025-12-19 00:00:00,,,GOBHAC,2,1110102000,250000.0,"PREVISION MAIOLO SRL, EXPTE. 3704/25",G,0,2025-12-19 10:53:20,110,1,000000,,,
2026,15,GMADA,2026-01-02 00:00:00,,,AREAJ,2,1110102000,6600000.0,Expte 3723.Ernalz Marcelo Dante,G,0,2026-01-02 10:01:09,132,23,000000,,,
2026,24,GMADA,2026-01-02 00:00:00,,,GOBHAC,2,1110102000,5000000.0,"Aadi Capif ACR, previsión",G,0,2026-01-02 11:24:41,110,1,000000,,,
2026,27,GMADA,2026-01-02 00:00:00,,,GOB,2,1110102000,500000.0,"Balletto Urrutia Juan Agustín,previsión",G,0,2026-01-02 11:47:53,110,1,000000,,,
2026,32,GMADA,2026-01-02 00:00:00,,,GOBHAC,2,1110102000,2000000.0,Previsión Correo Andreani,G,0,2026-01-02 12:00:00,110,1,000000,,,
2026,26,GMADA,2026-01-02 00:00:00,,,GOBHAC,2,1110102000,7000000.0,Atreuco  Puel S.A.,G,0,2026-01-02 11:41:04,110,1,000000,,,
2026,40,GMADA,2026-01-02 00:00:00,,,GOBHAC,2,1110102000,7000000.0,Correo Oficial de la República Argentina,G,0,2026-01-02 12:13:06,110,1,000000,,,
2026,30,GMADA,2026-01-02 00:00:00,,,GOBHAC,2,1110102000,7000000.0,Previsión Cambet Jorge,G,0,2026-01-02 11:52:36,110,1,000000,,,
2026,45,GMADA,2026-01-02 00:00:00,,,GOBHAC,2,1110102000,1000000.0,Previsión Lorente Cecilia,G,0,2026-01-02 12:25:36,110,1,000000,,,
2026,36,GMADA,2026-01-02 00:00:00,,,GOBHAC,2,1110102000,4000000.0,Previsión Esperón Juan Manuel,G,0,2026-01-02 12:08:00,110,1,000000,,,
2026,51,GMADA,2026-01-02 00:00:00,,,GOBHAC,2,1110102000,2000000.0,Previsión Nuñez Rosa,G,0,2026-01-02 12:33:52,110,1,000000,,,
2026,41,GMADA,2026-01-02 00:00:00,,,GOBHAC,2,1110102000,1000000.0,Espindola Elba Esther,G,0,2026-01-02 12:18:39,110,1,000000,,,
2026,57,GMADA,2026-01-02 00:00:00,,,INT,1,1110101000,7000000.0,Previsión SAN MARCOS E.S.A.,G,0,2026-01-02 12:45:40,110,1,000000,,,
2026,47,GMADA,2026-01-02 00:00:00,,,INT,1,1110101000,2000000.0,Previsión Moyano Jorge Mario,G,0,2026-01-02 12:30:26,110,1,000000,,,
2026,54,GMADA,2026-01-02 00:00:00,,,GOBHAC,2,1110102000,5000000.0,Previsión Oscar Gustavo,G,0,2026-01-02 12:39:21,110,1,000000,,,
2026,61,GMADA,2026-01-02 00:00:00,,,GOBHAC,2,1110102000,2000000.0,Previsión Maiz Susana,G,0,2026-01-02 12:53:53,110,1,000000,,,
2026,55,GMADA,2026-01-02 00:00:00,,,GOBHAC,2,1110102000,6000000.0,Previsión Sadaic,G,0,2026-01-02 12:42:17,110,1,000000,,,
2026,59,GMADA,2026-01-02 00:00:00,,,INT,1,1110101000,7000000.0,Previsión Management Pzz (La Plata),G,0,2026-01-02 12:50:13,110,1,000000,,,
2026,146,GMADA,2026-01-07 00:00:00,,,HOSP,5,1110104000,119400.0,IMPRENTA EL ARGENTINO. IRMA CRISTINA BONOMI. PRESUPUESTO Nº 548.DIAGNOSTICO POR IMAGENES.,G,0,2026-01-07 08:32:46,131,2,000000,,,
2026,152,GMADA,2026-01-07 00:00:00,,,HOSP,5,1110104000,112000.0,PROVEEDURIA LA ILUSION. PINILLA MARINA IRENE.PRESUPUESTO COCINA HOSPITAL MUNICIPAL.,G,0,2026-01-07 08:42:18,131,2,000000,,,
2026,161,GMADA,2026-01-07 00:00:00,,,HOSP,5,1110104000,2000000.0,MARIANO ARIEL RODRIGUEZ.COMISIONES LA PLATA- BUENOS AIRES. HOSPITAL MUNICIPAL..PREVISION.,G,0,2026-01-12 11:22:38,131,2,000000,,,
2025,4202,GMADA,2025-08-12 00:00:00,,,FARM,5,1110104000,479402.0,DROGUERIA SAPORITI- PRESUPUESTO N° 826214 (LABORATORIO DE FARMACIA),G,0,2025-08-12 11:35:04,131,2,000000,,,
2025,4206,GMADA,2025-08-12 00:00:00,,,HOSP,5,1110104000,599736.81,FARMACIA GIORGI- PRESUPUESTO S/N° MEDICAMENTOS DISPENSADOS DESDE 28/07/2025 AL 4/08/2025,G,0,2025-08-12 11:57:15,131,2,000000,,,
2025,4210,GMADA,2025-08-12 00:00:00,,,HOSP,5,1110104000,107000.0,HISPANOGRAF- PRESUPUESTO N° 1820/1821 (KINESIOLOGIA-TERAPIA OCUPACIONAL),G,0,2025-08-12 13:21:07,131,2,000000,,,
2025,4205,GMADA,2025-08-12 00:00:00,,,LAB,5,1110104000,2064372.13,UNO ELECTROMEDICINA- PRESUPUESTO N° 00003-00013380 (LABORATORIO),G,0,2025-08-12 11:50:19,131,2,000000,,,
2025,4212,GMADA,2025-08-12 00:00:00,,,BROM,11,1110104000,84000.0,Copia de 2025/4211 PROVEEDURIA CAMPO Y CIUDAD- PRESUPUESTO N° 15262 (BROMATOLOGIA),N,0,2025-08-12 13:27:02,110,13,000000,,,
2025,4209,GMADA,2025-08-12 00:00:00,,,HOSP,5,1110104000,820700.0,ALTA MORENA- PRESUPUESTO N° 48 (HOSPITAL Y HOGAR DE ANCIANOS),G,0,2025-08-12 13:08:45,131,2,000000,,,
2025,4214,GMADA,2025-08-12 00:00:00,,,HOSP,5,1110104000,94000.0,HUGO CESAR CORBELLINI- PRESUPUESTO N° 1019 MOVIL 9 DOMINIO: AB039OI,G,0,2025-08-12 13:36:25,131,2,000000,,,
2025,4211,GMADA,2025-08-12 00:00:00,,,BROM,11,1110104000,84000.0,PROVEEDURIA CAMPO Y CIUDAD- PRESUPUESTO N° 15262 (BROMATOLOGIA),G,0,2025-08-12 13:25:43,110,13,000000,,,
2025,4278,GMADA,2025-08-19 00:00:00,,,DECI,25,1110118000,369156.0,PROV. SILVIA MAISTEGUI PRESUP.5547  ARTICULOS DE FERRETERIA PARA ARREGLOS EN ESPACIOS PUBLICOS,G,0,2025-08-19 07:42:12,110,DEFCI,000000,,,
2025,4213,GMADA,2025-08-12 00:00:00,,,CICQ,5,1110104000,5600.0,PROVEEDURIA CAMPO Y CIUDAD- PRESUPUESTO N° 15253  (CIC QUINTANILLA),G,0,2025-08-12 13:31:14,131,2,000000,,,
2025,4313,GMADA,2025-08-21 00:00:00,,,000SU,25,1110118000,1331104.64,"PROV. MERCEDES LA PLATA SRL.181160 REPUESTOS PARA FORD 14000 DMI232, FORD 14000 ASZ490 IVECO OII617",G,0,2025-08-21 08:56:19,110,3,000000,,,
2025,4215,GMADA,2025-08-12 00:00:00,,,HOSP,5,1110104000,213076.0,CASA HARISGARAT- PRESUPUESTO N° 1171/1193/1212  (LAVADERO- ENFERMERIA-INTERNACION- VACUNATORIO-CASA DE LOS MEDICOS),G,0,2025-08-13 08:42:01,131,2,000000,,,
2025,4280,GMADA,2025-08-19 00:00:00,,,DECI,25,1110118000,657629.0,PROV.SILVIA MAISTEGUI PRESP.5535 PINTURA PARA CALLE 33 Y CALLE 20 DE JUNIO,G,0,2025-08-20 08:22:09,110,DEFCI,000000,,,
2025,4292,GMADA,2025-08-19 00:00:00,,,000SU,25,1110118000,141000.0,"PROV. AGUSTIN PASO PRESP.3810,3831,3802,3804,3803,3807,3811,3819,3820,3824 PARCHES PARA FORD F100 SGN651 , IVECO AB59722CW 17220 LED010,FORD 14000 DMI232,IVECO AB597ZF,AB597ZF",G,0,2025-08-19 11:53:19,110,3,000000,,,
2025,4310,GMADA,2025-08-20 00:00:00,,,FARM,5,1110104000,1023322.48,PILOÑA- PRESUPUESTO N° 19/08/2025,G,0,2025-08-20 12:42:59,131,2,000000,,,
2025,4388,GMADA,2025-08-28 00:00:00,,,HOSP,5,1110104000,6000.0,FAE- PRESUPUESTO N° 4921535 (OFFICE DE MUCAMAS),G,0,2025-08-28 09:05:21,131,2,000000,,,
2025,4374,GMADA,2025-08-27 00:00:00,,,000SU,25,1110118000,118252.19,PROV.DE LAS MISIONES PRESUP.2191 MADERA PARA ARMADO DE BANCOS EN ESPACIOS PUBLICOS,G,0,2025-08-27 08:16:02,110,3,000000,,,
2025,4386,GMADA,2025-08-28 00:00:00,,,HOSP,5,1110104000,497683.5,INSUMOS GENERALES SRL- PRESUPUESTO N° 25/08/2025,G,0,2025-08-28 08:40:08,131,2,000000,,,
2025,4385,GMADA,2025-08-28 00:00:00,,,COC,5,1110104000,574810.0,TODO POLLO- PRESUPUESTO N° 25/27  (COCINA ),G,0,2025-08-28 08:00:09,131,2,000000,,,
2025,4390,GMADA,2025-08-28 00:00:00,,,LAB,5,1110104000,345451.43,RADIOGRAFICAOESTE- PRESUPUESTO N° 100050441 (LABORATORIO),G,0,2025-08-28 09:16:20,131,2,000000,,,
2025,4387,GMADA,2025-08-28 00:00:00,,,HOSP,5,1110104000,848016.45,PINAMAR HIGIENE INSTITUCIONAL SRL- PRESUPUESTO N° 0016-00001944/1945/1947/1948/1949 (QUIROFANO- HOGAR- COCINA),G,0,2025-08-28 08:57:11,131,2,000000,,,
2025,4389,GMADA,2025-08-28 00:00:00,,,HOSP,5,1110104000,179000.0,EL ARGENTINO- PRESUPUESTO N° 534/535 (ENFERMERIA),G,0,2025-08-28 09:08:42,131,2,000000,,,
2025,4538,GMADA,2025-09-09 00:00:00,,,000SU,25,1110118000,1106913.0,"PROV.CAROLINA NOWE PRESUP.0607,0609,0606 REPUESTOS PARA MOTONIVELADORA NEW HOLLAND CII59 ,COLECTIVOS LAN557, JZH226 VW 17220 LED010 IVICO PJY978",G,0,2025-09-09 09:46:35,110,3,000000,,,
2025,4551,GMADA,2025-09-10 00:00:00,,,DECI,25,1110118000,770000.0,"PROV. PABLO PEREZ PRESUP.0062 REPARACION DE FORD 14000 SOG742, MERCEDES SPRINT DKT498",G,0,2025-09-10 07:28:36,110,3,000000,,,
2026,402,GMADA,2026-01-20 00:00:00,,,HOSP,5,1110104000,2183354.9,"RENOVACION POLIZA, PCIA SEGUROS(33), POLIZA 172779",G,0,2026-01-20 08:28:47,131,2,000000,,,
2026,401,GMADA,2026-01-20 00:00:00,,,DEP,13,1110109000,500000.0,"RENOVACION POLIZA AP PATIN, IAM(1809),POLIZA 19691",G,0,2026-01-20 07:27:17,110,9,000000,,,
2026,457,GMADA,2026-01-24 00:00:00,,,HOSP,5,1110104000,4734220.0,QUALIMED S.A-PRESUPUESTO N° 90 (RAYOS- ENFERMERIA),N,0,2026-01-24 09:12:44,131,2,000000,,,
2026,411,GMADA,2026-01-20 00:00:00,,,CULTUR,6,1110105000,100000.0,"PRESUPUESTO 377, CATALDO ADOLFO E HIJO",G,0,2026-01-20 11:55:28,110,5,000000,,,
2026,406,GMADA,2026-01-20 00:00:00,,,CAS,3,1110111000,574434.0,"PRESUPUESTO 600, SORAGNI SILVIA ALEJANDRA",G,0,2026-01-20 09:12:15,131,6,000000,,,
2026,455,GMADA,2026-01-24 00:00:00,,,COC,5,1110104000,129200.0,FAE- PRESUPUESTO N° 4921548 (COCINA),G,0,2026-01-24 08:43:27,131,2,000000,,,
2026,459,GMADA,2026-01-24 00:00:00,,,HOGANC,5,1110104000,535500.0, TODO POLLO-  PRESUPUESTO N° 70 (HOGAR DE ANCIANOS ) DESDE EL 21/01/26 AL 28/01/26,G,0,2026-01-24 09:22:54,131,2,000000,,,
2026,456,GMADA,2026-01-24 00:00:00,,,OENF,5,1110104000,185000.0,OPAZO DANIEL- PRESUPUESTO N° 20/01/2026 (OFICCE DE ENFERMERIA),G,0,2026-01-24 08:57:03,131,2,000000,,,
2026,461,GMADA,2026-01-24 00:00:00,,,COC,5,1110104000,33000.0,SANTA PAULA- PRESUPUESTO N° 0001-00002169 (COCINA) DESDE EL 19/01/26 AL 26/01/26,G,0,2026-01-24 09:32:44,131,2,000000,,,
2026,458,GMADA,2026-01-24 00:00:00,,,COC,5,1110104000,844720.0,TODO POLLO-  PRESUPUESTO N° 69 (COCINA) DESDE EL14/01/26 AL 21/01/26,G,0,2026-01-24 09:17:34,131,2,000000,,,
2026,464,GMADA,2026-01-24 00:00:00,,,HOSP,5,1110104000,1959414.66,PINAMAR HIGIENE INSTITUCIONAL- PRESUPUESTO N° 0016-00002316/2317/2318/2319/2320 (LAVADERO-COCINA- OFICCE MUCAMAS),G,0,2026-01-30 12:39:52,131,2,000000,,,
2026,460,GMADA,2026-01-24 00:00:00,,,HOSP,5,1110104000,200000.0,LOPEZ LEONARDO- PRESUPUESTO N°  20/01/26 (LABORATORIO- FARMACIA),G,0,2026-01-24 09:26:25,131,2,000000,,,
2026,466,GMADA,2026-01-24 00:00:00,,,INTER,5,1110104000,74500.0,ELECTRICIDAD EL GALLEGO- PRESUPUESTO N° 0001-00054672( INTERNACION),G,0,2026-01-24 10:15:17,131,2,000000,,,
2026,463,GMADA,2026-01-24 00:00:00,,,HOSP,5,1110104000,1859414.66,Copia de 2026/428 PINAMAR HIGIENE INSTITUCIONAL- PRESPUESTO N° 0016-00002299/2300/2301 (LAVADERO-COCINA),N,0,2026-01-24 09:50:07,131,2,000000,,,
2026,465,GMADA,2026-01-24 00:00:00,,,HOSP,5,1110104000,125000.0,REFRIGERACON ADIS- PRESUPUESTO N° 118,G,0,2026-01-24 10:05:38,131,2,000000,,,
2026,828,GMADA,2026-02-25 00:00:00,,,TERINT,5,1110104000,35900.0,ELECTRICIDAD EL GALLEGO- PRESUPUESTO N° 54899/54810,G,0,2026-02-25 10:43:04,131,2,000000,,,
2026,546,GMADA,2026-02-02 00:00:00,,,PROD,14,1110108000,24550.0,"PROV. ARRIOLA MARIA TERESA - MERCERIA ""EL DEDAL""- SEC PRODUCCION- TALLER TEXTIL",G,0,2026-02-02 10:38:52,110,8,000000,,,
2026,823,GMADA,2026-02-25 00:00:00,,,HOSP,5,1110104000,78549.86,ALPA- PRESUPUESTO N° 0002-00003880/3881 (DIRECCION- LABORATORIO),G,0,2026-02-25 10:15:04,131,2,000000,,,
2026,938,GMADA,2026-03-05 00:00:00,,,ACCSOC,7,1110106000,32500.0,"PRESUPUESTO de ""FERNANDO, MARTIN"" Para computadora de la oficina de género",G,0,2026-03-05 11:23:05,110,4,000000,,,
2026,826,GMADA,2026-02-25 00:00:00,,,HOSP,5,1110104000,151950.0,SERVIMED- PRESUPUESTO N° 7269/26 R,G,0,2026-02-25 10:31:44,131,2,000000,,,
2026,830,GMADA,2026-02-25 00:00:00,,,BROM,11,1110104000,282740.0,AGROVETERINARIA MARZULLO- PRESUPUESTO N° 0001-00001172/1173,G,0,2026-02-25 11:41:54,110,13,000000,,,
2026,829,GMADA,2026-02-25 00:00:00,,,HOSP,5,1110104000,94000.0,MARZULLO COMPUTACION- PRESUPUESTO N° 001-00001296 (ENFERMERIA),G,0,2026-02-25 10:53:50,131,2,000000,,,
2026,831,GMADA,2026-02-25 00:00:00,,,FARM,5,1110104000,38425000.0,CONCURSO DE PRECIOS 2026-  SOLUCIONES PARA LA FARMACIA DEL HOSPITAL,G,0,2026-02-25 12:02:20,131,2,000000,,,
2026,833,GMADA,2026-02-25 00:00:00,,,FARM,5,1110104000,5073395.0,QUALIMED- PRESUPUESTO N° 91,G,0,2026-02-25 12:33:03,131,2,000000,,,
2026,940,GMADA,2026-03-05 00:00:00,,,GRAN,7,1110106000,57112.0,"PRESUPUESTO N° 0003-00003620 de ""PINTURERIA CONCEPTO S. CAP 1"" Para pintar mástil en la granja de contención",G,0,2026-03-05 11:42:58,110,GRAN,000000,,,
2026,939,GMADA,2026-03-05 00:00:00,,,ACCSOC,7,1110106000,53970.66,"PRESUPUESTOS N° 00030270/30304 de Sucesión de D annunzio Jorge Neldo de ""ELECTRO D ANNUNZIO"" Para la oficina de Desarrollo Social (afuera)",G,0,2026-03-05 11:31:52,110,4,000000,,,
2026,942,GMADA,2026-03-05 00:00:00,,,ENV,7,1110106000,64800.0,"PRESUPUESTO N° X 6939051 de Garcia, Gladys de ""PANADERIA ALEM""",G,0,2026-03-05 12:10:22,132,JARDM,000000,,,
2026,970,GMADA,2026-03-07 00:00:00,,,HOSP,5,1110104000,654621.78,FARMACIA TONANI- PRESUPUESTO S/N° MEDICAMENTOS DISPENSADOS DESDE EL 3/12/25 AL 21/02/26,G,0,2026-03-07 09:35:26,131,2,000000,,,
2026,941,GMADA,2026-03-05 00:00:00,,,JARD,7,1110106000,249550.0,"PRESUPUESTO de Labatut, Marcelo de ""LA FRUTERIA"" Febrero 2026",G,0,2026-03-05 11:51:06,132,JARDM,000000,,,
2026,944,GMADA,2026-03-05 00:00:00,,,ACCSOC,7,1110106000,132000.0,"PRESUPUESTO N° X 6939054 de Garcia Gladys de ""PANADERIA ALEM"" Esfuerzo Solidario 2026",G,0,2026-03-05 12:13:06,132,4,000000,,,
2026,1010,GMADA,2026-03-11 00:00:00,,,ACCSOC,7,1110106000,990000.0,"PRESUPUESTO N° X 7390248 de Peyrano, Sergio de ""ATMOSFERICO LA PRIMERA""",G,0,2026-03-11 09:50:35,132,4,000000,,,
2025,4552,GMADA,2025-09-10 00:00:00,,,000SU,25,1110118000,2418716.0,PROV.CHAYE SRL PRESUP.0059 REPUSTOS PARA PALA JONH DEERE BGZ45,N,0,2025-12-16 11:44:10,110,3,000000,,,
2025,4698,GMADA,2025-09-23 00:00:00,,,SECSEG,20,1110113000,81093.6,"Electro Dannunzio, presupuesto 29090 (COM)",G,0,2025-09-23 10:30:55,110,25,000000,,,
2025,4557,GMADA,2025-09-10 00:00:00,,,000SU,25,1110118000,2009000.0,"PROV. BAIGORRIA LORENDO PRESP.10/09/2025 PARCHES Y REPARACIONE DE NEUMATICOS, VEHICULOS PATENTES: SVN719,ASZ490,XNE244,DMI232,CII59,CII59,IWV614,AF947IJ CUBIERTA JONH DEERE BNA 17",G,0,2025-09-10 09:22:52,110,3,000000,,,
2025,4697,GMADA,2025-09-23 00:00:00,,,SECSEG,20,1110113000,100000.0,"Marzullo Computacion, presupuesto 1290 (COM)",G,0,2025-09-23 10:23:00,110,25,000000,,,
2025,4834,GMADA,2025-10-03 00:00:00,,,FARM,5,1110104000,1118419.56,ALAIS PHARMA S.A- PRESUPUESTO N° 0001-00017689 (FARMACIA),G,0,2025-10-03 08:42:42,131,2,000000,,,
2025,4722,GMADA,2025-09-24 00:00:00,,,FARM,5,1110104000,659549.48,PILOÑA- PRESUPUESTO N° 23/09/2025 (FARMACIA),G,0,2025-09-24 08:19:43,131,2,000000,,,
2025,4832,GMADA,2025-10-03 00:00:00,,,FARM,5,1110104000,1583880.0,SORRENTINO S.A- PRESUPUESTO N° 45619 (FARMACIA),G,0,2025-10-03 08:16:48,131,2,000000,,,
2025,4723,GMADA,2025-09-24 00:00:00,,,FARM,5,1110104000,1317714.89,INSUMOS GENERALES 3 F- PRESUPUESTO N° 15/09/2025 (FARMACIA),G,0,2025-09-24 10:15:04,131,2,000000,,,
2025,4952,GMADA,2025-10-16 00:00:00,,,COC,5,1110104000,85200.0,SANTA PAULA- PRESUPUESTO N° 0001-00002132 (COCINA).PERIODO COMPRENDIDO DESDE EL DIA 08/10/25 AL 14/10/25.,G,0,2025-10-20 08:22:41,131,2,000000,,,
2025,4951,GMADA,2025-10-16 00:00:00,,,QUI,5,1110104000,2230379.25,MAX CONTINENTAL- PRESUPUESTO N° 0001-00155679 (QUIROFANO),G,0,2025-10-16 08:35:29,131,2,000000,,,
2025,4835,GMADA,2025-10-03 00:00:00,,,LAB,5,1110104000,40320.0,LABORATORIO BIOQUIMICO MAR DEL PLATA S.A - PRESUPUESTO S/N° PRACTICAS DE LABORATORIO DE ALTA COMPLEJIDAD MES DE SEPTIEMBRE/2025,G,0,2025-10-03 08:47:47,131,2,000000,,,
2025,4972,GMADA,2025-10-17 00:00:00,,,BROM,11,1110104000,8755.06,ALPA - PRESUPUESTO N°  0002-00003778 (BROMATOLOGIA),G,0,2025-10-17 11:51:27,110,13,000000,,,
2025,4966,GMADA,2025-10-17 00:00:00,,,HOSP,5,1110104000,455630.44,FARMACIA TONANI- PRESUPUESTO S/Nº MEDICAMENTOS DISPENSADOS DESDE EL 29/09/2025 al 13/10/2025,G,0,2025-10-17 08:46:27,131,2,000000,,,
2025,4956,GMADA,2025-10-16 00:00:00,,,FARM,5,1110104000,4184877.5,DROGUERIA ALBERDI- PESUPUESTO S/N° 13/10/2025 ( FARMACIA),G,0,2025-10-16 12:25:38,131,2,000000,,,
2025,4969,GMADA,2025-10-17 00:00:00,,,FARM,5,1110104000,664752.82,INSUMOS GENERALES 3F- PRESUPUESTO N° 9/10/2025 (FARMACIA),G,0,2025-10-17 10:42:35,131,2,000000,,,
2025,4974,GMADA,2025-10-17 00:00:00,,,LAB,5,1110104000,100107.96,UNO ELECROMEDICINA- PRESUPUESTO N° 00003-00013982 (LABORATORIO DE ANALISIS),G,0,2025-10-17 12:12:45,131,2,000000,,,
2025,4978,GMADA,2025-10-17 00:00:00,,,FARM,5,1110104000,105850.8,INSUMOS GENERALES 3 F- PRESUPUESTO S/N° 13/10/2025 (FARMACIA),G,0,2025-10-17 13:30:30,131,2,000000,,,
2025,4973,GMADA,2025-10-17 00:00:00,,,HOSP,5,1110104000,163596.04,PINAMAR HIGIENE INSTITUCIONAL SRL- PRESUPUESTO N° 0016-00002057 (OFICCE DE MUCAMAS),G,0,2025-10-17 12:08:44,131,2,000000,,,
2025,4977,GMADA,2025-10-17 00:00:00,,,QUI,5,1110104000,109760.0,SERVIMED- PRESUPUESTO N° 8665/25 R (QUIROFANO),G,0,2025-10-17 13:27:00,131,2,000000,,,
2025,4975,GMADA,2025-10-17 00:00:00,,,HOGANC,5,1110104000,52800.0,SANTA PAULA- PRESUPUESTO N ° 0001-00002129 (HOGAR DE ANCIANOS) PASTAS PARA LA SEMANA DEL 13/10 AL 20/10/25,G,0,2025-10-17 12:29:42,131,2,000000,,,
2025,5083,GMADA,2025-10-29 00:00:00,,,FARM,5,1110104000,2648045.0,QUALIMED S.A- PRESUPUESTO N° 79 (FARMACIA- QUIROFANO),G,0,2025-10-29 08:55:10,131,2,000000,,,
2025,5009,GMADA,2025-10-22 00:00:00,,,CAS,3,1110111000,8754000.0,"PRESUPUESTO, CASA ELICEYRI,24/10/2025",G,0,2025-10-22 08:08:16,131,6,000000,,,
2025,5011,GMADA,2025-10-22 00:00:00,,,VIG,20,1110113000,210000.0,ENDOSO DE POLIZA N° 10718651,G,0,2025-10-22 11:00:23,110,25,000000,,,
2025,5049,GMADA,2025-10-27 00:00:00,,,000SU,25,1110118000,1038450.0,PROV. PROTO SRL PRESUP.2557 CUCHILLAS PÁRA MOTONIVELADORA  CII59 Y VOLVO F710,G,0,2025-10-27 07:52:07,110,3,000000,,,
2025,5076,GMADA,2025-10-29 00:00:00,,,FARM,5,1110104000,876498.89,PILOÑA- PRESUPUESTO N° 21/10/2025 (FARMACIA),G,0,2025-10-29 07:44:20,131,2,000000,,,
2025,5149,GMADA,2025-11-04 00:00:00,,,BROM,11,1110104000,83300.0,AGROVETERINARIA MARZULLO. BROMATOLOGIA. PRESUPUESTO Nº 0001-00001126.,G,0,2025-11-04 08:50:52,110,13,000000,,,
2025,5102,GMADA,2025-10-29 00:00:00,,,HOSP,5,1110104000,1489621.94,MUNDIAL 2022- PRESUPUESTO S/N°  MEDICAMENTOS DISPENSADOS DESDE EL 26/09/2025 al 23/10/2025,G,0,2025-10-29 13:15:36,131,2,000000,,,
2025,5086,GMADA,2025-10-29 00:00:00,,,FARM,5,1110104000,1713315.8,DROGUERIA PERDOMINICI- PRESUPUESTO N° 13/10/2025 (FARMACIA),G,0,2025-10-29 10:34:40,131,2,000000,,,
2025,5146,GMADA,2025-11-04 00:00:00,,,HOSP,5,1110104000,69300.0,PROVEEDURIA CAMPO Y CIUDAD. RAUL A IRIARTE.HOSPITAL. PRESUPUESTO Nº 15275.,G,0,2025-11-04 08:04:22,131,2,000000,,,
2025,5157,GMADA,2025-11-04 00:00:00,,,HOSP,11,1110104000,563900.0,AGROVETERINARIA MARZULLO. PRESUPUESTO Nº 0001-00001127.BROMATOLOGIA.,G,0,2025-11-04 11:55:14,110,2,000000,,,
2025,5147,GMADA,2025-11-04 00:00:00,,,HOSP,5,1110104000,111400.0,"PROVEEDURIA CAMPO Y CIUDAD. RAUL A IRIARTE. PRESUPUESTO Nº 15285.ALCANCIA HOSPÍTAL, CAPS B SAN MARTIN Y MANTENIMIENTO.",G,0,2025-11-04 08:28:09,131,2,000000,,,
2025,5319,GMADA,2025-11-25 00:00:00,,,HOGANC,5,1110104000,67918.0,JAVIER DURANTE. DISTRIBUIDORA DEL SUDESTE. PRESUPUESTO Nº 794.HOGAR DE ANCIANOS.,G,0,2025-11-25 08:17:47,131,H.ANC,000000,,,
2025,5152,GMADA,2025-11-04 00:00:00,,,HOSP,5,1110104000,465855.22,PAPELERA ALPA. MATIENZO PAOLA AMELIA. PRESUPUESTO Nº 0003802.HOSPITAL.,G,0,2025-11-04 10:05:44,131,2,000000,,,
2025,5318,GMADA,2025-11-25 00:00:00,,,HOSP,5,1110104000,201400.0,BATERIAS LA PRIMERA.DELFOR RAMOS SUC. PRESUPUESTO Nº 6909.VEHICULO MINIBUS FORD DOMINIO AF 591 SU.,G,0,2025-11-25 08:01:18,131,2,000000,,,
2025,5163,GMADA,2025-11-04 00:00:00,,,HOSP,5,1110104000,2233581.0,JAVIER DURANTRE. DISTRIBUIDORA DE ALIMENTOS.MES DE NOVIEMBRE. COCINA HOSPITAL.PRESUPUESTO Nº 0001-00000782.MES DE NOVIEMBRE.,G,0,2025-11-05 07:21:02,131,2,000000,,,
2025,5460,GMADA,2025-12-29 00:00:00,,,DEP,13,1110109000,4100000.0,Corresponde prevision Combustibles del Salado -,G,0,2025-12-29 10:19:01,110,9,000000,,,
2025,5332,GMADA,2025-11-26 00:00:00,,,HOSP,5,1110104000,219300.0,"CARPINTERIA DE ALUMINIO.VIDRIERIA SUAREZ. JUAN MANUEL SUAREZ.PRESUPUESTOS .OFICINA ARCHIVO, CIC B QUINTANILLA, MATERNIDAD.",G,0,2025-11-26 10:09:29,131,2,000000,,,
2025,5321,GMADA,2025-11-25 00:00:00,,,HOSP,5,1110104000,4030000.0,"CORRESPONDE PREVISION COMBUSTIBLES DEL SALADO S.A. VEHICULOS HOSPITAL: AA 775 QW, PAA 3234, AB 038 OI, AG 180 HE, AF 591 SU, AG 545 GL, AC 548 KJ.",G,0,2025-11-25 09:39:12,131,2,000000,,,
2025,5391,GMADA,2025-12-04 00:00:00,,,CONTRA,19,1110112000,287000.0,Corresponde presupuesto N° 000999 - Terranova Quimica,G,0,2025-12-04 07:43:18,110,CONTR,000000,,,
2025,5347,GMADA,2025-11-28 00:00:00,,,INTER,5,1110104000,3920400.0,EXPEDIENTE 3492/2025 CONTRATO ALQUILER EQUIPOS ALTO FLUJO DEL 1 DE JULIO AL 31 DICIEMBRE 2025,G,0,2025-11-28 07:34:18,131,2,000000,,,
2025,5396,GMADA,2025-12-04 00:00:00,,,AREAJ,2,1110102000,36500.0,Corresponde presupuesto N° 1846 AVELLANEDA 7163 S.R.L,G,0,2025-12-04 10:20:43,132,23,000000,,,
2025,5393,GMADA,2025-12-04 00:00:00,,,CONTRA,19,1110112000,809904.0, Corresponde presupuesto N° 00000061- CORREA MARTIN,G,0,2025-12-04 07:47:11,110,CONTR,000000,,,
2025,5445,GMADA,2025-12-16 00:00:00,,,SECSEG,20,1110113000,595000.0,"L.R.B electricidad del automotor, presupuestos 1168-1165-1164-1162-1161",G,0,2025-12-19 07:28:21,110,25,000000,,,
2025,5458,GMADA,2025-12-29 00:00:00,,,GOB,2,1110102000,6450000.0,Corresponde prevision combustibles del salado- Gobierno,G,0,2025-12-29 10:07:29,110,SECGO,000000,,,
2026,433,GMADA,2026-01-22 00:00:00,,,SECSEG,20,1110113000,77084.0,"Electro Dannunzio, presupuesto 30007 (COM)",G,0,2026-01-22 08:26:08,110,25,000000,,,
2026,586,GMADA,2026-02-05 00:00:00,,,PROD,14,1110108000,70000.0,PROV. FUMEGA EDUARDO- PRESUP. N°5201 - SEC PRODUCCION- SALA DE ELABORACION,G,0,2026-02-05 12:08:22,110,8,000000,,,
2026,704,GMADA,2026-02-12 00:00:00,,,CULTUR,6,1110105000,140000.0,CARLOS ARGENTINO LOMBERA PROVEEDOR N° 360,G,0,2026-02-13 08:22:50,110,5,000000,,,
2025,3232,GMADA,2025-06-10 00:00:00,,,CULTUR,1,1110105000,120000.0,LUIS MONERRAT   ENCUENTRO DE PAYADORES  EXPTE. 1811/25,G,0,2025-06-10 09:02:46,110,5,000000,,,
2025,3083,GMADA,2025-05-30 00:00:00,,,PROD,14,1110108000,106492.02," PROV. PAPELERA ALPA ""Matienzo Paola"". PRESU. N°3647/N°3637- SEC. PRODUCCION-",G,0,2025-05-30 09:45:55,110,8,000000,,,
2025,3209,GMADA,2025-06-09 00:00:00,,,QUI,5,1110104000,265450.0,MAX CONTINENTAL- PRESUPUESTO N° 0001-00151181 QUIROFANO,G,0,2025-06-09 13:43:20,131,2,000000,,,
2025,3311,GMADA,2025-06-13 00:00:00,,,ACCSOC,7,1110106000,444676.88,"PRESUPUESTO N° 11-67774 de Calabro Jorge Guillermo de ""Centro Hierro"" Caños para carteles de estacionamientos de Discapacidad en varios lugares",G,0,2025-06-13 12:33:32,110,4,000000,,,
2025,3310,GMADA,2025-06-13 00:00:00,,,JARD,7,1110106000,25400.0,"PRESUPUESTOS N° 000926/930/931 de Lucas Hernán Terranova de ""Terranovaquímica"" Para la Casita de Chocolate",G,0,2025-06-13 12:24:13,132,JARDM,000000,,,
2025,4333,GMADA,2025-08-22 00:00:00,,,DEP,13,1110109000,72755.0,"PRESUPUESTO N°5536 - PINTURERIA - FERRETERIA ""TODO COLOR"" / MATERIALES PARA TRABAJOS EN EL POLIDEPORTIVO Y ESTRADIO MUNICIPAL",G,0,2025-08-22 10:46:59,110,9,000000,,,
2025,3312,GMADA,2025-06-13 00:00:00,,,GRAN,7,1110106000,26310.0,"PRESUPUESTO N° 000927 de Lucas Hernán Terranova de ""Terranvaquíca"" Para la granja de contención",G,0,2025-06-13 12:37:30,110,GRAN,000000,,,
2025,3605,GMADA,2025-07-02 00:00:00,,,PROD,14,1110108000,101640.0,  PROV. HISPANOGRAF- Piedra Hugo . PRESU. 02/07/2025- SEC. PRODUCCION- TALLER TEXTIL,G,0,2025-07-02 09:45:03,110,8,000000,,,
2025,3879,GMADA,2025-07-21 00:00:00,,,000SU,25,1110118000,10784000.0,PROV. CASA ELICEIRY GAS OIL PARA  VAHICULSO Y MAQUINAS DE ESTA SECRETARIA,G,0,2025-07-21 11:04:32,132,3,000000,,,
2025,4220,GMADA,2025-08-13 00:00:00,,,PROD,14,1110108000,400000.0,PROV. MARC ALICIA BEATRIZ . PRESU. 26/08/2025- SEC. PRODUCCION- SALA DE ELABORACION,G,0,2025-08-26 09:11:19,110,8,000000,,,
2025,4329,GMADA,2025-08-22 00:00:00,,,DEP,13,1110109000,15818.52,PRESUPUESTO N° 8745 - INDIGO PINTURERIA / MATERIALES PARA TRABAJOS EN EL POLIDEPORTIVO MUNICIPAL,G,0,2025-08-22 10:17:22,110,9,000000,,,
2025,4335,GMADA,2025-08-22 00:00:00,,,DEP,13,1110109000,120000.0,PRESUPUESTO SIN N° - MARC ALICIA BEATRIZ / VIANDAS PARA EVENTO DE PATIN EN EL POLIDEPORTIVO MUNICIPAL,G,0,2025-08-22 10:55:01,110,9,000000,,,
2025,4331,GMADA,2025-08-22 00:00:00,,,DEP,13,1110109000,12000.0,PRESUPUESTO N°3834 - NEUMATICOS PASO,G,0,2025-08-22 10:31:17,110,9,000000,,,
2025,4409,GMADA,2025-08-29 00:00:00,,,DEP,13,1110109000,24080.02,PRESUPUESTO N°3751 - ALPA MADARIAGA,G,0,2025-08-29 12:05:37,110,9,000000,,,
2025,4334,GMADA,2025-08-22 00:00:00,,,DEP,13,1110109000,150000.0,PRESUPUESTO SIN N° - BLACK SOUND / SONIDO PARA ENCUENTRO DE PATIN EN EL POLIDEPORTIVO MUNICIPAL,G,0,2025-08-22 10:51:32,110,9,000000,,,
2025,4382,GMADA,2025-08-27 00:00:00,,,LAV,5,1110104000,343205.34,"PINAMAR HIGIENE INSTITUCIONAL S.R.L , N° PRESUPUESTO 0016-00001933, LAVADERO",G,0,2025-08-27 13:32:39,131,2,000000,,,
2025,4550,GMADA,2025-09-09 00:00:00,,,CAS,3,1110111000,69300.0,"PRESUPUESTO 605, CAROLINA NOWE",G,0,2025-09-09 12:45:46,131,6,000000,,,
2025,4408,GMADA,2025-08-29 00:00:00,,,PROD,14,1110108000,24676.52," PROV. PAPELERA ALPA ""Matienzo Paola"". PRESU. N°3738/N°3752/N°3757- SEC. PRODUCCION-",G,0,2025-08-29 11:32:18,110,8,000000,,,
2025,4477,GMADA,2025-09-04 00:00:00,,,ACCSOC,7,1110106000,244980.0,"Presupuesto N° 00005545-Pintureria-Ferretería ""TODO COLOR"" Para: borcegos personal de la cuadrilla, herramientas varias para uso de la cuadrilla y  para la realizacion de cartelería  señalética para Accesibilidad",G,0,2025-09-05 11:51:47,110,4,000000,,,
2025,4548,GMADA,2025-09-09 00:00:00,,,CAS,3,1110111000,152000.0,"PRESUPUESTO 85, ISIDRO-SANTOS",G,0,2025-09-09 12:39:12,131,6,000000,,,
2025,4609,GMADA,2025-09-15 00:00:00,,,000SU,25,1110118000,750000.0,PROV.ROCIO MORALES PRESP.15/9/25 REPARACION DE CAMION IVECO PJY978,G,0,2025-09-15 08:15:55,110,3,000000,,,
2025,4607,GMADA,2025-09-15 00:00:00,,,000SU,25,1110118000,4993000.0,PROV. ATREUCO PUEL COMBUSTIBLE  PARA MAQUINAS Y VEHICULOS DE ESTA SECRETARIA,G,0,2025-09-24 10:40:16,131,3,000000,,,
2025,4608,GMADA,2025-09-15 00:00:00,,,BARU,25,1110118000,3132000.0,PROV. FGC FUELS MARKET GAS OIL  PARA MAQUINAS PREDIOS DE DESPOSICION FINAL  RESIDUOS  RUTA 11 KM 405.5,G,0,2025-09-25 10:02:17,131,,000000,,,
2025,4673,GMADA,2025-09-22 00:00:00,,,CULTUR,1,1110105000,1320000.0,SOCIEDAD ESPAÑOLA DE SOCORROS MUTUOS  ALQUILER SEDE SECRETARIA DE CULTURA  EXPTE 94/25,G,0,2025-09-22 08:43:05,110,5,000000,,,
2025,4767,GMADA,2025-09-29 00:00:00,,,PROD,14,1110108000,13900.0,PROV. HISPANOGRAF- Piedra Hugo . PRESU. N°1839- SEC. PRODUCCION-,G,0,2025-09-29 08:32:38,110,8,000000,,,
2025,4994,GMADA,2025-10-21 00:00:00,,,HOSP,5,1110104000,4125336.0,EXPTE Nº 3507/2024. CONTRATO EMPRESA BIONUCLEAR( TOMOGRAFO).,G,0,2025-10-22 11:18:30,131,2,000000,,,
2026,815,GMADA,2026-02-25 00:00:00,,,COC,5,1110104000,412137.0,PRESUPUESTO 981 MADA POY,G,0,2026-02-26 09:05:45,131,2,000000,,,
2026,817,GMADA,2026-02-25 00:00:00,,,HOSP,5,1110104000,76472.0,PRESUPUESTO 74562 INSTITUTO RADIOLOGICO S.R.L PACIENTE BIGORITO  MILAGROS CATALINA,G,0,2026-02-25 07:53:59,131,2,000000,,,
2026,816,GMADA,2026-02-25 00:00:00,,,HOSP,5,1110104000,2847000.0,PRESUPUESTO 30777 RAFAEL CIOFFI SERVICIO AUTOMOTOR AMBULANCIA DOMINIO PAA 334,G,0,2026-03-09 07:26:50,131,2,000000,,,
2026,958,GMADA,2026-03-06 00:00:00,,,CULTUR,6,1110105000,500000.0,SONIDO CD  CLAUDIO OSCAR DIAZ  FINAL FOLKLORE EN LOS BARRIOS  EXPTE 224/26,G,0,2026-03-06 08:44:45,110,5,000000,,,
2026,890,GMADA,2026-03-03 00:00:00,,,CULTUR,6,1110105000,1925000.0,CARLA MARTINEZ        PROGRAMACION INCAA,G,0,2026-03-03 09:00:19,110,CACUL,000000,,,
2026,922,GMADA,2026-03-05 00:00:00,,,PROD,14,1110108000,1350000.0, PROV. BARRAL LUIS FRANCISCO - PRESUP. N° 02/03/2026 - SEC PRODUCCION- FOTON AF591SL,G,0,2026-03-05 08:14:19,110,8,000000,,,
2026,923,GMADA,2026-03-05 00:00:00,,,PROD,14,1110108000,52500.0, PROV. HISPANOGRAF- SEC PRODUCCION-TALLER TEXTIL,G,0,2026-03-05 08:23:10,110,8,000000,,,
2026,943,GMADA,2026-03-05 00:00:00,,,SECSEG,20,1110113000,3029100.0,"Cesviauto, presupuesto (para colocar en el vehiculo ford ka que pertenecia a salud AC 548KJ)",G,0,2026-03-10 08:10:36,110,25,000000,,,
2026,1007,GMADA,2026-03-10 00:00:00,,,TURIS,6,1110105000,95000.0,Pasini refrigeracion - presupuestocon fecha10/03/26,G,0,2026-03-10 12:03:31,110,TURIS,000000,,,
2026,1055,GMADA,2026-03-13 00:00:00,,,CAS,3,1110111000,263000.0,Corresponde presupuesto N° 0000007003- RAMOS E ISIDRO,G,0,2026-03-13 08:50:24,131,6,000000,,,
2026,1056,GMADA,2026-03-13 00:00:00,,,CAS,3,1110111000,133090.0,Corresponde presupuesto N° 00008078 -00008242 IVAN PER,G,0,2026-03-13 09:32:45,131,6,000000,,,
2026,120,GMADA,2026-01-06 00:00:00,,,ACCSOC,7,1110106000,105790000.0,Licitación Privada enero 2026,G,0,2026-01-14 10:54:48,132,4,000000,,,
2026,219,GMADA,2026-01-09 00:00:00,,,DEP,13,1110109000,8945.03,PRESUPUESTO N° 3836 - ALPA MADARIAGA / MATERIALES PARA LA COLONIA DE VERANO MUNICIPAL,G,0,2026-01-09 11:33:20,110,9,000000,,,
2026,190,GMADA,2026-01-08 00:00:00,,,DEP,13,1110109000,538400.0,PRESUPUESTO SIN N° - HUGO ANTONIO / PILETA PARA COLONIA DE VERANO EN EL MARCO DEL PROGRAMA NUESTROS CHICOS N° EXP 3759,G,0,2026-01-08 10:34:38,132,9,000000,,,
2026,200,GMADA,2026-01-08 00:00:00,,,DEP,13,1110109000,20000.0,PRESUPUESTO N° 6935 - BATERIAS LA PRIMERA / LUBRICANTE USADO PARA QUEBRACHOS EN PREDIO MUNICIPAL,G,0,2026-01-08 12:45:47,110,9,000000,,,
2026,221,GMADA,2026-01-09 00:00:00,,,DEP,13,1110109000,310000.0,PRESUPUESTO N° 00149 - MOTOMAQUINARIAS LUIS / REPARACION Y REPUESTOS NUEVOS EN MOTOMAQUINARIAS DE CESPED,G,0,2026-01-09 11:48:04,110,,,,,
2026,539,GMADA,2026-01-30 00:00:00,,,HOSP,5,1110104000,1132905.5,""" TODO POLLÑO"" Gonzalo A. Bustamasnte. PRESUPUESTO Nº 72.COCINA HOSPITAL.SEMAN DEL 19/01/26 AL 26/01/26",G,0,2026-02-03 07:17:23,131,2,000000,,,
2026,220,GMADA,2026-01-09 00:00:00,,,DEP,13,1110109000,14200.0,PRESUPUESTO N°1008 - TERRANOVA QUIMICA / PRODUCTOS Y MATERIALES DE LIMPIEZA PARA EL POLIDEPORTIVO MUNICIPAL,G,0,2026-01-09 11:37:05,110,9,000000,,,
2026,538,GMADA,2026-01-30 00:00:00,,,HOSP,5,1110104000,300630.0,""" TODO POLLO"" Gonzalo A. Bustamante.PRESUPUESTO Nº 71.COCINA HOGAR DE ANCIANOS.SEMANA DEL 19/01/26 AL 26/01/26 .",G,0,2026-02-02 07:52:58,131,2,000000,,,
2026,879,GMADA,2026-03-02 00:00:00,,,INTER,5,1110104000,495800.0,PRESUPUESTO 260226 LALOSECVICH  INSUMOS PARA INTERNACION - CAPS NORTE,G,0,2026-03-02 09:22:45,131,2,000000,,,
2026,643,GMADA,2026-02-11 00:00:00,,,CULTUR,6,1110105000,1800000.0,GUSTAVO ADOLFO FARIAS,G,0,2026-02-26 10:46:27,110,5,000000,,,
2026,876,GMADA,2026-03-02 00:00:00,,,HOSP,5,1110104000,894161.0,MAXIMO PINASCO S.A PRESUPUESTO 1000354096 SERVICE MINIBUS AF591SU,G,0,2026-03-02 09:05:35,131,2,000000,,,
2026,937,GMADA,2026-03-05 00:00:00,,,ENV,7,1110106000,22869.0,"PRESUPUESTO N° 1866 de ""HISPANOGRAF"" Certificados del curso de barbería",G,0,2026-03-05 11:19:55,132,4,000000,,,
2026,926,GMADA,2026-03-05 00:00:00,,,CULTUR,6,1110105000,78600.0,ELECTRICIDAD EL GALLEGO   PRESUP. N° 54883,G,0,2026-03-05 08:38:11,110,5,000000,,,
2025,3042,GMADA,2025-05-29 00:00:00,,,000O,24,1110117000,126000.0,Presupuesto N° 0001-00001266 Proveedor Marzullo Jose,G,0,2025-05-29 09:34:44,110,OMIC,000000,,,
2025,3039,GMADA,2025-05-29 00:00:00,,,PRESID,8,1110200000,15000.0,Presupuesto N° 0001-00001264 Proveedor Marzullo Jose,G,0,2025-05-29 09:20:33,110,12,000000,,,
2025,3764,GMADA,2025-07-14 00:00:00,,,INT,1,1110101000,2000000.0,San Marcos S.A- Hotel Scala Bs As,G,0,2025-07-14 08:22:28,110,1,000000,,,
2025,3618,GMADA,2025-07-03 00:00:00,,,OPP,3,1110103000,4492488.0,Expte. 757/25 - Alem - Venezuela - Trab. cordon cuneta - bacheo- pluviales - Prov. Ciardi Hnos. presup.,G,0,2025-07-07 07:39:07,110,35,000000,,,
2025,3045,GMADA,2025-05-29 00:00:00,,,TESOR,19,1110112000,12000.0,Presupuesto N° 0001-00001268 Proveedor Marzullo Jose,G,0,2025-05-29 09:42:05,110,TESOR,000000,,,
2025,3745,GMADA,2025-07-11 00:00:00,,,MUSH,6,1110105000,19400.0,Hispanograf de Hugo Piedra. Horarios Museo en vinilo impreso. Presupuesto N°1800,G,0,2025-07-11 12:29:41,110,MUSH,000000,,,
2025,3807,GMADA,2025-07-15 00:00:00,,,HOSP,5,1110104000,97506.0,PINTURERIA FERRETERIA TODO COLOR - PRESUPUESTO N° 5530 (MANTENIMIENTO Y INFORMATICA HOSPITAL),G,0,2025-07-15 11:37:01,131,2,000000,,,
2025,3805,GMADA,2025-07-15 00:00:00,,,HOSP,5,1110104000,4173400.0,LA FRUTERIA LABATUT MARCELO - PRESUPUESTO S/N FECHA 25/6/25,G,0,2025-07-15 11:24:24,131,2,000000,,,
2025,3809,GMADA,2025-07-15 00:00:00,,,HOSP,5,1110104000,73654.4,"ELECTRO DANNUNZIO - PRESUPUESTO N° 28690 Y 28702 (GUARDIA, COSTURA Y MANTENIMIENTO HOSPITAL)",G,0,2025-07-15 11:41:51,131,2,000000,,,
2025,3806,GMADA,2025-07-15 00:00:00,,,HOSP,5,1110104000,63705.0,"PINTURERIA FERRETERIA TODO COLOR - PRESUPUESTO N° 5533 (CAPS BELGRANO, CIC QUINTANILLA, AMBULANCIEROS, PLANTA OXIGENO, AIRE COMPRIMIDO)",G,0,2025-07-15 11:30:59,131,2,000000,,,
2026,75,GMADA,2026-01-03 00:00:00,,,HOSP,5,1110104000,175000.0,DF. AIRE ACONDICIONADO FRANCO RICOTTI. PRESUPUESTO .MOVIL 9 AB 039OI.,G,0,2026-01-03 10:11:15,131,2,000000,,,
2025,3808,GMADA,2025-07-15 00:00:00,,,HOSP,5,1110104000,20200.0,TERRANOVA QUIMICA - PRESUPUESTO N° 935,G,0,2025-07-15 11:39:18,131,2,000000,,,
2025,3857,GMADA,2025-07-18 00:00:00,,,INT,1,1110101000,1300000.0,"PRESUPUESTO 42-229767, GRUPO NUCLEO",G,0,2025-07-18 11:40:10,110,1,000000,,,
2025,4036,GMADA,2025-08-01 00:00:00,,,OPP,3,1110103000,65000.0,Prov.: Pablo Gonzalez - Presup.:0324 -,G,0,2025-08-01 10:20:59,110,35,000000,,,
2025,4410,GMADA,2025-08-30 00:00:00,,,HOSP,5,1110104000,20283.14,ALPA- PRESUPUESTO N° 0002-00003753 (LABORATORIO-FARMACIA- ENFERMERIA),G,0,2025-08-30 10:32:31,131,2,000000,,,
2025,4540,GMADA,2025-09-09 00:00:00,,,CAS,3,1110111000,580000.0,Corresponde presupuesto N° 00000061- PABLO FRANCISCO PEREZ - AMAROK AB597ZF,G,0,2025-09-09 09:42:00,131,6,000000,,,
2025,4549,GMADA,2025-09-09 00:00:00,,,ARCHIV,2,1110102000,1736.0,Corresponde presupuesto N° 00029008- Suc. Dannunzio,G,0,2025-09-09 12:40:58,110,SECGO,000000,,,
2025,5355,GMADA,2025-11-29 00:00:00,,,COC,5,1110104000,355989.3,ALPA- PRESUPUESTO N° 0002-00003816/3817 (COCINA),G,0,2025-11-29 10:26:11,131,2,000000,,,
2025,5403,GMADA,2025-12-05 00:00:00,,,CAS,3,1110111000,64520.0," PRESUPUESTO 1156, SUC MARZULLO CESAR ABEL",G,0,2025-12-05 12:59:20,131,6,000000,,,
2025,5426,GMADA,2025-12-10 00:00:00,,,DEP,13,1110109000,204000.0,PRESUPUESTO N°1847 - HISPANOGRAF / CARTELES PARA EL PREDIO DEL POLIDEPORTIVO MUNICIPAL Y CANCHA,G,0,2025-12-10 13:26:13,110,9,000000,,,
2026,72,GMADA,2026-01-03 00:00:00,,,HOSP,5,1110104000,74489.1,"PAPELERA ALPA., PAOLA AMELIA MATIENZO. PRESUPUESTOS Nº 3829,3832.LABORATORIO, FACTURACION, HOGAR DE ANCIANOS.",G,0,2026-01-03 09:49:33,131,2,000000,,,
2026,121,GMADA,2026-01-06 00:00:00,,,COC,5,1110104000,363850.0,TODO POLLO- PRESUPUESTO N° 67 (COCINA) DESDE EL 28/11/25 AL 5/12/25,G,0,2026-01-06 09:04:56,131,2,000000,,,
2026,129,GMADA,2026-01-06 00:00:00,,,HOSP,5,1110104000,165000.0,RICOTTI FRANCO- PRESUPUESTO S/N° 10/12/25 MOVIL DOMINIO: JQS879,G,0,2026-01-06 10:12:34,131,2,000000,,,
2026,76,GMADA,2026-01-03 00:00:00,,,HOSP,5,1110104000,156000.0,DF AIRE ACONDICIONADO.FRANCO RICOTTI. PRESUPUESTO. MOVIL 7 AA 775 QW.,G,0,2026-01-03 10:14:19,131,2,000000,,,
2026,124,GMADA,2026-01-06 00:00:00,,,HOGANC,5,1110104000,279000.0,TODO POLLO- PRESUPUESTO N° 58 (HOGAR DE ANCIANOS) DESDE 5/12/25 AL 31/12/25,G,0,2026-01-06 09:29:22,131,2,000000,,,
2026,126,GMADA,2026-01-06 00:00:00,,,HOSP,5,1110104000,187300.0,FAE- PRESUPUESTO N° 3397707,G,0,2026-01-06 09:44:08,131,2,000000,,,
2026,136,GMADA,2026-01-06 00:00:00,,,COC,5,1110104000,33000.0,SANTA PAULA- PRESUPUESTO N° 0001-00002161 (COCINA) DESDE EL 23/11/25 AL 30/11/2025,G,0,2026-01-06 10:32:36,131,2,000000,,,
2026,139,GMADA,2026-01-06 00:00:00,,,HOGANC,5,1110104000,18000.0,SANTA PAULA- PRESUPUESTO N° 0001-00002155 ( HOGAR DE ANCIANOS) DESDE 9/12/25 AL 16/12/26,G,0,2026-01-06 10:53:53,131,2,000000,,,
2026,133,GMADA,2026-01-06 00:00:00,,,HOSP,5,1110104000,133000.0,RICOTTI FRANCO- PRESUPUESTO S/N° (MOVIL 5 ),G,0,2026-01-06 10:17:18,131,2,000000,,,
2026,227,GMADA,2026-01-10 00:00:00,,,HOSP,5,1110104000,2320000.0,EXPEDIENTE 83/26 CONTRATO PHOYU MARIA ALCIRA DEL 01/01/26 AL 30/04/26 TRABAJOS DE COSTURA,G,0,2026-01-10 09:30:29,131,2,000000,,,
2026,138,GMADA,2026-01-06 00:00:00,,,COC,5,1110104000,30000.0,SANTA PAULA- PRESUPUESTO N° 0001-00002153 (COCINA) DESDE 6/12/2025 AL 13/12/2025,G,0,2026-01-06 10:38:16,131,2,000000,,,
2026,218,GMADA,2026-01-09 00:00:00,,,CULTUR,6,1110105000,350000.0,ALEJANDRO MORALES     CARNAVAL,G,0,2026-01-09 11:17:44,110,5,000000,,,
2026,347,GMADA,2026-01-16 00:00:00,,,000SU,25,1110118000,2011262.71,"PROV. MERCEDES  LA PLATA PRESUP.186902 REPUESTOS PARA  DMI232, LED010,LED013, LAN557, JZH266",G,0,2026-01-16 07:37:59,110,3,000000,,,
2025,4988,GMADA,2025-10-20 00:00:00,,,JARD,7,1110106000,63337.62,"PRESUPUESTOS N° X 0002-00003787/3794 de Matienzo, Paola Amelia de ""ALPA MADARIAGA"" Para realizar festejo del dia de la Familia",G,0,2025-10-20 11:58:15,132,JARDM,000000,,,
2025,5062,GMADA,2025-10-27 00:00:00,,,FARM,5,1110104000,1679489.1,DROGUERIA PERDOMINICI- PRESUPUESTO N° 7/10/2025 (FARMACIA),G,0,2025-10-27 11:54:08,131,2,000000,,,
2025,5050,GMADA,2025-10-27 00:00:00,,,HOSP,5,1110104000,304291.76,FARMACIA GIORGI- PRESUPUESTO S/N° MEDICAMENTOS DISPENSADOS DESDE EL 14/10 AL 18/10/25 (DIRECCION HOSPITAL),G,0,2025-10-27 08:05:03,131,2,000000,,,
2025,5061,GMADA,2025-10-27 00:00:00,,,LAB,5,1110104000,1542861.68,UNO ELECTROMEDICINA- PRESUPUESTO N° 00003-00014058 (LABORATORIO DE ANALISIS),G,0,2025-10-27 10:49:52,131,2,000000,,,
2025,5175,GMADA,2025-11-06 00:00:00,,,000SU,25,1110118000,6048000.0,PROV. CASA ELICEIRY GAS OIL PARA MAQUINAS Y VEHICULOS DE ESTA SECRETARIA,G,0,2025-11-06 10:01:04,132,3,000000,,,
2025,5111,GMADA,2025-10-30 00:00:00,,,CASA,1,1110105000,100000.0,EDUARDO FUMEGA  PRESUPUESTO N° 511,G,0,2025-10-30 09:29:30,110,CACUL,000000,,,
2025,5174,GMADA,2025-11-06 00:00:00,,,000SU,25,1110118000,245000.0,"PROV.AGUSTIN PASO PRESUP.3886,3898,3901,3907,3910,3921,3927,3939,3923  PARCHES Y ARREGLOS  DE CUBIETAS PARA PJY978,EFJ13, LAN557,LED013,XNE245,CII58",G,0,2025-11-06 07:28:14,110,3,000000,,,
2025,5453,GMADA,2025-12-23 00:00:00,,,000SU,25,1110118000,12720000.0,"PRESUPUESTO 000, CASA ELICEIRY, 30/12/2025",G,0,2025-12-23 12:37:20,132,3,000000,,,
2025,5176,GMADA,2025-11-06 00:00:00,,,000SU,25,1110118000,2777376.06,"PROV.MERCEDES LA PLATA PRESUP.184633 REPUESTOS PARA CAMION PJY978, DMI232, LAN557,",G,0,2025-11-06 10:07:39,110,3,000000,,,
2025,5215,GMADA,2025-11-11 00:00:00,,,HOSP,5,1110104000,4960000.0,"CORRESPONDE PREVISION COMBUSTIBLES DEL SALADO S.A.VEHICULOS HOSPITAL: AA 775 QW, PAA 334, AB 038 OI",N,0,2025-11-11 12:01:30,110,2,000000,,,
2025,5389,GMADA,2025-12-03 00:00:00,,,LAB,5,1110104000,106560.0,LABORATORIO BIOQUIMICO MAR DEL PLATA S.A - PRESUPUESTO S/N° PRACTICAS DE LABORATORIO DE ALTA COMPLEJIDAD REALIZADAS EN EL MES DE NOVIEMBRE 2025,G,0,2025-12-03 09:16:08,131,2,000000,,,
2025,5452,GMADA,2025-12-23 00:00:00,,,CAS,3,1110111000,9540000.0,"PRESUPUESTO 000, CASA ELICEIRY, 30/12/2025",G,0,2025-12-23 12:34:30,131,6,000000,,,
2026,266,GMADA,2026-01-12 00:00:00,,,GOB,2,1110102000,24191.0,Corresponde presupuesto N° 00029673 - Suc. Dannunzio,G,0,2026-01-12 12:04:56,110,SECGO,000000,,,
2025,5461,GMADA,2025-12-29 00:00:00,,,CAS,3,1110111000,3336572.43,"PRESUPUESTO 00013-00084868, NORDEMAQ",G,0,2025-12-29 10:30:24,131,6,000000,,,
2025,5454,GMADA,2025-12-23 00:00:00,,,BARU,25,1110118000,3975000.0,"PRESUPUESTO, CASA ELICEIRY, 30/12/2025",G,0,2025-12-23 12:40:46,132,3,000000,,,
2026,73,GMADA,2026-01-03 00:00:00,,,HOSP,5,1110104000,13600000.0,EXPEDIENTE 3508/2024  GUARDIAS MEDICAS  PEDIATRIA JAME MARIA GRACIELA DEL 01/01/2026 AL 28/02/2026,N,0,2026-01-03 09:57:30,131,2,000000,,,
2026,74,GMADA,2026-01-03 00:00:00,,,HOSP,5,1110104000,1620000.0,PREVISON YELITO BIDONES X 5 LITROS AGUA DESTILADA PARA EQUIPOS DE LABORATORIO DE ANALISIS CLINICO,G,0,2026-01-03 10:04:10,131,2,000000,,,
2026,238,GMADA,2026-01-12 00:00:00,,,CAS,3,1110111000,145000.0,CORRESPONDE PRESUPUESTO RICOTTI FRANCO - CASER DOMINIO FAZ81,G,0,2026-01-12 09:58:12,131,6,000000,,,
2026,357,GMADA,2026-01-16 00:00:00,,,SCOOR,22,1110115000,1080000.0,Corresponde Expte n ° 26/2026 - Servicio de Publicidad- Silvia Tolosa,G,0,2026-01-16 10:37:53,110,SECRE,000000,,,
2026,349,GMADA,2026-01-16 00:00:00,,,CONTRA,19,1110112000,15000.0,Corresponde presupuesto N° 0002-00003852 - MATIENZO PAOLA,G,0,2026-01-16 08:16:20,110,CONTR,000000,,,
2026,359,GMADA,2026-01-16 00:00:00,,,SCOOR,22,1110115000,780000.0,Corresponde Expte n ° 26/2026 - Servicio de Publicidad- Carlos Pua,G,0,2026-01-16 10:41:11,110,SECRE,000000,,,
2026,356,GMADA,2026-01-16 00:00:00,,,SCOOR,22,1110115000,1200000.0,Corresponde Expte n ° 26/2026 - Servicio de Publicidad- Soledad Kociupk,G,0,2026-01-16 10:36:21,110,SECRE,000000,,,
2026,361,GMADA,2026-01-16 00:00:00,,,SCOOR,22,1110115000,1200000.0,Corresponde Expte n ° 26/2026 - Servicio de Publicidad- Manzo Hugo,G,0,2026-01-16 10:44:14,110,SECRE,000000,,,
2026,358,GMADA,2026-01-16 00:00:00,,,SCOOR,22,1110115000,780000.0,Corresponde Expte n ° 26/2026 - Servicio de Publicidad- Alejandro Morales,G,0,2026-01-16 10:39:02,110,SECRE,000000,,,
2026,363,GMADA,2026-01-16 00:00:00,,,SCOOR,22,1110115000,1800000.0, Corresponde Expte n ° 26/2026 - Servicio de Publicidad- Pereyra Guillermo,G,0,2026-01-16 11:11:02,110,SECRE,000000,,,
2026,360,GMADA,2026-01-16 00:00:00,,,SCOOR,22,1110115000,780000.0,Corresponde Expte n ° 26/2026 - Servicio de Publicidad- Gomez Fermin,G,0,2026-01-16 10:41:56,110,SECRE,000000,,,
2026,366,GMADA,2026-01-16 00:00:00,,,SCOOR,22,1110115000,1200000.0,Corresponde Expte n ° 26/2026 - Servicio de Publicidad- Scigliano Gaston,G,0,2026-01-16 11:03:05,110,SECRE,000000,,,
2026,362,GMADA,2026-01-16 00:00:00,,,SCOOR,22,1110115000,1200000.0,Corresponde Expte n ° 26/2026 - Servicio de Publicidad- Mendez Angel,G,0,2026-01-16 10:46:38,110,SECRE,000000,,,
2026,365,GMADA,2026-01-16 00:00:00,,,SCOOR,22,1110115000,600000.0,Corresponde Expte n ° 26/2026 - Servicio de Publicidad- Aluman Sebastian,G,0,2026-01-16 11:08:03,110,SECRE,000000,,,
2026,364,GMADA,2026-01-16 00:00:00,,,SCOOR,22,1110115000,1800000.0,Corresponde Expte n ° 26/2026 - Servicio de Publicidad- Oliva Ruben,G,0,2026-01-16 11:08:30,110,SECRE,000000,,,
2026,369,GMADA,2026-01-16 00:00:00,,,SCOOR,22,1110115000,2160000.0,Corresponde Expte n ° 26/2026 - Servicio de Publicidad- Cerfoglio Fabian,G,0,2026-01-16 11:06:25,110,SECRE,000000,,,
2026,509,GMADA,2026-01-29 00:00:00,,,SECSEG,20,1110113000,78838.92,"Electro Dannunzio, presupuesto 29947 (COM)",G,0,2026-01-29 09:36:23,110,25,000000,,,
2026,368,GMADA,2026-01-16 00:00:00,,,SCOOR,22,1110115000,1080000.0,Corresponde Expte n ° 26/2026 - Servicio de Publicidad- Andrioletti Miguel,G,0,2026-01-16 11:33:22,110,SECRE,000000,,,
2026,370,GMADA,2026-01-16 00:00:00,,,SCOOR,22,1110115000,1800000.0, Corresponde Expte n ° 26/2026 - Servicio de Publicidad- Ruiz Daniel,G,0,2026-01-16 11:10:09,110,SECRE,000000,,,
2026,376,GMADA,2026-01-16 00:00:00,,,SCOOR,22,1110115000,960000.0,Corresponde Expte n ° 26/2026 - Servicio de Publicidad- El mensajero de la Costa,G,0,2026-01-16 11:34:22,110,SECRE,000000,,,
2026,379,GMADA,2026-01-16 00:00:00,,,SCOOR,22,1110115000,1080000.0,Corresponde Expte n ° 26/2026 - Servicio de Publicidad- Calandron Samuel,G,0,2026-01-16 11:38:22,110,SECRE,000000,,,
2026,378,GMADA,2026-01-16 00:00:00,,,SCOOR,22,1110115000,1800000.0,Corresponde Expte n ° 26/2026 - Servicio de Publicidad- Coop. Telefonica de Pinamar,G,0,2026-01-16 11:37:27,110,SECRE,000000,,,
2026,389,GMADA,2026-01-19 00:00:00,,,CAS,3,1110111000,885800.0,Corresponde presupuesto N° 06937/06957/06961/06968- RAMOS E ISIDRO,G,0,2026-01-19 08:16:21,131,6,000000,,,
2026,381,GMADA,2026-01-16 00:00:00,,,SCOOR,22,1110115000,2280000.0,Corresponde Expte n ° 26/2026 - Servicio de Publicidad- Gomez Alberto D.,G,0,2026-01-16 12:00:57,110,SECRE,000000,,,
2026,405,GMADA,2026-01-20 00:00:00,,,CAS,3,1110111000,11277000.0,Corresponde CASA ELICEIRY - Pedido 20/01/2026,G,0,2026-01-20 09:10:26,131,6,000000,,,
2026,430,GMADA,2026-01-22 00:00:00,,,DECI,25,1110118000,325000.0,"PROV. LUIS LOMBARDIA PRESUP.0057  INSUMOS Y REPUESTOS PARA MOTOGUADAÑAS,MOTOSIERRAS, MAQUINAS CORTA PASTO",G,0,2026-01-22 07:38:40,110,DEFCI,,,,
2026,412,GMADA,2026-01-20 00:00:00,,,CULTUR,6,1110105000,480000.0,Corresponde - ALQUILER SOCIEDAD ESPAÑOLA EXPTE N°  94/2025,G,0,2026-01-20 11:58:32,110,5,000000,,,
2026,504,GMADA,2026-01-29 00:00:00,,,SECSEG,20,1110113000,76257.6,"Electro Dannunzio, presupuesto 29981-30014-300332( COM)",G,0,2026-01-29 12:37:42,110,25,000000,,,
2026,515,GMADA,2026-01-29 00:00:00,,,SECSEG,20,1110113000,10000.0,"Baterias La Primera, presupuesto 6310 (JCH 069)",G,0,2026-01-29 10:20:29,110,25,000000,,,
2026,514,GMADA,2026-01-29 00:00:00,,,SECSEG,20,1110113000,416800.0,"Rodamientos Tuyu, presupuesto 3030 (OIG 911- AF173LP-AF245CY)",G,0,2026-01-29 10:17:40,110,25,000000,,,
2026,594,GMADA,2026-02-09 00:00:00,,,000SU,25,1110118000,65000.0,PROV.DUENDE AZUL PRESUP.2642 COMISION A LA PLATA REPUSTOS PARA VEHICULOS,G,0,2026-02-09 07:40:42,110,3,000000,,,
2025,3022,GMADA,2025-05-28 00:00:00,,,ACCSOC,7,1110106000,28600.0,"PRESUPUESTOS N° 0001-00014557/15566 de Raúl Alberto Iriarte de "" Proveduría CAMPO Y CIUDAD"" Para aréa de Prestaciones y granja de contención",G,0,2025-05-28 11:53:29,110,4,000000,,,
2025,2994,GMADA,2025-05-27 00:00:00,,,FARM,5,1110104000,2278716.8,ALAIS PHARMA S.A- PRESUPUESTO N° 0001-00016474 (FARMACIA),G,0,2025-05-27 11:07:46,131,2,000000,,,
2025,3021,GMADA,2025-05-28 00:00:00,,,ACCSOC,7,1110106000,720000.0,"PRESUPUESTO N° 739000217 de Sergio Peyrano de ""Atmósferico La Primera""",G,0,2025-05-28 11:43:24,110,4,000000,,,
2025,3026,GMADA,2025-05-28 00:00:00,,,ACCSOC,7,1110106000,157300.0,Presupuesto N°  00000087 de TODO POLLO de Gonzalo A. Bustamante.Para Programa ESFUERZO SOLIDARIO.,G,0,2025-05-29 10:30:47,132,4,000000,,,
2025,3135,GMADA,2025-06-03 00:00:00,,,DEP,13,1110109000,77361.0,"PRESUPUESTO N°5239 - PINTURERIA-FERRETERIA ""TODO COLOR"". MATERIALES PARA UTILIZAR EN DIFERENTES TRABAJOS DEL PREDIO DE LA SECRETARIA DE DEPORTES",G,0,2025-06-03 10:55:11,110,9,000000,,,
2025,3024,GMADA,2025-05-28 00:00:00,,,JARD,7,1110106000,15060.0,"PRESUPUESTO N| X 036339 de Marina Irene Pinilla de ""Proveduría La Ilusión"" Para acto del 25 de Mayo   2025",G,0,2025-05-28 11:57:40,132,JARDM,000000,,,
2025,3129,GMADA,2025-06-03 00:00:00,,,DEP,13,1110109000,226228.0,"PRESUPUESTO N°5501 - PINTURERIA - FERRETERIA ""TODO COLOR"". FEDERICO SOLARI COLOCABION DE BARANDA EN ESTADIO MUNICIPAL FRANCISCO ALCUAZ",G,0,2025-06-03 08:38:37,110,9,000000,,,
2025,3133,GMADA,2025-06-03 00:00:00,,,DEP,13,1110109000,336000.0,PRESUPUESTO SIN N° - RODRIGO MIGUEL. TRABAJO DE SIEMBRA Y FERTILIZACION EN EL ESTADIO MUNICIPAL FRANCISCO ALCUAZ,G,0,2025-06-05 08:07:51,110,9,000000,,,
2025,3163,GMADA,2025-06-05 00:00:00,,,000SU,25,1110118000,201884.8,"PROV. CENTRO HIERRO PRESUP.6731 CHAPAS PARA CARTELES NOMENCLADORES DE CALLES TUYU, BS.AS Y DE LOS HORNEROS",G,0,2025-06-05 08:21:36,110,3,000000,,,
2025,3162,GMADA,2025-06-05 00:00:00,,,000SU,25,1110118000,45000.0,PROV. DUENDE AZUL PRESUP.2633 COMISION A  LA PLATA POR REPUESTOS,G,0,2025-06-05 07:51:30,110,3,000000,,,
2025,3196,GMADA,2025-06-09 00:00:00,,,CASA,1,1110105000,19800.0,HISPANOGRAF   PRESUPUESTO N° 1777,G,0,2025-06-09 08:14:04,110,CACUL,000000,,,
2025,3004,GMADA,2025-05-28 00:00:00,,,TURIS,6,1110105000,58600.0,Avellaneda 7163 -  hispanograf - vinilo para delegacion sur - presupuesto 1763,G,0,2025-05-28 08:48:54,110,TURIS,000000,,,
2025,2934,GMADA,2025-05-22 00:00:00,,,HOSP,5,1110104000,365732.33,FARMACIA SOTO- PRESUPUESTO N° 893,G,0,2025-05-22 12:54:28,131,2,000000,,,
2025,2948,GMADA,2025-05-22 00:00:00,,,FARM,5,1110104000,4840850.0,DROGUERIA PERDOMINICI- PRESUPUESTO N° 21/06/2025 (FARMACIA),G,0,2025-05-22 13:10:26,131,2,000000,,,
2025,2947,GMADA,2025-05-22 00:00:00,,,FARM,5,1110104000,204800.0,BIOFARMA DISTRIBUCIONES- PRESUPUESTO N° 21/05/2025 (FARMACIA),G,0,2025-05-22 12:52:45,131,2,000000,,,
2025,2949,GMADA,2025-05-22 00:00:00,,,HOSP,5,1110104000,87000.0,EL ARGENTINO- PRESUPUESTO N° 512/513 MATERNIDAD Y GUARDIA,G,0,2025-05-22 13:33:58,131,2,000000,,,
2025,3079,GMADA,2025-05-30 00:00:00,,,DEP,13,1110109000,8699.97,PRESUPUESTO N°3635 - ALPA MADARIAGA,G,0,2025-05-30 08:37:02,110,9,000000,,,
2025,3078,GMADA,2025-05-30 00:00:00,,,DEP,13,1110109000,4800.0,PRESUPUESTO N°3633 - ALPA MADARIAGA,G,0,2025-05-30 08:34:55,110,9,000000,,,
2025,3005,GMADA,2025-05-28 00:00:00,,,TURIS,6,1110105000,143000.0,Avellaneda 7163 hispanograf pres 1776 - limpieza de chapas para mantenimiento de carteleria historica,G,0,2025-06-13 10:13:53,110,TURIS,000000,,,
2025,3080,GMADA,2025-05-30 00:00:00,,,DEP,13,1110109000,21600.0,PRESUPUESTO N°14592 - CAMPO Y CIUDAD /MATERIALES PARA TRABAJO EN ESTADIO MUNICIPAL,G,0,2025-05-30 08:40:16,110,9,000000,,,
2025,3803,GMADA,2025-07-15 00:00:00,,,BROM,11,1110104000,336702.0,AGROVETERINARIA MARZULLO- PRESUPUESTO N° 0001-00001104/1105/1107 (BROMATOLOGIA),G,0,2025-07-17 09:01:56,131,2,000000,,,
2025,3110,GMADA,2025-06-02 00:00:00,,,HOSP,5,1110104000,390000.0,"DOLORES GAS S.A.. PREVISION PARA HOSPITAL PARA SECOTRES ADMISION,LABORATORIO, MANTENIMIENTO,RAYOS.",G,0,2025-06-02 10:48:01,131,2,000000,,,
2025,3452,GMADA,2025-06-25 00:00:00,,,SECSEG,20,1110113000,6999.99,"Papelera Alpa, presupuesto 3681 ( papel para comisaria comunal, abrochadora para secretaria )",G,0,2025-06-25 09:20:50,110,25,000000,,,
2025,3800,GMADA,2025-07-15 00:00:00,,,HOSP,5,1110104000,208500.0,PROVEEDURIA LA ILUSION- PRESUPUESTO N° 36343/36344 ( HEMOTERAPIA- COCINA),G,0,2025-07-15 11:01:52,131,2,000000,,,
2025,4224,GMADA,2025-08-13 00:00:00,,,ACCSOC,7,1110106000,37000.0,"PRESUPUESTO N° 00007081 de ""IVANPER repuestos"" Camioneta JYN 229",G,0,2025-08-13 09:14:18,110,4,000000,,,
2025,3901,GMADA,2025-07-22 00:00:00,,,CONTAD,19,1110112000,450000.0,"CPU para la oficina de contaduria, la que tenemos actualmente esta desgastada por el uso",G,0,2025-07-22 11:07:12,110,27,000100,,,
2025,4222,GMADA,2025-08-13 00:00:00,,,ENV,7,1110106000,35900.0,"Exte N° 159/25 Proyecto de Talleres Programa Envión PRESUPUESTO N° 00000000 de San Martín, Juan Ignacio de ""DEPOR HOUSE""",G,0,2025-08-13 09:04:09,110,CASA,000000,,,
2026,595,GMADA,2026-02-09 00:00:00,,,000SU,25,1110118000,163971.0,PROV.MAISTEGUI SILVIA 5923 ARTICULOS DE FERRETERIA PARA REPARACIONS EN CORRALON MUNICIPAL CAMION OOI617 LAN 557,G,0,2026-02-09 07:55:22,110,3,000000,,,
2026,597,GMADA,2026-02-09 00:00:00,,,DECI,25,1110118000,563612.0,"PROV.SILVIA MAISTEGUI PRESUP.5936 ARTICULOS DE FERRETERIA PARA BANCOS DE PLAZA,FUENTE DEL BICENTENARIO REPARACION DE COLUMNAS DE ALUMBRADO MOTOR PARA BOMBEADOR DE ESTADIO MUNICIPAL",G,0,2026-02-09 08:30:08,110,DEFCI,000000,,,
2026,596,GMADA,2026-02-09 00:00:00,,,000SU,25,1110118000,161600.0,"PROV.DANIEL ZUBIARRAIN PRESUP.3043 REPUESTOS PARA OOI617,PPU739",G,0,2026-02-09 08:00:11,110,3,000000,,,
2026,604,GMADA,2026-02-09 00:00:00,,,DECI,25,1110118000,64146.0,PROV.SILVIA MAISTEGUI PRESUP.5933 ARTICULOS DE FERRETERIA PARA  ARREGLO DE FAROLAS CALLE 33 REMPLAZO DE COLUMNAS,G,0,2026-02-09 09:25:10,110,DEFCI,000000,,,
2026,599,GMADA,2026-02-09 00:00:00,,,000SU,25,1110118000,78000.0,PROV. HISPANOGRAF PRESUP.1859 CARTELES PARA BADEN DE CALLE,G,0,2026-02-09 08:39:48,110,3,000000,,,
2026,1066,GMADA,2026-03-14 00:00:00,,,HOGANC,5,1110104000,502050.0,MADA POY S.A- PRESUPUESTO N° 0001-00000989 (SEMANA DESDE EL 6/03/26 AL 13/06/26),G,0,2026-03-14 10:53:55,131,2,000000,,,
2026,607,GMADA,2026-02-09 00:00:00,,,DECI,25,1110118000,199954.0,PROV.SILVIA MAISTEGUI PRESUP.5925 PARA ARREGLOS GENERALES DEFENSA CIVIL,G,0,2026-02-09 10:29:31,110,DEFCI,000000,,,
2026,609,GMADA,2026-02-09 00:00:00,,,000SU,25,1110118000,1068795.02,PROV. AMERICAN VIAL PRESUP.5609  FILTROS PARA WECAM X650  EPK06,G,0,2026-02-09 10:54:23,110,3,000000,,,
2026,820,GMADA,2026-02-25 00:00:00,,,PROD,14,1110108000,1660000.0,PROV.COMBUSTIBLE DEL SALADO- SEC PRODUCCION- PREVISION,G,0,2026-02-25 09:25:44,110,8,000000,,,
2026,841,GMADA,2026-02-26 00:00:00,,,COC,5,1110104000,310500.0,PRESUPUESTO AVICOLA DEL TUYU ANDERS VICTOR REMITOS 30048 - 30063 - 31125 - 31134,G,0,2026-02-26 09:03:45,131,2,000000,,,
2026,875,GMADA,2026-03-02 00:00:00,,,CASA,6,1110105000,74572.88,PINTURERIA CONCEPTO,G,0,2026-03-02 08:32:23,110,CACUL,000000,,,
2026,1011,GMADA,2026-03-11 00:00:00,,,DECI,25,1110118000,388000.0,PROV. LUIS LOMBARDIA PRESUP.0064 INSUMOS Y REPUESTOS PARA MAQUINAS CORTA PASTO MOTOGUADAÑA,G,0,2026-03-11 10:16:45,110,3,000000,,,
2026,1018,GMADA,2026-03-11 00:00:00,,,000SU,25,1110118000,775000.0,PROV.LUIS LOMBARDIA PRESP.0063 INSUMOS PARA MAQUINAS CORTA PASTO,G,0,2026-03-11 11:08:02,110,,,,,
2026,1014,GMADA,2026-03-11 00:00:00,,,000SU,25,1110118000,304800.0,PROV. LUIS LOMBARDIA PRESP.0066 REPUSTOS PARA MOTOGUADAÑAS Y MOTOSIERRA,G,0,2026-03-11 10:27:51,110,DEFCI,000000,,,
2026,1063,GMADA,2026-03-14 00:00:00,,,FARM,5,1110104000,2625900.0,SORRENTINO S.A- PRESUPUESTO 09/03/26,G,0,2026-03-14 10:44:09,131,2,000000,,,
2026,1072,GMADA,2026-03-16 00:00:00,,,ACCSOC,7,1110106000,149800.0,"PRESUPUESTO N° 0001-00002958 / 2959  de Carlos Alberto Ochoa, de ""PANADERIA LA UNION"" Esfuerzo Solidario",N,0,2026-03-16 12:22:21,132,4,000000,,,
2026,1065,GMADA,2026-03-14 00:00:00,,,HOSP,5,1110104000,1242147.0,MADA POY S.A- PRESUPUESTO N° 0001-00000990 (SEMANA DEL 6/03 AL 13/03/26),G,0,2026-03-14 10:50:46,131,2,000000,,,
2026,1075,GMADA,2026-03-16 00:00:00,,,ENV,7,1110106000,224500.0,"PRESUPUESTO N° X 6926957 de Rost, Tamara de ""FRUTERIA NEGRIN"" taller de cocnina y Desayuno de los chicos del Programa Envión",N,0,2026-03-17 07:05:16,132,CASA,000000,,,
2026,1071,GMADA,2026-03-16 00:00:00,,,ACCSOC,7,1110106000,105000.0,"PRESUPUESTO N° 0001-00003116 de Carlos Alberto Ochoa de ""PANADERÍA LA UNION"" Esfuerzo Solidario",N,0,2026-03-16 11:56:03,132,4,000000,,,
2026,1074,GMADA,2026-03-16 00:00:00,,,ACCSOC,7,1110106000,195500.0,"PRESUPUESTO N° 00000085 de Gonzalo A. Bustamante de ""TODO POLLO""Esfuerzo Solidario",N,0,2026-03-16 12:27:22,132,4,000000,,,
2025,3081,GMADA,2025-05-30 00:00:00,,,DEP,13,1110109000,41300.0,PRESUPUESTO N°14589 - CAMPO Y CIUDAD / MATERIALES PARA TRABAJO DE MANTENIMIENTO EN EL PREDIO DE DEPORTES,G,0,2025-05-30 08:47:48,110,9,000000,,,
2025,4028,GMADA,2025-07-31 00:00:00,,,COC,5,1110104000,180000.0,PEREZ JORGE- PRESUPUESTO N° 282170  (COCINA DEL HOSPITAL),G,0,2025-07-31 09:49:04,131,2,000000,,,
2025,3695,GMADA,2025-07-08 00:00:00,,,SECSEG,20,1110113000,113440.0,"Ivanper, presupuesto 6781",G,0,2025-07-08 10:22:59,110,25,000000,,,
2025,3814,GMADA,2025-07-16 00:00:00,,,PROD,14,1110108000,400000.0, PROV. MARC ALICIA BEATRIZ . PRESU. 16/07/2025- SEC. PRODUCCION,G,0,2025-07-16 08:26:00,110,8,000000,,,
2025,3829,GMADA,2025-07-17 00:00:00,,,HOSP,5,1110104000,800000.0,OPAZO DANIEL. TRABAJO EN TABLERO PLANTA DE OXIGENO.EXPTE Nº 1673/25,G,0,2025-07-17 09:41:09,110,2,000000,,,
2025,4025,GMADA,2025-07-31 00:00:00,,,HOSP,5,1110104000,683885.75,FARMACIA SOTO- PRESUPUESTO N°  901 MEDICAMENTOS DISPENSADOS DESDE EL 19/07/2025 AL 26/07/2025,G,0,2025-07-31 09:14:23,131,2,000000,,,
2025,4026,GMADA,2025-07-31 00:00:00,,,HOSP,5,1110104000,822589.21,FARMACIA GIORGI- PRESUPUESTO S/N°  MEDICAMENTOS DISPENSADOS DESDE EL 8/07/2025 AL 23/07/2025,G,0,2025-07-31 09:19:35,131,2,000000,,,
2025,4034,GMADA,2025-07-31 00:00:00,,,LAB,5,1110104000,6078975.51,UNO ELECTROMEDICINA- PRESUPUESTO N° 00003-00013131 (LABORATORIO),G,0,2025-08-01 08:53:55,131,2,000000,,,
2025,4110,GMADA,2025-08-06 00:00:00,,,SECSEG,20,1110113000,460000.0,Atmorferico La Primera (COM ),G,0,2025-08-06 10:14:14,110,25,000000,,,
2025,4030,GMADA,2025-07-31 00:00:00,,,TERINT,5,1110104000,235000.0,SERVIMED- PRESUPUESTO N° 8170/25 (TERAPIA),G,0,2025-07-31 10:30:07,131,2,000000,,,
2025,4052,GMADA,2025-08-04 00:00:00,,,TURIS,6,1110105000,102124.0,Azul Confecciones de Alfano Anibal Oscar - delantales pasa 8° edicion concurso de asadores,G,0,2025-08-04 10:40:37,110,TURIS,000000,,,
2025,4109,GMADA,2025-08-06 00:00:00,,,SECSEG,20,1110113000,44000.0,"Campo y Ciudad, presupuesto 15260 ( porton del area )",G,0,2025-08-06 10:11:39,110,25,000000,,,
2025,4112,GMADA,2025-08-06 00:00:00,,,SECSEG,20,1110113000,19800.0,"Repuestos LC, presupuesto 0592 (OIG911)",G,0,2025-08-06 10:30:22,110,25,000000,,,
2025,4116,GMADA,2025-08-06 00:00:00,,,SECSEG,20,1110113000,45000.0,"Gomeria V+B, (presupuestos 0680-0681-0679-0671-0673-0677-0683)",G,0,2025-08-06 10:43:59,110,25,000000,,,
2025,4111,GMADA,2025-08-06 00:00:00,,,SECSEG,20,1110113000,75900.0,"Repuestos LC, presupuesto 0591 (AE331IY)",G,0,2025-08-06 10:22:40,110,25,000000,,,
2025,4604,GMADA,2025-09-12 00:00:00,,,INTER,5,1110104000,85330.0,"PINTURERIA Y FERRETERIA ""TODO COLOR"" N° PRESUP 00005902, INTERNACION PEDIATRIA",G,0,2025-09-12 11:28:48,131,2,000000,,,
2025,4114,GMADA,2025-08-06 00:00:00,,,SECSEG,20,1110113000,385150.0,"Repuestos LC, presupuesto 0590 (AF747PM)",G,0,2025-08-06 10:37:26,110,25,000000,,,
2025,4451,GMADA,2025-09-03 00:00:00,,,CULTUR,1,1110105000,400000.0,SOCIEDAD ESPAÑOLA DE SOCORROS MUTUOS  ALQUILER SEDE SECRETARIA DE CULTURA   EXPTE 94/25,G,0,2025-09-05 11:33:44,110,5,000000,,,
2025,4122,GMADA,2025-08-06 00:00:00,,,SECSEG,20,1110113000,73000.0,"Gomeria V+B, presupuestos 0678-0682-0670",G,0,2025-08-06 10:56:28,110,25,000000,,,
2025,4598,GMADA,2025-09-12 00:00:00,,,HOSP,5,1110104000,479160.0,RODAMIENTOS TUYU N° PRESUP 00003026.DOMINIO AC 548 KJ.,G,0,2025-09-18 07:17:32,131,2,000000,,,
2026,580,GMADA,2026-02-05 00:00:00,,,DEP,13,1110109000,500000.0,PREVICION  MARCELO LABATUT,G,0,2026-02-05 09:53:56,110,9,000000,,,
2025,4726,GMADA,2025-09-24 00:00:00,,,SECSEG,20,1110113000,79164.4,"Electro Dannunzio, presupuesto 29091 ( para linternas y decibelimetro-patrulla urbana)",G,0,2025-09-24 08:59:59,110,25,000000,,,
2025,4605,GMADA,2025-09-12 00:00:00,,,COC,5,1110104000,46238.6,PINAMAR HIGIENE INSTITUCIONAL SRL- PRESUPUESTO N° 1983 (COCINA),G,0,2025-09-12 11:56:38,131,2,000000,,,
2026,578,GMADA,2026-02-05 00:00:00,,,DEP,13,1110109000,70000.0,PRESUPUESTO N° 6978 - PRESUPUESTO N° 6987- BATERIAS LA PRIMERA - ACEITE QUEMADO PARA PINTAR QUEBRACHOS DEL PARQUE ANCHORENA,G,0,2026-02-12 07:32:00,110,9,000000,,,
2026,742,GMADA,2026-02-18 00:00:00,,,HOSP,5,1110104000,24000000.0,EXPEDIENTE 463/26 SOLICITUD CONTRATO HEALTCHARE SOLUTIONS del 01/01/26 al 30/06/2026,G,0,2026-02-18 11:04:36,131,2,000000,,,
2026,582,GMADA,2026-02-05 00:00:00,,,DEP,13,1110109000,9600.0,PRESUPUESTO TERRANOVA QUIMICA N 1026,G,0,2026-02-05 10:09:45,110,9,000000,,,
2025,3832,GMADA,2025-07-17 00:00:00,,,HOSP,5,1110104000,1186189.56,MAXIMO PINASCO - PRESUPUESTO N° 1000372715 DOMINIO: AF591SU,G,0,2025-07-18 11:52:58,131,2,000000,,,
2025,3831,GMADA,2025-07-17 00:00:00,,,HOSP,5,1110104000,235800.0,PEREZ JORGE - PRESUPUESTO N° 282168 Y 282169 (HOGAR Y HOSPITAL),G,0,2025-07-17 12:40:00,131,2,000000,,,
2025,3835,GMADA,2025-07-17 00:00:00,,,HOSP,5,1110104000,22500.0,PAPELERA ALPA - PRESUPUESTO N° 2-3708 (LABORATORIO Y RECURSOS HUMANOS HOSPITAL),G,0,2025-07-17 12:47:50,131,2,000000,,,
2025,3837,GMADA,2025-07-17 00:00:00,,,COC,5,1110104000,1033922.0,MADA POY - PRESUPUESTO N° 1-859 (COCINA HOSPITAL),G,0,2025-07-17 13:12:42,131,2,000000,,,
2025,3833,GMADA,2025-07-17 00:00:00,,,HOSP,5,1110104000,127000.0,LOPEZ LEONARDO - PRESUPUESTO S/N FECHA 18/7/25 (1),G,0,2025-07-18 11:10:26,131,2,000000,,,
2025,3839,GMADA,2025-07-17 00:00:00,,,FARM,5,1110104000,765744.0,ALAIS PHARMA - PRESUPUESTO N° 1-16636 (FARMACIA HOSPITAL),G,0,2025-07-17 13:16:45,131,2,000000,,,
2025,3836,GMADA,2025-07-17 00:00:00,,,LAV,5,1110104000,145262.55,PINAMAR HIGIENE INSTITUCIONAL - PRESUPUESTO N° 16-1864 (LAVADERO HOSPITAL),G,0,2025-07-17 13:10:17,131,2,000000,,,
2025,3841,GMADA,2025-07-17 00:00:00,,,FARM,5,1110104000,1644240.9,VELIBO SUPPLIES - PRESUPUESTO N° 1-8459 (FARMACIA HOSPITAL),G,0,2025-07-17 13:25:44,131,2,000000,,,
2025,3838,GMADA,2025-07-17 00:00:00,,,HOSP,5,1110104000,128500.0,SERVIMED - PRESUPUESTO N° 2011/25,G,0,2025-07-18 11:57:30,131,2,000000,,,
2025,3840,GMADA,2025-07-17 00:00:00,,,FARM,5,1110104000,1769120.0,DROGUERIA ALBERDI - PRESUPUESTO N° 32033 (FARMACIA HOSPITAL),G,0,2025-07-17 13:19:47,131,2,000000,,,
2025,3173,GMADA,2025-06-05 00:00:00,,,CAS,3,1110111000,1500000.0,"PRESUPUESTO 000, PREVISION FURNOS VANESA",G,0,2025-06-05 11:20:31,131,6,000000,,,
2025,2903,GMADA,2025-05-21 00:00:00,,,CAS,3,1110111000,12690000.0,CORRESPONDE COMBUSTIBLE 21/05/2025- CASA ELICEYRI,G,0,2025-05-21 10:42:40,131,6,000000,,,
2025,3164,GMADA,2025-06-05 00:00:00,,,INT,1,1110101000,97930.0,"PRESUPUESTO 002,RUAU HONORIO",G,0,2025-06-05 08:38:18,110,1,000000,,,
2025,3180,GMADA,2025-06-06 00:00:00,,,INGPUB,19,1110112000,1110000.0,"PRESUPUESTO 452335, GRUPO NUCLEO",G,0,2025-06-06 08:30:27,110,INGPU,000000,,,
2025,3182,GMADA,2025-06-06 00:00:00,,,DIRINF,22,1110115000,32975.04,"PRESUPUESTO 3662,MATIENZO PAOLA",G,0,2025-06-06 08:35:37,110,INFOR,000000,,,
2025,3179,GMADA,2025-06-06 00:00:00,,,SECP,2,1110102000,40920.5,"PRESUPUESTO 3648/3649/3651/3653, MATIENZO PAOLA",G,0,2025-06-06 08:24:36,110,1,000000,,,
2025,3181,GMADA,2025-06-06 00:00:00,,,INGPUB,19,1110112000,98584.38,"PRESUPUESTO 3655, MATIENZO PAOLA",G,0,2025-06-06 08:33:14,110,INGPU,000000,,,
2025,3683,GMADA,2025-07-07 00:00:00,,,DEP,13,1110109000,22900.0,PRESUPUESTO N°2945 - ELECTRICIDAD EL GALLEGO,G,0,2025-07-07 12:36:21,110,9,000000,,,
2025,4445,GMADA,2025-09-02 00:00:00,,,ACCSOC,7,1110106000,14250.0,"PRESUPUESTOS N° X 0002-00003716 / 3762 de Matienzo, Paola Amelia de ""ALPA MADARIAGA"" sello para personal del Servicio Local y registro para cada una de las salitas del Jardín Maternal.",G,0,2025-09-02 12:02:54,110,4,000000,,,
2026,392,GMADA,2026-01-19 00:00:00,,,ACCSOC,7,1110106000,770000.0,"PRESUPUESTO N° X 7390243 de Peyrano, Sergio de ""ATMOSFERICO LA PRIMERA""",G,0,2026-01-19 09:08:59,132,4,000000,,,
2025,4446,GMADA,2025-09-02 00:00:00,,,ACCSOC,7,1110106000,240000.0,"PRESUPUESTO N° X 1342376 de García Gladys Mabel de ""PANADERIA ALEM"" Esfuerzo Solidario julio y agosto 2025",G,0,2025-09-03 08:25:31,132,4,000000,,,
2025,4755,GMADA,2025-09-25 00:00:00,,,DEP,13,1110109000,490000.0,PRESUPUESTO N° 53584 - ELECTRICIDAD EL GALLEGO / REFLECTORES PARA EL POLIDEPORTIVO MUNICIPAL,G,0,2025-09-25 12:30:48,110,9,000000,,,
2026,390,GMADA,2026-01-19 00:00:00,,,ACCSOC,7,1110106000,768016.54,"PRESUPUESTO N° 00000619 de Héctor Aníbal Curto de ""ELECTRO HD"" Para la oficina de Desarrollo Social",G,0,2026-01-19 08:44:35,110,4,000000,,,
2025,3225,GMADA,2025-06-10 00:00:00,,,SECSEG,20,1110113000,117228.53,"Electro Dannunzio, presupuestos 28368- 28389 (UTILIZADO POR EL PERSONAL DE TECNICA-COM)",G,0,2025-06-10 08:15:12,110,25,000000,,,
2025,3229,GMADA,2025-06-10 00:00:00,,,SECSEG,20,1110113000,41050.0,"Computacion Systec, rpesupuesto 723 (computadora oficina de mediaciones)",G,0,2025-06-10 08:38:42,110,25,000000,,,
2025,3228,GMADA,2025-06-10 00:00:00,,,SECSEG,20,1110113000,366000.0,"Atmosferico La Primera, (BAÑOS DEL COM)",G,0,2025-06-10 08:38:11,110,25,000000,,,
2025,3231,GMADA,2025-06-10 00:00:00,,,SECSEG,20,1110113000,85000.0,"Gomeria La Diagonal, presupuesto 0533-0534 (policiales 30851-30729-30005-30006-30929-30007-30596 y secretaria ae704ax-038 ff)",G,0,2025-06-10 08:47:02,110,25,000000,,,
2025,3230,GMADA,2025-06-10 00:00:00,,,SECSEG,20,1110113000,70000.0,"Marzullo Computacion, presupuesto 01272 ( informatica-com)",G,0,2025-06-10 08:41:34,110,25,000000,,,
2025,3245,GMADA,2025-06-10 00:00:00,,,ACCSOC,7,1110106000,1460000.0,"PRESUPUESTO N° X 7848538 de Tamara Rost de ""Frutería y Verdulería Negrín"" Plan  ALimentario 2025",G,0,2025-06-10 12:30:07,132,4,000000,,,
2025,3629,GMADA,2025-07-03 00:00:00,,,PROD,14,1110108000,146960.0, PROV. HECTOR ANIBAL CURTO- ELECTRO HD . PRESU. N°00000332- SEC. PRODUCCION- TALLER TEXTIL,G,0,2025-07-04 08:06:08,110,8,000000,,,
2025,3244,GMADA,2025-06-10 00:00:00,,,ENV,7,1110106000,66000.0,"PRESUPUESTO N° X 7848536 de Tamara Rost de ""Frutería y Verdulería Negrín"" Pata merienda de los chicos del Programa Envión",G,0,2025-06-10 12:24:32,132,CASA,000000,,,
2025,3273,GMADA,2025-06-11 00:00:00,,,OPP,3,1110103000,3367430.0,Prov. F.G. Iluminacion SAS  - Presup. 0201147,G,0,2025-06-11 12:07:17,110,35,000000,,,
2025,3404,GMADA,2025-06-23 00:00:00,,,DELRU,2,1110102000,296000.0,"PRESUPUESTO 1014, CORBELLINI HUGO CESAR",G,0,2025-06-23 09:21:29,110,24,000000,,,
2025,3628,GMADA,2025-07-03 00:00:00,,,PROD,14,1110108000,97700.0,Copia de 2025/3494   PROV. HISPANOGRAF- Piedra Hugo . PRESU. N°1784- SEC. PRODUCCION-,N,0,2025-07-03 12:31:54,110,8,000000,,,
2025,4023,GMADA,2025-07-31 00:00:00,,,000O,24,1110117000,30000.0,"Martín Lombardi ,presupuesto 387",G,0,2025-07-31 08:23:31,110,1,000000,,,
2025,3850,GMADA,2025-07-18 00:00:00,,,SECHAC,19,1110112000,155000.0,"PRESUPUESTO 42-229684, GRUPO NUCLEO",G,0,2025-07-18 09:57:44,110,27,000000,,,
2025,3852,GMADA,2025-07-18 00:00:00,,,000O,24,1110117000,7200.0,"PRESUPUESTO 3715, MATIENZO PAOLA AMELIA",G,0,2025-07-18 10:06:56,110,OMIC,000000,,,
2025,3855,GMADA,2025-07-18 00:00:00,,,MAYOR,2,1110102000,150600.0,"PRESUPUESTO 3692/93/96/3707/311/10, MATIENZO PAOLA AMELIA",G,0,2025-07-18 10:33:43,110,37,000000,,,
2025,3963,GMADA,2025-07-28 00:00:00,,,BARU,25,1110118000,155344.0,PROV. ELECTRO DANNUNCIO PRESUP.28767 ARTICULS DE ELECTROCIDAD PARA MEDIDOR DE LUZ,G,0,2025-07-28 08:05:10,110,,000000,,,
2025,4022,GMADA,2025-07-31 00:00:00,,,INTIM,19,1110112000,243300.0,"Lombardi Martín,presupuesto 386",G,0,2025-07-31 08:10:34,110,1,000000,,,
2025,4204,GMADA,2025-08-12 00:00:00,,,LAB,5,1110104000,3073791.41,UNO ELECTROMEDICINA- PRESUPUESTO N° 00003-00013381 (LABORATORIO),G,0,2025-08-12 11:45:48,131,2,000000,,,
2025,4201,GMADA,2025-08-12 00:00:00,,,COC,5,1110104000,140000.0,AVICOLA DEL TUYU DE ANDERS VICTOR- PRESUPUESTO N° 0008-003809 (COCINA),G,0,2025-08-12 09:35:07,131,2,000000,,,
2025,4203,GMADA,2025-08-12 00:00:00,,,FARM,5,1110104000,709050.82,MAX CONTINENTAL- PRESUPUESTO N° 1170039 (FARMACIA),G,0,2025-08-12 11:40:42,131,2,000000,,,
2025,2837,GMADA,2025-05-19 00:00:00,,,HOSP,5,1110104000,4830000.0,PREVISION ABRIL A MAYO  DRA MARIA CECILIA BOUQUET. SERVICIO DE GUARDIA PEDIATRICA.,G,0,2025-05-19 08:50:16,131,2,000000,,,
2025,2835,GMADA,2025-05-19 00:00:00,,,HOSP,5,1110104000,180000.0,"JAVIER MICHIA. GASISTA. TRABAJO EN COCINA HOGAR DE ANCIANOS,.",G,0,2025-05-19 08:25:15,131,2,000000,,,
2025,3093,GMADA,2025-05-30 00:00:00,,,SALA I,5,1110104000,4873740.0,QUALIMED- PRESUPUESTO N° 62/2025 TOMOGRAFIA,G,0,2025-05-30 11:45:57,131,2,000000,,,
2025,2897,GMADA,2025-05-21 00:00:00,,,CAS,3,1110111000,95734.0,"Durante Javier ,presupuesto X0001-00000682",G,0,2025-05-21 09:59:15,131,1,000000,,,
2025,2952,GMADA,2025-05-23 00:00:00,,,000SU,25,1110118000,116500.0,PROV.TERRANOVA QUIMICA PRESUP.0917 PARA FUENTE DE BICENTENARIO,G,0,2025-05-26 11:23:52,110,3,000000,,,
2025,2955,GMADA,2025-05-23 00:00:00,,,CASA,1,1110105000,12700.0,HISPANOGRAF        PRESUPUESTO N° 1768,G,0,2025-05-23 08:24:11,110,CACUL,000000,,,
2025,2953,GMADA,2025-05-23 00:00:00,,,000SU,25,1110118000,516380.0,"PROV.CAROLINA NOWE 0553 REPUESTOS PARA IVECO OOI617,COLECTIVO MERCEDES BENZ LAN557, MERCEDES BENZ 1114 XNE245,VW 17220 LED010",G,0,2025-05-23 08:24:34,110,3,,,,
2025,3088,GMADA,2025-05-30 00:00:00,,,HOSP,5,1110104000,542231.26,CONTRATO CON LENOX POR RELOJ DE FICHADA DE PERSONAL,G,0,2025-05-30 10:15:18,131,2,000000,,,
2025,3092,GMADA,2025-05-30 00:00:00,,,FARM,5,1110104000,1299559.32,AZCUENAGA- PRESUPUESTO N° 00002-00051572 (FARMACIA ),G,0,2025-05-30 11:39:58,131,2,000000,,,
2025,3101,GMADA,2025-06-02 00:00:00,,,COC,5,1110104000,500000.0,LA MARCA CARNES- PRESUPUESTO N° 11/04/2025 COCINA,G,0,2025-07-10 10:42:22,131,2,000000,,,
2025,3094,GMADA,2025-05-30 00:00:00,,,HEMO,5,1110104000,716738.48,RADIOGRAFICAOESTE- PRESUPUESTO N° 0000100049027 HEMOTERAPIA,G,0,2025-05-30 12:04:45,131,2,000000,,,
2025,3122,GMADA,2025-06-02 00:00:00,,,FARM,5,1110104000,399600.28,MAX CONTINETAL - PRESUPUESTO N° 0001-00150800 FARMACIA,G,0,2025-06-02 13:25:49,131,2,000000,,,
2025,3102,GMADA,2025-06-02 00:00:00,,,HOSP,5,1110104000,20100000.0,CORRESPONDE AL EXPEDIENTE 534/2024- HEALTHCARE SOLUTIONS S.A,N,0,2025-08-08 11:34:26,131,2,000000,,,
2025,3120,GMADA,2025-06-02 00:00:00,,,LAB,5,1110104000,133550.65,DE LA CANAL INSUMOS- PRESUPUESTO N° 100007414 LABORATORIO DE ANALISIS CLINICOS,G,0,2025-06-02 13:13:39,131,2,000000,,,
2025,3127,GMADA,2025-06-03 00:00:00,,,000SU,25,1110118000,144554.0,PROV. SILVIA MAISTEGUI PRESUP.5246 ARTICULOS DE  FERRETERIA PARA CORRALON,G,0,2025-06-03 07:44:16,110,3,000000,,,
2025,3123,GMADA,2025-06-02 00:00:00,,,FARM,5,1110104000,732446.32,INSUMOS GENERALES 3F- PRESUPUESTO N° 30/05/2025 FARMACIA,G,0,2025-06-02 13:43:29,131,2,000000,,,
2025,3130,GMADA,2025-06-03 00:00:00,,,000SU,25,1110118000,3642536.0,PROV.CASA ELICEIRY  ACEITES Y LUBRICANTES PARA  FLOTA VEHICULAR  PERTENECIENTE A ESTA SECRETARIA .,G,0,2025-06-03 08:39:12,110,3,000000,,,
2025,3128,GMADA,2025-06-03 00:00:00,,,000SU,25,1110118000,210392.0,PROV.ELECTRO DANNUNZIO PRESUP.28357 LAMPARAS PARA CORRALON MUNICIPAL,G,0,2025-06-03 07:54:10,110,3,000000,,,
2025,3427,GMADA,2025-06-24 00:00:00,,,HOSP,5,1110104000,46200.2,"PAPELERA ALPA - PRESUPUESTO N° 2-3685 (COCINA HOSPITAL, HOGAR ANCIANOS)",G,0,2025-06-24 09:21:45,131,2,000000,,,
2025,3168,GMADA,2025-06-05 00:00:00,,,DEP,13,1110109000,77334.0,PRESUPUESTO N° 10007 - BAIGORRIA MARTIN MIGUEL,G,0,2025-06-05 10:35:05,110,9,000000,,,
2025,3197,GMADA,2025-06-09 00:00:00,,,000SU,25,1110118000,2338823.64,"PROV.MERCEDES LA PLATA PRESUP.177574 REPUSTOS PARA CAMION MERCEDES BENZ 1114 UYW682,FORD 14000 AWK675,RETROPALA ASTARSA BGZ37,COLECTIVO IVW614",G,0,2025-06-09 09:44:39,110,3,000000,,,
2025,3169,GMADA,2025-06-05 00:00:00,,,DEP,13,1110109000,141385.0,PRESUPUESTO N° 10010 - BAIGORRIA MARTIN MIGUEL,G,0,2025-06-05 10:43:39,110,9,000000,,,
2025,3208,GMADA,2025-06-09 00:00:00,,,HOSP,5,1110104000,95260.78,Corresponde presupuesto Maiolo S.R.L,G,0,2025-06-09 12:56:33,131,2,000000,,,
2025,3282,GMADA,2025-06-12 00:00:00,,,SECSEG,20,1110113000,360000.0,"Grupo Nucleo, presupuesto 452569 (computadora para Inspeccion)",G,0,2025-06-12 09:54:38,110,25,000000,,,
2025,3341,GMADA,2025-06-18 00:00:00,,,HOSP,5,1110104000,660000.0,CWATT - PRESUPUESTO N° 2025-12100 (AMBULANCIA N°7 DOMINIO AA775QW),G,0,2025-06-18 10:06:58,131,2,000000,,,
2025,3426,GMADA,2025-06-24 00:00:00,,,FARM,5,1110104000,1968863.9,FARMACIA TONANI - PRESUPUESTOS FECHA 29/5/25 AL 13/6/25,G,0,2025-06-24 09:16:33,131,2,000000,,,
2025,3432,GMADA,2025-06-24 00:00:00,,,BROM,11,1110104000,23000.0,MARZULLO COMPUTACION - PRESUPUESTO N° 1-1278,G,0,2025-06-24 09:34:09,110,13,000000,,,
2025,3437,GMADA,2025-06-24 00:00:00,,,FARM,5,1110104000,2908005.0,"PILOÑA - PRESUPUESTO N° 4-183027, 4-183610, 4-183809 Y 4-183810 (FARMACIA HOSPITAL)",G,0,2025-06-24 12:30:50,131,2,000000,,,
2025,3430,GMADA,2025-06-24 00:00:00,,,HOSP,5,1110104000,110867.24,ELECTRO DANNUNZIO - PRESUPUESTO N° 28387 (RECURSOS HUMANOS Y MANTENIMIENTO),N,0,2025-07-02 08:12:50,131,2,000000,,,
2025,3439,GMADA,2025-06-24 00:00:00,,,FARM,5,1110104000,1317804.5,ALAIS PHARMA - PRESUPUESTO N° 1-16691 (FARMACIA HOSPITAL),G,0,2025-06-24 12:51:16,131,2,000000,,,
2025,3433,GMADA,2025-06-24 00:00:00,,,COC,5,1110104000,2246442.0,MADA POY - PRESUPUESTO N° 1-843 Y 1-844 (COCINA HOSPITAL),G,0,2025-06-24 09:45:52,131,2,000000,,,
2025,3615,GMADA,2025-07-03 00:00:00,,,CAS,3,1110111000,874000.0,"PRESUPUESTO DEL 2/07, FERNANDEZ PABLO",G,0,2025-07-03 07:48:14,131,6,000000,,,
2025,3438,GMADA,2025-06-24 00:00:00,,,FARM,5,1110104000,2620338.81,PILOÑA - PRESUPUESTO N° 4-183550 (FARMACIA HOSPITAL),G,0,2025-06-24 12:46:02,131,2,000000,,,
2025,3607,GMADA,2025-07-02 00:00:00,,,000SU,25,1110118000,10712000.0,PROV.CASA ELICEIRY GAS OIL PARA CAMIONES Y MAQUINAS DE ESTA SECRETARIA,G,0,2025-07-02 10:58:02,132,3,000000,,,
2025,3440,GMADA,2025-06-24 00:00:00,,,FARM,5,1110104000,3461107.0,QUALIMED - PRESUPUESTO S/N FECHA 17/6/25 (FARMACIA HOSPITAL),G,0,2025-06-24 12:59:21,131,2,000000,,,
2025,3623,GMADA,2025-07-03 00:00:00,,,CAS,3,1110111000,4686500.0,"PRESUPUESTO 0000, CASA ELICEIRY",G,0,2025-07-03 09:58:34,131,6,000000,,,
2026,272,GMADA,2026-01-13 00:00:00,,,SECSEG,20,1110113000,590000.0,"Rodamientos Tuyu, presupuesto 3045 (AD283EL)",G,0,2026-01-13 09:51:45,110,25,000000,,,
2025,3630,GMADA,2025-07-03 00:00:00,,,ACCSOC,7,1110106000,76000.0,"PRESUPUESTO 000,INMOBILIARIA SAN CARLOS",G,0,2025-07-03 12:58:50,110,4,000000,,,
2025,3685,GMADA,2025-07-08 00:00:00,,,OPP,3,1110103000,480000.0,Exp.:1811/21 PREIMBA - PROYECTO PARQUE DE LA ESTACIÓN - Prov.:Quilindro Martin - Presup.:Contrato,G,0,2025-07-08 07:52:56,110,35,000000,,,
2025,3642,GMADA,2025-07-04 00:00:00,,,000A,24,1110117000,42000.0,"PRESUPUESTO 000,MARZULLO JOSE",G,0,2025-07-04 10:30:16,110,ASLEG,000000,,,
2025,3643,GMADA,2025-07-04 00:00:00,,,COC,5,1110104000,77264.52,BAZAR DEL GASTRONOMICO- PRESUPUESTO N° 7163 (COCINA HOSPITAL),G,0,2025-07-04 11:12:24,131,2,000000,,,
2025,3696,GMADA,2025-07-08 00:00:00,,,HOSP,5,1110104000,98000.0,OPAZO DANIEL- PRESUPUESTO N° 4/07/2025 (BAÑOS Y CONSULTORIO DE PSICOLOGIA),G,0,2025-07-08 11:25:27,131,2,000000,,,
2025,3694,GMADA,2025-07-08 00:00:00,,,HOSP,5,1110104000,630000.0,GARCIA GLADYS PANADERIA ALEM- PRESUPUESTO N° 1342367 HOGAR Y HOSPITAL,G,0,2025-07-08 10:10:27,131,2,000000,,,
2025,3687,GMADA,2025-07-08 00:00:00,,,OPP,3,1110103000,118148.51,Exp.:343/23 - Vereda Calle 33 - (EP 20 - Sec.Nº4- Jardin 902) - Prov.:Pintureria Concepto - Presup.:02423,G,0,2025-07-08 08:03:08,132,35,000000,,,
2025,3860,GMADA,2025-07-18 00:00:00,,,ACCSOC,7,1110106000,175000.0,"PRESUPUESTO N° 488 / 491de ""EDUARDO FUMEGA"" Limpieza de mecheros y picos, cambio de cuello de ventilación, cambio de cañería de ventilación del Servicio Local y limpieza de piloto y reemplazo de magiclick en Sede",G,0,2025-07-18 11:56:22,110,4,000000,,,
2025,3700,GMADA,2025-07-08 00:00:00,,,HOSP,5,1110104000,122200.0,ELECTRICIDAD EL GALLLEGO- PRESUPUESTO N° 0001-00052358 (COCINA Y PASILLO FARMACIA),G,0,2025-07-10 08:23:27,131,2,000000,,,
2025,3858,GMADA,2025-07-18 00:00:00,,,ENV,7,1110106000,120000.0,"PRESUPUESTO N°° 487 de ""EDUARDO FUMEGA"" Limpieza completa de mecheros  y picos a tres calefactores de Casa Envión",G,0,2025-07-18 11:49:57,132,CASA,000000,,,
2025,3959,GMADA,2025-07-26 00:00:00,,,QUI,5,1110104000,345327.6,INSUMOS GENERALES 3F- PRESUPUESTO N° 24/07/2025 (QUIROFANO),G,0,2025-07-26 10:01:01,131,2,000000,,,
2025,3871,GMADA,2025-07-21 00:00:00,,,AREAJ,2,1110102000,302815.4,"PRESUPUESTO 28436, SUC DANNUNZIO JORGE arreglos en CIC calle 4 Nº 441",G,0,2025-07-21 10:07:19,110,23,000000,,,
2025,3958,GMADA,2025-07-26 00:00:00,,,COC,5,1110104000,1339748.0,MADA POY S.A- PRESUPUESTO N° 0001-00000861 (COCINA HOSPITAL),G,0,2025-07-26 09:45:39,131,2,000000,,,
2025,3984,GMADA,2025-07-29 00:00:00,,,GRAN,7,1110106000,51928.08,"presuupuesto n° 00000695"" Distribuidora de Sudeste""",G,0,2025-07-29 08:19:36,110,4,000000,,,
2025,4252,GMADA,2025-08-18 00:00:00,,,BARU,25,1110118000,3500000.0,PROV. FGC FUELS MARKET GAS OIL PARA MAQUINAS DE PREDIO DISPOSICION FINAL RESIDUOS RUTA 11 KM 405,G,0,2025-08-18 07:47:07,131,,000000,,,
2025,3960,GMADA,2025-07-26 00:00:00,,,HOSP,5,1110104000,647055.0,TODO POLLO- PRESUPUESTO N° 17/19 (HOSPITAL Y HOGAR),G,0,2025-07-26 10:18:41,131,2,000000,,,
2025,4135,GMADA,2025-08-07 00:00:00,,,GOBHAC,2,1110102000,300000.0,Durante Javier .Expte 2343/25 Visita Unión Industrial Argentina,G,0,2025-08-07 10:17:19,110,1,000000,,,
2025,4139,GMADA,2025-08-07 00:00:00,,,GOBHAC,2,1110102000,220000.0,Asociación Semana Santa Madariaga,G,0,2025-08-07 11:50:41,110,1,000000,,,
2025,4145,GMADA,2025-08-07 00:00:00,,,ACCSOC,7,1110106000,1942393.08,"Expte N° 1834/2025 Renovación de Contrato: Sra. Suarez Acevedo, Sheila Psicóloga en el Servicio Local. No cumple con el Art. 45 de la Ley 14.656",G,0,2025-08-07 12:38:08,131,4,000000,,,
2025,4223,GMADA,2025-08-13 00:00:00,,,AREAJ,2,1110102000,1764300.0,CORRESPONDE PRESUPUESTO N° 1824 - EXPTE N° 2286/2025,G,0,2025-08-13 09:23:30,132,23,000000,,,
2025,4251,GMADA,2025-08-18 00:00:00,,,000SU,25,1110118000,6500000.0,PROV. ATREUCO PUEL COMBUSTIBLES PARA MAQUINAS Y VEHICULOS DE ESTAS SECRETARIA,G,0,2025-08-18 07:43:11,131,3,000000,,,
2025,4261,GMADA,2025-08-18 00:00:00,,,000SU,25,1110118000,198308.0,"PROV.SILVIA MAISTEGUI PRESUP.5516 PARA MERCEDES BENZ 1114 TGL092, Y PARA PINTAR VIVERO MUNICIPAL",G,0,2025-08-18 09:19:38,110,3,000000,,,
2025,4648,GMADA,2025-09-17 00:00:00,,,OPP,3,1110103000,26568.0,Exp.:1811/21 PREIMBA - PROYECTO PARQUE DE LA ESTACIÓN - Prov.:Todo Color - Presup.:5538,G,0,2025-09-17 11:28:45,110,35,000000,,,
2025,4258,GMADA,2025-08-18 00:00:00,,,000SU,25,1110118000,10992000.0,PROV.CASA ELICEIRY GAS OIL PARA MAQUINAS Y VEHICULOS  DE ESTA SECRETARIA,G,0,2025-08-18 08:33:26,132,3,000000,,,
2025,4263,GMADA,2025-08-18 00:00:00,,,000SU,25,1110118000,187931.0,"PROV. SILVIA MAISTEGUI  PRESUP.5540  PARA FORD 14000ASZ490, MERDESBENZ 1114 TGL092 Y PARA BANCOS DE ESPACIOS PUBLICOS",G,0,2025-08-18 09:41:56,110,3,000000,,,
2025,4379,GMADA,2025-08-27 00:00:00,,,CONTAD,19,1110112000,12500.0,"PRESUPUESTO 000, OLIVENCIA GUSTAVO",G,0,2025-08-27 09:50:45,110,27,000000,,,
2025,4380,GMADA,2025-08-27 00:00:00,,,TURIS,6,1110105000,2100000.0,"PRESUPUESTO DEL 01/08/2025, PINTO MELISA, EXPTE. 2500/25",G,0,2025-08-27 11:08:16,110,14,000000,,,
2025,4393,GMADA,2025-08-28 00:00:00,,,GOBHAC,2,1110102000,106709.98,"PRESUPUESTO 3742/3748/3743/3744, MATIENZO PAOLA AMELIA",G,0,2025-08-28 10:46:55,110,1,000000,,,
2025,4482,GMADA,2025-09-04 00:00:00,,,HOSP,5,1110104000,2382000.0,FARJAT CARLOS ALBERTO. PRESUPUESTO COCINA HOSPITAL.,N,0,2025-09-09 12:08:41,131,2,000000,,,
2025,4639,GMADA,2025-09-16 00:00:00,,,CASA,1,1110105000,329000.0,"RODRIGUEZ, NICOLAS HORACIO  MATAFUEGOS RUTA 11 PROVEEDOR 2613",G,0,2025-09-16 11:32:09,110,CACUL,000000,,,
2025,4645,GMADA,2025-09-17 00:00:00,,,OPP,3,1110103000,22400.0,Exp.:1811/21 PREIMBA- PROYECTO PARQUE DE LA ESTACIÓN - Prov.:Casa Harisgarat - Presup.:01216,G,0,2025-09-17 10:37:48,110,35,000000,,,
2025,4873,GMADA,2025-10-07 00:00:00,,,DEP,13,1110109000,243172.31,RESUPUESTO N°5002 - CORRALON JORGE N. FLORES / MATERIALES PARA TRABAJO EN EL ESTADIO MUNICIPAL FRANCISCO ALCUAZ,G,0,2025-10-07 10:40:39,110,9,000000,,,
2025,4670,GMADA,2025-09-22 00:00:00,,,DECI,25,1110118000,2842000.0,PROV. LUIS LOMBARDIA PRESUP.0142 REPUESTOS  E INSUMOS PARA MAQUINAS CORTA PASTO  MOTOSIERRAS MOTOGUADAÑA  MOTOR PARA TRACTOR HUSQVANA Z254,G,0,2025-09-29 07:26:51,110,3,000000,,,
2025,4658,GMADA,2025-09-18 00:00:00,,,ACCSOC,7,1110106000,720000.0,"PRESUPUESTOS N° 7390229 de Peyrano, Sergio de ""ATMÓSFERICO LA PRIMERA""",G,0,2025-09-18 12:35:34,132,4,000000,,,
2025,4676,GMADA,2025-09-22 00:00:00,,,000SU,25,1110118000,45000.0,PROV. DUENDE AZUL  PRESUP.2638 COMISION A LA PLATA POR REPUESTOS,G,0,2025-09-22 09:11:45,110,3,000000,,,
2025,4731,GMADA,2025-09-24 00:00:00,,,SECSEG,20,1110113000,72750.0,"Ivanper, presupuesto 7249 ( AE704AX-AF747PM)",G,0,2025-09-24 09:24:05,110,25,000000,,,
2025,4806,GMADA,2025-10-01 00:00:00,,,DEP,13,1110109000,118210.83,PRESUPUESTO N°8656 - SAGITARIO / MATERIALES PARA TRABAJO EN TABLEROS DE BASQUET EN EL POLIDEPORTIVO MUNICIPAL,G,0,2025-10-01 09:38:18,110,9,000000,,,
2025,4836,GMADA,2025-10-03 00:00:00,,,CAS,3,1110111000,1384240.0,"PRESUPUESTO 2188, ABDO JOSE",G,0,2025-10-03 08:56:32,131,6,000000,,,
2025,4845,GMADA,2025-10-06 00:00:00,,,HOSP,5,1110104000,120863.22,PINAMAR HIGIENE INSTITUCIONAL SRL- PRESUPUESTO N° 0016-00001936/1960 (QUIROFANO- OFFICE DE PORTERIA),G,0,2025-10-06 10:45:23,131,2,000000,,,
2025,4866,GMADA,2025-10-07 00:00:00,,,DEPORT,13,1110109000,160000.0,"PREVISION FURNOS VANESA, TORNEOS",G,0,2025-10-07 07:46:25,132,9,000000,,,
2025,4872,GMADA,2025-10-07 00:00:00,,,DEP,13,1110109000,99783.0,"PRESUPUESTO N° 5915 - PINTURERIA Y FERRETERIA ""TODO COLOR"" / MATERIALES PARA TRABAJOS EN EL POLIDEPORTIVO MUNICIPAL Y ESTADIO ALCUAZ",G,0,2025-10-07 10:29:00,110,9,000000,,,
2025,4876,GMADA,2025-10-07 00:00:00,,,CAS,3,1110111000,4287000.0,"PRESUPUESTO 0000, CASA ELICEIRY, DIA 9/10",G,0,2025-10-07 11:01:11,131,6,000000,,,
2025,4895,GMADA,2025-10-08 00:00:00,,,DECI,25,1110118000,407000.0,"PRESUPUESTO, RUAU HONORIO JUAN",G,0,2025-10-08 11:38:33,110,22,000000,,,
2025,4874,GMADA,2025-10-07 00:00:00,,,DEP,13,1110109000,35715.19,PRESUPUESTO N° 0002 - CORRALON JORGE N. FLORES / MATERIAL PARA POLIDEPORTIVO MUNICIPAL,G,0,2025-10-07 10:48:12,110,9,000000,,,
2025,4883,GMADA,2025-10-08 00:00:00,,,CAS,3,1110111000,36750.0,"PRESUPUESTO 155, CUELI MIGUEL",G,0,2025-10-08 09:46:32,131,6,000000,,,
2025,4936,GMADA,2025-10-15 00:00:00,,,BARU,25,1110118000,654949.86,PROV.ZMG ARGENTINA PRESUP.6083 REPUESTOS PARA PALA CARGADORA LIULONG 855,G,0,2025-10-15 07:52:04,110,3,000000,,,
2025,5229,GMADA,2025-11-12 00:00:00,,,JARD,7,1110106000,18070.0,"PRESUPUESTO N° X 0001-00000778 de María Teresa Arriola de ""EL DEDAL MERCERIA"" Para  realizar regalo del Día de la Familia",G,0,2025-11-12 09:57:03,132,JARDM,000000,,,
2026,232,GMADA,2026-01-12 00:00:00,,,000SU,25,1110118000,335000.0,PROV. BATERIA  EL PELA  PRESUP.22315 BATERIA PARA PALA SDLG 936 CII58,G,0,2026-01-12 07:49:16,110,3,000000,,,
2025,5233,GMADA,2025-11-12 00:00:00,,,ACCSOC,7,1110106000,28000.0,"PRESUPUESTO N° X 021412 de Pinilla, Marina de ""PROVEEDURIA LA ILUSION"" Para módulos de Protección",G,0,2025-11-12 10:17:49,110,4,000000,,,
2025,5331,GMADA,2025-11-26 00:00:00,,,BARU,25,1110118000,250000.0,Corresponde presupuesto N° 0001-00000127 - SUSZCZYK CLAUDIO F.,G,0,2025-11-26 09:08:59,110,RESID,000000,,,
2025,5446,GMADA,2025-12-16 00:00:00,,,COC,5,1110104000,43258.63,PRESUPUESTO  793 BARRA DE QUESO PARA USO PACIENTES INTERNADOS Y PERSONAL QUE REALIZA GUARDIAS,G,0,2025-12-16 13:40:09,131,2,000000,,,
2025,5342,GMADA,2025-11-27 00:00:00,,,TURIS,6,1110105000,47100.0,Maistegui Silvia Beatriz - Pintureria - Ferreteria Todo color. presupuesto 00005910,G,0,2025-11-27 10:57:06,110,TURIS,000000,,,
2026,87,GMADA,2026-01-05 00:00:00,,,HOGANC,5,1110104000,1500000.0,PREVISION GONZALEZ MARIA BIDON AGUA X 20 LTS PARA CONSUMO DE LOS RESIDENTES DEL HOGAR,G,0,2026-01-05 08:07:56,131,2,000000,,,
2026,231,GMADA,2026-01-12 00:00:00,,,DECI,25,1110118000,1120000.0,PROV.ELECTRONICA RURAL PRESUP.09/01/26 REPARACION DE EQUIPO DE RADIO DEFENSA CIVIL,G,0,2026-01-12 07:45:25,110,22,000000,,,
2026,273,GMADA,2026-01-13 00:00:00,,,BA,6,1110105000,372800.0,"WAGNER LUCAS DARIO,   PRESUPUESTO",G,0,2026-01-13 10:19:12,132,29,000000,,,
2026,269,GMADA,2026-01-12 00:00:00,,,HOSP,5,1110104000,120000.0,AC REFRIGERADOR. ADOLFO CATALDO E HIJOS. PRESUPUESTO N 000375.CAPS B NORTE ABELARDO M COSTA.,G,0,2026-01-12 14:11:18,131,2,000000,,,
2026,233,GMADA,2026-01-12 00:00:00,,,000SU,25,1110118000,1831589.95,PROV.LS-PROTEC PRESUP.09/01/2026  GUANTES Y PROTECTORES Y ELEMENTOS DE SEGURIDAD PARA PERSONAL DE ESTA SECRETARIA,G,0,2026-01-12 08:08:07,110,3,000000,,,
2026,976,GMADA,2026-03-09 00:00:00,,,DEP,13,1110109000,140000.0,PREUSPUESTO S/N TISERA SANITARIOS PORTATILES - ALQUILER BAÑOS CARRERA DE LA MUJER,G,0,2026-03-10 12:35:48,110,9,000000,,,
2026,989,GMADA,2026-03-09 00:00:00,,,DEP,13,1110109000,128380.0,PRESUPUESTO N° 5950 - FERRETERIA TODO COLOR - MATERIALES PARA REACONDICIONAMIENTO ESPACIO PROGRAMA NUESTROS ABUELOS,G,0,2026-03-12 10:18:12,210,9,000100,,,
2026,977,GMADA,2026-03-09 00:00:00,,,DEP,13,1110109000,136971.0,PRESUPUESTO N° 7202 - FERRETERIA TODO COLOR - REACONDICIONAMIENTO PARA PROGRAMA ABUELOS,G,0,2026-03-09 09:49:48,110,9,000000,,,
2026,1041,GMADA,2026-03-12 00:00:00,,,DEP,13,1110109000,250000.0,PREVISION S/N MARCELO LABATUT - FRUTAS PARA ENTRAGAR A CORRERDORES EN CARRERA DE LA MUJER,G,0,2026-03-12 12:16:06,110,9,000000,,,
2026,391,GMADA,2026-01-19 00:00:00,,,COC,5,1110104000,153000.0,PEREZ JORGE- PRESUPUESTO N° 282193 (COCINA) DESDE EL 7/01/26 AL 14/01/26,G,0,2026-01-19 08:45:54,131,2,000000,,,
2026,388,GMADA,2026-01-19 00:00:00,,,000SU,25,1110118000,65000.0,PROV.DUENDE AZUL PRESUP.2639 COMISION A LA PLATA (REPUESTOS),G,0,2026-01-19 07:46:23,110,3,000000,,,
2026,394,GMADA,2026-01-19 00:00:00,,,FARM,5,1110104000,6217411.15,PILOÑA- PRESPUESTO N° 1646752 (FARMACIA),N,0,2026-01-26 08:32:57,131,2,000000,,,
2026,422,GMADA,2026-01-21 00:00:00,,,HOSP,5,1110104000,3121974.52,MAX CONTINENTAL- PRESUPUESTO N° 19/01/2026 (FARMACIA- QUIROFANO),G,0,2026-01-21 09:36:43,131,2,000000,,,
2026,393,GMADA,2026-01-19 00:00:00,,,000SU,25,1110118000,1188215.84,PROV.TRACKMAR PRESUP.807298 CUCHILLAS PARA MOTONIVELADORA NEW HOLLAND CII59 Y VOLVO G710,G,0,2026-01-19 09:53:57,110,3,000000,,,
2026,414,GMADA,2026-01-21 00:00:00,,,SECHAC,19,1110112000,19390.0,Corresponde presupuesto N° 00029975/00029992 - ELECTRO DANNUNZIO,G,0,2026-01-21 07:30:51,110,1,000000,,,
2026,428,GMADA,2026-01-21 00:00:00,,,HOSP,5,1110104000,468217.53,PINAMAR HIGIENE INSTITUCIONAL- PRESPUESTO N° 0016-00002299/2300/2301 (LAVADERO-COCINA),G,0,2026-01-21 13:35:13,131,2,000000,,,
2026,425,GMADA,2026-01-21 00:00:00,,,LAB,5,1110104000,1147086.56,UNO ELECTROMEDICINA- PRESUPUESTO N° 00003- 00014778 (LABORATORIO DE ANALISIS),G,0,2026-01-21 12:31:09,131,2,000000,,,
2026,427,GMADA,2026-01-21 00:00:00,,,LAB,5,1110104000,580578.24,UNO ELECTROMEDICINA - PRESUPUESTO N° 00003-00014663 (LABORATORIO DE ANALISIS),G,0,2026-01-21 13:18:26,131,2,000000,,,
2026,426,GMADA,2026-01-21 00:00:00,,,LAB,5,1110104000,3014545.68,UNO ELECTROMEDICINA- PRESUPUESTO N° 00003-00014775 (LABORATORIO DE ANALISIS),G,0,2026-01-21 13:14:54,131,2,000000,,,
2026,508,GMADA,2026-01-29 00:00:00,,,DECI,25,1110118000,49800.0,PROV. JUAN SANCHEZ PRESUP.54551 CABLE PARA DEFENSA CIVIL,G,0,2026-01-29 09:13:02,110,DEFCI,000000,,,
2026,429,GMADA,2026-01-21 00:00:00,,,HOSP,5,1110104000,782439.72,PINAMAR HIGIENE INSTITUCIONAL- PRESUPUESTO N° 0016-00002302/2303/2304/2305 (COCINA-LAVADERO),G,0,2026-01-22 08:31:11,131,2,000000,,,
2026,472,GMADA,2026-01-26 00:00:00,,,CAS,3,1110111000,7842000.0,"PRESUPUESTO 079-7027,ALFIO DISTEFANO",G,0,2026-01-26 09:01:38,131,6,000000,,,
2026,492,GMADA,2026-01-28 00:00:00,,,PROD,14,1110108000,420000.0,PROV. CASTILLO MANUEL ALEJANDRO- SEC PRODUCCION- PARQUE INDUSTRIAL,G,0,2026-01-28 09:50:14,110,8,000000,,,
2026,507,GMADA,2026-01-29 00:00:00,,,000SU,25,1110118000,620000.0,PROV.BATERIA EL PELA  YANINA PECORARI PRESUP.5065 BATERIAS PARA MOTONIVELADOR NEW HOLLAND CII59,G,0,2026-01-29 09:10:05,110,3,000000,,,
2026,552,GMADA,2026-02-03 00:00:00,,,MEAM,25,1110118000,300000.0,PROV.TISERA SANITARIOS PORTATILES ALQUILER DE BAÑO QUIMICO PARA LAGUNA LA LARGA POR 3 MESES DE ENERO A MARZO,G,0,2026-02-03 06:51:50,110,,000000,,,
2026,528,GMADA,2026-01-30 00:00:00,,,ACCSOC,7,1110106000,75500.0,"PRESUPUESTO N° 1856 de ""Hispanograf"" Bonos de pan para los programas de alimentos",G,0,2026-02-05 08:05:52,110,4,000000,,,
2026,510,GMADA,2026-01-29 00:00:00,,,DECI,25,1110118000,380126.7,"PROV.ELECTRO DANNUNZIO PRESUP.30022 ARTICULOS DE ELECTRICIDA PARA ROTONDA DE ILLIA Y PELEGRINI , GUIRNALDAS, PASEO DE BICENTENARIO Y PARQUE DE LA ESTACION",G,0,2026-01-29 10:42:04,110,DEFCI,000000,,,
2026,551,GMADA,2026-02-03 00:00:00,,,BARU,25,1110118000,300000.0,"PROV.TISERA SANITARIO PORTATILES ALQUIER DE BAÑO QUIMICO PARA PREDIOS DISPOSICION FINAL RUTA 11 KM.405,5 POR 3 MESES DE ENERO A MARZO",G,0,2026-02-03 06:43:36,110,,000000,,,
2026,554,GMADA,2026-02-03 00:00:00,,,000SU,25,1110118000,2146194.76,"PROV.MERCEDES LA PLATA PRESUP.188113 REPUESTOS PARA MERCEDES XNE245,DMI 232,PJY978,OOI617,",G,0,2026-02-03 07:26:55,110,3,000000,,,
2026,561,GMADA,2026-02-03 00:00:00,,,000SU,25,1110118000,234453.0,"PROV.SILVIA MAISTEGUI PRESUP.5929 ARTICULOS DE FERRETERIA PARA CAMION OOI617,Y ARREGLOS EN CORRALON",G,0,2026-02-03 10:39:36,110,3,000000,,,
2026,553,GMADA,2026-02-03 00:00:00,,,MEAM,25,1110118000,300000.0,PROV.TISERA SANITARIOS PORTATILES ALQUIELER DE BAÑO  QUIMICO PARA LAGUNA EL CARBON  POR 3 MESES DE ENERO A MARZO,G,0,2026-02-03 06:59:42,110,,000000,,,
2026,559,GMADA,2026-02-03 00:00:00,,,000SU,25,1110118000,1339000.0,"PROV. BAIGORRIA LORENZO PRESUP.03/02/2026 PARCHES Y REPARACIONES  DE CUBIERTAS PARA: EPK06,CII58,CII59,LED013,LED010,XNE245,UYW682,BNA17,ASZ490,BMV14,BGZ45.",G,0,2026-02-03 10:05:23,110,3,000000,,,
2026,696,GMADA,2026-02-12 00:00:00,,,COC,5,1110104000,414000.0,"LAS MARIAS GRANJA AVICOLA - PRESUPUESTOS N° 27962, 27967, 27971, 27974, 27963 Y 27975 (COCINA Y HOGAR HOSPITAL)",G,0,2026-02-12 11:32:44,131,2,000000,,,
2026,574,GMADA,2026-02-04 00:00:00,,,DEP,13,1110109000,850000.0,PRESUPUESTO COTTINI CARLOS MARTIN - 5 MILLAS NOCTURNAS,G,0,2026-02-05 07:11:26,110,9,000000,,,
2026,693,GMADA,2026-02-12 00:00:00,,,COC,5,1110104000,4345200.0,LA FRUTERIA - PRESUPUESTO  del 01/01/26 al 31/01/26,G,0,2026-02-12 11:23:22,131,2,000000,,,
2026,698,GMADA,2026-02-12 00:00:00,,,LAB,5,1110104000,380739.98,UNO ELECTROMEDICINA - PRESUPUESTO N° 3-15020,G,0,2026-02-12 11:35:42,131,2,000000,,,
2026,695,GMADA,2026-02-12 00:00:00,,,COC,5,1110104000,3925625.0,LA FRUTERIA - PRESUPUESTO DEL 01/01/2026 AL 31/01/2026,G,0,2026-02-12 11:30:42,131,2,000000,,,
2026,703,GMADA,2026-02-12 00:00:00,,,INTIM,19,1110112000,34500.0,"Matienzo Paola, presupuesto 00003878",G,0,2026-02-12 11:10:27,110,1,000000,,,
2026,697,GMADA,2026-02-12 00:00:00,,,LAB,5,1110104000,1431762.63,RADIOGRAFICAOESTE - PRESUPUESTO N° 100052677,G,0,2026-02-12 11:35:03,131,2,000000,,,
2026,714,GMADA,2026-02-13 00:00:00,,,SEHA,19,1110112000,130000.0,"Fumega Eduardo,presupuesto 535",G,0,2026-02-13 09:30:16,110,1,000000,,,
2026,699,GMADA,2026-02-12 00:00:00,,,000SU,25,1110118000,98000.0,PROV.JOSE CORREA PRESUP.0209 REPARACION DE INSTALACION ELECTRICA EN CORRALON MUNICIPAL,G,0,2026-02-12 10:31:14,110,3,000000,,,
2026,712,GMADA,2026-02-13 00:00:00,,,PRESID,8,1110200000,130000.0,"Fumega Eduardo,presuesto 537",G,0,2026-02-18 09:52:51,110,1,000000,,,
2026,715,GMADA,2026-02-13 00:00:00,,,GOBHAC,2,1110102000,295000.0,"Fumega Eduardo,presupuesto 536",G,0,2026-02-13 09:39:01,110,1,000000,,,
2026,719,GMADA,2026-02-13 00:00:00,,,DEP,13,1110109000,504900.0,Expte 129/26 Edición de Rally pagos del Tuyo 2026.Sodor Pablo,G,0,2026-02-13 11:13:44,110,9,000000,,,
2026,783,GMADA,2026-02-23 00:00:00,,,INTER,5,1110104000,450000.0,PRESUPUESTO JOSE MARZULLO SECRETARIA INTERNACION,G,0,2026-02-23 13:12:12,131,2,000000,,,
2026,718,GMADA,2026-02-13 00:00:00,,,FARM,5,1110104000,3048039.07,PRESUPUESTO 13/02/26 ´PILOÑA,G,0,2026-02-25 10:50:37,131,2,000000,,,
2026,721,GMADA,2026-02-13 00:00:00,,,PO,5,1110104000,200000.0,PRESUPUESTO 000374 CATALDO ADOLFO REPARACION COMPRESOR PLANTA OXIGENO Nº 2,G,0,2026-02-13 11:23:22,131,2,000000,,,
2026,780,GMADA,2026-02-23 00:00:00,,,PO,5,1110104000,180000.0,CATALDO ADOLFO E HIJOS PRESUPUESTO 000373,G,0,2026-02-23 11:44:07,131,2,000000,,,
2026,724,GMADA,2026-02-13 00:00:00,,,LAB,5,1110104000,484803.98,PRESUPUESTO 0000100052481 RADIOGRAFICA OESTE,G,0,2026-02-13 11:40:23,131,2,000000,,,
2026,880,GMADA,2026-03-02 00:00:00,,,PO,5,1110104000,94095.28,CENTRO HIERRO- PRESUPUESTO N° 11-7791,G,0,2026-03-05 09:46:20,131,2,000000,,,
2026,782,GMADA,2026-02-23 00:00:00,,,QUI,5,1110104000,119000.0,PRESUPUESTO  OXI - REF  SANTIAGO PEREZ,G,0,2026-02-23 13:09:08,131,2,000000,,,
2026,877,GMADA,2026-03-02 00:00:00,,,QUI,5,1110104000,19000.0,EL ARGENTINO- PRESUPUESTO N° 556,G,0,2026-03-02 09:06:10,131,2,000000,,,
2026,975,GMADA,2026-03-09 00:00:00,,,DEP,13,1110109000,271146.0,PRESUPUESTO N° 7201 - FERRETERIA TODO COLOR - MATERIALES PARA REACONDICIONAMIENTO ESPACIO PROGRAMA ABUELOS,G,0,2026-03-09 09:04:56,110,9,000100,,,
2026,878,GMADA,2026-03-02 00:00:00,,,HOSP,5,1110104000,131969.53,EL CENTRO DEL KINESIOLOGO- PRESUPUESTO S/N° 26/02/26,G,0,2026-03-02 09:20:02,131,2,000000,,,
2026,887,GMADA,2026-03-02 00:00:00,,,FARM,5,1110104000,7192684.39,VELIBO SUPPLIES S.A.S- PRESUPUESTO N° 0001-00010772,N,0,2026-03-03 09:26:32,131,2,000000,,,
2026,881,GMADA,2026-03-02 00:00:00,,,FARM,5,1110104000,4900407.05,PILOÑA- PRESUPUESTO N° 1646764,G,0,2026-03-02 10:17:02,131,2,000000,,,
2026,894,GMADA,2026-03-03 00:00:00,,,PROD,14,1110108000,400000.0, PROV. MARC ALICIA BEATRIZ - PRESUP. 03/03/2026- SEC PRODUCCION-,G,0,2026-03-03 10:14:04,110,8,000000,,,
2026,955,GMADA,2026-03-06 00:00:00,,,ACCSOC,7,1110106000,165000.0,Presupuesto N°1-459157 nUCLEO MDP GRUPO NUCLEO-para Area de Prestaciones,G,0,2026-03-06 07:21:37,110,4,000000,,,
2026,983,GMADA,2026-03-09 00:00:00,,,DEP,13,1110109000,151247.0,PRESUPUESTO N° 7206 - FERRETERIA TODO COLOR -MATERIALES PARA MEJORAS ANTE EVENTOS DEPORTIVOS,G,0,2026-03-09 10:50:17,110,9,000000,,,
2026,994,GMADA,2026-03-09 00:00:00,,,PROD,14,1110108000,800000.0,PROV MADRID MIGUEL ANGEL- PRESUP 12/02/26-SEC PRODUCCION-,G,0,2026-03-10 10:48:56,110,8,000000,,,
2025,5381,GMADA,2025-12-02 00:00:00,,,HOSP,5,1110104000,724400.0,PANADERIA ALEM GARCIA GLADYS- PRESUPUESTO N° 1342387 (HOSPITAL Y HOGAR) DESDE 30/11 HASTA 30/12/25,G,0,2025-12-02 09:48:11,131,2,000000,,,
2025,5384,GMADA,2025-12-03 00:00:00,,,000SU,25,1110118000,31640.0,PROV. IVAN PERICO PRESUP.7593 REPUESTOS PARA MERCEDES BENZ 1114 TGL082,G,0,2025-12-03 08:00:47,110,3,000000,,,
2025,5383,GMADA,2025-12-03 00:00:00,,,000SU,25,1110118000,21000.0,PROV.IVAN PERICO PRESUP.7603 REPUESTOS  PARA FORD 14000 AWK675,G,0,2025-12-03 07:39:43,110,3,000000,,,
2025,5422,GMADA,2025-12-10 00:00:00,,,CAS,3,1110111000,9306000.0,"PRESUPUESTO 000, CASA ELICEYRI,12/12",G,0,2025-12-10 10:21:57,131,6,000000,,,
2025,5401,GMADA,2025-12-05 00:00:00,,,ACCSOC,7,1110106000,800000.0,"PRESUPUESTO N° X 7390238 de Peyrano, Sergio de ""ATMOSFERICO LA PRIMERA""",G,0,2025-12-05 11:15:02,132,4,000000,,,
2025,5420,GMADA,2025-12-10 00:00:00,,,BARU,25,1110118000,2572178.4,"PRESUPUESTO 000,CASA ELICEYRI,12/12",G,0,2025-12-12 09:44:01,132,3,000000,,,
2025,5421,GMADA,2025-12-10 00:00:00,,,000SU,25,1110118000,12408000.0,"PRESUPUESTO 000,CASA ELICEYRI,12/12",G,0,2025-12-10 10:19:50,132,3,000000,,,
2026,278,GMADA,2026-01-13 00:00:00,,,JARD,7,1110106000,810000.0,"Corresponde a Previsión de Garcia, Gladys Mabel de ""Panadería Alem""",G,0,2026-01-13 12:25:45,132,CASA,000000,,,
2025,5429,GMADA,2025-12-11 00:00:00,,,DIRINF,22,1110115000,396018.4,"PRESUPUESTO 11130, DGM DE DIEGO MARTIN",G,0,2025-12-11 10:08:50,110,INFOR,000000,,,
2026,209,GMADA,2026-01-09 00:00:00,,,CULTUR,6,1110105000,513031.29,DE LAS MISIONES      PRESUPUESTO N° 2671    PROVEEDOR N° 1213,G,0,2026-01-09 08:52:10,110,5,000000,,,
2026,254,GMADA,2026-01-12 00:00:00,,,PROD,14,1110108000,29500.0, PROV. REPUESTOS IVANPER. PRES. N°7898- SEC PRODUCCION,G,0,2026-01-12 10:56:53,110,8,000000,,,
2026,277,GMADA,2026-01-13 00:00:00,,,JARD,7,1110106000,26705.0,"PRESUPUESTO N° 00029520 de ""Electro D annunzio"" Para llave de ventilador de la Casita de Chocolate",G,0,2026-01-13 12:16:03,132,JARDM,000000,,,
2026,409,GMADA,2026-01-20 00:00:00,,,DEP,13,1110109000,54000.0,PRESUPUESTO N° 6960 - BATERIAS LA PRIMERA,G,0,2026-01-21 12:42:51,110,9,000000,,,
2026,386,GMADA,2026-01-17 00:00:00,,,HOSP,5,1110104000,1826436.92,PRESUPUESTO 005-00007340 B GATE MANTENIMIENTO GENERADOR BGOX-12,G,0,2026-01-17 09:40:01,131,2,000000,,,
2026,279,GMADA,2026-01-13 00:00:00,,,ACCSOC,7,1110106000,93664.2,"PRESUPUESTO N° 00029469 de ""Electro D annunzio"" Para cambiar lámparas de farolas, ubicadas  afuera en  sede",G,0,2026-01-13 12:31:57,110,4,000000,,,
2026,489,GMADA,2026-01-28 00:00:00,,,CAS,3,1110111000,960000.0,CASA ELICEIRY,G,0,2026-01-28 08:11:35,131,6,000000,,,
2026,408,GMADA,2026-01-20 00:00:00,,,DEP,13,1110109000,20000.0,PRESUPUESTO N° 6969- BATERIAS LA PRIMERA,G,0,2026-01-21 12:43:36,110,9,000000,,,
2026,486,GMADA,2026-01-27 00:00:00,,,TESOR,19,1110112000,55939.85,"PRESUPUESTO 1811,MATIENZO PAOLA",G,0,2026-01-27 11:41:29,110,TESOR,000000,,,
2026,488,GMADA,2026-01-28 00:00:00,,,CULTUR,6,1110105000,8250.4,"PRESUPUESTO 30023, SUC DANNUNZIO JORGE",G,0,2026-01-28 08:07:38,110,5,000000,,,
2026,487,GMADA,2026-01-27 00:00:00,,,CONTRA,19,1110112000,10259.2,"PRESUPUESTO 30062, SUC DANNUNZIO JORGE",G,0,2026-01-27 12:18:28,110,CONTR,000000,,,
2026,550,GMADA,2026-02-02 00:00:00,,,HOSP,5,1110104000,2100000.0,PRESUPUESTO CONRADO GUBITTA JUAN INDUMENTARIA PARA PERSONAL DE MANTENIMIENTO - SEGURIDAD - INFOMARTICA - ELECTROMEDICINA,G,0,2026-02-02 12:23:20,131,2,000000,,,
2026,502,GMADA,2026-01-28 00:00:00,,,GOBHAC,2,1110102000,32500.0,"PRESUPUESTO 1854, AVELLANEDA 7163",G,0,2026-01-28 11:52:38,110,1,000000,,,
2026,534,GMADA,2026-01-30 00:00:00,,,FARM,5,1110104000,6548379.18,DROGUERIA PERDOMIINICI- PRESUPUESTO N° 27/01/2026,G,0,2026-01-31 09:10:13,131,2,000000,,,
2026,545,GMADA,2026-02-02 00:00:00,,,HOSP,5,1110104000,110000.0,PRESUPUESTO 0728 VERDUM CRISTOBAL VEHICULO DOMINIO AF545GL,G,0,2026-02-02 09:07:17,131,2,000000,,,
2026,588,GMADA,2026-02-05 00:00:00,,,DEP,13,1110109000,15900.0,Presupuesto N 4481 Electricidad El Gallego,G,0,2026-02-05 12:29:58,110,9,000000,,,
2026,587,GMADA,2026-02-05 00:00:00,,,DEP,13,1110109000,42000.0,PRESUPUESTO ALUCOR REMITO N 0880 PRESUPUESTO N 0879 -  PARA ARMADO DE RECONOCIMIENTOS A ENTREGAR A DEPORTISTAS,G,0,2026-02-12 07:35:45,110,9,000000,,,
2026,628,GMADA,2026-02-10 00:00:00,,,CULTUR,6,1110105000,1700000.0,SAMUEL CALANDRON        CARNAVAL 2026,G,0,2026-02-10 11:07:41,110,5,000000,,,
2026,667,GMADA,2026-02-11 00:00:00,,,SECSEG,20,1110113000,8125.6,"Electro Dannunzio, presupuestos 30163 (inspeccion)",G,0,2026-02-11 10:15:35,110,25,000000,,,
2026,626,GMADA,2026-02-10 00:00:00,,,CULTUR,6,1110105000,1050000.0,MATIAS LIGARI     CARNAVAL 2026,G,0,2026-02-10 10:57:40,110,5,000000,,,
2026,659,GMADA,2026-02-11 00:00:00,,,SECSEG,20,1110113000,440000.0,"Ricciuto, presupouesto 020 (jch 069)",G,0,2026-02-11 09:45:30,110,25,000000,,,
2026,775,GMADA,2026-02-23 00:00:00,,,FARM,5,1110104000,260976.16,DROGUERIA ALBERDI S.A- PRESUPUESTO N° 26/01/2026,G,0,2026-02-23 09:02:20,131,2,000000,,,
2026,661,GMADA,2026-02-11 00:00:00,,,SECSEG,20,1110113000,337800.0,"Carpinteria San Sebastian, presupuesto 060 (escalera COM)",G,0,2026-02-11 09:50:20,110,25,000000,,,
2026,668,GMADA,2026-02-11 00:00:00,,,HOGANC,5,1110104000,17600.0,PENACCA SRL PRESUPUESTO 2164,G,0,2026-02-11 10:34:16,131,H.ANC,000000,,,
2026,755,GMADA,2026-02-19 00:00:00,,,18C,25,1110118000,15000.0,PROV. BARRACA MARIBEL PRESUP.0262  REPUESTO PARA MOTOGUADAÑA,G,0,2026-02-19 10:35:07,110,7,000000,,,
2026,670,GMADA,2026-02-11 00:00:00,,,SECSEG,20,1110113000,811100.0,"Frenos Madariaga, presupuesto 093 (AW704AX- OIG911-AF747PM)",G,0,2026-02-11 10:45:36,110,25,000000,,,
2026,813,GMADA,2026-02-24 00:00:00,,,DEP,13,1110109000,3501000.0,"PRESUPUESTO 000, FED REG DE AUT DEP MAR Y SIERRA",G,0,2026-02-24 12:36:52,110,9,000000,,,
2026,794,GMADA,2026-02-24 00:00:00,,,LAB,5,1110104000,4024482.54,UNO ELECTROMEDICINA- PRESUPUESTO N° 00003-00015081/15094 (LABORATORIO DE IMAGENES),G,0,2026-02-24 08:41:43,131,2,000000,,,
2026,776,GMADA,2026-02-23 00:00:00,,,FARM,5,1110104000,1186830.0,DROGUERIA AZCUENAGA - PRESUPUESTO N° 200056152,G,0,2026-02-23 09:31:14,131,2,000000,,,
2026,801,GMADA,2026-02-24 00:00:00,,,FARM,5,1110104000,4167621.15,NOVAFARMA- PRESUPUESTO N° 23/02/2026,G,0,2026-02-24 09:19:48,131,2,000000,,,
2026,802,GMADA,2026-02-24 00:00:00,,,HOSP,5,1110104000,170000.0,OPAZO DANIEL- PRESUPUESTO N° 20/02/2026 ( LABORATORIO- PLANTA DE OXIGENO- INTERNACION),G,0,2026-02-24 10:42:43,131,2,000000,,,
2026,804,GMADA,2026-02-24 00:00:00,,,FARM,5,1110104000,3942134.28,PILOÑA- PRESUPUESTO N° 5/02/2026,G,0,2026-02-24 11:16:32,131,2,000000,,,
2026,807,GMADA,2026-02-24 00:00:00,,,BROM,11,1110104000,8000.0,ALPA- PRESUPUESTO N° 0002-00003869,G,0,2026-02-24 11:30:29,110,13,000000,,,
2026,832,GMADA,2026-02-25 00:00:00,,,HOSP,5,1110104000,833000.0,PANADERIA ALEM - PRESUPUESTO N° 1342395 (HOGAR Y HOSPITAL),G,0,2026-02-25 12:10:07,131,2,000000,,,
2026,848,GMADA,2026-02-26 00:00:00,,,FARM,5,1110104000,287048.13,INSUMOS GENERALES 3 F- PRESUPUESTO N° 25/02/2026,G,0,2026-02-26 13:36:03,131,2,000000,,,
2026,918,GMADA,2026-03-04 00:00:00,,,OPP,3,1110103000,7900000.0,"Exp.:507/26 Sol. Reparacion de Cubierta de EP Nº17 ""9 de Julio de 1986"" del Paraje Medaland - Prov.:Baigorria Gonzalo Ezequiel (3540) - Presup.:Contrato",G,0,2026-03-04 10:52:24,132,35,000000,,,
2025,5030,GMADA,2025-10-24 00:00:00,,,COC,5,1110104000,201162.63,"ALPA PAPELERA. MATIENZO PAOLA AMELIA. PRESUPUESTO Nº 00003795, 00003798..COCINA HOSPITAL Y OFICINA RECURSOS HUMANOS.",G,0,2025-10-24 09:07:05,131,2,000000,,,
2025,4954,GMADA,2025-10-16 00:00:00,,,HOSP,5,1110104000,5695000.0,""" LA FRUTERIA"" MARCELO LABATUT.Presupuestos COCINA HOGAR DE ANCIANOS Y COCINA HOSPITAL MUNICIPAL. MES DE SEPTIEMBRE.",G,0,2025-10-16 09:21:49,131,2,000000,,,
2025,5026,GMADA,2025-10-23 00:00:00,,,SECSEG,20,1110113000,146502.8,"Pintureria Todo Color, presupuesto 5904",G,0,2025-10-23 08:52:38,110,25,000000,,,
2025,5033,GMADA,2025-10-24 00:00:00,,,HOGANC,5,1110104000,32400.0,SANTA PAULA DE PENACCA SRL. PRESUPUESTOS Nº 0001-00002133.SEMANA 20/10/25 AL 26/10/25.HPOGAR DE ANCIANOS.,G,0,2025-10-24 09:51:39,131,2,000000,,,
2025,5032,GMADA,2025-10-24 00:00:00,,,HOSP,5,1110104000,52800.0,FAE. PRESUPUESTO Nº 4921544. PARA UTILIZAR EN DISTINTOS SECTORES DEL HOSPITAL.,G,0,2025-10-24 09:16:55,131,2,000000,,,
2025,5042,GMADA,2025-10-24 00:00:00,,,HOSP,5,1110104000,219149.69,"PINAMAR HIGIENE INSTITUCIONAL S.R.L. SECOTR COCINA, LAVADERO,MUCAMAS.PRESUPUESTOS Nº 0016-00002066,0016-00002067,0016-00002068.",G,0,2025-10-24 12:45:46,131,2,000000,,,
2025,5034,GMADA,2025-10-24 00:00:00,,,COC,5,1110104000,36000.0,SANTA PAULA DE PENACCA SRL. PRESUPUESTO Nº 0001-00002134.SEMANA DEL 21/10/2025 AL 27/10/2025.COCINA HOSPITAL.,G,0,2025-10-24 09:45:33,131,2,000000,,,
2025,5035,GMADA,2025-10-24 00:00:00,,,LAV,5,1110104000,723534.26,PINAMAR HIGIENE INSTITUCIONAL S.R.L.. PRESUPUESTO Nº 0016-00002061.LAVADERO.,G,0,2025-10-24 10:10:01,131,2,000000,,,
2025,5039,GMADA,2025-10-24 00:00:00,,,COC,5,1110104000,802408.0,MADA POY S.A. PRESUPUESTO Nº 0001-00000908.SEMANA DEL 16/10/25 AL 23/10/25.COCINA HOSPITAL.,G,0,2025-10-24 11:39:38,131,2,000000,,,
2025,5067,GMADA,2025-10-28 00:00:00,,,COC,5,1110104000,94000.0,PROVEDURIA LA ILUSION. MARINA IRENE PINILLA. PRESUPUESTO N° 21409 COCINA HSOPITAL. DESDE EL 25/10/2025 AL 01/11/2025.,G,0,2025-10-28 09:28:31,131,2,000000,,,
2025,5115,GMADA,2025-10-30 00:00:00,,,HOSP,5,1110104000,310786.08,"PINAM,AR HIGIENE ISTITUCIONAL S.R.L. PRESUPUESTO Nº 0016-00002079.MUCAMAS.",G,0,2025-10-30 11:43:47,131,2,000000,,,
2025,5073,GMADA,2025-10-28 00:00:00,,,HEMO,5,1110104000,14000.0,PROVEDURIA LA ILUSION.MARINA IRENE PINILLA. PRESUPUESTO Nº 021407.SECOTR HEMOTERAPIA.,G,0,2025-10-28 12:03:11,131,2,000000,,,
2025,5068,GMADA,2025-10-28 00:00:00,,,HOSP,5,1110104000,529601.4,"SUC ELETRO DANNUNZIO JORGE NELDO. PRESUPUESTOS Nº 29322,29362. SECTOR EXTERIOR HOSP, TABLERO CENTRAL, SECTOR RAYOS X.",G,0,2025-10-28 08:55:26,131,2,000000,,,
2025,5113,GMADA,2025-10-30 00:00:00,,,HOSP,5,1110104000,317797.23,PINAMAR HIGIENE INSTITUCIONAL S.R.L.PRESUPUESTO Nº 0016-00002078.MUCAMAS.,G,0,2025-10-30 11:28:29,131,2,000000,,,
2025,5283,GMADA,2025-11-18 00:00:00,,,OPP,3,1110103000,155285.0,Exp.:329/25 Sol. Mejoras p/ Estadio Municipal - Prov.:Casa Harisgarat - Presup.:1006;1007,G,0,2025-11-18 10:04:54,110,35,000000,,,
2025,5132,GMADA,2025-11-03 00:00:00,,,000SU,25,1110118000,5457000.0,PROV. ATREUCO PUEL COMBUSTIBLE PARA MAQUINAS Y VEHICULOS DE ESTA SECRETARIA,G,0,2025-11-03 08:27:06,132,3,000000,,,
2025,5124,GMADA,2025-10-31 00:00:00,,,000A,24,1110117000,4500000.0,Expte 54/2025 Contatación Alonso Leandro Martin - Octubre- Diciembre,G,0,2025-10-31 09:42:45,110,ASLEG,000000,,,
2025,5184,GMADA,2025-11-06 00:00:00,,,ACCSOC,7,1110106000,1303000.0,"PRESUPUESTO N° X 6976059 de Rost, Tamara de ""FRUTERIA NEGRIN"" Plan Alimentario 2025",G,0,2025-11-06 12:19:49,132,4,000000,,,
2025,5137,GMADA,2025-11-03 00:00:00,,,BARU,25,1110118000,3956000.0,PROV. FGC FUELS MARKET GAS OIL PARA MAQUINAS PREDIO DISPOSICION FINAL RESIDUOS RUTA 11 KM 405.5,G,0,2025-11-03 08:52:47,132,,000000,,,
2025,5266,GMADA,2025-11-17 00:00:00,,,OPP,3,1110103000,217770.0,Exp.:2393/24 Cic: Extensión Red de Gas - Prov.:Casa Harisgarat - Presup.:01015,G,0,2025-11-17 08:24:08,110,35,000000,,,
2025,5203,GMADA,2025-11-07 00:00:00,,,000SU,25,1110118000,240000.0,PROV. MORALES ROCIO PRESUP.07/11/2025 REPARACION PARA CAMIONETA FOTON AF591SM,G,0,2025-11-07 12:19:38,110,3,000000,,,
2025,5280,GMADA,2025-11-18 00:00:00,,,OPP,3,1110103000,26469.0,Exp.:380/25 Sol. Revisión de Edificio HCD - Prov.:Casa Harisgarat - Presup.:01248,G,0,2025-11-18 07:55:53,110,35,000000,,,
2025,5299,GMADA,2025-11-20 00:00:00,,,ENV,7,1110106000,59500.0,"Expte N° 159/25 Proyecto de Talleres Programa Envión PRESUPUESTOS N° X 1843 / 1844  de ""HISPANOGRAF"" Campaña de prevención ""Suicidio Adolescente -Trabajos finales de los talleres del programa Envión",G,0,2025-11-20 08:35:49,110,CASA,000000,,,
2025,5289,GMADA,2025-11-18 00:00:00,,,PROD,14,1110108000,2593500.0, PROV. UNIVERSIDAD NACIONAL DEL CENTRO DE LA PROVINCIA DE BUENOS AIRES - SEC. PROD,G,0,2025-11-18 12:34:49,132,8,000000,,,
2025,5297,GMADA,2025-11-20 00:00:00,,,ACCSOC,7,1110106000,131000.0,"PRESUPUESTO N° 00000087 de Juan Manuel Suaréz de ""CARPINTER{IA DE ALUMINIO VIDRIERIA SUAREZ"" Para la bloquera",G,0,2025-11-20 08:29:53,110,4,000000,,,
2025,5306,GMADA,2025-11-20 00:00:00,,,ACCSOC,7,1110106000,346700.0,"PRESUPUESTO  de ""EL CENTRO DE LOS AMIGOS"" Familia: Acosta, Laura - Gomez, Máxima - Garay, María Eugenia - Brites",G,0,2025-11-20 09:34:31,132,4,000000,,,
2025,5314,GMADA,2025-11-20 00:00:00,,,JARD,7,1110106000,16100.0,"PRESUPUESTO N° 0000991 de Terranova Lucas Hernan ""TERRANOVAQUIMICA""",G,0,2025-11-20 12:09:13,132,JARDM,000000,,,
2025,5303,GMADA,2025-11-20 00:00:00,,,ACCSOC,7,1110106000,1150000.0,"PRESUPUESTO N° X 7390236 de  Sergio Peyrano de ""ATMÓSFERICO LA PRIMERA""",G,0,2025-11-20 08:59:46,132,4,000000,,,
2025,5322,GMADA,2025-11-25 00:00:00,,,ACCSOC,7,1110106000,6994640.0,"PRESUPUESTO N° X 00000033 de Lo coco, Marcelo Alejandro de ""TODO COLOR""",G,0,2025-11-25 09:47:19,132,4,000000,,,
2025,5313,GMADA,2025-11-20 00:00:00,,,GRAN,7,1110106000,9700.0,"PRESUPUESTO N° 000990 de Terranova Lucas Hernán de ""TERRANOVAQUIMICA""",G,0,2025-11-20 12:06:00,110,GRAN,000000,,,
2025,5357,GMADA,2025-12-01 00:00:00,,,DELE,2,1110102000,53000.0,"PRESUPUESTO 7701, IVANPER",G,0,2025-12-01 07:39:49,110,4,000000,,,
2025,5315,GMADA,2025-11-20 00:00:00,,,ACCSOC,7,1110106000,120250.0,"PRESUPUESTO N° 00000053 de Gonzalo A. Bustamante de ""TODO POLLO"" Esfuerzo Solidario 2025",G,0,2025-11-20 12:11:58,132,4,000000,,,
2025,5343,GMADA,2025-11-27 00:00:00,,,GOBHAC,2,1110102000,350000.0,PREVISION OCA,G,0,2025-11-27 10:47:57,110,1,000000,,,
2025,5324,GMADA,2025-11-25 00:00:00,,,ENV,7,1110106000,170000.0,"Expte N° 1913/2025 Renovación de contrato Sr. Lopéz, Luis Miguel. Barbero. No cumple con el Art. 45 de la Ley 14.656",G,0,2025-11-25 10:52:28,110,CASA,000000,,,
2025,5348,GMADA,2025-11-28 00:00:00,,,BARU,25,1110118000,525224.7,"PRESUPUESTO 6728, ZMG ARGENTINA SRL",G,0,2025-11-28 07:45:06,110,3,000000,,,
2025,5356,GMADA,2025-12-01 00:00:00,,,CAS,3,1110111000,22960.0,"PRESUPUESTO 7690, IVANPER",G,0,2025-12-01 07:34:30,131,6,000000,,,
2025,5364,GMADA,2025-12-01 00:00:00,,,HOSP,5,1110104000,64000.0,IMPRENTA EL ARGENTINO. IRMA CRISTINA BONOMI. PRESUPUESTO Nº 545.HOSPITAL MUNICIPAL.,N,0,2025-12-01 08:10:11,131,2,000000,,,
2025,5359,GMADA,2025-12-01 00:00:00,,,18C,25,1110118000,21000.0,"PRESUPUESTO 1159/1161, JAUREGUIBERRY HERNAN",G,0,2025-12-01 07:54:01,110,7,000000,,,
2025,5358,GMADA,2025-12-01 00:00:00,,,CAS,3,1110111000,15000.0,"PRESUPUESTO 1160, JAUREGUIBERRY HERNAN",G,0,2025-12-01 07:42:44,131,6,000000,,,
2025,5361,GMADA,2025-12-01 00:00:00,,,VIMUNI,25,1110118000,83000.0,"PRESUPUESTO 1161, JAUREGUIBERRY HERNAN",G,0,2025-12-01 07:58:00,110,17,000000,,,
2025,5360,GMADA,2025-12-01 00:00:00,,,BROM,11,1110104000,24598.42,ALPA PAPELERA. PAOLA AMELIA MATIENZO. PRESUPUESTO Nº 0002-00003807.BROMATOLOGIA Y ZOONOSIS.,G,0,2025-12-01 07:54:43,110,13,000000,,,
2025,5362,GMADA,2025-12-01 00:00:00,,,HOSP,5,1110104000,55900.0,IVANPER REPUESTOS. PRESUPUESTO Nº 007657.AMBUILANCIAS Nº 8 PAA 334 Y Nº 9 AB 029 OI.,G,0,2025-12-01 08:02:55,131,2,000000,,,
2025,5378,GMADA,2025-12-02 00:00:00,,,HOSP,5,1110104000,200000.0,OPAZO DANIEL- PRESUPUESTO N° 1/12/2025 ( CONSULTORIO UNO- HABITACION DE LOS MEDICOS- LAVADERO),G,0,2025-12-02 09:30:37,131,2,000000,,,
2025,5365,GMADA,2025-12-01 00:00:00,,,BROM,11,1110104000,391684.8,AGROVET MARZULLO. PRESUPUESTO Nº 0001-00001137.BROMATOLOGIA.,G,0,2025-12-01 08:19:20,110,13,000000,,,
2025,4511,GMADA,2025-09-05 00:00:00,,,SCOOR,22,1110115000,403360.0," EXPTE. 20/2025, IASSA S.A Abono 5544,5579.",G,0,2025-09-05 11:23:26,110,1,000000,,,
2025,4618,GMADA,2025-09-15 00:00:00,,,SECSEG,20,1110113000,20428.8,"Electro Dannunzio, presupuestp 28945 (para linternas del personal de patrulla urbana)",G,0,2025-09-15 09:55:22,110,25,000000,,,
2025,4660,GMADA,2025-09-19 00:00:00,,,000SU,25,1110118000,1106860.2,"PROV.MERCEDES LA PLATA PRESUP.182620 REPUESTOS PARA  MERCEDES BENZ 1114 TGL092,FORD 14000 DMI232 ,COLECTIVO LAN557",G,0,2025-09-19 07:41:41,110,3,000000,,,
2025,4667,GMADA,2025-09-19 00:00:00,,,DECI,25,1110118000,522400.0,PROV.LUIS LOMBARIDA PRESUP.0143 REPUSTOS PARA MAQUINAS CORTA PASTO,G,0,2025-09-19 12:09:05,110,3,,,,
2025,4733,GMADA,2025-09-24 00:00:00,,,DEP,13,1110109000,47400.0,"PRESUPUESTO N° 018506 - ELECTRICIDAD ""EL GALLEGO"" / CAJAS DE INSPECCION PARA EL ESTADIO MUNICIPAL",G,0,2025-09-24 11:12:49,110,9,000000,,,
2025,4780,GMADA,2025-09-29 00:00:00,,,MAYOR,2,1110102000,90000.0,"PRESUPUESTO 4921542, TALLER PROTEGIDO FAE",G,0,2025-09-29 11:34:32,110,37,000000,,,
2025,4769,GMADA,2025-09-29 00:00:00,,,CAS,3,1110111000,140000.0,"PRESUPUESTO 075, BERON BRAULIO",G,0,2025-09-29 09:06:15,131,6,000000,,,
2025,4790,GMADA,2025-09-30 00:00:00,,,LAV,5,1110104000,151250.0,PINAMAR HIGIENE INSTITUCIONAL SRL- PRESUPUESTO N° 0004-00001308 (LAVADERO),G,0,2025-09-30 08:45:01,131,2,000000,,,
2025,4771,GMADA,2025-09-29 00:00:00,,,CAS,3,1110111000,783900.0,"PRESUPUESTO 2539, PROTO SRL",G,0,2025-09-29 10:02:19,131,6,000000,,,
2025,4788,GMADA,2025-09-30 00:00:00,,,FARM,5,1110104000,3168133.0,QUALIMED- PRESUPUESTO N° 74 (FARMACIA),G,0,2025-09-30 08:30:44,131,2,000000,,,
2025,4785,GMADA,2025-09-29 00:00:00,,,CAS,3,1110111000,5381234.0, Corresponde contrato Von Saldern German -,G,0,2025-09-29 12:26:47,131,6,000000,,,
2025,2876,GMADA,2025-05-20 00:00:00,,,INT,1,1110101000,530000.0,Corresponde presupuesto AYAIA OSCAR,G,0,2025-05-20 12:01:17,110,1,000000,,,
2025,2861,GMADA,2025-05-20 00:00:00,,,CONTRA,19,1110112000,196000.0,Corresponde presupuesto N° 000511 - BONOMI IRMA CRISTINA,G,0,2025-05-20 09:03:00,110,CONTR,000000,,,
2025,3104,GMADA,2025-06-02 00:00:00,,,OPP,3,1110103000,5980000.0,Exp.:3093/24 Coloc. caños SIP -  Prov.:De Vito - Presup.:Contrato,G,0,2025-06-12 11:35:57,131,35,000000,,,
2025,3068,GMADA,2025-05-29 00:00:00,,,PROD,14,1110108000,42000.0," PROV. MERCERIA EL DEDAL ""Arriola Maria Teresa"". PRESU. N°06/12- SEC. PRODUCCION-",G,0,2025-05-29 13:00:14,110,8,000000,,,
2025,3100,GMADA,2025-06-02 00:00:00,,,OPP,3,1110103000,4714402.0, Prov. F.G. Iluminacion SAS  - Presup. 0201148,G,0,2025-06-02 08:33:58,110,35,000000,,,
2025,3154,GMADA,2025-06-04 00:00:00,,,HOGANC,5,1110104000,99698.16,"PINAMAR HIGIENE INSTITUCIONAL SRL, REMITO N° 0016-00001797, HOGAR DE ANCIANOS",G,0,2025-06-04 12:11:21,131,H.ANC,000000,,,
2025,3158,GMADA,2025-06-04 00:00:00,,,COC,5,1110104000,1136799.0,"MADA POY S.A PRESUPUESTO 0001-00000826, COCINA",G,0,2025-06-04 13:39:08,131,2,000000,,,
2025,3152,GMADA,2025-06-04 00:00:00,,,COC,5,1110104000,53687.8,"PINAMAR HIGIENE INSTITUCIONAL SRL, REMITO N° 0016-00001796 COCINA",G,0,2025-06-04 11:53:19,131,2,000000,,,
2025,3550,GMADA,2025-07-01 00:00:00,,,OPP,3,1110103000,62170.0,Exp.:1322/24 Energía Eléctrica Chacra II - A - 57 - Prov.:Casa Harisgarat - Presup.:01160,G,0,2025-07-01 09:38:44,110,35,000000,,,
2025,3156,GMADA,2025-06-04 00:00:00,,,COC,5,1110104000,498550.0,"MADA POY S.A PRESUPUESTO 000-00000827, COCINA",G,0,2025-06-06 07:59:20,131,2,000000,,,
2025,3519,GMADA,2025-06-30 00:00:00,,,GOBHAC,2,1110102000,222000.0,"PRESUPUESTO 146, EMPRESA DE TRANSPORTE 12 DE OCTUBRE",G,0,2025-06-30 07:39:03,110,1,000000,,,
2025,3548,GMADA,2025-07-01 00:00:00,,,OPP,3,1110103000,68071.0,Exp.:1811/21 PREIMBA- PROYECTO PARQUE DE LA ESTACIÓN - Prov.:Todo Color - Presup.:05244,G,0,2025-07-01 09:26:10,110,35,000000,,,
2025,3553,GMADA,2025-07-01 00:00:00,,,OPP,3,1110103000,108000.0,Exp.:253/21 Sol. revisión de la instalación de gas - Prov.:Casa Harisgarat - Presup.:01166,G,0,2025-07-01 10:09:02,110,35,000000,,,
2025,3562,GMADA,2025-07-01 00:00:00,,,AREAJ,2,1110102000,2000000.0,PREVISION PARAJE MACEDO,G,0,2025-07-01 12:16:04,110,DMACE,000000,,,
2025,3551,GMADA,2025-07-01 00:00:00,,,OPP,3,1110103000,539500.0,Exp.:380/25 Sol. Revisión de Edificio HCD - Prov.:Casa Harisgarat - Presup.:01174,G,0,2025-07-01 09:45:08,110,35,000000,,,
2025,3768,GMADA,2025-07-14 00:00:00,,,COC,5,1110104000,152000.0,AVICOLA DEL TUYU DE ANDERS VICTOR- PRESUPUESTO N° 0008-00002561 (COCINA HOSPITAL),G,0,2025-07-14 10:12:07,131,2,000000,,,
2025,3560,GMADA,2025-07-01 00:00:00,,,OPP,3,1110103000,56000.0,Prov.:Campo y Ciudad - Presup.:014862 - PARA EL AREA DE SOSP,G,0,2025-07-01 11:44:17,110,35,000000,,,
2025,3610,GMADA,2025-07-02 00:00:00,,,DEP,13,1110109000,40000.0,PRESUPUESTO N°6704 - BATERIAS LA PRIMERA / ACEITE MOTOR PARA MAQUINAS DE CORTAR CESPED,G,0,2025-07-02 11:16:22,110,9,,,,
2025,3765,GMADA,2025-07-14 00:00:00,,,HOSP,5,1110104000,24000.0,MARZULLO COMPUTACION- PRESUPUESTO N° 0001-00001279 (INFORMATICA),G,0,2025-07-14 08:37:04,131,2,000000,,,
2025,3777,GMADA,2025-07-14 00:00:00,,,HOSP,5,1110104000,150000.0,"AC REFRIGERACION DE CATALDO ADOLFO - PRESUPUESTO N° 368 ( ARCHIVO, RAYOS Y PEDIATRIA)",G,0,2025-07-14 11:42:11,131,2,000000,,,
2025,3766,GMADA,2025-07-14 00:00:00,,,LAV,5,1110104000,37605.54,PINAMAR HIGIENE INSTITUCIONAL SRL- PRESUPUESTO N° 0016-00001863 (LAVADERO),G,0,2025-07-14 08:56:59,131,2,000000,,,
2025,4046,GMADA,2025-08-04 00:00:00,,,000SU,25,1110118000,6500000.0,PROV. ATRUCO PUEL COMBUSTIBLEPARA MAQUINAS Y VEHICULOS ES ESTA SECRETARIA,G,0,2025-08-04 07:27:34,131,3,000000,,,
2025,3769,GMADA,2025-07-14 00:00:00,,,HOSP,5,1110104000,54880.0,ELECTRO D ANNUNZIO- PRESUPUESTO N° 28565 (INTERNACION-GUARDIA),G,0,2025-07-14 10:16:38,131,2,000000,,,
2025,3866,GMADA,2025-07-18 00:00:00,,,DEP,13,1110109000,300000.0,PREVISION SIN N° - PANADERIA DELICIAS MADARIAGA,G,0,2025-07-18 12:30:12,110,9,000000,,,
2025,4040,GMADA,2025-08-01 00:00:00,,,DEP,13,1110109000,24159.94,PRESUPUESTO N°3727 - ALPA MADARIAGA,G,0,2025-08-01 12:20:56,110,9,000000,,,
2025,4048,GMADA,2025-08-04 00:00:00,,,000SU,25,1110118000,4356000.0,PROV.HECTOR DANIEL AYCIRIEX CONTRATACION DE RETROEXCAVADORA SEGUN EXPET.2270/25,N,0,2025-08-04 07:57:35,110,3,000000,,,
2025,4147,GMADA,2025-08-07 00:00:00,,,LAV,5,1110104000,478253.75,PINAMAR HIGIENE INSTITUCIONAL SRL - PRESUPUESTO N° 0016-00001920 (LAVADERO),G,0,2025-08-07 13:17:45,131,2,000000,,,
2025,4047,GMADA,2025-08-04 00:00:00,,,BARU,25,1110118000,3500000.0,PROV. FGC FUELS MARKET GAS OIL PARA MAQUINAS DE PREDIO DISPOSICION FINAL RUTA 11 KM 405.5,G,0,2025-08-04 07:34:20,110,,000000,,,
2025,4049,GMADA,2025-08-04 00:00:00,,,000SU,25,1110118000,10784000.0,PROV. CASA ELICEIRY GAS OIL PARA MAQUINAS Y VEHICULSO  DE ESTA SECRETARIA,G,0,2025-08-04 08:58:48,132,3,000000,,,
2025,4144,GMADA,2025-08-07 00:00:00,,,ACCSOC,7,1110106000,1154164.48,"Expte N° 1813/25 Renovación de contrato. Sra. López, María Manuela. Acompañante terapeutico. No cumple con el Art. 45 de la Ley 14.656",G,0,2025-08-07 12:39:26,132,4,000000,,,
2025,4146,GMADA,2025-08-07 00:00:00,,,QUI,5,1110104000,630000.0,AZCUENAGA- PRESUPUESTO N° 00002-00052804 (QUIROFANO),G,0,2025-08-07 12:52:51,131,2,000000,,,
2025,4149,GMADA,2025-08-07 00:00:00,,,HOSP,5,1110104000,183600.0,FAE- PRESUPUESTO N° 4921533 (OFFICE MUCAMAS),G,0,2025-08-07 13:26:57,131,2,000000,,,
2025,4351,GMADA,2025-08-25 00:00:00,,,HOSP,5,1110104000,270000.0,MIGUEL LOPEZ,G,0,2025-08-25 13:18:24,131,2,000000,,,
2025,4148,GMADA,2025-08-07 00:00:00,,,COC,5,1110104000,942675.0,MADA POY SA- PRESUPUESTO N° 0001-00000864 (COCINA),G,0,2025-08-07 13:21:37,131,2,000000,,,
2025,4318,GMADA,2025-08-21 00:00:00,,,CONTRA,19,1110112000,994120.0,Corresponde presupuesto N° 00000029 - Lococo Marcelo,G,0,2025-08-21 10:59:50,110,CONTR,000000,,,
2025,4327,GMADA,2025-08-22 00:00:00,,,000SU,25,1110118000,180000.0,"PROV. LEANDRO BOGADO PRESUP.1116,1126 REPARACION PARA FORD RANGER KYV355 Y CAMION VW 17280 AF497IJ",G,0,2025-08-22 08:25:04,110,3,000000,,,
2025,4348,GMADA,2025-08-25 00:00:00,,,HOSP,5,1110104000,3101813.71,"UNO ELECTROMEDICINA, N° PRES 00003-00013300",G,0,2025-08-25 12:36:54,131,2,000000,,,
2025,4350,GMADA,2025-08-25 00:00:00,,,OFPER,5,1110104000,63362.24,"ELECTRO D´ANNUNZIO, N° PRESUPUESTO 00028885",G,0,2025-08-25 12:55:34,131,2,000000,,,
2025,4354,GMADA,2025-08-25 00:00:00,,,COC,5,1110104000,479664.0,"JAVIER DURANTE, N° PRES. 0001-00000738 COCINA",N,0,2025-12-19 13:05:03,131,2,000000,,,
2025,4826,GMADA,2025-10-02 00:00:00,,,HOSP,5,1110104000,468784.84,PINAMAR HIGIENE INSTITUCIONAL SRL- PRESUPUESTO N° 0016-00002026/2027 (LAVADERO-OFFICE DE MUCAMAS),G,0,2025-10-02 10:24:18,131,2,000000,,,
2025,4352,GMADA,2025-08-25 00:00:00,,,HOSP,5,1110104000,87077.33,"JAVIER DURANTE, N° PRES. 0001-00000712, COCINA SALUD",G,0,2025-08-25 13:33:42,131,2,000000,,,
2025,4399,GMADA,2025-08-29 00:00:00,,,OPP,3,1110103000,97160.0,Exp.:699/25 Reparac. Oficina Medio Ambiente - Prov.:Casa Harisgarat - Presup.:045891,G,0,2025-08-29 08:40:42,110,21,000000,,,
2025,4481,GMADA,2025-09-04 00:00:00,,,HOSP,5,1110104000,410339.25,FARMACIA TONANI - PRESUPUESTO S/N° MEDICAMENTOS DISPENSADOS DESDE EL 23/08/25 AL 28/08/25,G,0,2025-09-04 12:51:37,131,2,000000,,,
2025,4484,GMADA,2025-09-04 00:00:00,,,COC,5,1110104000,105000.0,AVICOLA DEL TUYU DE VICTOR ANDERS- PRESUPUESTO N° 0008-00003821 (COCINA),G,0,2025-09-05 09:05:31,131,2,000000,,,
2025,4814,GMADA,2025-10-01 00:00:00,,,HOSP,5,1110104000,19560000.0,CORRESPONDE EXPTE Nº 2545/25. DR. BUGIOLACHI JORGE. CONTRATO DESDE EL 01/09/2025 AL 31/12/2025.,N,0,2025-10-31 07:56:13,131,2,000000,,,
2025,3013,GMADA,2025-05-28 00:00:00,,,LAB,5,1110104000,452638.9,UNO ELECTROMEDICINA - PRESUPUESTO N° 3-12741 (LABORATORIO HOSPITAL),G,0,2025-05-28 12:59:16,131,2,000000,,,
2025,3009,GMADA,2025-05-28 00:00:00,,,FARM,5,1110104000,2735775.8,"MAX CONTINENTAL - PRESUPUESTOS N° 1-146688, 1-150628 Y 1-150666 (FARMACIA HOSPITAL)",G,0,2025-05-28 12:57:34,131,2,000000,,,
2025,3010,GMADA,2025-05-28 00:00:00,,,FARM,5,1110104000,1712940.31,PILOÑA - PRESUPUESTO N° 4-181702 (FARMACIA HOSPITAL),G,0,2025-05-28 12:56:16,131,2,000000,,,
2025,3798,GMADA,2025-07-15 00:00:00,,,DEP,13,1110109000,328000.0,PRESUPUESTO N°8136 - MATAFUEGOS RUTA 11 / MATAFUEGO NUEVO PARA POLIDEPORTIVO MUNICIPAL,G,0,2025-07-15 10:19:26,110,9,000000,,,
2025,3922,GMADA,2025-07-23 00:00:00,,,000F,24,1110117000,11807.6,"PRESUPUESTO 28728, SUC DANNUNZIO JORGE",G,0,2025-07-23 11:48:30,110,20,000000,,,
2025,3032,GMADA,2025-05-29 00:00:00,,,CASA,1,1110105000,6000000.0,POLIZA DE RUS,G,0,2025-05-29 08:07:03,110,CACUL,000000,,,
2025,3485,GMADA,2025-06-26 00:00:00,,,ACCSOC,7,1110106000,6247035.0,"PRESUPUESTO N° X 00000022 de Lo coco, Marcelo Alejandro de ""TODO COLOR"" MAYO 2025",G,0,2025-06-26 12:31:32,132,4,000000,,,
2025,3899,GMADA,2025-07-22 00:00:00,,,GOBHAC,2,1110102000,258000.0,"PRESUPUESTO 151, EMPRESA 12 DE OCTUBRE",G,0,2025-07-22 09:37:43,110,1,000000,,,
2025,3921,GMADA,2025-07-23 00:00:00,,,DMACED,2,1110102000,75000.0,"PRESUPUESTO 042, CARLOS ARGENTINO LOMBERA",G,0,2025-07-23 11:31:53,110,DMACE,000000,,,
2025,3925,GMADA,2025-07-23 00:00:00,,,INTIM,19,1110112000,1387202.02,"PRESUPUESTO 28756, SUC DANNUNZIO JORGE,ACONDICIONAMIENTO OFICINA NUEVA",G,0,2025-07-24 08:25:37,110,INGPU,000000,,,
2025,3928,GMADA,2025-07-24 00:00:00,,,AREAJ,2,1110102000,1380000.0,"PRESUPUESTO 000, MATIAS LIGARI AGELL, EXPTE. 1649/25",G,0,2025-07-24 07:39:05,110,23,000000,,,
2025,3923,GMADA,2025-07-23 00:00:00,,,INTIM,19,1110112000,124372.93,"PRESUPUESTO 28749, SUC DANNUNZIO JORGE,ACONDICIONAMIENTO DE OFICINA NUEVA",G,0,2025-07-24 08:23:03,110,INGPU,000000,,,
2025,4254,GMADA,2025-08-18 00:00:00,,,HOSP,5,1110104000,208960.0,TERRANOVA QUIMICA- PRESUPUESTO N° 963 (MUCAMAS Y HOGAR DE ANCIANOS),G,0,2025-08-18 08:18:33,131,2,000000,,,
2025,3927,GMADA,2025-07-24 00:00:00,,,AREAJ,2,1110102000,600000.0,"PRESUPUESTO 000 RIVERA JAVIER EMANUEL,EXPTE. 1649/25",G,0,2025-07-24 07:31:51,110,1,000000,,,
2025,3939,GMADA,2025-07-24 00:00:00,,,CAS,3,1110111000,105644.0,"PRESUPUESTO 697, DURANTE JAVIER",G,0,2025-07-24 12:11:36,131,6,000000,,,
2025,3930,GMADA,2025-07-24 00:00:00,,,AREAJ,2,1110102000,400000.0,"PRESUPUESTO 000, LOIS GISELA SOLEDAD, EXPTE. 1649/25",G,0,2025-07-24 07:55:09,110,23,000000,,,
2025,4253,GMADA,2025-08-18 00:00:00,,,HOSP,5,1110104000,29250.0,MATAFUEGOS RUTA 11- PRESUPUESTO N° 8285 - AMBULANCIA  DOMINIO: AA775QW,G,0,2025-08-18 10:32:48,131,2,000000,,,
2025,4259,GMADA,2025-08-18 00:00:00,,,FARM,5,1110104000,1454036.49,MAX CONTINENTAL- PRESUPUESTO N° 0001-00153559 (FARMACIA),G,0,2025-08-18 10:04:29,131,2,000000,,,
2025,4256,GMADA,2025-08-18 00:00:00,,,COC,5,1110104000,25200.0,SANTA PAULA- PRESUPUESTO N° 0001-00002099 (COCINA),G,0,2025-08-18 08:25:57,131,2,000000,,,
2026,97,GMADA,2026-01-05 00:00:00,,,COC,5,1110104000,324575.0,TODO POLLO- PRESUPUESTO N° 57 (COCINA) DESDE EL 5/12/25 AL 31/12/2025,G,0,2026-01-05 11:12:40,131,2,000000,,,
2026,395,GMADA,2026-01-19 00:00:00,,,SECSEG,20,1110113000,221000.0,"Rodamietos Tuyu, presupuesto 3040 (KYV375)",G,0,2026-01-19 11:31:12,110,25,000000,,,
2026,652,GMADA,2026-02-11 00:00:00,,,DEP,13,1110109000,250000.0,PREUSPUESTO N° 1181 - L.R.B  ELECTRICIDAD AUTOMOTOR - ARRANQUE IVECO AB603TW,G,0,2026-02-12 07:28:48,110,9,000000,,,
2026,413,GMADA,2026-01-21 00:00:00,,,000SU,25,1110118000,293402.0,"PROV.SILVIA SORAGNI PRESUP.601 REPUESTOS PARA PALA SDLG CII58, DMI232,LED010",G,0,2026-01-21 07:25:10,110,3,000000,,,
2026,397,GMADA,2026-01-19 00:00:00,,,SECSEG,20,1110113000,90150.0,"Ivanper, presupuesto 7889 (KYV375-NUF386-AE704AX)",G,0,2026-01-19 11:47:31,110,25,000000,,,
2026,462,GMADA,2026-01-24 00:00:00,,,HOSP,5,1110104000,2800424.38,B - GATE PRESUPUESTO0005 - 00007342  MANTENIMIENTO PREVENTIVO BGOX - 6,G,0,2026-01-24 09:36:28,131,2,000000,,,
2026,417,GMADA,2026-01-21 00:00:00,,,DECI,25,1110118000,673200.0,PROV.LUIS LOMBARDIA PRESUP.0059 REPUESTOS E INSUMOS PARA MAQUINAS CORTA PASTO MOTOGUADAÑAS,G,0,2026-01-29 12:40:16,110,DEFCI,000000,,,
2026,650,GMADA,2026-02-11 00:00:00,,,DEP,13,1110109000,193682.0,PRESUPUESTO N° 1027 - CASA HARISGARAT - REPARACIONES ESTADIO MUNICIPAL,G,0,2026-02-11 09:19:24,110,9,000000,,,
2026,744,GMADA,2026-02-18 00:00:00,,,DMACED,2,1110102000,179000.0,"PRESUPUESTO 9748501, BALLETTO JUAN",G,0,2026-02-18 12:51:34,110,DMACE,000000,,,
2026,701,GMADA,2026-02-12 00:00:00,,,OPP,3,1110103000,3500000.0,Exp.:699/25 Sol. Reparaciones p/ Oficina de Medio Ambiente - Prov.:Solari Federico - Presup.:Contrato,G,0,2026-02-12 10:50:07,110,35,000000,,,
2026,733,GMADA,2026-02-18 00:00:00,,,SEHA,19,1110112000,100000.0,"PRESUPUESTO 377, CATALDO ADOLFO",G,0,2026-02-18 07:38:39,110,1,000000,,,
2026,953,GMADA,2026-03-06 00:00:00,,,000SU,25,1110118000,180500.0,"PROV. F.A.E.  PRESUP.1549,7711 BOLSA DE RESIDUOS PARA VIVERO MUNICIPAL Y MEDIO AMBIENTE",G,0,2026-03-06 08:29:17,110,17,000000,,,
2025,4265,GMADA,2025-08-18 00:00:00,,,FARM,5,1110104000,1918627.57,PILOÑA- PRESUPUESTO N° 0004-00187761 (FARMACIA),G,0,2025-08-18 10:05:59,131,2,000000,,,
2025,4753,GMADA,2025-09-25 00:00:00,,,HOSP,5,1110104000,70000.0,AVICOLA DEL TUYU DE VICTOR ANDERS- PRESUPUESTO N° 0008-00003453/3454 ( COCINA Y HOGAR DE ANCIANOS),G,0,2025-09-25 09:57:07,131,2,000000,,,
2025,4748,GMADA,2025-09-25 00:00:00,,,HOSP,5,1110104000,325459.67,FARMACIA SOTO-  PRESUPUESTO N° 913 MEDICAMENTOS DISPENSADOS DESDE EL 26/08/25 HASTA EL 20/09/2025,G,0,2025-09-25 08:21:43,131,2,000000,,,
2025,4750,GMADA,2025-09-25 00:00:00,,,HOSP,5,1110104000,583156.87,FARMACIA TONANI-   PRESUPUESTO S/N° MEDICAMENTOS DISPENSADOS DESDE EL 5/09/25 HASTA EL 20/09/2025,G,0,2025-09-25 08:29:22,131,2,000000,,,
2025,4804,GMADA,2025-10-01 00:00:00,,,LAB,5,1110104000,184814.4,UNO ELECTROMEDICINA - PRESUPUESTO N° 13860 (LABORATORIO),G,0,2025-10-01 08:51:30,131,2,000000,,,
2025,4800,GMADA,2025-10-01 00:00:00,,,COC,5,1110104000,903514.0,MADA POY S.A- PRESUPUESTO N° 0001- 00000892 (COCINA) DESDE EL 25/09 AL 2/10/25,G,0,2025-10-06 08:43:04,131,2,000000,,,
2025,4807,GMADA,2025-10-01 00:00:00,,,COC,5,1110104000,229900.0,TODO POLLO- PRESUPUESTO N° 39 ( COCINA) DESDE EL 29/09/25  AL 6/10/25,G,0,2025-10-06 08:45:31,131,2,000000,,,
2025,4801,GMADA,2025-10-01 00:00:00,,,HOSP,5,1110104000,136406.15,PINAMAR HIGIENE INSTITUCIONAL SRL- PRESUPUESTO N° 0016-00002012/2013 (HOSPITAL Y HOGAR),G,0,2025-10-01 08:25:03,131,2,000000,,,
2025,4805,GMADA,2025-10-01 00:00:00,,,HOSP,5,1110104000,558900.0,AZCUENAGA- PRESUPUESTO N° 00002-00053904 (FARMACIA- QUIROFANO),G,0,2025-10-01 09:32:24,131,2,000000,,,
2025,4809,GMADA,2025-10-01 00:00:00,,,HEMO,5,1110104000,9922.0,DURANTE JAVIER- PRESUPUESTO N° 0001-00000763 (HEMOTERAPIA),G,0,2025-10-01 10:09:20,131,2,000000,,,
2025,4808,GMADA,2025-10-01 00:00:00,,,HOGANC,5,1110104000,252300.0,TODO POLLO- PRESUPUESTO N° 38 (HOGAR DE ANCIANOS) DESDE EL 29/09/25 AL 6/10/2025,G,0,2025-10-06 08:53:44,131,2,000000,,,
2025,4828,GMADA,2025-10-02 00:00:00,,,HOSP,5,1110104000,262957.2, PINAMAR HIGIENE INSTITUCIONAL SRL- PRESUPUESTO N° 0016-00002029 (INTERNACION-UTI),G,0,2025-10-02 10:28:26,131,2,000000,,,
2025,4811,GMADA,2025-10-01 00:00:00,,,BROM,11,1110104000,10256.4,ELECTRO D ANNUNZIO- PRESUPUESTO N° 28943 (BROMATOLOGIA),G,0,2025-10-01 11:36:37,110,13,000000,,,
2025,4810,GMADA,2025-10-01 00:00:00,,,FARM,5,1110104000,2311042.31,PILOÑA- PRESUPUESTO N° 24/09/2025 (FARMACIA),G,0,2025-10-01 10:48:15,131,2,000000,,,
2025,5247,GMADA,2025-11-13 00:00:00,,,OPP,3,1110103000,74880.0,Exp.:1069/23 Municipios a la Obra - Alem / Venezuela - Prov.:Casa Harisgarat - Presup.:1242;1243,G,0,2025-11-17 11:05:36,132,35,000000,,,
2025,4829,GMADA,2025-10-02 00:00:00,,,SALA I,5,1110104000,4349550.0,QUALIMED - PRESUPUESTO N° 75 ( TOMOGRAFO),G,0,2025-10-02 10:40:47,131,2,000000,,,
2025,4830,GMADA,2025-10-02 00:00:00,,,LAB,5,1110104000,119385.0,LABORATORIO BIOQUIMICO MAR DEL PLATA S.A- PRESUPUESTO S/N°  PRACTICAS DE LABORATORIO DE ALTA COMPLEJIDAD REALIZADAS EN EL MES DE AGOSTO/2025,G,0,2025-10-03 08:46:02,131,2,000000,,,
2025,4831,GMADA,2025-10-02 00:00:00,,,HOSP,5,1110104000,152450.0,SOUSSE´S S.R.L- PRESUPUESTO S/N° 11-09,G,0,2025-10-02 12:48:36,131,2,000000,,,
2025,4880,GMADA,2025-10-08 00:00:00,,,TURIS,6,1110105000,84000.0,Hotel San Carlos - Inmobiliaria san carlos SACIFA - ALOJAMIENTO GASPARINI CONCURSO DE ASADORES,G,0,2025-10-08 07:52:56,110,TURIS,000000,,,
2025,5221,GMADA,2025-11-12 00:00:00,,,CAS,3,1110111000,1543600.0,Corresponde presupuesto n° 0000006904/0000006903/0000006822/0000006852/0000006857/0000006865/0000006870/0000006873- RAMOS E ISIDRO - BATERIAS LA PRIMERA,G,0,2025-11-12 08:19:11,131,6,000000,,,
2025,5238,GMADA,2025-11-12 00:00:00,,,GOB,2,1110102000,6590000.0,Corresponde prevision combustibles del salado- Gobierno,G,0,2025-11-12 11:48:26,110,SECGO,000000,,,
2025,5223,GMADA,2025-11-12 00:00:00,,,DELE,2,1110102000,73400.0,Corresponde presupuesto N° 0000006876 -0000006833 BATERIAS LA PRIMERA,G,0,2025-11-12 08:31:09,110,SECGO,000000,,,
2025,5239,GMADA,2025-11-12 00:00:00,,,GOB,2,1110102000,6590000.0,Corresponde prevision combustibles del salado- Gobierno,G,0,2025-11-12 11:51:17,110,SECGO,000000,,,
2025,5246,GMADA,2025-11-13 00:00:00,,,OPP,3,1110103000,772200.0,Exp.:1811/21 PREIMBA - PROYECTO PARQUE DE LA ESTACIÓN - Prov.:Vidrieria Suarez (Juan Manuel Suarez) - Presup.:078,G,0,2025-11-18 07:45:09,110,35,000000,,,
2025,5250,GMADA,2025-11-13 00:00:00,,,OPP,3,1110103000,11038.0,Exp.:1861/15 Construccion 36 Viviendas - Prov.:Casa Harisgarat - Presup.:1245,G,0,2025-11-13 08:45:13,132,35,000000,,,
2025,5326,GMADA,2025-11-25 00:00:00,,,HOGANC,5,1110104000,204500.0,TODO POLLO. GONZALO BUSTAMANTE. PRESUPUESTO Nº 52. COCINA HOGAR DE ANCIANOS.,G,0,2025-11-25 12:33:55,131,H.ANC,000000,,,
2025,5249,GMADA,2025-11-13 00:00:00,,,OPP,3,1110103000,58240.0,Exp.:3585/24 Ejecución/Reparación Rampas - Esquinas céntricas - Prov.:Casa Harisgarat - Presup.:1002;1250,G,0,2025-11-13 08:41:47,110,35,000000,,,
2025,5325,GMADA,2025-11-25 00:00:00,,,HOSP,5,1110104000,24000.0,SANTA PAULA. PENACCA SRL. PRESUPUESTO Nº 0001-00002146.COCINA HOSPITAL.. SEMANA DEL 17/11/25/ AL 23/11/25.,G,0,2025-11-25 12:24:02,131,2,000000,,,
2025,5369,GMADA,2025-12-01 00:00:00,,,FARM,5,1110104000,3555703.46,QUALIMED S.A- PRESUPUESTO N° 84 (FARMACIA),G,0,2025-12-01 12:06:02,131,2,000000,,,
2025,5390,GMADA,2025-12-03 00:00:00,,,DDS,7,1110106000,71600.0,"PRESUPUESTO N° 1845 de ""HISPANOGRAF"" Vale x 1 kg de Pan",G,0,2025-12-03 11:11:22,110,4,000000,,,
2026,396,GMADA,2026-01-19 00:00:00,,,SECSEG,20,1110113000,28099.72,"Papelera Alpa, presupuesto 3842 ( Inspeccion)",G,0,2026-01-19 11:36:05,110,25,000000,,,
2025,5370,GMADA,2025-12-01 00:00:00,,,COC,5,1110104000,340750.0,TODO POLLO- PRESUPUESTO N° 51 (COCINA) DESDE 29/11 AL 6/12/25,G,0,2025-12-01 13:16:58,131,2,000000,,,
2025,5405,GMADA,2025-12-09 00:00:00,,,OPP,3,1110103000,88202.0,Exp.:380/25 Sol. Revisión de Edificio HCD - Prov.:Todo Color - Presup.:5916,G,0,2025-12-09 08:51:48,110,35,000000,,,
2025,4792,GMADA,2025-09-30 00:00:00,,,FARM,5,1110104000,1586741.24,DROGUERIA  PERDOMINICI- PRESUPUESTO N° 22/09/2025 (FARMACIA),G,0,2025-09-30 10:12:19,131,2,000000,,,
2025,4853,GMADA,2025-10-06 00:00:00,,,COC,5,1110104000,24000.0,SANTA PAULA - PRESUPUESTO N° 1-2125 PARA FECHA 6/10/25 (COCINA HOSPITAL),G,0,2025-10-06 12:53:38,131,2,000000,,,
2025,4795,GMADA,2025-09-30 00:00:00,,,HOSP,5,1110104000,47182.94,ALPA - PRESUPUESTO N° 3780/3781 (HOGAR Y SALA DE ONCOLOGIA),G,0,2025-09-30 10:33:38,131,2,000000,,,
2025,4852,GMADA,2025-10-06 00:00:00,,,COC,5,1110104000,62400.0,SANTA PAULA - PRESUPUESTO N° 1-2121 PARA DIA 29/9/25 (HOGAR HOSPITAL),G,0,2025-10-06 12:52:13,131,2,000000,,,
2025,4855,GMADA,2025-10-06 00:00:00,,,HOGANC,5,1110104000,16000.0,PRODUCTOS COLOMBRARO - PRESUPUESTO N°378 FECHA 26/9/25 (COCINA DEL HOGAR),G,0,2025-10-07 08:32:01,131,2,000000,,,
2025,4857,GMADA,2025-10-06 00:00:00,,,HOSP,5,1110104000,5683.53,JORGE N FLORES E HIJOS - PRESUPUESTO B5002-26.762 FECHA 25/8/25 ( MANTENIMIENTO VEREDA SALIDA DE AMBULANCIA),G,0,2025-10-07 09:26:32,131,2,000000,,,
2025,4854,GMADA,2025-10-06 00:00:00,,,COC,5,1110104000,72000.0,SANTA PAULA - PRESUPUESTO N° 1-2123 PARA FECHA 2/10/25 (COCINA HOSPITAL),G,0,2025-10-06 12:54:53,131,2,000000,,,
2025,4860,GMADA,2025-10-06 00:00:00,,,LAV,5,1110104000,234697.96,PINAMAR HIGIENE INSTITUCIONAL - PRESUPUESTO N° 16-2040 FECHA 6/10/25 (LAVADERO HOSPITAL),G,0,2025-10-06 13:12:57,131,2,000000,,,
2025,4856,GMADA,2025-10-06 00:00:00,,,HOSP,5,1110104000,387634.0,PINTURERIA FERRETERIA TODO COLOR - PRESUPUESTO N° 5912 (SEGURIDAD- OFTALMOLOGIA- FARMACIA- MOVIL 6 JQS879- CAPS SAN MARTIN- MANTENIMIENTO),G,0,2025-10-07 08:35:01,131,2,000000,,,
2025,4862,GMADA,2025-10-06 00:00:00,,,HOGANC,5,1110104000,95411.33,PINAMAR HIGIENE INSTITUCIONAL - PRESUPUESTO N° 16-2028 FECHA 27/9/25 ( HOGAR DE ANCIANOS),G,0,2025-10-15 08:23:51,131,2,000000,,,
2025,4859,GMADA,2025-10-06 00:00:00,,,LAV,5,1110104000,723534.26,PINAMAR HIGIENE INSTITUCIONAL - PRESUPUESTO N° 16-2033 FECHA 30/9/25 (LAVADERO HOSPITAL),G,0,2025-10-15 08:24:10,131,2,000000,,,
2025,4864,GMADA,2025-10-06 00:00:00,,,FARM,5,1110104000,3644797.0,QUALIMED S.A - PRESUPUESTO N° 76 FECHA 26/9/25 (FARMACIA HOSPITAL),G,0,2025-10-11 10:38:51,131,2,000000,,,
2025,4861,GMADA,2025-10-06 00:00:00,,,HOGANC,5,1110104000,95540.73,PINAMAR HIGIENE INSTITUCIONAL - PRESUPUESTO N° 16-2041 FECHA 6/10/25 (HOGAR DE ANCIANOS),G,0,2025-10-07 08:37:24,131,2,000000,,,
2025,5001,GMADA,2025-10-21 00:00:00,,,COC,5,1110104000,350500.0,TODO POLLO- PRESUPUESTO N° 42 (COCINA) DESDE14/10 AL 21/10,G,0,2025-10-21 10:20:59,131,2,,,,
2025,4863,GMADA,2025-10-06 00:00:00,,,HOGANC,5,1110104000,892846.0,DURANTE JAVIER - PRESUPUESTO N° 1-766 FECHA 30/9/25 ( HOGAR DE ANCIANOS) ALIMENTOS PARA EL MES DE OCTUBRE,G,0,2025-10-07 08:43:28,131,2,000000,,,
2025,4993,GMADA,2025-10-21 00:00:00,,,HOSP,5,1110104000,80000.0,CORBELLINI HUGO CESAR- PRESUPUESTO 7/10/2025 (MOVIL 8 DOMINIO: PAA334),G,0,2025-10-21 08:18:03,131,2,000000,,,
2025,5000,GMADA,2025-10-21 00:00:00,,,SALA I,5,1110104000,4416405.0,QUALIMED- PRESUPUESTO N° 78 ( TOMOGRAFO),G,0,2025-10-21 09:55:38,131,2,000000,,,
2025,5178,GMADA,2025-11-06 00:00:00,,,LAB,5,1110104000,1661239.98,UNO ELECTROMEDICINA - PRESUPUESTO N° 00003-00014181 (LABORATORIO DE ANALISIS),G,0,2025-11-06 10:28:48,131,2,000000,,,
2025,5002,GMADA,2025-10-21 00:00:00,,,HOGANC,5,1110104000,261000.0,TODO POLLO- PRESUPUESTO N° 44 (HOGAR DE ANCIANOS) DESDE 20/10 AL 27/10/25,G,0,2025-10-23 08:35:48,131,2,000000,,,
2025,5028,GMADA,2025-10-23 00:00:00,,,CULTUR,1,1110105000,9069089.0,MERCEDES LA PLATA S.R.L.   COLECTIVO JZH 266,G,0,2025-10-23 10:43:31,110,5,000000,,,
2025,5071,GMADA,2025-10-28 00:00:00,,,CAS,3,1110111000,300000.0,CONTRATO OTERMIN CEFERINO GERMAN- OCTUBRE A DICIEMBRE,G,0,2025-10-28 10:27:57,131,6,000000,,,
2025,5100,GMADA,2025-10-29 00:00:00,,,SECSEG,20,1110113000,465000.0,"Leandro Bogado, presupuestos 1144-1146-1147-1148 (af496mn-nuf386-jch069)",G,0,2025-10-29 12:04:22,110,25,000000,,,
2025,5177,GMADA,2025-11-06 00:00:00,,,HOSP,5,1110104000,646800.0,GARCIA GLADYS PANADERIA ALEM- PRESUPUESTO N° 1342383 (HOSPITAL Y HOGAR DE ANCIANOS) MENSUAL DESDE 31/10/2025 AL 30/11/2025,G,0,2025-11-06 10:20:55,131,2,000000,,,
2025,5185,GMADA,2025-11-06 00:00:00,,,COC,5,1110104000,1171768.0,MADA POY S.A.- PRESUPUESTO N° 0001-00000912 (COCINA) MENSUAL DESDE EL 30/10 AL 30/11/2025,G,0,2025-11-06 13:15:03,131,2,000000,,,
2025,5181,GMADA,2025-11-06 00:00:00,,,LAV,5,1110104000,723535.08,PINAMAR HIGIENE INSTITUCIONAL SRL- PRESUPUESTO N° 0016-00002082 (LAVADERO),G,0,2025-11-06 11:31:56,131,2,000000,,,
2025,5179,GMADA,2025-11-06 00:00:00,,,HOGANC,5,1110104000,45500.0,MADA POY S.A- PRESUPUESTO N° 0001-00000911 HOGAR DE ANCIANOS (MENSUAL DESDE EL 29/10 HASTA EL 29/11/25),G,0,2025-11-06 10:55:40,131,2,000000,,,
2025,5193,GMADA,2025-11-07 00:00:00,,,GRAN,7,1110106000,18000.0,"PRESUPUESTO N° 00000088 de Juan Manuel Suarez de ""CARPINTERIA DE ALUMINIO VIDRIERIA SUAREZ"" Para ventana oficina de la granja de contención",G,0,2025-11-07 09:23:02,110,GRAN,000000,,,
2025,5195,GMADA,2025-11-07 00:00:00,,,ACCSOC,7,1110106000,110987.0,"PRESUPUESTO N° 00005911 de Silvia Beatriz Maistegui de ""PINTURERIA-FERRETERIA TODO COLOR"" Para realización de rampas, para uso de la cuadrilla, para servicio Local,",G,0,2025-11-07 09:42:13,110,4,000000,,,
2025,5192,GMADA,2025-11-07 00:00:00,,,ENV,7,1110106000,69000.0,"Expte N° 159/25 Proyecto de Talleres Programa Envión PRESUPUESTOS N° 00000084/85/86/89 de Juan Manuel Suarez de ""CARPINTERIA DE ALUMNINIO VIDRIERIA SUAREZ"" Taller de macramé,",G,0,2025-11-07 09:18:36,110,CASA,000000,,,
2025,5201,GMADA,2025-11-07 00:00:00,,,HOSP,5,1110104000,95452.0,"PINTURERIA TODO COLOR. Silvia B Maistegui.PRESUPUESTO Nº 00005920.SAECTOR KINESIOLOGIA,HOGAR DE ANCIANOS Y OFICINA DE PERSONAL.",G,0,2025-11-07 11:37:48,131,2,000000,,,
2025,5194,GMADA,2025-11-07 00:00:00,,,JARD,7,1110106000,172800.0,"PRESUPUESTO N° 00000090 de Juan Manuel Suarez de ""CARPINTERIA DE ALUMNIO VIDRIERIA SUAREZ"" Para ventana de la Casita de Chocolate",G,0,2025-11-07 09:25:40,132,JARDM,000000,,,
2025,5205,GMADA,2025-11-11 00:00:00,,,BROM,11,1110104000,273697.0,"PINTURERIA "" TODO COLOR"".SILVIA BEATRIZ MAISTEGUI.PRESUPUESTO Nº 00004623 BROMATOLOGIA Y ZOONOSIS.",G,0,2025-11-11 08:36:31,110,13,000000,,,
2025,5196,GMADA,2025-11-07 00:00:00,,,ENV,7,1110106000,29260.0,"PRESUPUESTO N° X 0001-00001003 de Tatano Harisgarat S.R.L. de ""CASA HARISGARAT"" Para arreglo del baño de la casa del Envión",G,0,2025-11-07 10:05:09,110,CASA,000000,,,
2025,5199,GMADA,2025-11-07 00:00:00,,,JARD,7,1110106000,17870.0,"PRESUPUESTOS N° X 0001-00001010/1013 de Tatano Harisgarat S.R.L. de ""CASA HARISGARAT"" Arreglo de baño en La Casita de Chocolate y colocación de hamaca",G,0,2025-11-07 10:23:22,132,JARDM,000000,,,
2025,5200,GMADA,2025-11-07 00:00:00,,,HOSP,5,1110104000,5292600.0,"""LA FRUTERIA"" LABATUT MARCELO. PRESUPUESTO. PEDIDO MES OCTUBRE COCINA HOSPITAL Y HOGAR DE ANCIANOS.",G,0,2025-11-07 10:43:30,131,2,000000,,,
2025,5204,GMADA,2025-11-11 00:00:00,,,HOSP,5,1110104000,55390.0,"CASA HARISGARAT.TATANO HARISAGARAT SRL.PRESUPUESTO Nº 0001-00001001, 0001-00001016. HOSPITAL Y HOGAR DE ANCIANOS.",G,0,2025-11-11 07:31:25,131,2,000000,,,
2025,5206,GMADA,2025-11-11 00:00:00,,,HOSP,5,1110104000,250680.0,CARPINTERIA DE ALUMINIO VIDRIERIA SUAREZ. JAUN MANUEL SUAREZ. PRESUPUESTO Nº 94 Y 98. CAPS BELGRANO Y CIC QUINTANILLA.,G,0,2025-11-11 08:00:02,131,2,000000,,,
2025,5216,GMADA,2025-11-11 00:00:00,,,HOSP,5,1110104000,91146.0,CASA HARISGARAT. TATANO HARISGARAT SRL. P´RESUPUESTO Nº 001-00001202.HOSPITAL.,G,0,2025-11-11 12:30:30,131,2,000000,,,
2025,5207,GMADA,2025-11-11 00:00:00,,,HOSP,5,1110104000,450000.0,EDUARDO FUMEGA. PRESUPUESTO Nº 513. SECTOR COSTURERIA.,G,0,2025-11-11 08:29:29,131,2,000000,,,
2025,5228,GMADA,2025-11-12 00:00:00,,,ENV,7,1110106000,50100.0,"Expte N° 159/25 Proyectos de Talleres Programa Envión PRESUPUESTOS N° X 0001-00000774 / 777/ 780  de María Teresa Arriola de ""EL DEDAL MERCERIA""  Taller de macarmé y de costuras",G,0,2025-11-12 09:52:06,110,CASA,000000,,,
2025,2993,GMADA,2025-05-27 00:00:00,,,CAS,3,1110111000,43076.0,CORRESPONDE PRESUPUESTO N° 0001-00000583 - ABDO JOSE,G,0,2025-05-27 10:10:44,131,6,000000,,,
2025,2981,GMADA,2025-05-26 00:00:00,,,FARM,5,1110104000,2181048.0,ALFA CENTAURO- PRESUPUESTO N° 8/05/2025 FARMACIA,G,0,2025-05-26 09:49:17,131,2,000000,,,
2025,2850,GMADA,2025-05-20 00:00:00,,,CASA,1,1110105000,19800.0,HISPANOGRAF   PRESUPUETO N° 1766,G,0,2025-05-20 08:06:24,110,CACUL,000000,,,
2025,2881,GMADA,2025-05-20 00:00:00,,,HOSP,5,1110104000,3654700.0,FAS IMPLANTS- PRESUPUESTO N° 29654 PACIENTE: AVALOS DAHIANA,G,0,2025-05-20 13:38:27,131,2,000000,,,
2025,2982,GMADA,2025-05-26 00:00:00,,,CAPSN,5,1110104000,145000.0,OPAZO DANIEL- PRESUPUESTO N° 26/05/2025 CAPS BO. NORTE,G,0,2025-05-26 09:55:39,131,2,000000,,,
2025,3006,GMADA,2025-05-28 00:00:00,,,SECSEG,20,1110113000,246875.0,"Hispanograf, presupuesto 1773 (fajas para transito)",G,0,2025-05-28 08:57:41,110,25,000000,,,
2025,3031,GMADA,2025-05-29 00:00:00,,,000SU,25,1110118000,250200.0,PROV.RAUL IRIARTE PRESUP.14585 ARTICULOS DE FERRETERIA PARA CORRALON MUNICIPAL,G,0,2025-05-29 07:46:30,110,3,000000,,,
2025,2999,GMADA,2025-05-27 00:00:00,,,ACCSOC,7,1110106000,1360000.0,"PRESUPUESTO N° X 7848535   de Tamara Rost de ""Frutería y verdulería Negrín"" Plan Alimentario 2025",G,0,2025-05-27 12:31:23,132,4,000000,,,
2025,3020,GMADA,2025-05-28 00:00:00,,,00003,25,1110118000,4940000.0,Corresponde presupuesto Green Juegos,G,0,2025-05-28 11:37:28,110,21,000000,,,
2025,3007,GMADA,2025-05-28 00:00:00,,,SECSEG,20,1110113000,205773.08,"Yoldi Carlos Agustin, presupuesto 1700 (para el uso del personal de tecnica)",G,0,2025-05-28 09:04:54,110,25,000000,,,
2025,3030,GMADA,2025-05-29 00:00:00,,,000SU,25,1110118000,300000.0,"PROV.JOSE LUIS FERNANDEZ PRESUP.0011 REPARACION DE RADIADOR FORD 14000 PATENTE ASZ490, AWK675",G,0,2025-05-29 07:41:14,110,3,000000,,,
2025,3034,GMADA,2025-05-29 00:00:00,,,000SU,25,1110118000,117100.0,PROV.RAUL IRIARTE PRESUP.14564 ARTICULSO DE FERRETERIA PARA CORRALON MUNICIPAL,G,0,2025-05-29 08:23:46,110,3,000000,,,
2025,3066,GMADA,2025-05-29 00:00:00,,,HOSP,5,1110104000,6900000.0,BOUQUET MARIA CECILIA. SERVICIO DE PEDIATRIA. PREVISION MES DE JUNIO Y JULIO.EXPTE Nº 1356/25.,N,0,2025-05-29 11:20:42,131,2,000000,,,
2025,3033,GMADA,2025-05-29 00:00:00,,,000SU,25,1110118000,189700.0,PROV. RAUL IRIARTE PRESUP.14580 ARTICULOS DE FERRETERIA PARA CORRALON MUNICIPAL,G,0,2025-05-29 08:07:51,110,3,000000,,,
2025,3037,GMADA,2025-05-29 00:00:00,,,000SU,25,1110118000,2520000.0,"PROV. BIENPROTEGIDO PRESUP.29/5/25 REDUCOTORES DE VELOCIDAD PARA CALLES 8 Y CALLE 5, CALLE 8 Y CALLE  9, CALLE  8 Y  CALLE 17,  CALLE 8 Y  CALLE 23",G,0,2025-05-29 08:59:22,110,3,000000,,,
2025,3053,GMADA,2025-05-29 00:00:00,,,DIRINF,22,1110115000,54958.4,"PRESUPUESTO 3636, MATIENZO PAOLA",G,0,2025-05-29 10:13:27,110,INFOR,000000,,,
2025,3054,GMADA,2025-05-29 00:00:00,,,SEC,1,1110101000,15654.71,"PRESUPUESTO 3646, MATIENZO PAOLA",G,0,2025-05-29 10:18:35,110,1,000000,,,
2025,3144,GMADA,2025-06-04 00:00:00,,,HOSP,5,1110104000,205800.0,JORGE PEREZ- PRESUPUESTO N° 282160/282161/282162   HOSPITAL Y HOGAR DE ANCIANOS,G,0,2025-06-04 08:15:45,131,2,000000,,,
2025,3067,GMADA,2025-05-29 00:00:00,,,CAS,3,1110111000,45000.0,"presupuesto 100,EIJO MARCELO ALEJANDRO",G,0,2025-06-03 11:41:57,110,6,000000,,,
2025,3095,GMADA,2025-05-30 00:00:00,,,CONTRA,19,1110112000,5719.0,"PRESUPUESTO 0014-00232718, PL3M",A,0,2025-08-22 08:38:45,110,CONTR,000000,,,
2025,3139,GMADA,2025-06-03 00:00:00,,,CONTRA,19,1110112000,369999.75,PL3 Nro 0014-00233645,G,0,2025-06-03 12:26:54,110,1,000000,,,
2025,3146,GMADA,2025-06-04 00:00:00,,,LAB,5,1110104000,1606273.2,UNO ELECTROMEDICINA- PRESUPUESTO N° 00003-00012793 LABORATORIO DE ANALISIS,G,0,2025-06-04 09:00:48,131,2,000000,,,
2025,3145,GMADA,2025-06-04 00:00:00,,,COC,5,1110104000,84469.0,DURANTE JAVIER- PRESUPUESTO N° 0001-00000696 COCINA,G,0,2025-06-04 08:21:49,131,2,000000,,,
2025,3147,GMADA,2025-06-04 00:00:00,,,LAB,5,1110104000,485415.0,LABORATORIO BIOQUIMICO MAR DEL PLATA S.A - PRESUPUESTO S/N° PRACTICAS DE LABORATORIO DE ALTA COMPLEJIDAD MES DE MAYO/2025,G,0,2025-06-04 09:19:04,131,2,000000,,,
2025,3150,GMADA,2025-06-04 00:00:00,,,LAB,5,1110104000,233870.0,RADIOGRAFICAOESTE- PRESUPUESTO N° 100049150 LABORATORIO DE ANALISIS,G,0,2025-06-04 09:38:42,131,2,000000,,,
2025,3149,GMADA,2025-06-04 00:00:00,,,DMACED,2,1110102000,38300.0,Presupuesto N° 0002-00002669 Proveedor Cimos Inocencio,G,0,2025-06-04 09:36:43,110,DMACE,000000,,,
2025,3159,GMADA,2025-06-04 00:00:00,,,HOSP,5,1110104000,411774.93,"PAPELERA ALPA - PRESUPUESTO N° 2-3659 Y 2-3661 (COCINA, SAMO, ONCOLOGIA)",G,0,2025-06-04 14:12:59,131,2,000000,,,
2025,3160,GMADA,2025-06-04 00:00:00,,,HOSP,5,1110104000,20000.0,IMPRENTA EL ARGENTINO - PRESUPUESTO N° 514,G,0,2025-06-04 14:15:27,131,2,000000,,,
2025,3161,GMADA,2025-06-04 00:00:00,,,HEMO,5,1110104000,9020.0,DURANTE JAVIER- PRESUPUESTO N° 0001-00000704 (HEMOTERAPIA ),G,0,2025-06-09 09:06:40,131,2,000000,,,
2025,3193,GMADA,2025-06-06 00:00:00,,,COC,5,1110104000,456500.0,TODO POLLO - PRESUPUSTO N° 2 Y 3 (COCINA HOSPITAL),G,0,2025-06-06 18:10:21,131,2,000000,,,
2025,3192,GMADA,2025-06-06 00:00:00,,,COC,5,1110104000,917600.0,"ALTA MORENA - PRESUPUESTO N° 1-39 (COCINA HOSPITAL, HOGAR HOSPITAL)",G,0,2025-06-06 18:04:48,131,2,000000,,,
2025,3195,GMADA,2025-06-06 00:00:00,,,LAB,5,1110104000,2717969.14,UNO ELECTROMEDICINA - PRESUPUESTO N° 3-12818 (LABORATORIO HOSPITAL),G,0,2025-06-06 18:28:22,131,2,000000,,,
2025,3281,GMADA,2025-06-12 00:00:00,,,SECSEG,20,1110113000,297000.0,"Escapes Quiroga, presupuesto 0106 (fiat uno jch069)",G,0,2025-06-12 08:22:51,110,25,000000,,,
2025,3194,GMADA,2025-06-06 00:00:00,,,HOSP,5,1110104000,54924.88,ALPA MADARIAGA - PRESUPUESTO N° 2-3663 Y 2-3666 (QUIROFANO HOSPITAL Y HOGAR ANCIANOS HOSPITAL),G,0,2025-06-06 18:14:47,131,2,000000,,,
2025,3277,GMADA,2025-06-11 00:00:00,,,COC,5,1110104000,39848.23,PINAMAR HIGIENE INSTITUCIONAL SRL - PRESUPUESTO N° 0016-00001807 COCINA,G,0,2025-06-11 12:55:33,131,2,000000,,,
2025,3280,GMADA,2025-06-12 00:00:00,,,SECSEG,20,1110113000,15160.0,"Papelera Alpa, presupuesto 2632 ( hojas para las impresiones de Inspeccion)",G,0,2025-06-12 08:16:09,110,25,000000,,,
2025,3286,GMADA,2025-06-12 00:00:00,,,DEP,13,1110109000,39887.77,PRESUPUESTO N°0008516 - PINTURERIA INDIGO / MATERIALES UTILIZADOS EN EL ESTADIO MUNICIPAL FRANCISCO ALCUAZ,G,0,2025-06-12 11:41:53,110,9,000000,,,
2025,3285,GMADA,2025-06-12 00:00:00,,,DEP,13,1110109000,172000.0,PRESUPUESTO N°8051 - MATAFUEGO RUTA 11 /  RECARGA DE MATAFUEGOS TANTO EN VEHICULOS COMO EN SECRETARIA Y POLIDEPORTIVO MUNICIPAL,G,0,2025-06-12 11:36:28,110,9,000000,,,
2025,3378,GMADA,2025-06-19 00:00:00,,,DEP,13,1110109000,550000.0,PRESUPUESTO SIN N° - FATIMA DIAZ / TRABAJO DE PINTURA EN EL POLIDEPORTIVO MUNICIPAL,N,0,2025-06-19 11:50:07,110,9,000100,,,
2025,3322,GMADA,2025-06-17 00:00:00,,,DMACED,2,1110102000,17520.0,"Tatano Harisgarat ,presupuesto X0001-00001168",G,0,2025-06-17 10:41:24,110,DMACE,000000,,,
2025,3377,GMADA,2025-06-19 00:00:00,,,DEP,13,1110109000,6000.0,PRESUPUESTO N°2759 - EL GALLEGO,G,0,2025-06-19 11:47:29,110,9,000000,,,
2025,3410,GMADA,2025-06-23 00:00:00,,,ACCSOC,7,1110106000,908904.78,"Expte N° 665/2025 Addenda Sra.: Flores  Herrero, Martina . Abogada en el Equipo del Servicio Local. no cumple con el Art. 45 de la Ley 14.656",G,0,2025-06-23 11:17:26,131,4,000000,,,
2025,3653,GMADA,2025-07-07 00:00:00,,,PRESID,8,1110200000,2012700.0," EXPTE 3655/2021 CUERPO 1, CAMINO JOSE",G,0,2025-07-07 08:10:54,110,12,000000,,,
2025,3409,GMADA,2025-06-23 00:00:00,,,DDS,7,1110106000,44108.4,"PRESUPUESTO N° 00028496 de Sucesión de D annunzio Jorge Neldo de ""Electro D annunzio"" Para el aréa de prestaciones",G,0,2025-06-23 11:11:56,110,4,000000,,,
2025,3606,GMADA,2025-07-02 00:00:00,,,SECSEG,20,1110113000,105494.0,"Ferreteria Todo Color, presupuesto 5510 (elementos utilizados por el personal del taller para los vehiculos)",G,0,2025-07-02 10:15:35,110,25,000000,,,
2025,3414,GMADA,2025-06-23 00:00:00,,,CONTRA,19,1110112000,387000.0,"Taller protegido Fae,presupuesto 4921528",G,0,2025-06-23 12:39:25,110,1,000000,,,
2025,3650,GMADA,2025-07-07 00:00:00,,,ACCSOC,7,1110106000,1470500.0," EXPTE 3655/2021 CUERPO 1,CAMINO JOSE",G,0,2025-07-07 08:05:15,110,4,000000,,,
2025,3652,GMADA,2025-07-07 00:00:00,,,000F,24,1110117000,1470500.0," EXPTE 3655/2021 CUERPO 1,CAMINO JOSE",G,0,2025-07-07 08:08:09,110,20,000000,,,
2025,3657,GMADA,2025-07-07 00:00:00,,,INGPUB,19,1110112000,4772700.0," EXPTE. 3655 CUERPO 1, CAMINOS JOSE",G,0,2025-07-07 08:16:02,110,INGPU,000000,,,
2025,3877,GMADA,2025-07-21 00:00:00,,,FARM,5,1110104000,812542.38,PILOÑA- PRESUPUESTO N° 0004-00185951( FARMACIA),G,0,2025-07-21 10:43:07,131,2,000000,,,
2025,3654,GMADA,2025-07-07 00:00:00,,,GOBHAC,2,1110102000,3105400.0,"EXPTE, 3655/2021 CUERPO 1, CAMINO JOSE",G,0,2025-07-07 08:13:43,110,1,000000,,,
2025,3665,GMADA,2025-07-07 00:00:00,,,CONTRA,19,1110112000,12000.0,"PRESUPUESTO 1280, MARZULLO JOSE",G,0,2025-07-07 09:32:59,110,CONTR,000000,,,
2025,3658,GMADA,2025-07-07 00:00:00,,,ADM,5,1110104000,3565400.0," EXPTE, 3655/2021 CUERPO 1,CAMINO JOSE",G,0,2025-07-07 08:21:22,131,2,000000,,,
2025,3718,GMADA,2025-07-10 00:00:00,,,PROD,14,1110108000,16000.0,"PROV. FERRETERIA CIMOS ""Cimos Inocencio"". PRESU. N°2730- SEC. PRODUCCION-",G,0,2025-07-14 10:14:25,110,8,000000,,,
2025,3804,GMADA,2025-07-15 00:00:00,,,000SU,25,1110118000,30000.0,Corresponde presupuesto Medina Carlos Alberto,G,0,2025-07-15 11:20:24,110,3,000000,,,
2025,3834,GMADA,2025-07-17 00:00:00,,,CONTRA,19,1110112000,105000.0,Corresponde presupuesto n° 4921532 - Taller protegido F.A.E,G,0,2025-07-17 12:47:20,110,CONTR,000000,,,
2025,3842,GMADA,2025-07-18 00:00:00,,,SECPRO,14,1110108000,168000.0,"CORRESPONDE PRESUPUESTO ISABEL BONOMI - EXPTE N° 1444 ""TERCERA  RONDA DE PROMOCION""",G,0,2025-07-18 07:27:23,110,8,000000,,,
2025,3862,GMADA,2025-07-18 00:00:00,,,DEP,13,1110109000,3000000.0,PREVISION SIN N° - COMBUSTIBLE DEL SALADO (YPF),G,0,2025-07-18 12:15:08,110,9,000000,,,
2025,3873,GMADA,2025-07-21 00:00:00,,,HOSP,5,1110104000,180752.92,MAXIMO PINASCO- PRESUPUESTO N° 1000373470 DOMINIO: AF591SU,G,0,2025-07-21 09:46:10,131,2,000000,,,
2025,3943,GMADA,2025-07-25 00:00:00,,,000SU,25,1110118000,210000.0,"PROV. PABLO BARBIERI PRESUP.22/07/2025 CARTELES DE SEÑALIZACION PARA CALLE BS.AS, TUYU, PICAFLOR",G,0,2025-07-25 07:37:02,110,3,000000,,,
2025,3937,GMADA,2025-07-24 00:00:00,,,HOSP,5,1110104000,655497.27,MAX CONTINENTAL- PRESUPUESTO N° 0001-00152846 (FARMACIA- QUIROFANO),G,0,2025-07-25 11:33:26,131,2,000000,,,
2025,3889,GMADA,2025-07-22 00:00:00,,,GOBHAC,2,1110102000,48000.0,"Ferraro  Liliana Noemi,remito 00366",G,0,2025-07-22 07:55:29,110,37,000000,,,
2025,3942,GMADA,2025-07-25 00:00:00,,,000SU,25,1110118000,460000.0,PROV.BATERIA EL PELA  PRESUP.4712 BATERIA PARA FORD RANGER FSL723 Y PALA CARGADORA MUSTASNG BMV14,G,0,2025-07-25 07:24:07,110,3,000000,,,
2025,3938,GMADA,2025-07-24 00:00:00,,,CONTAD,19,1110112000,150000.0,"actualizacion del sistema de pase de expediente, se agrega la funcion de vencimiento de expedientes para la renovacion de contratos, con aviso de alerta a las areas para que no se olviden de renovarlos",G,0,2025-07-24 10:35:40,110,27,000000,,,
2025,3946,GMADA,2025-07-25 00:00:00,,,000SU,25,1110118000,480714.49,"PROV.ELECTRO DANNUNZIO  PRESUP.8759 ARTICULOS ELECTRICOS PARA PLAZA SAN MARTIN, PASEO DEL LAGO.",G,0,2025-07-25 08:12:21,110,3,000000,,,
2025,3968,GMADA,2025-07-28 00:00:00,,,CULTUR,1,1110105000,20961.18,ALPA MADARIAGA     PRESUPUESTO N° 3729,G,0,2025-07-28 09:17:46,110,5,000000,,,
2025,3945,GMADA,2025-07-25 00:00:00,,,000SU,25,1110118000,58151.5,PROV. ITURRARTE REPUESTOS PRESP.1115 REPUESTOS PARA CAMION VW 17280 AF497IF,G,0,2025-07-25 08:03:39,110,3,000000,,,
2025,3962,GMADA,2025-07-28 00:00:00,,,CULTUR,1,1110105000,40010.11,ALPA MADARIAGA  PAOLA MATIENZO   PRESUPUESTO N° 3733,G,0,2025-07-28 09:20:05,110,5,000000,,,
2025,3949,GMADA,2025-07-25 00:00:00,,,000SU,25,1110118000,76000.0,PROV.BATERIA LA 1RA. PRESUP.6782 ACEITE PARA CAMION VW 17280 AF497IJ,G,0,2025-07-25 09:54:03,110,3,000000,,,
2025,3969,GMADA,2025-07-28 00:00:00,,,CULTUR,1,1110105000,32380.96,ALPA PAPELERA PRESUPUESTO N°3732,G,0,2025-07-28 10:17:44,110,5,000000,,,
2025,3981,GMADA,2025-07-28 00:00:00,,,TURIS,6,1110105000,29492.57,Alpa Madariaga - Matienzo Paola Amelia - Presup 3730 - Materiales oficina,G,0,2025-07-28 12:53:42,110,TURIS,000000,,,
2025,4009,GMADA,2025-07-30 00:00:00,,,SECSEG,20,1110113000,298600.0,"Ridamientos TUYU, presupuesto 3019",G,0,2025-07-30 10:09:38,110,25,000000,,,
2025,4055,GMADA,2025-08-04 00:00:00,,,PROD,14,1110108000,1750000.0, PROV. MEDINA LILIANA NOEMI . PRESU. 31/07/2025- SEC. PRODUCCION- TALLER TEXTIL,G,0,2025-08-04 11:57:27,110,8,000000,,,
2025,4027,GMADA,2025-07-31 00:00:00,,,SECSEG,20,1110113000,360000.0,"Atmosferico La Primera, (trabajo realizado en destacamento de Macedo)",G,0,2025-07-31 09:35:48,110,25,000000,,,
2025,4068,GMADA,2025-08-05 00:00:00,,,18C,25,1110118000,66000.0,PROV.FEDERICO IGLESIAS PRESUP.9235 PARA CEMENTERIO,G,0,2025-08-05 07:44:06,110,7,000000,,,
2025,2995,GMADA,2025-05-27 00:00:00,,,HOSP,5,1110104000,70000.0,NUCLEO CABA - PRESUPUESTO N° 42-226931(UPS PARA RELOJ FICHADA PERSONAL HOSPITAL),G,0,2025-05-27 11:10:48,131,2,000000,,,
2025,3202,GMADA,2025-06-09 00:00:00,,,CULTUR,1,1110105000,1410000.0,PABLO DANIEL FONTANA      LO LUMVRISE        ESPECTACULO CASA DE LA CULTURA 28/06,G,0,2025-06-09 10:55:40,110,5,000000,,,
2025,3681,GMADA,2025-07-07 00:00:00,,,DEP,13,1110109000,32000.0,PRESUPUESTO N°6734 - BATERIAS LA PRIMERA,G,0,2025-07-07 12:26:30,110,9,000000,,,
2025,3896,GMADA,2025-07-22 00:00:00,,,CASA,1,1110105000,200000.0,EDUARDO FUMEGA   PRESUPUESTO N° 494,G,0,2025-07-22 09:13:16,110,CACUL,000000,,,
2025,4422,GMADA,2025-09-01 00:00:00,,,JARD,7,1110106000,27100.0,"PPRESUPUESTOS N° X 0001-00000757 / 759 / 816 / 819 / de María Teresa Arriola de ""EL DEDAL MERCERIA"" Para decorar sala de lactantes, para hacer decoración acto día de la bandera y acto 9 de julio",G,0,2025-09-01 09:33:59,132,JARDM,000000,,,
2025,4424,GMADA,2025-09-01 00:00:00,,,ENV,7,1110106000,105860.0,"Expte N°: 159/25 Proyectos de Talleres programa Envión PRESUPUESTO N° X 0001-00000758 / 815  / 818 / 820 de María Teresa Arriola de ""EL DEDAL MERCERIA"" Taller de costura, de macramé",G,0,2025-09-01 10:00:21,110,CASA,000000,,,
2025,4069,GMADA,2025-08-05 00:00:00,,,DECI,25,1110118000,1025000.0,PROV.MALDONADO GERMAN PRESUP.05/08/2025 TRABAJO DE HERRERIA REPARACION D DE TRAVESAÑO DE HIDROGRUA AF947IN Y BRAZOS DE LUMINARIA CALLE RIVADAVIA,G,0,2025-08-05 07:52:44,110,DEFCI,000000,,,
2025,4086,GMADA,2025-08-05 00:00:00,,,000SU,25,1110118000,81000.0,"PROV.RAUL IRIARTE PRESUP.15252,15264,15261ARTICULOS DE FERRETERIA PARA REPARACION  DE BANCOS",G,0,2025-08-05 11:11:54,110,3,000000,,,
2025,4085,GMADA,2025-08-05 00:00:00,,,000SU,25,1110118000,350000.0,PROV. BIGORITO LEONARDO PRESP-0029 REPARACION DE CAÑOS FORD 14000 DMI232,G,0,2025-08-05 10:43:30,110,3,000000,,,
2025,4088,GMADA,2025-08-05 00:00:00,,,DECI,25,1110118000,43800.0,PROV.RAUL IRIARETE PRESUP.14876 PARA ARREGLOS GENERALES,G,0,2025-08-05 11:57:50,110,DEFCI,000000,,,
2025,4158,GMADA,2025-08-08 00:00:00,,,HOSP,5,1110104000,120000.0,OPAZO DANIEL- PRESUPUESTO N° 5/08/2025 (TOMOGRAFO- ACCION SOCIAL),G,0,2025-08-08 09:16:07,131,2,000000,,,
2025,4087,GMADA,2025-08-05 00:00:00,,,000SU,25,1110118000,362000.0,PROV.RAUL IRIARTE PRESUP.14883 PARA VIVERO MUNICIPAL Y REPARACION DE CAMION M.BENZ 1114 R.O 316,G,0,2025-08-05 11:44:45,110,3,000000,,,
2025,4155,GMADA,2025-08-08 00:00:00,,,FARM,5,1110104000,2119337.0,ALFA CENTAURO SA- PRESUPUESTO N° 4/08/2025 (FARMACIA),G,0,2025-08-08 08:49:17,131,2,000000,,,
2025,4090,GMADA,2025-08-05 00:00:00,,,000SU,25,1110118000,89600.0,PROV.RAUL IRIARTE PRESUP.14889 ARTICULOS DE FERRETERIA PARA ARREGLOS EN CORRALON MUNICIPAL,G,0,2025-08-05 12:36:39,110,3,000000,,,
2025,4166,GMADA,2025-08-08 00:00:00,,,CONTRA,19,1110112000,1290900.0,"Terranova ,presupuesto 000965",G,0,2025-08-08 10:46:17,110,1,000000,,,
2025,4157,GMADA,2025-08-08 00:00:00,,,FARM,5,1110104000,1294689.8,DROGUERIA DANA- PRESUPUESTO N° 4/08/2025 (FARMACIA),G,0,2025-08-08 09:07:21,131,2,000000,,,
2025,4173,GMADA,2025-08-11 00:00:00,,,000SU,25,1110118000,230000.0,PROV.JOSE LUIS FERNADEZ PRESUP.0014 REPARACION DE RADIADOES PARA MERCEDES BENZ 1114 TGL092 FORD 14000 AWZ490,G,0,2025-08-11 07:39:26,110,3,000000,,,
2025,4159,GMADA,2025-08-08 00:00:00,,,QUI,5,1110104000,1467850.0,SERVIMED- PRESUPUESTO N° 8200/25 (PLAN SUMAR) QUIROFANO,G,0,2025-08-08 09:24:32,131,2,000000,,,
2025,4171,GMADA,2025-08-11 00:00:00,,,DECI,25,1110118000,162260.0,PROV.IVAN PERICO PRESUP.7056 PARA MERCEDES SPRIT EQM607,G,0,2025-08-11 07:27:08,110,DEFCI,000000,,,
2025,4175,GMADA,2025-08-11 00:00:00,,,DECI,25,1110118000,154600.0,Copia de 2025/4174 PROV.CAROLINA NOWE PRESUP.0594 REPUESTOS  PARA MERCEDES SPRINTER EQM605,G,0,2025-08-11 07:50:33,110,DEFCI,000000,,,
2025,4172,GMADA,2025-08-11 00:00:00,,,000SU,25,1110118000,1309702.06,PROV.ITURRARTE GUSTAVO PRESUP.8/8/2025 REPUESTO PARA FORD 14000 AWK675,G,0,2025-08-11 07:33:44,110,3,000000,,,
2025,4189,GMADA,2025-08-11 00:00:00,,,000SU,25,1110118000,175330.0,"PROV.CASA HARISGARAT PRESP.1188,1185,1205,1207 ARREGLOS CORDON ZUBIAURRE Y ALBERTI, URRUTIA Y SAAVEDRA,ZOOPI Y RIVADAVIA",G,0,2025-08-11 11:01:19,110,3,000000,,,
2025,4174,GMADA,2025-08-11 00:00:00,,,DECI,25,1110118000,154600.0,PROV.CAROLINA NOWE PRESUP.0594 REPUESTOS  PARA,N,0,2025-08-11 07:49:14,110,DEFCI,000000,,,
2025,4184,GMADA,2025-08-11 00:00:00,,,DECI,25,1110118000,94320.0,"PROV.CASA HARISGARAT PRESUP.0992,1206,1186 PARA JUEGOS DE PLAZAS,VEDERE PLAZA MADARIAGA,",G,0,2025-08-11 10:36:06,110,DEFCI,000000,,,
2025,4185,GMADA,2025-08-11 00:00:00,,,000SU,25,1110118000,110000.0,PROV.JOSE ANGEL FERNADEZ PRESUP.0065 REPARACION DE RADIADOR PARA MERCEDES BEZN 1114 UQV264,G,0,2025-08-11 10:43:59,110,3,000000,,,
2025,4305,GMADA,2025-08-20 00:00:00,,,000SU,25,1110118000,1981345.07,"PROV. MERCEDES LA PLATA PRESUP.181156 REPUESTOS PARA FORD 14000 SVN719, DMI232,ASZ490,IVECO IOO617, COLECTIVO LAN557",G,0,2025-08-20 10:45:08,110,3,000000,,,
2025,4231,GMADA,2025-08-13 00:00:00,,,GOBHAC,2,1110102000,29100.0,Arriola  María T.Mercería,G,0,2025-08-13 11:17:46,110,1,000000,,,
2025,4304,GMADA,2025-08-20 00:00:00,,,000SU,25,1110118000,3794480.5,"PROV. MERCEDES  LA PLATA PRESUP.181158, 181161 REPUESTOS PARA REPARACION DE CAJA DE CAMBIO FORD 14000 ASZ490",G,0,2025-08-20 09:11:32,110,3,000000,,,
2025,4417,GMADA,2025-09-01 00:00:00,,,COC,5,1110104000,1015600.0,MADA POY S.A-  PRESUPUESTO N° 0001-00000874 (COCINA),G,0,2025-09-01 08:43:16,131,2,000000,,,
2025,4328,GMADA,2025-08-22 00:00:00,,,ACCSOC,7,1110106000,6039739.2,"PRESUPUESTO N° X 00000030 de Lo coco, Marcelo Alejandro de ""TODO COLOR""",G,0,2025-08-22 09:45:43,110,4,000000,,,
2025,4381,GMADA,2025-08-27 00:00:00,,,AREAJ,2,1110102000,88900.0,"Cimos Inocencio ,presupuesto 2768,2791.",G,0,2025-08-28 07:43:26,110,1,000000,,,
2025,4416,GMADA,2025-09-01 00:00:00,,,HOSP,5,1110104000,458950.34,ALPA- PRESUPUESTO N° 0002-00003758/3760 (QUIROFANO-RAYOS-COCINA),G,0,2025-09-01 08:36:20,131,2,000000,,,
2025,4427,GMADA,2025-09-01 00:00:00,,,CAS,3,1110111000,126300.0,"Zubiarrain Daniel ,presupuesto 03028",G,0,2025-09-01 10:45:18,131,6,000000,,,
2025,4426,GMADA,2025-09-01 00:00:00,,,SEHA,19,1110112000,33950.0,"Matienzo Paola ,presupuesto 00003765",G,0,2025-09-01 10:25:53,110,1,000000,,,
2025,4418,GMADA,2025-09-01 00:00:00,,,FARM,5,1110104000,4697045.79,DROGUERIA DANA- PRESUPUESTO N° 25/08/25 (FARMACIA),G,0,2025-09-01 09:01:36,131,2,000000,,,
2025,4502,GMADA,2025-09-05 00:00:00,,,PLANRE,25,1110118000,181880.0," EXPTE. 20/2025,IASSA S.A.Abono 5546",G,0,2025-09-05 10:11:49,110,PLANT,000000,,,
2025,4497,GMADA,2025-09-05 00:00:00,,,BA,6,1110105000,585240.0,"EXPTE. 202025,IASSA S.A.Abono 5617,9817,5622.",G,0,2025-09-05 11:43:23,110,5,000000,,,
2025,4507,GMADA,2025-09-05 00:00:00,,,ACCSOC,7,1110106000,846320.0," EXPTE. 20/2025,IASSA S.A.Abono5514/6300/6559/6560/914.",G,0,2025-09-05 10:38:13,110,4,000000,,,
2025,4499,GMADA,2025-09-05 00:00:00,,,PROD,14,1110108000,221480.0," EXPTE. 20/2025, IASSA S.A.Abono 6372",G,0,2025-09-05 10:03:42,110,8,000000,,,
2025,4509,GMADA,2025-09-05 00:00:00,,,CAP,5,1110104000,585240.0," EXPTE. 20/2025,IASSA S.A.Abono 5547,6115,9457.",G,0,2025-09-05 11:03:42,131,4,000000,,,
2025,4503,GMADA,2025-09-05 00:00:00,,,CAS,3,1110111000,181880.0," EXPTE. 20/2025, IASSA S.AIBB084",G,0,2025-09-05 10:18:24,131,6,000000,,,
2025,4513,GMADA,2025-09-05 00:00:00,,,18C,25,1110118000,181880.0,"  EXPTE. 20/2025, IASSA S.A.Abono 7015.",G,0,2025-09-05 11:28:39,110,7,000000,,,
2025,4508,GMADA,2025-09-05 00:00:00,,,VIMUNI,25,1110118000,181880.0,"EXPTE. 20/2025,IASSA S.A Abono 6149.",G,0,2025-09-05 10:44:52,110,17,000000,,,
2025,4744,GMADA,2025-09-24 00:00:00,,,TURIS,6,1110105000,430000.0,Franco Ricotti - Show Folclorico de José Nuñez Folk - concurso de asadores 2025,G,0,2025-09-24 12:24:46,110,TURIS,000000,,,
2026,737,GMADA,2026-02-18 00:00:00,,,DECI,25,1110118000,292000.0,PROV. AGROVETERINARIA MARZULLO PRESUP.1168 INSECTISIDA PARA  ESPACIOS PÚBLICOS,G,0,2026-02-18 09:18:44,110,3,000000,,,
2026,1030,GMADA,2026-03-12 00:00:00,,,000SU,25,1110118000,543500.0,PROV. LUIS LOMBARDIA PRESUP.0061 REPEUSTOS E ISUMOS PARA MAQUINAS CORTA PASTO,G,0,2026-03-12 07:34:25,110,3,000000,,,
2026,736,GMADA,2026-02-18 00:00:00,,,DECI,25,1110118000,160000.0,PROV.I DE ARTE ARTISTICA PRESP.03/02/2026 CARTEL DE INGRESO EN PELLEGRINI,G,0,2026-02-18 08:43:05,110,3,000000,,,
2026,921,GMADA,2026-03-05 00:00:00,,,000SU,25,1110118000,770000.0,PROV. RUBEN BASTONS PRESUP.0146 LONA PARA CAMION VW 17260 AF497IJ,G,0,2026-03-05 07:34:25,110,3,000000,,,
2026,1029,GMADA,2026-03-12 00:00:00,,,000SU,25,1110118000,630894.0,PROV.PROCAM ITURRARTE GUSTAVO PRESUP.1623 PARA FORD 14000 AWK675,G,0,2026-03-12 07:26:33,110,3,000000,,,
2026,1040,GMADA,2026-03-12 00:00:00,,,ACCSOC,7,1110106000,340000.0,"Expte N° 709/2026 Renovación de contrato . Sr. Lopéz, Luis Miguel - Barbero - Programa Envión",G,0,2026-03-12 10:52:41,132,4,000000,,,
2026,1038,GMADA,2026-03-12 00:00:00,,,ACCSOC,7,1110106000,710717.6,"Expte N° 441/2026 Renovación de contrato. Sr. Muscia Caldarella, Gian Franco - Operador Social Servicio Local -  No cumple con el Art. 45 de la Ley 14.656",G,0,2026-03-12 10:39:08,131,4,000000,,,
2025,2969,GMADA,2025-05-23 00:00:00,,,HOGANC,5,1110104000,677028.99,"JAVIER DURANTE, x 0001 00000690, HOGAR ANCIANOS",G,0,2025-05-23 11:19:00,131,2,000000,,,
2025,2930,GMADA,2025-05-22 00:00:00,,,HOSP,5,1110104000,66400.0,"SANTA PAULA N° PRESUPUESTO 0001-00002066, HOSPITAL MUNICIPAL",G,0,2025-05-22 10:36:44,131,2,000000,,,
2025,3846,GMADA,2025-07-18 00:00:00,,,SECSEG,20,1110113000,47000.0,"Copia de 2025/3845 Marzullo Computacion, presupuesto 1282 (tecnica-com)",G,0,2025-07-18 08:49:42,110,25,000000,,,
2025,2971,GMADA,2025-05-23 00:00:00,,,HOSP,5,1110104000,1711556.98,"JAVIER DURANTE, N° PRESUPUESTO X 0001 00000689, COCINA HOSPITAL",G,0,2025-05-23 12:45:15,131,2,000000,,,
2025,3481,GMADA,2025-06-26 00:00:00,,,SECSEG,20,1110113000,419999.0,Fava Shop-  tv para ser instalado en el centro de monitoreo.,G,0,2025-06-26 11:38:10,110,25,000000,,,
2025,3845,GMADA,2025-07-18 00:00:00,,,SECSEG,20,1110113000,47000.0,"Marzullo Computacion, presupuesto 1282 (tecnica-com)",N,0,2025-07-18 08:49:13,110,25,000000,,,
2025,3952,GMADA,2025-07-25 00:00:00,,,HOSP,5,1110104000,92100.0,FAE- PRESUPUESTO N° 4921527 (OFFICE DE MUCAMAS),G,0,2025-07-25 11:22:05,131,2,000000,,,
2025,3950,GMADA,2025-07-25 00:00:00,,,HOSP,5,1110104000,140000.0,AVICOLA DEL TUYU DE ANDERS VICTOR- PRESUPEUSTO N° 0008-00002562 (COCINA),G,0,2025-07-25 10:33:50,131,2,000000,,,
2025,3859,GMADA,2025-07-18 00:00:00,,,SECSEG,20,1110113000,698000.0,"Hispanograf, presupuesto 1809 (para ser utilizadas por Inspeccion)",G,0,2025-07-18 11:50:52,110,25,000000,,,
2025,4228,GMADA,2025-08-13 00:00:00,,,HOSP,5,1110104000,226500.0,EL ARGENTINO- PRESUPUESTO N° 526/532 (FARMACIA -PEDIATRIA),G,0,2025-08-13 10:22:32,131,2,000000,,,
2025,3951,GMADA,2025-07-25 00:00:00,,,FARM,5,1110104000,430000.0,VERA LILIANA VANESA- PRESUPUESTO N° 001-19595 (FARMACIA),G,0,2025-07-25 11:14:45,131,2,000000,,,
2025,4225,GMADA,2025-08-13 00:00:00,,,COC,5,1110104000,81200.0,SANTA PAULA- PRESUPUESTO N° 0001-00002096/2097 (COCINA),G,0,2025-08-13 09:15:33,131,2,000000,,,
2025,3956,GMADA,2025-07-25 00:00:00,,,FARM,5,1110104000,2222858.04,VELIBO SUPPLIES S.A.S- PRESUPUESTO N° 0001-00008584 (FARMACIA),G,0,2025-07-26 09:13:51,131,2,000000,,,
2025,4230,GMADA,2025-08-13 00:00:00,,,LAV,5,1110104000,522260.96,PINAMAR HIGIENE INSTITUCIONAL SRL- PRESUPUESTO N° 0016-00001909 (LAVADERO),N,0,2025-08-19 10:47:30,131,2,000000,,,
2026,195,GMADA,2026-01-08 00:00:00,,,COC,5,1110104000,108000.0,PEREZ JORGE- PRESUPUESTO N° 282190 (COCINA) DESDE 16/12/25 AL 23/12/25,G,0,2026-01-08 12:19:39,131,2,000000,,,
2025,4229,GMADA,2025-08-13 00:00:00,,,HOSP,5,1110104000,85500.0,MARZULLO COMPUTACION- PRESUPUESTO N° 0001-00001285 (ASISTENTE SOCIAL- INFORMATICA),G,0,2025-08-13 10:28:57,131,2,000000,,,
2025,4624,GMADA,2025-09-15 00:00:00,,,CULTUR,1,1110105000,2800000.0,ROCIO ALEJANDRA MORALES   PROVEEDOR 3336    MICRO LAN 557,G,0,2025-09-15 11:43:00,132,5,000000,,,
2025,5036,GMADA,2025-10-24 00:00:00,,,SECSEG,20,1110113000,320000.0,"Frenos Madariaga, presupuesto 089 (AB038FH-OIG911)",G,0,2025-10-24 10:59:19,110,25,000000,,,
2025,5242,GMADA,2025-11-12 00:00:00,,,HOGANC,5,1110104000,55914.0,DURANTE JAVIER- PRESUPUESTO Nº 0001- 00000784 (HOGAR DE ANCIANOS) MENSUAL 1/11/ AL 1/12/2025,G,0,2025-11-12 13:22:45,131,2,000000,,,
2025,3058,GMADA,2025-05-29 00:00:00,,,ACCSOC,7,1110106000,730000.0,"PRESUPUESTO de María Cristina Uthurburu de ""Casa Meoqui"" Sra. Garcia, Elsa René fallecida 25/05/2025 DNI 10.836.701",G,0,2025-05-29 10:47:04,110,4,000000,,,
2025,4758,GMADA,2025-09-26 00:00:00,,,TURIS,6,1110105000,576000.0,"Avellaneda 7163 - Hispanograf - vinilos sobre pvc para carteleria de identificacion de asadores e instituciones, cheques para la 8va edicion del concurso de asadores exp 2326/25 - presupuesto 1836",G,0,2025-09-26 12:41:52,110,TURIS,000000,,,
2025,4930,GMADA,2025-10-14 00:00:00,,,JARD,7,1110106000,9200.0,"PRESUPUESTO N° 000983 de Terranova, Lucas Hernán de ""TERRANOVAQUIMICA"" Para uso de la Casita de Chocolate",G,0,2025-10-14 10:52:07,132,JARDM,000000,,,
2025,4762,GMADA,2025-09-26 00:00:00,,,TURIS,6,1110105000,625000.0,M3 - Mauricio Cañadas - Utiles para eventos 8vo concurso de asadores,G,0,2025-09-26 09:03:17,110,TURIS,000000,,,
2025,5144,GMADA,2025-11-04 00:00:00,,,ENV,7,1110106000,72600.0,"PRESUPUESTO N° X 1342381 de Garcia Gladys Mabel de ""PANADERIA ALEM"" octubre 2025",G,0,2025-11-04 07:57:05,132,CASA,000000,,,
2025,5145,GMADA,2025-11-04 00:00:00,,,ACCSOC,7,1110106000,154000.0,"PRESUPUESTO N° X 1342384 de Garcia Gladys Mabel de ""PANADERIA ALEM"" ESFUERZO SOLIDARIO 2025",G,0,2025-11-04 07:55:05,132,4,000000,,,
2025,5222,GMADA,2025-11-12 00:00:00,,,HOGANC,5,1110104000,61200.0,SANTA PAULA- PRESUPUESTO N° 0001-00002142 (HOGAR DE ANCIANOS) SEMANA DEL 11/11 AL 18/11/2025,G,0,2025-11-12 08:29:21,131,2,000000,,,
2026,34,GMADA,2026-01-02 00:00:00,,,GRAN,7,1110106000,49874.0,Presupuesto N° 0001-00000808 Distribuidora del Sudeste,N,0,2026-01-02 12:04:49,110,GRAN,000000,,,
2026,31,GMADA,2026-01-02 00:00:00,,,GRAN,7,1110106000,15200.0,Presupuesto N° 001000 Terranova Quimica de Terranova Lucas Hernan,G,0,2026-01-02 11:54:50,110,GRAN,000000,,,
2025,5244,GMADA,2025-11-12 00:00:00,,,HOSP,5,1110104000,2437866.0,QUALIMED S.A- P RESUPPUESTO N 81 (QUIROFANO - FARMACIA),G,0,2025-11-12 13:31:34,131,2,000000,,,
2026,43,GMADA,2026-01-02 00:00:00,,,ACCSOC,7,1110106000,18050.0,"Presupuesto N° 021416-Proveduria "" LA ILUSION""-Para Modulo de Protección.",G,0,2026-01-02 12:19:22,110,4,000000,,,
2026,60,GMADA,2026-01-02 00:00:00,,,JARD,7,1110106000,31135.12,Presupuesto N° 00003827-Papelera ALPA de Matienzo Paola Amelia-Proyecto Navidad,G,0,2026-01-05 09:38:47,132,JARDM,000000,,,
2026,37,GMADA,2026-01-02 00:00:00,,,JARD,7,1110106000,9800.0,pRESUPUESTO n° 0001-00001160-AGROVETERINARIA MARZULLO,G,0,2026-01-02 12:08:59,132,JARDM,000000,,,
2026,1036,GMADA,2026-03-12 00:00:00,,,DEP,13,1110109000,12600.0,PRESUPUESTO N° 1072 - CASA HARISGARAT - ARENA PARA RELLENADO DE CANCHA DE TEJO PROGRAMA NUESTROS ABUELOS,G,0,2026-03-12 10:01:19,132,32,000000,,,
2026,53,GMADA,2026-01-02 00:00:00,,,JARD,7,1110106000,32660.52,Presupuesto N° 00003833-Papelera ALPA de Matienzo Paola Amelia,G,0,2026-01-02 12:39:20,132,JARDM,000000,,,
2026,1031,GMADA,2026-03-12 00:00:00,,,DEP,13,1110109000,450000.0,PRESUPUESTO N° 3101 - SIP EVENTOS - SONIDO PARA LOCUCION Y MUSICALIZACION EN LA  XI EDICON DE LA CARRERA DE LA MUJER,G,0,2026-03-12 08:53:31,110,9,000000,,,
2026,1032,GMADA,2026-03-12 00:00:00,,,DEP,13,1110109000,15300.0,PRESPUESTO N° 20042 - PAPELERA ALPA MADARIAGA - VASOS PARA HIDRATACION CARRERA DE LA MUJER,G,0,2026-03-12 09:01:50,110,9,000000,,,
2025,3508,GMADA,2025-06-27 00:00:00,,,BROM,11,1110104000,206200.0,PROVEEDURIA CAMPO Y CIUDAD - PRESUPUESTO N° 1-14851 Y 1-14855 (BROMATOLOGIA),G,0,2025-06-27 08:42:43,110,13,000000,,,
2025,3511,GMADA,2025-06-27 00:00:00,,,LAV,5,1110104000,174810.53,PINAMAR HIGIENE INSTITUCIONAL - PRESUPUESTO N° 16-1839 (LAVADERO HOSPITAL),G,0,2025-06-27 09:18:03,131,2,000000,,,
2025,3509,GMADA,2025-06-27 00:00:00,,,COC,5,1110104000,1071577.96,DURANTE JAVIER - PRESUPUESTO N° 1-708 Y 1-710 (HOGAR ANCIANOS Y COCINA HOSPITAL),G,0,2025-06-28 09:47:33,131,2,000000,,,
2025,3510,GMADA,2025-06-27 00:00:00,,,HOSP,5,1110104000,886978.98,DURANTE JAVIER - PRESUPUESTO N° 1-709 (COCINA HOGAR HOSPITAL),G,0,2025-06-28 09:51:03,131,2,000000,,,
2025,3513,GMADA,2025-06-27 00:00:00,,,LAV,5,1110104000,712551.18,PINAMAR HIGIENE INSTITUCIONAL - PRESUPUESTO N° 16-1798 Y 16-1842 (LAVADERO HOSPITAL),G,0,2025-06-27 09:46:00,131,2,000000,,,
2025,3515,GMADA,2025-06-27 00:00:00,,,LAV,5,1110104000,209596.63,PINAMAR HIGIENE INSTITUCIONAL - PRESUPUESTO N° 16-1806 (LAVADERO HOSPITAL),G,0,2025-06-27 10:07:11,131,2,000000,,,
2025,3512,GMADA,2025-06-27 00:00:00,,,LAV,5,1110104000,67502.85,PINAMAR HIGIENE INSTITUCIONAL - PRESUPUESTO N° 16-1840 (LAVADERO HOSPITAL),G,0,2025-06-27 09:23:04,131,2,000000,,,
2025,3517,GMADA,2025-06-27 00:00:00,,,FARM,5,1110104000,1799152.8,VELIBO SUPPLIES - PRESUPUESTO N° 1-8188 (FARMACIA HOSPITAL),G,0,2025-06-27 10:21:41,131,2,000000,,,
2025,3514,GMADA,2025-06-27 00:00:00,,,LAV,5,1110104000,369022.31,PINAMAR HIGIENE INSTITUCIONAL - PRESUPUESTO N° 16-1823 (LAVADERO HOSPITAL),G,0,2025-06-27 09:58:26,131,2,000000,,,
2025,3567,GMADA,2025-07-01 00:00:00,,,FARM,5,1110104000,1718388.3,"PILOÑA - PRESUPUESTO N° 4-184423, 4-184424 Y 4-184425 (FARMACIA HOSPITAL)",G,0,2025-07-01 14:54:05,131,2,000000,,,
2025,3516,GMADA,2025-06-27 00:00:00,,,LAV,5,1110104000,169741.18,PINAMAR HIGIENE INSTITUCIONAL - PRESUPUESTO N° 16-1822 (LAVADERO HOSPITAL),G,0,2025-06-27 10:14:30,131,2,000000,,,
2025,3566,GMADA,2025-07-01 00:00:00,,,FARM,5,1110104000,755664.13,MAX CONTINENTAL - PRESUPUESTO N° 1-151319 (FARMACIA HOSPITAL),G,0,2025-07-01 14:41:05,131,2,000000,,,
2025,3569,GMADA,2025-07-01 00:00:00,,,COC,5,1110104000,114000.0,AVICOLA DEL TUYU - PRESUPUESTO N° 8-2557 (COCINA HOSPITAL),G,0,2025-07-01 15:07:44,131,2,000000,,,
2025,3571,GMADA,2025-07-01 00:00:00,,,COC,5,1110104000,281000.0,PROVEDURIA LA ILUSION - PRESUPUESTO N° 36342 (COCINA HOSPITAL),G,0,2025-07-01 15:18:59,131,2,000000,,,
2025,3568,GMADA,2025-07-01 00:00:00,,,HOSP,5,1110104000,119000.0,"IMPRENTA EL ARGENTINO - PRESUPUESTO N° 520 (CIRUGIA, RECETARIOS)",G,0,2025-07-01 15:06:50,131,2,000000,,,
2025,3573,GMADA,2025-07-01 00:00:00,,,HOSP,5,1110104000,44000.0,PRODUCTOS COLOMBRARO - PRESUPUESTO N° 1-360 (HOGAR DE ANCIANOS HOSPITAL),G,0,2025-07-01 15:24:28,131,2,000000,,,
2025,3570,GMADA,2025-07-01 00:00:00,,,COC,5,1110104000,556300.0,TODO POLLO - PRESUPUESTO N° 10 Y 11 (COCINA HOSPITAL),G,0,2025-07-01 15:10:56,131,2,000000,,,
2025,3575,GMADA,2025-07-01 00:00:00,,,HOSP,5,1110104000,143320.0,PINTURERIA FERRETERIA TODO COLOR - PRESUPUESTO N° 5520 (MANTENIMIENTO Y UTI HOSPITAL),G,0,2025-07-01 15:47:18,131,2,000000,,,
2025,3572,GMADA,2025-07-01 00:00:00,,,BROM,11,1110104000,43120.0,ALPA MADARIAGA - PRESUPUESTO N° 2-3688 (BROOMATOLOGIA),G,0,2025-07-01 15:20:58,110,13,000000,,,
2025,3577,GMADA,2025-07-01 00:00:00,,,FARM,5,1110104000,1632974.0,DROGUERIA PERDOMINICI - PRESUPUESTO S/N FECHA 27/6/25 (FARMACIA HOSPITAL),G,0,2025-07-01 15:58:15,131,2,000000,,,
2025,3574,GMADA,2025-07-01 00:00:00,,,HOSP,5,1110104000,97705.0,"PINTURERIA FERRETERIA TODO COLOR - PRESUPUESTO N° 5512 (CIC, ESTIMULACION TEMPRANA)",G,0,2025-07-01 15:40:57,131,2,000000,,,
2025,3579,GMADA,2025-07-01 00:00:00,,,LAB,5,1110104000,652199.56,UNO ELECTROMEDICINA - PRESUPUESTO N°3-13018 (LABORATORIO HOSPITAL),G,0,2025-07-01 16:12:27,131,2,000000,,,
2025,3576,GMADA,2025-07-01 00:00:00,,,FARM,5,1110104000,1637595.0,FARMACIA VERA - PRESUPUESTO N° 1-19529 (FARMACIA HOSPITAL),G,0,2025-07-01 15:52:09,131,2,000000,,,
2025,3581,GMADA,2025-07-01 00:00:00,,,COC,5,1110104000,869260.0,MADA POY - PRESUPUESTO N° 1-845 (COCINA HOSPITAL),G,0,2025-07-01 16:16:14,131,2,000000,,,
2025,3578,GMADA,2025-07-01 00:00:00,,,BROM,11,1110104000,297350.0,"AGROVETERINARIA MARZULLO - PRESUPUESTO N° 1-1098, 1-1100 Y 1-1101 (BROMATOLOGIA)",G,0,2025-07-01 16:08:55,110,13,000000,,,
2025,3583,GMADA,2025-07-01 00:00:00,,,LAV,5,1110104000,27178.37,PINAMAR HIGIENE INSTITUCIONAL - PRESUPUESTO N° 16-1850 (LAVADERO HOSPITAL),G,0,2025-07-01 16:26:03,131,2,000000,,,
2025,3580,GMADA,2025-07-01 00:00:00,,,HOSP,5,1110104000,65853.65,MC MARTIN CORREA - PRESUPUESTO N° 1-44 (HOGAR ANCIANOS HOSPITAL),G,0,2025-07-02 08:57:42,131,2,000000,,,
2025,3582,GMADA,2025-07-01 00:00:00,,,HOSP,5,1110104000,543000.0,BATERIAS LA PRIMERA - PRESUPUESTO N° 6695 Y 6725 (AMBULANCIA N°7 DOMINIO AA775QW Y N°10),G,0,2025-07-01 16:23:47,131,2,000000,,,
2026,971,GMADA,2026-03-07 00:00:00,,,COC,5,1110104000,830283.53,PRESUPUESTO 2095  REMITO 975 03/01/26 - PRESUPUESTO 2096 - REMITO 968 10/01/2026 PRESUPUESTO 2093 REMITO 967 17/01/2026,G,0,2026-03-09 07:23:23,131,2,000000,,,
2026,995,GMADA,2026-03-10 00:00:00,,,DEP,13,1110109000,16150.0,PRESUPUESTO N° 8131 - IVANPER - REPUESTO PARA REPARACION ELECTRICA IVECO AB603TW,G,0,2026-03-10 07:34:17,110,9,000000,,,
2026,1001,GMADA,2026-03-10 00:00:00,,,DEP,13,1110109000,3323000.0,Previcion sin  N / COMBUSTIBLE DEL SALADO YPF /diferentes trabajos y logistica del año,G,0,2026-03-13 12:32:47,110,13,000000,,,
2026,1009,GMADA,2026-03-10 00:00:00,,,GOBHAC,2,1110102000,172800.0,"PRESUPUESTO 0004,EMPRESA DE TRANSPORTE 12 DE OCTUBRE",G,0,2026-03-10 12:52:20,110,1,000000,,,
2026,1020,GMADA,2026-03-11 00:00:00,,,GOBHAC,2,1110102000,800000.0,PREVISION PARA DISTINTAS ACTIVIDADES DURANTE EL AÑO,G,0,2026-03-11 10:47:34,110,1,000000,,,
2026,1053,GMADA,2026-03-13 00:00:00,,,MAYOR,2,1110102000,656400.0,"PRESUPUESTO 1036, TERRANOVA LUCAS HERNAN",G,0,2026-03-13 08:31:21,110,37,000000,,,
2026,1054,GMADA,2026-03-13 00:00:00,,,MAYOR,2,1110102000,1039354.3,"PRESUPUESTO 83, CORREA LORENTE JUAN MARTIN",G,0,2026-03-13 08:41:37,110,37,000000,,,
2025,5072,GMADA,2025-10-28 00:00:00,,,ACCSOC,7,1110106000,811500.0,"PRESUPUESTO de ""CARRERA M. VALENTIN"" Diabéticos octubre 2025",G,0,2025-10-28 11:25:10,132,4,000000,,,
2025,5320,GMADA,2025-11-25 00:00:00,,,PROD,14,1110108000,79200.0," PROV. MERCERIA EL DEDAL ""Arriola Maria Teresa"". PRESU. N°0001-00000776/ N°0001-00000775- SEC. PRODUCCION- TALLER TEXTIL",G,0,2025-11-25 08:54:49,110,8,000000,,,
2025,5415,GMADA,2025-12-09 00:00:00,,,HOSP,5,1110104000,6793950.0,"""LA FRUTERIA"" LABATUT MARCELO. MES DE NOVIEMBRE. COCINA HOGAR DE ANCIANOS Y  COCINA HOSPITAL.",G,0,2025-12-09 13:06:33,131,2,000000,,,
2025,5463,GMADA,2025-12-30 00:00:00,,,PROD,14,1110108000,2090000.0,PROV. COMBUSTIBLES DEL SALADO S.A-  PRESU. DICIEMBRE - SEC. PRODUCCION,G,0,2025-12-30 10:51:53,110,8,000000,,,
2026,128,GMADA,2026-01-06 00:00:00,,,TURIS,6,1110105000,2925000.0,Adrain Gas - Adrain Olivera. Tubos de gas para Delegacion Sur y Oficina de turismo,G,0,2026-01-06 10:08:28,110,TURIS,000000,,,
2026,192,GMADA,2026-01-08 00:00:00,,,COC,5,1110104000,135000.0,PEREZ JORGE- PRESUPUESTO N° 282184 (DESDE EL 1/12/25 AL 8/12/25),G,0,2026-01-08 11:17:00,131,2,000000,,,
2026,198,GMADA,2026-01-08 00:00:00,,,LAB,5,1110104000,1723517.86,UNO ELECTROMEDICINA- PRESUPUESTO N° 00003-00014647 (LABORATORIO DE ANALISIS),G,0,2026-01-08 12:33:23,131,2,000000,,,
2026,201,GMADA,2026-01-08 00:00:00,,,COC,5,1110104000,90000.0,PEREZ JORGE- PRESUPUESTO N° 282192 (COCINA) DESDE 15/12/25 AL 22/12/25,G,0,2026-01-08 13:10:56,131,2,000000,,,
2026,512,GMADA,2026-01-29 00:00:00,,,FARM,5,1110104000,1374380.0,DROGUERIA DANA- PRESUPUESTO N° 28/01/26,G,0,2026-01-29 10:01:29,131,2,000000,,,
2026,202,GMADA,2026-01-08 00:00:00,,,BROM,11,1110104000,30750.04,ALPA- PRESUPUESTO N° 0002-00003855 (BROMATOLOGIA),G,0,2026-01-28 09:32:02,110,13,000000,,,
2026,203,GMADA,2026-01-08 00:00:00,,,CICQ,5,1110104000,693340.0,DISTRILAB SERGIO FERNANDEZ- PRESUPUESTO N° S00315 (SERVICIO DE ODONTOLOGIA),G,0,2026-01-21 12:55:10,131,2,000000,,,
2026,494,GMADA,2026-01-28 00:00:00,,,000SU,25,1110118000,18260.2,PROV.ELECTRO DANNUNZIO PRESUP.29984 ALARGUE PARA CORRALON,G,0,2026-01-28 09:10:04,110,3,000000,,,
2026,506,GMADA,2026-01-29 00:00:00,,,HOSP,5,1110104000,897815.0,SERVIMED- PRESUPUESTO N° 148/26 E-U,G,0,2026-01-29 09:07:28,131,2,000000,,,
2026,511,GMADA,2026-01-29 00:00:00,,,BROM,11,1110104000,1370000.0,ARANA DIEGO- PRESUPUESTO N° 28/01/2026 (BROMATOLOGIA),G,0,2026-01-29 09:53:00,110,13,000000,,,
2026,518,GMADA,2026-01-29 00:00:00,,,COC,5,1110104000,370500.0,PROVEEDURIA LA ILUSION- PRESUPUESTO N° 21421 (COCINA) DESDE EL 23/01/26 AL 30/01/26,G,0,2026-01-29 12:06:12,131,2,000000,,,
2026,845,GMADA,2026-02-26 00:00:00,,,ACCSOC,7,1110106000,8042585.0,"PRESUPUESTO N° X 00000040 de Lo coco, Marcelo Alejandro de ""TODO COLOR""",G,0,2026-02-27 12:20:20,132,4,000000,,,
2026,513,GMADA,2026-01-29 00:00:00,,,HOGANC,5,1110104000,24100.0,SANTA PAULA- PRESUPUESTO N° 0001-00002170 - DESDE EL 19/01/26 AL 26/01/26,G,0,2026-02-04 10:23:28,131,2,000000,,,
2026,519,GMADA,2026-01-29 00:00:00,,,COC,5,1110104000,30000.0,SANTA PAULA- PRESUPUESTO N° 0001-00002171 - DESDE EL 23/01/26 AL 30/01/26,G,0,2026-01-29 12:08:45,131,2,000000,,,
2026,843,GMADA,2026-02-26 00:00:00,,,ACCSOC,7,1110106000,710717.6,Expte N° 441/2026 Contrato: Muscia Caldarella Gian Franco - Operador Social Servicio Local. No cumple con el Art. 45 de la Ley 14.656,G,0,2026-02-26 10:21:58,131,4,000000,,,
2026,846,GMADA,2026-02-26 00:00:00,,,ACCSOC,7,1110106000,13000.0,"PRESUPUESTO N° X  021422 de Marina Irene Pinilla de ""PROVEDURIA LA ILUSION"" Para la oficina del Equipo de Violencias",G,0,2026-02-26 11:04:30,110,4,000000,,,
2026,974,GMADA,2026-03-09 00:00:00,,,LAB,5,1110104000,2698667.97,UNO ELECTROMEDICINA- PRESUPUESTO N° 00003-00015228 (LABORATORIO DE ANALISIS),G,0,2026-03-09 08:42:51,131,2,000000,,,
2026,847,GMADA,2026-02-26 00:00:00,,,GRAN,7,1110106000,9700.0,"PRESUPUESTO N° 001033 de Terranova Lucas Hernán de ""TERRANOVAQUIMICA"" Para uso de la granja de contención",G,0,2026-02-26 11:08:31,110,GRAN,000000,,,
2025,3248,GMADA,2025-06-10 00:00:00,,,DEP,13,1110109000,32500.0,PRESUPUESTO N° 2708 - EL GALLEGO / CABLE Y CINTA UTILIZADO EN ESTADIO MUNICIPAL FRANCISCO ALCUAZ,G,0,2025-06-10 12:39:32,110,9,000000,,,
2025,3246,GMADA,2025-06-10 00:00:00,,,DEP,13,1110109000,4800.0,PRESUPUESTO N°3652 - ALPA MADARIAGA,G,0,2025-06-10 12:30:45,110,9,000000,,,
2025,3250,GMADA,2025-06-10 00:00:00,,,DEP,13,1110109000,38000.0,PRESUPUESTO N° 0496 - CASA CACHITO / CANILLA Y PROLONGACIONES PARA BAÑO DEL POLIDEPORTIVO MUNICIPAL,G,0,2025-06-10 12:51:08,110,9,000000,,,
2025,3247,GMADA,2025-06-10 00:00:00,,,DEP,13,1110109000,39600.0,PRESUPUESTO N° 2724 - EL GALLEGO,G,0,2025-06-10 12:37:28,110,9,000000,,,
2025,3462,GMADA,2025-06-25 00:00:00,,,HOSP,5,1110104000,296000.0,CORBELLINI CESAR- PRESUPUESTO N° 1016 DOMINIO: JQS879 TOYOTA,G,0,2025-06-25 12:20:58,131,2,000000,,,
2025,3249,GMADA,2025-06-10 00:00:00,,,DEP,13,1110109000,29000.0,PRESUPUESTO N°0498 - CASA CACHITO / FLOTANTE DE ALTA PRESION PARA TANQUE DE AGUA EN POLIDEPORTIVO MUNICIPAL,G,0,2025-06-10 12:45:10,110,9,000000,,,
2025,3253,GMADA,2025-06-10 00:00:00,,,DEP,13,1110109000,65000.0,PRESUPUESTO N°1092 - LEANDRO RUBEN BOGADO / CAMBIO DE LUCES EN IVECO DAILY. DOMINIO: AB603TW,G,0,2025-06-10 13:03:35,110,9,000000,,,
2025,3251,GMADA,2025-06-10 00:00:00,,,DEP,13,1110109000,286000.0,"PRESUPUESTO SIN N° - ATMOSFERICO ""LA PRIMERA"" SERGIO PEYRANO - TRABAJO EN ESTADIO MUNICIPAL FRANCISCO ALCUAZ",G,0,2025-06-10 13:00:43,110,9,000000,,,
2025,3451,GMADA,2025-06-25 00:00:00,,,SALA I,5,1110104000,3849282.0, EXPTE Nº 3507/2024 .CONTRATO EMPRESA BIONUCLEAR (TOMOGRAFO),G,0,2025-07-18 09:22:52,131,2,000000,,,
2025,3454,GMADA,2025-06-25 00:00:00,,,QUI,5,1110104000,100341.32,YOLDI CARLOS AGUSTIN- PRESUPUESTO N° 1722 (QUIROFANO),G,0,2025-06-25 10:03:11,131,2,000000,,,
2025,4039,GMADA,2025-08-01 00:00:00,,,HOSP,5,1110104000,33150.0,ALPA PAPELERA- PRESUPUESTO N° 0002-00003736 (RECURSOS HUMANOS-GUARDIA- PEDIATRIA),G,0,2025-08-01 12:17:13,131,2,000000,,,
2025,3524,GMADA,2025-06-30 00:00:00,,,BA,1,1110105000,29800.0,"JUAN ALBERTO SANCHEZ ""ELECTRICIDAD EL GALLEGO"",  PRESUPUESTO  X0001-0052900",G,0,2025-07-04 09:17:09,132,29,000000,,,
2025,4035,GMADA,2025-08-01 00:00:00,,,LAB,5,1110104000,1753629.83,UNO ELECTROMEDICINA- PRESUPUESTO N° 00003-00013132 ( LABORATORIO),G,0,2025-08-01 09:56:36,131,2,000000,,,
2025,4037,GMADA,2025-08-01 00:00:00,,,LAB,5,1110104000,867743.45,UNO ELECTROMEDICINA - PRESUPUESTO N° 00003-00013133 (LABORATORIO),G,0,2025-08-01 10:47:24,131,2,000000,,,
2025,4042,GMADA,2025-08-01 00:00:00,,,FARM,5,1110104000,1885862.88,DROGUERIA PERDOMINICI- PRESUPUESTO N° 31/07/2025 (FARMACIA),G,0,2025-08-01 13:05:01,131,2,000000,,,
2025,4968,GMADA,2025-10-17 00:00:00,,,HOSP,5,1110104000,480000.0,DANIEL OPAZO. ELECTRICISTA. PRESUPUESTO 23/09/2025.,G,0,2025-10-17 09:55:23,131,2,000000,,,
2025,4041,GMADA,2025-08-01 00:00:00,,,FARM,5,1110104000,377592.75,PILOÑA- PRESUPUESTO N° 0004-00186664 (FARMACIA),G,0,2025-08-06 08:27:40,131,2,000000,,,
2025,4789,GMADA,2025-09-30 00:00:00,,,HOSP,5,1110104000,2115200.0,EMPRESA SOMA. RESIDUOS PATOGENICOS. DIFERENCIA MESES DEL 1 DE ABRIL AL 30 DE JUNIO 2025.,G,0,2025-09-30 08:33:16,131,2,000000,,,
2025,4043,GMADA,2025-08-01 00:00:00,,,COC,5,1110104000,140000.0,AVICOLA DEL TUYU DE ANDERS VICTOR- PRESUPUESTO N° 3807 (COCINA HOSPITAL),G,0,2025-08-06 08:27:50,131,2,000000,,,
2025,4868,GMADA,2025-10-07 00:00:00,,,LAB,5,1110104000,275513.0,UNO ELECTROMEDICINA- PRESUPUESTO N° 00003-00013917 (LABORATORIO DE ANALISIS),G,0,2025-10-07 08:46:28,131,2,000000,,,
2025,4965,GMADA,2025-10-17 00:00:00,,,HOSP,5,1110104000,430000.0,PHOYU MARIA ALCIRA. TRABAJO DE COSTURERIA. PRESUPUESTO 16/10/2025.,G,0,2025-10-17 08:36:18,131,2,000000,,,
2025,4971,GMADA,2025-10-17 00:00:00,,,HOSP,5,1110104000,150000.0,DANIEL OPAZO. ELECTRICISTA. PRESUPUESTO.,G,0,2025-10-17 10:46:57,131,2,000000,,,
2026,323,GMADA,2026-01-15 00:00:00,,,ACCSOC,7,1110106000,6307176.0,"Expte N° 118/2026 Contrato: Escobar, Estela - Operadora Territorial Abordaje a la Violencia Familiar y de Género. No cumple con el Art. 45 de la Ley 14.656",G,0,2026-01-16 08:41:44,131,4,000000,,,
2025,4970,GMADA,2025-10-17 00:00:00,,,HOSP,5,1110104000,180000.0,DANIEL OPAZO. ELECTRICISTA.PRESUPUESTO 13/10/2025.,G,0,2025-10-17 10:43:28,131,2,000000,,,
2026,319,GMADA,2026-01-15 00:00:00,,,ACCSOC,7,1110106000,5567398.08,"Expte N° 118/2026 Contrato: Amigorena, María Paula - Psicóloga Programa Envión. No cumple con el Art. 45 de la Ley 14.656",G,0,2026-01-15 09:54:56,131,4,000000,,,
2026,320,GMADA,2026-01-15 00:00:00,,,ACCSOC,7,1110106000,1838583.36,"Expte N°118/2026 Contrato: Anrríquez, Gustavo Oscar - Trabajador Social Abordaje a la violencia masculino. No cumple con el Art. 45 de la Ley 14.656",G,0,2026-01-16 08:38:39,131,4,000000,,,
2026,321,GMADA,2026-01-15 00:00:00,,,ACCSOC,7,1110106000,1634296.32,"Expte N° 118/2026 Contrato: Baigorria, Daniela - Operadora Grupal.Programa Envión. No cumple con el Art. 45 de la Ley 14.656",G,0,2026-01-15 10:05:05,131,4,000000,,,
2026,322,GMADA,2026-01-15 00:00:00,,,ACCSOC,7,1110106000,6307176.0,"Expte N° 118/2026 Contrato: Cardozo, Aranza Celeste - Operadora de calle Servicio Local. No cumple con el Art. 45 de la Ley 14.656",G,0,2026-01-16 09:06:54,131,4,000000,,,
2026,327,GMADA,2026-01-15 00:00:00,,,ACCSOC,7,1110106000,13425864.96,"Expte N° 118/2026 Contrato: Gabito, Cristián Raúl - Abogado en Equipo de Abordaje a la violencian  masculino, coordinador de las intervenciones en vulneración de derechos. No cumple con el Art. 45 de la Ley 14.656",G,0,2026-01-16 08:48:21,131,4,000000,,,
2026,326,GMADA,2026-01-15 00:00:00,,,ACCSOC,7,1110106000,6307176.0,"Expte N° 118/2026 Contrato: Flores Herrero, Martina - Abogada Servicio Local. No cumple con el Art. 45 de la Ley 14.656",G,0,2026-01-16 08:45:51,131,4,000000,,,
2026,325,GMADA,2026-01-15 00:00:00,,,ACCSOC,7,1110106000,6307176.0,"Expte N° 118/2026 Contrato: Etchart, María Eugenia - Abogada Servicio Local. No cumple con el Art. 45 de la Ley 14.656",G,0,2026-01-16 08:42:42,131,4,000000,,,
2026,330,GMADA,2026-01-15 00:00:00,,,ACCSOC,7,1110106000,340000.0,"Expte N° 118/2026 Contrato: Lopéz, Luis Miguel - Barbero Programa Envión. No cumple con el Art. 45 de la Ley 14.656",G,0,2026-01-15 10:59:51,131,4,000000,,,
2026,332,GMADA,2026-01-15 00:00:00,,,ACCSOC,7,1110106000,6307176.0,"Expte N° 118/2026 Contrato: Morando, Araceli - Operadora Territorial  Abordaje a la violencia familiar y de Género. No cumple con el Art. 45 de la Ley 14.656",G,0,2026-01-16 09:00:49,131,4,000000,,,
2026,329,GMADA,2026-01-15 00:00:00,,,ACCSOC,7,1110106000,6307176.0,"Expte N° 118/2026 Contrato: Golart, Noelia Belén - Psicóloga Servicio Local. No cumple con el Art. 45 de la Ley 14.656",G,0,2026-01-16 08:49:06,131,4,000000,,,
2026,336,GMADA,2026-01-15 00:00:00,,,ACCSOC,7,1110106000,6307176.0,"Expte N° 118/2026 Contrato: Pelinski, Eva Lorena - Psicóloga Servicio Local. No cumple con el Art. 45 de la Ley 14.656",G,0,2026-01-16 09:03:06,131,4,000000,,,
2026,331,GMADA,2026-01-15 00:00:00,,,ACCSOC,7,1110106000,6307176.0,"Expte N° 118/2026 Contrato: Lorente, Ana Victoria . Trabajadora Social Servicio Local. No cumple con el Art. 45 de la Ley 14.656",G,0,2026-01-16 08:57:40,131,4,000000,,,
2026,335,GMADA,2026-01-15 00:00:00,,,ACCSOC,7,1110106000,6307176.0,"Expte N° 118/2026 Contrato: Olaizola, Rocío - Operadora Social Abordaje a la violencia familiar y Género. No cumple con el Art. 45 de la Ley 14.656",G,0,2026-01-16 09:01:35,131,4,000000,,,
2026,334,GMADA,2026-01-15 00:00:00,,,ACCSOC,7,1110106000,710717.6,"Expte N° 118/2026 Contrato: Muscia Caldarella, Gian Franco - Operador Social Servicio Local. No cumple con el Art. 45 de la Ley 14.656",G,0,2026-01-15 11:11:46,131,4,000000,,,
2025,4799,GMADA,2025-10-01 00:00:00,,,000SU,25,1110118000,1117000.0,"PROV. AGUSTIN PASO PRESUP.3868,3848,3866,3852,3844,3842,3841,3845,3846,3854,3878,3870 PARCHES PARA BGZ14,INI856,CII59,EFJ13,CAR742,G710,BNA17",G,0,2025-10-01 08:05:17,110,3,000000,,,
2025,2867,GMADA,2025-05-20 00:00:00,,,SECSEG,20,1110113000,310000.0,"Cars Rivadavia, presupuesto (reparacion camioneta rural LBN155)",G,0,2025-05-20 10:39:47,110,25,000000,,,
2025,2866,GMADA,2025-05-20 00:00:00,,,SECSEG,20,1110113000,81400.0,"Taller Niko, presupuesto 0124 (motoguadaña destacamento manantiales)",G,0,2025-05-20 10:32:55,110,25,000000,,,
2025,3318,GMADA,2025-06-17 00:00:00,,,SECSEG,20,1110113000,16000.0,"Marzullo Computacion, presupuesto 1277 (para computadora de Secretaria)",G,0,2025-06-17 09:51:00,110,25,000000,,,
2025,3317,GMADA,2025-06-17 00:00:00,,,SECSEG,20,1110113000,45203.2,"Electro Dannunzio, presupuesto 28464 (para playon del area )",G,0,2025-06-17 09:47:56,110,25,000000,,,
2025,3880,GMADA,2025-07-21 00:00:00,,,FARM,5,1110104000,92016.88,MAX CONTINENTAL- PRESUPUESTO N° 0001-00152640 (FARMACIA),G,0,2025-07-21 11:06:14,131,2,000000,,,
2025,2973,GMADA,2025-05-26 00:00:00,,,OPP,3,1110103000,723210.0,Exp.:3588/23 Reparación P/ Casa de la Cultura - Prov.:Casa Harisgarat - Presup.:965,G,0,2025-05-26 08:07:01,110,35,000000,,,
2025,2974,GMADA,2025-05-26 00:00:00,,,OPP,3,1110103000,251885.0,Exp.:1861/15 Construccion 36 Viviendas - Prov.:Casa Harisgarat - Presup.:976;988;998,G,0,2025-05-26 08:15:28,132,35,000000,,,
2026,337,GMADA,2026-01-15 00:00:00,,,ACCSOC,7,1110106000,7124325.96,"Expte N° 118/2026 Contrto: Peréz, Oscar Santiago - Operador Grupal Envión, Operador de Calle Servicio Local. No cumple con el Art. 45 de la Ley 14.656",G,0,2026-01-15 11:32:40,131,4,000000,,,
2026,339,GMADA,2026-01-15 00:00:00,,,ACCSOC,7,1110106000,1838583.36,"Expte N° 118/2026 Contrato: Saquetti, Pablo Cristián - Operador Grupal  Abordaje a la violencia masculino. No cumple con el Art. 45 de la Ley 14.656",G,0,2026-01-16 09:05:43,131,4,000000,,,
2026,338,GMADA,2026-01-15 00:00:00,,,ACCSOC,7,1110106000,6715750.08,"Expte 118/2026 contrato: Ruau, María carolina - Abogada Abordaje a la violencia familiar y Género. No cumple con el Art. 45 de la Ley 14.656",G,0,2026-01-16 09:04:57,131,4,000000,,,
2026,342,GMADA,2026-01-15 00:00:00,,,ACCSOC,7,1110106000,5081453.76,Expte N° 118/2026 Contrato: Tolosa Carolina Paola - Trabajadora Social Abordaje a la violencia familiar y Género. No cumple con el Art. 45 de la Ley 14656,G,0,2026-01-15 11:53:21,131,4,000000,,,
2026,341,GMADA,2026-01-15 00:00:00,,,ACCSOC,7,1110106000,6307176.0,"Expte N° 118/2026 Contrato: Suarez, Micaela Brunella - Operadora Territorial Abordaje a la violencia familiar y Género . No cumple con el Art. 45 de la Ley 14.656",G,0,2026-01-15 11:48:09,131,4,000000,,,
2026,432,GMADA,2026-01-22 00:00:00,,,DEP,13,1110109000,160500.0,presupuesto 0058  Motomaquinarias Luis,G,0,2026-01-22 08:24:59,110,9,000000,,,
2026,343,GMADA,2026-01-15 00:00:00,,,ACCSOC,7,1110106000,6307176.0,"Expte N° 118/2026 Contrato: Verón Saavedra, Marianela Victoria - Psicóloga Abordaje a la violencia familiar y Género. No cumple con el Art. 45 de la Ley 14.656",G,0,2026-01-15 11:57:07,131,4,000000,,,
2026,1069,GMADA,2026-03-16 00:00:00,,,SECSEG,20,1110113000,79500.0,"Grupo Nucleo, presupuesto 239915 (inspeccion)",G,0,2026-03-16 09:34:15,110,25,000000,,,
2026,442,GMADA,2026-01-22 00:00:00,,,DEP,13,1110109000,16760.0,PRESUPUESTO N° 0822 - DISTRIBUIDOR A DEL SUDESTE - CIERRE PROGRAMA ABUELOS,G,0,2026-01-22 10:48:55,110,9,000000,,,
2025,2990,GMADA,2025-05-27 00:00:00,,,OPP,3,1110103000,1767090.49,Exp.:343/23 - Vereda Calle 33 - (EP 20 - Sec.Nº4- Jardin 902) - Prov.:Ciardi Hnos - Presup.:0326308,G,0,2025-05-27 09:10:50,132,35,000000,,,
2025,2989,GMADA,2025-05-27 00:00:00,,,OPP,3,1110103000,4100000.0,Exp.:343/23 - Vereda Calle 33 - (EP 20 - Sec.Nº4- Jardin 902) - Prov.:Casales Fernando - Presup.:Contrato,G,0,2025-05-27 08:39:11,132,35,000000,,,
2025,3000,GMADA,2025-05-27 00:00:00,,,OPP,3,1110103000,150000.0,Exp.:253/21 Sol. revisión de la instalación de gas - Prov.:Santos Mariano - Presup.:21/05,G,0,2025-05-27 12:31:28,110,35,000000,,,
2025,2998,GMADA,2025-05-27 00:00:00,,,OPP,3,1110103000,839622.43,Exp.:329/25 Sol. Mejoras p/ Estadio Municipal - Prov.:Pintureria Concepto - Presup.:2257;2265,G,0,2025-05-28 09:58:35,110,35,000000,,,
2025,3178,GMADA,2025-06-06 00:00:00,,,OPP,3,1110103000,356827.44,Exp.:343/23 - Vereda Calle 33 - (EP 20 - Sec.Nº4- Jardin 902) - Prov.:Ciardi Hnos - Presup.:0326608,G,0,2025-06-06 07:44:40,132,35,000000,,,
2025,4143,GMADA,2025-08-07 00:00:00,,,000A,24,1110117000,4500000.0,Expte 54/2025 Contatación Alonso Leandro Martin,G,0,2025-08-07 12:01:20,110,ASLEG,000000,,,
2025,2976,GMADA,2025-05-26 00:00:00,,,OPP,3,1110103000,592516.0,Exp.:1811/21 PREIMBA- PROYECTO PARQUE DE LA ESTACIÓN - Prov.:Casa Harisgarat - Presup.:964;980;966;962,G,0,2025-05-26 08:46:18,110,35,000000,,,
2025,3403,GMADA,2025-06-23 00:00:00,,,TURIS,6,1110105000,36500.0,Avellaneda 7163 - Hispanograf - Presupuesto 1791 - vinilo reseña historica Celestino,G,0,2025-06-23 09:07:06,110,TURIS,000000,,,
2025,3878,GMADA,2025-07-21 00:00:00,,,FARM,5,1110104000,334754.82,PILOÑA- PRESUPUESTO N° 0004-00186051/186052 (FARMACIA),G,0,2025-07-21 11:01:41,131,2,000000,,,
2025,3885,GMADA,2025-07-21 00:00:00,,,HOSP,5,1110104000,200000.0,"OPAZO DANIEL- PRESUPUESTO N° 18/07/2025 (CIC, ONCOLOGIA, PEDIATRIA Y BO. NORTE)",G,0,2025-07-21 13:03:49,131,2,000000,,,
2025,3883,GMADA,2025-07-21 00:00:00,,,HOSP,5,1110104000,100000.0,EDUARDO FUMEGA- PRESUPUESTO N° 492 (CAPS ALBELARDO COSTO Y CIC),G,0,2025-07-21 12:53:04,131,2,000000,,,
2025,3881,GMADA,2025-07-21 00:00:00,,,COC,5,1110104000,140000.0,AVICOLA DEL TUYU DE ANDERS VICTOR- PRESUPUESTO N° 3909 (COCINA HOSPITAL) N° 3910 (HOGAR DE ANCIANOS),G,0,2025-07-21 11:17:07,131,2,000000,,,
2025,3884,GMADA,2025-07-21 00:00:00,,,HOGANC,5,1110104000,190000.0,EDUARDO FUMEGA- PRESUPUESTO N° 476 (HOGAR DE ANCIANOS),G,0,2025-07-23 12:17:44,131,2,000000,,,
2025,3886,GMADA,2025-07-21 00:00:00,,,FARM,5,1110104000,2961300.0,VELIBO SUPPLIES S.A.S- PRESUPUESTO N° 0001-00008512 (FARMACIA),G,0,2025-07-21 13:20:12,131,2,000000,,,
2025,3940,GMADA,2025-07-24 00:00:00,,,HOSP,5,1110104000,164000.0,NEUMATICOS PASO. PRESUPUESTO Nº 0001-00003812. VEHICULO DOMINIO AE 619 QS.,G,0,2025-07-24 12:16:58,131,2,000000,,,
2025,3888,GMADA,2025-07-21 00:00:00,,,INTER,5,1110104000,60000.0,EL ARGENTINO- PRESUPUESTO N° 522- PRESUPUESTO N° 522 (ENFERMERIA),G,0,2025-07-21 13:35:03,131,2,000000,,,
2025,3887,GMADA,2025-07-21 00:00:00,,,107,5,1110104000,100000.0,LOPEZ LEONARDO - PRESUPUESTO S/N 21/07/2025 (107),G,0,2025-07-21 13:25:27,131,2,000000,,,
2025,3929,GMADA,2025-07-24 00:00:00,,,HOSP,5,1110104000,2115200.0,"SOMA EXPTE Nº 5/2025.TRANSPORTE. SERV RECOLECCION, TRANSP,TRATAM Y DISPOSIC FINAL RESIDUOS PATOGENICOS.",N,0,2025-07-24 08:08:06,131,2,000000,,,
2025,3931,GMADA,2025-07-24 00:00:00,,,HOSP,5,1110104000,6400000.0,CORRESPONDE EXPTE Nº 3508/2024.DRA JAIME MARIA GRACIELA.,G,0,2025-07-24 08:12:07,131,2,000000,,,
2025,4257,GMADA,2025-08-18 00:00:00,,,CAS,3,1110111000,101245.1,"PRESUPUESTO 734, DURANTE JAVIER",G,0,2025-08-18 08:30:39,131,6,000000,,,
2025,4227,GMADA,2025-08-13 00:00:00,,,CAS,3,1110111000,783715.0,"PRESUPUESTO 2067, ABDO JOSE",G,0,2025-08-13 09:39:13,131,6,000000,,,
2025,3941,GMADA,2025-07-24 00:00:00,,,HOSP,5,1110104000,1005200.0,NEUMATICOS PASO. PRESUPUESTO Nº 0001-00003815. MINIBUS HOSPITAL DOMINIO AF 545 GL.,G,0,2025-07-25 07:36:33,131,2,000000,,,
2025,4244,GMADA,2025-08-14 00:00:00,,,DIRINF,22,1110115000,741603.0,"PRESUPUESTO 106201, GLOBAL",G,0,2025-08-14 11:48:33,110,INFOR,000000,,,
2025,4255,GMADA,2025-08-18 00:00:00,,,MAYOR,2,1110102000,82764.0,"PRESUPUESTO 742, DURANTE JAVIER",G,0,2025-08-18 08:20:25,110,37,000000,,,
2025,4274,GMADA,2025-08-18 00:00:00,,,CAS,3,1110111000,498274.0,"PRESUPUESTO 565, GARCIA FEDERICO",G,0,2025-08-18 12:05:05,131,6,000000,,,
2025,4264,GMADA,2025-08-18 00:00:00,,,CAS,3,1110111000,10992000.0,"PRESUPUESTO 000, CASA ELICEIRY",G,0,2025-08-18 09:43:14,131,6,000000,,,
2025,4275,GMADA,2025-08-18 00:00:00,,,CAS,3,1110111000,2851313.0,"PRESUPUESTO 591, SORAGNI SILVIA ALEJANDRA",G,0,2025-08-18 12:44:45,131,6,000000,,,
2025,4297,GMADA,2025-08-20 00:00:00,,,INTIM,19,1110112000,6700.0,"PRESUPUESTO 748, MARTIN FERNANDO(HIJO)",G,0,2025-08-20 07:44:29,110,1,000000,,,
2025,4397,GMADA,2025-08-29 00:00:00,,,HOSP,5,1110104000,839154.98,FARMACIA SOTO- PRESUPUESTO N° 908 MEDICAMENTOS DISPENSADOS DESDE el 29/07/2025 al 22/08/2025,G,0,2025-08-29 07:37:31,131,2,000000,,,
2025,2936,GMADA,2025-05-22 00:00:00,,,SECSEG,20,1110113000,812360.0,"LC Repuestos, prespupuesto 0551(etios AF 747PM Y LOGAN ag713zv)",G,0,2025-05-22 11:23:48,110,25,000000,,,
2025,2932,GMADA,2025-05-22 00:00:00,,,SECSEG,20,1110113000,128400.0,"LC Repuestos, presupuesto 0552 (fiat uno jch069)",G,0,2025-05-22 10:53:30,110,25,000000,,,
2025,3114,GMADA,2025-06-02 00:00:00,,,COC,5,1110104000,76000.0,AVICOLA DEL TUYU - PRESUPUESTO N° 8-2593 Y 8-3257 (COCINA HOSPITAL),G,0,2025-06-02 12:59:45,131,2,000000,,,
2025,3113,GMADA,2025-06-02 00:00:00,,,COC,5,1110104000,611850.0,TODO POLLO - PRESUPUESTO N° 1 Y 100 HOSPITAL Y HOGAR DE ANCIANOS,G,0,2025-06-03 09:41:29,131,2,000000,,,
2025,3117,GMADA,2025-06-02 00:00:00,,,COC,5,1110104000,178000.0,PROVEDURIA LA ILUSION - PRESUPUESTO N° 36338 (COCINA HOSPITAL),G,0,2025-06-02 13:07:51,131,2,000000,,,
2025,3121,GMADA,2025-06-02 00:00:00,,,COC,5,1110104000,18700.0,SANTA PAULA - PRESUPUESTO N° 1-2071 (COCINA HOSPITAL),G,0,2025-06-02 13:14:20,131,2,000000,,,
2025,3116,GMADA,2025-06-02 00:00:00,,,HOSP,5,1110104000,44400.0,"MARZULLO COMPUTACION - PRESUPUESTO N° 1-1265 Y 1-1267 ( DIRECCION, SUMAR, ONCOLOGIA, LABORATORIO INT, ESTADISTICA)",G,0,2025-06-03 09:39:01,131,2,000000,,,
2025,3706,GMADA,2025-07-10 00:00:00,,,COC,5,1110104000,77200.0,SANTA PAULA- PRESUPUESTO N° 0001-00002082 COCINA HOSPITAL,G,0,2025-07-10 08:48:17,131,2,000000,,,
2025,3119,GMADA,2025-06-02 00:00:00,,,PEDIAT,5,1110104000,95000.0,OPAZO DANIEL - PRESUPUESTO S/N FECHA 2/6/25 (PEDIATRIA),G,0,2025-06-03 09:40:30,131,2,000000,,,
2025,3340,GMADA,2025-06-18 00:00:00,,,SECSEG,20,1110113000,159000.0,"Tomas Liboreiro, (cremalleras para la colocacion de porton del area )",G,0,2025-06-18 10:03:27,110,25,000000,,,
2025,3705,GMADA,2025-07-10 00:00:00,,,COC,5,1110104000,152000.0,AVICOLA DEL TUYU ANDERS VCTOR- PRESUPUESTO N° 0008-00002560 COCINA,G,0,2025-07-10 08:31:37,131,2,000000,,,
2025,3709,GMADA,2025-07-10 00:00:00,,,LAB,5,1110104000,904887.0,LABORATORIO BIOQUIMICO MAR DEL PLATA S.A - PRESUPUESTO S/N° PRACTICAS DE LABORATORIO DE ALTA COMPLEJIDAD MES DE JUNIO/2025,G,0,2025-07-10 08:55:49,131,2,000000,,,
2025,3964,GMADA,2025-07-28 00:00:00,,,HOSP,5,1110104000,139748.66,PINTURERIA SAGITARIO S.A- PRESUPUESTO N° 25/06/2025 (PEDIATRIA- CONSULTORIOS),G,0,2025-07-30 11:43:05,131,2,000000,,,
2025,3708,GMADA,2025-07-10 00:00:00,,,LAB,5,1110104000,1557627.6,UNO ELECTROMEDICINA- PRESUPUESTO N° 00003-00013075 LABORATORIO DE ANALISIS,G,0,2025-07-10 08:52:29,131,2,000000,,,
2025,4901,GMADA,2025-10-09 00:00:00,,,DECI,25,1110118000,14500.0,PROV. MIGUEL CUELI PRESUP.0156 PARA ARREGLOS OFICINA DEFENSA CIVIL,G,0,2025-10-09 07:18:10,110,DEFCI,000000,,,
2025,4802,GMADA,2025-10-01 00:00:00,,,000SU,25,1110118000,5801500.0,PROV. ATREUCO PUEL  COMBUSTIBLE PARA MAQUINAS Y VEHICULOS DE ESTA SECRETARIA,G,0,2025-10-01 08:39:02,132,3,000000,,,
2025,4825,GMADA,2025-10-02 00:00:00,,,AREAJ,2,1110102000,1840.0,"PRESUPUESTO 1788,AVELLANEDA SRL",G,0,2025-10-02 09:30:33,110,23,000000,,,
2025,4837,GMADA,2025-10-03 00:00:00,,,OPP,3,1110103000,250000.0, Exp.:329/25 Sol. Mejoras p/ Estadio Municipal - Prov.: Mendez Marcos - Presup.:03/10/25 contrato.,G,0,2025-10-03 09:05:53,110,35,000000,,,
2025,4900,GMADA,2025-10-09 00:00:00,,,000SU,25,1110118000,248057.26,PROV. BERTRAND BELLEMUR SRL PRESUP.08/10/25 PARA FORD 14000 DMI232,G,0,2025-10-09 07:11:33,110,3,000000,,,
2025,5168,GMADA,2025-11-05 00:00:00,,,PO,5,1110104000,151510.01,PRESUPUESTO  5214  PROVEEDOR COLD SUPLIERS SR. PARA MAQUINA CARGADORA DE TUBOS DE OXIGENO,G,0,2025-11-05 08:28:28,131,2,000000,,,
2025,4929,GMADA,2025-10-14 00:00:00,,,SECSEG,20,1110113000,20000.0,"Marzullo Computacion, presupuesto 01291 (COM)",G,0,2025-10-14 10:14:59,110,25,000000,,,
2025,5167,GMADA,2025-11-05 00:00:00,,,BROM,11,1110104000,247834.0,AGROVETERINARIA MARZULLO. PRSUPUESTO Nº 0001-00001128.BROMATOLOGIA.,G,0,2025-11-05 08:04:19,110,13,000000,,,
2026,116,GMADA,2026-01-06 00:00:00,,,HOSP,5,1110104000,160060.0,PROVEEDURIA LA ILUSION. PINILLA MARINA IRENE. PRESUPUESTO 021417 COCINA HOSPITAL.,G,0,2026-01-07 08:50:54,131,2,000000,,,
2025,5380,GMADA,2025-12-02 00:00:00,,,INT,1,1110101000,200000.0,"PRESUPUESTO 000, MOYANO JORGE MARIO(174)",G,0,2025-12-02 09:37:55,110,1,000000,,,
2025,5169,GMADA,2025-11-05 00:00:00,,,HOSP,5,1110104000,145000.0,LUIS L.A VILLARREAL Y CIA S.R.L VEHICULO MINIBUS AF591SU,G,0,2025-11-05 08:36:49,131,2,000000,,,
2025,5399,GMADA,2025-12-05 00:00:00,,,COC,5,1110104000,621000.0,PRESUPUESTOS  JORGE PEREZ MES DE OCUTBRE Y MES DE NOVIEMBRE 27076196 - 27076197 - 282180 - 282181 - 282182,G,0,2025-12-10 11:21:49,131,2,000000,,,
2026,84,GMADA,2026-01-05 00:00:00,,,HOSP,5,1110104000,4140000.0,"COMBUSTIBLES DEL SALADO. PREVISION VEHICULOS HOSPITAL MUNICIPAL.DOMINIOS EQM 605, FJX 453, KYV 365, JQS 879, AA 775 QW, PAA 334, AB 039 OI, AF 451 QS, AC 548 KJ..MES DE ENERO.",G,0,2026-01-05 07:47:23,131,2,000000,,,
2026,86,GMADA,2026-01-05 00:00:00,,,HOSP,5,1110104000,4140000.0,"ATREUCO-PUEL.. PREVISION DE COMBUSTIBLES VEHICULOS HOSPITAL MUNICIPAL. MES DE ENERO.DOMINIOS: EQM 605,FJX 453, KYV 365, JQS 879, AA 775 QW, PAA 334, AB 039 OI, AF 451 QS, AC 548 KJ,",G,0,2026-01-05 07:55:17,131,2,000000,,,
2026,110,GMADA,2026-01-06 00:00:00,,,HOSP,5,1110104000,163000.0,MOTOMAQUINARIAS LUIS. LUIS LOMBARDIA. PRESUPUESTO Nº 144.MANTENIMIENTO HOSPITAL.,G,0,2026-01-06 07:51:32,131,2,000000,,,
2026,122,GMADA,2026-01-06 00:00:00,,,HOSP,5,1110104000,247755.0,"AGROVETERINARIA MARZULLO. PRESUPUESTOS Nº 0001-00001161,0001-00001156.",G,0,2026-01-06 08:53:35,110,2,000000,,,
2026,113,GMADA,2026-01-06 00:00:00,,,HOSP,5,1110104000,111400.0,"PROVEEDURIA CAMPO Y CIUDAD. RAUL A IRIARTE. PRESUPUESTOS Nº 15604,15612.",G,0,2026-01-06 08:03:14,131,2,000000,,,
2026,125,GMADA,2026-01-06 00:00:00,,,HOSP,5,1110104000,16480000.0,JORGE ADRIAN BUGIOLACHI. PREVISION MES DE ENERO-FEBRERO. GUARDIA QUIROFANO. ANESTESISTA.,G,0,2026-01-06 09:27:59,131,2,000000,,,
2026,119,GMADA,2026-01-06 00:00:00,,,HOSP,5,1110104000,119760.0,PROVEEDURIA LA ILUSION. MARINA IRENE PINILLA. PRESUPUESTO 021418. COCINA HOSPITAL.,G,0,2026-01-07 09:32:40,131,2,000000,,,
2026,482,GMADA,2026-01-26 00:00:00,,,ENV,7,1110106000,109529.2,"PRESUPUESTO N° 0003-00003448 de ""PInturería Concepto S: Cap I"" Para pintar casa del Programa Envión (adentro)",G,0,2026-01-26 12:11:41,132,CASA,000000,,,
2026,123,GMADA,2026-01-06 00:00:00,,,HOSP,5,1110104000,12800000.0,JAIME MARIA GRACIELA. PREVISION  MES  ENERO -FEBRERO.GUARDIA PEDIATRICA.|,G,0,2026-01-06 08:59:15,131,2,000000,,,
2026,479,GMADA,2026-01-26 00:00:00,,,JARD,7,1110106000,133300.0,"PRESUPUESTO de ""Sabina Anahí Flores "" Regalo para egresados de La Casita de Chocolate",G,0,2026-01-26 11:55:20,132,JARDM,000000,,,
2026,606,GMADA,2026-02-09 00:00:00,,,CAS,3,1110111000,820000.0,"PRESUPUESTO 1179/1184/1186/1173, BOGADO LEANDRO RUBEN",G,0,2026-02-09 09:52:02,131,6,000000,,,
2026,481,GMADA,2026-01-26 00:00:00,,,JARD,7,1110106000,73410.0,"PRESUPUESTO N°  01853 de ""Hispanograf"" Para realizar diplomas, distintivos, fotos, invitaciones para el egreso de La Casita de Chocolate",G,0,2026-01-26 12:06:36,132,JARDM,000000,,,
2026,522,GMADA,2026-01-30 00:00:00,,,PO,5,1110104000,1392216.28,Copia de 2026/473 B GATE - PRESUPUESTO N° 0005-00007341,G,0,2026-01-30 07:22:18,131,2,000000,,,
2026,483,GMADA,2026-01-26 00:00:00,,,GOBHAC,2,1110102000,300000.0,"Bonomi , Beatriz Isabel. Presentación Rally 2026",G,0,2026-01-26 12:43:53,110,1,000000,,,
2026,571,GMADA,2026-02-04 00:00:00,,,INTER,5,1110104000,368508.33,Copia de 2026/527 PRESUPUESTO 9689 SAGITARIO,N,0,2026-02-04 12:07:56,131,2,000000,,,
2026,624,GMADA,2026-02-10 00:00:00,,,BA,6,1110105000,14000.0,"PRESUPUESTO 11247299, BALLETTO URRUTIA JUAN",G,0,2026-02-10 10:12:45,110,29,000000,,,
2026,683,GMADA,2026-02-12 00:00:00,,,18C,25,1110118000,100000.0,"PROV.CASA HARISGARAT PRESUP.1025,1031,1022,1034,1036 PARA ARREGLOS EN CEMENTERIO, CORRALON MUNICIPAL Y CORDON DE CALLES ALEM Y VENEZUELA",G,0,2026-02-12 07:30:01,110,7,000000,,,
2026,621,GMADA,2026-02-10 00:00:00,,,MUSH,6,1110105000,95000.0,"PRESUPUESTO 11247298, BALLETTO URRUTIA JUAN",G,0,2026-02-10 08:46:34,110,29,000000,,,
2026,682,GMADA,2026-02-12 00:00:00,,,000SU,25,1110118000,44370.2,PROV.ELECTRO DANNUNZIO PRESUP.30143 PARA CORRALON MUNICIPAL,G,0,2026-02-12 07:15:16,110,3,000000,,,
2026,629,GMADA,2026-02-10 00:00:00,,,CULTUR,6,1110105000,250000.0,"PRESUPUESTO 000, PROST EMILIANO AGUSTIN",G,0,2026-02-10 11:44:24,110,5,000000,,,
2026,732,GMADA,2026-02-18 00:00:00,,,000SU,25,1110118000,250000.0,PROV.JOSE ANGEL FERNADEZ PRESUP.0073 REPARACION DE RADIADOR  MINICARDORA MUSTANG BMV14,G,0,2026-02-18 07:37:12,110,3,000000,,,
2026,716,GMADA,2026-02-13 00:00:00,,,GOB,2,1110102000,59000.0,Corresponde presupuesto N° 0001-00000390 FERRARO LILIANA N.,G,0,2026-02-13 10:19:06,110,37,000000,,,
2026,717,GMADA,2026-02-13 00:00:00,,,CAS,3,1110111000,133294.0,CORRESPONDE PRESUPUESTO N° 0001-00000846 - C.A.S.E.R,G,0,2026-02-13 11:08:01,131,6,000000,,,
2025,3797,GMADA,2025-07-15 00:00:00,,,SECSEG,20,1110113000,83000.0,"Frenos Madariaga, presupuesto 80 ( JMP 699 vehiculo de Luciano Balbín)",G,0,2025-09-11 09:37:55,110,25,000000,,,
2025,3716,GMADA,2025-07-10 00:00:00,,,HOSP,5,1110104000,412000.0,FRENOS MADARIAGA- PRESUPUESTON° 23/04/2025  FORD KA AE619QS,G,0,2025-07-10 11:40:16,131,2,000000,,,
2025,3978,GMADA,2025-07-28 00:00:00,,,HOSP,5,1110104000,592393.14,MUNDIAL 2022- PRESUPUESTO S/N°  MEDICAMENTOS DISPENSADOS MES DE JULIO/2025,G,0,2025-07-28 12:13:42,131,2,000000,,,
2025,4545,GMADA,2025-09-09 00:00:00,,,SECSEG,20,1110113000,159000.0,"Repuestos LC, presupuesto 0610 (OIG911)",G,0,2025-09-09 10:45:13,110,25,000000,,,
2025,3966,GMADA,2025-07-28 00:00:00,,,LAB,5,1110104000,525838.66,UNO ELECTROMEDICINA- PRESUPUESTO N° 00003-00013262 (LABORATORIO DE ANALISIS),G,0,2025-07-28 08:56:53,131,2,000000,,,
2025,4246,GMADA,2025-08-14 00:00:00,,,ACCSOC,7,1110106000,101400.0,Presupuesto N° 00000026-Todo Pollo-de Bustamante Gonzalo Adrian-Para PROGRAMA ESFUERZO SOLIDARIO,G,0,2025-08-14 12:18:38,132,4,000000,,,
2025,4444,GMADA,2025-09-02 00:00:00,,,SECSEG,20,1110113000,2194169.48,"SDM Soluciones de Movilidad, presupuiesto 0198 (foton AE969PX)",G,0,2025-09-02 11:40:20,110,25,000000,,,
2025,4544,GMADA,2025-09-09 00:00:00,,,SECSEG,20,1110113000,278000.0,"Frenos Madariaga, presupuesto 075 (AF173LP)",G,0,2025-09-09 10:41:29,110,25,000000,,,
2025,4932,GMADA,2025-10-14 00:00:00,,,HOGANC,5,1110104000,6000.0,FAE- PRESUPUESTO N 4921543 (HOGAR DE ANCIANOS),G,0,2025-10-14 11:57:49,131,2,000000,,,
2025,4926,GMADA,2025-10-14 00:00:00,,,GOB,2,1110102000,565000.0,"PRESUPUESTO 000, EMPRESA 12 DE OCTUBRE",G,0,2025-10-15 09:38:15,110,1,000000,,,
2025,4546,GMADA,2025-09-09 00:00:00,,,SECSEG,20,1110113000,151000.0,"Repuestos LC, presupuesto 0611 (JCH069)",G,0,2025-09-09 10:56:58,110,25,000000,,,
2025,4928,GMADA,2025-10-14 00:00:00,,,FARM,5,1110104000,808309.04,INSUMOS GENERALES 3F- PRESUPUESTO N° 3/10/2025 Y 6/10/2025 (FARMACIA),G,0,2025-10-14 08:55:18,131,2,000000,,,
2025,4931,GMADA,2025-10-14 00:00:00,,,COC,5,1110104000,103600.0,PROVEEDURIA LA ILUSION- PRESUPUESTO N° 21410 (COCINA) DESDE EL 13/10 AL 27/10/2025,G,0,2025-10-31 08:00:03,131,2,000000,,,
2025,4990,GMADA,2025-10-20 00:00:00,,,DEP,13,1110109000,16600.0,PRESUPUESTO N°0984 - TERRANOVA QUIMICA / LIQUIDO PARA PISOS,G,0,2025-11-13 12:08:55,110,9,000000,,,
2025,4989,GMADA,2025-10-20 00:00:00,,,DEP,13,1110109000,5100.0,PRESUPUESTO N° 3786 - ALPA MADARIAGA - SELLO SECRETARIA DE DEPORTES,G,0,2025-10-20 12:17:50,110,9,000000,,,
2026,677,GMADA,2026-02-11 00:00:00,,,COC,5,1110104000,52122.0,"ELECTRO DANNUNZIO - PRESUPUESTO N° 30100 (COCINA, INTERNACION HOSPITAL)",G,0,2026-02-12 08:03:01,131,2,000000,,,
2026,168,GMADA,2026-01-07 00:00:00,,,PROD,14,1110108000,92500.0," PROV. CAMPO Y CIUDAD, RAUL ALBERTO IRIARTE- SEC PRODUCCION",G,0,2026-01-07 11:30:20,110,8,000000,,,
2026,410,GMADA,2026-01-20 00:00:00,,,ENV,7,1110106000,77492.41,"PRESUPUESTO N° 0130-00000090 de ""HENDEL"" Para el taller de peluquería",G,0,2026-02-02 11:36:41,132,CASA,000000,,,
2026,476,GMADA,2026-01-26 00:00:00,,,PROD,14,1110108000,1660000.0, PROV. COMBUSTIBLE DEL SALADO- SEC PRODUCCION- PREVISION,G,0,2026-01-26 10:50:26,110,8,000000,,,
2026,505,GMADA,2026-01-29 00:00:00,,,000SU,25,1110118000,660000.0,PROV. ROCIO MORALES PRESUP.29/10/26 REPARACION DE VW 17220 LED013 Y MINITRACTOR HUSQVANA CEMENTERIO,G,0,2026-01-29 09:01:21,110,3,000000,,,
2026,676,GMADA,2026-02-11 00:00:00,,,FARM,5,1110104000,209462.06,INSUMOS GENERALES - PRESUPUESTO S/N FECHA 2/2/2026,G,0,2026-02-12 08:02:15,131,2,000000,,,
2026,678,GMADA,2026-02-11 00:00:00,,,HOGANC,5,1110104000,6500.0,SANTA PAULA - PRESUPUESTO N° 1-2180,G,0,2026-02-12 08:03:42,131,H.ANC,000000,,,
2025,3354,GMADA,2025-06-18 00:00:00,,,OPP,3,1110103000,6598976.67, Exp.:3093/24 Coloc. caños SIP -  Prov.:De Vito - Presup.:Contrato,G,0,2025-06-18 11:13:21,132,35,000000,,,
2025,4319,GMADA,2025-08-21 00:00:00,,,ACCSOC,7,1110106000,456267.46,"PRESUPUESTO N° X 000400008746/8749 de ""INDIGO PINTURERIAS"" Para aréa de Discapacidad, señalética accesibilidad para personas con discpacidad",G,0,2025-08-21 11:19:07,110,4,000000,,,
2025,4400,GMADA,2025-08-29 00:00:00,,,FARM,5,1110104000,744029.0,DROGUERIA PERDOMINICI- PRESUPUESTO N° 14/08/2025 (FARMACIA),G,0,2025-08-29 09:02:46,131,2,000000,,,
2025,4404,GMADA,2025-08-29 00:00:00,,,COC,5,1110104000,1138216.0,MADA POY SA- PRESUPUESTO N° 0001-00000872 (COCINA),G,0,2025-08-29 10:43:47,131,2,000000,,,
2025,4401,GMADA,2025-08-29 00:00:00,,,FARM,5,1110104000,117608.6,DROGUERIA AZCUENAGA- PRESUPUESTO N° 00002-00053198 (FARMACIA),G,0,2025-08-29 10:07:18,131,2,000000,,,
2025,4949,GMADA,2025-10-16 00:00:00,,,ENV,7,1110106000,314000.0,"Expte N° 159/25 Proyecto de Talleres Programa Envión.PRESUPUESTO N° X 6976054 de Rost, Tamara de ""FRUTERIA NEGRIN"" Para la merienda de los chicos del Programa Envión y para el taller de cocina",G,0,2025-10-16 07:50:28,110,CASA,000000,,,
2025,4450,GMADA,2025-09-03 00:00:00,,,GOB,2,1110102000,321210.0,Corresponde presupuesto N° 0001-00001208- TATANO HARISGARAT- Monumento de Guemes,G,0,2025-09-03 08:31:00,110,SECGO,000000,,,
2025,4407,GMADA,2025-08-29 00:00:00,,,FARM,5,1110104000,2194960.94,PILOÑA- PRESUPUESTO N° 0004-00188758/188770 (FARMACIA),G,0,2025-08-29 11:22:27,131,2,000000,,,
2025,4849,GMADA,2025-10-06 00:00:00,,,GOB,2,1110102000,101641.0,Corresponde presupuesto N° 00005534- MAISTEGUI SILVIA,G,0,2025-10-06 12:10:25,110,SECGO,000000,,,
2025,4948,GMADA,2025-10-16 00:00:00,,,ACCSOC,7,1110106000,1085000.0,"PRESUPUESTO N° X 6976056 de Rost, Tamara DE ""FRUTERIA NEGRIN"" Plan Alimentario 2025",G,0,2025-10-16 07:41:13,132,4,000000,,,
2025,5433,GMADA,2025-12-12 00:00:00,,,BROM,11,1110104000,200080.0,"AGROVET MARZULLO. PRESUPUESTOS Nº 0001-00001150,0001-00001151,0001-00001152.BROMATOLOGIA Y ZOONOSIS.",G,0,2025-12-12 09:49:17,110,13,000000,,,
2025,4950,GMADA,2025-10-16 00:00:00,,,ACCSOC,7,1110106000,1232600.0,"PRESUPUESTO N° X 6976057 de Rost, Tamara de ""FRUTERIA NEGRIN"" Programa Dieta 2025",G,0,2025-10-16 08:17:31,132,4,000000,,,
2025,5363,GMADA,2025-12-01 00:00:00,,,MAYOR,2,1110102000,10000.0,CORRESPONDE PRESUPUESTO N° 0001-000384 - FERRARO NOEMI LILIANA,G,0,2025-12-01 08:09:34,110,37,000000,,,
2025,5432,GMADA,2025-12-12 00:00:00,,,BROM,11,1110104000,275940.0,"AGROVET MARZULLO. PRESUPUESTOS Nº 0001-00001154,0001-0001155.BROMATOLOGIA Y ZOONOSIS.",G,0,2025-12-12 08:50:21,110,13,000000,,,
2026,474,GMADA,2026-01-26 00:00:00,,,CAS,3,1110111000,5381234.0,CORRESPONDE CONTRATO GERMAN VON SALDERN,G,0,2026-01-26 09:24:49,131,6,000000,,,
2026,885,GMADA,2026-03-02 00:00:00,,,DEP,13,1110109000,2000000.0,PREVISION SIN N°  - ATREUCO PUEL S.A -  ABASTECIMIENTO ANUAL DE COMBIS SECRETARIA DE DEPORTES,G,0,2026-03-02 11:28:50,110,9,000000,,,
2026,477,GMADA,2026-01-26 00:00:00,,,SECSEG,20,1110113000,718304.4,"Artec Seguridad, presupuesto 10032 (Centro de Monitoreo)",G,0,2026-01-26 11:03:34,110,25,000000,,,
2026,1076,GMADA,2026-03-17 00:00:00,,,SECSEG,20,1110113000,547888.0,"Artec, presupuesto 10054 (COM)",N,0,2026-03-17 11:09:32,110,25,000000,,,
2026,478,GMADA,2026-01-26 00:00:00,,,HOSP,5,1110104000,324500.0,IMAGENES TANDIL COTIZACION 50315,G,0,2026-01-26 11:53:42,131,2,000000,,,
2025,3118,GMADA,2025-06-02 00:00:00,,,DEP,13,1110109000,403943.06,PRESUPUESTO N°1637 - YOLDI CARLOS AGUSTIN. MATERIALES PARA TRABAJOS EN EL ESTADIO MUNICIPAL FRANCISCO ALCUAZ,G,0,2025-06-02 13:08:42,110,9,000000,,,
2025,3115,GMADA,2025-06-02 00:00:00,,,DEP,13,1110109000,741000.0,PRESUPUESTO N°3009 - RODAMIENTOS TUYU. REPUESTOS PARA REPACION DE RENAULT MASTER. DOMINIO :GUP175,G,0,2025-06-02 13:00:32,110,9,000000,,,
2025,3391,GMADA,2025-06-21 00:00:00,,,BROM,11,1110104000,23122.4,ALPA- PRESUPUESTO N° 3664 BROMATOLOGIA,G,0,2025-06-24 09:55:14,131,2,000000,,,
2025,3385,GMADA,2025-06-21 00:00:00,,,HOSP,5,1110104000,599650.0,TODO POLLO- PRESUPUESTO N° 4/5 HOSPITAL Y HOGAR DE ANCIANOS,G,0,2025-06-21 09:22:52,131,2,000000,,,
2025,3397,GMADA,2025-06-21 00:00:00,,,HOSP,5,1110104000,6800.0,"TERRANOVA QUIMICA- PRESUPUESTO N° 928 (RECURSOS HUMANOS, SECRETARIA Y SAMO)",G,0,2025-06-21 10:37:06,131,2,000000,,,
2025,3412,GMADA,2025-06-23 00:00:00,,,OPP,3,1110103000,109025.0,Exp.:95/25 Reparación en General del Centro Civico  - Prov.:Pintureria Concepto - Presup.:02328,G,0,2025-06-23 12:23:11,110,35,000000,,,
2025,3396,GMADA,2025-06-21 00:00:00,,,HOSP,5,1110104000,148100.0,"ELECTRICIDAD EL GALLEGO- PRESUPUESTO N° 52786/52822 (PLANTA DE OXIGENO, MATERNIDAD Y PASILLO DE INTERNACION)",G,0,2025-06-21 10:32:48,131,2,000000,,,
2025,3507,GMADA,2025-06-27 00:00:00,,,HOSP,5,1110104000,45000.0,PROVEEDURIA CAMPO Y CIUDAD - PRESUPUESTO N° 1-14594 (INTERNACION HOSPITAL),G,0,2025-06-27 08:37:04,131,2,000000,,,
2025,3398,GMADA,2025-06-21 00:00:00,,,HOSP,5,1110104000,38000.0,PRODUCTOS COLOMBRARO- PRESUPUESTO N° 357/358 (COCINA Y HOGAR DE ANCIANOS),G,0,2025-06-21 10:42:47,131,2,000000,,,
2025,3505,GMADA,2025-06-27 00:00:00,,,HOSP,5,1110104000,292000.0,MOTOMAQUINARIAS LUIS - PRESUPUESTO N° 123 (MANTENIMIENTO),G,0,2025-06-28 09:45:10,131,2,000000,,,
2025,3506,GMADA,2025-06-27 00:00:00,,,BROM,11,1110104000,32000.0,MOTOMAQUINARIAS LUIS - PRESUPUESTO N° 126 (BROMATOLOGIA),G,0,2025-06-27 08:35:25,110,13,000000,,,
2025,3171,GMADA,2025-06-05 00:00:00,,,FARM,5,1110104000,6264286.0,QUALIMED- PRESUPUESTO N° 64/2025 FARMACIA,G,0,2025-06-05 12:11:23,131,2,000000,,,
2025,2870,GMADA,2025-05-20 00:00:00,,,DECI,25,1110118000,528050.0,"PROV. CASA HARISGARAT PRESUP.0894,0901,0936,0990,0876,0893 MATERIALES PARA  REPRACIONE PLAZA ARGENTINO LUNA, JUEGO BARCO DEL BICENTENARIO,PAQUE DE LA ESTACION",G,0,2025-05-20 11:23:59,110,DEFCI,000000,,,
2025,2848,GMADA,2025-05-20 00:00:00,,,000SU,25,1110118000,120000.0,PROV.ANA PAOLA RODRIGUEZ PRESP.0099  GAS PARA MAQUINA  DE SOLDAR CORRALON MUNICIPAL,G,0,2025-05-20 07:43:04,110,3,000000,,,
2025,2915,GMADA,2025-05-21 00:00:00,,,HOGANC,5,1110104000,24000.0,"SANTA PAULA, N° PRESUPUESTO 0001-00002059, HOGAR DE ANCIANOS",G,0,2025-05-21 12:31:56,131,2,000000,,,
2025,2877,GMADA,2025-05-20 00:00:00,,,000SU,25,1110118000,105974.0,"PROV.CASA HARISGARAT PRESUP.0970,0969,0978,0973 PARA REPARACION DE CORDON CALLE 2 Y BS.AS ,VEREDAS DEL HOSPIAL ,ARREGLO CANILLAS  DEL CORRALON",G,0,2025-05-20 12:37:00,110,3,000000,,,
2025,2918,GMADA,2025-05-21 00:00:00,,,HOSP,5,1110104000,30300.0,"SANTA PAULA N° PRESUPUESTO 0001-00002064, HOGAR DE ANCIANOS",G,0,2025-05-21 12:59:09,131,2,000000,,,
2025,2879,GMADA,2025-05-20 00:00:00,,,000SU,25,1110118000,185174.0,PROV. CASA HARISGARAT PRESUP.0995 PARA VEREDA ESCUELA 6,G,0,2025-05-20 12:56:28,110,3,000000,,,
2025,2922,GMADA,2025-05-22 00:00:00,,,HOGANC,5,1110104000,107958.88,PINAMAR HIGIENE INSTITUCIONAL SRL - PRESUPUESTO N° 16-1762 (HOGAR),G,0,2025-05-22 08:09:08,131,2,000000,,,
2025,2917,GMADA,2025-05-21 00:00:00,,,HOSP,5,1110104000,126500.0,"TODO POLLO, N° PRESUPUESTO 00000095, HOSPITAL",G,0,2025-05-21 12:42:02,131,2,000000,,,
2025,2920,GMADA,2025-05-21 00:00:00,,,HOSP,5,1110104000,172440.0,"TODO POLLO, N° PRESUPUESTO 00000094, HOGAR DE ANCIANOS",G,0,2025-05-21 13:36:49,131,H.ANC,000000,,,
2025,2919,GMADA,2025-05-21 00:00:00,,,HOSP,5,1110104000,64800.0,SANTA PAULA N° PRESUPUESTO 0001-00002068,G,0,2025-05-22 08:18:49,131,H.ANC,000000,,,
2025,2924,GMADA,2025-05-22 00:00:00,,,LAB,5,1110104000,832214.17,RADIOGRAFICAOESTE - PRESUPUESTO N° 100048873 LABORATORIO DE ANALISIS,G,0,2025-05-22 08:05:24,131,2,000000,,,
2025,2921,GMADA,2025-05-22 00:00:00,,,HOGANC,5,1110104000,133908.88,PINAMAR HIGIENE INSTITUCIONAL SRL-  PRESUPUESTO N° 16-1774 (HOGAR),G,0,2025-05-22 08:10:44,131,2,000000,,,
2025,2923,GMADA,2025-05-22 00:00:00,,,FARM,5,1110104000,1039220.5,DROGUERIA FRANCESA  - PRESUPUESTO S/N FECHA 20/5/25 FARMACIA,G,0,2025-05-22 08:07:25,131,2,000000,,,
2025,2926,GMADA,2025-05-22 00:00:00,,,LAB,5,1110104000,1448596.77,UNO ELECTROMEDICINA - PRESUPUESTO N° 3-12688 (LABORATORIO HOSPITAL),G,0,2025-05-22 06:51:11,131,2,000000,,,
2025,3001,GMADA,2025-05-27 00:00:00,,,HOSP,5,1110104000,143200.0,"SANTA PAULA, N° REMITO 0001-00002069, HOSPITAL",G,0,2025-05-27 13:25:07,131,2,000000,,,
2025,2925,GMADA,2025-05-22 00:00:00,,,LAB,5,1110104000,3966353.21,UNO ELECTROMEDICINA - PRESUPUESTO N° 3-12689 (LABORATORIO HOSPITAL),G,0,2025-05-22 06:43:48,131,2,000000,,,
2025,2986,GMADA,2025-05-26 00:00:00,,,SECSEG,20,1110113000,395815.2,"Artec Seguridad, presupuesto 9927- (camaras para COM)",G,0,2025-05-26 13:13:56,110,25,000000,,,
2025,2927,GMADA,2025-05-22 00:00:00,,,BARU,25,1110118000,2000000.0,PROV.BOMBEROS VOLUNTARIOS MADARIAGA RENOVACION DECONTRATO ALQUILER DE  CAMION CISTERNA SEGUN EXPT.3220/21,G,0,2025-05-22 07:40:26,110,,000000,,,
2025,3057,GMADA,2025-05-29 00:00:00,,,DEP,13,1110109000,2000000.0,PREVISION SIN N° - YPF (COMBUSTIBLE DEL SALADO) LOGISTICA DE TRASNPORTE DURANTE EL AÑO 2025,G,0,2025-05-29 10:32:42,110,9,000000,,,
2025,3165,GMADA,2025-06-05 00:00:00,,,FARM,5,1110104000,1011083.02,MAX CONTINENTAL- PRESUPUESTO N° 0001-00150959/151016 FARMACIA,G,0,2025-06-05 09:38:12,131,2,000000,,,
2025,3189,GMADA,2025-06-06 00:00:00,,,TURIS,6,1110105000,133151.0,"Pintureria-Ferreteria TODO COLOR de Silvia Maistegui - presupuesto 00005519. Materiales para mantenimiento carteleria historica de calle Avellaneda, Plazas y Estacion de tren.",G,0,2025-06-06 12:26:29,110,TURIS,000000,,,
2025,3345,GMADA,2025-06-18 00:00:00,,,ACCSOC,7,1110106000,908904.78,"Expte N°    277/2025 Addenda: Sra. Escobar, Estela. Operadora territorial Equipo de Abordaje a la violencia familiar y de género.No cumple con el Art. 45 de la Ley 14.656",G,0,2025-06-18 10:23:59,131,4,000000,,,
2025,3344,GMADA,2025-06-18 00:00:00,,,ACCSOC,7,1110106000,4415025.44,"Expte N° 1863/2025 Renovación de Contrato: Sra.  Harisgarat, Josefina . No cumple con el Art.45 de la Ley 14.656",G,0,2025-06-18 10:17:20,131,4,000000,,,
2025,3347,GMADA,2025-06-18 00:00:00,,,ACCSOC,7,1110106000,908904.78,"Expte N° 277/2025 Addenda Sra: Suarez, Micaela Brunella Operadora Social del Equipo de Abordaje a la violencia familiar y de género. No cumple con el Art. 45 de la Ley 14.656",G,0,2025-06-18 10:30:44,131,4,000000,,,
2025,3349,GMADA,2025-06-18 00:00:00,,,ACCSOC,7,1110106000,249999.0,"PRESUPUESTO N° X 0051-00042283 de  ""SORBA S.R.L."" Para la guardia del Servicio Local",G,0,2025-06-18 10:37:42,110,4,000000,,,
2025,3346,GMADA,2025-06-18 00:00:00,,,ACCSOC,7,1110106000,908904.78,"Expte N° 277/2025 Addenda: Sra. Olaizola, Rocio Operadora Social del Equipo de Abordaje  a la violencia familiar y de género. No cumple con el Art. 45 de la Ley 14.646",G,0,2025-06-18 10:26:36,131,4,000000,,,
2025,3348,GMADA,2025-06-18 00:00:00,,,ACCSOC,7,1110106000,908904.78,"Expte N°277/2025 Addenda Sra: Morando, Araceli OPeradora  Territorial del Equipo de Abordaje a  la violencia familiar y de género. No cumple con el Art. 45 de la Ley 14.656",G,0,2025-06-18 10:33:32,131,4,000000,,,
2025,3351,GMADA,2025-06-18 00:00:00,,,ACCSOC,7,1110106000,618055.48,"Expte  N° 253/2025 Addenda Sr: Anrríquez, Gustavo Oscar Trabajdor Social en el Equipo de Asistencia a las víctimas de delitos y Abordajee a la violencia masculina- No cumple con el Art. 45 de la Ley 14.656",G,0,2025-06-18 11:00:17,131,4,000000,,,
2025,3353,GMADA,2025-06-18 00:00:00,,,ACCSOC,7,1110106000,1199754.57,"Expte N° 253/2025 Addenda Sra : Etchart, María Eugenia Abogada del Equipo de Asistencia a las Víctimas de delitos y del Servicio Local. No cumple con el Art. 45 de la Ley 14.656",G,0,2025-06-18 11:10:26,131,4,000000,,,
2025,3350,GMADA,2025-06-18 00:00:00,,,ACCSOC,7,1110106000,1299059.58,"Expte N° 253/2025 Addenda Sra: Amigorena, María Paula Psicóloga en el Programa Envión. No cumple con el Art. 45 de la Ley 14.656",G,0,2025-06-18 10:51:57,131,4,000000,,,
2025,3356,GMADA,2025-06-18 00:00:00,,,ACCSOC,7,1110106000,908904.78,"Expte N° 253/2025 Addenda Sra.: Golart, Noelia Belén Operadora territorial del Equipo del Servicio Local. No cumple con el Art. 45 de la Ley 14.656",G,0,2025-06-18 11:22:50,131,4,000000,,,
2025,3352,GMADA,2025-06-18 00:00:00,,,ACCSOC,7,1110106000,908904.78,"Expte  N° 253/2025 Addenda Sra. Cardozao, Aranza Celeste Operadora de calle en el Equipo del Servicio Local. No cumple con el Art. 45 de la Ley 14.656",G,0,2025-06-18 11:04:40,131,4,000000,,,
2025,3358,GMADA,2025-06-18 00:00:00,,,ACCSOC,7,1110106000,908904.78,"Expte N° 253/2025 Addenda Sr.: Muscia Caldarella, Gian Franco Operador Social en el Equipo del Servicio Local. No cumple con el Art. 45 de la Ley 14.656",G,0,2025-06-18 11:31:19,131,4,000000,,,
2025,3355,GMADA,2025-06-18 00:00:00,,,ACCSOC,7,1110106000,2960904.73,"Expte N° 253/2025 Addenda Sr.: Gabito, Cristián Raúl  Abogado en el equipo de Abordaje a la violencia masculina y coordinador de las intervenciones en vulneración de derechos. No cumple con el Art. 45 de la Ley 14.656",G,0,2025-06-18 11:18:07,131,4,000000,,,
2025,3361,GMADA,2025-06-18 00:00:00,,,ACCSOC,7,1110106000,327205.69,"Expte N° 253/2025 Addenda Sr.: Saquetti, Pablo Cristián Operador Grupal en el Equipo  de Abordaje a la violencia masculino. No cumple con el Art. 45 de la Ley 14.656",G,0,2025-06-18 11:45:18,131,4,000000,,,
2025,3357,GMADA,2025-06-18 00:00:00,,,ACCSOC,7,1110106000,908904.78,"Expte N° 253/2025 Addenda Sra.: Lorente, Ana Victoria Trabajadora Social  en el Servicio Local. No cumple con el Art. 45 de la Ley 14.656",G,0,2025-06-18 11:27:35,131,4,000000,,,
2025,3360,GMADA,2025-06-18 00:00:00,,,ACCSOC,7,1110106000,981617.14,"Expte N° 253/2025 Addenda Sra. : Ruau, María Carolina Abogada del Equipo de Abordaje a la violencia familiar y de género. No cumple con el Art.45 de la Ley 14.656",G,0,2025-06-18 11:42:07,131,4,000000,,,
2025,3359,GMADA,2025-06-18 00:00:00,,,ACCSOC,7,1110106000,1054329.5,"Expte N° 253/2025  Addenda Sr.: Peréz, Oscar Santiago Operador grupal en el Programa Envión y Operador de calle en el Equipo del Servicio Local. No cumple con el Art. 45 de la Ley 14.656",G,0,2025-06-18 11:37:35,131,4,000000,,,
2025,3364,GMADA,2025-06-18 00:00:00,,,ACCSOC,7,1110106000,1017973.32,"Expte N° 253/2025 Addenda Sra.: Veron Saavedra, Marianela Victoria Psicóloga en el Equipo de Abordaje a la violencia familiar y de género. No cumple con el Art. 45 de la Ley 14.656",G,0,2025-06-18 11:53:36,131,4,000000,,,
2025,3626,GMADA,2025-07-03 00:00:00,,,HOSP,5,1110104000,38900.0,SYSTEC COMPUTACION- PRESUPUESTO N° 735 (INFORMATICA),G,0,2025-07-03 11:41:20,131,2,000000,,,
2025,3363,GMADA,2025-06-18 00:00:00,,,ACCSOC,7,1110106000,690767.63,"EXpte N° 253/2025 Addenda Sra.: Tolosa, Carolina Paola Trabajadora Social en el Equipo de Abordaje a la violencia familiar y de género. No cumple con el Art. 45 de la Ley 14.656",G,0,2025-06-18 11:49:27,131,4,000000,,,
2025,3537,GMADA,2025-06-30 00:00:00,,,OPP,3,1110103000,300000.0,Exp.:1811/21 PREIMBA - PROYECTO PARQUE DE LA ESTACIÓN - Prov.:Betanzo Juan Cruz - Presup.:S/N,G,0,2025-06-30 11:42:34,110,35,000000,,,
2025,3635,GMADA,2025-07-04 00:00:00,,,000SU,25,1110118000,3347500.0,PROV. CASA ELICEIRY  GAS OIL PARA MAQUINAS Y VEHICULSO DE ESTA SECRETARIA,G,0,2025-07-04 07:18:48,132,3,000000,,,
2025,3539,GMADA,2025-06-30 00:00:00,,,OPP,3,1110103000,850000.0,Exp.:1811/21 PREIMBA - PROYECTO PARQUE DE LA ESTACIÓN - Prov.:Fumega Eduardo - Presup.:Contrato,A,0,2025-11-04 09:56:16,110,35,000000,,,
2025,3627,GMADA,2025-07-03 00:00:00,,,CICQ,5,1110104000,139998.0,HENDEL - PRESUPUESTO N° 3/07/2025 (CIC),G,0,2025-07-03 11:45:59,131,2,000000,,,
2025,3690,GMADA,2025-07-08 00:00:00,,,000SU,25,1110118000,4301550.0,PROV. MINERATANDIL PRESUP.7/7/25 ESTABILIZADO 030 POLVO DE PIDRA PARA ARRGLOS DE CALLES EN EL BARRIO SAN MARTIN A,G,0,2025-07-08 08:11:14,110,3,000000,,,
2025,3641,GMADA,2025-07-04 00:00:00,,,000SU,25,1110118000,446410.0,"PROV.IVAN PERICO PRESUP.6779,6760,6879, REPUESTOS PARA COLECTIVO LAN550, FORD 14000 BMW472, VW 17220 LED010",G,0,2025-07-04 10:32:05,110,3,000000,,,
2025,3637,GMADA,2025-07-04 00:00:00,,,DECI,25,1110118000,500000.0,"PROV. JUAN RUAN PRESUP.04/07/2025 REPARACION DE FORD F100 SNG651, FORD RANGER KYV355",N,0,2025-07-04 08:00:34,110,DEFCI,000000,,,
2025,3649,GMADA,2025-07-07 00:00:00,,,INT,1,1110101000,180000.0,Corresponde presupuesto QUILINDRO MARTIN - PALACIO MUNICIPAL,G,0,2025-07-07 09:18:13,110,1,000000,,,
2025,3678,GMADA,2025-07-07 00:00:00,,,CONTRA,19,1110112000,1816500.0,CORRESPONDE PRESUPUESTO SODOR PABLO,G,0,2025-07-07 11:23:00,110,CONTR,000000,,,
2025,3689,GMADA,2025-07-08 00:00:00,,,18C,25,1110118000,86394.0,PROV.ELECTRO DANNUNZIO PRESUP.28597 PARA OFICINA CEMENTERIO,G,0,2025-07-08 08:04:41,110,3,000000,,,
2025,3730,GMADA,2025-07-11 00:00:00,,,CULTUR,1,1110105000,24000.0,ELECTRICIDAD EL GALLEGO     JUAN ALBERTO SANCHEZ   PRESUPUESTO N° 52926,G,0,2025-07-11 08:03:52,110,5,000000,,,
2025,3729,GMADA,2025-07-11 00:00:00,,,CULTUR,1,1110105000,91500.0,HISPANOGRAF    PRESUPUESTO N° 1796,G,0,2025-07-11 07:35:01,110,5,000000,,,
2025,3732,GMADA,2025-07-11 00:00:00,,,TURIS,6,1110105000,83850.0,Hispanograf - Avellaneda 7163 - presup 1801 - vinilos mantenimiento carteles sendero invernada,G,0,2025-07-11 08:56:15,110,TURIS,000000,,,
2025,3739,GMADA,2025-07-11 00:00:00,,,TERINT,5,1110104000,48150.0,SERVIMED- PRESUPUESTO N° 1962/25 (TERAPIA),G,0,2025-07-11 10:37:15,131,2,000000,,,
2025,3740,GMADA,2025-07-11 00:00:00,,,HOSP,5,1110104000,120000.0,EDUARDO FUMEGA- PRESUPUESTO N° 470 (FARMACIA Y CAPS NORTE),G,0,2025-07-11 11:41:36,131,2,000000,,,
2025,3749,GMADA,2025-07-11 00:00:00,,,DEP,13,1110109000,400000.0,"PRESUPUESTO SIN N° - TALLER DE CHAPA Y PINTURA ""FUNEZ"" / REPARACION DE PISOS EN TREN DELANTERO DE IVECO DAILY",G,0,2025-07-11 14:07:58,110,9,000000,,,
2025,3741,GMADA,2025-07-11 00:00:00,,,HOSP,5,1110104000,160000.0,EDUARDO FUMEGA- PRESUPUESTO N° 471 (GUARDIA I GINECOLOGIA),G,0,2025-07-11 11:43:25,131,2,000000,,,
2025,3751,GMADA,2025-07-11 00:00:00,,,DEP,13,1110109000,600000.0,"Copia de 2025/3750 PRESUPUESTO SIN N° - TALLER DE CHAPA Y PINTURA ""FUNEZ"" / REPARACION DE PISO EN CUOPE FORD HISTORIA",G,0,2025-07-11 14:14:00,110,9,000000,,,
2025,3822,GMADA,2025-07-16 00:00:00,,,DEP,13,1110109000,156846.0,"PRESUPUESTO N° 5528 - PINTURERIA Y FERRETERIA ""TODO COLOR"" / MATERIALES PARA DIFERENTES TRABAJOS EN EL POLIDEPORITVO MUNICIPAL Y ESTADIO F. ALCUAZ",G,0,2025-07-16 11:09:34,110,9,000000,,,
2025,3750,GMADA,2025-07-11 00:00:00,,,DEP,13,1110109000,600000.0,"PRESUPUESTO SIN N° - TALLER DE CHAPA Y PINTURA ""FUNEZ"" / REPARACION DE PISO EN CUOPE FORD HISTORIA",N,0,2025-07-11 14:13:56,110,9,000000,,,
2025,3792,GMADA,2025-07-15 00:00:00,,,PROD,14,1110108000,400000.0,PROV. MARC ALICIA BEATRIZ . PRESU. 15/07/2025- SEC. PRODUCCION- SALA DE ELAB.,G,0,2025-07-15 08:38:03,110,8,000000,,,
2025,3815,GMADA,2025-07-16 00:00:00,,,HOSP,5,1110104000,69200.0,CARTELES PARA SECTOR MATERNIDAD Y PASILLO ALEDAÑO. PRESUPUESTO Nº 1807.,G,0,2025-07-16 08:49:49,131,2,000000,,,
2025,3863,GMADA,2025-07-18 00:00:00,,,ACCSOC,7,1110106000,2460000.0,"PRESUPUESTO de ""EXTRAGAS""",G,0,2025-07-18 12:17:40,110,4,000000,,,
2025,3830,GMADA,2025-07-17 00:00:00,,,HOSP,5,1110104000,1325255.89,FARMACIA SOTO- PRESUPUESTO N° 899 RECETAS DISPENSADAS DESDE EL 23/06/2025 HASTA 11/07/2025,G,0,2025-07-17 12:37:27,131,2,000000,,,
2025,3875,GMADA,2025-07-21 00:00:00,,,DEP,13,1110109000,168000.0,"PRESUPUESTO DEL 18/07/2025, IAM",G,0,2025-07-21 10:18:12,110,9,000000,,,
2025,3912,GMADA,2025-07-22 00:00:00,,,MUMA,6,1110105000,160000.0,Eduardo Fumega. Limpieza completa de calefactores. Presupuesto N°485 de expte.2211,G,0,2025-07-23 07:47:37,110,MUSEO,000000,,,
2025,3874,GMADA,2025-07-21 00:00:00,,,000F,24,1110117000,25000.0,"PRESUPUESTO 040, LOMBERA CARLOS ARGENTINO",G,0,2025-07-21 10:11:33,110,20,000000,,,
2025,3876,GMADA,2025-07-21 00:00:00,,,ENV,7,1110106000,21227.7,"PRESUPUESTO 2070, DE LAS MISIONES",G,0,2025-07-21 10:39:26,110,4,000000,,,
2025,3902,GMADA,2025-07-22 00:00:00,,,SECSEG,20,1110113000,98193.0,"FACTURA 2258, CASA BLANCO",G,0,2025-07-22 11:40:56,110,25,000000,,,
2025,3911,GMADA,2025-07-22 00:00:00,,,MUSH,6,1110105000,24800.0,"Alpa Madariaga de Matienzo, Paola Amelia. Golosina para juegos de vacaciones de invierno. Presupuesto N°0003706",G,0,2025-07-22 14:18:56,110,MUSH,000000,,,
2025,3914,GMADA,2025-07-22 00:00:00,,,MUSH,6,1110105000,400000.0,Eduardo Fumega. Limpieza completa de calefactores en el Museo Histórico del Tuyú. Presupuesto N° 481,N,0,2025-07-22 14:32:34,110,MUSH,000000,,,
2025,3971,GMADA,2025-07-28 00:00:00,,,OPP,3,1110103000,45600.0,Prov.:Hispanograf - Presup.:01811,G,0,2025-07-28 10:32:32,110,35,000000,,,
2025,3913,GMADA,2025-07-22 00:00:00,,,MUMA,6,1110105000,80000.0,Eduardo Fumega. Limpieza completa de dos calefactores al Archivo Histórico. Presupuesto N° 483,G,0,2025-07-22 14:28:15,110,MUSEO,000000,,,
2025,3953,GMADA,2025-07-25 00:00:00,,,00003,25,1110118000,1280000.0,Corresponde presupuesto SUSZCZYK CLAUDIO FABIO,G,0,2025-07-25 11:25:36,110,RESID,000000,,,
2025,3915,GMADA,2025-07-23 00:00:00,,,MAYOR,2,1110102000,90000.0,"PRESUPUESTO 1356, CORREA LORENTE JUAN MARTIN",G,0,2025-07-23 07:27:50,110,37,000000,,,
2025,3967,GMADA,2025-07-28 00:00:00,,,OPP,3,1110103000,72957.0,Exp.:343/23 Vereda Calle 33 - (EP 20 - Sec.Nº4- Jardin 902) - Prov.:Todo Color - Presup.:05250,G,0,2025-07-28 09:13:32,132,35,000000,,,
2025,3970,GMADA,2025-07-28 00:00:00,,,OPP,3,1110103000,31000.0,Prov.:Papelera ALPA - Presup.:03714,G,0,2025-07-28 10:25:14,110,35,000000,,,
2025,4080,GMADA,2025-08-05 00:00:00,,,COC,5,1110104000,240960.71,ALPA- PRESUPUESTO N°  0002-00003739 (COCINA),G,0,2025-08-05 09:17:11,131,2,000000,,,
2025,3976,GMADA,2025-07-28 00:00:00,,,OPP,3,1110103000,37305.0,Exp.:1322/24 Energía Eléctrica Chacra II - A - 57 - Prov.:Todo Color - Presup.:05201,G,0,2025-07-28 11:42:07,110,35,000000,,,
2025,4013,GMADA,2025-07-30 00:00:00,,,GOB,2,1110102000,185000.0,Corresponde presupuesto N° 000527- MATIENZO PAOLA,G,0,2025-07-30 11:36:12,110,RHUMA,000000,,,
2025,4072,GMADA,2025-08-05 00:00:00,,,HOSP,5,1110104000,200616.42,PINAMAR HIGIENE INSTITUCIONAL SRL- PRESUPUESTO N° 0016-00001871/1872 (COCINA-OFFICE MUCAMAS),G,0,2025-08-05 08:30:05,131,2,000000,,,
2025,4082,GMADA,2025-08-05 00:00:00,,,HOSP,5,1110104000,520000.0,PANADERIA ALEM DE GARCIA GLADYS - PRESUPUESTO N° 1342370 (HOSPITAL Y HOGAR DE ANCIANOS),G,0,2025-08-05 09:36:58,131,2,000000,,,
2025,4081,GMADA,2025-08-05 00:00:00,,,COC,5,1110104000,69000.0,SANTA PAULA- PRESUPUESTO N° 0001-00002095 (COCINA),G,0,2025-08-05 09:32:26,131,2,000000,,,
2025,4084,GMADA,2025-08-05 00:00:00,,,FARM,5,1110104000,1460440.0,AZCUENAGA- PRESUPUESTO N° 00002-00052779 (FARMACIA),G,0,2025-08-05 09:48:37,131,2,000000,,,
2025,4091,GMADA,2025-08-05 00:00:00,,,FARM,5,1110104000,1105120.65,PILOÑA- PRESUPUESTOS N° 0004-00187127/134/135 (FARMACIA),G,0,2025-08-05 13:29:23,131,2,000000,,,
2025,4083,GMADA,2025-08-05 00:00:00,,,HOSP,5,1110104000,77000.0,EL ARGENTINO- PRESUPUESTO N° 530/531 ( SAMO- MATERNIDAD),G,0,2025-08-05 09:44:00,131,2,000000,,,
2025,4102,GMADA,2025-08-06 00:00:00,,,HOSP,5,1110104000,10000.0,"GOMERIA V+B. CRISTOBAL VERDUN.PRESUPUESTOS Nº 674-675.DOMINIOS AA775QW, AE619QS.",G,0,2025-08-06 08:32:38,131,2,000000,,,
2025,4089,GMADA,2025-08-05 00:00:00,,,HOSP,5,1110104000,616395.57,PINAMAR HIGIENE INSTITUCIONAL SRL- PRESUPUESTO N° 0016-00001893/1904/1905 (HOSPITAL Y HOGAR DE ANCIANOS),G,0,2025-08-05 12:18:59,131,2,000000,,,
2025,4099,GMADA,2025-08-06 00:00:00,,,OPP,3,1110103000,12961.2,Prov.:Electro DAnnunzio - Presup.:028787,G,0,2025-08-06 08:06:09,110,35,000000,,,
2025,4120,GMADA,2025-08-06 00:00:00,,,HOSP,5,1110104000,211000.0,PROVEEDURIA CAMPO Y CIUDAD. RAUL A IRIARTE.BROMATOLOGIA.PRESUPUESTO Nº 14887.,G,0,2025-08-06 10:51:04,110,2,000000,,,
2025,4127,GMADA,2025-08-06 00:00:00,,,DEP,13,1110109000,52000.0,PRESUPUESTO N° 10015 - BAIGORRIA MARTIN MIGUEL / PINTURA PARA TALLER DE PLASTICA EN COLONIA DE INVIERNO,G,0,2025-08-06 13:06:01,110,9,000000,,,
2025,4108,GMADA,2025-08-06 00:00:00,,,HOSP,5,1110104000,89300.0,"PROVEEDURIA CAMPO Y CIUDAD. RAUL A IRIARTE. PRESUPUESTOS Nº 14875,15623. MOVIL 6 JQS 879, QUIROFANO.",G,0,2025-08-06 09:48:35,131,2,000000,,,
2025,4126,GMADA,2025-08-06 00:00:00,,,DEP,13,1110109000,57600.0,PRESUPUESTO N° 14878 - CAMPO Y CIUDAD / MATERIALES PARA TRABAJOS EN EL POLIDEPORTIVO MUNICIPAL,G,0,2025-08-06 13:00:20,110,9,000000,,,
2025,4129,GMADA,2025-08-07 00:00:00,,,DECI,25,1110118000,154600.0,PROV. NOWE CAROLINA PRESUP.0594,N,0,2025-08-07 07:37:13,110,DEFCI,000000,,,
2025,4296,GMADA,2025-08-20 00:00:00,,,000SU,25,1110118000,861923.0,"PROV.SILVIA SORAGNI PRESUP.0566 REPARACION PARA COLECTIVO LAN550, RETROPALA ASRTAS G650",G,0,2025-08-20 07:40:40,110,3,000000,,,
2025,4128,GMADA,2025-08-07 00:00:00,,,BARU,25,1110118000,29700.0,PROV. NOWE CAROLINA PRESUP.0593 REPUESTOS PARA MOTONIVELADOR KLIA A 160,G,0,2025-08-07 07:30:32,110,,000000,,,
2025,4295,GMADA,2025-08-20 00:00:00,,,DECI,25,1110118000,91180.0,PROV.SILVIA SORAGNI  PRESUP.0562 REPARACION DE FORD 14000 AWK675,G,0,2025-08-20 07:35:13,110,3,000000,,,
2025,4332,GMADA,2025-08-22 00:00:00,,,HOSP,5,1110104000,66310.0,"TODO COLOR N° PRES. 00005543, (UTI, HOGAR,ENFERMERIA,LABORATORIO,MANTENIMIENTO,QUIROFANO,GUARDIA.",G,0,2025-08-22 10:46:04,131,2,000000,,,
2025,4309,GMADA,2025-08-20 00:00:00,,,HOGANC,5,1110104000,947399.59,"JAVIER DURANTE, N° PRESP 0001-00000737 HOGAR",G,0,2025-08-20 12:54:04,131,H.ANC,000000,,,
2025,4298,GMADA,2025-08-20 00:00:00,,,000SU,25,1110118000,1082600.0,"PROV.CAROLINA NOWE  PRESP.0599 FILTROS PARA SERVIS DE CAMION IVECO PJY978,AF947IJ, AF947IN, VW 17220 LED010,",G,0,2025-08-20 08:15:35,110,3,000000,,,
2025,4330,GMADA,2025-08-22 00:00:00,,,HOSP,5,1110104000,56235.0,"TODO COLOR N° PRES. 00005901, MANTENIMIENTO",G,0,2025-08-22 10:19:50,131,2,000000,,,
2025,4336,GMADA,2025-08-22 00:00:00,,,CAS,3,1110111000,580000.0,"PRESUPUESTO 000, CASA ELICEIRY",G,0,2025-08-22 11:34:46,131,6,000000,,,
2025,4371,GMADA,2025-08-26 00:00:00,,,HOSP,5,1110104000,1773119.32,MUNDIAL 2022- PRESUPUESTO S/N°  MEDICAMENTOS DISPENSADOS DESDE EL 29/07/2025 AL 25/08/2025,G,0,2025-08-29 12:57:16,131,2,000000,,,
2025,4353,GMADA,2025-08-25 00:00:00,,,FARM,5,1110104000,2861041.0,ALFA CENTAURO- PRESUPUESTO N° 18/08/2025 (FARMACIA),G,0,2025-08-25 13:39:54,131,2,000000,,,
2025,4369,GMADA,2025-08-26 00:00:00,,,EST,5,1110104000,222615.0,SERVIMED- PRESUPUESTO N° 2422/25 E-U (ESTERILIZACION),G,0,2025-08-26 13:23:20,131,2,000000,,,
2025,4420,GMADA,2025-09-01 00:00:00,,,000SU,25,1110118000,6500000.0,PROV. ATRUCO PUEL COMBUSTIBLE PARA MAQUINAS Y VEHICULOS DE ESTA SECRETARIA,G,0,2025-09-01 09:23:25,131,3,000000,,,
2025,4419,GMADA,2025-09-01 00:00:00,,,000SU,25,1110118000,150000.0,PROV. BIGORITO LEONARDO FABIO PRESUP.0047 REPARACION CITROEN C15 CAR 748,G,0,2025-09-01 09:47:18,110,21,000000,,,
2025,4466,GMADA,2025-09-04 00:00:00,,,DECI,25,1110118000,35800.0,PROV.ENCENDIDO AVELLANEDA PRESUP.6987 RECARGA DE MATAFUERO PARA OFICINA DE DEFENSA CIVIL,G,0,2025-09-04 07:45:08,110,DEFCI,000000,,,
2025,4464,GMADA,2025-09-04 00:00:00,,,GOB,2,1110102000,15800.0,Corresponde presupuesto N° 00000374 - Ferraro Liliana Noemi,G,0,2025-09-04 07:29:50,110,SECGO,000000,,,
2025,4421,GMADA,2025-09-01 00:00:00,,,BARU,25,1110118000,3500000.0,PROV. FGC FUEL MARKET GAS OIL PARA MAQUINAS PREDIO DISPOSICION FINAL DE RESIDUOS RUTA 11 KM 405.5,G,0,2025-09-01 09:28:18,131,,000000,,,
2025,4547,GMADA,2025-09-09 00:00:00,,,GOBHAC,2,1110102000,32000.5,"Matienzo Paola ,presupuesto N° 0002-00003770",G,0,2025-09-09 11:24:55,110,1,000000,,,
2025,4465,GMADA,2025-09-04 00:00:00,,,000SU,25,1110118000,10992000.0,PROV.CASA ELICEIRY GAS OIL PARA MAQUINAS Y VEHICULOS DE ESTA SECRETARIA,G,0,2025-09-04 10:45:12,132,3,000000,,,
2025,4470,GMADA,2025-09-04 00:00:00,,,000SU,25,1110118000,209990.0,PROV.ENCENDIDO AVELLANEDA PRESUP.6977 REPUESTOS PARA CAMION VW 17280  AF947IJ,G,0,2025-09-04 08:55:25,110,3,000000,,,
2025,4467,GMADA,2025-09-04 00:00:00,,,000SU,25,1110118000,36990.0,"PROV.ENCENDIDO AVELLANEDA PRESUP.6992 REPUESTOS PARA FORD 14000 AWK490,TGL092",G,0,2025-09-04 07:59:51,110,3,000000,,,
2025,4478,GMADA,2025-09-04 00:00:00,,,000SU,25,1110118000,84965.36,PROV. CENTRO HIERRO PRESUP.7184 PARA FABRICACION CARRO FUNERARIO CEMENTERIO MUNICIPAL,G,0,2025-09-04 11:53:32,110,7,000000,,,
2025,4533,GMADA,2025-09-08 00:00:00,,,DEP,13,1110109000,29300.0,PRESUPUESTO SIN N° - PANADERIA DELICIAS MADARIAGA / FUGAZAS PARA ETAPA REGIONAL TORNEO BONAERENSE EN EL ESTADIO MUNICIPAL,N,0,2025-10-07 08:09:25,110,9,000000,,,
2025,4603,GMADA,2025-09-12 00:00:00,,,DEP,13,1110109000,235000.0,PRESUPUESTO N°6761 - BATERIAS LA PRIMERA / BATERIA NUEVA PARA COMBI IVECO DAILY (DOMINIO: AB603TW),G,0,2025-09-12 11:03:14,110,9,000100,,,
2025,4565,GMADA,2025-09-10 00:00:00,,,PROD,14,1110108000,380000.0,PROV. AGRONOMIA HORTICOLA SRL. PRESU. 10/09/2025- SEC. PRODUCCION,G,0,2025-09-10 12:03:16,110,8,000000,,,
2025,4574,GMADA,2025-09-10 00:00:00,,,AREAJ,2,1110102000,350000.0,"PRESUPUESTO 000, BAIGORRIA GONZALO EZEQUIEL, EXPTE 1650/2025",G,0,2025-09-10 12:23:51,110,23,000000,,,
2025,4599,GMADA,2025-09-12 00:00:00,,,TURIS,6,1110105000,44122.65,"PRESUPUESTOS 0000,ALFANO ANIBAL",G,0,2025-09-12 10:24:21,110,14,000000,,,
2025,4615,GMADA,2025-09-15 00:00:00,,,MAYOR,2,1110102000,7776.0,"PRESUPUESTO 1232, TATANO HARISGARAT SRL",G,0,2025-09-15 09:34:34,110,1,000000,,,
2025,4601,GMADA,2025-09-12 00:00:00,,,DEP,13,1110109000,16300.0,PRESUPUESTO N°6795 - 6794 / BATERIAS LA PRIMERA,G,0,2025-09-12 12:48:33,110,9,000000,,,
2025,4602,GMADA,2025-09-12 00:00:00,,,TURIS,6,1110105000,105495.21,"PRESUPUESTO 000, PROVINCIA SEGUROS S.A",G,0,2025-09-24 11:54:17,110,14,000000,,,
2025,4610,GMADA,2025-09-15 00:00:00,,,DIRINF,22,1110115000,1200000.0,"PRESUPUESTO 379, MARTIN LOMBARDI",G,0,2025-10-17 10:56:40,110,1,000000,,,
2025,4612,GMADA,2025-09-15 00:00:00,,,TURIS,6,1110105000,50000.0,"PRESUPUESTO 389, MARTIN LOMBARDI",G,0,2025-09-15 09:03:43,110,14,000000,,,
2025,4640,GMADA,2025-09-16 00:00:00,,,AREAJ,2,1110102000,150000.0,"PRESUPUESTO 000,CALANDRON SAMUEL",G,0,2025-09-16 12:15:27,110,23,000000,,,
2025,4635,GMADA,2025-09-16 00:00:00,,,PRESID,8,1110200000,46500.0,"PRESUPUESTO 8396, RODRIGUEZ NICOLAS",G,0,2025-09-16 10:51:46,110,12,000000,,,
2025,4617,GMADA,2025-09-15 00:00:00,,,PRESID,8,1110200000,7420.0,"PREUPUESTO 1233, TATANO HARISGARAT SRL",G,0,2025-09-15 09:40:32,110,12,000000,,,
2025,4661,GMADA,2025-09-19 00:00:00,,,FARM,5,1110104000,65872917.5,LICITACION PRIVADA DE INSUMOS DESCARTABLES N°,G,0,2025-09-25 10:30:39,131,2,000000,,,
2025,4636,GMADA,2025-09-16 00:00:00,,,DELRU,2,1110102000,110000.0,"PRESUPUESTO 210, CORREA JOSE OSCAR",G,0,2025-09-16 11:04:00,110,24,000000,,,
2025,4644,GMADA,2025-09-17 00:00:00,,,TURIS,6,1110105000,73700.0,Expte 2832/25 Expo Rural .Proveedor  00029117 Suc. Dannunzio Jorge.,G,0,2025-09-17 10:30:24,110,TURIS,000000,,,
2025,4642,GMADA,2025-09-16 00:00:00,,,CONTRA,19,1110112000,120000.0,"Correa Lorente Juan Martín,presupuesto 0001-00000048",G,0,2025-09-16 12:39:14,110,1,000000,,,
2025,4646,GMADA,2025-09-17 00:00:00,,,TURIS,6,1110105000,240000.0, Expte 2832/25 Expo Rural .Proveedorv Garay Juanto Franco Alberto,G,0,2025-09-17 10:47:46,110,TURIS,000000,,,
2025,4659,GMADA,2025-09-18 00:00:00,,,DIRINF,22,1110115000,11600.0,"Sanchez Juan Alberto ,presupuesto 53491",G,0,2025-09-18 12:58:13,110,1,000000,,,
2025,4770,GMADA,2025-09-29 00:00:00,,,HOSP,5,1110104000,71400.0,SANTA PAULA- PRESUPUESTO N° 0001-00002116/2120 (HOSPITAL Y HOGAR DE ANCIANOS),G,0,2025-09-29 09:30:20,131,2,000000,,,
2025,4696,GMADA,2025-09-23 00:00:00,,,HOSP,5,1110104000,24980.13,CORRESPONDE PREVISION COMBUSTIBLES DEL SALADO S.A -,G,0,2025-09-23 10:17:59,131,2,000000,,,
2025,4699,GMADA,2025-09-23 00:00:00,,,GOBHAC,2,1110102000,5000000.0,Combustibles del Salado,N,0,2025-09-23 10:42:31,110,1,000000,,,
2025,4706,GMADA,2025-09-23 00:00:00,,,GOB,2,1110102000,6450000.0,Corresponde prevision combustibles del salado- Gobierno,G,0,2025-09-24 11:11:19,110,SECGO,000000,,,
2025,4738,GMADA,2025-09-24 00:00:00,,,SECSEG,20,1110113000,257966.86,"Casa Blanco, presupuesto 6097 (COM)",G,0,2025-09-24 11:38:43,110,25,000000,,,
2025,4768,GMADA,2025-09-29 00:00:00,,,HOSP,5,1110104000,920225.9,MUNDIAL 2022- PRESUPUESTO S/N°  MEDICAMENTOS DISPENSADOS DESDE EL 1/09/2025 HASTA EL 22/09/2025,G,0,2025-09-29 09:40:47,131,2,000000,,,
2025,4778,GMADA,2025-09-29 00:00:00,,,HOSP,5,1110104000,179414.69,PINAMAR HIGIENE INSTITUCIONAL SRL- PRESUPUESTO N° 0016-00001995  (OFFICE DE MUCAMAS),G,0,2025-09-29 10:47:46,131,2,000000,,,
2025,4772,GMADA,2025-09-29 00:00:00,,,HOSP,5,1110104000,360047.05,PINAMAR HIGIENE INSTITUCIONAL SRL- PRESUPUESTO N° 0016-00001971 (OFFICE DE MUCAMAS),G,0,2025-09-29 11:37:08,131,2,000000,,,
2025,4774,GMADA,2025-09-29 00:00:00,,,HOSP,5,1110104000,158004.54,PINAMAR HIGIENE INSTITUCIONAL SRL- PRESUPUESTO N° 0016-00001982 (OFFICE DE MUCAMAS),G,0,2025-09-29 10:34:37,131,2,000000,,,
2025,4777,GMADA,2025-09-29 00:00:00,,,HOSP,5,1110104000,179414.69,Copia de 2025/4772 PINAMAR HIGIENE INSTITUCIONAL SRL- PRESUPUESTO N° 0016-00001995  (OFFICE DE MUCAMAS),N,0,2025-09-29 10:46:42,131,2,000000,,,
2025,4819,GMADA,2025-10-02 00:00:00,,,ACCSOC,7,1110106000,51000.0,Presupuesto N° 1342379-Panaderia ALEM- ENVION-Septiembre 2025,G,0,2025-10-02 10:25:43,132,CASA,000000,,,
2025,4781,GMADA,2025-09-29 00:00:00,,,FARM,5,1110104000,4136820.0,PILOÑA- PRESUPUESTO N° 190590 (24/09/2025),G,0,2025-09-29 12:29:07,131,2,000000,,,
2025,4786,GMADA,2025-09-29 00:00:00,,,FARM,5,1110104000,580875.9,INSUMOS GENERALES 3F - PRESUPUESTO S/N FECHA 26/09/25 (FARMACIA),G,0,2025-09-29 12:44:58,131,2,000000,,,
2025,4817,GMADA,2025-10-02 00:00:00,,,ACCSOC,7,1110106000,140000.0,PRESUPUESTO N° 1342380-Panaderia ALEM- para Programa ESFUERZO SOLIDARIO.Septiembre 2025,G,0,2025-10-02 08:39:07,132,4,000000,,,
2025,4869,GMADA,2025-10-07 00:00:00,,,GOBHAC,2,1110102000,106915.04,"Matienzo Paola,presupuesto 3774,3776,3777,3779,3785.",G,0,2025-10-07 09:32:09,110,1,000000,,,
2025,4842,GMADA,2025-10-06 00:00:00,,,TURIS,6,1110105000,180000.0,Martin Quilindro - arreglo de gabinete de gas y calefactores,G,0,2025-10-06 09:47:04,110,TURIS,000000,,,
2025,4884,GMADA,2025-10-08 00:00:00,,,DMACED,2,1110102000,100000.0,Cueli Miguel.Macedo,G,0,2025-10-08 10:28:53,110,DMACE,000000,,,
2025,4892,GMADA,2025-10-08 00:00:00,,,CAS,3,1110111000,33000.0,"Terranova Lucas Hernan,presupuesto 000982",G,0,2025-10-08 10:46:05,131,6,000000,,,
2025,2946,GMADA,2025-05-22 00:00:00,,,HOGANC,5,1110104000,65990.0,"JAVIER DURANTE, N° 0001  00000691, HOGAR DE ANCIANOS",G,0,2025-05-22 12:42:26,131,2,000000,,,
2025,2940,GMADA,2025-05-22 00:00:00,,,HOSP,5,1110104000,9020.0,"JAVIER DURANTE, N° PRESUPUESTO x 0001  00000679, HEMOTERAPIA",G,0,2025-05-22 12:08:57,131,2,000000,,,
2025,3174,GMADA,2025-06-05 00:00:00,,,GRAN,7,1110106000,611000.0,"PRESUPUESTO de Hernán Cueto de ""El Ciprés Maderas"" Para ampliaci+on en la granja de contención",G,0,2025-06-05 11:53:05,110,GRAN,000000,,,
2025,2943,GMADA,2025-05-22 00:00:00,,,HOSP,5,1110104000,98090.0,"JAVIER DURANTE, N° PRESUPUESTO x 0001 00000676, acto aniversario 100 años HOSÍTAL MUNICIPAL",G,0,2025-05-22 12:19:32,131,2,000000,,,
2025,3096,GMADA,2025-06-02 00:00:00,,,DIRINF,22,1110115000,51101.47,Corresponde presupuesto N° 00028281 - Suc. Dannunzio- PARA OFICINA SERVIDORES,G,0,2025-06-02 07:42:05,110,INFOR,000000,,,
2025,3112,GMADA,2025-06-02 00:00:00,,,GOB,2,1110102000,115400.0,Corresponde presupuesto N° 00005507- Maistegui Silvia Beatriz,G,0,2025-06-02 11:09:06,110,SECGO,000000,,,
2025,3105,GMADA,2025-06-02 00:00:00,,,000SU,25,1110118000,4428000.0, Corresponde presupuesto N° 0001-00003725 - PASO AGUSTIN - PALA LIUGONG G855,G,0,2025-06-02 10:05:24,110,RESID,000000,,,
2025,3167,GMADA,2025-06-05 00:00:00,,,ACCSOC,7,1110106000,180000.0,"PRESUPUESTO N° X 1342366 de Garcia Gladys Mabel de ""Panadería Alem""Esfuerzo SOlidario 2025",G,0,2025-06-05 10:30:46,132,4,000000,,,
2025,3170,GMADA,2025-06-05 00:00:00,,,ENV,7,1110106000,140000.0,"PRESUPUESTO N° X 0001-00000041 de  Norberto Martín Rodríguez de ""Alta Morena Panadería y Regalería"" Para los chicos del Programa Envión",G,0,2025-06-05 12:17:09,132,CASA,000000,,,
2025,3714,GMADA,2025-07-10 00:00:00,,,DECI,25,1110118000,90000.0,Corresponde presupuesto Hendel - Defensa Civil,G,0,2025-07-10 10:34:51,110,22,000000,,,
2025,3172,GMADA,2025-06-05 00:00:00,,,ACCSOC,7,1110106000,201600.0,"PRESUPUESTO N° X 0001-00000042 de Norberto Martín Rodríguez de ""Alta Morena Panadería y Regalería ""Esfuerzo Solidario 2025",G,0,2025-06-05 12:17:35,132,4,000000,,,
2025,3175,GMADA,2025-06-05 00:00:00,,,ACCSOC,7,1110106000,90000.0,"PRESUPUESTO de Hernán Cueto ""El Ciprés Madera"" Familia: Jaime, Yesica",G,0,2025-06-05 12:24:18,132,4,000000,,,
2025,3176,GMADA,2025-06-05 00:00:00,,,DEP,13,1110109000,6300.0,PRESUPUESTO N°1271 - MARZULLO COMPUTACION,G,0,2025-06-05 12:36:43,110,9,000000,,,
2025,3367,GMADA,2025-06-19 00:00:00,,,000SU,25,1110118000,472626.0,PROV.MERIO INDUSTRIAL PRESUP.18/06/25 FLEJE PARA BARREDORA FORD 14000 BNW472,G,0,2025-06-19 07:22:43,110,3,000000,,,
2025,3713,GMADA,2025-07-10 00:00:00,,,CULTUR,1,1110105000,2448000.0,CORRESPONDE EXPTE N° 1872/2025 - SILVA MARTIN,G,0,2025-07-10 10:28:11,132,5,000000,,,
2025,4373,GMADA,2025-08-27 00:00:00,,,AREAJ,2,1110102000,7000.0,Corresponde presupuesto N° 0001-000012886 - MARZULLO COMPUTACION,G,0,2025-08-27 07:52:18,110,23,000000,,,
2025,4372,GMADA,2025-08-27 00:00:00,,,GOB,2,1110102000,223600.0,Corresponde presupuesto n° 1829- Hispanograf (Avellaneda ),G,0,2025-08-27 07:24:42,110,SECGO,000000,,,
2025,4384,GMADA,2025-08-28 00:00:00,,,000SU,25,1110118000,1957055.5,PROV.LS PROTEC S.R.L PRESP.27/08/25 ARTICULOS  DE TRABAJO PARA AGENTES MUNICIPALES,G,0,2025-08-28 07:32:34,110,3,000000,,,
2025,4383,GMADA,2025-08-28 00:00:00,,,000SU,25,1110118000,349500.0,PROV.VOLTIOS PRESP.200825 REPARACION DE BOMBA CENTRIFUGA DE 1.5 HP,G,0,2025-08-28 07:19:00,110,3,000000,,,
2025,4375,GMADA,2025-08-27 00:00:00,,,INT,1,1110101000,3150000.0,Corresponde presupuesto IMPRESOS PRINTER,G,0,2025-08-27 08:22:17,110,1,000000,,,
2025,4564,GMADA,2025-09-10 00:00:00,,,AREAJ,2,1110102000,950000.0,"PRESUPUESTO 0000, ROJAS CAROLINA,EXPTE 1650/25",G,0,2025-09-10 10:02:59,110,23,000000,,,
2025,4392,GMADA,2025-08-28 00:00:00,,,000SU,25,1110118000,2011500.0,PROV. CASA ELICEIRY PRESUP.28/08/2025 LUBRICANTES PARA FLOTA VEHICULAR DE ESTA SECRETARIA,G,0,2025-08-28 10:30:15,110,3,000000,,,
2025,4554,GMADA,2025-09-10 00:00:00,,,DIRINF,22,1110115000,52000.0,"PRESUPUESTO 1556, CAMINO JOSE",G,0,2025-09-10 08:50:39,110,INFOR,000000,,,
2025,4681,GMADA,2025-09-22 00:00:00,,,GOB,2,1110102000,800000.0,"Corresponde prevision Premios ""Día de la Privamera"" Expte n° 1650/2025- PL3M",G,0,2025-09-22 12:28:57,110,SECGO,000000,,,
2025,4563,GMADA,2025-09-10 00:00:00,,,AREAJ,2,1110102000,200000.0,"PRESUPUESTO 0000, MAURICIO OSCAR GARCIA MACCHI,EXPTE 1650/25",G,0,2025-09-10 09:56:32,110,23,000000,,,
2025,4662,GMADA,2025-09-19 00:00:00,,,HOSP,5,1110104000,658663.27,DURANTE JAVIER. PRESPUESTO Nº 0001-00000752.HOGAR DE ANCIANOS.,G,0,2025-09-19 10:03:26,131,2,000000,,,
2025,4566,GMADA,2025-09-10 00:00:00,,,AREAJ,2,1110102000,300000.0," PRESUPUESTO 0000, MATIAS LIGARI AGELL,EXPTE 1650/25",G,0,2025-09-10 10:07:58,110,23,000000,,,
2025,4680,GMADA,2025-09-22 00:00:00,,,GOB,2,1110102000,800000.0,"Corresponde prevision Premios ""Día de la Privamera"" Expte n° 1650/2025- ALPA",G,0,2025-09-22 12:27:57,110,SECGO,000000,,,
2025,4683,GMADA,2025-09-22 00:00:00,,,GOB,2,1110102000,800000.0,"Corresponde prevision Premios ""Día de la Privamera"" Expte n° 1650/2025- MAISTEGUI SILVIA",G,0,2025-09-22 12:25:26,110,SECGO,000000,,,
2025,4682,GMADA,2025-09-22 00:00:00,,,GOB,2,1110102000,800000.0,"Corresponde prevision Premios ""Día de la Privamera"" Expte n° 1650/2025- CIMOS INOCENCIO",G,0,2025-09-22 12:26:25,110,SECGO,000000,,,
2025,4686,GMADA,2025-09-22 00:00:00,,,GOB,2,1110102000,800000.0,"Corresponde prevision Premios ""Día de la Privamera"" Expte n° 1650/2025- JORGE N. FLORES",G,0,2025-09-22 12:32:53,110,SECGO,000000,,,
2025,4684,GMADA,2025-09-22 00:00:00,,,GOB,2,1110102000,800000.0,"Corresponde prevision Premios ""Día de la Privamera"" Expte n° 1650/2025- HUGO ANTONIO",G,0,2025-09-22 12:30:16,110,SECGO,000000,,,
2025,4687,GMADA,2025-09-22 00:00:00,,,GOB,2,1110102000,800000.0,"Corresponde prevision Premios ""Día de la Privamera"" Expte n° 1650/2025- TATANO HARISGARAT",G,0,2025-09-22 12:33:48,110,SECGO,000000,,,
2026,834,GMADA,2026-02-25 00:00:00,,,CONTRA,19,1110112000,30121.0,"PRESUPUESTO 30086, SUC DANNUNZIO JORGE",G,0,2026-02-25 12:38:54,110,CONTR,000000,,,
2026,840,GMADA,2026-02-26 00:00:00,,,DEP,13,1110109000,850000.0,"PRESUPUESTO 000, CASTRO PATRICIO DANIEL",G,0,2026-02-26 09:00:43,110,9,000000,,,
2026,865,GMADA,2026-02-27 00:00:00,,,INT,1,1110101000,18000.0,"PRESUPUESTO 7018, RAMOS-ISIDRO",G,0,2026-02-27 12:45:42,110,1,000000,,,
2026,842,GMADA,2026-02-26 00:00:00,,,DEP,13,1110109000,120000.0," PRESUPUESTO 000, VILLALIBRE JOSE",G,0,2026-02-26 09:04:27,110,9,000000,,,
2026,852,GMADA,2026-02-27 00:00:00,,,DEP,13,1110109000,140000.0,"PRESUPUESTO, TISERA BRAIAN, EXPTE.129/26",G,0,2026-02-27 07:31:17,110,9,000000,,,
2026,864,GMADA,2026-02-27 00:00:00,,,PROD,14,1110108000,500000.0, PROV.CHIABRANDO FRANCO VALENTIN - LA MAROMA  - PRES. N°27/02/2026- SEC. PRODUCCION,N,0,2026-02-27 11:53:51,110,8,000000,,,
2026,1013,GMADA,2026-03-11 00:00:00,,,HOGANC,5,1110104000,536900.0,TODO POLLO - PRESUPUESTO N° 83 SEMANA DEL 02/03/26 AL 08/03/2026,G,0,2026-03-11 11:49:56,131,H.ANC,000000,,,
2026,1012,GMADA,2026-03-11 00:00:00,,,QUI,5,1110104000,50000.0,IMPRENTA EL ARGENTINO - PRESUPUESTO N° 557 (INTERNACION CIRUGIA HOSPITAL),G,0,2026-03-11 11:46:23,131,2,000000,,,
2026,866,GMADA,2026-02-27 00:00:00,,,CAS,3,1110111000,1109000.0,"PRESUPUESTO 7025/7010/7007, RAMOS-ISIDRO",G,0,2026-02-27 12:58:40,131,6,000000,,,
2026,1016,GMADA,2026-03-11 00:00:00,,,HOSP,5,1110104000,75210.0,IVANPER REPUESTOS - PRESUPUESTO N°8243  PARA AMBULANCIA DOMINIO PAA334 - PARA COMPRESOR DE PLANTA OXIGENO - PARA MINIBUS AF591SU,G,0,2026-03-11 12:02:54,131,2,000000,,,
2026,1019,GMADA,2026-03-11 00:00:00,,,HOSP,5,1110104000,77500.0,IVANPER REPUESTOS - PRESUPUESTO N° 8105 DOMINIO AG180HE - LAMAPRA AMBULANCIA DOMINIO AA775QWDOMINIO AG180HE - LAMAPARA AMBULANCIA DOMINIO AB039OIQW,N,0,2026-03-11 12:13:43,131,2,000000,,,
2026,1015,GMADA,2026-03-11 00:00:00,,,HOSP,5,1110104000,970305.0,TODO POLLO - PRESUPUESTO N° 84 SEMANA DEL 02/03/2026 AL 09/03/2026,G,0,2026-03-11 11:57:23,131,2,000000,,,
2026,1022,GMADA,2026-03-11 00:00:00,,,HOGANC,5,1110104000,78460.44,PINAMAR HIGIENE INSTITUCIONAL - PRESUPUESTO N° 16-2528,G,0,2026-03-14 10:32:29,131,H.ANC,000000,,,
2026,1017,GMADA,2026-03-11 00:00:00,,,BROM,11,1110104000,82500.0,IVANPER REPUESTOS - PRESUPUESTO N°8310 VEHICULO DOMINIO AB437WY,G,0,2026-03-11 12:03:54,110,13,000000,,,
2026,1024,GMADA,2026-03-11 00:00:00,,,HOSP,5,1110104000,1785000.0,MATAFUEGOS AVELLANEDA - PRESUPUESTO N° 1-7271 MATAFUEGOS NUEVOS POR VENCIMIENTO DE LOS  CILINDRO,G,0,2026-03-11 12:26:56,131,2,000000,,,
2026,1021,GMADA,2026-03-11 00:00:00,,,HOSP,5,1110104000,876000.0,MATAFUEGOS RUTA 11 - PRESUPUESTO N°9308  REVISION Y CARGAS MATAFUEGOS,G,0,2026-03-11 12:14:49,131,2,000000,,,
2026,1043,GMADA,2026-03-13 00:00:00,,,COC,5,1110104000,171000.0,PEREZ JORGE  PRESUPUESTO 22982002 SEMANA DEL 01/01/2026 AL 07/01/2026,G,0,2026-03-14 08:25:25,131,2,000000,,,
2026,1023,GMADA,2026-03-11 00:00:00,,,LAV,5,1110104000,638481.85,PINAMAR HIGIENE INSTITUCIONAL - PRESUPUESTO N° 16-2514,G,0,2026-03-11 12:24:44,131,2,000000,,,
2026,1042,GMADA,2026-03-13 00:00:00,,,COC,5,1110104000,414000.0,"CARACCIOLI EDUARDO - PRESUPUESTO N° 27978, 27983, 27985 Y 27986 (COCINA Y HOGAR HOSPITAL)",G,0,2026-03-14 08:20:38,131,2,000000,,,
2026,1045,GMADA,2026-03-13 00:00:00,,,HOGANC,5,1110104000,57000.0,PEREZ JORGE - PRESUPUESTO 22982004 SEMANA DEL 12/01/26 AL 19/1/26,G,0,2026-03-14 08:29:33,131,H.ANC,000000,,,
2026,1047,GMADA,2026-03-13 00:00:00,,,COC,5,1110104000,157500.0,PEREZ JORGE - PRESUPUESTO 22982007 SEMANA DEL 29/01/2026 AL 06/ 02/2026,G,0,2026-03-14 08:39:38,131,2,000000,,,
2026,1044,GMADA,2026-03-13 00:00:00,,,COC,5,1110104000,95000.0,PEREZ JORGE - PRESUPUESTO 2982003 SEMANA  DEL 12 AL/01/26 AL 19/1/26,G,0,2026-03-14 08:27:57,131,2,000000,,,
2026,1049,GMADA,2026-03-13 00:00:00,,,HOGANC,5,1110104000,65100.0,PEREZ JORGE - PRESUPUESTO 22982009  SEMANA DEL 06/02/26 AL  13/2/26,G,0,2026-03-14 08:53:33,131,H.ANC,000000,,,
2026,1046,GMADA,2026-03-13 00:00:00,,,HOGANC,5,1110104000,57750.0,PEREZ JORGE - PRESUPUESTO 22982005 SEMANA DEL 22/01/26 AL  29/1/26,G,0,2026-03-14 08:31:38,131,H.ANC,000000,,,
2026,1051,GMADA,2026-03-13 00:00:00,,,COC,5,1110104000,157500.0,PEREZ JORGE - PRESUPUESTO 22982010 DEL 18/02/2026 AL 25/2/26,G,0,2026-03-14 09:08:35,131,2,000000,,,
2026,1048,GMADA,2026-03-13 00:00:00,,,COC,5,1110104000,190000.0,PEREZ JORGE - PRESUPUESTO 22982008 SEMANA DEL 05/02/2026 AL 12/2/26,G,0,2026-03-14 08:51:34,131,2,000000,,,
2026,1080,GMADA,2026-03-17 00:00:00,,,BROM,11,1110104000,137978.1,AGROVETERINARIA MARZULLO - PRESUPUESTO N° 1-1178 (BROMATOLOGIA),N,0,2026-03-17 15:51:15,110,13,000000,,,
2026,1050,GMADA,2026-03-13 00:00:00,,,HOGANC,5,1110104000,76000.0,PEREZ JORGE - PRESUPUESTO  22982006 SEMANA DEL 28/01/2026 AL 04/02/26,G,0,2026-03-14 08:59:31,131,H.ANC,000000,,,
2026,1078,GMADA,2026-03-17 00:00:00,,,HOSP,5,1110104000,80000.0,IMPRENTA EL ARGENTINO - PRESUPUESTO N° 558 (HEMOTERAPIA HOSPITAL),N,0,2026-03-17 15:45:26,131,2,000000,,,
2026,1052,GMADA,2026-03-13 00:00:00,,,HOGANC,5,1110104000,134750.0,PEREZ JORGE - PRESUPUESTO 22982011 SEMAN DEL 20/02/2026 AL 27/2/26,G,0,2026-03-14 09:12:29,131,H.ANC,000000,,,
2026,1079,GMADA,2026-03-17 00:00:00,,,HOSP,5,1110104000,527339.43,PINAMAR HIGIENE INSTITUCIONAL - PRESUPUESTO N° 16-2532 (LAVADERO HOSPITAL),N,0,2026-03-17 15:48:26,131,2,000000,,,
2026,1081,GMADA,2026-03-17 00:00:00,,,HOSP,5,1110104000,134576.0,DURANTE EDUARDO - PRESUPUESTO N° 1-867 (HOSPITAL),N,0,2026-03-17 15:53:57,131,2,000000,,,
2025,4588,GMADA,2025-09-11 00:00:00,,,HOGANC,5,1110104000,35000.0,AVICOLA DEL TUYU DE VICTOR ANDERS- PRESUPUESTO N° 0008-00003822 (HOGAR DE ANCIANOS),G,0,2025-09-11 12:05:48,131,2,000000,,,
2025,4590,GMADA,2025-09-11 00:00:00,,,COC,5,1110104000,340500.0, TODO POLLO- PRESUPUESTO N°  00000033 (COCINA),G,0,2025-09-18 07:53:04,131,2,000000,,,
2025,4712,GMADA,2025-09-24 00:00:00,,,COC,5,1110104000,691000.0,TODO POLLO - PRESUPUESTO N° 34 Y 35 (COCINA HOSPITAL Y HOGAR DE ANCIANOS),G,0,2025-09-24 11:00:23,131,2,000000,,,
2025,4716,GMADA,2025-09-24 00:00:00,,,COC,5,1110104000,695130.0,DURANTE JAVIER - PRESUPUESTO N° 1-758 (COCINA HOSPITAL),G,0,2025-09-24 10:44:17,131,2,000000,,,
2025,4713,GMADA,2025-09-24 00:00:00,,,COC,5,1110104000,1208522.0,MADA POY - PRESUPUESTO N° 1-890 (COCINA HOSPITAL),G,0,2025-09-24 07:41:51,131,2,000000,,,
2025,4719,GMADA,2025-09-24 00:00:00,,,FARM,5,1110104000,4336620.92,VELIBO SUPPLIES  - PRESUPUESTO N° 1-9155 (FARMACIA HOSPITAL),G,0,2025-09-24 10:25:19,131,2,000000,,,
2025,4715,GMADA,2025-09-24 00:00:00,,,BROM,11,1110104000,10256.4,ELECTRO D ANNUNZIO - PRESUPUESTO N° 28943 (BROMATOLOGIA),G,0,2025-09-24 10:43:24,110,13,000000,,,
2025,4724,GMADA,2025-09-24 00:00:00,,,FARM,5,1110104000,1880480.0,DROGUERIA PERDOMINICI - PRESUPUESTO S/N FECHA 22/9/25 (FARMACIA HOSPITAL),G,0,2025-09-24 08:38:29,131,2,000000,,,
2025,4717,GMADA,2025-09-24 00:00:00,,,LAV,5,1110104000,24200.0,MARTIN CORREA LORENTE - PRESUPUESTO N° 1-50 (LAVADERO HOSPITAL),G,0,2025-09-24 10:29:34,131,2,000000,,,
2025,4728,GMADA,2025-09-24 00:00:00,,,LAV,5,1110104000,1332681.8,PINAMAR HIGIENE INSTITUCIONAL - PRESUPUESTO N° 16-1972 Y 16-1986 (LAVADERO HOSPITAL),G,0,2025-09-24 09:07:39,131,2,000000,,,
2025,4721,GMADA,2025-09-24 00:00:00,,,FARM,5,1110104000,1882574.4,DROGUERIA ALBERDI - PRESUPUESTO N° 32316 (FARMACIA HOSPITAL),G,0,2025-09-24 08:17:31,131,2,000000,,,
2025,4730,GMADA,2025-09-24 00:00:00,,,LAV,5,1110104000,149277.09,PINAMAR HIGIENE INSTITUCIONAL - PRESUPUESTO N° 16-1975 (LAVADERO HOSPITAL),G,0,2025-09-24 09:17:16,131,2,000000,,,
2025,4725,GMADA,2025-09-24 00:00:00,,,LAV,5,1110104000,803499.75,PINAMAR HIGIENE INSTITUCIONAL - PRESUPUESTO N° 16-1998 Y 16-2011 (LAVADERO HOSPITAL),G,0,2025-09-24 08:57:55,131,2,000000,,,
2025,4734,GMADA,2025-09-24 00:00:00,,,HOSP,5,1110104000,700500.0,TODO POLLO - PRESUPUESTO N° 36 Y 37 (COCINA Y HOGAR HOSPITAL),G,0,2025-09-26 09:10:24,131,2,000000,,,
2025,4729,GMADA,2025-09-24 00:00:00,,,LAV,5,1110104000,100234.18,PINAMAR HIGIENE INSTITUCIONAL - PRESUPUESTO N° 16-1996 (LAVADERO HOSPITAL),G,0,2025-09-24 09:12:17,131,2,000000,,,
2025,4732,GMADA,2025-09-24 00:00:00,,,HOSP,5,1110104000,329000.0,PROVEDURIA LA ILUSION - PRESUPUESTO N° 21402 Y 21405 (COCINA Y HEMOTERAPIA),G,0,2025-09-26 08:20:15,131,2,000000,,,
2025,4736,GMADA,2025-09-24 00:00:00,,,HOSP,5,1110104000,179200.0,"ELECTRICIDAD EL GALLEGO - PRESUPUESTO N° 1-53281, 1-53312, 1-53470 (MANTENIMIENTO, TRAUMATOLOGIA, HALL ADMINISTRACION)",G,0,2025-09-26 08:19:56,131,2,000000,,,
2025,4739,GMADA,2025-09-24 00:00:00,,,COC,5,1110104000,1119884.0,MADA POY - PRESUPUESTO N° 1-891 (COCINA),G,0,2025-09-24 11:39:51,131,2,000000,,,
2025,4735,GMADA,2025-09-24 00:00:00,,,HOSP,5,1110104000,170000.0,PRODUCTOS COLOMBRARO - PRESUPUESTO N° 1-377 (QUIROFANO),G,0,2025-09-26 08:15:54,131,2,000000,,,
2025,4741,GMADA,2025-09-24 00:00:00,,,HOSP,5,1110104000,849700.0,"ALTA MORENA - PRESUPUESTO N° 1-51 (COCINA, HOGAR DE ANCIANOS)",G,0,2025-09-24 11:50:33,131,2,000000,,,
2025,4737,GMADA,2025-09-24 00:00:00,,,HOSP,5,1110104000,99000.0,IMPRENTA EL ARGENTINO - PRESUPUESTO N° 536,G,0,2025-09-24 11:28:55,131,2,000000,,,
2025,4740,GMADA,2025-09-24 00:00:00,,,HOSP,5,1110104000,19520.87,PINTURERIA INDIGO - PRESUPUESTO N° 3-3483 (AMBULANCIA),G,0,2025-09-24 11:44:37,131,2,000000,,,
2025,4742,GMADA,2025-09-24 00:00:00,,,HOSP,5,1110104000,27089.28,"MARTIN CORREA LORENTE - PRESUPUESTO N° 1-49 (QUIROFANO, MUCAMAS)",G,0,2025-09-26 09:51:41,131,2,000000,,,
2025,4743,GMADA,2025-09-24 00:00:00,,,FARM,5,1110104000,833048.24,INSUMOS GENERALES 3F - PRESUPUESTO S/N FECHA 23/9/25 (FARMACIA),G,0,2025-09-29 12:43:14,131,2,000000,,,
2025,2864,GMADA,2025-05-20 00:00:00,,,FARM,5,1110104000,326978.25,DROGUERIA SAPORITI- PRESUPUESTO N° 805989 LABORATORIO DE MAGISTRALES,G,0,2025-05-20 09:53:53,131,2,000000,,,
2025,2849,GMADA,2025-05-20 00:00:00,,,SECSEG,20,1110113000,1292100.0,"Frenos Madariaga, presupuesto 063 (KYV 375- AB038FG-AF747PM-AE331IY)",G,0,2025-05-20 07:44:34,110,25,000000,,,
2025,2939,GMADA,2025-05-22 00:00:00,,,ENV,7,1110106000,5400.0,"PRESUPUESTO Nº 1769  de ""Hispanograf"" Certificados de la granja de contención",G,0,2025-05-22 12:08:35,110,GRAN,000000,,,
2025,2929,GMADA,2025-05-22 00:00:00,,,CONTRA,19,1110112000,1140000.0,"Hernandez Emilia, presupuesto 00000071",G,0,2025-05-22 08:10:25,110,1,000000,,,
2025,2937,GMADA,2025-05-22 00:00:00,,,GOBHAC,2,1110102000,500000.0,"Alegre, Saúl Alegre,presupuesto 00003080.Acto 25 de Mayo.",G,0,2025-05-22 11:30:00,110,1,000000,,,
2025,2938,GMADA,2025-05-22 00:00:00,,,ACCSOC,7,1110106000,730000.0,"PRESUPUESTOde María Cristina Uhturburu de""Casa Meoqui"" Sr. Schrder, José María fallecido el 19 de mayo 2025 DNI Nº 10.576.029",G,0,2025-05-22 12:05:28,110,4,000000,,,
2025,2942,GMADA,2025-05-22 00:00:00,,,ACCSOC,7,1110106000,109100.0,"PRESUPUESTO Nº 1767 de ""Hispanograf"" Talonarios de bonos de pan, pollo, verdura para el aréa de prestaciones",G,0,2025-05-22 12:15:54,110,4,000000,,,
2025,2941,GMADA,2025-05-22 00:00:00,,,ENV,7,1110106000,16456.0,"PRESUPUESTO Nº X 0001-00000683 de Javier Durante de ""Distribuidora del Sudeste"" Para los chicos del Programa Envión",G,0,2025-05-22 12:36:05,132,CASA,000000,,,
2025,2958,GMADA,2025-05-23 00:00:00,,,ENV,7,1110106000,6589.0,"PRESUPUESTO Nº X 0001-00000972 de Tatano Harisgarat S.R.L. de ""Casa Harisgarat"" Para arreglos en casa del adolescente",G,0,2025-05-23 08:40:46,132,CASA,000000,,,
2025,2956,GMADA,2025-05-23 00:00:00,,,JARD,7,1110106000,404568.0,"PRESUPUESTO Nº X 0001-00000996 de Tatano Harisgarat S.R.L. de ""Casa Harisgarat"" Para instalar tanque en la casita de chocolate",G,0,2025-05-23 08:33:14,132,JARDM,000000,,,
2025,2945,GMADA,2025-05-22 00:00:00,,,ENV,7,1110106000,124527.0,"Expte Nº159/25 PRESUPUESTO Nº 00004620  de Silvia Beatriz Maistegui de ""Pinturería - Ferretería TODO COLOR""Proyecto de Talleres  Programa Envión. Taller de carpintería",G,0,2025-05-26 12:15:07,110,CASA,000000,,,
2025,2960,GMADA,2025-05-23 00:00:00,,,ACCSOC,7,1110106000,516800.0,"PRESUPUESTO de ""Carrera M. Valentin"" Plan Diabéticos mayo 2025",G,0,2025-05-23 08:46:40,132,4,000000,,,
2025,2959,GMADA,2025-05-23 00:00:00,,,GRAN,7,1110106000,6760.0,"PRESUPUESTO Nº X 0001-00000983de Tatano Harisgarat S.R.L de ""Casa Harisgarat"" Para la granja de contención",G,0,2025-05-23 08:42:46,110,GRAN,000000,,,
2025,2967,GMADA,2025-05-23 00:00:00,,,DEP,13,1110109000,800000.0,PRESUPUESTO SIN N°- CLAUDIO AMARANTO (PRACTICAS DEPORTIVAS. SURF ADAPTADO),G,0,2025-05-26 10:21:38,110,9,000000,,,
2025,3098,GMADA,2025-06-02 00:00:00,,,000SU,25,1110118000,481670.0,"PROV.DANIEL ZUBIARRAIN PRESUP.3008,3005 REPUSTOS PARA CAMION CAMPACTO DMI 233, RANGER KYV355, CITROEN C15 CAR748",G,0,2025-06-02 08:13:48,110,3,000000,,,
2025,2961,GMADA,2025-05-23 00:00:00,,,ACCSOC,7,1110106000,356000.0,"PRESUPUESTO de Matías Ricci"" Plan Diabéticos mayo 2025",G,0,2025-05-23 08:49:50,132,4,000000,,,
2025,3097,GMADA,2025-06-02 00:00:00,,,000SU,25,1110118000,45000.0,PROV.DUENDE AZUL PRES.2632 CAMISION DE MADARIAGA  A LA PLARA POR REPUSTOS,G,0,2025-06-02 07:50:05,110,3,000000,,,
2025,3107,GMADA,2025-06-02 00:00:00,,,000SU,25,1110118000,10152000.0,PROV. CASA ELICEIRY GAS OIL PARA MAQUINA Y VEHICULOS DE ESTA SECRETARIA,G,0,2025-06-02 10:37:12,132,3,000000,,,
2025,3109,GMADA,2025-06-02 00:00:00,,,BARU,25,1110118000,3500000.0,PROV. FGC FUELS MARKET GAS OIL PARA MAQUINAS DE PREDIO DISPOSICION FINAL RUTA 11 KM 405.5,G,0,2025-06-02 10:44:54,110,,000000,,,
2025,3099,GMADA,2025-06-02 00:00:00,,,000SU,25,1110118000,306764.0,PROV.FEDERICO GARCIA PRESUP.0576 REPUESTOS PARA PALA CARGADORA SDLG 936 CII58 MINICARGADORA MUSTANG BMV14,G,0,2025-06-02 08:25:20,110,3,000000,,,
2025,3108,GMADA,2025-06-02 00:00:00,,,000SU,25,1110118000,6500000.0,PROV. ATREUCO PUEL COMBUSTIBLE PARA MAQUINAS Y VEHICULOS DE ESTA SECRETARIA,G,0,2025-06-02 10:40:32,110,3,000000,,,
2025,3200,GMADA,2025-06-09 00:00:00,,,ACCSOC,7,1110106000,500528.0,PRESUPUESTOS N° 10006/10008/10009/10011/10012 /10013 de Baigorria Martín Miguel Para pintar oficinas de Desarrollo Social y del Servicio Local,G,0,2025-06-09 10:34:24,110,4,000000,,,
2025,3198,GMADA,2025-06-09 00:00:00,,,ACCSOC,7,1110106000,990000.0,"PRESUPUESTO de María Cristina Uthurburu de ""Casa Meoqui"" Sr. Oviedo, Víctor Esteban fallecido el 06/06/2025 DNI 47.562.982",G,0,2025-06-09 09:58:34,110,4,000000,,,
2025,3111,GMADA,2025-06-02 00:00:00,,,DECI,25,1110118000,183274.0,PROV. SILVIA MAISTEGUI PRESUP.5245 ARTICULOS DE FERRETERIA PARA DEFENSA CIVIL,G,0,2025-06-02 10:58:59,110,3,000000,,,
2025,3199,GMADA,2025-06-09 00:00:00,,,ACCSOC,7,1110106000,59800.0,"PRESUPUESTO N° X 0001-00052703 de Juan Alberto Sanchez de ""Electricidad El Gallego"" Familia: Basualdo, Guillermo",G,0,2025-06-09 10:04:59,110,4,000000,,,
2025,3491,GMADA,2025-06-26 00:00:00,,,PROD,14,1110108000,327000.0, PROV. AGRONOMIA HORTICOLA SRL. PRESU. 18/06/2025- SEC. PRODUCCION,G,0,2025-07-03 09:47:34,110,8,000000,,,
2025,3201,GMADA,2025-06-09 00:00:00,,,ACCSOC,7,1110106000,30671.52,"PRESUPUESTO N° 10014 de Baigorria Martín Miguel Familia: Ruiz, Griselada",G,0,2025-06-09 10:50:45,110,4,000000,,,
2025,3269,GMADA,2025-06-11 00:00:00,,,HOSP,5,1110104000,334653.46,FARMACIA GIORGI-  PRESUPUESTO S/N° MEDICAMENTOS DISPENSADOS DESDE EL 26/05 AL 3/06/25,G,0,2025-06-11 11:00:56,131,2,000000,,,
2025,3379,GMADA,2025-06-19 00:00:00,,,PROD,14,1110108000,100000.0,PROV. LIGARI ANGELL MATIAS . PRESU. 19/06/2025- SEC. PRODUCCION- RAICES,G,0,2025-06-19 12:32:03,110,8,000000,,,
2025,3406,GMADA,2025-06-23 00:00:00,,,CEREM,1,1110101000,695000.0,Corresponde presupuesto proveedor 3396- GRASSO,G,0,2025-06-23 10:05:31,110,CERE,000000,,,
2025,3380,GMADA,2025-06-19 00:00:00,,,PROD,14,1110108000,150000.0,PROV. MORALES ALEJANDRO MARTIN . PRESU. 19/06/2025- SEC. PRODUCCION- RAICES,G,0,2025-06-19 12:33:54,110,8,000000,,,
2025,3434,GMADA,2025-06-24 00:00:00,,,SECSEG,20,1110113000,81000.0,Repuestos LC- presupuesto 0569 (movil 930 voyage ),G,0,2025-06-24 10:22:13,110,25,000000,,,
2025,3407,GMADA,2025-06-23 00:00:00,,,GOBHAC,2,1110102000,2705676.0,Corresponde Expte N° 3683/2024 - Grid it seven,G,0,2025-06-23 10:57:17,110,SECGO,000000,,,
2025,3488,GMADA,2025-06-26 00:00:00,,,CONTRA,19,1110112000,719900.0," PRESUPUESTO 10595, DGM DE DIEGO MARTIN SRL",G,0,2025-06-26 11:13:21,110,CONTR,000000,,,
2025,3490,GMADA,2025-06-26 00:00:00,,,PROD,14,1110108000,28069.2,"  PROV. PAPELERA ALPA ""Matienzo Paola"". PRESU. N°3674/N°3682/N°3675- SEC. PRODUCCION-",G,0,2025-06-26 12:22:17,110,8,000000,,,
2025,3500,GMADA,2025-06-26 00:00:00,,,PROD,14,1110108000,4800.0,"PROV. PROVEEDURIA CAMPO Y CIUDAD ""Iriarte Raul Alberto"". PRESU. N°14886- SEC. PRODUCCION- MERC. CONC",G,0,2025-06-26 12:41:37,110,8,000000,,,
2025,3494,GMADA,2025-06-26 00:00:00,,,PROD,14,1110108000,23000.0,   PROV. HISPANOGRAF- Piedra Hugo . PRESU. N°1784- SEC. PRODUCCION-,G,0,2025-06-26 12:34:47,110,8,000000,,,
2025,3492,GMADA,2025-06-26 00:00:00,,,PROD,14,1110108000,67000.0,"PROV. CASA HARISGARAT ""Tatano Harisgarat SRL"". PRESU. N°0001-00001172- SEC. PRODUCCION- SIP",G,0,2025-06-26 12:31:05,110,8,000000,,,
2025,3498,GMADA,2025-06-26 00:00:00,,,PROD,14,1110108000,70000.0,  PROV. LOPEZ LEONARDO . PRESU. 26/06/2025- SEC. PRODUCCION-,G,0,2025-06-26 12:37:31,110,8,000000,,,
2025,3502,GMADA,2025-06-26 00:00:00,,,PROD,14,1110108000,1875000.0,PROV. ESPONDABURU PEDRO HORACIO. PRESU. 26/06/2025- SEC. PRODUCCION-,G,0,2025-06-26 12:43:50,110,8,000000,,,
2025,4761,GMADA,2025-09-26 00:00:00,,,HOSP,5,1110104000,16212000.0,"CONTRATO CON LA EMPRESA SOMA S.A..EXPTE Nº 5/2025. SERVICIO DE RECOLECCION,TRANSPORTE,TRATAMIENTO Y DISPOSICION FINAL DE RESIDUOS PATOGENICOS DESDE EL 01 DE OCTUBRE AL 31 DE DICIEMBRE 2025.",G,0,2025-09-26 08:48:21,131,2,000000,,,
2025,4816,GMADA,2025-10-02 00:00:00,,,COC,5,1110104000,14400.0,SANTA PAULA- PRESUPUESTO N° 0001-00002122 (COCINA) PARA EL DIA 30/09,G,0,2025-10-06 08:42:16,131,2,000000,,,
2025,4815,GMADA,2025-10-02 00:00:00,,,TURIS,6,1110105000,726000.0,Casa El Gaucho - Osvaldo Jose Pedroche - Premios concurso de asadores y presente para jurado,G,0,2025-10-02 07:37:09,110,TURIS,000000,,,
2025,4821,GMADA,2025-10-02 00:00:00,,,LAV,5,1110104000,67904.16,PINAMAR HIGIENE INSTITUCIONAL SRL - PRESUPUESTO N° 0016-00002014 (LAVADERO),G,0,2025-10-02 10:24:44,131,2,000000,,,
2025,4961,GMADA,2025-10-16 00:00:00,,,ACCSOC,7,1110106000,21500.0,"PRESUPUESTO N° 007512 de ""IVANPER REPUESTOS"" Canioneta JYN 229",G,0,2025-10-16 12:21:21,110,4,000000,,,
2025,4818,GMADA,2025-10-02 00:00:00,,,COC,5,1110104000,224097.15,ALPA- PRESUPUESTO N° 0002-00003783 (COCINA),G,0,2025-10-02 08:40:42,131,2,000000,,,
2025,4924,GMADA,2025-10-13 00:00:00,,,LAB,5,1110104000,2304012.46,UNO ELECTROMEDICINA - PRESUPUESTO N° 00003-00013940 (LABORATORIO DE ANALISIS),G,0,2025-10-13 12:46:28,131,2,000000,,,
2025,4824,GMADA,2025-10-02 00:00:00,,,TURIS,6,1110105000,520000.0,Sip eventos - Alegre. 8° concurso de asadores y 3° feria gastronomica. Sonido,G,0,2025-10-02 09:29:57,110,TURIS,000000,,,
2025,4959,GMADA,2025-10-16 00:00:00,,,JARD,7,1110106000,314900.0,"PRESUPUESTO de Labatut, Marcelo de ""LA FRUTERIA"" Septiembre 2025",G,0,2025-10-16 12:05:26,132,JARDM,000000,,,
2025,5136,GMADA,2025-11-03 00:00:00,,,HOSP,5,1110104000,3153149.0,QUALIMED SA- PRESUPUESTO N° 80 (FARMACIA - QUIROFANO),G,0,2025-11-03 08:47:42,131,2,000000,,,
2025,4967,GMADA,2025-10-17 00:00:00,,,SECSEG,20,1110113000,60000.0,"Gomeria V+B, presupuesto 06870691-0705-0697-0703 ( AB038FH-AE704AX-AF173LP-AF245CY)",G,0,2025-10-17 08:59:29,110,25,000000,,,
2025,5060,GMADA,2025-10-27 00:00:00,,,ACCSOC,7,1110106000,300000.0,"PREVISION DE ANDRES PONSA S.A. Para Sede, Envión, Prestaciones, Granja",G,0,2025-10-29 09:29:57,110,4,000000,,,
2025,5133,GMADA,2025-11-03 00:00:00,,,HOSP,5,1110104000,384337.2,DROGUERIA PERDOMINICI- PRESUPESTO N° 23/10/2025 (HEMOTERAPIA- FARMACIA),G,0,2025-11-03 08:27:34,131,2,000000,,,
2025,5270,GMADA,2025-11-17 00:00:00,,,SECSEG,20,1110113000,8110.0,"Casa Harisgarat, presupuesto 1004 (comisaria de la mujer)",G,0,2025-11-17 09:57:05,110,25,000000,,,
2025,5170,GMADA,2025-11-05 00:00:00,,,OPP,3,1110103000,7122641.44,Exp.:253/21 Sol. revisión de la instalación de gas - Prov.:Corralon Flores - Presup.:27325; 27323; 27322,G,0,2025-11-05 09:09:55,110,35,000000,,,
2025,5140,GMADA,2025-11-03 00:00:00,,,DEP,13,1110109000,19400.0,PRESUPUESTO N°15281 - PROVEEDURIA CAMPO Y CIUDAD / MATERIALES PAR TRABAJO DE MANTENIMIENTO EN PREDIO MUNICIPAL,G,0,2025-11-03 09:54:36,110,9,000000,,,
2025,5269,GMADA,2025-11-17 00:00:00,,,SECSEG,20,1110113000,9980.0,"Casa Harisgarat, presupuesto 01011 (comisaria de la mujer)",G,0,2025-11-17 09:52:48,110,25,000000,,,
2025,5272,GMADA,2025-11-17 00:00:00,,,ACCSOC,7,1110106000,800000.0,"PRESUPUESTO N° X 7390234 de Peyrano, Sergio de ""ATMOSFERICO LA PRIMERA""",G,0,2025-11-17 10:30:47,132,4,000000,,,
2025,5274,GMADA,2025-11-17 00:00:00,,,GRAN,7,1110106000,40538.0,"PRESUPUESTO N° 0001-00001132 de ""AGROVETERINARIA MARZULLO"" Para animales de la granja de contención",G,0,2025-11-17 10:38:25,110,GRANJ,000000,,,
2025,5271,GMADA,2025-11-17 00:00:00,,,SECSEG,20,1110113000,80000.0,"Marzullo Computacion, presupuesto 1293 ( COM)",G,0,2025-11-17 10:00:00,110,25,000000,,,
2025,5305,GMADA,2025-11-20 00:00:00,,,FARM,5,1110104000,2002676.0,SORRENTINO S.A- PRESUPUESTO N° 19/11/2025 (FARMACIA),G,0,2025-11-20 10:22:33,131,2,000000,,,
2025,5273,GMADA,2025-11-17 00:00:00,,,ACCSOC,7,1110106000,800000.0,"PRESUPUESTO N° X 7390235 de Peyrano, Sergio de ""ATMOSFERICO LA PRIMERA""",G,0,2025-11-17 10:32:18,132,4,000000,,,
2025,5287,GMADA,2025-11-18 00:00:00,,,CULTUR,1,1110105000,90000.0,VIDRIERIA SUAREZ  PRESUPUESTO N° 0091,G,0,2025-11-18 11:15:03,110,CACUL,000000,,,
2025,5310,GMADA,2025-11-20 00:00:00,,,COC,5,1110104000,220480.87,ALPA - PRESUPUESTO N° 0002-00003808  (COCINA),G,0,2025-11-20 11:19:10,131,2,000000,,,
2025,5309,GMADA,2025-11-20 00:00:00,,,COC,5,1110104000,463550.5,DURANTE JAVIER- PRESUPUESTO N° 0001-00000795 (COCINA) DEL 15/11/2025 AL 15/12/2025,G,0,2025-11-20 11:08:50,131,2,000000,,,
2025,5312,GMADA,2025-11-20 00:00:00,,,HOSP,5,1110104000,279256.78,FARMACIA GIORGI- PRESUPUESTO N° 12/11/2025 (FARMACIA) MEDICAMENTOS DISPENSADOS DESDE EL 5/11/2025 HASTA EL 10/11/2025,G,0,2025-11-20 12:05:32,131,2,000000,,,
2026,11,GMADA,2026-01-02 00:00:00,,,MAYOR,2,1110102000,67500.0,"PRESUPUESTO 15615/15614, IRIARTE RAUL",G,0,2026-01-02 09:27:21,110,37,000000,,,
2025,5311,GMADA,2025-11-20 00:00:00,,,COC,5,1110104000,36000.0,SANTA PAULA- PRESUPUESTO N° 0001-00002147 (COCINA) SEMANA DEL 19/11/2025 AL 26/11/2025,G,0,2025-11-20 11:25:26,131,2,000000,,,
2025,5409,GMADA,2025-12-09 00:00:00,,,GOBHAC,2,1110102000,19005000.0,Concursi de Precios N° 20-2025 Compra Articulos de Librería,G,0,2025-12-09 10:48:30,110,1,000000,,,
2025,5414,GMADA,2025-12-09 00:00:00,,,CONTRA,19,1110112000,2557671.5,"Lo coco Marcelo Alejandro,presupuesto 00000034",G,0,2025-12-09 12:56:20,110,1,000000,,,
2025,5462,GMADA,2025-12-30 00:00:00,,,HOSP,5,1110104000,1337600.0,PRESUPUESTO 1342390 GARCIA GLADYS  HOSPITAL - HOGAR DE ANCIANOS,G,0,2025-12-30 08:50:00,131,2,000000,,,
2026,10,GMADA,2026-01-02 00:00:00,,,DELRU,2,1110102000,46800.0,"PRESUPUESTO 15616/15611,IRIARTE RAUL",G,0,2026-01-02 09:22:07,110,24,000000,,,
2026,14,GMADA,2026-01-02 00:00:00,,,INGPUB,19,1110112000,7546920.0,"PRESUPUESTO 1611, CAMINO JOSE, EXPTE. 3655/2021 1 CUERPO",G,0,2026-01-27 08:51:46,110,INGPU,000000,,,
2026,17,GMADA,2026-01-02 00:00:00,,,PRESID,8,1110200000,2153460.0,"PRESUPUESTO 1611 , CAMINO JOSE, EXPTE. 3655/2021 1° CUERPO",G,0,2026-01-27 09:09:09,110,12,000000,,,
2026,13,GMADA,2026-01-02 00:00:00,,,CONTRA,19,1110112000,673848.5,"PRESUPUESTO 3837/3839/3826, MATIENZO PAOLA AMELIA",G,0,2026-01-02 09:35:20,110,CONTR,000000,,,
2026,16,GMADA,2026-01-02 00:00:00,,,DESP,2,1110102000,4073460.0,"PRESUPUESTO 1611  ,CAMINO JOSE, EXPTE. 3665/2021 1° CUERPO",G,0,2026-01-27 08:56:04,110,DESPA,000000,,,
2026,21,GMADA,2026-01-02 00:00:00,,,PROD,14,1110108000,1100000.0,"POLIZA N° 1034553, SANCOR SEGUROS, DESDE EL 01/01/2026 AL 31/12/2026",G,0,2026-01-02 11:00:41,110,8,000000,,,
2026,19,GMADA,2026-01-02 00:00:00,,,000F,24,1110117000,1515900.0,"PRESUPUESTO 1611 , CAMINO JOSE EXPTE 3655/2021 CUERPO 1",G,0,2026-01-27 09:01:19,110,20,000000,,,
2026,18,GMADA,2026-01-02 00:00:00,,,CONTRA,19,1110112000,30769.2,"PRESUPUESTO 00030025, SUC DANNUNZIO JORGE",G,0,2026-01-26 12:20:42,110,CONTR,000000,,,
2026,28,GMADA,2026-01-02 00:00:00,,,FARM,5,1110104000,3139700.0,SORRENTINO S.A- PRESUPUESTO S/N° REM 45872  (FARMACIA),G,0,2026-01-02 12:20:09,131,2,000000,,,
2026,20,GMADA,2026-01-02 00:00:00,,,OSA,5,1110104000,3953460.0,"PRESUPUESTO 1611 , CAMINO JOSE, EXPTE 3655/2021 CUERPO 1",G,0,2026-01-27 09:07:08,131,2,000000,,,
2026,23,GMADA,2026-01-02 00:00:00,,,TACOS,14,1110108000,1503558.0,"POLIZA 56/007502, RIVADAVIA SEGUROS",G,0,2026-01-02 11:18:03,110,8,000000,,,
2026,22,GMADA,2026-01-02 00:00:00,,,ACCSOC,7,1110106000,3000000.0,PREVISION DE POLIZA DE  ACCIDENTES PERSONALES,G,0,2026-01-02 11:13:57,110,4,000000,,,
2026,33,GMADA,2026-01-02 00:00:00,,,GOBHAC,2,1110102000,5261800.0,COMBUSTIBLE DEL SALADO,G,0,2026-01-02 12:00:34,110,1,000000,,,
2026,42,GMADA,2026-01-02 00:00:00,,,GOBHAC,2,1110102000,3000000.0,PREVISION FARIAS GONZALEZ CARLOS JOAQUIN,G,0,2026-01-02 12:20:09,110,1,000000,,,
2026,29,GMADA,2026-01-02 00:00:00,,,GOBHAC,2,1110102000,2000000.0,"PREVISION DE PUBLICIDAD DE LICITACIONES, BOLETIN OFICIAL",G,0,2026-01-02 11:50:31,110,1,000000,,,
2026,35,GMADA,2026-01-02 00:00:00,,,DMACED,2,1110102000,2000000.0,PREVISION DE CHANCHA DE DELEGACION,G,0,2026-01-02 12:07:50,110,1,000000,,,
2026,39,GMADA,2026-01-02 00:00:00,,,GOBHAC,2,1110102000,1500000.0,PREVISION DE EYRAS VILLAR MARINA,G,0,2026-01-02 12:12:46,110,1,000000,,,
2026,725,GMADA,2026-02-13 00:00:00,,,TURIS,6,1110105000,640000.0,Cueli Miguel. Alojamiento Rally. DECRETO 78/26.,G,0,2026-02-13 11:43:47,110,TURIS,000000,,,
2026,727,GMADA,2026-02-13 00:00:00,,,TURIS,6,1110105000,540000.0,Marcelo Pasini - Hotel London. Alojamiento Rally. decreto 78/26,G,0,2026-02-13 11:50:28,110,TURIS,000000,,,
2026,726,GMADA,2026-02-13 00:00:00,,,TURIS,6,1110105000,300000.0,Marcelo Pasini - Hotel London - Alojamiento Rally. decreto 78/26,G,0,2026-02-13 11:47:35,110,TURIS,000000,,,
2026,729,GMADA,2026-02-13 00:00:00,,,TURIS,6,1110105000,675000.0,Marcelo Pasini - Hotel London. Alojamiento rally. Decreto 78/26,G,0,2026-02-13 11:56:27,110,TURIS,000000,,,
2026,731,GMADA,2026-02-13 00:00:00,,,TURIS,6,1110105000,450000.0,Liliana Señorans - Parroquinos departamentos. Alojamiento rally. Decreto 78/26,G,0,2026-02-13 12:06:28,110,TURIS,000000,,,
2026,728,GMADA,2026-02-13 00:00:00,,,TURIS,6,1110105000,540000.0,Marcelo Pasini - Hotel London. Alojamiento Rally. Decreto 78/26,G,0,2026-02-13 11:53:17,110,TURIS,000000,,,
2026,915,GMADA,2026-03-04 00:00:00,,,DEP,13,1110109000,140000.0,PRESUPUESTO N° 0394 - COLOMBRARO - SILLAS PLASTICAS PARA SER UTILIZADAS EN DIFERENTES DISCIPLINAS DURANTE EL AÑO,G,0,2026-03-09 09:39:20,110,9,000000,,,
2026,730,GMADA,2026-02-13 00:00:00,,,TURIS,6,1110105000,880000.0,Daniel Goñi. Alojamiento Rally. Decreto 78/26,G,0,2026-02-13 12:02:08,110,TURIS,000000,,,
2026,766,GMADA,2026-02-20 00:00:00,,,FARM,5,1110104000,5916739.18,PILOÑA- PRESUPUESTO N° 5/02/26,G,0,2026-02-20 11:47:22,131,2,000000,,,
2026,767,GMADA,2026-02-20 00:00:00,,,FARM,5,1110104000,2463332.93,MAX CONTINENTAL- PRESUPUESTO N° 20/02/2026,G,0,2026-02-20 12:33:53,131,2,000000,,,
2026,844,GMADA,2026-02-26 00:00:00,,,DEP,13,1110109000,192140.0,PRESUPUESTO 0002-46079 CASA HARISGARAT - RALLY,G,0,2026-02-26 10:37:34,110,9,000000,,,
2026,914,GMADA,2026-03-04 00:00:00,,,DEP,13,1110109000,42550.0,PRESUPUESTO N° 1031 - TERRANOVA QUIMICA - ARTICULOS PARA TAREAS DE LIMPIEZA EN EL POLIDEPORTIVO,G,0,2026-03-04 09:32:35,110,32,000000,,,
2026,985,GMADA,2026-03-09 00:00:00,,,BARU,25,1110118000,4270000.0,PROV. CASA ELICEIRY GAS OIL PARA MAQUINAS DE PREDIO DISPOSICION FINAL DE RESIDUOS RUTA 11 KM 405.5,G,0,2026-03-09 11:21:45,132,3,000000,,,
2026,925,GMADA,2026-03-05 00:00:00,,,COC,5,1110104000,67760.0,PROVEEDURIA LA ILUSION- PRESUPUESTO N° 21425,G,0,2026-03-05 08:34:21,131,2,000000,,,
2026,917,GMADA,2026-03-04 00:00:00,,,DEP,13,1110109000,20000.0,PRESUPUESTO N° 6995- BATERIAS LA PRIMERA - ACEITE QUEMADO PARA MANTENIMIENTO DE QUEBRACHOS EN PARQUE ANCHORENA Y POLIDEPORTIVO,N,0,2026-03-04 10:05:32,110,9,000000,,,
2026,927,GMADA,2026-03-05 00:00:00,,,COC,5,1110104000,758900.0,TODO POLLO- PRESUPUESTO N° 82 ( SEMANA DEL 26/02 HASTA EL 5/03/26),G,0,2026-03-05 08:48:51,131,2,000000,,,
2026,929,GMADA,2026-03-05 00:00:00,,,HOSP,5,1110104000,958575.56,PINAMAR HIGIENE INSTITUCIONAL SRL- PRESUPUESTO N° 0016-00002427/2428/2496/2511/2512 (COCINA-LAVADERO- OFFICE DE MUCAMAS),G,0,2026-03-05 09:21:14,131,2,000000,,,
2026,973,GMADA,2026-03-09 00:00:00,,,000SU,25,1110118000,380000.0,PROV.ATMOSFERICO LA PRIMERA PRESUP.0246 DESTAPE DE CAÑERIA Y REGISTRO EN CORRALON MUNICIPAL,G,0,2026-03-09 07:21:58,110,3,000000,,,
2026,978,GMADA,2026-03-09 00:00:00,,,000SU,25,1110118000,267470.0,"PROV. SILVIA MAISTEGUI PRESUP.5922 PARA REPARAR TARIMAS,RAMPA DE RALLY,REPARACION EN VIVERO",G,0,2026-03-09 09:55:53,110,3,000000,,,
2026,981,GMADA,2026-03-09 00:00:00,,,000SU,25,1110118000,234650.0,"PROV.IVAN PERICO PRESUP.8088,8237,8241 REPEUSTOS PARA KYV355 LED010, SVN719",G,0,2026-03-09 10:53:35,110,3,000000,,,
2026,984,GMADA,2026-03-09 00:00:00,,,000SU,25,1110118000,10248000.0,PROV. CASA ELICEIY GAS OIL PARA FLOTA VEHICULAR DE ESTA SECRETARIA,G,0,2026-03-09 10:56:36,132,3,000000,,,
2026,992,GMADA,2026-03-09 00:00:00,,,000SU,25,1110118000,430000.0,PROV. YANINA PECORARI PRESUP.5090 BARETIA PARA LED013,G,0,2026-03-09 11:29:00,110,3,000000,,,
2026,988,GMADA,2026-03-09 00:00:00,,,000SU,25,1110118000,780000.0,PROV.ROCIO MORALES PRESUP.09.03 REPARACION PARA LED013N ASZ490,G,0,2026-03-09 11:10:44,110,3,000000,,,
2026,993,GMADA,2026-03-09 00:00:00,,,000SU,25,1110118000,787121.82,"PROV.MERCEDES LA PLATA PRESUP.0216 REPUESTOS PARA XNE245,DMI232,LAN557,LED013",G,0,2026-03-09 11:42:12,110,3,000000,,,
2026,1028,GMADA,2026-03-11 00:00:00,,,FARM,5,1110104000,5609805.61,DROGUERIA PERDOMINICI- PRESUPUESTO N° 26/02/206,G,0,2026-03-11 12:56:47,131,2,000000,,,
2025,4923,GMADA,2025-10-13 00:00:00,,,SECSEG,20,1110113000,783000.0,"Frenos Madariaga, presupuesto 88 (AB038FG-AE331IY-AE704AW-JCH069)",G,0,2025-10-13 10:25:05,110,25,000000,,,
2025,5054,GMADA,2025-10-27 00:00:00,,,GOBHAC,2,1110102000,3555180.0,"EXPTE, 3655/2021 CUERPO 1, CAMINO JOSE",G,0,2025-10-27 09:05:38,110,1,000000,,,
2025,4957,GMADA,2025-10-16 00:00:00,,,SECSEG,20,1110113000,1612730.58,"SDM soluciones de movilidad, presupuesto 012/25 (AE969PX)",G,0,2025-10-16 09:49:24,110,25,000000,,,
2025,5038,GMADA,2025-10-24 00:00:00,,,GOBHAC,2,1110102000,49973.0,"Correa Lorente Juan Martín,presupuesto 0001-0000055",G,0,2025-10-24 11:35:03,110,1,000000,,,
2025,5053,GMADA,2025-10-27 00:00:00,,,INGPUB,19,1110112000,5452590.0,"  EXPTE. 3655 CUERPO 1, CAMINOS JOSE",G,0,2025-10-27 08:30:52,110,INGPU,000000,,,
2025,5056,GMADA,2025-10-27 00:00:00,,,000F,24,1110117000,1683000.0," EXPTE 3655/2021 CUERPO 1,CAMINO JOSE",G,0,2025-10-27 09:13:48,110,20,000000,,,
2025,5058,GMADA,2025-10-27 00:00:00,,,ACCSOC,7,1110106000,1600500.0,"  EXPTE 3655/2021 CUERPO 1,CAMINO JOSE",G,0,2025-10-27 09:22:51,110,4,000000,,,
2025,5055,GMADA,2025-10-27 00:00:00,,,PRESID,8,1110200000,2302590.0,"EXPTE 3655/2021 CUERPO 1, CAMINO JOSE",G,0,2025-10-27 09:09:53,110,12,000000,,,
2025,5063,GMADA,2025-10-27 00:00:00,,,CAS,3,1110111000,527449.0,"Soragni Silvia Alejandra ,presupuesto 694 Retro Pala New Holland.",G,0,2025-10-27 12:46:08,131,6,000000,,,
2025,5057,GMADA,2025-10-27 00:00:00,,,ADM,5,1110104000,4080180.0," EXPTE, 3655/2021 CUERPO 1,CAMINO JOSE",G,0,2025-10-27 09:18:02,131,2,000000,,,
2025,5066,GMADA,2025-10-28 00:00:00,,,CAS,3,1110111000,959710.0,"Garcia Federico,presupuesto 595",N,0,2025-10-28 08:06:26,131,6,000000,,,
2025,5059,GMADA,2025-10-27 00:00:00,,,CAS,3,1110111000,15000.0,"Suarez Pablo ,presupuesto 04/10/2025 Motoniveladora New Hollnd",G,0,2025-10-27 10:22:01,131,6,000000,,,
2025,5079,GMADA,2025-10-29 00:00:00,,,DEP,13,1110109000,290000.0,PRESUPUESTO N° 000138 - MOTOMAQUINARIAS LUIS / REPARACION Y MANTENIMIENTO DE TRACTOR Y DESMALEZADORAS,G,0,2025-10-29 08:14:09,110,9,000000,,,
2025,5065,GMADA,2025-10-28 00:00:00,,,000SU,25,1110118000,350000.0,"PROV.FRENOS MADARIAGA PRESUP. 90  23/10/2025 PARA FORD 14000 AWK675, MERCEDES 1114 UYW682",G,0,2025-10-28 07:46:34,110,3,000000,,,
2025,5069,GMADA,2025-10-28 00:00:00,,,DECI,25,1110118000,328575.83,"PROV. ELECTRO DANNUNZIO PRESUP.29386 PARA CALLE ILLIA, Y PELEGRINI, BAÑOS DE TERMINAL Y DELEGACION MACEDO",G,0,2025-10-28 08:57:13,110,DEFCI,000000,,,
2025,5070,GMADA,2025-10-28 00:00:00,,,GOBHAC,2,1110102000,298000.0,"Martín Lomnbardi, presupuesto 391,392.",G,0,2025-10-28 09:24:32,110,1,000000,,,
2025,5078,GMADA,2025-10-29 00:00:00,,,DEP,13,1110109000,760000.0,PRESUPUESTO SIN N° - MORALES ROCIO ALEJANDRINA / COLOCACION DE EMBRAGUE NUEVO EN IVECO DAILY (DOM: MKF 817),G,0,2025-10-29 07:51:02,110,,,,,
2025,5158,GMADA,2025-11-04 00:00:00,,,SECSEG,20,1110113000,14900.0,"Hispanograf, presupuesto 1842 (para colocacion en remis habilitado)",G,0,2025-11-04 12:00:20,110,INSP,000000,,,
2025,5103,GMADA,2025-10-30 00:00:00,,,DECI,25,1110118000,138600.0,PROV.RAUL IRIARTE PRESUP.15269 ARTICULOS DE FERRETERIA PARA ARREGLOS VARIOS,G,0,2025-10-30 07:23:39,110,DEFCI,000000,,,
2025,5104,GMADA,2025-10-30 00:00:00,,,000SU,25,1110118000,103800.0,PROV.RAUL IRIARTE PRESUP.15257 PARA ARREGLO EN CORRALON MUNICIPAL,G,0,2025-10-30 07:41:33,110,3,000000,,,
2025,5105,GMADA,2025-10-30 00:00:00,,,000SU,25,1110118000,111300.0,PROV.RAUL IRIARTE PRESUP.15287 HERRAMIETAS PARA   TALLER MECANICO CORRALON,G,0,2025-10-30 07:50:18,110,3,000000,,,
2025,5106,GMADA,2025-10-30 00:00:00,,,000SU,25,1110118000,94100.0,PROV. RAUL IRIARTE PRESUP.15282 PARA CORRALON MUNICIPAL ARREGLOS GENERALES,G,0,2025-10-30 08:02:32,110,3,000000,,,
2025,5109,GMADA,2025-10-30 00:00:00,,,000SU,25,1110118000,92750.0,PROV.RAUL IRIARTE PRESUP.15271 ARTICULOS  DE FERRETERIA PARA ARREGLO DE CAMION FORD 14000 DMI232,G,0,2025-10-30 08:27:04,110,3,000000,,,
2025,5122,GMADA,2025-10-31 00:00:00,,,DIRINF,22,1110115000,488757.72,Future Graphics LLC Argentina SA,G,0,2025-10-31 09:15:08,110,INFOR,000000,,,
2025,5126,GMADA,2025-10-31 00:00:00,,,COC,5,1110104000,68000.0,AVICOLA DEL TUYU  ANDERS VICTOR PRESUPUESTO 3830,G,0,2025-10-31 10:03:56,131,2,000000,,,
2025,5154,GMADA,2025-11-04 00:00:00,,,SECSEG,20,1110113000,150000.0,Torneria Milani (AB038FG),G,0,2025-11-04 11:16:29,110,25,000000,,,
2025,5160,GMADA,2025-11-04 00:00:00,,,SECSEG,20,1110113000,13651.32,"Papelera Alpa, presupuesto 3799 (oficina inspeccion)",G,0,2025-11-04 12:14:12,110,25,000000,,,
2025,5156,GMADA,2025-11-04 00:00:00,,,SECSEG,20,1110113000,590000.0,"Torneria Milani,presupuesto 113 (OIG 911)",G,0,2025-11-04 11:46:17,110,25,000000,,,
2025,5251,GMADA,2025-11-13 00:00:00,,,MAYOR,2,1110102000,90000.0,"PRESUPUESTO 8663, RODRIGUEZ ROBERTO",G,0,2025-11-13 08:57:17,110,1,000000,,,
2025,5159,GMADA,2025-11-04 00:00:00,,,SECSEG,20,1110113000,12800.0,"Campo y Ciudad, presupuesto 15273",G,0,2025-11-04 12:04:52,110,25,000000,,,
2025,5173,GMADA,2025-11-05 00:00:00,,,ENV,7,1110106000,16485.0,"Expte N° 159/25 Proyecto de Talleres Programa Envión- PRESUPUESTO N°   X 0001-00000910 de ""MADA POY S..A."" Taller de cocina",G,0,2025-11-05 11:47:38,110,CASA,000000,,,
2025,5171,GMADA,2025-11-05 00:00:00,,,ACCSOC,7,1110106000,1600000.0,"PRESUPUESTO de María Cristina Uthurburu de ""CASA MEOQUI"" Sr. Marquez Martínez, José Cupertino fallecido el 01 de noviembre 2025 DNI: 96.191.921 - Sr. Rost, Alejandro Argentino fallecido el 01 de noviembre 2025 DNI: 11.049.693",G,0,2025-11-05 10:27:42,132,4,000000,,,
2025,5191,GMADA,2025-11-07 00:00:00,,,DECI,25,1110118000,504967.0,PROV.SILVIA MAISTEGUI PRESUP.5917 ARTICULOS DE FERRETERIA PARA DEFENSA CIVIL,G,0,2025-11-07 09:19:42,110,DEFCI,000000,,,
2025,5197,GMADA,2025-11-07 00:00:00,,,000SU,25,1110118000,157345.0,PROV.SILVIA MAISTEGUI PRESUP.5913 ARTICULOS DE FERRETERIA PARA CORRALON MUNICIPAL,G,0,2025-11-07 10:17:56,110,3,000000,,,
2025,5240,GMADA,2025-11-12 00:00:00,,,CAS,3,1110111000,60150.0,"PRESUPUESTO 1135, SUC MARZULLO CESAR ABEL",G,0,2025-11-19 07:21:16,131,6,000000,,,
2026,294,GMADA,2026-01-14 00:00:00,,,DELRU,2,1110102000,63000.0,CORRESPONDE PRESUPUESTO N° 0001-00000149 - PEREYRA JUAN CARLOS,G,0,2026-01-14 08:59:59,110,24,000000,,,
2025,5254,GMADA,2025-11-13 00:00:00,,,CAS,3,1110111000,2282340.0,"PRESUPUESTO 078-9158/078-9156/078-9157, ALFIO DISTEFANO",G,0,2025-11-13 10:20:44,131,6,000000,,,
2025,5253,GMADA,2025-11-13 00:00:00,,,CULTUR,6,1110105000,280000.0,"PRESUPUESTO 158, CUELI MIGUEL",G,0,2025-11-13 09:13:01,110,5,000000,,,
2025,5278,GMADA,2025-11-17 00:00:00,,,FARM,5,1110104000,4230000.0,QUALIMED S.A- PRESUPUESTO N° 82 (FARMACIA),G,0,2025-11-17 13:45:50,131,2,000000,,,
2025,5424,GMADA,2025-12-10 00:00:00,,,COC,5,1110104000,8646117.6,EXPEDIENTE 3643/2025  CONCURSO PRECIOS MATERIAL DESCARTABLE PARA USO DIARIO PACIENTES,G,0,2025-12-15 11:14:05,131,2,000000,,,
2026,1,GMADA,2026-01-02 00:00:00,,,000SU,25,1110118000,2050000.0,"PROV.BAIGORIA LORENZO PRESUP.02/01/2025 REPARACION DE  CAMARAS Y CUBIETRAS PARA  SVN719,SOG742, ASZ490,UWV265,BMV14, LED 013,AF947IJ CII58 VOLVO G710, PJY978 , J",G,0,2026-01-07 09:11:45,110,3,000000,,,
2026,206,GMADA,2026-01-09 00:00:00,,,000SU,25,1110118000,2366209.0,"PROV.MERCEDES LA PLATA PRESUP.186856 REPUESTOS PARA VW LED010 JZH266, FORD 14000ASZ490 LAN557, DMI232",G,0,2026-01-09 07:51:03,110,3,000000,,,
2026,237,GMADA,2026-01-12 00:00:00,,,COC,5,1110104000,132800.0,PRESUPUESTO 021411 SOTO LUIS  INSUMOS PARA HOSPITAL Y HOGAR DE ANCIANOS,G,0,2026-01-12 09:48:50,131,2,000000,,,
2026,235,GMADA,2026-01-12 00:00:00,,,INT,1,1110101000,425000.0,PROV. VIVERO GRANADOS PEDIDO NRO19544 PINO PARA PALACIO MUNICIPAL,G,0,2026-01-21 10:49:14,110,17,000000,,,
2026,289,GMADA,2026-01-14 00:00:00,,,SECSEG,20,1110113000,198413.6,"Electro Dannunzio, presupuesto 29837-29877-29696 (COM)",G,0,2026-01-16 08:51:12,110,25,000000,,,
2026,292,GMADA,2026-01-14 00:00:00,,,SECSEG,20,1110113000,71191.33,"Electro Dannunzio, presupuesto 29626-29585 (COM)",G,0,2026-01-14 12:00:22,110,25,000000,,,
2026,315,GMADA,2026-01-14 00:00:00,,,BROM,11,1110104000,30152.16,ELECTRO DANNUNZIO. SUC DE DANNUNZIO JORGE N. PRESUPUESTO Nº 00029883.BROMATOLOGIA.,G,0,2026-01-14 15:09:59,110,13,000000,,,
2026,295,GMADA,2026-01-14 00:00:00,,,SECSEG,20,1110113000,135744.0,"Electro Danunzio, presupuesto 29499 (Comisaria Comunal)",G,0,2026-01-14 09:08:21,110,25,000000,,,
2026,46,GMADA,2026-01-02 00:00:00,,,CAS,3,1110111000,1500000.0,PREVISION DE GAREN ORLANDO,G,0,2026-01-02 12:26:43,131,6,000000,,,
2025,4839,GMADA,2025-10-03 00:00:00,,,CULTUR,1,1110105000,1550000.0,AADI CAPIF A.C.R.        DIFERENCIA PEDIDO N° 135,N,0,2025-10-16 11:10:46,110,5,000000,,,
2026,58,GMADA,2026-01-02 00:00:00,,,GOBHAC,2,1110102000,2000000.0,PREVISION INMOBILARIA SAN CARLOS,G,0,2026-01-02 12:47:39,110,1,000000,,,
2026,49,GMADA,2026-01-02 00:00:00,,,INT,1,1110101000,3000000.0,PREVISION DE GUAMAFLO S.A,G,0,2026-01-02 12:32:31,110,1,000000,,,
2026,63,GMADA,2026-01-02 00:00:00,,,COC,5,1110104000,71838.6,ALPA- PRESUPUESTO N° 0002-00003834/3838 (COCINA),G,0,2026-01-02 13:39:39,131,2,000000,,,
2026,90,GMADA,2026-01-05 00:00:00,,,SALA I,5,1110104000,2032800.0,"PRESUPUESTO 17578, JG ELECTROMEDICINA SRL",G,0,2026-01-05 09:04:24,131,2,000000,,,
2026,62,GMADA,2026-01-02 00:00:00,,,COC,5,1110104000,342208.78,ALPA - PRESUPUESTO N° 0002-00003830 (COCINA),G,0,2026-01-02 13:31:54,131,2,000000,,,
2026,83,GMADA,2026-01-05 00:00:00,,,CAS,3,1110111000,64000.0,"RENOVACION POLIZA DE RADIO TRANSMISOR, POLIZA 3068314",G,0,2026-01-05 07:42:53,131,6,000000,,,
2026,81,GMADA,2026-01-05 00:00:00,,,JARD,7,1110106000,1200000.0,"RENOVACION AP DE PROG ENVION POLIZA 2108718, PCIA SEGUROS",G,0,2026-01-13 11:51:53,110,4,000000,,,
2026,102,GMADA,2026-01-05 00:00:00,,,CAS,3,1110111000,236800.0,"RENOVACION DE ABONO DE ALARMA, 1° CUATRIMESTRE, EXPTE 20/2025",G,0,2026-01-15 07:54:37,110,6,000000,,,
2026,98,GMADA,2026-01-05 00:00:00,,,GOBHAC,2,1110102000,473600.0,"RENOVACION ABONOS DE ALARMAS 1° CUATRIMESTRE,EXPTE 20/2025",G,0,2026-01-05 11:30:12,110,1,000000,,,
2026,100,GMADA,2026-01-05 00:00:00,,,CAP,5,1110104000,670000.0,"RENOVACION DE ABONO DE ALARMAS, 1° CUATRIMESTRE,EXPTE 20/2025",G,0,2026-01-05 12:00:58,131,33,000000,,,
2026,99,GMADA,2026-01-05 00:00:00,,,PLANRE,25,1110118000,236800.0,"RENOVACION DE ABONO DE ALARMAS,1° CUATRIMESTRE, EXPTE. 20/2025",G,0,2026-01-05 11:39:19,110,PLANT,000000,,,
2026,104,GMADA,2026-01-05 00:00:00,,,PROD,14,1110108000,196400.0,"RENOVACION DE ABONO DE ALARMA, 1° CUATRIMESTRE, EXPTE 20/2025",G,0,2026-01-05 12:30:20,110,8,000000,,,
2026,101,GMADA,2026-01-05 00:00:00,,,BA,6,1110105000,710400.0,"RENOVACION DE ABONO DE ALARMA, 1° CUATRIMESTRE, EXPTE 20/2025",G,0,2026-01-05 12:08:06,110,29,000000,,,
2026,127,GMADA,2026-01-06 00:00:00,,,GRAN,7,1110106000,1200000.0,"RENOVACION DE POLIZAS DE AP Y VIDA DE LA GRANJA, AP 13186083 Y VIDA 2212513",G,0,2026-01-06 10:06:23,110,GRAN,000000,,,
2026,103,GMADA,2026-01-05 00:00:00,,,ACCSOC,7,1110106000,866400.0," RENOVACION DE ABONO DE ALARMA, 1° CUATRIMESTRE, EXPTE 20/2025",G,0,2026-01-05 12:22:11,110,4,000000,,,
2026,105,GMADA,2026-01-05 00:00:00,,,18C,25,1110118000,236800.0," RENOVACION DE ABONO DE ALARMA, 1° CUATRIMESTRE, EXPTE 20/2025",G,0,2026-01-05 12:32:07,110,7,000000,,,
2026,118,GMADA,2026-01-06 00:00:00,,,ACCSOC,7,1110106000,1785000.0,"Presupuesto N° 6926951-Fruteria EL NEGRIN de Rost Tamara-Para Programa ""ESFUERZO SOLIDARIO""",G,0,2026-01-06 08:28:21,132,4,000000,,,
2026,153,GMADA,2026-01-07 00:00:00,,,000SU,25,1110118000,178110.0,"PROV.IVAN PERICO PRESUP.7915 REPUESTOS PARA VW LED013, COLECTIVO JZH266",G,0,2026-01-07 08:47:32,110,3,000000,,,
2026,142,GMADA,2026-01-07 00:00:00,,,DECI,25,1110118000,536000.0,PROV. LUIS LOMBARDIA PRESUP.0053 INSUMOS Y REPUESTOS PARA MAQUINAS CORTA PASTO,G,0,2026-01-07 07:48:41,110,DEFCI,000000,,,
2026,132,GMADA,2026-01-06 00:00:00,,,OPP,3,1110103000,1200000.0,"RENOVACION DE POLIZA INTEGRAL OF DE OBRAS PUBLICAS, POLIZA 1039548",G,0,2026-01-06 10:16:40,110,35,000000,,,
2026,143,GMADA,2026-01-07 00:00:00,,,DECI,25,1110118000,726500.0,"PROV. LUIS LOMBARDIA PRESUP.0146 REPUSTOS PARA MOTOGUADAÑA, MOTOSIERRAS",G,0,2026-01-07 08:06:51,110,DEFCI,000000,,,
2026,144,GMADA,2026-01-07 00:00:00,,,000SU,25,1110118000,133500.0,"PROV.DANIEL ZUBIARRAIN PRESUP.3035,3031 REPUSTOS PARA FLS723,INI856,KYV355",G,0,2026-01-07 08:14:37,110,3,000000,,,
2026,148,GMADA,2026-01-07 00:00:00,,,000SU,25,1110118000,190000.0,PROV.JOSE ANGEL FERNADEZ PRESUP.0071 REPARACION DE RADIADOR PARA FORD 14000 ASZ490,G,0,2026-01-07 08:29:42,110,3,000000,,,
2026,158,GMADA,2026-01-07 00:00:00,,,000SU,25,1110118000,379299.0,PROV. BERTRAND BELLEMUR PRESUP.07/01/2025 REPUESTOS PARA VW LED013,G,0,2026-01-07 09:16:43,110,3,000000,,,
2026,154,GMADA,2026-01-07 00:00:00,,,000SU,25,1110118000,96600.0,"PROV.IVAN PERICO PRESUP.7887 REPEUSTOS PARA FORD 14000 DMI 232,PALA SDLG936 CII58",G,0,2026-01-07 08:54:02,110,3,000000,,,
2026,160,GMADA,2026-01-07 00:00:00,,,DECI,25,1110118000,185000.0,PROV.IGUI PRESUP.4495 PARA FUENTE DEL BICENTENARIO,G,0,2026-01-07 09:27:07,110,DEFCI,000000,,,
2026,164,GMADA,2026-01-07 00:00:00,,,CAS,3,1110111000,180169.0,"PRESUPUESTO 29001070, TOMAS ELORRIAGA E HIJOS",G,0,2026-01-07 10:11:24,131,6,000000,,,
2026,159,GMADA,2026-01-07 00:00:00,,,DECI,25,1110118000,464000.0,PROV.VOLTIOS PRESUP.06012026 REFLECTORES PARA PARCHE ANCHORENA Y PASEO DEL BICENTENARIO,G,0,2026-01-07 09:20:58,110,DEFCI,000000,,,
2026,172,GMADA,2026-01-08 00:00:00,,,DEP,13,1110109000,4500000.0,"PREVISION DE SEGUROS DE AP Y RC, DE COMPETENCIAS DURANTE EL AÑO,IAM",G,0,2026-01-08 07:27:29,110,9,000000,,,
2026,162,GMADA,2026-01-07 00:00:00,,,CAS,3,1110111000,64520.0,"PRESUPUESTO 1156, SUC MARZULLO ABEL",G,0,2026-01-07 09:50:14,131,6,000000,,,
2026,180,GMADA,2026-01-08 00:00:00,,,DECI,25,1110118000,508355.19,"POLIZA 129857, PROVINCIA SEGUROS(33)",G,0,2026-01-08 08:11:46,110,PASEO,000000,,,
2026,170,GMADA,2026-01-07 00:00:00,,,PROD,14,1110108000,10900.0,"PRESUPUESTO 1001, TERRANOVA LUCAS",G,0,2026-01-07 12:17:13,110,8,000000,,,
2026,177,GMADA,2026-01-08 00:00:00,,,GOBHAC,2,1110102000,484704.48,"POLIZA 129855, PROVINCIA SEGUROS(33)",G,0,2026-01-08 07:55:11,110,1,000000,,,
2026,174,GMADA,2026-01-08 00:00:00,,,ASIV,7,1110106000,834302.92,"POLIZA 19669, IAM",G,0,2026-01-08 07:40:17,110,4,000000,,,
2026,178,GMADA,2026-01-08 00:00:00,,,DEP,13,1110109000,525687.42,"POLIZA 129856, PROVINCIA SEGUROS(33)",G,0,2026-01-08 08:05:15,110,9,000000,,,
2026,186,GMADA,2026-01-08 00:00:00,,,CAS,3,1110111000,2029892.68,"POLIZA 172703 DE SEGURO TECNICO RETRO, PCIA SEGUROS(33)",G,0,2026-01-08 09:01:33,131,6,000000,,,
2026,191,GMADA,2026-01-08 00:00:00,,,CASA,6,1110105000,4381980.0,"POLIZA SEGURO TECNICO INCCA, RIO URUGUAY SEGUROS (RUS) N° 15557",G,0,2026-01-08 10:34:46,110,CACUL,000000,,,
2026,181,GMADA,2026-01-08 00:00:00,,,PROD,14,1110108000,477746.0,"POLIZA 3374357,PROVINCIA SEGUROS(33)",G,0,2026-01-08 08:18:19,110,8,000000,,,
2026,188,GMADA,2026-01-08 00:00:00,,,000SU,25,1110118000,28002044.73,"POLIZA SEGURO TECNICO 172704, PCIA SEGUROS(33)",G,0,2026-01-08 09:15:56,110,3,000000,,,
2026,244,GMADA,2026-01-12 00:00:00,,,DELRU,2,1110102000,1064255.55,"RENOVACION POLIZA, PCIA SEGUROS(33), POLIZA 10946164",G,0,2026-01-12 10:12:00,110,24,000000,,,
2026,193,GMADA,2026-01-08 00:00:00,,,HOSP,5,1110104000,4923023.85,"RENOVACION POLIZA DE MALA PRAXIS1° TRIMESTRE,SMG(1489)",G,0,2026-01-08 12:26:23,131,2,000000,,,
2026,217,GMADA,2026-01-09 00:00:00,,,JARD,7,1110106000,222900.0,"PRESUPUESTO  de Labatut, Marcelo de ""LA FRUTERIA""",G,0,2026-01-09 10:41:09,132,JARDM,000000,,,
2026,241,GMADA,2026-01-12 00:00:00,,,OPP,3,1110103000,1004493.42,"RENOVACION DE POLIZA, PCIA SEGUROS POLIZA 10946164(33)",G,0,2026-01-12 10:02:00,110,35,000000,,,
2026,230,GMADA,2026-01-12 00:00:00,,,CAS,3,1110111000,6332135.0,"RENOVACION DE POLIZA AUTOMOTOR, POLIZA 10946172, PCIA SEGUROS(33)",G,0,2026-01-12 07:48:31,131,6,000000,,,
2026,239,GMADA,2026-01-12 00:00:00,,,DEP,13,1110109000,8404581.12,"RENOVACION POLIZA, PCIA SEGUROS POLIZA 10946164",G,0,2026-01-12 09:59:01,110,9,000000,,,
2026,243,GMADA,2026-01-12 00:00:00,,,ACCSOC,7,1110106000,3500363.22,"RENOVACION DE POLIZA, PCIA SEGUROS(33) POLIZA 10946164",G,0,2026-01-12 10:07:09,110,4,000000,,,
2026,242,GMADA,2026-01-12 00:00:00,,,FARM,5,1110104000,5999983.64,PILOÑA- PRESUPUESTO N° 1646758,G,0,2026-01-12 10:43:43,131,2,000000,,,
2026,249,GMADA,2026-01-12 00:00:00,,,BARU,25,1110118000,25160.31,"RENOVACION POLIZA, PCIA SEGUROS(33), POLIZA 10946164",G,0,2026-01-12 10:48:41,110,3,000000,,,
2026,245,GMADA,2026-01-12 00:00:00,,,INT,1,1110101000,3436775.39,"RENOVACION DE POLIZA, PCIA SEGUROS(33), POLIZA 10946164",G,0,2026-01-12 10:17:22,110,1,000000,,,
2026,246,GMADA,2026-01-12 00:00:00,,,CULTUR,6,1110105000,10621373.73,"RENOVACION POLIZA, PCIA SEGUROS(33), POLIZA 10946164",G,0,2026-01-12 10:33:51,110,5,000000,,,
2026,248,GMADA,2026-01-12 00:00:00,,,MEAM,25,1110118000,13738560.16,"RENOVACION POLIZA, PCIA SEGUROS(33), POLIZA 10946164",G,0,2026-01-12 10:45:16,110,21,000000,,,
2026,316,GMADA,2026-01-14 00:00:00,,,HOSP,5,1110104000,381369.5,JAVIER DURANTE. DISTRIBUIDORA DE ALIMENTOS. PRESUPUESTO Nº 0001-00000817.COCINA HOSPITAL.,G,0,2026-01-15 09:20:02,131,2,000000,,,
2026,375,GMADA,2026-01-16 00:00:00,,,CONTRA,19,1110112000,299500.0,"PRESUPUESTO 550, BONOMI IRMA CRISTINA",G,0,2026-01-16 11:32:34,110,CONTR,000000,,,
2026,317,GMADA,2026-01-15 00:00:00,,,JARD,7,1110106000,1800000.0,"RENOVACION AP DE JARDIN MATERNAL POLIZA 2108792, PCIA SEGUROS",G,0,2026-01-19 09:06:49,110,4,000000,,,
2026,346,GMADA,2026-01-15 00:00:00,,,DEP,13,1110109000,6487.0,"POLIZA AP N° 13246152, SANCOR SEGUROS",G,0,2026-01-15 12:25:31,110,9,000000,,,
2026,367,GMADA,2026-01-16 00:00:00,,,000A,24,1110117000,36000.0,"PRESUPUESTO 798, MARTIN FERNANDO HIJO",G,0,2026-01-16 11:04:04,110,ASLEG,000000,,,
2026,372,GMADA,2026-01-16 00:00:00,,,000A,24,1110117000,18400.02,"PRESUPUESTO 3841, MATIENZO PAOLA",G,0,2026-01-16 11:24:32,110,ASLEG,000000,,,
2026,400,GMADA,2026-01-19 00:00:00,,,HOSP,5,1110104000,53800.0,"BATERIAS LA PRIMERA S.H. PRESUPUESTOS Nº 6943,6966.AMBULANCIAS AA 775 QW, AE 619 QS.",G,0,2026-01-19 17:12:39,131,2,000000,,,
2026,373,GMADA,2026-01-16 00:00:00,,,INGPU,19,1110112000,34500.0,"PRESUPUESTO 3843, MATIENZO PAOLA",G,0,2026-01-16 11:29:36,110,INGPU,000000,,,
2026,399,GMADA,2026-01-19 00:00:00,,,HOSP,5,1110104000,74000.0,IMPRENTA EL ARGENTINO. IRMA CRISTINA BONOMI.PRESUPUESTO Nº551.HEMOTERAPIA.,G,0,2026-01-19 17:07:19,131,2,000000,,,
2026,377,GMADA,2026-01-16 00:00:00,,,BARU,25,1110118000,299500.0,"PRESUPUESTO  549, BONOMI IRMA CRISTINA",G,0,2026-01-16 11:35:35,110,3,000000,,,
2026,418,GMADA,2026-01-21 00:00:00,,,LAB,5,1110104000,1683160.0,EXPEDIENTE 178/26 CONTRATO ALQUILER SIGISMONDI JOSE DEL 01/01/26 AL 30/04/26,G,0,2026-01-21 09:21:29,131,2,000000,,,
2026,421,GMADA,2026-01-21 00:00:00,,,LAB,5,1110104000,2347208.0,EXPEDIENTE 180/26 CONTRATO ALQUILER SIGISMONDI JOSE DEL 01/01/26 AL 30/04/26,G,0,2026-01-21 09:27:23,131,2,000000,,,
2026,416,GMADA,2026-01-21 00:00:00,,,LAB,5,1110104000,2431228.0,EXPEDIENTE 177/26 CONTRATO ALQUILER SIGISMONDI JOSE DEL 01/01/26 AL 30/04/26,G,0,2026-01-21 09:16:29,131,2,000000,,,
2026,521,GMADA,2026-01-29 00:00:00,,,ACCSOC,7,1110106000,1460300.0,"PRESUPUESTO N° X 6926953 de Rost, Tamara de ""FRUTERIA NEGRIN"" Programa Dietas 2026",G,0,2026-01-29 12:26:46,132,4,000000,,,
2026,419,GMADA,2026-01-21 00:00:00,,,LAB,5,1110104000,1792260.0,EXPEDIENTE 179/26 CONTRATO ALQUILER SIGISMONDI JOSE DEL 01/01/26 AL 30/04/26,G,0,2026-01-21 09:24:37,131,2,000000,,,
2026,446,GMADA,2026-01-22 00:00:00,,,HOSP,5,1110104000,114000.0,BATERIAS LA PRIMERA SH. AMBULANCIA DOMINIO AB 039 OI.PRESUPUESTO Nº 0000006962.,G,0,2026-01-22 16:43:55,131,2,000000,,,
2026,520,GMADA,2026-01-29 00:00:00,,,ACCSOC,7,1110106000,2047500.0,"PRESUPUESTO N° X 6926952 de Rost, Tamara de ""FRUTERIA NEGRIN"" Plan Alimento  2026",G,0,2026-01-29 12:16:33,132,4,000000,,,
2026,529,GMADA,2026-01-30 00:00:00,,,PRESID,8,1110200000,312000.0,"PRESUPUESTO 000, GOMEZ MARCOS",G,0,2026-01-30 11:05:14,110,12,000000,,,
2026,523,GMADA,2026-01-30 00:00:00,,,CAS,3,1110111000,654701.0,"PRESUPUESTO 603, GARCIA FEDERICO",G,0,2026-01-30 07:34:58,131,6,000000,,,
2026,565,GMADA,2026-02-04 00:00:00,,,000SU,25,1110118000,8000000.0,PROV. ATREUCO PUEL COMBUSTIBLES PARA MAQUINAS CORTA PASTO Y CAMION VW 17260 AF947IJ,G,0,2026-02-04 07:14:45,132,3,000000,,,
2026,531,GMADA,2026-01-30 00:00:00,,,SALA I,5,1110104000,2653320.0,EXPEDIENTE 262/26 CONTRATO BIONICS INGENIERIA S.AS DEL 01/01/26 AL 30/06/26  CHIPS MONITOREO,G,0,2026-01-30 11:45:13,131,2,000000,,,
2026,530,GMADA,2026-01-30 00:00:00,,,PRESID,8,1110200000,1650000.0,"PRESUPUESTO 000, TORRES GUSTAVO RODOLFO",G,0,2026-01-30 11:08:16,110,12,000000,,,
2026,532,GMADA,2026-01-30 00:00:00,,,DEP,13,1110109000,150000.0,"PRESUPUESTO 000, DURANTE JAVIER",G,0,2026-01-30 11:40:59,132,9,000000,,,
2026,533,GMADA,2026-01-30 00:00:00,,,SALA I,5,1110104000,4398981.0,EXPEDIENTE 154/2026 CONTRATO BIONUCLEAR DEL 01/01/2026 AL 31/03/2026 SERVICIO MANTENIMIENTO TOMOGRAFO,G,0,2026-01-30 11:58:16,131,2,000000,,,
2026,544,GMADA,2026-02-02 00:00:00,,,CAS,3,1110111000,364000.0,"PRESUPUESTO 6986, RAMOS-ISIDRO",G,0,2026-02-02 07:28:00,131,6,000000,,,
2026,563,GMADA,2026-02-04 00:00:00,,,000SU,25,1110118000,9756000.0,PROV. CASA ELICEIRY GAS OIL PARA FLOTA VEHICULAR DE ESTA SECRETARIA,G,0,2026-02-04 07:02:42,132,3,000000,,,
2026,702,GMADA,2026-02-12 00:00:00,,,CAS,3,1110111000,4000000.0,"PREVISION, FURNO VANESA SOLEDAD",G,0,2026-02-12 11:07:17,131,6,000000,,,
2026,564,GMADA,2026-02-04 00:00:00,,,BARU,25,1110118000,2926800.0,PROV. CASA ELICEIRY GASOIL PARA MAQUINAS DE PREDIOS DISPOSICION FINAL DE RESIDUOS RUTA 11 KM 405.5,G,0,2026-02-04 07:07:54,132,,000000,,,
2026,636,GMADA,2026-02-11 00:00:00,,,CAS,3,1110111000,815489.79,"PRESUPUESTO 0001-00007390, ZMG ARGENTINA",G,0,2026-02-11 07:20:15,131,6,000000,,,
2026,566,GMADA,2026-02-04 00:00:00,,,000SU,25,1110118000,65000.0,PROV. DUENDE AZUL PRESUP.2641 COMISION A LA PLATA POR REPUESTOS,G,0,2026-02-04 07:19:12,110,3,000000,,,
2026,570,GMADA,2026-02-04 00:00:00,,,HOSP,5,1110104000,1751500.0,PRESUPUESTO 803 MARTIN FERNANDO,G,0,2026-02-04 11:44:37,131,2,000000,,,
2026,669,GMADA,2026-02-11 00:00:00,,,INT,1,1110101000,8000.0,"PRESUPUESTO 4014, PASO AGUSTIN",G,0,2026-02-11 10:43:55,110,1,000000,,,
2026,639,GMADA,2026-02-11 00:00:00,,,HOSP,5,1110104000,500000.0,"PREVISION, ANDRES PONSA S.A",G,0,2026-02-11 07:37:43,131,2,000000,,,
2026,762,GMADA,2026-02-20 00:00:00,,,CONTAD,19,1110112000,220000.0,hosting alojamiento de portal de proveedores,N,0,2026-02-20 09:04:17,110,,,,,
2026,761,GMADA,2026-02-20 00:00:00,,,CONTAD,19,1110112000,3630000.0,desarrollo de software portal de proveedores,G,0,2026-02-20 08:28:40,110,27,000300,,,
2026,779,GMADA,2026-02-23 00:00:00,,,SECSEG,20,1110113000,595000.0,"Miguel Lopez, presupuesto (COM)",G,0,2026-02-23 11:09:54,110,25,000000,,,
2026,790,GMADA,2026-02-24 00:00:00,,,HOGANC,5,1110104000,1780668.0,MADA POY - PRESUPUESTO 1-965 SEMANA DEL 16/01/26 AL 22/01/26,G,0,2026-02-24 11:27:38,131,H.ANC,000000,,,
2026,789,GMADA,2026-02-24 00:00:00,,,COC,5,1110104000,115200.0,PROVEDURIA LA ILUSION - PRESUPUESTO N° 21424 (COCINA HOSPITAL),N,0,2026-02-24 08:22:08,131,2,000000,,,
2026,792,GMADA,2026-02-24 00:00:00,,,COC,5,1110104000,1035799.0,MADA POY - PRESUPUESTO N° 1-978 SEMANA DEL 02/02/26 AL 09/02/26,G,0,2026-02-24 11:30:32,131,2,000000,,,
2026,795,GMADA,2026-02-24 00:00:00,,,CAPSN,5,1110104000,287777.01,PINAMAR HIGIENE INSTITUCIONAL - PRESUPUESTO N° 16-2451,G,0,2026-02-24 11:10:23,131,2,000000,,,
2026,791,GMADA,2026-02-24 00:00:00,,,COC,5,1110104000,1310844.0,MADA POY - PRESUPUESTO N° 1-966 SEMANA DEL 23/01/26 AL 30/01/2026,G,0,2026-02-24 11:13:22,131,2,000000,,,
2026,798,GMADA,2026-02-24 00:00:00,,,CONEX,5,1110104000,191750.12,PINAMAR HIGIENE INSTITUCIONAL - PRESUPUESTO N° 16-2480,G,0,2026-02-24 11:09:14,131,2,000000,,,
2026,793,GMADA,2026-02-24 00:00:00,,,HOGANC,5,1110104000,185293.58,JUAN MARTIN CORREA LORENTE - PRESUPUESTO N° 1-73,G,0,2026-02-24 11:12:10,131,H.ANC,000000,,,
2026,800,GMADA,2026-02-24 00:00:00,,,INTER,5,1110104000,203339.51,PINAMAR HIGIENE INSTITUCIONAL - PRESUPUESTO N° 16-2497 (HOSPITAL),G,0,2026-02-24 11:05:31,131,2,000000,,,
2026,796,GMADA,2026-02-24 00:00:00,,,LAV,5,1110104000,497777.59,PINAMAR HIGIENE INSTITUCIONAL - PRESUPUESTO N° 16-2455,G,0,2026-02-24 11:09:38,131,2,000000,,,
2026,812,GMADA,2026-02-24 00:00:00,,,DEP,13,1110109000,340000.0,PRESUPUESTO TISERA SANITARIOS PORTATILES,G,0,2026-03-09 07:28:00,110,9,000000,,,
2026,799,GMADA,2026-02-24 00:00:00,,,LAV,5,1110104000,244535.63,PINAMAR HIGIENE INSTITUCIONAL - PRESUPUESTO N° 16-2481,G,0,2026-02-24 11:08:45,131,2,000000,,,
2026,808,GMADA,2026-02-24 00:00:00,,,DEP,13,1110109000,500000.0,PREVISION SIN N° - LAGOS - HIDRATACION EN EVENTOS DEPORTIVOS PRIMER SEMESTRE,G,0,2026-02-24 12:06:19,110,9,000000,,,
2026,822,GMADA,2026-02-25 00:00:00,,,SECSEG,20,1110113000,600000.0,"Ricciuto, presupuesto 0022 (AB038FH)",G,0,2026-02-25 10:09:10,110,25,000000,,,
2026,810,GMADA,2026-02-24 00:00:00,,,DEP,13,1110109000,166500.0,PRESUPUESTO N° 1864 - HISPANOGRAF - SEÑALETICA RALLY 2026,G,0,2026-02-24 12:21:57,110,9,000000,,,
2026,819,GMADA,2026-02-25 00:00:00,,,PROD,14,1110108000,120000.0,PROV.HOTEL SAN CARLOS - PRES. N°25/02/2026- SEC. PRODUCCION,G,0,2026-02-25 09:17:25,110,8,000000,,,
2026,821,GMADA,2026-02-25 00:00:00,,,SECSEG,20,1110113000,45749.7,"Papelera Alpa, presupuesto 3874 (inspeccion)",G,0,2026-02-25 10:00:41,110,25,000000,,,
2026,825,GMADA,2026-02-25 00:00:00,,,CONTRA,19,1110112000,25000.0,"PRESUPUESTO 046, LOMBERA CARLOS",G,0,2026-02-25 10:27:44,110,CONTR,000000,,,
2025,3518,GMADA,2025-06-28 00:00:00,,,BROM,11,1110104000,125000.0,MOTOMAQUINARIAS LUIS - PRESUPUESTO N° 134 (EL REFUGIO- BROMATOLOGIA),G,0,2025-06-28 09:40:21,110,13,000000,,,
2025,3590,GMADA,2025-07-02 00:00:00,,,000SU,25,1110118000,1198189.88,PROV.PROCAM GUSTABO ARIEL ITURRARTE PRESUP.11296 REPUSTO PARA FORD 14000 DMI232,N,0,2025-08-20 11:58:01,110,3,000000,,,
2025,3525,GMADA,2025-06-30 00:00:00,,,LAB,5,1110104000,1521418.01,UNO ELECTROMEDICINA- PRESUPUESTO Nº 00003-00012039,N,0,2025-06-30 08:33:34,131,2,000000,,,
2025,3526,GMADA,2025-06-30 00:00:00,,,LAB,5,1110104000,2713939.0,UNO ELECTROMEDICINA- PRESUPUESTO N° 00003-00013017 LABORATORIO DE ANALISIS CLINICOS,G,0,2025-06-30 09:53:56,131,2,000000,,,
2025,3588,GMADA,2025-07-02 00:00:00,,,000SU,25,1110118000,88689.14,PROV.DE LAS MISIONES PRESUP.203 TABLAS DE MADERA PARA FABRICACION DE BANCOS PARA ESPACIOS PUBLICOS,G,0,2025-07-02 07:59:36,110,3,000000,,,
2025,3527,GMADA,2025-06-30 00:00:00,,,ELEC,5,1110104000,440124.0,DGM OFFICE SUPPLIES- PRESUPUESTO N° 10597 (INFORMATICA),G,0,2025-06-30 10:39:29,131,2,000000,,,
2025,3592,GMADA,2025-07-02 00:00:00,,,BARU,25,1110118000,3500000.0,PROV. FGC FUELS MARKET  GAS OIL PARA MAQUINAS DE PREDIOS DISPOSICION FINAL DE RESIDUOS RUTA 11 KM 405.5,G,0,2025-07-02 08:13:53,131,,000000,,,
2025,3752,GMADA,2025-07-11 00:00:00,,,HOSP,5,1110104000,216520.0,"IVANPER REPUESTOS - PRESUPUESTO N° 6703 (CHOFERES, AMBULANCIA N°7 Y N°8)",G,0,2025-07-11 14:26:59,131,2,000000,,,
2025,3591,GMADA,2025-07-02 00:00:00,,,000SU,25,1110118000,6500000.0,PROV. ATREUCO PUEL COMBUSTIBLES PARA MAQUINAS Y CAMIONES,G,0,2025-07-02 08:09:50,131,3,000000,,,
2025,3600,GMADA,2025-07-02 00:00:00,,,000SU,25,1110118000,1678000.0,"PROV. BAIGORRIA LORENZO PRESUP.02/07/2025 PARCHES Y REPARACIONES PARA  MAQUINAS Y VEHICULOS AWZ675,XNE245,DMI232,BNA17,BGZ37,LED010,CII58,AF947IJ",G,0,2025-07-02 09:12:04,110,3,000000,,,
2025,3604,GMADA,2025-07-02 00:00:00,,,000SU,25,1110118000,300000.0,PROV.ALBANDOTS MARIA PRESUP.31792 CORTE DE DURMIENTES PARA ESTACIONAMIENTO  CALLE VENEZUELA Y CALLE ALEM,G,0,2025-07-02 09:36:28,110,3,000000,,,
2025,3636,GMADA,2025-07-04 00:00:00,,,CAS,3,1110111000,97800.0,Corresponde presupuesto n° 0000632/00006756-IVANPER,G,0,2025-07-04 07:41:32,131,6,000000,,,
2025,3747,GMADA,2025-07-11 00:00:00,,,HOSP,5,1110104000,826500.0,ALTA MORENA- PRESUPUESTO N° 43 ( HOSPITAL Y HOGAR DE ANCIANOS),G,0,2025-07-11 13:19:01,131,2,000000,,,
2025,3748,GMADA,2025-07-11 00:00:00,,,COC,5,1110104000,66000.0,FAE- PRESUPUESTO N° 4921531 (COCINA),G,0,2025-07-11 13:24:23,131,2,000000,,,
2025,3754,GMADA,2025-07-11 00:00:00,,,HOSP,5,1110104000,63600.0,IVANPER REPUESTOS - PRESUPUESTO N° 6825 Y 6989 (CHOFERES Y AMBULANCIA N°9),G,0,2025-07-11 14:34:54,131,2,000000,,,
2025,3756,GMADA,2025-07-11 00:00:00,,,FARM,5,1110104000,2298880.18,DROGUERIA ALBERDI - PRESUPUESTO S/N FECHA 8/7/25 (FARMACIA HOSPITAL),G,0,2025-07-11 14:58:38,131,2,000000,,,
2025,3753,GMADA,2025-07-11 00:00:00,,,HOSP,5,1110104000,190200.0,"IVANPER REPUESTOS - PRESUPUESTO N° 6850 (CHOFERES, MOVILES 7, 8 Y 9)",G,0,2025-07-11 14:32:17,131,2,000000,,,
2025,4018,GMADA,2025-07-31 00:00:00,,,000SU,25,1110118000,333980.0,PROV.CAROLINA NOWE PRESUP.0585 REPUESOS PARA VW17280 AF947IJ,G,0,2025-07-31 07:29:48,110,3,000000,,,
2025,3755,GMADA,2025-07-11 00:00:00,,,HOSP,5,1110104000,833658.95,"ELECTRO DANNUNZIO - PRESUPUESTO N° 28591 Y 28601 (MATERNIDAD, CONSULTORIO EXTERNOS, PEDIATRIA, PSICOLOGIA, DISCAPACIDAD HOSPITAL Y CAPS SAN MARTIN)",G,0,2025-07-11 14:48:52,131,2,000000,,,
2025,3828,GMADA,2025-07-17 00:00:00,,,PROD,14,1110108000,31290.0,PROV. HISPANOGRAF- Piedra Hugo . PRESU. N°1802- SEC. PRODUCCION- TALLER TEXTIL,G,0,2025-07-17 08:22:38,110,8,000000,,,
2025,3774,GMADA,2025-07-14 00:00:00,,,CASA,1,1110105000,42000.0,HISPANOGRAF     PRESUPUESTO N° 1799,G,0,2025-07-14 11:25:55,110,CACUL,000000,,,
2025,3916,GMADA,2025-07-23 00:00:00,,,000SU,25,1110118000,358900.0,"PROV.CAROLINA NOWE PRESUP.0577 REPUESTOS PARA FORD 14000 SOG742,DMI232, SVN719",G,0,2025-07-23 07:35:39,110,3,000000,,,
2025,3961,GMADA,2025-07-28 00:00:00,,,GOB,2,1110102000,130185.23,Corresponde presupuesto n° 0002-00003720/00003731/00003726-  MATIENZO PAOLA,G,0,2025-07-28 07:34:19,110,SECGO,000000,,,
2025,3917,GMADA,2025-07-23 00:00:00,,,000SU,25,1110118000,909660.0,"PROV.CAROLINA NOWE PRESUP.0578 REPUESTOS PARA VW 17220 LED010, MERCEDES BENZ 1114 XNE, IVECO PJY987 , NEW HOLLAND CII59",G,0,2025-07-23 07:58:59,110,3,000000,,,
2025,4017,GMADA,2025-07-31 00:00:00,,,DECI,25,1110118000,239600.0,PROV.DANIEL ZUBIARRAIN PRESUP.3020 REPUESTO PARA FORD F100 SNG651,G,0,2025-07-31 07:16:45,110,DEFCI,000000,,,
2025,3965,GMADA,2025-07-28 00:00:00,,,CAS,3,1110111000,130630.0,"Iriarte Raúl Alberto,presupuesto 14873.",G,0,2025-08-04 12:51:39,131,6,000000,,,
2025,4020,GMADA,2025-07-31 00:00:00,,,000SU,25,1110118000,2204804.73,"PROV. MERCEDES LA PLATA PRES.179898 REPUESTOS PARA FORD 14000 DMI232, MERCECED LAN557,JZH266, MERCEDES BENZ 1114 XNE244,",G,0,2025-07-31 08:08:02,110,3,000000,,,
2025,4075,GMADA,2025-08-05 00:00:00,,,OPP,3,1110103000,2020000.0,Exp.:229/23 Sol. Regularizar Situacion - Qta.81 Parc.20 - Prov.:Blanco Juan Manuel - Contrato,G,0,2025-08-05 08:45:42,110,35,000000,,,
2025,4019,GMADA,2025-07-31 00:00:00,,,DECI,25,1110118000,146000.0,PROV.BATERIA EL PELA PRES4702 BATERIA PARA TRACTOR HUSQVARNA,G,0,2025-07-31 07:35:08,110,DEFCI,000000,,,
2025,4024,GMADA,2025-07-31 00:00:00,,,DECI,25,1110118000,261800.0,"PROV.NICOLAS ETCHEVERRIGARAY PRESP.31/07/2025 REPARACION DE MAQUINAS CORTA PASTO MOTOSIERRA ,MOTOGUADAÑA",G,0,2025-07-31 08:35:45,110,DEFCI,000000,,,
2025,4054,GMADA,2025-08-04 00:00:00,,,OPP,3,1110103000,2020000.0,Exp.:229/23 Sol. Regularizar Situacion - Qta.103 Parc.10c - Prov.:Blanco Juan Manuel - Contrato,G,0,2025-08-04 11:40:29,110,35,000000,,,
2025,4074,GMADA,2025-08-05 00:00:00,,,OPP,3,1110103000,2020000.0,Exp.:229/23 Sol. Regularizar Situacion - Qta.81 Parc.20 - Prov.:Blanco Juan Manuel - Contrato,G,0,2025-08-05 08:45:14,110,35,000000,,,
2025,4096,GMADA,2025-08-06 00:00:00,,,000SU,25,1110118000,155400.0,PROV.RAUL IRIARTE PRESP.15256 ARTICULOS DE FERRETERIA PARA COLOCACION DE CARTELES DE CALLE Y REPARACIONE EN GENERAL,G,0,2025-08-06 07:47:51,110,3,000000,,,
2025,4153,GMADA,2025-08-08 00:00:00,,,000SU,25,1110118000,703894.75,"PROV.SOLUCIONES DE MOVILIDAD  PRESUP.08/08/2025 REPUESTOS PARA FOTON AF701CV,AF691SL, AF591SM",G,0,2025-08-08 08:47:18,110,3,000000,,,
2025,4093,GMADA,2025-08-06 00:00:00,,,000SU,25,1110118000,45400.0,PROV.RAUL IRIARTE PRESUP.14884 PARA ARREGLO DE VEHICULOS EN TALLER DEL CORRALON,G,0,2025-08-06 07:28:36,110,3,000000,,,
2025,4100,GMADA,2025-08-06 00:00:00,,,000SU,25,1110118000,94600.0,PROV. RAUL IRIARTE PRESUP.14874 PARA REPARACIONES EN TALLER CORRALON MUNICIPAL,G,0,2025-08-06 08:10:11,110,3,000000,,,
2025,4150,GMADA,2025-08-08 00:00:00,,,000SU,25,1110118000,114650.0,"PROV.IVAN PERICO PRESUP.7004 REPUESTOS PARA FORD 14000 ASZ490,MEREDES BENZ 1114 TGL092, IVECO IOO617, MINICARGADORA MUSTANG BLZ66",G,0,2025-08-08 07:56:51,110,3,000000,,,
2025,4152,GMADA,2025-08-08 00:00:00,,,000SU,25,1110118000,42000.0,PROV. IVAN PERICO PRESUP.7125 PARA TRACTOR JONH DEERE BNA17,G,0,2025-08-08 08:22:18,110,3,000000,,,
2025,4236,GMADA,2025-08-13 00:00:00,,,LAB,5,1110104000,2673238.7,UNO ELECTROMEDICINA- PRESUPUESTO N° 00003-00013382 (LABORATORIO),G,0,2025-08-13 13:39:45,131,2,000000,,,
2025,4156,GMADA,2025-08-08 00:00:00,,,000SU,25,1110118000,1116416.0,PROV. PROTO SRL PRESUP.2475 CUCHILLAS PARA MOTONIVELADORA NEW HOLLAND CII58 Y VOLVO G710,G,0,2025-08-08 08:53:16,110,3,000000,,,
2025,4235,GMADA,2025-08-13 00:00:00,,,HOGANC,5,1110104000,27200.0,SANTA PAULA- PRESUPUESTO N° 0003-00004697 (HOGAR DE ANCIANOS),G,0,2025-08-13 13:07:50,131,2,000000,,,
2025,4281,GMADA,2025-08-19 00:00:00,,,SECSEG,20,1110113000,611270.0,"Rodamientos Tuyu, presupuesto 3022 (OIG911-NUF386-AD283EL)",G,0,2025-08-19 08:47:03,110,25,000000,,,
2025,4237,GMADA,2025-08-13 00:00:00,,,HOSP,5,1110104000,215673.05,PINAMAR HIGIENE INSTITUCIONAL SRL- PRESUPUESTO N° 0016-00001927/1928 (HOSPITAL Y HOGAR DE ANCIANOS),G,0,2025-08-14 09:10:23,131,2,000000,,,
2025,4279,GMADA,2025-08-19 00:00:00,,,HOSP,5,1110104000,5298200.0,"""LA FRUTERIA"" LABATUT MARCELO.Presupuesto Hogar de Ancianos y Cocina Hospital.",G,0,2025-08-19 07:47:47,131,2,000000,,,
2026,250,GMADA,2026-01-12 00:00:00,,,DECI,25,1110118000,473536.94,"RENOVACION POLIZA, PCIA SEGUROS(33), POLIZA 10946164",G,0,2026-01-12 10:51:49,110,DEFCI,000000,,,
2026,257,GMADA,2026-01-12 00:00:00,,,SECSEG,20,1110113000,13104289.05,"RENOVACION POLIZA, PCIA SEGUROS(33), POLIZA 10946164",G,0,2026-01-12 11:06:45,110,25,000000,,,
2026,252,GMADA,2026-01-12 00:00:00,,,PROD,14,1110108000,1394646.97,"RENOVACION POLIZA, PCIA SEGUROS(33), POLIZA 10946164",G,0,2026-01-12 10:54:26,110,8,000000,,,
2026,263,GMADA,2026-01-12 00:00:00,,,00B,25,1110118000,14974886.89,"RENOVACION SEGUROS, PCIA SEGUROS(33), POLIZA 10964164",G,0,2026-01-12 11:35:09,110,RESID,000000,,,
2026,255,GMADA,2026-01-12 00:00:00,,,HOSP,5,1110104000,44517.6,FARMACIA GIORGI- PRESUPUESTO S/N° MEDICAMENTOS DISPENSADOS 23/12/25 Y 24/12/25,G,0,2026-01-12 10:58:47,131,2,000000,,,
2026,260,GMADA,2026-01-12 00:00:00,,,HOGANC,5,1110104000,59500.0,PEREZ JORGE - PRESUPUESTO N° 282183 (HOGAR DE ANCIANOS) DESDE 1/12/25 AL 8/12/25,G,0,2026-01-12 11:17:16,131,2,000000,,,
2026,258,GMADA,2026-01-12 00:00:00,,,HOGANC,5,1110104000,52000.0,SANTA PAULA- PRESUPUESTO N° 0002-00003347  (HOGAR DE ANCIANOS) DESDE EL 29/12/25 AL 4/01/26,G,0,2026-01-12 11:07:48,131,2,000000,,,
2026,267,GMADA,2026-01-12 00:00:00,,,000SU,25,1110118000,13799206.99,"RENOVACION POLIZA, PCIA SEGUROS(33), POLIZA 10946164",G,0,2026-01-12 12:05:49,110,3,000000,,,
2026,261,GMADA,2026-01-12 00:00:00,,,HOSP,5,1110104000,25861604.6,"RENOVACION POLIZA, PCIA SEGUROS(33), POLIZA 10946164",G,0,2026-01-12 11:17:22,110,2,000000,,,
2026,285,GMADA,2026-01-14 00:00:00,,,HOSP,5,1110104000,318241.0,"RENOVACION POLIZA, PCIA SEGUROS(33), POLIZA 3374538",G,0,2026-01-14 08:12:40,131,DMACE,000000,,,
2026,265,GMADA,2026-01-12 00:00:00,,,00B,25,1110118000,5856236.44,"RENOVACION POLIZA, PCIA SEGUROS(33) POLIZA 10964164",G,0,2026-01-12 11:50:02,110,3,000000,,,
2026,283,GMADA,2026-01-14 00:00:00,,,SECSEG,20,1110113000,783604.0,"RENOVACION POLIZA, PCIA SEGUROS(33), POLIZA 96993",G,0,2026-01-14 07:56:48,110,25,000000,,,
2026,268,GMADA,2026-01-12 00:00:00,,,CAPSN,5,1110104000,1953034.0,"RENOVACION DE POLIZA, PCIA SEGUROS (33), POLIZA 3374535",G,0,2026-01-12 12:47:36,131,2,000000,,,
2026,287,GMADA,2026-01-14 00:00:00,,,AREAJ,2,1110102000,3210307.0,"RENOVACION POLIZA, PCIA SEGUROS(33), POLIZAS 3374697/3374629",G,0,2026-01-19 09:09:01,110,23,000000,,,
2026,284,GMADA,2026-01-14 00:00:00,,,HOSP,5,1110104000,3352728.0,"RENOVACION POLIZA, PCIA SEGUROS(33), POLIZA 3374536",G,0,2026-01-14 08:03:26,131,2,000000,,,
2026,291,GMADA,2026-01-14 00:00:00,,,BA,6,1110105000,566687.0,"RENOVACION POLIZA, PCIA SEGUROS(33), POLIZA 3374634",G,0,2026-01-14 08:47:33,110,29,000000,,,
2026,286,GMADA,2026-01-14 00:00:00,,,JARD,7,1110106000,837666.0,"RENOVACION POLIZA, PCIA SEGUROS(33), POLIZA 3374583",G,0,2026-01-14 08:22:20,110,JARDM,000000,,,
2026,300,GMADA,2026-01-14 00:00:00,,,SECSEG,20,1110113000,1290174.0,"RENOVACION POLIZA, PCIA SEGUROS(33) POLIZA 3374638",G,0,2026-01-14 09:38:25,110,25,000000,,,
2026,288,GMADA,2026-01-14 00:00:00,,,ENV,7,1110106000,1131077.0,"RENOVACION POLIZA, PCIA SEGUROS(33),POLIZA 3374633",G,0,2026-01-14 08:39:44,110,4,000000,,,
2026,304,GMADA,2026-01-14 00:00:00,,,TURIS,6,1110105000,588764.0,"RENOVACION POLIZA, PCIA SEGUROS(33), POLIZA 3374734",G,0,2026-01-14 09:56:38,110,14,000000,,,
2026,297,GMADA,2026-01-14 00:00:00,,,SABEL,5,1110104000,831252.0,"RENOVACION POLIZA, PCIA SEGUROS(33), POLIZA 3374635",G,0,2026-01-14 09:25:58,131,32,000000,,,
2026,307,GMADA,2026-01-14 00:00:00,,,HPI,7,1110106000,367866.0,"RENOVACION POLIZA, PCIA SEGUROS(339, POLIZA 3374898",G,0,2026-01-14 10:19:00,110,4,000000,,,
2026,302,GMADA,2026-01-14 00:00:00,,,TURIS,6,1110105000,335917.0,"RENOVACION POLIZA, PCIA SEGUROS(33), POLIZA 3374698",G,0,2026-01-14 09:50:49,110,14,000000,,,
2026,310,GMADA,2026-01-14 00:00:00,,,CICQ,5,1110104000,493506.0,"RENOVACION POLIZA, PCIA SEGUROS, POLIZA 3374901",G,0,2026-01-14 12:18:12,131,CICQ,000000,,,
2026,306,GMADA,2026-01-14 00:00:00,,,CASA,6,1110105000,552679.0,"RENOVACION POLIZA, PCIA, SEGUROS(33), POLIZA 3374737",G,0,2026-01-14 10:09:45,110,CACUL,000000,,,
2026,309,GMADA,2026-01-14 00:00:00,,,SASM,5,1110104000,502262.0,"RENOVACION POLIZA, PCIA SEGUROS(33), POLIZA 3374899",G,0,2026-01-14 12:18:06,131,33,000000,,,
2026,312,GMADA,2026-01-14 00:00:00,,,GOBHAC,2,1110102000,1330489.0,"RENOVACION POLIZA, PCIA SEGUROS(33),POLIZA 3374905",G,0,2026-01-14 10:47:10,110,1,000000,,,
2026,384,GMADA,2026-01-16 00:00:00,,,HOSP,5,1110104000,54491.56,PAPELERA ALPA. PAOLA AMELIA MATIENZO. PRESUPUESTO Nº 0002-00003851.HEMOTERAPIA.,G,0,2026-01-16 17:47:26,131,2,000000,,,
2026,311,GMADA,2026-01-14 00:00:00,,,MUSH,6,1110105000,290490.0,"RENOVACION POLIZA, PCIA SEGUROS(33), POLIZA 3374903",G,0,2026-01-14 10:41:42,110,MUSH,000000,,,
2026,383,GMADA,2026-01-16 00:00:00,,,BROM,11,1110104000,31952.94,"PAPELERA ALPA, PAOLA AMELIA MATIENZO. PRESUPUESTO Nº 0002-3844.",G,0,2026-01-16 16:08:36,110,13,000000,,,
2026,495,GMADA,2026-01-28 00:00:00,,,LAB,5,1110104000,1061609.34,UNO ELECTROMEDICINA- PRESUPUESTO N° 00003-00014844/14864 (LABORATORIO DE IMAGENES),G,0,2026-01-28 09:22:14,131,2,000000,,,
2026,484,GMADA,2026-01-26 00:00:00,,,HOSP,5,1110104000,17920.0,ALPA PAPELERA. PAOLA AMELIA MATIENZO.PRESUPUESTO Nº 0002-00003857.RECURSOS HUMANOS HOSPITAL.,G,0,2026-01-26 15:12:05,131,2,000000,,,
2026,499,GMADA,2026-01-28 00:00:00,,,HOGANC,5,1110104000,28000.0,SANTA PAULA- PRESUPUESTO N° 0001-00002167 DESDE EL 14/01 al 21/01/26,G,0,2026-01-28 09:43:23,131,2,000000,,,
2026,503,GMADA,2026-01-28 00:00:00,,,HOSP,5,1110104000,648346.56,PINAMAR HIGIENE INSTITUCIONAL- PRESPUESTO N° 0016-00002325/2326/2327 (LAVADERO-COCINA- OFFICE DE MUCAMAS),G,0,2026-01-28 11:55:29,131,2,000000,,,
2026,497,GMADA,2026-01-28 00:00:00,,,HOSP,5,1110104000,170000.0,OPAZO DANIEL- PRESUPUESTO N° 20/01/2026 (INTERNACION-PLANTA DE OXIGENO),G,0,2026-01-28 09:36:58,131,2,000000,,,
2026,537,GMADA,2026-01-30 00:00:00,,,TOMO,5,1110104000,140000.0,REFRIGERACION ADIS- PRESUPUESTO N° 117,G,0,2026-01-30 13:04:28,131,2,000000,,,
2026,501,GMADA,2026-01-28 00:00:00,,,HOSP,5,1110104000,117416.24,ALPA- PRESUPUESTO N° 3861/3856 (COCINA- INTERNACION- ADMINISTRACION),G,0,2026-01-28 11:40:58,131,2,000000,,,
2026,535,GMADA,2026-01-30 00:00:00,,,HOSP,5,1110104000,328102.69,PINAMAR HIGIENE INSTITUCIONAL SRL- PRESUPUESTO N° 0016-00002341/2342/2365 (COCINA- OFFICE MUCAMAS),G,0,2026-01-30 12:53:39,131,2,000000,,,
2026,536,GMADA,2026-01-30 00:00:00,,,PO,5,1110104000,50000.0,OPAZO DANIEL- PRESUPUESTO N° 30/01/2026,G,0,2026-01-30 12:59:13,131,2,000000,,,
2026,705,GMADA,2026-02-12 00:00:00,,,QUI,5,1110104000,37000.0,IMPRENTA EL ARGENTINO - PRESUPUESTO N° 555,G,0,2026-02-12 12:53:27,131,2,000000,,,
2026,549,GMADA,2026-02-02 00:00:00,,,DECI,25,1110118000,750000.0,"PREVISION, GONZALEZ MARIA TERESA",G,0,2026-02-02 12:13:49,110,DEFCI,000000,,,
2026,572,GMADA,2026-02-04 00:00:00,,,COMPR,19,1110112000,296235.93,CORRESPONDE PRESUPUESTO N° 0002-00003858/0002-00003859/0002-00003863/00003868/0002-00003865 - MATIENZO PAOLA A.,G,0,2026-02-04 12:42:35,110,26,000000,,,
2026,640,GMADA,2026-02-11 00:00:00,,,CAS,3,1110111000,1109600.0,Corresponde presupuesto N° 0001-00004043/000004038/00004029/00004021/00004018/00004015/00004046/00004049/00004053/00004045 PASO AGUSTIN,G,0,2026-02-20 10:32:33,131,6,000000,,,
2026,573,GMADA,2026-02-04 00:00:00,,,DESP,2,1110102000,29483.0,CORRESPONDE PRESUPUESTO N ° 00030122 - SUC DANNUNZIO,G,0,2026-02-04 12:49:58,110,DESPA,000000,,,
2026,675,GMADA,2026-02-11 00:00:00,,,JARD,7,1110106000,263500.0,"PRESUPUESTO de Labatut, Marcelo de ""LA FRUTERIA"" enero 2026",G,0,2026-02-11 11:35:43,132,JARDM,000000,,,
2026,707,GMADA,2026-02-12 00:00:00,,,QUI,5,1110104000,82628.0,SERVIMED - PRESUPUESTO N° 298/26 CAJA INSTRUMENTAL PARA SUTURAS,G,0,2026-02-12 12:47:58,131,2,000000,,,
2026,723,GMADA,2026-02-13 00:00:00,,,TURIS,6,1110105000,960000.0,Miguel Cueli. Alojamiento Rally. DECRETO 78/26,G,0,2026-02-13 11:37:55,110,TURIS,000000,,,
2026,706,GMADA,2026-02-12 00:00:00,,,HOSP,5,1110104000,16000.0,NEUMATICOS PASO - PRESUPUESTO N° 1-4051/823  VEHICULO DOMINIO AF545GL,G,0,2026-02-20 12:32:00,131,2,000000,,,
2026,720,GMADA,2026-02-13 00:00:00,,,TURIS,6,1110105000,1456000.0,Marta Cristina Zaupa - Alquiler alojamiento Rally. DECRETO 78/26,G,0,2026-02-13 11:19:05,110,TURIS,000000,,,
2026,722,GMADA,2026-02-13 00:00:00,,,TURIS,6,1110105000,360000.0,Leonardo Soraire - Alojamiento para rally. Decreto 78/26,G,0,2026-02-13 11:25:51,110,TURIS,000000,,,
2025,4282,GMADA,2025-08-19 00:00:00,,,SECSEG,20,1110113000,235800.0,"Rodamientos Tuyu, presupuesto 3024 ( AB038FG-AF747PM-NUX030-JWG930)",G,0,2025-08-19 08:56:53,110,25,000000,,,
2025,4294,GMADA,2025-08-19 00:00:00,,,HOSP,5,1110104000,300000.0,DOLORES GAS S.A. PREVISION DE GAS PARA DISTINTOS SECTORES DEL HOSPITAL.,G,0,2025-08-19 13:05:29,131,2,000000,,,
2025,4284,GMADA,2025-08-19 00:00:00,,,SECSEG,20,1110113000,72026.0,"Pintureria Todo Color, presupuesto 5537 ( elementos para el taller del area)",G,0,2025-08-19 09:31:05,110,25,000000,,,
2025,4523,GMADA,2025-09-08 00:00:00,,,LAV,5,1110104000,559600.8,PINAMAR HIGIENE INSTITUCIONAL SRL- PRESUPUESTO N° 0004-00001280 (LAVADERO),N,0,2025-09-10 12:59:47,131,2,000000,,,
2025,4411,GMADA,2025-09-01 00:00:00,,,INS,20,1110113000,250000.0,"PRESUPUESTO DEL 29/08/2025, VARELA MARIA CRISTINA",G,0,2025-09-01 07:17:47,110,170,000000,,,
2025,4521,GMADA,2025-09-08 00:00:00,,,CULTUR,1,1110105000,23600.0,HISPANOGRAF  PRESUPUESTO N° 1831,G,0,2025-09-08 07:37:04,110,CACUL,000000,,,
2025,4526,GMADA,2025-09-08 00:00:00,,,SECSEG,20,1110113000,133000.0,"Gomeria La Diagonal, presupuesto 0543-0544 (ae704aw-af349oi-ag713zv-jwg930-oig911-nuf386-kyv375-af471zq)",G,0,2025-09-08 09:48:31,110,25,000000,,,
2025,4571,GMADA,2025-09-10 00:00:00,,,COC,5,1110104000,122363.0,MADA POY S.A N° PRESUPUESTO 0001-00000868,G,0,2025-09-10 11:42:06,131,2,000000,,,
2025,4525,GMADA,2025-09-08 00:00:00,,,SECSEG,20,1110113000,171600.0,"Encendido Avellaneda, presupuesto 6986 (matafuegos de todas las oficinas dependientes de seguridad)",G,0,2025-09-08 09:37:34,110,25,000000,,,
2025,4529,GMADA,2025-09-08 00:00:00,,,HOSP,5,1110104000,566234.0,DGM OFFICE SUPPLEIS- PRESUPUESTO N° 4/09/2025 (HOSPITAL),G,0,2025-09-08 11:03:22,131,2,000000,,,
2025,4528,GMADA,2025-09-08 00:00:00,,,PROD,14,1110108000,1500000.0,PROV. BAIGORRIA NATALIA GUILLERMINA . PRESU. 08/09/2025- SEC. PRODUCCION- TALLER TEXTIL,G,0,2025-09-08 11:19:00,110,8,000000,,,
2025,4530,GMADA,2025-09-08 00:00:00,,,PROD,14,1110108000,1500000.0, PROV. MELO MARIA INES. PRESU. 08/09/2025- SEC. PRODUCCION- TALLER TEXTIL,G,0,2025-09-08 11:17:04,110,8,000000,,,
2025,4531,GMADA,2025-09-08 00:00:00,,,HOSP,5,1110104000,3300000.0,PREVISION CON LA SRA GARCIA GLADYS DE PANADERIA ALEM POR LOS MESES DE SEPTIEMBRE/OCTUBRE/NOVIEMBRE Y DICIEMBRE/2025,G,0,2025-09-08 11:53:48,131,2,000000,,,
2025,4568,GMADA,2025-09-10 00:00:00,,,PEDIAT,5,1110104000,58446.15,PINTURERIAS SAGITARIO S.A. N° PRESUPUESTO 00016-00008406,G,0,2025-09-10 11:09:00,131,2,000000,,,
2025,4582,GMADA,2025-09-11 00:00:00,,,COC,5,1110104000,216000.0,PEREZ JORGE- PRESUPUESTO N° 282179 (COCINA),G,0,2025-09-11 10:54:26,131,2,000000,,,
2025,4570,GMADA,2025-09-10 00:00:00,,,107,5,1110104000,137000.0,BATERIAS LA PRIMERA S.H N° PRESUOUESTO 0000006809.DOMINIO PAA 334 MOVIL 8.,G,0,2025-09-18 07:31:56,131,2,000000,,,
2025,4573,GMADA,2025-09-10 00:00:00,,,HOSP,5,1110104000,285000.0,TODO POLLO - PRESUPUESTO 00000032,G,0,2025-09-11 12:08:35,131,2,000000,,,
2025,4572,GMADA,2025-09-10 00:00:00,,,COC,5,1110104000,319100.0,TODO POLLO N° PRESUPUESTO 00000031 (COCINA),G,0,2025-09-11 12:07:59,131,2,000000,,,
2025,4580,GMADA,2025-09-11 00:00:00,,,HOGANC,5,1110104000,80000.0,PEREZ JORGE- PRESUPUESTO N° 282178 (HOGAR DE ANCIANOS),G,0,2025-09-11 10:46:01,131,2,000000,,,
2025,4587,GMADA,2025-09-11 00:00:00,,,FARM,5,1110104000,933152.36,MAX CONTINENTAL- PRESUPUESTO N° 0001-00154457 (FARMACIA),G,0,2025-09-11 11:53:54,131,2,000000,,,
2025,4714,GMADA,2025-09-24 00:00:00,,,HOSP,5,1110104000,41160.0,ELECTRO DANNUNZIO - PRESUPUESTO N° 29046 (RECURSOS HUMANOS),G,0,2025-09-24 07:43:53,131,2,000000,,,
2025,4586,GMADA,2025-09-11 00:00:00,,,FARM,5,1110104000,2005815.0,VELIBO SUPPLIES S.A.S- PRESUPUESTO N° 0001-00008894 (FARMACIA),G,0,2025-09-11 11:33:00,131,2,000000,,,
2025,4589,GMADA,2025-09-11 00:00:00,,,COC,5,1110104000,105000.0,AVICOLA DEL TUYU DE ANDERS VICTOR- PRESUPUESTO N° 0008-00000186 (COCINA),G,0,2025-09-11 12:06:51,131,2,000000,,,
2025,3387,GMADA,2025-06-21 00:00:00,,,PEDIAT,5,1110104000,56350.0,SERVIMED - PRESUPUESTO N° 1761/25 (PEDIATRIA),G,0,2025-06-23 08:24:35,131,2,000000,,,
2025,3389,GMADA,2025-06-21 00:00:00,,,LAB,5,1110104000,606102.75,RADIOGRAFICAOESTE - PRESUPUESTO N° 100049366 (LABORATORIO HOSPITAL),G,0,2025-06-21 09:41:42,131,2,000000,,,
2025,3388,GMADA,2025-06-21 00:00:00,,,INTER,5,1110104000,40000.0,IMPRENTA EL ARGENTINO - PRESUPUESTO N° 518 (INTERNACION),G,0,2025-06-23 08:26:47,131,2,000000,,,
2025,3392,GMADA,2025-06-21 00:00:00,,,FARM,5,1110104000,383961.53,INSUMOS GENERALES - PRESUPUESTO S/N FECHA 19/6/25 (FARMACIA HOSPITAL),G,0,2025-06-21 09:55:53,131,2,000000,,,
2025,3394,GMADA,2025-06-21 00:00:00,,,FARM,5,1110104000,4646365.7,DROGUERIA PERDOMINICI - PRESUPUESTO S/N FECHA 18/6/25 (FARMACIA HOSPITAL),G,0,2025-06-21 10:20:50,131,2,000000,,,
2025,3390,GMADA,2025-06-21 00:00:00,,,LAV,5,1110104000,40233.59,PINAMAR HIGIENE INSTITUCIONAL - PRESUPUESTO N° 16-1820 (LAVADERO HOSPITAL),G,0,2025-06-21 09:44:08,131,2,000000,,,
2025,3413,GMADA,2025-06-23 00:00:00,,,CONEX,5,1110104000,116997.0,SORBA S.R.L- PRESUPUESTO N° 42315 (CONS. PSICOLOGIA Y PSIQUIATRIA),G,0,2025-06-23 12:26:26,131,2,000000,,,
2025,3393,GMADA,2025-06-21 00:00:00,,,COC,5,1110104000,1046959.96,DURANTE JAVIER - PRESUPUESTO N° 1-708 (COCINA HOSPITAL),N,0,2025-07-14 12:36:18,131,2,000000,,,
2025,3408,GMADA,2025-06-23 00:00:00,,,OPP,3,1110103000,250000.0,Exp.:1485/25 Ref. Acta de Entrega y de Constatación de Inmueble - Juzgado de Paz Letrado Gral. Madariaga - Prov.:Diaz Fatima - Presup.:S/N,G,0,2025-08-08 08:40:26,110,35,000000,,,
2025,3395,GMADA,2025-06-21 00:00:00,,,FARM,5,1110104000,3960326.88,DROGUERIA ALBERDI - PRESUPUESTO N° 31826 (FARMACIA HOSPITAL),G,0,2025-06-21 10:32:25,131,2,000000,,,
2025,3420,GMADA,2025-06-24 00:00:00,,,000SU,25,1110118000,211000.0,PROV.IVAN ISIDRO PRESUP 077 .23/06/2025 REPUESTO PARA FORD RANGER INI856,G,0,2025-06-24 08:39:02,110,3,000000,,,
2026,115,GMADA,2026-01-06 00:00:00,,,TURIS,6,1110105000,400000.0,Lagos del Sur - SCIGLIANO - Agua bidon para oficina turismo y delegacion sur.,G,0,2026-01-06 08:18:44,110,TURIS,000000,,,
2026,134,GMADA,2026-01-06 00:00:00,,,DEP,13,1110109000,1500000.0,PREVISION SIN N° - NERO PISCINAS / PROCUTOS QUIMICOS PARA LIMPIEZA Y MANTENIMIENTO DE PISCINAS,G,0,2026-01-06 10:20:05,110,9,000000,,,
2026,130,GMADA,2026-01-06 00:00:00,,,DEP,13,1110109000,400000.0,PRESUPUESTO SIN N° - BRAIAN OSVALDO TISERA / ALQUILER DE BAÑOS QUIMICOS SOLO POR ENERO PARA COLONIA DE VERANO MUNICIPAL,G,0,2026-01-06 10:13:59,132,9,000000,,,
2026,137,GMADA,2026-01-06 00:00:00,,,DEP,13,1110109000,150000.0,PREVISION SIN N° - JUAN AGUSTIN BALLETO URRUTIA / TRABAJOS DE CERRAJERIA Y LLAVES EN EL AREA,G,0,2026-01-06 10:35:17,110,9,000000,,,
2026,166,GMADA,2026-01-07 00:00:00,,,SECSEG,20,1110113000,7860000.0,"Julasoft, contrado enero- junio 2026 (expt. 161/25)",G,0,2026-01-08 11:42:53,110,25,000000,,,
2026,135,GMADA,2026-01-06 00:00:00,,,DEP,13,1110109000,1500000.0,PREVISION SIN N° - COMBUSTIBLE DEL SALADO (YPF) / DIFERENTES TRABAJOS Y LOGISTICA DEL AÑO,G,0,2026-01-06 10:30:07,110,9,000000,,,
2026,163,GMADA,2026-01-07 00:00:00,,,SECSEG,20,1110113000,3180000.0,"Bianco Ezequiel (tecnico-com), contrato enero-junio del 2026(expt. 160/25)",G,0,2026-01-08 11:44:55,110,25,000000,,,
2026,498,GMADA,2026-01-28 00:00:00,,,PRESID,8,1110200000,200000.0,Corresponde prevision Eyras Juan Carlos- El mensajero de la Costa,G,0,2026-01-28 09:39:02,110,12,000000,,,
2026,165,GMADA,2026-01-07 00:00:00,,,SECSEG,20,1110113000,3300000.0,"Contrato Viviana Rodriguez, periodo enero-junio 2026 (expt. 1262/23)",G,0,2026-01-08 11:39:56,110,25,000000,,,
2026,270,GMADA,2026-01-13 00:00:00,,,ENV,7,1110106000,87000.0,Presupuesto N°6976065-Fruteria EL NEGRÍN de Rost Tamara Para PROGRAMA ENVION.,G,0,2026-01-13 08:30:11,132,4,000000,,,
2026,167,GMADA,2026-01-07 00:00:00,,,SECSEG,20,1110113000,4348800.0,"Gesell Seguridad, contrato enero-junio (expediente 342/22)",G,0,2026-01-12 12:40:13,110,25,000000,,,
2026,387,GMADA,2026-01-17 00:00:00,,,HOSP,5,1110104000,123760.0,PROVEEDURIA LA ILUSION.PINILLA MARINA IRENE. COCINA HOSPITAL MUNICIPAL.,G,0,2026-01-17 16:02:55,131,2,000000,,,
2026,445,GMADA,2026-01-22 00:00:00,,,PROD,14,1110108000,1875000.0,PROV. ESPONDABURU PEDRO HORACIO- SEC PRODUCCION,G,0,2026-01-22 11:52:27,110,8,000000,,,
2026,415,GMADA,2026-01-21 00:00:00,,,COMPR,19,1110112000,872494.7,"Correa Lorente Martín ,presupuesto N° 0001-00000066",G,0,2026-01-21 09:11:12,110,1,000000,,,
2026,496,GMADA,2026-01-28 00:00:00,,,PRESID,8,1110200000,1000000.0,Corresponde prevision DURANTE JAVIER,G,0,2026-01-28 09:24:49,110,12,000000,,,
2026,774,GMADA,2026-02-23 00:00:00,,,000SU,25,1110118000,2343000.0,PROV. CASA ELICEIRY PRESUP.23/02/2026 ACEITES Y LUBRICANTES PARA FLOTA VEHICULAR DE ESTA SECRETARIA,G,0,2026-02-23 08:26:24,132,3,000000,,,
2026,562,GMADA,2026-02-03 00:00:00,,,CAS,3,1110111000,16260000.0,"PRESUPUESTO, CASA ELICEIRY, 4/02/2026",G,0,2026-02-03 11:51:15,131,6,000000,,,
2026,680,GMADA,2026-02-11 00:00:00,,,ESTH,5,1110104000,44296.45,Copia de 2026/649 ALPA - PRESUPUESTO N° 2-3873 (ADMINISTRACION HOSPITAL),N,0,2026-02-11 12:34:35,131,2,000000,,,
2026,891,GMADA,2026-03-03 00:00:00,,,HOSP,5,1110104000,766400.0,PANADERIA ALEM DE GARCIA GLADYS- PRESUPUESTO N° 6939053 HOSPITAL Y HOGAR DE ANCIANOS (DESDE EL 28/02 HASTA EL 14/03/2026),G,0,2026-03-03 09:36:44,131,2,000000,,,
2026,883,GMADA,2026-03-02 00:00:00,,,INT,1,1110101000,1575.0,Presupuesto N° 0002-00003884   Proveedor Matienzo Paola,G,0,2026-03-02 11:15:59,110,1,000000,,,
2026,893,GMADA,2026-03-03 00:00:00,,,HOGANC,5,1110104000,6500.0,SANTA PAULA- PRESUPUESTO N° 0001-00002180 (SEMANA DEL 11/02 HASTA EL 18/02/26),G,0,2026-03-03 09:46:20,131,H.ANC,000000,,,
2026,892,GMADA,2026-03-03 00:00:00,,,HOGANC,5,1110104000,6000.0,SANTA PAULA- PRESUPUESTO N° 0001-00002178 (DIARIO),G,0,2026-03-03 09:41:34,131,H.ANC,000000,,,
2026,896,GMADA,2026-03-03 00:00:00,,,HOGANC,5,1110104000,1225473.99,DURANTE JAVIER- PRESUPUESTO N° 0001-0000847 ( DESDE EL 9/02/26 HASTA EL 9/03/26),G,0,2026-03-03 12:14:55,131,H.ANC,000000,,,
2026,898,GMADA,2026-03-03 00:00:00,,,HOSP,5,1110104000,150000.0,BATERIAS LA PRIMERA - PRESUPUESTO N° 7008 VEHICULOL FORD KA AE619QS,G,0,2026-03-05 08:12:42,131,2,000000,,,
2026,895,GMADA,2026-03-03 00:00:00,,,LAB,5,1110104000,1330541.03,UNO ELECTROMEDICINA- PRESUPUESTO N° 00003-00015176 (LABORATORIO DE ANALISIS),G,0,2026-03-03 10:38:17,131,2,000000,,,
2025,3411,GMADA,2025-06-23 00:00:00,,,OPP,3,1110103000,75800.0,Exp.:1811/21 PREIMBA- PROYECTO PARQUE DE LA ESTACIÓN - Prov.:Hispanograf - Presup.:1781,G,0,2025-06-23 11:27:59,110,35,000000,,,
2025,3418,GMADA,2025-06-24 00:00:00,,,SECSEG,20,1110113000,1500000.0,"Cesvi Argentina, ADICIONAL * costo de formularios 04 por una suma de $340.000, *gestion del turno de banco de prueba por una suma de $180.000, * garantia por 12 meses (AB038FF)",N,0,2025-07-08 10:59:18,110,25,000000,,,
2025,3419,GMADA,2025-06-24 00:00:00,,,000SU,25,1110118000,105113.16,"PROV. ELECTRO DANNUNZIO PRESUP.28485,28488 PARA VIVIRO MUNICIPAL  Y CORRALON MUNICIPAL",G,0,2025-06-24 08:34:20,110,3,000000,,,
2025,3459,GMADA,2025-06-25 00:00:00,,,CAS,3,1110111000,298971.0,Corresponde presupuesto N° 585- SORAGNI SILVIA,G,0,2025-06-25 11:41:52,131,6,000000,,,
2025,3431,GMADA,2025-06-24 00:00:00,,,000SU,25,1110118000,1745238.6,"PROV.MERCEDES LA PLATA PRESUP.178342 REPUESTOS PARA  MERCEDES BENZ LAN558 ,MERCEDES BENZ 1114 SVN719, VW 17220 LED010",G,0,2025-06-24 10:38:23,110,3,000000,,,
2025,3425,GMADA,2025-06-24 00:00:00,,,000SU,25,1110118000,1248555.61,"PROV.MERCEDES LA PLATA PRESP.178343 REPUESTOS PARA IVECO PJY978, MERCEDES BENZ 1114 XNE245,FORD 14000 SVN719,COLECTIVO JZH266,",G,0,2025-06-24 09:13:30,110,3,000000,,,
2025,3456,GMADA,2025-06-25 00:00:00,,,ACCSOC,7,1110106000,1661000.0,"Presupuesto N° 7848539 Fruteria ""NEGRIN"" de Pereyra Maria Fernanda para Programa Aliemtario ESFUERZO SOLIDARIO.",G,0,2025-06-25 10:15:44,132,4,000000,,,
2025,3624,GMADA,2025-07-03 00:00:00,,,GOBHAC,2,1110102000,230000.0,Gonzalez María Azucena,G,0,2025-07-03 10:50:43,110,1,000000,,,
2025,3536,GMADA,2025-06-30 00:00:00,,,HOSP,5,1110104000,21720000.0,HEALTHCARE SOLUTIONS S.A.CORRESPONDE AL EXPTE Nº 534/2024.,G,0,2025-06-30 11:31:10,131,2,000000,,,
2025,3563,GMADA,2025-07-01 00:00:00,,,000SU,25,1110118000,92000.0,"Copia de 2025/3130 PROV.CASA ELICEIRY  ACEITES Y LUBRICANTES PARA  FLOTA ,VEHICULAR  PERTENECIENTE A ESTA SECRETARIA .Diferencia oc 3191",G,0,2025-07-01 12:37:56,110,3,000000,,,
2025,3593,GMADA,2025-07-02 00:00:00,,,GOB,2,1110102000,1400366.54," CORRESPONDE EXPTE N° 1070/2025 - ESCUELA RURAL N° 9 ""ALMIRANTE GUILLERMO BROWN""",G,0,2025-07-02 08:17:42,132,SECGO,000000,,,
2025,3621,GMADA,2025-07-03 00:00:00,,,GOBHAC,2,1110102000,100282.0,Presupuesto 28595 Suc. Dannunzio Oficiana  Centro Cívico.,G,0,2025-07-03 09:09:33,110,1,000000,,,
2025,3632,GMADA,2025-07-03 00:00:00,,,HOSP,5,1110104000,225000.0,PEREZ JORGE - PRESUPUESTO N° 282166 Y 282167 (HOGAR Y HOSPITAL),G,0,2025-07-03 14:14:34,131,2,000000,,,
2025,3631,GMADA,2025-07-03 00:00:00,,,HOSP,5,1110104000,512111.76,FARMACIA GIORGI - PRESUPUESTO S/N°  MEDICAMENTOS DISPENSADOS DESDE EL 17/06/2025 HASTA EL 21/06/2025,G,0,2025-07-05 09:20:56,131,2,000000,,,
2025,3634,GMADA,2025-07-03 00:00:00,,,LAB,5,1110104000,1110693.65,RADIOGRAFICAOESTE - PRESUPUESTO N° 100049531 (LABORATORIO HOSPTITAL),G,0,2025-07-03 14:39:24,131,2,000000,,,
2025,3758,GMADA,2025-07-12 00:00:00,,,HOSP,5,1110104000,82000.0,PRODUCTOS COLOMBRARO- PRESUPUESTO N° 362 (TRABAJO SOCIAL Y UTI),G,0,2025-07-12 09:29:04,131,2,000000,,,
2025,3633,GMADA,2025-07-03 00:00:00,,,FARM,5,1110104000,749939.0,VELIBO SUPPLIES - PRESUPUESTO N° 1-8254 (FARMACIA HOSPITAL),G,0,2025-07-03 14:28:33,131,2,000000,,,
2025,3742,GMADA,2025-07-11 00:00:00,,,CAS,3,1110111000,129000.0,Corresponde presupuesto n° 00003015- ZUBIARRAIN,G,0,2025-07-11 12:20:07,131,6,000000,,,
2025,3794,GMADA,2025-07-15 00:00:00,,,SECSEG,20,1110113000,320000.0,Ricciuto (saveiro OIG911),G,0,2025-07-15 08:56:00,110,25,000000,,,
2025,3757,GMADA,2025-07-12 00:00:00,,,HOSP,5,1110104000,61800.0,ELECTRICIDAD EL GALLEGO- PRESUPUESTO N° 0001-00052960 (CAPS BO. BELGRANO Y GUARDIA),G,0,2025-07-12 09:23:39,131,2,000000,,,
2025,3784,GMADA,2025-07-14 00:00:00,,,CULTUR,1,1110105000,600000.0,CARLA MARINA MARTINEZ   PROGRAMACION INCAA,G,0,2025-07-14 12:31:19,110,CACUL,000000,,,
2025,3796,GMADA,2025-07-15 00:00:00,,,SECSEG,20,1110113000,102800.0,"Rodamientos Tuyu, presupuesto 3018 ( jwg930- ab038fh, ab038fg)",G,0,2025-07-15 09:21:24,110,25,000000,,,
2025,3870,GMADA,2025-07-21 00:00:00,,,OPP,3,1110103000,370700.0,"Exp.:1398/25 Ref. Acondicionamiento de Vivienda Familiar de Alma Mía Basualdo - Prov.:El Gallego - Presup.:52894,52895",G,0,2025-07-21 08:23:36,110,35,000000,,,
2025,3795,GMADA,2025-07-15 00:00:00,,,SECSEG,20,1110113000,293100.0,"Rodamientos Tuyu, presupuesto 3017 (AB038FG-JWG930)",G,0,2025-07-15 09:13:35,110,10,000000,,,
2025,3869,GMADA,2025-07-21 00:00:00,,,PRESID,8,1110200000,135000.0,Corresponde presupuesto N° 480- FUMEGA EDUARDO,G,0,2025-07-21 07:46:20,110,12,000000,,,
2025,3892,GMADA,2025-07-22 00:00:00,,,MAT,5,1110104000,115760.0,SERVIMED- PRESUPUESTO N° 811/25 (MATERNIDAD),G,0,2025-07-22 08:15:53,131,2,000000,,,
2025,3890,GMADA,2025-07-22 00:00:00,,,BROM,11,1110104000,455000.0,GRUPO NÚCLEO- PRESUPUESTO N° 1-453672 (BROMATOLOGIA),G,0,2025-07-22 08:05:47,110,13,000000,,,
2025,3904,GMADA,2025-07-22 00:00:00,,,HOSP,5,1110104000,664600.0,TODO POLLO- PRESUPUESTO N° 14/15 (HOSPITAL Y HOGAR DE ANCIANOS),G,0,2025-07-22 12:31:53,131,2,000000,,,
2025,3907,GMADA,2025-07-22 00:00:00,,,BROM,11,1110104000,47052.8,ALPA MADARIAGA- PRESUPUESTO N° 0002-00003694/3705 (BROMATOLOGIA),G,0,2025-07-22 12:48:49,110,13,000000,,,
2025,3903,GMADA,2025-07-22 00:00:00,,,FARM,5,1110104000,2304310.0,DROGUERIA PERDOMINICI- PRESUPUESTO N° 21/07/2025  (FARMACIA),G,0,2025-07-22 12:21:36,131,2,000000,,,
2025,3905,GMADA,2025-07-22 00:00:00,,,HOGANC,5,1110104000,200000.0,EDUARDO FUMEGA- PRESUPUESTO N° 477 (HOGAR DE ANCIANOS),G,0,2025-07-22 12:38:19,131,2,000000,,,
2025,3906,GMADA,2025-07-22 00:00:00,,,HOSP,5,1110104000,170000.0,EDUARDO FUMEGA- PRESUPUESTO N° 493 (FARMACIA-QUIROFANO),G,0,2025-07-22 12:39:55,131,2,000000,,,
2025,3909,GMADA,2025-07-22 00:00:00,,,HOSP,5,1110104000,171831.8,"ELECTRO D ANNUNZIO- PRESUPUESTO N° 28639/28675 (INFORMATICA, LABORATORIO, INTERNACION Y PEDIATRIA)",G,0,2025-07-22 13:17:22,131,2,000000,,,
2025,3908,GMADA,2025-07-22 00:00:00,,,HOSP,5,1110104000,385245.71,"ALPA MADARIAGA- PRESUPUESTO N° 0002-00003709/3718 (GUARDIA, COCINA)",G,0,2025-07-22 13:03:59,131,2,000000,,,
2025,3910,GMADA,2025-07-22 00:00:00,,,HOGANC,5,1110104000,83300.57,PINAMAR HIGIENE INSTITUCIONAL  SRL - PRESUPUESTO N° 0016-00001868 (HOGAR DE ANCIANOS),G,0,2025-07-22 13:27:53,131,H.ANC,000000,,,
2025,3918,GMADA,2025-07-23 00:00:00,,,BROM,11,1110104000,67283.0,AGROVETERINARIA MARZULLO- PRESUPUESTO N° 0001-00001111 BROMATOLOGIA,G,0,2025-07-23 08:44:55,110,13,000000,,,
2026,897,GMADA,2026-03-03 00:00:00,,,HOGANC,5,1110104000,513900.0,TODO POLLO - PRESUPUESTO N° 81 ( SEMANA  DEL 26/02/26 AL  5/03/26),G,0,2026-03-05 08:56:07,131,2,000000,,,
2026,900,GMADA,2026-03-03 00:00:00,,,HOGANC,5,1110104000,86148.0,DURANTE JAVIER - PRESUPUESTO N° 1-855 DEL 01/02/2026 AL 28/02/2026,G,0,2026-03-05 08:49:25,131,H.ANC,000000,,,
2026,903,GMADA,2026-03-03 00:00:00,,,LAV,5,1110104000,627166.83,PINAMAR HIGIENE INSTITUCIONAL - PRESUPUESTO N° 16-2500,G,0,2026-03-05 08:55:14,131,2,000000,,,
2026,899,GMADA,2026-03-03 00:00:00,,,CAPSN,5,1110104000,140000.0,AC REFRIGERACION - CATALDO ADOLFO PRESUPUESTO N° 380 AIRE ACONDIONADO CONSULTORIO DE CLINICA,G,0,2026-03-05 08:16:32,131,31,000000,,,
2026,901,GMADA,2026-03-03 00:00:00,,,COC,5,1110104000,1083309.96,DURANTE JAVIER- PRESUPUESTO N° 1-858 DEL 18/02/26 AL 25/02/26,G,0,2026-03-07 09:38:50,131,2,000000,,,
2026,963,GMADA,2026-03-06 00:00:00,,,000SU,25,1110118000,633330.0,PROV. SILVIA MAISTEGUI PRESUP.5948 ARTICULSO DE FERRETERIA PARA USO EN CORRALON Y PINTURA DE CORDON ILLIA Y PELEGRINI Y BS.AS Y PELEGRINI,G,0,2026-03-06 10:16:28,110,3,000000,,,
2026,902,GMADA,2026-03-03 00:00:00,,,HOSP,5,1110104000,1747360.48,DURANTE JAVIER - PRESUPUESTO N° 1-857  SEMANA DEL 16/02/26 AL 24/02/26,G,0,2026-03-07 09:46:13,131,2,000000,,,
2026,936,GMADA,2026-03-05 00:00:00,,,CULTUR,6,1110105000,2723.33,"PRESUPUESTO 000, USS SERVICIO DE SEGURIDAD DIFERENCIA OC 574",N,0,2026-03-13 08:32:45,132,5,000000,,,
2026,908,GMADA,2026-03-04 00:00:00,,,CULTUR,6,1110105000,250000.0,MATIAS LIGARI    FINAL FOLKLORE EN LOS BARRIOS   EXPTE 224/26,G,0,2026-03-10 11:06:58,110,5,000000,,,
2026,962,GMADA,2026-03-06 00:00:00,,,000SU,25,1110118000,329200.0,PROV. ANA PAOLA RODRIGUEZ PRESUP.0192 REPUSTOS PARA MUSTANG BMV14,G,0,2026-03-06 10:04:31,110,3,000000,,,
2026,987,GMADA,2026-03-09 00:00:00,,,COC,5,1110104000,13000.0,SANTA PAULA - PRESUPUESTO N° 1-2192,G,0,2026-03-10 07:44:05,131,2,000000,,,
2026,966,GMADA,2026-03-06 00:00:00,,,DECI,25,1110118000,353626.0,PROV.SILVA MAISTEGUI  PRESUP.7204 PARA ARREGLOS  DE DEFENSA CIVIL,G,0,2026-03-06 12:04:09,110,22,000000,,,
2026,964,GMADA,2026-03-06 00:00:00,,,DECI,25,1110118000,629362.0,PROV.SILVIA MAISTEGUI PRESUP.5943 PARA   PINTURA DE CORDONES Y PREPARATIVOS PARA EL RALLY,G,0,2026-03-06 12:02:36,110,DEFCI,000000,,,
2026,986,GMADA,2026-03-09 00:00:00,,,HOSP,5,1110104000,203112.0,PINTURERIA FERRETERIA TODO COLOR - PRESUPUESTO N° 5949  REPARACIONES EN DIFERENTES SECTORES DEL HOSPITAL,G,0,2026-03-10 07:36:01,131,2,000000,,,
2026,991,GMADA,2026-03-09 00:00:00,,,COC,5,1110104000,3270700.0,LA FRUTERIA - PRESUPUESTO S/N FECHA 26/2/26   HOSPITAL - HOGAR DE ANCIANOS,G,0,2026-03-10 07:50:45,131,2,000000,,,
2026,990,GMADA,2026-03-09 00:00:00,,,HOSP,5,1110104000,3048800.0,LA FRUTERIA - PRESUPUESTO S/N FECHA 26/2/26 HOSPITAL - HOGAR DE ANCIANOS,G,0,2026-03-10 08:00:16,131,2,000000,,,
2026,996,GMADA,2026-03-10 00:00:00,,,000SU,25,1110118000,51620.0,"PROV. IVAN  PERICO PRESP. 8086 REPUESTOS PARA  DMI 232, FSL723, PJY978",G,0,2026-03-10 07:46:13,110,3,000000,,,
2026,997,GMADA,2026-03-10 00:00:00,,,000SU,25,1110118000,69420.0,PROV.IVAN PERICO PRESUP.8270 REPEUSTOS PARA LAN557 LED010,G,0,2026-03-10 08:09:51,110,3,000000,,,
2026,998,GMADA,2026-03-10 00:00:00,,,SECSEG,20,1110113000,467800.0,"Rodamientos Tuyu, presupuesto 3048 (OIG 911-AE704AW-AE331IY-AB038FH)",G,0,2026-03-10 08:22:55,110,25,000000,,,
2026,1060,GMADA,2026-03-13 00:00:00,,,DEP,13,1110109000,280000.0,PRESUPUESTO S/N°   COTTINI MARTIN -  ORGANIZACION CARRERA DE LA MUJER,G,0,2026-03-13 12:14:25,110,9,000000,,,
2025,3558,GMADA,2025-07-01 00:00:00,,,SECSEG,20,1110113000,508264.45,"Radiadores Bustamante, presupuesto 0257 (radiadores de calefaccion para vehiculos de patrulla- fg-fh-ff-voyage 930- saveiro oig911)",G,0,2025-07-01 11:30:23,110,25,000000,,,
2025,3639,GMADA,2025-07-04 00:00:00,,,HOSP,5,1110104000,15372000.0,"CONTRATO CON LA EMPRESA SOMA S.A EXPTE Nº 5/2025 SERVICIO DE RECOLECCION, TRANSPORTE, TRATAMIENTO Y DISPOSICION FINAL DE RESIDUOS PATOGENICOS DESDE EL 1 DE JULIO AL 30 DE SEPTIEMBRE 2025.",G,0,2025-07-04 09:15:46,131,2,000000,,,
2025,4073,GMADA,2025-08-05 00:00:00,,,SECSEG,20,1110113000,76862.0,"Electro Dannunzio, presupuesto 28851",G,0,2025-08-05 08:44:12,110,25,000000,,,
2025,4160,GMADA,2025-08-08 00:00:00,,,ACCSOC,7,1110106000,52200.0," PRESUPUESTO N° X 0001-00000040 de Norberto Martín Rodriguez de ""Alta Morena""Esfuerzo Solidario 2025",G,0,2025-08-08 09:56:19,132,4,000000,,,
2025,4078,GMADA,2025-08-05 00:00:00,,,SECSEG,20,1110113000,70000.0,"Marzullo Computacion, presupuesto 01284 (para el personal de Tecnica-.COM)",G,0,2025-08-05 08:58:08,110,25,000000,,,
2025,4162,GMADA,2025-08-08 00:00:00,,,ACCSOC,7,1110106000,760000.0,"PRESUPUESTO N° X 7390224 de Peyrano, Sergio de ""Atmósferico La Primera""",G,0,2025-08-08 10:03:17,132,4,000000,,,
2026,234,GMADA,2026-01-12 00:00:00,,,GOBHAC,2,1110102000,3200260.0,Expte. 3735 Convenio de Asistencia y Soporte RAFAM- Grid It Seven S.A.,G,0,2026-01-12 07:55:33,110,1,000000,,,
2026,623,GMADA,2026-02-10 00:00:00,,,JARD,7,1110106000,136500.0,"PRESUPUESTO N° X 0001-00001028 / 1035 / 1039 / de Tatano Harisgarat S.R.L. de ""CASA HARISGARAT"" Para arreglo en baño y tanque de agua",G,0,2026-02-10 10:04:30,132,JARDM,000000,,,
2026,500,GMADA,2026-01-28 00:00:00,,,CAS,3,1110111000,150000.0,"Bigorito  Leonardo Fabio ,presupuesto 0001-00000093.Motoniveladora Pauny 180 BGZ 53.",G,0,2026-01-28 10:52:31,131,6,000000,,,
2026,622,GMADA,2026-02-10 00:00:00,,,ACCSOC,7,1110106000,72320.0,"PRESUPUESTO N° X 0001-00001021 de Tatano Harisgarat S.R.L. de ""CASA HARISGARAT"" Familia: Rodriguez, Belén Soledad",G,0,2026-02-10 09:40:49,132,4,000000,,,
2026,631,GMADA,2026-02-10 00:00:00,,,PROD,14,1110108000,375000.0,  PROV. AGRONOMIA HORTICOLA SRL- PRES. N°27/01/26- SEC PRODUCCION,G,0,2026-02-10 11:57:56,110,8,000000,,,
2026,630,GMADA,2026-02-10 00:00:00,,,PROD,14,1110108000,150000.0,PROV. BOGADO LEANDRO RUBEN - PRESUP. N°1166 - SEC PRODUCCION- FOTON AF591SL,G,0,2026-02-10 11:51:07,110,8,000000,,,
2026,625,GMADA,2026-02-10 00:00:00,,,JARD,7,1110106000,850000.0,"PRESUPUESTO de ""CARPINTERIA MUNTION"" Para realización de puerta en la Casita de Chocolate",G,0,2026-02-10 10:15:43,132,JARDM,000000,,,
2026,633,GMADA,2026-02-10 00:00:00,,,HOSP,5,1110104000,491550.0,"""TODO POLLO"" GONZALO A BUSTAMANTE. PRESUPUESTO Nº 77.COCINA HOSPITAL. SEMANA DEL 2 DE FEBRERO AL 8 DE FEBRERO.",G,0,2026-02-10 17:53:28,131,2,000000,,,
2026,679,GMADA,2026-02-11 00:00:00,,,CULTUR,6,1110105000,1400000.0,SIP EVENTOS CARNAVAL 2026  PRESUPUESTO N° 3097    EX´PTE 224/26,G,0,2026-02-11 12:08:24,110,5,000000,,,
2026,632,GMADA,2026-02-10 00:00:00,,,HOSP,5,1110104000,32000.0,IMPRENTA EL ARGENTINO. IRMA CRISTINA BONOMI. PRESPUESTO Nº 553. DIAGNOSTICO POR IMAGENES.,G,0,2026-02-10 14:54:47,131,2,000000,,,
2026,747,GMADA,2026-02-19 00:00:00,,,BARU,25,1110118000,4878000.0,PROV.CASA ELICEIRY GAS OIL PARA MAQUINAS DE PREDIO DE DISPOSICION FINAL DE RESIDUOS RUTA 11 KM 405.5,G,0,2026-02-19 07:23:33,132,3,000000,,,
2026,634,GMADA,2026-02-10 00:00:00,,,HOSP,5,1110104000,6120000.0,"COMBUSTIBLES DEL SALADO. PREVISION DEL 01/02/26 AL 15/02/26.VEHICULOS HOSPITAL MUNICIPAL.. DOMINIOS EQM 605, FJX 453, KYV 365, JQS 879,AA 775 QW, PAA 334, AB 039 OI, AF 591 SU, AF 545 GL, AF 548 KJ.",G,0,2026-02-11 17:18:13,131,2,000000,,,
2026,745,GMADA,2026-02-18 00:00:00,,,INGPU,19,1110112000,13200.0,"Matienzo Paola ,presupuesto 0002-00003875",G,0,2026-02-18 13:02:00,110,1,000000,,,
2026,681,GMADA,2026-02-11 00:00:00,,,CULTUR,6,1110105000,840000.0,PATRICIO DANIEL CASTRO   PROVEEDOR 3481  CARNAVAL 2026  EXPTE 224/26,G,0,2026-02-11 12:43:47,110,5,000000,,,
2026,947,GMADA,2026-03-05 00:00:00,,,INTER,5,1110104000,414571.08,PINAMAR HIGIENE INSTITUCIONAL - PRESUPUESTO N° 16-2425 (HOSPITAL),G,0,2026-03-14 10:18:52,131,2,000000,,,
2026,746,GMADA,2026-02-19 00:00:00,,,000SU,25,1110118000,13008000.0,PROV. CASA ELICEIRY GASOIL PARA MAQUINAS Y VEHICULOS DE ESTA SECRETARIA,G,0,2026-02-19 07:18:13,132,3,000000,,,
2026,751,GMADA,2026-02-19 00:00:00,,,000SU,25,1110118000,1977927.97,PROV.CHAYE HNOS PRESUP.0414 REPUESTO PARA TRACTOR JONH DEERE BNA17,G,0,2026-02-25 11:44:44,110,3,000000,,,
2026,758,GMADA,2026-02-20 00:00:00,,,CASA,6,1110105000,21000.0,"Balletto Urrutia ,Juan Ignacio",G,0,2026-02-20 07:22:32,110,1,000000,,,
2026,874,GMADA,2026-03-02 00:00:00,,,000SU,25,1110118000,8000000.0,PROV. ATREUCO PUEL COMBUSTIBLE PARA MAQUINAS Y VEHICULOS DE ESTA SECRETARIA,G,0,2026-03-02 07:52:50,132,3,000000,,,
2026,946,GMADA,2026-03-05 00:00:00,,,LAB,5,1110104000,46112.8,PINAMAR HIGIENE INSTITUCIONAL - PRESUPUESTO N° 16-2426 (HOSPITAL),N,0,2026-03-14 10:16:36,131,2,000000,,,
2026,949,GMADA,2026-03-05 00:00:00,,,HOGANC,5,1110104000,115505.6,PINAMAR HIGIENE INSTITUCIONAL - PRESUPUESTO N° 16-2398,G,0,2026-03-14 10:25:13,131,H.ANC,000000,,,
2026,951,GMADA,2026-03-05 00:00:00,,,LAV,5,1110104000,774226.24,PINAMAR HIGIENE INSTITUCIONAL - PRESUPUESTO N° 16-237 SEMANA DEL 12/03/26 AL 19/03/26,G,0,2026-03-07 09:31:58,131,2,000000,,,
2026,948,GMADA,2026-03-05 00:00:00,,,LAV,5,1110104000,848920.81,PINAMAR HIGIENE INSTITUCIONAL - PRESUPUESTO N° 16-240 SEMANA 20/01/26 AL 26/01/2026,G,0,2026-03-07 09:34:20,131,2,000000,,,
2026,950,GMADA,2026-03-05 00:00:00,,,CONEX,5,1110104000,97393.86,PINAMAR HIGIENE INSTITUCIONAL - PRESUPUESTO N° 16-2366,G,0,2026-03-14 10:27:31,131,2,000000,,,
2026,1000,GMADA,2026-03-10 00:00:00,,,SECSEG,20,1110113000,158560.0,"Ivanper, presupuesto 8244 (ag7143zv-af747pm-oig911)",G,0,2026-03-10 09:14:21,110,25,000000,,,
2026,952,GMADA,2026-03-05 00:00:00,,,COC,5,1110104000,107348.86,PINAMAR HIGIENE INSTITUCIONAL - PRESUPUESTO N° 16-2390 (COCINA HOSPITAL),G,0,2026-03-14 10:27:58,131,2,000000,,,
2026,1003,GMADA,2026-03-10 00:00:00,,,SECSEG,20,1110113000,291600.0,"Rodamientos Tuyu, presupuesto 3901 (AE704AW)",G,0,2026-03-10 09:54:53,110,25,000000,,,
2025,3074,GMADA,2025-05-30 00:00:00,,,GOB,2,1110102000,240000.0,Corresponde presupuesto N° 0002-0003650 MATIENZO PAOLA,G,0,2025-05-30 07:37:21,110,SECGO,000000,,,
2025,3028,GMADA,2025-05-28 00:00:00,,,DEP,13,1110109000,2266000.0,PRESUPUESTO SIN N° - FEDERICO SOLARI / SERVICIO DE HERRERIA ESTADIO MUNICIPAL,G,0,2025-05-28 12:57:54,110,9,000000,,,
2025,3085,GMADA,2025-05-30 00:00:00,,,DEP,13,1110109000,120000.0,CORRESPONDE PRESUPUESTO ALUMAN SEBASTIAN - INAUGURACION LUCES ESTADIO,G,0,2025-05-30 09:51:27,110,9,000000,,,
2025,3270,GMADA,2025-06-11 00:00:00,,,SECSEG,20,1110113000,222668.0,"Ferreteria Todo Color, presupuesto 5502 (utilizado por el personal del taller para el mantenimiento de vehiculos)",G,0,2025-06-11 11:06:21,110,25,000000,,,
2025,3075,GMADA,2025-05-30 00:00:00,,,CAS,3,1110111000,278316.0,Corresponde presupuesto TORNERIA SORAGNI N° 577,G,0,2025-05-30 07:47:30,131,6,000000,,,
2025,3090,GMADA,2025-05-30 00:00:00,,,DEP,13,1110109000,180000.0,CORRESPONDE PRESUPUESTO RUIZ DANIEL - INAUGURACION LUCES ESTADIO,G,0,2025-05-30 10:16:48,110,9,000000,,,
2025,3204,GMADA,2025-06-09 00:00:00,,,ACCSOC,7,1110106000,910000.0,"PRESUPUESTO N°  00000311 de ""S.O Sebastián Orellana"" Familia: Olguín",G,0,2025-06-09 11:25:11,110,4,000000,,,
2025,3206,GMADA,2025-06-09 00:00:00,,,ASIV,7,1110106000,9900.0,"PRESUPUESTO N° 000721 de ""SYSTEL computación"" Para oficina de Asistencia a las víctimas",G,0,2025-06-09 12:32:35,110,4,000000,,,
2025,3205,GMADA,2025-06-09 00:00:00,,,ACCSOC,7,1110106000,20289.38,"PRESUPUESTOS N° 00028320   / 00028386 de Sucesión de D annunzio Jorge Neldo de ""Electro D annunzio""Para oficina de género y oficina de Desarrollo Social",G,0,2025-06-09 12:23:40,110,4,000000,,,
2025,3207,GMADA,2025-06-09 00:00:00,,,ACCSOC,7,1110106000,8720.0,"PRESUPUESTO N° X 0002-00003597/00003643 de Matienzo, Paola Amelia de ""Alpa Madariaga"" Para personal de equipos municipales y casita de chocolate",G,0,2025-06-09 12:38:36,110,4,000000,,,
2025,3267,GMADA,2025-06-11 00:00:00,,,SECSEG,20,1110113000,220000.0,"Electricidad Leandro Ruben Bogado, presupuesto 1098 (NUF386)",G,0,2025-06-11 10:49:23,110,25,000000,,,
2025,3979,GMADA,2025-07-28 00:00:00,,,ACCSOC,7,1110106000,1736500.0,"Presupuesto N° 7848546 Frutería ""EL NEGRIN"" de Rost Tamara para Programa ESFUERZO SOLIDARIO",G,0,2025-07-28 12:14:57,132,4,000000,,,
2025,3268,GMADA,2025-06-11 00:00:00,,,SECSEG,20,1110113000,305000.0,"Electricidad Leandro Ruben Bogado, presupuestos 1095-1086-1096 (af471zq-af428nh)",G,0,2025-06-11 10:55:05,110,25,000000,,,
2025,3458,GMADA,2025-06-25 00:00:00,,,CASA,1,1110105000,9900.0,HISPANOGRAF     PRESUPUESTO N° 1792,G,0,2025-06-25 11:40:28,110,CACUL,000000,,,
2025,3542,GMADA,2025-07-01 00:00:00,,,000SU,25,1110118000,175669.0,"PROV.SILVIA MAISTEGUI PRESUP.5517 PARA PINTURA DE DURMIENTES CALLE ALEM MOTONIVELADORA NEW HOLLAND RG140, CAMION IVECO PPU729",G,0,2025-07-01 07:46:06,110,3,000000,,,
2025,3543,GMADA,2025-07-01 00:00:00,,,DECI,25,1110118000,69400.0,PROV. MARTIN LOMBARDI PRESUP.30/06/2025 TRABAJO DE ELECTRICIDAD PARA CISTERNA DE AGUA BARRIO KENNEDY,G,0,2025-07-01 07:57:58,110,,000000,,,
2025,3851,GMADA,2025-07-18 00:00:00,,,TURIS,6,1110105000,67050.0,Idearte - Erreguerena - Presupuesto del 17/07 Cajones personalizados con los logos de la municipalidad y Madariaga el pago gaucho,G,0,2025-07-18 10:01:04,110,TURIS,000000,,,
2025,3920,GMADA,2025-07-23 00:00:00,,,BARU,25,1110118000,20957.81,PROV.ZMG ARGENTINA SRL PRES. 2767 REPUESTO PARA PALA CARGADORA LUILONG CH855,G,0,2025-07-23 09:29:03,110,3,000000,,,
2025,3977,GMADA,2025-07-28 00:00:00,,,ACCSOC,7,1110106000,960000.0,"Presupuesto N° 7848547 Fruteria ""EL NEGRIN "" de Rost Tamara para Programa DIABETICOS.",G,0,2025-07-28 11:34:39,132,4,000000,,,
2025,4006,GMADA,2025-07-30 00:00:00,,,CULTUR,1,1110105000,63000.0,"HISPANOGRAF   PRESUPUESTO N° 1815, 1816 Y 1818",G,0,2025-07-30 09:28:39,110,5,000000,,,
2025,4010,GMADA,2025-07-30 00:00:00,,,DEP,13,1110109000,200000.0,PREVISION SIN N° - FORRAJERIA LA ESPERANZA,G,0,2025-07-30 10:14:56,110,9,000000,,,
2025,4325,GMADA,2025-08-21 00:00:00,,,HOSP,5,1110104000,702167.36,FARMACIA GIORGI-  PRESUPUESTO S/N° MEDICAMENTOS DISPENSADOS DESDE EL 11/08/25 AL 19/08/25,G,0,2025-08-21 13:23:58,131,2,000000,,,
2025,4008,GMADA,2025-07-30 00:00:00,,,DEP,13,1110109000,35800.0,PRESUPUESTO N°8215 - MATAFUEGO RUTA 11 / COLOCACION DE MATAFUEGO Y GABINETE EN EL ESTADIO MUNICIPAL,G,0,2025-07-30 10:07:31,110,9,000000,,,
2025,4015,GMADA,2025-07-30 00:00:00,,,DEP,13,1110109000,1000000.0,PREVISION SIN N° - JAVIER DURANTE / ALIMENTOS PARA TODO EL AÑO,G,0,2025-07-30 12:02:12,110,9,000000,,,
2025,4311,GMADA,2025-08-21 00:00:00,,,BROM,11,1110104000,369920.0,SEASINGLAB QUIMICA DE TOMAS FRANCI- PRESUPUESTO N° 20/08/2025 (BROMATOLOGIA),G,0,2025-08-21 07:54:58,110,13,000000,,,
2025,4312,GMADA,2025-08-21 00:00:00,,,SASM,5,1110104000,350000.0,EXPEDIENTE N° 2414/2025 CONTRATO CON EL SR. FABIAN MANUEL QUIROGA POR REPARACIONES EN CAPS SAN MARTIN B,G,0,2025-08-21 08:12:03,131,33,000000,,,
2025,4314,GMADA,2025-08-21 00:00:00,,,LAV,5,1110104000,320000.0,PINAMAR HIGIENE INSTITUCIONAL SRL- PRESUPUESTO N° 0004-00001251 (LAVADERO),G,0,2025-08-21 09:47:07,131,2,000000,,,
2025,4322,GMADA,2025-08-21 00:00:00,,,HOSP,5,1110104000,320000.0,TALLER MARTIN- PRESUPUESTO N° 20/08/2025 DOMINIO: AC548KJ FORD KA,G,0,2025-08-21 12:01:56,131,2,000000,,,
2025,4378,GMADA,2025-08-27 00:00:00,,,SECSEG,20,1110113000,135000.0,"Leandro Ruben Bogado,presupuesto 01122-01127 (AF471ZQ-OIG911)",G,0,2025-08-27 09:16:48,110,25,000000,,,
2025,4324,GMADA,2025-08-21 00:00:00,,,HOSP,5,1110104000,681027.26,FARMACIA TONANI- PRESUPUESTO S/N° MEDICAMENTOS DISPENSADOS DESDE EL 4/08/25 AL 12/08/25,G,0,2025-08-21 13:22:13,131,2,000000,,,
2025,4376,GMADA,2025-08-27 00:00:00,,,SECSEG,20,1110113000,705000.0,"Leandro Ruben Bogado, presupuesto 01125 -01120-01114-01118-01121",G,0,2025-08-27 09:07:09,110,25,000000,,,
2025,4377,GMADA,2025-08-27 00:00:00,,,SECSEG,20,1110113000,360000.0,"Leandro Ruben Bogado, preuspuesto 01117-01128-01115",G,0,2025-08-27 09:12:57,110,25,000000,,,
2025,4425,GMADA,2025-09-01 00:00:00,,,COC,5,1110104000,137400.0,SANTA PAULA- PRESUPUESTO N° 0001-0002106/2108/2109 (COCINA),G,0,2025-09-01 10:06:17,131,2,000000,,,
2025,5110,GMADA,2025-10-30 00:00:00,,,OPP,3,1110103000,6581.4, Prov.:Electro DAnnunzio - Presup.:029385,G,0,2025-10-30 09:25:08,110,35,000000,,,
2026,93,GMADA,2026-01-05 00:00:00,,,COC,5,1110104000,7318400.0,CORRESPONDE CONCURSO DE PRECIOS N° 21/2025 EXPTE N° 3643/2025,G,0,2026-01-05 10:09:06,131,2,000000,,,
2025,2878,GMADA,2025-05-20 00:00:00,,,ACCSOC,7,1110106000,446255.13,"Presupuesto N° 0014-00232475 Papelera ""LAS TRES MARIAS""Para realizar actividades varias en la casita de chocolate",G,0,2025-05-21 12:32:43,132,JARDM,000000,,,
2025,2875,GMADA,2025-05-20 00:00:00,,,ACCSOC,7,1110106000,526901.26,"Presupuesto N° 0014-00232472 Papelera ""LAS TRES MARIAS""para Area Desarrollo Social",G,0,2025-05-20 11:51:25,110,4,000000,,,
2025,3323,GMADA,2025-06-17 00:00:00,,,ACCSOC,7,1110106000,7200.0,"Expte N° 1392/2025 PRESUPUESTO N° X 0001-00000755  de  María Teresa Arriola de ""El Dedal Merceria"" Para Jornada de actividad inclusión: Autismo",G,0,2025-06-17 10:46:31,110,4,000000,,,
2025,3319,GMADA,2025-06-17 00:00:00,,,ACCSOC,7,1110106000,4766700.61,"Expte N°  1033/2025  Contrato: Sra. Baigorria, Daniela - Operadora  grupal Programa Envión-  No cumple con el Art. 45 de la Ley 14.656",G,0,2025-06-17 10:26:16,131,4,000000,,,
2025,3321,GMADA,2025-06-17 00:00:00,,,ENV,7,1110106000,8595.04,"Expte N° 159/2025 Proyecto Tallers Programa Envión- PRESUPUESTO N° X 0001-00000044 de Juan Martín Correa Lorente de ""MC"" Para taller de macramé",G,0,2025-06-17 10:34:39,110,CASA,000000,,,
2025,3320,GMADA,2025-06-17 00:00:00,,,ACCSOC,7,1110106000,1942393.08,"Expte N° 1834/2025 Contrato: Sra. Suarez Acevedo, Sheila Psicóloga Servicio Local- No cumple con el Art. 45 de la Ley 14.656",G,0,2025-06-17 10:24:35,131,4,000000,,,
2025,3326,GMADA,2025-06-17 00:00:00,,,JARD,7,1110106000,1154164.48,"Expte N° 1813/2025 Contrato: Sra. López, María Manuela - Acompañante Terapéutico - No cumple con el Art. 45 de la Ley 14.656",G,0,2025-06-17 10:57:48,132,JARDM,000000,,,
2025,3330,GMADA,2025-06-17 00:00:00,,,ACCSOC,7,1110106000,311010.0,"PRESUPUESTO N° X 0001-00001155/1158 de Tatano Harisgarat S.R.L.  de  ""Casa Harisgarat"" Para la bloquera municipal y para el Servicio Local",G,0,2025-06-17 12:02:04,110,4,000000,,,
2025,3325,GMADA,2025-06-17 00:00:00,,,ACCSOC,7,1110106000,6000.0,"Expte N° 159/2025 Proyecto de Talleres Programa Envión  PRESUPUESTO N°  X 0001-000000814 de María Teresa Arriola de ""El Dedal Mercería"" Taller de costuras",G,0,2025-06-17 10:51:57,110,CASA,000000,,,
2025,3328,GMADA,2025-06-17 00:00:00,,,ACCSOC,7,1110106000,314920.0,"PRESUPUESTOS N° X 0001-00001156/1159 /1173/1175/ 1176 de Tatano Harisgarat S.R.L. de ""Casa Harisgarat"" Familias: Díaz, Yohana -  Basualdo, Guillermo - Jaime, Yesica- De Maio, Laura  - Maggio, Tamara",G,0,2025-06-17 11:35:20,132,4,000000,,,
2025,3640,GMADA,2025-07-04 00:00:00,,,HOSP,5,1110104000,6400000.0,CORRESPONDE EXTE Nº 3508/2024. DRA JAIME MARIA GRACIELA.,G,0,2025-07-04 09:30:27,131,2,000000,,,
2025,4191,GMADA,2025-08-11 00:00:00,,,BROM,11,1110104000,76400.0,PROVEEDURIA CAMPO Y CIUDAD- PRESUPUESTO N° 15251(BROMATOLOGIA),G,0,2025-08-11 13:16:33,110,2,000000,,,
2025,4558,GMADA,2025-09-10 00:00:00,,,COC,5,1110104000,89400.0,SANTA PAULA- PRESUPUESTO N° 0001-00002112/2114(COCINA),G,0,2025-09-10 09:18:06,131,2,000000,,,
2025,4262,GMADA,2025-08-18 00:00:00,,,ACCSOC,7,1110106000,180000.0,"PRESUPUESTO N° 8284 de ""MATAFUEGOS RUTA 11"" Recargas de matafuegos de: granja de contención, envión, sede, prestaciones, casita de chocolate, género",G,0,2025-08-18 09:17:35,110,4,000000,,,
2025,4266,GMADA,2025-08-18 00:00:00,,,GRAN,7,1110106000,138738.0,"PRESUPUESTO N° 00005504 de Silvia Beatriz Maistegui de ""PINTURERIA - FERRETERIA TODO COLOR"" Para ampliación en la granja de contención, para arreglo de gallinero.",G,0,2025-08-18 09:57:40,110,GRAN,4,,,
2025,4555,GMADA,2025-09-10 00:00:00,,,FARM,5,1110104000,1344255.4,DROGUERIA SORRENTINO S.A- PRESUPUESTO N° 5/09/2025 ( FARMACIA),G,0,2025-09-10 08:57:08,131,2,000000,,,
2025,4674,GMADA,2025-09-22 00:00:00,,,FARM,5,1110104000,220725.33,DROGUERIA DANA- PRESUPUESTO N° 11/09/2025 Y 12/09/2025 (FARMACIA),G,0,2025-09-22 08:48:36,131,2,000000,,,
2025,4556,GMADA,2025-09-10 00:00:00,,,COC,5,1110104000,112500.0,PEREZ JORGE- PRESUPUESTO N° 282177 (COCINA),G,0,2025-09-10 09:02:35,131,2,000000,,,
2025,4671,GMADA,2025-09-22 00:00:00,,,LAB,5,1110104000,3014545.68,UNO ELECTROMEDICINA - PRESUPUESTO N° 00003-00013741 (LABORATORIO DE ANALISIS),G,0,2025-09-22 07:57:59,131,2,000000,,,
2025,4560,GMADA,2025-09-10 00:00:00,,,COC,5,1110104000,161400.0,PROVEEDURIA LA ILUSION - PRESUPUESTO N° 21401 (COCINA),G,0,2025-09-10 09:29:18,131,2,000000,,,
2025,4678,GMADA,2025-09-22 00:00:00,,,FARM,5,1110104000,4221900.0,DROGUERIA ALFA CENTAURO S.A- PRESUPUESTO N° 15/09/2025 (FARMACIA),G,0,2025-09-22 10:06:11,131,2,000000,,,
2025,4672,GMADA,2025-09-22 00:00:00,,,PEDIAT,5,1110104000,211780.0,SERVIMED- PRESUPUESTO N° 8537/25 R (PEDIATRIA),G,0,2025-09-22 08:32:12,131,2,000000,,,
2025,4675,GMADA,2025-09-22 00:00:00,,,FARM,5,1110104000,386682.77,PILOÑA- PRESUPUESTO N° 0004-00188891/188339 (FARMACIA),G,0,2025-09-22 08:57:07,131,2,000000,,,
2025,5112,GMADA,2025-10-30 00:00:00,,,HOSP,5,1110104000,50103.93,PINAMAR HIGIENE INSTITUCIONAL S.R.L.PRESUPUESTO Nº 0016-00002077.COCINA HOSPITAL.,G,0,2025-10-30 10:58:31,131,2,000000,,,
2025,5190,GMADA,2025-11-07 00:00:00,,,QUI,5,1110104000,3702600.0,QUALIMED- PRESUPUESTO N° 77 (QUIROFANO),G,0,2025-11-07 08:59:15,131,2,000000,,,
2025,5198,GMADA,2025-11-07 00:00:00,,,HOSP,5,1110104000,105230.0,PINTURERIA FERRETERIA TODO COLOR- PRESUPUESTO N° 5926 ( INTERNACION- MANTENIMIENTO-GUARDIA- COCINA - QIROFANO),G,0,2025-11-07 10:11:07,131,2,000000,,,
2025,5202,GMADA,2025-11-07 00:00:00,,,HOSP,5,1110104000,77291.0,PINTURERIA FERRETERIA TODO COLOR- PRESUPUESTO N° 5919 (VACUNATORIO- GUARDIA-  INTERNACION- FARMACIA- MANTENIMIENTO),G,0,2025-11-07 12:26:34,131,2,000000,,,
2025,5329,GMADA,2025-11-26 00:00:00,,,FARM,5,1110104000,6132800.0,QUALIMED S.A- PRESUPUESTO N° 83 ( FARMACIA),G,0,2025-11-26 08:51:04,131,2,000000,,,
2025,3666,GMADA,2025-07-07 00:00:00,,,SECSEG,20,1110113000,622150.55,"Electro Dannunzio, presupuesto 28581(utilizado por el personal de tecnica del com para la colocacion/reparacion de camaras de seguridad)",G,0,2025-07-07 09:35:24,110,25,000000,,,
2025,3327,GMADA,2025-06-17 00:00:00,,,GOBHAC,2,1110102000,500000.0,PREVISION ANDINA 1923 S.A,G,0,2025-06-17 11:28:51,110,1,000000,,,
2025,3343,GMADA,2025-06-18 00:00:00,,,TURIS,6,1110105000,140000.0,Martin Quilindro | presupuesto 17 de junio 2025 | arreglo calefactor oficina turismo,G,0,2025-06-18 10:15:02,110,TURIS,000000,,,
2025,3533,GMADA,2025-06-30 00:00:00,,,PROD,14,1110108000,390000.0,PROV. CASTILLO MANUEL ALEJANDRO. PRESU. 30/06/2025- SEC. PRODUCCION- PARQUE INDUSTRIAL,G,0,2025-06-30 11:12:21,110,8,000000,,,
2025,3664,GMADA,2025-07-07 00:00:00,,,SECSEG,20,1110113000,61000.0,"Gomeria La Diagonal, presupuesto 0537-0537 ( moviles af349oi- oig911-af173ln-ab038fh- nuf386-af245ct-jch069-af354su-af245cy-",G,0,2025-07-07 09:21:25,110,25,000000,,,
2025,3671,GMADA,2025-07-07 00:00:00,,,SECSEG,20,1110113000,299960.0,IvanPer. presupuesto 6686 (ae331iy-ae704ax),G,0,2025-07-07 09:54:58,110,25,000000,,,
2025,4822,GMADA,2025-10-02 00:00:00,,,ACCSOC,7,1110106000,2913589.62,"Expte N° 2931/25 Contrato Sra. Pelinski, Eva Lorena - Psicóloga-  Servicio Local- No cumple con el Art. 45 de la Ley 14.656",G,0,2025-10-02 09:06:16,131,4,000000,,,
2025,3669,GMADA,2025-07-07 00:00:00,,,SECSEG,20,1110113000,9766.23,"Electro Dannunzio, presupuestos 28530-286168",G,0,2025-07-07 09:46:27,110,25,000000,,,
2025,4752,GMADA,2025-09-25 00:00:00,,,SECSEG,20,1110113000,121260.0,"Todo Color, presupuesto 5544 ( taller del com)",G,0,2025-09-25 09:10:40,110,25,000000,,,
2025,4820,GMADA,2025-10-02 00:00:00,,,ACCSOC,7,1110106000,2913589.62,"Expte N° 1834/25 Renovación de contrato. Sra. Suarez Acevedo, Sheila. Psicóloga _ Servicio Local- No cumple con el Art. 45 de la Ley 14.656",G,0,2025-10-02 09:32:27,131,4,000000,,,
2025,4823,GMADA,2025-10-02 00:00:00,,,ACCSOC,7,1110106000,2042870.4,"Expte N° 1813/25 Renovación de contrato- Sra. López, María Manuela - Acompañante terapéutico - No cumple con el Art. 45 de la Ley 14.656",G,0,2025-10-02 10:04:47,132,JARDM,000000,,,
2026,485,GMADA,2026-01-27 00:00:00,,,HOSP,5,1110104000,254792.57,FARMACIA SOTO- PRESUPUESTO N° 934 MEDICAMENTOS DISPENSADOS DESDE EL 26/12/25  AL 26/01/26,G,0,2026-01-27 08:46:21,131,2,000000,,,
2025,4907,GMADA,2025-10-09 00:00:00,,,MAYOR,2,1110102000,540000.0,"PRESUPUESTO, IRIARTE RAUL",G,0,2025-10-09 10:39:34,110,37,000000,,,
2025,4922,GMADA,2025-10-13 00:00:00,,,CAS,3,1110111000,196650.0,"PRESUPUESTO 87, ISIDRO-SANTOS",G,0,2025-10-13 09:35:25,131,6,000000,,,
2025,5418,GMADA,2025-12-10 00:00:00,,,HOSP,5,1110104000,430000.0,PRESUPUESTO PHOYU MARIA ANGELICA MES DICIMEBRE,G,0,2025-12-30 08:30:11,131,2,000000,,,
2026,350,GMADA,2026-01-16 00:00:00,,,SECSEG,20,1110113000,25000.0,"Gomeria La Diagonal, presupuesto 0538 (AE704AW-OIG911-AC331IY)",N,0,2026-01-29 10:30:09,110,25,000000,,,
2026,1004,GMADA,2026-03-10 00:00:00,,,FARM,5,1110104000,6879680.0,VELIBO SUPPLIES S.A.S- PRESUPUESTO N° 0001-00011228,G,0,2026-03-10 10:09:05,131,2,000000,,,
2026,999,GMADA,2026-03-10 00:00:00,,,COC,5,1110104000,60300.0,SANTA PAULA- PRESUPUESTO N° 0001-00002194 (SEMANA DEL 9/03 AL 16/03/26),G,0,2026-03-10 08:57:17,131,2,000000,,,
2026,1002,GMADA,2026-03-10 00:00:00,,,LAB,5,1110104000,921363.49,RADIOGRAFICAOESTE - PRESUPUESTO N° 100053328,G,0,2026-03-10 09:21:26,131,2,000000,,,
2026,1008,GMADA,2026-03-10 00:00:00,,,FARM,5,1110104000,7928060.23,PILOÑA- PRESUPUESTO N° 9/03/2026,G,0,2026-03-11 11:03:11,131,2,000000,,,
2026,1005,GMADA,2026-03-10 00:00:00,,,HOSP,5,1110104000,6209745.0,QUALIMED S.A- PRESUPUESTO N° 92,G,0,2026-03-10 10:26:47,131,2,000000,,,
2026,106,GMADA,2026-01-05 00:00:00,,,GOB,2,1110102000,37300.0,Corresponde presupuesto N° 00003038 - ZUBIARRAIN DANIEL - FOR FOCUS ILZ 693,G,0,2026-01-05 12:36:14,110,SECGO,000000,,,
2026,224,GMADA,2026-01-09 00:00:00,,,ACCSOC,7,1110106000,143000.0,"PRESUPUESTO N° X 1342394 de Garcia Gladys de ""Panadería Alem"" Esfuerzo Solidario",G,0,2026-01-14 09:32:59,132,4,000000,,,
2026,223,GMADA,2026-01-09 00:00:00,,,ENV,7,1110106000,56100.0,"PRESUPUESTO N° X 1342391 de Garcia Gladys de ""Panadería Alem""",G,0,2026-01-09 12:33:37,132,CASA,000000,,,
2026,567,GMADA,2026-02-04 00:00:00,,,BARU,25,1110118000,1200000.0,"PREVISION, YELITO",G,0,2026-02-04 07:37:58,110,24,000000,,,
2026,584,GMADA,2026-02-05 00:00:00,,,GOB,2,1110102000,4750000.0,CORRESPONDE PREVISION COMBUSTIBLES DEL SALADO - SEC GOBIERNO,G,0,2026-02-05 11:22:41,110,SECGO,000000,,,
2025,4276,GMADA,2025-08-18 00:00:00,,,HOSP,5,1110104000,3402281.0,QUALIMED- PRESUPUESTO N° 69 (FARMACIA -QUIROFANO),G,0,2025-08-18 13:43:30,131,2,000000,,,
2025,4430,GMADA,2025-09-02 00:00:00,,,FARM,5,1110104000,446377.7,DROGUERIA ALBERDI- PRESUPUESTO N° 31/07/2025 ( FARMACIA),G,0,2025-09-02 08:53:43,131,2,000000,,,
2025,4429,GMADA,2025-09-02 00:00:00,,,COC,5,1110104000,140000.0,AVICOLA DEL TUYU DE ANDERS VICTOR- PRESUPUESTO N° 0008-00003818 (COCINA),G,0,2025-09-02 08:27:10,131,2,000000,,,
2025,4432,GMADA,2025-09-02 00:00:00,,,HOSP,5,1110104000,67700.0,SERVIMED- PRESUPUESTO N° 8383/25 (AMBULANCIA),G,0,2025-09-02 09:10:38,131,2,000000,,,
2025,4434,GMADA,2025-09-02 00:00:00,,,TERINT,5,1110104000,2250000.0,QUALIMED- PRESUPUESTO N° 71 (UTI),G,0,2025-09-02 09:23:05,131,2,000000,,,
2025,4431,GMADA,2025-09-02 00:00:00,,,FARM,5,1110104000,5670414.3,VELIBO SUPPLIES SAS- PRESUPUESTO N° 0001-00009034 (FARMACIA),G,0,2025-09-02 09:05:35,131,2,000000,,,
2025,4569,GMADA,2025-09-10 00:00:00,,,JARD,7,1110106000,84146.4,"PRESUPUESTOS N° 00029064/29075 de Sucesión de D annunzio Jorge Eldo de ""ELECTRO D ANNUNZIO"" Para arreglar problemas de luz en la casita de chocolate y cambio de lámparas que se habían quemado",G,0,2025-09-10 11:12:30,132,JARDM,000000,,,
2025,4433,GMADA,2025-09-02 00:00:00,,,FARM,5,1110104000,436630.5,INSUMOS GENERALES 3F- PRESUPUESTO N° 1/09/2025 (FARMACIA),G,0,2025-09-02 09:19:11,131,2,000000,,,
2025,4442,GMADA,2025-09-02 00:00:00,,,FARM,5,1110104000,896288.17,PILOÑA- PRESUPUESTO N° 0004-00189227/189228 (FARMACIA),G,0,2025-09-02 11:33:00,131,2,000000,,,
2025,4438,GMADA,2025-09-02 00:00:00,,,FARM,5,1110104000,782327.75,DROGUERIA PERDOMINICI- PRESUPUESTO N° 28/08/2025 (FARMACIA),G,0,2025-09-02 11:11:46,131,2,000000,,,
2025,4447,GMADA,2025-09-02 00:00:00,,,HOSP,5,1110104000,80000.0,CORBELLINI CESAR - PRESUPUESTO N° 1021 (DOMINIO AC548KJ),G,0,2025-09-02 12:40:05,131,2,000000,,,
2025,4567,GMADA,2025-09-10 00:00:00,,,JARD,7,1110106000,186400.0,"PRESUPUESTO de Labatut, Marcelo de ""LA FRUTERIA""  Agosto 2025",G,0,2025-09-10 11:04:54,132,JARDM,000000,,,
2025,5449,GMADA,2025-12-18 00:00:00,,,SECSEG,20,1110113000,275750.0,"Ivanper, rpesupuesto 7558 (taller)",G,0,2025-12-18 08:17:38,110,25,000000,,,
2025,4803,GMADA,2025-10-01 00:00:00,,,OPP,3,1110103000,117324.02,Exp.:1861/15 Construccion 36 Viviendas - Prov.:Pintureria Concepto - Presup.:02815,G,0,2025-10-01 08:39:06,132,35,000000,,,
2025,5344,GMADA,2025-11-27 00:00:00,,,PROD,14,1110108000,16000.0, PROV. BALETTO URRUTIA JUAN AGUSTIN - SEC. PRODUCCION-,G,0,2025-11-27 10:50:50,110,8,000000,,,
2025,4827,GMADA,2025-10-02 00:00:00,,,ACCSOC,7,1110106000,7048080.0,"PRESUPUESTO N° X 00000032 de Lo coco, Marcelo de ""TODO COLOR"" Diabéticos Septiembre 2025",G,0,2025-10-02 10:19:36,132,4,000000,,,
2025,5435,GMADA,2025-12-12 00:00:00,,,HOSP,5,1110104000,1533696.78,PRESUPUESTO 7217 REPUESTO PARA PLANTA DE OXIGENO Nº 3,G,0,2025-12-12 11:09:36,131,2,000000,,,
2025,5448,GMADA,2025-12-18 00:00:00,,,SECSEG,20,1110113000,170000.0,"Gomeria V+B, presupuestos 0711-0712-0713-0716-0717-0718-0719-0720-0721-0722-0723-0724-0725-0726-",G,0,2025-12-18 07:53:30,110,25,000000,,,
2025,5457,GMADA,2025-12-29 00:00:00,,,ACCSOC,7,1110106000,1820000.0,Corresponde previsión combustible del Salado-Desarrollo Social,G,0,2025-12-29 08:59:11,110,4,000000,,,
2025,3933,GMADA,2025-07-24 00:00:00,,,DEP,13,1110109000,312575.01,PRESUPUESTO SIN N° - PINTURERIA SAGITARIO S.A / MATERIALES PARA TRABAJOS DE PINTURA EN EL POLIDEPORTIVO MUNICIPAL,G,0,2025-07-24 08:46:41,110,9,000000,,,
2025,3919,GMADA,2025-07-23 00:00:00,,,HOGANC,5,1110104000,161815.98,PINAMAR HIGIENE INSTITUCIONAL SRL- PRESUPUESTO N° 0016-00001873/1891 HOGAR DE ANCIANOS,G,0,2025-07-23 09:12:34,131,2,000000,,,
2025,4004,GMADA,2025-07-29 00:00:00,,,HOSP,5,1110104000,1362479.63,MAX CONTINENTAL- PRESUPUESTO N° 0001-00151827 (FARMACIA-QUIROFANO),G,0,2025-07-29 12:51:32,131,2,000000,,,
2025,3932,GMADA,2025-07-24 00:00:00,,,DEP,13,1110109000,514379.36,PRESUPUESTO SIN N° - SAGITARIO / MATERIALES PARA TRABAJOS DE PINTURAS EN EL POLIDEPORTIVO MUNICIPAL,G,0,2025-07-24 08:38:47,110,9,000000,,,
2025,3934,GMADA,2025-07-24 00:00:00,,,DEP,13,1110109000,138449.25,PRESUPUESTO SIN N° - PINTURERIA SAGITARIO / MATERIALES PARA TRABAJOS DE PINTURA EN EL POLIDEPORTIVO MUNICIPAL,G,0,2025-07-24 08:58:08,110,9,000000,,,
2025,4360,GMADA,2025-08-26 00:00:00,,,DECI,25,1110118000,876500.0,"PROV.VOLTIOS PRESP.250725 PARA BICENTENARIO,CALLE 20 DE JUNIO,SKATE PARK Y PERSONAL DE DEFENSA CIVIL",G,0,2025-08-26 09:10:06,110,3,000000,,,
2025,4002,GMADA,2025-07-29 00:00:00,,,TOMO,5,1110104000,150000.0,AC REFRIGERACION- PRESUPUESTO N° 370 ( RAYOS),G,0,2025-07-29 10:55:45,131,2,000000,,,
2025,4032,GMADA,2025-07-31 00:00:00,,,PROD,14,1110108000,100000.0, PROV. MEDINA LILIANA NOEMI . PRESU. ADDENDA- SEC. PRODUCCION- TALLER TEXTIL,G,0,2025-07-31 12:15:47,110,8,000000,,,
2025,4038,GMADA,2025-08-01 00:00:00,,,00003,25,1110118000,4356000.0,Corresponde Expte N° 2270/2025-  HECTOR DANIEL AYCIERIEX,G,0,2025-08-01 10:56:52,110,3,000000,,,
2025,4130,GMADA,2025-08-07 00:00:00,,,GOBHAC,2,1110102000,100000.0,"PRESUPUESTO 000, ALUMAN SEBASTIAN",G,0,2025-08-07 09:19:48,110,1,000000,,,
2025,4133,GMADA,2025-08-07 00:00:00,,,GOBHAC,2,1110102000,280000.0,"PRESUPUESTO DEL 6/08,CANERO ECHEGARAY JOSE OCTAVIO,EXPTE. 2349/25",G,0,2025-08-11 08:46:15,110,1,000000,,,
2025,4137,GMADA,2025-08-07 00:00:00,,,GOBHAC,2,1110102000,140000.0,"PRESUPUESTO 000, DANIEL RUIZ, EXPTE. 2349/25",G,0,2025-08-07 10:28:33,110,1,000000,,,
2025,4134,GMADA,2025-08-07 00:00:00,,,GOBHAC,2,1110102000,280000.0,"PRESUPUESTO DEL 6/08,CANERO ECHEGARAY JOSE OCTAVIO,EXPTE. 2350/25",G,0,2025-08-07 10:17:09,110,1,000000,,,
2025,4154,GMADA,2025-08-08 00:00:00,,,OPP,3,1110103000,109025.0,Exp.:1485/25 Ref. Acta de Entrega y de Constatación de Inmueble - Juzgado de Paz Letrado Gral. Madariaga - Prov.:Pintureria Concepto - Presup.02459;02445,N,0,2025-08-08 08:46:03,110,35,000000,,,
2025,4267,GMADA,2025-08-18 00:00:00,,,000SU,25,1110118000,149130.0,PROV.SILVIA MAISTEGUI PRESUP.5525 PARA ARREGLOS GENERALES CORRALON MUNICIPAL,G,0,2025-08-18 10:13:15,110,3,000000,,,
2025,4355,GMADA,2025-08-26 00:00:00,,,000SU,25,1110118000,25000.0,PROV. AGUSTIN PASO PRES.3818 PARCHE PARA MOTONIVELADORA NEW HOLLANDO CII59,G,0,2025-08-26 07:51:39,110,3,000000,,,
2025,4705,GMADA,2025-09-23 00:00:00,,,FARM,5,1110104000,541767.69,MAX CONTINENTAL- PRESUPUESTO N° 0001-00154022 (FARMACIA),G,0,2025-09-23 12:43:11,131,2,000000,,,
2025,4356,GMADA,2025-08-26 00:00:00,,,000SU,25,1110118000,489800.0,PROV. RADIADORES BUSTAMANTE PRESUP.0263 REPARACION DE RADIDOR PALA CARGADORA SDLG 936CII58,G,0,2025-08-26 07:58:10,110,3,000000,,,
2025,4435,GMADA,2025-09-02 00:00:00,,,ARCHIV,2,1110102000,25000.0,"Lombera Carlos,presupuesto 0044",G,0,2025-09-02 10:15:13,110,1,000000,,,
2025,4649,GMADA,2025-09-17 00:00:00,,,OPP,3,1110103000,584760.0,Exp.:3585/24 Ejecución/Reparación Rampas - Esquinas céntricas - Prov.:Casa Harisgarat - Presup.:1237;1241;1226;1220;1218;1214,G,0,2025-09-17 11:43:11,110,35,000000,,,
2025,4436,GMADA,2025-09-02 00:00:00,,,GOBHAC,2,1110102000,11659.56,"Pintureria Concepto,presupuesto 02624 monumento a guemes",G,0,2025-09-02 12:13:28,110,1,000000,,,
2025,4479,GMADA,2025-09-04 00:00:00,,,HOGANC,5,1110104000,213600.0,"TODO POLLO, PRESUPUESTO N° 00000029",G,0,2025-09-04 12:37:43,131,H.ANC,000000,,,
2025,4480,GMADA,2025-09-04 00:00:00,,,CAS,3,1110111000,1248500.0,"Ramos Osvaldos e Isidro Juan Carlos (Batería La Primera).Moto Pauny 160,Moto Pauny 180, turbo Pauny 1,New Holand.",G,0,2025-09-04 12:38:48,131,6,000000,,,
2025,4655,GMADA,2025-09-18 00:00:00,,,HOSP,5,1110104000,54600.0,"Copia de 2025/3155 GONZALEZ MARIA TERESA- PREVISION DE AGUA MINERAL X 20 LTS - HOSPITAL Y HOGAR DE ANCIANOS,DIFERENCIA DE ORDEN 3154",G,0,2025-09-18 09:44:25,131,2,000000,,,
2025,4483,GMADA,2025-09-04 00:00:00,,,HOGANC,5,1110104000,947399.59,"JAVIER DURANTE, PRESUPUESTO N° 0001-00000737",N,0,2025-12-19 13:06:18,131,H.ANC,000000,,,
2025,4668,GMADA,2025-09-20 00:00:00,,,LAB,5,1110104000,1703133.6,UNO ELECTROMEDICINA - PRESUPUESTO N° 00003-00013740 (LABORATORIO DE ANALISIS),G,0,2025-09-22 10:59:46,131,2,000000,,,
2025,4669,GMADA,2025-09-20 00:00:00,,,LAB,5,1110104000,834471.65,RADIOGRAFICAOESTE- PRESUPUESTO N° 100050809 (LABORATORIO DE ANALISIS),G,0,2025-09-20 10:35:27,131,2,000000,,,
2025,4693,GMADA,2025-09-23 00:00:00,,,HOSP,5,1110104000,430000.0,PHOYU MARIA ALCIRA- PRESUPUESTO N° 16/09/2025 (QUIROFANO - UTI ) MES DE SEPTIEMBRE,G,0,2025-09-24 08:32:37,131,2,000000,,,
2025,4695,GMADA,2025-09-23 00:00:00,,,LAV,5,1110104000,1332681.8,PINAMAR HIGIENE INSTITUCIONAL SRL - PRESUPUESTO N° 0016- 00001986/1972,N,0,2025-09-23 09:33:02,131,2,000000,,,
2025,4938,GMADA,2025-10-15 00:00:00,,,BROM,11,1110104000,574600.0,FRENOS MADARIAGA- PRESUPUESTO N° 86 (BROMATOLOGIA) DOMINIO: AB437WY,G,0,2025-10-15 08:19:19,110,2,000000,,,
2025,4702,GMADA,2025-09-23 00:00:00,,,HOSP,5,1110104000,4450000.0,"CORRESPONDE PREVISION COMBUSTIBLES DEL SALADO S.A.VEHICULOS HOSPITAL: AA 775 QW, PAA 334, AB 038 OI, AG 180 HE, AF 591 SU, AG 545 GL, AC 548 KJ.",G,0,2025-09-24 11:21:35,110,2,000000,,,
2025,4745,GMADA,2025-09-24 00:00:00,,,HOSP,5,1110104000,160000.0,NEUMATICOS PASO de Agustin Paso.PRESUPUESTO Nº 0001-000003883.FORD KA AC 548 KJ.,G,0,2025-09-24 13:15:51,131,2,000000,,,
2025,4787,GMADA,2025-09-29 00:00:00,,,DEP,13,1110109000,30000.0,PRESUPUIESTO N° 0010 - ALUCOR / REPARACION Y COLOCACION DE VIDRIO EN VENTANA EN OFICINA DE DEPORTES,G,0,2025-09-29 13:14:15,110,9,000000,,,
2025,4746,GMADA,2025-09-24 00:00:00,,,HOSP,5,1110104000,502918.0,NEUMATICOS PASO de Agustin Paso.PRESUPUESTO Nº 0001-00003880.AMBULANCIA MOVIL 8 DOMINIO PAA 334.,G,0,2025-09-24 13:22:51,131,2,000000,,,
2025,4858,GMADA,2025-10-06 00:00:00,,,DEP,13,1110109000,287155.0,PRESUPUESTO N°0782 - LUBRICENTRO MADARIAGA / SERVICE COMPLETO IVECO (DOMINIO: MKF817),G,0,2025-10-06 13:08:15,110,9,000000,,,
2025,4813,GMADA,2025-10-01 00:00:00,,,CULTUR,1,1110105000,40000.0,SOCIEDAD ESPAÑOLA DE SOCORROS MUTUOS ALQUILER SEDE SECRETARIA DE CULTURA   EXPTE. 94/25   DIFERENCIA MES DE SEPTIEMBRE,G,0,2025-10-01 12:39:44,110,5,000000,,,
2025,4902,GMADA,2025-10-09 00:00:00,,,DEP,13,1110109000,3843190.0,PRESUPUESTO SIN N° - 12 DE OCTUBRE S.R.L (COSTA AZUL) TRANSPORTE ETAPA FINAL BONAERENSE,G,0,2025-10-09 07:35:17,132,9,000000,,,
2025,4906,GMADA,2025-10-09 00:00:00,,,DEP,13,1110109000,600000.0,PRESUPUESTO SIN N° - LACAVA MIGUEL ANGEL / SERVICIO DE TRANSPORTE EN EN EL MARCO DEL PROGRAMA TORNEOS BONAERENSES ETAPA FINAL,G,0,2025-10-09 10:14:09,132,9,000000,,,
2025,4913,GMADA,2025-10-11 00:00:00,,,HOSP,5,1110104000,35000.0,LOPEZ LEONARDO- PRESUPUESTO N° 6/10/25 ( MEDICOS DE GUARDIA Y OFICINA DE RECURSOS HUMANOS),G,0,2025-10-11 09:10:37,131,2,000000,,,
2025,4914,GMADA,2025-10-11 00:00:00,,,COC,5,1110104000,22708.28,PINAMAR HIGIENE INSTITUCIONAL SRL- PRESUPUESTO N° 0016-00002042 (COCINA),G,0,2025-10-11 09:43:48,131,2,000000,,,
2025,4935,GMADA,2025-10-15 00:00:00,,,CULTUR,1,1110105000,42000.0,HISPANOGRAF    PRESUPUESTO N° 1812,G,0,2025-10-15 07:51:54,110,5,000000,,,
2025,4915,GMADA,2025-10-11 00:00:00,,,COC,5,1110104000,2260610.0,DURANTE JAVIER- PRESUPUESTO N° 0001-00000772 (COCINA) PEDIDO MENSUAL DESDE 8/10 AL 8/11/25,G,0,2025-10-11 10:33:14,131,2,000000,,,
2025,4937,GMADA,2025-10-15 00:00:00,,,HOGANC,5,1110104000,39600.0,TERRANOVA QUIMICA- PRESUPUESTO N° 981 (HOGAR DE ANCIANOS),G,0,2025-10-15 08:01:37,131,2,000000,,,
2025,4939,GMADA,2025-10-15 00:00:00,,,HOSP,5,1110104000,215947.91,PINAMAR HIGIENE INSTITUCIONAL SRL - PRESUPUESTO N° 0016-00002055/2056 (COCINA Y HOGAR DE ANCIANOS),G,0,2025-10-15 09:28:00,131,2,000000,,,
2025,4941,GMADA,2025-10-15 00:00:00,,,BARU,25,1110118000,3619000.0,PROV. FGC FUELS MARKET GAS OIL PARA MAQUINAS DE PREDIO DISPOSICION FINAL RUTA 11 KM  405.5,G,0,2025-10-15 09:22:54,132,,000000,,,
2025,4940,GMADA,2025-10-15 00:00:00,,,LAV,5,1110104000,228598.89,PINAMAR HIGIENE INSTITUCIONAL SRL- PRESUPUESTO N° 0016-00002046 (LAVADERO),G,0,2025-10-15 09:20:19,131,2,000000,,,
2025,4945,GMADA,2025-10-15 00:00:00,,,BARU,25,1110118000,280000.0,PROV. SUSZCZYK CLAUDIO PRESUP. REPARACION DE PALA CARGADORA LIULONG G855,G,0,2025-10-15 10:16:29,110,,000000,,,
2025,4947,GMADA,2025-10-16 00:00:00,,,CAS,3,1110111000,45975.0,Corresponde presupuesto N° 00007382 - IVANPER,G,0,2025-10-16 07:27:05,131,6,000000,,,
2025,4942,GMADA,2025-10-15 00:00:00,,,FARM,5,1110104000,2362644.26,VELIBO SUPPLIES SAS- PRESUPUESTO N° 0001-00009586 (FARMACIA),G,0,2025-10-15 09:39:06,131,2,000000,,,
2025,4944,GMADA,2025-10-15 00:00:00,,,000SU,25,1110118000,6160000.0,PROV. ATREUCO PUEL COMBUSTIBLE PARA MAQUINAS Y VEHICULOS DE ESTA SECRETARIA,G,0,2025-10-15 10:10:51,132,3,000000,,,
2025,4946,GMADA,2025-10-15 00:00:00,,,BARU,25,1110118000,1612730.58,PROV.SOLUCIONES DE MOVILIDAD PRESUP.12/2025 REPUESTOS PARA FOTON AE969PX,N,0,2025-10-15 12:40:00,110,3,000000,,,
2025,4962,GMADA,2025-10-17 00:00:00,,,MAYOR,2,1110102000,61550.0,"PRESUPUESTO 987, TERRANOVA LUCAS",G,0,2025-10-17 07:30:28,110,37,000000,,,
2025,4980,GMADA,2025-10-18 00:00:00,,,HOSP,5,1110104000,191380.0,IVANPER REPUESTOS- PRESUPUESTO N° 7454 (MOVIL 6 JQS879 Y MOVIL 8 PAA334),G,0,2025-10-18 09:03:00,131,2,000000,,,
2025,4958,GMADA,2025-10-16 00:00:00,,,INGPU,19,1110112000,173400.0,"PRESUPUESTO 3793, MATIENZO PAOLA AMELIA",G,0,2025-10-16 11:49:19,110,26,000000,,,
2025,4976,GMADA,2025-10-17 00:00:00,,,MESEN,2,1110102000,36000.0,"PRESUPUESTO 3796, MATIENZO PAOLA EMILIA",G,0,2025-10-17 12:52:15,110,MESEN,000000,,,
2025,4964,GMADA,2025-10-17 00:00:00,,,MAYOR,2,1110102000,560034.96,"PRESUPUESTO 53, CORREA LORENTE JUAN MARTIN",G,0,2025-10-17 07:36:03,110,37,000000,,,
2025,4983,GMADA,2025-10-18 00:00:00,,,QUI,5,1110104000,107250.0,SERVIMED- PRESUPUESTO N° 8667/25 R (QUIROFANO),G,0,2025-10-18 10:01:58,131,2,000000,,,
2025,4979,GMADA,2025-10-18 00:00:00,,,HOSP,5,1110104000,14000.0,ELECTRICIDAD EL GALLEGO- PRESUPUESTO N° 0001-00053119 (MANTENIMIENTO),G,0,2025-10-18 08:44:48,131,2,000000,,,
2025,4982,GMADA,2025-10-18 00:00:00,,,HOGANC,5,1110104000,190000.0,OPAZO DANIEL- PRESUPUESTO N° 13/10/2025 (HOGAR DE ANCIANOS),G,0,2025-10-18 09:56:48,131,2,000000,,,
2025,4981,GMADA,2025-10-18 00:00:00,,,HOSP,5,1110104000,116200.0,FAE- PRESUPUESTO N° 4921540/4921541 (OFFICE DE MUCAMAS),G,0,2025-10-18 09:15:55,131,2,000000,,,
2025,4984,GMADA,2025-10-20 00:00:00,,,CAS,3,1110111000,3802190.0,"PRESUPUESTO 078-9165/9163/9164, DISTEFANO ALFIO",G,0,2025-10-20 09:22:20,131,6,000000,,,
2025,4986,GMADA,2025-10-20 00:00:00,,,CAS,3,1110111000,447565.4,"PRESUPUESTO 6175, ZMG ARGENTINA SRL",G,0,2025-10-20 10:21:32,131,6,000000,,,
2025,4997,GMADA,2025-10-21 00:00:00,,,000A,24,1110117000,35500.0,"PRESUPUESTO DEL 22/09, SUAREZ PABLO",G,0,2025-10-21 09:41:58,110,ASLEG,000000,,,
2025,4985,GMADA,2025-10-20 00:00:00,,,HOSP,5,1110104000,3400000.0,"RENOVACION POLIZA 554717-0,SMG(1489)",G,0,2025-10-20 09:28:41,131,2,000000,,,
2025,4995,GMADA,2025-10-21 00:00:00,,,000SU,25,1110118000,4000000.0,"Copia de 2025/214 POLIZA SEG TEC 166800,PROVINCIA SEGUROS",G,0,2025-10-21 08:35:18,110,3,000000,,,
2025,3041,GMADA,2025-05-29 00:00:00,,,FARM,5,1110104000,435680.21,PILOÑA - PRESUPUESTO N° 4-182112 (FARMACIA HOSPITAL),G,0,2025-05-29 09:33:50,131,2,000000,,,
2025,2972,GMADA,2025-05-24 00:00:00,,,FARM,5,1110104000,452559.2,INSUMOS GENERALES 3F- PRESUPUESTO N° 21/05/2025 FARMACIA,G,0,2025-05-26 07:46:07,131,2,000000,,,
2025,2991,GMADA,2025-05-27 00:00:00,,,TURIS,6,1110105000,33824.0,3HCarpas - Hernandez y Hernandez,G,0,2025-05-27 09:29:03,110,TURIS,000000,,,
2025,3035,GMADA,2025-05-29 00:00:00,,,SECSEG,20,1110113000,286772.97,"Casa Blanco, presupuesto 1-185625 (elementos para instalacion de camaras de seguridad-COM)",G,0,2025-05-29 08:28:38,110,25,000000,,,
2025,3044,GMADA,2025-05-29 00:00:00,,,COC,5,1110104000,152000.0,AVICOLA DEL TUYU - PRESUPUESTO N° 8-3256,G,0,2025-05-29 09:40:47,131,2,000000,,,
2025,3040,GMADA,2025-05-29 00:00:00,,,FARM,5,1110104000,452279.68,MAX CONTINENTAL - PRESUPUESTO N° 1-150776 (FARMACIA HOSPITAL)13,G,0,2025-05-29 09:30:57,131,2,000000,,,
2025,3047,GMADA,2025-05-29 00:00:00,,,HOSP,5,1110104000,45500.0,"SYSTEC COMPUTACION - PRESUPUESTO N° 715 (ADMISION, MATERNIDAD, RECURSOS HUMANOS)",G,0,2025-05-29 09:47:02,131,2,000000,,,
2025,3043,GMADA,2025-05-29 00:00:00,,,HOSP,5,1110104000,417900.0,BATERIAS LA PRIMERA - PRESUPUESTO N° 1-2495. DOMINIO AG180HE.,G,0,2025-05-29 15:35:13,131,2,000000,,,
2025,3050,GMADA,2025-05-29 00:00:00,,,HOSP,5,1110104000,652571.55,"PINAMAR HIGIENE INSTITUCIONAL - PRESUPUESTO N° 16-1675, 16-1690, 16-1691 Y 16-1699.ELEMENTOS UTILIZADOS EN HIGIENE DE HOSPITAL.",G,0,2025-05-29 15:39:42,131,2,000000,,,
2025,3046,GMADA,2025-05-29 00:00:00,,,HOSP,5,1110104000,68660.0,"PAPELERA ALPA - PRESUPUESTO N° 2-3645 (LABORATORIO, MATERNIDAD, ADMISION, CONSULTORIOS)",G,0,2025-05-29 09:44:55,131,2,000000,,,
2025,3055,GMADA,2025-05-29 00:00:00,,,HOSP,5,1110104000,1425758.5,"PINAMAR HIGIENE INSTITUCIONAL - PRESUPUESTO N° 16-1743, 16-1788, 16-1789 Y 16-1792.ELEMENTOS UTILIZADOS EN HIGIENE HOSPITAL MUNICIPAL.",G,0,2025-05-29 15:42:08,131,2,000000,,,
2025,3049,GMADA,2025-05-29 00:00:00,,,HOSP,5,1110104000,383150.0,HISPANOGRAF - PRESUPUESTO N° 1770.PIZARRAS PARA HOSPITAL CON NOVEDADES DE HORARIOS Y TURNOS DE MEDICOS.,G,0,2025-05-29 15:37:54,131,2,000000,,,
2025,3059,GMADA,2025-05-29 00:00:00,,,COC,5,1110104000,1195000.0,LA MARCA CARNES - PRESUPUESTO S/N FECHA 27/12/24 (COCINA HOSPITAL),G,0,2025-07-10 10:48:22,131,2,000000,,,
2025,3052,GMADA,2025-05-29 00:00:00,,,HOSP,5,1110104000,359911.54,"PINAMAR HIGIENE INSTITUCIONAL - PRESUPUESTO N° 16-1713, 16-1726 Y 16-1727.ELEMENTOS UTILIZADOS EN HIGIENE HOSPITAL MUNICIPAL.",G,0,2025-05-29 15:40:50,131,2,000000,,,
2025,3061,GMADA,2025-05-29 00:00:00,,,COC,5,1110104000,1052500.0,LA MARCA CARNES - PRESUPUESTOS S/N FECHA 9/1/25 Y 30/1/25 (COCINA HOSPITAL),G,0,2025-07-10 10:44:11,131,2,000000,,,
2025,3056,GMADA,2025-05-29 00:00:00,,,HOSP,5,1110104000,566841.1,"PINAMAR HIGIENE INSTITUCIONAL - PRESUPUESTO N° 16-1754, 16-1761, 16-1772, 16-1790. ELEMENTOS UTILIZADOS EN HIGIENE HOSPITAL MUNICIPAL.",G,0,2025-05-29 15:43:21,131,2,000000,,,
2025,3063,GMADA,2025-05-29 00:00:00,,,COC,5,1110104000,1462000.0,LA MARCA CARNES - PRESUPUSTO S/N FECHA 14/2/25 (COCINA HOSPITAL),N,0,2025-05-29 11:01:34,131,2,000000,,,
2025,3060,GMADA,2025-05-29 00:00:00,,,COC,5,1110104000,1110000.0,LA MARCA CARNES - PRESUPUESTOS S/N FECHA 20/12/24 (COCINA HOSPITAL),G,0,2025-07-10 10:33:18,131,2,000000,,,
2025,3382,GMADA,2025-06-21 00:00:00,,,COC,5,1110104000,255504.68,PAPELERA ALPA - PRESUPUESTO N° 2-3679 (COCINA HOSPITAL),G,0,2025-06-21 09:14:52,131,2,000000,,,
2025,3062,GMADA,2025-05-29 00:00:00,,,COC,5,1110104000,1610000.0,LA MARCA CARNES - PRESUPUESTOS S/N FECHA 6/12/24 Y 13/12/24 (COCINA HOSPITAL),G,0,2025-07-10 10:45:56,131,2,000000,,,
2025,3140,GMADA,2025-06-03 00:00:00,,,HOSP,5,1110104000,80000.0,"SANTA PAULA , REMITO 0001-00002072, HOSPITAL",G,0,2025-06-03 13:35:31,131,2,000000,,,
2025,3064,GMADA,2025-05-29 00:00:00,,,COC,5,1110104000,1102500.0,LA MARCA CARNES - PRESUPUESTOS S/N FECHA 16/4/25 Y 29/4/25 (COCINA HOSPITAL),G,0,2025-07-10 10:36:08,131,2,000000,,,
2025,3153,GMADA,2025-06-04 00:00:00,,,PROD,14,1110108000,400000.0, PROV. MARC ALICIA BEATRIZ . PRESU. 04/06/2025- SEC. PRODUCCION- SALA DE ELAB.,G,0,2025-06-04 12:07:24,110,8,000000,,,
2025,3222,GMADA,2025-06-10 00:00:00,,,AREAJ,2,1110102000,26220.0,Corresponde presupuesto N° 1783- AVELLANEDA 7163 S.R.L,G,0,2025-06-10 07:16:30,110,23,000000,,,
2025,3296,GMADA,2025-06-13 00:00:00,,,HOSP,5,1110104000,6900000.0,PREVISION JUNIO / JULIO DRA MARIA CECILIA BOUQUET. SERVICIO DE GUARDIA PEDIATRICA - EXPTE 1356/2025,G,0,2025-06-13 08:51:51,131,2,000000,,,
2025,3368,GMADA,2025-06-19 00:00:00,,,CAS,3,1110111000,39073.32,"PRESUPUESTO 00013-00078868, NORDEMAQ",G,0,2025-06-19 07:25:55,131,6,000000,,,
2025,3381,GMADA,2025-06-21 00:00:00,,,FARM,5,1110104000,215200.4,MAX CONTINENTAL - PRESUPUESTO N° 1-131472 (FARMACIA HOSPITAL),G,0,2025-06-21 09:09:26,131,2,000000,,,
2025,3384,GMADA,2025-06-21 00:00:00,,,COC,5,1110104000,105000.0,PEREZ JORGE  - PRESUPUESTO N° 282165 (COCINA HOSPITAL),G,0,2025-06-23 08:11:21,131,2,000000,,,
2025,3383,GMADA,2025-06-21 00:00:00,,,COC,5,1110104000,152000.0,AVICOLA DEL TUYU - PRESUPUESTO N° 8-2555 (COCINA HOSPITAL),G,0,2025-06-21 09:16:55,131,2,000000,,,
2025,3386,GMADA,2025-06-21 00:00:00,,,HOSP,5,1110104000,5721702.0,"QUALIMED - PRESUPUESTO N° 65-2025, 66-2025",G,0,2025-06-23 08:22:14,131,2,000000,,,
2025,4996,GMADA,2025-10-21 00:00:00,,,000F,24,1110117000,25000.0,"PRESUPUESTO 45, LOMBERA CARLOS",G,0,2025-10-21 09:34:14,110,20,000000,,,
2025,4999,GMADA,2025-10-21 00:00:00,,,SECSEG,20,1110113000,18000.0,"Marzullo Computacion, presupuesto 01292 ( COM)",G,0,2025-10-21 09:53:09,110,25,000000,,,
2025,5118,GMADA,2025-10-30 00:00:00,,,HOSP,5,1110104000,485000.0,FERNANDO MARTIN- PRESUPUESTO  S/N° 29/10/2025 DOMINIO: AE619QS,G,0,2025-10-30 12:31:36,131,2,000000,,,
2025,4998,GMADA,2025-10-21 00:00:00,,,SECSEG,20,1110113000,70000.0,Barraca Maribel. presupuesto 1058 (taller-mantenimiento),G,0,2025-10-21 09:48:19,110,25,000000,,,
2025,5012,GMADA,2025-10-22 00:00:00,,,000SU,25,1110118000,1994543.12,"PROV. MERCEDES LA PLATA   PRESUP.183923 REPUESTOS PARA OOI617,LAN557,DMI232",G,0,2025-10-22 11:49:20,110,3,000000,,,
2025,5114,GMADA,2025-10-30 00:00:00,,,HOGANC,5,1110104000,39000.0,SANTA PAULA- PRESUPUESTO N° 0001-00002136 (HOGAR DE ANCIANOS) SEMANA DESDE 27/10 AL 3/11/2025,G,0,2025-10-30 11:34:49,131,2,000000,,,
2025,5117,GMADA,2025-10-30 00:00:00,,,FARM,5,1110104000,71547.3,INSUMOS GENERALES 3F- PRESUPUESTO N° 28/10/2025 (FARMACIA),G,0,2025-10-30 12:24:17,131,2,000000,,,
2025,5116,GMADA,2025-10-30 00:00:00,,,FARM,5,1110104000,2284967.72,VELIBO SUPPLIES SAS- PRESUPUESTO N° 0001-00009779 (FARMACIA),G,0,2025-10-30 11:49:54,131,2,000000,,,
2025,5128,GMADA,2025-11-01 00:00:00,,,COC,5,1110104000,135000.0,PEREZ JORGE- PRESUPUESTO N° 27076193 (COCINA) SEMANA DEL 21/10 AL 28/10/25,G,0,2025-11-01 10:17:29,131,2,000000,,,
2025,5260,GMADA,2025-11-14 00:00:00,,,LAB,5,1110104000,972569.64,RADIOGRAFICAOESTE- PRESUPUESTO N° 100051801 (LABORATORIO DE ANALISIS),G,0,2025-11-14 13:33:52,131,2,000000,,,
2025,5119,GMADA,2025-10-30 00:00:00,,,LAB,5,1110104000,1332181.3,RADIOGRAFICAOESTE- PRESUPUESTO N° 100051511(LABORATORIO DE ANALISIS),G,0,2025-10-30 13:45:06,131,2,000000,,,
2025,5129,GMADA,2025-11-01 00:00:00,,,BROM,11,1110104000,145100.0,PROVEEDURIA CAMPO Y CIUDAD- PRESUPUESTO N° 15286/15288 (BROMATOLOGIA),G,0,2025-11-01 10:35:16,110,13,000000,,,
2025,5256,GMADA,2025-11-14 00:00:00,,,COC,5,1110104000,755084.0,MADA POY S.A- PRESUPUESTO  N° 0001-00000914 (COCINA) SEMANA DEL 6/11 AL 13/11/2025,G,0,2025-11-14 08:39:50,131,2,000000,,,
2025,5386,GMADA,2025-12-03 00:00:00,,,BROM,11,1110104000,187122.0,AGROVET MARZULLO. PRESUPUESTO Nº 0001-00001141.BROMATOLOGIA Y ZOONOSIS.,G,0,2025-12-03 08:24:36,110,13,000000,,,
2025,5385,GMADA,2025-12-03 00:00:00,,,BROM,11,1110104000,142347.0,"AGROVET MARZULLO. PRESUPUESTO Nº 0001-00001143, 0001-00001142..BROMATOLOGIA Y ZOONOSIS.",G,0,2025-12-03 08:13:22,110,13,000000,,,
2026,12,GMADA,2026-01-02 00:00:00,,,SEHA,19,1110112000,268500.0,Corresponde presupuesto N° 3397706 - TALLER PROTEGIDO FAE,G,0,2026-01-29 12:04:42,110,CONTR,000000,,,
2025,5455,GMADA,2025-12-23 00:00:00,,,DEP,13,1110109000,8300.0,PRESUPUESTO N° 3818 - ALPA MADARIAGA / MATERIALES PARA IMPRESION DE DIPLOMAS EN EL MARCO DEL PROGRAMA ABUELOS,G,0,2025-12-23 12:44:33,110,9,000000,,,
2025,5388,GMADA,2025-12-03 00:00:00,,,BROM,11,1110104000,62643.0,AGROVET MARZULLO. PRESUPUESTO Nº 0001-00001145.BROMATOLOGIA Y ZOONOSIS.,G,0,2025-12-03 08:29:52,110,13,000000,,,
2026,2,GMADA,2026-01-02 00:00:00,,,INT,1,1110101000,18000.0,Corresponde presupuesto N° 0000006933 - Ramos e Isidro,G,0,2026-01-02 07:18:29,110,1,000000,,,
2026,4,GMADA,2026-01-02 00:00:00,,,CONTRA,19,1110112000,407586.24,Corresponde presupuesto N° 0001-00000064 CORREA MARTIN,G,0,2026-01-02 07:57:37,110,CONTR,000000,,,
2026,3,GMADA,2026-01-02 00:00:00,,,CAS,3,1110111000,329500.0,Corresponde presupuesto N° 0000006927 - Ramos e Isidro,G,0,2026-01-02 07:28:02,131,6,000000,,,
2026,44,GMADA,2026-01-02 00:00:00,,,GOB,2,1110102000,6000000.0,CORRESPONDE PREVISION DISTINTAS PUBLICACIONES EN EL AÑO,G,0,2026-01-02 12:24:15,110,SECGO,000000,,,
2026,6,GMADA,2026-01-02 00:00:00,,,CONTRA,19,1110112000,502069.97,Corresponde presupuesto N° 0002-0003823 / 0002-00003831 MATIENZO PAOLA,G,0,2026-01-02 08:40:18,110,CONTR,000000,,,
2026,38,GMADA,2026-01-02 00:00:00,,,GOB,2,1110102000,1000000.0,Corresponde prevision ANDINA 1923 S.A,G,0,2026-01-02 12:12:34,110,SECGO,000000,,,
2026,50,GMADA,2026-01-02 00:00:00,,,GOB,2,1110102000,3000000.0,Corresponde prevision anual OCA LOG S.A,G,0,2026-01-02 12:33:30,110,SECGO,000100,,,
2026,56,GMADA,2026-01-02 00:00:00,,,GOB,2,1110102000,1500000.0,PREVISION ANUAL- RODRIGUEZ MARIANO,G,0,2026-01-02 12:45:22,110,SECGO,000000,,,
2026,48,GMADA,2026-01-02 00:00:00,,,SEHA,19,1110112000,6000000.0,CORRESPONDE PREVISION DISTINTAS PUBLICACIONES DEL AÑO,G,0,2026-01-02 12:30:42,110,1,000000,,,
2026,52,GMADA,2026-01-02 00:00:00,,,GOB,2,1110102000,9000000.0,CORRESPONDE PREVISION ANUAL PASINI MARCELO,G,0,2026-01-02 12:38:59,110,SECGO,000000,,,
2025,2911,GMADA,2025-05-21 00:00:00,,,HOSP,5,1110104000,589524.12,PINAMAR HIGIENE INSTITUCIONAL - PRESUPUESTO N° 16-1749 Y 16-1758,G,0,2025-05-21 11:57:45,131,2,000000,,,
2025,2909,GMADA,2025-05-21 00:00:00,,,HOSP,5,1110104000,64000.0,MP REPUESTOS - PRESUPUSTO N° 115,G,0,2025-05-21 11:47:18,131,2,000000,,,
2025,2914,GMADA,2025-05-21 00:00:00,,,HOSP,5,1110104000,132525.6,PINAMAR HIGIENE INSTITUCIONAL - PRESUPUESTO 16-1746,G,0,2025-05-21 12:19:08,131,2,000000,,,
2025,2910,GMADA,2025-05-21 00:00:00,,,FARM,5,1110104000,3492528.0,QUALIMED - PRESUPUESTO N° 61-2025 (FARMACIA HOSPITAL),G,0,2025-05-21 11:50:49,131,2,000000,,,
2025,3191,GMADA,2025-06-06 00:00:00,,,HOSP,5,1110104000,5695062.0,"QUALIMED, N° PRESUPUESTO 63-2025, HOSPITAL",G,0,2025-06-06 13:18:57,131,2,000000,,,
2025,2912,GMADA,2025-05-21 00:00:00,,,HOSP,5,1110104000,637353.24,PINAMAR HIGIENE INSTITUCIONAL - PRESUPUESTO N° 16-1731 Y 16-1773,G,0,2025-05-21 12:05:36,131,2,000000,,,
2025,3190,GMADA,2025-06-06 00:00:00,,,HOSP,5,1110104000,222792.0,"TODO COLOR, Silvia Beatriz Maistegui, N° PRESUPUESTO 00005249, HOSPITAL",G,0,2025-06-06 13:06:44,131,2,000000,,,
2025,3252,GMADA,2025-06-10 00:00:00,,,OPP,3,1110103000,92130337.32,Expte. 1619/25 -   Sala Apicola -  Lic. Priv. 4/25 -,G,0,2025-06-11 08:11:56,132,35,000000,,,
2025,4271,GMADA,2025-08-18 00:00:00,,,FARM,5,1110104000,87120.0,QUALIMED- PRESUPUESTO N° 69 (FARMACIA),N,0,2025-08-18 10:32:29,131,2,000000,,,
2025,5183,GMADA,2025-11-06 00:00:00,,,BARU,25,1110118000,3175200.0,Copia de 2025/5182  PROV. CASA ELICEIRY GAS OIL PARA MAQUINAS PREDIO DISPOSICION FINAL DE RESIDUOS RUTA 11 KM 405.5,G,0,2025-11-06 12:03:08,132,,000000,,,
2025,5288,GMADA,2025-11-18 00:00:00,,,HOSP,5,1110104000,139500.0,FAE. BOLSAS HOSPITAL.PRESUPUESTO.,G,0,2025-11-18 12:13:39,131,2,000000,,,
2025,5398,GMADA,2025-12-05 00:00:00,,,CULTUR,1,1110105000,200000.0,"Fiesta nacional del Gaucho,recepción de Reinas Invistadas.",G,0,2025-12-05 07:43:19,110,5,000000,,,
2025,5430,GMADA,2025-12-11 00:00:00,,,HOSP,5,1110104000,1620967.14,PRESUPUESTO 7218 - PRESUPUESTO 7219   REPUESTO PARA PLANTA DE OXIGENO 1 Y 2,G,0,2025-12-11 10:34:30,131,2,000000,,,
2025,5456,GMADA,2025-12-26 00:00:00,,,DEP,13,1110109000,446999.0,"Sorba S.R.l.,preupuesto 0051-00043263",G,0,2025-12-26 09:40:37,132,9,000000,,,
2025,5337,GMADA,2025-11-26 00:00:00,,,COC,5,1110104000,48000.0,SANTA PAULA- PRESUPUESTO N° 0002-00003399 (COCINA) DESDE EL 22/11 AL 29/11/2025,G,0,2025-11-26 12:35:06,131,2,000000,,,
2025,5368,GMADA,2025-12-01 00:00:00,,,JARD,7,1110106000,1085000.0,"Expte N° 3307/2025 Arreglos varios en Casita de Chocolate. PRESUPUESTOS N° 505 / 506 / 507 / 509 de ""EDUARDO FUMEGA""",G,0,2025-12-02 10:05:20,132,JARDM,000000,,,
2025,5366,GMADA,2025-12-01 00:00:00,,,ACCSOC,7,1110106000,7050730.0,"PRESUPUESTO N° X 00000035 de Lo coco, Marcelo Alejandro de ""TODO COLOR""",G,0,2025-12-01 09:54:11,132,4,000000,,,
2025,5367,GMADA,2025-12-01 00:00:00,,,ACCSOC,7,1110106000,450000.0,"Expte N° 3306/2025 Cambio de calefactor en oficina de Desarrollo Social. PRESUPUESTO N° 512 de ""EDUCARDO FUMEGA""",G,0,2025-12-02 09:57:05,110,4,000000,,,
2026,274,GMADA,2026-01-13 00:00:00,,,BROM,11,1110104000,91000.0,RODAMIENTOS TUYU- PRESUPUESTO N° 3032 ( BROMATOLOGIA) DOMINIO: AB437WY,G,0,2026-01-13 11:02:57,110,13,000000,,,
2025,5459,GMADA,2025-12-29 00:00:00,,,HOSP,5,1110104000,4030000.0,"CORRESPNDE PREVISION COMBUSTIBLES DEL SALADO S.A. VEHICULOS HOSPITAL: AA 775 QW, PAA 334, AB 038 OI, AG 180 HE, AF 591 SU, AG 545 GL, AC 548 KJ.DICIEMBRE.",G,0,2025-12-29 10:09:32,131,2,000000,,,
2026,271,GMADA,2026-01-13 00:00:00,,,FARM,5,1110104000,3553530.0,QUALIMED- PRESUPUESTO N° 88 (FARMACIA),G,0,2026-01-13 09:35:53,131,2,000000,,,
2026,280,GMADA,2026-01-13 00:00:00,,,COC,5,1110104000,1495929.0,MADA POY- PRESUPUESTO N° 0001-00000945 (COCINA) DESDE 26/12/25 AL 1/01/26,G,0,2026-01-13 13:39:20,131,2,000000,,,
2026,275,GMADA,2026-01-13 00:00:00,,,HOSP,5,1110104000,1453200.0,RODAMIENTOS TUYU- PRESUPUESTO N° 3034 DOMINIO: KYV365,G,0,2026-01-13 11:22:18,131,2,000000,,,
2026,924,GMADA,2026-03-05 00:00:00,,,CAS,3,1110111000,959710.0,"PRESUPUESTO 595, GARCIA FEDERICO",G,0,2026-03-05 08:27:06,131,6,000000,,,
2026,525,GMADA,2026-01-30 00:00:00,,,SECSEG,20,1110113000,21600.0,"Hispanograf, presupuesto 1857 (INSPECCION)",G,0,2026-01-30 09:51:15,110,INSP,000000,,,
2026,281,GMADA,2026-01-13 00:00:00,,,HOGANC,5,1110104000,60300.0,"PEREZ, JORGE- PRESUPUESTO N° 282185 (HOGAR DE ANCIANOS) DESDE EL 9/12/25 AL 16/12/25",G,0,2026-01-14 08:37:19,131,2,000000,,,
2026,982,GMADA,2026-03-09 00:00:00,,,CAS,3,1110111000,10248000.0,"PRESUPUESTO 000, CASA ELICEIRY, 9/03/2026",G,0,2026-03-09 10:27:56,131,6,000000,,,
2026,967,GMADA,2026-03-06 00:00:00,,,000SU,25,1110118000,3000000.0,"PRESUPUESTO 000, PCIA BS AS",G,0,2026-03-06 11:03:28,110,3,000000,,,
2026,980,GMADA,2026-03-09 00:00:00,,,HOGANC,5,1110104000,776750.0, TODO POLLO - PRESUPUESTO N° 80 ( SEMANA  DEL 26/02/26 AL  5/03/26),G,0,2026-03-09 10:15:55,131,2,000000,,,
2026,1059,GMADA,2026-03-13 00:00:00,,,ACCSOC,7,1110106000,1575000.0,"PRESUPUESTO N° X 6926956 de Rost, Tamara de ""FRUTERIA NEGRIN"" Plan Alimentario 2026 -",N,0,2026-03-16 12:31:01,132,4,000000,,,
2026,1027,GMADA,2026-03-11 00:00:00,,,HOSP,5,1110104000,77500.0,Copia de 2026/1019 IVANPER REPUESTOS - PRESUPUESTO N° 8105 DOMINIO AG180HE - LAMAPRA AMBULANCIA DOMINIO AA775QWDOMINIO,G,0,2026-03-11 12:13:46,131,2,000000,,,
2025,3449,GMADA,2025-06-25 00:00:00,,,OPP,3,1110103000,47400.0,Exp.:1448/25 Trabajos de Mantenimiento en Defensoria - Prov.:Casa Harisgarat - Presup.:0938,G,0,2025-06-25 08:27:03,110,35,000000,,,
2025,3402,GMADA,2025-06-23 00:00:00,,,000SU,25,1110118000,6500000.0,PROV. ATREUCO PUEL COMBUSTIBLE PARA MAQUINAS Y CAMIONES DE ESTA SECRETARIA,G,0,2025-06-24 09:57:28,110,3,000000,,,
2025,3446,GMADA,2025-06-25 00:00:00,,,OPP,3,1110103000,950000.0,Exp.:1448/25 Trabajos de Mantenimiento en Defensoria - Prov.:Fatima Diaz - Presup.:Contrato,G,0,2025-06-25 07:52:07,110,35,000000,,,
2025,4406,GMADA,2025-08-29 00:00:00,,,HOSP,5,1110104000,6520000.0,CORRESPONDE EXPTE Nº 2545/25. DR BUGIOLACHI JORGE.CONTRATO DESDE EL 01/09/2025 AL 31/12/2025.,G,0,2025-08-29 11:07:21,131,2,000000,,,
2025,3617,GMADA,2025-07-03 00:00:00,,,000SU,25,1110118000,1870670.04,"PROV.MERCEDES LA PLATA PRESP.178830 REPUESTOS PARA  CAMION BEDFORD BOMBEROS, MERCEDES BENZ 1114 XNE245, UQV265",G,0,2025-07-03 08:20:54,110,3,000000,,,
2025,3461,GMADA,2025-06-25 00:00:00,,,OPP,3,1110103000,887635.12,Exp.:1448/25 Trabajos de Mantenimiento en Defensoria - Prov.:Pintureria Concepto - Presup.:2163;2128;2127;2078;2079;2056,G,0,2025-06-25 12:17:33,110,35,000000,,,
2025,3893,GMADA,2025-07-22 00:00:00,,,PROD,14,1110108000,24852.08,"PROV. PAPELERA ALPA ""Matienzo Paola"". PRESU. N°3702/N°3713- SEC. PRODUCCION-",G,0,2025-07-22 08:29:23,110,8,000000,,,
2025,4245,GMADA,2025-08-14 00:00:00,,,DDS,7,1110106000,23903.6,"PRESUPUESTO N° 00028894 de Sucesión de Dannunzio Jorge Neldo de ""ELECTRO DANNUNCIO""  cambio de foco en el aréa de prestaciones (se quemó)",G,0,2025-08-14 12:12:07,110,4,000000,,,
2025,3895,GMADA,2025-07-22 00:00:00,,,PROD,14,1110108000,172571.0, PROV.DURANTE JAVIER- PRESU.  N°0001 00000728- SEC. PRODUCCION- COLONIA MUNICIPAL,G,0,2025-07-22 08:40:44,110,8,000000,,,
2025,4247,GMADA,2025-08-14 00:00:00,,,ACCSOC,7,1110106000,398200.0,"PRESUPUESTO de Ruau, Cecilia de ""eL CENTRO DE LOS AMIGOS"" Fmilias: Baez de Gimenez - Casasola, Eliana- Coria Melany",G,0,2025-08-18 09:13:55,132,4,000000,,,
2025,4405,GMADA,2025-08-29 00:00:00,,,HOSP,5,1110104000,11200000.0,CORRESPONDE EXPTE Nº 3508/2024. DRA JAIME MARIA GRACIELA.,G,0,2025-09-03 11:34:15,131,2,000000,,,
2025,4476,GMADA,2025-09-04 00:00:00,,,CAS,3,1110111000,1619500.0,"PRESUPUESTO 873/869/871, MADA POY S,A",G,0,2025-09-04 09:55:42,131,6,000000,,,
2025,4468,GMADA,2025-09-04 00:00:00,,,CAS,3,1110111000,10992000.0,"PRESUPUESTO 000, CASA ELICEIRY, 5/09/2025",G,0,2025-09-04 08:36:34,131,6,000000,,,
2025,4485,GMADA,2025-09-05 00:00:00,,,DELRU,2,1110102000,120000.0,"PRESUPUESTO 107, TISERA ALEJANDRO JAVIER",G,0,2025-09-05 07:13:58,110,24,000000,,,
2025,4519,GMADA,2025-09-05 00:00:00,,,PROD,14,1110108000,450000.0,"PRESUPUESTO 0000,SANCOR SEGUROS S.A",G,0,2025-09-05 12:26:42,110,8,000000,,,
2025,4517,GMADA,2025-09-05 00:00:00,,,CAS,3,1110111000,610687.0,"PRESUPUESTO 2141, ABDO JOSE",G,0,2025-09-05 12:11:51,131,6,000000,,,
2025,4504,GMADA,2025-09-05 00:00:00,,,TACOS,14,1110108000,200000.0,"PRESUPUESTO  1712245167, SANCOR SEGUROS",G,0,2025-09-05 10:39:32,110,8,000000,,,
2025,5127,GMADA,2025-10-31 00:00:00,,,FARM,5,1110104000,2593063.6,VELIBO SUPPLIES S.A.S- PRESUPUESTO N° 0001-00009837 (FARMACIA),G,0,2025-11-03 08:22:13,131,2,000000,,,
2025,4657,GMADA,2025-09-18 00:00:00,,,OPP,3,1110103000,5591.17,Exp.:3585/24 Ejecución/Reparación Rampas - Esquinas céntricas - Prov.:Pintureria Concepto - Presup.:02792,G,0,2025-09-18 12:20:32,110,35,000000,,,
2025,4955,GMADA,2025-10-16 00:00:00,,,OPP,3,1110103000,406079.98,Prov.:Electro HD (Hector Anibal Curto) - Presup.:0541 - PARA PLOTER OFICINA OBRAS PUBLICAS,G,0,2025-10-16 09:31:45,110,35,000000,,,
2025,5123,GMADA,2025-10-31 00:00:00,,,HOSP,5,1110104000,12800000.0,CORRESPONDE EXPTE Nº 3508/25. DRA JAIME MARIA GRACIELA.,G,0,2025-10-31 09:38:55,131,2,000000,,,
2025,5243,GMADA,2025-11-12 00:00:00,,,HOSP,5,1110104000,41500.0,IMPRENTA EL ARGENTINO.IRMA CRISTINA BONOMI.PRESUPUESTO Nº 543.HOSPITAL MUNICIPAL.. FORMULARIOS PARA LA GUARDIA.,G,0,2025-11-12 13:23:15,131,2,000000,,,
2025,5232,GMADA,2025-11-12 00:00:00,,,HOSP,5,1110104000,100000.0,"CARPINTERIA DE ALUMINIO.VIDR SUAAREZ. JUAN MANUEL SUAREZ.PRESUPUESTOS Nº 95 Y  97.VEHICULO RENAULT LOGAN AF 545 GL. TRANSPORTE DE PACIENTES, COCINA HOSPITAL..",G,0,2025-11-12 10:13:35,131,2,000000,,,
2025,5374,GMADA,2025-12-02 00:00:00,,,BROM,11,1110104000,70890.0,AGROVET MARZULLO. PRESUPUESTO Nº 0001-00001139.BROMATOLOGIA.,G,0,2025-12-02 08:37:24,110,13,000000,,,
2025,5236,GMADA,2025-11-12 00:00:00,,,BROM,11,1110104000,66952.0,CASA HARISGARAT. TATANO HARISGARAT SRL. PRESUPUESTO Nº 0001-00001246.BROMATOLOGIA.,G,0,2025-11-12 10:45:29,110,13,000000,,,
2025,5290,GMADA,2025-11-18 00:00:00,,,DEP,13,1110109000,88948.26,PRESUPUESTO N°8449 - PUNTO TRUCK / FILTRO COMBUSTIBLE PARA IVECO DAILY AB603TW,G,0,2025-11-18 13:02:15,110,9,000000,,,
2025,5245,GMADA,2025-11-12 00:00:00,,,HOSP,5,1110104000,259614.37,"ALPA MADARIAGA. MATIENZO, PAOLA AMELIA. PRESUPUESTO Nº 3806.COCINA HOSPITAL.",G,0,2025-11-12 13:42:32,131,2,000000,,,
2025,5371,GMADA,2025-12-02 00:00:00,,,BROM,11,1110104000,165136.0,AGROVET MARZULLO. PRESUPUESTO Nº 0001-00001138.BROMATOLOGIA Y ZOONOSIS.,G,0,2025-12-02 07:48:49,110,13,000000,,,
2025,5377,GMADA,2025-12-02 00:00:00,,,HOSP,5,1110104000,448550.0,TODO POLLO. GONZALO A BUSTAMANTE. PRESUPUESTO Nº 49. COCINA HOSPITAL.SEMANA DEL 12/11/25 AL 19/11/25.,G,0,2025-12-02 09:15:02,131,2,000000,,,
2026,889,GMADA,2026-03-03 00:00:00,,,CULTUR,6,1110105000,500000.0," Corresponde Cto. Melisa Pinto Expte n° 329/2026, ADENDAS POR PARITARIAS DURANTE EL AÑO",G,0,2026-03-03 08:32:12,110,5,000000,,,
2025,5375,GMADA,2025-12-02 00:00:00,,,BROM,11,1110104000,439028.0,AGROV MARZULLO. PRESUPUESTO Nº 0001-00001144.BROMATOLOGIA Y ZOONOSIS.,G,0,2025-12-02 08:51:15,110,13,000000,,,
2026,620,GMADA,2026-02-10 00:00:00,,,INTER,5,1110104000,63892.95,PRESUPUESTO 71 CORREA JUAN MARTIN,G,0,2026-02-10 07:59:12,131,2,000000,,,
2025,5379,GMADA,2025-12-02 00:00:00,,,HOSP,5,1110104000,295350.0,TODO POLLO. GONZALO A BUSTAMANTE. PRESUPUESTO Nº 50. COCINA HOGAR ANCIANOS. SEMANA DEL 12/11/25 AL 19/11/25.,G,0,2025-12-02 09:36:29,131,2,000000,,,
2026,888,GMADA,2026-03-02 00:00:00,,,CAS,3,1110111000,73222.35,"PRESUPUESTO 30288, SUC DANNUNZIO JORGE",G,0,2026-03-02 12:21:26,131,6,000000,,,
2026,905,GMADA,2026-03-04 00:00:00,,,000A,24,1110117000,7600.0,"PRESUPUESTO 000, MARTIN FERNANDO HIJO",G,0,2026-03-04 07:22:37,110,ASLEG,000000,,,
2026,913,GMADA,2026-03-04 00:00:00,,,GOBHAC,2,1110102000,8070000.0,Copia de 2026/40 Correo Oficial de la República Argentina,G,0,2026-03-04 09:23:43,110,1,000000,,,
2026,909,GMADA,2026-03-04 00:00:00,,,DIRINF,22,1110115000,119796.0,"PRESUPUESTO 11376, DGM DE MARTIN SRL",G,0,2026-03-04 08:14:42,110,INFOR,000000,,,
2026,920,GMADA,2026-03-04 00:00:00,,,GOBHAC,2,1110102000,8070000.0,"PREVISION PARA DISTINTAS AREAS,COMBUSTIBLE DEL SALADO",G,0,2026-03-04 12:27:39,110,1,000000,,,
2025,2838,GMADA,2025-05-19 00:00:00,,,OPP,3,1110103000,1230000.0,Exp.:343/23 - Vereda Calle 33 - (EP 20 - Sec.Nº4- Jardin 902) - Prov.:Solari Federico - Presup.:Contrato,G,0,2025-05-19 08:55:20,132,35,000000,,,
2026,131,GMADA,2026-01-06 00:00:00,,,000SU,25,1110118000,1390000.0,"PROV.AGUSTIN PASO , PRESUP.3995,3988,3987,3986,3981,3978,3974,3973,3971,3967,3694,3692,3958,3957,3954,3684,3953,3947,3950,3951,PARCHE Y REPARACIONES PARA VEHICULOS Y MAQUINAS:CII58,EFJ13,OOI617,DMI232,LED013,CII59, VOLVO G710,BMV14,AF947IJ,LFN114,PJY978,INI856",G,0,2026-01-06 10:14:49,110,3,000000,,,
2026,205,GMADA,2026-01-08 00:00:00,,,HOSP,5,1110104000,98680.0,"IVANPER REPUESTOS. PRESUPUESTOS Nº 7871,8018.DOMINIOS MOVBILES: PAA 334, AA 775 QW,AE 619 QS,AG 180 HE.",G,0,2026-01-08 17:02:26,131,2,000000,,,
2026,204,GMADA,2026-01-08 00:00:00,,,BROM,11,1110104000,225500.0,HISPANOGRAF. PRESUPUESTO Nº 01849.BROMATOLOGIA.,G,0,2026-01-08 16:33:20,110,2,000000,,,
2026,226,GMADA,2026-01-09 00:00:00,,,HOSP,5,1110104000,40000.0,NEUMATICOS PASO. de AGUSTIN PASO. PRESUPUESTO Nº 0001-00003975.DOMINIO AF 548 KJ.,G,0,2026-01-09 17:55:02,131,2,000000,,,
2026,473,GMADA,2026-01-26 00:00:00,,,PO,5,1110104000,1392216.28,B GATE - PRESUPUESTO N° 0005-00007341,G,0,2026-01-30 07:21:59,131,2,000000,,,
2026,225,GMADA,2026-01-09 00:00:00,,,BROM,11,1110104000,56200.0,IVANPER REPUESTOS. PRESPUESTO Nº 7976.BROMATOLOGIA. VEHICULO DOMINIO AB437WY,G,0,2026-01-10 09:16:45,110,13,000000,,,
2026,282,GMADA,2026-01-13 00:00:00,,,HOSP,5,1110104000,23500.02,"PAPELERA ALPA. PAOLA AMELIA MATIENZO.,PRESUPUESTOS Nº 0002-00003848, 00003849.COCINA HOSPITAL, QUIROFANO.",G,0,2026-01-16 11:13:27,131,2,000000,,,
2026,470,GMADA,2026-01-26 00:00:00,,,FARM,5,1110104000,6217411.15,PILOÑA- PRESPUESTO N° 1646752 (FARMACIA),G,0,2026-01-26 08:33:21,131,2,000000,,,
2026,592,GMADA,2026-02-06 00:00:00,,,CONTRA,19,1110112000,122500.0,"PRESUPUESTO 0001-000000070, JUAN MARTIN CORREA LORENTE",G,0,2026-02-06 10:25:59,110,CONTR,000000,,,
2026,480,GMADA,2026-01-26 00:00:00,,,FARM,5,1110104000,6985428.61,VELIBO SUPPLIES S.A.S- PRESUPUESTO N° 0001-00010769,G,0,2026-01-27 09:17:34,131,2,000000,,,
2026,475,GMADA,2026-01-26 00:00:00,,,HOSP,5,1110104000,950125.13,PINAMAR HIGIENE INSTITUCIONAL- PRESPUESTO N° 0016-00002321/2322/2323/2324 (LAVADERO-COCINA- OFFICE DE MUCAMAS),G,0,2026-01-26 10:42:55,131,2,000000,,,
2026,568,GMADA,2026-02-04 00:00:00,,,CULTUR,6,1110105000,97262.26,"PRESUPUESTO 000, USS SERVICIO DE SEGURIDAD",G,0,2026-02-04 10:54:39,132,5,000000,,,
2026,569,GMADA,2026-02-04 00:00:00,,,CAS,3,1110111000,1275000.0,"PRESUPUESTO DEL 4/02/2026, DRAGOJEVIC SIMON",G,0,2026-02-11 11:06:07,131,6,000000,,,
2026,589,GMADA,2026-02-05 00:00:00,,,CULTUR,6,1110105000,28000.0,"PRESUPUESTO 11247296, BALLETTO URRUTIA JUAN",G,0,2026-02-05 12:41:56,110,5,000000,,,
2026,616,GMADA,2026-02-09 00:00:00,,,COC,5,1110104000,26000.0,PRESUPUESTO 2177 PENACCA SRL SEMANA DEL 01/02/26 AL 08/02/2026,G,0,2026-02-09 13:23:18,131,2,000000,,,
2026,646,GMADA,2026-02-11 00:00:00,,,INTER,5,1110104000,150520.0,PINTURERIA FERRETERIA TODO COLOR - PRESUPUESTO N° 5945 MATERIAL UTILIZADO EN INTERNACION  Y OTRAS DEPENDENCIAS,G,0,2026-02-11 13:40:33,131,2,000000,,,
2026,618,GMADA,2026-02-10 00:00:00,,,000SU,25,1110118000,950000.0,"PROV.LEANDRO BOGAD PRESUP.1160,1159,1163,1187,1188,1174,1185 REPARACIONES DE ALTERNADOR E INSTALACIONES ELECTRICAS PARA :DKT498,SVN719,BNA17,FSL723",G,0,2026-02-10 07:31:35,110,3,000000,,,
2026,617,GMADA,2026-02-09 00:00:00,,,HOGANC,5,1110104000,24100.0,PRESUPUESTO 2176 PENACCA SRL SEMANA DEL 01/02/26 AL 08/02/2026,G,0,2026-02-09 13:22:58,131,H.ANC,000000,,,
2026,619,GMADA,2026-02-10 00:00:00,,,000SU,25,1110118000,53370.0,PROV.CASA HARISGARAT PRESUP.1023 ARTICULOS DE PLOMERIA PARA ARREGLO EN MEDIO AMBIENTE,G,0,2026-02-10 07:58:21,110,3,000000,,,
2026,644,GMADA,2026-02-11 00:00:00,,,MAT,5,1110104000,20000.0,IMPRENTA EL ARGENTINO - PRESUPUESTO N° 554 (MATERNIDAD - HOSPITAL),G,0,2026-02-11 09:01:53,131,2,000000,,,
2026,649,GMADA,2026-02-11 00:00:00,,,ESTH,5,1110104000,44296.45,ALPA - PRESUPUESTO N° 2-3873 (ADMINISTRACION HOSPITAL),G,0,2026-02-11 12:34:32,131,2,000000,,,
2026,645,GMADA,2026-02-11 00:00:00,,,BROM,11,1110104000,60000.0,LEANDRO RUBEN BOGADO - PRESUPUESTO N° 1-1183  VEHICULO REANULT KANGOO DOMINIO AB437WY,G,0,2026-02-11 13:45:52,110,13,000000,,,
2026,653,GMADA,2026-02-11 00:00:00,,,HOGANC,5,1110104000,467699.98,TODO POLLO - PRESUPUESTO N° 75  SEMANA DEL 29/01 AL05/02,G,0,2026-02-11 12:32:33,131,H.ANC,000000,,,
2026,648,GMADA,2026-02-11 00:00:00,,,COC,5,1110104000,97509.9,ALPA - PRESUPUESTO N° 2-3867 (COCINA - HOGAR HOSPITAL),G,0,2026-02-11 09:15:18,131,2,000000,,,
2026,655,GMADA,2026-02-11 00:00:00,,,TRIA,5,1110104000,9620.0,CASA HARISGARAT - PRESUPUESTO N° 1-1029 (GUARDIA HOSPITAL),G,0,2026-02-11 12:29:50,131,2,000000,,,
2026,651,GMADA,2026-02-11 00:00:00,,,DIR,5,1110104000,12500.0,ALPA - PRESUPUESTO N° 2-3864 (DIRECCION HOSPITAL),G,0,2026-02-11 12:34:01,131,2,000000,,,
2026,657,GMADA,2026-02-11 00:00:00,,,HOSP,5,1110104000,31090.0,CASA HARISGARAT - PRESUPUESTO N° 1-1042 (PLANTA OXIGENO HOSPITAL),G,0,2026-02-11 09:36:41,131,2,000000,,,
2026,654,GMADA,2026-02-11 00:00:00,,,INTER,5,1110104000,15220.0,CASA HARISGARAT - PRESUPUESTO N° 1-1033 (INTERNACION HOSPITAL),G,0,2026-02-11 12:31:12,131,2,000000,,,
2026,662,GMADA,2026-02-11 00:00:00,,,HOSP,5,1110104000,253260.0,"PINTURERIA FERRETERIA TODO COLOR - PRESUPUESTO N° 5930 (DIRECCION, TERAPIA, INTERNACION, LABORATORIO)",G,0,2026-02-11 09:56:45,131,2,000000,,,
2026,656,GMADA,2026-02-11 00:00:00,,,CICQ,5,1110104000,132760.0,CASA HARISGARAT - PRESUPUESTO N° 1-1020 (CIC QUINTANILLA),G,0,2026-02-11 12:28:10,131,2,000000,,,
2026,658,GMADA,2026-02-11 00:00:00,,,HOSP,5,1110104000,46940.0,CASA HARISGARAT - PRESUPUESTO N° 1-1041 (INTERNACION HOSPITAL),G,0,2026-02-11 09:39:32,131,2,000000,,,
2026,664,GMADA,2026-02-11 00:00:00,,,PO,5,1110104000,1614943.44,B-GATE INGENIERIA EN GASES - PRESUPUESTO 7482,G,0,2026-02-12 07:31:33,131,2,000000,,,
2026,660,GMADA,2026-02-11 00:00:00,,,HOSP,5,1110104000,135583.0,PINTURERIA FERRETERIA TODO COLOR - PRESUPUESTO N° 5941 (ENFERMERIA HOSPITAL),G,0,2026-02-11 09:46:09,131,2,000000,,,
2026,666,GMADA,2026-02-11 00:00:00,,,HOSP,5,1110104000,170000.0,NEUMATICOS PASO - PRESUPUESTO N° 1-4056 VEHICULO AE619QS,G,0,2026-02-11 12:40:32,131,2,000000,,,
2026,663,GMADA,2026-02-11 00:00:00,,,HOSP,5,1110104000,116910.0,PINTURERIA FERRETERIA TODO COLOR - PRESUPUESTO N° 5939 (INTERNACION HOSPITAL),G,0,2026-02-11 12:21:01,131,2,000000,,,
2026,765,GMADA,2026-02-20 00:00:00,,,CULTUR,6,1110105000,150000.0,CARLA MARTINEZ  PROGRAMACION INCAA,G,0,2026-02-20 09:29:18,110,5,000000,,,
2026,665,GMADA,2026-02-11 00:00:00,,,HOGANC,5,1110104000,146659.8,ELECTRO DANNUNZIO - PRESUPUESTO N° 30162,G,0,2026-02-12 07:45:16,131,H.ANC,000000,,,
2026,735,GMADA,2026-02-18 00:00:00,,,DEP,13,1110109000,78016.89,PRESUPUESTO N° 3876 - N° 3877 PAPELERA ALPA MADARIAGA - MATERIALES A UTILIZAR DURANTE EL AÑO EN PROGRAMA NUESTROS ABUELOS,G,0,2026-02-18 08:19:44,110,9,000000,,,
2026,760,GMADA,2026-02-20 00:00:00,,,TURIS,6,1110105000,274000.0,Avellaneda 7163 - Hispanograf.Triptico fiestas y eventos anuales. Presupuesto 1862,G,0,2026-02-20 07:50:59,110,TURIS,000000,,,
2026,1058,GMADA,2026-03-13 00:00:00,,,SECSEG,20,1110113000,203000.0,"Gomeria La Diagonal, presupuesto 0572",G,0,2026-03-13 10:22:17,110,25,000000,,,
2026,785,GMADA,2026-02-24 00:00:00,,,DEP,13,1110109000,4000.0,PRESUPUESTO N° 20013 - ELECTRICIDAD EL GALLEGO -  REPARACION ELECTRICIDAD EN PROGRAMA NUESTROS ABUELOS,G,0,2026-02-24 07:43:48,110,9,000000,,,
2026,867,GMADA,2026-02-27 00:00:00,,,DEP,13,1110109000,600000.0,Prevision Avellaneda 7163,G,0,2026-02-27 12:59:18,110,9,000000,,,
2026,919,GMADA,2026-03-04 00:00:00,,,ACCSOC,7,1110106000,2723827.2,"EXpte N° 632/2026 Contrato: Sra. Baigorria, Daniela Operadora Grupal -  Equipo Envión. No cumple con el Art. 45 de la Ley 14.656",G,0,2026-03-04 11:43:10,131,4,000000,,,
2026,1057,GMADA,2026-03-13 00:00:00,,,SECSEG,20,1110113000,238565.0,"Ivanper, presupuesto 8087 ( kyv 375- ae704aw)",G,0,2026-03-13 10:16:23,110,25,000000,,,
2026,1070,GMADA,2026-03-16 00:00:00,,,FARM,5,1110104000,1449750.0,VELIBO SUPPLIES S.A.S- PRESUPUESTO N° 0001-00011229,N,0,2026-03-16 10:16:24,131,2,000000,,,
2026,1068,GMADA,2026-03-16 00:00:00,,,CAS,3,1110111000,396600.0,Corresponde presupuesto N° 00000007038/0000007047/0000007049 - RAMOS E ISIDRO,G,0,2026-03-16 08:59:52,131,6,000000,,,
2025,3211,GMADA,2025-06-09 00:00:00,,,BROM,11,1110104000,194800.0,PROVEEDURIA CAMPO Y CIUDAD - PRESUPUESTO N° 1-14880,G,0,2025-06-10 11:32:51,110,13,000000,,,
2025,2975,GMADA,2025-05-26 00:00:00,,,SEHA,19,1110112000,2423146.0,Corresponde Expte N° 927/2025 - Equifax S.A,G,0,2025-05-26 08:18:53,110,INGPU,000000,,,
2025,3069,GMADA,2025-05-29 00:00:00,,,HOSP,5,1110104000,6800000.0,DRA GRACIELA JAIME. SERVICIO DE PEDIATRIA. PREVISION MES DE JUNIO. EXPTE Nº 3508/2024.,N,0,2025-05-29 16:39:33,131,2,000000,,,
2025,3082,GMADA,2025-05-30 00:00:00,,,SCOOR,22,1110115000,3560000.0,Instituto Abierto para el Desarrollo y Estudio de Políticas Públicas.Expte 1651/2025,G,0,2025-05-30 09:15:40,110,SECRE,000000,,,
2025,3091,GMADA,2025-05-30 00:00:00,,,DEP,13,1110109000,300000.0,Rojas Carolina.Imnaguración Luces Estadio Municipal,G,0,2025-05-30 10:47:50,110,9,000000,,,
2025,3166,GMADA,2025-06-05 00:00:00,,,GOBHAC,2,1110102000,300000.0,Cristian Maldonado.Alquiler Dpto.,G,0,2025-06-05 10:26:34,110,1,000000,,,
2025,3203,GMADA,2025-06-09 00:00:00,,,OPP,3,1110103000,3756000.0, Exp.:3093/24 Coloc. caños SIP -  Prov.:De Vito - Presup.:Contrato,G,0,2025-06-18 08:44:15,131,35,000000,,,
2025,3213,GMADA,2025-06-09 00:00:00,,,HOSP,5,1110104000,73650.07,PAPELERA ALPA - PRESUPUESTO N° 2-3654 Y 2-3667,G,0,2025-06-09 14:28:02,131,2,000000,,,
2025,3215,GMADA,2025-06-09 00:00:00,,,HOSP,5,1110104000,120000.0,L. R. B ELECTRICIDAD AUTOMOTOR DEL PESADO - PRESUPUESTO N° 1-1097 DOMINIO: KYV372,G,0,2025-06-10 08:33:48,131,2,000000,,,
2025,3212,GMADA,2025-06-09 00:00:00,,,HOSP,5,1110104000,334300.0,PROOVEDURIA CAMPO Y CIUDAD - PRESUPUESTO N° 1-14581 Y 1-14593,G,0,2025-06-09 14:20:42,131,2,000000,,,
2025,3217,GMADA,2025-06-09 00:00:00,,,COC,5,1110104000,38000.0,AVICOLA DEL TUYU - PRESUPUESTO N° 8-2552 (COCINA HOSPITAL),G,0,2025-06-09 14:35:10,131,2,000000,,,
2025,3214,GMADA,2025-06-09 00:00:00,,,HOSP,5,1110104000,67000.0,IMPRENTA EL ARGENTINO - PRESUPUESTO N° 516,G,0,2025-06-09 14:29:07,131,2,000000,,,
2025,3219,GMADA,2025-06-09 00:00:00,,,COC,5,1110104000,146100.0,PROVEDURIA LA ILUSION - PRESUPUESTO N° 36340 (COCINA HOSPITAL),G,0,2025-06-09 14:39:10,131,2,000000,,,
2025,3216,GMADA,2025-06-09 00:00:00,,,COC,5,1110104000,59800.0,SANTA PAULA - PRESUPUESTO N° 1-2073 Y 1-2074 (COCINA HOSPITAL),G,0,2025-06-09 14:34:02,131,2,000000,,,
2025,3221,GMADA,2025-06-09 00:00:00,,,LAV,5,1110104000,667295.64,PINAMAR HIGIENE INSTITUCIONAL - PRESUPUESTO N° 16-1801 (LAVADERO HOSPITAL),G,0,2025-06-09 14:45:21,131,2,000000,,,
2025,3218,GMADA,2025-06-09 00:00:00,,,HOSP,5,1110104000,20000.0,GOMERIA V+B - PRESUPUESTO N° 1-659,G,0,2025-06-09 14:37:21,131,2,000000,,,
2025,3255,GMADA,2025-06-10 00:00:00,,,COC,5,1110104000,2125421.8,"MADA POY - PRESUPUESTO N° 1-823, 1-824 Y 1-825 (COCINA HOSPITAL)",G,0,2025-06-11 08:52:17,131,2,000000,,,
2025,3220,GMADA,2025-06-09 00:00:00,,,HOSP,5,1110104000,110867.24,ELECTRO DANNUNZIO - PRESUPUESTO N° 28387 (LABORATORIO Y SAMO HOSPITAL),G,0,2025-06-09 14:42:14,131,2,000000,,,
2025,3254,GMADA,2025-06-10 00:00:00,,,COC,5,1110104000,1138713.0,MADA POY - PRESUPUESTO N° 1-829 (COCINA HOSPITAL),G,0,2025-06-10 14:32:42,131,2,000000,,,
2025,3257,GMADA,2025-06-10 00:00:00,,,FARM,5,1110104000,78741.3,INSUMOS GENERALES - PRESUPUESTO S/N FECHA 9/6/25,G,0,2025-06-10 14:50:52,131,2,000000,,,
2025,3259,GMADA,2025-06-10 00:00:00,,,FARM,5,1110104000,2161360.9,VELIBO SUPPLIES - PRESUPUESTO N° 1-7946 (FARMACIA HOSPITAL),G,0,2025-06-10 15:10:22,131,2,000000,,,
2025,3256,GMADA,2025-06-10 00:00:00,,,FARM,5,1110104000,292500.0,AZCUENAGA - PRESUPUESTO N° 2-51779 (FARMACIA HOSPITAL),G,0,2025-06-10 14:44:40,131,2,000000,,,
2025,3258,GMADA,2025-06-10 00:00:00,,,TERINT,5,1110104000,23850.0,SERVIMED - PRESUPUESTO N° 7900/25 (TERAPIA),G,0,2025-06-11 08:54:42,131,2,000000,,,
2025,2836,GMADA,2025-05-19 00:00:00,,,OPP,3,1110103000,1140000.0,Exp.:1811/21 PREIMBA- PROYECTO PARQUE DE LA ESTACIÓN - Prov.:Solari Federico - Presup.:Contrato,G,0,2025-05-19 08:35:59,110,35,000000,,,
2025,3260,GMADA,2025-06-10 00:00:00,,,LAB,5,1110104000,2559074.51,UNO ELECTROMEDICINA - PRESUPUESTO N° 3-12866 (LABORATORIO HOSPITAL),G,0,2025-06-10 15:21:35,131,2,000000,,,
2025,3289,GMADA,2025-06-12 00:00:00,,,COC,5,1110104000,190800.0,PROVEDURIA LA ILUSION - PRESUPUESTO N° 36341 (COCINA HOSPITAL),G,0,2025-06-12 15:29:40,131,2,000000,,,
2025,3288,GMADA,2025-06-12 00:00:00,,,HOSP,5,1110104000,582666.12,FARMACIA SOTO - PRESUPUESTO N° 1-896 (RECETAS DISPENSADAS DESDE 2/6/25 AL 7/6/25),G,0,2025-06-12 15:26:03,131,2,000000,,,
2025,3291,GMADA,2025-06-12 00:00:00,,,HOSP,5,1110104000,65000.0,IMPRENTA EL ARGENTINO - PRESUPUESTO N° 517,G,0,2025-06-12 15:35:38,131,2,000000,,,
2025,3313,GMADA,2025-06-13 00:00:00,,,COC,5,1110104000,4271350.0,LA FRUTERIA LABATUT MARCELO - PRESUPUESTO S/N FECHA 25/5/25 (HOGAR Y COCINA HOSPITAL),G,0,2025-06-13 14:16:14,131,2,000000,,,
2025,3290,GMADA,2025-06-12 00:00:00,,,COC,5,1110104000,11000.0,SANTA PAULA - PRESUPUESTO N° 1-2076 (COCINA HOSPITAL),G,0,2025-06-12 15:31:24,131,2,000000,,,
2025,3373,GMADA,2025-06-19 00:00:00,,,GOBHAC,2,1110102000,200000.0,"EXPTE.1904, PROST",G,0,2025-06-19 09:05:50,110,1,000000,,,
2025,3292,GMADA,2025-06-12 00:00:00,,,LAB,5,1110104000,2194682.29,RADIOGRAFICAOESTE - PRESUPUESTO N° 100049284 (LABORATORIO HOSPITAL),G,0,2025-06-12 15:50:10,131,2,000000,,,
2025,3372,GMADA,2025-06-19 00:00:00,,,GOBHAC,2,1110102000,400000.0,"EXPTE.1904, MADA-POY",G,0,2025-06-19 09:04:45,110,1,000000,,,
2025,3374,GMADA,2025-06-19 00:00:00,,,GOBHAC,2,1110102000,400000.0," EXPTE.1904, DURANTE JAVIER",G,0,2025-06-19 09:07:00,110,1,000000,,,
2025,3376,GMADA,2025-06-19 00:00:00,,,GOBHAC,2,1110102000,150000.0,"EXPTE.1904, SCIGLIANO DIEGO",G,0,2025-06-19 09:09:48,110,1,000000,,,
2025,3375,GMADA,2025-06-19 00:00:00,,,GOBHAC,2,1110102000,200000.0,"EXPTE.1904, MAIOLO SRL",G,0,2025-06-19 09:08:29,110,1,000000,,,
2025,3698,GMADA,2025-07-08 00:00:00,,,GOBHAC,2,1110102000,120000.0,"Ruiz Daniel ,presupuesto .Acto 9 de Julio 2025",G,0,2025-07-08 11:36:21,110,1,000000,,,
2025,3584,GMADA,2025-07-01 00:00:00,,,BA,1,1110105000,57500.0,"Silvia Beatriz Maistegui "" Todo Color"", presupuesto 00005221",G,0,2025-07-01 17:21:33,132,29,000000,,,
2025,3686,GMADA,2025-07-08 00:00:00,,,GOBHAC,2,1110102000,3000000.0, Correo Oficial de la Republica Argentina S.A.,G,0,2025-07-08 07:59:36,110,1,000000,,,
2025,3688,GMADA,2025-07-08 00:00:00,,,GOBHAC,2,1110102000,10000000.0, Correo Oficial de la Republica Argentina S.A.,G,0,2025-07-08 08:04:10,110,1,000000,,,
2025,3697,GMADA,2025-07-08 00:00:00,,,GOBHAC,2,1110102000,350000.0,Acto 9 de Julio 2025.Alegre Saúl Alberto presupuesto 00003083,G,0,2025-07-08 11:33:50,110,1,000000,,,
2025,3715,GMADA,2025-07-10 00:00:00,,,CAS,3,1110111000,2152693.19,"Nordemaq, presupuesto 00013-00079445.Servicio Mantenimiento B90C CH0105",G,0,2025-07-10 11:03:13,131,6,000000,,,
2025,3699,GMADA,2025-07-08 00:00:00,,,GOBHAC,2,1110102000,100000.0,Maiolo S.R.L. Acto 9 de Julio 2025,G,0,2025-07-08 11:59:33,110,1,000000,,,
2025,3704,GMADA,2025-07-10 00:00:00,,,CAS,3,1110111000,265411.0,"Doragni Silvia Alejandra, presupuesto 586.Tabajo para Pauny 160",G,0,2025-07-10 08:27:28,131,6,000000,,,
2025,3728,GMADA,2025-07-11 00:00:00,,,000SU,25,1110118000,258500.0,PROV.HISPANOGRAF PRESUP.1798 CARTELES DE NO ARROJE BASURA PARA ESPACIOS PUBLICOS,G,0,2025-07-11 07:25:39,110,3,000000,,,
2025,4169,GMADA,2025-08-09 00:00:00,,,QUI,5,1110104000,694800.0,NORMEDICAL DE ALEJANDRO GARAY- PRESUPUESTO N° 7/08/2025 (QUIROFANO),G,0,2025-08-09 08:56:17,131,2,000000,,,
2025,3717,GMADA,2025-07-10 00:00:00,,,GOBHAC,2,1110102000,10626.0,"Suc Dannunzio Jorge,presuesto 00028660",G,0,2025-07-10 11:56:15,110,1,000000,,,
2025,4168,GMADA,2025-08-08 00:00:00,,,JARD,7,1110106000,35025.88,"PRESUPUESTO N° 1403 de Juan Martín Correa de ""MC"" Para guardar juguetes, en la Casita de Chocolate",G,0,2025-08-08 12:31:55,132,JARDM,000000,,,
2025,4665,GMADA,2025-09-19 00:00:00,,,JUZFAL,2,1110102000,42200.0,"Sanchez Juan Alberto,presupuesto 532490",G,0,2025-09-19 10:36:33,110,1,000000,,,
2025,4170,GMADA,2025-08-09 00:00:00,,,HOSP,5,1110104000,180000.0,BASTIT ROBERTO MARCELO - PRESUPUESTO N° 287  (MANTENIMIENTO),G,0,2025-08-09 10:22:36,131,2,000000,,,
2025,4272,GMADA,2025-08-18 00:00:00,,,PRESID,8,1110200000,39999.0,Hendel Hogar S.A.,G,0,2025-08-18 11:14:24,110,12,000000,,,
2025,4277,GMADA,2025-08-18 00:00:00,,,FARM,5,1110104000,117750.0,VERA LILIANA VANESA- PRESUPUESTO N° 001-19611 (FARMACIA),G,0,2025-08-18 13:51:29,131,2,000000,,,
2025,4553,GMADA,2025-09-10 00:00:00,,,SCOOR,22,1110115000,16000.0,"MARZULLO JOSÉ ,PRESUPUESTO 0001-00001289",G,0,2025-09-10 08:31:05,110,1,000000,,,
2025,4613,GMADA,2025-09-15 00:00:00,,,CONTRA,19,1110112000,1677869.72,"Correa Lorente Juan Martín,presupuesto 0001.0000047",G,0,2025-09-15 09:38:57,110,1,000000,,,
2025,4619,GMADA,2025-09-15 00:00:00,,,CONTRA,19,1110112000,465800.0,Terranova presupuesto 000977,G,0,2025-09-15 09:55:36,110,1,000000,,,
2025,4663,00049,2025-09-19 00:00:00,,,CAS,3,1110111000,909270.0,"Ivanper,presupuesto 00007244.Dominio Tractor EFJ 11,Motoniveladora BGZ34,Neww Holland BH 002,Amarok AB 597ZF,Motoniveladora BGZ53,Motoniveladora CGZ53.",G,0,2025-09-19 12:04:47,131,6,000000,,,
2025,4798,GMADA,2025-09-30 00:00:00,,,DIRINF,22,1110115000,515992.0,"Suc. Dannunzio ,presupuesto 00029209,29197,29202.Instalación UPS Palacio Municipal.",G,0,2025-09-30 12:04:17,110,1,000000,,,
2025,4664,GMADA,2025-09-19 00:00:00,,,DELE,2,1110102000,16800.0,"Sanchez Juan Alberto,presupuesto 53492",G,0,2025-09-19 10:30:09,110,1,000000,,,
2025,4690,GMADA,2025-09-23 00:00:00,,,GOBHAC,2,1110102000,2937204.0, Corresponde Expte N° 3683/2024 - Grid it seven,G,0,2025-09-23 07:55:36,110,SECGO,000000,,,
2025,4756,GMADA,2025-09-26 00:00:00,,,AREAJ,2,1110102000,31960.0,"Avellaneda 7163 S.R.l., presupuesto 1837",G,0,2025-09-26 07:09:52,110,23,000000,,,
2025,4793,GMADA,2025-09-30 00:00:00,,,CAS,3,1110111000,651000.0,"Agustín Paso,presupuestos 3877,3862,3851,3881,3889,3861,3873,3855,3863,3879.",G,0,2025-09-30 10:13:02,131,6,000000,,,
2025,4840,GMADA,2025-10-03 00:00:00,,,AREAJ,2,1110102000,147659.19,"Jorge N. Flores ,presupuesto 5002-26765 Deposito Cic",G,0,2025-10-03 10:47:57,110,23,000000,,,
2025,4838,GMADA,2025-10-03 00:00:00,,,MAYOR,2,1110102000,308770.81,Jorge N.Flores presupuesto B5002-26764 Bombeador Municipalidad.,G,0,2025-10-03 10:32:01,110,1,000000,,,
2025,5008,GMADA,2025-10-21 00:00:00,,,DEP,13,1110109000,15000.0,Diferencia Previsión oc 3934.Combustible del Salado S.A.,G,0,2025-10-21 12:32:50,110,9,000000,,,
2025,4963,GMADA,2025-10-17 00:00:00,,,000SU,25,1110118000,61630.0,"PROV.IVAN PERICO PRESUP.7401,7405 REPUESTOS PARA PJY978, LAN551,SOG742",G,0,2025-10-17 07:33:44,110,3,000000,,,
2025,5007,GMADA,2025-10-21 00:00:00,,,GOB,2,1110102000,6700000.0, Corresponde prevision combustibles del salado- Gobierno,G,0,2025-10-21 12:17:47,110,SECGO,000000,,,
2025,5018,GMADA,2025-10-23 00:00:00,,,OPP,3,1110103000,15730.0,Exp.:1861/15 Construccion 36 Viviendas - Prov.:Pintureria Concepto - Presup.:02929,G,0,2025-10-23 08:12:19,132,35,000000,,,
2025,5017,GMADA,2025-10-23 00:00:00,,,OPP,3,1110103000,30000.0, Prov.:Martin Lombardi - Presup.:393,G,0,2025-10-30 09:32:20,110,35,000000,,,
2025,5108,GMADA,2025-10-30 00:00:00,,,CAS,3,1110111000,200400.0,CORRESPONDE PRESUPUESTO N°  00015278 - MAISTEGUI SILVIA,G,0,2025-10-30 08:11:42,131,6,000000,,,
2025,5085,GMADA,2025-10-29 00:00:00,,,CAS,3,1110111000,80000.0,"Bogado Lenadro Rubén,presupuesto 0001-00001143.Tractor Pauny N° 2",G,0,2025-10-29 09:22:19,131,6,000000,,,
2025,5020,GMADA,2025-10-23 00:00:00,,,OPP,3,1110103000,800000.0,Exp.:380/25 Sol. Revisión de Edificio HCD - Prov.:Fumega Eduardo - Presup.:Contrato,G,0,2025-10-24 13:01:25,110,35,000000,,,
2025,5107,GMADA,2025-10-30 00:00:00,,,DELRU,2,1110102000,20000.0,Corresponde presupuesto N° 00015278/015277 MAISTEGUI SILVIA,G,0,2025-10-30 08:02:31,110,24,000000,,,
2025,5087,GMADA,2025-10-29 00:00:00,,,GOBHAC,2,1110102000,5500000.0," PREVISION, ATREUCO PUEL S.A",G,0,2025-10-29 10:03:49,110,1,000000,,,
2025,5153,GMADA,2025-11-04 00:00:00,,,CAS,3,1110111000,1622560.0,"Distefano Alfio, presupuesto 078-9174 Tractor Pauny",G,0,2025-11-04 10:22:47,131,6,000000,,,
2025,5141,GMADA,2025-11-03 00:00:00,,,INTIM,19,1110112000,16000.25,"Matienzo Paola,presupuesto X 0002-00003804",G,0,2025-11-03 10:11:37,110,1,000000,,,
2025,5143,GMADA,2025-11-03 00:00:00,,,DELRU,2,1110102000,28000.0,"Pereyra Juan Carlos,presupuesto 0001-00000141",G,0,2025-11-03 12:51:27,110,24,000000,,,
2025,5142,GMADA,2025-11-03 00:00:00,,,SCOOR,22,1110115000,70000.0,Camino Javier 0003-0000001594,G,0,2025-11-03 10:56:34,110,INFOR,000000,,,
2025,5162,GMADA,2025-11-04 00:00:00,,,SEHA,19,1110112000,901000.0,"Grupo Núcleo ,presupuesto 42-234984",G,0,2025-11-04 12:51:04,110,1,000000,,,
2025,5155,GMADA,2025-11-04 00:00:00,,,CAS,3,1110111000,1620600.0,"Paso Agustín ,presupuesto 3915,3919,3925,3928,3930,3933,3938,3944.",G,0,2025-11-04 11:35:54,131,6,000000,,,
2025,5182,GMADA,2025-11-06 00:00:00,,,BARU,25,1110118000,3454500.0, PROV. CASA ELICEIRY GAS OIL PARA MAQUINAS PREDIO DISPOSICION FINAL DE RESIDUOS RUTA 11 KM 405.5,N,0,2025-11-06 12:02:37,132,,000000,,,
2025,2869,GMADA,2025-05-20 00:00:00,,,OPP,3,1110103000,5453067.0,Exp.:757/25 Alem / Venezuela - Trabajos de Cunetas - Bacheos Pluviales - Prov.:Building Energy - Presup.:Contrato,G,0,2025-05-20 11:20:32,110,35,000000,,,
2025,2886,GMADA,2025-05-21 00:00:00,,,HOSP,5,1110104000,460050.0,TODO POLLO- PRESUPUESTO Nº 98/99 HOSPITAL Y HOGAR DE ANCIANOS,G,0,2025-05-21 08:28:53,131,2,000000,,,
2025,2882,GMADA,2025-05-21 00:00:00,,,HOSP,5,1110104000,279895.62,MAX CONTINENTAL- PRESUPUESTO N° 1166943,G,0,2025-05-21 08:07:21,131,2,000000,,,
2025,2913,GMADA,2025-05-21 00:00:00,,,HOSP,5,1110104000,385000.0,PHOYU MARIA ALCIRA- PRESUPUESTO N 20/05/2025,G,0,2025-05-21 12:06:46,131,2,000000,,,
2025,2905,GMADA,2025-05-21 00:00:00,,,BA,1,1110105000,6000.0,"SANCHEZ, JUAN ALBERTO  ""ELECTRICIDAD EL GALLEGO"",  PRESUPUESTO  X0001-00052314",G,0,2025-05-21 10:46:40,132,29,000000,,,
2025,3014,GMADA,2025-05-28 00:00:00,,,BROM,11,1110104000,23500.0,"AGROVETERINARIA MARZULLO, PRESUP N° 0001 00001088, BROMATOLOGIA",G,0,2025-05-30 09:45:15,131,13,000000,,,
2025,3008,GMADA,2025-05-28 00:00:00,,,HOSP,5,1110104000,30851.85,"JAVIER DURANTE, N° PRESUP. x 0001- 00000686, HOSPITAL",N,0,2025-10-01 12:30:41,131,2,000000,,,
2025,3017,GMADA,2025-05-28 00:00:00,,,BROM,11,1110104000,17480.3,"AGROVETERINARIA MARZULLO, N° PRESUP 0001 00001086, BROMATOLOGIA",G,0,2025-05-30 09:49:41,131,13,000000,,,
2025,3012,GMADA,2025-05-28 00:00:00,,,HOSP,5,1110104000,62600.0,"ELECTRICIDAD EL GALLEGO, PRESUP N° 0001.0052473, BAÑOS PUBLICOS UTI",G,0,2025-05-28 10:34:18,131,2,000000,,,
2025,3029,GMADA,2025-05-28 00:00:00,,,BROM,11,1110104000,85000.0,"AGROVETERINARIA MARZULLO, N° PRESUP 0001 00001087, BROMATOLOGIA",G,0,2025-06-05 10:40:45,131,13,000000,,,
2025,3015,GMADA,2025-05-28 00:00:00,,,BROM,11,1110104000,209697.0,"AGROVETERINARIA MARZULLO, PRESUP N° 0001 00001089, BROMATOLOGIA",G,0,2025-05-30 09:46:32,131,13,000000,,,
2025,3023,GMADA,2025-05-28 00:00:00,,,LAV,5,1110104000,548964.73,"PINAMAR HIGIENE INSTITUCIONAL- PRESUPUESTO N° 0016-00001775, LAVADERO HOSPITAL",G,0,2025-05-28 12:26:18,131,2,000000,,,
2025,3018,GMADA,2025-05-28 00:00:00,,,BROM,11,1110104000,34948.55,"AGROVETERINARIA MARZULLO, PRESUP N° 0001 00001085, BROMATOLOGIA",G,0,2025-05-30 09:51:46,131,13,000000,,,
2025,3027,GMADA,2025-05-28 00:00:00,,,HOSP,5,1110104000,366326.93,"PINAMAR HIGIENE INSTITUCIONAL   -PRESUPUESTO Nº  0016-00001777, LAVADERO HOSPITAL",G,0,2025-05-29 08:58:00,131,2,000000,,,
2025,3065,GMADA,2025-05-29 00:00:00,,,HOSP,5,1110104000,282817.62,"ALPA MADARIAGA, PRESUP N° 0002-000036640/0002-00003641 SAMO-COCINA-CIRUGIA",G,0,2025-05-29 11:16:24,131,2,000000,,,
2025,3072,GMADA,2025-05-30 00:00:00,,,COC,5,1110104000,485000.0,LA MARCA CARNES - PRESUPUESTO S/N FECHA 2/5/25 (COCINA HOSPITAL),G,0,2025-07-10 10:40:14,131,2,000000,,,
2025,3070,GMADA,2025-05-30 00:00:00,,,COC,5,1110104000,500000.0,LA MARCA CARNES - PRESUPUESTO S/N FECHA 16/1/25 (COCINA HOSPITAL),G,0,2025-07-10 10:37:25,131,2,000000,,,
2025,3307,GMADA,2025-06-13 00:00:00,,,JARD,7,1110106000,27290.0,"PRESUPUESTO N° 10303 de ""Santino Revestimiento"" Para ampliación del Jardín Maternal La Casita de Chocolate",G,0,2025-06-13 11:43:30,132,JARDM,000000,,,
2025,3071,GMADA,2025-05-30 00:00:00,,,COC,5,1110104000,242500.0,LA MARCA CARNES - PRESPUESTO S/N FECHA 20/3/25 (COCINA HOSPITAL),G,0,2025-07-10 10:38:42,131,2,000000,,,
2025,3155,GMADA,2025-06-04 00:00:00,,,HOSP,5,1110104000,2696000.0,GONZALEZ MARIA TERESA- PREVISION DE AGUA MINERAL X 20 LTS - HOSPITAL Y HOGAR DE ANCIANOS,G,0,2025-06-04 12:42:21,131,2,000000,,,
2025,3157,GMADA,2025-06-04 00:00:00,,,QUI,5,1110104000,281600.0,NORMEDICAL DE ALEJANDRO GARAY- PRESUPUESTO N° 30/05/2025 QUIROFANO,G,0,2025-06-04 13:31:19,131,2,000000,,,
2025,3177,GMADA,2025-06-05 00:00:00,,,HOGANC,5,1110104000,853614.33,"DURANTE JAVIER  N° PRESUPUESTO 0001-00000358, HOGAR DE ANCIANOS",N,0,2025-12-19 13:05:23,131,2,000000,,,
2025,3304,GMADA,2025-06-13 00:00:00,,,ACCSOC,7,1110106000,2460000.0,"PRESUPUESTO  de ""EXTRAGAS""",G,0,2025-06-13 11:13:16,110,4,000000,,,
2025,3306,GMADA,2025-06-13 00:00:00,,,ENV,7,1110106000,29900.0,"PRESUPUESTO N° 1786 de ""Hispanograf""Proyecto Decisión Niñez",G,0,2025-06-13 11:32:23,132,CASA,000000,,,
2025,3528,GMADA,2025-06-30 00:00:00,,,SECSEG,20,1110113000,6840000.0,Julasoft- contrato julio-diciembre,G,0,2025-06-30 10:44:58,110,25,000000,,,
2025,3338,GMADA,2025-06-18 00:00:00,,,DECI,25,1110118000,5808000.0,PROV. JOS-PI SERVICIOS INTEGRALES S.R.L   CONTRATACION SEGUN EXPT.1747/25,G,0,2025-06-18 09:29:45,110,,000000,,,
2025,3309,GMADA,2025-06-13 00:00:00,,,GRAN,7,1110106000,187299.0,"PRESUPUESTO N° 0051-00042194 de ""SORBA S.R.L."" Para la granja de contención",G,0,2025-06-13 12:09:48,110,GRAN,000000,,,
2025,3339,GMADA,2025-06-18 00:00:00,,,000SU,25,1110118000,151522.0,"PROV.CASA HARISGARAT PRESUP.1169,1161,1177,1163 PARA REPARACION DE BOCA DE TORMENTA CALLE MEXICO Y CUBA, ARREGLOS EN MEDIO AMBIENTE Y PARQUE ANCHORENA",G,0,2025-06-18 09:49:50,110,3,000000,,,
2025,3362,GMADA,2025-06-18 00:00:00,,,MEAM,25,1110118000,186000.0,PROV. CORBELLINI CESAR  PRESUP.1012 REPARACION DE  TREN DELANTERO PARA CAMIONETA FOTON AF591SM,G,0,2025-06-18 11:48:10,110,3,000000,,,
2025,3520,GMADA,2025-06-30 00:00:00,,,CAS,3,1110111000,1216300.0,"Corresponde presupuesto N° 06743/06707/06715/06726- Baterias la Primera ( TRACTOR PAUNY,MOTONIVELADORA PAUNY 160, VOLVOY NEW HOLLAND)",G,0,2025-06-30 07:39:08,131,6,000000,,,
2025,3531,GMADA,2025-06-30 00:00:00,,,SECSEG,20,1110113000,2710884.0,Ezequiel Bianco. renovacion de contrato julio- diciembre 2025,G,0,2025-06-30 11:09:08,110,25,000000,,,
2025,3521,GMADA,2025-06-30 00:00:00,,,INT,1,1110101000,9000.0,CORRESPONDE PRESUPUESTO N ° 06728 - RAMOS E ISIDRO,G,0,2025-06-30 07:40:40,110,1,000000,,,
2025,3529,GMADA,2025-06-30 00:00:00,,,SECSEG,20,1110113000,3300000.0,"Viviana Rodriguez, renovacion de contrato julio- diciembre",G,0,2025-06-30 11:07:34,110,25,000000,,,
2025,3547,GMADA,2025-07-01 00:00:00,,,SECSEG,20,1110113000,11424.0,"Electro Dannunzio, presupuesto 28503 (para colocar en garita de patrulla urbana)",G,0,2025-07-01 09:23:37,110,25,000000,,,
2025,3541,GMADA,2025-06-30 00:00:00,,,TRIB,19,1110112000,371080.0,Corresponde presupuesto Fava- Oficina de Intimaciones,G,0,2025-06-30 13:00:38,110,INGPU,000000,,,
2025,3544,GMADA,2025-07-01 00:00:00,,,SECSEG,20,1110113000,18000.0,"Baterias La Primera, presupuesto 06740 ( JCH069)",G,0,2025-07-01 08:38:15,110,25,000000,,,
2025,3545,GMADA,2025-07-01 00:00:00,,,SECSEG,20,1110113000,43800.0,"Baterias La Primera, presupuesto 06754 ( para vehiculo secretaria AA038FG)",G,0,2025-07-01 09:02:54,110,25,000000,,,
2025,3552,GMADA,2025-07-01 00:00:00,,,SECSEG,20,1110113000,107844.46,"Ferreteria Todo Color, presupuesto 5518 ( elementos utilizados por el personal de mantenimiento )",G,0,2025-07-01 10:08:39,110,25,000000,,,
2025,3546,GMADA,2025-07-01 00:00:00,,,SECSEG,20,1110113000,60500.0,"Martin Lombarti, presupuesto 385 (trabajo en estacion de policia)",G,0,2025-07-01 09:08:49,110,25,000000,,,
2025,3561,GMADA,2025-07-01 00:00:00,,,GRAN,7,1110106000,126300.0,"PRESUPUESTO N| 0001-00001097 de ""Agroveterinaria Marzullo"" Para la granja de contención",G,0,2025-07-01 11:51:27,110,GRAN,000000,,,
2025,3549,GMADA,2025-07-01 00:00:00,,,SECSEG,20,1110113000,64400.07,"Papelera Alpa, presupuesto 03680 (para ser entregados al com y policia)",G,0,2025-07-01 09:28:05,110,25,000000,,,
2025,3557,GMADA,2025-07-01 00:00:00,,,ACCSOC,7,1110106000,790000.0,"PRESUPUESTO de María Cristina Uthurburu de ""Casa Meoqui"" Sra. Vallejos  Benedicta DNI F 5.169.526 falleció el 11 de junio 2025",G,0,2025-07-01 10:55:13,110,4,000000,,,
2025,3554,GMADA,2025-07-01 00:00:00,,,SECSEG,20,1110113000,53564.4,"Ferreteria Todo Color, presupuesto 5524 (elementos utilizados por el personal de mantenimiento-taller)",G,0,2025-07-01 10:24:11,110,25,000000,,,
2025,3614,GMADA,2025-07-03 00:00:00,,,HOSP,5,1110104000,3200000.0,CORRESPONDIENTE EXPTE Nº 3508/2024. DRA JAIME MARIA GRACIELA.,G,0,2025-07-03 07:44:16,131,2,000000,,,
2025,3608,GMADA,2025-07-02 00:00:00,,,CULTUR,1,1110105000,230000.0,DANIEL CARAM     PULPERIA CRUZ DEL SUR    ENCUENTRO DE PAYADORES   11/07  EXPTE 1811/25,G,0,2025-07-02 11:10:18,110,5,000000,,,
2025,3609,GMADA,2025-07-02 00:00:00,,,CULTUR,1,1110105000,2600000.0,CRISTIAN MENDEZ         ENCUENTRO DE PAYADORES   PULPERIA LA CRUZ DEL SUR  11/07  EXPTE 1811/25,G,0,2025-07-02 11:14:49,110,5,000000,,,
2025,2843,GMADA,2025-05-19 00:00:00,,,COC,5,1110104000,152000.0,AVICOLA DEL TUYU - PRESUPUESTO N° 8-2592 (COCINA HOSPITAL),G,0,2025-05-19 11:41:38,131,2,000000,,,
2025,2841,GMADA,2025-05-19 00:00:00,,,FARM,5,1110104000,3473475.0,QUALIMED - PRESUPUESTO N° 60-2025 (FARMACIA HOSPITAL),G,0,2025-05-19 11:37:22,131,2,000000,,,
2025,2928,GMADA,2025-05-22 00:00:00,,,SECSEG,20,1110113000,7900.0,"Electricidad el Gallego, presupuesto 52400",G,0,2025-05-22 07:47:29,110,25,000000,,,
2025,2842,GMADA,2025-05-19 00:00:00,,,COC,5,1110104000,1048844.0,MADA POY - PRESUPUESTO N° 1-822 (COCINA HOSPITAL),G,0,2025-05-19 11:39:58,131,2,000000,,,
2025,2887,GMADA,2025-05-21 00:00:00,,,OPP,3,1110103000,1000000.0,Exp.:329/25 Sol. Mejoras p/ Estadio Municipal - Prov.:Pacheco Jorge Oscar - Presup.:014191,G,0,2025-05-21 09:23:40,110,35,000000,,,
2025,2844,GMADA,2025-05-19 00:00:00,,,FARM,5,1110104000,834057.18,DROGUERIA ALBERDI - PRESUPUESTO S/N FECHA 14/5/24 (FARMACIA HOSPITAL),G,0,2025-05-19 11:51:14,131,2,000000,,,
2025,2896,GMADA,2025-05-21 00:00:00,,,OPP,3,1110103000,3800000.0,Exp.:1811/21 PREIMBA - PROYECTO PARQUE DE LA ESTACIÓN - Prov.:Gonzalez Maria Azucena - Presup.:Contrato,G,0,2025-05-21 09:43:36,110,35,000000,,,
2025,3137,GMADA,2025-06-03 00:00:00,,,HOSP,5,1110104000,668000.0,GARCIA GLADYS PANADERIA ALEM- PRESUPUESTO N° 1342364 HOSPITAL Y HOGAR DE ANCIANOS,G,0,2025-06-03 11:44:17,131,2,000000,,,
2025,3134,GMADA,2025-06-03 00:00:00,,,PO,5,1110104000,82900.0,MATAFUEGOS RUTA 11- PRESUPUESTO N° 7949 SECTOR PLANTA DE OXIGENO,G,0,2025-06-12 11:46:02,131,2,000000,,,
2025,3185,GMADA,2025-06-06 00:00:00,,,DECI,25,1110118000,582132.43,PROV.YOLDI AGUSTIN PRESUP.1704,N,0,2025-06-13 12:51:48,110,DEFCI,000000,,,
2025,3136,GMADA,2025-06-03 00:00:00,,,FARM,5,1110104000,1456463.16,DROGUERIA DANA- PRESUPUESTO N° 29/05/2025 FARMACIA,G,0,2025-06-03 11:40:56,131,2,000000,,,
2025,3235,GMADA,2025-06-10 00:00:00,,,SECSEG,20,1110113000,84100.0,"Rodamientos Tuyu, presupuesto 03006 ( AE331IY- JCH 069)",G,0,2025-06-10 09:56:54,110,25,000000,,,
2025,3138,GMADA,2025-06-03 00:00:00,,,HOSP,5,1110104000,100000.0,MARZULLO COMPUTACION- PRESUPUESTO N° 0001-00001270 INFORMATICA,G,0,2025-06-03 11:49:25,131,2,000000,,,
2025,3188,GMADA,2025-06-06 00:00:00,,,DECI,25,1110118000,1012944.95,"PROV.ELECTRO DANNUNZIO PRESUP.28391 PARA DELEGACION SUR, LUMINARIA PARA CALLE RIVADAVIA,EVENTO DE LA UADE, LUMINARIA DE CALLE 25, CALLE ILLIA,",G,0,2025-06-13 12:55:44,110,DEFCI,000000,,,
2025,3187,GMADA,2025-06-06 00:00:00,,,CAS,3,1110111000,60000.0,"PRESUPUESTO 1102, BOGADO LEANDRO RUBEN",G,0,2025-06-06 10:21:48,131,6,000000,,,
2025,3233,GMADA,2025-06-10 00:00:00,,,SECSEG,20,1110113000,818038.2,"Electro Dannunzio, presupuesto 28309 (para uso del personal de tecnica)",G,0,2025-06-10 09:38:11,110,25,000000,,,
2025,3237,GMADA,2025-06-10 00:00:00,,,SECSEG,20,1110113000,125000.0,"Leandro Ruben Bogado, presupuesto 1088--1089",G,0,2025-06-10 10:36:54,110,25,000000,,,
2025,3234,GMADA,2025-06-10 00:00:00,,,SECSEG,20,1110113000,122021.2,"Electro Dannunzio, presupuesto 28319 ( utilizado por el personal de tecnica)",G,0,2025-06-10 09:43:54,110,25,000000,,,
2025,3303,GMADA,2025-06-13 00:00:00,,,AREAJ,2,1110102000,302815.4,"PRESUPUESTO 28436, SUC DANNUNZIO JORGE",N,0,2025-06-13 11:09:56,110,CICQ,000000,,,
2025,3236,GMADA,2025-06-10 00:00:00,,,SECSEG,20,1110113000,280000.0,"LEANDRO RUBEN BOGADO, PRESUPUESTO 1101-1099-1091-1093-1094",G,0,2025-06-10 10:21:04,110,25,000000,,,
2025,3274,GMADA,2025-06-11 00:00:00,,,PROD,14,1110108000,400000.0, PROV. CARNERO ECHEGARAY JOSE OCTAVIO . PRESU. 11/06/2025- SEC. PRODUCCION- RAICES,G,0,2025-06-11 12:03:14,110,8,000000,,,
2025,3299,GMADA,2025-06-13 00:00:00,,,CAS,3,1110111000,10152000.0,"PRESUPUESTO 000, CASA ELICEIRY",G,0,2025-06-13 10:14:20,131,6,000000,,,
2025,3302,GMADA,2025-06-13 00:00:00,,,MAYOR,2,1110102000,24584.0,"PRESUPUESTO 28414/28440, SUC DANNUNZIO JORGE",G,0,2025-06-13 11:00:16,110,1,000000,,,
2025,3369,GMADA,2025-06-19 00:00:00,,,GOBHAC,2,1110102000,200000.0,Rojas Carolina. Acto 20 de Junio 2025,G,0,2025-06-19 07:26:21,110,1,000000,,,
2025,3329,GMADA,2025-06-17 00:00:00,,,000SU,25,1110118000,182870.0,"PROV. CASA HARISGARAT PRESUP.1154,1178,1167,1170 PARA REPARACION DE CARDON Y BADEN EN CALLE 29 Y 4 ,YRIGOYEN Y BS.AS, PERU Y PANAMA",G,0,2025-06-17 11:37:32,110,3,000000,,,
2025,3308,GMADA,2025-06-13 00:00:00,,,GOBHAC,2,1110102000,120000.0,"PRESUPUESTO 000, ALUMAN SEBASTIAN",G,0,2025-06-13 11:56:11,110,1,000000,,,
2025,3646,GMADA,2025-07-05 00:00:00,,,COC,5,1110104000,49500.0,FAE- PRESUPUESTO N° 4921523 (COCINA),G,0,2025-07-05 10:25:38,131,2,000000,,,
2025,3559,GMADA,2025-07-01 00:00:00,,,DEP,13,1110109000,39999.0,PRESUPUESTO N°42373 - SORBA S.R.L (SAMPIETO/ PAVA ELECTRICA PARA OFICINA,N,0,2025-07-02 10:41:08,110,9,000000,,,
2025,3645,GMADA,2025-07-05 00:00:00,,,HOSP,5,1110104000,60000.0,CESAR CORBELLINI- PRESUPUESTO N° 1018  (RENAULT LOGAN DOMINIO: AF545GL),G,0,2025-07-05 09:13:43,131,2,000000,,,
2025,3785,GMADA,2025-07-14 00:00:00,,,DECI,25,1110118000,45000.0,"PRESUPUESTO 000, ZANNINI MATIAS",G,0,2025-07-14 12:48:08,110,1,000000,,,
2025,3778,GMADA,2025-07-14 00:00:00,,,DELE,2,1110102000,54820.0,"PRESUPUESTO 045, CORREA LORENTE JUAN MARTIN",G,0,2025-07-14 11:41:28,110,24,000000,,,
2025,3783,GMADA,2025-07-14 00:00:00,,,CAS,3,1110111000,58250.0,"PRESUPUESTO 1103, SUC MARZULLO ABEL",G,0,2025-07-14 12:29:32,131,6,000000,,,
2026,637,GMADA,2026-02-11 00:00:00,,,BARU,25,1110118000,1988250.0,PROV.ALFIO DISTEFANO PRESP.079-7028 REPARACION DE TOPADORA LUILONG EUF96,G,0,2026-02-11 07:29:34,110,,000000,,,
2026,642,GMADA,2026-02-11 00:00:00,,,000SU,25,1110118000,534000.0,"PROV.AGUSTIN PASO PRESUP.4031,4041,4039,4036,4033,4027,4017,4009,4007,4005,4002,4047,4050,4048,4052  PARA CAMION XNE244,SOG742,DMI232RFJ13,CII59, FSL723,",G,0,2026-02-11 08:40:17,110,3,000000,,,
2026,638,GMADA,2026-02-11 00:00:00,,,000SU,25,1110118000,423200.0,PROV.MERIO INDUSTRIA PRESUP.10/02/2026 CEPILLOS DE BARRENDERO PARA BARRIDO DE CALLES,G,0,2026-02-11 07:36:10,110,3,000000,,,
2026,739,GMADA,2026-02-18 00:00:00,,,ASIV,7,1110106000,120000.0,"PRESUPUESTO N° X 9178 de ""MATAFUEGOS RUTA 11"" Para el aréa de prestaciones",G,0,2026-02-18 10:12:06,110,4,000000,,,
2026,734,GMADA,2026-02-18 00:00:00,,,CULTUR,6,1110105000,67500.0,JUAN AGUSTIN BALLETTO,G,0,2026-02-18 07:55:21,110,5,000000,,,
2026,700,GMADA,2026-02-12 00:00:00,,,CULTUR,6,1110105000,450000.0,JUAN MARCELO GUTIERREZ  PROVEEDOR 3560   BARRA LIBRE CUMBIA  CARNAVAL 2026  EXPTE 224/26,G,0,2026-02-12 10:48:21,110,5,000000,,,
2026,741,GMADA,2026-02-18 00:00:00,,,JARD,7,1110106000,16100.0,"PRESUPUESTO N° 001025 de Terranova, Lucas Hernán de ""TERRANOVAQUÍMICA"" Parra lavar toallas, repasadores, etc. en La Casita de Chocolate",G,0,2026-02-18 10:19:20,132,JARDM,000000,,,
2026,738,GMADA,2026-02-18 00:00:00,,,ACCSOC,7,1110106000,81196.44,"PRESUPUESTOS N° 00030134/30174/30182/30193/ de Sucesión de D annunzio Jorge Neldo de ELECTRO D ANNUNZIO"" Para oficinas de sede, prestaciones, género, casita de chocolate",G,0,2026-02-18 10:08:47,110,4,000000,,,
2026,748,GMADA,2026-02-19 00:00:00,,,TURIS,6,1110105000,1000000.0,Aldaz Oscar Alfredo y Garmendia Mirta condominio. Alojamiento rally. DECRETO 78/26,G,0,2026-02-19 07:45:38,110,TURIS,000000,,,
2026,740,GMADA,2026-02-18 00:00:00,,,ENV,7,1110106000,60000.0,"PRESUPUESTO N° 542 de ""EDUARDO FUMEGA"" Arreglos en Casa del Adolescente",G,0,2026-02-18 10:15:30,132,CASA,000000,,,
2026,750,GMADA,2026-02-19 00:00:00,,,TURIS,6,1110105000,41000.0,Campo y ciudad. presupuesto 15276.,G,0,2026-02-19 07:57:03,110,TURIS,000000,,,
2026,743,GMADA,2026-02-18 00:00:00,,,ACCSOC,7,1110106000,990000.0,"PRESUPUESTO N° X 7390245  de Peyrano, Sergio de ""ATMÓSFERICO LA PRIMERA""",G,0,2026-02-23 12:10:17,132,4,000000,,,
2026,753,GMADA,2026-02-19 00:00:00,,,TURIS,6,1110105000,45000.0,Mecanica Integral PEREYRA - presupuesto 133 invernada,G,0,2026-02-19 08:56:16,110,TURIS,000000,,,
2025,3616,GMADA,2025-07-03 00:00:00,,,CULTUR,1,1110105000,31500.0,HISPANOGRAF     PRESUPUESTO N° 1793,G,0,2025-07-03 08:02:49,110,5,000000,,,
2025,3720,GMADA,2025-07-10 00:00:00,,,HOSP,5,1110104000,137000.0,IMPRENTA EL ARGENTINO - PRESUPUESTO N° 521(LABORATORIO Y GUARDIA HOSPITAL),G,0,2025-07-10 16:51:58,131,2,000000,,,
2025,3719,GMADA,2025-07-10 00:00:00,,,HOSP,5,1110104000,391827.37,"PAPELERA ALPA - PRESUPUESTO N° 2-3691, 2-3695 Y 2-3697 (KINESIOLOGIA, COCINA, RECURSOS HUMANOS Y GUARDIA HOSPITAL)",G,0,2025-07-10 16:48:37,131,2,000000,,,
2025,3722,GMADA,2025-07-10 00:00:00,,,FARM,5,1110104000,581111.94,MAX CONTINENTAL - PRESUPUESTO N° 1-152321 (FARMACIA HOSPITAL),G,0,2025-07-10 17:04:18,131,2,000000,,,
2025,3724,GMADA,2025-07-10 00:00:00,,,COC,5,1110104000,876481.0,MADA POY - PRESUPUESTO N° 1-847 (COCINA HOSPITAL),G,0,2025-07-10 17:11:44,131,2,000000,,,
2025,3721,GMADA,2025-07-10 00:00:00,,,FARM,5,1110104000,402941.94,PILOÑA - PRESUPUESTO N° 4-185013 (FARMACIA HOSPITAL),G,0,2025-07-10 16:59:25,131,2,000000,,,
2025,3726,GMADA,2025-07-10 00:00:00,,,FARM,5,1110104000,266743.35,INSUMOS GENERALES - PRESUPUESTO S/N FECHA 7/7/25 (FARMACIA HOSPITAL),G,0,2025-07-10 17:20:41,131,2,000000,,,
2025,3723,GMADA,2025-07-10 00:00:00,,,HOSP,5,1110104000,614500.0,TODO POLLO - PRESUPUESTO N° 12 Y 13 (HOGAR Y HOSPITAL),G,0,2025-07-10 17:09:05,131,2,000000,,,
2025,3816,GMADA,2025-07-16 00:00:00,,,OPP,3,1110103000,2115829.5,Exp. 757/25 Alem - Venezuela - Trab. cordon cuneta - bacheo- pluviales - Prov.:Adrenalina Rent - Presup.:016761,G,0,2025-07-16 09:02:48,110,35,000000,,,
2025,3725,GMADA,2025-07-10 00:00:00,,,LAV,5,1110104000,687705.66,PINAMAR HIGIENE INSTITUCIONAL - PRESUPUESTO N° 16-1853 Y 16-1861 (LAVADERO HOSPITAL),G,0,2025-07-10 17:15:35,131,2,000000,,,
2025,3936,GMADA,2025-07-24 00:00:00,,,000SU,25,1110118000,324250.0,PROV. BATERIA LA  PRIMERA  PRESUP.6779  REPUESTOS PARA CAMION VW 17280 PATENTE AF947IJ,G,0,2025-07-24 09:08:27,110,3,000000,,,
2025,3727,GMADA,2025-07-10 00:00:00,,,FARM,5,1110104000,2866104.0,SORRENTINO DROGUERIA - PRESUPUESTO S/N FECHA 10/6/25 (FARMACIA HOSPITAL),G,0,2025-07-10 17:28:39,131,2,000000,,,
2025,3926,GMADA,2025-07-23 00:00:00,,,SECSEG,20,1110113000,17088.5,"Pintureria Sagitario, (membrana utilizada para colocar faja de infraccion)",G,0,2025-07-23 12:51:13,110,25,000000,,,
2025,3823,GMADA,2025-07-16 00:00:00,,,AREAJ,2,1110102000,38000.0,CORRESPONDE PRESUPUESTO ERNALZ JUAN MANUEL,G,0,2025-07-16 11:20:19,110,23,000000,,,
2025,3974,GMADA,2025-07-28 00:00:00,,,SECSEG,20,1110113000,54986.4,"Electro Dannunzio, presupuesto 28768 (para el COM)",G,0,2025-07-28 10:59:45,110,25,000000,,,
2025,3972,GMADA,2025-07-28 00:00:00,,,SECSEG,20,1110113000,366000.0,"Frenos Madariaga, preuspuesto 81 (AB038FH-OIG911-AE704AW)",G,0,2025-07-28 10:48:35,110,25,000000,,,
2025,3988,GMADA,2025-07-29 00:00:00,,,AREAJ,2,1110102000,41800.0,Corresponde presupuesto N° 0002-00002755/00002747 - CIMOS INOCENCIO,G,0,2025-07-29 08:52:08,110,23,000100,,,
2025,3973,GMADA,2025-07-28 00:00:00,,,SECSEG,20,1110113000,24977.4,"Electro Dannunzio, presupuesto 28777",G,0,2025-07-28 10:53:21,110,25,000000,,,
2025,3985,GMADA,2025-07-29 00:00:00,,,SECSEG,20,1110113000,159500.0,"Hispanograf, presupuesto 1804 (para Inspeccion)",N,0,2025-12-16 12:40:32,110,170,000000,,,
2025,3975,GMADA,2025-07-28 00:00:00,,,SECSEG,20,1110113000,16502.0,"Agroveterinaria Marzullo, presupuesto 01110 (para los equinos secuestrados en puesto invernadas)",G,0,2025-07-28 11:02:26,110,25,000000,,,
2025,3993,GMADA,2025-07-29 00:00:00,,,HOSP,5,1110104000,7620.09,"ALPA MADARIAGA - PRESUPUESTO N° 2-3717 (QUIROFANO, GUARDIA HOSPITAL)",G,0,2025-07-29 10:16:24,131,2,000000,,,
2025,3987,GMADA,2025-07-29 00:00:00,,,SECSEG,20,1110113000,24870.02,"Alpa, presupuestos 37123699",G,0,2025-07-29 08:45:54,110,25,000000,,,
2025,3995,GMADA,2025-07-29 00:00:00,,,COC,5,1110104000,35000.0,AVICOLA DEL TUYU - PRESUPUESTO N° 8-2563 (COCINA HOSPITAL),G,0,2025-07-29 10:20:06,131,2,000000,,,
2025,3989,GMADA,2025-07-29 00:00:00,,,SECSEG,20,1110113000,120610.0,"Pintureria Todo Color, presupuesto 5531",G,0,2025-07-29 09:26:56,110,25,000000,,,
2025,3997,GMADA,2025-07-29 00:00:00,,,HOSP,5,1110104000,640799.3,"DURANTE JAVIER - PRESUPUESTO N° 1-726 (COCINA, SECRETARIA SALUD HOSPITAL)",G,0,2025-07-29 10:26:54,131,2,000000,,,
2025,3994,GMADA,2025-07-29 00:00:00,,,COC,5,1110104000,69000.0,SANTA PAULA - PRESUPUESTO N° 1-2091 Y 1-2092 (COCINA Y HOGAR HOSPITAL),G,0,2025-07-29 10:19:05,131,2,000000,,,
2025,3999,GMADA,2025-07-29 00:00:00,,,HOSP,5,1110104000,148175.43,"ELECTRO DANNUNZIO - PRESUPUESTO N° 28758 (CAPS NORTE, CIC, ONCOLOGIA)",G,0,2025-07-29 10:44:53,131,2,000000,,,
2025,3996,GMADA,2025-07-29 00:00:00,,,LAV,5,1110104000,29000.0,PRODUCTOS COLOMBRARO - PRESUPUESTO N° 367 (LAVADERO HOSPITAL),G,0,2025-07-29 10:21:36,131,2,000000,,,
2025,4016,GMADA,2025-07-30 00:00:00,,,PROD,14,1110108000,150000.0,PRESUPUESTO SCIGLIANO GASTON- TERCERA RONDA DE INVERSIONES,G,0,2025-07-30 13:02:44,110,8,000000,,,
2025,3998,GMADA,2025-07-29 00:00:00,,,HOSP,5,1110104000,92834.74,ELECTRO DANNUNZIO - PRESUPUESTO N° 28743 Y 28766 (QUIROFANO Y RECURSOS HUMANOS HOSPITAL),G,0,2025-07-29 10:32:15,131,2,000000,,,
2025,4001,GMADA,2025-07-29 00:00:00,,,HOSP,5,1110104000,158000.0,"IMPRENTA EL ARGENTINO - PRESUPUESTO N° 524 Y 525 (TERAPIA, HEMOTERAPIA, RECETARIOS HOSPITAL)",G,0,2025-07-29 10:55:14,131,2,000000,,,
2025,4000,GMADA,2025-07-29 00:00:00,,,HOSP,5,1110104000,119199.35,PINAMAR HIGIENE INSTITUCIONAL - PRESUPUESTO N° 16-1906 Y 16-1907 (LAVADERO HOSPITAL),G,0,2025-07-29 10:50:57,131,2,000000,,,
2025,4011,GMADA,2025-07-30 00:00:00,,,CULTUR,1,1110105000,600000.0,GUSTAVO ADOLFO FARIAS   GAF SISTEMAS    PROVEEDOR 3177,G,0,2025-08-08 09:38:41,110,5,000000,,,
2025,4051,GMADA,2025-08-04 00:00:00,,,BROM,11,1110104000,36000.0,RODAMIENTOS TUYU- PRESUPUESTO N° 3021 (BROMATOLOGIA) DOMINIO AB437WY,G,0,2025-08-05 09:57:13,131,13,000000,,,
2025,4021,GMADA,2025-07-31 00:00:00,,,CAS,3,1110111000,383627.48,"PRESUPUESTO 5137, ZMG ARGENTINA SRL",G,0,2025-07-31 08:54:31,131,6,000000,,,
2025,4029,GMADA,2025-07-31 00:00:00,,,CAS,3,1110111000,7414000.0,"PRESUPUESTO 000,CASA ELICEIRY",G,0,2025-07-31 10:18:13,131,6,000000,,,
2025,4033,GMADA,2025-07-31 00:00:00,,,AREAJ,2,1110102000,300000.0,"PRESUPUESTO 3085, ALEGRE SAMUEL ALBERTO",G,0,2025-07-31 12:45:50,132,23,000000,,,
2025,4050,GMADA,2025-08-04 00:00:00,,,COC,5,1110104000,147500.0,PROVEEDURIA LA ILUSION- PRESUPUESTO N° 36345 (COCINA),G,0,2025-08-04 09:15:42,131,2,000000,,,
2025,4059,GMADA,2025-08-04 00:00:00,,,LAB,5,1110104000,811585.57,UNO ELECTROMEDICINA- PRESUPUESTO N° 00003-00013299 (LABORATORIO),G,0,2025-08-04 13:06:54,131,2,000000,,,
2025,4053,GMADA,2025-08-04 00:00:00,,,HOGANC,5,1110104000,1549318.0,MADA POY - PRESUPUESTO N° 0001-00000862 (HOGAR DE ANCIANOS),G,0,2025-08-04 10:41:48,131,2,000000,,,
2025,4061,GMADA,2025-08-04 00:00:00,,,HOSP,5,1110104000,481315.19,PINAMAR HIGIENE INSTITUCIONAL- PRESUPUESTO N° 0016-00001849/1862 (PORTERIA),G,0,2025-08-04 13:43:41,131,2,000000,,,
2025,4188,GMADA,2025-08-11 00:00:00,,,GRAN,7,1110106000,28720.0,"PRESUPUESTO N° 000962 de Terrano Lucas Hernán de ""TERRANOVAQUIMICA"" Para la granja de contención",G,0,2025-08-11 10:59:01,110,GRAN,000000,,,
2025,4060,GMADA,2025-08-04 00:00:00,,,HOSP,5,1110104000,95000.0,EL ARGENTINO- PRESUPUESTO N° 528/529 ( MATERNIDAD- HEMOTERAPIA),G,0,2025-08-04 13:24:08,131,2,000000,,,
2025,3786,GMADA,2025-07-15 00:00:00,,,DECI,25,1110118000,157450.0,PROV.NOWE CAROLINA PRESUP.0573 REPUESTOS PARA FORD F100 SNG651,G,0,2025-07-15 07:31:33,110,3,000000,,,
2025,3789,GMADA,2025-07-15 00:00:00,,,BARU,25,1110118000,420000.0,PROV.TISERA SANITARIO PORTATILES ALQUILER BAÑO QUIMICO PARA PREDIOS DISPOSICION FINAL RUTA 11 KM 405.5 POR 6 MESES DE JULIO A DICIEMBRE 2025,G,0,2025-07-15 08:01:17,110,,000000,,,
2025,3788,GMADA,2025-07-15 00:00:00,,,000SU,25,1110118000,543696.0,PROV. CAROLINA NOWE PRESUP.0574 REPUESTOS PARA CAMION IVECO PJY978 RENAULT  LOGAN AF546LG,G,0,2025-07-15 07:43:48,110,3,000000,,,
2025,3791,GMADA,2025-07-15 00:00:00,,,MEAM,25,1110118000,420000.0,PROV.TISERA SANITARIOS PORTATILE ALQUILER DE BAÑO QUIMICO PARA LAGUNA LA LARGA POR 6 MESES DE JULIO A DICIEMBRE,G,0,2025-07-15 08:30:35,110,,000000,,,
2025,3802,GMADA,2025-07-15 00:00:00,,,SECSEG,20,1110113000,11424.0,"Electro Dannunzio, presupuesto 28647",G,0,2025-07-15 11:14:10,110,25,000000,,,
2025,3790,GMADA,2025-07-15 00:00:00,,,000SU,25,1110118000,6500000.0,PROV. ATREUCO PUEL COMBUSTIBLE PARA MAQUINAS Y VEHICULOS DE ESTA SECRETARIA,G,0,2025-07-15 08:25:27,131,3,000000,,,
2025,3801,GMADA,2025-07-15 00:00:00,,,SECSEG,20,1110113000,98193.0,"Casa Blanco, presupuesto 1-189138 ( balun utilizados para reparacion de camaras-com)",G,0,2025-07-15 11:11:09,110,25,000000,,,
2026,749,GMADA,2026-02-19 00:00:00,,,TURIS,6,1110105000,7000.0,Campo y ciudad. presupuesto 15272.,G,0,2026-02-19 07:51:47,110,TURIS,000000,,,
2026,769,GMADA,2026-02-21 00:00:00,,,LAB,5,1110104000,1361668.42,RADIOGRAFICAOESTE- PRESUPUESTO N° 100053111 (LABORATORIO DE ANALISIS),G,0,2026-02-21 09:42:46,131,2,000000,,,
2026,752,GMADA,2026-02-19 00:00:00,,,TURIS,6,1110105000,15820.0,Pintureria - ferreteria TODO COLOR - presupuesto 5506 - invernada,G,0,2026-02-19 08:52:58,110,TURIS,000000,,,
2026,768,GMADA,2026-02-21 00:00:00,,,FARM,5,1110104000,2321489.69,MAX CONTINENTAL- PRESUPUESTO N° 20/02/26,G,0,2026-02-21 09:04:11,131,2,000000,,,
2026,754,GMADA,2026-02-19 00:00:00,,,TURIS,6,1110105000,210000.0,Casa Yoseli de Marta Zaupa. Alojamiento rally. DECRETO 78/26,G,0,2026-02-19 09:43:03,110,TURIS,000000,,,
2026,771,GMADA,2026-02-21 00:00:00,,,BROM,11,1110104000,52900.0,AGROVETERINARIA MARZULLO- PRESUPUESTO N° 1169/1170,G,0,2026-02-21 09:48:07,110,13,000000,,,
2026,770,GMADA,2026-02-21 00:00:00,,,HOSP,5,1110104000,247755.0,"Copia de 2026/122 AGROVETERINARIA MARZULLO. PRESUPUESTOS Nº 0001-00001161,0001-00001156.",N,0,2026-02-21 09:45:42,110,2,000000,,,
2026,773,GMADA,2026-02-23 00:00:00,,,DEP,13,1110109000,426000.0,PRESUPUESTO N° 1863 - HISPANOGRAF - RALLY PAGOS DEL TUYU,G,0,2026-02-24 07:47:26,110,9,000000,,,
2026,772,GMADA,2026-02-21 00:00:00,,,FARM,5,1110104000,5325216.2,DROGUERIA PERDOMINICI- PRESUPUESTO N° 12/02/2026,G,0,2026-02-23 13:20:12,131,2,000000,,,
2026,818,GMADA,2026-02-25 00:00:00,,,CULTUR,6,1110105000,75000.0,EDUARDO FUMEGA  PRESUPUESTO N° 545,G,0,2026-02-25 08:20:04,110,CACUL,000000,,,
2026,910,GMADA,2026-03-04 00:00:00,,,LAB,5,1110104000,97345.0,LABORATORIO BIOQUIMICO MAR DEL PLATA S.A- PRESUPUESTO S/N° PRACTICAS REALIZADAS EN EL MES DE FEBRERO,G,0,2026-03-04 08:42:04,131,2,000000,,,
2026,827,GMADA,2026-02-25 00:00:00,,,SECSEG,20,1110113000,600000.0,"Ricciuto, presupuesto 023 (AE331 IY)",G,0,2026-02-25 10:33:58,110,25,000000,,,
2026,979,GMADA,2026-03-09 00:00:00,,,PROD,14,1110108000,345802.8,PROV.CENTRO DE HIERRO PRESUP.11-7802- SEC PRODUCCION,G,0,2026-03-09 12:24:04,110,8,000000,,,
2026,916,GMADA,2026-03-04 00:00:00,,,FARM,5,1110104000,5973340.0,QUALIMED- PRESUPUESTO N° 93,G,0,2026-03-04 11:26:47,131,2,000000,,,
2026,1039,GMADA,2026-03-12 00:00:00,,,00003,25,1110118000,38100000.0,Corresponde Expte N° 683 / 2026 Concurso de precios N° 3/2026 - Compra Utilitario,G,0,2026-03-12 10:47:56,132,SECOP,000000,,,
2025,4177,GMADA,2025-08-11 00:00:00,,,GOBHAC,2,1110102000,300000.0,"Andre Ponsa S.A.,Actos  Semana de Agosto Cardoso ,Guemes, San Martín.",G,0,2025-08-11 09:22:14,110,1,000000,,,
2025,4180,GMADA,2025-08-11 00:00:00,,,GOBHAC,2,1110102000,400000.0,"PRESUPUESTO 000, CHIABRANDO FRANCO VALENTIN",G,0,2025-08-19 12:46:22,110,1,000000,,,
2025,4178,GMADA,2025-08-11 00:00:00,,,GOBHAC,2,1110102000,300000.0,"Garen Orlando, Actos Semana de Agosto Cardoso,Guemes San Martín.",G,0,2025-08-11 09:30:09,110,1,000000,,,
2025,4187,GMADA,2025-08-11 00:00:00,,,JARD,7,1110106000,14400.0,"PRESUPUESTO N° 000964de Terranova, Lucas Hernán de""TERRANOVAQUIMICA"" Para la Casita de Chocolate",G,0,2025-08-11 10:53:23,132,JARDM,000000,,,
2025,4190,GMADA,2025-08-11 00:00:00,,,JARD,7,1110106000,399855.0,"PRESUPUESTOS  N° X 0001-000010000 - 1181- 1194 - 1211 de Tatano Harisgarat S.R.L. de ""CASA HARISGARAT"" Para arreglos en la casita de chocolate (colocación de calefactores, arreglo mochila de baño, realización de tapa de pozo)",G,0,2025-08-13 12:12:06,132,JARDM,000000,,,
2025,3793,GMADA,2025-07-15 00:00:00,,,MEAM,25,1110118000,420000.0,PROV.TISERA SANITARIOS  POTATILES ALQUILER DE BAÑO QUIMICO PARA LAGUNA EL CARBON POR 6 MESES DE JULIO A DICEMBRE,G,0,2025-07-15 08:43:53,110,,000000,,,
2025,4163,GMADA,2025-08-08 00:00:00,,,HOSP,5,1110104000,1121617.0,B GATE- PRESUPUESTO N° 0005-00006653 (PLANTA DE OXIGENO),G,0,2025-08-08 10:14:19,131,2,000000,,,
2025,3818,GMADA,2025-07-16 00:00:00,,,HOSP,5,1110104000,6800000.0," RENOVACION POLIZA 554717-0,SMG(1489)",G,0,2025-07-17 11:45:31,131,2,000000,,,
2025,3812,GMADA,2025-07-15 00:00:00,,,CEM,1,1110101000,108000.0,Escobar Juan Carlos,G,0,2025-07-15 13:08:13,110,1,000000,,,
2025,3824,GMADA,2025-07-16 00:00:00,,,MAYOR,2,1110102000,197000.0,"PRESUPUESTO 251/252, PEDROCHE JOSE OSVALDO",G,0,2025-07-16 12:23:22,110,1,000000,,,
2025,3948,GMADA,2025-07-25 00:00:00,,,OPP,3,1110103000,32323.0,Exp.:1398/25 Ref. Acondicionamiento de Vivienda Familiar de Alma Mía Basualdo - Prov.:Todo Color - Presup.:5515,G,0,2025-07-25 09:29:30,110,35,000000,,,
2025,4007,GMADA,2025-07-30 00:00:00,,,OPP,3,1110103000,113600.0,Exp. 757/25 Alem - Venezuela - Trab. cordon cuneta - bacheo- pluviales - Prov.:Hispanograf - Presup..1817,G,0,2025-07-30 09:41:37,110,35,000000,,,
2025,3954,GMADA,2025-07-25 00:00:00,,,SECSEG,20,1110113000,57596.0,"Electro Dannunzio, presupuesto 28698 (para el COM)",G,0,2025-07-25 11:59:57,110,25,000000,,,
2025,4097,GMADA,2025-08-06 00:00:00,,,PROD,14,1110108000,344400.0,  PROV.GOMEZ LAUTARO- PRESU.  N°06/08/2025- SEC. PRODUCCION-,G,0,2025-08-06 07:45:58,110,8,000000,,,
2025,4161,GMADA,2025-08-08 00:00:00,,,LAB,5,1110104000,546597.0,LABORATORIO BIOQUIMICO MAR DEL PLATA S.A - PRESUPUESTO S/N° PRACTICAS DE LABORATORIO DE ALTA COMPLEJIDAD REALIZADAS EN EL MES DE JULIO/2025,G,0,2025-08-08 09:56:34,131,2,000000,,,
2025,4165,GMADA,2025-08-08 00:00:00,,,FARM,5,1110104000,630541.12,DROGUERIA ALBERDI- PRESUPUESTO N° 7/08/2025 (FARMACIA),G,0,2025-08-08 10:44:57,131,2,000000,,,
2025,4164,GMADA,2025-08-08 00:00:00,,,HOSP,5,1110104000,568400.0,ALTA MORENA- PRESUPUESTO N° 47 (HOSPITAL Y HOGAR),G,0,2025-08-08 10:38:40,131,2,000000,,,
2025,4226,GMADA,2025-08-13 00:00:00,,,SECSEG,20,1110113000,276160.0,"Ivanper, presupuesto 7006 (OIG911-AE331IY-AB038FG-KYV155)",G,0,2025-08-13 09:17:10,110,25,000000,,,
2025,4197,GMADA,2025-08-12 00:00:00,,,000SU,25,1110118000,253475.0,"PROV.CASA HARISGARAT PRESUP.1190,1195,1187,1192 PARA CANCHA MUNICIPAL,CUADRILLA CORRALON,ARREGLOS EN ZUBIAURRE Y ARIAS,MAISTEGUI Y RIVADAVIA",G,0,2025-08-12 07:59:31,110,3,000000,,,
2025,4167,GMADA,2025-08-08 00:00:00,,,QUI,5,1110104000,725000.0,AZCUENAGA- PRESUPUESTO N° 00002-00052876 (QUIROFANO),G,0,2025-08-08 11:09:45,131,2,000000,,,
2025,4199,GMADA,2025-08-12 00:00:00,,,000SU,25,1110118000,59612.0,"PROV.CASA HARISGARAT PRESUP.1191,1189 PARA VIVERO MUNICIPAL,",G,0,2025-08-12 08:29:01,110,3,000000,,,
2025,4221,GMADA,2025-08-13 00:00:00,,,SECSEG,20,1110113000,567420.0,"Casa Harisgarat, presupuesto 01210",G,0,2025-08-25 08:41:28,110,25,000000,,,
2025,4337,GMADA,2025-08-23 00:00:00,,,COC,5,1110104000,112500.0,PEREZ JORGE- PRESUPUESTO N° 282171 (COCINA DEL HOSPITAL),G,0,2025-08-23 10:11:21,131,2,000000,,,
2025,4250,GMADA,2025-08-16 00:00:00,,,HOSP,5,1110104000,34225.0,IVANPER REPUESTOS-  PRESUPUESTO N° 7058 (MOVIL 8) DOMINIO PAA334,G,0,2025-08-16 10:30:02,131,2,000000,,,
2025,4316,GMADA,2025-08-21 00:00:00,,,OPP,3,1110103000,1233570.0,Exp. 757/25 Alem - Venezuela - Trab. cordon cuneta - bacheo- pluviales - Prov.:Casa Harisgarat - Presup.:1201,G,0,2025-08-21 10:28:18,110,35,000000,,,
2025,4339,GMADA,2025-08-23 00:00:00,,,SALA I,5,1110104000,4021942.0,QUALIMED- PRESUPUESTO N° 70 (RAYOS),G,0,2025-08-23 10:44:52,131,2,000000,,,
2025,4341,GMADA,2025-08-23 00:00:00,,,FARM,5,1110104000,2397813.1,DROGUERIA ALBERDI- PRESUPUESTO N° 14/08/25 (FARMACIA),G,0,2025-08-23 11:15:28,131,2,000000,,,
2025,4338,GMADA,2025-08-23 00:00:00,,,HOGANC,5,1110104000,144900.0,PEREZ JORGE- PRESUPUESTO N° 282172/282175  HOGAR DE ANCIANOS,G,0,2025-08-23 10:14:29,131,2,000000,,,
2025,4343,GMADA,2025-08-23 00:00:00,,,HOGANC,5,1110104000,41500.1,BAZAR DEL GASTRONOMICO- PRESUPUESTO N° 6-00007437 (COCINA DEL HOGAR DE ANCIANOS),G,0,2025-08-23 11:23:12,131,2,000000,,,
2025,4340,GMADA,2025-08-23 00:00:00,,,HOSP,5,1110104000,195000.0,LOPEZ LEONARDO- PRESUPUESTO N° 21/08/2025 (MATERNIDAD-LABORATORIO),G,0,2025-08-23 10:55:41,131,2,000000,,,
2025,4342,GMADA,2025-08-23 00:00:00,,,TERINT,5,1110104000,220915.0,SERVIMED- PRESUPUESTO N° 8320/25 (UTI),G,0,2025-08-23 11:20:45,131,2,000000,,,
2025,4347,GMADA,2025-08-25 00:00:00,,,CAS,3,1110111000,240000.0,"PRESUPUESTO 1123/1124, BOGADO LEANDRO RUBEN",G,0,2025-08-25 08:44:43,131,6,000000,,,
2025,4367,GMADA,2025-08-26 00:00:00,,,COC,5,1110104000,105000.0,"AVICOLA DEL TUYU,  PRESUPUESTO N° 0008-00003815, COCINA",G,0,2025-08-26 13:12:58,131,2,000000,,,
2025,4349,GMADA,2025-08-25 00:00:00,,,COMPR,19,1110112000,238000.0,Corresponde presupuesto SODOR PABLO,G,0,2025-08-25 12:03:16,110,26,000000,,,
2025,4357,GMADA,2025-08-26 00:00:00,,,HOGANC,5,1110104000,35000.0,AVICOLA DEL TUYU DE ANDES VICTOR- PRESUPUESTO N° 0008-00003810 (HOGAR DE ANCIANOS),G,0,2025-08-26 08:31:36,131,2,000000,,,
2025,4366,GMADA,2025-08-26 00:00:00,,,COC,5,1110104000,146000.0,PROVEEDURIA LA ILUSION - PRESUPUESTO N° 36348 (COCINA),G,0,2025-08-29 11:07:34,131,2,000000,,,
2025,4359,GMADA,2025-08-26 00:00:00,,,HOGANC,5,1110104000,545700.0,TODO POLLO- PRESUPUESTO N° 23/28 (HOGAR DE ANCIANOS),G,0,2025-08-26 08:48:44,131,2,000000,,,
2025,4440,GMADA,2025-09-02 00:00:00,,,CN4,5,1110104000,224470.44,PINTURERIAS SAGITARIO S.A. N°  00016-00008174 (SALA DE ESPERA CONSULTORIOS),G,0,2025-09-02 12:46:53,131,2,000000,,,
2025,4370,GMADA,2025-08-26 00:00:00,,,HOSP,5,1110104000,8000.0,"NEUMATICOS PASO, PRESUPUESTO N° 0001-00003822, HOSPITAL. DOMINIO AE 619 QS.",G,0,2025-09-03 10:00:08,131,2,000000,,,
2025,4368,GMADA,2025-08-26 00:00:00,,,HOSP,5,1110104000,16000.0,"NEUMATICOS PASO, PRESUPUESTO N° 0001-00003821, HOSPITAL. DOMINIO AE 619 QS.",G,0,2025-09-03 09:53:48,131,2,000000,,,
2025,4398,GMADA,2025-08-29 00:00:00,,,COMPR,19,1110112000,1732700.0,Corresponde presupuesto SODOR PABLO,G,0,2025-08-29 08:28:26,110,26,000000,,,
2025,4403,GMADA,2025-08-29 00:00:00,,,DEP,13,1110109000,23650000.0,Expte.N° 1906/2025 Juegos Bonaerense 2025.Prov. Centrales Asociado de Turismo S.A.,G,0,2025-08-29 10:23:25,132,9,000000,,,
2025,4437,GMADA,2025-09-02 00:00:00,,,HOSP,5,1110104000,23317.14,"PINTURERIAS INDIGO, N° PRES x000400008748, AMBULANCIA-CHOFERES",G,0,2025-09-02 10:50:16,131,2,000000,,,
2025,4443,GMADA,2025-09-02 00:00:00,,,COC,5,1110104000,758681.0,"JAVIER DURANTE, N° 0001-00000739 (COCINA )",N,0,2025-12-19 13:06:42,131,2,000000,,,
2025,4439,GMADA,2025-09-02 00:00:00,,,INTER,5,1110104000,51700.0,"TERRANOVAQUIMICA, N° PRES 000966 (INTERNACION- MATERNIDAD)",G,0,2025-09-02 12:46:10,131,2,000000,,,
2025,4441,GMADA,2025-09-02 00:00:00,,,CHOF,5,1110104000,69410.85,"PINTURERIAS INDIGO, N° PRES. x000400008747, AMBULANCIAS",G,0,2025-09-02 12:50:03,131,2,000000,,,
2025,4448,GMADA,2025-09-02 00:00:00,,,GOB,2,1110102000,26500.0,Corresponde presupuesto Olivera Adrian - Tanque,G,0,2025-09-02 12:44:03,110,SECGO,000000,,,
2025,4192,GMADA,2025-08-11 00:00:00,,,ACCSOC,7,1110106000,213127.0,"PRESUPUESTO N° X 0001-00001180 - 1183 - 1184 de Tatano Harisgarat S.R.L. de ""CASA HARISGARAT"" Para instalar calefactor en sede y para la bloquera",G,0,2025-08-11 12:38:08,110,4,000000,,,
2025,4195,GMADA,2025-08-11 00:00:00,,,ACCSOC,7,1110106000,14810.0,"PRESUPUESTO N| X 0001-00001179 de Tatano Harisgarat S.R.L. de ""CASA HARISGARAT"" Familia: Cislaghi  Juliana",G,0,2025-08-11 12:36:33,132,4,000000,,,
2025,4193,GMADA,2025-08-11 00:00:00,,,GOBHAC,2,1110102000,400000.0,"PRESUPUESTO 3086, ALEGRE SAUL ALBERTO,EXPTE. 2349/25",G,0,2025-08-11 12:25:39,110,1,000000,,,
2025,4194,GMADA,2025-08-11 00:00:00,,,GRAN,7,1110106000,41000.0,"PRESUPUESTO N° X 0001-00001197 de Tatano Harisgarat S.R.L. de ""CASA HARISGARAT"" Para granja de contención",G,0,2025-08-11 12:33:57,110,GRAN,000000,,,
2025,4218,GMADA,2025-08-13 00:00:00,,,000SU,25,1110118000,1783000.0,"PROV. BAIGORRIA LORENZO PRESP.13/08/2025 REPARACION DE CAMARAS Y NEUMATICOS PARA FORD 14000 SVN719, SOG742,ASZ490, MERCEDES BENZ 1114 XNE245,MOTONIVELADORA VOLVO G710. PALA CARGADORA SDLG CII58,JONH DEREE BNA17 VW 17220 LED010,",G,0,2025-08-13 08:01:09,110,3,000000,,,
2025,4196,GMADA,2025-08-11 00:00:00,,,GOBHAC,2,1110102000,75000.0,Melón Gil María Elena.Expte. 1649/25 Días de las Infancias.,G,0,2025-08-11 12:58:58,110,1,000000,,,
2025,4198,GMADA,2025-08-12 00:00:00,,,GOBHAC,2,1110102000,90000.0,"PRESUPUESTO 000, CALANDRON SAMUEL",G,0,2025-08-12 08:27:56,110,1,000000,,,
2025,4217,GMADA,2025-08-13 00:00:00,,,000SU,25,1110118000,290900.0,PROV.RUBEN BASTONS PRESUP.0148 REPARACION DE LONA PARA BATEA PJY978,N,0,2025-11-27 09:52:38,110,3,000000,,,
2025,4233,GMADA,2025-08-13 00:00:00,,,18C,25,1110118000,194600.0,PROV.LUIS LOMBARDIA PRESUP.0137 PARA CEMENTERIO MUNICIPAL,G,0,2025-08-13 12:40:47,110,7,000000,,,
2025,4232,GMADA,2025-08-13 00:00:00,,,000SU,25,1110118000,266600.0,PROV.DANIEL ZUBIARRAIN  PRESUP.3023 PARA VW 13180 PATENTE HKO983,G,0,2025-08-13 12:22:56,110,3,000000,,,
2025,4219,GMADA,2025-08-13 00:00:00,,,DECI,25,1110118000,411000.0,PROV.VOLTIOS PRESUP.310725 PARA PERSONAL DE DEFENSA CIVIL Y CONECCIONE DE ARTEFACTO  LUMUNARIA PUBLICA CALLE 20 DE JUNIO,G,0,2025-08-13 08:27:16,110,DEFCI,000000,,,
2025,4293,GMADA,2025-08-19 00:00:00,,,HOSP,5,1110104000,898473.0,"MADA POY S.A N° PRES. 0001-00000870, HOSPITAL",G,0,2025-08-19 11:55:33,131,2,000000,,,
2025,4260,GMADA,2025-08-18 00:00:00,,,TURIS,6,1110105000,425000.0,"Tisera - Sanitarios portatiles - Baño para puesto la invernada de agosto a diciembre(5 meses)expte,2460/25",G,0,2025-08-19 08:23:43,110,TURIS,000000,,,
2025,4234,GMADA,2025-08-13 00:00:00,,,DECI,25,1110118000,214800.0,PROV.PEREYRA JUAN CARLOS PRESUP.0132 ISUMOS  Y REPUESTOS PARA  MOTOSIERRAS MOTOGUADAÑAS CORTADORAS DE PASTO,G,0,2025-08-14 07:13:56,110,DEFCI,000000,,,
2025,4289,GMADA,2025-08-19 00:00:00,,,HOSP,5,1110104000,140000.0,"AVICOLA DEL TUYU , N° PRES. 0008-00003762, HOSPITAL",G,0,2025-08-19 11:42:15,131,2,000000,,,
2025,4414,GMADA,2025-09-01 00:00:00,,,DEP,13,1110109000,17600.0,PRESUPUESTO SIN N° - FORRAJERIA LA ESPERANZA / MERCADERIA UTILIZADA EN TORNEO BONAERENSE ETAPA REGIONAL,G,0,2025-09-01 08:03:59,110,9,000000,,,
2025,4290,GMADA,2025-08-19 00:00:00,,,HOSP,5,1110104000,23000.0,"IMPRENTA EL ARGENTINO N° PRES. 000533, SERV. CIRUGIA",G,0,2025-08-19 11:48:03,131,2,000000,,,
2025,4315,GMADA,2025-08-21 00:00:00,,,PROD,14,1110108000,35205.83,PROV. ELECTRO D ANNUNZIO. PRESU. N°00028882- SEC. PRODUCCION-,G,0,2025-08-21 10:12:17,110,8,000000,,,
2025,4391,GMADA,2025-08-28 00:00:00,,,TURIS,6,1110105000,1217000.0,Avellaneda7163 - Hispanograf - lona cartel 8°concurso de asadores - presupuesto 1830,G,0,2025-08-28 09:42:15,110,TURIS,000000,,,
2025,4412,GMADA,2025-09-01 00:00:00,,,000SU,25,1110118000,26259.98,"PROV.ALPA MADARIAGA PRESUP.3741,3749 PARA ARREGLOS NAVIDEÑOS",G,0,2025-09-01 07:39:25,110,3,000000,,,
2025,4487,GMADA,2025-09-05 00:00:00,,,000SU,25,1110118000,1260000.0,PROV. FEDERICO SOLARI  PRESUP.04/09/2025 REPARACION PARA MOTONIVELADORA NEW HOLLAND CII59  Y MINICARGADORA MUSTANG BZ14,G,0,2025-09-05 07:41:12,110,3,000000,,,
2025,4413,GMADA,2025-09-01 00:00:00,,,000SU,25,1110118000,2281903.2,PROV.CHAYE HNOS .PRESUP.0023 REPUESTOS PARA TRACTOR JONH DEERE BGZ45,N,0,2025-09-15 10:09:05,110,3,000000,,,
2025,4457,GMADA,2025-09-03 00:00:00,,,CASADE,2,1110102000,35800.0,"Frezza Leandro Miguel,presupuesto 06988, CASA DE MAR DEL PLATA",G,0,2025-09-04 12:16:16,110,1,000000,,,
2025,4428,GMADA,2025-09-02 00:00:00,,,DEP,13,1110109000,287155.0,"PRESUPUESTO N° 0765 - LUBRICENTRO MADARIAGA / SERVICE MANTENIMIENTO IVECO""AB603TW""",G,0,2025-09-02 07:59:43,110,9,000000,,,
2025,4486,GMADA,2025-09-05 00:00:00,,,BARU,25,1110118000,110000.0,PROV.JOSE OSCAR CORREA PRESUP.0208 ARREGLO ELECTRICO EN PREDIO DISPOSICION FINAL RUTA 11 405.5,G,0,2025-09-05 07:25:33,110,,000000,,,
2025,4488,GMADA,2025-09-05 00:00:00,,,HOGANC,5,1110104000,27000.0,SANTA PAULA- PRESUPUESTO N° 0001-00002110 (HOGAR DE ANCIANOS),G,0,2025-09-05 08:48:04,131,2,000000,,,
2025,4490,GMADA,2025-09-05 00:00:00,,,000SU,25,1110118000,1030130.0,PROV. ALFIO DISTEFANO PRESUP.078-9141REPARACION DE FIAT ALLIS RG140,G,0,2025-09-05 08:31:24,110,3,000000,,,
2025,4492,GMADA,2025-09-05 00:00:00,,,000SU,25,1110118000,140080.0,PROV.SILVIA MAISTEGUI  PRESUP.5548 ARTICULOS DE FERRETERIA PARA ARREGLOS GENERALES EN CORRALON  Y REPARACION DE CAMION MERCEDES BENZ 1114 TGL092,G,0,2025-09-05 08:56:59,110,3,000000,,,
2025,4489,GMADA,2025-09-05 00:00:00,,,000SU,25,1110118000,211035.0,PROV.CHAYE SRL PRESUP.0042 PARA TRACTOR JONH DEERE BNA17,G,0,2025-09-05 08:08:04,110,3,000000,,,
2025,4494,GMADA,2025-09-05 00:00:00,,,FARM,5,1110104000,2203325.36,QUALIMED S.A- PRESUPUESTO N° 68 (FARMACIA),G,0,2025-09-05 09:29:53,131,2,000000,,,
2025,4491,GMADA,2025-09-05 00:00:00,,,BARU,25,1110118000,934600.0,PROV.ALFIO DISTEFANO PRESUP.078-9140 REPARACION DE PALA LIULONG G855,G,0,2025-09-05 08:38:03,110,,000000,,,
2025,4493,GMADA,2025-09-05 00:00:00,,,FARM,5,1110104000,147575.6,INSUMOS GENERALES 3 F- PRESUPUESTO N° 2/09/2025 (FARMACIA),G,0,2025-09-05 08:58:34,131,2,000000,,,
2025,4505,GMADA,2025-09-05 00:00:00,,,HOSP,5,1110104000,174000.0,BATERIAS LA PRIMERA- PRESUPUESTO N° 6772 (DOMINIO AF545GL),G,0,2025-09-05 10:23:44,131,2,000000,,,
2025,4496,GMADA,2025-09-05 00:00:00,,,BROM,11,1110104000,198650.0,HISPANOGRAF- PRESUPUESTO N° 1832 (BROMATOLOGIA),G,0,2025-09-05 09:50:03,110,13,000000,,,
2025,4495,GMADA,2025-09-05 00:00:00,,,HOGANC,5,1110104000,35000.0,AVICOLA DEL TUYU DE VICTOR ANDERS- PRESUPUESTO N° 0008-00003819 (HOGAR DE ANCIANOS),G,0,2025-09-05 09:06:21,131,2,000000,,,
2025,4611,GMADA,2025-09-15 00:00:00,,,ACCSOC,7,1110106000,1640000.0,"PRESUPUESTO de ""EXTRAGAS""",G,0,2025-09-15 08:50:47,132,4,000000,,,
2025,4498,GMADA,2025-09-05 00:00:00,,,HOSP,5,1110104000,17500.0,HISPANOGRAF- PRESUPUESTO N° 1833 (HOSPITAL),G,0,2025-09-05 10:02:30,131,2,000000,,,
2025,4500,GMADA,2025-09-05 00:00:00,,,FARM,5,1110104000,106095.4,PILOÑA- PRESUPUESTO N° 0004-00189357 (FARMACIA),G,0,2025-09-05 10:07:28,131,2,000000,,,
2025,4501,GMADA,2025-09-05 00:00:00,,,000SU,25,1110118000,436000.0,"PROV. ANA PAOLA RODRIGUEZ PRESUP. 0151, 0150 ALAMBRE DE SOLDAR ,CARGA DE GAS PARA SOLDAR",G,0,2025-09-05 10:10:57,110,3,000000,,,
2025,4506,GMADA,2025-09-05 00:00:00,,,COC,5,1110104000,150000.0,PROVEEDURIA LA ILUSION- PRESUPUESTO N° 36350 (COCINA),G,0,2025-09-05 10:31:29,131,2,000000,,,
2025,4514,GMADA,2025-09-05 00:00:00,,,HOSP,5,1110104000,563244.86,MAXIMO PINASCO S.A- PRESUPUESTO N° 1000382331 (DOMINIO: AF591SU),G,0,2025-09-05 11:41:56,131,2,000000,,,
2025,4510,GMADA,2025-09-05 00:00:00,,,000SU,25,1110118000,221451.0,PROV.SILVIA MAISTEGUI PRESUP.5550  INSUMOS PARA REPARACION DE CAMION MERCEDES BENZ 1114 TGL092,G,0,2025-09-05 11:13:38,110,3,000000,,,
2025,4452,GMADA,2025-09-03 00:00:00,,,HOSP,5,1110104000,514000.0,"TODO POLLO, N° PRES 00000030",G,0,2025-09-03 09:31:36,131,2,000000,,,
2025,4454,GMADA,2025-09-03 00:00:00,,,PROD,14,1110108000,3716.0,"PROV. PAPELERA ALPA ""Matienzo Paola"". PRESU. N°3755- SEC. PRODUCCION- SALA DE ELABORACION",G,0,2025-09-03 09:41:44,110,8,000000,,,
2025,4453,GMADA,2025-09-03 00:00:00,,,HOSP,5,1110104000,616000.0,PANADERIA ALEM - PRESUPUESTO N° 1342375 HOSPITAL Y HOGAR DE ANCIANOS,G,0,2025-09-04 10:54:03,131,2,000000,,,
2025,4458,GMADA,2025-09-03 00:00:00,,,CAP,5,1110104000,75120.0,"TERRANOVA QUIMICA, PRESUPUESTO N° 000971, CAPS BARRIO SAN MATIN",G,0,2025-09-03 11:20:03,131,33,000000,,,
2025,4462,GMADA,2025-09-03 00:00:00,,,HOSP,5,1110104000,57424.5,"PAPELERA ALPA , PRESUPUESTO N° 00003747/3764 (HOGAR DE ANCIANOS Y 107)",G,0,2025-09-04 11:06:40,131,2,000000,,,
2025,4455,GMADA,2025-09-03 00:00:00,,,HOSP,5,1110104000,40854.95,"PINAMAR HIGIENE INSTITUCIONAL S.R.L , PRES. N° 0016-00001962/1958 (COCINA - HOGAR DE ANCIANOS)",G,0,2025-09-04 11:28:13,131,2,000000,,,
2025,4561,GMADA,2025-09-10 00:00:00,,,SECSEG,20,1110113000,1493000.0,"Frenos Madariaga, presupuesto 83 (AE704AX-NUF386-KYV375)",G,0,2025-09-10 09:47:40,110,25,000000,,,
2025,4460,GMADA,2025-09-03 00:00:00,,,HOGANC,5,1110104000,31200.0,SANTA PAULA-  PRESUPUESTO N° 2107 (HOGAR DE ANCIANOS),G,0,2025-09-04 10:56:02,131,H.ANC,000000,,,
2025,4534,GMADA,2025-09-08 00:00:00,,,FARM,5,1110104000,1529708.37,PILOÑA- PRESUPUESTO N° 0004-00189615 (FARMACIA),G,0,2025-09-09 08:13:22,131,2,000000,,,
2025,4596,GMADA,2025-09-12 00:00:00,,,ACCSOC,7,1110106000,7000.0,"PRESUPUESTO N° 021403 de Marina Irene Pinilla de ""PROVEDURÍA LA ILUSION"" Para la oficina  Sede de Desarrollo Social",G,0,2025-09-12 09:43:30,110,4,000000,,,
2025,4597,GMADA,2025-09-12 00:00:00,,,ACCSOC,7,1110106000,36900.0,"PRESUPUESTO N° 021404 de Marina Irene Pinilla de ""PROVEDURÍA LA ILUSION"" Para familias intervenidas por el Servicio Local",G,0,2025-09-12 09:46:09,132,4,000000,,,
2025,4469,GMADA,2025-09-04 00:00:00,,,SECSEG,20,1110113000,1233000.0,"Frenos Madariaga, presupuesto 82 (jch069-ab038fh-jwg930-kyv375)",G,0,2025-09-04 08:42:23,110,25,000000,,,
2025,4543,GMADA,2025-09-09 00:00:00,,,HOSP,5,1110104000,2382000.0,FARJAT CARLOS ALBERTO. PRESUPUESTO COCINA HOSPITAL..MARZO A AGOSTO.,G,0,2025-09-09 10:40:08,131,2,000000,,,
2025,4559,GMADA,2025-09-10 00:00:00,,,SECSEG,20,1110113000,677000.0,"Frenos Madariaga,presupuesto 076 (AB038FG-OIG911)",G,0,2025-09-10 09:18:12,110,25,000000,,,
2025,4720,GMADA,2025-09-24 00:00:00,,,DELRU,2,1110102000,380000.0,"PRESUPUESTO 000, QUILINDRO MARTIN",G,0,2025-09-24 08:17:17,110,24,000000,,,
2025,4606,GMADA,2025-09-13 00:00:00,,,FARM,5,1110104000,94280065.8,LICITACION PRIVADA DE MEDICAMENTOS E INSUMOS DESCARABLES N°,G,0,2025-10-03 12:05:03,131,2,000000,,,
2025,4562,GMADA,2025-09-10 00:00:00,,,SECSEG,20,1110113000,498000.0,"Frenos Madariaga, presupuesto 84 (AF354SU-AF173LP-AF496MN-AD283EL)",G,0,2025-09-10 09:53:10,110,25,000000,,,
2025,4656,GMADA,2025-09-18 00:00:00,,,PO,5,1110104000,1417009.11,ELECTRO D´ANNUNZIO N° PRESUP 00029065/ 29066  (PLANTA DE OXIGENO),G,0,2025-09-22 10:43:55,131,2,000000,,,
2025,4718,GMADA,2025-09-24 00:00:00,,,CAS,3,1110111000,8448000.0,"PRESUPUESTO 000, CASA ELICEIRY, 25/09/2025",G,0,2025-09-30 11:08:40,131,6,000000,,,
2025,4747,GMADA,2025-09-25 00:00:00,,,TURIS,6,1110105000,30000.0,"PRESUPUESTOP 1991420404, SANCOR SEGUROS",G,0,2025-09-25 07:50:34,110,14,000000,,,
2025,4886,GMADA,2025-10-08 00:00:00,,,TURIS,6,1110105000,100000.0, Corresponde prevision Concurso de Asadores - Expte N° 2326/25 SCIGLIANO,G,0,2025-10-08 10:40:03,110,TURIS,000000,,,
2025,4754,GMADA,2025-09-25 00:00:00,,,FARM,5,1110104000,31262190.0, LICITACION PRIVADA DE INSUMOS DESCARTABLES N°,N,0,2025-10-03 09:06:36,131,2,000000,,,
2025,4763,GMADA,2025-09-26 00:00:00,,,CAS,3,1110111000,4857616.03,"PRESUPUESTO 00013-00081819, NORDEMAQ",G,0,2025-09-26 09:11:38,131,6,000000,,,
2025,4797,GMADA,2025-09-30 00:00:00,,,000SU,25,1110118000,544741.8,"PROV.MERCEDES LA PLATA PRESUP.83083 REPUESTOS PARA LAN557,FORD 14000 AWK675, IVECO PJY978,MERCECES 1114 XNE244",G,0,2025-10-01 07:34:27,110,3,000000,,,
2025,4885,GMADA,2025-10-08 00:00:00,,,TURIS,6,1110105000,300000.0,Corresponde prevision Concurso de Asadores - Expte N° 2326/25 MADA-POY,G,0,2025-10-08 10:38:38,110,TURIS,000000,,,
2025,4888,GMADA,2025-10-08 00:00:00,,,TURIS,6,1110105000,50000.0,Corresponde prevision Concurso de Asadores - Expte N° 2326/25 ROST TAMARA,G,0,2025-10-08 10:41:53,110,TURIS,000000,,,
2025,4890,GMADA,2025-10-08 00:00:00,,,TURIS,6,1110105000,50000.0,Corresponde prevision Concurso de Asadores - Expte N° 2326/25 FARIAS JOAQUIN,G,0,2025-10-08 10:47:58,110,TURIS,000000,,,
2025,4887,GMADA,2025-10-08 00:00:00,,,TURIS,6,1110105000,200000.0,Corresponde prevision Concurso de Asadores - Expte N° 2326/25 DURANTE,G,0,2025-10-08 10:41:07,110,TURIS,000000,,,
2025,5023,GMADA,2025-10-23 00:00:00,,,SECSEG,20,1110113000,258000.0,Electronica Rural,G,0,2025-10-23 08:31:51,110,25,000000,,,
2025,4889,GMADA,2025-10-08 00:00:00,,,TURIS,6,1110105000,100000.0,Corresponde prevision Concurso de Asadores - Expte N° 2326/25 IGLESIAS,G,0,2025-10-08 10:42:52,110,TURIS,000000,,,
2025,4893,GMADA,2025-10-08 00:00:00,,,GRAN,7,1110106000,20200.0,"PRESUPUESTOS N° 000980 / 985 de Terranova, Lucas Hernán de ""TERRANOVAQUIMICA"" Para  uso en la granja de contención",G,0,2025-10-14 10:49:47,110,GRAN,000000,,,
2025,4891,GMADA,2025-10-08 00:00:00,,,TURIS,6,1110105000,100000.0,Corresponde prevision Concurso de Asadores - Expte N° 2326/25 - PROST,G,0,2025-10-08 10:46:04,110,TURIS,000000,,,
2025,4898,GMADA,2025-10-08 00:00:00,,,TURIS,6,1110105000,250000.0,Corresponde prevision Concurso de Asadores - Expte N° 2326/25 - LELE MELON,G,0,2025-10-08 11:47:51,110,TURIS,000000,,,
2025,4934,GMADA,2025-10-14 00:00:00,,,LAB,5,1110104000,1219296.46,UNO ELECTROMEDICINA - PRESUPUESTO N°  00003-00013941 (LABORATORIO DE ANALISIS),G,0,2025-10-14 13:21:36,131,2,000000,,,
2025,5014,GMADA,2025-10-22 00:00:00,,,FARM,5,1110104000,1944091.17,PILOÑA- PRESUPUESTO N° 21/10/2025 (FARMACIA),G,0,2025-10-22 13:41:59,131,2,000000,,,
2025,4953,GMADA,2025-10-16 00:00:00,,,000SU,25,1110118000,354855.0,PROV.SILVIA MAISTEGUI PRESUP.3066 PARA PINTAR Y ARREGLAR JUEGOS DE PLAZAS,G,0,2025-10-16 09:19:38,110,3,000000,,,
2025,5046,GMADA,2025-10-25 00:00:00,,,LAB,5,1110104000,1371704.92,UNO ELECTROMEDICINA - PRESUPUESTO N° 00003-00014057 (LABORATORIO DE ANALISIS),G,0,2025-10-25 09:49:17,131,2,000000,,,
2025,5045,GMADA,2025-10-25 00:00:00,,,LAB,5,1110104000,764930.0,RADIOGRAFICAOESTE- PRESUPUESTO N° 100051398 (LABORATORIO DE ANALISIS),G,0,2025-10-25 09:42:33,131,2,000000,,,
2025,5044,GMADA,2025-10-25 00:00:00,,,FARM,5,1110104000,1888330.0,DROGUERIA EPIONE- PRESUPUESTO N° 23/10/2025 (FARMACIA),G,0,2025-10-25 09:25:29,131,2,000000,,,
2025,5258,GMADA,2025-11-14 00:00:00,,,SECSEG,20,1110113000,343500.0,"Bateria La Primera, presupuesto 6864- 6902",G,0,2025-11-14 10:45:28,110,25,000000,,,
2025,5241,GMADA,2025-11-12 00:00:00,,,DEP,13,1110109000,16000.0,PRESUPUESTO N° 6863 - BATERIAS LA PRIMERA / ACEITE PARA TRACTOR,G,0,2025-11-12 13:13:42,110,9,000000,,,
2025,5047,GMADA,2025-10-25 00:00:00,,,QUI,5,1110104000,16000.0,IMPRENTA EL ARGENTINO - PRESUPUESTO N° 541 (QUIROFANO),G,0,2025-10-25 09:56:35,131,2,000000,,,
2025,5264,GMADA,2025-11-17 00:00:00,,,HOSP,5,1110104000,244000.0,BATERIAS LA PRIMERA S.H. PRESUPUESTO Nº 6881.MOVIL 8 DOMINIO PAA 334 AMBULANCIA.,G,0,2025-11-17 08:56:40,131,2,000000,,,
2025,5257,GMADA,2025-11-14 00:00:00,,,SECSEG,20,1110113000,167000.0,"Baterias La Primera, presupuesto 6823-6855",G,0,2025-11-14 10:32:58,110,25,000000,,,
2025,5263,GMADA,2025-11-17 00:00:00,,,HOSP,5,1110104000,45000.0,IMPRENTA EL ARGENTINO. IRMA CRISTINA BONOMI. PRESUPUESTO Nº 544.TERAPIA INTENSIVA.,G,0,2025-11-17 07:49:56,131,2,000000,,,
2025,5259,GMADA,2025-11-14 00:00:00,,,SECSEG,20,1110113000,278500.0,"Baterias La Primera, presupuesto 6880",G,0,2025-11-14 10:49:05,110,25,000000,,,
2025,5267,GMADA,2025-11-17 00:00:00,,,BROM,11,1110104000,112613.0,AGROVETERINARIA MARZULLO.PRESUPUESTO Nº0001-00001133.BROMATOLOGIA.,G,0,2025-11-17 08:15:48,110,13,000000,,,
2025,5265,GMADA,2025-11-17 00:00:00,,,HOSP,5,1110104000,430000.0,PHOYU MARIA ALCIRA SERVICIO DE COSTURA,G,0,2025-11-29 09:47:32,131,2,000000,,,
2025,5292,GMADA,2025-11-19 00:00:00,,,ACCSOC,7,1110106000,910000.0,Corresponde previsión combustibles del Salado- Desarrollo Social,G,0,2025-11-19 10:00:31,110,4,000000,,,
2025,5268,GMADA,2025-11-17 00:00:00,,,HOSP,5,1110104000,171700.0,CARP DE ALUMINIO VIDR SUAREZ. JUAN MANUEL SUAREZ. PRESUPUESTO Nº 96.CPAS B NORTE Y CAPS B BELGRANO.,G,0,2025-11-17 08:21:46,131,2,000000,,,
2025,5316,GMADA,2025-11-22 00:00:00,,,COC,5,1110104000,1271857.0,MADA POY S.A- PRESUPUESTO N° 0001-00000927 (COCINA) SEMANA DESDE 20/11/2025 AL 27/11/2025,N,0,2025-11-22 09:41:41,131,2,000000,,,
2025,4614,GMADA,2025-09-15 00:00:00,,,ACCSOC,7,1110106000,11200.0,"PRESUPUESTO N° X 0001-00001221 de Tatano Harisgarat S.R.L. de ""CASA HARISGARAT"" Para uso de la cuadrilla de Desarrollo Social",G,0,2025-09-15 09:27:32,110,4,000000,,,
2025,4620,GMADA,2025-09-15 00:00:00,,,GRAN,7,1110106000,220480.0,"PRESUPUESTO N° X 0001-00001229 de Tatano Harisgarat S.R.L. de ""CASA HARISGARAT"" Para arreglos en habitación en la granja de contención",G,0,2025-09-15 09:58:32,110,GRAN,000000,,,
2025,4616,GMADA,2025-09-15 00:00:00,,,JARD,7,1110106000,21596.0,"PRESUPUESTO N° X 0001-00001223 / 1224 de Tatano Harisgarat S.R.L. de ""CASA HARISGARAT"" para arreglo del baño de la Casita de Chocolate",G,0,2025-09-15 09:36:25,132,CASA,000000,,,
2025,4625,GMADA,2025-09-15 00:00:00,,,ENV,7,1110106000,28233.0,"Expte N°: 159/25 Proyecto de Talleres Programa Envión- PRESUPUESTO N° X 0001-00000756 de Durante, Javier de ""DISTRIBUIDORA DEL SUDESTE"" Encuentro Deportivo",G,0,2025-09-15 12:03:24,132,CASA,000000,,,
2025,4881,GMADA,2025-10-08 00:00:00,,,SECSEG,20,1110113000,10500.0,"Cueli Miguel,  presupuesto 0157 (taller)",G,0,2025-10-08 09:12:25,110,25,000000,,,
2025,4623,GMADA,2025-09-15 00:00:00,,,JARD,7,1110106000,74400.0,"PRESUPUESTO N° 388 de ""MARTIN S. LOMBARDI"" Arreglo de luz eléctrica en la casita de chocolate",G,0,2025-09-15 11:22:50,132,4,000000,,,
2025,4628,GMADA,2025-09-15 00:00:00,,,ENV,7,1110106000,166750.0,"PRESUPUESTO NX 0001-00000053 de Norberto Martín Rodríguez de ""ALTA MORENA"" Para la casa del adolescente",G,0,2025-09-15 12:09:06,132,CASA,000000,,,
2025,4626,GMADA,2025-09-15 00:00:00,,,ACCSOC,7,1110106000,29000.0,"PRESUPUESTO N° X 0001-00000052 de Norberto Martín Rodríguez de ""ALTA MORENA"" Esfuerzo Solidario 2025",G,0,2025-09-15 12:06:05,132,4,000000,,,
2025,4650,GMADA,2025-09-17 00:00:00,,,GRAN,7,1110106000,269224.0,"PREVISION de Durante Javier de la ""DISTRIBUIDORA DEL SUDESTE"" Para la granja de contención",G,0,2025-09-17 12:39:56,110,GRAN,000000,,,
2025,4766,GMADA,2025-09-29 00:00:00,,,GOBHAC,2,1110102000,128250.0,"Lombardi Martín, presupuesto N° 390",G,0,2025-09-29 08:17:15,110,1,000000,,,
2025,4841,GMADA,2025-10-03 00:00:00,,,DEP,13,1110109000,18000.0,PRESUPUESTO N° 0520 - CASA CACHITO / MATERIALES PARA TRABAJOS EN EL POLIDEPORTIVO MUNICIPAL,G,0,2025-10-03 12:30:39,110,9,000000,,,
2025,5019,GMADA,2025-10-23 00:00:00,,,FARM,5,1110104000,1431526.95,MAX CONTINENTAL- PRESUPUESTO N° 0001-0015589 (FARMACIA),G,0,2025-10-23 08:12:33,131,2,000000,,,
2025,5010,GMADA,2025-10-22 00:00:00,,,HOSP,5,1110104000,4750000.0," CORRESPONDE PREVISION COMBUSTIBLES DEL SALADO S.A.VEHICULOS HOSPITAL: AA 775 QW, PAA 334, AB 038 OI,",G,0,2025-10-22 09:27:05,110,2,000000,,,
2025,4882,GMADA,2025-10-08 00:00:00,,,SECSEG,20,1110113000,347000.0,"Escapes Quiroga, presupuesto 0160 ( LBN155)",G,0,2025-10-08 09:16:42,110,25,000000,,,
2025,5021,GMADA,2025-10-23 00:00:00,,,FARM,5,1110104000,950438.0,AZCUENAGA- PRESUPUESTO N° 00002-00054249 (FARMACIA),G,0,2025-10-23 08:18:14,131,2,000000,,,
2025,5210,GMADA,2025-11-11 00:00:00,,,AREAJ,2,1110102000,281300.0,"Suarez Juan Manuel,presupuesto 00000092",N,0,2025-11-11 09:32:53,110,CICQ,000000,,,
2025,5024,GMADA,2025-10-23 00:00:00,,,COC,5,1110104000,335300.0,TODO POLLO- PRESUPUESTO N° 43 (COCINA ) DESDE  20/10 AL 27/10/25 (COCINA),G,0,2025-10-23 08:43:01,131,2,000000,,,
2025,5022,GMADA,2025-10-23 00:00:00,,,HOSP,5,1110104000,200000.0,OPAZO DANIEL- PRESUPUESTO N° 13/10/2025 ( RAYOS TOMOGAFO TERAPIA Y MATERNIDAD),G,0,2025-10-23 08:25:26,131,2,000000,,,
2025,5025,GMADA,2025-10-23 00:00:00,,,HOSP,5,1110104000,71500.0,MATAFUEGOS RUTA 11 - PRESUPUESTO N° 8546 (MANTENIMIENTO),G,0,2025-10-23 08:51:08,131,2,000000,,,
2025,5064,GMADA,2025-10-27 00:00:00,,,HOSP,5,1110104000,565839.52,FARMACIA SOTO- PRESUPUESTO N° 919 MEDICAMENTOS DISPENSADOS DESDE EL 29/09/2025 HASTA EL 02/10/2025,N,0,2025-10-28 07:44:47,131,2,000000,,,
2025,5089,GMADA,2025-10-29 00:00:00,,,ACCSOC,7,1110106000,466000.0,"PRESUPUESTOS N° X 6976060 de Rost, Tamara de ""FRUTERIA NEGRIN"" Programa Diabéticos 2025",G,0,2025-11-06 12:35:57,132,4,000000,,,
2025,5090,GMADA,2025-10-29 00:00:00,,,ACCSOC,7,1110106000,66110.0,"PRESUPUESTOS N° X 0001-00001008  / 1014 de Tatano Harisgarat S.R.L. de ""CASA HARISGARAT"" Para la cuadrilla de desarrollo social",G,0,2025-11-07 10:11:59,110,4,000000,,,
2025,5091,GMADA,2025-10-29 00:00:00,,,ACCSOC,7,1110106000,1237000.0,"PRESUPUESTO N° X 6976058 de Rost, Tamara de ""FRUTERIA NEGRIN"" Plan Alimentario 2025",G,0,2025-10-29 10:53:17,132,4,000000,,,
2025,5151,GMADA,2025-11-04 00:00:00,,,DEP,13,1110109000,777000.0,PRESUPUESTO N°3942 - NEUMATICO PASO / CAMBIO DE NEUTMATICO PARA IVECO DAILE AB603TW,G,0,2025-11-04 09:49:08,110,9,000000,,,
2025,5208,GMADA,2025-11-11 00:00:00,,,SECHCD,8,1110200000,44000.0,"Suarez Juan Manuel ,presupuesto N° 00000083",G,0,2025-11-11 09:23:25,110,1,000000,,,
2025,5212,GMADA,2025-11-11 00:00:00,,,ARCHIV,2,1110102000,13000.0,"Maistegui Silvia Beatriz, presupuesto 00005909",G,0,2025-11-11 09:43:59,110,1,000000,,,
2025,5209,GMADA,2025-11-11 00:00:00,,,CAS,3,1110111000,190000.0,Fernandez José Angel presupuesto 0001-00000066,G,0,2025-11-11 09:28:44,131,6,000000,,,
2025,5218,GMADA,2025-11-11 00:00:00,,,HOSP,5,1110104000,60000.0,VIDRIERIA SUAREZ CARPINTERIA DE ALUMINIO.PRESUPUESTO Nº 99.MATERNIDAD.,G,0,2025-11-11 13:22:46,131,2,000000,,,
2025,5211,GMADA,2025-11-11 00:00:00,,,CAS,3,1110111000,106500.0,"Suarez HJuan Manuel,presupuesto 0000082",N,0,2025-11-11 09:37:29,131,6,000000,,,
2026,112,GMADA,2026-01-06 00:00:00,,,DECI,25,1110118000,341600.0,PROV.LUIS LOMBARIDA PRESUP.0051 REPUETOS E INSUMOS PARA MAQUINAS CORTA  PASTO,G,0,2026-01-06 08:02:19,110,DEFCI,000000,,,
2025,5217,GMADA,2025-11-11 00:00:00,,,CAS,3,1110111000,499500.0,"Eijo Marcelo Alejandro ,presupuesto 000005",G,0,2025-11-11 12:51:30,131,6,000000,,,
2025,5341,GMADA,2025-11-27 00:00:00,,,HOSP,5,1110104000,348825.48,MUNDIAL 2022- PRESUPUESTO S/N° MEDICAMENTOS DISPENSADOS DESDE EL 5/11/25 HASTA EL 25/11/2025,G,0,2025-11-27 10:18:54,131,2,000000,,,
2025,5219,GMADA,2025-11-11 00:00:00,,,HOSP,5,1110104000,656500.0,FARJAT CARLOS. VENTA PAPA-CEBOLLA. CONSUMOS COCINA HOSPITAL Y HOGAR DE ANCIANOS DEL 01/09/25 AL 11/10/25.,G,0,2025-11-11 13:35:00,131,2,000000,,,
2025,5345,GMADA,2025-11-27 00:00:00,,,COC,5,1110104000,12000.0,SANTA PAULA- PRESUPUESTO N° 0001-00002150 (COCINA) DESDE EL 26/11 HASTA EL 3/12/2025,G,0,2025-11-27 12:19:43,131,2,000000,,,
2025,5395,GMADA,2025-12-04 00:00:00,,,HOSP,5,1110104000,880156.24,FARMACIA TONANI- PRESUPUESTO S/N° MEDICAMENTOS DISPENSADOS DESDE 27/10/25 HATA EL 29/11/2025,G,0,2025-12-04 10:19:18,131,2,000000,,,
2025,5402,GMADA,2025-12-05 00:00:00,,,HOGANC,5,1110104000,1572584.0,MADA POY S.A- PRESUPUESTO N° 0001-00000928 (HOGAR DE ANCIANOS) DESDE EL 27/11/2025 AL 27/12/2025,G,0,2025-12-05 12:14:10,131,2,000000,,,
2025,5400,GMADA,2025-12-05 00:00:00,,,COC,5,1110104000,1341277.0,MADA POY  S.A- PRESUPUESTO N° 0001-00000929 (COCINA ) DESDE 28/11/2025 AL 10/12/2025,G,0,2025-12-05 10:59:56,131,2,000000,,,
2025,5410,GMADA,2025-12-09 00:00:00,,,COC,5,1110104000,18000.0,SANTA PAULA- PRESUPUESTO N° 0001-00002152 (COCINA) DESDE EL 4/12 HASTA EL 11/12/25,G,0,2025-12-09 10:26:25,131,2,000000,,,
2025,5443,GMADA,2025-12-16 00:00:00,,,000SU,25,1110118000,114750.0,PROV.IVAN PERICO PRESUP.7842 REPUESTOS PARA CAMION FORD 14000 DMI232,G,0,2025-12-16 10:06:52,110,3,000000,,,
2025,5444,GMADA,2025-12-16 00:00:00,,,000SU,25,1110118000,128305.0,"PROV. IVAN PERICO PRESUP.7788 RESPUESTOS  PARA MERCEDES SPRINTER EQM605,",G,0,2025-12-16 10:26:35,110,3,000000,,,
2026,107,GMADA,2026-01-06 00:00:00,,,000SU,25,1110118000,1626733.0,"PROV.SILVIA SORAGNI PRESUP.0597  REPARACIONES PARA CAMION OOI617,AB597ZZ,FORD 14000 DMI232,",G,0,2026-01-06 07:06:38,110,3,000000,,,
2026,109,GMADA,2026-01-06 00:00:00,,,000SU,25,1110118000,3008000.0,"PROV.CLEANOSOL PRESUP.05/01/2026 ASFALTO EN FRIO PARA ARREGLOS Y VBACHEOS DE TUYU Y ARIAS, PERU Y CHILE, PERU Y CUBA, CALLE 25 Y 8 , CALLE 8 Y 33, BS.AS Y CALLE 7",G,0,2026-01-06 07:22:17,110,3,000000,,,
2025,5317,GMADA,2025-11-22 00:00:00,,,COC,5,1110104000,1271857.0,MADA POY S.A- PRESUPUESTO N° 0001-00000927 (COCINA) SEMANA DESDE 20/11/2025 AL 27/11/2025,G,0,2025-11-22 09:42:22,131,2,000000,,,
2025,5404,GMADA,2025-12-06 00:00:00,,,HOSP,5,1110104000,4289291.32,QUALIMED S.A- PRESUPUESTO N° 85 (FARMACIA),G,0,2025-12-06 10:02:02,131,2,000000,,,
2025,5438,GMADA,2025-12-13 00:00:00,,,SALA I,5,1110104000,5797485.0,QUALIMED - PRESUPUESTO N° 86 (RAYOS),N,0,2025-12-13 10:51:04,131,2,000000,,,
2025,5437,GMADA,2025-12-13 00:00:00,,,FARM,5,1110104000,149230.14,INSUMOS GENERALES 3F- PRESUPUESTO N° 4/12/2025 (FARMACIA),N,0,2025-12-13 10:48:13,131,2,000000,,,
2026,85,GMADA,2026-01-05 00:00:00,,,000O,24,1110117000,51000.0,Presupuesto 2-1-26 Proveedor Balletto Urrutia Juan,G,0,2026-01-05 07:47:33,110,OMIC,000000,,,
2025,5450,GMADA,2025-12-18 00:00:00,,,DEP,13,1110109000,340500.0,PRESUPUESTO N°0702 - LUBRICENTRO MADARIAGA / SERVICIE COMPLETO UN IVECO AB603TW + REPARACION DE PORTA FILTRO Y FILTRO GASOIL,G,0,2025-12-18 12:57:35,110,9,000000,,,
2025,5442,GMADA,2025-12-16 00:00:00,,,HOSP,5,1110104000,210000.0,PRESUPUESTO 277 BUSTAMANTE HECTOR FERNANDO AMBULANCIA DOMINIO PAA 334,G,0,2025-12-16 08:35:28,150,2,000000,,,
2026,82,GMADA,2026-01-05 00:00:00,,,DEP,13,1110109000,35000.0,Presupuesto 11247287 Proveedor Balletto Urrutia Juan,G,0,2026-01-05 11:50:55,110,9,000000,,,
2026,94,GMADA,2026-01-05 00:00:00,,,CAS,3,1110111000,2780200.0,Presupuesto N° 598 Proveedor Garcia Federico,G,0,2026-01-09 12:16:12,131,6,000000,,,
2026,208,GMADA,2026-01-09 00:00:00,,,DEP,13,1110109000,8500.0,PRESUPUESTO N° 3835- ALPA MADARIAGA - SELLO SECRETARIO DE DEPORTES,G,0,2026-01-09 08:42:33,110,9,000000,,,
2026,175,GMADA,2026-01-08 00:00:00,,,CASA,6,1110105000,63519.62,ALPA PAPELERA  PAOLA AMELIA MATIENZO PRESUPUESTO N° 3846,G,0,2026-01-08 07:46:15,110,CACUL,000000,,,
2026,95,GMADA,2026-01-05 00:00:00,,,HOGANC,5,1110104000,277650.0,TODO POLLO- PRESUPUESTO N° 56 ( HOGAR DE ANCIANOS) DESDE EL 28/11/25 AL 5/12/25,G,0,2026-01-06 09:06:10,131,2,000000,,,
2025,2830,GMADA,2025-05-19 00:00:00,,,CAS,3,1110111000,1286900.0,CORRESPONDE PRESUPUESTO N° 06666/06681/06683/06684/06680/06676 - RAMOS E ISIDRO,G,0,2025-05-19 07:32:38,131,6,000000,,,
2025,2832,GMADA,2025-05-19 00:00:00,,,SEHA,19,1110112000,74000.0,Corresponde presupuesto N° 0001-00001262 /0001-00001255 - MARZULLO JOSE,G,0,2025-05-19 07:50:41,110,INGPU,000000,,,
2025,2839,GMADA,2025-05-19 00:00:00,,,HOSP,5,1110104000,457566.98,FARMACIA GIORGI- PRESUPUESTO S/N° MEDICAMENTOS DISPENSADOS DESDE EL 7/05/2025 AL 13/05/2025,G,0,2025-05-19 09:08:22,131,2,000000,,,
2025,2831,GMADA,2025-05-19 00:00:00,,,INT,1,1110101000,282000.0,Corresponde presupuesto n° 06697/06678 - RAMOS E ISIDRO,G,0,2025-05-19 07:41:07,110,1,000000,,,
2025,2834,GMADA,2025-05-19 00:00:00,,,CAS,3,1110111000,5029192.0,Corresponde contrato Von Saldern German - Mayo- junio,G,0,2025-05-19 08:08:57,131,6,000000,,,
2025,2833,GMADA,2025-05-19 00:00:00,,,GOB,2,1110102000,142820.0,Corresponde presupuesto n° 03626/03574 - MATIENZO PAOLA,G,0,2025-05-19 08:01:38,110,SECGO,000000,,,
2025,2858,GMADA,2025-05-20 00:00:00,,,OPP,3,1110103000,6175033.0,Exp.:757/25 Alem / Venezuela - Trabajos de Cunetas - Bacheos Pluviales - Prov.Proagas - Presup.:Contrato,G,0,2025-05-20 08:49:06,110,35,000000,,,
2025,2845,GMADA,2025-05-19 00:00:00,,,SECSEG,20,1110113000,210000.0,"Surgentrem julian andres castellanos, presupuesto (ARREGLO EN DESTACAMENTO MACEDO. POLICIA)",G,0,2025-05-19 11:59:53,110,25,000000,,,
2025,2840,GMADA,2025-05-19 00:00:00,,,HOSP,5,1110104000,56700.0,SERVIMED- PRESUPUESTO N° 7741/25,G,0,2025-05-20 11:05:50,131,2,000000,,,
2026,207,GMADA,2026-01-09 00:00:00,,,DEP,13,1110109000,38000.0,PRESUPUESTO N°15606 - PROVEEDURIA CAMPO Y CIUDAD / MATERIALES DE MANTENIMIENTO,G,0,2026-01-09 08:31:19,110,9,000100,,,
2026,240,GMADA,2026-01-12 00:00:00,,,SECSEG,20,1110113000,31000.0,"Marzullo computacion, presupuesto 1295 (tecnica-com)",G,0,2026-01-12 10:01:18,110,25,000000,,,
2026,236,GMADA,2026-01-12 00:00:00,,,ACCSOC,7,1110106000,1662500.0,Presupuesto N°6976063-Fruteria EL NEGRIN de Rost Tamara-Para Programa ESFUERZO SOLIDARIO.,G,0,2026-01-12 09:46:00,132,4,000000,,,
2026,211,GMADA,2026-01-09 00:00:00,,,DEP,13,1110109000,46200.0,PRESUPUESTO N° 3039 - RODAMIENTOS TUYU -  PIEZA DE TRACTOR DE CORTAR CESPED,G,0,2026-01-09 08:49:44,110,9,000000,,,
2026,251,GMADA,2026-01-12 00:00:00,,,SECSEG,20,1110113000,20800.0,"Papelera Alpa, presupuesto 3820-3828 (inspeccion)",G,0,2026-01-12 10:52:12,110,25,000000,,,
2026,259,GMADA,2026-01-12 00:00:00,,,SECSEG,20,1110113000,154000.0,"Gomeria La Diagonal, presupuesto 0559 -0560( policiales-secretaria)",G,0,2026-01-12 12:08:18,110,25,000000,,,
2026,247,GMADA,2026-01-12 00:00:00,,,SECSEG,20,1110113000,81300.0,"Rodamientos Tuyu, presupuesto 3042 ( AE331IY)",G,0,2026-01-12 10:40:21,110,25,000000,,,
2026,253,GMADA,2026-01-12 00:00:00,,,SECSEG,20,1110113000,52000.0,"Motomaquinarias Luis, presupuesto 056",G,0,2026-01-12 10:55:00,110,25,000000,,,
2026,264,GMADA,2026-01-12 00:00:00,,,SECSEG,20,1110113000,396000.0,"Frenos Madariaga, presupuesto 092 (ae704aw)",G,0,2026-01-12 11:40:12,110,25,000000,,,
2026,256,GMADA,2026-01-12 00:00:00,,,SECSEG,20,1110113000,4000.0,"Campo y Ciudad, presupuesto 15603 ( taller)",G,0,2026-01-12 11:03:24,110,25,000000,,,
2026,340,GMADA,2026-01-15 00:00:00,,,SALA I,5,1110104000,3775200.0,QUALIMED S.A- PRESUPUESTO N° 87 (ECOGRAFO),G,0,2026-01-15 11:40:46,131,2,000000,,,
2026,262,GMADA,2026-01-12 00:00:00,,,SECSEG,20,1110113000,120500.0,"Baterias La Primera, presupuestos 6911-6924-6917.",G,0,2026-01-12 12:12:49,110,25,000000,,,
2026,318,GMADA,2026-01-15 00:00:00,,,COC,5,1110104000,1258064.12,DURANTE JAVIER- PRESUPUESTO N° 0001-00000836 (COCINA) DESDE EL 2/12/25 AL 02/01/26,G,0,2026-01-15 09:17:25,131,2,000000,,,
2026,324,GMADA,2026-01-15 00:00:00,,,HOGANC,5,1110104000,1370366.23,DURANTE JAVIER- PRESUPUESTO N° 0001-00000824/829 (HOGAR DE ANCIANOS) DESDE EL 30/12/25 AL 30/01/26,G,0,2026-01-15 10:44:45,131,2,000000,,,
2026,333,GMADA,2026-01-15 00:00:00,,,ADM,5,1110104000,170000.0,OPAZO DANIEL- PRESUPUESTO N° 13/01/26 (ADMISION),G,0,2026-01-15 11:08:23,131,2,000000,,,
2026,345,GMADA,2026-01-15 00:00:00,,,COC,5,1110104000,1192821.0,MADA POY S.A- PRESUPUESTO N° 0001-00000958 (COCINA) DESDE EL 6/01/26 AL 13/01/26,G,0,2026-01-15 12:24:24,131,2,000000,,,
2026,467,GMADA,2026-01-24 00:00:00,,,HOSP,5,1110104000,17400.0,TERRANOVA QUIMICA. PRESUPUESTO Nº 001017.QUIROFANO-INTERNACION.,G,0,2026-01-24 14:09:15,131,2,000000,,,
2026,344,GMADA,2026-01-15 00:00:00,,,HOGANC,5,1110104000,68000.0,PEREZ JORGE- PRESUPUESTO N° 282189 (HOGAR DE ANCIANOS) DESDE EL 22/12/25 AL 29/12/25,G,0,2026-01-15 12:05:48,131,2,000000,,,
2026,371,GMADA,2026-01-16 00:00:00,,,JARD,7,1110106000,2042870.4,"Expte N° 141/2026 Contrato: Lopéz, María Manuela - Acompañante terapéutico - No cumple con el Art. 45 de la Ley 14.656",G,0,2026-01-16 11:21:57,132,JARDM,000000,,,
2026,385,GMADA,2026-01-17 00:00:00,,,HOSP,5,1110104000,4242369.0,QUALIMED S.A- PRESUPUESTO N° 89 (FARMACIA- QUIROFANO),G,0,2026-01-17 09:37:38,131,2,000000,,,
2026,374,GMADA,2026-01-16 00:00:00,,,GRAN,7,1110106000,2234296.32,"Expte N° 119/2026 Contrato: Anrríquez, Gustavo Oscar - Trabajador Social, No cumple con el Art. 45 de la Ley 14.656",G,0,2026-01-16 11:32:41,110,GRAN,000000,,,
2026,434,GMADA,2026-01-22 00:00:00,,,INTER,5,1110104000,200000.0,PRESUPUESTO LOPEZ LEONARDO 21/01/26,G,0,2026-01-22 08:36:45,131,2,000000,,,
2026,454,GMADA,2026-01-23 00:00:00,,,HOSP,5,1110104000,100000.0,AC REFRIGERACION. ADOLFO CATALDO. PRESUPUESTO Nº 000376.TOMOGRAFO Y QUIROFANO.,G,0,2026-01-23 15:49:58,131,2,000000,,,
2026,469,GMADA,2026-01-24 00:00:00,,,HOSP,5,1110104000,105500.1,PAPELERA LAS 3 MARIAS. PRESUPUESTO Nº 00003849.COCINA HOSPITAL.,G,0,2026-01-24 17:01:38,131,2,000000,,,
2026,526,GMADA,2026-01-30 00:00:00,,,LAB,5,1110104000,1507405.04,UNO ELECTROMEDICINA- PRESUPUESTO N° 00003-00014884  (LABORATORIO DE ANALISIS),G,0,2026-01-30 10:08:14,131,2,000000,,,
2026,468,GMADA,2026-01-24 00:00:00,,,HOSP,5,1110104000,35808.07,JUAN MARTIN CORREA LORENTE. PRESUPUESTO Nº 0001-00000067.QUIROFANO-MATERNIDAD Y HOGAR.,G,0,2026-01-24 15:02:05,131,2,000000,,,
2026,524,GMADA,2026-01-30 00:00:00,,,LAB,5,1110104000,3449855.93,UNO ELECTROMEDICINA- PRESUPUESTO N° 00003-00014882,G,0,2026-01-30 09:31:37,131,2,000000,,,
2026,471,GMADA,2026-01-26 00:00:00,,,000SU,25,1110118000,1916710.0,PROV.ALFIO DISTEFANO PRESUP.079-7029 REPARACION DE PALA CARGADORA FIAT ALLIS  G140,G,0,2026-01-26 08:43:20,110,3,000000,,,
2026,540,GMADA,2026-01-31 00:00:00,,,FARM,5,1110104000,5374159.75,VELIBO SUPPLIES S.A.S- PRESUPUESTO N° 0001-00010770,G,0,2026-01-31 09:44:31,131,2,000000,,,
2026,527,GMADA,2026-01-30 00:00:00,,,INTER,5,1110104000,368508.33,PRESUPUESTO 9689 SAGITARIO,G,0,2026-02-04 11:55:54,131,2,000000,,,
2026,556,GMADA,2026-02-03 00:00:00,,,LAB,5,1110104000,197600.0,PRESUPUESTO LABORATORIO BIOQUIMICO PRACTICAS MES DE ENERO,G,0,2026-02-03 07:28:28,131,2,000000,,,
2026,541,GMADA,2026-01-31 00:00:00,,,HOSP,5,1110104000,1214734.66,PINAMAR HIGIENE INSTITUCIONAL SRL- PRESUPUESTO N° 0016-00002340/2345 (LAVADERO- ADMINISTRACION),G,0,2026-01-31 09:56:28,131,2,000000,,,
2026,542,GMADA,2026-01-31 00:00:00,,,FARM,5,1110104000,1803048.5,MAX CONTINENTAL- PRESUPUESTO N° 0001-00158849/158994/159040,G,0,2026-01-31 10:24:49,131,2,000000,,,
2026,543,GMADA,2026-01-31 00:00:00,,,FARM,5,1110104000,5999994.23,PILOÑA- PRESUPUESTO N° 1646763 (FARMACIA),G,0,2026-01-31 10:31:14,131,2,000000,,,
2026,548,GMADA,2026-02-02 00:00:00,,,CAS,3,1110111000,66800.0,"Corresponde presupuesto N° 00003041- ZUBIARRAIN DANIEL ""RODAMIENTOS DEL TUYU""",G,0,2026-02-02 12:13:39,131,6,000000,,,
2026,555,GMADA,2026-02-03 00:00:00,,,HOSP,5,1110104000,85000.0,PRESUPUESTO  MARTIN GUSTAVO AMBULANCIA DOMINIO AA775QW,G,0,2026-02-03 07:21:29,131,2,000000,,,
2026,635,GMADA,2026-02-11 00:00:00,,,DECI,25,1110118000,9620.0,PROV. CASA HARISGARAT PRESUP.1024 PARA OFICINA DE DEFENASA CIVIL,G,0,2026-02-11 07:17:06,110,,000000,,,
2025,5285,GMADA,2025-11-18 00:00:00,,,SECSEG,20,1110113000,510000.0,"L.R.B Bogado, presupuestos 1139-1141-1142-1138-1137",G,0,2025-11-18 10:31:20,110,25,000000,,,
2025,5234,GMADA,2025-11-12 00:00:00,,,CONTRA,19,1110112000,126400.0,"Terranova ,presupuesto 000989",G,0,2025-11-12 10:38:39,110,1,000100,,,
2025,5284,GMADA,2025-11-18 00:00:00,,,SECSEG,20,1110113000,105000.0,"Gomeria La Diagonal, presupuestos 549-550",G,0,2025-11-18 10:23:59,110,25,000000,,,
2025,5335,GMADA,2025-11-26 00:00:00,,,HOSP,5,1110104000,4428600.0,EXPEDIENTE 5/2025 RESIDUOS PATOGENICOS DIFERENCIA CORRESPONDIENTE A LA ORDE DE COMPRA 4194,N,0,2025-11-26 11:44:41,131,2,000000,,,
2025,5330,GMADA,2025-11-26 00:00:00,,,CAS,3,1110111000,151548.0,"PRESUPUESTO 789, DURANTE JAVIER",G,0,2025-11-26 08:51:28,131,6,000000,,,
2025,5286,GMADA,2025-11-18 00:00:00,,,SECSEG,20,1110113000,160000.0,"Fabrimar, presupuesto 289 (LBN 155)",G,0,2025-11-18 10:39:54,110,25,000000,,,
2025,5340,GMADA,2025-11-27 00:00:00,,,DECI,25,1110118000,90000.0,"PRESUPUESTO 017962, ERNALZ",G,0,2025-11-27 10:14:53,110,DEFCI,000000,,,
2025,5336,GMADA,2025-11-26 00:00:00,,,HOSP,5,1110104000,4905800.0,"CONTRATO CON LA EMPRESA SOMA S.A EXPTE Nº 5/2025 SERVICIO DE RECOLECCION, TRANSPORTE, TRATAMIENTO DIFERENCIA CORRESPONDIENTE OC 4194",G,0,2025-11-26 12:33:16,131,2,000000,,,
2025,5338,GMADA,2025-11-26 00:00:00,,,DIRINF,22,1110115000,213367.5,"PRESUPUESTO 11093, DIEGO MARTIN SRL",G,0,2025-11-26 12:28:44,110,INFOR,000000,,,
2025,5339,GMADA,2025-11-27 00:00:00,,,CAS,3,1110111000,1625520.0,"PRESUPUESTO 078-9183, ALFIO DISTEFANO",G,0,2025-11-27 09:36:14,131,6,000000,,,
2026,66,GMADA,2026-01-03 00:00:00,,,HOGANC,5,1110104000,32400.0,SANTA PAULA- PRESUPUESTO N° 0001-00002151 (HOGAR DE ANCIANOS) DESDE 3/12/25 AL  10/12/25,G,0,2026-01-03 09:06:43,131,2,000000,,,
2025,5376,GMADA,2025-12-02 00:00:00,,,SECSEG,20,1110113000,224000.0,"Ivanper, presupuesto 7720 (taller)",G,0,2025-12-02 09:13:04,110,25,000000,,,
2026,65,GMADA,2026-01-03 00:00:00,,,HOGANC,5,1110104000,69000.0,SANTA PAULA- PRESUPUESTO N° 0001-00002149 (HOGAR DE ANCIANOS) DESDE 24/11/25 HASTA EL 1/12/25,G,0,2026-01-03 09:00:30,131,2,000000,,,
2026,68,GMADA,2026-01-03 00:00:00,,,COC,5,1110104000,18000.0,SANTA PAULA- PRESUPUESTO N° 0001-00002159 (COCINA) DESDE 20/12/25 AL 27/12/25,G,0,2026-01-03 09:15:52,131,2,000000,,,
2026,67,GMADA,2026-01-03 00:00:00,,,COC,5,1110104000,33000.0,SANTA PAULA- PRESUPUESTO N° 0001-00002156 (COCINA) DESDE 12/12/25 AL 19/12/25,G,0,2026-01-03 09:12:26,131,2,000000,,,
2026,70,GMADA,2026-01-03 00:00:00,,,COC,5,1110104000,29000.0,SANTA PAULA- PRESUPUESTO N° 0001-00002162 (COCINA) DESDE 2/01/26 AL 9/01/26,G,0,2026-01-03 09:23:39,131,2,000000,,,
2026,78,GMADA,2026-01-03 00:00:00,,,FARM,5,1110104000,149230.14, INSUMOS GENERALES 3F- PRESUPUESTO N° 4/12/2025 (FARMACIA),G,0,2026-01-03 10:40:23,131,2,000000,,,
2026,69,GMADA,2026-01-03 00:00:00,,,COC,5,1110104000,13000.0,SANTA PAULA- PRESUPUESTO N° 0001-00003253 (COCINA) DESDE 27/12/25 AL 3/01/26,G,0,2026-01-03 09:21:00,131,2,000000,,,
2026,77,GMADA,2026-01-03 00:00:00,,,HOSP,5,1110104000,121513.19,MUNDIAL 2022- PRESUPUESTO N° 0001-00000883,N,0,2026-01-03 10:37:08,131,2,000000,,,
2026,71,GMADA,2026-01-03 00:00:00,,,HOSP,5,1110104000,190000.0,OPAZO DANIEL- PRESUPUESTO N° 29/12/25 (CONSULTORIO DE PSICOLOGIA Y LAVADERO),G,0,2026-01-03 09:42:55,131,2,000000,,,
2026,80,GMADA,2026-01-03 00:00:00,,,FARM,5,1110104000,121513.19,MUNDIAL 2022- PRESUPUESTO N° 0001-0000883 MEDICAMENTO DISPENSADO 2/12/2025,G,0,2026-01-03 10:45:55,131,2,000000,,,
2026,140,GMADA,2026-01-06 00:00:00,,,GOB,2,1110102000,17307080.0,Corresponde Concurso de precios N° 20-2025 Expte N° 3523/2025,G,0,2026-01-06 12:14:59,110,SECGO,000000,,,
2026,79,GMADA,2026-01-03 00:00:00,,,SALA I,5,1110104000,5797485.0,QUALIMED - PRESUPUESTO N° 86 (RAYOS),G,0,2026-01-03 10:43:19,131,2,000000,,,
2026,108,GMADA,2026-01-06 00:00:00,,,TESOR,19,1110112000,387500.0,Corresponde presupuesto Matienzo Paola-,G,0,2026-01-06 07:21:16,110,TESOR,000000,,,
2026,179,GMADA,2026-01-08 00:00:00,,,000SU,25,1110118000,8000000.0,PROV. ATREUCO PUEL COMBUSTIBLE PARA MAQUINAS Y CAMIONES DE ESTA SECRETARIA,G,0,2026-01-08 08:08:51,132,3,000000,,,
2026,173,GMADA,2026-01-08 00:00:00,,,000SU,25,1110118000,4606439.0,PROV.CASA ELICEIRY PRESUP.07/01/2026 ACEITES Y LUBRICANTES PARA TODA LA  FLOTA VEHICULAR DE ESTA SECRETARIA,G,0,2026-01-08 07:37:09,110,3,000000,,,
2026,176,GMADA,2026-01-08 00:00:00,,,000R,25,1110118000,849420.0,PROV. MERCEDES LA PLATA PRESUP.186858 REPARACION PARA IVECO PJY978,G,0,2026-01-08 07:45:24,110,3,000000,,,
2026,228,GMADA,2026-01-10 00:00:00,,,HOSP,5,1110104000,6448700.0,""" LA FRUTERIA"" LABATUT MARCELO.PRESUPUESTO COCINA HOGAR DE ANCIANOS Y COCINA HOSPITAL MUNICIPAL. MES DE DICIEMBR.E",G,0,2026-01-10 14:26:05,131,2,000000,,,
2026,293,GMADA,2026-01-14 00:00:00,,,HOGANC,5,1110104000,1518843.0,MADA POY - PRESUPUESTO N° 0001-00000957 (HOGAR DE ANCIANOS) DESDE EL 2/01/26  AL 9/01/26,G,0,2026-01-14 08:55:22,131,2,000000,,,
2026,182,GMADA,2026-01-08 00:00:00,,,000SU,25,1110118000,1000000.0,PROV. ANDINA 1923 S.A   SERVICIO  DE FLETES PREVISION ANUAL,G,0,2026-01-08 08:21:31,110,3,000000,,,
2026,290,GMADA,2026-01-14 00:00:00,,,HOSP,5,1110104000,175000.0,OPAZO DANIEL- PRESUPUESTO N° 31/01/2026 SECTOR: PASILLO ENTRADA DE ADMISION),G,0,2026-01-14 08:43:03,131,2,000000,,,
2026,229,GMADA,2026-01-10 00:00:00,,,HOSP,5,1110104000,279861.8,ALPA PAPELERA. PAOLA AMELIA MATIENZO. PRESUPUESTO Nº 0002-00003825.COCINA HOSPITAL.,G,0,2026-01-10 15:00:17,131,2,000000,,,
2026,298,GMADA,2026-01-14 00:00:00,,,FARM,5,1110104000,121859.1,INSUMOS GENERALES 3F- PRESUPUESTO N° 7/01/26 (FARMACIA),G,0,2026-01-14 09:26:09,131,2,000000,,,
2026,305,GMADA,2026-01-14 00:00:00,,,COC,5,1110104000,686538.91,DURANTE JAVIER- PRESUPUESTO N° 0001-00000820 (COCINA) DESDE EL 23/12/25 AL 22/01/2026,G,0,2026-01-14 10:09:02,131,2,000000,,,
2026,296,GMADA,2026-01-14 00:00:00,,,COC,5,1110104000,1118690.0,TODO POLLO- PRESUPUESTO N° 61 (COCINA) DESDE EL 3/01/2026 AL 10/01/26,G,0,2026-01-14 09:08:30,131,2,000000,,,
2026,299,GMADA,2026-01-14 00:00:00,,,LAB,5,1110104000,1630151.61,UNO ELECTROMEDICINA- PRESUPUESTO N° 00003-00014718 (LABORATORIO DE ANALISIS),G,0,2026-01-14 09:35:12,131,2,000000,,,
2026,313,GMADA,2026-01-14 00:00:00,,,HOGANC,5,1110104000,2060593.67,DURANTE JAVIER- PRESUPUESTO N° 0001-00000835 (HOGAR DE ANCIANOS) DESDE EL 29/11/25 AL 29/12/25,G,0,2026-01-14 12:18:26,131,2,000000,,,
2026,301,GMADA,2026-01-14 00:00:00,,,TERINT,5,1110104000,42350.0,SERVIMED- PRESUPUESTO N° 7045/26 R (UTI),G,0,2026-01-14 09:40:51,131,2,000000,,,
2026,404,GMADA,2026-01-20 00:00:00,,,BARU,25,1110118000,4833000.0,PROV. CASA ELICEIRY GAS OIL PARA  MAQUIANAS DE PREDIO DISPOSICION FINAL DE RESIDUSO RUTA 11 KM 405.5,G,0,2026-01-23 08:10:22,132,,000000,,,
2026,308,GMADA,2026-01-14 00:00:00,,,HOGANC,5,1110104000,74379.0,DURANTE JAVIER- PRESUPUESTO N° 0001-00000821 (HOGAR DE ANCIANOS) DESDE 23/12/25 AL 26/12/25,G,0,2026-01-14 10:23:18,131,2,000000,,,
2026,314,GMADA,2026-01-14 00:00:00,,,COC,5,1110104000,33000.0,SANTA PAULA- PRESUPUESTO N° 0001-00002166 (COCINA) DESDE EL 13/01/26 AL 20/01/26,G,0,2026-01-14 12:51:47,131,2,000000,,,
2026,403,GMADA,2026-01-20 00:00:00,,,000SU,25,1110118000,12888000.0,PROV. CASA ELICEIRY  GAS OIL PARA FLOTA VEHICULAR DE ESTA SECRETARIA,G,0,2026-01-20 08:51:27,132,3,000000,,,
2026,431,GMADA,2026-01-22 00:00:00,,,SECSEG,20,1110113000,307168.55,"Casa Blanco, presuouesto 202645 (Centro de Monitoreo-tecnica)",G,0,2026-01-22 07:47:34,110,25,000000,,,
2026,423,GMADA,2026-01-21 00:00:00,,,JUZFAL,2,1110102000,73800.0,"PRESUPUESTO 3853,MATIENZO PAOLA",G,0,2026-01-21 12:23:32,110,JUZGA,000000,,,
2026,424,GMADA,2026-01-21 00:00:00,,,DESP,2,1110102000,38100.0,"PRESUPUESTO 3854, MATIENZO PAOLA",G,0,2026-01-21 12:25:43,110,DESPA,000000,,,
2025,2888,GMADA,2025-05-21 00:00:00,,,SECSEG,20,1110113000,60000.0,"Barraca Maribel, presupuesto 0255 (filtro para la asiradora del taller)",G,0,2025-05-21 08:56:22,110,25,000000,,,
2025,2885,GMADA,2025-05-21 00:00:00,,,TURIS,6,1110105000,38000.0,"Motomaquinarias ""Luis"" Lombardia - materiales puesto La Invernada",G,0,2025-05-21 08:25:05,110,TURIS,000000,,,
2025,2890,GMADA,2025-05-21 00:00:00,,,SECSEG,20,1110113000,23599.96,"Papelera Alpa, presupuesto 03629 (inspeccion)",G,0,2025-05-21 09:02:04,110,25,000000,,,
2025,2891,GMADA,2025-05-21 00:00:00,,,SECSEG,20,1110113000,13950.0,"Casa Harosgatar, presupuesto 0979 (reparacion en baño de hombres secretaria)",G,0,2025-05-21 09:10:07,110,25,000000,,,
2025,3473,GMADA,2025-06-26 00:00:00,,,HOSP,5,1110104000,45000.0,IMPRENTA EL ARGENTINO - PRESUPUESTO N° 519 (PEDIATRIA HOSPITAL),G,0,2025-06-26 08:26:58,131,2,000000,,,
2025,2893,GMADA,2025-05-21 00:00:00,,,SECSEG,20,1110113000,336460.0,"Repuestos LC, presupuesto 0536 (KYV375)",G,0,2025-05-21 09:21:32,110,25,000000,,,
2025,3471,GMADA,2025-06-26 00:00:00,,,COC,5,1110104000,46400.0,SANTA PAULA - PRESUPUESTO N° 1-2079 (COCINA HOSPITAL),G,0,2025-06-26 08:17:46,131,2,000000,,,
2025,3475,GMADA,2025-06-26 00:00:00,,,HOSP,5,1110104000,460097.48,DISTRILAB PINAMAR - PRESUPUESTO N° 901 (ODONTOLOGIA),G,0,2025-06-26 13:15:59,131,2,000000,,,
2025,3472,GMADA,2025-06-26 00:00:00,,,HOSP,5,1110104000,198856.06,"PAPELERA ALPA - PRESUPUESTO N° 2-3687 Y 2-3689 (COCINA, LABORATORIO, MATERNIDAD Y GUARDIA HOSPITAL)",G,0,2025-06-26 08:24:28,131,2,000000,,,
2025,3477,GMADA,2025-06-26 00:00:00,,,LAB,5,1110104000,248500.0,AZCUENAGA - PRESUPUESTO S/N FECHA 23/6/25 (LABORATORIO HOSPITAL),G,0,2025-06-26 08:41:26,131,2,000000,,,
2025,3474,GMADA,2025-06-26 00:00:00,,,TERINT,5,1110104000,255520.0,SERVIMED - PRESUPUESTO N° 7986/25 (TERAPIA),G,0,2025-06-26 13:09:24,131,2,000000,,,
2025,3479,GMADA,2025-06-26 00:00:00,,,FARM,5,1110104000,3842333.25,VELIBO SUPPLIES - PRESUPUESTO N° 1-8127 (FARMACIA HOSPITAL),G,0,2025-06-26 09:08:42,131,2,000000,,,
2025,3476,GMADA,2025-06-26 00:00:00,,,LAV,5,1110104000,744848.64,PINAMAR HIGIENE INSTITUCIONAL - PRESUPUESTO N° 16-1828 Y 16-1838 (LAVADERO HOSPITAL),G,0,2025-06-26 08:38:10,131,2,000000,,,
2025,3495,GMADA,2025-06-26 00:00:00,,,HOSP,5,1110104000,30000.0,HUGO CESAR CORBELLINI - PRESUPUESTO N° 1-1015 (AMBULANCIA N°5 DOMINIO KYV 365),G,0,2025-06-28 09:25:58,131,2,000000,,,
2025,3478,GMADA,2025-06-26 00:00:00,,,FARM,5,1110104000,289503.0,ALAIS PHARMA - PRESUPUESTO N° 1-16696 (FARMACIA HOSPITAL),G,0,2025-06-26 08:45:16,131,2,000000,,,
2025,3499,GMADA,2025-06-26 00:00:00,,,COC,5,1110104000,38000.0,AVICOLA DEL TUYU - PRESUPUESTO N° 8-2556 (COCINA HOSPITAL)1,G,0,2025-06-26 12:40:23,131,2,000000,,,
2025,3493,GMADA,2025-06-26 00:00:00,,,HOSP,5,1110104000,942600.0,"TODO POLLO - PRESUPUESTO N° 6, 7, 8 Y 9 (HOGAR Y HOSPITAL)",G,0,2025-06-26 12:32:01,131,2,000000,,,
2025,3503,GMADA,2025-06-26 00:00:00,,,HOSP,5,1110104000,500.0,FERRETERIA CIMOS - PRESUPUESTO N° 2-2699,N,0,2025-06-26 12:45:01,131,2,000000,,,
2025,3496,GMADA,2025-06-26 00:00:00,,,HOSP,5,1110104000,11000.0,SANTA PAULA - PRESUPUESTO N° 1-2080 (HOGAR ANCIANOS HOSPITAL),G,0,2025-06-26 12:36:33,131,2,000000,,,
2025,3868,GMADA,2025-07-19 00:00:00,,,HOSP,5,1110104000,1334096.4,FARMACIA TONANI- PRESUPUESTO S/N° MEDICAMENTO DISPENSADOS DESDE EL 21/06/25 AL 15/07/2025,G,0,2025-07-19 10:07:31,131,2,000000,,,
2025,3501,GMADA,2025-06-26 00:00:00,,,COC,5,1110104000,4150.13,ALPA MADARIAGA - PRESUPUESTO N° 2-3683 (COCINA HOSPITAL),G,0,2025-06-26 12:42:49,131,2,000000,,,
2025,3955,GMADA,2025-07-25 00:00:00,,,GOBHAC,2,1110102000,250000.0,Franco Garay .Expediente 2240/25,G,0,2025-07-25 12:34:24,110,1,000000,,,
2025,3504,GMADA,2025-06-26 00:00:00,,,HOSP,5,1110104000,40891.2,ELECTRO DANNUNZIO - PRESUPUESTO N° 28512 (INFORMATICA HOSPITAL),G,0,2025-06-28 09:42:43,131,2,000000,,,
2025,3935,GMADA,2025-07-24 00:00:00,,,OPP,3,1110103000,45569.5,Exp.:1811/21 PREIMBA - PROYECTO PARQUE DE LA ESTACIÓN - Prov.:Todo Color - Presup.:5511,G,0,2025-07-24 08:59:07,110,35,000000,,,
2025,3947,GMADA,2025-07-25 00:00:00,,,AREAJ,2,1110102000,518000.0,Montenegro Ricardo.Festejos Día de la Niñes.,G,0,2025-07-25 08:53:31,110,23,000000,,,
2025,3944,GMADA,2025-07-25 00:00:00,,,AREAJ,2,1110102000,809890.0,Matienzo Paola. Expte. 1649/25.Festejo Día de la Infancia,G,0,2025-07-25 07:44:23,110,23,000000,,,
2025,4005,GMADA,2025-07-29 00:00:00,,,MUSH,6,1110105000,19400.0,HIspanograf de Hugo Piedra. Horarios Museos en vinilo impreso. Presupuesto N°1814,G,0,2025-07-29 13:13:56,110,MUSH,000000,,,
2025,3992,GMADA,2025-07-29 00:00:00,,,SECSEG,20,1110113000,354500.0,"Repuestos LC, presupuesto 0581 (NUF386-AG713ZV)",G,0,2025-08-06 10:08:48,110,25,000000,,,
2025,4045,GMADA,2025-08-02 00:00:00,,,COC,5,1110104000,1348198.0,MADA POY S.A- PRESUPUESTO N° 0001-00000863 (COCINA),G,0,2025-08-06 08:28:02,131,2,000000,,,
2025,4044,GMADA,2025-08-02 00:00:00,,,LAV,5,1110104000,667295.64,PINAMAR HIGIENE INSTITUCIONAL SRL- PRESUPUESTO N° 0016-00001897 (LAVADERO),G,0,2025-08-02 08:48:01,131,2,000000,,,
2025,4363,GMADA,2025-08-26 00:00:00,,,ACCSOC,7,1110106000,1975000.0,"PRESUPUESTO N° 7848548 de ROST, TAMARA de ""Frutería Negrin"" Plan alimentario 205",G,0,2025-08-26 10:00:05,132,4,000000,,,
2025,4131,GMADA,2025-08-07 00:00:00,,,000SU,25,1110118000,1047773.0,"PROV.TRACKMAR PRESUP.792495 CUCHILLAS PARA MOTONIEVELADORA NEW HOLLANDO CII59, VOLVO G710",G,0,2025-08-07 10:01:08,110,3,000000,,,
2025,4249,GMADA,2025-08-14 00:00:00,,,SECHCD,8,1110200000,500000.0, Distribuidora del Sudeste.Durante Javier,G,0,2025-08-14 12:57:16,110,12,000000,,,
2025,4361,GMADA,2025-08-26 00:00:00,,,ACCSOC,7,1110106000,169400.0,"PRESUPUESTO N° 00001-00001937 de Carlos Alberto Ochoa de ""Panadería y Confitería LA UNION"" Esfuerzo Solidario julio 2025",G,0,2025-08-26 09:42:32,132,4,000000,,,
2025,4362,GMADA,2025-08-26 00:00:00,,,ACCSOC,7,1110106000,900000.0,"PRESUPUESTO N° X 7390227 de Peyrano, Sergio Favián de ""Atmósferico La Primera""",G,0,2025-08-26 09:46:57,132,4,000000,,,
2025,4365,GMADA,2025-08-26 00:00:00,,,CASA,1,1110105000,94400.0,HISPANOGRAF     PRESUPUESTO N° 1826,G,0,2025-08-26 12:44:21,110,CACUL,000000,,,
2025,4537,GMADA,2025-09-09 00:00:00,,,HOGANC,5,1110104000,1296042.0,MADA POY S.A- PRESUPUESTO N° 0001-00000875 (HOGAR DE ANCIANOS),G,0,2025-09-09 09:32:43,131,2,000000,,,
2025,4364,GMADA,2025-08-26 00:00:00,,,ACCSOC,7,1110106000,800000.0,"PRESUPUESTO de María Cristina Uthurburu de ""CASA MEOQUI"" Sr. Ortiz, Miguez Oscar DNI: M 5.3331.542 fallecido el 18 de Agosto 2025",G,0,2025-08-26 10:11:56,132,4,000000,,,
2025,4415,GMADA,2025-09-01 00:00:00,,,GOBHAC,2,1110102000,100700.0, Chalita Nicolas Antonio.Expte. 1649/25 Días de las Infancias.,G,0,2025-09-01 08:28:15,110,1,000000,,,
2025,4423,GMADA,2025-09-01 00:00:00,,,DIRINF,22,1110115000,33999.35,"Matienzo Paola, presupuesto 0002-00003763",G,0,2025-09-01 09:53:32,110,1,000000,,,
2025,4535,GMADA,2025-09-09 00:00:00,,,HOSP,5,1110104000,1829800.0,B GATE- PRESUPUESTO N° 0005-00006805 (PLANTA DE OXIGENO),G,0,2025-09-09 08:24:46,131,2,000000,,,
2025,4536,GMADA,2025-09-09 00:00:00,,,LAB,5,1110104000,2517738.01,UNO ELECTROMEDICINA- PRESUPUESTO N° 00003-00013678 (LABORATORIO DE ANALISIS),G,0,2025-09-09 09:23:23,131,2,000000,,,
2025,4541,GMADA,2025-09-09 00:00:00,,,QUI,5,1110104000,3470563.0,QUALIMED S.A- PRESUPUESTO N° 73 (QUIROFANO),G,0,2025-09-09 09:52:26,131,2,000000,,,
2025,4581,GMADA,2025-09-11 00:00:00,,,DEP,13,1110109000,11697.07,PRESUPUESTO N°03767 / 3768 - ALPA MADARIAGA - MATERIALES DESCARTABLES PARA CANTINA EN EL MARCO DE TORNEOS BONAERNESES,G,0,2025-09-11 10:48:43,110,9,000000,,,
2025,4539,GMADA,2025-09-09 00:00:00,,,HOSP,5,1110104000,82254.62,ALPA - PRESUPUESTO N° 0002-00003766 (JORNADA DE COLOSTOMIA),G,0,2025-09-09 09:41:09,131,2,000000,,,
2025,4577,GMADA,2025-09-11 00:00:00,,,ACCSOC,7,1110106000,1887500.0,"PRESUPUESTO N° X 7848549 de Rost, Tamara de ""Frutería Negrin"" Plan Alimentario 2025",G,0,2025-09-11 10:02:56,132,4,000000,,,
2025,4542,GMADA,2025-09-09 00:00:00,,,LAB,5,1110104000,1653721.41,RADIOGRAFICAOESTE- PRESUPUESTO N° 100050681(LABORATORIO DE ANALISIS),G,0,2025-09-10 08:31:02,131,2,000000,,,
2025,4584,GMADA,2025-09-11 00:00:00,,,DEP,13,1110109000,235600.0,PRESUPUESTO N° 06773 - BATERIAS LA PRIMERA / BATERIA PARA VEHICULO MUNICIPAL IVECO (DOMINIO: MKF 817),G,0,2025-09-11 11:06:04,110,9,000000,,,
2025,4578,GMADA,2025-09-11 00:00:00,,,ENV,7,1110106000,14100.0," PRESUPUESTO N° X 0001-00000816 de María Teresa Arriola de ""EL DEDAL MERCERIA"" Proyecto Decisión Niñez",G,0,2025-09-11 10:16:56,132,CASA,000000,,,
2025,4583,GMADA,2025-09-11 00:00:00,,,DEP,13,1110109000,129759.0,"PRESUPUESTO N°5541 - PINTURERIA - FERRETERIA ""TODO COLOR"" -  MATERIALES PARA TRABAJOS EN EL POLIDEPORTIVO MUNICIPAL",G,0,2025-09-11 11:00:13,110,9,000000,,,
2025,4585,GMADA,2025-09-11 00:00:00,,,DEP,13,1110109000,15000.0,PRESUPUESTO N° 06776 - BATERIAS LA PRIMERA,G,0,2025-09-11 11:08:27,110,9,000000,,,
2025,4637,GMADA,2025-09-16 00:00:00,,,HOSP,5,1110104000,527076.0,AIR LIQUIDE HEALTHCARE. EQUIPOS DE ALTO FLUJO UTI..PRESUPUESTO Nº 1417.,G,0,2025-09-16 11:15:35,131,2,000000,,,
2025,4794,GMADA,2025-09-30 00:00:00,,,CASA,1,1110105000,33880.0,CASA HARISGARAT     PRESUPUESTO N° 1244,G,0,2025-09-30 10:28:26,110,CACUL,000000,,,
2025,4638,GMADA,2025-09-16 00:00:00,,,HOSP,5,1110104000,8686798.12,AIR LIQUIDE HEALTHCARE. EQUIPOS DE  ALTO FLUJO UTI. PRESUPUESTO Nº 1418.,A,0,2025-10-15 08:42:37,131,2,000000,,,
2025,4654,GMADA,2025-09-18 00:00:00,,,HOSP,5,1110104000,3252000.0,GONZALEZ MARIA TERESA- PREVISION DE AGUA MINERAL X 20 LTS - HOSPITAL Y HOGAR DE ANCIANOS,G,0,2025-09-18 09:42:43,131,2,000000,,,
2025,4652,GMADA,2025-09-18 00:00:00,,,HOSP,5,1110104000,438513.1,FARMACIA GIORGI- PRESUPUESTO S/N° MEDICAMENTOS DISPENSADOS DESDE EL 2/09/2025 AL 8/09/2025,G,0,2025-09-18 08:20:23,131,2,000000,,,
2025,4653,GMADA,2025-09-18 00:00:00,,,HOSP,5,1110104000,5353000.0,""" LA FRUTERIA"" LABATUT MARCELO. PRESUPUESTO COCINA HOSPITAL.Y HOGAR DE ANCIANOS.AGOSTO 2025.",G,0,2025-09-18 09:30:24,131,2,000000,,,
2025,4685,GMADA,2025-09-22 00:00:00,,,ACCSOC,7,1110106000,6963135.0,"PRESUPUESTO N° X 00000031 de Lo coco, Marcelo Alejandro de ""TODO COLOR"" Diabéticos Agosto 2024",G,0,2025-09-22 12:33:13,132,4,000000,,,
2025,4688,GMADA,2025-09-22 00:00:00,,,ENV,7,1110106000,8900.0,"Expte N° 159/25 Proyecto de Talleres Programa Envión PRESUPUESTO N° X 0001-00053162 de Juan ALberto Sanchez de ""ELECTRICIDAD EL GALLEGO"" Para dar mejor luz al taller de barberia",G,0,2025-09-22 12:38:50,110,CASA,000000,,,
2025,4791,GMADA,2025-09-30 00:00:00,,,ENV,7,1110106000,84945.03,"Expte N° 159/25 Proyecto de Talleres Programa Envión. PRESUPUESTO N° 2301 de ""DE LAS MISIONES"" Para el taller de carpintería",G,0,2025-09-30 10:02:14,110,CASA,000000,,,
2025,4727,GMADA,2025-09-24 00:00:00,,,ACCSOC,7,1110106000,162500.0,"Presupuesto N° 002147 Panaderia y Confiteria ""LA UNION"" de Carlos Alberto Ocha para Programa ESFUERZO SOLIDARIO.AGOSTO 2025.",G,0,2025-09-24 09:05:01,132,4,000000,,,
2025,4878,GMADA,2025-10-07 00:00:00,,,MAYOR,2,1110102000,11900.0,Corresponde presupuesto N° 0001-00000153 - CUELI MIGUEL,G,0,2025-10-07 12:52:44,110,37,000000,,,
2025,4865,GMADA,2025-10-07 00:00:00,,,FARM,5,1110104000,1740950.0,SORRENTINO S.A. - PRESUPUESTO N° 45645 FECHA 2/10/25 (FARMACIA HOSPITAL),G,0,2025-10-07 07:22:41,131,2,000000,,,
2025,4908,GMADA,2025-10-09 00:00:00,,,JUZFAL,2,1110102000,132000.0,"Avellaneda 1763,presupuesto 1841",G,0,2025-10-09 11:21:15,110,1,000000,,,
2025,4877,GMADA,2025-10-07 00:00:00,,,MAYO,1,1110101000,10000.0,Corresponde presupuesto N° 0001-00000382 - FERRARO LILIANA NOEMI.,G,0,2025-10-07 12:49:36,110,37,000000,,,
2025,4911,GMADA,2025-10-09 00:00:00,,,HOGANC,5,1110104000,12000.0,SANTA PAULA- PRESUPUESTO N° 0001-00002126 (HOGAR DE ANCIANOS) PASTA PARA EL DIA 7/10/25,G,0,2025-10-09 12:01:52,131,2,000000,,,
2025,4879,GMADA,2025-10-08 00:00:00,,,000SU,25,1110118000,146400.0,PROV.ANA PAOLA RODRIGUEZ PRESP.0161GAS PARA MAQUINA DE SOLDAR,G,0,2025-10-08 07:42:32,110,3,000000,,,
2025,4903,GMADA,2025-10-09 00:00:00,,,HOGANC,5,1110104000,255000.0,TODO POLLO- PRESUPUESTO N° 40 (HOGAR DE ANCIANOS) PRESUPUESTO PARA LA SEMANA DESDE EL 6/10 AL 13/10,G,0,2025-10-09 08:55:15,131,2,000000,,,
2025,4904,GMADA,2025-10-09 00:00:00,,,DESP,2,1110102000,333500.0,"Bonomi Irma Cristina, presupuesto 000539",G,0,2025-10-09 08:58:23,110,1,000000,,,
2025,4905,GMADA,2025-10-09 00:00:00,,,COC,5,1110104000,300600.0,TODO POLLO- PRESUPUESTO N° 41 (PARA LA SEMANA DEL 6/10 HASTA 13/10) COCINA DEL HOSPITAL,G,0,2025-10-09 08:59:29,131,2,000000,,,
2025,4910,GMADA,2025-10-09 00:00:00,,,COC,5,1110104000,60000.0,SANTA PAULA- PRESUPUESTO N° 0001-00002127 ( COCINA ) PASTAS PARA LA SEMANA  DEL 9/10 AL 16/10,G,0,2025-10-09 11:58:33,131,2,000000,,,
2025,4909,GMADA,2025-10-09 00:00:00,,,CAS,3,1110111000,99672.0,"Durante Javier, presupuesto X 0001-00000765",G,0,2025-10-09 11:53:26,131,6,000000,,,
2025,5005,GMADA,2025-10-21 00:00:00,,,ACCSOC,7,1110106000,13400.0,"PRESUPUESTO N° 021408 de Marina Irene Pinilla de ""PROVEDURIA LA ILUSION""Para familia en el Hogar de Protección  por violencias",G,0,2025-10-21 11:45:05,110,4,000000,,,
2025,5003,GMADA,2025-10-21 00:00:00,,,ACCSOC,7,1110106000,89290000.0,Licitación Privada Octubre 2025,N,0,2025-10-21 10:36:56,110,4,000000,,,
2025,4912,GMADA,2025-10-09 00:00:00,,,HOSP,5,1110104000,565839.52,FARMACIA SOTO - PRESUPUESTO N° 919 MEDICAMENTOS DISPENSADOS DESDE EL 29/09/2025 HASTA EL 02/10/2025,G,0,2025-10-14 13:11:24,131,2,000000,,,
2025,5052,GMADA,2025-10-27 00:00:00,,,000A,24,1110117000,12705.48,Corresponde presupuesto N° 00029348- Dannunzio,G,0,2025-10-27 08:13:13,110,ASLEG,000000,,,
2025,5029,GMADA,2025-10-24 00:00:00,,,000SU,25,1110118000,3010214.0,PROV.CASA ELICEIRY PRES.24/10/2025 LUBRICANTES PARA MAQUINAS Y VEHICULOS DE ESTA SECRETARIA,G,0,2025-10-24 07:09:13,110,3,000000,,,
2025,5051,GMADA,2025-10-27 00:00:00,,,PRESID,8,1110200000,69482.0,Corresponde presupuesto N ° 00029242 - Dannunzio,G,0,2025-10-27 08:08:37,110,12,000000,,,
2025,5081,GMADA,2025-10-29 00:00:00,,,HOSP,5,1110104000,273900.0,""" TODO POLLO"" GONZALO A. BUSTAMANTE.PRESUPUESTO Nº 0000045. COCINA HOSPITAL.. SEMANA DEL 27/10/25 AL 02/11/25.",G,0,2025-10-29 08:27:17,131,2,000000,,,
2025,5077,GMADA,2025-10-29 00:00:00,,,HOSP,5,1110104000,14900.5,CUELI MIGUEL. PRESUPUESTO Nº 001-00000154.,G,0,2025-10-29 07:45:11,131,2,000000,,,
2025,5092,GMADA,2025-10-29 00:00:00,,,HOSP,5,1110104000,14786.45,MATIENZO PAOLA AMELIA. PRESUPUESTO Nº 0002-00003801.GINECOLOGIA.,G,0,2025-10-29 10:59:49,131,2,000000,,,
2025,5080,GMADA,2025-10-29 00:00:00,,,BROM,11,1110104000,25960.04,ALPA PAPELERA MATIENZO PAOLA AMELIA. PRESUPUESTO  Nº 00008791. BROMATOLOGIA.,G,0,2025-10-29 08:18:01,110,13,000000,,,
2025,5084,GMADA,2025-10-29 00:00:00,,,HOSP,5,1110104000,318700.0,""" TODO POLLO"" GONZALO A. BUSTAMANTE. PRESUPUESTO Nº 00000046.COCINA HOGAR DE ANCIANOS. SEMANA DEL 27/10/25 AL 02/11/25.",G,0,2025-10-29 08:57:22,131,2,000000,,,
2025,5098,GMADA,2025-10-29 00:00:00,,,HOSP,5,1110104000,427031.21,PINAMAR HIGIENE INSTITUCIONAL. SRL.LAVADERO. PRESUPUESTO Nº 0016-00002069.,G,0,2025-10-29 11:59:41,131,2,000000,,,
2025,5094,GMADA,2025-10-29 00:00:00,,,HOSP,5,1110104000,69000.0,IMPRENTA EL ARGENTINO.Irene Cristina Bonomi. PRESUPUESTO Nº 000542.ESTIMULACION TEMPRANA.,G,0,2025-10-29 11:21:39,131,2,000000,,,
2025,5134,GMADA,2025-11-03 00:00:00,,,HOGANC,5,1110104000,952258.0,DURANTE JAVIER. DISTRIBUIDORA DE ALIMENTOS. HOGAR DE ANCIANOS. PEDIDO PARA MES DE NOVIEMBRE. PRESUPUESTO Nº 0001-00000781.,G,0,2025-11-03 08:28:23,131,H.ANC,000000,,,
2025,5130,GMADA,2025-11-03 00:00:00,,,HOSP,5,1110104000,102200.0,"PROVEEDURIA CAMPO Y CIUDAD. RAUL A IRIARTE. PRESUPUESTOS Nº 15255,15268.MOVIL 6 DOMINIO JQS 879.",G,0,2025-11-03 07:30:59,131,2,000000,,,
2025,5138,GMADA,2025-11-03 00:00:00,,,CICQ,5,1110104000,33000.0,VIVERO BOSQUE VERDE. CIC. PRESUPUESTO.,G,0,2025-11-03 09:00:06,131,CICQ,000000,,,
2025,5131,GMADA,2025-11-03 00:00:00,,,HOSP,5,1110104000,6224.9,DURANTE JAVIER. DISTRIBUIDORA DE ALIMENTOS. PRESUPUESTO Nº 0001-00000779.CHOFERES DE AMBULANCIA. EVENTO PRERDIO FIESTA NACIONAL DEL GAUCHO.,G,0,2025-11-03 07:48:37,131,2,000000,,,
2025,5226,GMADA,2025-11-12 00:00:00,,,00003,25,1110118000,109710.0,Tatano Harisgarat S.R.l.Presupuesto 0001-00001019-1018-1017-1012-1009.,G,0,2025-11-12 09:37:46,110,3,000000,,,
2025,5135,GMADA,2025-11-03 00:00:00,,,BROM,11,1110104000,206111.0,AGROVETERINARIA MARZULLO. BROMATOLOGIA. PRESUPUESTO Nº 0001-00001124.,G,0,2025-11-03 08:44:10,110,13,000000,,,
2025,5172,GMADA,2025-11-05 00:00:00,,,CAS,3,1110111000,2895214.0,"Casa Eliceiry ,presupuesto aceites.",G,0,2025-11-06 11:54:30,150,6,000000,,,
2025,5139,GMADA,2025-11-03 00:00:00,,,BROM,11,1110104000,49400.0,MOTOMAQUINARIASA LUIS DE LUIS LOMBARDIA. BROMATOLOGIA. PRESUPUESTO Nº 140.,G,0,2025-11-03 09:27:23,110,13,000000,,,
2025,5214,GMADA,2025-11-11 00:00:00,,,GRAN,7,1110106000,66262.0,"PRESUPUESTO N° 00005546 de Silvia Beatriz Maistegui de ""PINTURERIA-FERRETERIA TODO COLOR"" Para pintar la granja de contención",G,0,2025-11-11 11:06:11,110,GRAN,000000,,,
2025,5227,GMADA,2025-11-12 00:00:00,,,00003,25,1110118000,490000.0,"Suszczyk Claudio Fabio,presupuesto N°0001-00000122 Topadora  New Holland EUF96",G,0,2025-11-12 09:47:12,110,3,000000,,,
2025,5349,GMADA,2025-11-28 00:00:00,,,SECSEG,20,1110113000,179000.0,"Escape Quiroga, presupuesto 0178 (AE331IY)",G,0,2025-11-28 10:23:28,110,25,000000,,,
2025,5351,GMADA,2025-11-28 00:00:00,,,SECSEG,20,1110113000,61495.0,"Pintureria Todo Color, presupuesto 5918 (taller del area- mantenimiento)",G,0,2025-11-28 10:50:15,110,25,000000,,,
2025,5350,GMADA,2025-11-28 00:00:00,,,SECSEG,20,1110113000,375000.0,Atmosferico Peyrano (trabajo en comisaria comunal),G,0,2025-11-28 10:31:02,110,25,000000,,,
2025,5408,GMADA,2025-12-09 00:00:00,,,JARD,7,1110106000,251800.0,"PRESUPUESTO  de Labatut, Marcelo Osvaldo de "" LA FRUTERIA"" octubre 2025",G,0,2025-12-10 10:38:28,132,JARDM,000000,,,
2025,5406,GMADA,2025-12-09 00:00:00,,,ENV,7,1110106000,56100.0,"PRESUPUESTO N° X 1342385 de Garcia, Gladys Mabel de ""PANADERIA ALEM""",G,0,2025-12-09 09:52:14,132,CASA,000000,,,
2025,5353,GMADA,2025-11-28 00:00:00,,,SECSEG,20,1110113000,384920.0,"Ivanper, presupuesto 7452",G,0,2025-11-28 11:22:28,110,25,000000,,,
2025,5413,GMADA,2025-12-09 00:00:00,,,ACCSOC,7,1110106000,142800.0,"PRESUPUESTO N° 00002950 de Carlos Alberto Ochoa de ""PANADERIA Y CONFITERIA LA UNION"" Esfuerzo Solidario noviembre 2025",G,0,2025-12-09 11:01:26,132,4,000000,,,
2025,5407,GMADA,2025-12-09 00:00:00,,,ACCSOC,7,1110106000,110000.0,"PRESUPESTO N° X 13342388 de Garcia, Gladys Mabel de ""PANADERIA ALEM"" Esfuerzo Solidario 2025",G,0,2025-12-09 09:51:30,132,4,000000,,,
2025,5411,GMADA,2025-12-09 00:00:00,,,ACCSOC,7,1110106000,179200.0,"PRESUPUESTO N° 00002949 de Carlos Alberto Ochoa de ""PANADERIA Y CONFITERIA LA UNION"" Esfuerzo Solidario septiembre 2025",G,0,2025-12-09 10:45:58,132,4,000000,,,
2026,89,GMADA,2026-01-05 00:00:00,,,000SU,25,1110118000,386000.0,"PROV. RAUL IRIARTE PRESUP.15609,15607.15618,15601,15619 ARTICULOS DE FERRETERRIA PARA MOTOGUADAÑA,  INSUMOS PARA TRABAJOS EN VIVERO MUNICIPAL Y CEMENTERIO",G,0,2026-01-05 08:48:31,110,3,000000,,,
2025,5412,GMADA,2025-12-09 00:00:00,,,ACCSOC,7,1110106000,135800.0,"PRESUPUESTO N° 00002401de Carlos Alberto Ochoa de ""PANADERIA Y CONFITERIA LA UNION"" Esfuerzo Solidario octubre 2025",G,0,2025-12-09 10:53:19,132,4,000000,,,
2025,5425,GMADA,2025-12-10 00:00:00,,,SECSEG,20,1110113000,21240.0,"Ivanper, presupuesto 7763",G,0,2025-12-10 11:22:52,110,25,000000,,,
2025,5434,GMADA,2025-12-12 00:00:00,,,SECSEG,20,1110113000,149000.0,"Gomeria la Diagonal, presupuestos 552-553",G,0,2025-12-12 10:14:26,110,25,000000,,,
2026,9,GMADA,2026-01-02 00:00:00,,,PROD,14,1110108000,1660000.0,PROV. COMBUSTIBLE DEL SALADO- SEC PRODUCCION,G,0,2026-01-02 09:20:33,110,8,000000,,,
2026,88,GMADA,2026-01-05 00:00:00,,,000SU,25,1110118000,352000.0,PROV.FRENOS MADARIAGA PRES.091  REPUESTOS PARA FORD RANGER INI856,G,0,2026-01-05 08:37:33,110,3,000000,,,
2026,353,GMADA,2026-01-16 00:00:00,,,HOGANC,5,1110104000,474200.0,TODO POLLO- PRESUPUESTO N° 66 (HOGAR DE ANCIANOS) DESDE 3/01/2026 AL 10/01/2026,G,0,2026-01-16 09:09:38,131,2,000000,,,
2026,91,GMADA,2026-01-05 00:00:00,,,DECI,25,1110118000,125000.0,PROV.RAUL IRIARTE PRES.151613 INSUMOS PARA ARREGLOS EN AREA DEFENSA CIVIL,G,0,2026-01-05 09:26:27,110,DEFCI,000000,,,
2026,92,GMADA,2026-01-05 00:00:00,,,18C,25,1110118000,100200.0,PROV.LUIS LOMBARDIA PRESUP.0052  INSUMOS PARA MAQUINAS CEMENTERIO MUNICIPAL,G,0,2026-01-05 09:50:31,110,7,000000,,,
2026,351,GMADA,2026-01-16 00:00:00,,,COC,5,1110104000,902425.0,TODO POLLO-  PRESUPUESTO N° 62 (COCINA) DESDE EL 3/01/26 AL 10/01/26,G,0,2026-01-16 08:51:41,131,2,000000,,,
2026,444,GMADA,2026-01-22 00:00:00,,,GRAN,7,1110106000,9700.0,"PRESUPUESTO N° 001018 de Terranova Lucas Hernán de ""TERRANOVAQUIMICA"" Para uso en la Granja de contención (ropa, sábanas, repasadores, etc?",G,0,2026-01-22 11:18:07,110,GRAN,000000,,,
2026,352,GMADA,2026-01-16 00:00:00,,,HOGANC,5,1110104000,419470.0,TODO POLLO- PRESUPUESTO N° 64 (HOGAR DE ANCIANOS) DESDE EL 3/01/26 AL 17/01/26,G,0,2026-01-16 09:05:51,131,2,000000,,,
2026,380,GMADA,2026-01-16 00:00:00,,,COC,5,1110104000,2292094.0,DURANTE JAVIER- PRESUPUESTO N° 0001-00000834  (COCINA) DESDE EL 6/01/26 AL 6/02/26,G,0,2026-01-16 11:46:34,131,2,000000,,,
2026,355,GMADA,2026-01-16 00:00:00,,,FARM,5,1110104000,5999994.23,PILOÑA- PRESUPUESTO N° 1646763 (FARMACIA),N,0,2026-01-16 09:54:42,131,2,000000,,,
2026,382,GMADA,2026-01-16 00:00:00,,,FARM,5,1110104000,762755.1,INSUMOS GENERALES 3F- PRESUPUESTO N° 7/01/26 Y 14/01/26,G,0,2026-01-16 12:04:54,131,2,000000,,,
2026,420,GMADA,2026-01-21 00:00:00,,,DEP,13,1110109000,8500.0,PRESUPUESTO N° 3845 - ALPA MADARIAGA  - SELLO SECRETARIO DE DEPORTES,G,0,2026-01-21 09:24:58,110,9,000000,,,
2026,438,GMADA,2026-01-22 00:00:00,,,ACCSOC,7,1110106000,384000.0,"PRESUPUESTO N° X 6976064 de Rost, Tamara de ""Frutería Negrin"" Esfuerzo Solidario",G,0,2026-01-22 10:01:37,132,4,000000,,,
2026,443,GMADA,2026-01-22 00:00:00,,,JARD,7,1110106000,9700.0,"PRESUPESTO N° 001016 de Terranova Lucas Hernán de ""TERRANOVAQUÍIMICA"" Para uso de la Casita de Chocolate (repasadores, toallas, etc)",G,0,2026-01-22 11:14:01,132,JARDM,000000,,,
2025,3003,GMADA,2025-05-28 00:00:00,,,OPP,3,1110103000,760000.0,Exp.:380/25 Sol. Revisión de Edificio HCD - Prov.:Quiroga Fabian - Presup.:Contrato,G,0,2025-05-28 08:02:05,110,35,000000,,,
2025,3773,GMADA,2025-07-14 00:00:00,,,DEP,13,1110109000,36700.0,PRESUPUESTO N°3012 - RODAMIENTOS TUYU / REPUESTO PARA RENAULT MASTER (DOMINIO: GUP 175),G,0,2025-07-14 12:41:19,110,9,000000,,,
2025,3776,GMADA,2025-07-14 00:00:00,,,HOGANC,5,1110104000,76000.0,AVICOLA DEL TUYU - PRESUPUESTO N° 8-2558 Y 8-2559 (HOGAR DE ANCIANOS),G,0,2025-07-14 13:51:52,131,2,000000,,,
2026,447,GMADA,2026-01-23 00:00:00,,,LAB,5,1110104000,2932446.16,UNO ELECTROMEDICINA- PRESUPUESTO N° 00003-00014779 (LABORATORIO DE ANALISIS),G,0,2026-01-23 09:03:36,131,2,000000,,,
2026,450,GMADA,2026-01-23 00:00:00,,,HOSP,5,1110104000,380000.0,NORMEDICAL DE ALEJANDRO GARAY- PRESUPUESTO N° 19/01/2026 (QUIROFANO- MATERNIDAD),G,0,2026-01-23 10:08:28,131,2,000000,,,
2026,448,GMADA,2026-01-23 00:00:00,,,LAB,5,1110104000,1782798.01,RADIOGRAFICAOESTE- PRESUPUESTO N° 100052678 (LABORATORIO DE ANALISIS),G,0,2026-01-23 09:39:34,131,2,000000,,,
2026,449,GMADA,2026-01-23 00:00:00,,,FARM,5,1110104000,471223.5,INSUMOS GENERALES 3F- PRESUPUESTO N° 19/01/2026 (FARMACIA),G,0,2026-01-23 10:01:16,131,2,000000,,,
2026,452,GMADA,2026-01-23 00:00:00,,,FARM,5,1110104000,1031635.0,DROGUERIA DANA- PRESUPUESTO N° 16/01/2026 (FARMACIA),G,0,2026-01-23 11:42:23,131,2,000000,,,
2026,491,GMADA,2026-01-28 00:00:00,,,18C,25,1110118000,87904.11,"PROV. JUAN MARTIN CORREA PRESUP.0069,0068 PARA CEMENTERIO Y DEFENSA CIVIL RIEGO",G,0,2026-01-28 08:45:21,110,7,000000,,,
2026,451,GMADA,2026-01-23 00:00:00,,,COC,5,1110104000,1508301.0,MADA POY S.A- PRESUPUESTO N° 0001-00000964 (COCINA) DESDE EL 21/01/26 AL 4/02/26,G,0,2026-01-23 11:21:03,131,2,000000,,,
2026,490,GMADA,2026-01-28 00:00:00,,,000SU,25,1110118000,65000.0,PROV.DUENDE AZUL PRESUP 2640 COMISION A LA PLATA POR REPUESTOS,G,0,2026-01-28 08:41:21,110,3,000000,,,
2026,453,GMADA,2026-01-23 00:00:00,,,GOB,2,1110102000,4600000.0,CORRESPONDE PREVISION COMBUSTIBLES DEL SALADO - SEC GOBIERNO,G,0,2026-01-23 12:23:31,110,SECGO,000000,,,
2026,516,GMADA,2026-01-29 00:00:00,,,CONTAD,19,1110112000,280000.0,"PRESUPUESTO DEL 29/01, SCIGLIANO DIEGO BELTRAN",G,0,2026-01-29 10:27:05,110,27,000000,,,
2026,493,GMADA,2026-01-28 00:00:00,,,000SU,25,1110118000,150000.0,PROV.BIGORITO LEONARDO PRESUP.0091 REPARACION PARA VW13180 HKO983,G,0,2026-01-28 09:00:05,110,3,000000,,,
2026,517,GMADA,2026-01-29 00:00:00,,,CAS,3,1110111000,300000.0,"CONTRATO ENERO-MARZO, OTERMOIN GERMAN CEFERINO",G,0,2026-01-29 11:17:05,131,6,000000,,,
2026,575,GMADA,2026-02-05 00:00:00,,,18C,25,1110118000,24550.0,PROV.ALPA PRESUP.3862 PARA CEMENTERIO,G,0,2026-02-05 08:06:04,110,7,000000,,,
2026,838,GMADA,2026-02-26 00:00:00,,,000SU,25,1110118000,424136.94,PROV.ESCANDINAVIA DEL PLATA PRESUP.20166 REPUESTO PARA CARGADORA SDLG 936 CII58,G,0,2026-02-26 07:58:09,110,3,000000,,,
2025,4472,GMADA,2025-09-04 00:00:00,,,SECSEG,20,1110113000,21768.52,"Alpa Madariaga, presupuesto 3761",G,0,2025-09-04 09:13:39,110,25,000000,,,
2025,3483,GMADA,2025-06-26 00:00:00,,,CULTUR,1,1110105000,80000.0,JOSE MANUEL ENZAGARAY    ENCUENTRO DE PAYADORES  11/07     EXPTE. N° 1811/25,G,0,2025-06-26 09:36:37,110,5,000000,,,
2025,4471,GMADA,2025-09-04 00:00:00,,,SECSEG,20,1110113000,528200.0,"Rodamientos Tuyu, presupuesto 3027 (ae704ax-oig911-nux030)",G,0,2025-09-04 09:09:40,110,25,000000,,,
2025,4474,GMADA,2025-09-04 00:00:00,,,SECSEG,20,1110113000,380200.0,"Baterias La Primera, presupuesto 6812 (kyv375-jwg930)",G,0,2025-09-04 09:21:29,110,25,000000,,,
2026,1034,GMADA,2026-03-12 00:00:00,,,SECSEG,20,1110113000,348500.0,"Rodamientos Tuyu, presupuesto 3044 ( AE704AW-LBN 155)",G,0,2026-03-12 09:20:41,110,25,000000,,,
2025,4473,GMADA,2025-09-04 00:00:00,,,SECSEG,20,1110113000,196200.0,"Baterias La Primera,presupuesto 6758-6790-42330",G,0,2025-09-04 09:18:02,110,25,000000,,,
2025,5346,GMADA,2025-11-27 00:00:00,,,BROM,11,1110104000,95842.6,AGROVET MARZULLO.BROMATOLOGIA Y ZOONOSIS. PRESUPUESTO Nº 0001-00001136.,G,0,2025-11-27 13:10:18,110,13,000000,,,
2025,4475,GMADA,2025-09-04 00:00:00,,,SECSEG,20,1110113000,42491.2,"Papelera Alpa, presupuesto 03754 (inspeccion)",G,0,2025-09-04 09:51:00,110,INSP,000000,,,
2026,1033,GMADA,2026-03-12 00:00:00,,,SECSEG,20,1110113000,210689.0,"Pintureria Todo Color, presupuesto 5946 ( matenimiento )",G,0,2026-03-12 09:04:06,110,25,000000,,,
2026,1035,GMADA,2026-03-12 00:00:00,,,SECSEG,20,1110113000,455500.0,"Rodamientos Tuyu, presupuesto 3033 ( OIG911-AE331IY-AB038FH)",G,0,2026-03-12 09:40:44,110,25,000000,,,
2026,1037,GMADA,2026-03-12 00:00:00,,,SECSEG,20,1110113000,459000.0,"Rodamientos Tuyu, presupuesto 3037(AB038FH-NUF386-OIG911-AE331IY  )",G,0,2026-03-12 10:07:12,110,25,000000,,,
2025,3775,GMADA,2025-07-14 00:00:00,,,HOSP,5,1110104000,218500.0,"SANTA PAULA - PRESUPUESTO N° 1-2081, 1-2087, 1-2088 Y 1-2089 (COCINA Y HOGAR DE ANCIANOS)",G,0,2025-07-14 13:53:02,131,2,000000,,,
2026,435,GMADA,2026-01-22 00:00:00,,,DEP,13,1110109000,461500.0,"COMBUSTIBLE DEL SALADO, VEHICULOS AB603TW/MKF817",G,0,2026-01-22 09:02:10,110,9,000000,,,
2026,601,GMADA,2026-02-09 00:00:00,,,ENV,7,1110106000,66000.0,"PRESUPUESTO N° X 1342396 de Garcia Mabel de ""PANADERIA ALEM""",G,0,2026-02-09 08:47:45,132,CASA,000000,,,
2026,437,GMADA,2026-01-22 00:00:00,,,CAS,3,1110111000,34567.97,"RENOVACION DE POLIZA, PCIA SEGUROS(33)",G,0,2026-01-22 09:42:50,131,6,000000,,,
2026,577,GMADA,2026-02-05 00:00:00,,,CULTUR,6,1110105000,53526.0,"Tatano Harisgarat, presupuesto 0001-00001038",G,0,2026-02-05 08:49:35,110,5,000000,,,
2026,590,GMADA,2026-02-06 00:00:00,,,DEP,13,1110109000,4800.0,Presupuesto N  00003866 ALPA,G,0,2026-02-06 12:05:08,110,9,000000,,,
2026,585,GMADA,2026-02-05 00:00:00,,,PLANRE,25,1110118000,236800.0,"RENOVACION DE ABONO DE ALARMAS,1° CUATRIMESTRE, EXPTE. 20/2025 Abono 6149 Galpones de Planta de Resiclado.",G,0,2026-02-05 11:24:53,110,PLANT,000000,,,
2026,593,GMADA,2026-02-06 00:00:00,,,DEP,13,1110109000,182177.0,Presupuesto N 5938 Pintureria Todo Color presupuesto N 5928 - MANTENIMIENTO GRAL DEL AREA DE DEPORTES,G,0,2026-02-11 08:52:19,110,9,000000,,,
2026,598,GMADA,2026-02-09 00:00:00,,,INGPU,19,1110112000,40000.0,Gomez Alberto Daniel,G,0,2026-02-09 08:26:02,110,1,000000,,,
2026,600,GMADA,2026-02-09 00:00:00,,,ENV,7,1110106000,12934.0,"PRESUPUESTO N° X 0002-00002957/2959 de Inocencio Cimos de ""FERRETERIA CIMOS"" Para el taller de carpintería y arreglos en la Casa del Adolescente",G,0,2026-02-09 08:46:08,132,CASA,000000,,,
2026,612,GMADA,2026-02-09 00:00:00,,,HOSP,5,1110104000,285000.0,Escudero Sergio Fabián,G,0,2026-02-09 12:05:17,110,1,000000,,,
2026,673,GMADA,2026-02-11 00:00:00,,,SECSEG,20,1110113000,110000.0,"Rodamientos Tuyu, presupuesto 3046 (AE704AX)",G,0,2026-02-11 11:25:12,110,25,000000,,,
2026,602,GMADA,2026-02-09 00:00:00,,,ACCSOC,7,1110106000,110000.0,"PRESUPUESTO N° X 1342398 de Gracia Gladys ""PANADERIA ALEM"" Esfuerzo Solidario 2026",G,0,2026-02-09 08:49:43,132,4,000000,,,
2026,671,GMADA,2026-02-11 00:00:00,,,SECSEG,20,1110113000,120000.0,"L.R.B bogado , presupuesto 01182 (AE704AW)",G,0,2026-02-11 11:12:04,110,25,000000,,,
2026,613,GMADA,2026-02-09 00:00:00,,,MA,3,1110103000,140000.0,Escudero Sergio Fabián,G,0,2026-02-09 12:09:16,110,21,000000,,,
2026,694,GMADA,2026-02-12 00:00:00,,,PROD,14,1110108000,1660000.0,PROV. COMBUSTIBLE DEL SALADO- SEC PRODUCCION- PREVISION,G,0,2026-02-12 09:52:26,110,8,000000,,,
2026,672,GMADA,2026-02-11 00:00:00,,,SECSEG,20,1110113000,120000.0,"L.R.B Bogado, presupuesto 1178 (KYV375)",G,0,2026-02-11 11:19:56,110,25,000000,,,
2026,764,GMADA,2026-02-20 00:00:00,,,SECSEG,20,1110113000,5838.0,"Electri Dannunzio, presupuesto 30183 (COM-tecnica)",G,0,2026-02-20 09:11:18,110,25,000000,,,
2026,674,GMADA,2026-02-11 00:00:00,,,SECSEG,20,1110113000,60000.0,L.R.B Bogado presupuesto 1180 (AF345SU),G,0,2026-02-11 11:30:04,110,25,000000,,,
2026,763,GMADA,2026-02-20 00:00:00,,,SECSEG,20,1110113000,225000.0,"Eduardo Fumega, presupuesto 540 ( comisaria de la mujer)",G,0,2026-02-20 09:05:35,110,25,000000,,,
2026,806,GMADA,2026-02-24 00:00:00,,,PRENS,2,1110102000,140000.0,Escobar Juan Carlos,G,0,2026-02-24 11:21:43,110,1,000000,,,
2026,870,GMADA,2026-02-28 00:00:00,,,COC,5,1110104000,1302038.0, MADA POY - PRESUPUESTO N° 0001-00000985/986  SEMANA DEL 26/02/2026 AL 5/03/2026,G,0,2026-02-28 10:33:39,131,2,000000,,,
2026,797,GMADA,2026-02-24 00:00:00,,,SECSEG,20,1110113000,1570000.0,"Frenos Madariaga, presupuesto 094 (AE 704 AW-LBN 155- JCH 069)",G,0,2026-02-24 08:45:22,110,25,000000,,,
2026,811,GMADA,2026-02-24 00:00:00,,,DEP,13,1110109000,10500000.0,Asociacion de Bomberos Voluntarios.Expte129-2026,G,0,2026-02-24 12:26:04,110,1,000000,,,
2026,824,GMADA,2026-02-25 00:00:00,,,CAS,3,1110111000,120004.4,"Durante Javier ,presupuesto 0001-00000853",G,0,2026-02-25 10:20:15,131,6,000000,,,
2026,839,GMADA,2026-02-26 00:00:00,,,OPP,3,1110103000,65000.0,Prov.:Eduardo Fumega - Presup.:543,G,0,2026-02-26 08:47:19,110,35,000000,,,
2026,851,GMADA,2026-02-26 00:00:00,,,HOSP,5,1110104000,6160000.0,"COMBUSTIBLES DEL SALADO. PREVISION DEL 16/02/26 AL 28/02/2026.VEHICULOS HOSPITAL MUNICIPAL.DOMINIOS EQM 605, FJX 453, KYV 365, JQS 879, AA 775 QW, PAA 334, AB 039 OI, AF 591 SU, AF 545 VGL, AF 548 KJ.",G,0,2026-02-26 15:38:24,131,2,000000,,,
2026,869,GMADA,2026-02-28 00:00:00,,,HOGANC,5,1110104000,102810.0,MADA POY S.A- PRESUPUESTO N° 0001-00000983 DESDE EL 24/02/26 AL 3/03/26,G,0,2026-02-28 10:27:30,131,2,000000,,,
2026,872,GMADA,2026-02-28 00:00:00,,,HOGANC,5,1110104000,50800.0,SANTA PAULA- PRESUPUESTO N° 0001-00002188 (SEMANA  DEL 23/02/26 AL 2/03/26),G,0,2026-02-28 10:49:46,131,2,000000,,,
2026,886,GMADA,2026-03-02 00:00:00,,,ACCSOC,7,1110106000,2187500.0,"PRESUPUESTO N º X 6926954 de Rost, Tamara de ""FRUTERIA NEGRIN"" Plan Alimentario 2026",G,0,2026-03-02 11:42:48,132,4,000000,,,
2026,871,GMADA,2026-02-28 00:00:00,,,HOGANC,5,1110104000,36000.0,SANTA PAULA- PRESUPUESTO N° 0001-00002184 (SEMANA DEL 26/02/26 AL 23/02/26),G,0,2026-02-28 10:40:59,131,2,000000,,,
2026,882,GMADA,2026-03-02 00:00:00,,,ACCSOC,7,1110106000,4204784.0,"Expte N° 604/2026 Contrato: Sra. Suaréz Acevedo, Sheila,  Psicóloga Servicio Local - No cumple con el Art. 45 de la Ley 14.656",G,0,2026-03-02 10:23:38,131,4,000000,,,
2026,873,GMADA,2026-02-28 00:00:00,,,COC,5,1110104000,561250.0,TODO POLLO - PRESUPUESTO N° 79 (SEMANA DEL 19/02/26 AL 26/02/26),G,0,2026-02-28 10:55:09,131,2,000000,,,
2026,884,GMADA,2026-03-02 00:00:00,,,JARD,7,1110106000,68767.02,"PRESUPUESTO N° 0003-00003595 de ""PINTURERIA CONCEPTO S. CAP I"" Para pintar frente de la Casa del Adolescente",G,0,2026-03-02 11:21:22,132,CASA,000000,,,
2026,959,GMADA,2026-03-06 00:00:00,,,FARM,5,1110104000,473237.9,DROGUERIA PERDOMINICI- PRESUPUESTO N° 4/03/26,G,0,2026-03-06 09:02:04,131,2,000000,,,
2026,931,GMADA,2026-03-05 00:00:00,,,HOSP,5,1110104000,255966.48,PRESUPUESTO 167212 GLOBAL TONER PARA OFICINA FACTURACION - OFICINA ESTADISTICA - DIRECCION MEDICA - DIRECION ADMINISTRATIVA - INTERNACION - GUARDIA ADULTO - GUARDIA PEDIATRICA - OFICINA DE PERSONAL - CONSULTORIOS EXTERNOS - CAPS BELGRANO - CAPS SAN MARTIN  - CAPS NORTE - CAPS QUINTANILLA,G,0,2026-03-16 12:45:47,131,2,000000,,,
2026,935,GMADA,2026-03-05 00:00:00,,,QUI,5,1110104000,27520000.0,EXPEDIENTE 2545/26 CONTRATO  DEL 01/03/26 AL 30/03/2026 BUGIOLACHI JORGE  GUARDIAS ANESTESIA,G,0,2026-03-05 09:52:08,131,2,000000,,,
2026,957,GMADA,2026-03-06 00:00:00,,,HOGANC,5,1110104000,38298.5,ALPA- PRESUPUESTO N° 0002-00003885,G,0,2026-03-06 10:06:58,131,H.ANC,000000,,,
2026,961,GMADA,2026-03-06 00:00:00,,,BANOR,5,1110104000,140000.0,AC REFRIGERACION DE ADOLFO CATALDO E HIJOS - PRESUPUESTO N° 379,G,0,2026-03-06 09:52:28,131,31,000000,,,
2026,960,GMADA,2026-03-06 00:00:00,,,INTER,5,1110104000,89083.4,ELECTRO D ANNUNZIO- PRESUPUESTO N° 23/02/26,G,0,2026-03-06 09:34:20,131,2,000000,,,
2026,965,GMADA,2026-03-06 00:00:00,,,HOGANC,5,1110104000,18800.0,SANTA PAULA- PRESUPUESTO N° 0001-00002190/2191 (DESDE 3/03 HASTA EL 10/03/26),G,0,2026-03-13 09:22:19,131,H.ANC,000000,,,
2026,968,GMADA,2026-03-06 00:00:00,,,HOSP,5,1110104000,90778.92,ALPA- PRESUPUESTO N° 0002-00003886/3887 (FACTURACION- INTERNACION- COCINA),G,0,2026-03-06 12:01:59,131,2,000000,,,
2026,969,GMADA,2026-03-06 00:00:00,,,LAB,5,1110104000,417597.28,RADIOGRAFICAOESTE - PRESUPUESTO N° 100053327,G,0,2026-03-06 12:38:55,131,2,000000,,,
2025,4622,GMADA,2025-09-15 00:00:00,,,HOGANC,5,1110104000,337619.99,"JAVIER DURANTE, N° PRESUP 0001-00000754.COCINA HOGAR DE ANCIANOS.",G,0,2025-09-16 08:49:51,131,H.ANC,000000,,,
2025,4098,GMADA,2025-08-06 00:00:00,,,ACCSOC,7,1110106000,70590000.0,Licitación Agosto 2025,G,0,2025-08-06 07:55:33,110,4,000000,,,
2025,4358,GMADA,2025-08-26 00:00:00,,,HOSP,5,1110104000,110000.0,"L.R.B. Leandro R Bogado. ELECT AUTOM PESADO.Presupuestos Nº 1113,1119. FORD RANGER KYV 372 MANTENIMIENTO HOSPITAL.",G,0,2025-08-26 08:32:16,131,2,000000,,,
2025,4621,GMADA,2025-09-15 00:00:00,,,HOSP,5,1110104000,225602.39,"JAVIER DURANTE, N° 0001-00000755.JORNADA COLOSTOMIA.",G,0,2025-09-16 08:48:09,131,2,000000,,,
2025,5013,GMADA,2025-10-22 00:00:00,,,GRAN,7,1110106000,93000.0,"PRESUPUESTO N° 00000148 de LLuis Lombardia de ""MOTOMAQUINARIAS LUIS"" Para realizar mantenimiento en la granja de contención",G,0,2025-10-22 11:55:44,110,GRAN,000000,,,
2025,4627,GMADA,2025-09-15 00:00:00,,,HOGANC,5,1110104000,83883.19,"PINAMAR HIGIENE INSTITUCIONAL SRL, N° PRESUP 0016-00001981",G,0,2025-09-15 12:09:04,131,H.ANC,000000,,,
2026,171,GMADA,2026-01-07 00:00:00,,,TURIS,6,1110105000,28667.45,"Alpa - Matienza, Paola - Materiales oficina - Presupuesto 3847",G,0,2026-01-07 12:26:13,110,TURIS,000000,,,
2026,1006,GMADA,2026-03-10 00:00:00,,,SALA I,5,1110104000,100000.0,PRESUPUESTO 000378  CATALDO ADOLFO SERVICE + LIMPIEZA AIRE ACONDICIONADO SALA TOMOGRAFO,G,0,2026-03-10 10:44:03,131,2,000000,,,
2025,2895,GMADA,2025-05-21 00:00:00,,,MEAM,25,1110118000,210000.0,PROV. AUDINE ALQUILER  DE BAÑOS QUIMICOS PARA LAGUNA EL CARBON POR 2 MESES MAYO JUNIO,G,0,2025-05-21 09:25:51,110,,000000,,,
2025,2884,GMADA,2025-05-21 00:00:00,,,GRAN,7,1110106000,102400.0,"PRESUPUESTO N° 0014-00232474-PAPELERA ""LAS TRES MARÍAS"". Para la granjda de contención",G,0,2025-05-21 12:31:50,110,GRAN,000000,,,
2025,2907,GMADA,2025-05-21 00:00:00,,,000SU,25,1110118000,7614000.0,PROV. CASA ELICEIRY GAS OIL PARA MAQUINAS Y CAMIONES DE ESTA SECRETARIA,G,0,2025-05-21 11:13:01,132,3,000000,,,
2025,2892,GMADA,2025-05-21 00:00:00,,,MEAM,25,1110118000,210000.0,PROV. AUDINE BAÑOS QUIMICOS ALQUILER DE 1 BAÑO QUIMICO PARA LAGUNA LA LARGA POR 2 MESES MAYO JUNIO,G,0,2025-05-21 09:10:15,110,,000000,,,
2025,2951,GMADA,2025-05-23 00:00:00,,,INT,1,1110101000,57900.0,Corresponde presupuesto N° 381 - Lombardi Martin,G,0,2025-05-23 07:29:22,110,1,000000,,,
2025,2902,GMADA,2025-05-21 00:00:00,,,BARU,25,1110118000,210000.0,PROV. AUDINE ALQUILER DE BAÑOS QUIMICOS PARA PREDIO DISPOSICION FINAL RUTA 11 KM 405.5  POR 3 MESES MAYO Y JUNIO,G,0,2025-05-21 10:19:36,110,,000000,,,
2025,2950,GMADA,2025-05-23 00:00:00,,,DMACED,2,1110102000,292800.0,Corresponde presupuesto N° 0002-00002647 CIMOS INOCENCIO - DELEGACION MACEDO,G,0,2025-05-26 11:46:16,110,DMACE,000000,,,
2025,2908,GMADA,2025-05-21 00:00:00,,,000SU,25,1110118000,57184.38,PROV. CENTRO HIERRO PRESUP.6681 CHAPA PARA REPARACION DE CAMION MERCEDES 1114 TGL092,G,0,2025-05-21 11:32:22,110,3,000000,,,
2025,2978,GMADA,2025-05-26 00:00:00,,,000SU,25,1110118000,1476200.0,PROV.VIEJO PETRO PRESUP.6 DE MAYO 2025  REPARACION PARA FORD 14000 SOG742,G,0,2025-05-26 09:23:13,110,,000000,,,
2025,2977,GMADA,2025-05-26 00:00:00,,,000SU,25,1110118000,1437720.0,"PROV.ALFIO DISTEFANO PRESUP.078-9072, 078-9073 PARA PALA CARGADORA SDLG CII58 Y  PALA FIAT ALLIS RG140",G,0,2025-05-26 08:44:55,110,3,000000,,,
2025,2983,GMADA,2025-05-26 00:00:00,,,000SU,25,1110118000,1212545.0,PROV. LS-PROTEC SRL  GUANTES PARA PERSONAL DE ESTA SECRETARIA,G,0,2025-05-26 09:58:53,110,3,000000,,,
2025,2992,GMADA,2025-05-27 00:00:00,,,000SU,25,1110118000,384175.0,PROV. EL SUREÑO PRESUP.0583 TUBOS PARA ENTRADA DE CALLE ILLIA Y 110,G,0,2025-05-27 09:40:17,110,3,000000,,,
2025,2980,GMADA,2025-05-26 00:00:00,,,000SU,25,1110118000,6068224.5,PROV.CANTERA YARAVI  POLVO DE PIEDRA PARA MEJORADO DE CALLES BARRIO SAN MARTIN B,G,0,2025-05-26 09:31:32,110,3,000000,,,
2025,2988,GMADA,2025-05-27 00:00:00,,,000SU,25,1110118000,615000.0,"PROV. MORALES ROCIO PRESUP.27/5/2025 REPUESTOS PARA CAMION FIAT ALLIS RG140, FORD 14000ASZ490, AWK675 MERCEDES BENZ 1114 UYW682,",G,0,2025-05-27 08:06:03,110,3,000000,,,
2025,2984,GMADA,2025-05-26 00:00:00,,,000SU,25,1110118000,1382427.67,"PROV. MERCEDES LA PLATA PRESUP.176827 REPUESTOS PARA MERCEDES BENZ 1114 XNE244,UQV265, VW 17220 LED013, FORD 14000 DMI232",G,0,2025-05-28 10:01:26,110,3,000000,,,
2025,3294,GMADA,2025-06-13 00:00:00,,,000SU,25,1110118000,156700.0,PROV.TERRANOVA QUIMICA PRESUP.0924 PARA FUENTE DEL BICENTENARIO,G,0,2025-06-13 07:51:15,110,3,000000,,,
2025,3036,GMADA,2025-05-29 00:00:00,,,AREAJ,2,1110102000,840590.0,Brasas Juan Ignacio-Apicola Mar del Plata,G,0,2025-05-29 08:32:25,110,23,000000,,,
2025,3287,GMADA,2025-06-12 00:00:00,,,AREAJ,2,1110102000,186319.68,"PRESUPUESTO 11-6737, CALABRO JORGE GUILLERMO,EXPTE. 1650/25",G,0,2025-06-12 12:50:44,110,23,000000,,,
2025,3293,GMADA,2025-06-13 00:00:00,,,000SU,25,1110118000,181700.0,"PROV.DANIEL ZUBIARRAIN PRESUP.3010,3011 REPUESTOS PARA  CITROEN C15 CAR748, RANGER INI856,",G,0,2025-06-13 07:24:05,110,3,000000,,,
2025,3305,GMADA,2025-06-13 00:00:00,,,000SU,25,1110118000,5076000.0,PROV. CASA ELICEIRY GAS OIL PARA MAQUINAS Y VEHICULOS DE ESTA SECRETARIA,G,0,2025-06-13 11:17:27,132,3,000000,,,
2025,3401,GMADA,2025-06-23 00:00:00,,,GOB,2,1110102000,248200.0,Corresponde presupuesto N° 1790 - AVELLANEDA 7163,G,0,2025-06-23 08:01:18,110,SECGO,000000,,,
2025,3295,GMADA,2025-06-13 00:00:00,,,BARU,25,1110118000,612200.0,PROV.ALFIO DISTEFANO PRESP.078-9074 REPARACION DE MOTONIVELADORA KLIA R.O517,G,0,2025-06-13 08:00:38,110,,000000,,,
2025,3399,GMADA,2025-06-23 00:00:00,,,AREAJ,2,1110102000,43197.0,Corresponde presupuesto n° 00028494 - Dannunzio,G,0,2025-06-23 07:36:17,110,23,000000,,,
2025,3441,GMADA,2025-06-25 00:00:00,,,CAS,3,1110111000,152400.0,"PRESUPUESTO 571, CAROLINA NOWE",G,0,2025-06-25 07:16:25,131,6,000000,,,
2025,3400,GMADA,2025-06-23 00:00:00,,,INT,1,1110101000,59500.0,Corresponde presupuesto N° 00028493 - Suc. Dannunzio,G,0,2025-06-23 07:39:01,110,1,000000,,,
2025,3428,GMADA,2025-06-24 00:00:00,,,HOSP,5,1110104000,630000.0,"Copia de 2025/216 POLIZA 166803, SEGURO TECNICO EQUIPOS HOSP,DIFERENCIA",G,0,2025-06-24 09:22:26,131,2,000000,,,
2025,3436,GMADA,2025-06-24 00:00:00,,,CONTRA,19,1110112000,896498.0,"PRESUPUESTO 023, LO COCO MARCELO",G,0,2025-06-24 12:28:44,110,CONTR,000000,,,
2025,3443,GMADA,2025-06-25 00:00:00,,,DELRU,2,1110102000,112200.0,"PRESUPUESTO 14881/14863, IRIARTE RAUL ALBERTO",G,0,2025-06-25 07:28:33,110,24,000000,,,
2025,3659,GMADA,2025-07-07 00:00:00,,,GOBHAC,2,1110102000,100282.0,"Suc. Dannunzio ,presupuesto 00028595.Oficina Centro Civico Ex Juzgado.",N,0,2025-07-14 07:39:16,110,1,000000,,,
2025,3442,GMADA,2025-06-25 00:00:00,,,MAYOR,2,1110102000,83000.0,"PRESUPUESTO14852, IRIARTE RAUL ALBERTO",G,0,2025-06-25 07:21:53,110,37,000000,,,
2025,3468,GMADA,2025-06-26 00:00:00,,,FARM,5,1110104000,262856.0,PILOÑA- PRESUPUESTO N° 1633298 (FARMACIA),G,0,2025-06-26 08:03:01,131,2,000000,,,
2025,3497,GMADA,2025-06-26 00:00:00,,,DIR,5,1110104000,322866.34,MUNDIAL 2022- PRESUPUESTO S/N° MEDICAMENTOS DISPENSADOS DESDE EL 11/06/2025 AL 25/06/2025,G,0,2025-06-26 12:38:39,131,2,000000,,,
2025,3655,GMADA,2025-07-07 00:00:00,,,DIRINF,22,1110115000,55000.0,"Suc. de Dannunzio ,presupuesto 00028600",G,0,2025-07-07 08:13:47,110,1,000000,,,
2025,3701,GMADA,2025-07-08 00:00:00,,,PROD,14,1110108000,150000.0,"PRESUPUESTO 11, GOEZ CARROZZO ALEJANDRO FERMIN",G,0,2025-07-08 12:54:01,110,8,000000,,,
2025,3682,GMADA,2025-07-07 00:00:00,,,MAYOR,2,1110102000,2400.0,"Cimos Inocencio ,presupuesto 0002-00002719",G,0,2025-07-07 12:30:17,110,1,000000,,,
2025,3735,GMADA,2025-07-11 00:00:00,,,PROD,14,1110108000,1500000.0,PROV.SUPERMERCADO ANDRES PONSA S.A. PRESU.- SEC. PRODUCCION- PREVISION,G,0,2025-07-11 09:43:29,110,8,000000,,,
2025,3692,GMADA,2025-07-08 00:00:00,,,SECSEG,20,1110113000,77200.0,"Ivanper, presupuesto 6921 (ae331iy)",G,0,2025-07-08 09:37:12,110,25,000000,,,
2025,3691,GMADA,2025-07-08 00:00:00,,,SECSEG,20,1110113000,232237.0,"Ivanper, presupuesto 6795 (ae704ax)",G,0,2025-07-08 09:30:12,110,25,000000,,,
2025,3848,GMADA,2025-07-18 00:00:00,,,HOGANC,5,1110104000,29853.02,BAZAR DEL GASTRONOMICO- PRESUPUESTO N° 6-00007230 (COCINA DEL HOGA DE ANCIANOS),G,0,2025-07-18 09:27:39,131,2,000000,,,
2025,3707,GMADA,2025-07-10 00:00:00,,,TURIS,6,1110105000,36000.0,"PRESUPUESTO 053, PEDROCHE OSVALDO",G,0,2025-07-10 08:48:42,110,14,000000,,,
2025,3731,GMADA,2025-07-11 00:00:00,,,TACOS,14,1110108000,1100000.0,"POLIZA 56/006528, SEGUROS RIVADAVIA",G,0,2025-07-11 08:22:17,110,8,000000,,,
2025,3712,GMADA,2025-07-10 00:00:00,,,DIRTUR,2,1110102000,493125.69,"PRESUPUESTO 11-6881, CALABRO JORGE GUILLERMO",G,0,2025-07-10 11:28:00,110,14,000000,,,
2025,3744,GMADA,2025-07-11 00:00:00,,,CAS,3,1110111000,1194534.75,"PRESUPUESTO 2449, PROTO S.R.L",G,0,2025-07-11 12:26:31,131,6,000000,,,
2025,3767,GMADA,2025-07-14 00:00:00,,,INTIM,19,1110112000,440594.65,"PRESUPUESTO 1-453390,GRUPO NUCLEO",G,0,2025-07-14 09:21:12,110,INGPU,000000,,,
2025,3847,GMADA,2025-07-18 00:00:00,,,HOSP,5,1110104000,430000.0,PHOYU MARIA ALCIRA- PRESUPUESTO N° 16/07/2025,G,0,2025-07-18 09:16:12,131,2,000000,,,
2025,3853,GMADA,2025-07-18 00:00:00,,,HOSP,5,1110104000,105000.0,MARZULLO COMPUTACION- PRESUPUESTO N° 18/07/2025 (INFORMATICA),G,0,2025-07-18 10:08:54,131,2,000000,,,
2025,4899,GMADA,2025-10-08 00:00:00,,,DEP,13,1110109000,23650000.0,Expte. N° 1906/2025 JUEGOS BONAERENSES 2025. PROV. CENTRALES ASOCIADO DE TURISMO S.A,G,0,2025-10-08 12:16:15,132,9,000000,,,
2025,3849,GMADA,2025-07-18 00:00:00,,,HOSP,5,1110104000,72300.0,SYSTEC COMPUTACION- PRESUPUESTO N° 739 (INFORMATICA),G,0,2025-07-18 09:56:16,131,2,000000,,,
2025,3856,GMADA,2025-07-18 00:00:00,,,HOSP,5,1110104000,127000.0,LOPEZ LEONARDO - PRESUPUESTO S/N FECHA 17/7/25 (2),G,0,2025-07-18 11:12:00,131,2,000000,,,
2025,3861,GMADA,2025-07-18 00:00:00,,,BROM,11,1110104000,342000.0,HISPANOGRAF- PRESUPUESTO N° 1810 (BROMATOLOGIA),G,0,2025-07-18 12:14:37,110,13,000000,,,
2025,3864,GMADA,2025-07-18 00:00:00,,,PENS,5,1110104000,200000.0,EDUARDO FUMEGA- PRESUPUESTO N° 479 (INTERNACION),G,0,2025-07-18 12:18:30,131,2,000000,,,
2025,4894,GMADA,2025-10-08 00:00:00,,,SECSEG,20,1110113000,130000.0,"Gomeria V+B, presupuesto 0710-0709-0708-0707-0706-0704-0702-0701-0699-0698-0696-0695-0690-0689-0688-0692-0693-069)",G,0,2025-10-08 11:36:06,110,25,000000,,,
2025,3865,GMADA,2025-07-18 00:00:00,,,HOSP,5,1110104000,180000.0,EDUARDO FUMEGA- PRESUPUESTO N° 478,G,0,2025-07-18 12:20:46,131,2,000000,,,
2025,5431,GMADA,2025-12-12 00:00:00,,,OPP,3,1110103000,3770468.59,Exp.:253/21 Sol. revisión de la instalación de gas - Prov.:Corralon Flores - Presup.:27324; 27326,G,0,2025-12-12 07:43:51,110,35,000000,,,
2025,4896,GMADA,2025-10-08 00:00:00,,,SECSEG,20,1110113000,80000.0,"Gomeria V+B, presupuesto 0705-0703-0697-0691-0687",N,0,2025-10-08 11:40:36,110,25,000000,,,
2025,5427,GMADA,2025-12-11 00:00:00,,,HOSP,5,1110104000,132820.0,PROVEDURIA LA ILUSION. MARINA IRENE PINILLA. PRESUPUESTO. COCINA HOSPITAL.,G,0,2025-12-11 09:04:55,131,2,000000,,,
2025,5428,GMADA,2025-12-11 00:00:00,,,BROM,11,1110104000,39900.0,AGROVET MARZULLO. PRESUPUESTO Nº 0001-00001149.BROMATOLOGIA.,G,0,2025-12-11 09:13:47,110,13,000000,,,
2025,3693,GMADA,2025-07-08 00:00:00,,,SECSEG,20,1110113000,80360.0,"Ivanper, presupuesto 6727",G,0,2025-07-08 09:45:22,110,25,000000,,,
2025,5230,GMADA,2025-11-12 00:00:00,,,00003,25,1110118000,441500.0,"Suarez Juan Manuel,presupuesto 000000093",G,0,2025-11-12 09:58:49,110,3,000000,,,
2025,5235,GMADA,2025-11-12 00:00:00,,,CONTRA,19,1110112000,548768.5,"Correa Lorente Juan Martín,presupuesto 0001-000000059",G,0,2025-11-12 10:43:58,110,1,000000,,,
2025,5231,GMADA,2025-11-12 00:00:00,,,00003,25,1110118000,61300.0,"Ramos Osvaldo e Isidro Juan Carlos.Bateria La Primera ,presupuesto 6825,6896.Dominio Mercede Benz Sprinter EQM 607",G,0,2025-11-12 10:06:41,110,3,000000,,,
2025,3891,GMADA,2025-07-22 00:00:00,,,BARU,25,1110118000,93343.24,PROV.ELECTRO  DANNUNZIO PRESUP.28719 ATICULOS DE ELECTRICIDAD PARA INSLATACION EN PREDIO DISPOSICION FINAL RUTA 11 KM 405.5,N,0,2025-07-25 10:08:59,110,3,000000,,,
2025,3644,GMADA,2025-07-04 00:00:00,,,ENV,7,1110106000,1020000.0,"Expte N° 1913/2025 Contrato Lopéz, Luis Miguel. No cumple con el Art. 45 de la Ley 14.656",G,0,2025-07-07 07:37:59,110,CASA,000000,,,
2025,3894,GMADA,2025-07-22 00:00:00,,,BARU,25,1110118000,96196.57,PROV. ADRENALINA-RENT S.A PRESUP.16796 ARTICULOS DE CONTRUCCION PARA  PILAR DE LUZ EN PEDRIOS DISPOSICION FINAL,G,0,2025-07-22 08:45:16,110,3,000000,,,
2025,4117,GMADA,2025-08-06 00:00:00,,,GOBHAC,2,1110102000,400000.0, Mada -Poy .Expte. 2343/2025 Visita Unión Industrial Argentina,G,0,2025-08-06 10:45:01,110,1,000000,,,
2025,3297,GMADA,2025-06-13 00:00:00,,,TURIS,6,1110105000,988500.0,Avellaneda 7163 - Hispanograf pres 1765-mantenimiento carteleria historica,G,0,2025-06-13 09:53:22,110,TURIS,000000,,,
2025,3826,GMADA,2025-07-17 00:00:00,,,CASA,1,1110105000,21000.0,HISPANOGRAF    PRESUPUESTO N° 1806,G,0,2025-07-17 07:17:08,110,CACUL,000000,,,
2025,3983,GMADA,2025-07-29 00:00:00,,,AREAJ,2,1110102000,500000.0,"PRESUPUESTO 3084, ALEGRE ALBERTO, EXPTE. 1649/25",G,0,2025-07-29 07:58:13,110,23,000000,,,
2025,3991,GMADA,2025-07-29 00:00:00,,,CAS,3,1110111000,280500.0,"CONTRATO DEL 23/07/2025, OTERMIN CEFERINO GERMAN",G,0,2025-07-29 09:55:47,131,6,000000,,,
2025,4115,GMADA,2025-08-06 00:00:00,,,GOBHAC,2,1110102000,200000.0,Scigliano Diego Expte 2343/2025 Visita  Unión  Industrial Argentina,G,0,2025-08-06 10:45:31,110,1,000000,,,
2025,4118,GMADA,2025-08-06 00:00:00,,,GOBHAC,2,1110102000,200000.0,Pinilla Expte 2343/2025 Visita  Unión  Industrial Argentina,G,0,2025-08-06 10:49:18,110,1,000000,,,
2025,4121,GMADA,2025-08-06 00:00:00,,,GOBHAC,2,1110102000,200000.0,Maiolo  Isabel Expte 2343/2025 Visita  Unión  Industrial Argentina,G,0,2025-08-06 10:51:59,110,1,000000,,,
2025,4119,GMADA,2025-08-06 00:00:00,,,GOBHAC,2,1110102000,200000.0,Bonomi  Isabel Expte 2343/2025 Visita  Unión  Industrial Argentina,G,0,2025-08-06 10:50:11,110,1,000000,,,
2025,4136,GMADA,2025-08-07 00:00:00,,,COC,5,1110104000,94800.0,SANTA PAULA- PRESUPUESTO N° 0001-00002090 (COCINA),G,0,2025-08-07 10:20:45,131,2,000000,,,
2025,4124,GMADA,2025-08-06 00:00:00,,,TURIS,6,1110105000,1800000.0, Expte.2285/2025 .Salvarezza Celina.,G,0,2025-08-06 11:55:29,110,14,000000,,,
2025,4125,GMADA,2025-08-06 00:00:00,,,CAS,3,1110111000,178000.0,"Ivanper ,presupuesto 00007115",G,0,2025-08-06 12:16:26,131,6,000000,,,
2025,3897,GMADA,2025-07-22 00:00:00,,,SECSEG,20,1110113000,65000.0,"Eduardo Fumega, presupuesto 482 (trabajo realizado en comisaria comunal)",G,0,2025-07-22 09:27:16,110,25,000000,,,
2025,3900,GMADA,2025-07-22 00:00:00,,,ACCSOC,7,1110106000,830000.0,"presupuesto "" Casa Meoqui"". Sepelio  Brandariz Juan Carlos",G,0,2025-07-22 10:18:46,110,4,000000,,,
2025,3898,GMADA,2025-07-22 00:00:00,,,SECSEG,20,1110113000,50000.0,"Eduardo Fumega, presupuesto 489 ( trabajo en el COM)",G,0,2025-07-22 09:32:52,110,25,000000,,,
2025,4094,GMADA,2025-08-06 00:00:00,,,AREAJ,2,1110102000,990000.0,"PRESUPUESTO 0000, MELON GIL MARIA ELENA",G,0,2025-08-06 07:28:54,132,23,000000,,,
2025,4056,GMADA,2025-08-04 00:00:00,,,CAS,3,1110111000,2045200.0,"PRESUPUESTO 078-9125, DISTEFANO ALFIO",G,0,2025-08-04 12:08:09,131,6,000000,,,
2025,3924,GMADA,2025-07-23 00:00:00,,,HOSP,5,1110104000,1307841.99,"PINAMAR HIGIENE INSTITUCIONAL SRL- PRESUPUESTO N° 0016-00001878/1892/1894 (LAVADERO, COCINA, INTERNACION)",G,0,2025-07-23 12:32:21,131,2,000000,,,
2025,4079,GMADA,2025-08-05 00:00:00,,,HOSP,5,1110104000,22800.0,HISPANOGRAF. PRESUPUESTO Nº 1819.OFICINA 107.,G,0,2025-08-05 09:13:54,131,2,000000,,,
2025,4062,GMADA,2025-08-05 00:00:00,,,GOBHAC,2,1110102000,776000.0,"PRESUPUESTO 153, EMPRESA 12 DE OCTUBRE",G,0,2025-08-05 07:21:55,110,1,000000,,,
2025,4092,GMADA,2025-08-06 00:00:00,,,AREAJ,2,1110102000,200000.0,"PRESUPUESTO 000, MORALES ALEJANDRO,EXPTE. 1649/25",G,0,2025-08-06 07:17:52,110,23,000000,,,
2025,4269,GMADA,2025-08-18 00:00:00,,,ACCSOC,7,1110106000,510717.6,"Expte N° 2373/2025 Contrato Abogada: Benitez Gauna , Tatiana . Equipo de violencia de género. No cumple con el Ar. 45 de la Ley 14.656",G,0,2025-08-19 08:29:12,131,4,000000,,,
2025,4176,GMADA,2025-08-11 00:00:00,,,OPP,3,1110103000,387956.85,Exp.:1485/25 Ref. Acta de Entrega y de Constatación de Inmueble - Juzgado de Paz Letrado Gral. Madariaga - Prov.:Pintureria Concepto - Presup.:2459;2445,G,0,2025-08-11 07:55:48,110,35,000000,,,
2025,4095,GMADA,2025-08-06 00:00:00,,,AREAJ,2,1110102000,500000.0,"PRESUPUESTO DEL 05/08,BRAVO",G,0,2025-08-06 07:32:19,110,23,000000,,,
2025,4200,GMADA,2025-08-12 00:00:00,,,000002,24,1110117000,8000000.0,Corresponde Expte N° 2206/2025 - MONTOYA ELSA GLADYS,G,0,2025-08-12 08:48:31,110,ASLEG,000000,,,
2025,4183,GMADA,2025-08-11 00:00:00,,,OPP,3,1110103000,303831.0,Exp.:1811/21 PREIMBA- PROYECTO PARQUE DE LA ESTACIÓN - Prov.:Casa Harisgarat - Presup.:01199;01200;01203,G,0,2025-08-11 10:18:58,110,35,000000,,,
2025,4268,GMADA,2025-08-18 00:00:00,,,JARD,7,1110106000,113213.2,"PRESUPUESTO N° 00005505 de Silvia Beatriz Masitegui de ""PINTURERIA - FERRETERIA TODO COLOR"" Para arreglos varios en la casita de chocolate (colocar  cambiador de pañales, arreglo puerta de entrada, hacer estanterías y percheros)",G,0,2025-08-18 10:17:35,132,JARDM,000000,,,
2025,4459,GMADA,2025-09-03 00:00:00,,,000SU,25,1110118000,159000.0,PROV. ADRIAN OLIVERA PRESUP.03/09/2025 GARRAFA PARA CEMENTERIO,G,0,2025-09-03 11:28:02,110,7,000000,,,
2025,4449,GMADA,2025-09-03 00:00:00,,,000SU,25,1110118000,2251864.42,"PROV. MERCEDES LA PLATA PRESUP.81515 REPUETOS PARA  IVECO PJY978, CARGADORA SDLG 936 CII958, FORD 14000 DMI 232, MOTONIVELADORA NEW HOLLAND CII59",G,0,2025-09-03 08:48:17,110,3,000000,,,
2025,2954,GMADA,2025-05-23 00:00:00,,,HOSP,5,1110104000,391004.86,MAXIMO PINASCO S.A- PRESUPUESTO N° 1000363141  DOMINIO: AF591SU,G,0,2025-05-30 08:27:11,131,2,000000,,,
2025,2944,GMADA,2025-05-22 00:00:00,,,GOB,2,1110102000,12600.0,Corresponde presupuesto N° 0002-00002644 CIMOS,G,0,2025-05-23 12:42:29,110,SECGO,000000,,,
2025,2964,GMADA,2025-05-23 00:00:00,,,HOSP,5,1110104000,886408.96,MUNDIAL 2022- PRESUPUESTO S/N° MEDICAMENTOS DISPENSADOS DESDE EL 30/04/2025 AL 9/05/2025,G,0,2025-05-23 09:33:06,131,2,000000,,,
2025,2957,GMADA,2025-05-23 00:00:00,,,HOSP,5,1110104000,152000.0,AVICOLA DEL TUYU DE VICTOR ANDERS- PRESUPUESTO N° 0008-00002591/2592,G,0,2025-05-23 08:36:37,131,2,000000,,,
2025,3266,GMADA,2025-06-11 00:00:00,,,SECSEG,20,1110113000,208700.0,"Rodamientos TUYU, presupuesto 3013 (ae704aw, aw704ax)",G,0,2025-06-11 10:36:25,110,25,000000,,,
2025,3265,GMADA,2025-06-11 00:00:00,,,SECSEG,20,1110113000,141500.0,"Rodamientos TUYU, presupuesto 3014 (AE331IY-AB038FG-OIG911)",G,0,2025-06-11 10:28:16,110,25,000000,,,
2025,3331,GMADA,2025-06-17 00:00:00,,,GOB,2,1110102000,6020645.4, CORRESPONDE PRESUPUESTO ZAPHIRA- GOBIERNO 3 PEDIDO,G,0,2025-06-17 11:49:58,110,SECGO,000000,,,
2025,3300,GMADA,2025-06-13 00:00:00,,,CONTRA,19,1110112000,171000.0,"PL3,presupuesto 0014-00234234",G,0,2025-06-13 10:52:36,110,1,000000,,,
2025,3324,GMADA,2025-06-17 00:00:00,,,AREAJ,2,1110102000,493850.0,Corresponde presupuesto Lombardi Martin- CIC QUINTANILLA,G,0,2025-06-17 10:51:27,110,CICQ,000000,,,
2025,4709,GMADA,2025-09-23 00:00:00,,,COC,5,1110104000,12000.0,SANTA PAULA - PRESUPUESTO N° 1-2117 (COCINA HOSPITAL),G,0,2025-09-23 13:32:35,131,2,000000,,,
2025,3980,GMADA,2025-07-28 00:00:00,,,DELRU,2,1110102000,6000000.0, Fgc Fuels Marketing,G,0,2025-07-28 12:38:51,110,1,000000,,,
2025,3990,GMADA,2025-07-29 00:00:00,,,GOBHAC,2,1110102000,3107550.0,Chalita Nicolas Antonio.Expte. 1649/25 Días de las Infancias.,G,0,2025-07-29 09:57:37,110,1,000000,,,
2025,3986,GMADA,2025-07-29 00:00:00,,,GOBHAC,2,1110102000,677400.0,"Hobaica David,festejos por el Día de las Infancias.Expte. 1649/25",G,0,2025-07-29 08:44:30,110,1,000000,,,
2025,4057,GMADA,2025-08-04 00:00:00,,,GOBHAC,2,1110102000,28300.0,"Iriarte Raúl,presupuesto 15258,15259.",G,0,2025-08-04 12:31:58,110,1,000000,,,
2025,4306,GMADA,2025-08-20 00:00:00,,,BA,1,1110105000,48700.0,"HUGO PIEDRA ""HISPANOGRAF"", PRESUPUESTO 1825",G,0,2025-08-20 11:33:44,132,29,000000,,,
2025,4058,GMADA,2025-08-04 00:00:00,,,DELE,2,1110102000,67000.0,"Iriarte Raúl Alberto,presupuesto 15254",G,0,2025-08-04 12:36:59,110,1,000000,,,
2025,4707,GMADA,2025-09-23 00:00:00,,,HOSP,5,1110104000,397757.61,"ALPA MADARIAGA - PRESUPUESTO N° 2-3769 Y 2-3773 (COCINA, LABORATORIO, GUARDIA Y PEDIATRIA)",G,0,2025-09-23 13:28:00,131,2,000000,,,
2025,4326,GMADA,2025-08-22 00:00:00,,,000SU,25,1110118000,1540000.0,"PROV.MORALES ROCIO PRESUP.22/08/2025 REPARACIONES PARA FORD  INFOMARICA KYY317 14000 ASZ490,MERCEDES BENZ IVW614,",G,0,2025-08-22 07:33:29,110,3,000000,,,
2025,4711,GMADA,2025-09-23 00:00:00,,,HOSP,5,1110104000,234210.0,"CASA HARISGARAT - PRESUPUESTO N° 1-1198, 1-1215, 1-1222 Y 1-1225 (COCINA HOGAR E ANCIANOS- MANTENIMIENTO-CAPS BELGRANO- INTERNACION- UTI)",G,0,2025-09-24 10:47:08,131,2,000000,,,
2025,4708,GMADA,2025-09-23 00:00:00,,,HOSP,5,1110104000,68000.0,IMPRENTA EL ARGENTINO - PRESUPUESTO N° 537 (GUARDIA),G,0,2025-09-24 10:52:29,131,2,000000,,,
2025,5397,GMADA,2025-12-04 00:00:00,,,HOSP,5,1110104000,473274.4,DGM PRESUPUESTO 11107  TONER PARA DIEFERENTES IMPRESORAS DEL HOSPITAL,G,0,2025-12-04 10:22:37,131,2,000000,,,
2025,4710,GMADA,2025-09-23 00:00:00,,,HOSP,5,1110104000,109020.0,IVANPER REPUESTOS - PRESUPUESTO N° 7201 (MOVIL 6 DOMINIO: JQS879),G,0,2025-09-24 10:51:01,131,2,000000,,,
2025,5027,GMADA,2025-10-23 00:00:00,,,GOBHAC,2,1110102000,3050.0,"Matienzo Paola,presupuesto 00003797",G,0,2025-10-23 10:28:23,110,1,000000,,,
2025,5295,GMADA,2025-11-20 00:00:00,,,CULTUR,6,1110105000,200000.0,GARAY FRANCO  EXPTE 1397/25,G,0,2025-11-20 08:18:32,110,3,000000,,,
2025,5352,GMADA,2025-11-28 00:00:00,,,00003,25,1110118000,27400.0,Corresponde presupuesto n ° 000992- TERRANOVA,G,0,2025-11-28 11:13:13,110,SECOP,000000,,,
2025,5394,GMADA,2025-12-04 00:00:00,,,SALA I,5,1110104000,2032800.0,PRESUUESTO 17578 JG ELECTROMEDICINA,G,0,2025-12-04 10:09:44,131,2,000000,,,
2026,1064,GMADA,2026-03-14 00:00:00,,,HOSP,5,1110104000,141000.0,MARZULLO COMPUTACION PRESUPUESTO 12/03/2026 TONER PARA OFINA DIRECCION MEDICAS - DIRECCION ADMINITRATICA - OFICINA PERSONAL,G,0,2026-03-14 10:46:20,131,2,000000,,,
2026,591,GMADA,2026-02-06 00:00:00,,,INGPU,19,1110112000,24000.2,"Matienzo Paola ,presupuesto 00003872",G,0,2026-02-06 10:12:22,110,1,000000,,,
2026,1061,GMADA,2026-03-14 00:00:00,,,HOSP,5,1110104000,160000.0,BATERIA LA PRIMERA PRESUPUESTO 7036 AMBULANCIA DOMINIO KYV365,G,0,2026-03-14 09:28:47,131,2,000000,,,
2026,627,GMADA,2026-02-10 00:00:00,,,INGPU,19,1110112000,20654.2,"Suc. D´annunzio Jorge Neldo,presupuesto 00030129",G,0,2026-02-10 10:58:06,110,1,000000,,,
2025,4270,GMADA,2025-08-18 00:00:00,,,ACCSOC,7,1110106000,400000.0,"PRESUPUESTO de María Cristina Uthurburu de CASA MEOQUI""  Feto de 22 semanas",G,0,2025-08-18 10:27:18,132,4,000000,,,
2025,4456,GMADA,2025-09-03 00:00:00,,,000SU,25,1110118000,291500.0,PROV. ZUBIAURRE DANIEL PRESUP.3029 REPUESTO PARA FORD RANGER FSL723 IVECO PJY978,G,0,2025-09-03 11:11:09,110,3,000000,,,
2025,4512,GMADA,2025-09-05 00:00:00,,,GRAN,7,1110106000,66000.0,"PRESUPUESTO N° X 6041838 de ""IGLESIAS FEDERICO"" Para consumo  de los internos y personal de la granja de contención",G,0,2025-09-05 11:28:38,110,GRAN,000000,,,
2025,4679,GMADA,2025-09-22 00:00:00,,,AREAJ,2,1110102000,138202.53,"PRESUPUESTO 8847, GRUPO UNIVECO",G,0,2025-09-22 11:48:55,110,23,000000,,,
2025,4647,GMADA,2025-09-17 00:00:00,,,HOSP,5,1110104000,1046100.66,PINAMARA HIGIENE INSTITUCIONAL SRL. PRESUPUESTO Nº 0004-00001282.LAVADERO.. MANTENIMIENTO DE 3 LAVADORAS Y UNA SECADORA.,G,0,2025-09-17 10:43:23,131,2,000000,,,
2025,4677,GMADA,2025-09-22 00:00:00,,,CULTUR,1,1110105000,750000.0,"PRESUPUESTO 014175, TORNERIA KESSLER",G,0,2025-09-22 09:18:09,132,5,000000,,,
2025,4992,GMADA,2025-10-21 00:00:00,,,000SU,25,1110118000,1083701.44,PROV. TRACKMAR PRESP.799744  CUCHILLAS PARA MOTONIVELADORA NEW HOLLAND CII59 Y VOLVO G710,G,0,2025-10-21 08:00:14,110,3,000000,,,
2025,4694,GMADA,2025-09-23 00:00:00,,,SECSEG,20,1110113000,90800.0,"Ivanper, presupuesto 7216 (AF173LN)",G,0,2025-09-23 09:07:43,110,25,000000,,,
2025,4991,GMADA,2025-10-21 00:00:00,,,DECI,25,1110118000,24780.09,PROV.ALPA PRESUP.3790 PARA DEFENSA CIVIL,G,0,2025-10-21 07:50:06,110,DEFCI,000000,,,
2025,5006,GMADA,2025-10-21 00:00:00,,,BARU,25,1110118000,3454500.0,PROV. CASA ELICEIRY GAS OIL PARA MAQUINAS PREDIO DISPOSICION FINAL DE RESIDUOS RUTA 11 KM 405.5,G,0,2025-10-21 11:56:24,132,,000000,,,
2025,5187,GMADA,2025-11-07 00:00:00,,,HOSP,5,1110104000,18000.0,NEUMATICOS PASO. AGUSTIN PASO. PRESUPUESTO Nº 0001-00003894.FORD KA  AC 548 KJ.,G,0,2025-11-07 08:04:31,131,2,000000,,,
2025,5004,GMADA,2025-10-21 00:00:00,,,000SU,25,1110118000,9525600.0,PROV.  CASA ELICEIRY GAS OIL PARA MAQUINAS Y  VEHICULOS DE ESTAS  SECRETARIA,G,0,2025-11-18 10:54:31,132,3,000000,,,
2025,5186,GMADA,2025-11-07 00:00:00,,,HOSP,5,1110104000,80000.0,FABRIMAR. BASTIT ROBERTO MARCELO. PRESUPUESTO Nº 00000290.AMBULANCIA N º 5 DOMIONIO KYV 365.,G,0,2025-11-07 07:26:21,131,2,000000,,,
2025,5213,GMADA,2025-11-11 00:00:00,,,COC,5,1110104000,54000.0,SANTA PAULA- PRESUPUESTO N° 0001-00002138/2139 (COCINA HOSPITAL) SEMANA DESDE EL 5/11 AL 12/11/2025,G,0,2025-11-11 10:35:59,131,2,000000,,,
2025,5189,GMADA,2025-11-07 00:00:00,,,HOSP,5,1110104000,202000.0,""" TODO CPOLLO"" GONZXALO A. BUSTAMANTE.PRESUPUESTO Nº 0000048.COCINA HOGAR DE ANCIANOS. PERIODO DEL 03/11/25 AL 09/11/25.",G,0,2025-11-07 08:23:50,131,2,000000,,,
2025,5188,GMADA,2025-11-07 00:00:00,,,HOSP,5,1110104000,414250.0,""" TODO POLLO"" GONZALO A. BUSTAMANTE.PRESUPUESTO Nº 47.COCINA HOSPITAL. PERIODO DEL 03/11/25 AL 09/11/25.",G,0,2025-11-07 08:14:42,131,2,000000,,,
2025,5323,GMADA,2025-11-25 00:00:00,,,CAS,3,1110111000,5381234.0,Corresponde contrato Von Saldern German -,G,0,2025-11-25 10:34:40,131,6,000000,,,
2025,5248,GMADA,2025-11-13 00:00:00,,,HOSP,5,1110104000,277910.0,"CASA HARISGARAT. TATANO HARISGARAT SRL.PRESUPUESTO Nº 0001-00001249.PEDIATRIA,CAPS BELGRANO,HOG.",G,0,2025-11-13 08:17:10,131,2,000000,,,
2025,5261,GMADA,2025-11-14 00:00:00,,,TURIS,1,1110105000,1600000.0,MELISA PINTO   EXPTE 3241/25,G,0,2025-11-14 12:18:24,110,TURIS,000000,,,
2025,5255,GMADA,2025-11-13 00:00:00,,,BROM,5,1110104000,127480.0,CASA HARISGARAT. TATANO HARISGARAT SRL.PRESUPUESTO Nº 0001-00001001.BROMATOLOGIA.,G,0,2025-11-13 13:19:38,110,13,000000,,,
2025,5282,GMADA,2025-11-18 00:00:00,,,HOSP,5,1110104000,6520000.0,EXPEDIENTE 2545/25 CONTRATO CON EL SR BUGIOLACHI JORGE ADRIAN DESDE EL 1/10/2025 HASTA EL 31/10/2025 INCLUSIVE,G,0,2025-11-18 09:09:24,131,2,000000,,,
2025,5291,GMADA,2025-11-19 00:00:00,,,HOSP,5,1110104000,178887.17,INSUMOS GENERALES 3F -  PRESUPUESTO N° 17/11/2025 (FARMACIA),G,0,2025-11-19 09:24:38,131,2,000000,,,
2025,5293,GMADA,2025-11-19 00:00:00,,,COC,5,1110104000,958611.0,MADA POY S.A- PRESUPUESTO N° 0001-00000926 (COCINA) SEMANA DESDE EL 14/11/2025 HASTA EL 21/11/2025,G,0,2025-11-19 12:55:41,131,2,000000,,,
2025,5328,GMADA,2025-11-25 00:00:00,,,AREAJ,2,1110102000,105000.0,Corresponde presupuesto N° 10402 - JUAN MANUEL SUAREZ,G,0,2025-11-25 12:53:14,132,23,000000,,,
2025,5334,GMADA,2025-11-26 00:00:00,,,ENV,7,1110106000,318500.0,"Expte N° 159/25 Pryectos de Talleres Programa Envión PRESUPUESTO N° X 6976062 de Rost, Tamara  de ""FRUTERIA NEGRIN""",G,0,2025-11-26 10:47:50,110,CASA,000000,,,
2025,5327,GMADA,2025-11-25 00:00:00,,,CONTRA,19,1110112000,309640.26,Corresponde presupuesto N° 0002-00003813/0002-00003809/0002-00003810  MATIENZO PAOLA,G,0,2025-12-05 12:13:27,110,CONTR,000000,,,
2025,5333,GMADA,2025-11-26 00:00:00,,,ACCSOC,7,1110106000,1618500.0,"PRESUPUESTO N° X 6976061 de Rost, Tamara de ""FRUTERIA NEGRIN"" Plan alimentario 2025",G,0,2025-11-26 10:31:03,132,4,000000,,,
2025,4141,GMADA,2025-08-07 00:00:00,,,HOSP,5,1110104000,418000.0,REPUESTOS LC DE NOWE CAROLINA- PRESPUESTO N° 586 DOMINIO KYV732 FORD RANGER,G,0,2025-08-07 11:18:35,131,2,000000,,,
2025,4138,GMADA,2025-08-07 00:00:00,,,HOGANC,5,1110104000,90157.83,PINAMAR HIGIENE INSTTUCIONAL SRL- PRESUPUESTO N° 0016-00001915 (HOGAR DE ANCIANOS),G,0,2025-08-07 10:39:59,131,2,000000,,,
2026,189,GMADA,2026-01-08 00:00:00,,,000SU,25,1110118000,1687979.86,"PROV. MERCEDES LA PLATA PRESUP.186855 REPUESTOS PARA  LAN557, IVW614, DMI232,",G,0,2026-01-08 10:22:43,110,3,000000,,,
2025,4140,GMADA,2025-08-07 00:00:00,,,HOSP,5,1110104000,228663.19,PINAMAR HIGIENE INSTITUCIONAL SRL- PRESUPUESTO N° 0016-00001916 (OFFICE DE MUCAMAS),G,0,2025-08-07 11:13:31,131,2,000000,,,
2025,4867,GMADA,2025-10-07 00:00:00,,,000SU,25,1110118000,94277.67,"PROV.JORGE FLORES PRESUP.26736,3419 PARA VIVERO MUNICIAPL Y CONDUCCION DE RAIZ SEGUN EXPT.1821/24",G,0,2025-10-07 07:56:11,110,3,000000,,,
2025,4142,GMADA,2025-08-07 00:00:00,,,LAB,5,1110104000,1557627.6,UNO ELECTROMEDICINA- PRESUPUESTO N° 00003-00013366 (LABORATORIO),G,0,2025-08-07 11:35:06,131,2,000000,,,
2025,4875,GMADA,2025-10-07 00:00:00,,,000SU,25,1110118000,11432000.0,PROV. CASA ELICEIRY GAS OIL PARA MAQUINAS Y VEHICULOS DE ESTA SECRETARIA,G,0,2025-10-07 10:57:00,132,3,000000,,,
2025,5387,GMADA,2025-12-03 00:00:00,,,GOBHAC,2,1110102000,546400.0,"PRESUPUESTO 198, EMPRESA DE TRANSPORTE 12 DE OCTUBRE",G,0,2025-12-03 08:27:56,110,1,000000,,,
2025,5392,GMADA,2025-12-04 00:00:00,,,DEP,13,1110109000,33180.03,"ENDOSO POLIZA 19090, IAM",G,0,2025-12-04 07:46:15,110,9,000000,,,
2026,185,GMADA,2026-01-08 00:00:00,,,18C,25,1110118000,120000.0,PROV.. HARSIGARAT ALEJANDRO PRESUP 08.01.26 REPARACION ELECTRICA EN CEMENTERIO,G,0,2026-01-08 08:55:28,110,3,000000,,,
2026,276,GMADA,2026-01-13 00:00:00,,,DIRINF,22,1110115000,2200997.5,Corresponde cotización N° 0001-00166400 FUTURE GRAPHICS LLC ARGENTINA S.A,G,0,2026-01-13 11:26:29,110,INFOR,000000,,,
2026,1062,GMADA,2026-03-14 00:00:00,,,HOSP,5,1110104000,600000.0,MARZULLO COMPUTACION PRESUPUESTO 14/03/2026 CPU PARA AREA PROGRAMATICA,G,0,2026-03-14 09:40:29,131,2,000000,,,
2026,1073,GMADA,2026-03-16 00:00:00,,,OPP,3,1110103000,5400000.0,Exp.:1692/25 Contrato Personal Tecnico Medio Ambiente - Prov.:Ing. Fernandes Anabela - Contrato,N,0,2026-03-16 12:14:34,110,35,000000,,,
2026,1067,GMADA,2026-03-14 00:00:00,,,107,5,1110104000,26800.0,PRESUPUESTO 817 MARTIN FERNADNDO  ROUTER PARA OFICINA 107 Y GUARDIA MEDICA,G,0,2026-03-16 08:00:22,131,2,000000,,,
2025,3415,GMADA,2025-06-24 00:00:00,,,OPP,3,1110103000,48000.0,Exp.:1398/25 Ref. Acondicionamiento de Vivienda Familiar de Alma Mía Basualdo - Prov.:Orellana Sebastian - Presup.:0308,G,0,2025-06-24 07:52:20,110,35,000000,,,
2025,2852,GMADA,2025-05-20 00:00:00,,,ENV,7,1110106000,32000.0,"Expte Nº 159/25 PRESUPUESTO Nº 0254 de ""Barraca Maribel"". Proyecto de Talleres Programa Envión. Taller de carpinteria",G,0,2025-05-20 08:19:51,110,CASA,000000,,,
2025,3264,GMADA,2025-06-11 00:00:00,,,ACCSOC,7,1110106000,760000.0,"PRESUPUESTO N° X 7390219  de Sergio Peyrano de ""Atmósferico La Primera""",G,0,2025-06-11 08:57:48,110,4,000000,,,
2025,3421,GMADA,2025-06-24 00:00:00,,,OPP,3,1110103000,153220.0,Exp.:1485/25 Ref. Acta de Entrega y de Constatación de Inmueble - Juzgado de Paz Letrado Gral. Madariaga - Prov.:Casa Harisgarat - Presup.:01162,G,0,2025-08-08 08:41:00,110,35,000000,,,
2025,3416,GMADA,2025-06-24 00:00:00,,,OPP,3,1110103000,282850.0,Exp.:1398/25 Ref. Acondicionamiento de Vivienda Familiar de Alma Mía Basualdo - Prov.:Casa Harisgarat - Presup.:1151;1153;1157,G,0,2025-06-24 08:00:42,110,35,000000,,,
2025,3417,GMADA,2025-06-24 00:00:00,,,OPP,3,1110103000,550000.0,Exp.:1398/25 Ref. Acondicionamiento de Vivienda Familiar de Alma Mía Basualdo - Prov.:Garcia Alfredo - Presup.:Contrato,G,0,2025-06-24 08:07:21,110,35,000000,,,
2025,3429,GMADA,2025-06-24 00:00:00,,,OPP,3,1110103000,117878.0,Exp.:1811/21 PREIMBA- PROYECTO PARQUE DE LA ESTACIÓN - Prov.:Casa Harisgarat - Presup.:981;982,G,0,2025-06-24 09:23:37,110,35,000000,,,
2025,3423,GMADA,2025-06-24 00:00:00,,,OPP,3,1110103000,65000.0,Prov.:Marzullo Computacion - Presup.:01275,G,0,2025-06-24 08:59:58,110,35,000000,,,
2025,3594,GMADA,2025-07-02 00:00:00,,,DEP,13,1110109000,44000.0,PRESUPUESTO N°14882 - CAMPO Y CIUDAD / MATERIALES PARA TRABAJOS EN EL ESTADIO MUNICIPAL FRANCISCO ALCUAZ,G,0,2025-07-02 08:25:10,110,9,000000,,,
2025,3555,GMADA,2025-07-01 00:00:00,,,HOSP,5,1110104000,434150.0,"SERVIMED- PRESUPUESTO N° 40473 (PEDIATRIA, AMBULANCIA)",G,0,2025-07-01 10:36:10,131,2,000000,,,
2025,3556,GMADA,2025-07-01 00:00:00,,,QUI,5,1110104000,155100.0,PEREZ SANTIAGO-  PRESUPUESTO N° 1/07/2025 (QUIROFANO),G,0,2025-07-01 10:46:55,131,2,000000,,,
2025,3565,GMADA,2025-07-01 00:00:00,,,HOSP,5,1110104000,435600.0,AIR LIQUIDE- PRESUPUESTO N° 1413 ALQUILER DE EQUIPOS DE ALTO FUJO DESDE FEBRERO HASTA MAYO/2025 INCLUSIVE,N,0,2025-07-01 13:25:41,131,2,000000,,,
2025,3589,GMADA,2025-07-02 00:00:00,,,DEP,13,1110109000,30000.0,PRESUPUESTO N°14861 - CAMPO Y CIUDAD,G,0,2025-07-02 07:59:54,110,9,,,,
2025,3596,GMADA,2025-07-02 00:00:00,,,DEP,13,1110109000,18692.44,PRESUPUESTO N° 03690 - ALPA MADARIAGA,G,0,2025-07-02 08:41:31,110,9,000000,,,
2025,3598,GMADA,2025-07-02 00:00:00,,,DEP,13,1110109000,100468.5,"PRESUPUESTO N° 05527 - PIINTURERIA Y FERRETERIA ""TODO COLOR"" / MATERIALES PARA TRABAJOS EN ESTADIO MUNICIPAL FRANCISCO ALCUAZ",G,0,2025-07-02 09:00:16,110,9,000000,,,
2025,3595,GMADA,2025-07-02 00:00:00,,,DEP,13,1110109000,96000.0,PRESUPUESTO N° 14858 - CAMPO Y CIUDAD / MATERIALES PARA TRABAJOS EN EL PREDIO MUNICIPAL Y MAQUINARIAS,G,0,2025-07-02 08:29:15,110,9,000000,,,
2025,3601,GMADA,2025-07-02 00:00:00,,,DEP,13,1110109000,125659.0,"PRESUPUESTO N° 5513 - PINTURERIA Y FERRETERIA ""TODO COLOR"" / MATERIALES PARA TRABAJOS EN EL ESTADIO FRANCISCO ALCUAZ",G,0,2025-07-02 09:21:58,110,9,000000,,,
2025,3597,GMADA,2025-07-02 00:00:00,,,DEP,13,1110109000,257500.0,PRESUPUESTO N° 0127 - MOTOMAQUINARIAS LUIS / REPARACION Y MATENIMIENTO DE MAQUINAS PARA CORTAR CESPED EN EL PREDIO MUNICIPAL,G,0,2025-07-02 08:52:09,110,9,000000,,,
2025,3603,GMADA,2025-07-02 00:00:00,,,DEP,13,1110109000,32000.0,PRESUPUESTO N° 6734 - BATERIAS LA PRIMERA / ACEITE PARA MAQUINA DE CORTAR CESPED,N,0,2025-07-02 09:27:58,110,9,000000,,,
2025,3599,GMADA,2025-07-02 00:00:00,,,DEP,13,1110109000,50694.0,"PRESUPUESTO N° 5521 - PINTURERIA Y FERRETERIA ""TODO COLOR"" / MATERIALES PARA TRABAJOS EN EL POLIDEPORTIVO MUNICIPAL",G,0,2025-07-02 09:06:07,110,9,000000,,,
2025,3613,GMADA,2025-07-02 00:00:00,,,DEP,13,1110109000,40000.0,PRESUPUESTO N° 6704 - BATERIAS LA PRIMERA / ACEITE MOTOR PARA TRACTORES DE CORTAR CESPED,N,0,2025-07-02 12:39:55,110,9,000000,,,
2025,3602,GMADA,2025-07-02 00:00:00,,,DEP,13,1110109000,30160.0,PESUPUESTO N° 1099 - AGROVETERINARIA MARZULLO / HERBICIDAS PARA ELIMINACION DE PLAGAS EN EL ESTADIO MUNICIPAL FRANCISCO ALCUAZ,G,0,2025-07-02 09:24:19,110,9,000000,,,
2025,3662,GMADA,2025-07-07 00:00:00,,,DDS,7,1110106000,9900.0,"PRESUPUESTO N° 00006711 de ""IVANPER, Repuestos"" Para hacer puente en las baterias  de las camionetas del aréa de prestaciones",G,0,2025-07-07 12:38:10,110,4,000000,,,
2025,3611,GMADA,2025-07-02 00:00:00,,,DEP,13,1110109000,54999.0,PRESUPUESTO N°0214 - CLAVERIE HOGAR / PAVA ELECTRICA PARA OFICINA,G,0,2025-07-02 12:01:40,110,9,000000,,,
2025,3661,GMADA,2025-07-07 00:00:00,,,ACCSOC,7,1110106000,45000.0,PRESUPUESTO  de Carlos ALberto Medina Para generador de la cuadrilla.,G,0,2025-07-07 09:01:04,110,4,000000,,,
2025,3663,GMADA,2025-07-07 00:00:00,,,ACCSOC,7,1110106000,156000.0,"PRESUPUESTO N° X 1342369 de Gladys García de ""Panadería Alem"" Esfuerzo Solidario junio 2025",G,0,2025-07-07 09:18:57,132,4,000000,,,
2025,3673,GMADA,2025-07-07 00:00:00,,,ACCSOC,7,1110106000,740000.0,"PRESUPUESTO N° X 7848542 de Tamara Rost de ""Frutería Negrín"" Programa dietas 2025",G,0,2025-07-07 10:05:23,132,4,000000,,,
2025,3668,GMADA,2025-07-07 00:00:00,,,ACCSOC,7,1110106000,224000.0,"PRESUPUESTO N° X 7848541 de Tamara Rost de ""Frutería Negrín"" Esfuerzo Solidario 2025",G,0,2025-07-07 09:36:49,132,4,000000,,,
2025,3676,GMADA,2025-07-07 00:00:00,,,ACCSOC,7,1110106000,79532.0,"PRESUPUESTO N° 00005508  de Silvia  Beatriz Maistegui de ""PINTURERIA - FERRETERIA TODO COLOR"" Para prestaciones, la bloquera, la cuadrilla, casita de chocolate",G,0,2025-07-11 10:26:51,110,4,000000,,,
2025,3675,GMADA,2025-07-07 00:00:00,,,ACCSOC,7,1110106000,25000.0,"PRESUPUESTO N° 0001-00014868/14871 de Raúl Alberto Iriarte de ""PROVEDURIA Campo y Ciudad"" Para la bloquera",G,0,2025-07-07 10:27:03,110,4,000000,,,
2025,3674,GMADA,2025-07-07 00:00:00,,,ACCSOC,7,1110106000,18000.0,"PRESUPUESTO N° 0001-00014869 de Raúl Alberto Iriarte de ""PROVEDURIA Campo y Ciudad"" Sr. Gonzalez, Gustavo",G,0,2025-07-07 10:23:26,110,4,000000,,,
2025,4395,GMADA,2025-08-28 00:00:00,,,JARD,7,1110106000,8900.0,"PRESUPUESTO N° 000972 de Terranova, Lucas Hernán de ""TERRANOVAQUIMICA"" Para la Casita de Chocolate se lava toallas, sábanas, repasadores, ect.",G,0,2025-08-28 12:30:33,132,JARDM,000000,,,
2025,4394,GMADA,2025-08-28 00:00:00,,,ACCSOC,7,1110106000,1089000.0,"PRESUPUESTO de ""CARRERA M. VALENTIN"" Plan Diabéticos Agosto 2025",G,0,2025-08-28 12:25:46,132,4,000000,,,
2025,4396,GMADA,2025-08-28 00:00:00,,,ACCSOC,7,1110106000,48400.0,"PRESUPUESTO N° 1827 de ""HISPANOGRAF"" Flyders y afiches de Familias Solidarias",G,0,2025-08-28 12:45:19,110,4,000000,,,
2025,3677,GMADA,2025-07-07 00:00:00,,,ENV,7,1110106000,116240.0,"Expte N| 159/25  Proyecto Talleres  Programa Envión .PRESUPUESTO N° 00005514 de Silvia Beatriz Maistegui de ""PINTURERIA - FERRETERIA TODO COLOR"" Taller de carpintería",G,0,2025-07-11 10:22:09,110,CASA,000000,,,
2025,3679,GMADA,2025-07-07 00:00:00,,,ACCSOC,7,1110106000,790000.0,"PRESUPUESTO de María Cristina Uthurburu de ""CASA MEOQUI"" Sra. Russo, Antonia María fallecida el 23 de junio 2025 DNI F 3.660.342",G,0,2025-07-07 11:38:40,110,4,000000,,,
2025,3779,GMADA,2025-07-14 00:00:00,,,HOSP,5,1110104000,216734.43,PAPELERA ALPA - PRESUPUESTO N° 2-3700 Y 2-3704 (COCINA Y HOGAR DE ANCIANOS),G,0,2025-07-14 13:54:27,131,2,000000,,,
2025,3782,GMADA,2025-07-14 00:00:00,,,HOSP,5,1110104000,687410.55,DURANTE JAVIER - PRESUPUESTO N° 1-718 Y 1-723 (HOSPITAL Y HOGAR),G,0,2025-07-15 09:25:01,131,2,000000,,,
2025,3780,GMADA,2025-07-14 00:00:00,,,LAV,5,1110104000,55043.53,PINAMAR HIGIENE INSTITUCIONAL - PRESUPUESTO N° 16-1851 (LAVADERO HOSPITAL),G,0,2025-07-14 11:53:55,131,2,000000,,,
2025,3781,GMADA,2025-07-14 00:00:00,,,COC,5,1110104000,1927170.55,DURANTE JAVIER - PRESUPUESTO N° 1-719 (COCINA HOSPITAL),G,0,2025-07-14 13:55:48,131,2,000000,,,
2025,3854,GMADA,2025-07-18 00:00:00,,,ACCSOC,7,1110106000,1480000.0,"PRESUPUESTO de María Cristina Uthurburu de ""CASA MEOQUI"" Sra. Mendez, Yolanda fallecida el 24 de mayo 2025F 1.555.732 - Sr. Diaz, Romulo Raúl fallecido el 02 de junio 2025 M 5.330.048",G,0,2025-07-18 10:13:12,110,4,000000,,,
2025,3371,GMADA,2025-06-19 00:00:00,,,CASA,1,1110105000,29700.0,HISPANOGRAF    PRESUPUESTO N° 1789,G,0,2025-06-19 07:43:19,110,CACUL,000000,,,
2025,3370,GMADA,2025-06-19 00:00:00,,,CASA,1,1110105000,19800.0,HISPANOGRAF      PRESUPUESTO N° 1785,G,0,2025-06-19 07:40:10,110,CACUL,000000,,,
